date,coin,news_count,pos,neu,neg,mean_sentiment
2017-08-17,BTC,6,0,6,0,0
2017-08-17,ETH,1,0,1,0,0
2017-08-18,BTC,7,0,7,0,0
2017-08-18,ETH,2,0,2,0,0
2017-08-19,BTC,4,0,4,0,0
2017-08-19,ETH,1,0,1,0,0
2017-08-20,BTC,1,0,1,0,0
2017-08-21,BTC,3,0,3,0,0
2017-08-22,BTC,5,0,5,0,0
2017-08-22,ETH,1,0,1,0,0
2017-08-23,BTC,5,0,5,0,0
2017-08-23,ETH,3,0,3,0,0
2017-08-24,BTC,9,0,9,0,0
2017-08-24,ETH,1,0,1,0,0
2017-08-25,BTC,4,0,4,0,0
2017-08-25,ETH,3,0,3,0,0
2017-08-26,BTC,3,0,3,0,0
2017-08-26,ETH,1,0,1,0,0
2017-08-28,BTC,3,0,3,0,0
2017-08-29,BTC,2,0,2,0,0
2017-08-29,ETH,3,0,3,0,0
2017-08-30,BTC,2,0,2,0,0
2017-08-30,ETH,1,0,1,0,0
2017-08-31,BTC,2,0,2,0,0
2017-08-31,ETH,1,0,1,0,0
2017-09-01,BTC,5,0,5,0,0
2017-09-01,ETH,1,0,1,0,0
2017-09-02,BTC,1,0,1,0,0
2017-09-03,BTC,3,0,3,0,0
2017-09-03,ETH,1,0,1,0,0
2017-09-04,BTC,3,0,3,0,0
2017-09-04,ETH,1,0,1,0,0
2017-09-05,BTC,2,0,2,0,0
2017-09-06,ETH,1,0,1,0,0
2017-09-07,BTC,1,0,1,0,0
2017-09-07,ETH,1,0,1,0,0
2017-09-08,BTC,2,0,2,0,0
2017-09-08,ETH,1,0,1,0,0
2017-09-09,BTC,3,0,3,0,0
2017-09-09,ETH,4,0,4,0,0
2017-09-10,BTC,1,0,1,0,0
2017-09-10,ETH,1,0,1,0,0
2017-09-11,BTC,3,0,3,0,0
2017-09-12,BTC,3,0,3,0,0
2017-09-12,ETH,2,0,2,0,0
2017-09-13,BTC,5,0,5,0,0
2017-09-13,ETH,1,0,1,0,0
2017-09-14,BTC,4,0,4,0,0
2017-09-14,ETH,2,0,2,0,0
2017-09-15,BTC,7,0,7,0,0
2017-09-15,ETH,2,0,2,0,0
2017-09-16,BTC,1,0,1,0,0
2017-09-16,ETH,1,0,1,0,0
2017-09-17,ETH,1,0,1,0,0
2017-09-18,BTC,6,0,6,0,0
2017-09-18,ETH,1,0,1,0,0
2017-09-19,BTC,5,0,5,0,0
2017-09-19,ETH,2,0,2,0,0
2017-09-20,BTC,4,0,4,0,0
2017-09-20,ETH,1,0,1,0,0
2017-09-21,BTC,2,0,2,0,0
2017-09-21,ETH,2,0,2,0,0
2017-09-22,BTC,7,0,7,0,0
2017-09-22,ETH,2,0,2,0,0
2017-09-23,BTC,3,0,3,0,0
2017-09-23,ETH,1,0,1,0,0
2017-09-24,BTC,2,0,2,0,0
2017-09-24,ETH,2,0,2,0,0
2017-09-25,BTC,5,0,5,0,0
2017-09-26,BTC,3,0,3,0,0
2017-09-26,ETH,2,0,2,0,0
2017-09-27,BTC,6,0,6,0,0
2017-09-27,ETH,1,0,1,0,0
2017-09-28,BTC,5,0,5,0,0
2017-09-28,ETH,3,0,3,0,0
2017-09-29,BTC,5,0,5,0,0
2017-09-29,ETH,4,0,4,0,0
2017-09-30,BTC,2,0,2,0,0
2017-09-30,ETH,1,0,1,0,0
2017-10-01,BTC,1,0,1,0,0
2017-10-01,ETH,1,0,1,0,0
2017-10-03,BTC,1,0,1,0,0
2017-10-03,ETH,1,0,1,0,0
2017-10-04,BTC,3,0,3,0,0
2017-10-04,ETH,3,0,3,0,0
2017-10-05,BTC,2,0,2,0,0
2017-10-05,ETH,1,0,1,0,0
2017-10-06,BTC,6,0,6,0,0
2017-10-06,ETH,1,0,1,0,0
2017-10-07,BTC,3,0,3,0,0
2017-10-07,ETH,3,0,3,0,0
2017-10-09,BTC,3,0,3,0,0
2017-10-09,ETH,2,0,2,0,0
2017-10-10,BTC,5,0,5,0,0
2017-10-10,ETH,2,0,2,0,0
2017-10-11,BTC,8,0,8,0,0
2017-10-11,ETH,5,0,5,0,0
2017-10-12,BTC,13,0,13,0,0
2017-10-12,ETH,5,0,5,0,0
2017-10-13,BTC,6,0,6,0,0
2017-10-13,ETH,3,0,3,0,0
2017-10-14,BTC,3,0,3,0,0
2017-10-14,ETH,3,0,3,0,0
2017-10-15,ETH,1,0,1,0,0
2017-10-16,BTC,3,0,3,0,0
2017-10-16,ETH,5,0,5,0,0
2017-10-17,BTC,5,0,5,0,0
2017-10-17,ETH,4,0,4,0,0
2017-10-18,BTC,3,0,3,0,0
2017-10-18,ETH,7,0,7,0,0
2017-10-19,BTC,2,0,2,0,0
2017-10-19,ETH,3,0,3,0,0
2017-10-20,BTC,5,0,5,0,0
2017-10-20,ETH,2,0,2,0,0
2017-10-21,BTC,4,0,4,0,0
2017-10-22,ETH,1,0,1,0,0
2017-10-23,BTC,4,0,4,0,0
2017-10-23,ETH,1,0,1,0,0
2017-10-24,BTC,9,0,9,0,0
2017-10-24,ETH,1,0,1,0,0
2017-10-25,BTC,8,0,8,0,0
2017-10-25,ETH,2,0,2,0,0
2017-10-26,BTC,8,0,8,0,0
2017-10-26,ETH,6,0,6,0,0
2017-10-27,BTC,9,0,9,0,0
2017-10-27,ETH,1,0,1,0,0
2017-10-28,BTC,5,0,5,0,0
2017-10-28,ETH,1,0,1,0,0
2017-10-30,BTC,6,0,6,0,0
2017-10-30,ETH,2,0,2,0,0
2017-10-31,BTC,11,0,11,0,0
2017-10-31,ETH,2,0,2,0,0
2017-11-01,BTC,9,0,9,0,0
2017-11-01,ETH,3,0,3,0,0
2017-11-02,BTC,9,0,9,0,0
2017-11-02,ETH,4,0,4,0,0
2017-11-03,BTC,7,0,7,0,0
2017-11-03,ETH,3,0,3,0,0
2017-11-04,BTC,2,0,2,0,0
2017-11-04,ETH,2,0,2,0,0
2017-11-05,BTC,3,0,3,0,0
2017-11-06,BTC,6,0,6,0,0
2017-11-06,ETH,3,0,3,0,0
2017-11-07,BTC,10,0,10,0,0
2017-11-07,ETH,4,0,4,0,0
2017-11-08,BTC,8,0,8,0,0
2017-11-08,ETH,2,0,2,0,0
2017-11-09,BTC,10,0,10,0,0
2017-11-09,ETH,4,0,4,0,0
2017-11-10,BTC,8,0,8,0,0
2017-11-10,ETH,1,0,1,0,0
2017-11-11,BTC,7,0,7,0,0
2017-11-11,ETH,3,0,3,0,0
2017-11-12,BTC,2,0,2,0,0
2017-11-12,ETH,1,0,1,0,0
2017-11-13,BTC,8,0,8,0,0
2017-11-13,ETH,2,0,2,0,0
2017-11-14,BTC,12,0,12,0,0
2017-11-15,BTC,9,0,9,0,0
2017-11-15,ETH,3,0,3,0,0
2017-11-16,BTC,10,0,10,0,0
2017-11-16,ETH,4,0,4,0,0
2017-11-17,BTC,13,0,13,0,0
2017-11-17,ETH,2,0,2,0,0
2017-11-18,BTC,7,0,7,0,0
2017-11-18,ETH,2,0,2,0,0
2017-11-19,BTC,4,0,4,0,0
2017-11-19,ETH,1,0,1,0,0
2017-11-20,BTC,14,0,14,0,0
2017-11-20,ETH,3,0,3,0,0
2017-11-21,BTC,13,0,13,0,0
2017-11-21,ETH,3,0,3,0,0
2017-11-22,BTC,10,0,10,0,0
2017-11-22,ETH,2,0,2,0,0
2017-11-23,BTC,9,0,9,0,0
2017-11-23,ETH,2,0,2,0,0
2017-11-24,BTC,7,0,7,0,0
2017-11-24,ETH,5,0,5,0,0
2017-11-25,BTC,6,0,6,0,0
2017-11-25,ETH,2,0,2,0,0
2017-11-26,BTC,8,0,8,0,0
2017-11-26,ETH,1,0,1,0,0
2017-11-27,BTC,13,0,13,0,0
2017-11-27,ETH,2,0,2,0,0
2017-11-28,BTC,14,0,14,0,0
2017-11-28,ETH,2,0,2,0,0
2017-11-29,BTC,11,0,11,0,0
2017-11-29,ETH,3,0,3,0,0
2017-11-30,BTC,18,0,18,0,0
2017-11-30,ETH,2,0,2,0,0
2017-12-01,BTC,18,0,18,0,0
2017-12-01,ETH,3,0,3,0,0
2017-12-02,BTC,6,0,6,0,0
2017-12-02,ETH,2,0,2,0,0
2017-12-03,BTC,8,0,8,0,0
2017-12-03,ETH,2,0,2,0,0
2017-12-04,BTC,8,0,8,0,0
2017-12-04,ETH,3,0,3,0,0
2017-12-05,BTC,13,0,13,0,0
2017-12-05,ETH,3,0,3,0,0
2017-12-06,BTC,15,0,15,0,0
2017-12-06,ETH,6,0,6,0,0
2017-12-07,BTC,12,0,12,0,0
2017-12-07,ETH,3,0,3,0,0
2017-12-08,BTC,15,0,15,0,0
2017-12-08,ETH,3,0,3,0,0
2017-12-09,BTC,10,0,10,0,0
2017-12-09,ETH,1,0,1,0,0
2017-12-10,BTC,4,0,4,0,0
2017-12-10,ETH,2,0,2,0,0
2017-12-11,BTC,11,0,11,0,0
2017-12-11,ETH,3,0,3,0,0
2017-12-12,BTC,15,0,15,0,0
2017-12-12,ETH,1,0,1,0,0
2017-12-13,BTC,15,0,15,0,0
2017-12-13,ETH,4,0,4,0,0
2017-12-13,LTC,3,0,3,0,0
2017-12-14,BTC,14,0,14,0,0
2017-12-14,ETH,2,0,2,0,0
2017-12-15,BTC,10,0,10,0,0
2017-12-15,ETH,4,0,4,0,0
2017-12-16,BTC,8,0,8,0,0
2017-12-16,ETH,2,0,2,0,0
2017-12-17,BTC,5,0,5,0,0
2017-12-17,ETH,1,0,1,0,0
2017-12-18,BTC,7,0,7,0,0
2017-12-18,ETH,1,0,1,0,0
2017-12-18,LTC,1,0,1,0,0
2017-12-19,BTC,19,0,19,0,0
2017-12-19,ETH,2,0,2,0,0
2017-12-20,BTC,13,0,13,0,0
2017-12-20,ETH,2,0,2,0,0
2017-12-20,LTC,1,0,1,0,0
2017-12-21,BTC,9,0,9,0,0
2017-12-21,ETH,1,0,1,0,0
2017-12-22,BTC,16,0,16,0,0
2017-12-22,LTC,2,0,2,0,0
2017-12-23,BTC,4,0,4,0,0
2017-12-24,BTC,3,0,3,0,0
2017-12-24,ETH,1,0,1,0,0
2017-12-25,BTC,1,0,1,0,0
2017-12-26,BTC,2,0,2,0,0
2017-12-26,ETH,1,0,1,0,0
2017-12-27,BTC,8,0,8,0,0
2017-12-27,ETH,1,0,1,0,0
2017-12-27,LTC,1,0,1,0,0
2017-12-28,BTC,11,0,11,0,0
2017-12-28,ETH,1,0,1,0,0
2017-12-28,LTC,1,0,1,0,0
2017-12-29,BTC,14,0,14,0,0
2017-12-29,ETH,3,0,3,0,0
2017-12-29,LTC,1,0,1,0,0
2017-12-30,BTC,5,0,5,0,0
2017-12-30,ETH,1,0,1,0,0
2017-12-31,BTC,10,0,10,0,0
2017-12-31,ETH,3,0,3,0,0
2017-12-31,LTC,1,0,1,0,0
2018-01-01,BTC,4,0,4,0,0
2018-01-01,LTC,1,0,1,0,0
2018-01-02,BTC,6,0,6,0,0
2018-01-02,ETH,2,0,2,0,0
2018-01-03,BTC,14,0,14,0,0
2018-01-03,ETH,2,0,2,0,0
2018-01-04,BTC,13,0,13,0,0
2018-01-04,ETH,3,0,3,0,0
2018-01-05,BTC,12,0,12,0,0
2018-01-05,ETH,3,0,3,0,0
2018-01-05,LTC,1,0,1,0,0
2018-01-06,BTC,5,0,5,0,0
2018-01-06,ETH,3,0,3,0,0
2018-01-07,BTC,2,0,2,0,0
2018-01-07,ETH,2,0,2,0,0
2018-01-07,LTC,1,0,1,0,0
2018-01-08,BTC,13,0,13,0,0
2018-01-08,ETH,2,0,2,0,0
2018-01-08,LTC,1,0,1,0,0
2018-01-09,BTC,11,0,11,0,0
2018-01-09,ETH,2,0,2,0,0
2018-01-10,BTC,16,0,16,0,0
2018-01-10,ETH,1,0,1,0,0
2018-01-11,BTC,10,0,10,0,0
2018-01-11,ETH,3,0,3,0,0
2018-01-12,BTC,12,0,12,0,0
2018-01-12,ETH,2,0,2,0,0
2018-01-13,BTC,7,0,7,0,0
2018-01-13,LTC,1,0,1,0,0
2018-01-14,BTC,7,0,7,0,0
2018-01-15,BTC,8,0,8,0,0
2018-01-15,ETH,1,0,1,0,0
2018-01-16,BTC,13,0,13,0,0
2018-01-16,ETH,1,0,1,0,0
2018-01-17,BTC,9,0,9,0,0
2018-01-17,ETH,3,0,3,0,0
2018-01-18,BTC,7,0,7,0,0
2018-01-18,ETH,3,0,3,0,0
2018-01-19,BTC,7,0,7,0,0
2018-01-19,ETH,4,0,4,0,0
2018-01-20,BTC,7,0,7,0,0
2018-01-20,ETH,2,0,2,0,0
2018-01-21,BTC,7,0,7,0,0
2018-01-21,ETH,2,0,2,0,0
2018-01-22,BTC,9,0,9,0,0
2018-01-22,ETH,4,0,4,0,0
2018-01-23,BTC,12,0,12,0,0
2018-01-23,ETH,3,0,3,0,0
2018-01-23,LTC,1,0,1,0,0
2018-01-24,BTC,10,0,10,0,0
2018-01-25,BTC,10,0,10,0,0
2018-01-25,ETH,2,0,2,0,0
2018-01-26,BTC,12,0,12,0,0
2018-01-26,ETH,3,0,3,0,0
2018-01-26,LTC,1,0,1,0,0
2018-01-27,BTC,4,0,4,0,0
2018-01-27,ETH,2,0,2,0,0
2018-01-28,BTC,1,0,1,0,0
2018-01-28,ETH,2,0,2,0,0
2018-01-29,BTC,10,0,10,0,0
2018-01-29,ETH,4,0,4,0,0
2018-01-30,BTC,12,0,12,0,0
2018-01-30,ETH,2,0,2,0,0
2018-01-31,BTC,9,0,9,0,0
2018-01-31,ETH,3,0,3,0,0
2018-02-01,BTC,10,0,10,0,0
2018-02-01,ETH,2,0,2,0,0
2018-02-02,BTC,9,0,9,0,0
2018-02-02,ETH,2,0,2,0,0
2018-02-03,BTC,1,0,1,0,0
2018-02-04,BTC,2,0,2,0,0
2018-02-05,BTC,9,0,9,0,0
2018-02-05,ETH,5,0,5,0,0
2018-02-05,LTC,2,0,2,0,0
2018-02-06,BTC,9,0,9,0,0
2018-02-06,ETH,2,0,2,0,0
2018-02-07,BTC,10,0,10,0,0
2018-02-07,ETH,1,0,1,0,0
2018-02-08,BTC,11,0,11,0,0
2018-02-08,ETH,2,0,2,0,0
2018-02-08,LTC,1,0,1,0,0
2018-02-09,BTC,7,0,7,0,0
2018-02-09,LTC,1,0,1,0,0
2018-02-10,BTC,6,0,6,0,0
2018-02-10,ETH,1,0,1,0,0
2018-02-11,BTC,7,0,7,0,0
2018-02-11,ETH,2,0,2,0,0
2018-02-11,LTC,1,0,1,0,0
2018-02-12,BTC,11,0,11,0,0
2018-02-12,ETH,4,0,4,0,0
2018-02-12,LTC,1,0,1,0,0
2018-02-13,BTC,5,0,5,0,0
2018-02-13,ETH,3,0,3,0,0
2018-02-14,BTC,11,0,11,0,0
2018-02-14,ETH,2,0,2,0,0
2018-02-14,LTC,2,0,2,0,0
2018-02-15,BTC,11,0,11,0,0
2018-02-15,ETH,2,0,2,0,0
2018-02-15,LTC,2,0,2,0,0
2018-02-16,BTC,10,0,10,0,0
2018-02-16,ETH,2,0,2,0,0
2018-02-16,LTC,4,0,4,0,0
2018-02-17,BTC,7,0,7,0,0
2018-02-17,ETH,2,0,2,0,0
2018-02-18,BTC,1,0,1,0,0
2018-02-18,ETH,1,0,1,0,0
2018-02-19,BTC,6,0,6,0,0
2018-02-19,ETH,4,0,4,0,0
2018-02-19,LTC,2,0,2,0,0
2018-02-20,BTC,8,0,8,0,0
2018-02-20,ETH,1,0,1,0,0
2018-02-21,BTC,5,0,5,0,0
2018-02-21,ETH,3,0,3,0,0
2018-02-22,BTC,12,0,12,0,0
2018-02-22,ETH,2,0,2,0,0
2018-02-22,LTC,2,0,2,0,0
2018-02-23,BTC,6,0,6,0,0
2018-02-23,ETH,2,0,2,0,0
2018-02-24,BTC,4,0,4,0,0
2018-02-24,ETH,1,0,1,0,0
2018-02-25,BTC,2,0,2,0,0
2018-02-25,ETH,1,0,1,0,0
2018-02-26,BTC,12,0,12,0,0
2018-02-26,ETH,2,0,2,0,0
2018-02-26,LTC,3,0,3,0,0
2018-02-27,BTC,15,0,15,0,0
2018-02-27,ETH,1,0,1,0,0
2018-02-28,BTC,8,0,8,0,0
2018-02-28,ETH,3,0,3,0,0
2018-02-28,LTC,1,0,1,0,0
2018-03-01,BTC,6,0,6,0,0
2018-03-01,ETH,4,0,4,0,0
2018-03-01,LTC,1,0,1,0,0
2018-03-02,BTC,8,0,8,0,0
2018-03-02,ETH,3,0,3,0,0
2018-03-03,BTC,6,0,6,0,0
2018-03-03,ETH,2,0,2,0,0
2018-03-04,BTC,1,0,1,0,0
2018-03-04,LTC,1,0,1,0,0
2018-03-05,BTC,6,0,6,0,0
2018-03-05,ETH,1,0,1,0,0
2018-03-06,BTC,8,0,8,0,0
2018-03-06,ETH,2,0,2,0,0
2018-03-06,LTC,1,0,1,0,0
2018-03-07,BTC,4,0,4,0,0
2018-03-07,ETH,3,0,3,0,0
2018-03-07,LTC,1,0,1,0,0
2018-03-08,BTC,12,0,12,0,0
2018-03-08,ETH,1,0,1,0,0
2018-03-08,LTC,1,0,1,0,0
2018-03-09,BTC,12,0,12,0,0
2018-03-09,ETH,2,0,2,0,0
2018-03-09,LTC,1,0,1,0,0
2018-03-10,BTC,4,0,4,0,0
2018-03-10,ETH,2,0,2,0,0
2018-03-10,LTC,1,0,1,0,0
2018-03-11,BTC,5,0,5,0,0
2018-03-11,ETH,2,0,2,0,0
2018-03-11,LTC,1,0,1,0,0
2018-03-12,BTC,10,0,10,0,0
2018-03-13,BTC,12,0,12,0,0
2018-03-13,ETH,1,0,1,0,0
2018-03-14,BTC,20,0,20,0,0
2018-03-14,ETH,4,0,4,0,0
2018-03-14,LTC,2,0,2,0,0
2018-03-15,BTC,15,0,15,0,0
2018-03-15,ETH,5,0,5,0,0
2018-03-15,LTC,1,0,1,0,0
2018-03-16,BNB,1,0,1,0,0
2018-03-16,BTC,12,0,12,0,0
2018-03-16,ETH,2,0,2,0,0
2018-03-17,BTC,3,0,3,0,0
2018-03-18,BTC,3,0,3,0,0
2018-03-18,ETH,1,0,1,0,0
2018-03-19,BTC,10,0,10,0,0
2018-03-19,ETH,5,0,5,0,0
2018-03-20,BTC,13,0,13,0,0
2018-03-20,ETH,3,0,3,0,0
2018-03-21,BTC,12,0,12,0,0
2018-03-21,ETH,2,0,2,0,0
2018-03-21,LTC,1,0,1,0,0
2018-03-22,BTC,12,0,12,0,0
2018-03-22,ETH,3,0,3,0,0
2018-03-22,LTC,1,0,1,0,0
2018-03-23,BTC,13,0,13,0,0
2018-03-23,ETH,4,0,4,0,0
2018-03-24,BTC,8,0,8,0,0
2018-03-24,ETH,2,0,2,0,0
2018-03-25,BTC,9,0,9,0,0
2018-03-25,ETH,1,0,1,0,0
2018-03-26,BTC,13,0,13,0,0
2018-03-26,ETH,1,0,1,0,0
2018-03-26,LTC,1,0,1,0,0
2018-03-27,BTC,16,0,16,0,0
2018-03-27,ETH,4,0,4,0,0
2018-03-27,LTC,2,0,2,0,0
2018-03-28,BTC,15,0,15,0,0
2018-03-28,ETH,6,0,6,0,0
2018-03-28,LTC,1,0,1,0,0
2018-03-29,BTC,15,0,15,0,0
2018-03-29,ETH,3,0,3,0,0
2018-03-30,BTC,21,0,21,0,0
2018-03-30,ETH,6,0,6,0,0
2018-03-31,BTC,5,0,5,0,0
2018-03-31,ETH,1,0,1,0,0
2018-04-01,BTC,2,0,2,0,0
2018-04-01,ETH,2,0,2,0,0
2018-04-02,BTC,14,0,14,0,0
2018-04-02,ETH,7,0,7,0,0
2018-04-02,LTC,2,0,2,0,0
2018-04-03,BTC,14,0,14,0,0
2018-04-03,ETH,8,0,8,0,0
2018-04-04,BTC,16,0,16,0,0
2018-04-04,ETH,8,0,8,0,0
2018-04-04,LTC,1,0,1,0,0
2018-04-05,BTC,11,0,11,0,0
2018-04-05,ETH,2,0,2,0,0
2018-04-05,LTC,1,0,1,0,0
2018-04-06,BTC,17,0,17,0,0
2018-04-06,ETH,3,0,3,0,0
2018-04-06,LTC,2,0,2,0,0
2018-04-07,BTC,6,0,6,0,0
2018-04-07,ETH,3,0,3,0,0
2018-04-08,BTC,4,0,4,0,0
2018-04-08,ETH,5,0,5,0,0
2018-04-09,BTC,14,0,14,0,0
2018-04-09,ETH,6,0,6,0,0
2018-04-09,LTC,1,0,1,0,0
2018-04-10,BTC,14,0,14,0,0
2018-04-10,ETH,4,0,4,0,0
2018-04-11,BTC,17,0,17,0,0
2018-04-11,ETH,3,0,3,0,0
2018-04-12,BTC,15,0,15,0,0
2018-04-12,ETH,3,0,3,0,0
2018-04-12,LTC,1,0,1,0,0
2018-04-13,BTC,16,0,16,0,0
2018-04-13,ETH,2,0,2,0,0
2018-04-13,LTC,2,0,2,0,0
2018-04-14,BTC,7,0,7,0,0
2018-04-14,ETH,3,0,3,0,0
2018-04-14,LTC,1,0,1,0,0
2018-04-15,BNB,1,0,1,0,0
2018-04-15,BTC,8,0,8,0,0
2018-04-15,ETH,1,0,1,0,0
2018-04-16,BTC,24,0,24,0,0
2018-04-16,ETH,3,0,3,0,0
2018-04-17,ADA,1,0,1,0,0
2018-04-17,BNB,1,0,1,0,0
2018-04-17,BTC,16,0,16,0,0
2018-04-17,ETH,4,0,4,0,0
2018-04-17,LTC,3,0,3,0,0
2018-04-18,BTC,22,0,22,0,0
2018-04-18,ETH,1,0,1,0,0
2018-04-18,LTC,1,0,1,0,0
2018-04-19,BTC,20,0,20,0,0
2018-04-19,ETH,5,0,5,0,0
2018-04-20,BTC,21,0,21,0,0
2018-04-20,ETH,4,0,4,0,0
2018-04-21,BTC,10,0,10,0,0
2018-04-21,ETH,1,0,1,0,0
2018-04-22,BTC,6,0,6,0,0
2018-04-22,ETH,5,0,5,0,0
2018-04-23,BTC,21,0,21,0,0
2018-04-23,ETH,5,0,5,0,0
2018-04-23,LTC,1,0,1,0,0
2018-04-24,BTC,22,0,22,0,0
2018-04-24,ETH,8,0,8,0,0
2018-04-24,LTC,2,0,2,0,0
2018-04-25,BTC,18,0,18,0,0
2018-04-25,ETH,8,0,8,0,0
2018-04-25,LTC,2,0,2,0,0
2018-04-26,BTC,22,0,22,0,0
2018-04-26,ETH,7,0,7,0,0
2018-04-26,LTC,1,0,1,0,0
2018-04-27,BTC,22,0,22,0,0
2018-04-27,ETH,5,0,5,0,0
2018-04-27,LTC,1,0,1,0,0
2018-04-28,BTC,11,0,11,0,0
2018-04-28,ETH,4,0,4,0,0
2018-04-28,LTC,1,0,1,0,0
2018-04-29,BTC,2,0,2,0,0
2018-04-29,ETH,2,0,2,0,0
2018-04-29,LTC,1,0,1,0,0
2018-04-30,BTC,15,0,15,0,0
2018-04-30,ETH,6,0,6,0,0
2018-05-01,BTC,13,0,13,0,0
2018-05-01,ETH,4,0,4,0,0
2018-05-01,LTC,1,0,1,0,0
2018-05-02,BTC,21,0,21,0,0
2018-05-02,ETH,11,0,11,0,0
2018-05-02,LTC,1,0,1,0,0
2018-05-03,BTC,25,0,25,0,0
2018-05-03,ETH,6,0,6,0,0
2018-05-03,LTC,2,0,2,0,0
2018-05-04,BTC,20,0,20,0,0
2018-05-04,ETH,7,0,7,0,0
2018-05-04,XRP,2,0,2,0,0
2018-05-05,ADA,1,0,1,0,0
2018-05-05,BTC,4,0,4,0,0
2018-05-05,ETH,4,0,4,0,0
2018-05-05,XRP,6,0,6,0,0
2018-05-06,BTC,11,0,11,0,0
2018-05-06,ETH,2,0,2,0,0
2018-05-06,XRP,2,0,2,0,0
2018-05-07,ADA,1,0,1,0,0
2018-05-07,BTC,20,0,20,0,0
2018-05-07,ETH,10,0,10,0,0
2018-05-07,LTC,2,0,2,0,0
2018-05-07,XRP,3,0,3,0,0
2018-05-08,ADA,1,0,1,0,0
2018-05-08,BNB,1,0,1,0,0
2018-05-08,BTC,21,0,21,0,0
2018-05-08,ETH,5,0,5,0,0
2018-05-09,BTC,23,0,23,0,0
2018-05-09,ETH,7,0,7,0,0
2018-05-09,LTC,1,0,1,0,0
2018-05-09,XRP,3,0,3,0,0
2018-05-10,ADA,1,0,1,0,0
2018-05-10,BTC,17,0,17,0,0
2018-05-10,ETH,5,0,5,0,0
2018-05-10,XRP,4,0,4,0,0
2018-05-11,BTC,14,0,14,0,0
2018-05-11,ETH,5,0,5,0,0
2018-05-11,LTC,1,0,1,0,0
2018-05-11,XRP,1,0,1,0,0
2018-05-12,BTC,12,0,12,0,0
2018-05-12,ETH,1,0,1,0,0
2018-05-13,BTC,8,0,8,0,0
2018-05-13,ETH,1,0,1,0,0
2018-05-13,XRP,1,0,1,0,0
2018-05-14,BTC,22,0,22,0,0
2018-05-14,ETH,8,0,8,0,0
2018-05-14,XRP,1,0,1,0,0
2018-05-15,BTC,24,0,24,0,0
2018-05-15,ETH,6,0,6,0,0
2018-05-15,LTC,1,0,1,0,0
2018-05-15,XRP,4,0,4,0,0
2018-05-16,BTC,15,0,15,0,0
2018-05-16,ETH,4,0,4,0,0
2018-05-16,LTC,1,0,1,0,0
2018-05-17,BTC,10,0,10,0,0
2018-05-17,ETH,4,0,4,0,0
2018-05-18,BTC,13,0,13,0,0
2018-05-18,ETH,4,0,4,0,0
2018-05-18,XRP,2,0,2,0,0
2018-05-19,BTC,14,0,14,0,0
2018-05-19,ETH,7,0,7,0,0
2018-05-19,XRP,4,0,4,0,0
2018-05-20,BTC,6,0,6,0,0
2018-05-20,ETH,4,0,4,0,0
2018-05-21,BTC,17,0,17,0,0
2018-05-21,ETH,5,0,5,0,0
2018-05-22,BTC,20,0,20,0,0
2018-05-22,ETH,1,0,1,0,0
2018-05-22,LTC,1,0,1,0,0
2018-05-22,XRP,2,0,2,0,0
2018-05-23,ADA,1,0,1,0,0
2018-05-23,BTC,19,0,19,0,0
2018-05-23,ETH,3,0,3,0,0
2018-05-24,ADA,1,0,1,0,0
2018-05-24,BTC,13,0,13,0,0
2018-05-24,ETH,1,0,1,0,0
2018-05-24,LTC,1,0,1,0,0
2018-05-24,XRP,6,0,6,0,0
2018-05-25,BTC,16,0,16,0,0
2018-05-25,ETH,3,0,3,0,0
2018-05-25,LTC,2,0,2,0,0
2018-05-25,XRP,5,0,5,0,0
2018-05-26,BTC,11,0,11,0,0
2018-05-26,ETH,5,0,5,0,0
2018-05-27,BTC,8,0,8,0,0
2018-05-27,ETH,1,0,1,0,0
2018-05-28,BTC,13,0,13,0,0
2018-05-28,ETH,3,0,3,0,0
2018-05-29,BTC,13,0,13,0,0
2018-05-29,ETH,5,0,5,0,0
2018-05-29,XRP,1,0,1,0,0
2018-05-30,ADA,1,0,1,0,0
2018-05-30,BTC,5,0,5,0,0
2018-05-30,ETH,4,0,4,0,0
2018-05-30,XRP,6,0,6,0,0
2018-05-31,BTC,15,0,15,0,0
2018-05-31,ETH,3,0,3,0,0
2018-05-31,LTC,1,0,1,0,0
2018-05-31,XRP,4,0,4,0,0
2018-06-01,BTC,8,0,8,0,0
2018-06-01,ETH,2,0,2,0,0
2018-06-01,LTC,1,0,1,0,0
2018-06-01,XRP,4,0,4,0,0
2018-06-02,BTC,3,0,3,0,0
2018-06-02,ETH,4,0,4,0,0
2018-06-02,LTC,1,0,1,0,0
2018-06-02,XRP,3,0,3,0,0
2018-06-03,BTC,9,0,9,0,0
2018-06-03,ETH,2,0,2,0,0
2018-06-03,XRP,1,0,1,0,0
2018-06-04,BTC,12,0,12,0,0
2018-06-04,ETH,4,0,4,0,0
2018-06-04,XRP,1,0,1,0,0
2018-06-05,BNB,1,0,1,0,0
2018-06-05,BTC,18,0,18,0,0
2018-06-05,ETH,3,0,3,0,0
2018-06-05,XRP,7,0,7,0,0
2018-06-06,BNB,1,0,1,0,0
2018-06-06,BTC,20,0,20,0,0
2018-06-06,ETH,7,0,7,0,0
2018-06-06,XRP,2,0,2,0,0
2018-06-07,BNB,1,0,1,0,0
2018-06-07,BTC,13,0,13,0,0
2018-06-07,ETH,3,0,3,0,0
2018-06-07,XRP,1,0,1,0,0
2018-06-08,BTC,11,0,11,0,0
2018-06-08,ETH,3,0,3,0,0
2018-06-08,XRP,2,0,2,0,0
2018-06-09,BTC,8,0,8,0,0
2018-06-09,ETH,2,0,2,0,0
2018-06-09,LTC,1,0,1,0,0
2018-06-10,BTC,6,0,6,0,0
2018-06-10,ETH,2,0,2,0,0
2018-06-10,LTC,1,0,1,0,0
2018-06-11,ADA,1,0,1,0,0
2018-06-11,BTC,21,0,21,0,0
2018-06-11,ETH,4,0,4,0,0
2018-06-12,BTC,16,0,16,0,0
2018-06-12,ETH,10,0,10,0,0
2018-06-12,XRP,1,0,1,0,0
2018-06-13,BTC,16,0,16,0,0
2018-06-13,ETH,4,0,4,0,0
2018-06-13,LTC,3,0,3,0,0
2018-06-13,XRP,2,0,2,0,0
2018-06-14,ADA,2,0,2,0,0
2018-06-14,BNB,1,0,1,0,0
2018-06-14,BTC,13,0,13,0,0
2018-06-14,ETH,6,0,6,0,0
2018-06-14,LTC,1,0,1,0,0
2018-06-14,XRP,4,0,4,0,0
2018-06-15,BTC,13,0,13,0,0
2018-06-15,ETH,6,0,6,0,0
2018-06-15,XRP,2,0,2,0,0
2018-06-16,BTC,10,0,10,0,0
2018-06-16,ETH,2,0,2,0,0
2018-06-17,BTC,8,0,8,0,0
2018-06-17,ETH,1,0,1,0,0
2018-06-18,BTC,10,0,10,0,0
2018-06-18,ETH,5,0,5,0,0
2018-06-18,LTC,2,0,2,0,0
2018-06-19,BTC,18,0,18,0,0
2018-06-19,ETH,4,0,4,0,0
2018-06-19,LTC,1,0,1,0,0
2018-06-20,BTC,12,0,12,0,0
2018-06-20,ETH,4,0,4,0,0
2018-06-20,LTC,3,0,3,0,0
2018-06-20,XRP,1,0,1,0,0
2018-06-21,BTC,15,0,15,0,0
2018-06-21,ETH,6,0,6,0,0
2018-06-21,LTC,1,0,1,0,0
2018-06-21,XRP,2,0,2,0,0
2018-06-22,BTC,13,0,13,0,0
2018-06-22,ETH,9,0,9,0,0
2018-06-22,LTC,3,0,3,0,0
2018-06-22,XRP,3,0,3,0,0
2018-06-23,BTC,10,0,10,0,0
2018-06-23,ETH,4,0,4,0,0
2018-06-24,BTC,9,0,9,0,0
2018-06-24,ETH,3,0,3,0,0
2018-06-24,LTC,3,0,3,0,0
2018-06-25,BTC,16,0,16,0,0
2018-06-25,ETH,6,0,6,0,0
2018-06-25,XRP,2,0,2,0,0
2018-06-26,BTC,15,0,15,0,0
2018-06-26,ETH,9,0,9,0,0
2018-06-26,LTC,1,0,1,0,0
2018-06-27,BTC,22,0,22,0,0
2018-06-27,ETH,7,0,7,0,0
2018-06-28,BTC,16,0,16,0,0
2018-06-28,ETH,5,0,5,0,0
2018-06-28,LTC,1,0,1,0,0
2018-06-28,XRP,1,0,1,0,0
2018-06-29,ADA,1,0,1,0,0
2018-06-29,BTC,13,0,13,0,0
2018-06-29,ETH,4,0,4,0,0
2018-06-30,BNB,1,0,1,0,0
2018-06-30,BTC,8,0,8,0,0
2018-06-30,ETH,3,0,3,0,0
2018-06-30,XRP,2,0,2,0,0
2018-07-01,BTC,4,0,4,0,0
2018-07-01,ETH,4,0,4,0,0
2018-07-01,LTC,1,0,1,0,0
2018-07-02,BTC,17,0,17,0,0
2018-07-02,ETH,3,0,3,0,0
2018-07-02,LTC,3,0,3,0,0
2018-07-02,XRP,2,0,2,0,0
2018-07-03,ADA,1,0,1,0,0
2018-07-03,BNB,2,0,2,0,0
2018-07-03,BTC,20,0,20,0,0
2018-07-03,ETH,3,0,3,0,0
2018-07-03,LTC,2,0,2,0,0
2018-07-03,XRP,2,0,2,0,0
2018-07-04,ADA,1,0,1,0,0
2018-07-04,BTC,15,0,15,0,0
2018-07-04,ETH,1,0,1,0,0
2018-07-04,XRP,4,0,4,0,0
2018-07-05,BTC,8,0,8,0,0
2018-07-05,ETH,2,0,2,0,0
2018-07-05,XRP,3,0,3,0,0
2018-07-06,BTC,13,0,13,0,0
2018-07-06,ETH,3,0,3,0,0
2018-07-06,XRP,3,0,3,0,0
2018-07-07,BTC,3,0,3,0,0
2018-07-07,ETH,2,0,2,0,0
2018-07-08,BTC,5,0,5,0,0
2018-07-09,BTC,17,0,17,0,0
2018-07-09,ETH,2,0,2,0,0
2018-07-10,BTC,14,0,14,0,0
2018-07-10,ETH,3,0,3,0,0
2018-07-10,XRP,2,0,2,0,0
2018-07-11,ADA,1,0,1,0,0
2018-07-11,BTC,14,0,14,0,0
2018-07-11,ETH,5,0,5,0,0
2018-07-11,LTC,2,0,2,0,0
2018-07-11,XRP,1,0,1,0,0
2018-07-12,ADA,1,0,1,0,0
2018-07-12,BTC,18,0,18,0,0
2018-07-12,ETH,2,0,2,0,0
2018-07-12,LTC,2,0,2,0,0
2018-07-12,XRP,1,0,1,0,0
2018-07-13,BTC,19,0,19,0,0
2018-07-13,ETH,5,0,5,0,0
2018-07-13,LTC,2,0,2,0,0
2018-07-13,XRP,3,0,3,0,0
2018-07-14,ADA,2,0,2,0,0
2018-07-14,BTC,8,0,8,0,0
2018-07-14,ETH,8,0,8,0,0
2018-07-14,XRP,2,0,2,0,0
2018-07-15,BTC,10,0,10,0,0
2018-07-15,ETH,3,0,3,0,0
2018-07-16,ADA,1,0,1,0,0
2018-07-16,BTC,15,0,15,0,0
2018-07-16,ETH,5,0,5,0,0
2018-07-16,LTC,1,0,1,0,0
2018-07-17,BTC,21,0,21,0,0
2018-07-17,ETH,3,0,3,0,0
2018-07-17,LTC,3,0,3,0,0
2018-07-18,BTC,19,0,19,0,0
2018-07-18,ETH,7,0,7,0,0
2018-07-18,LTC,2,0,2,0,0
2018-07-19,ADA,2,0,2,0,0
2018-07-19,BTC,18,0,18,0,0
2018-07-19,ETH,8,0,8,0,0
2018-07-19,XRP,3,0,3,0,0
2018-07-20,ADA,1,0,1,0,0
2018-07-20,BTC,15,0,15,0,0
2018-07-20,ETH,8,0,8,0,0
2018-07-20,LTC,1,0,1,0,0
2018-07-21,ADA,1,0,1,0,0
2018-07-21,BTC,9,0,9,0,0
2018-07-21,ETH,4,0,4,0,0
2018-07-22,ADA,1,0,1,0,0
2018-07-22,BTC,11,0,11,0,0
2018-07-22,ETH,4,0,4,0,0
2018-07-22,LTC,1,0,1,0,0
2018-07-23,BTC,12,0,12,0,0
2018-07-23,ETH,6,0,6,0,0
2018-07-23,LTC,1,0,1,0,0
2018-07-23,XRP,1,0,1,0,0
2018-07-24,BTC,19,0,19,0,0
2018-07-24,ETH,8,0,8,0,0
2018-07-24,LTC,1,0,1,0,0
2018-07-24,XRP,2,0,2,0,0
2018-07-25,BTC,11,0,11,0,0
2018-07-25,ETH,4,0,4,0,0
2018-07-25,XRP,4,0,4,0,0
2018-07-26,BTC,13,0,13,0,0
2018-07-26,ETH,6,0,6,0,0
2018-07-26,LTC,1,0,1,0,0
2018-07-26,XRP,4,0,4,0,0
2018-07-27,BTC,12,0,12,0,0
2018-07-27,ETH,4,0,4,0,0
2018-07-27,LTC,2,0,2,0,0
2018-07-27,XRP,2,0,2,0,0
2018-07-28,BTC,8,0,8,0,0
2018-07-28,ETH,7,0,7,0,0
2018-07-28,LTC,1,0,1,0,0
2018-07-28,XRP,1,0,1,0,0
2018-07-29,BTC,6,0,6,0,0
2018-07-29,ETH,1,0,1,0,0
2018-07-29,LTC,1,0,1,0,0
2018-07-29,XRP,1,0,1,0,0
2018-07-30,BTC,15,0,15,0,0
2018-07-30,ETH,9,0,9,0,0
2018-07-30,LTC,1,0,1,0,0
2018-07-30,XRP,1,0,1,0,0
2018-07-31,ADA,2,0,2,0,0
2018-07-31,BTC,14,0,14,0,0
2018-07-31,ETH,12,0,12,0,0
2018-07-31,LTC,1,0,1,0,0
2018-07-31,XRP,4,0,4,0,0
2018-08-01,ADA,1,0,1,0,0
2018-08-01,BTC,14,0,14,0,0
2018-08-01,ETH,5,0,5,0,0
2018-08-01,XRP,1,0,1,0,0
2018-08-02,ADA,1,0,1,0,0
2018-08-02,BTC,12,0,12,0,0
2018-08-02,ETH,7,0,7,0,0
2018-08-02,LTC,1,0,1,0,0
2018-08-02,XRP,1,0,1,0,0
2018-08-03,BTC,18,0,18,0,0
2018-08-03,ETH,3,0,3,0,0
2018-08-03,XRP,5,0,5,0,0
2018-08-04,BTC,9,0,9,0,0
2018-08-04,ETH,5,0,5,0,0
2018-08-04,XRP,2,0,2,0,0
2018-08-05,BTC,8,0,8,0,0
2018-08-05,ETH,2,0,2,0,0
2018-08-05,LTC,1,0,1,0,0
2018-08-05,XRP,1,0,1,0,0
2018-08-06,BTC,15,0,15,0,0
2018-08-06,ETH,5,0,5,0,0
2018-08-06,XRP,1,0,1,0,0
2018-08-07,BTC,14,0,14,0,0
2018-08-07,ETH,8,0,8,0,0
2018-08-07,XRP,2,0,2,0,0
2018-08-08,BTC,17,0,17,0,0
2018-08-08,ETH,5,0,5,0,0
2018-08-08,LTC,1,0,1,0,0
2018-08-08,XRP,3,0,3,0,0
2018-08-09,BTC,11,0,11,0,0
2018-08-09,ETH,11,0,11,0,0
2018-08-09,LTC,2,0,2,0,0
2018-08-10,BTC,12,0,12,0,0
2018-08-10,ETH,5,0,5,0,0
2018-08-10,LTC,2,0,2,0,0
2018-08-11,BTC,4,0,4,0,0
2018-08-11,ETH,1,0,1,0,0
2018-08-12,ADA,1,0,1,0,0
2018-08-12,BTC,4,0,4,0,0
2018-08-12,ETH,4,0,4,0,0
2018-08-13,BTC,12,0,12,0,0
2018-08-13,ETH,7,0,7,0,0
2018-08-13,XRP,2,0,2,0,0
2018-08-14,BTC,13,0,13,0,0
2018-08-14,ETH,3,0,3,0,0
2018-08-14,XRP,3,0,3,0,0
2018-08-15,BTC,13,0,13,0,0
2018-08-15,ETH,4,0,4,0,0
2018-08-15,XRP,2,0,2,0,0
2018-08-16,BTC,9,0,9,0,0
2018-08-16,ETH,8,0,8,0,0
2018-08-16,XRP,3,0,3,0,0
2018-08-17,ADA,1,0,1,0,0
2018-08-17,BTC,14,0,14,0,0
2018-08-17,ETH,5,0,5,0,0
2018-08-17,LTC,1,0,1,0,0
2018-08-17,XRP,9,0,9,0,0
2018-08-18,BTC,5,0,5,0,0
2018-08-18,ETH,2,0,2,0,0
2018-08-18,XRP,3,0,3,0,0
2018-08-19,BTC,3,0,3,0,0
2018-08-19,ETH,1,0,1,0,0
2018-08-19,LTC,1,0,1,0,0
2018-08-19,XRP,1,0,1,0,0
2018-08-20,BTC,7,0,7,0,0
2018-08-20,ETH,4,0,4,0,0
2018-08-20,LTC,1,0,1,0,0
2018-08-20,XRP,3,0,3,0,0
2018-08-21,BTC,14,0,14,0,0
2018-08-21,ETH,2,0,2,0,0
2018-08-21,XRP,3,0,3,0,0
2018-08-22,BTC,14,0,14,0,0
2018-08-22,ETH,4,0,4,0,0
2018-08-22,LTC,2,0,2,0,0
2018-08-23,BTC,15,0,15,0,0
2018-08-23,ETH,4,0,4,0,0
2018-08-24,BTC,14,0,14,0,0
2018-08-24,ETH,4,0,4,0,0
2018-08-24,XRP,2,0,2,0,0
2018-08-25,BTC,8,0,8,0,0
2018-08-25,ETH,7,0,7,0,0
2018-08-25,LTC,2,0,2,0,0
2018-08-25,XRP,1,0,1,0,0
2018-08-26,BTC,11,0,11,0,0
2018-08-26,ETH,4,0,4,0,0
2018-08-26,XRP,2,0,2,0,0
2018-08-27,BTC,6,0,6,0,0
2018-08-27,ETH,1,0,1,0,0
2018-08-28,BTC,16,0,16,0,0
2018-08-28,ETH,6,0,6,0,0
2018-08-28,LTC,1,0,1,0,0
2018-08-28,XRP,1,0,1,0,0
2018-08-29,ADA,1,0,1,0,0
2018-08-29,BTC,8,0,8,0,0
2018-08-29,ETH,3,0,3,0,0
2018-08-29,LTC,1,0,1,0,0
2018-08-30,BTC,23,0,23,0,0
2018-08-30,ETH,13,0,13,0,0
2018-08-30,LTC,2,0,2,0,0
2018-08-31,BTC,18,0,18,0,0
2018-08-31,ETH,7,0,7,0,0
2018-08-31,LTC,1,0,1,0,0
2018-08-31,XRP,4,0,4,0,0
2018-09-01,BTC,11,0,11,0,0
2018-09-01,LTC,1,0,1,0,0
2018-09-01,XRP,2,0,2,0,0
2018-09-02,ADA,1,0,1,0,0
2018-09-02,BTC,6,0,6,0,0
2018-09-02,ETH,4,0,4,0,0
2018-09-02,LTC,1,0,1,0,0
2018-09-02,XRP,3,0,3,0,0
2018-09-03,BTC,12,0,12,0,0
2018-09-03,ETH,4,0,4,0,0
2018-09-04,BTC,18,0,18,0,0
2018-09-04,ETH,6,0,6,0,0
2018-09-04,LTC,1,0,1,0,0
2018-09-05,BTC,19,0,19,0,0
2018-09-05,ETH,7,0,7,0,0
2018-09-05,XRP,6,0,6,0,0
2018-09-06,BTC,16,0,16,0,0
2018-09-06,ETH,7,0,7,0,0
2018-09-06,LTC,1,0,1,0,0
2018-09-06,XRP,3,0,3,0,0
2018-09-07,BTC,17,0,17,0,0
2018-09-07,ETH,7,0,7,0,0
2018-09-07,LTC,1,0,1,0,0
2018-09-07,XRP,1,0,1,0,0
2018-09-08,BTC,7,0,7,0,0
2018-09-08,ETH,4,0,4,0,0
2018-09-09,BTC,5,0,5,0,0
2018-09-09,ETH,4,0,4,0,0
2018-09-09,LTC,1,0,1,0,0
2018-09-10,BTC,18,0,18,0,0
2018-09-10,XRP,2,0,2,0,0
2018-09-11,BTC,16,0,16,0,0
2018-09-11,ETH,6,0,6,0,0
2018-09-11,LTC,1,0,1,0,0
2018-09-11,XRP,5,0,5,0,0
2018-09-12,BTC,10,0,10,0,0
2018-09-12,ETH,7,0,7,0,0
2018-09-12,LTC,1,0,1,0,0
2018-09-12,XRP,1,0,1,0,0
2018-09-13,ADA,2,0,2,0,0
2018-09-13,BTC,23,0,23,0,0
2018-09-13,ETH,9,0,9,0,0
2018-09-13,LTC,1,0,1,0,0
2018-09-13,XRP,1,0,1,0,0
2018-09-14,BTC,11,0,11,0,0
2018-09-14,ETH,8,0,8,0,0
2018-09-14,LTC,1,0,1,0,0
2018-09-14,XRP,3,0,3,0,0
2018-09-15,BTC,8,0,8,0,0
2018-09-15,ETH,2,0,2,0,0
2018-09-15,LTC,1,0,1,0,0
2018-09-15,XRP,1,0,1,0,0
2018-09-16,BTC,7,0,7,0,0
2018-09-16,ETH,4,0,4,0,0
2018-09-17,BTC,15,0,15,0,0
2018-09-17,ETH,4,0,4,0,0
2018-09-17,XRP,1,0,1,0,0
2018-09-18,BTC,14,0,14,0,0
2018-09-18,ETH,7,0,7,0,0
2018-09-18,XRP,13,0,13,0,0
2018-09-19,ADA,1,0,1,0,0
2018-09-19,BTC,18,0,18,0,0
2018-09-19,ETH,2,0,2,0,0
2018-09-19,XRP,3,0,3,0,0
2018-09-20,BTC,21,0,21,0,0
2018-09-20,ETH,3,0,3,0,0
2018-09-20,LTC,2,0,2,0,0
2018-09-20,XRP,7,0,7,0,0
2018-09-21,BTC,16,0,16,0,0
2018-09-21,ETH,8,0,8,0,0
2018-09-21,LTC,1,0,1,0,0
2018-09-21,XRP,8,0,8,0,0
2018-09-22,BTC,14,0,14,0,0
2018-09-22,ETH,4,0,4,0,0
2018-09-22,XRP,5,0,5,0,0
2018-09-23,BNB,1,0,1,0,0
2018-09-23,BTC,7,0,7,0,0
2018-09-23,ETH,3,0,3,0,0
2018-09-23,LTC,1,0,1,0,0
2018-09-23,XRP,1,0,1,0,0
2018-09-24,BTC,17,0,17,0,0
2018-09-24,ETH,7,0,7,0,0
2018-09-24,LTC,1,0,1,0,0
2018-09-24,XRP,4,0,4,0,0
2018-09-25,BTC,15,0,15,0,0
2018-09-25,ETH,3,0,3,0,0
2018-09-25,XRP,1,0,1,0,0
2018-09-26,BTC,6,0,6,0,0
2018-09-26,ETH,2,0,2,0,0
2018-09-26,LTC,1,0,1,0,0
2018-09-26,XRP,5,0,5,0,0
2018-09-27,ADA,2,0,2,0,0
2018-09-27,BTC,15,0,15,0,0
2018-09-27,ETH,5,0,5,0,0
2018-09-27,XRP,1,0,1,0,0
2018-09-28,ADA,1,0,1,0,0
2018-09-28,BTC,19,0,19,0,0
2018-09-28,ETH,7,0,7,0,0
2018-09-28,LTC,1,0,1,0,0
2018-09-28,XRP,2,0,2,0,0
2018-09-29,ADA,1,0,1,0,0
2018-09-29,BTC,8,0,8,0,0
2018-09-29,ETH,2,0,2,0,0
2018-09-29,XRP,3,0,3,0,0
2018-09-30,BTC,6,0,6,0,0
2018-09-30,XRP,2,0,2,0,0
2018-10-01,ADA,1,0,1,0,0
2018-10-01,BTC,14,0,14,0,0
2018-10-01,ETH,10,0,10,0,0
2018-10-01,LTC,1,0,1,0,0
2018-10-01,XRP,2,0,2,0,0
2018-10-02,ADA,1,0,1,0,0
2018-10-02,BTC,23,0,23,0,0
2018-10-02,ETH,4,0,4,0,0
2018-10-02,LTC,1,0,1,0,0
2018-10-02,XRP,3,0,3,0,0
2018-10-03,BTC,17,0,17,0,0
2018-10-03,ETH,2,0,2,0,0
2018-10-03,LTC,1,0,1,0,0
2018-10-03,XRP,5,0,5,0,0
2018-10-04,BTC,14,0,14,0,0
2018-10-04,ETH,7,0,7,0,0
2018-10-04,XRP,6,0,6,0,0
2018-10-05,BTC,14,0,14,0,0
2018-10-05,ETH,5,0,5,0,0
2018-10-05,LTC,2,0,2,0,0
2018-10-05,XRP,3,0,3,0,0
2018-10-06,BNB,1,0,1,0,0
2018-10-06,BTC,10,0,10,0,0
2018-10-06,XRP,1,0,1,0,0
2018-10-07,BTC,13,0,13,0,0
2018-10-07,ETH,3,0,3,0,0
2018-10-07,LTC,2,0,2,0,0
2018-10-07,XRP,2,0,2,0,0
2018-10-08,BTC,15,0,15,0,0
2018-10-08,ETH,6,0,6,0,0
2018-10-08,XRP,3,0,3,0,0
2018-10-09,BTC,15,0,15,0,0
2018-10-09,ETH,3,0,3,0,0
2018-10-09,LTC,1,0,1,0,0
2018-10-10,ADA,2,0,2,0,0
2018-10-10,BTC,22,0,22,0,0
2018-10-10,ETH,5,0,5,0,0
2018-10-10,LTC,1,0,1,0,0
2018-10-11,BTC,21,0,21,0,0
2018-10-11,ETH,4,0,4,0,0
2018-10-11,LTC,1,0,1,0,0
2018-10-11,XRP,2,0,2,0,0
2018-10-12,BTC,12,0,12,0,0
2018-10-12,ETH,5,0,5,0,0
2018-10-12,LTC,2,0,2,0,0
2018-10-12,XRP,2,0,2,0,0
2018-10-13,ADA,1,0,1,0,0
2018-10-13,BTC,7,0,7,0,0
2018-10-13,LTC,1,0,1,0,0
2018-10-13,XRP,2,0,2,0,0
2018-10-14,BTC,7,0,7,0,0
2018-10-14,ETH,2,0,2,0,0
2018-10-15,BTC,15,0,15,0,0
2018-10-15,ETH,5,0,5,0,0
2018-10-15,XRP,1,0,1,0,0
2018-10-16,ADA,2,0,2,0,0
2018-10-16,BTC,11,0,11,0,0
2018-10-16,ETH,6,0,6,0,0
2018-10-16,XRP,3,0,3,0,0
2018-10-17,BTC,16,0,16,0,0
2018-10-17,ETH,5,0,5,0,0
2018-10-17,XRP,4,0,4,0,0
2018-10-18,ADA,1,0,1,0,0
2018-10-18,BTC,13,0,13,0,0
2018-10-18,ETH,2,0,2,0,0
2018-10-18,LTC,1,0,1,0,0
2018-10-18,XRP,4,0,4,0,0
2018-10-19,BTC,15,0,15,0,0
2018-10-19,ETH,3,0,3,0,0
2018-10-19,XRP,2,0,2,0,0
2018-10-20,BNB,1,0,1,0,0
2018-10-20,BTC,7,0,7,0,0
2018-10-20,ETH,3,0,3,0,0
2018-10-20,LTC,1,0,1,0,0
2018-10-21,BTC,7,0,7,0,0
2018-10-21,ETH,2,0,2,0,0
2018-10-21,LTC,1,0,1,0,0
2018-10-21,XRP,1,0,1,0,0
2018-10-22,BTC,13,0,13,0,0
2018-10-22,ETH,3,0,3,0,0
2018-10-22,LTC,1,0,1,0,0
2018-10-22,XRP,2,0,2,0,0
2018-10-23,BTC,19,0,19,0,0
2018-10-23,ETH,3,0,3,0,0
2018-10-23,XRP,1,0,1,0,0
2018-10-24,BTC,16,0,16,0,0
2018-10-24,ETH,7,0,7,0,0
2018-10-24,LTC,2,0,2,0,0
2018-10-24,XRP,4,0,4,0,0
2018-10-25,BTC,16,0,16,0,0
2018-10-25,ETH,4,0,4,0,0
2018-10-25,LTC,2,0,2,0,0
2018-10-25,XRP,9,0,9,0,0
2018-10-26,BNB,1,0,1,0,0
2018-10-26,BTC,15,0,15,0,0
2018-10-26,ETH,6,0,6,0,0
2018-10-26,XRP,8,0,8,0,0
2018-10-27,BTC,11,0,11,0,0
2018-10-27,ETH,1,0,1,0,0
2018-10-27,XRP,4,0,4,0,0
2018-10-28,BTC,7,0,7,0,0
2018-10-28,ETH,1,0,1,0,0
2018-10-28,XRP,1,0,1,0,0
2018-10-29,BNB,1,0,1,0,0
2018-10-29,BTC,22,0,22,0,0
2018-10-29,ETH,6,0,6,0,0
2018-10-29,LTC,1,0,1,0,0
2018-10-29,XRP,8,0,8,0,0
2018-10-30,BNB,1,0,1,0,0
2018-10-30,BTC,23,0,23,0,0
2018-10-30,ETH,9,0,9,0,0
2018-10-30,LTC,1,0,1,0,0
2018-10-30,XRP,6,0,6,0,0
2018-10-31,BNB,2,0,2,0,0
2018-10-31,BTC,18,0,18,0,0
2018-10-31,ETH,6,0,6,0,0
2018-10-31,XRP,2,0,2,0,0
2018-11-01,BTC,25,0,25,0,0
2018-11-01,ETH,7,0,7,0,0
2018-11-01,XRP,3,0,3,0,0
2018-11-02,BNB,1,0,1,0,0
2018-11-02,BTC,21,0,21,0,0
2018-11-02,ETH,7,0,7,0,0
2018-11-02,XRP,7,0,7,0,0
2018-11-03,BTC,6,0,6,0,0
2018-11-03,ETH,7,0,7,0,0
2018-11-04,BTC,7,0,7,0,0
2018-11-04,ETH,3,0,3,0,0
2018-11-05,BTC,21,0,21,0,0
2018-11-05,ETH,7,0,7,0,0
2018-11-05,LTC,1,0,1,0,0
2018-11-05,XRP,1,0,1,0,0
2018-11-06,BTC,24,0,24,0,0
2018-11-06,ETH,9,0,9,0,0
2018-11-06,LTC,3,0,3,0,0
2018-11-06,XRP,12,0,12,0,0
2018-11-07,BTC,24,0,24,0,0
2018-11-07,ETH,5,0,5,0,0
2018-11-07,LTC,1,0,1,0,0
2018-11-07,XRP,4,0,4,0,0
2018-11-08,BTC,22,0,22,0,0
2018-11-08,ETH,11,0,11,0,0
2018-11-08,LTC,1,0,1,0,0
2018-11-08,XRP,1,0,1,0,0
2018-11-09,BTC,14,0,14,0,0
2018-11-09,ETH,4,0,4,0,0
2018-11-09,XRP,2,0,2,0,0
2018-11-10,BTC,12,0,12,0,0
2018-11-10,ETH,4,0,4,0,0
2018-11-10,XRP,1,0,1,0,0
2018-11-11,BTC,7,0,7,0,0
2018-11-11,ETH,4,0,4,0,0
2018-11-12,BTC,11,0,11,0,0
2018-11-12,LTC,3,0,3,0,0
2018-11-12,XRP,2,0,2,0,0
2018-11-13,BTC,16,0,16,0,0
2018-11-13,ETH,3,0,3,0,0
2018-11-13,XRP,3,0,3,0,0
2018-11-14,BTC,12,0,12,0,0
2018-11-14,ETH,2,0,2,0,0
2018-11-15,ADA,1,0,1,0,0
2018-11-15,BNB,1,0,1,0,0
2018-11-15,BTC,29,0,29,0,0
2018-11-15,ETH,7,0,7,0,0
2018-11-15,LTC,2,0,2,0,0
2018-11-15,XRP,7,0,7,0,0
2018-11-16,BTC,19,0,19,0,0
2018-11-16,ETH,1,0,1,0,0
2018-11-16,LTC,2,0,2,0,0
2018-11-17,BTC,14,0,14,0,0
2018-11-17,ETH,1,0,1,0,0
2018-11-17,LTC,1,0,1,0,0
2018-11-17,XRP,4,0,4,0,0
2018-11-18,BTC,11,0,11,0,0
2018-11-18,ETH,2,0,2,0,0
2018-11-18,LTC,1,0,1,0,0
2018-11-18,XRP,2,0,2,0,0
2018-11-19,BTC,28,0,28,0,0
2018-11-19,ETH,4,0,4,0,0
2018-11-19,XRP,5,0,5,0,0
2018-11-20,BTC,31,0,31,0,0
2018-11-20,ETH,4,0,4,0,0
2018-11-20,LTC,2,0,2,0,0
2018-11-20,XRP,2,0,2,0,0
2018-11-21,BTC,33,0,33,0,0
2018-11-21,ETH,5,0,5,0,0
2018-11-21,LTC,1,0,1,0,0
2018-11-21,XRP,4,0,4,0,0
2018-11-22,BTC,21,0,21,0,0
2018-11-22,ETH,5,0,5,0,0
2018-11-23,BTC,23,0,23,0,0
2018-11-23,ETH,3,0,3,0,0
2018-11-23,XRP,4,0,4,0,0
2018-11-24,ADA,1,0,1,0,0
2018-11-24,BTC,9,0,9,0,0
2018-11-24,ETH,4,0,4,0,0
2018-11-25,ADA,1,0,1,0,0
2018-11-25,BTC,16,0,16,0,0
2018-11-25,ETH,2,0,2,0,0
2018-11-25,XRP,3,0,3,0,0
2018-11-26,BTC,20,0,20,0,0
2018-11-26,ETH,2,0,2,0,0
2018-11-26,LTC,1,0,1,0,0
2018-11-26,XRP,11,0,11,0,0
2018-11-27,BTC,23,0,23,0,0
2018-11-27,ETH,4,0,4,0,0
2018-11-27,LTC,1,0,1,0,0
2018-11-27,XRP,3,0,3,0,0
2018-11-28,BNB,1,0,1,0,0
2018-11-28,BTC,19,0,19,0,0
2018-11-28,ETH,3,0,3,0,0
2018-11-28,XRP,4,0,4,0,0
2018-11-29,BTC,24,0,24,0,0
2018-11-29,ETH,8,0,8,0,0
2018-11-29,XRP,1,0,1,0,0
2018-11-30,BTC,12,0,12,0,0
2018-11-30,ETH,7,0,7,0,0
2018-12-01,BTC,10,0,10,0,0
2018-12-01,ETH,1,0,1,0,0
2018-12-02,BTC,10,0,10,0,0
2018-12-02,ETH,1,0,1,0,0
2018-12-03,BTC,12,0,12,0,0
2018-12-03,ETH,2,0,2,0,0
2018-12-03,LTC,1,0,1,0,0
2018-12-04,BNB,1,0,1,0,0
2018-12-04,BTC,25,0,25,0,0
2018-12-04,ETH,10,0,10,0,0
2018-12-05,ADA,1,0,1,0,0
2018-12-05,BNB,3,0,3,0,0
2018-12-05,BTC,16,0,16,0,0
2018-12-05,ETH,10,0,10,0,0
2018-12-05,XRP,5,0,5,0,0
2018-12-06,BTC,18,0,18,0,0
2018-12-06,ETH,2,0,2,0,0
2018-12-06,LTC,1,0,1,0,0
2018-12-06,XRP,2,0,2,0,0
2018-12-07,ADA,1,0,1,0,0
2018-12-07,BTC,30,0,30,0,0
2018-12-07,ETH,6,0,6,0,0
2018-12-07,LTC,1,0,1,0,0
2018-12-07,XRP,5,0,5,0,0
2018-12-08,BTC,10,0,10,0,0
2018-12-08,ETH,3,0,3,0,0
2018-12-09,BTC,9,0,9,0,0
2018-12-09,ETH,4,0,4,0,0
2018-12-09,LTC,1,0,1,0,0
2018-12-10,BTC,19,0,19,0,0
2018-12-10,ETH,5,0,5,0,0
2018-12-10,LTC,1,0,1,0,0
2018-12-10,XRP,1,0,1,0,0
2018-12-11,BTC,15,0,15,0,0
2018-12-11,ETH,3,0,3,0,0
2018-12-11,XRP,3,0,3,0,0
2018-12-12,BTC,21,0,21,0,0
2018-12-12,ETH,7,0,7,0,0
2018-12-12,XRP,1,0,1,0,0
2018-12-13,ADA,1,0,1,0,0
2018-12-13,BTC,18,0,18,0,0
2018-12-13,ETH,7,0,7,0,0
2018-12-13,LTC,1,0,1,0,0
2018-12-13,XRP,2,0,2,0,0
2018-12-14,BTC,17,0,17,0,0
2018-12-14,ETH,5,0,5,0,0
2018-12-14,LTC,1,0,1,0,0
2018-12-14,XRP,5,0,5,0,0
2018-12-15,BTC,14,0,14,0,0
2018-12-15,ETH,3,0,3,0,0
2018-12-16,BTC,11,0,11,0,0
2018-12-16,ETH,1,0,1,0,0
2018-12-17,BTC,15,0,15,0,0
2018-12-17,ETH,10,0,10,0,0
2018-12-17,XRP,1,0,1,0,0
2018-12-18,ADA,2,0,2,0,0
2018-12-18,BTC,22,0,22,0,0
2018-12-18,ETH,10,0,10,0,0
2018-12-18,LTC,2,0,2,0,0
2018-12-18,XRP,3,0,3,0,0
2018-12-19,BTC,20,0,20,0,0
2018-12-19,ETH,3,0,3,0,0
2018-12-19,XRP,6,0,6,0,0
2018-12-20,ADA,2,0,2,0,0
2018-12-20,BTC,13,0,13,0,0
2018-12-20,ETH,6,0,6,0,0
2018-12-20,XRP,2,0,2,0,0
2018-12-21,BTC,13,0,13,0,0
2018-12-21,ETH,2,0,2,0,0
2018-12-21,XRP,3,0,3,0,0
2018-12-22,BTC,9,0,9,0,0
2018-12-22,ETH,3,0,3,0,0
2018-12-23,BTC,9,0,9,0,0
2018-12-23,ETH,1,0,1,0,0
2018-12-24,BTC,15,0,15,0,0
2018-12-24,ETH,4,0,4,0,0
2018-12-24,LTC,1,0,1,0,0
2018-12-24,XRP,8,0,8,0,0
2018-12-25,BTC,12,0,12,0,0
2018-12-25,ETH,2,0,2,0,0
2018-12-25,XRP,2,0,2,0,0
2018-12-26,BTC,13,0,13,0,0
2018-12-26,ETH,4,0,4,0,0
2018-12-26,LTC,1,0,1,0,0
2018-12-26,XRP,1,0,1,0,0
2018-12-27,ADA,1,0,1,0,0
2018-12-27,BTC,14,0,14,0,0
2018-12-27,ETH,5,0,5,0,0
2018-12-27,LTC,3,0,3,0,0
2018-12-27,XRP,4,0,4,0,0
2018-12-28,BTC,11,0,11,0,0
2018-12-28,ETH,1,0,1,0,0
2018-12-28,LTC,1,0,1,0,0
2018-12-28,XRP,4,0,4,0,0
2018-12-29,BTC,9,0,9,0,0
2018-12-29,ETH,2,0,2,0,0
2018-12-29,XRP,5,0,5,0,0
2018-12-30,BTC,9,0,9,0,0
2018-12-31,ADA,2,0,2,0,0
2018-12-31,BTC,12,0,12,0,0
2018-12-31,ETH,2,0,2,0,0
2018-12-31,XRP,2,0,2,0,0
2019-01-01,BTC,10,0,10,0,0
2019-01-01,ETH,1,0,1,0,0
2019-01-01,XRP,1,0,1,0,0
2019-01-02,BTC,9,0,9,0,0
2019-01-02,ETH,6,0,6,0,0
2019-01-02,LTC,1,0,1,0,0
2019-01-02,XRP,8,0,8,0,0
2019-01-03,BTC,14,0,14,0,0
2019-01-03,ETH,4,0,4,0,0
2019-01-04,BTC,18,0,18,0,0
2019-01-04,ETH,3,0,3,0,0
2019-01-04,XRP,2,0,2,0,0
2019-01-05,BNB,1,0,1,0,0
2019-01-05,BTC,10,0,10,0,0
2019-01-05,ETH,7,0,7,0,0
2019-01-05,XRP,1,0,1,0,0
2019-01-06,BTC,8,0,8,0,0
2019-01-07,BTC,10,0,10,0,0
2019-01-07,ETH,4,0,4,0,0
2019-01-07,LTC,1,0,1,0,0
2019-01-07,XRP,1,0,1,0,0
2019-01-08,BTC,14,0,14,0,0
2019-01-08,ETH,15,0,15,0,0
2019-01-08,XRP,3,0,3,0,0
2019-01-09,BTC,15,0,15,0,0
2019-01-09,ETH,8,0,8,0,0
2019-01-09,XRP,8,0,8,0,0
2019-01-10,ADA,1,0,1,0,0
2019-01-10,BTC,23,0,23,0,0
2019-01-10,ETH,7,0,7,0,0
2019-01-10,LTC,1,0,1,0,0
2019-01-10,XRP,3,0,3,0,0
2019-01-11,BTC,10,0,10,0,0
2019-01-11,ETH,7,0,7,0,0
2019-01-11,XRP,1,0,1,0,0
2019-01-12,BTC,9,0,9,0,0
2019-01-12,ETH,11,0,11,0,0
2019-01-12,LTC,1,0,1,0,0
2019-01-12,XRP,2,0,2,0,0
2019-01-13,BTC,8,0,8,0,0
2019-01-13,ETH,3,0,3,0,0
2019-01-13,XRP,2,0,2,0,0
2019-01-14,BTC,17,0,17,0,0
2019-01-14,ETH,4,0,4,0,0
2019-01-14,XRP,5,0,5,0,0
2019-01-15,BTC,23,0,23,0,0
2019-01-15,ETH,11,0,11,0,0
2019-01-15,XRP,4,0,4,0,0
2019-01-16,BTC,22,0,22,0,0
2019-01-16,ETH,9,0,9,0,0
2019-01-16,XRP,2,0,2,0,0
2019-01-17,BTC,14,0,14,0,0
2019-01-17,ETH,12,0,12,0,0
2019-01-17,XRP,1,0,1,0,0
2019-01-18,BTC,19,0,19,0,0
2019-01-18,ETH,10,0,10,0,0
2019-01-18,XRP,3,0,3,0,0
2019-01-19,BNB,1,0,1,0,0
2019-01-19,BTC,12,0,12,0,0
2019-01-19,ETH,2,0,2,0,0
2019-01-19,XRP,1,0,1,0,0
2019-01-20,BTC,7,0,7,0,0
2019-01-20,XRP,2,0,2,0,0
2019-01-21,BTC,19,0,19,0,0
2019-01-21,ETH,3,0,3,0,0
2019-01-22,BTC,21,0,21,0,0
2019-01-22,ETH,7,0,7,0,0
2019-01-22,LTC,2,0,2,0,0
2019-01-22,XRP,4,0,4,0,0
2019-01-23,BTC,25,0,25,0,0
2019-01-23,ETH,3,0,3,0,0
2019-01-23,LTC,2,0,2,0,0
2019-01-23,XRP,3,0,3,0,0
2019-01-24,ADA,1,0,1,0,0
2019-01-24,BTC,33,0,33,0,0
2019-01-24,ETH,8,0,8,0,0
2019-01-24,LTC,1,0,1,0,0
2019-01-24,XRP,10,0,10,0,0
2019-01-25,BTC,15,0,15,0,0
2019-01-25,ETH,4,0,4,0,0
2019-01-25,LTC,5,0,5,0,0
2019-01-25,XRP,13,0,13,0,0
2019-01-26,ADA,1,0,1,0,0
2019-01-26,BTC,14,0,14,0,0
2019-01-26,ETH,2,0,2,0,0
2019-01-26,XRP,5,0,5,0,0
2019-01-27,BTC,3,0,3,0,0
2019-01-27,LTC,2,0,2,0,0
2019-01-27,XRP,2,0,2,0,0
2019-01-28,BTC,21,0,21,0,0
2019-01-28,ETH,2,0,2,0,0
2019-01-28,LTC,1,0,1,0,0
2019-01-28,XRP,8,0,8,0,0
2019-01-29,ADA,1,0,1,0,0
2019-01-29,BTC,18,0,18,0,0
2019-01-29,ETH,4,0,4,0,0
2019-01-29,LTC,3,0,3,0,0
2019-01-29,XRP,4,0,4,0,0
2019-01-30,ADA,1,0,1,0,0
2019-01-30,BTC,14,0,14,0,0
2019-01-30,ETH,6,0,6,0,0
2019-01-30,LTC,3,0,3,0,0
2019-01-30,XRP,2,0,2,0,0
2019-01-31,ADA,1,0,1,0,0
2019-01-31,BTC,20,0,20,0,0
2019-01-31,ETH,11,0,11,0,0
2019-01-31,LTC,1,0,1,0,0
2019-01-31,XRP,9,0,9,0,0
2019-02-01,BNB,1,0,1,0,0
2019-02-01,BTC,21,0,21,0,0
2019-02-01,ETH,6,0,6,0,0
2019-02-01,LTC,2,0,2,0,0
2019-02-01,XRP,6,0,6,0,0
2019-02-02,BTC,9,0,9,0,0
2019-02-02,ETH,5,0,5,0,0
2019-02-02,LTC,3,0,3,0,0
2019-02-02,XRP,5,0,5,0,0
2019-02-03,ADA,1,0,1,0,0
2019-02-03,BTC,11,0,11,0,0
2019-02-03,ETH,2,0,2,0,0
2019-02-03,LTC,2,0,2,0,0
2019-02-03,XRP,2,0,2,0,0
2019-02-04,BTC,18,0,18,0,0
2019-02-04,ETH,4,0,4,0,0
2019-02-04,LTC,2,0,2,0,0
2019-02-04,XRP,8,0,8,0,0
2019-02-05,BTC,21,0,21,0,0
2019-02-05,ETH,8,0,8,0,0
2019-02-05,LTC,6,0,6,0,0
2019-02-05,XRP,5,0,5,0,0
2019-02-06,BNB,1,0,1,0,0
2019-02-06,BTC,33,0,33,0,0
2019-02-06,ETH,8,0,8,0,0
2019-02-06,LTC,3,0,3,0,0
2019-02-06,XRP,2,0,2,0,0
2019-02-07,BNB,2,0,2,0,0
2019-02-07,BTC,20,0,20,0,0
2019-02-07,ETH,9,0,9,0,0
2019-02-07,LTC,5,0,5,0,0
2019-02-07,XRP,7,0,7,0,0
2019-02-08,ADA,2,0,2,0,0
2019-02-08,BTC,22,0,22,0,0
2019-02-08,ETH,6,0,6,0,0
2019-02-08,LTC,9,0,9,0,0
2019-02-08,XRP,3,0,3,0,0
2019-02-09,BTC,15,0,15,0,0
2019-02-09,ETH,8,0,8,0,0
2019-02-09,LTC,7,0,7,0,0
2019-02-09,XRP,7,0,7,0,0
2019-02-10,BNB,3,0,3,0,0
2019-02-10,BTC,8,0,8,0,0
2019-02-10,LTC,2,0,2,0,0
2019-02-11,BTC,20,0,20,0,0
2019-02-11,ETH,6,0,6,0,0
2019-02-11,LTC,4,0,4,0,0
2019-02-11,XRP,10,0,10,0,0
2019-02-12,ADA,1,0,1,0,0
2019-02-12,BTC,24,0,24,0,0
2019-02-12,ETH,10,0,10,0,0
2019-02-12,LTC,2,0,2,0,0
2019-02-12,XRP,11,0,11,0,0
2019-02-13,BTC,22,0,22,0,0
2019-02-13,ETH,14,0,14,0,0
2019-02-13,LTC,7,0,7,0,0
2019-02-13,XRP,4,0,4,0,0
2019-02-14,BTC,27,0,27,0,0
2019-02-14,ETH,9,0,9,0,0
2019-02-14,LTC,1,0,1,0,0
2019-02-14,XRP,8,0,8,0,0
2019-02-15,BNB,1,0,1,0,0
2019-02-15,BTC,18,0,18,0,0
2019-02-15,ETH,4,0,4,0,0
2019-02-15,LTC,2,0,2,0,0
2019-02-15,XRP,7,0,7,0,0
2019-02-16,BTC,11,0,11,0,0
2019-02-16,ETH,6,0,6,0,0
2019-02-16,XRP,6,0,6,0,0
2019-02-17,BTC,8,0,8,0,0
2019-02-17,ETH,5,0,5,0,0
2019-02-17,XRP,1,0,1,0,0
2019-02-18,BNB,1,0,1,0,0
2019-02-18,BTC,20,0,20,0,0
2019-02-18,ETH,12,0,12,0,0
2019-02-18,LTC,1,0,1,0,0
2019-02-18,XRP,6,0,6,0,0
2019-02-19,BTC,27,0,27,0,0
2019-02-19,ETH,8,0,8,0,0
2019-02-19,LTC,1,0,1,0,0
2019-02-19,XRP,7,0,7,0,0
2019-02-20,BNB,1,0,1,0,0
2019-02-20,BTC,28,0,28,0,0
2019-02-20,ETH,6,0,6,0,0
2019-02-20,LTC,2,0,2,0,0
2019-02-20,XRP,3,0,3,0,0
2019-02-21,BNB,2,0,2,0,0
2019-02-21,BTC,26,0,26,0,0
2019-02-21,ETH,9,0,9,0,0
2019-02-21,LTC,1,0,1,0,0
2019-02-21,XRP,6,0,6,0,0
2019-02-22,ADA,2,0,2,0,0
2019-02-22,BNB,2,0,2,0,0
2019-02-22,BTC,22,0,22,0,0
2019-02-22,ETH,5,0,5,0,0
2019-02-22,LTC,2,0,2,0,0
2019-02-22,XRP,1,0,1,0,0
2019-02-23,BNB,1,0,1,0,0
2019-02-23,BTC,14,0,14,0,0
2019-02-23,ETH,5,0,5,0,0
2019-02-23,XRP,3,0,3,0,0
2019-02-24,BTC,8,0,8,0,0
2019-02-24,ETH,1,0,1,0,0
2019-02-25,ADA,1,0,1,0,0
2019-02-25,BNB,1,0,1,0,0
2019-02-25,BTC,14,0,14,0,0
2019-02-25,ETH,5,0,5,0,0
2019-02-25,LTC,1,0,1,0,0
2019-02-25,XRP,2,0,2,0,0
2019-02-26,BNB,1,0,1,0,0
2019-02-26,BTC,23,0,23,0,0
2019-02-26,ETH,5,0,5,0,0
2019-02-26,LTC,4,0,4,0,0
2019-02-26,XRP,14,0,14,0,0
2019-02-27,ADA,2,0,2,0,0
2019-02-27,BTC,21,0,21,0,0
2019-02-27,ETH,6,0,6,0,0
2019-02-27,XRP,5,0,5,0,0
2019-02-28,BTC,23,0,23,0,0
2019-02-28,ETH,10,0,10,0,0
2019-02-28,LTC,2,0,2,0,0
2019-02-28,XRP,2,0,2,0,0
2019-03-01,BNB,2,0,2,0,0
2019-03-01,BTC,24,0,24,0,0
2019-03-01,ETH,9,0,9,0,0
2019-03-01,XRP,3,0,3,0,0
2019-03-02,BNB,3,0,3,0,0
2019-03-02,BTC,11,0,11,0,0
2019-03-02,ETH,1,0,1,0,0
2019-03-02,XRP,2,0,2,0,0
2019-03-03,BTC,7,0,7,0,0
2019-03-03,ETH,2,0,2,0,0
2019-03-03,XRP,4,0,4,0,0
2019-03-04,BTC,22,0,22,0,0
2019-03-04,ETH,8,0,8,0,0
2019-03-04,LTC,3,0,3,0,0
2019-03-04,XRP,3,0,3,0,0
2019-03-05,BNB,2,0,2,0,0
2019-03-05,BTC,21,0,21,0,0
2019-03-05,ETH,7,0,7,0,0
2019-03-05,LTC,2,0,2,0,0
2019-03-05,XRP,5,0,5,0,0
2019-03-06,BTC,22,0,22,0,0
2019-03-06,ETH,8,0,8,0,0
2019-03-06,LTC,2,0,2,0,0
2019-03-06,XRP,9,0,9,0,0
2019-03-07,BNB,2,0,2,0,0
2019-03-07,BTC,25,0,25,0,0
2019-03-07,ETH,3,0,3,0,0
2019-03-07,XRP,5,0,5,0,0
2019-03-08,ADA,1,0,1,0,0
2019-03-08,BTC,16,0,16,0,0
2019-03-08,ETH,4,0,4,0,0
2019-03-08,XRP,4,0,4,0,0
2019-03-09,BNB,1,0,1,0,0
2019-03-09,BTC,12,0,12,0,0
2019-03-09,ETH,2,0,2,0,0
2019-03-09,LTC,1,0,1,0,0
2019-03-09,XRP,2,0,2,0,0
2019-03-10,BNB,2,0,2,0,0
2019-03-10,BTC,5,0,5,0,0
2019-03-10,ETH,2,0,2,0,0
2019-03-11,BNB,2,0,2,0,0
2019-03-11,BTC,14,0,14,0,0
2019-03-11,ETH,10,0,10,0,0
2019-03-11,LTC,3,0,3,0,0
2019-03-11,XRP,7,0,7,0,0
2019-03-12,ADA,2,0,2,0,0
2019-03-12,BNB,1,0,1,0,0
2019-03-12,BTC,13,0,13,0,0
2019-03-12,ETH,6,0,6,0,0
2019-03-12,LTC,1,0,1,0,0
2019-03-12,XRP,3,0,3,0,0
2019-03-13,BNB,2,0,2,0,0
2019-03-13,BTC,20,0,20,0,0
2019-03-13,ETH,13,0,13,0,0
2019-03-13,LTC,1,0,1,0,0
2019-03-13,XRP,4,0,4,0,0
2019-03-14,ADA,1,0,1,0,0
2019-03-14,BNB,1,0,1,0,0
2019-03-14,BTC,28,0,28,0,0
2019-03-14,ETH,9,0,9,0,0
2019-03-14,LTC,2,0,2,0,0
2019-03-14,XRP,6,0,6,0,0
2019-03-15,ADA,1,0,1,0,0
2019-03-15,BTC,19,0,19,0,0
2019-03-15,ETH,5,0,5,0,0
2019-03-15,XRP,4,0,4,0,0
2019-03-16,ADA,1,0,1,0,0
2019-03-16,BTC,8,0,8,0,0
2019-03-16,ETH,2,0,2,0,0
2019-03-16,LTC,1,0,1,0,0
2019-03-16,XRP,3,0,3,0,0
2019-03-17,ADA,1,0,1,0,0
2019-03-17,BTC,7,0,7,0,0
2019-03-17,ETH,3,0,3,0,0
2019-03-17,XRP,1,0,1,0,0
2019-03-18,BTC,18,0,18,0,0
2019-03-18,ETH,7,0,7,0,0
2019-03-18,XRP,2,0,2,0,0
2019-03-19,BNB,2,0,2,0,0
2019-03-19,BTC,22,0,22,0,0
2019-03-19,ETH,4,0,4,0,0
2019-03-19,LTC,3,0,3,0,0
2019-03-19,XRP,4,0,4,0,0
2019-03-20,ADA,2,0,2,0,0
2019-03-20,BNB,2,0,2,0,0
2019-03-20,BTC,20,0,20,0,0
2019-03-20,ETH,6,0,6,0,0
2019-03-20,LTC,1,0,1,0,0
2019-03-20,VECHAIN,1,0,1,0,0
2019-03-20,XRP,1,0,1,0,0
2019-03-21,BTC,29,0,29,0,0
2019-03-21,ETH,6,0,6,0,0
2019-03-21,LTC,3,0,3,0,0
2019-03-21,XRP,4,0,4,0,0
2019-03-22,ADA,1,0,1,0,0
2019-03-22,BTC,25,0,25,0,0
2019-03-22,ETH,8,0,8,0,0
2019-03-22,LTC,1,0,1,0,0
2019-03-22,XRP,6,0,6,0,0
2019-03-23,ADA,2,0,2,0,0
2019-03-23,BNB,1,0,1,0,0
2019-03-23,BTC,12,0,12,0,0
2019-03-23,ETH,1,0,1,0,0
2019-03-23,XRP,4,0,4,0,0
2019-03-24,ADA,1,0,1,0,0
2019-03-24,BNB,2,0,2,0,0
2019-03-24,BTC,7,0,7,0,0
2019-03-24,XRP,1,0,1,0,0
2019-03-25,BNB,3,0,3,0,0
2019-03-25,BTC,19,0,19,0,0
2019-03-25,ETH,4,0,4,0,0
2019-03-25,XRP,5,0,5,0,0
2019-03-26,BTC,20,0,20,0,0
2019-03-26,ETH,4,0,4,0,0
2019-03-26,LTC,1,0,1,0,0
2019-03-26,XRP,3,0,3,0,0
2019-03-27,ADA,3,0,3,0,0
2019-03-27,BTC,15,0,15,0,0
2019-03-27,ETH,6,0,6,0,0
2019-03-27,LTC,1,0,1,0,0
2019-03-27,XRP,4,0,4,0,0
2019-03-28,ADA,2,0,2,0,0
2019-03-28,BNB,1,0,1,0,0
2019-03-28,BTC,16,0,16,0,0
2019-03-28,ETH,7,0,7,0,0
2019-03-28,LTC,1,0,1,0,0
2019-03-28,XRP,3,0,3,0,0
2019-03-29,ADA,2,0,2,0,0
2019-03-29,BTC,25,0,25,0,0
2019-03-29,ETH,9,0,9,0,0
2019-03-29,LTC,3,0,3,0,0
2019-03-29,XRP,5,0,5,0,0
2019-03-30,ADA,1,0,1,0,0
2019-03-30,BTC,12,0,12,0,0
2019-03-30,ETH,2,0,2,0,0
2019-03-30,XRP,5,0,5,0,0
2019-03-31,ADA,1,0,1,0,0
2019-03-31,BNB,1,0,1,0,0
2019-03-31,BTC,7,0,7,0,0
2019-03-31,ETH,1,0,1,0,0
2019-03-31,LTC,2,0,2,0,0
2019-03-31,XRP,2,0,2,0,0
2019-04-01,BTC,14,0,14,0,0
2019-04-01,ETH,5,0,5,0,0
2019-04-01,LTC,3,0,3,0,0
2019-04-01,XRP,1,0,1,0,0
2019-04-02,BTC,24,0,24,0,0
2019-04-02,ETH,3,0,3,0,0
2019-04-02,XRP,8,0,8,0,0
2019-04-03,ADA,1,0,1,0,0
2019-04-03,BTC,32,0,32,0,0
2019-04-03,ETH,9,0,9,0,0
2019-04-03,LTC,4,0,4,0,0
2019-04-03,XRP,3,0,3,0,0
2019-04-04,BTC,18,0,18,0,0
2019-04-04,ETH,2,0,2,0,0
2019-04-04,LTC,5,0,5,0,0
2019-04-04,XRP,4,0,4,0,0
2019-04-05,ADA,2,0,2,0,0
2019-04-05,BTC,20,0,20,0,0
2019-04-05,ETH,4,0,4,0,0
2019-04-05,LTC,5,0,5,0,0
2019-04-05,XRP,9,0,9,0,0
2019-04-06,BTC,16,0,16,0,0
2019-04-06,ETH,4,0,4,0,0
2019-04-06,LTC,1,0,1,0,0
2019-04-06,XRP,1,0,1,0,0
2019-04-07,BTC,9,0,9,0,0
2019-04-07,ETH,2,0,2,0,0
2019-04-07,LTC,2,0,2,0,0
2019-04-07,XRP,1,0,1,0,0
2019-04-08,ADA,1,0,1,0,0
2019-04-08,BTC,24,0,24,0,0
2019-04-08,ETH,6,0,6,0,0
2019-04-08,LTC,3,0,3,0,0
2019-04-08,XRP,5,0,5,0,0
2019-04-09,BNB,1,0,1,0,0
2019-04-09,BTC,32,0,32,0,0
2019-04-09,ETH,2,0,2,0,0
2019-04-09,LTC,1,0,1,0,0
2019-04-09,XRP,5,0,5,0,0
2019-04-10,ADA,1,0,1,0,0
2019-04-10,BTC,17,0,17,0,0
2019-04-10,ETH,11,0,11,0,0
2019-04-10,XRP,7,0,7,0,0
2019-04-11,ADA,1,0,1,0,0
2019-04-11,BTC,20,0,20,0,0
2019-04-11,ETH,7,0,7,0,0
2019-04-11,XRP,6,0,6,0,0
2019-04-12,ADA,1,0,1,0,0
2019-04-12,BTC,19,0,19,0,0
2019-04-12,ETH,4,0,4,0,0
2019-04-12,LTC,3,0,3,0,0
2019-04-12,XRP,1,0,1,0,0
2019-04-13,BTC,9,0,9,0,0
2019-04-13,ETH,2,0,2,0,0
2019-04-13,LTC,1,0,1,0,0
2019-04-13,XRP,1,0,1,0,0
2019-04-14,BNB,1,0,1,0,0
2019-04-14,BTC,14,0,14,0,0
2019-04-14,ETH,3,0,3,0,0
2019-04-14,LTC,1,0,1,0,0
2019-04-14,XRP,3,0,3,0,0
2019-04-15,ADA,1,0,1,0,0
2019-04-15,BTC,21,0,21,0,0
2019-04-15,ETH,3,0,3,0,0
2019-04-15,LTC,2,0,2,0,0
2019-04-15,XRP,3,0,3,0,0
2019-04-16,BNB,1,0,1,0,0
2019-04-16,BTC,27,0,27,0,0
2019-04-16,ETH,7,0,7,0,0
2019-04-16,LTC,4,0,4,0,0
2019-04-16,XRP,2,0,2,0,0
2019-04-17,ADA,1,0,1,0,0
2019-04-17,BNB,2,0,2,0,0
2019-04-17,BTC,35,0,35,0,0
2019-04-17,ETH,6,0,6,0,0
2019-04-17,XRP,2,0,2,0,0
2019-04-18,BNB,1,0,1,0,0
2019-04-18,BTC,31,0,31,0,0
2019-04-18,ETH,13,0,13,0,0
2019-04-18,LTC,1,0,1,0,0
2019-04-18,XRP,2,0,2,0,0
2019-04-19,ADA,1,0,1,0,0
2019-04-19,BNB,5,0,5,0,0
2019-04-19,BTC,30,0,30,0,0
2019-04-19,ETH,10,0,10,0,0
2019-04-19,LTC,1,0,1,0,0
2019-04-19,XRP,1,0,1,0,0
2019-04-20,BNB,1,0,1,0,0
2019-04-20,BTC,14,0,14,0,0
2019-04-20,ETH,2,0,2,0,0
2019-04-20,XRP,1,0,1,0,0
2019-04-21,BNB,1,0,1,0,0
2019-04-21,BTC,9,0,9,0,0
2019-04-21,ETH,2,0,2,0,0
2019-04-21,LTC,2,0,2,0,0
2019-04-21,XRP,4,0,4,0,0
2019-04-22,ADA,1,0,1,0,0
2019-04-22,BNB,1,0,1,0,0
2019-04-22,BTC,27,0,27,0,0
2019-04-22,ETH,5,0,5,0,0
2019-04-22,LTC,1,0,1,0,0
2019-04-22,XRP,4,0,4,0,0
2019-04-23,ADA,1,0,1,0,0
2019-04-23,BNB,2,0,2,0,0
2019-04-23,BTC,35,0,35,0,0
2019-04-23,ETH,9,0,9,0,0
2019-04-23,LTC,3,0,3,0,0
2019-04-23,XRP,2,0,2,0,0
2019-04-24,ADA,2,0,2,0,0
2019-04-24,BNB,3,0,3,0,0
2019-04-24,BTC,41,0,41,0,0
2019-04-24,ETH,17,0,17,0,0
2019-04-24,LTC,4,0,4,0,0
2019-04-24,XRP,4,0,4,0,0
2019-04-25,ADA,1,0,1,0,0
2019-04-25,BNB,2,0,2,0,0
2019-04-25,BTC,32,0,32,0,0
2019-04-25,ETH,15,0,15,0,0
2019-04-25,LTC,1,0,1,0,0
2019-04-25,XRP,12,0,12,0,0
2019-04-26,BTC,12,0,12,0,0
2019-04-26,ETH,5,0,5,0,0
2019-04-27,BTC,2,0,2,0,0
2019-04-27,ETH,1,0,1,0,0
2019-04-28,BTC,2,0,2,0,0
2019-04-28,ETH,2,0,2,0,0
2019-04-29,BTC,13,0,13,0,0
2019-04-29,ETH,2,0,2,0,0
2019-04-29,LTC,2,0,2,0,0
2019-04-29,XRP,2,0,2,0,0
2019-04-30,BTC,12,0,12,0,0
2019-04-30,ETH,3,0,3,0,0
2019-04-30,LTC,1,0,1,0,0
2019-05-01,BTC,36,0,36,0,0
2019-05-01,ETH,10,0,10,0,0
2019-05-01,LTC,2,0,2,0,0
2019-05-01,XRP,5,0,5,0,0
2019-05-02,ADA,3,0,3,0,0
2019-05-02,BNB,1,0,1,0,0
2019-05-02,BTC,39,0,39,0,0
2019-05-02,ETH,13,0,13,0,0
2019-05-02,LTC,2,0,2,0,0
2019-05-02,VECHAIN,1,0,1,0,0
2019-05-02,XRP,9,0,9,0,0
2019-05-03,BNB,1,0,1,0,0
2019-05-03,BTC,28,0,28,0,0
2019-05-03,ETH,7,0,7,0,0
2019-05-03,LTC,1,0,1,0,0
2019-05-03,XRP,6,0,6,0,0
2019-05-04,BTC,17,0,17,0,0
2019-05-04,ETH,3,0,3,0,0
2019-05-04,XRP,2,0,2,0,0
2019-05-05,BTC,15,0,15,0,0
2019-05-05,ETH,2,0,2,0,0
2019-05-05,XRP,3,0,3,0,0
2019-05-06,ADA,1,0,1,0,0
2019-05-06,BNB,1,0,1,0,0
2019-05-06,BTC,43,0,43,0,0
2019-05-06,ETH,7,0,7,0,0
2019-05-06,LTC,4,0,4,0,0
2019-05-06,XRP,8,0,8,0,0
2019-05-07,BNB,1,0,1,0,0
2019-05-07,BTC,41,0,41,0,0
2019-05-07,ETH,17,0,17,0,0
2019-05-07,LTC,3,0,3,0,0
2019-05-07,XRP,2,0,2,0,0
2019-05-08,BTC,43,0,43,0,0
2019-05-08,ETH,11,0,11,0,0
2019-05-08,LTC,1,0,1,0,0
2019-05-09,ADA,2,0,2,0,0
2019-05-09,BNB,1,0,1,0,0
2019-05-09,BTC,47,0,47,0,0
2019-05-09,ETH,11,0,11,0,0
2019-05-09,LTC,3,0,3,0,0
2019-05-09,XRP,5,0,5,0,0
2019-05-10,ADA,1,0,1,0,0
2019-05-10,BTC,47,0,47,0,0
2019-05-10,ETH,11,0,11,0,0
2019-05-10,LTC,6,0,6,0,0
2019-05-10,XRP,1,0,1,0,0
2019-05-11,BNB,1,0,1,0,0
2019-05-11,BTC,13,0,13,0,0
2019-05-11,ETH,12,0,12,0,0
2019-05-11,LTC,1,0,1,0,0
2019-05-12,BNB,1,0,1,0,0
2019-05-12,BTC,24,0,24,0,0
2019-05-12,ETH,6,0,6,0,0
2019-05-12,LTC,2,0,2,0,0
2019-05-12,XRP,1,0,1,0,0
2019-05-13,ADA,2,0,2,0,0
2019-05-13,BNB,4,0,4,0,0
2019-05-13,BTC,62,0,62,0,0
2019-05-13,ETH,12,0,12,0,0
2019-05-13,LTC,4,0,4,0,0
2019-05-13,XRP,6,0,6,0,0
2019-05-14,ADA,1,0,1,0,0
2019-05-14,BTC,53,0,53,0,0
2019-05-14,ETH,13,0,13,0,0
2019-05-14,LTC,4,0,4,0,0
2019-05-14,XRP,6,0,6,0,0
2019-05-15,BNB,2,0,2,0,0
2019-05-15,BTC,45,0,45,0,0
2019-05-15,ETH,9,0,9,0,0
2019-05-15,XRP,5,0,5,0,0
2019-05-16,BNB,2,0,2,0,0
2019-05-16,BTC,49,0,49,0,0
2019-05-16,ETH,15,0,15,0,0
2019-05-16,LTC,3,0,3,0,0
2019-05-16,XRP,4,0,4,0,0
2019-05-17,ADA,1,0,1,0,0
2019-05-17,BTC,40,0,40,0,0
2019-05-17,ETH,10,0,10,0,0
2019-05-17,LTC,2,0,2,0,0
2019-05-17,XRP,4,0,4,0,0
2019-05-18,BTC,12,0,12,0,0
2019-05-18,ETH,1,0,1,0,0
2019-05-18,XRP,4,0,4,0,0
2019-05-19,BNB,1,0,1,0,0
2019-05-19,BTC,11,0,11,0,0
2019-05-19,ETH,2,0,2,0,0
2019-05-19,XRP,1,0,1,0,0
2019-05-20,BNB,3,0,3,0,0
2019-05-20,BTC,40,0,40,0,0
2019-05-20,ETH,7,0,7,0,0
2019-05-20,LTC,5,0,5,0,0
2019-05-20,XRP,5,0,5,0,0
2019-05-21,BNB,1,0,1,0,0
2019-05-21,BTC,52,0,52,0,0
2019-05-21,ETH,5,0,5,0,0
2019-05-21,LTC,1,0,1,0,0
2019-05-22,BTC,38,0,38,0,0
2019-05-22,ETH,12,0,12,0,0
2019-05-22,LTC,2,0,2,0,0
2019-05-22,XRP,1,0,1,0,0
2019-05-23,ADA,1,0,1,0,0
2019-05-23,BTC,48,0,48,0,0
2019-05-23,ETH,15,0,15,0,0
2019-05-23,LTC,2,0,2,0,0
2019-05-23,XRP,4,0,4,0,0
2019-05-24,BNB,1,0,1,0,0
2019-05-24,BTC,33,0,33,0,0
2019-05-24,ETH,8,0,8,0,0
2019-05-24,LTC,3,0,3,0,0
2019-05-24,XRP,1,0,1,0,0
2019-05-25,BTC,15,0,15,0,0
2019-05-25,ETH,3,0,3,0,0
2019-05-25,LTC,3,0,3,0,0
2019-05-25,XRP,2,0,2,0,0
2019-05-26,BTC,9,0,9,0,0
2019-05-26,ETH,4,0,4,0,0
2019-05-26,XRP,2,0,2,0,0
2019-05-27,BNB,3,0,3,0,0
2019-05-27,BTC,42,0,42,0,0
2019-05-27,ETH,7,0,7,0,0
2019-05-27,LTC,5,0,5,0,0
2019-05-27,XRP,4,0,4,0,0
2019-05-28,BTC,37,0,37,0,0
2019-05-28,ETH,8,0,8,0,0
2019-05-28,LTC,2,0,2,0,0
2019-05-28,XRP,10,0,10,0,0
2019-05-29,BTC,45,0,45,0,0
2019-05-29,ETH,6,0,6,0,0
2019-05-29,LTC,1,0,1,0,0
2019-05-29,XRP,1,0,1,0,0
2019-05-30,BTC,21,0,21,0,0
2019-05-30,ETH,8,0,8,0,0
2019-05-30,LTC,1,0,1,0,0
2019-05-30,XRP,1,0,1,0,0
2019-05-31,BTC,21,0,21,0,0
2019-05-31,ETH,4,0,4,0,0
2019-05-31,XRP,5,0,5,0,0
2019-06-01,BTC,14,0,14,0,0
2019-06-01,ETH,2,0,2,0,0
2019-06-01,LINK,1,0,1,0,0
2019-06-02,BTC,10,0,10,0,0
2019-06-02,ETH,2,0,2,0,0
2019-06-02,XRP,3,0,3,0,0
2019-06-03,BNB,1,0,1,0,0
2019-06-03,BTC,50,0,50,0,0
2019-06-03,ETH,6,0,6,0,0
2019-06-03,XRP,1,0,1,0,0
2019-06-04,ADA,1,0,1,0,0
2019-06-04,BTC,34,0,34,0,0
2019-06-04,ETH,9,0,9,0,0
2019-06-04,LTC,3,0,3,0,0
2019-06-04,XRP,4,0,4,0,0
2019-06-05,ADA,1,0,1,0,0
2019-06-05,BNB,1,0,1,0,0
2019-06-05,BTC,44,0,44,0,0
2019-06-05,ETH,13,0,13,0,0
2019-06-05,XRP,5,0,5,0,0
2019-06-06,BNB,1,0,1,0,0
2019-06-06,BTC,43,0,43,0,0
2019-06-06,ETH,11,0,11,0,0
2019-06-06,XRP,3,0,3,0,0
2019-06-07,ADA,1,0,1,0,0
2019-06-07,BTC,30,0,30,0,0
2019-06-07,ETH,8,0,8,0,0
2019-06-07,LTC,2,0,2,0,0
2019-06-07,XRP,11,0,11,0,0
2019-06-08,BTC,14,0,14,0,0
2019-06-08,ETH,4,0,4,0,0
2019-06-08,LTC,2,0,2,0,0
2019-06-08,XRP,1,0,1,0,0
2019-06-09,BTC,8,0,8,0,0
2019-06-09,ETH,3,0,3,0,0
2019-06-09,XRP,3,0,3,0,0
2019-06-10,BTC,37,0,37,0,0
2019-06-10,ETH,8,0,8,0,0
2019-06-10,LTC,3,0,3,0,0
2019-06-10,XRP,9,0,9,0,0
2019-06-11,BTC,36,0,36,0,0
2019-06-11,ETH,4,0,4,0,0
2019-06-11,LTC,4,0,4,0,0
2019-06-11,XRP,9,0,9,0,0
2019-06-12,ADA,1,0,1,0,0
2019-06-12,BNB,1,0,1,0,0
2019-06-12,BTC,31,0,31,0,0
2019-06-12,ETH,8,0,8,0,0
2019-06-12,LTC,7,0,7,0,0
2019-06-13,ADA,2,0,2,0,0
2019-06-13,BNB,1,0,1,0,0
2019-06-13,BTC,43,0,43,0,0
2019-06-13,ETH,8,0,8,0,0
2019-06-13,LTC,7,0,7,0,0
2019-06-13,XRP,7,0,7,0,0
2019-06-14,BNB,1,0,1,0,0
2019-06-14,BTC,35,0,35,0,0
2019-06-14,ETH,9,0,9,0,0
2019-06-14,LINK,1,0,1,0,0
2019-06-14,LTC,5,0,5,0,0
2019-06-14,XRP,1,0,1,0,0
2019-06-15,BNB,1,0,1,0,0
2019-06-15,BTC,17,0,17,0,0
2019-06-15,ETH,4,0,4,0,0
2019-06-15,LTC,1,0,1,0,0
2019-06-15,XRP,2,0,2,0,0
2019-06-16,BTC,13,0,13,0,0
2019-06-16,ETH,1,0,1,0,0
2019-06-16,LTC,2,0,2,0,0
2019-06-16,XRP,1,0,1,0,0
2019-06-17,ADA,1,0,1,0,0
2019-06-17,BNB,1,0,1,0,0
2019-06-17,BTC,40,0,40,0,0
2019-06-17,ETH,5,0,5,0,0
2019-06-17,LTC,3,0,3,0,0
2019-06-17,XRP,2,0,2,0,0
2019-06-18,BNB,1,0,1,0,0
2019-06-18,BTC,39,0,39,0,0
2019-06-18,ETH,11,0,11,0,0
2019-06-18,LTC,1,0,1,0,0
2019-06-18,XRP,16,0,16,0,0
2019-06-19,BNB,1,0,1,0,0
2019-06-19,BTC,35,0,35,0,0
2019-06-19,ETH,7,0,7,0,0
2019-06-19,LTC,2,0,2,0,0
2019-06-19,XRP,6,0,6,0,0
2019-06-20,BNB,1,0,1,0,0
2019-06-20,BTC,32,0,32,0,0
2019-06-20,ETH,9,0,9,0,0
2019-06-20,LTC,4,0,4,0,0
2019-06-20,XRP,2,0,2,0,0
2019-06-21,ADA,1,0,1,0,0
2019-06-21,BNB,2,0,2,0,0
2019-06-21,BTC,45,0,45,0,0
2019-06-21,ETH,13,0,13,0,0
2019-06-21,XRP,5,0,5,0,0
2019-06-22,BTC,18,0,18,0,0
2019-06-22,ETH,6,0,6,0,0
2019-06-22,LTC,1,0,1,0,0
2019-06-22,XRP,2,0,2,0,0
2019-06-23,BTC,15,0,15,0,0
2019-06-23,ETH,3,0,3,0,0
2019-06-23,XRP,5,0,5,0,0
2019-06-24,BNB,2,0,2,0,0
2019-06-24,BTC,37,0,37,0,0
2019-06-24,ETH,6,0,6,0,0
2019-06-24,XRP,2,0,2,0,0
2019-06-25,BTC,47,0,47,0,0
2019-06-25,ETH,11,0,11,0,0
2019-06-25,LTC,4,0,4,0,0
2019-06-25,VECHAIN,1,0,1,0,0
2019-06-25,XRP,2,0,2,0,0
2019-06-26,ADA,1,0,1,0,0
2019-06-26,BNB,2,0,2,0,0
2019-06-26,BTC,59,0,59,0,0
2019-06-26,ETH,17,0,17,0,0
2019-06-26,LINK,1,0,1,0,0
2019-06-26,LTC,4,0,4,0,0
2019-06-26,XRP,3,0,3,0,0
2019-06-27,ADA,4,0,4,0,0
2019-06-27,BTC,54,0,54,0,0
2019-06-27,ETH,9,0,9,0,0
2019-06-27,LTC,1,0,1,0,0
2019-06-27,XRP,10,0,10,0,0
2019-06-28,BTC,39,0,39,0,0
2019-06-28,ETH,7,0,7,0,0
2019-06-28,XRP,4,0,4,0,0
2019-06-29,BTC,19,0,19,0,0
2019-06-29,ETH,1,0,1,0,0
2019-06-30,BTC,11,0,11,0,0
2019-06-30,ETH,2,0,2,0,0
2019-06-30,XRP,2,0,2,0,0
2019-07-01,ADA,1,0,1,0,0
2019-07-01,BNB,1,0,1,0,0
2019-07-01,BTC,48,0,48,0,0
2019-07-01,ETH,6,0,6,0,0
2019-07-01,LTC,3,0,3,0,0
2019-07-01,VECHAIN,1,0,1,0,0
2019-07-01,XRP,1,0,1,0,0
2019-07-02,BTC,44,0,44,0,0
2019-07-02,ETH,6,0,6,0,0
2019-07-02,LTC,1,0,1,0,0
2019-07-02,XRP,6,0,6,0,0
2019-07-03,BTC,31,0,31,0,0
2019-07-03,ETH,3,0,3,0,0
2019-07-03,LTC,1,0,1,0,0
2019-07-03,XRP,4,0,4,0,0
2019-07-04,ADA,2,0,2,0,0
2019-07-04,BTC,41,0,41,0,0
2019-07-04,ETH,8,0,8,0,0
2019-07-04,LTC,5,0,5,0,0
2019-07-04,XRP,1,0,1,0,0
2019-07-05,BNB,3,0,3,0,0
2019-07-05,BTC,25,0,25,0,0
2019-07-05,DOGE,8,0,8,0,0
2019-07-05,ETH,4,0,4,0,0
2019-07-05,LTC,1,0,1,0,0
2019-07-05,XRP,1,0,1,0,0
2019-07-06,BTC,11,0,11,0,0
2019-07-06,ETH,3,0,3,0,0
2019-07-06,LTC,4,0,4,0,0
2019-07-06,XRP,1,0,1,0,0
2019-07-07,BNB,1,0,1,0,0
2019-07-07,BTC,11,0,11,0,0
2019-07-07,DOGE,1,0,1,0,0
2019-07-07,ETH,2,0,2,0,0
2019-07-07,XRP,2,0,2,0,0
2019-07-08,BTC,32,0,32,0,0
2019-07-08,ETH,3,0,3,0,0
2019-07-08,LTC,2,0,2,0,0
2019-07-08,XRP,1,0,1,0,0
2019-07-09,BTC,42,0,42,0,0
2019-07-09,ETH,11,0,11,0,0
2019-07-09,LINK,1,0,1,0,0
2019-07-09,XRP,4,0,4,0,0
2019-07-10,BNB,1,0,1,0,0
2019-07-10,BTC,42,0,42,0,0
2019-07-10,ETH,12,0,12,0,0
2019-07-10,LTC,2,0,2,0,0
2019-07-10,XRP,4,0,4,0,0
2019-07-11,BNB,2,0,2,0,0
2019-07-11,BTC,44,0,44,0,0
2019-07-11,ETH,12,0,12,0,0
2019-07-11,LTC,1,0,1,0,0
2019-07-11,XRP,1,0,1,0,0
2019-07-12,BNB,4,0,4,0,0
2019-07-12,BTC,54,0,54,0,0
2019-07-12,ETH,3,0,3,0,0
2019-07-12,LTC,6,0,6,0,0
2019-07-12,XRP,4,0,4,0,0
2019-07-13,BNB,1,0,1,0,0
2019-07-13,BTC,14,0,14,0,0
2019-07-13,ETH,2,0,2,0,0
2019-07-13,XRP,3,0,3,0,0
2019-07-14,BTC,10,0,10,0,0
2019-07-14,ETH,1,0,1,0,0
2019-07-14,LTC,1,0,1,0,0
2019-07-15,BTC,41,0,41,0,0
2019-07-15,ETH,6,0,6,0,0
2019-07-15,LTC,2,0,2,0,0
2019-07-15,XRP,2,0,2,0,0
2019-07-16,BTC,35,0,35,0,0
2019-07-16,ETH,6,0,6,0,0
2019-07-16,LTC,1,0,1,0,0
2019-07-16,XRP,3,0,3,0,0
2019-07-17,BTC,49,0,49,0,0
2019-07-17,ETH,8,0,8,0,0
2019-07-17,LTC,3,0,3,0,0
2019-07-17,XRP,2,0,2,0,0
2019-07-18,BTC,44,0,44,0,0
2019-07-18,ETH,8,0,8,0,0
2019-07-18,LINK,1,0,1,0,0
2019-07-18,LTC,3,0,3,0,0
2019-07-19,BNB,1,0,1,0,0
2019-07-19,BTC,39,0,39,0,0
2019-07-19,ETH,5,0,5,0,0
2019-07-19,LTC,2,0,2,0,0
2019-07-19,XRP,2,0,2,0,0
2019-07-20,BNB,1,0,1,0,0
2019-07-20,BTC,11,0,11,0,0
2019-07-20,ETH,1,0,1,0,0
2019-07-20,LTC,1,0,1,0,0
2019-07-20,XRP,1,0,1,0,0
2019-07-21,BTC,7,0,7,0,0
2019-07-21,ETH,2,0,2,0,0
2019-07-21,XRP,3,0,3,0,0
2019-07-22,BTC,36,0,36,0,0
2019-07-22,DOGE,1,0,1,0,0
2019-07-22,ETH,7,0,7,0,0
2019-07-22,LTC,2,0,2,0,0
2019-07-22,XRP,2,0,2,0,0
2019-07-23,BTC,34,0,34,0,0
2019-07-23,ETH,9,0,9,0,0
2019-07-23,LTC,2,0,2,0,0
2019-07-23,XRP,1,0,1,0,0
2019-07-24,BTC,42,0,42,0,0
2019-07-24,ETH,9,0,9,0,0
2019-07-24,LTC,1,0,1,0,0
2019-07-24,XRP,3,0,3,0,0
2019-07-25,BTC,40,0,40,0,0
2019-07-25,ETH,8,0,8,0,0
2019-07-25,LTC,1,0,1,0,0
2019-07-25,XRP,7,0,7,0,0
2019-07-26,BTC,34,0,34,0,0
2019-07-26,ETH,9,0,9,0,0
2019-07-26,LTC,2,0,2,0,0
2019-07-26,XRP,6,0,6,0,0
2019-07-27,BTC,17,0,17,0,0
2019-07-27,ETH,2,0,2,0,0
2019-07-28,BTC,9,0,9,0,0
2019-07-28,ETH,1,0,1,0,0
2019-07-29,BTC,33,0,33,0,0
2019-07-29,ETH,7,0,7,0,0
2019-07-29,LTC,2,0,2,0,0
2019-07-29,XRP,3,0,3,0,0
2019-07-30,BTC,39,0,39,0,0
2019-07-30,ETH,8,0,8,0,0
2019-07-30,LINK,1,0,1,0,0
2019-07-30,LTC,1,0,1,0,0
2019-07-30,XRP,5,0,5,0,0
2019-07-31,BNB,1,0,1,0,0
2019-07-31,BTC,44,0,44,0,0
2019-07-31,DOGE,2,0,2,0,0
2019-07-31,ETH,9,0,9,0,0
2019-07-31,LTC,5,0,5,0,0
2019-07-31,XRP,5,0,5,0,0
2019-08-01,BNB,2,0,2,0,0
2019-08-01,BTC,41,0,41,0,0
2019-08-01,ETH,5,0,5,0,0
2019-08-01,LTC,4,0,4,0,0
2019-08-01,XRP,2,0,2,0,0
2019-08-02,BTC,47,0,47,0,0
2019-08-02,DOGE,1,0,1,0,0
2019-08-02,ETH,15,0,15,0,0
2019-08-02,LTC,5,0,5,0,0
2019-08-02,XRP,2,0,2,0,0
2019-08-03,BTC,16,0,16,0,0
2019-08-03,ETH,7,0,7,0,0
2019-08-03,LTC,1,0,1,0,0
2019-08-03,XRP,3,0,3,0,0
2019-08-04,BTC,9,0,9,0,0
2019-08-04,ETH,2,0,2,0,0
2019-08-04,LTC,1,0,1,0,0
2019-08-04,XRP,1,0,1,0,0
2019-08-05,BTC,40,0,40,0,0
2019-08-05,ETH,6,0,6,0,0
2019-08-05,LTC,10,0,10,0,0
2019-08-05,XRP,1,0,1,0,0
2019-08-06,BNB,1,0,1,0,0
2019-08-06,BTC,45,0,45,0,0
2019-08-06,ETH,8,0,8,0,0
2019-08-06,LTC,2,0,2,0,0
2019-08-06,VECHAIN,1,0,1,0,0
2019-08-06,XRP,1,0,1,0,0
2019-08-07,BTC,46,0,46,0,0
2019-08-07,ETH,4,0,4,0,0
2019-08-07,LTC,1,0,1,0,0
2019-08-07,XRP,6,0,6,0,0
2019-08-08,BNB,2,0,2,0,0
2019-08-08,BTC,38,0,38,0,0
2019-08-08,ETH,4,0,4,0,0
2019-08-08,XRP,2,0,2,0,0
2019-08-09,ADA,1,0,1,0,0
2019-08-09,BTC,37,0,37,0,0
2019-08-09,ETH,7,0,7,0,0
2019-08-09,LTC,5,0,5,0,0
2019-08-09,XRP,10,0,10,0,0
2019-08-10,BTC,17,0,17,0,0
2019-08-10,ETH,2,0,2,0,0
2019-08-10,LTC,2,0,2,0,0
2019-08-10,XRP,3,0,3,0,0
2019-08-11,BTC,6,0,6,0,0
2019-08-11,LTC,1,0,1,0,0
2019-08-11,XRP,1,0,1,0,0
2019-08-12,BNB,2,0,2,0,0
2019-08-12,BTC,36,0,36,0,0
2019-08-12,ETH,3,0,3,0,0
2019-08-12,LTC,4,0,4,0,0
2019-08-13,BTC,55,0,55,0,0
2019-08-13,DOGE,1,0,1,0,0
2019-08-13,ETH,5,0,5,0,0
2019-08-13,LTC,3,0,3,0,0
2019-08-13,XRP,12,0,12,0,0
2019-08-14,ADA,1,0,1,0,0
2019-08-14,BTC,45,0,45,0,0
2019-08-14,ETH,9,0,9,0,0
2019-08-14,LTC,1,0,1,0,0
2019-08-14,XRP,5,0,5,0,0
2019-08-15,BTC,37,0,37,0,0
2019-08-15,ETH,5,0,5,0,0
2019-08-15,LTC,2,0,2,0,0
2019-08-15,XRP,17,0,17,0,0
2019-08-16,BTC,43,0,43,0,0
2019-08-16,DOGE,1,0,1,0,0
2019-08-16,ETH,8,0,8,0,0
2019-08-16,LTC,3,0,3,0,0
2019-08-16,XRP,6,0,6,0,0
2019-08-17,ADA,1,0,1,0,0
2019-08-17,BTC,15,0,15,0,0
2019-08-17,ETH,4,0,4,0,0
2019-08-17,LTC,1,0,1,0,0
2019-08-18,BTC,3,0,3,0,0
2019-08-18,ETH,3,0,3,0,0
2019-08-19,BTC,44,0,44,0,0
2019-08-19,DOGE,1,0,1,0,0
2019-08-19,ETH,7,0,7,0,0
2019-08-19,LTC,3,0,3,0,0
2019-08-19,XRP,12,0,12,0,0
2019-08-20,ADA,2,0,2,0,0
2019-08-20,BTC,45,0,45,0,0
2019-08-20,ETH,11,0,11,0,0
2019-08-20,LTC,1,0,1,0,0
2019-08-20,XRP,3,0,3,0,0
2019-08-21,BTC,53,0,53,0,0
2019-08-21,ETH,18,0,18,0,0
2019-08-21,LTC,7,0,7,0,0
2019-08-21,XRP,6,0,6,0,0
2019-08-22,ADA,1,0,1,0,0
2019-08-22,BNB,1,0,1,0,0
2019-08-22,BTC,46,0,46,0,0
2019-08-22,ETH,10,0,10,0,0
2019-08-22,LTC,3,0,3,0,0
2019-08-22,XRP,3,0,3,0,0
2019-08-23,BNB,2,0,2,0,0
2019-08-23,BTC,44,0,44,0,0
2019-08-23,ETH,9,0,9,0,0
2019-08-23,LTC,5,0,5,0,0
2019-08-23,XRP,2,0,2,0,0
2019-08-24,BTC,18,0,18,0,0
2019-08-24,ETH,5,0,5,0,0
2019-08-24,XRP,4,0,4,0,0
2019-08-25,BTC,9,0,9,0,0
2019-08-25,ETH,2,0,2,0,0
2019-08-25,LTC,1,0,1,0,0
2019-08-25,XRP,4,0,4,0,0
2019-08-26,BNB,4,0,4,0,0
2019-08-26,BTC,37,0,37,0,0
2019-08-26,ETH,9,0,9,0,0
2019-08-26,LTC,2,0,2,0,0
2019-08-26,XRP,2,0,2,0,0
2019-08-27,BNB,2,0,2,0,0
2019-08-27,BTC,34,0,34,0,0
2019-08-27,ETH,9,0,9,0,0
2019-08-27,XRP,6,0,6,0,0
2019-08-28,BTC,39,0,39,0,0
2019-08-28,ETH,10,0,10,0,0
2019-08-28,LTC,6,0,6,0,0
2019-08-28,XRP,4,0,4,0,0
2019-08-29,BNB,2,0,2,0,0
2019-08-29,BTC,32,0,32,0,0
2019-08-29,ETH,11,0,11,0,0
2019-08-29,LTC,3,0,3,0,0
2019-08-29,XRP,8,0,8,0,0
2019-08-30,ADA,1,0,1,0,0
2019-08-30,BNB,2,0,2,0,0
2019-08-30,BTC,28,0,28,0,0
2019-08-30,ETH,13,0,13,0,0
2019-08-30,LTC,3,0,3,0,0
2019-08-30,XRP,7,0,7,0,0
2019-08-31,BNB,1,0,1,0,0
2019-08-31,BTC,9,0,9,0,0
2019-08-31,ETH,2,0,2,0,0
2019-08-31,LTC,2,0,2,0,0
2019-08-31,XRP,7,0,7,0,0
2019-09-01,BTC,10,0,10,0,0
2019-09-01,ETH,1,0,1,0,0
2019-09-01,LTC,1,0,1,0,0
2019-09-01,XRP,2,0,2,0,0
2019-09-02,ADA,2,0,2,0,0
2019-09-02,BNB,2,0,2,0,0
2019-09-02,BTC,29,0,29,0,0
2019-09-02,ETH,4,0,4,0,0
2019-09-02,XRP,3,0,3,0,0
2019-09-03,BNB,2,0,2,0,0
2019-09-03,BTC,45,0,45,0,0
2019-09-03,ETH,4,0,4,0,0
2019-09-03,XRP,6,0,6,0,0
2019-09-04,ADA,1,0,1,0,0
2019-09-04,BNB,1,0,1,0,0
2019-09-04,BTC,41,0,41,0,0
2019-09-04,ETH,10,0,10,0,0
2019-09-04,LTC,4,0,4,0,0
2019-09-04,XRP,5,0,5,0,0
2019-09-05,BNB,1,0,1,0,0
2019-09-05,BTC,44,0,44,0,0
2019-09-05,ETH,11,0,11,0,0
2019-09-05,LTC,3,0,3,0,0
2019-09-05,XRP,7,0,7,0,0
2019-09-06,BTC,42,0,42,0,0
2019-09-06,ETH,11,0,11,0,0
2019-09-06,LTC,3,0,3,0,0
2019-09-06,XRP,5,0,5,0,0
2019-09-07,BNB,1,0,1,0,0
2019-09-07,BTC,12,0,12,0,0
2019-09-07,ETH,7,0,7,0,0
2019-09-07,XRP,3,0,3,0,0
2019-09-08,BTC,5,0,5,0,0
2019-09-08,ETH,1,0,1,0,0
2019-09-08,XRP,1,0,1,0,0
2019-09-09,BTC,33,0,33,0,0
2019-09-09,ETH,4,0,4,0,0
2019-09-09,XRP,6,0,6,0,0
2019-09-10,BTC,50,0,50,0,0
2019-09-10,ETH,16,0,16,0,0
2019-09-10,LTC,1,0,1,0,0
2019-09-10,XRP,4,0,4,0,0
2019-09-11,BNB,2,0,2,0,0
2019-09-11,BTC,41,0,41,0,0
2019-09-11,ETH,11,0,11,0,0
2019-09-11,LTC,1,0,1,0,0
2019-09-11,XRP,5,0,5,0,0
2019-09-12,BNB,4,0,4,0,0
2019-09-12,BTC,45,0,45,0,0
2019-09-12,ETH,17,0,17,0,0
2019-09-12,LTC,3,0,3,0,0
2019-09-12,XRP,6,0,6,0,0
2019-09-13,BTC,42,0,42,0,0
2019-09-13,ETH,13,0,13,0,0
2019-09-13,XRP,5,0,5,0,0
2019-09-14,ADA,1,0,1,0,0
2019-09-14,BNB,1,0,1,0,0
2019-09-14,BTC,16,0,16,0,0
2019-09-14,ETH,2,0,2,0,0
2019-09-14,LTC,1,0,1,0,0
2019-09-14,XRP,8,0,8,0,0
2019-09-15,BTC,14,0,14,0,0
2019-09-15,ETH,5,0,5,0,0
2019-09-15,LTC,1,0,1,0,0
2019-09-15,XRP,1,0,1,0,0
2019-09-16,BTC,42,0,42,0,0
2019-09-16,ETH,15,0,15,0,0
2019-09-16,LTC,2,0,2,0,0
2019-09-16,XRP,2,0,2,0,0
2019-09-17,BTC,32,0,32,0,0
2019-09-17,ETH,19,0,19,0,0
2019-09-17,XRP,4,0,4,0,0
2019-09-18,BNB,2,0,2,0,0
2019-09-18,BTC,38,0,38,0,0
2019-09-18,ETH,9,0,9,0,0
2019-09-18,LTC,6,0,6,0,0
2019-09-18,XRP,12,0,12,0,0
2019-09-19,ADA,1,0,1,0,0
2019-09-19,BNB,1,0,1,0,0
2019-09-19,BTC,44,0,44,0,0
2019-09-19,ETH,13,0,13,0,0
2019-09-19,LTC,1,0,1,0,0
2019-09-19,XRP,2,0,2,0,0
2019-09-20,BTC,42,0,42,0,0
2019-09-20,ETH,10,0,10,0,0
2019-09-20,LTC,1,0,1,0,0
2019-09-20,XRP,13,0,13,0,0
2019-09-21,ADA,1,0,1,0,0
2019-09-21,BTC,17,0,17,0,0
2019-09-21,ETH,2,0,2,0,0
2019-09-21,LTC,1,0,1,0,0
2019-09-21,XRP,4,0,4,0,0
2019-09-22,BTC,10,0,10,0,0
2019-09-22,ETH,1,0,1,0,0
2019-09-22,LINK,1,0,1,0,0
2019-09-23,ADA,2,0,2,0,0
2019-09-23,BNB,1,0,1,0,0
2019-09-23,BTC,50,0,50,0,0
2019-09-23,ETH,12,0,12,0,0
2019-09-23,LTC,6,0,6,0,0
2019-09-23,XRP,7,0,7,0,0
2019-09-24,ADA,1,0,1,0,0
2019-09-24,BTC,45,0,45,0,0
2019-09-24,ETH,9,0,9,0,0
2019-09-24,LTC,3,0,3,0,0
2019-09-25,BNB,3,0,3,0,0
2019-09-25,BTC,47,0,47,0,0
2019-09-25,DOGE,1,0,1,0,0
2019-09-25,ETH,7,0,7,0,0
2019-09-25,LTC,3,0,3,0,0
2019-09-25,XRP,2,0,2,0,0
2019-09-26,ADA,1,0,1,0,0
2019-09-26,BTC,50,0,50,0,0
2019-09-26,ETH,10,0,10,0,0
2019-09-26,LINK,2,0,2,0,0
2019-09-26,LTC,4,0,4,0,0
2019-09-26,XRP,6,0,6,0,0
2019-09-27,BNB,1,0,1,0,0
2019-09-27,BTC,48,0,48,0,0
2019-09-27,ETH,7,0,7,0,0
2019-09-27,LTC,5,0,5,0,0
2019-09-27,XRP,8,0,8,0,0
2019-09-28,ADA,3,0,3,0,0
2019-09-28,BNB,1,0,1,0,0
2019-09-28,BTC,23,0,23,0,0
2019-09-28,DOGE,1,0,1,0,0
2019-09-28,ETH,6,0,6,0,0
2019-09-28,LINK,1,0,1,0,0
2019-09-28,XRP,2,0,2,0,0
2019-09-29,BNB,1,0,1,0,0
2019-09-29,BTC,6,0,6,0,0
2019-09-29,ETH,2,0,2,0,0
2019-09-30,ADA,2,0,2,0,0
2019-09-30,BNB,1,0,1,0,0
2019-09-30,BTC,42,0,42,0,0
2019-09-30,ETH,11,0,11,0,0
2019-09-30,LTC,2,0,2,0,0
2019-09-30,XRP,10,0,10,0,0
2019-10-01,ADA,1,0,1,0,0
2019-10-01,BTC,41,0,41,0,0
2019-10-01,ETH,17,0,17,0,0
2019-10-01,LTC,1,0,1,0,0
2019-10-01,XRP,3,0,3,0,0
2019-10-02,ADA,1,0,1,0,0
2019-10-02,BTC,38,0,38,0,0
2019-10-02,ETH,9,0,9,0,0
2019-10-02,LTC,4,0,4,0,0
2019-10-02,XRP,14,0,14,0,0
2019-10-03,ADA,1,0,1,0,0
2019-10-03,BTC,40,0,40,0,0
2019-10-03,ETH,13,0,13,0,0
2019-10-03,LTC,1,0,1,0,0
2019-10-03,XRP,5,0,5,0,0
2019-10-04,BTC,27,0,27,0,0
2019-10-04,DOGE,1,0,1,0,0
2019-10-04,ETH,6,0,6,0,0
2019-10-04,XRP,6,0,6,0,0
2019-10-05,BTC,14,0,14,0,0
2019-10-05,ETH,2,0,2,0,0
2019-10-05,XRP,1,0,1,0,0
2019-10-06,BTC,14,0,14,0,0
2019-10-06,ETH,2,0,2,0,0
2019-10-06,LTC,1,0,1,0,0
2019-10-06,XRP,1,0,1,0,0
2019-10-07,ADA,1,0,1,0,0
2019-10-07,BTC,26,0,26,0,0
2019-10-07,ETH,10,0,10,0,0
2019-10-07,XRP,11,0,11,0,0
2019-10-08,BTC,15,0,15,0,0
2019-10-08,ETH,3,0,3,0,0
2019-10-08,LINK,1,0,1,0,0
2019-10-09,BTC,23,0,23,0,0
2019-10-09,ETH,10,0,10,0,0
2019-10-09,LINK,1,0,1,0,0
2019-10-10,BTC,15,0,15,0,0
2019-10-10,ETH,3,0,3,0,0
2019-10-10,XRP,2,0,2,0,0
2019-10-11,BTC,20,0,20,0,0
2019-10-11,ETH,9,0,9,0,0
2019-10-11,LINK,1,0,1,0,0
2019-10-11,XRP,3,0,3,0,0
2019-10-12,BTC,2,0,2,0,0
2019-10-12,ETH,1,0,1,0,0
2019-10-13,BTC,2,0,2,0,0
2019-10-13,ETH,1,0,1,0,0
2019-10-14,BTC,17,0,17,0,0
2019-10-14,ETH,3,0,3,0,0
2019-10-14,LTC,2,0,2,0,0
2019-10-15,BNB,1,0,1,0,0
2019-10-15,BTC,17,0,17,0,0
2019-10-15,ETH,3,0,3,0,0
2019-10-15,LTC,3,0,3,0,0
2019-10-15,XRP,1,0,1,0,0
2019-10-16,BNB,1,0,1,0,0
2019-10-16,BTC,14,0,14,0,0
2019-10-16,ETH,1,0,1,0,0
2019-10-16,LTC,1,0,1,0,0
2019-10-17,BTC,12,0,12,0,0
2019-10-17,XRP,2,0,2,0,0
2019-10-18,BTC,16,0,16,0,0
2019-10-18,ETH,1,0,1,0,0
2019-10-19,ADA,1,0,1,0,0
2019-10-19,BTC,9,0,9,0,0
2019-10-19,ETH,2,0,2,0,0
2019-10-19,XRP,2,0,2,0,0
2019-10-20,BTC,5,0,5,0,0
2019-10-20,ETH,2,0,2,0,0
2019-10-21,BNB,1,0,1,0,0
2019-10-21,BTC,35,0,35,0,0
2019-10-21,DOGE,1,0,1,0,0
2019-10-21,ETH,6,0,6,0,0
2019-10-21,LTC,1,0,1,0,0
2019-10-21,XRP,2,0,2,0,0
2019-10-22,BTC,48,0,48,0,0
2019-10-22,ETH,11,0,11,0,0
2019-10-22,LTC,2,0,2,0,0
2019-10-22,XRP,10,0,10,0,0
2019-10-23,BNB,1,0,1,0,0
2019-10-23,BTC,43,0,43,0,0
2019-10-23,ETH,7,0,7,0,0
2019-10-23,LTC,6,0,6,0,0
2019-10-23,XRP,4,0,4,0,0
2019-10-24,ADA,1,0,1,0,0
2019-10-24,BNB,2,0,2,0,0
2019-10-24,BTC,55,0,55,0,0
2019-10-24,DOGE,3,0,3,0,0
2019-10-24,ETH,12,0,12,0,0
2019-10-24,LTC,1,0,1,0,0
2019-10-24,XRP,7,0,7,0,0
2019-10-25,BNB,1,0,1,0,0
2019-10-25,BTC,47,0,47,0,0
2019-10-25,DOGE,1,0,1,0,0
2019-10-25,ETH,7,0,7,0,0
2019-10-25,LTC,2,0,2,0,0
2019-10-25,VECHAIN,1,0,1,0,0
2019-10-25,XRP,2,0,2,0,0
2019-10-26,BTC,20,0,20,0,0
2019-10-26,ETH,6,0,6,0,0
2019-10-26,XRP,2,0,2,0,0
2019-10-27,BTC,10,0,10,0,0
2019-10-27,ETH,3,0,3,0,0
2019-10-28,ADA,1,0,1,0,0
2019-10-28,BNB,1,0,1,0,0
2019-10-28,BTC,40,0,40,0,0
2019-10-28,ETH,9,0,9,0,0
2019-10-28,LTC,1,0,1,0,0
2019-10-28,VECHAIN,1,0,1,0,0
2019-10-28,XRP,4,0,4,0,0
2019-10-29,BTC,40,0,40,0,0
2019-10-29,ETH,10,0,10,0,0
2019-10-29,LTC,2,0,2,0,0
2019-10-29,XRP,3,0,3,0,0
2019-10-30,BTC,46,0,46,0,0
2019-10-30,ETH,11,0,11,0,0
2019-10-30,LTC,1,0,1,0,0
2019-10-30,XRP,9,0,9,0,0
2019-10-31,BNB,1,0,1,0,0
2019-10-31,BTC,45,0,45,0,0
2019-10-31,ETH,8,0,8,0,0
2019-10-31,LTC,2,0,2,0,0
2019-10-31,XRP,5,0,5,0,0
2019-11-01,BTC,41,0,41,0,0
2019-11-01,ETH,4,0,4,0,0
2019-11-01,LTC,1,0,1,0,0
2019-11-01,XRP,3,0,3,0,0
2019-11-02,BTC,12,0,12,0,0
2019-11-02,ETH,5,0,5,0,0
2019-11-02,XRP,3,0,3,0,0
2019-11-03,BTC,10,0,10,0,0
2019-11-03,ETH,2,0,2,0,0
2019-11-04,BTC,38,0,38,0,0
2019-11-04,ETH,4,0,4,0,0
2019-11-04,LTC,1,0,1,0,0
2019-11-04,XRP,5,0,5,0,0
2019-11-05,BTC,38,0,38,0,0
2019-11-05,ETH,7,0,7,0,0
2019-11-05,LTC,4,0,4,0,0
2019-11-05,XRP,13,0,13,0,0
2019-11-06,BNB,1,0,1,0,0
2019-11-06,BTC,37,0,37,0,0
2019-11-06,ETH,7,0,7,0,0
2019-11-06,XRP,8,0,8,0,0
2019-11-07,ADA,2,0,2,0,0
2019-11-07,BNB,1,0,1,0,0
2019-11-07,BTC,37,0,37,0,0
2019-11-07,ETH,5,0,5,0,0
2019-11-07,LTC,3,0,3,0,0
2019-11-07,XRP,9,0,9,0,0
2019-11-08,BTC,46,0,46,0,0
2019-11-08,ETH,6,0,6,0,0
2019-11-08,VECHAIN,1,0,1,0,0
2019-11-08,XRP,7,0,7,0,0
2019-11-09,BTC,19,0,19,0,0
2019-11-09,DOGE,1,0,1,0,0
2019-11-09,ETH,1,0,1,0,0
2019-11-09,XRP,2,0,2,0,0
2019-11-10,BTC,8,0,8,0,0
2019-11-10,ETH,3,0,3,0,0
2019-11-10,XRP,1,0,1,0,0
2019-11-11,BTC,41,0,41,0,0
2019-11-11,ETH,5,0,5,0,0
2019-11-11,XRP,6,0,6,0,0
2019-11-12,BNB,2,0,2,0,0
2019-11-12,BTC,46,0,46,0,0
2019-11-12,ETH,2,0,2,0,0
2019-11-12,XRP,1,0,1,0,0
2019-11-13,BNB,2,0,2,0,0
2019-11-13,BTC,38,0,38,0,0
2019-11-13,ETH,5,0,5,0,0
2019-11-13,LTC,4,0,4,0,0
2019-11-13,XRP,2,0,2,0,0
2019-11-14,ADA,2,0,2,0,0
2019-11-14,BTC,31,0,31,0,0
2019-11-14,ETH,3,0,3,0,0
2019-11-14,LTC,5,0,5,0,0
2019-11-14,XRP,5,0,5,0,0
2019-11-15,BTC,32,0,32,0,0
2019-11-15,ETH,10,0,10,0,0
2019-11-15,VECHAIN,2,0,2,0,0
2019-11-15,XRP,3,0,3,0,0
2019-11-16,ADA,1,0,1,0,0
2019-11-16,BTC,21,0,21,0,0
2019-11-16,LTC,1,0,1,0,0
2019-11-16,VECHAIN,1,0,1,0,0
2019-11-17,BTC,12,0,12,0,0
2019-11-17,ETH,1,0,1,0,0
2019-11-18,BTC,22,0,22,0,0
2019-11-18,ETH,6,0,6,0,0
2019-11-18,XRP,3,0,3,0,0
2019-11-19,BTC,49,0,49,0,0
2019-11-19,ETH,5,0,5,0,0
2019-11-19,LTC,2,0,2,0,0
2019-11-20,BNB,2,0,2,0,0
2019-11-20,BTC,33,0,33,0,0
2019-11-20,ETH,8,0,8,0,0
2019-11-20,LTC,1,0,1,0,0
2019-11-20,XRP,12,0,12,0,0
2019-11-21,BTC,33,0,33,0,0
2019-11-21,ETH,3,0,3,0,0
2019-11-21,XRP,6,0,6,0,0
2019-11-22,BTC,45,0,45,0,0
2019-11-22,ETH,8,0,8,0,0
2019-11-22,LTC,2,0,2,0,0
2019-11-22,XRP,2,0,2,0,0
2019-11-23,ADA,1,0,1,0,0
2019-11-23,BTC,11,0,11,0,0
2019-11-23,DOGE,2,0,2,0,0
2019-11-23,ETH,3,0,3,0,0
2019-11-23,XRP,2,0,2,0,0
2019-11-24,BTC,15,0,15,0,0
2019-11-24,ETH,3,0,3,0,0
2019-11-24,LTC,1,0,1,0,0
2019-11-24,XRP,2,0,2,0,0
2019-11-25,ADA,1,0,1,0,0
2019-11-25,BNB,2,0,2,0,0
2019-11-25,BTC,41,0,41,0,0
2019-11-25,ETH,5,0,5,0,0
2019-11-25,LTC,3,0,3,0,0
2019-11-25,XRP,7,0,7,0,0
2019-11-26,ADA,1,0,1,0,0
2019-11-26,BTC,31,0,31,0,0
2019-11-26,ETH,6,0,6,0,0
2019-11-26,LTC,1,0,1,0,0
2019-11-26,XRP,13,0,13,0,0
2019-11-27,BNB,1,0,1,0,0
2019-11-27,BTC,43,0,43,0,0
2019-11-27,ETH,13,0,13,0,0
2019-11-27,LTC,2,0,2,0,0
2019-11-27,XRP,9,0,9,0,0
2019-11-28,BNB,1,0,1,0,0
2019-11-28,BTC,47,0,47,0,0
2019-11-28,ETH,9,0,9,0,0
2019-11-28,XRP,4,0,4,0,0
2019-11-29,ADA,3,0,3,0,0
2019-11-29,BTC,35,0,35,0,0
2019-11-29,ETH,9,0,9,0,0
2019-11-29,LTC,2,0,2,0,0
2019-11-29,XRP,2,0,2,0,0
2019-11-30,ADA,2,0,2,0,0
2019-11-30,BTC,11,0,11,0,0
2019-11-30,ETH,4,0,4,0,0
2019-11-30,XRP,1,0,1,0,0
2019-12-01,BTC,9,0,9,0,0
2019-12-01,ETH,5,0,5,0,0
2019-12-01,LTC,2,0,2,0,0
2019-12-01,XRP,2,0,2,0,0
2019-12-02,ADA,1,0,1,0,0
2019-12-02,BNB,1,0,1,0,0
2019-12-02,BTC,33,0,33,0,0
2019-12-02,ETH,6,0,6,0,0
2019-12-02,LTC,2,0,2,0,0
2019-12-02,XRP,8,0,8,0,0
2019-12-03,BNB,3,0,3,0,0
2019-12-03,BTC,42,0,42,0,0
2019-12-03,ETH,20,0,20,0,0
2019-12-03,LTC,2,0,2,0,0
2019-12-03,VECHAIN,1,0,1,0,0
2019-12-03,XRP,4,0,4,0,0
2019-12-04,BTC,33,0,33,0,0
2019-12-04,ETH,12,0,12,0,0
2019-12-04,LTC,3,0,3,0,0
2019-12-04,XRP,4,0,4,0,0
2019-12-05,BNB,1,0,1,0,0
2019-12-05,BTC,41,0,41,0,0
2019-12-05,ETH,13,0,13,0,0
2019-12-05,LTC,1,0,1,0,0
2019-12-05,VECHAIN,1,0,1,0,0
2019-12-05,XRP,3,0,3,0,0
2019-12-06,BTC,36,0,36,0,0
2019-12-06,ETH,15,0,15,0,0
2019-12-06,LTC,2,0,2,0,0
2019-12-06,XRP,7,0,7,0,0
2019-12-07,BTC,5,0,5,0,0
2019-12-07,ETH,1,0,1,0,0
2019-12-08,BTC,2,0,2,0,0
2019-12-08,ETH,1,0,1,0,0
2019-12-09,BTC,19,0,19,0,0
2019-12-09,ETH,2,0,2,0,0
2019-12-09,LTC,1,0,1,0,0
2019-12-10,BTC,15,0,15,0,0
2019-12-10,ETH,8,0,8,0,0
2019-12-10,XRP,1,0,1,0,0
2019-12-11,BTC,31,0,31,0,0
2019-12-11,ETH,6,0,6,0,0
2019-12-11,XRP,2,0,2,0,0
2019-12-12,BTC,41,0,41,0,0
2019-12-12,ETH,11,0,11,0,0
2019-12-12,XRP,3,0,3,0,0
2019-12-13,BTC,30,0,30,0,0
2019-12-13,ETH,7,0,7,0,0
2019-12-13,LTC,1,0,1,0,0
2019-12-13,VECHAIN,1,0,1,0,0
2019-12-13,XRP,6,0,6,0,0
2019-12-14,BTC,13,0,13,0,0
2019-12-14,ETH,1,0,1,0,0
2019-12-14,XRP,1,0,1,0,0
2019-12-15,BTC,9,0,9,0,0
2019-12-15,ETH,6,0,6,0,0
2019-12-16,BTC,33,0,33,0,0
2019-12-16,ETH,8,0,8,0,0
2019-12-16,LTC,2,0,2,0,0
2019-12-16,XRP,2,0,2,0,0
2019-12-17,ADA,1,0,1,0,0
2019-12-17,BNB,1,0,1,0,0
2019-12-17,BTC,34,0,34,0,0
2019-12-17,ETH,12,0,12,0,0
2019-12-17,LTC,1,0,1,0,0
2019-12-17,XRP,1,0,1,0,0
2019-12-18,BTC,25,0,25,0,0
2019-12-18,ETH,9,0,9,0,0
2019-12-18,XRP,7,0,7,0,0
2019-12-19,BTC,35,0,35,0,0
2019-12-19,ETH,17,0,17,0,0
2019-12-19,LINK,1,0,1,0,0
2019-12-19,XRP,3,0,3,0,0
2019-12-20,BTC,38,0,38,0,0
2019-12-20,ETH,8,0,8,0,0
2019-12-20,LTC,1,0,1,0,0
2019-12-20,XRP,12,0,12,0,0
2019-12-21,BTC,13,0,13,0,0
2019-12-21,ETH,4,0,4,0,0
2019-12-22,ADA,1,0,1,0,0
2019-12-22,BTC,10,0,10,0,0
2019-12-22,ETH,2,0,2,0,0
2019-12-22,XRP,4,0,4,0,0
2019-12-23,BTC,30,0,30,0,0
2019-12-23,ETH,6,0,6,0,0
2019-12-23,XRP,4,0,4,0,0
2019-12-24,ADA,1,0,1,0,0
2019-12-24,BTC,20,0,20,0,0
2019-12-24,ETH,7,0,7,0,0
2019-12-24,LTC,1,0,1,0,0
2019-12-24,XRP,2,0,2,0,0
2019-12-25,BTC,17,0,17,0,0
2019-12-25,ETH,7,0,7,0,0
2019-12-25,XRP,4,0,4,0,0
2019-12-26,BTC,21,0,21,0,0
2019-12-26,ETH,11,0,11,0,0
2019-12-26,LTC,1,0,1,0,0
2019-12-26,XRP,6,0,6,0,0
2019-12-27,BTC,13,0,13,0,0
2019-12-27,ETH,11,0,11,0,0
2019-12-27,XRP,4,0,4,0,0
2019-12-28,BTC,8,0,8,0,0
2019-12-28,ETH,5,0,5,0,0
2019-12-28,XRP,2,0,2,0,0
2019-12-29,BTC,6,0,6,0,0
2019-12-29,ETH,3,0,3,0,0
2019-12-29,XRP,1,0,1,0,0
2019-12-30,BTC,19,0,19,0,0
2019-12-30,ETH,9,0,9,0,0
2019-12-30,LTC,1,0,1,0,0
2019-12-30,XRP,7,0,7,0,0
2019-12-31,BTC,14,0,14,0,0
2019-12-31,ETH,6,0,6,0,0
2019-12-31,XRP,2,0,2,0,0
2020-01-01,ADA,1,0,1,0,0
2020-01-01,BTC,9,0,9,0,0
2020-01-01,ETH,4,0,4,0,0
2020-01-01,XRP,5,0,5,0,0
2020-01-02,BTC,25,0,25,0,0
2020-01-02,ETH,10,0,10,0,0
2020-01-02,XRP,1,0,1,0,0
2020-01-03,ADA,1,0,1,0,0
2020-01-03,BNB,1,0,1,0,0
2020-01-03,BTC,39,0,39,0,0
2020-01-03,ETH,3,0,3,0,0
2020-01-03,LTC,1,0,1,0,0
2020-01-03,XRP,5,0,5,0,0
2020-01-04,BTC,8,0,8,0,0
2020-01-04,DOGE,1,0,1,0,0
2020-01-04,ETH,3,0,3,0,0
2020-01-04,LTC,2,0,2,0,0
2020-01-04,XRP,2,0,2,0,0
2020-01-05,BTC,5,0,5,0,0
2020-01-05,ETH,4,0,4,0,0
2020-01-05,XRP,1,0,1,0,0
2020-01-06,BTC,29,0,29,0,0
2020-01-06,ETH,6,0,6,0,0
2020-01-06,XRP,9,0,9,0,0
2020-01-07,BTC,43,0,43,0,0
2020-01-07,ETH,7,0,7,0,0
2020-01-07,LTC,1,0,1,0,0
2020-01-07,XRP,6,0,6,0,0
2020-01-08,BTC,51,0,51,0,0
2020-01-08,ETH,6,0,6,0,0
2020-01-08,LTC,7,0,7,0,0
2020-01-08,XRP,7,0,7,0,0
2020-01-09,BTC,35,0,35,0,0
2020-01-09,ETH,20,0,20,0,0
2020-01-09,LTC,1,0,1,0,0
2020-01-09,XRP,7,0,7,0,0
2020-01-10,ADA,1,0,1,0,0
2020-01-10,BTC,53,0,53,0,0
2020-01-10,DOGE,1,0,1,0,0
2020-01-10,ETH,14,0,14,0,0
2020-01-10,XRP,2,0,2,0,0
2020-01-11,BTC,16,0,16,0,0
2020-01-11,ETH,6,0,6,0,0
2020-01-11,LTC,1,0,1,0,0
2020-01-12,BTC,15,0,15,0,0
2020-01-12,ETH,7,0,7,0,0
2020-01-12,XRP,2,0,2,0,0
2020-01-13,BTC,38,0,38,0,0
2020-01-13,DOGE,1,0,1,0,0
2020-01-13,ETH,8,0,8,0,0
2020-01-13,LTC,2,0,2,0,0
2020-01-13,XRP,5,0,5,0,0
2020-01-14,ADA,1,0,1,0,0
2020-01-14,BTC,45,0,45,0,0
2020-01-14,ETH,5,0,5,0,0
2020-01-14,LTC,3,0,3,0,0
2020-01-14,XRP,13,0,13,0,0
2020-01-15,BTC,55,0,55,0,0
2020-01-15,ETH,13,0,13,0,0
2020-01-15,LTC,1,0,1,0,0
2020-01-15,XRP,7,0,7,0,0
2020-01-16,BTC,33,0,33,0,0
2020-01-16,ETH,11,0,11,0,0
2020-01-16,LTC,2,0,2,0,0
2020-01-16,XRP,4,0,4,0,0
2020-01-17,BNB,1,0,1,0,0
2020-01-17,BTC,47,0,47,0,0
2020-01-17,ETH,15,0,15,0,0
2020-01-17,XRP,7,0,7,0,0
2020-01-18,BTC,7,0,7,0,0
2020-01-18,ETH,3,0,3,0,0
2020-01-19,BTC,15,0,15,0,0
2020-01-19,ETH,2,0,2,0,0
2020-01-19,XRP,4,0,4,0,0
2020-01-20,ADA,4,0,4,0,0
2020-01-20,BTC,41,0,41,0,0
2020-01-20,ETH,5,0,5,0,0
2020-01-20,LTC,2,0,2,0,0
2020-01-20,XRP,6,0,6,0,0
2020-01-21,ADA,4,0,4,0,0
2020-01-21,BNB,1,0,1,0,0
2020-01-21,BTC,38,0,38,0,0
2020-01-21,ETH,5,0,5,0,0
2020-01-21,LINK,1,0,1,0,0
2020-01-21,LTC,1,0,1,0,0
2020-01-21,XRP,8,0,8,0,0
2020-01-22,ADA,1,0,1,0,0
2020-01-22,BNB,1,0,1,0,0
2020-01-22,BTC,39,0,39,0,0
2020-01-22,ETH,16,0,16,0,0
2020-01-22,LINK,1,0,1,0,0
2020-01-22,LTC,1,0,1,0,0
2020-01-22,XRP,9,0,9,0,0
2020-01-23,BTC,39,0,39,0,0
2020-01-23,ETH,10,0,10,0,0
2020-01-23,LTC,2,0,2,0,0
2020-01-23,XRP,10,0,10,0,0
2020-01-24,ADA,1,0,1,0,0
2020-01-24,BTC,43,0,43,0,0
2020-01-24,ETH,6,0,6,0,0
2020-01-24,LTC,2,0,2,0,0
2020-01-24,XRP,17,0,17,0,0
2020-01-25,ADA,1,0,1,0,0
2020-01-25,BNB,1,0,1,0,0
2020-01-25,BTC,15,0,15,0,0
2020-01-25,ETH,3,0,3,0,0
2020-01-25,LTC,2,0,2,0,0
2020-01-25,XRP,4,0,4,0,0
2020-01-26,BTC,10,0,10,0,0
2020-01-26,ETH,1,0,1,0,0
2020-01-27,ADA,1,0,1,0,0
2020-01-27,BTC,41,0,41,0,0
2020-01-27,ETH,8,0,8,0,0
2020-01-27,LTC,3,0,3,0,0
2020-01-27,XRP,2,0,2,0,0
2020-01-28,ADA,2,0,2,0,0
2020-01-28,BTC,37,0,37,0,0
2020-01-28,ETH,15,0,15,0,0
2020-01-28,LTC,1,0,1,0,0
2020-01-28,XRP,5,0,5,0,0
2020-01-29,ADA,2,0,2,0,0
2020-01-29,BNB,1,0,1,0,0
2020-01-29,BTC,50,0,50,0,0
2020-01-29,ETH,8,0,8,0,0
2020-01-29,LTC,3,0,3,0,0
2020-01-29,XRP,3,0,3,0,0
2020-01-30,ADA,1,0,1,0,0
2020-01-30,BNB,1,0,1,0,0
2020-01-30,BTC,40,0,40,0,0
2020-01-30,ETH,12,0,12,0,0
2020-01-30,LTC,3,0,3,0,0
2020-01-30,XRP,3,0,3,0,0
2020-01-31,ADA,2,0,2,0,0
2020-01-31,BTC,51,0,51,0,0
2020-01-31,ETH,16,0,16,0,0
2020-01-31,LINK,1,0,1,0,0
2020-01-31,LTC,4,0,4,0,0
2020-01-31,XRP,13,0,13,0,0
2020-02-01,ADA,1,0,1,0,0
2020-02-01,BTC,18,0,18,0,0
2020-02-01,ETH,6,0,6,0,0
2020-02-01,LTC,3,0,3,0,0
2020-02-01,XRP,3,0,3,0,0
2020-02-02,BTC,11,0,11,0,0
2020-02-02,ETH,3,0,3,0,0
2020-02-02,XRP,3,0,3,0,0
2020-02-03,BTC,41,0,41,0,0
2020-02-03,ETH,6,0,6,0,0
2020-02-03,LTC,2,0,2,0,0
2020-02-03,XRP,4,0,4,0,0
2020-02-04,BTC,43,0,43,0,0
2020-02-04,ETH,16,0,16,0,0
2020-02-04,LTC,2,0,2,0,0
2020-02-04,XRP,14,0,14,0,0
2020-02-05,BTC,42,0,42,0,0
2020-02-05,ETH,13,0,13,0,0
2020-02-05,LTC,2,0,2,0,0
2020-02-05,XRP,19,0,19,0,0
2020-02-06,BTC,43,0,43,0,0
2020-02-06,ETH,12,0,12,0,0
2020-02-06,LINK,1,0,1,0,0
2020-02-06,LTC,5,0,5,0,0
2020-02-06,XRP,3,0,3,0,0
2020-02-07,ADA,1,0,1,0,0
2020-02-07,BNB,1,0,1,0,0
2020-02-07,BTC,32,0,32,0,0
2020-02-07,ETH,15,0,15,0,0
2020-02-07,LTC,3,0,3,0,0
2020-02-07,XRP,3,0,3,0,0
2020-02-08,BTC,11,0,11,0,0
2020-02-08,ETH,3,0,3,0,0
2020-02-08,XRP,1,0,1,0,0
2020-02-09,BNB,1,0,1,0,0
2020-02-09,BTC,17,0,17,0,0
2020-02-09,ETH,4,0,4,0,0
2020-02-09,LTC,1,0,1,0,0
2020-02-09,XRP,3,0,3,0,0
2020-02-10,BNB,1,0,1,0,0
2020-02-10,BTC,33,0,33,0,0
2020-02-10,ETH,9,0,9,0,0
2020-02-10,LTC,5,0,5,0,0
2020-02-10,XRP,2,0,2,0,0
2020-02-11,BNB,3,0,3,0,0
2020-02-11,BTC,46,0,46,0,0
2020-02-11,ETH,17,0,17,0,0
2020-02-11,LTC,2,0,2,0,0
2020-02-11,XRP,7,0,7,0,0
2020-02-12,ADA,2,0,2,0,0
2020-02-12,BTC,40,0,40,0,0
2020-02-12,ETH,14,0,14,0,0
2020-02-12,LTC,1,0,1,0,0
2020-02-12,XRP,9,0,9,0,0
2020-02-13,ADA,3,0,3,0,0
2020-02-13,BTC,38,0,38,0,0
2020-02-13,ETH,7,0,7,0,0
2020-02-13,XRP,15,0,15,0,0
2020-02-14,ADA,5,0,5,0,0
2020-02-14,BTC,39,0,39,0,0
2020-02-14,ETH,8,0,8,0,0
2020-02-14,LTC,4,0,4,0,0
2020-02-14,XRP,6,0,6,0,0
2020-02-15,ADA,2,0,2,0,0
2020-02-15,BTC,13,0,13,0,0
2020-02-15,ETH,5,0,5,0,0
2020-02-15,LINK,1,0,1,0,0
2020-02-15,XRP,3,0,3,0,0
2020-02-16,BTC,16,0,16,0,0
2020-02-16,DOGE,1,0,1,0,0
2020-02-16,ETH,5,0,5,0,0
2020-02-16,LINK,1,0,1,0,0
2020-02-16,LTC,1,0,1,0,0
2020-02-16,XRP,3,0,3,0,0
2020-02-17,BTC,40,0,40,0,0
2020-02-17,ETH,10,0,10,0,0
2020-02-17,XRP,7,0,7,0,0
2020-02-18,ADA,1,0,1,0,0
2020-02-18,BNB,1,0,1,0,0
2020-02-18,BTC,38,0,38,0,0
2020-02-18,ETH,13,0,13,0,0
2020-02-18,LINK,1,0,1,0,0
2020-02-18,LTC,1,0,1,0,0
2020-02-18,XRP,6,0,6,0,0
2020-02-19,ADA,1,0,1,0,0
2020-02-19,BTC,53,0,53,0,0
2020-02-19,ETH,15,0,15,0,0
2020-02-19,LINK,2,0,2,0,0
2020-02-19,LTC,1,0,1,0,0
2020-02-19,XRP,7,0,7,0,0
2020-02-20,BTC,42,0,42,0,0
2020-02-20,ETH,11,0,11,0,0
2020-02-20,XRP,5,0,5,0,0
2020-02-21,ADA,2,0,2,0,0
2020-02-21,BTC,34,0,34,0,0
2020-02-21,ETH,11,0,11,0,0
2020-02-21,LTC,2,0,2,0,0
2020-02-21,XRP,7,0,7,0,0
2020-02-22,BTC,13,0,13,0,0
2020-02-22,ETH,5,0,5,0,0
2020-02-22,XRP,4,0,4,0,0
2020-02-23,BTC,10,0,10,0,0
2020-02-23,ETH,2,0,2,0,0
2020-02-23,XRP,2,0,2,0,0
2020-02-24,ADA,1,0,1,0,0
2020-02-24,BTC,37,0,37,0,0
2020-02-24,ETH,10,0,10,0,0
2020-02-24,XRP,8,0,8,0,0
2020-02-25,ADA,1,0,1,0,0
2020-02-25,BTC,32,0,32,0,0
2020-02-25,ETH,9,0,9,0,0
2020-02-25,LINK,1,0,1,0,0
2020-02-25,LTC,2,0,2,0,0
2020-02-25,XRP,5,0,5,0,0
2020-02-26,BTC,50,0,50,0,0
2020-02-26,ETH,12,0,12,0,0
2020-02-26,XRP,14,0,14,0,0
2020-02-27,BTC,43,0,43,0,0
2020-02-27,ETH,10,0,10,0,0
2020-02-27,XRP,14,0,14,0,0
2020-02-28,BTC,48,0,48,0,0
2020-02-28,ETH,8,0,8,0,0
2020-02-28,LINK,1,0,1,0,0
2020-02-28,LTC,4,0,4,0,0
2020-02-28,XRP,9,0,9,0,0
2020-02-29,BTC,8,0,8,0,0
2020-02-29,ETH,3,0,3,0,0
2020-02-29,XRP,1,0,1,0,0
2020-03-01,BTC,9,0,9,0,0
2020-03-01,ETH,3,0,3,0,0
2020-03-01,XRP,4,0,4,0,0
2020-03-02,BTC,39,0,39,0,0
2020-03-02,DOGE,1,0,1,0,0
2020-03-02,ETH,3,0,3,0,0
2020-03-02,LINK,1,0,1,0,0
2020-03-02,LTC,3,0,3,0,0
2020-03-02,XRP,15,0,15,0,0
2020-03-03,BNB,1,0,1,0,0
2020-03-03,BTC,46,0,46,0,0
2020-03-03,DOGE,2,0,2,0,0
2020-03-03,ETH,7,0,7,0,0
2020-03-03,LINK,1,0,1,0,0
2020-03-03,LTC,3,0,3,0,0
2020-03-03,XRP,4,0,4,0,0
2020-03-04,BNB,2,0,2,0,0
2020-03-04,BTC,45,0,45,0,0
2020-03-04,ETH,18,0,18,0,0
2020-03-04,LINK,2,0,2,0,0
2020-03-04,LTC,3,0,3,0,0
2020-03-04,XRP,5,0,5,0,0
2020-03-05,ADA,2,0,2,0,0
2020-03-05,BTC,56,0,56,0,0
2020-03-05,ETH,12,0,12,0,0
2020-03-05,LTC,4,0,4,0,0
2020-03-05,XRP,6,0,6,0,0
2020-03-06,BTC,32,0,32,0,0
2020-03-06,ETH,16,0,16,0,0
2020-03-06,LTC,1,0,1,0,0
2020-03-06,XRP,5,0,5,0,0
2020-03-07,BTC,16,0,16,0,0
2020-03-07,ETH,8,0,8,0,0
2020-03-07,LTC,1,0,1,0,0
2020-03-07,XRP,3,0,3,0,0
2020-03-08,ADA,1,0,1,0,0
2020-03-08,BTC,12,0,12,0,0
2020-03-08,ETH,5,0,5,0,0
2020-03-08,XRP,6,0,6,0,0
2020-03-09,BTC,52,0,52,0,0
2020-03-09,ETH,13,0,13,0,0
2020-03-09,XRP,3,0,3,0,0
2020-03-10,ADA,2,0,2,0,0
2020-03-10,BNB,1,0,1,0,0
2020-03-10,BTC,59,0,59,0,0
2020-03-10,ETH,17,0,17,0,0
2020-03-10,LTC,1,0,1,0,0
2020-03-10,XRP,1,0,1,0,0
2020-03-11,BNB,2,0,2,0,0
2020-03-11,BTC,43,0,43,0,0
2020-03-11,ETH,11,0,11,0,0
2020-03-11,LTC,2,0,2,0,0
2020-03-11,XRP,6,0,6,0,0
2020-03-12,BTC,58,0,58,0,0
2020-03-12,ETH,11,0,11,0,0
2020-03-12,LTC,1,0,1,0,0
2020-03-12,XRP,2,0,2,0,0
2020-03-13,ADA,1,0,1,0,0
2020-03-13,BTC,60,0,60,0,0
2020-03-13,DOGE,1,0,1,0,0
2020-03-13,ETH,9,0,9,0,0
2020-03-13,LINK,1,0,1,0,0
2020-03-13,XRP,4,0,4,0,0
2020-03-14,BTC,18,0,18,0,0
2020-03-14,XRP,3,0,3,0,0
2020-03-15,BTC,15,0,15,0,0
2020-03-15,ETH,3,0,3,0,0
2020-03-15,XRP,1,0,1,0,0
2020-03-16,BTC,50,0,50,0,0
2020-03-16,ETH,10,0,10,0,0
2020-03-16,LTC,1,0,1,0,0
2020-03-16,XRP,4,0,4,0,0
2020-03-17,ADA,3,0,3,0,0
2020-03-17,BTC,53,0,53,0,0
2020-03-17,ETH,11,0,11,0,0
2020-03-17,LTC,1,0,1,0,0
2020-03-17,XRP,6,0,6,0,0
2020-03-18,BTC,46,0,46,0,0
2020-03-18,ETH,5,0,5,0,0
2020-03-18,XRP,2,0,2,0,0
2020-03-19,BNB,1,0,1,0,0
2020-03-19,BTC,56,0,56,0,0
2020-03-19,ETH,15,0,15,0,0
2020-03-19,LTC,1,0,1,0,0
2020-03-19,VECHAIN,1,0,1,0,0
2020-03-19,XRP,9,0,9,0,0
2020-03-20,ADA,1,0,1,0,0
2020-03-20,BNB,1,0,1,0,0
2020-03-20,BTC,52,0,52,0,0
2020-03-20,ETH,4,0,4,0,0
2020-03-20,LTC,2,0,2,0,0
2020-03-20,XRP,3,0,3,0,0
2020-03-21,BTC,14,0,14,0,0
2020-03-21,ETH,6,0,6,0,0
2020-03-21,XRP,1,0,1,0,0
2020-03-22,BTC,14,0,14,0,0
2020-03-22,ETH,2,0,2,0,0
2020-03-22,XRP,3,0,3,0,0
2020-03-23,ADA,1,0,1,0,0
2020-03-23,BTC,58,0,58,0,0
2020-03-23,ETH,6,0,6,0,0
2020-03-23,LTC,1,0,1,0,0
2020-03-23,XRP,3,0,3,0,0
2020-03-24,ADA,1,0,1,0,0
2020-03-24,BTC,41,0,41,0,0
2020-03-24,ETH,3,0,3,0,0
2020-03-24,XRP,6,0,6,0,0
2020-03-25,ADA,4,0,4,0,0
2020-03-25,BTC,38,0,38,0,0
2020-03-25,DOGE,2,0,2,0,0
2020-03-25,ETH,10,0,10,0,0
2020-03-25,LTC,1,0,1,0,0
2020-03-25,XRP,6,0,6,0,0
2020-03-26,ADA,1,0,1,0,0
2020-03-26,BNB,1,0,1,0,0
2020-03-26,BTC,57,0,57,0,0
2020-03-26,ETH,3,0,3,0,0
2020-03-26,LTC,3,0,3,0,0
2020-03-26,XRP,4,0,4,0,0
2020-03-27,ADA,3,0,3,0,0
2020-03-27,BNB,1,0,1,0,0
2020-03-27,BTC,45,0,45,0,0
2020-03-27,ETH,4,0,4,0,0
2020-03-27,LTC,2,0,2,0,0
2020-03-27,XRP,11,0,11,0,0
2020-03-28,BTC,18,0,18,0,0
2020-03-28,ETH,3,0,3,0,0
2020-03-28,XRP,3,0,3,0,0
2020-03-29,BNB,1,0,1,0,0
2020-03-29,BTC,15,0,15,0,0
2020-03-29,ETH,4,0,4,0,0
2020-03-29,LTC,1,0,1,0,0
2020-03-29,XRP,3,0,3,0,0
2020-03-30,BTC,49,0,49,0,0
2020-03-30,ETH,11,0,11,0,0
2020-03-30,LINK,1,0,1,0,0
2020-03-30,LTC,2,0,2,0,0
2020-03-30,XRP,7,0,7,0,0
2020-03-31,ADA,1,0,1,0,0
2020-03-31,BNB,2,0,2,0,0
2020-03-31,BTC,41,0,41,0,0
2020-03-31,ETH,10,0,10,0,0
2020-03-31,LTC,1,0,1,0,0
2020-03-31,XRP,5,0,5,0,0
2020-04-01,ADA,2,0,2,0,0
2020-04-01,BTC,49,0,49,0,0
2020-04-01,DOGE,1,0,1,0,0
2020-04-01,ETH,10,0,10,0,0
2020-04-01,LINK,1,0,1,0,0
2020-04-01,VECHAIN,1,0,1,0,0
2020-04-01,XRP,11,0,11,0,0
2020-04-02,BNB,1,0,1,0,0
2020-04-02,BTC,50,0,50,0,0
2020-04-02,ETH,8,0,8,0,0
2020-04-02,LTC,1,0,1,0,0
2020-04-02,XRP,9,0,9,0,0
2020-04-03,BTC,52,0,52,0,0
2020-04-03,ETH,5,0,5,0,0
2020-04-03,LTC,1,0,1,0,0
2020-04-03,XRP,9,0,9,0,0
2020-04-04,BTC,5,0,5,0,0
2020-04-04,ETH,1,0,1,0,0
2020-04-04,XRP,2,0,2,0,0
2020-04-05,ADA,1,0,1,0,0
2020-04-05,BTC,13,0,13,0,0
2020-04-05,ETH,4,0,4,0,0
2020-04-05,XRP,1,0,1,0,0
2020-04-06,ADA,1,0,1,0,0
2020-04-06,BTC,54,0,54,0,0
2020-04-06,DOGE,1,0,1,0,0
2020-04-06,ETH,10,0,10,0,0
2020-04-06,LTC,1,0,1,0,0
2020-04-06,XRP,6,0,6,0,0
2020-04-07,ADA,1,0,1,0,0
2020-04-07,BTC,48,0,48,0,0
2020-04-07,ETH,8,0,8,0,0
2020-04-07,LTC,1,0,1,0,0
2020-04-07,XRP,3,0,3,0,0
2020-04-08,ADA,1,0,1,0,0
2020-04-08,BTC,45,0,45,0,0
2020-04-08,ETH,8,0,8,0,0
2020-04-08,LTC,2,0,2,0,0
2020-04-08,XRP,9,0,9,0,0
2020-04-09,ADA,1,0,1,0,0
2020-04-09,BTC,64,0,64,0,0
2020-04-09,ETH,7,0,7,0,0
2020-04-09,LTC,1,0,1,0,0
2020-04-09,XRP,8,0,8,0,0
2020-04-10,BTC,30,0,30,0,0
2020-04-10,ETH,4,0,4,0,0
2020-04-10,XRP,7,0,7,0,0
2020-04-11,BTC,5,0,5,0,0
2020-04-11,ETH,1,0,1,0,0
2020-04-11,XRP,5,0,5,0,0
2020-04-12,BTC,15,0,15,0,0
2020-04-12,ETH,2,0,2,0,0
2020-04-12,XRP,3,0,3,0,0
2020-04-13,BTC,41,0,41,0,0
2020-04-13,ETH,12,0,12,0,0
2020-04-13,LTC,2,0,2,0,0
2020-04-13,XRP,3,0,3,0,0
2020-04-14,BNB,1,0,1,0,0
2020-04-14,BTC,39,0,39,0,0
2020-04-14,DOGE,1,0,1,0,0
2020-04-14,ETH,7,0,7,0,0
2020-04-14,LTC,1,0,1,0,0
2020-04-14,XRP,3,0,3,0,0
2020-04-15,BTC,50,0,50,0,0
2020-04-15,ETH,15,0,15,0,0
2020-04-15,LINK,2,0,2,0,0
2020-04-15,LTC,2,0,2,0,0
2020-04-15,XRP,3,0,3,0,0
2020-04-16,BNB,1,0,1,0,0
2020-04-16,BTC,43,0,43,0,0
2020-04-16,ETH,21,0,21,0,0
2020-04-16,LTC,2,0,2,0,0
2020-04-16,XRP,6,0,6,0,0
2020-04-17,ADA,1,0,1,0,0
2020-04-17,BNB,1,0,1,0,0
2020-04-17,BTC,39,0,39,0,0
2020-04-17,DOGE,1,0,1,0,0
2020-04-17,ETH,12,0,12,0,0
2020-04-17,XRP,6,0,6,0,0
2020-04-18,ADA,1,0,1,0,0
2020-04-18,BTC,16,0,16,0,0
2020-04-18,ETH,7,0,7,0,0
2020-04-18,XRP,3,0,3,0,0
2020-04-19,BTC,17,0,17,0,0
2020-04-19,ETH,2,0,2,0,0
2020-04-19,XRP,1,0,1,0,0
2020-04-20,BTC,41,0,41,0,0
2020-04-20,ETH,12,0,12,0,0
2020-04-20,LINK,1,0,1,0,0
2020-04-20,LTC,1,0,1,0,0
2020-04-20,XRP,7,0,7,0,0
2020-04-21,BTC,45,0,45,0,0
2020-04-21,ETH,10,0,10,0,0
2020-04-21,LINK,1,0,1,0,0
2020-04-21,XRP,10,0,10,0,0
2020-04-22,ADA,2,0,2,0,0
2020-04-22,BTC,36,0,36,0,0
2020-04-22,ETH,10,0,10,0,0
2020-04-22,LTC,1,0,1,0,0
2020-04-22,XRP,13,0,13,0,0
2020-04-23,ADA,1,0,1,0,0
2020-04-23,BNB,1,0,1,0,0
2020-04-23,BTC,45,0,45,0,0
2020-04-23,ETH,14,0,14,0,0
2020-04-23,XRP,3,0,3,0,0
2020-04-24,ADA,5,0,5,0,0
2020-04-24,BTC,35,0,35,0,0
2020-04-24,ETH,10,0,10,0,0
2020-04-24,LINK,2,0,2,0,0
2020-04-24,XRP,4,0,4,0,0
2020-04-25,BTC,11,0,11,0,0
2020-04-25,ETH,3,0,3,0,0
2020-04-25,LTC,1,0,1,0,0
2020-04-25,XRP,3,0,3,0,0
2020-04-26,BTC,12,0,12,0,0
2020-04-26,ETH,5,0,5,0,0
2020-04-27,ADA,1,0,1,0,0
2020-04-27,BTC,34,0,34,0,0
2020-04-27,ETH,14,0,14,0,0
2020-04-27,XRP,4,0,4,0,0
2020-04-28,ADA,3,0,3,0,0
2020-04-28,BNB,1,0,1,0,0
2020-04-28,BTC,41,0,41,0,0
2020-04-28,ETH,8,0,8,0,0
2020-04-28,LTC,1,0,1,0,0
2020-04-28,XRP,9,0,9,0,0
2020-04-29,BTC,46,0,46,0,0
2020-04-29,ETH,10,0,10,0,0
2020-04-29,LTC,3,0,3,0,0
2020-04-29,XRP,15,0,15,0,0
2020-04-30,BTC,52,0,52,0,0
2020-04-30,ETH,9,0,9,0,0
2020-04-30,LINK,2,0,2,0,0
2020-04-30,LTC,2,0,2,0,0
2020-04-30,XRP,1,0,1,0,0
2020-05-01,ADA,1,0,1,0,0
2020-05-01,BTC,43,0,43,0,0
2020-05-01,ETH,12,0,12,0,0
2020-05-01,XRP,15,0,15,0,0
2020-05-02,BTC,10,0,10,0,0
2020-05-02,ETH,1,0,1,0,0
2020-05-02,XRP,2,0,2,0,0
2020-05-03,ADA,1,0,1,0,0
2020-05-03,BTC,17,0,17,0,0
2020-05-03,ETH,4,0,4,0,0
2020-05-04,ADA,2,0,2,0,0
2020-05-04,BTC,50,0,50,0,0
2020-05-04,ETH,17,0,17,0,0
2020-05-04,LTC,1,0,1,0,0
2020-05-04,XRP,8,0,8,0,0
2020-05-05,BNB,1,0,1,0,0
2020-05-05,BTC,57,0,57,0,0
2020-05-05,DOGE,1,0,1,0,0
2020-05-05,ETH,11,0,11,0,0
2020-05-05,LTC,1,0,1,0,0
2020-05-05,XRP,11,0,11,0,0
2020-05-06,BTC,54,0,54,0,0
2020-05-06,ETH,10,0,10,0,0
2020-05-06,LINK,1,0,1,0,0
2020-05-06,LTC,1,0,1,0,0
2020-05-06,XRP,6,0,6,0,0
2020-05-07,ADA,1,0,1,0,0
2020-05-07,BNB,1,0,1,0,0
2020-05-07,BTC,58,0,58,0,0
2020-05-07,DOGE,1,0,1,0,0
2020-05-07,ETH,12,0,12,0,0
2020-05-07,XRP,6,0,6,0,0
2020-05-08,ADA,1,0,1,0,0
2020-05-08,BTC,51,0,51,0,0
2020-05-08,DOGE,1,0,1,0,0
2020-05-08,ETH,10,0,10,0,0
2020-05-08,LTC,1,0,1,0,0
2020-05-08,XRP,7,0,7,0,0
2020-05-09,BTC,21,0,21,0,0
2020-05-09,ETH,4,0,4,0,0
2020-05-09,XRP,1,0,1,0,0
2020-05-10,ADA,1,0,1,0,0
2020-05-10,BTC,21,0,21,0,0
2020-05-10,ETH,4,0,4,0,0
2020-05-10,XRP,3,0,3,0,0
2020-05-11,ADA,2,0,2,0,0
2020-05-11,BTC,79,0,79,0,0
2020-05-11,ETH,23,0,23,0,0
2020-05-11,LTC,2,0,2,0,0
2020-05-11,XRP,5,0,5,0,0
2020-05-12,ADA,1,0,1,0,0
2020-05-12,BTC,43,0,43,0,0
2020-05-12,ETH,22,0,22,0,0
2020-05-12,LINK,3,0,3,0,0
2020-05-12,LTC,1,0,1,0,0
2020-05-12,XRP,10,0,10,0,0
2020-05-13,BTC,55,0,55,0,0
2020-05-13,ETH,15,0,15,0,0
2020-05-13,XRP,6,0,6,0,0
2020-05-14,ADA,2,0,2,0,0
2020-05-14,BTC,54,0,54,0,0
2020-05-14,DOGE,1,0,1,0,0
2020-05-14,ETH,18,0,18,0,0
2020-05-14,XRP,7,0,7,0,0
2020-05-15,BTC,46,0,46,0,0
2020-05-15,DOGE,1,0,1,0,0
2020-05-15,ETH,13,0,13,0,0
2020-05-15,LTC,2,0,2,0,0
2020-05-15,XRP,4,0,4,0,0
2020-05-16,BTC,19,0,19,0,0
2020-05-16,ETH,4,0,4,0,0
2020-05-16,XRP,1,0,1,0,0
2020-05-17,BTC,17,0,17,0,0
2020-05-17,ETH,4,0,4,0,0
2020-05-17,XRP,3,0,3,0,0
2020-05-18,ADA,1,0,1,0,0
2020-05-18,BTC,42,0,42,0,0
2020-05-18,ETH,15,0,15,0,0
2020-05-18,XRP,4,0,4,0,0
2020-05-19,ADA,1,0,1,0,0
2020-05-19,BNB,1,0,1,0,0
2020-05-19,BTC,56,0,56,0,0
2020-05-19,ETH,15,0,15,0,0
2020-05-19,LINK,1,0,1,0,0
2020-05-19,LTC,1,0,1,0,0
2020-05-19,XRP,5,0,5,0,0
2020-05-20,ADA,1,0,1,0,0
2020-05-20,BTC,56,0,56,0,0
2020-05-20,ETH,14,0,14,0,0
2020-05-20,LINK,1,0,1,0,0
2020-05-20,LTC,5,0,5,0,0
2020-05-20,XRP,2,0,2,0,0
2020-05-21,ADA,1,0,1,0,0
2020-05-21,BTC,51,0,51,0,0
2020-05-21,ETH,12,0,12,0,0
2020-05-21,LTC,1,0,1,0,0
2020-05-21,XRP,3,0,3,0,0
2020-05-22,ADA,1,0,1,0,0
2020-05-22,BTC,43,0,43,0,0
2020-05-22,ETH,11,0,11,0,0
2020-05-22,LTC,1,0,1,0,0
2020-05-22,XRP,5,0,5,0,0
2020-05-23,BTC,20,0,20,0,0
2020-05-23,ETH,3,0,3,0,0
2020-05-23,XRP,3,0,3,0,0
2020-05-24,BTC,18,0,18,0,0
2020-05-24,ETH,2,0,2,0,0
2020-05-24,XRP,4,0,4,0,0
2020-05-25,ADA,1,0,1,0,0
2020-05-25,BNB,1,0,1,0,0
2020-05-25,BTC,29,0,29,0,0
2020-05-25,ETH,8,0,8,0,0
2020-05-25,LTC,1,0,1,0,0
2020-05-25,XRP,6,0,6,0,0
2020-05-26,ADA,1,0,1,0,0
2020-05-26,BTC,40,0,40,0,0
2020-05-26,ETH,6,0,6,0,0
2020-05-26,LINK,1,0,1,0,0
2020-05-26,LTC,1,0,1,0,0
2020-05-26,XRP,2,0,2,0,0
2020-05-27,ADA,1,0,1,0,0
2020-05-27,BTC,54,0,54,0,0
2020-05-27,ETH,21,0,21,0,0
2020-05-27,LTC,1,0,1,0,0
2020-05-27,XRP,7,0,7,0,0
2020-05-28,ADA,3,0,3,0,0
2020-05-28,BTC,62,0,62,0,0
2020-05-28,ETH,9,0,9,0,0
2020-05-28,LINK,5,0,5,0,0
2020-05-28,LTC,2,0,2,0,0
2020-05-28,VECHAIN,1,0,1,0,0
2020-05-28,XRP,7,0,7,0,0
2020-05-29,ADA,5,0,5,0,0
2020-05-29,BTC,38,0,38,0,0
2020-05-29,ETH,21,0,21,0,0
2020-05-29,LINK,1,0,1,0,0
2020-05-29,LTC,1,0,1,0,0
2020-05-29,XRP,12,0,12,0,0
2020-05-30,ADA,1,0,1,0,0
2020-05-30,BTC,12,0,12,0,0
2020-05-30,ETH,1,0,1,0,0
2020-05-30,LTC,1,0,1,0,0
2020-05-30,XRP,4,0,4,0,0
2020-05-31,ADA,2,0,2,0,0
2020-05-31,BTC,9,0,9,0,0
2020-05-31,ETH,4,0,4,0,0
2020-06-01,ADA,1,0,1,0,0
2020-06-01,BTC,43,0,43,0,0
2020-06-01,DOGE,1,0,1,0,0
2020-06-01,ETH,9,0,9,0,0
2020-06-01,LTC,3,0,3,0,0
2020-06-01,XRP,8,0,8,0,0
2020-06-02,ADA,2,0,2,0,0
2020-06-02,BTC,64,0,64,0,0
2020-06-02,ETH,13,0,13,0,0
2020-06-02,LTC,5,0,5,0,0
2020-06-02,XRP,5,0,5,0,0
2020-06-03,ADA,1,0,1,0,0
2020-06-03,BTC,60,0,60,0,0
2020-06-03,ETH,12,0,12,0,0
2020-06-03,LTC,6,0,6,0,0
2020-06-03,XRP,15,0,15,0,0
2020-06-04,ADA,5,0,5,0,0
2020-06-04,BTC,55,0,55,0,0
2020-06-04,ETH,19,0,19,0,0
2020-06-04,LTC,2,0,2,0,0
2020-06-04,XRP,7,0,7,0,0
2020-06-05,ADA,5,0,5,0,0
2020-06-05,BNB,1,0,1,0,0
2020-06-05,BTC,50,0,50,0,0
2020-06-05,DOGE,1,0,1,0,0
2020-06-05,ETH,17,0,17,0,0
2020-06-05,XRP,7,0,7,0,0
2020-06-06,BNB,1,0,1,0,0
2020-06-06,BTC,17,0,17,0,0
2020-06-06,LTC,1,0,1,0,0
2020-06-06,XRP,5,0,5,0,0
2020-06-07,BTC,18,0,18,0,0
2020-06-07,DOGE,1,0,1,0,0
2020-06-07,ETH,3,0,3,0,0
2020-06-07,LTC,1,0,1,0,0
2020-06-07,XRP,2,0,2,0,0
2020-06-08,ADA,2,0,2,0,0
2020-06-08,BTC,44,0,44,0,0
2020-06-08,DOGE,1,0,1,0,0
2020-06-08,ETH,8,0,8,0,0
2020-06-08,LTC,2,0,2,0,0
2020-06-08,XRP,4,0,4,0,0
2020-06-09,ADA,2,0,2,0,0
2020-06-09,BTC,40,0,40,0,0
2020-06-09,ETH,11,0,11,0,0
2020-06-09,LTC,1,0,1,0,0
2020-06-09,XRP,8,0,8,0,0
2020-06-10,ADA,3,0,3,0,0
2020-06-10,BTC,53,0,53,0,0
2020-06-10,ETH,19,0,19,0,0
2020-06-10,LINK,1,0,1,0,0
2020-06-10,XRP,7,0,7,0,0
2020-06-11,ADA,1,0,1,0,0
2020-06-11,BTC,55,0,55,0,0
2020-06-11,ETH,13,0,13,0,0
2020-06-11,LTC,1,0,1,0,0
2020-06-11,VECHAIN,2,0,2,0,0
2020-06-11,XRP,6,0,6,0,0
2020-06-12,ADA,2,0,2,0,0
2020-06-12,BTC,44,0,44,0,0
2020-06-12,ETH,11,0,11,0,0
2020-06-12,LINK,1,0,1,0,0
2020-06-12,LTC,2,0,2,0,0
2020-06-12,XRP,7,0,7,0,0
2020-06-13,BTC,18,0,18,0,0
2020-06-13,ETH,4,0,4,0,0
2020-06-13,XRP,3,0,3,0,0
2020-06-14,ADA,1,0,1,0,0
2020-06-14,BTC,15,0,15,0,0
2020-06-14,ETH,4,0,4,0,0
2020-06-14,XRP,3,0,3,0,0
2020-06-15,ADA,5,0,5,0,0
2020-06-15,BTC,44,0,44,0,0
2020-06-15,ETH,13,0,13,0,0
2020-06-15,LTC,3,0,3,0,0
2020-06-15,XRP,3,0,3,0,0
2020-06-16,ADA,1,0,1,0,0
2020-06-16,BTC,50,0,50,0,0
2020-06-16,ETH,14,0,14,0,0
2020-06-16,LTC,1,0,1,0,0
2020-06-16,XRP,6,0,6,0,0
2020-06-17,ADA,2,0,2,0,0
2020-06-17,BTC,38,0,38,0,0
2020-06-17,DOGE,1,0,1,0,0
2020-06-17,ETH,24,0,24,0,0
2020-06-17,LTC,1,0,1,0,0
2020-06-17,XRP,11,0,11,0,0
2020-06-18,ADA,1,0,1,0,0
2020-06-18,BTC,45,0,45,0,0
2020-06-18,DOGE,1,0,1,0,0
2020-06-18,ETH,14,0,14,0,0
2020-06-18,XRP,12,0,12,0,0
2020-06-19,ADA,3,0,3,0,0
2020-06-19,BNB,1,0,1,0,0
2020-06-19,BTC,39,0,39,0,0
2020-06-19,ETH,27,0,27,0,0
2020-06-19,LTC,1,0,1,0,0
2020-06-19,XRP,4,0,4,0,0
2020-06-20,BTC,17,0,17,0,0
2020-06-20,ETH,5,0,5,0,0
2020-06-20,XRP,3,0,3,0,0
2020-06-21,BTC,15,0,15,0,0
2020-06-21,ETH,6,0,6,0,0
2020-06-21,XRP,1,0,1,0,0
2020-06-22,ADA,1,0,1,0,0
2020-06-22,BTC,35,0,35,0,0
2020-06-22,ETH,8,0,8,0,0
2020-06-22,XRP,5,0,5,0,0
2020-06-23,BTC,41,0,41,0,0
2020-06-23,ETH,15,0,15,0,0
2020-06-23,LINK,2,0,2,0,0
2020-06-23,LTC,2,0,2,0,0
2020-06-23,XRP,9,0,9,0,0
2020-06-24,BTC,45,0,45,0,0
2020-06-24,ETH,15,0,15,0,0
2020-06-24,LINK,2,0,2,0,0
2020-06-24,LTC,1,0,1,0,0
2020-06-24,XRP,7,0,7,0,0
2020-06-25,ADA,2,0,2,0,0
2020-06-25,BTC,45,0,45,0,0
2020-06-25,ETH,20,0,20,0,0
2020-06-25,LINK,1,0,1,0,0
2020-06-25,LTC,1,0,1,0,0
2020-06-25,XRP,4,0,4,0,0
2020-06-26,ADA,1,0,1,0,0
2020-06-26,BTC,45,0,45,0,0
2020-06-26,ETH,8,0,8,0,0
2020-06-26,LTC,1,0,1,0,0
2020-06-26,XRP,2,0,2,0,0
2020-06-27,ADA,1,0,1,0,0
2020-06-27,BTC,15,0,15,0,0
2020-06-27,ETH,1,0,1,0,0
2020-06-27,XRP,2,0,2,0,0
2020-06-28,BTC,11,0,11,0,0
2020-06-28,ETH,5,0,5,0,0
2020-06-28,XRP,3,0,3,0,0
2020-06-29,ADA,2,0,2,0,0
2020-06-29,BTC,45,0,45,0,0
2020-06-29,ETH,9,0,9,0,0
2020-06-29,XRP,3,0,3,0,0
2020-06-30,ADA,2,0,2,0,0
2020-06-30,BTC,47,0,47,0,0
2020-06-30,ETH,21,0,21,0,0
2020-06-30,LINK,1,0,1,0,0
2020-06-30,XRP,3,0,3,0,0
2020-07-01,ADA,2,0,2,0,0
2020-07-01,BNB,1,0,1,0,0
2020-07-01,BTC,44,0,44,0,0
2020-07-01,ETH,9,0,9,0,0
2020-07-01,LINK,2,0,2,0,0
2020-07-01,LTC,2,0,2,0,0
2020-07-01,XRP,6,0,6,0,0
2020-07-02,ADA,4,0,4,0,0
2020-07-02,BNB,1,0,1,0,0
2020-07-02,BTC,53,0,53,0,0
2020-07-02,ETH,12,0,12,0,0
2020-07-02,XRP,7,0,7,0,0
2020-07-03,ADA,7,0,7,0,0
2020-07-03,BNB,1,0,1,0,0
2020-07-03,BTC,34,0,34,0,0
2020-07-03,ETH,6,0,6,0,0
2020-07-03,XRP,1,0,1,0,0
2020-07-04,BTC,10,0,10,0,0
2020-07-04,ETH,3,0,3,0,0
2020-07-04,XRP,3,0,3,0,0
2020-07-05,ADA,1,0,1,0,0
2020-07-05,BTC,7,0,7,0,0
2020-07-05,ETH,2,0,2,0,0
2020-07-06,ADA,6,0,6,0,0
2020-07-06,BTC,36,0,36,0,0
2020-07-06,ETH,10,0,10,0,0
2020-07-06,LTC,1,0,1,0,0
2020-07-06,VECHAIN,1,0,1,0,0
2020-07-06,XRP,5,0,5,0,0
2020-07-07,ADA,4,0,4,0,0
2020-07-07,BTC,36,0,36,0,0
2020-07-07,DOGE,2,0,2,0,0
2020-07-07,ETH,16,0,16,0,0
2020-07-07,LINK,2,0,2,0,0
2020-07-07,XRP,5,0,5,0,0
2020-07-08,ADA,3,0,3,0,0
2020-07-08,BTC,43,0,43,0,0
2020-07-08,DOGE,11,0,11,0,0
2020-07-08,ETH,20,0,20,0,0
2020-07-08,LINK,2,0,2,0,0
2020-07-08,LTC,3,0,3,0,0
2020-07-08,XRP,4,0,4,0,0
2020-07-09,ADA,4,0,4,0,0
2020-07-09,BTC,36,0,36,0,0
2020-07-09,DOGE,4,0,4,0,0
2020-07-09,ETH,10,0,10,0,0
2020-07-09,LINK,2,0,2,0,0
2020-07-09,LTC,2,0,2,0,0
2020-07-09,XRP,8,0,8,0,0
2020-07-10,ADA,2,0,2,0,0
2020-07-10,BNB,2,0,2,0,0
2020-07-10,BTC,44,0,44,0,0
2020-07-10,DOGE,1,0,1,0,0
2020-07-10,ETH,12,0,12,0,0
2020-07-10,LTC,1,0,1,0,0
2020-07-10,XRP,3,0,3,0,0
2020-07-11,BTC,22,0,22,0,0
2020-07-11,DOGE,1,0,1,0,0
2020-07-11,ETH,4,0,4,0,0
2020-07-11,XRP,1,0,1,0,0
2020-07-12,ADA,1,0,1,0,0
2020-07-12,BTC,21,0,21,0,0
2020-07-12,DOGE,1,0,1,0,0
2020-07-12,ETH,4,0,4,0,0
2020-07-12,LINK,1,0,1,0,0
2020-07-12,XRP,1,0,1,0,0
2020-07-13,ADA,2,0,2,0,0
2020-07-13,BNB,1,0,1,0,0
2020-07-13,BTC,41,0,41,0,0
2020-07-13,DOGE,3,0,3,0,0
2020-07-13,ETH,10,0,10,0,0
2020-07-13,LINK,3,0,3,0,0
2020-07-13,LTC,1,0,1,0,0
2020-07-13,XRP,3,0,3,0,0
2020-07-14,ADA,1,0,1,0,0
2020-07-14,BNB,1,0,1,0,0
2020-07-14,BTC,42,0,42,0,0
2020-07-14,ETH,14,0,14,0,0
2020-07-14,LINK,2,0,2,0,0
2020-07-14,LTC,1,0,1,0,0
2020-07-14,XRP,3,0,3,0,0
2020-07-15,ADA,1,0,1,0,0
2020-07-15,BTC,51,0,51,0,0
2020-07-15,ETH,16,0,16,0,0
2020-07-15,LINK,2,0,2,0,0
2020-07-15,LTC,3,0,3,0,0
2020-07-15,XRP,4,0,4,0,0
2020-07-16,BTC,53,0,53,0,0
2020-07-16,ETH,15,0,15,0,0
2020-07-16,LINK,1,0,1,0,0
2020-07-16,XRP,2,0,2,0,0
2020-07-17,BTC,45,0,45,0,0
2020-07-17,ETH,12,0,12,0,0
2020-07-17,XRP,3,0,3,0,0
2020-07-18,BTC,13,0,13,0,0
2020-07-18,DOGE,2,0,2,0,0
2020-07-18,ETH,6,0,6,0,0
2020-07-18,XRP,2,0,2,0,0
2020-07-19,ADA,1,0,1,0,0
2020-07-19,BTC,8,0,8,0,0
2020-07-19,DOGE,1,0,1,0,0
2020-07-19,ETH,2,0,2,0,0
2020-07-19,XRP,1,0,1,0,0
2020-07-20,BTC,39,0,39,0,0
2020-07-20,ETH,5,0,5,0,0
2020-07-20,LINK,1,0,1,0,0
2020-07-20,XRP,1,0,1,0,0
2020-07-21,BTC,40,0,40,0,0
2020-07-21,ETH,19,0,19,0,0
2020-07-21,LINK,3,0,3,0,0
2020-07-21,LTC,2,0,2,0,0
2020-07-21,XRP,3,0,3,0,0
2020-07-22,BTC,43,0,43,0,0
2020-07-22,ETH,14,0,14,0,0
2020-07-22,LTC,2,0,2,0,0
2020-07-22,XRP,2,0,2,0,0
2020-07-23,ADA,2,0,2,0,0
2020-07-23,BTC,40,0,40,0,0
2020-07-23,ETH,20,0,20,0,0
2020-07-23,LINK,1,0,1,0,0
2020-07-23,XRP,6,0,6,0,0
2020-07-24,BTC,34,0,34,0,0
2020-07-24,ETH,9,0,9,0,0
2020-07-24,LTC,1,0,1,0,0
2020-07-24,XRP,3,0,3,0,0
2020-07-25,ADA,2,0,2,0,0
2020-07-25,BTC,16,0,16,0,0
2020-07-25,ETH,3,0,3,0,0
2020-07-26,BTC,13,0,13,0,0
2020-07-26,ETH,5,0,5,0,0
2020-07-27,ADA,2,0,2,0,0
2020-07-27,BTC,43,0,43,0,0
2020-07-27,ETH,17,0,17,0,0
2020-07-27,LINK,1,0,1,0,0
2020-07-27,LTC,3,0,3,0,0
2020-07-27,XRP,8,0,8,0,0
2020-07-28,ADA,1,0,1,0,0
2020-07-28,BTC,54,0,54,0,0
2020-07-28,DOGE,1,0,1,0,0
2020-07-28,ETH,23,0,23,0,0
2020-07-28,LTC,1,0,1,0,0
2020-07-28,XRP,3,0,3,0,0
2020-07-29,ADA,1,0,1,0,0
2020-07-29,BTC,42,0,42,0,0
2020-07-29,DOGE,1,0,1,0,0
2020-07-29,ETH,19,0,19,0,0
2020-07-29,LINK,2,0,2,0,0
2020-07-29,LTC,1,0,1,0,0
2020-07-29,XRP,5,0,5,0,0
2020-07-30,ADA,8,0,8,0,0
2020-07-30,BNB,1,0,1,0,0
2020-07-30,BTC,33,0,33,0,0
2020-07-30,ETH,16,0,16,0,0
2020-07-30,XRP,1,0,1,0,0
2020-07-31,BNB,1,0,1,0,0
2020-07-31,BTC,33,0,33,0,0
2020-07-31,ETH,16,0,16,0,0
2020-07-31,LINK,2,0,2,0,0
2020-07-31,LTC,1,0,1,0,0
2020-07-31,XRP,12,0,12,0,0
2020-08-01,BTC,24,0,24,0,0
2020-08-01,ETH,10,0,10,0,0
2020-08-01,LINK,1,0,1,0,0
2020-08-01,LTC,2,0,2,0,0
2020-08-01,XRP,3,0,3,0,0
2020-08-02,BTC,16,0,16,0,0
2020-08-02,ETH,10,0,10,0,0
2020-08-02,XRP,2,0,2,0,0
2020-08-03,ADA,1,0,1,0,0
2020-08-03,BTC,33,0,33,0,0
2020-08-03,ETH,9,0,9,0,0
2020-08-03,LINK,1,0,1,0,0
2020-08-03,XRP,8,0,8,0,0
2020-08-04,ADA,1,0,1,0,0
2020-08-04,BTC,41,0,41,0,0
2020-08-04,ETH,19,0,19,0,0
2020-08-04,LINK,1,0,1,0,0
2020-08-04,LTC,1,0,1,0,0
2020-08-04,XRP,16,0,16,0,0
2020-08-05,BTC,49,0,49,0,0
2020-08-05,ETH,18,0,18,0,0
2020-08-05,LINK,1,0,1,0,0
2020-08-05,LTC,1,0,1,0,0
2020-08-05,XRP,6,0,6,0,0
2020-08-06,ADA,3,0,3,0,0
2020-08-06,BTC,50,0,50,0,0
2020-08-06,ETH,18,0,18,0,0
2020-08-06,XRP,4,0,4,0,0
2020-08-07,ADA,1,0,1,0,0
2020-08-07,BTC,33,0,33,0,0
2020-08-07,ETH,12,0,12,0,0
2020-08-07,LINK,1,0,1,0,0
2020-08-07,XRP,6,0,6,0,0
2020-08-08,ADA,1,0,1,0,0
2020-08-08,BTC,16,0,16,0,0
2020-08-08,ETH,4,0,4,0,0
2020-08-08,XRP,2,0,2,0,0
2020-08-09,ADA,1,0,1,0,0
2020-08-09,BTC,9,0,9,0,0
2020-08-09,ETH,3,0,3,0,0
2020-08-09,LINK,1,0,1,0,0
2020-08-09,XRP,1,0,1,0,0
2020-08-10,BTC,38,0,38,0,0
2020-08-10,ETH,13,0,13,0,0
2020-08-10,LINK,2,0,2,0,0
2020-08-10,XRP,3,0,3,0,0
2020-08-11,BTC,42,0,42,0,0
2020-08-11,ETH,14,0,14,0,0
2020-08-11,LINK,1,0,1,0,0
2020-08-11,SOL,7,0,7,0,0
2020-08-11,XRP,9,0,9,0,0
2020-08-12,ADA,1,0,1,0,0
2020-08-12,BTC,37,0,37,0,0
2020-08-12,ETH,15,0,15,0,0
2020-08-12,SOL,4,0,4,0,0
2020-08-12,XRP,4,0,4,0,0
2020-08-13,ADA,1,0,1,0,0
2020-08-13,BTC,54,0,54,0,0
2020-08-13,ETH,23,0,23,0,0
2020-08-13,LINK,3,0,3,0,0
2020-08-13,SOL,10,0,10,0,0
2020-08-13,XRP,7,0,7,0,0
2020-08-14,BTC,45,0,45,0,0
2020-08-14,ETH,18,0,18,0,0
2020-08-14,LINK,1,0,1,0,0
2020-08-14,SOL,3,0,3,0,0
2020-08-14,XRP,10,0,10,0,0
2020-08-15,BTC,17,0,17,0,0
2020-08-15,ETH,8,0,8,0,0
2020-08-15,XRP,1,0,1,0,0
2020-08-16,BTC,11,0,11,0,0
2020-08-16,ETH,3,0,3,0,0
2020-08-17,BTC,43,0,43,0,0
2020-08-17,ETH,12,0,12,0,0
2020-08-17,LINK,1,0,1,0,0
2020-08-17,LTC,11,0,11,0,0
2020-08-17,SOL,2,0,2,0,0
2020-08-17,XRP,4,0,4,0,0
2020-08-18,BTC,47,0,47,0,0
2020-08-18,ETH,16,0,16,0,0
2020-08-18,LINK,3,0,3,0,0
2020-08-18,LTC,1,0,1,0,0
2020-08-18,SOL,8,0,8,0,0
2020-08-18,XRP,4,0,4,0,0
2020-08-19,ADA,1,0,1,0,0
2020-08-19,BTC,34,0,34,0,0
2020-08-19,ETH,14,0,14,0,0
2020-08-19,LINK,5,0,5,0,0
2020-08-19,LTC,1,0,1,0,0
2020-08-19,SOL,4,0,4,0,0
2020-08-19,XRP,9,0,9,0,0
2020-08-20,ADA,2,0,2,0,0
2020-08-20,BTC,34,0,34,0,0
2020-08-20,ETH,21,0,21,0,0
2020-08-20,LINK,2,0,2,0,0
2020-08-20,LTC,1,0,1,0,0
2020-08-20,SOL,4,0,4,0,0
2020-08-20,XRP,8,0,8,0,0
2020-08-21,BTC,39,0,39,0,0
2020-08-21,ETH,13,0,13,0,0
2020-08-21,LINK,2,0,2,0,0
2020-08-21,LTC,1,0,1,0,0
2020-08-21,SOL,8,0,8,0,0
2020-08-21,XRP,2,0,2,0,0
2020-08-22,BTC,14,0,14,0,0
2020-08-22,ETH,4,0,4,0,0
2020-08-22,XRP,2,0,2,0,0
2020-08-23,BTC,11,0,11,0,0
2020-08-23,ETH,2,0,2,0,0
2020-08-23,XRP,1,0,1,0,0
2020-08-24,BTC,37,0,37,0,0
2020-08-24,DOT,1,0,1,0,0
2020-08-24,ETH,6,0,6,0,0
2020-08-24,SOL,4,0,4,0,0
2020-08-24,XRP,5,0,5,0,0
2020-08-25,ADA,1,0,1,0,0
2020-08-25,BTC,36,0,36,0,0
2020-08-25,DOT,1,0,1,0,0
2020-08-25,ETH,20,0,20,0,0
2020-08-25,LINK,1,0,1,0,0
2020-08-25,LTC,1,0,1,0,0
2020-08-25,SOL,9,0,9,0,0
2020-08-25,XRP,4,0,4,0,0
2020-08-26,ADA,2,0,2,0,0
2020-08-26,BTC,33,0,33,0,0
2020-08-26,ETH,16,0,16,0,0
2020-08-26,LINK,2,0,2,0,0
2020-08-26,LTC,1,0,1,0,0
2020-08-26,SOL,3,0,3,0,0
2020-08-26,XRP,8,0,8,0,0
2020-08-27,BTC,53,0,53,0,0
2020-08-27,DOT,3,0,3,0,0
2020-08-27,ETH,15,0,15,0,0
2020-08-27,SOL,18,0,18,0,0
2020-08-27,XRP,3,0,3,0,0
2020-08-28,BTC,34,0,34,0,0
2020-08-28,DOT,1,0,1,0,0
2020-08-28,ETH,10,0,10,0,0
2020-08-28,XRP,5,0,5,0,0
2020-08-29,BTC,14,0,14,0,0
2020-08-29,ETH,4,0,4,0,0
2020-08-29,LINK,2,0,2,0,0
2020-08-29,SOL,1,0,1,0,0
2020-08-29,XRP,2,0,2,0,0
2020-08-30,BTC,12,0,12,0,0
2020-08-30,ETH,5,0,5,0,0
2020-08-31,ADA,4,0,4,0,0
2020-08-31,BTC,40,0,40,0,0
2020-08-31,ETH,12,0,12,0,0
2020-08-31,LINK,1,0,1,0,0
2020-08-31,SOL,2,0,2,0,0
2020-08-31,XRP,3,0,3,0,0
2020-09-01,ADA,2,0,2,0,0
2020-09-01,BTC,39,0,39,0,0
2020-09-01,DOT,1,0,1,0,0
2020-09-01,ETH,23,0,23,0,0
2020-09-01,LINK,3,0,3,0,0
2020-09-01,LTC,1,0,1,0,0
2020-09-01,SOL,6,0,6,0,0
2020-09-01,XRP,5,0,5,0,0
2020-09-02,BNB,1,0,1,0,0
2020-09-02,BTC,31,0,31,0,0
2020-09-02,ETH,17,0,17,0,0
2020-09-02,LTC,1,0,1,0,0
2020-09-02,SOL,3,0,3,0,0
2020-09-02,XRP,4,0,4,0,0
2020-09-03,BTC,42,0,42,0,0
2020-09-03,ETH,14,0,14,0,0
2020-09-03,LINK,1,0,1,0,0
2020-09-03,LTC,1,0,1,0,0
2020-09-03,SOL,6,0,6,0,0
2020-09-03,XRP,4,0,4,0,0
2020-09-04,BTC,28,0,28,0,0
2020-09-04,DOT,1,0,1,0,0
2020-09-04,ETH,13,0,13,0,0
2020-09-04,LINK,2,0,2,0,0
2020-09-04,LTC,1,0,1,0,0
2020-09-04,SOL,1,0,1,0,0
2020-09-04,XRP,4,0,4,0,0
2020-09-05,BTC,9,0,9,0,0
2020-09-05,ETH,6,0,6,0,0
2020-09-05,XRP,1,0,1,0,0
2020-09-06,BTC,10,0,10,0,0
2020-09-06,ETH,4,0,4,0,0
2020-09-06,LTC,2,0,2,0,0
2020-09-06,XRP,1,0,1,0,0
2020-09-07,BTC,25,0,25,0,0
2020-09-07,ETH,5,0,5,0,0
2020-09-07,LINK,1,0,1,0,0
2020-09-07,SOL,2,0,2,0,0
2020-09-07,XRP,1,0,1,0,0
2020-09-08,ADA,1,0,1,0,0
2020-09-08,BTC,31,0,31,0,0
2020-09-08,ETH,11,0,11,0,0
2020-09-08,LINK,2,0,2,0,0
2020-09-08,SOL,1,0,1,0,0
2020-09-08,XRP,4,0,4,0,0
2020-09-09,BNB,1,0,1,0,0
2020-09-09,BTC,43,0,43,0,0
2020-09-09,ETH,16,0,16,0,0
2020-09-09,LINK,1,0,1,0,0
2020-09-09,SOL,6,0,6,0,0
2020-09-09,XRP,1,0,1,0,0
2020-09-10,BTC,34,0,34,0,0
2020-09-10,DOT,2,0,2,0,0
2020-09-10,ETH,21,0,21,0,0
2020-09-10,LTC,1,0,1,0,0
2020-09-10,SOL,6,0,6,0,0
2020-09-10,XRP,9,0,9,0,0
2020-09-11,BTC,35,0,35,0,0
2020-09-11,DOT,1,0,1,0,0
2020-09-11,ETH,13,0,13,0,0
2020-09-11,SOL,3,0,3,0,0
2020-09-11,XRP,1,0,1,0,0
2020-09-12,BNB,1,0,1,0,0
2020-09-12,BTC,13,0,13,0,0
2020-09-12,ETH,8,0,8,0,0
2020-09-13,BNB,2,0,2,0,0
2020-09-13,BTC,6,0,6,0,0
2020-09-13,ETH,4,0,4,0,0
2020-09-14,BNB,1,0,1,0,0
2020-09-14,BTC,33,0,33,0,0
2020-09-14,ETH,15,0,15,0,0
2020-09-14,LINK,3,0,3,0,0
2020-09-14,SOL,4,0,4,0,0
2020-09-14,XRP,1,0,1,0,0
2020-09-15,BTC,45,0,45,0,0
2020-09-15,DOT,1,0,1,0,0
2020-09-15,ETH,14,0,14,0,0
2020-09-15,LINK,2,0,2,0,0
2020-09-15,MATIC,1,0,1,0,0
2020-09-15,SOL,6,0,6,0,0
2020-09-15,XRP,4,0,4,0,0
2020-09-16,ADA,2,0,2,0,0
2020-09-16,BTC,34,0,34,0,0
2020-09-16,DOT,2,0,2,0,0
2020-09-16,ETH,9,0,9,0,0
2020-09-16,SOL,4,0,4,0,0
2020-09-16,XRP,6,0,6,0,0
2020-09-17,BTC,35,0,35,0,0
2020-09-17,DOT,2,0,2,0,0
2020-09-17,ETH,18,0,18,0,0
2020-09-17,SOL,8,0,8,0,0
2020-09-17,UNI,10,0,10,0,0
2020-09-17,XRP,3,0,3,0,0
2020-09-18,BTC,32,0,32,0,0
2020-09-18,ETH,20,0,20,0,0
2020-09-18,LINK,1,0,1,0,0
2020-09-18,SOL,5,0,5,0,0
2020-09-18,TERRA,1,0,1,0,0
2020-09-18,UNI,11,0,11,0,0
2020-09-18,VECHAIN,2,0,2,0,0
2020-09-18,XRP,2,0,2,0,0
2020-09-19,BTC,11,0,11,0,0
2020-09-19,ETH,5,0,5,0,0
2020-09-19,TERRA,1,0,1,0,0
2020-09-19,XRP,2,0,2,0,0
2020-09-20,BTC,10,0,10,0,0
2020-09-20,ETH,5,0,5,0,0
2020-09-21,BNB,1,0,1,0,0
2020-09-21,BTC,33,0,33,0,0
2020-09-21,ETH,8,0,8,0,0
2020-09-21,SOL,5,0,5,0,0
2020-09-21,UNI,1,0,1,0,0
2020-09-21,XRP,2,0,2,0,0
2020-09-22,AVAX,1,0,1,0,0
2020-09-22,BTC,34,0,34,0,0
2020-09-22,DOT,1,0,1,0,0
2020-09-22,ETH,6,0,6,0,0
2020-09-22,LTC,2,0,2,0,0
2020-09-22,SOL,4,0,4,0,0
2020-09-22,UNI,5,0,5,0,0
2020-09-22,XRP,2,0,2,0,0
2020-09-23,BTC,29,0,29,0,0
2020-09-23,DOT,1,0,1,0,0
2020-09-23,ETH,16,0,16,0,0
2020-09-23,LINK,1,0,1,0,0
2020-09-23,SOL,4,0,4,0,0
2020-09-23,UNI,6,0,6,0,0
2020-09-23,XRP,4,0,4,0,0
2020-09-24,BTC,38,0,38,0,0
2020-09-24,DOT,1,0,1,0,0
2020-09-24,ETH,13,0,13,0,0
2020-09-24,LINK,1,0,1,0,0
2020-09-24,SOL,7,0,7,0,0
2020-09-24,UNI,6,0,6,0,0
2020-09-24,XRP,5,0,5,0,0
2020-09-25,AVAX,1,0,1,0,0
2020-09-25,BTC,35,0,35,0,0
2020-09-25,DOT,1,0,1,0,0
2020-09-25,ETH,20,0,20,0,0
2020-09-25,LINK,3,0,3,0,0
2020-09-25,SOL,5,0,5,0,0
2020-09-25,TERRA,1,0,1,0,0
2020-09-25,UNI,5,0,5,0,0
2020-09-25,XRP,9,0,9,0,0
2020-09-26,BTC,13,0,13,0,0
2020-09-26,ETH,6,0,6,0,0
2020-09-26,LTC,1,0,1,0,0
2020-09-26,SOL,1,0,1,0,0
2020-09-26,XRP,3,0,3,0,0
2020-09-27,BNB,1,0,1,0,0
2020-09-27,BTC,12,0,12,0,0
2020-09-27,ETH,8,0,8,0,0
2020-09-28,BTC,46,0,46,0,0
2020-09-28,ETH,16,0,16,0,0
2020-09-28,LTC,1,0,1,0,0
2020-09-28,SOL,3,0,3,0,0
2020-09-28,UNI,7,0,7,0,0
2020-09-28,XRP,2,0,2,0,0
2020-09-29,BNB,2,0,2,0,0
2020-09-29,BTC,33,0,33,0,0
2020-09-29,DOGE,1,0,1,0,0
2020-09-29,DOT,1,0,1,0,0
2020-09-29,ETH,17,0,17,0,0
2020-09-29,LTC,2,0,2,0,0
2020-09-29,SOL,5,0,5,0,0
2020-09-29,UNI,7,0,7,0,0
2020-09-29,XRP,10,0,10,0,0
2020-09-30,BNB,1,0,1,0,0
2020-09-30,BTC,39,0,39,0,0
2020-09-30,DOT,1,0,1,0,0
2020-09-30,ETH,17,0,17,0,0
2020-09-30,LINK,5,0,5,0,0
2020-09-30,LTC,1,0,1,0,0
2020-09-30,SOL,8,0,8,0,0
2020-09-30,UNI,6,0,6,0,0
2020-09-30,XRP,12,0,12,0,0
2020-10-01,ADA,6,0,6,0,0
2020-10-01,BTC,42,0,42,0,0
2020-10-01,ETH,27,0,27,0,0
2020-10-01,LINK,2,0,2,0,0
2020-10-01,SOL,9,0,9,0,0
2020-10-01,UNI,4,0,4,0,0
2020-10-01,XRP,3,0,3,0,0
2020-10-02,BTC,47,0,47,0,0
2020-10-02,ETH,25,0,25,0,0
2020-10-02,SOL,4,0,4,0,0
2020-10-02,TERRA,1,0,1,0,0
2020-10-02,UNI,1,0,1,0,0
2020-10-02,XRP,5,0,5,0,0
2020-10-03,ADA,1,0,1,0,0
2020-10-03,BTC,14,0,14,0,0
2020-10-03,ETH,2,0,2,0,0
2020-10-03,LINK,1,0,1,0,0
2020-10-03,MATIC,2,0,2,0,0
2020-10-03,SOL,3,0,3,0,0
2020-10-03,XRP,1,0,1,0,0
2020-10-04,BNB,1,0,1,0,0
2020-10-04,BTC,10,0,10,0,0
2020-10-04,ETH,6,0,6,0,0
2020-10-04,LTC,1,0,1,0,0
2020-10-04,UNI,1,0,1,0,0
2020-10-05,ADA,1,0,1,0,0
2020-10-05,BTC,29,0,29,0,0
2020-10-05,DOT,1,0,1,0,0
2020-10-05,ETH,8,0,8,0,0
2020-10-05,MATIC,1,0,1,0,0
2020-10-05,SOL,4,0,4,0,0
2020-10-05,UNI,1,0,1,0,0
2020-10-05,XRP,4,0,4,0,0
2020-10-06,BTC,41,0,41,0,0
2020-10-06,ETH,22,0,22,0,0
2020-10-06,LINK,1,0,1,0,0
2020-10-06,LTC,1,0,1,0,0
2020-10-06,MATIC,2,0,2,0,0
2020-10-06,SOL,10,0,10,0,0
2020-10-06,UNI,1,0,1,0,0
2020-10-06,XRP,6,0,6,0,0
2020-10-07,ADA,1,0,1,0,0
2020-10-07,BTC,43,0,43,0,0
2020-10-07,ETH,13,0,13,0,0
2020-10-07,SOL,5,0,5,0,0
2020-10-07,UNI,5,0,5,0,0
2020-10-07,XRP,12,0,12,0,0
2020-10-08,BTC,45,0,45,0,0
2020-10-08,ETH,17,0,17,0,0
2020-10-08,MATIC,1,0,1,0,0
2020-10-08,SOL,5,0,5,0,0
2020-10-08,UNI,2,0,2,0,0
2020-10-08,XRP,5,0,5,0,0
2020-10-09,ADA,1,0,1,0,0
2020-10-09,AVAX,1,0,1,0,0
2020-10-09,BTC,42,0,42,0,0
2020-10-09,DOT,2,0,2,0,0
2020-10-09,ETH,19,0,19,0,0
2020-10-09,LINK,1,0,1,0,0
2020-10-09,MATIC,1,0,1,0,0
2020-10-09,SOL,6,0,6,0,0
2020-10-09,UNI,1,0,1,0,0
2020-10-09,XRP,11,0,11,0,0
2020-10-10,ADA,1,0,1,0,0
2020-10-10,BTC,22,0,22,0,0
2020-10-10,DOT,1,0,1,0,0
2020-10-10,ETH,7,0,7,0,0
2020-10-10,MATIC,4,0,4,0,0
2020-10-10,SOL,4,0,4,0,0
2020-10-10,UNI,1,0,1,0,0
2020-10-10,XRP,1,0,1,0,0
2020-10-11,BTC,15,0,15,0,0
2020-10-11,ETH,5,0,5,0,0
2020-10-11,MATIC,3,0,3,0,0
2020-10-11,SOL,3,0,3,0,0
2020-10-11,XRP,1,0,1,0,0
2020-10-12,ADA,1,0,1,0,0
2020-10-12,BNB,1,0,1,0,0
2020-10-12,BTC,49,0,49,0,0
2020-10-12,ETH,20,0,20,0,0
2020-10-12,MATIC,2,0,2,0,0
2020-10-12,SOL,8,0,8,0,0
2020-10-12,UNI,3,0,3,0,0
2020-10-12,XRP,8,0,8,0,0
2020-10-13,BNB,2,0,2,0,0
2020-10-13,BTC,50,0,50,0,0
2020-10-13,ETH,17,0,17,0,0
2020-10-13,LTC,1,0,1,0,0
2020-10-13,MATIC,1,0,1,0,0
2020-10-13,SOL,10,0,10,0,0
2020-10-13,TERRA,2,0,2,0,0
2020-10-13,UNI,1,0,1,0,0
2020-10-13,XRP,10,0,10,0,0
2020-10-14,ADA,1,0,1,0,0
2020-10-14,BNB,1,0,1,0,0
2020-10-14,BTC,49,0,49,0,0
2020-10-14,DOT,3,0,3,0,0
2020-10-14,ETH,28,0,28,0,0
2020-10-14,LINK,1,0,1,0,0
2020-10-14,LTC,8,0,8,0,0
2020-10-14,MATIC,2,0,2,0,0
2020-10-14,SOL,11,0,11,0,0
2020-10-14,UNI,4,0,4,0,0
2020-10-14,XRP,6,0,6,0,0
2020-10-15,BTC,44,0,44,0,0
2020-10-15,ETH,23,0,23,0,0
2020-10-15,LINK,1,0,1,0,0
2020-10-15,MATIC,3,0,3,0,0
2020-10-15,SOL,8,0,8,0,0
2020-10-15,UNI,2,0,2,0,0
2020-10-15,XRP,7,0,7,0,0
2020-10-16,ADA,1,0,1,0,0
2020-10-16,BTC,41,0,41,0,0
2020-10-16,ETH,8,0,8,0,0
2020-10-16,LINK,2,0,2,0,0
2020-10-16,LTC,1,0,1,0,0
2020-10-16,SOL,9,0,9,0,0
2020-10-16,UNI,2,0,2,0,0
2020-10-16,XRP,5,0,5,0,0
2020-10-17,BTC,12,0,12,0,0
2020-10-17,ETH,4,0,4,0,0
2020-10-18,BTC,13,0,13,0,0
2020-10-18,ETH,3,0,3,0,0
2020-10-18,MATIC,3,0,3,0,0
2020-10-18,SOL,3,0,3,0,0
2020-10-18,UNI,1,0,1,0,0
2020-10-18,XRP,1,0,1,0,0
2020-10-19,BTC,40,0,40,0,0
2020-10-19,ETH,7,0,7,0,0
2020-10-19,LTC,1,0,1,0,0
2020-10-19,MATIC,1,0,1,0,0
2020-10-19,SOL,6,0,6,0,0
2020-10-19,XRP,4,0,4,0,0
2020-10-20,BTC,41,0,41,0,0
2020-10-20,DOT,1,0,1,0,0
2020-10-20,ETH,14,0,14,0,0
2020-10-20,LINK,1,0,1,0,0
2020-10-20,MATIC,1,0,1,0,0
2020-10-20,SOL,7,0,7,0,0
2020-10-20,UNI,5,0,5,0,0
2020-10-20,XRP,6,0,6,0,0
2020-10-21,ADA,1,0,1,0,0
2020-10-21,BTC,68,0,68,0,0
2020-10-21,ETH,22,0,22,0,0
2020-10-21,LTC,7,0,7,0,0
2020-10-21,MATIC,1,0,1,0,0
2020-10-21,SOL,12,0,12,0,0
2020-10-21,UNI,2,0,2,0,0
2020-10-21,XRP,1,0,1,0,0
2020-10-22,BTC,58,0,58,0,0
2020-10-22,ETH,13,0,13,0,0
2020-10-22,LTC,3,0,3,0,0
2020-10-22,MATIC,1,0,1,0,0
2020-10-22,SOL,8,0,8,0,0
2020-10-22,UNI,2,0,2,0,0
2020-10-22,XRP,8,0,8,0,0
2020-10-23,BNB,3,0,3,0,0
2020-10-23,BTC,48,0,48,0,0
2020-10-23,DOT,1,0,1,0,0
2020-10-23,ETH,9,0,9,0,0
2020-10-23,MATIC,2,0,2,0,0
2020-10-23,SOL,4,0,4,0,0
2020-10-23,XRP,8,0,8,0,0
2020-10-24,BTC,17,0,17,0,0
2020-10-24,ETH,5,0,5,0,0
2020-10-24,XRP,9,0,9,0,0
2020-10-25,BTC,11,0,11,0,0
2020-10-25,ETH,3,0,3,0,0
2020-10-25,LINK,1,0,1,0,0
2020-10-25,LTC,1,0,1,0,0
2020-10-25,UNI,1,0,1,0,0
2020-10-26,BTC,40,0,40,0,0
2020-10-26,ETH,16,0,16,0,0
2020-10-26,SOL,2,0,2,0,0
2020-10-26,UNI,5,0,5,0,0
2020-10-26,XRP,6,0,6,0,0
2020-10-27,BNB,1,0,1,0,0
2020-10-27,BTC,44,0,44,0,0
2020-10-27,ETH,15,0,15,0,0
2020-10-27,LTC,1,0,1,0,0
2020-10-27,SOL,6,0,6,0,0
2020-10-27,UNI,4,0,4,0,0
2020-10-27,XRP,6,0,6,0,0
2020-10-28,AVAX,1,0,1,0,0
2020-10-28,BTC,56,0,56,0,0
2020-10-28,ETH,17,0,17,0,0
2020-10-28,MATIC,1,0,1,0,0
2020-10-28,SOL,6,0,6,0,0
2020-10-28,UNI,1,0,1,0,0
2020-10-28,XRP,1,0,1,0,0
2020-10-29,AVAX,1,0,1,0,0
2020-10-29,BTC,47,0,47,0,0
2020-10-29,DOT,1,0,1,0,0
2020-10-29,ETH,10,0,10,0,0
2020-10-29,LTC,2,0,2,0,0
2020-10-29,SOL,7,0,7,0,0
2020-10-29,TERRA,1,0,1,0,0
2020-10-29,UNI,3,0,3,0,0
2020-10-29,XRP,9,0,9,0,0
2020-10-30,BTC,39,0,39,0,0
2020-10-30,ETH,9,0,9,0,0
2020-10-30,SOL,6,0,6,0,0
2020-10-30,UNI,4,0,4,0,0
2020-10-30,XRP,13,0,13,0,0
2020-10-31,ADA,1,0,1,0,0
2020-10-31,BTC,26,0,26,0,0
2020-10-31,ETH,4,0,4,0,0
2020-10-31,MATIC,2,0,2,0,0
2020-10-31,SOL,2,0,2,0,0
2020-10-31,XRP,2,0,2,0,0
2020-11-01,BTC,21,0,21,0,0
2020-11-01,ETH,2,0,2,0,0
2020-11-01,MATIC,5,0,5,0,0
2020-11-01,SOL,6,0,6,0,0
2020-11-01,UNI,1,0,1,0,0
2020-11-02,ADA,1,0,1,0,0
2020-11-02,BTC,38,0,38,0,0
2020-11-02,ETH,7,0,7,0,0
2020-11-02,LTC,2,0,2,0,0
2020-11-02,SOL,5,0,5,0,0
2020-11-02,UNI,5,0,5,0,0
2020-11-02,XRP,2,0,2,0,0
2020-11-03,BNB,1,0,1,0,0
2020-11-03,BTC,47,0,47,0,0
2020-11-03,ETH,6,0,6,0,0
2020-11-03,LINK,1,0,1,0,0
2020-11-03,SOL,2,0,2,0,0
2020-11-03,TERRA,1,0,1,0,0
2020-11-03,XRP,4,0,4,0,0
2020-11-04,BTC,53,0,53,0,0
2020-11-04,ETH,20,0,20,0,0
2020-11-04,LINK,2,0,2,0,0
2020-11-04,MATIC,4,0,4,0,0
2020-11-04,SOL,7,0,7,0,0
2020-11-04,XRP,1,0,1,0,0
2020-11-05,ADA,2,0,2,0,0
2020-11-05,BTC,57,0,57,0,0
2020-11-05,ETH,14,0,14,0,0
2020-11-05,LTC,2,0,2,0,0
2020-11-05,MATIC,1,0,1,0,0
2020-11-05,SOL,6,0,6,0,0
2020-11-05,UNI,3,0,3,0,0
2020-11-05,XRP,3,0,3,0,0
2020-11-06,ADA,1,0,1,0,0
2020-11-06,BNB,1,0,1,0,0
2020-11-06,BTC,54,0,54,0,0
2020-11-06,ETH,20,0,20,0,0
2020-11-06,SOL,3,0,3,0,0
2020-11-06,XRP,5,0,5,0,0
2020-11-07,BTC,21,0,21,0,0
2020-11-07,ETH,2,0,2,0,0
2020-11-07,XRP,3,0,3,0,0
2020-11-08,ADA,1,0,1,0,0
2020-11-08,BTC,14,0,14,0,0
2020-11-08,DOT,1,0,1,0,0
2020-11-08,ETH,5,0,5,0,0
2020-11-08,MATIC,1,0,1,0,0
2020-11-08,SOL,1,0,1,0,0
2020-11-08,XRP,2,0,2,0,0
2020-11-09,BTC,47,0,47,0,0
2020-11-09,ETH,5,0,5,0,0
2020-11-09,LTC,1,0,1,0,0
2020-11-09,SOL,2,0,2,0,0
2020-11-09,XRP,7,0,7,0,0
2020-11-10,ADA,3,0,3,0,0
2020-11-10,BTC,212,0,212,0,0
2020-11-10,DOGE,1,0,1,0,0
2020-11-10,ETH,51,0,51,0,0
2020-11-10,LINK,1,0,1,0,0
2020-11-10,LTC,5,0,5,0,0
2020-11-10,MATIC,1,0,1,0,0
2020-11-10,SOL,7,0,7,0,0
2020-11-10,TERRA,2,0,2,0,0
2020-11-10,UNI,1,0,1,0,0
2020-11-10,XRP,28,0,28,0,0
2020-11-11,ADA,4,0,4,0,0
2020-11-11,BNB,3,0,3,0,0
2020-11-11,BTC,195,0,195,0,0
2020-11-11,ETH,80,0,80,0,0
2020-11-11,LINK,2,0,2,0,0
2020-11-11,LTC,2,0,2,0,0
2020-11-11,MATIC,1,0,1,0,0
2020-11-11,SOL,7,0,7,0,0
2020-11-11,UNI,2,0,2,0,0
2020-11-11,XRP,19,0,19,0,0
2020-11-12,BNB,1,0,1,0,0
2020-11-12,BTC,54,0,54,0,0
2020-11-12,DOGE,1,0,1,0,0
2020-11-12,ETH,15,0,15,0,0
2020-11-12,LINK,3,0,3,0,0
2020-11-12,LTC,1,0,1,0,0
2020-11-12,SOL,6,0,6,0,0
2020-11-12,UNI,2,0,2,0,0
2020-11-12,XRP,7,0,7,0,0
2020-11-13,ADA,1,0,1,0,0
2020-11-13,BTC,12,0,12,0,0
2020-11-13,DOT,1,0,1,0,0
2020-11-13,ETH,3,0,3,0,0
2020-11-13,SOL,5,0,5,0,0
2020-11-13,UNI,1,0,1,0,0
2020-11-13,XRP,1,0,1,0,0
2020-11-14,BTC,3,0,3,0,0
2020-11-14,ETH,2,0,2,0,0
2020-11-15,BTC,5,0,5,0,0
2020-11-15,ETH,1,0,1,0,0
2020-11-15,UNI,1,0,1,0,0
2020-11-15,XRP,2,0,2,0,0
2020-11-16,BTC,20,0,20,0,0
2020-11-16,ETH,3,0,3,0,0
2020-11-16,LINK,1,0,1,0,0
2020-11-16,LTC,3,0,3,0,0
2020-11-16,MATIC,1,0,1,0,0
2020-11-16,SOL,5,0,5,0,0
2020-11-16,UNI,2,0,2,0,0
2020-11-17,BTC,22,0,22,0,0
2020-11-17,DOGE,1,0,1,0,0
2020-11-17,DOT,3,0,3,0,0
2020-11-17,ETH,9,0,9,0,0
2020-11-17,LINK,1,0,1,0,0
2020-11-17,LTC,4,0,4,0,0
2020-11-17,SOL,6,0,6,0,0
2020-11-17,UNI,4,0,4,0,0
2020-11-18,AVAX,1,0,1,0,0
2020-11-18,BTC,19,0,19,0,0
2020-11-18,ETH,8,0,8,0,0
2020-11-18,LINK,1,0,1,0,0
2020-11-18,LTC,1,0,1,0,0
2020-11-18,SOL,8,0,8,0,0
2020-11-19,BTC,14,0,14,0,0
2020-11-19,ETH,6,0,6,0,0
2020-11-19,LINK,1,0,1,0,0
2020-11-19,MATIC,1,0,1,0,0
2020-11-19,SOL,7,0,7,0,0
2020-11-19,UNI,2,0,2,0,0
2020-11-20,BTC,16,0,16,0,0
2020-11-20,ETH,4,0,4,0,0
2020-11-20,MATIC,1,0,1,0,0
2020-11-20,SOL,3,0,3,0,0
2020-11-20,UNI,1,0,1,0,0
2020-11-21,ADA,1,0,1,0,0
2020-11-21,BTC,6,0,6,0,0
2020-11-21,LTC,1,0,1,0,0
2020-11-21,XRP,1,0,1,0,0
2020-11-22,BTC,6,0,6,0,0
2020-11-22,ETH,2,0,2,0,0
2020-11-22,LTC,1,0,1,0,0
2020-11-22,MATIC,3,0,3,0,0
2020-11-22,SOL,3,0,3,0,0
2020-11-23,ADA,1,0,1,0,0
2020-11-23,BTC,19,0,19,0,0
2020-11-23,ETH,4,0,4,0,0
2020-11-23,LTC,1,0,1,0,0
2020-11-23,SOL,5,0,5,0,0
2020-11-24,BTC,17,0,17,0,0
2020-11-24,DOT,1,0,1,0,0
2020-11-24,ETH,7,0,7,0,0
2020-11-24,LTC,1,0,1,0,0
2020-11-24,SOL,3,0,3,0,0
2020-11-24,XRP,2,0,2,0,0
2020-11-25,BTC,20,0,20,0,0
2020-11-25,DOT,2,0,2,0,0
2020-11-25,ETH,5,0,5,0,0
2020-11-25,LTC,1,0,1,0,0
2020-11-25,SOL,4,0,4,0,0
2020-11-25,UNI,4,0,4,0,0
2020-11-26,ADA,1,0,1,0,0
2020-11-26,BTC,12,0,12,0,0
2020-11-26,LINK,1,0,1,0,0
2020-11-26,MATIC,1,0,1,0,0
2020-11-26,SOL,3,0,3,0,0
2020-11-27,BTC,6,0,6,0,0
2020-11-27,ETH,1,0,1,0,0
2020-11-27,XRP,1,0,1,0,0
2020-11-28,BTC,3,0,3,0,0
2020-11-28,MATIC,1,0,1,0,0
2020-11-28,SOL,1,0,1,0,0
2020-11-29,BTC,4,0,4,0,0
2020-11-29,ETH,2,0,2,0,0
2020-11-29,MATIC,1,0,1,0,0
2020-11-29,SOL,1,0,1,0,0
2020-11-29,XRP,1,0,1,0,0
2020-11-30,BTC,21,0,21,0,0
2020-11-30,ETH,4,0,4,0,0
2020-11-30,LTC,2,0,2,0,0
2020-11-30,MATIC,2,0,2,0,0
2020-11-30,SOL,4,0,4,0,0
2020-11-30,UNI,1,0,1,0,0
2020-11-30,XRP,1,0,1,0,0
2020-12-01,BTC,24,0,24,0,0
2020-12-01,DOT,1,0,1,0,0
2020-12-01,ETH,10,0,10,0,0
2020-12-01,MATIC,2,0,2,0,0
2020-12-01,SOL,8,0,8,0,0
2020-12-01,UNI,1,0,1,0,0
2020-12-02,BTC,20,0,20,0,0
2020-12-02,ETH,6,0,6,0,0
2020-12-02,LTC,1,0,1,0,0
2020-12-02,MATIC,1,0,1,0,0
2020-12-02,SOL,4,0,4,0,0
2020-12-02,XRP,4,0,4,0,0
2020-12-03,BTC,24,0,24,0,0
2020-12-03,DOGE,1,0,1,0,0
2020-12-03,DOT,1,0,1,0,0
2020-12-03,ETH,13,0,13,0,0
2020-12-03,LINK,1,0,1,0,0
2020-12-03,LTC,1,0,1,0,0
2020-12-03,SOL,6,0,6,0,0
2020-12-03,TERRA,2,0,2,0,0
2020-12-03,UNI,6,0,6,0,0
2020-12-03,XRP,4,0,4,0,0
2020-12-04,BTC,22,0,22,0,0
2020-12-04,ETH,10,0,10,0,0
2020-12-04,MATIC,1,0,1,0,0
2020-12-04,SOL,6,0,6,0,0
2020-12-04,TERRA,2,0,2,0,0
2020-12-04,XRP,3,0,3,0,0
2020-12-05,ADA,1,0,1,0,0
2020-12-05,BTC,5,0,5,0,0
2020-12-05,SOL,1,0,1,0,0
2020-12-06,BTC,5,0,5,0,0
2020-12-06,ETH,3,0,3,0,0
2020-12-07,ADA,2,0,2,0,0
2020-12-07,BTC,19,0,19,0,0
2020-12-07,ETH,7,0,7,0,0
2020-12-07,LTC,1,0,1,0,0
2020-12-07,SOL,5,0,5,0,0
2020-12-08,BTC,14,0,14,0,0
2020-12-08,ETH,8,0,8,0,0
2020-12-08,SOL,3,0,3,0,0
2020-12-08,XRP,1,0,1,0,0
2020-12-09,BTC,30,0,30,0,0
2020-12-09,DOT,1,0,1,0,0
2020-12-09,ETH,10,0,10,0,0
2020-12-09,LINK,1,0,1,0,0
2020-12-09,LTC,1,0,1,0,0
2020-12-09,MATIC,2,0,2,0,0
2020-12-09,SOL,7,0,7,0,0
2020-12-09,XRP,1,0,1,0,0
2020-12-10,ADA,1,0,1,0,0
2020-12-10,BTC,17,0,17,0,0
2020-12-10,DOT,1,0,1,0,0
2020-12-10,ETH,5,0,5,0,0
2020-12-10,SOL,6,0,6,0,0
2020-12-10,UNI,1,0,1,0,0
2020-12-11,AVAX,1,0,1,0,0
2020-12-11,BTC,22,0,22,0,0
2020-12-11,ETH,10,0,10,0,0
2020-12-11,LINK,2,0,2,0,0
2020-12-11,SOL,3,0,3,0,0
2020-12-11,UNI,1,0,1,0,0
2020-12-12,BTC,2,0,2,0,0
2020-12-13,BTC,3,0,3,0,0
2020-12-13,ETH,2,0,2,0,0
2020-12-13,MATIC,2,0,2,0,0
2020-12-13,SOL,2,0,2,0,0
2020-12-14,BTC,22,0,22,0,0
2020-12-14,ETH,5,0,5,0,0
2020-12-14,SOL,3,0,3,0,0
2020-12-14,UNI,1,0,1,0,0
2020-12-15,ADA,1,0,1,0,0
2020-12-15,BTC,26,0,26,0,0
2020-12-15,ETH,8,0,8,0,0
2020-12-15,SOL,5,0,5,0,0
2020-12-15,UNI,1,0,1,0,0
2020-12-15,XRP,1,0,1,0,0
2020-12-16,BTC,27,0,27,0,0
2020-12-16,ETH,5,0,5,0,0
2020-12-16,LTC,1,0,1,0,0
2020-12-16,SOL,5,0,5,0,0
2020-12-16,UNI,1,0,1,0,0
2020-12-16,XRP,2,0,2,0,0
2020-12-17,AVAX,1,0,1,0,0
2020-12-17,BTC,34,0,34,0,0
2020-12-17,DOT,3,0,3,0,0
2020-12-17,ETH,12,0,12,0,0
2020-12-17,LTC,2,0,2,0,0
2020-12-17,SOL,9,0,9,0,0
2020-12-17,TERRA,1,0,1,0,0
2020-12-17,UNI,1,0,1,0,0
2020-12-17,XRP,1,0,1,0,0
2020-12-18,ADA,2,0,2,0,0
2020-12-18,BTC,22,0,22,0,0
2020-12-18,ETH,5,0,5,0,0
2020-12-18,LINK,1,0,1,0,0
2020-12-18,MATIC,1,0,1,0,0
2020-12-18,SOL,8,0,8,0,0
2020-12-18,UNI,2,0,2,0,0
2020-12-19,BTC,7,0,7,0,0
2020-12-19,MATIC,3,0,3,0,0
2020-12-19,SOL,4,0,4,0,0
2020-12-19,UNI,1,0,1,0,0
2020-12-20,BTC,11,0,11,0,0
2020-12-20,DOGE,1,0,1,0,0
2020-12-20,ETH,1,0,1,0,0
2020-12-20,LTC,1,0,1,0,0
2020-12-20,MATIC,5,0,5,0,0
2020-12-20,SOL,6,0,6,0,0
2020-12-21,BTC,18,0,18,0,0
2020-12-21,DOGE,1,0,1,0,0
2020-12-21,ETH,7,0,7,0,0
2020-12-21,LINK,1,0,1,0,0
2020-12-21,SOL,6,0,6,0,0
2020-12-21,UNI,2,0,2,0,0
2020-12-22,BTC,23,0,23,0,0
2020-12-22,DOT,1,0,1,0,0
2020-12-22,ETH,7,0,7,0,0
2020-12-22,MATIC,1,0,1,0,0
2020-12-22,SOL,6,0,6,0,0
2020-12-22,UNI,1,0,1,0,0
2020-12-22,XRP,4,0,4,0,0
2020-12-23,AVAX,1,0,1,0,0
2020-12-23,BNB,1,0,1,0,0
2020-12-23,BTC,12,0,12,0,0
2020-12-23,DOT,3,0,3,0,0
2020-12-23,ETH,10,0,10,0,0
2020-12-23,LINK,1,0,1,0,0
2020-12-23,LTC,1,0,1,0,0
2020-12-23,MATIC,1,0,1,0,0
2020-12-23,SOL,3,0,3,0,0
2020-12-23,TERRA,1,0,1,0,0
2020-12-23,UNI,2,0,2,0,0
2020-12-23,XRP,7,0,7,0,0
2020-12-24,BTC,16,0,16,0,0
2020-12-24,DOT,1,0,1,0,0
2020-12-24,ETH,4,0,4,0,0
2020-12-24,MATIC,2,0,2,0,0
2020-12-24,SOL,6,0,6,0,0
2020-12-24,XRP,3,0,3,0,0
2020-12-25,BTC,5,0,5,0,0
2020-12-25,ETH,1,0,1,0,0
2020-12-25,MATIC,2,0,2,0,0
2020-12-25,SOL,2,0,2,0,0
2020-12-25,UNI,1,0,1,0,0
2020-12-25,XRP,1,0,1,0,0
2020-12-26,BTC,10,0,10,0,0
2020-12-26,DOT,1,0,1,0,0
2020-12-26,ETH,2,0,2,0,0
2020-12-26,MATIC,5,0,5,0,0
2020-12-26,SOL,6,0,6,0,0
2020-12-26,XRP,1,0,1,0,0
2020-12-27,ADA,1,0,1,0,0
2020-12-27,BTC,12,0,12,0,0
2020-12-27,DOT,1,0,1,0,0
2020-12-27,ETH,2,0,2,0,0
2020-12-27,LINK,1,0,1,0,0
2020-12-27,MATIC,4,0,4,0,0
2020-12-27,SOL,5,0,5,0,0
2020-12-27,XRP,2,0,2,0,0
2020-12-28,BTC,11,0,11,0,0
2020-12-28,ETH,1,0,1,0,0
2020-12-28,MATIC,3,0,3,0,0
2020-12-28,SOL,4,0,4,0,0
2020-12-28,XRP,4,0,4,0,0
2020-12-29,BTC,18,0,18,0,0
2020-12-29,DOT,2,0,2,0,0
2020-12-29,ETH,5,0,5,0,0
2020-12-29,MATIC,3,0,3,0,0
2020-12-29,SOL,5,0,5,0,0
2020-12-29,UNI,2,0,2,0,0
2020-12-29,XRP,3,0,3,0,0
2020-12-30,BTC,17,0,17,0,0
2020-12-30,DOT,2,0,2,0,0
2020-12-30,ETH,5,0,5,0,0
2020-12-30,MATIC,3,0,3,0,0
2020-12-30,SOL,6,0,6,0,0
2020-12-30,UNI,1,0,1,0,0
2020-12-30,XRP,4,0,4,0,0
2020-12-31,BTC,9,0,9,0,0
2020-12-31,ETH,4,0,4,0,0
2020-12-31,MATIC,1,0,1,0,0
2020-12-31,SOL,2,0,2,0,0
2020-12-31,UNI,1,0,1,0,0
2020-12-31,XRP,2,0,2,0,0
2021-01-01,BTC,4,0,4,0,0
2021-01-01,ETH,1,0,1,0,0
2021-01-01,MATIC,1,0,1,0,0
2021-01-01,SOL,1,0,1,0,0
2021-01-02,BTC,5,0,5,0,0
2021-01-02,ETH,1,0,1,0,0
2021-01-02,MATIC,1,0,1,0,0
2021-01-02,SOL,1,0,1,0,0
2021-01-03,ADA,1,0,1,0,0
2021-01-03,BTC,10,0,10,0,0
2021-01-03,DOGE,1,0,1,0,0
2021-01-03,DOT,2,0,2,0,0
2021-01-03,ETH,3,0,3,0,0
2021-01-03,LINK,1,0,1,0,0
2021-01-03,LTC,1,0,1,0,0
2021-01-03,MATIC,4,0,4,0,0
2021-01-03,SOL,6,0,6,0,0
2021-01-03,XRP,2,0,2,0,0
2021-01-04,BTC,14,0,14,0,0
2021-01-04,DOGE,2,0,2,0,0
2021-01-04,ETH,2,0,2,0,0
2021-01-04,LINK,1,0,1,0,0
2021-01-04,LTC,2,0,2,0,0
2021-01-04,SOL,1,0,1,0,0
2021-01-04,XRP,3,0,3,0,0
2021-01-05,BTC,20,0,20,0,0
2021-01-05,ETH,5,0,5,0,0
2021-01-05,MATIC,1,0,1,0,0
2021-01-05,SOL,5,0,5,0,0
2021-01-05,UNI,2,0,2,0,0
2021-01-05,XRP,3,0,3,0,0
2021-01-06,BTC,26,0,26,0,0
2021-01-06,DOT,1,0,1,0,0
2021-01-06,ETH,13,0,13,0,0
2021-01-06,LTC,1,0,1,0,0
2021-01-06,MATIC,4,0,4,0,0
2021-01-06,SOL,8,0,8,0,0
2021-01-06,UNI,1,0,1,0,0
2021-01-06,XRP,4,0,4,0,0
2021-01-07,AVAX,1,0,1,0,0
2021-01-07,BTC,28,0,28,0,0
2021-01-07,DOT,1,0,1,0,0
2021-01-07,ETH,6,0,6,0,0
2021-01-07,LINK,2,0,2,0,0
2021-01-07,LTC,2,0,2,0,0
2021-01-07,MATIC,1,0,1,0,0
2021-01-07,SOL,5,0,5,0,0
2021-01-07,UNI,1,0,1,0,0
2021-01-07,XRP,4,0,4,0,0
2021-01-08,BTC,20,0,20,0,0
2021-01-08,ETH,6,0,6,0,0
2021-01-08,LINK,1,0,1,0,0
2021-01-08,MATIC,4,0,4,0,0
2021-01-08,SOL,8,0,8,0,0
2021-01-08,UNI,1,0,1,0,0
2021-01-08,XRP,2,0,2,0,0
2021-01-09,BTC,6,0,6,0,0
2021-01-09,MATIC,2,0,2,0,0
2021-01-09,SOL,2,0,2,0,0
2021-01-10,BTC,9,0,9,0,0
2021-01-10,ETH,2,0,2,0,0
2021-01-10,MATIC,1,0,1,0,0
2021-01-10,SOL,1,0,1,0,0
2021-01-10,UNI,1,0,1,0,0
2021-01-11,ADA,1,0,1,0,0
2021-01-11,BTC,24,0,24,0,0
2021-01-11,DOT,1,0,1,0,0
2021-01-11,ETH,7,0,7,0,0
2021-01-11,LTC,1,0,1,0,0
2021-01-11,SOL,7,0,7,0,0
2021-01-11,XRP,1,0,1,0,0
2021-01-12,ADA,1,0,1,0,0
2021-01-12,BTC,27,0,27,0,0
2021-01-12,DOT,1,0,1,0,0
2021-01-12,ETH,6,0,6,0,0
2021-01-12,MATIC,1,0,1,0,0
2021-01-12,SOL,5,0,5,0,0
2021-01-12,UNI,2,0,2,0,0
2021-01-12,XRP,5,0,5,0,0
2021-01-13,BTC,33,0,33,0,0
2021-01-13,ETH,9,0,9,0,0
2021-01-13,LTC,2,0,2,0,0
2021-01-13,MATIC,1,0,1,0,0
2021-01-13,SOL,8,0,8,0,0
2021-01-13,UNI,1,0,1,0,0
2021-01-13,XRP,3,0,3,0,0
2021-01-14,BTC,32,0,32,0,0
2021-01-14,DOT,1,0,1,0,0
2021-01-14,ETH,8,0,8,0,0
2021-01-14,LINK,1,0,1,0,0
2021-01-14,MATIC,2,0,2,0,0
2021-01-14,SOL,10,0,10,0,0
2021-01-14,TERRA,1,0,1,0,0
2021-01-14,XRP,3,0,3,0,0
2021-01-15,BTC,24,0,24,0,0
2021-01-15,DOT,2,0,2,0,0
2021-01-15,ETH,8,0,8,0,0
2021-01-15,LINK,1,0,1,0,0
2021-01-15,MATIC,2,0,2,0,0
2021-01-15,SOL,5,0,5,0,0
2021-01-15,UNI,2,0,2,0,0
2021-01-15,XRP,3,0,3,0,0
2021-01-16,BTC,5,0,5,0,0
2021-01-16,DOT,1,0,1,0,0
2021-01-16,ETH,2,0,2,0,0
2021-01-16,LTC,1,0,1,0,0
2021-01-17,BTC,5,0,5,0,0
2021-01-17,DOT,1,0,1,0,0
2021-01-17,ETH,1,0,1,0,0
2021-01-17,XRP,1,0,1,0,0
2021-01-18,BTC,17,0,17,0,0
2021-01-18,DOT,1,0,1,0,0
2021-01-18,ETH,3,0,3,0,0
2021-01-18,LINK,2,0,2,0,0
2021-01-18,LTC,2,0,2,0,0
2021-01-18,XRP,1,0,1,0,0
2021-01-19,BNB,1,0,1,0,0
2021-01-19,BTC,29,0,29,0,0
2021-01-19,ETH,10,0,10,0,0
2021-01-19,LINK,1,0,1,0,0
2021-01-19,LTC,1,0,1,0,0
2021-01-19,SOL,4,0,4,0,0
2021-01-19,UNI,2,0,2,0,0
2021-01-19,XRP,2,0,2,0,0
2021-01-20,ADA,1,0,1,0,0
2021-01-20,BNB,2,0,2,0,0
2021-01-20,BTC,27,0,27,0,0
2021-01-20,DOGE,1,0,1,0,0
2021-01-20,DOT,2,0,2,0,0
2021-01-20,ETH,9,0,9,0,0
2021-01-20,LINK,1,0,1,0,0
2021-01-20,LTC,1,0,1,0,0
2021-01-20,SOL,7,0,7,0,0
2021-01-20,XRP,3,0,3,0,0
2021-01-21,ADA,1,0,1,0,0
2021-01-21,BNB,2,0,2,0,0
2021-01-21,BTC,25,0,25,0,0
2021-01-21,DOGE,1,0,1,0,0
2021-01-21,DOT,1,0,1,0,0
2021-01-21,ETH,5,0,5,0,0
2021-01-21,LINK,1,0,1,0,0
2021-01-21,LTC,1,0,1,0,0
2021-01-21,MATIC,1,0,1,0,0
2021-01-21,SOL,6,0,6,0,0
2021-01-21,UNI,2,0,2,0,0
2021-01-21,XRP,4,0,4,0,0
2021-01-22,ADA,1,0,1,0,0
2021-01-22,AVAX,1,0,1,0,0
2021-01-22,BTC,31,0,31,0,0
2021-01-22,DOT,3,0,3,0,0
2021-01-22,ETH,7,0,7,0,0
2021-01-22,LINK,2,0,2,0,0
2021-01-22,SOL,6,0,6,0,0
2021-01-22,XRP,3,0,3,0,0
2021-01-23,BTC,4,0,4,0,0
2021-01-23,ETH,1,0,1,0,0
2021-01-23,SOL,1,0,1,0,0
2021-01-24,BTC,4,0,4,0,0
2021-01-24,ETH,1,0,1,0,0
2021-01-24,LINK,1,0,1,0,0
2021-01-24,MATIC,2,0,2,0,0
2021-01-24,SOL,2,0,2,0,0
2021-01-24,XRP,1,0,1,0,0
2021-01-25,BTC,30,0,30,0,0
2021-01-25,DOT,2,0,2,0,0
2021-01-25,ETH,9,0,9,0,0
2021-01-25,LINK,1,0,1,0,0
2021-01-25,LTC,1,0,1,0,0
2021-01-25,MATIC,1,0,1,0,0
2021-01-25,SOL,9,0,9,0,0
2021-01-25,UNI,1,0,1,0,0
2021-01-26,BTC,28,0,28,0,0
2021-01-26,DOT,1,0,1,0,0
2021-01-26,ETH,13,0,13,0,0
2021-01-26,LINK,1,0,1,0,0
2021-01-26,LTC,1,0,1,0,0
2021-01-26,MATIC,1,0,1,0,0
2021-01-26,SOL,6,0,6,0,0
2021-01-26,TERRA,1,0,1,0,0
2021-01-26,UNI,1,0,1,0,0
2021-01-26,XRP,2,0,2,0,0
2021-01-27,BTC,28,0,28,0,0
2021-01-27,DOT,1,0,1,0,0
2021-01-27,ETH,11,0,11,0,0
2021-01-27,SOL,5,0,5,0,0
2021-01-27,UNI,2,0,2,0,0
2021-01-28,ADA,1,0,1,0,0
2021-01-28,BTC,27,0,27,0,0
2021-01-28,DOGE,5,0,5,0,0
2021-01-28,ETH,8,0,8,0,0
2021-01-28,MATIC,3,0,3,0,0
2021-01-28,SOL,10,0,10,0,0
2021-01-28,TERRA,1,0,1,0,0
2021-01-28,UNI,2,0,2,0,0
2021-01-29,BTC,27,0,27,0,0
2021-01-29,DOGE,10,0,10,0,0
2021-01-29,ETH,6,0,6,0,0
2021-01-29,SOL,2,0,2,0,0
2021-01-29,UNI,2,0,2,0,0
2021-01-29,XRP,3,0,3,0,0
2021-01-30,AVAX,1,0,1,0,0
2021-01-30,BNB,1,0,1,0,0
2021-01-30,BTC,5,0,5,0,0
2021-01-30,DOGE,2,0,2,0,0
2021-01-30,DOT,1,0,1,0,0
2021-01-30,ETH,2,0,2,0,0
2021-01-30,LTC,1,0,1,0,0
2021-01-30,SOL,1,0,1,0,0
2021-01-30,XRP,2,0,2,0,0
2021-01-31,BTC,3,0,3,0,0
2021-01-31,DOGE,3,0,3,0,0
2021-01-31,DOT,1,0,1,0,0
2021-01-31,ETH,1,0,1,0,0
2021-01-31,LINK,1,0,1,0,0
2021-01-31,LTC,1,0,1,0,0
2021-01-31,XRP,1,0,1,0,0
2021-02-01,BNB,1,0,1,0,0
2021-02-01,BTC,24,0,24,0,0
2021-02-01,DOGE,5,0,5,0,0
2021-02-01,ETH,10,0,10,0,0
2021-02-01,LINK,1,0,1,0,0
2021-02-01,LTC,1,0,1,0,0
2021-02-01,SOL,7,0,7,0,0
2021-02-01,UNI,5,0,5,0,0
2021-02-01,XRP,6,0,6,0,0
2021-02-02,ADA,1,0,1,0,0
2021-02-02,BTC,32,0,32,0,0
2021-02-02,DOGE,4,0,4,0,0
2021-02-02,DOT,5,0,5,0,0
2021-02-02,ETH,14,0,14,0,0
2021-02-02,LINK,1,0,1,0,0
2021-02-02,LTC,2,0,2,0,0
2021-02-02,SOL,6,0,6,0,0
2021-02-02,UNI,6,0,6,0,0
2021-02-02,VECHAIN,1,0,1,0,0
2021-02-02,XRP,1,0,1,0,0
2021-02-03,BTC,36,0,36,0,0
2021-02-03,DOGE,1,0,1,0,0
2021-02-03,DOT,1,0,1,0,0
2021-02-03,ETH,9,0,9,0,0
2021-02-03,LINK,1,0,1,0,0
2021-02-03,LTC,1,0,1,0,0
2021-02-03,SOL,7,0,7,0,0
2021-02-03,UNI,1,0,1,0,0
2021-02-04,BTC,19,0,19,0,0
2021-02-04,DOGE,4,0,4,0,0
2021-02-04,DOT,1,0,1,0,0
2021-02-04,ETH,9,0,9,0,0
2021-02-04,LINK,2,0,2,0,0
2021-02-04,SOL,5,0,5,0,0
2021-02-04,TERRA,1,0,1,0,0
2021-02-04,UNI,2,0,2,0,0
2021-02-04,XRP,1,0,1,0,0
2021-02-05,BTC,28,0,28,0,0
2021-02-05,DOGE,2,0,2,0,0
2021-02-05,ETH,9,0,9,0,0
2021-02-05,LINK,2,0,2,0,0
2021-02-05,SOL,4,0,4,0,0
2021-02-05,UNI,4,0,4,0,0
2021-02-05,XRP,1,0,1,0,0
2021-02-06,BTC,6,0,6,0,0
2021-02-06,ETH,1,0,1,0,0
2021-02-06,MATIC,1,0,1,0,0
2021-02-06,SOL,1,0,1,0,0
2021-02-07,BTC,2,0,2,0,0
2021-02-07,DOGE,1,0,1,0,0
2021-02-07,ETH,1,0,1,0,0
2021-02-07,LINK,1,0,1,0,0
2021-02-07,LTC,1,0,1,0,0
2021-02-08,ADA,1,0,1,0,0
2021-02-08,BTC,25,0,25,0,0
2021-02-08,DOGE,4,0,4,0,0
2021-02-08,DOT,1,0,1,0,0
2021-02-08,ETH,6,0,6,0,0
2021-02-08,LINK,1,0,1,0,0
2021-02-08,MATIC,3,0,3,0,0
2021-02-08,SOL,5,0,5,0,0
2021-02-08,UNI,2,0,2,0,0
2021-02-08,XRP,1,0,1,0,0
2021-02-09,ADA,1,0,1,0,0
2021-02-09,BTC,30,0,30,0,0
2021-02-09,DOGE,2,0,2,0,0
2021-02-09,DOT,3,0,3,0,0
2021-02-09,ETH,13,0,13,0,0
2021-02-09,LINK,1,0,1,0,0
2021-02-09,MATIC,2,0,2,0,0
2021-02-09,SOL,6,0,6,0,0
2021-02-10,ADA,1,0,1,0,0
2021-02-10,BTC,30,0,30,0,0
2021-02-10,DOGE,2,0,2,0,0
2021-02-10,DOT,1,0,1,0,0
2021-02-10,ETH,8,0,8,0,0
2021-02-10,LINK,2,0,2,0,0
2021-02-10,LTC,4,0,4,0,0
2021-02-10,SOL,5,0,5,0,0
2021-02-11,ADA,1,0,1,0,0
2021-02-11,AVAX,1,0,1,0,0
2021-02-11,BNB,1,0,1,0,0
2021-02-11,BTC,27,0,27,0,0
2021-02-11,DOGE,3,0,3,0,0
2021-02-11,DOT,1,0,1,0,0
2021-02-11,ETH,8,0,8,0,0
2021-02-11,LINK,1,0,1,0,0
2021-02-11,SOL,8,0,8,0,0
2021-02-11,UNI,1,0,1,0,0
2021-02-12,AVAX,2,0,2,0,0
2021-02-12,BTC,30,0,30,0,0
2021-02-12,DOGE,2,0,2,0,0
2021-02-12,ETH,5,0,5,0,0
2021-02-12,LTC,1,0,1,0,0
2021-02-12,MATIC,1,0,1,0,0
2021-02-12,SOL,6,0,6,0,0
2021-02-12,UNI,1,0,1,0,0
2021-02-13,BTC,7,0,7,0,0
2021-02-13,DOGE,1,0,1,0,0
2021-02-13,ETH,1,0,1,0,0
2021-02-13,MATIC,3,0,3,0,0
2021-02-13,SOL,4,0,4,0,0
2021-02-14,AVAX,1,0,1,0,0
2021-02-14,BTC,8,0,8,0,0
2021-02-14,DOGE,1,0,1,0,0
2021-02-14,ETH,3,0,3,0,0
2021-02-14,LINK,1,0,1,0,0
2021-02-14,MATIC,1,0,1,0,0
2021-02-14,SOL,2,0,2,0,0
2021-02-14,UNI,3,0,3,0,0
2021-02-15,BTC,15,0,15,0,0
2021-02-15,DOGE,1,0,1,0,0
2021-02-15,ETH,2,0,2,0,0
2021-02-15,UNI,1,0,1,0,0
2021-02-16,ADA,1,0,1,0,0
2021-02-16,AVAX,1,0,1,0,0
2021-02-16,BNB,1,0,1,0,0
2021-02-16,BTC,32,0,32,0,0
2021-02-16,DOGE,2,0,2,0,0
2021-02-16,DOT,1,0,1,0,0
2021-02-16,ETH,8,0,8,0,0
2021-02-16,LINK,1,0,1,0,0
2021-02-16,LTC,2,0,2,0,0
2021-02-16,MATIC,2,0,2,0,0
2021-02-16,SOL,6,0,6,0,0
2021-02-16,XRP,3,0,3,0,0
2021-02-17,BTC,39,0,39,0,0
2021-02-17,DOGE,2,0,2,0,0
2021-02-17,DOT,2,0,2,0,0
2021-02-17,ETH,13,0,13,0,0
2021-02-17,LTC,3,0,3,0,0
2021-02-17,SOL,11,0,11,0,0
2021-02-17,TERRA,1,0,1,0,0
2021-02-17,UNI,1,0,1,0,0
2021-02-17,XRP,2,0,2,0,0
2021-02-18,ADA,1,0,1,0,0
2021-02-18,AVAX,1,0,1,0,0
2021-02-18,BTC,28,0,28,0,0
2021-02-18,DOGE,2,0,2,0,0
2021-02-18,DOT,4,0,4,0,0
2021-02-18,ETH,11,0,11,0,0
2021-02-18,LINK,1,0,1,0,0
2021-02-18,LTC,1,0,1,0,0
2021-02-18,SOL,2,0,2,0,0
2021-02-18,UNI,5,0,5,0,0
2021-02-18,XRP,1,0,1,0,0
2021-02-19,ADA,2,0,2,0,0
2021-02-19,BNB,4,0,4,0,0
2021-02-19,BTC,29,0,29,0,0
2021-02-19,DOGE,2,0,2,0,0
2021-02-19,DOT,2,0,2,0,0
2021-02-19,ETH,9,0,9,0,0
2021-02-19,LTC,1,0,1,0,0
2021-02-19,MATIC,1,0,1,0,0
2021-02-19,SOL,5,0,5,0,0
2021-02-19,UNI,5,0,5,0,0
2021-02-20,BTC,10,0,10,0,0
2021-02-20,DOGE,2,0,2,0,0
2021-02-20,ETH,1,0,1,0,0
2021-02-20,MATIC,2,0,2,0,0
2021-02-20,SOL,2,0,2,0,0
2021-02-21,ADA,1,0,1,0,0
2021-02-21,BTC,12,0,12,0,0
2021-02-21,DOGE,1,0,1,0,0
2021-02-21,ETH,3,0,3,0,0
2021-02-21,LINK,1,0,1,0,0
2021-02-21,MATIC,1,0,1,0,0
2021-02-21,SOL,1,0,1,0,0
2021-02-21,XRP,1,0,1,0,0
2021-02-22,ADA,1,0,1,0,0
2021-02-22,BTC,34,0,34,0,0
2021-02-22,DOGE,1,0,1,0,0
2021-02-22,ETH,9,0,9,0,0
2021-02-22,SOL,4,0,4,0,0
2021-02-22,UNI,1,0,1,0,0
2021-02-22,XRP,3,0,3,0,0
2021-02-23,AVAX,1,0,1,0,0
2021-02-23,BNB,1,0,1,0,0
2021-02-23,BTC,41,0,41,0,0
2021-02-23,ETH,12,0,12,0,0
2021-02-23,LTC,1,0,1,0,0
2021-02-23,MATIC,1,0,1,0,0
2021-02-23,SOL,2,0,2,0,0
2021-02-23,UNI,4,0,4,0,0
2021-02-23,XRP,1,0,1,0,0
2021-02-24,BNB,1,0,1,0,0
2021-02-24,BTC,56,0,56,0,0
2021-02-24,ETH,19,0,19,0,0
2021-02-24,LINK,2,0,2,0,0
2021-02-24,MATIC,1,0,1,0,0
2021-02-24,SOL,13,0,13,0,0
2021-02-24,XRP,2,0,2,0,0
2021-02-25,BTC,49,0,49,0,0
2021-02-25,DOGE,3,0,3,0,0
2021-02-25,DOT,1,0,1,0,0
2021-02-25,ETH,12,0,12,0,0
2021-02-25,MATIC,2,0,2,0,0
2021-02-25,SOL,6,0,6,0,0
2021-02-25,UNI,1,0,1,0,0
2021-02-25,XRP,2,0,2,0,0
2021-02-26,ADA,5,0,5,0,0
2021-02-26,BNB,1,0,1,0,0
2021-02-26,BTC,42,0,42,0,0
2021-02-26,DOGE,1,0,1,0,0
2021-02-26,ETH,12,0,12,0,0
2021-02-26,LINK,1,0,1,0,0
2021-02-26,LTC,1,0,1,0,0
2021-02-26,SOL,8,0,8,0,0
2021-02-26,UNI,2,0,2,0,0
2021-02-27,ADA,3,0,3,0,0
2021-02-27,BNB,1,0,1,0,0
2021-02-27,BTC,10,0,10,0,0
2021-02-27,DOGE,2,0,2,0,0
2021-02-27,DOT,1,0,1,0,0
2021-02-27,ETH,6,0,6,0,0
2021-02-27,LTC,1,0,1,0,0
2021-02-27,UNI,1,0,1,0,0
2021-02-27,XRP,1,0,1,0,0
2021-02-28,ADA,2,0,2,0,0
2021-02-28,BTC,13,0,13,0,0
2021-02-28,DOGE,2,0,2,0,0
2021-02-28,DOT,1,0,1,0,0
2021-02-28,ETH,5,0,5,0,0
2021-02-28,LTC,4,0,4,0,0
2021-02-28,MATIC,1,0,1,0,0
2021-02-28,SOL,1,0,1,0,0
2021-02-28,UNI,1,0,1,0,0
2021-02-28,XRP,1,0,1,0,0
2021-03-01,ADA,7,0,7,0,0
2021-03-01,BNB,1,0,1,0,0
2021-03-01,BTC,57,0,57,0,0
2021-03-01,DOGE,3,0,3,0,0
2021-03-01,DOT,3,0,3,0,0
2021-03-01,ETH,18,0,18,0,0
2021-03-01,LINK,3,0,3,0,0
2021-03-01,LTC,2,0,2,0,0
2021-03-01,MATIC,2,0,2,0,0
2021-03-01,SOL,6,0,6,0,0
2021-03-01,UNI,3,0,3,0,0
2021-03-01,XRP,1,0,1,0,0
2021-03-02,BNB,2,0,2,0,0
2021-03-02,BTC,60,0,60,0,0
2021-03-02,DOGE,4,0,4,0,0
2021-03-02,DOT,3,0,3,0,0
2021-03-02,ETH,19,0,19,0,0
2021-03-02,LINK,2,0,2,0,0
2021-03-02,LTC,6,0,6,0,0
2021-03-02,MATIC,3,0,3,0,0
2021-03-02,SOL,5,0,5,0,0
2021-03-02,UNI,3,0,3,0,0
2021-03-02,XRP,6,0,6,0,0
2021-03-03,ADA,2,0,2,0,0
2021-03-03,BNB,3,0,3,0,0
2021-03-03,BTC,57,0,57,0,0
2021-03-03,DOGE,3,0,3,0,0
2021-03-03,DOT,3,0,3,0,0
2021-03-03,ETH,27,0,27,0,0
2021-03-03,LINK,1,0,1,0,0
2021-03-03,LTC,2,0,2,0,0
2021-03-03,MATIC,1,0,1,0,0
2021-03-03,SOL,8,0,8,0,0
2021-03-03,UNI,2,0,2,0,0
2021-03-04,ADA,2,0,2,0,0
2021-03-04,AVAX,1,0,1,0,0
2021-03-04,BTC,60,0,60,0,0
2021-03-04,DOGE,3,0,3,0,0
2021-03-04,DOT,8,0,8,0,0
2021-03-04,ETH,27,0,27,0,0
2021-03-04,LINK,1,0,1,0,0
2021-03-04,LTC,3,0,3,0,0
2021-03-04,MATIC,3,0,3,0,0
2021-03-04,SOL,10,0,10,0,0
2021-03-04,UNI,7,0,7,0,0
2021-03-04,XRP,8,0,8,0,0
2021-03-05,ADA,2,0,2,0,0
2021-03-05,BNB,2,0,2,0,0
2021-03-05,BTC,61,0,61,0,0
2021-03-05,DOGE,3,0,3,0,0
2021-03-05,DOT,7,0,7,0,0
2021-03-05,ETH,19,0,19,0,0
2021-03-05,LINK,1,0,1,0,0
2021-03-05,LTC,5,0,5,0,0
2021-03-05,MATIC,3,0,3,0,0
2021-03-05,SOL,5,0,5,0,0
2021-03-05,UNI,3,0,3,0,0
2021-03-05,XRP,2,0,2,0,0
2021-03-06,ADA,2,0,2,0,0
2021-03-06,BTC,12,0,12,0,0
2021-03-06,DOGE,2,0,2,0,0
2021-03-06,ETH,7,0,7,0,0
2021-03-06,LINK,1,0,1,0,0
2021-03-06,MATIC,2,0,2,0,0
2021-03-06,SOL,2,0,2,0,0
2021-03-07,ADA,1,0,1,0,0
2021-03-07,BTC,16,0,16,0,0
2021-03-07,DOGE,2,0,2,0,0
2021-03-07,ETH,7,0,7,0,0
2021-03-07,LINK,2,0,2,0,0
2021-03-07,LTC,1,0,1,0,0
2021-03-07,MATIC,2,0,2,0,0
2021-03-07,SOL,2,0,2,0,0
2021-03-07,TERRA,1,0,1,0,0
2021-03-07,UNI,3,0,3,0,0
2021-03-07,VECHAIN,1,0,1,0,0
2021-03-07,XRP,2,0,2,0,0
2021-03-08,ADA,2,0,2,0,0
2021-03-08,BNB,2,0,2,0,0
2021-03-08,BTC,54,0,54,0,0
2021-03-08,DOGE,4,0,4,0,0
2021-03-08,DOT,3,0,3,0,0
2021-03-08,ETH,27,0,27,0,0
2021-03-08,LINK,2,0,2,0,0
2021-03-08,LTC,2,0,2,0,0
2021-03-08,MATIC,2,0,2,0,0
2021-03-08,SOL,5,0,5,0,0
2021-03-08,UNI,5,0,5,0,0
2021-03-08,XRP,4,0,4,0,0
2021-03-09,ADA,2,0,2,0,0
2021-03-09,BNB,2,0,2,0,0
2021-03-09,BTC,59,0,59,0,0
2021-03-09,DOGE,2,0,2,0,0
2021-03-09,DOT,3,0,3,0,0
2021-03-09,ETH,21,0,21,0,0
2021-03-09,LINK,1,0,1,0,0
2021-03-09,MATIC,4,0,4,0,0
2021-03-09,SOL,4,0,4,0,0
2021-03-09,TERRA,2,0,2,0,0
2021-03-09,UNI,3,0,3,0,0
2021-03-09,VECHAIN,1,0,1,0,0
2021-03-09,XRP,1,0,1,0,0
2021-03-10,ADA,2,0,2,0,0
2021-03-10,BNB,1,0,1,0,0
2021-03-10,BTC,60,0,60,0,0
2021-03-10,DOGE,3,0,3,0,0
2021-03-10,DOT,2,0,2,0,0
2021-03-10,ETH,23,0,23,0,0
2021-03-10,LINK,2,0,2,0,0
2021-03-10,LTC,2,0,2,0,0
2021-03-10,MATIC,1,0,1,0,0
2021-03-10,SOL,4,0,4,0,0
2021-03-10,UNI,5,0,5,0,0
2021-03-10,XRP,4,0,4,0,0
2021-03-11,BTC,65,0,65,0,0
2021-03-11,DOGE,2,0,2,0,0
2021-03-11,DOT,3,0,3,0,0
2021-03-11,ETH,22,0,22,0,0
2021-03-11,LTC,1,0,1,0,0
2021-03-11,MATIC,2,0,2,0,0
2021-03-11,SOL,11,0,11,0,0
2021-03-11,UNI,3,0,3,0,0
2021-03-11,XRP,1,0,1,0,0
2021-03-12,ADA,1,0,1,0,0
2021-03-12,AVAX,2,0,2,0,0
2021-03-12,BNB,2,0,2,0,0
2021-03-12,BTC,50,0,50,0,0
2021-03-12,DOGE,3,0,3,0,0
2021-03-12,DOT,5,0,5,0,0
2021-03-12,ETH,22,0,22,0,0
2021-03-12,LINK,1,0,1,0,0
2021-03-12,LTC,2,0,2,0,0
2021-03-12,MATIC,3,0,3,0,0
2021-03-12,SOL,5,0,5,0,0
2021-03-12,UNI,4,0,4,0,0
2021-03-12,XRP,7,0,7,0,0
2021-03-13,BNB,1,0,1,0,0
2021-03-13,BTC,14,0,14,0,0
2021-03-13,DOGE,2,0,2,0,0
2021-03-13,DOT,1,0,1,0,0
2021-03-13,ETH,4,0,4,0,0
2021-03-13,MATIC,1,0,1,0,0
2021-03-14,ADA,1,0,1,0,0
2021-03-14,AVAX,2,0,2,0,0
2021-03-14,BTC,14,0,14,0,0
2021-03-14,DOGE,1,0,1,0,0
2021-03-14,DOT,1,0,1,0,0
2021-03-14,ETH,8,0,8,0,0
2021-03-14,MATIC,1,0,1,0,0
2021-03-14,SOL,2,0,2,0,0
2021-03-14,TERRA,2,0,2,0,0
2021-03-14,UNI,2,0,2,0,0
2021-03-14,VECHAIN,1,0,1,0,0
2021-03-14,XRP,1,0,1,0,0
2021-03-15,ADA,4,0,4,0,0
2021-03-15,AVAX,1,0,1,0,0
2021-03-15,BNB,2,0,2,0,0
2021-03-15,BTC,52,0,52,0,0
2021-03-15,DOGE,2,0,2,0,0
2021-03-15,DOT,3,0,3,0,0
2021-03-15,ETH,13,0,13,0,0
2021-03-15,LINK,1,0,1,0,0
2021-03-15,LTC,3,0,3,0,0
2021-03-15,MATIC,1,0,1,0,0
2021-03-15,SOL,6,0,6,0,0
2021-03-15,UNI,2,0,2,0,0
2021-03-15,VECHAIN,1,0,1,0,0
2021-03-15,XRP,2,0,2,0,0
2021-03-16,ADA,3,0,3,0,0
2021-03-16,BTC,57,0,57,0,0
2021-03-16,DOGE,2,0,2,0,0
2021-03-16,DOT,2,0,2,0,0
2021-03-16,ETH,16,0,16,0,0
2021-03-16,LINK,2,0,2,0,0
2021-03-16,LTC,3,0,3,0,0
2021-03-16,MATIC,2,0,2,0,0
2021-03-16,SOL,6,0,6,0,0
2021-03-16,TERRA,1,0,1,0,0
2021-03-16,UNI,2,0,2,0,0
2021-03-16,VECHAIN,1,0,1,0,0
2021-03-16,XRP,5,0,5,0,0
2021-03-17,ADA,2,0,2,0,0
2021-03-17,BNB,3,0,3,0,0
2021-03-17,BTC,58,0,58,0,0
2021-03-17,DOGE,2,0,2,0,0
2021-03-17,DOT,1,0,1,0,0
2021-03-17,ETH,20,0,20,0,0
2021-03-17,LINK,7,0,7,0,0
2021-03-17,LTC,1,0,1,0,0
2021-03-17,SOL,2,0,2,0,0
2021-03-17,UNI,3,0,3,0,0
2021-03-17,XRP,2,0,2,0,0
2021-03-18,ADA,3,0,3,0,0
2021-03-18,BNB,2,0,2,0,0
2021-03-18,BTC,62,0,62,0,0
2021-03-18,DOT,2,0,2,0,0
2021-03-18,ETH,13,0,13,0,0
2021-03-18,LINK,2,0,2,0,0
2021-03-18,LTC,3,0,3,0,0
2021-03-18,SOL,5,0,5,0,0
2021-03-18,TERRA,2,0,2,0,0
2021-03-18,UNI,3,0,3,0,0
2021-03-18,XRP,1,0,1,0,0
2021-03-19,ADA,5,0,5,0,0
2021-03-19,AVAX,2,0,2,0,0
2021-03-19,BNB,3,0,3,0,0
2021-03-19,BTC,57,0,57,0,0
2021-03-19,DOGE,2,0,2,0,0
2021-03-19,DOT,4,0,4,0,0
2021-03-19,ETH,26,0,26,0,0
2021-03-19,LINK,2,0,2,0,0
2021-03-19,LTC,4,0,4,0,0
2021-03-19,MATIC,3,0,3,0,0
2021-03-19,SOL,5,0,5,0,0
2021-03-19,TERRA,2,0,2,0,0
2021-03-19,UNI,3,0,3,0,0
2021-03-19,XRP,5,0,5,0,0
2021-03-20,AVAX,1,0,1,0,0
2021-03-20,BNB,1,0,1,0,0
2021-03-20,BTC,9,0,9,0,0
2021-03-20,DOT,1,0,1,0,0
2021-03-20,ETH,4,0,4,0,0
2021-03-20,LTC,2,0,2,0,0
2021-03-20,TERRA,1,0,1,0,0
2021-03-20,UNI,1,0,1,0,0
2021-03-21,BTC,13,0,13,0,0
2021-03-21,ETH,3,0,3,0,0
2021-03-21,LINK,1,0,1,0,0
2021-03-21,MATIC,4,0,4,0,0
2021-03-21,SOL,3,0,3,0,0
2021-03-21,UNI,1,0,1,0,0
2021-03-21,XRP,1,0,1,0,0
2021-03-22,ADA,3,0,3,0,0
2021-03-22,AVAX,1,0,1,0,0
2021-03-22,BNB,1,0,1,0,0
2021-03-22,BTC,51,0,51,0,0
2021-03-22,DOT,3,0,3,0,0
2021-03-22,ETH,11,0,11,0,0
2021-03-22,LINK,3,0,3,0,0
2021-03-22,LTC,2,0,2,0,0
2021-03-22,MATIC,1,0,1,0,0
2021-03-22,SOL,5,0,5,0,0
2021-03-22,TERRA,1,0,1,0,0
2021-03-22,UNI,6,0,6,0,0
2021-03-22,XRP,4,0,4,0,0
2021-03-23,BNB,1,0,1,0,0
2021-03-23,BTC,49,0,49,0,0
2021-03-23,DOGE,2,0,2,0,0
2021-03-23,DOT,1,0,1,0,0
2021-03-23,ETH,15,0,15,0,0
2021-03-23,LINK,1,0,1,0,0
2021-03-23,LTC,1,0,1,0,0
2021-03-23,MATIC,1,0,1,0,0
2021-03-23,SOL,5,0,5,0,0
2021-03-23,UNI,2,0,2,0,0
2021-03-23,XRP,3,0,3,0,0
2021-03-24,ADA,1,0,1,0,0
2021-03-24,AVAX,1,0,1,0,0
2021-03-24,BNB,2,0,2,0,0
2021-03-24,BTC,67,0,67,0,0
2021-03-24,DOGE,1,0,1,0,0
2021-03-24,DOT,3,0,3,0,0
2021-03-24,ETH,27,0,27,0,0
2021-03-24,LINK,2,0,2,0,0
2021-03-24,LTC,1,0,1,0,0
2021-03-24,MATIC,2,0,2,0,0
2021-03-24,SOL,9,0,9,0,0
2021-03-24,UNI,3,0,3,0,0
2021-03-24,XRP,1,0,1,0,0
2021-03-25,BTC,57,0,57,0,0
2021-03-25,DOGE,2,0,2,0,0
2021-03-25,ETH,17,0,17,0,0
2021-03-25,LINK,1,0,1,0,0
2021-03-25,LTC,1,0,1,0,0
2021-03-25,MATIC,2,0,2,0,0
2021-03-25,SOL,6,0,6,0,0
2021-03-25,UNI,2,0,2,0,0
2021-03-25,XRP,1,0,1,0,0
2021-03-26,ADA,5,0,5,0,0
2021-03-26,BNB,1,0,1,0,0
2021-03-26,BTC,45,0,45,0,0
2021-03-26,DOT,1,0,1,0,0
2021-03-26,ETH,12,0,12,0,0
2021-03-26,LINK,2,0,2,0,0
2021-03-26,LTC,1,0,1,0,0
2021-03-26,MATIC,2,0,2,0,0
2021-03-26,SOL,5,0,5,0,0
2021-03-26,TERRA,3,0,3,0,0
2021-03-26,UNI,3,0,3,0,0
2021-03-27,BNB,1,0,1,0,0
2021-03-27,BTC,11,0,11,0,0
2021-03-27,ETH,7,0,7,0,0
2021-03-27,LINK,1,0,1,0,0
2021-03-27,SOL,1,0,1,0,0
2021-03-27,UNI,3,0,3,0,0
2021-03-28,BNB,1,0,1,0,0
2021-03-28,BTC,10,0,10,0,0
2021-03-28,ETH,7,0,7,0,0
2021-03-28,LINK,1,0,1,0,0
2021-03-28,MATIC,2,0,2,0,0
2021-03-28,SOL,4,0,4,0,0
2021-03-28,UNI,1,0,1,0,0
2021-03-28,VECHAIN,1,0,1,0,0
2021-03-29,ADA,2,0,2,0,0
2021-03-29,BNB,3,0,3,0,0
2021-03-29,BTC,53,0,53,0,0
2021-03-29,DOGE,2,0,2,0,0
2021-03-29,DOT,4,0,4,0,0
2021-03-29,ETH,33,0,33,0,0
2021-03-29,LINK,2,0,2,0,0
2021-03-29,LTC,1,0,1,0,0
2021-03-29,SOL,3,0,3,0,0
2021-03-29,TERRA,2,0,2,0,0
2021-03-29,UNI,5,0,5,0,0
2021-03-29,XRP,1,0,1,0,0
2021-03-30,BNB,1,0,1,0,0
2021-03-30,BTC,56,0,56,0,0
2021-03-30,DOGE,2,0,2,0,0
2021-03-30,DOT,2,0,2,0,0
2021-03-30,ETH,23,0,23,0,0
2021-03-30,LINK,1,0,1,0,0
2021-03-30,LTC,5,0,5,0,0
2021-03-30,MATIC,1,0,1,0,0
2021-03-30,SOL,5,0,5,0,0
2021-03-30,TERRA,1,0,1,0,0
2021-03-30,UNI,1,0,1,0,0
2021-03-30,XRP,9,0,9,0,0
2021-03-31,ADA,2,0,2,0,0
2021-03-31,BNB,3,0,3,0,0
2021-03-31,BTC,63,0,63,0,0
2021-03-31,DOGE,2,0,2,0,0
2021-03-31,DOT,10,0,10,0,0
2021-03-31,ETH,29,0,29,0,0
2021-03-31,LINK,2,0,2,0,0
2021-03-31,LTC,1,0,1,0,0
2021-03-31,MATIC,5,0,5,0,0
2021-03-31,SOL,12,0,12,0,0
2021-03-31,TERRA,4,0,4,0,0
2021-03-31,UNI,3,0,3,0,0
2021-03-31,XRP,1,0,1,0,0
2021-04-01,ADA,2,0,2,0,0
2021-04-01,AVAX,1,0,1,0,0
2021-04-01,BTC,55,0,55,0,0
2021-04-01,DOGE,6,0,6,0,0
2021-04-01,DOT,4,0,4,0,0
2021-04-01,ETH,22,0,22,0,0
2021-04-01,MATIC,3,0,3,0,0
2021-04-01,SOL,5,0,5,0,0
2021-04-01,UNI,2,0,2,0,0
2021-04-01,XRP,2,0,2,0,0
2021-04-02,ADA,2,0,2,0,0
2021-04-02,AVAX,1,0,1,0,0
2021-04-02,BNB,3,0,3,0,0
2021-04-02,BTC,42,0,42,0,0
2021-04-02,DOGE,4,0,4,0,0
2021-04-02,DOT,4,0,4,0,0
2021-04-02,ETH,23,0,23,0,0
2021-04-02,LINK,3,0,3,0,0
2021-04-02,LTC,2,0,2,0,0
2021-04-02,MATIC,1,0,1,0,0
2021-04-02,SOL,3,0,3,0,0
2021-04-02,TERRA,2,0,2,0,0
2021-04-02,UNI,1,0,1,0,0
2021-04-02,XRP,2,0,2,0,0
2021-04-03,BTC,13,0,13,0,0
2021-04-03,DOT,1,0,1,0,0
2021-04-03,ETH,8,0,8,0,0
2021-04-03,MATIC,1,0,1,0,0
2021-04-03,SOL,1,0,1,0,0
2021-04-03,VECHAIN,1,0,1,0,0
2021-04-03,XRP,1,0,1,0,0
2021-04-04,ADA,1,0,1,0,0
2021-04-04,BNB,1,0,1,0,0
2021-04-04,BTC,9,0,9,0,0
2021-04-04,DOGE,1,0,1,0,0
2021-04-04,DOT,2,0,2,0,0
2021-04-04,ETH,3,0,3,0,0
2021-04-04,LINK,2,0,2,0,0
2021-04-04,LTC,1,0,1,0,0
2021-04-04,MATIC,1,0,1,0,0
2021-04-04,SOL,1,0,1,0,0
2021-04-04,UNI,3,0,3,0,0
2021-04-05,ADA,2,0,2,0,0
2021-04-05,BNB,3,0,3,0,0
2021-04-05,BTC,44,0,44,0,0
2021-04-05,DOT,3,0,3,0,0
2021-04-05,ETH,18,0,18,0,0
2021-04-05,LINK,1,0,1,0,0
2021-04-05,LTC,4,0,4,0,0
2021-04-05,MATIC,4,0,4,0,0
2021-04-05,SOL,6,0,6,0,0
2021-04-05,TERRA,1,0,1,0,0
2021-04-05,UNI,5,0,5,0,0
2021-04-05,XRP,4,0,4,0,0
2021-04-06,ADA,2,0,2,0,0
2021-04-06,AVAX,2,0,2,0,0
2021-04-06,BNB,1,0,1,0,0
2021-04-06,BTC,64,0,64,0,0
2021-04-06,DOGE,1,0,1,0,0
2021-04-06,DOT,7,0,7,0,0
2021-04-06,ETH,24,0,24,0,0
2021-04-06,LINK,1,0,1,0,0
2021-04-06,LTC,7,0,7,0,0
2021-04-06,MATIC,3,0,3,0,0
2021-04-06,SOL,11,0,11,0,0
2021-04-06,TERRA,1,0,1,0,0
2021-04-06,XRP,6,0,6,0,0
2021-04-07,ADA,4,0,4,0,0
2021-04-07,AVAX,2,0,2,0,0
2021-04-07,BNB,2,0,2,0,0
2021-04-07,BTC,48,0,48,0,0
2021-04-07,DOGE,1,0,1,0,0
2021-04-07,DOT,2,0,2,0,0
2021-04-07,ETH,8,0,8,0,0
2021-04-07,LINK,2,0,2,0,0
2021-04-07,LTC,5,0,5,0,0
2021-04-07,MATIC,1,0,1,0,0
2021-04-07,SOL,4,0,4,0,0
2021-04-07,UNI,4,0,4,0,0
2021-04-07,XRP,6,0,6,0,0
2021-04-08,BNB,3,0,3,0,0
2021-04-08,BTC,53,0,53,0,0
2021-04-08,DOGE,1,0,1,0,0
2021-04-08,DOT,7,0,7,0,0
2021-04-08,ETH,25,0,25,0,0
2021-04-08,LTC,1,0,1,0,0
2021-04-08,MATIC,3,0,3,0,0
2021-04-08,SOL,8,0,8,0,0
2021-04-08,UNI,8,0,8,0,0
2021-04-08,XRP,6,0,6,0,0
2021-04-09,ADA,4,0,4,0,0
2021-04-09,BNB,2,0,2,0,0
2021-04-09,BTC,44,0,44,0,0
2021-04-09,DOT,5,0,5,0,0
2021-04-09,ETH,12,0,12,0,0
2021-04-09,LINK,4,0,4,0,0
2021-04-09,LTC,4,0,4,0,0
2021-04-09,SOL,2,0,2,0,0
2021-04-09,TERRA,1,0,1,0,0
2021-04-09,UNI,4,0,4,0,0
2021-04-09,XRP,6,0,6,0,0
2021-04-10,BNB,2,0,2,0,0
2021-04-10,BTC,16,0,16,0,0
2021-04-10,DOGE,1,0,1,0,0
2021-04-10,DOT,1,0,1,0,0
2021-04-10,ETH,7,0,7,0,0
2021-04-10,LINK,1,0,1,0,0
2021-04-10,MATIC,1,0,1,0,0
2021-04-10,SOL,1,0,1,0,0
2021-04-10,UNI,1,0,1,0,0
2021-04-10,VECHAIN,1,0,1,0,0
2021-04-10,XRP,4,0,4,0,0
2021-04-11,ADA,1,0,1,0,0
2021-04-11,BNB,1,0,1,0,0
2021-04-11,BTC,9,0,9,0,0
2021-04-11,DOT,1,0,1,0,0
2021-04-11,ETH,5,0,5,0,0
2021-04-11,LINK,1,0,1,0,0
2021-04-11,LTC,2,0,2,0,0
2021-04-11,SOL,1,0,1,0,0
2021-04-11,UNI,2,0,2,0,0
2021-04-11,XRP,3,0,3,0,0
2021-04-12,ADA,1,0,1,0,0
2021-04-12,AVAX,1,0,1,0,0
2021-04-12,BNB,8,0,8,0,0
2021-04-12,BTC,56,0,56,0,0
2021-04-12,DOGE,1,0,1,0,0
2021-04-12,DOT,4,0,4,0,0
2021-04-12,ETH,18,0,18,0,0
2021-04-12,LINK,1,0,1,0,0
2021-04-12,LTC,4,0,4,0,0
2021-04-12,MATIC,1,0,1,0,0
2021-04-12,SOL,5,0,5,0,0
2021-04-12,UNI,3,0,3,0,0
2021-04-12,XRP,5,0,5,0,0
2021-04-13,ADA,1,0,1,0,0
2021-04-13,AVAX,2,0,2,0,0
2021-04-13,BNB,5,0,5,0,0
2021-04-13,BTC,63,0,63,0,0
2021-04-13,DOGE,3,0,3,0,0
2021-04-13,DOT,1,0,1,0,0
2021-04-13,ETH,29,0,29,0,0
2021-04-13,LINK,1,0,1,0,0
2021-04-13,LTC,4,0,4,0,0
2021-04-13,SOL,7,0,7,0,0
2021-04-13,UNI,4,0,4,0,0
2021-04-13,XRP,4,0,4,0,0
2021-04-14,ADA,4,0,4,0,0
2021-04-14,BNB,3,0,3,0,0
2021-04-14,BTC,61,0,61,0,0
2021-04-14,DOGE,7,0,7,0,0
2021-04-14,DOT,2,0,2,0,0
2021-04-14,ETH,16,0,16,0,0
2021-04-14,LINK,3,0,3,0,0
2021-04-14,LTC,2,0,2,0,0
2021-04-14,MATIC,3,0,3,0,0
2021-04-14,SOL,6,0,6,0,0
2021-04-14,UNI,4,0,4,0,0
2021-04-14,XRP,5,0,5,0,0
2021-04-15,BTC,57,0,57,0,0
2021-04-15,DOGE,7,0,7,0,0
2021-04-15,DOT,3,0,3,0,0
2021-04-15,ETH,23,0,23,0,0
2021-04-15,LINK,7,0,7,0,0
2021-04-15,LTC,6,0,6,0,0
2021-04-15,MATIC,1,0,1,0,0
2021-04-15,SOL,8,0,8,0,0
2021-04-15,UNI,2,0,2,0,0
2021-04-16,ADA,3,0,3,0,0
2021-04-16,AVAX,1,0,1,0,0
2021-04-16,BNB,2,0,2,0,0
2021-04-16,BTC,56,0,56,0,0
2021-04-16,DOGE,18,0,18,0,0
2021-04-16,DOT,2,0,2,0,0
2021-04-16,ETH,28,0,28,0,0
2021-04-16,LINK,4,0,4,0,0
2021-04-16,LTC,5,0,5,0,0
2021-04-16,MATIC,2,0,2,0,0
2021-04-16,SOL,3,0,3,0,0
2021-04-16,UNI,4,0,4,0,0
2021-04-16,XRP,1,0,1,0,0
2021-04-17,ADA,2,0,2,0,0
2021-04-17,BNB,1,0,1,0,0
2021-04-17,BTC,16,0,16,0,0
2021-04-17,DOGE,5,0,5,0,0
2021-04-17,DOT,2,0,2,0,0
2021-04-17,ETH,7,0,7,0,0
2021-04-17,LINK,1,0,1,0,0
2021-04-17,LTC,1,0,1,0,0
2021-04-17,MATIC,2,0,2,0,0
2021-04-17,SOL,2,0,2,0,0
2021-04-17,XRP,1,0,1,0,0
2021-04-18,BTC,15,0,15,0,0
2021-04-18,DOGE,1,0,1,0,0
2021-04-18,DOT,1,0,1,0,0
2021-04-18,ETH,1,0,1,0,0
2021-04-18,LTC,1,0,1,0,0
2021-04-18,MATIC,1,0,1,0,0
2021-04-18,SOL,2,0,2,0,0
2021-04-18,VECHAIN,1,0,1,0,0
2021-04-18,XRP,2,0,2,0,0
2021-04-19,ADA,2,0,2,0,0
2021-04-19,BNB,3,0,3,0,0
2021-04-19,BTC,41,0,41,0,0
2021-04-19,DOGE,8,0,8,0,0
2021-04-19,DOT,4,0,4,0,0
2021-04-19,ETH,15,0,15,0,0
2021-04-19,LINK,1,0,1,0,0
2021-04-19,LTC,1,0,1,0,0
2021-04-19,MATIC,1,0,1,0,0
2021-04-19,SOL,4,0,4,0,0
2021-04-19,UNI,3,0,3,0,0
2021-04-19,XRP,1,0,1,0,0
2021-04-20,ADA,2,0,2,0,0
2021-04-20,AVAX,1,0,1,0,0
2021-04-20,BNB,1,0,1,0,0
2021-04-20,BTC,49,0,49,0,0
2021-04-20,DOGE,11,0,11,0,0
2021-04-20,DOT,2,0,2,0,0
2021-04-20,ETH,18,0,18,0,0
2021-04-20,LINK,3,0,3,0,0
2021-04-20,LTC,3,0,3,0,0
2021-04-20,MATIC,1,0,1,0,0
2021-04-20,SOL,5,0,5,0,0
2021-04-20,TERRA,1,0,1,0,0
2021-04-20,UNI,2,0,2,0,0
2021-04-20,XRP,6,0,6,0,0
2021-04-21,ADA,2,0,2,0,0
2021-04-21,BNB,4,0,4,0,0
2021-04-21,BTC,39,0,39,0,0
2021-04-21,DOGE,5,0,5,0,0
2021-04-21,DOT,3,0,3,0,0
2021-04-21,ETH,22,0,22,0,0
2021-04-21,LTC,3,0,3,0,0
2021-04-21,SOL,5,0,5,0,0
2021-04-21,UNI,11,0,11,0,0
2021-04-21,XRP,1,0,1,0,0
2021-04-22,ADA,1,0,1,0,0
2021-04-22,BNB,2,0,2,0,0
2021-04-22,BTC,70,0,70,0,0
2021-04-22,DOGE,7,0,7,0,0
2021-04-22,DOT,2,0,2,0,0
2021-04-22,ETH,28,0,28,0,0
2021-04-22,LINK,2,0,2,0,0
2021-04-22,LTC,3,0,3,0,0
2021-04-22,SOL,7,0,7,0,0
2021-04-22,UNI,1,0,1,0,0
2021-04-22,VECHAIN,1,0,1,0,0
2021-04-22,XRP,6,0,6,0,0
2021-04-23,ADA,1,0,1,0,0
2021-04-23,BNB,3,0,3,0,0
2021-04-23,BTC,58,0,58,0,0
2021-04-23,DOGE,8,0,8,0,0
2021-04-23,DOT,5,0,5,0,0
2021-04-23,ETH,16,0,16,0,0
2021-04-23,LINK,2,0,2,0,0
2021-04-23,LTC,4,0,4,0,0
2021-04-23,MATIC,2,0,2,0,0
2021-04-23,SOL,4,0,4,0,0
2021-04-23,TERRA,1,0,1,0,0
2021-04-23,UNI,3,0,3,0,0
2021-04-23,XRP,3,0,3,0,0
2021-04-24,ADA,1,0,1,0,0
2021-04-24,AVAX,1,0,1,0,0
2021-04-24,BNB,1,0,1,0,0
2021-04-24,BTC,12,0,12,0,0
2021-04-24,DOGE,2,0,2,0,0
2021-04-24,ETH,7,0,7,0,0
2021-04-24,MATIC,2,0,2,0,0
2021-04-24,SOL,1,0,1,0,0
2021-04-25,ADA,1,0,1,0,0
2021-04-25,BNB,2,0,2,0,0
2021-04-25,BTC,8,0,8,0,0
2021-04-25,DOGE,1,0,1,0,0
2021-04-25,ETH,3,0,3,0,0
2021-04-25,MATIC,3,0,3,0,0
2021-04-25,SOL,4,0,4,0,0
2021-04-25,UNI,1,0,1,0,0
2021-04-25,XRP,1,0,1,0,0
2021-04-26,ADA,3,0,3,0,0
2021-04-26,BNB,3,0,3,0,0
2021-04-26,BTC,53,0,53,0,0
2021-04-26,DOGE,3,0,3,0,0
2021-04-26,DOT,5,0,5,0,0
2021-04-26,ETH,22,0,22,0,0
2021-04-26,LINK,2,0,2,0,0
2021-04-26,LTC,3,0,3,0,0
2021-04-26,MATIC,4,0,4,0,0
2021-04-26,SOL,5,0,5,0,0
2021-04-26,UNI,4,0,4,0,0
2021-04-27,ADA,2,0,2,0,0
2021-04-27,BTC,64,0,64,0,0
2021-04-27,DOGE,6,0,6,0,0
2021-04-27,DOT,5,0,5,0,0
2021-04-27,ETH,29,0,29,0,0
2021-04-27,LTC,1,0,1,0,0
2021-04-27,MATIC,8,0,8,0,0
2021-04-27,SOL,6,0,6,0,0
2021-04-27,TERRA,1,0,1,0,0
2021-04-27,UNI,4,0,4,0,0
2021-04-28,ADA,5,0,5,0,0
2021-04-28,BNB,2,0,2,0,0
2021-04-28,BTC,54,0,54,0,0
2021-04-28,DOGE,8,0,8,0,0
2021-04-28,DOT,3,0,3,0,0
2021-04-28,ETH,28,0,28,0,0
2021-04-28,LTC,2,0,2,0,0
2021-04-28,MATIC,5,0,5,0,0
2021-04-28,SOL,3,0,3,0,0
2021-04-28,UNI,7,0,7,0,0
2021-04-28,XRP,1,0,1,0,0
2021-04-29,ADA,4,0,4,0,0
2021-04-29,BNB,3,0,3,0,0
2021-04-29,BTC,52,0,52,0,0
2021-04-29,DOGE,6,0,6,0,0
2021-04-29,DOT,2,0,2,0,0
2021-04-29,ETH,23,0,23,0,0
2021-04-29,LTC,5,0,5,0,0
2021-04-29,SOL,6,0,6,0,0
2021-04-29,UNI,2,0,2,0,0
2021-04-29,VECHAIN,1,0,1,0,0
2021-04-29,XRP,2,0,2,0,0
2021-04-30,ADA,4,0,4,0,0
2021-04-30,BNB,2,0,2,0,0
2021-04-30,BTC,48,0,48,0,0
2021-04-30,DOGE,3,0,3,0,0
2021-04-30,DOT,4,0,4,0,0
2021-04-30,ETH,20,0,20,0,0
2021-04-30,LINK,1,0,1,0,0
2021-04-30,LTC,2,0,2,0,0
2021-04-30,MATIC,2,0,2,0,0
2021-04-30,SOL,3,0,3,0,0
2021-04-30,TERRA,1,0,1,0,0
2021-04-30,UNI,2,0,2,0,0
2021-04-30,XRP,2,0,2,0,0
2021-05-01,BTC,10,0,10,0,0
2021-05-01,DOGE,3,0,3,0,0
2021-05-01,DOT,1,0,1,0,0
2021-05-01,ETH,8,0,8,0,0
2021-05-01,MATIC,2,0,2,0,0
2021-05-01,SOL,3,0,3,0,0
2021-05-01,UNI,2,0,2,0,0
2021-05-01,XRP,2,0,2,0,0
2021-05-02,AVAX,1,0,1,0,0
2021-05-02,BTC,12,0,12,0,0
2021-05-02,DOGE,4,0,4,0,0
2021-05-02,DOT,1,0,1,0,0
2021-05-02,ETH,7,0,7,0,0
2021-05-02,MATIC,1,0,1,0,0
2021-05-02,SOL,2,0,2,0,0
2021-05-02,UNI,1,0,1,0,0
2021-05-03,ADA,2,0,2,0,0
2021-05-03,AVAX,1,0,1,0,0
2021-05-03,BNB,4,0,4,0,0
2021-05-03,BTC,42,0,42,0,0
2021-05-03,DOGE,5,0,5,0,0
2021-05-03,DOT,4,0,4,0,0
2021-05-03,ETH,24,0,24,0,0
2021-05-03,LTC,1,0,1,0,0
2021-05-03,MATIC,4,0,4,0,0
2021-05-03,SOL,10,0,10,0,0
2021-05-03,UNI,3,0,3,0,0
2021-05-03,XRP,1,0,1,0,0
2021-05-04,ADA,2,0,2,0,0
2021-05-04,BNB,1,0,1,0,0
2021-05-04,BTC,43,0,43,0,0
2021-05-04,DOGE,16,0,16,0,0
2021-05-04,DOT,2,0,2,0,0
2021-05-04,ETH,28,0,28,0,0
2021-05-04,LINK,2,0,2,0,0
2021-05-04,LTC,2,0,2,0,0
2021-05-04,MATIC,2,0,2,0,0
2021-05-04,SOL,3,0,3,0,0
2021-05-04,UNI,5,0,5,0,0
2021-05-04,XRP,4,0,4,0,0
2021-05-05,ADA,6,0,6,0,0
2021-05-05,BNB,1,0,1,0,0
2021-05-05,BTC,62,0,62,0,0
2021-05-05,DOGE,16,0,16,0,0
2021-05-05,DOT,4,0,4,0,0
2021-05-05,ETH,28,0,28,0,0
2021-05-05,LTC,4,0,4,0,0
2021-05-05,MATIC,3,0,3,0,0
2021-05-05,SOL,8,0,8,0,0
2021-05-05,UNI,6,0,6,0,0
2021-05-05,XRP,3,0,3,0,0
2021-05-06,ADA,3,0,3,0,0
2021-05-06,BNB,1,0,1,0,0
2021-05-06,BTC,65,0,65,0,0
2021-05-06,DOGE,7,0,7,0,0
2021-05-06,DOT,1,0,1,0,0
2021-05-06,ETH,24,0,24,0,0
2021-05-06,LTC,5,0,5,0,0
2021-05-06,MATIC,2,0,2,0,0
2021-05-06,SOL,4,0,4,0,0
2021-05-06,UNI,2,0,2,0,0
2021-05-06,VECHAIN,1,0,1,0,0
2021-05-07,ADA,6,0,6,0,0
2021-05-07,AVAX,1,0,1,0,0
2021-05-07,BNB,2,0,2,0,0
2021-05-07,BTC,57,0,57,0,0
2021-05-07,DOGE,14,0,14,0,0
2021-05-07,DOT,7,0,7,0,0
2021-05-07,ETH,22,0,22,0,0
2021-05-07,LINK,2,0,2,0,0
2021-05-07,LTC,2,0,2,0,0
2021-05-07,MATIC,1,0,1,0,0
2021-05-07,SOL,9,0,9,0,0
2021-05-07,UNI,5,0,5,0,0
2021-05-07,VECHAIN,1,0,1,0,0
2021-05-07,XRP,2,0,2,0,0
2021-05-08,ADA,2,0,2,0,0
2021-05-08,AVAX,1,0,1,0,0
2021-05-08,BNB,2,0,2,0,0
2021-05-08,BTC,11,0,11,0,0
2021-05-08,DOGE,4,0,4,0,0
2021-05-08,DOT,1,0,1,0,0
2021-05-08,ETH,10,0,10,0,0
2021-05-08,LTC,1,0,1,0,0
2021-05-08,MATIC,3,0,3,0,0
2021-05-08,SOL,3,0,3,0,0
2021-05-08,UNI,1,0,1,0,0
2021-05-09,ADA,2,0,2,0,0
2021-05-09,BNB,1,0,1,0,0
2021-05-09,BTC,13,0,13,0,0
2021-05-09,DOGE,13,0,13,0,0
2021-05-09,DOT,2,0,2,0,0
2021-05-09,ETH,5,0,5,0,0
2021-05-09,LINK,1,0,1,0,0
2021-05-09,LTC,1,0,1,0,0
2021-05-09,MATIC,4,0,4,0,0
2021-05-09,SOL,3,0,3,0,0
2021-05-09,UNI,3,0,3,0,0
2021-05-09,XRP,1,0,1,0,0
2021-05-10,ADA,5,0,5,0,0
2021-05-10,BNB,2,0,2,0,0
2021-05-10,BTC,57,0,57,0,0
2021-05-10,DOGE,20,0,20,0,0
2021-05-10,DOT,6,0,6,0,0
2021-05-10,ETH,26,0,26,0,0
2021-05-10,LINK,2,0,2,0,0
2021-05-10,LTC,4,0,4,0,0
2021-05-10,MATIC,1,0,1,0,0
2021-05-10,SHIBA,3,0,3,0,0
2021-05-10,SOL,7,0,7,0,0
2021-05-10,TERRA,1,0,1,0,0
2021-05-10,UNI,7,0,7,0,0
2021-05-10,XRP,1,0,1,0,0
2021-05-11,BNB,1,0,1,0,0
2021-05-11,BTC,55,0,55,0,0
2021-05-11,DOGE,12,0,12,0,0
2021-05-11,DOT,3,0,3,0,0
2021-05-11,ETH,24,0,24,0,0
2021-05-11,LTC,2,0,2,0,0
2021-05-11,MATIC,3,0,3,0,0
2021-05-11,SHIBA,6,0,6,0,0
2021-05-11,SOL,5,0,5,0,0
2021-05-11,UNI,5,0,5,0,0
2021-05-11,XRP,2,0,2,0,0
2021-05-12,ADA,2,0,2,0,0
2021-05-12,BTC,53,0,53,0,0
2021-05-12,DOGE,8,0,8,0,0
2021-05-12,DOT,1,0,1,0,0
2021-05-12,ETH,30,0,30,0,0
2021-05-12,LINK,2,0,2,0,0
2021-05-12,LTC,2,0,2,0,0
2021-05-12,MATIC,7,0,7,0,0
2021-05-12,SHIBA,8,0,8,0,0
2021-05-12,SOL,11,0,11,0,0
2021-05-12,UNI,7,0,7,0,0
2021-05-12,XRP,3,0,3,0,0
2021-05-13,ADA,6,0,6,0,0
2021-05-13,BNB,4,0,4,0,0
2021-05-13,BTC,75,0,75,0,0
2021-05-13,DOGE,19,0,19,0,0
2021-05-13,DOT,5,0,5,0,0
2021-05-13,ETH,23,0,23,0,0
2021-05-13,LINK,3,0,3,0,0
2021-05-13,LTC,6,0,6,0,0
2021-05-13,MATIC,5,0,5,0,0
2021-05-13,SHIBA,3,0,3,0,0
2021-05-13,SOL,13,0,13,0,0
2021-05-13,TERRA,2,0,2,0,0
2021-05-13,UNI,4,0,4,0,0
2021-05-13,VECHAIN,1,0,1,0,0
2021-05-13,XRP,4,0,4,0,0
2021-05-14,ADA,2,0,2,0,0
2021-05-14,AVAX,1,0,1,0,0
2021-05-14,BNB,1,0,1,0,0
2021-05-14,BTC,54,0,54,0,0
2021-05-14,DOGE,9,0,9,0,0
2021-05-14,DOT,3,0,3,0,0
2021-05-14,ETH,16,0,16,0,0
2021-05-14,LINK,2,0,2,0,0
2021-05-14,LTC,1,0,1,0,0
2021-05-14,MATIC,3,0,3,0,0
2021-05-14,SHIBA,1,0,1,0,0
2021-05-14,SOL,6,0,6,0,0
2021-05-14,TERRA,2,0,2,0,0
2021-05-14,UNI,4,0,4,0,0
2021-05-14,XRP,1,0,1,0,0
2021-05-15,ADA,3,0,3,0,0
2021-05-15,AVAX,1,0,1,0,0
2021-05-15,BTC,16,0,16,0,0
2021-05-15,DOGE,5,0,5,0,0
2021-05-15,ETH,3,0,3,0,0
2021-05-15,MATIC,5,0,5,0,0
2021-05-15,SOL,1,0,1,0,0
2021-05-15,TERRA,1,0,1,0,0
2021-05-16,ADA,2,0,2,0,0
2021-05-16,BNB,1,0,1,0,0
2021-05-16,BTC,15,0,15,0,0
2021-05-16,DOGE,6,0,6,0,0
2021-05-16,DOT,2,0,2,0,0
2021-05-16,ETH,5,0,5,0,0
2021-05-16,MATIC,1,0,1,0,0
2021-05-16,SHIBA,1,0,1,0,0
2021-05-16,SOL,3,0,3,0,0
2021-05-16,UNI,1,0,1,0,0
2021-05-16,XRP,1,0,1,0,0
2021-05-17,ADA,4,0,4,0,0
2021-05-17,BNB,3,0,3,0,0
2021-05-17,BTC,54,0,54,0,0
2021-05-17,DOGE,12,0,12,0,0
2021-05-17,DOT,5,0,5,0,0
2021-05-17,ETH,21,0,21,0,0
2021-05-17,LTC,4,0,4,0,0
2021-05-17,MATIC,4,0,4,0,0
2021-05-17,SHIBA,3,0,3,0,0
2021-05-17,SOL,2,0,2,0,0
2021-05-17,UNI,6,0,6,0,0
2021-05-18,ADA,6,0,6,0,0
2021-05-18,BTC,54,0,54,0,0
2021-05-18,DOGE,4,0,4,0,0
2021-05-18,DOT,6,0,6,0,0
2021-05-18,ETH,21,0,21,0,0
2021-05-18,LTC,2,0,2,0,0
2021-05-18,MATIC,3,0,3,0,0
2021-05-18,SOL,7,0,7,0,0
2021-05-18,XRP,2,0,2,0,0
2021-05-19,ADA,3,0,3,0,0
2021-05-19,BNB,2,0,2,0,0
2021-05-19,BTC,76,0,76,0,0
2021-05-19,DOGE,8,0,8,0,0
2021-05-19,DOT,5,0,5,0,0
2021-05-19,ETH,24,0,24,0,0
2021-05-19,LTC,5,0,5,0,0
2021-05-19,MATIC,1,0,1,0,0
2021-05-19,SHIBA,2,0,2,0,0
2021-05-19,SOL,6,0,6,0,0
2021-05-19,TERRA,1,0,1,0,0
2021-05-19,UNI,3,0,3,0,0
2021-05-19,XRP,1,0,1,0,0
2021-05-20,ADA,3,0,3,0,0
2021-05-20,BNB,3,0,3,0,0
2021-05-20,BTC,64,0,64,0,0
2021-05-20,DOGE,7,0,7,0,0
2021-05-20,DOT,2,0,2,0,0
2021-05-20,ETH,20,0,20,0,0
2021-05-20,LINK,2,0,2,0,0
2021-05-20,LTC,2,0,2,0,0
2021-05-20,MATIC,2,0,2,0,0
2021-05-20,SHIBA,1,0,1,0,0
2021-05-20,SOL,9,0,9,0,0
2021-05-20,UNI,6,0,6,0,0
2021-05-20,XRP,2,0,2,0,0
2021-05-21,ADA,2,0,2,0,0
2021-05-21,BNB,2,0,2,0,0
2021-05-21,BTC,62,0,62,0,0
2021-05-21,DOGE,5,0,5,0,0
2021-05-21,DOT,1,0,1,0,0
2021-05-21,ETH,13,0,13,0,0
2021-05-21,LINK,2,0,2,0,0
2021-05-21,LTC,1,0,1,0,0
2021-05-21,MATIC,1,0,1,0,0
2021-05-21,SOL,2,0,2,0,0
2021-05-21,UNI,3,0,3,0,0
2021-05-22,BTC,17,0,17,0,0
2021-05-22,DOGE,2,0,2,0,0
2021-05-22,DOT,1,0,1,0,0
2021-05-22,ETH,6,0,6,0,0
2021-05-22,MATIC,4,0,4,0,0
2021-05-22,SOL,4,0,4,0,0
2021-05-22,UNI,1,0,1,0,0
2021-05-23,ADA,2,0,2,0,0
2021-05-23,BNB,1,0,1,0,0
2021-05-23,BTC,17,0,17,0,0
2021-05-23,DOGE,1,0,1,0,0
2021-05-23,DOT,1,0,1,0,0
2021-05-23,ETH,8,0,8,0,0
2021-05-23,MATIC,3,0,3,0,0
2021-05-23,SOL,3,0,3,0,0
2021-05-23,UNI,1,0,1,0,0
2021-05-24,ADA,3,0,3,0,0
2021-05-24,BNB,3,0,3,0,0
2021-05-24,BTC,56,0,56,0,0
2021-05-24,DOGE,9,0,9,0,0
2021-05-24,DOT,6,0,6,0,0
2021-05-24,ETH,26,0,26,0,0
2021-05-24,LINK,2,0,2,0,0
2021-05-24,LTC,2,0,2,0,0
2021-05-24,MATIC,7,0,7,0,0
2021-05-24,SOL,10,0,10,0,0
2021-05-24,TERRA,1,0,1,0,0
2021-05-24,UNI,9,0,9,0,0
2021-05-24,XRP,3,0,3,0,0
2021-05-25,ADA,3,0,3,0,0
2021-05-25,BNB,2,0,2,0,0
2021-05-25,BTC,65,0,65,0,0
2021-05-25,DOGE,4,0,4,0,0
2021-05-25,DOT,6,0,6,0,0
2021-05-25,ETH,27,0,27,0,0
2021-05-25,LINK,1,0,1,0,0
2021-05-25,LTC,1,0,1,0,0
2021-05-25,MATIC,3,0,3,0,0
2021-05-25,SHIBA,1,0,1,0,0
2021-05-25,SOL,8,0,8,0,0
2021-05-25,UNI,1,0,1,0,0
2021-05-25,XRP,2,0,2,0,0
2021-05-26,ADA,1,0,1,0,0
2021-05-26,AVAX,1,0,1,0,0
2021-05-26,BNB,1,0,1,0,0
2021-05-26,BTC,67,0,67,0,0
2021-05-26,DOGE,3,0,3,0,0
2021-05-26,DOT,2,0,2,0,0
2021-05-26,ETH,32,0,32,0,0
2021-05-26,LINK,1,0,1,0,0
2021-05-26,LTC,1,0,1,0,0
2021-05-26,MATIC,10,0,10,0,0
2021-05-26,SOL,9,0,9,0,0
2021-05-26,TERRA,1,0,1,0,0
2021-05-26,UNI,4,0,4,0,0
2021-05-26,XRP,5,0,5,0,0
2021-05-27,BNB,3,0,3,0,0
2021-05-27,BTC,53,0,53,0,0
2021-05-27,DOGE,6,0,6,0,0
2021-05-27,DOT,1,0,1,0,0
2021-05-27,ETH,29,0,29,0,0
2021-05-27,LTC,4,0,4,0,0
2021-05-27,MATIC,10,0,10,0,0
2021-05-27,SOL,7,0,7,0,0
2021-05-27,TERRA,1,0,1,0,0
2021-05-27,UNI,3,0,3,0,0
2021-05-27,XRP,1,0,1,0,0
2021-05-28,ADA,4,0,4,0,0
2021-05-28,BNB,2,0,2,0,0
2021-05-28,BTC,53,0,53,0,0
2021-05-28,DOGE,6,0,6,0,0
2021-05-28,DOT,2,0,2,0,0
2021-05-28,ETH,23,0,23,0,0
2021-05-28,LINK,2,0,2,0,0
2021-05-28,LTC,3,0,3,0,0
2021-05-28,MATIC,5,0,5,0,0
2021-05-28,SOL,8,0,8,0,0
2021-05-28,UNI,8,0,8,0,0
2021-05-29,BTC,19,0,19,0,0
2021-05-29,DOGE,1,0,1,0,0
2021-05-29,ETH,9,0,9,0,0
2021-05-29,LTC,1,0,1,0,0
2021-05-29,MATIC,5,0,5,0,0
2021-05-29,SOL,3,0,3,0,0
2021-05-29,UNI,3,0,3,0,0
2021-05-30,ADA,3,0,3,0,0
2021-05-30,BNB,2,0,2,0,0
2021-05-30,BTC,11,0,11,0,0
2021-05-30,DOGE,1,0,1,0,0
2021-05-30,ETH,4,0,4,0,0
2021-05-30,MATIC,2,0,2,0,0
2021-05-30,SOL,1,0,1,0,0
2021-05-30,XRP,1,0,1,0,0
2021-05-31,ADA,1,0,1,0,0
2021-05-31,BNB,1,0,1,0,0
2021-05-31,BTC,33,0,33,0,0
2021-05-31,DOGE,2,0,2,0,0
2021-05-31,DOT,1,0,1,0,0
2021-05-31,ETH,11,0,11,0,0
2021-05-31,LTC,1,0,1,0,0
2021-05-31,MATIC,1,0,1,0,0
2021-05-31,SOL,5,0,5,0,0
2021-05-31,UNI,2,0,2,0,0
2021-05-31,XRP,3,0,3,0,0
2021-06-01,ADA,1,0,1,0,0
2021-06-01,BTC,30,0,30,0,0
2021-06-01,DOGE,4,0,4,0,0
2021-06-01,DOT,2,0,2,0,0
2021-06-01,ETH,20,0,20,0,0
2021-06-01,LTC,1,0,1,0,0
2021-06-01,MATIC,3,0,3,0,0
2021-06-01,SHIBA,1,0,1,0,0
2021-06-01,SOL,1,0,1,0,0
2021-06-01,UNI,1,0,1,0,0
2021-06-02,ADA,7,0,7,0,0
2021-06-02,AVAX,1,0,1,0,0
2021-06-02,BNB,2,0,2,0,0
2021-06-02,BTC,36,0,36,0,0
2021-06-02,DOGE,10,0,10,0,0
2021-06-02,DOT,3,0,3,0,0
2021-06-02,ETH,16,0,16,0,0
2021-06-02,MATIC,3,0,3,0,0
2021-06-02,SOL,3,0,3,0,0
2021-06-02,UNI,3,0,3,0,0
2021-06-02,XRP,1,0,1,0,0
2021-06-03,AVAX,1,0,1,0,0
2021-06-03,BNB,1,0,1,0,0
2021-06-03,BTC,36,0,36,0,0
2021-06-03,DOGE,3,0,3,0,0
2021-06-03,DOT,4,0,4,0,0
2021-06-03,ETH,14,0,14,0,0
2021-06-03,LTC,2,0,2,0,0
2021-06-03,MATIC,2,0,2,0,0
2021-06-03,SOL,3,0,3,0,0
2021-06-03,UNI,1,0,1,0,0
2021-06-03,XRP,2,0,2,0,0
2021-06-04,ADA,4,0,4,0,0
2021-06-04,AVAX,1,0,1,0,0
2021-06-04,BNB,3,0,3,0,0
2021-06-04,BTC,42,0,42,0,0
2021-06-04,DOGE,8,0,8,0,0
2021-06-04,DOT,4,0,4,0,0
2021-06-04,ETH,11,0,11,0,0
2021-06-04,LINK,1,0,1,0,0
2021-06-04,MATIC,3,0,3,0,0
2021-06-04,SHIBA,1,0,1,0,0
2021-06-04,SOL,3,0,3,0,0
2021-06-04,UNI,4,0,4,0,0
2021-06-04,VECHAIN,1,0,1,0,0
2021-06-04,XRP,2,0,2,0,0
2021-06-05,ADA,2,0,2,0,0
2021-06-05,AVAX,1,0,1,0,0
2021-06-05,BNB,1,0,1,0,0
2021-06-05,BTC,18,0,18,0,0
2021-06-05,DOGE,2,0,2,0,0
2021-06-05,ETH,6,0,6,0,0
2021-06-05,LTC,2,0,2,0,0
2021-06-05,MATIC,2,0,2,0,0
2021-06-05,SOL,2,0,2,0,0
2021-06-06,ADA,1,0,1,0,0
2021-06-06,BTC,13,0,13,0,0
2021-06-06,DOGE,2,0,2,0,0
2021-06-06,ETH,5,0,5,0,0
2021-06-06,LTC,1,0,1,0,0
2021-06-06,SOL,1,0,1,0,0
2021-06-06,VECHAIN,1,0,1,0,0
2021-06-07,ADA,3,0,3,0,0
2021-06-07,BNB,1,0,1,0,0
2021-06-07,BTC,38,0,38,0,0
2021-06-07,DOGE,3,0,3,0,0
2021-06-07,DOT,3,0,3,0,0
2021-06-07,ETH,11,0,11,0,0
2021-06-07,LTC,1,0,1,0,0
2021-06-07,SOL,1,0,1,0,0
2021-06-07,UNI,2,0,2,0,0
2021-06-08,ADA,2,0,2,0,0
2021-06-08,AVAX,1,0,1,0,0
2021-06-08,BNB,1,0,1,0,0
2021-06-08,BTC,32,0,32,0,0
2021-06-08,DOGE,3,0,3,0,0
2021-06-08,DOT,4,0,4,0,0
2021-06-08,ETH,13,0,13,0,0
2021-06-08,LTC,2,0,2,0,0
2021-06-08,MATIC,1,0,1,0,0
2021-06-08,SOL,1,0,1,0,0
2021-06-08,TERRA,1,0,1,0,0
2021-06-08,UNI,1,0,1,0,0
2021-06-08,XRP,3,0,3,0,0
2021-06-09,ADA,1,0,1,0,0
2021-06-09,AVAX,1,0,1,0,0
2021-06-09,BNB,3,0,3,0,0
2021-06-09,BTC,43,0,43,0,0
2021-06-09,DOGE,11,0,11,0,0
2021-06-09,DOT,5,0,5,0,0
2021-06-09,ETH,16,0,16,0,0
2021-06-09,LINK,1,0,1,0,0
2021-06-09,LTC,2,0,2,0,0
2021-06-09,MATIC,1,0,1,0,0
2021-06-09,SHIBA,1,0,1,0,0
2021-06-09,SOL,4,0,4,0,0
2021-06-09,UNI,4,0,4,0,0
2021-06-10,ADA,1,0,1,0,0
2021-06-10,AVAX,1,0,1,0,0
2021-06-10,BTC,32,0,32,0,0
2021-06-10,DOGE,3,0,3,0,0
2021-06-10,DOT,1,0,1,0,0
2021-06-10,ETH,13,0,13,0,0
2021-06-10,MATIC,6,0,6,0,0
2021-06-10,SHIBA,1,0,1,0,0
2021-06-10,SOL,3,0,3,0,0
2021-06-10,UNI,2,0,2,0,0
2021-06-11,ADA,2,0,2,0,0
2021-06-11,AVAX,1,0,1,0,0
2021-06-11,BNB,2,0,2,0,0
2021-06-11,BTC,40,0,40,0,0
2021-06-11,DOGE,7,0,7,0,0
2021-06-11,DOT,3,0,3,0,0
2021-06-11,ETH,9,0,9,0,0
2021-06-11,LTC,2,0,2,0,0
2021-06-11,MATIC,1,0,1,0,0
2021-06-11,SHIBA,2,0,2,0,0
2021-06-11,SOL,2,0,2,0,0
2021-06-11,UNI,3,0,3,0,0
2021-06-12,BTC,16,0,16,0,0
2021-06-12,DOGE,4,0,4,0,0
2021-06-12,ETH,3,0,3,0,0
2021-06-12,LTC,1,0,1,0,0
2021-06-12,MATIC,1,0,1,0,0
2021-06-12,SHIBA,1,0,1,0,0
2021-06-12,TERRA,2,0,2,0,0
2021-06-13,BTC,11,0,11,0,0
2021-06-13,DOGE,1,0,1,0,0
2021-06-13,ETH,5,0,5,0,0
2021-06-13,UNI,1,0,1,0,0
2021-06-13,XRP,1,0,1,0,0
2021-06-14,ADA,1,0,1,0,0
2021-06-14,BNB,1,0,1,0,0
2021-06-14,BTC,35,0,35,0,0
2021-06-14,DOGE,1,0,1,0,0
2021-06-14,DOT,1,0,1,0,0
2021-06-14,ETH,13,0,13,0,0
2021-06-14,LTC,1,0,1,0,0
2021-06-14,UNI,1,0,1,0,0
2021-06-15,ADA,1,0,1,0,0
2021-06-15,BTC,27,0,27,0,0
2021-06-15,DOGE,6,0,6,0,0
2021-06-15,DOT,4,0,4,0,0
2021-06-15,ETH,15,0,15,0,0
2021-06-15,LINK,3,0,3,0,0
2021-06-15,SHIBA,1,0,1,0,0
2021-06-15,SOL,2,0,2,0,0
2021-06-15,UNI,1,0,1,0,0
2021-06-15,VECHAIN,1,0,1,0,0
2021-06-16,ADA,2,0,2,0,0
2021-06-16,AVAX,1,0,1,0,0
2021-06-16,BNB,2,0,2,0,0
2021-06-16,BTC,29,0,29,0,0
2021-06-16,DOGE,3,0,3,0,0
2021-06-16,DOT,3,0,3,0,0
2021-06-16,ETH,15,0,15,0,0
2021-06-16,LTC,1,0,1,0,0
2021-06-16,MATIC,2,0,2,0,0
2021-06-16,SHIBA,2,0,2,0,0
2021-06-16,UNI,3,0,3,0,0
2021-06-17,ADA,2,0,2,0,0
2021-06-17,BNB,1,0,1,0,0
2021-06-17,BTC,37,0,37,0,0
2021-06-17,DOGE,5,0,5,0,0
2021-06-17,DOT,2,0,2,0,0
2021-06-17,ETH,13,0,13,0,0
2021-06-17,LINK,2,0,2,0,0
2021-06-17,LTC,2,0,2,0,0
2021-06-17,MATIC,3,0,3,0,0
2021-06-17,SOL,1,0,1,0,0
2021-06-17,TERRA,1,0,1,0,0
2021-06-17,UNI,3,0,3,0,0
2021-06-17,XRP,1,0,1,0,0
2021-06-18,ADA,3,0,3,0,0
2021-06-18,BNB,1,0,1,0,0
2021-06-18,BTC,42,0,42,0,0
2021-06-18,DOGE,6,0,6,0,0
2021-06-18,DOT,2,0,2,0,0
2021-06-18,ETH,15,0,15,0,0
2021-06-18,LINK,3,0,3,0,0
2021-06-18,LTC,5,0,5,0,0
2021-06-18,MATIC,2,0,2,0,0
2021-06-18,SHIBA,1,0,1,0,0
2021-06-18,SOL,3,0,3,0,0
2021-06-18,UNI,1,0,1,0,0
2021-06-19,ADA,1,0,1,0,0
2021-06-19,BTC,11,0,11,0,0
2021-06-19,DOGE,1,0,1,0,0
2021-06-19,DOT,1,0,1,0,0
2021-06-19,ETH,11,0,11,0,0
2021-06-19,LTC,1,0,1,0,0
2021-06-19,MATIC,2,0,2,0,0
2021-06-19,XRP,1,0,1,0,0
2021-06-20,ADA,1,0,1,0,0
2021-06-20,BTC,9,0,9,0,0
2021-06-20,DOGE,3,0,3,0,0
2021-06-20,ETH,2,0,2,0,0
2021-06-20,SOL,2,0,2,0,0
2021-06-20,XRP,2,0,2,0,0
2021-06-21,ADA,3,0,3,0,0
2021-06-21,BNB,1,0,1,0,0
2021-06-21,BTC,38,0,38,0,0
2021-06-21,DOGE,5,0,5,0,0
2021-06-21,DOT,1,0,1,0,0
2021-06-21,ETH,12,0,12,0,0
2021-06-21,LTC,2,0,2,0,0
2021-06-21,MATIC,1,0,1,0,0
2021-06-21,SHIBA,1,0,1,0,0
2021-06-21,SOL,1,0,1,0,0
2021-06-21,UNI,1,0,1,0,0
2021-06-21,XRP,3,0,3,0,0
2021-06-22,ADA,1,0,1,0,0
2021-06-22,AVAX,1,0,1,0,0
2021-06-22,BTC,37,0,37,0,0
2021-06-22,DOGE,2,0,2,0,0
2021-06-22,DOT,1,0,1,0,0
2021-06-22,ETH,10,0,10,0,0
2021-06-22,LINK,2,0,2,0,0
2021-06-22,MATIC,1,0,1,0,0
2021-06-22,UNI,2,0,2,0,0
2021-06-22,XRP,1,0,1,0,0
2021-06-23,ADA,2,0,2,0,0
2021-06-23,BNB,1,0,1,0,0
2021-06-23,BTC,36,0,36,0,0
2021-06-23,DOGE,5,0,5,0,0
2021-06-23,DOT,3,0,3,0,0
2021-06-23,ETH,10,0,10,0,0
2021-06-23,LTC,1,0,1,0,0
2021-06-23,MATIC,2,0,2,0,0
2021-06-23,SOL,1,0,1,0,0
2021-06-23,UNI,1,0,1,0,0
2021-06-23,XRP,1,0,1,0,0
2021-06-24,ADA,2,0,2,0,0
2021-06-24,BNB,1,0,1,0,0
2021-06-24,BTC,36,0,36,0,0
2021-06-24,DOGE,2,0,2,0,0
2021-06-24,DOT,2,0,2,0,0
2021-06-24,ETH,14,0,14,0,0
2021-06-24,LINK,2,0,2,0,0
2021-06-24,LTC,2,0,2,0,0
2021-06-24,MATIC,1,0,1,0,0
2021-06-24,SOL,6,0,6,0,0
2021-06-24,UNI,4,0,4,0,0
2021-06-24,VECHAIN,1,0,1,0,0
2021-06-24,XRP,1,0,1,0,0
2021-06-25,ADA,2,0,2,0,0
2021-06-25,BNB,1,0,1,0,0
2021-06-25,BTC,31,0,31,0,0
2021-06-25,DOGE,3,0,3,0,0
2021-06-25,DOT,3,0,3,0,0
2021-06-25,ETH,12,0,12,0,0
2021-06-25,LTC,1,0,1,0,0
2021-06-25,MATIC,2,0,2,0,0
2021-06-25,SOL,2,0,2,0,0
2021-06-25,UNI,4,0,4,0,0
2021-06-25,XRP,2,0,2,0,0
2021-06-26,ADA,1,0,1,0,0
2021-06-26,BTC,17,0,17,0,0
2021-06-26,DOGE,2,0,2,0,0
2021-06-26,ETH,4,0,4,0,0
2021-06-26,LTC,1,0,1,0,0
2021-06-26,UNI,1,0,1,0,0
2021-06-27,ADA,1,0,1,0,0
2021-06-27,BTC,10,0,10,0,0
2021-06-27,DOGE,2,0,2,0,0
2021-06-27,DOT,1,0,1,0,0
2021-06-27,ETH,3,0,3,0,0
2021-06-27,LINK,1,0,1,0,0
2021-06-27,MATIC,1,0,1,0,0
2021-06-27,SOL,1,0,1,0,0
2021-06-28,ADA,4,0,4,0,0
2021-06-28,BNB,3,0,3,0,0
2021-06-28,BTC,42,0,42,0,0
2021-06-28,DOGE,6,0,6,0,0
2021-06-28,DOT,2,0,2,0,0
2021-06-28,ETH,14,0,14,0,0
2021-06-28,LTC,3,0,3,0,0
2021-06-28,MATIC,3,0,3,0,0
2021-06-28,SHIBA,1,0,1,0,0
2021-06-28,SOL,2,0,2,0,0
2021-06-28,UNI,3,0,3,0,0
2021-06-29,ADA,2,0,2,0,0
2021-06-29,BTC,31,0,31,0,0
2021-06-29,ETH,17,0,17,0,0
2021-06-29,LTC,1,0,1,0,0
2021-06-29,MATIC,4,0,4,0,0
2021-06-29,SOL,3,0,3,0,0
2021-06-29,UNI,1,0,1,0,0
2021-06-29,XRP,1,0,1,0,0
2021-06-30,ADA,1,0,1,0,0
2021-06-30,BNB,1,0,1,0,0
2021-06-30,BTC,38,0,38,0,0
2021-06-30,DOGE,2,0,2,0,0
2021-06-30,DOT,1,0,1,0,0
2021-06-30,ETH,11,0,11,0,0
2021-06-30,LTC,1,0,1,0,0
2021-06-30,MATIC,1,0,1,0,0
2021-06-30,SHIBA,1,0,1,0,0
2021-06-30,UNI,4,0,4,0,0
2021-06-30,XRP,1,0,1,0,0
2021-07-01,ADA,2,0,2,0,0
2021-07-01,BNB,1,0,1,0,0
2021-07-01,BTC,28,0,28,0,0
2021-07-01,DOGE,6,0,6,0,0
2021-07-01,DOT,3,0,3,0,0
2021-07-01,ETH,18,0,18,0,0
2021-07-01,LINK,1,0,1,0,0
2021-07-01,LTC,1,0,1,0,0
2021-07-01,MATIC,3,0,3,0,0
2021-07-01,SOL,2,0,2,0,0
2021-07-01,TERRA,1,0,1,0,0
2021-07-01,UNI,3,0,3,0,0
2021-07-01,XRP,4,0,4,0,0
2021-07-02,ADA,3,0,3,0,0
2021-07-02,AVAX,1,0,1,0,0
2021-07-02,BTC,31,0,31,0,0
2021-07-02,DOGE,3,0,3,0,0
2021-07-02,ETH,11,0,11,0,0
2021-07-02,LTC,2,0,2,0,0
2021-07-02,VECHAIN,2,0,2,0,0
2021-07-02,XRP,1,0,1,0,0
2021-07-03,ADA,3,0,3,0,0
2021-07-03,BTC,9,0,9,0,0
2021-07-03,DOGE,1,0,1,0,0
2021-07-03,ETH,7,0,7,0,0
2021-07-03,LTC,1,0,1,0,0
2021-07-03,MATIC,1,0,1,0,0
2021-07-04,BNB,1,0,1,0,0
2021-07-04,BTC,7,0,7,0,0
2021-07-04,DOGE,1,0,1,0,0
2021-07-04,DOT,1,0,1,0,0
2021-07-04,ETH,4,0,4,0,0
2021-07-04,LTC,1,0,1,0,0
2021-07-04,UNI,2,0,2,0,0
2021-07-05,ADA,2,0,2,0,0
2021-07-05,BNB,1,0,1,0,0
2021-07-05,BTC,22,0,22,0,0
2021-07-05,DOGE,1,0,1,0,0
2021-07-05,ETH,6,0,6,0,0
2021-07-05,LINK,1,0,1,0,0
2021-07-05,LTC,1,0,1,0,0
2021-07-05,UNI,1,0,1,0,0
2021-07-06,ADA,4,0,4,0,0
2021-07-06,AVAX,3,0,3,0,0
2021-07-06,BNB,1,0,1,0,0
2021-07-06,BTC,33,0,33,0,0
2021-07-06,DOGE,2,0,2,0,0
2021-07-06,DOT,3,0,3,0,0
2021-07-06,ETH,14,0,14,0,0
2021-07-06,LTC,1,0,1,0,0
2021-07-06,MATIC,2,0,2,0,0
2021-07-06,SOL,1,0,1,0,0
2021-07-06,UNI,4,0,4,0,0
2021-07-07,ADA,4,0,4,0,0
2021-07-07,BNB,2,0,2,0,0
2021-07-07,BTC,24,0,24,0,0
2021-07-07,DOGE,9,0,9,0,0
2021-07-07,DOT,3,0,3,0,0
2021-07-07,ETH,17,0,17,0,0
2021-07-07,LINK,2,0,2,0,0
2021-07-07,MATIC,2,0,2,0,0
2021-07-07,SHIBA,1,0,1,0,0
2021-07-07,SOL,2,0,2,0,0
2021-07-07,TERRA,2,0,2,0,0
2021-07-07,UNI,3,0,3,0,0
2021-07-08,ADA,1,0,1,0,0
2021-07-08,AVAX,1,0,1,0,0
2021-07-08,BNB,3,0,3,0,0
2021-07-08,BTC,30,0,30,0,0
2021-07-08,DOGE,1,0,1,0,0
2021-07-08,DOT,1,0,1,0,0
2021-07-08,ETH,19,0,19,0,0
2021-07-08,LTC,1,0,1,0,0
2021-07-08,MATIC,3,0,3,0,0
2021-07-08,SHIBA,1,0,1,0,0
2021-07-08,SOL,2,0,2,0,0
2021-07-08,TERRA,1,0,1,0,0
2021-07-08,UNI,1,0,1,0,0
2021-07-08,XRP,3,0,3,0,0
2021-07-09,ADA,2,0,2,0,0
2021-07-09,BNB,2,0,2,0,0
2021-07-09,BTC,39,0,39,0,0
2021-07-09,DOGE,6,0,6,0,0
2021-07-09,DOT,1,0,1,0,0
2021-07-09,ETH,11,0,11,0,0
2021-07-09,LTC,1,0,1,0,0
2021-07-09,SHIBA,1,0,1,0,0
2021-07-09,SOL,2,0,2,0,0
2021-07-09,UNI,1,0,1,0,0
2021-07-09,XRP,1,0,1,0,0
2021-07-10,BTC,14,0,14,0,0
2021-07-10,DOGE,1,0,1,0,0
2021-07-10,ETH,7,0,7,0,0
2021-07-10,LINK,1,0,1,0,0
2021-07-10,SOL,1,0,1,0,0
2021-07-10,UNI,1,0,1,0,0
2021-07-10,XRP,1,0,1,0,0
2021-07-11,ADA,1,0,1,0,0
2021-07-11,BTC,8,0,8,0,0
2021-07-11,DOGE,1,0,1,0,0
2021-07-11,ETH,6,0,6,0,0
2021-07-11,LTC,1,0,1,0,0
2021-07-11,MATIC,1,0,1,0,0
2021-07-11,TERRA,1,0,1,0,0
2021-07-12,ADA,5,0,5,0,0
2021-07-12,AVAX,1,0,1,0,0
2021-07-12,BNB,2,0,2,0,0
2021-07-12,BTC,32,0,32,0,0
2021-07-12,DOGE,2,0,2,0,0
2021-07-12,DOT,2,0,2,0,0
2021-07-12,ETH,13,0,13,0,0
2021-07-12,LINK,2,0,2,0,0
2021-07-12,LTC,4,0,4,0,0
2021-07-12,MATIC,2,0,2,0,0
2021-07-12,SOL,1,0,1,0,0
2021-07-12,UNI,2,0,2,0,0
2021-07-12,XRP,1,0,1,0,0
2021-07-13,ADA,1,0,1,0,0
2021-07-13,AVAX,1,0,1,0,0
2021-07-13,BNB,1,0,1,0,0
2021-07-13,BTC,52,0,52,0,0
2021-07-13,DOGE,2,0,2,0,0
2021-07-13,DOT,2,0,2,0,0
2021-07-13,ETH,25,0,25,0,0
2021-07-13,LINK,2,0,2,0,0
2021-07-13,LTC,1,0,1,0,0
2021-07-13,MATIC,9,0,9,0,0
2021-07-13,SOL,9,0,9,0,0
2021-07-13,TERRA,1,0,1,0,0
2021-07-13,UNI,4,0,4,0,0
2021-07-13,XRP,1,0,1,0,0
2021-07-14,ADA,2,0,2,0,0
2021-07-14,BNB,2,0,2,0,0
2021-07-14,BTC,59,0,59,0,0
2021-07-14,DOGE,4,0,4,0,0
2021-07-14,DOT,4,0,4,0,0
2021-07-14,ETH,30,0,30,0,0
2021-07-14,LINK,1,0,1,0,0
2021-07-14,LTC,2,0,2,0,0
2021-07-14,MATIC,9,0,9,0,0
2021-07-14,SOL,9,0,9,0,0
2021-07-14,TERRA,3,0,3,0,0
2021-07-14,UNI,12,0,12,0,0
2021-07-14,XRP,1,0,1,0,0
2021-07-15,ADA,2,0,2,0,0
2021-07-15,BNB,1,0,1,0,0
2021-07-15,BTC,63,0,63,0,0
2021-07-15,DOGE,9,0,9,0,0
2021-07-15,DOT,3,0,3,0,0
2021-07-15,ETH,19,0,19,0,0
2021-07-15,LINK,2,0,2,0,0
2021-07-15,LTC,2,0,2,0,0
2021-07-15,MATIC,3,0,3,0,0
2021-07-15,SHIBA,1,0,1,0,0
2021-07-15,SOL,5,0,5,0,0
2021-07-15,UNI,4,0,4,0,0
2021-07-15,XRP,2,0,2,0,0
2021-07-16,ADA,3,0,3,0,0
2021-07-16,BNB,1,0,1,0,0
2021-07-16,BTC,44,0,44,0,0
2021-07-16,DOGE,4,0,4,0,0
2021-07-16,DOT,3,0,3,0,0
2021-07-16,ETH,18,0,18,0,0
2021-07-16,LINK,1,0,1,0,0
2021-07-16,LTC,5,0,5,0,0
2021-07-16,MATIC,1,0,1,0,0
2021-07-16,SHIBA,1,0,1,0,0
2021-07-16,SOL,3,0,3,0,0
2021-07-16,TERRA,2,0,2,0,0
2021-07-16,UNI,4,0,4,0,0
2021-07-16,XRP,3,0,3,0,0
2021-07-17,ADA,1,0,1,0,0
2021-07-17,BTC,12,0,12,0,0
2021-07-17,DOT,1,0,1,0,0
2021-07-17,ETH,9,0,9,0,0
2021-07-17,UNI,1,0,1,0,0
2021-07-17,XRP,2,0,2,0,0
2021-07-18,BTC,10,0,10,0,0
2021-07-18,DOGE,2,0,2,0,0
2021-07-18,ETH,3,0,3,0,0
2021-07-18,MATIC,1,0,1,0,0
2021-07-19,ADA,3,0,3,0,0
2021-07-19,BNB,2,0,2,0,0
2021-07-19,BTC,45,0,45,0,0
2021-07-19,DOGE,11,0,11,0,0
2021-07-19,DOT,3,0,3,0,0
2021-07-19,ETH,17,0,17,0,0
2021-07-19,LINK,1,0,1,0,0
2021-07-19,LTC,3,0,3,0,0
2021-07-19,MATIC,3,0,3,0,0
2021-07-19,SHIBA,1,0,1,0,0
2021-07-19,SOL,3,0,3,0,0
2021-07-19,UNI,3,0,3,0,0
2021-07-19,XRP,1,0,1,0,0
2021-07-20,ADA,3,0,3,0,0
2021-07-20,BTC,62,0,62,0,0
2021-07-20,DOGE,3,0,3,0,0
2021-07-20,DOT,5,0,5,0,0
2021-07-20,ETH,24,0,24,0,0
2021-07-20,LINK,2,0,2,0,0
2021-07-20,MATIC,4,0,4,0,0
2021-07-20,SHIBA,1,0,1,0,0
2021-07-20,SOL,10,0,10,0,0
2021-07-20,TERRA,1,0,1,0,0
2021-07-20,UNI,6,0,6,0,0
2021-07-20,XRP,3,0,3,0,0
2021-07-21,ADA,2,0,2,0,0
2021-07-21,AVAX,1,0,1,0,0
2021-07-21,BNB,1,0,1,0,0
2021-07-21,BTC,56,0,56,0,0
2021-07-21,DOGE,11,0,11,0,0
2021-07-21,DOT,3,0,3,0,0
2021-07-21,ETH,21,0,21,0,0
2021-07-21,LINK,3,0,3,0,0
2021-07-21,LTC,2,0,2,0,0
2021-07-21,MATIC,4,0,4,0,0
2021-07-21,SOL,7,0,7,0,0
2021-07-21,UNI,2,0,2,0,0
2021-07-21,XRP,4,0,4,0,0
2021-07-22,ADA,1,0,1,0,0
2021-07-22,BTC,65,0,65,0,0
2021-07-22,DOGE,6,0,6,0,0
2021-07-22,DOT,2,0,2,0,0
2021-07-22,ETH,25,0,25,0,0
2021-07-22,LINK,2,0,2,0,0
2021-07-22,LTC,2,0,2,0,0
2021-07-22,MATIC,4,0,4,0,0
2021-07-22,SOL,8,0,8,0,0
2021-07-22,UNI,3,0,3,0,0
2021-07-22,XRP,3,0,3,0,0
2021-07-23,ADA,2,0,2,0,0
2021-07-23,AVAX,1,0,1,0,0
2021-07-23,BNB,4,0,4,0,0
2021-07-23,BTC,50,0,50,0,0
2021-07-23,DOGE,1,0,1,0,0
2021-07-23,DOT,5,0,5,0,0
2021-07-23,ETH,23,0,23,0,0
2021-07-23,LTC,2,0,2,0,0
2021-07-23,MATIC,2,0,2,0,0
2021-07-23,SOL,7,0,7,0,0
2021-07-23,UNI,4,0,4,0,0
2021-07-24,ADA,1,0,1,0,0
2021-07-24,BTC,10,0,10,0,0
2021-07-24,ETH,4,0,4,0,0
2021-07-24,LINK,1,0,1,0,0
2021-07-24,LTC,1,0,1,0,0
2021-07-24,MATIC,1,0,1,0,0
2021-07-24,SOL,2,0,2,0,0
2021-07-24,UNI,2,0,2,0,0
2021-07-24,XRP,1,0,1,0,0
2021-07-25,ADA,3,0,3,0,0
2021-07-25,BTC,12,0,12,0,0
2021-07-25,DOGE,1,0,1,0,0
2021-07-25,DOT,1,0,1,0,0
2021-07-25,ETH,5,0,5,0,0
2021-07-25,MATIC,1,0,1,0,0
2021-07-25,SOL,3,0,3,0,0
2021-07-25,TERRA,1,0,1,0,0
2021-07-25,XRP,1,0,1,0,0
2021-07-26,ADA,1,0,1,0,0
2021-07-26,BNB,1,0,1,0,0
2021-07-26,BTC,54,0,54,0,0
2021-07-26,DOGE,5,0,5,0,0
2021-07-26,DOT,4,0,4,0,0
2021-07-26,ETH,13,0,13,0,0
2021-07-26,LINK,4,0,4,0,0
2021-07-26,LTC,2,0,2,0,0
2021-07-26,SOL,3,0,3,0,0
2021-07-26,UNI,3,0,3,0,0
2021-07-26,VECHAIN,1,0,1,0,0
2021-07-27,ADA,1,0,1,0,0
2021-07-27,AVAX,1,0,1,0,0
2021-07-27,BTC,50,0,50,0,0
2021-07-27,DOGE,5,0,5,0,0
2021-07-27,DOT,1,0,1,0,0
2021-07-27,ETH,22,0,22,0,0
2021-07-27,LINK,2,0,2,0,0
2021-07-27,MATIC,5,0,5,0,0
2021-07-27,SOL,14,0,14,0,0
2021-07-27,TERRA,1,0,1,0,0
2021-07-27,UNI,5,0,5,0,0
2021-07-27,XRP,4,0,4,0,0
2021-07-28,ADA,3,0,3,0,0
2021-07-28,AVAX,1,0,1,0,0
2021-07-28,BTC,57,0,57,0,0
2021-07-28,DOGE,3,0,3,0,0
2021-07-28,ETH,24,0,24,0,0
2021-07-28,LTC,3,0,3,0,0
2021-07-28,MATIC,2,0,2,0,0
2021-07-28,SHIBA,1,0,1,0,0
2021-07-28,SOL,8,0,8,0,0
2021-07-28,TERRA,2,0,2,0,0
2021-07-28,UNI,4,0,4,0,0
2021-07-28,XRP,7,0,7,0,0
2021-07-29,ADA,2,0,2,0,0
2021-07-29,BNB,1,0,1,0,0
2021-07-29,BTC,64,0,64,0,0
2021-07-29,DOGE,5,0,5,0,0
2021-07-29,DOT,4,0,4,0,0
2021-07-29,ETH,19,0,19,0,0
2021-07-29,LINK,1,0,1,0,0
2021-07-29,LTC,2,0,2,0,0
2021-07-29,MATIC,1,0,1,0,0
2021-07-29,SOL,2,0,2,0,0
2021-07-29,UNI,5,0,5,0,0
2021-07-29,XRP,2,0,2,0,0
2021-07-30,ADA,6,0,6,0,0
2021-07-30,AVAX,2,0,2,0,0
2021-07-30,BNB,2,0,2,0,0
2021-07-30,BTC,39,0,39,0,0
2021-07-30,DOGE,2,0,2,0,0
2021-07-30,DOT,4,0,4,0,0
2021-07-30,ETH,21,0,21,0,0
2021-07-30,LINK,2,0,2,0,0
2021-07-30,LTC,4,0,4,0,0
2021-07-30,MATIC,2,0,2,0,0
2021-07-30,SOL,5,0,5,0,0
2021-07-30,TERRA,1,0,1,0,0
2021-07-30,UNI,6,0,6,0,0
2021-07-31,BTC,17,0,17,0,0
2021-07-31,DOGE,1,0,1,0,0
2021-07-31,ETH,5,0,5,0,0
2021-07-31,LINK,2,0,2,0,0
2021-07-31,LTC,1,0,1,0,0
2021-07-31,MATIC,5,0,5,0,0
2021-07-31,SOL,4,0,4,0,0
2021-08-01,BTC,9,0,9,0,0
2021-08-01,ETH,3,0,3,0,0
2021-08-01,LINK,1,0,1,0,0
2021-08-01,LTC,1,0,1,0,0
2021-08-01,SOL,2,0,2,0,0
2021-08-01,UNI,1,0,1,0,0
2021-08-02,ADA,1,0,1,0,0
2021-08-02,BNB,1,0,1,0,0
2021-08-02,BTC,46,0,46,0,0
2021-08-02,DOGE,3,0,3,0,0
2021-08-02,DOT,2,0,2,0,0
2021-08-02,ETH,17,0,17,0,0
2021-08-02,LINK,2,0,2,0,0
2021-08-02,LTC,1,0,1,0,0
2021-08-02,MATIC,2,0,2,0,0
2021-08-02,SOL,4,0,4,0,0
2021-08-02,UNI,1,0,1,0,0
2021-08-02,XRP,2,0,2,0,0
2021-08-03,ADA,1,0,1,0,0
2021-08-03,BNB,1,0,1,0,0
2021-08-03,BTC,54,0,54,0,0
2021-08-03,DOGE,4,0,4,0,0
2021-08-03,DOT,2,0,2,0,0
2021-08-03,ETH,16,0,16,0,0
2021-08-03,LINK,2,0,2,0,0
2021-08-03,MATIC,4,0,4,0,0
2021-08-03,SOL,5,0,5,0,0
2021-08-03,TERRA,2,0,2,0,0
2021-08-03,UNI,5,0,5,0,0
2021-08-03,XRP,1,0,1,0,0
2021-08-04,BTC,59,0,59,0,0
2021-08-04,DOGE,2,0,2,0,0
2021-08-04,DOT,2,0,2,0,0
2021-08-04,ETH,24,0,24,0,0
2021-08-04,LINK,2,0,2,0,0
2021-08-04,LTC,2,0,2,0,0
2021-08-04,MATIC,4,0,4,0,0
2021-08-04,SOL,6,0,6,0,0
2021-08-04,UNI,2,0,2,0,0
2021-08-05,AVAX,1,0,1,0,0
2021-08-05,BNB,1,0,1,0,0
2021-08-05,BTC,54,0,54,0,0
2021-08-05,DOGE,4,0,4,0,0
2021-08-05,DOT,2,0,2,0,0
2021-08-05,ETH,33,0,33,0,0
2021-08-05,LINK,4,0,4,0,0
2021-08-05,MATIC,4,0,4,0,0
2021-08-05,SHIBA,1,0,1,0,0
2021-08-05,SOL,6,0,6,0,0
2021-08-05,UNI,3,0,3,0,0
2021-08-05,XRP,2,0,2,0,0
2021-08-06,ADA,1,0,1,0,0
2021-08-06,BNB,1,0,1,0,0
2021-08-06,BTC,50,0,50,0,0
2021-08-06,DOGE,2,0,2,0,0
2021-08-06,DOT,3,0,3,0,0
2021-08-06,ETH,28,0,28,0,0
2021-08-06,LINK,2,0,2,0,0
2021-08-06,MATIC,1,0,1,0,0
2021-08-06,SOL,3,0,3,0,0
2021-08-06,TERRA,2,0,2,0,0
2021-08-06,UNI,3,0,3,0,0
2021-08-06,XRP,1,0,1,0,0
2021-08-07,BTC,13,0,13,0,0
2021-08-07,DOT,1,0,1,0,0
2021-08-07,ETH,10,0,10,0,0
2021-08-07,MATIC,1,0,1,0,0
2021-08-07,SOL,2,0,2,0,0
2021-08-07,UNI,1,0,1,0,0
2021-08-08,BTC,7,0,7,0,0
2021-08-08,DOGE,3,0,3,0,0
2021-08-08,ETH,5,0,5,0,0
2021-08-08,LINK,1,0,1,0,0
2021-08-08,SOL,2,0,2,0,0
2021-08-08,UNI,2,0,2,0,0
2021-08-08,XRP,1,0,1,0,0
2021-08-09,ADA,1,0,1,0,0
2021-08-09,BNB,1,0,1,0,0
2021-08-09,BTC,44,0,44,0,0
2021-08-09,DOGE,5,0,5,0,0
2021-08-09,DOT,3,0,3,0,0
2021-08-09,ETH,20,0,20,0,0
2021-08-09,LINK,2,0,2,0,0
2021-08-09,LTC,3,0,3,0,0
2021-08-09,MATIC,4,0,4,0,0
2021-08-09,SHIBA,1,0,1,0,0
2021-08-09,SOL,3,0,3,0,0
2021-08-09,TERRA,1,0,1,0,0
2021-08-09,UNI,3,0,3,0,0
2021-08-09,XRP,1,0,1,0,0
2021-08-10,ADA,6,0,6,0,0
2021-08-10,BNB,1,0,1,0,0
2021-08-10,BTC,50,0,50,0,0
2021-08-10,DOGE,2,0,2,0,0
2021-08-10,DOT,1,0,1,0,0
2021-08-10,ETH,31,0,31,0,0
2021-08-10,LTC,2,0,2,0,0
2021-08-10,MATIC,12,0,12,0,0
2021-08-10,SHIBA,2,0,2,0,0
2021-08-10,SOL,9,0,9,0,0
2021-08-10,TERRA,1,0,1,0,0
2021-08-10,UNI,4,0,4,0,0
2021-08-10,XRP,3,0,3,0,0
2021-08-11,ADA,8,0,8,0,0
2021-08-11,BNB,4,0,4,0,0
2021-08-11,BTC,48,0,48,0,0
2021-08-11,DOGE,3,0,3,0,0
2021-08-11,DOT,1,0,1,0,0
2021-08-11,ETH,22,0,22,0,0
2021-08-11,LINK,2,0,2,0,0
2021-08-11,LTC,3,0,3,0,0
2021-08-11,MATIC,7,0,7,0,0
2021-08-11,SHIBA,2,0,2,0,0
2021-08-11,SOL,7,0,7,0,0
2021-08-11,UNI,4,0,4,0,0
2021-08-11,XRP,4,0,4,0,0
2021-08-12,ADA,3,0,3,0,0
2021-08-12,BNB,1,0,1,0,0
2021-08-12,BTC,51,0,51,0,0
2021-08-12,DOGE,1,0,1,0,0
2021-08-12,ETH,34,0,34,0,0
2021-08-12,LINK,2,0,2,0,0
2021-08-12,LTC,2,0,2,0,0
2021-08-12,MATIC,5,0,5,0,0
2021-08-12,SOL,5,0,5,0,0
2021-08-12,TERRA,1,0,1,0,0
2021-08-12,UNI,6,0,6,0,0
2021-08-12,XRP,2,0,2,0,0
2021-08-13,ADA,10,0,10,0,0
2021-08-13,AVAX,1,0,1,0,0
2021-08-13,BNB,5,0,5,0,0
2021-08-13,BTC,41,0,41,0,0
2021-08-13,DOGE,4,0,4,0,0
2021-08-13,DOT,2,0,2,0,0
2021-08-13,ETH,28,0,28,0,0
2021-08-13,LINK,3,0,3,0,0
2021-08-13,LTC,1,0,1,0,0
2021-08-13,MATIC,5,0,5,0,0
2021-08-13,SOL,5,0,5,0,0
2021-08-13,UNI,4,0,4,0,0
2021-08-13,XRP,2,0,2,0,0
2021-08-14,ADA,2,0,2,0,0
2021-08-14,BTC,12,0,12,0,0
2021-08-14,DOGE,2,0,2,0,0
2021-08-14,ETH,7,0,7,0,0
2021-08-14,LTC,1,0,1,0,0
2021-08-14,XRP,2,0,2,0,0
2021-08-15,ADA,1,0,1,0,0
2021-08-15,BTC,9,0,9,0,0
2021-08-15,ETH,4,0,4,0,0
2021-08-15,LINK,1,0,1,0,0
2021-08-15,MATIC,1,0,1,0,0
2021-08-15,SOL,2,0,2,0,0
2021-08-15,TERRA,1,0,1,0,0
2021-08-15,UNI,1,0,1,0,0
2021-08-15,XRP,1,0,1,0,0
2021-08-16,ADA,8,0,8,0,0
2021-08-16,BNB,4,0,4,0,0
2021-08-16,BTC,33,0,33,0,0
2021-08-16,DOGE,8,0,8,0,0
2021-08-16,DOT,5,0,5,0,0
2021-08-16,ETH,30,0,30,0,0
2021-08-16,LINK,1,0,1,0,0
2021-08-16,MATIC,3,0,3,0,0
2021-08-16,SHIBA,1,0,1,0,0
2021-08-16,SOL,9,0,9,0,0
2021-08-16,TERRA,4,0,4,0,0
2021-08-16,UNI,2,0,2,0,0
2021-08-16,VECHAIN,1,0,1,0,0
2021-08-16,XRP,1,0,1,0,0
2021-08-17,ADA,3,0,3,0,0
2021-08-17,AVAX,1,0,1,0,0
2021-08-17,BTC,47,0,47,0,0
2021-08-17,DOGE,5,0,5,0,0
2021-08-17,DOT,1,0,1,0,0
2021-08-17,ETH,31,0,31,0,0
2021-08-17,LTC,1,0,1,0,0
2021-08-17,MATIC,7,0,7,0,0
2021-08-17,SHIBA,1,0,1,0,0
2021-08-17,SOL,17,0,17,0,0
2021-08-17,TERRA,2,0,2,0,0
2021-08-17,UNI,5,0,5,0,0
2021-08-17,XRP,1,0,1,0,0
2021-08-18,ADA,5,0,5,0,0
2021-08-18,AVAX,4,0,4,0,0
2021-08-18,BTC,55,0,55,0,0
2021-08-18,DOGE,7,0,7,0,0
2021-08-18,DOT,2,0,2,0,0
2021-08-18,ETH,24,0,24,0,0
2021-08-18,LINK,1,0,1,0,0
2021-08-18,LTC,2,0,2,0,0
2021-08-18,MATIC,2,0,2,0,0
2021-08-18,SOL,15,0,15,0,0
2021-08-18,TERRA,1,0,1,0,0
2021-08-18,UNI,2,0,2,0,0
2021-08-18,XRP,2,0,2,0,0
2021-08-19,ADA,6,0,6,0,0
2021-08-19,AVAX,3,0,3,0,0
2021-08-19,BNB,1,0,1,0,0
2021-08-19,BTC,58,0,58,0,0
2021-08-19,DOGE,3,0,3,0,0
2021-08-19,DOT,2,0,2,0,0
2021-08-19,ETH,31,0,31,0,0
2021-08-19,LINK,4,0,4,0,0
2021-08-19,LTC,4,0,4,0,0
2021-08-19,MATIC,6,0,6,0,0
2021-08-19,SHIBA,1,0,1,0,0
2021-08-19,SOL,4,0,4,0,0
2021-08-19,TERRA,1,0,1,0,0
2021-08-19,UNI,5,0,5,0,0
2021-08-19,XRP,1,0,1,0,0
2021-08-20,ADA,11,0,11,0,0
2021-08-20,AVAX,1,0,1,0,0
2021-08-20,BNB,5,0,5,0,0
2021-08-20,BTC,61,0,61,0,0
2021-08-20,DOGE,3,0,3,0,0
2021-08-20,DOT,4,0,4,0,0
2021-08-20,ETH,26,0,26,0,0
2021-08-20,LINK,1,0,1,0,0
2021-08-20,LTC,4,0,4,0,0
2021-08-20,MATIC,6,0,6,0,0
2021-08-20,SOL,11,0,11,0,0
2021-08-20,TERRA,2,0,2,0,0
2021-08-20,UNI,5,0,5,0,0
2021-08-21,ADA,1,0,1,0,0
2021-08-21,BTC,8,0,8,0,0
2021-08-21,ETH,8,0,8,0,0
2021-08-21,MATIC,2,0,2,0,0
2021-08-21,SOL,3,0,3,0,0
2021-08-21,UNI,2,0,2,0,0
2021-08-22,ADA,3,0,3,0,0
2021-08-22,AVAX,1,0,1,0,0
2021-08-22,BNB,2,0,2,0,0
2021-08-22,BTC,10,0,10,0,0
2021-08-22,DOGE,1,0,1,0,0
2021-08-22,ETH,4,0,4,0,0
2021-08-22,LTC,1,0,1,0,0
2021-08-22,SOL,1,0,1,0,0
2021-08-23,ADA,11,0,11,0,0
2021-08-23,AVAX,1,0,1,0,0
2021-08-23,BNB,1,0,1,0,0
2021-08-23,BTC,45,0,45,0,0
2021-08-23,DOGE,1,0,1,0,0
2021-08-23,DOT,7,0,7,0,0
2021-08-23,ETH,11,0,11,0,0
2021-08-23,LINK,1,0,1,0,0
2021-08-23,LTC,3,0,3,0,0
2021-08-23,MATIC,1,0,1,0,0
2021-08-23,SOL,9,0,9,0,0
2021-08-23,TERRA,1,0,1,0,0
2021-08-23,UNI,4,0,4,0,0
2021-08-24,ADA,5,0,5,0,0
2021-08-24,AVAX,2,0,2,0,0
2021-08-24,BNB,2,0,2,0,0
2021-08-24,BTC,49,0,49,0,0
2021-08-24,DOGE,2,0,2,0,0
2021-08-24,DOT,3,0,3,0,0
2021-08-24,ETH,23,0,23,0,0
2021-08-24,LINK,1,0,1,0,0
2021-08-24,LTC,2,0,2,0,0
2021-08-24,MATIC,1,0,1,0,0
2021-08-24,SHIBA,1,0,1,0,0
2021-08-24,SOL,11,0,11,0,0
2021-08-24,TERRA,2,0,2,0,0
2021-08-24,UNI,1,0,1,0,0
2021-08-24,XRP,1,0,1,0,0
2021-08-25,ADA,8,0,8,0,0
2021-08-25,AVAX,3,0,3,0,0
2021-08-25,BNB,1,0,1,0,0
2021-08-25,BTC,39,0,39,0,0
2021-08-25,DOGE,4,0,4,0,0
2021-08-25,DOT,4,0,4,0,0
2021-08-25,ETH,20,0,20,0,0
2021-08-25,LINK,1,0,1,0,0
2021-08-25,LTC,3,0,3,0,0
2021-08-25,MATIC,2,0,2,0,0
2021-08-25,SOL,17,0,17,0,0
2021-08-25,TERRA,3,0,3,0,0
2021-08-25,UNI,4,0,4,0,0
2021-08-26,ADA,4,0,4,0,0
2021-08-26,AVAX,2,0,2,0,0
2021-08-26,BNB,1,0,1,0,0
2021-08-26,BTC,24,0,24,0,0
2021-08-26,DOGE,2,0,2,0,0
2021-08-26,DOT,2,0,2,0,0
2021-08-26,ETH,13,0,13,0,0
2021-08-26,LINK,2,0,2,0,0
2021-08-26,LTC,1,0,1,0,0
2021-08-26,MATIC,2,0,2,0,0
2021-08-26,SOL,7,0,7,0,0
2021-08-26,TERRA,1,0,1,0,0
2021-08-26,UNI,1,0,1,0,0
2021-08-27,ADA,2,0,2,0,0
2021-08-27,AVAX,2,0,2,0,0
2021-08-27,BTC,31,0,31,0,0
2021-08-27,DOGE,2,0,2,0,0
2021-08-27,DOT,1,0,1,0,0
2021-08-27,ETH,15,0,15,0,0
2021-08-27,LINK,1,0,1,0,0
2021-08-27,MATIC,5,0,5,0,0
2021-08-27,SOL,5,0,5,0,0
2021-08-27,TERRA,1,0,1,0,0
2021-08-27,UNI,2,0,2,0,0
2021-08-27,XRP,1,0,1,0,0
2021-08-28,ADA,1,0,1,0,0
2021-08-28,ETH,7,0,7,0,0
2021-08-28,LINK,1,0,1,0,0
2021-08-28,MATIC,1,0,1,0,0
2021-08-28,SOL,1,0,1,0,0
2021-08-29,AVAX,1,0,1,0,0
2021-08-29,BTC,3,0,3,0,0
2021-08-29,DOT,1,0,1,0,0
2021-08-29,ETH,5,0,5,0,0
2021-08-29,SOL,1,0,1,0,0
2021-08-30,ADA,1,0,1,0,0
2021-08-30,AVAX,6,0,6,0,0
2021-08-30,BTC,25,0,25,0,0
2021-08-30,DOGE,2,0,2,0,0
2021-08-30,DOT,2,0,2,0,0
2021-08-30,ETH,19,0,19,0,0
2021-08-30,LINK,4,0,4,0,0
2021-08-30,MATIC,5,0,5,0,0
2021-08-30,SOL,13,0,13,0,0
2021-08-30,TERRA,1,0,1,0,0
2021-08-30,XRP,1,0,1,0,0
2021-08-31,ADA,3,0,3,0,0
2021-08-31,AVAX,6,0,6,0,0
2021-08-31,BTC,27,0,27,0,0
2021-08-31,DOGE,2,0,2,0,0
2021-08-31,DOT,2,0,2,0,0
2021-08-31,ETH,19,0,19,0,0
2021-08-31,LINK,3,0,3,0,0
2021-08-31,LTC,2,0,2,0,0
2021-08-31,MATIC,4,0,4,0,0
2021-08-31,SOL,8,0,8,0,0
2021-08-31,TERRA,1,0,1,0,0
2021-08-31,UNI,5,0,5,0,0
2021-09-01,ADA,4,0,4,0,0
2021-09-01,BNB,1,0,1,0,0
2021-09-01,BTC,38,0,38,0,0
2021-09-01,DOGE,1,0,1,0,0
2021-09-01,DOT,2,0,2,0,0
2021-09-01,ETH,20,0,20,0,0
2021-09-01,LINK,1,0,1,0,0
2021-09-01,MATIC,4,0,4,0,0
2021-09-01,SOL,10,0,10,0,0
2021-09-01,TERRA,3,0,3,0,0
2021-09-01,UNI,1,0,1,0,0
2021-09-01,XRP,1,0,1,0,0
2021-09-02,ADA,9,0,9,0,0
2021-09-02,AVAX,1,0,1,0,0
2021-09-02,BNB,1,0,1,0,0
2021-09-02,BTC,36,0,36,0,0
2021-09-02,DOGE,5,0,5,0,0
2021-09-02,DOT,3,0,3,0,0
2021-09-02,ETH,25,0,25,0,0
2021-09-02,LINK,1,0,1,0,0
2021-09-02,LTC,1,0,1,0,0
2021-09-02,MATIC,2,0,2,0,0
2021-09-02,SHIBA,1,0,1,0,0
2021-09-02,SOL,10,0,10,0,0
2021-09-02,TERRA,2,0,2,0,0
2021-09-03,ADA,3,0,3,0,0
2021-09-03,BNB,1,0,1,0,0
2021-09-03,BTC,21,0,21,0,0
2021-09-03,DOGE,5,0,5,0,0
2021-09-03,DOT,1,0,1,0,0
2021-09-03,ETH,15,0,15,0,0
2021-09-03,LINK,2,0,2,0,0
2021-09-03,LTC,1,0,1,0,0
2021-09-03,MATIC,1,0,1,0,0
2021-09-03,SOL,13,0,13,0,0
2021-09-03,TERRA,2,0,2,0,0
2021-09-03,UNI,2,0,2,0,0
2021-09-03,XRP,1,0,1,0,0
2021-09-04,ADA,1,0,1,0,0
2021-09-04,BTC,3,0,3,0,0
2021-09-04,ETH,4,0,4,0,0
2021-09-04,LTC,2,0,2,0,0
2021-09-04,SOL,2,0,2,0,0
2021-09-04,TERRA,1,0,1,0,0
2021-09-05,BTC,4,0,4,0,0
2021-09-05,ETH,2,0,2,0,0
2021-09-05,MATIC,3,0,3,0,0
2021-09-05,SOL,3,0,3,0,0
2021-09-06,BNB,1,0,1,0,0
2021-09-06,BTC,12,0,12,0,0
2021-09-06,ETH,10,0,10,0,0
2021-09-06,MATIC,3,0,3,0,0
2021-09-06,SHIBA,1,0,1,0,0
2021-09-06,SOL,3,0,3,0,0
2021-09-06,UNI,3,0,3,0,0
2021-09-07,ADA,9,0,9,0,0
2021-09-07,BNB,1,0,1,0,0
2021-09-07,BTC,34,0,34,0,0
2021-09-07,DOGE,2,0,2,0,0
2021-09-07,DOT,1,0,1,0,0
2021-09-07,ETH,18,0,18,0,0
2021-09-07,LINK,2,0,2,0,0
2021-09-07,LTC,3,0,3,0,0
2021-09-07,MATIC,4,0,4,0,0
2021-09-07,SOL,10,0,10,0,0
2021-09-07,UNI,4,0,4,0,0
2021-09-07,XRP,1,0,1,0,0
2021-09-08,ADA,2,0,2,0,0
2021-09-08,AVAX,1,0,1,0,0
2021-09-08,BNB,2,0,2,0,0
2021-09-08,BTC,40,0,40,0,0
2021-09-08,DOGE,1,0,1,0,0
2021-09-08,DOT,5,0,5,0,0
2021-09-08,ETH,24,0,24,0,0
2021-09-08,LINK,3,0,3,0,0
2021-09-08,LTC,2,0,2,0,0
2021-09-08,MATIC,2,0,2,0,0
2021-09-08,SHIBA,1,0,1,0,0
2021-09-08,SOL,9,0,9,0,0
2021-09-08,TERRA,4,0,4,0,0
2021-09-08,UNI,4,0,4,0,0
2021-09-08,XRP,4,0,4,0,0
2021-09-09,ADA,4,0,4,0,0
2021-09-09,AVAX,2,0,2,0,0
2021-09-09,BNB,2,0,2,0,0
2021-09-09,BTC,34,0,34,0,0
2021-09-09,DOT,4,0,4,0,0
2021-09-09,ETH,21,0,21,0,0
2021-09-09,LINK,2,0,2,0,0
2021-09-09,LTC,4,0,4,0,0
2021-09-09,MATIC,5,0,5,0,0
2021-09-09,SOL,21,0,21,0,0
2021-09-09,TERRA,1,0,1,0,0
2021-09-09,UNI,3,0,3,0,0
2021-09-09,XRP,2,0,2,0,0
2021-09-10,ADA,3,0,3,0,0
2021-09-10,AVAX,1,0,1,0,0
2021-09-10,BTC,28,0,28,0,0
2021-09-10,ETH,10,0,10,0,0
2021-09-10,LINK,1,0,1,0,0
2021-09-10,LTC,1,0,1,0,0
2021-09-10,MATIC,3,0,3,0,0
2021-09-10,SOL,10,0,10,0,0
2021-09-10,TERRA,1,0,1,0,0
2021-09-10,UNI,2,0,2,0,0
2021-09-11,BTC,6,0,6,0,0
2021-09-11,DOGE,1,0,1,0,0
2021-09-11,ETH,6,0,6,0,0
2021-09-11,LINK,1,0,1,0,0
2021-09-11,MATIC,1,0,1,0,0
2021-09-11,SOL,6,0,6,0,0
2021-09-11,TERRA,2,0,2,0,0
2021-09-11,XRP,1,0,1,0,0
2021-09-12,ADA,2,0,2,0,0
2021-09-12,AVAX,1,0,1,0,0
2021-09-12,BTC,2,0,2,0,0
2021-09-12,ETH,5,0,5,0,0
2021-09-12,SOL,2,0,2,0,0
2021-09-13,ADA,5,0,5,0,0
2021-09-13,AVAX,4,0,4,0,0
2021-09-13,BNB,1,0,1,0,0
2021-09-13,BTC,44,0,44,0,0
2021-09-13,DOGE,3,0,3,0,0
2021-09-13,DOT,1,0,1,0,0
2021-09-13,ETH,19,0,19,0,0
2021-09-13,LINK,1,0,1,0,0
2021-09-13,LTC,7,0,7,0,0
2021-09-13,MATIC,2,0,2,0,0
2021-09-13,SHIBA,1,0,1,0,0
2021-09-13,SOL,13,0,13,0,0
2021-09-13,XRP,2,0,2,0,0
2021-09-14,ADA,4,0,4,0,0
2021-09-14,AVAX,2,0,2,0,0
2021-09-14,BNB,1,0,1,0,0
2021-09-14,BTC,43,0,43,0,0
2021-09-14,DOT,2,0,2,0,0
2021-09-14,ETH,17,0,17,0,0
2021-09-14,LINK,2,0,2,0,0
2021-09-14,LTC,2,0,2,0,0
2021-09-14,MATIC,1,0,1,0,0
2021-09-14,SHIBA,1,0,1,0,0
2021-09-14,SOL,11,0,11,0,0
2021-09-14,UNI,1,0,1,0,0
2021-09-14,XRP,3,0,3,0,0
2021-09-15,ADA,2,0,2,0,0
2021-09-15,AVAX,2,0,2,0,0
2021-09-15,BTC,32,0,32,0,0
2021-09-15,DOGE,1,0,1,0,0
2021-09-15,DOT,2,0,2,0,0
2021-09-15,ETH,20,0,20,0,0
2021-09-15,LINK,2,0,2,0,0
2021-09-15,LTC,1,0,1,0,0
2021-09-15,MATIC,4,0,4,0,0
2021-09-15,SOL,11,0,11,0,0
2021-09-15,UNI,2,0,2,0,0
2021-09-15,XRP,1,0,1,0,0
2021-09-16,ADA,2,0,2,0,0
2021-09-16,AVAX,9,0,9,0,0
2021-09-16,BTC,30,0,30,0,0
2021-09-16,DOGE,2,0,2,0,0
2021-09-16,DOT,2,0,2,0,0
2021-09-16,ETH,20,0,20,0,0
2021-09-16,LINK,2,0,2,0,0
2021-09-16,MATIC,3,0,3,0,0
2021-09-16,SOL,11,0,11,0,0
2021-09-16,TERRA,2,0,2,0,0
2021-09-17,ADA,1,0,1,0,0
2021-09-17,AVAX,5,0,5,0,0
2021-09-17,BNB,2,0,2,0,0
2021-09-17,BTC,26,0,26,0,0
2021-09-17,DOGE,1,0,1,0,0
2021-09-17,ETH,17,0,17,0,0
2021-09-17,LINK,1,0,1,0,0
2021-09-17,LTC,1,0,1,0,0
2021-09-17,MATIC,2,0,2,0,0
2021-09-17,SOL,10,0,10,0,0
2021-09-17,UNI,2,0,2,0,0
2021-09-17,XRP,1,0,1,0,0
2021-09-18,ADA,1,0,1,0,0
2021-09-18,AVAX,1,0,1,0,0
2021-09-18,BTC,4,0,4,0,0
2021-09-18,ETH,5,0,5,0,0
2021-09-18,LINK,1,0,1,0,0
2021-09-18,MATIC,1,0,1,0,0
2021-09-18,SHIBA,1,0,1,0,0
2021-09-18,SOL,3,0,3,0,0
2021-09-18,UNI,1,0,1,0,0
2021-09-19,BTC,4,0,4,0,0
2021-09-19,DOT,1,0,1,0,0
2021-09-19,ETH,4,0,4,0,0
2021-09-19,LINK,1,0,1,0,0
2021-09-19,MATIC,2,0,2,0,0
2021-09-19,SOL,2,0,2,0,0
2021-09-20,ADA,2,0,2,0,0
2021-09-20,AVAX,3,0,3,0,0
2021-09-20,BTC,24,0,24,0,0
2021-09-20,DOT,5,0,5,0,0
2021-09-20,ETH,22,0,22,0,0
2021-09-20,MATIC,1,0,1,0,0
2021-09-20,SOL,12,0,12,0,0
2021-09-20,TERRA,1,0,1,0,0
2021-09-20,XRP,1,0,1,0,0
2021-09-21,AVAX,2,0,2,0,0
2021-09-21,BTC,35,0,35,0,0
2021-09-21,DOGE,2,0,2,0,0
2021-09-21,ETH,18,0,18,0,0
2021-09-21,LINK,1,0,1,0,0
2021-09-21,LTC,1,0,1,0,0
2021-09-21,MATIC,6,0,6,0,0
2021-09-21,SHIBA,1,0,1,0,0
2021-09-21,SOL,8,0,8,0,0
2021-09-21,TERRA,1,0,1,0,0
2021-09-21,UNI,1,0,1,0,0
2021-09-21,XRP,1,0,1,0,0
2021-09-22,AVAX,1,0,1,0,0
2021-09-22,BNB,1,0,1,0,0
2021-09-22,BTC,30,0,30,0,0
2021-09-22,DOGE,1,0,1,0,0
2021-09-22,ETH,13,0,13,0,0
2021-09-22,LINK,3,0,3,0,0
2021-09-22,LTC,1,0,1,0,0
2021-09-22,MATIC,3,0,3,0,0
2021-09-22,SOL,15,0,15,0,0
2021-09-22,UNI,2,0,2,0,0
2021-09-23,ADA,1,0,1,0,0
2021-09-23,AVAX,2,0,2,0,0
2021-09-23,BNB,1,0,1,0,0
2021-09-23,BTC,39,0,39,0,0
2021-09-23,DOT,2,0,2,0,0
2021-09-23,ETH,19,0,19,0,0
2021-09-23,LINK,2,0,2,0,0
2021-09-23,MATIC,6,0,6,0,0
2021-09-23,SOL,13,0,13,0,0
2021-09-23,TERRA,2,0,2,0,0
2021-09-23,UNI,4,0,4,0,0
2021-09-23,XRP,1,0,1,0,0
2021-09-24,ADA,2,0,2,0,0
2021-09-24,AVAX,1,0,1,0,0
2021-09-24,BNB,1,0,1,0,0
2021-09-24,BTC,31,0,31,0,0
2021-09-24,DOGE,1,0,1,0,0
2021-09-24,DOT,1,0,1,0,0
2021-09-24,ETH,11,0,11,0,0
2021-09-24,LINK,1,0,1,0,0
2021-09-24,LTC,1,0,1,0,0
2021-09-24,MATIC,1,0,1,0,0
2021-09-24,SOL,6,0,6,0,0
2021-09-24,TERRA,1,0,1,0,0
2021-09-24,UNI,2,0,2,0,0
2021-09-24,XRP,2,0,2,0,0
2021-09-25,ADA,2,0,2,0,0
2021-09-25,AVAX,1,0,1,0,0
2021-09-25,BTC,5,0,5,0,0
2021-09-25,DOGE,1,0,1,0,0
2021-09-25,DOT,1,0,1,0,0
2021-09-25,ETH,5,0,5,0,0
2021-09-25,LINK,1,0,1,0,0
2021-09-25,MATIC,1,0,1,0,0
2021-09-25,SOL,4,0,4,0,0
2021-09-25,TERRA,1,0,1,0,0
2021-09-26,ADA,1,0,1,0,0
2021-09-26,BTC,5,0,5,0,0
2021-09-26,DOGE,1,0,1,0,0
2021-09-26,ETH,6,0,6,0,0
2021-09-26,LINK,2,0,2,0,0
2021-09-26,MATIC,1,0,1,0,0
2021-09-26,SOL,1,0,1,0,0
2021-09-26,UNI,2,0,2,0,0
2021-09-27,ADA,4,0,4,0,0
2021-09-27,BTC,32,0,32,0,0
2021-09-27,DOGE,1,0,1,0,0
2021-09-27,DOT,1,0,1,0,0
2021-09-27,ETH,15,0,15,0,0
2021-09-27,LINK,2,0,2,0,0
2021-09-27,SOL,6,0,6,0,0
2021-09-27,UNI,1,0,1,0,0
2021-09-28,ADA,2,0,2,0,0
2021-09-28,AVAX,3,0,3,0,0
2021-09-28,BTC,29,0,29,0,0
2021-09-28,DOGE,1,0,1,0,0
2021-09-28,ETH,28,0,28,0,0
2021-09-28,LINK,1,0,1,0,0
2021-09-28,MATIC,4,0,4,0,0
2021-09-28,SHIBA,1,0,1,0,0
2021-09-28,SOL,9,0,9,0,0
2021-09-28,TERRA,1,0,1,0,0
2021-09-28,UNI,3,0,3,0,0
2021-09-29,ADA,1,0,1,0,0
2021-09-29,AVAX,1,0,1,0,0
2021-09-29,BTC,32,0,32,0,0
2021-09-29,DOT,1,0,1,0,0
2021-09-29,ETH,20,0,20,0,0
2021-09-29,LINK,2,0,2,0,0
2021-09-29,SOL,10,0,10,0,0
2021-09-29,TERRA,1,0,1,0,0
2021-09-29,XRP,6,0,6,0,0
2021-09-30,AVAX,3,0,3,0,0
2021-09-30,BTC,40,0,40,0,0
2021-09-30,DOGE,1,0,1,0,0
2021-09-30,ETH,15,0,15,0,0
2021-09-30,LINK,3,0,3,0,0
2021-09-30,MATIC,4,0,4,0,0
2021-09-30,SOL,11,0,11,0,0
2021-09-30,TERRA,4,0,4,0,0
2021-09-30,UNI,1,0,1,0,0
2021-10-01,ADA,3,0,3,0,0
2021-10-01,AVAX,5,0,5,0,0
2021-10-01,BNB,1,0,1,0,0
2021-10-01,BTC,32,0,32,0,0
2021-10-01,ETH,15,0,15,0,0
2021-10-01,LINK,2,0,2,0,0
2021-10-01,LTC,1,0,1,0,0
2021-10-01,MATIC,1,0,1,0,0
2021-10-01,SOL,11,0,11,0,0
2021-10-01,TERRA,3,0,3,0,0
2021-10-01,UNI,1,0,1,0,0
2021-10-01,VECHAIN,1,0,1,0,0
2021-10-01,XRP,1,0,1,0,0
2021-10-02,ADA,1,0,1,0,0
2021-10-02,BTC,4,0,4,0,0
2021-10-02,ETH,5,0,5,0,0
2021-10-02,SOL,2,0,2,0,0
2021-10-03,ADA,1,0,1,0,0
2021-10-03,AVAX,1,0,1,0,0
2021-10-03,BTC,4,0,4,0,0
2021-10-03,ETH,5,0,5,0,0
2021-10-03,SOL,2,0,2,0,0
2021-10-03,TERRA,2,0,2,0,0
2021-10-04,ADA,2,0,2,0,0
2021-10-04,AVAX,1,0,1,0,0
2021-10-04,BTC,44,0,44,0,0
2021-10-04,DOT,1,0,1,0,0
2021-10-04,ETH,15,0,15,0,0
2021-10-04,LINK,1,0,1,0,0
2021-10-04,LTC,1,0,1,0,0
2021-10-04,MATIC,3,0,3,0,0
2021-10-04,SOL,7,0,7,0,0
2021-10-04,TERRA,1,0,1,0,0
2021-10-05,ADA,3,0,3,0,0
2021-10-05,AVAX,1,0,1,0,0
2021-10-05,BNB,2,0,2,0,0
2021-10-05,BTC,59,0,59,0,0
2021-10-05,DOGE,3,0,3,0,0
2021-10-05,DOT,3,0,3,0,0
2021-10-05,ETH,21,0,21,0,0
2021-10-05,LTC,3,0,3,0,0
2021-10-05,MATIC,3,0,3,0,0
2021-10-05,SOL,13,0,13,0,0
2021-10-05,UNI,4,0,4,0,0
2021-10-05,XRP,2,0,2,0,0
2021-10-06,ADA,2,0,2,0,0
2021-10-06,BNB,1,0,1,0,0
2021-10-06,BTC,46,0,46,0,0
2021-10-06,DOGE,4,0,4,0,0
2021-10-06,ETH,16,0,16,0,0
2021-10-06,LINK,1,0,1,0,0
2021-10-06,LTC,3,0,3,0,0
2021-10-06,MATIC,1,0,1,0,0
2021-10-06,SOL,5,0,5,0,0
2021-10-06,TERRA,1,0,1,0,0
2021-10-06,UNI,1,0,1,0,0
2021-10-06,XRP,1,0,1,0,0
2021-10-07,ADA,4,0,4,0,0
2021-10-07,AVAX,3,0,3,0,0
2021-10-07,BTC,48,0,48,0,0
2021-10-07,DOGE,7,0,7,0,0
2021-10-07,DOT,3,0,3,0,0
2021-10-07,ETH,23,0,23,0,0
2021-10-07,LINK,1,0,1,0,0
2021-10-07,LTC,5,0,5,0,0
2021-10-07,MATIC,4,0,4,0,0
2021-10-07,SHIBA,1,0,1,0,0
2021-10-07,SOL,9,0,9,0,0
2021-10-07,TERRA,1,0,1,0,0
2021-10-08,ADA,3,0,3,0,0
2021-10-08,AVAX,1,0,1,0,0
2021-10-08,BNB,1,0,1,0,0
2021-10-08,BTC,46,0,46,0,0
2021-10-08,DOGE,2,0,2,0,0
2021-10-08,ETH,23,0,23,0,0
2021-10-08,LINK,2,0,2,0,0
2021-10-08,MATIC,4,0,4,0,0
2021-10-08,SHIBA,2,0,2,0,0
2021-10-08,SOL,15,0,15,0,0
2021-10-08,UNI,3,0,3,0,0
2021-10-08,VECHAIN,1,0,1,0,0
2021-10-08,XRP,3,0,3,0,0
2021-10-09,BTC,11,0,11,0,0
2021-10-09,DOGE,3,0,3,0,0
2021-10-09,ETH,6,0,6,0,0
2021-10-09,MATIC,2,0,2,0,0
2021-10-09,SHIBA,2,0,2,0,0
2021-10-10,BTC,11,0,11,0,0
2021-10-10,ETH,3,0,3,0,0
2021-10-10,MATIC,1,0,1,0,0
2021-10-10,SOL,1,0,1,0,0
2021-10-10,XRP,1,0,1,0,0
2021-10-11,ADA,5,0,5,0,0
2021-10-11,BNB,1,0,1,0,0
2021-10-11,BTC,40,0,40,0,0
2021-10-11,DOGE,1,0,1,0,0
2021-10-11,DOT,3,0,3,0,0
2021-10-11,ETH,21,0,21,0,0
2021-10-11,LTC,4,0,4,0,0
2021-10-11,MATIC,5,0,5,0,0
2021-10-11,SOL,11,0,11,0,0
2021-10-11,UNI,1,0,1,0,0
2021-10-11,XRP,3,0,3,0,0
2021-10-12,ADA,1,0,1,0,0
2021-10-12,AVAX,1,0,1,0,0
2021-10-12,BNB,1,0,1,0,0
2021-10-12,BTC,30,0,30,0,0
2021-10-12,DOGE,3,0,3,0,0
2021-10-12,ETH,14,0,14,0,0
2021-10-12,SHIBA,2,0,2,0,0
2021-10-12,SOL,8,0,8,0,0
2021-10-12,UNI,1,0,1,0,0
2021-10-13,ADA,5,0,5,0,0
2021-10-13,AVAX,1,0,1,0,0
2021-10-13,BNB,5,0,5,0,0
2021-10-13,BTC,53,0,53,0,0
2021-10-13,DOGE,3,0,3,0,0
2021-10-13,DOT,6,0,6,0,0
2021-10-13,ETH,19,0,19,0,0
2021-10-13,LINK,1,0,1,0,0
2021-10-13,MATIC,3,0,3,0,0
2021-10-13,SOL,10,0,10,0,0
2021-10-13,TERRA,2,0,2,0,0
2021-10-13,UNI,4,0,4,0,0
2021-10-13,XRP,2,0,2,0,0
2021-10-14,AVAX,4,0,4,0,0
2021-10-14,BTC,78,0,78,0,0
2021-10-14,DOGE,3,0,3,0,0
2021-10-14,DOT,4,0,4,0,0
2021-10-14,ETH,30,0,30,0,0
2021-10-14,LINK,5,0,5,0,0
2021-10-14,MATIC,4,0,4,0,0
2021-10-14,SHIBA,3,0,3,0,0
2021-10-14,SOL,11,0,11,0,0
2021-10-14,UNI,7,0,7,0,0
2021-10-14,XRP,1,0,1,0,0
2021-10-15,ADA,1,0,1,0,0
2021-10-15,BTC,58,0,58,0,0
2021-10-15,DOT,1,0,1,0,0
2021-10-15,ETH,15,0,15,0,0
2021-10-15,LINK,1,0,1,0,0
2021-10-15,MATIC,5,0,5,0,0
2021-10-15,SOL,11,0,11,0,0
2021-10-15,UNI,3,0,3,0,0
2021-10-15,XRP,1,0,1,0,0
2021-10-16,ADA,4,0,4,0,0
2021-10-16,BNB,2,0,2,0,0
2021-10-16,BTC,29,0,29,0,0
2021-10-16,DOGE,4,0,4,0,0
2021-10-16,DOT,6,0,6,0,0
2021-10-16,ETH,5,0,5,0,0
2021-10-16,LINK,2,0,2,0,0
2021-10-16,MATIC,1,0,1,0,0
2021-10-16,SOL,8,0,8,0,0
2021-10-16,TERRA,2,0,2,0,0
2021-10-16,UNI,2,0,2,0,0
2021-10-16,XRP,4,0,4,0,0
2021-10-17,BTC,17,0,17,0,0
2021-10-17,ETH,6,0,6,0,0
2021-10-17,LINK,1,0,1,0,0
2021-10-17,MATIC,3,0,3,0,0
2021-10-17,SOL,3,0,3,0,0
2021-10-17,TERRA,1,0,1,0,0
2021-10-17,UNI,1,0,1,0,0
2021-10-18,ADA,6,0,6,0,0
2021-10-18,BNB,4,0,4,0,0
2021-10-18,BTC,63,0,63,0,0
2021-10-18,DOGE,3,0,3,0,0
2021-10-18,DOT,6,0,6,0,0
2021-10-18,ETH,23,0,23,0,0
2021-10-18,LINK,1,0,1,0,0
2021-10-18,LTC,5,0,5,0,0
2021-10-18,MATIC,5,0,5,0,0
2021-10-18,SHIBA,1,0,1,0,0
2021-10-18,SOL,10,0,10,0,0
2021-10-18,TERRA,2,0,2,0,0
2021-10-18,UNI,4,0,4,0,0
2021-10-18,XRP,3,0,3,0,0
2021-10-19,ADA,3,0,3,0,0
2021-10-19,AVAX,1,0,1,0,0
2021-10-19,BNB,3,0,3,0,0
2021-10-19,BTC,76,0,76,0,0
2021-10-19,DOGE,1,0,1,0,0
2021-10-19,DOT,4,0,4,0,0
2021-10-19,ETH,19,0,19,0,0
2021-10-19,LINK,1,0,1,0,0
2021-10-19,MATIC,6,0,6,0,0
2021-10-19,SOL,8,0,8,0,0
2021-10-19,UNI,4,0,4,0,0
2021-10-20,ADA,5,0,5,0,0
2021-10-20,AVAX,2,0,2,0,0
2021-10-20,BNB,2,0,2,0,0
2021-10-20,BTC,90,0,90,0,0
2021-10-20,DOGE,3,0,3,0,0
2021-10-20,DOT,4,0,4,0,0
2021-10-20,ETH,31,0,31,0,0
2021-10-20,LINK,4,0,4,0,0
2021-10-20,MATIC,6,0,6,0,0
2021-10-20,SHIBA,1,0,1,0,0
2021-10-20,SOL,12,0,12,0,0
2021-10-20,TERRA,4,0,4,0,0
2021-10-20,UNI,4,0,4,0,0
2021-10-20,XRP,5,0,5,0,0
2021-10-21,ADA,1,0,1,0,0
2021-10-21,AVAX,1,0,1,0,0
2021-10-21,BNB,2,0,2,0,0
2021-10-21,BTC,78,0,78,0,0
2021-10-21,DOGE,4,0,4,0,0
2021-10-21,DOT,1,0,1,0,0
2021-10-21,ETH,33,0,33,0,0
2021-10-21,LINK,3,0,3,0,0
2021-10-21,LTC,4,0,4,0,0
2021-10-21,MATIC,3,0,3,0,0
2021-10-21,SOL,13,0,13,0,0
2021-10-21,TERRA,2,0,2,0,0
2021-10-21,XRP,3,0,3,0,0
2021-10-22,ADA,2,0,2,0,0
2021-10-22,AVAX,3,0,3,0,0
2021-10-22,BNB,5,0,5,0,0
2021-10-22,BTC,56,0,56,0,0
2021-10-22,DOGE,7,0,7,0,0
2021-10-22,DOT,3,0,3,0,0
2021-10-22,ETH,30,0,30,0,0
2021-10-22,LINK,1,0,1,0,0
2021-10-22,LTC,3,0,3,0,0
2021-10-22,MATIC,3,0,3,0,0
2021-10-22,SHIBA,1,0,1,0,0
2021-10-22,SOL,11,0,11,0,0
2021-10-22,TERRA,3,0,3,0,0
2021-10-22,UNI,4,0,4,0,0
2021-10-22,VECHAIN,2,0,2,0,0
2021-10-22,XRP,3,0,3,0,0
2021-10-23,ADA,2,0,2,0,0
2021-10-23,AVAX,1,0,1,0,0
2021-10-23,BNB,2,0,2,0,0
2021-10-23,BTC,30,0,30,0,0
2021-10-23,ETH,8,0,8,0,0
2021-10-23,MATIC,2,0,2,0,0
2021-10-23,SOL,5,0,5,0,0
2021-10-23,TERRA,3,0,3,0,0
2021-10-24,AVAX,2,0,2,0,0
2021-10-24,BNB,1,0,1,0,0
2021-10-24,BTC,13,0,13,0,0
2021-10-24,DOGE,6,0,6,0,0
2021-10-24,ETH,7,0,7,0,0
2021-10-24,LTC,1,0,1,0,0
2021-10-24,MATIC,2,0,2,0,0
2021-10-24,SHIBA,6,0,6,0,0
2021-10-24,SOL,3,0,3,0,0
2021-10-24,UNI,2,0,2,0,0
2021-10-25,ADA,7,0,7,0,0
2021-10-25,AVAX,2,0,2,0,0
2021-10-25,BNB,3,0,3,0,0
2021-10-25,BTC,70,0,70,0,0
2021-10-25,DOGE,6,0,6,0,0
2021-10-25,DOT,5,0,5,0,0
2021-10-25,ETH,28,0,28,0,0
2021-10-25,LINK,2,0,2,0,0
2021-10-25,LTC,1,0,1,0,0
2021-10-25,MATIC,4,0,4,0,0
2021-10-25,SHIBA,3,0,3,0,0
2021-10-25,SOL,20,0,20,0,0
2021-10-25,TERRA,5,0,5,0,0
2021-10-25,UNI,3,0,3,0,0
2021-10-25,XRP,3,0,3,0,0
2021-10-26,ADA,4,0,4,0,0
2021-10-26,AVAX,7,0,7,0,0
2021-10-26,BTC,54,0,54,0,0
2021-10-26,DOGE,5,0,5,0,0
2021-10-26,DOT,6,0,6,0,0
2021-10-26,ETH,28,0,28,0,0
2021-10-26,LINK,4,0,4,0,0
2021-10-26,LTC,2,0,2,0,0
2021-10-26,MATIC,4,0,4,0,0
2021-10-26,SHIBA,5,0,5,0,0
2021-10-26,SOL,16,0,16,0,0
2021-10-26,TERRA,1,0,1,0,0
2021-10-26,UNI,1,0,1,0,0
2021-10-27,ADA,5,0,5,0,0
2021-10-27,AVAX,3,0,3,0,0
2021-10-27,BNB,2,0,2,0,0
2021-10-27,BTC,74,0,74,0,0
2021-10-27,DOGE,22,0,22,0,0
2021-10-27,DOT,4,0,4,0,0
2021-10-27,ETH,32,0,32,0,0
2021-10-27,LINK,3,0,3,0,0
2021-10-27,LTC,3,0,3,0,0
2021-10-27,MATIC,5,0,5,0,0
2021-10-27,SHIBA,16,0,16,0,0
2021-10-27,SOL,17,0,17,0,0
2021-10-27,TERRA,5,0,5,0,0
2021-10-27,UNI,2,0,2,0,0
2021-10-27,XRP,3,0,3,0,0
2021-10-28,ADA,2,0,2,0,0
2021-10-28,AVAX,6,0,6,0,0
2021-10-28,BNB,1,0,1,0,0
2021-10-28,BTC,70,0,70,0,0
2021-10-28,DOGE,17,0,17,0,0
2021-10-28,ETH,35,0,35,0,0
2021-10-28,LTC,3,0,3,0,0
2021-10-28,MATIC,10,0,10,0,0
2021-10-28,SHIBA,15,0,15,0,0
2021-10-28,SOL,14,0,14,0,0
2021-10-28,TERRA,2,0,2,0,0
2021-10-28,UNI,2,0,2,0,0
2021-10-28,XRP,1,0,1,0,0
2021-10-29,ADA,5,0,5,0,0
2021-10-29,AVAX,1,0,1,0,0
2021-10-29,BNB,2,0,2,0,0
2021-10-29,BTC,55,0,55,0,0
2021-10-29,DOGE,9,0,9,0,0
2021-10-29,DOT,2,0,2,0,0
2021-10-29,ETH,34,0,34,0,0
2021-10-29,LINK,3,0,3,0,0
2021-10-29,LTC,2,0,2,0,0
2021-10-29,MATIC,2,0,2,0,0
2021-10-29,SHIBA,10,0,10,0,0
2021-10-29,SOL,10,0,10,0,0
2021-10-29,TERRA,3,0,3,0,0
2021-10-29,UNI,2,0,2,0,0
2021-10-29,XRP,3,0,3,0,0
2021-10-30,AVAX,1,0,1,0,0
2021-10-30,BTC,20,0,20,0,0
2021-10-30,DOGE,10,0,10,0,0
2021-10-30,ETH,8,0,8,0,0
2021-10-30,SHIBA,6,0,6,0,0
2021-10-30,SOL,2,0,2,0,0
2021-10-30,XRP,2,0,2,0,0
2021-10-31,BNB,2,0,2,0,0
2021-10-31,BTC,19,0,19,0,0
2021-10-31,DOGE,5,0,5,0,0
2021-10-31,ETH,5,0,5,0,0
2021-10-31,MATIC,2,0,2,0,0
2021-10-31,SHIBA,3,0,3,0,0
2021-10-31,SOL,1,0,1,0,0
2021-11-01,ADA,7,0,7,0,0
2021-11-01,AVAX,3,0,3,0,0
2021-11-01,BNB,4,0,4,0,0
2021-11-01,BTC,73,0,73,0,0
2021-11-01,DOGE,12,0,12,0,0
2021-11-01,DOT,7,0,7,0,0
2021-11-01,ETH,31,0,31,0,0
2021-11-01,LINK,1,0,1,0,0
2021-11-01,MATIC,3,0,3,0,0
2021-11-01,SHIBA,8,0,8,0,0
2021-11-01,SOL,17,0,17,0,0
2021-11-01,TERRA,2,0,2,0,0
2021-11-01,UNI,4,0,4,0,0
2021-11-01,XRP,4,0,4,0,0
2021-11-02,ADA,4,0,4,0,0
2021-11-02,AVAX,1,0,1,0,0
2021-11-02,BTC,54,0,54,0,0
2021-11-02,DOGE,3,0,3,0,0
2021-11-02,DOT,8,0,8,0,0
2021-11-02,ETH,33,0,33,0,0
2021-11-02,LINK,4,0,4,0,0
2021-11-02,MATIC,5,0,5,0,0
2021-11-02,SHIBA,3,0,3,0,0
2021-11-02,SOL,8,0,8,0,0
2021-11-02,UNI,4,0,4,0,0
2021-11-02,XRP,3,0,3,0,0
2021-11-03,ADA,9,0,9,0,0
2021-11-03,AVAX,6,0,6,0,0
2021-11-03,BNB,1,0,1,0,0
2021-11-03,BTC,67,0,67,0,0
2021-11-03,DOGE,1,0,1,0,0
2021-11-03,DOT,5,0,5,0,0
2021-11-03,ETH,30,0,30,0,0
2021-11-03,LINK,3,0,3,0,0
2021-11-03,LTC,2,0,2,0,0
2021-11-03,MATIC,9,0,9,0,0
2021-11-03,SHIBA,3,0,3,0,0
2021-11-03,SOL,16,0,16,0,0
2021-11-03,TERRA,1,0,1,0,0
2021-11-03,UNI,4,0,4,0,0
2021-11-03,XRP,1,0,1,0,0
2021-11-04,ADA,1,0,1,0,0
2021-11-04,AVAX,3,0,3,0,0
2021-11-04,BNB,2,0,2,0,0
2021-11-04,BTC,60,0,60,0,0
2021-11-04,DOGE,1,0,1,0,0
2021-11-04,DOT,5,0,5,0,0
2021-11-04,ETH,23,0,23,0,0
2021-11-04,LINK,6,0,6,0,0
2021-11-04,MATIC,2,0,2,0,0
2021-11-04,SHIBA,5,0,5,0,0
2021-11-04,SOL,12,0,12,0,0
2021-11-04,TERRA,4,0,4,0,0
2021-11-04,UNI,1,0,1,0,0
2021-11-04,XRP,1,0,1,0,0
2021-11-05,ADA,1,0,1,0,0
2021-11-05,AVAX,5,0,5,0,0
2021-11-05,BNB,1,0,1,0,0
2021-11-05,BTC,62,0,62,0,0
2021-11-05,DOGE,3,0,3,0,0
2021-11-05,DOT,3,0,3,0,0
2021-11-05,ETH,32,0,32,0,0
2021-11-05,MATIC,5,0,5,0,0
2021-11-05,SHIBA,3,0,3,0,0
2021-11-05,SOL,15,0,15,0,0
2021-11-05,TERRA,1,0,1,0,0
2021-11-05,XRP,2,0,2,0,0
2021-11-06,ADA,1,0,1,0,0
2021-11-06,AVAX,1,0,1,0,0
2021-11-06,BTC,6,0,6,0,0
2021-11-06,DOGE,3,0,3,0,0
2021-11-06,ETH,10,0,10,0,0
2021-11-06,MATIC,2,0,2,0,0
2021-11-06,SOL,4,0,4,0,0
2021-11-06,UNI,1,0,1,0,0
2021-11-06,XRP,2,0,2,0,0
2021-11-07,ADA,2,0,2,0,0
2021-11-07,AVAX,3,0,3,0,0
2021-11-07,BNB,2,0,2,0,0
2021-11-07,BTC,19,0,19,0,0
2021-11-07,DOGE,4,0,4,0,0
2021-11-07,DOT,2,0,2,0,0
2021-11-07,ETH,11,0,11,0,0
2021-11-07,SHIBA,3,0,3,0,0
2021-11-07,SOL,9,0,9,0,0
2021-11-07,TERRA,4,0,4,0,0
2021-11-08,ADA,6,0,6,0,0
2021-11-08,AVAX,4,0,4,0,0
2021-11-08,BNB,6,0,6,0,0
2021-11-08,BTC,70,0,70,0,0
2021-11-08,DOGE,5,0,5,0,0
2021-11-08,DOT,12,0,12,0,0
2021-11-08,ETH,32,0,32,0,0
2021-11-08,LINK,3,0,3,0,0
2021-11-08,LTC,2,0,2,0,0
2021-11-08,MATIC,2,0,2,0,0
2021-11-08,SHIBA,5,0,5,0,0
2021-11-08,SOL,19,0,19,0,0
2021-11-08,TERRA,2,0,2,0,0
2021-11-08,UNI,2,0,2,0,0
2021-11-08,XRP,3,0,3,0,0
2021-11-09,ADA,5,0,5,0,0
2021-11-09,AVAX,8,0,8,0,0
2021-11-09,BNB,1,0,1,0,0
2021-11-09,BTC,74,0,74,0,0
2021-11-09,DOGE,2,0,2,0,0
2021-11-09,DOT,3,0,3,0,0
2021-11-09,ETH,53,0,53,0,0
2021-11-09,LINK,6,0,6,0,0
2021-11-09,LTC,6,0,6,0,0
2021-11-09,MATIC,12,0,12,0,0
2021-11-09,SOL,34,0,34,0,0
2021-11-09,TERRA,2,0,2,0,0
2021-11-09,UNI,5,0,5,0,0
2021-11-09,XRP,6,0,6,0,0
2021-11-10,ADA,4,0,4,0,0
2021-11-10,AVAX,3,0,3,0,0
2021-11-10,BNB,4,0,4,0,0
2021-11-10,BTC,62,0,62,0,0
2021-11-10,DOGE,9,0,9,0,0
2021-11-10,DOT,5,0,5,0,0
2021-11-10,ETH,25,0,25,0,0
2021-11-10,LINK,2,0,2,0,0
2021-11-10,LTC,4,0,4,0,0
2021-11-10,MATIC,1,0,1,0,0
2021-11-10,SHIBA,4,0,4,0,0
2021-11-10,SOL,14,0,14,0,0
2021-11-10,TERRA,3,0,3,0,0
2021-11-10,UNI,3,0,3,0,0
2021-11-10,XRP,4,0,4,0,0
2021-11-11,ADA,4,0,4,0,0
2021-11-11,AVAX,2,0,2,0,0
2021-11-11,BNB,2,0,2,0,0
2021-11-11,BTC,64,0,64,0,0
2021-11-11,DOGE,1,0,1,0,0
2021-11-11,DOT,2,0,2,0,0
2021-11-11,ETH,29,0,29,0,0
2021-11-11,LINK,3,0,3,0,0
2021-11-11,LTC,1,0,1,0,0
2021-11-11,MATIC,2,0,2,0,0
2021-11-11,SHIBA,1,0,1,0,0
2021-11-11,SOL,10,0,10,0,0
2021-11-11,TERRA,2,0,2,0,0
2021-11-11,UNI,2,0,2,0,0
2021-11-11,VECHAIN,1,0,1,0,0
2021-11-11,XRP,1,0,1,0,0
2021-11-12,ADA,5,0,5,0,0
2021-11-12,AVAX,5,0,5,0,0
2021-11-12,BNB,4,0,4,0,0
2021-11-12,BTC,71,0,71,0,0
2021-11-12,DOGE,11,0,11,0,0
2021-11-12,DOT,12,0,12,0,0
2021-11-12,ETH,40,0,40,0,0
2021-11-12,LINK,3,0,3,0,0
2021-11-12,LTC,4,0,4,0,0
2021-11-12,MATIC,9,0,9,0,0
2021-11-12,SHIBA,6,0,6,0,0
2021-11-12,SOL,17,0,17,0,0
2021-11-12,TERRA,5,0,5,0,0
2021-11-12,UNI,5,0,5,0,0
2021-11-12,XRP,6,0,6,0,0
2021-11-13,ADA,5,0,5,0,0
2021-11-13,AVAX,2,0,2,0,0
2021-11-13,BTC,18,0,18,0,0
2021-11-13,DOGE,2,0,2,0,0
2021-11-13,DOT,2,0,2,0,0
2021-11-13,ETH,14,0,14,0,0
2021-11-13,MATIC,3,0,3,0,0
2021-11-13,SHIBA,2,0,2,0,0
2021-11-13,SOL,9,0,9,0,0
2021-11-13,UNI,4,0,4,0,0
2021-11-14,BNB,1,0,1,0,0
2021-11-14,BTC,15,0,15,0,0
2021-11-14,DOGE,1,0,1,0,0
2021-11-14,ETH,4,0,4,0,0
2021-11-14,LINK,2,0,2,0,0
2021-11-14,LTC,3,0,3,0,0
2021-11-14,MATIC,1,0,1,0,0
2021-11-14,SOL,2,0,2,0,0
2021-11-14,UNI,2,0,2,0,0
2021-11-14,VECHAIN,2,0,2,0,0
2021-11-15,ADA,5,0,5,0,0
2021-11-15,AVAX,3,0,3,0,0
2021-11-15,BNB,2,0,2,0,0
2021-11-15,BTC,57,0,57,0,0
2021-11-15,DOGE,8,0,8,0,0
2021-11-15,DOT,7,0,7,0,0
2021-11-15,ETH,27,0,27,0,0
2021-11-15,LINK,3,0,3,0,0
2021-11-15,LTC,4,0,4,0,0
2021-11-15,MATIC,5,0,5,0,0
2021-11-15,SHIBA,5,0,5,0,0
2021-11-15,SOL,16,0,16,0,0
2021-11-15,TERRA,2,0,2,0,0
2021-11-15,XRP,4,0,4,0,0
2021-11-16,ADA,5,0,5,0,0
2021-11-16,AVAX,4,0,4,0,0
2021-11-16,BNB,1,0,1,0,0
2021-11-16,BTC,76,0,76,0,0
2021-11-16,DOGE,1,0,1,0,0
2021-11-16,DOT,6,0,6,0,0
2021-11-16,ETH,36,0,36,0,0
2021-11-16,LINK,1,0,1,0,0
2021-11-16,LTC,2,0,2,0,0
2021-11-16,MATIC,9,0,9,0,0
2021-11-16,SHIBA,1,0,1,0,0
2021-11-16,SOL,17,0,17,0,0
2021-11-16,TERRA,4,0,4,0,0
2021-11-16,UNI,4,0,4,0,0
2021-11-16,XRP,5,0,5,0,0
2021-11-17,ADA,5,0,5,0,0
2021-11-17,AVAX,10,0,10,0,0
2021-11-17,BNB,3,0,3,0,0
2021-11-17,BTC,62,0,62,0,0
2021-11-17,DOGE,10,0,10,0,0
2021-11-17,DOT,5,0,5,0,0
2021-11-17,ETH,34,0,34,0,0
2021-11-17,LINK,2,0,2,0,0
2021-11-17,MATIC,6,0,6,0,0
2021-11-17,SHIBA,4,0,4,0,0
2021-11-17,SOL,15,0,15,0,0
2021-11-17,TERRA,1,0,1,0,0
2021-11-17,UNI,3,0,3,0,0
2021-11-17,VECHAIN,1,0,1,0,0
2021-11-17,XRP,3,0,3,0,0
2021-11-18,AVAX,4,0,4,0,0
2021-11-18,BTC,49,0,49,0,0
2021-11-18,DOGE,5,0,5,0,0
2021-11-18,DOT,7,0,7,0,0
2021-11-18,ETH,37,0,37,0,0
2021-11-18,LTC,3,0,3,0,0
2021-11-18,MATIC,7,0,7,0,0
2021-11-18,SHIBA,6,0,6,0,0
2021-11-18,SOL,18,0,18,0,0
2021-11-18,UNI,4,0,4,0,0
2021-11-18,XRP,3,0,3,0,0
2021-11-19,ADA,2,0,2,0,0
2021-11-19,AVAX,5,0,5,0,0
2021-11-19,BNB,3,0,3,0,0
2021-11-19,BTC,49,0,49,0,0
2021-11-19,DOGE,6,0,6,0,0
2021-11-19,DOT,4,0,4,0,0
2021-11-19,ETH,26,0,26,0,0
2021-11-19,LINK,3,0,3,0,0
2021-11-19,MATIC,5,0,5,0,0
2021-11-19,SHIBA,7,0,7,0,0
2021-11-19,SOL,17,0,17,0,0
2021-11-19,TERRA,1,0,1,0,0
2021-11-19,UNI,6,0,6,0,0
2021-11-19,XRP,4,0,4,0,0
2021-11-20,AVAX,2,0,2,0,0
2021-11-20,BTC,12,0,12,0,0
2021-11-20,DOGE,1,0,1,0,0
2021-11-20,DOT,2,0,2,0,0
2021-11-20,ETH,8,0,8,0,0
2021-11-20,LTC,1,0,1,0,0
2021-11-20,SHIBA,1,0,1,0,0
2021-11-20,SOL,2,0,2,0,0
2021-11-21,AVAX,4,0,4,0,0
2021-11-21,BTC,10,0,10,0,0
2021-11-21,DOGE,2,0,2,0,0
2021-11-21,DOT,2,0,2,0,0
2021-11-21,ETH,7,0,7,0,0
2021-11-21,LTC,1,0,1,0,0
2021-11-21,MATIC,2,0,2,0,0
2021-11-21,SOL,4,0,4,0,0
2021-11-21,UNI,2,0,2,0,0
2021-11-22,ADA,4,0,4,0,0
2021-11-22,AVAX,6,0,6,0,0
2021-11-22,BNB,1,0,1,0,0
2021-11-22,BTC,54,0,54,0,0
2021-11-22,DOGE,5,0,5,0,0
2021-11-22,DOT,4,0,4,0,0
2021-11-22,ETH,25,0,25,0,0
2021-11-22,LINK,3,0,3,0,0
2021-11-22,LTC,1,0,1,0,0
2021-11-22,MATIC,4,0,4,0,0
2021-11-22,SHIBA,3,0,3,0,0
2021-11-22,SOL,16,0,16,0,0
2021-11-22,TERRA,4,0,4,0,0
2021-11-22,UNI,3,0,3,0,0
2021-11-22,VECHAIN,1,0,1,0,0
2021-11-22,XRP,3,0,3,0,0
2021-11-23,ADA,4,0,4,0,0
2021-11-23,AVAX,1,0,1,0,0
2021-11-23,BTC,44,0,44,0,0
2021-11-23,DOGE,8,0,8,0,0
2021-11-23,DOT,3,0,3,0,0
2021-11-23,ETH,19,0,19,0,0
2021-11-23,LINK,4,0,4,0,0
2021-11-23,LTC,2,0,2,0,0
2021-11-23,MATIC,7,0,7,0,0
2021-11-23,SHIBA,2,0,2,0,0
2021-11-23,SOL,15,0,15,0,0
2021-11-23,TERRA,1,0,1,0,0
2021-11-23,XRP,4,0,4,0,0
2021-11-24,ADA,5,0,5,0,0
2021-11-24,AVAX,7,0,7,0,0
2021-11-24,BNB,1,0,1,0,0
2021-11-24,BTC,34,0,34,0,0
2021-11-24,DOGE,6,0,6,0,0
2021-11-24,DOT,1,0,1,0,0
2021-11-24,ETH,22,0,22,0,0
2021-11-24,LINK,2,0,2,0,0
2021-11-24,LTC,1,0,1,0,0
2021-11-24,MATIC,6,0,6,0,0
2021-11-24,SHIBA,8,0,8,0,0
2021-11-24,SOL,16,0,16,0,0
2021-11-24,TERRA,1,0,1,0,0
2021-11-24,UNI,5,0,5,0,0
2021-11-24,XRP,6,0,6,0,0
2021-11-25,ADA,1,0,1,0,0
2021-11-25,AVAX,2,0,2,0,0
2021-11-25,BNB,2,0,2,0,0
2021-11-25,BTC,28,0,28,0,0
2021-11-25,DOGE,3,0,3,0,0
2021-11-25,DOT,2,0,2,0,0
2021-11-25,ETH,14,0,14,0,0
2021-11-25,LINK,1,0,1,0,0
2021-11-25,LTC,1,0,1,0,0
2021-11-25,MATIC,4,0,4,0,0
2021-11-25,SOL,10,0,10,0,0
2021-11-25,TERRA,2,0,2,0,0
2021-11-25,XRP,1,0,1,0,0
2021-11-26,ADA,5,0,5,0,0
2021-11-26,AVAX,2,0,2,0,0
2021-11-26,BNB,2,0,2,0,0
2021-11-26,BTC,43,0,43,0,0
2021-11-26,DOGE,3,0,3,0,0
2021-11-26,DOT,6,0,6,0,0
2021-11-26,ETH,20,0,20,0,0
2021-11-26,LTC,1,0,1,0,0
2021-11-26,MATIC,5,0,5,0,0
2021-11-26,SHIBA,2,0,2,0,0
2021-11-26,SOL,16,0,16,0,0
2021-11-26,UNI,4,0,4,0,0
2021-11-26,XRP,3,0,3,0,0
2021-11-27,ADA,1,0,1,0,0
2021-11-27,BTC,5,0,5,0,0
2021-11-27,DOGE,1,0,1,0,0
2021-11-27,ETH,6,0,6,0,0
2021-11-27,SHIBA,1,0,1,0,0
2021-11-27,UNI,2,0,2,0,0
2021-11-28,ADA,2,0,2,0,0
2021-11-28,BTC,8,0,8,0,0
2021-11-28,DOGE,1,0,1,0,0
2021-11-28,ETH,3,0,3,0,0
2021-11-28,SOL,1,0,1,0,0
2021-11-28,TERRA,1,0,1,0,0
2021-11-29,ADA,8,0,8,0,0
2021-11-29,AVAX,4,0,4,0,0
2021-11-29,BNB,3,0,3,0,0
2021-11-29,BTC,52,0,52,0,0
2021-11-29,DOGE,5,0,5,0,0
2021-11-29,DOT,4,0,4,0,0
2021-11-29,ETH,25,0,25,0,0
2021-11-29,LTC,4,0,4,0,0
2021-11-29,MATIC,3,0,3,0,0
2021-11-29,SHIBA,7,0,7,0,0
2021-11-29,SOL,13,0,13,0,0
2021-11-29,TERRA,3,0,3,0,0
2021-11-29,UNI,2,0,2,0,0
2021-11-29,XRP,2,0,2,0,0
2021-11-30,ADA,3,0,3,0,0
2021-11-30,AVAX,11,0,11,0,0
2021-11-30,BNB,1,0,1,0,0
2021-11-30,BTC,58,0,58,0,0
2021-11-30,DOGE,6,0,6,0,0
2021-11-30,DOT,3,0,3,0,0
2021-11-30,ETH,37,0,37,0,0
2021-11-30,LINK,1,0,1,0,0
2021-11-30,LTC,1,0,1,0,0
2021-11-30,MATIC,5,0,5,0,0
2021-11-30,SHIBA,8,0,8,0,0
2021-11-30,SOL,18,0,18,0,0
2021-11-30,TERRA,7,0,7,0,0
2021-11-30,UNI,7,0,7,0,0
2021-12-01,ADA,5,0,5,0,0
2021-12-01,AVAX,6,0,6,0,0
2021-12-01,BNB,1,0,1,0,0
2021-12-01,BTC,53,0,53,0,0
2021-12-01,DOGE,8,0,8,0,0
2021-12-01,DOT,2,0,2,0,0
2021-12-01,ETH,28,0,28,0,0
2021-12-01,LINK,1,0,1,0,0
2021-12-01,LTC,3,0,3,0,0
2021-12-01,MATIC,11,0,11,0,0
2021-12-01,SHIBA,8,0,8,0,0
2021-12-01,SOL,15,0,15,0,0
2021-12-01,TERRA,3,0,3,0,0
2021-12-01,UNI,3,0,3,0,0
2021-12-01,XRP,2,0,2,0,0
2021-12-02,ADA,5,0,5,0,0
2021-12-02,AVAX,2,0,2,0,0
2021-12-02,BTC,56,0,56,0,0
2021-12-02,DOT,4,0,4,0,0
2021-12-02,ETH,27,0,27,0,0
2021-12-02,LINK,3,0,3,0,0
2021-12-02,MATIC,5,0,5,0,0
2021-12-02,SHIBA,3,0,3,0,0
2021-12-02,SOL,13,0,13,0,0
2021-12-02,TERRA,2,0,2,0,0
2021-12-02,UNI,3,0,3,0,0
2021-12-03,ADA,5,0,5,0,0
2021-12-03,AVAX,3,0,3,0,0
2021-12-03,BNB,1,0,1,0,0
2021-12-03,BTC,32,0,32,0,0
2021-12-03,DOGE,2,0,2,0,0
2021-12-03,DOT,2,0,2,0,0
2021-12-03,ETH,28,0,28,0,0
2021-12-03,LINK,1,0,1,0,0
2021-12-03,LTC,1,0,1,0,0
2021-12-03,MATIC,6,0,6,0,0
2021-12-03,SHIBA,3,0,3,0,0
2021-12-03,SOL,9,0,9,0,0
2021-12-03,TERRA,7,0,7,0,0
2021-12-03,UNI,2,0,2,0,0
2021-12-03,XRP,2,0,2,0,0
2021-12-04,ADA,1,0,1,0,0
2021-12-04,AVAX,3,0,3,0,0
2021-12-04,BTC,15,0,15,0,0
2021-12-04,DOGE,2,0,2,0,0
2021-12-04,DOT,2,0,2,0,0
2021-12-04,ETH,11,0,11,0,0
2021-12-04,LTC,1,0,1,0,0
2021-12-04,MATIC,1,0,1,0,0
2021-12-04,SHIBA,1,0,1,0,0
2021-12-04,SOL,5,0,5,0,0
2021-12-04,TERRA,2,0,2,0,0
2021-12-05,BNB,1,0,1,0,0
2021-12-05,BTC,9,0,9,0,0
2021-12-05,DOGE,1,0,1,0,0
2021-12-05,ETH,9,0,9,0,0
2021-12-05,LINK,2,0,2,0,0
2021-12-05,MATIC,1,0,1,0,0
2021-12-05,SHIBA,1,0,1,0,0
2021-12-06,ADA,1,0,1,0,0
2021-12-06,AVAX,2,0,2,0,0
2021-12-06,BNB,3,0,3,0,0
2021-12-06,BTC,39,0,39,0,0
2021-12-06,DOGE,3,0,3,0,0
2021-12-06,DOT,2,0,2,0,0
2021-12-06,ETH,24,0,24,0,0
2021-12-06,LINK,1,0,1,0,0
2021-12-06,LTC,3,0,3,0,0
2021-12-06,MATIC,3,0,3,0,0
2021-12-06,SHIBA,2,0,2,0,0
2021-12-06,SOL,7,0,7,0,0
2021-12-06,TERRA,3,0,3,0,0
2021-12-06,UNI,3,0,3,0,0
2021-12-06,XRP,1,0,1,0,0
2021-12-07,ADA,4,0,4,0,0
2021-12-07,AVAX,3,0,3,0,0
2021-12-07,BTC,58,0,58,0,0
2021-12-07,DOGE,5,0,5,0,0
2021-12-07,DOT,3,0,3,0,0
2021-12-07,ETH,24,0,24,0,0
2021-12-07,LINK,4,0,4,0,0
2021-12-07,LTC,2,0,2,0,0
2021-12-07,MATIC,4,0,4,0,0
2021-12-07,SOL,14,0,14,0,0
2021-12-07,TERRA,1,0,1,0,0
2021-12-07,XRP,2,0,2,0,0
2021-12-08,ADA,1,0,1,0,0
2021-12-08,AVAX,1,0,1,0,0
2021-12-08,BTC,54,0,54,0,0
2021-12-08,DOGE,3,0,3,0,0
2021-12-08,ETH,27,0,27,0,0
2021-12-08,LINK,3,0,3,0,0
2021-12-08,MATIC,6,0,6,0,0
2021-12-08,SHIBA,1,0,1,0,0
2021-12-08,SOL,18,0,18,0,0
2021-12-08,TERRA,6,0,6,0,0
2021-12-08,UNI,4,0,4,0,0
2021-12-08,XRP,1,0,1,0,0
2021-12-09,AVAX,5,0,5,0,0
2021-12-09,BTC,48,0,48,0,0
2021-12-09,DOGE,1,0,1,0,0
2021-12-09,DOT,3,0,3,0,0
2021-12-09,ETH,28,0,28,0,0
2021-12-09,LINK,2,0,2,0,0
2021-12-09,LTC,1,0,1,0,0
2021-12-09,MATIC,9,0,9,0,0
2021-12-09,SOL,9,0,9,0,0
2021-12-09,TERRA,5,0,5,0,0
2021-12-09,UNI,2,0,2,0,0
2021-12-09,XRP,2,0,2,0,0
2021-12-10,ADA,3,0,3,0,0
2021-12-10,AVAX,7,0,7,0,0
2021-12-10,BNB,1,0,1,0,0
2021-12-10,BTC,51,0,51,0,0
2021-12-10,DOGE,5,0,5,0,0
2021-12-10,DOT,1,0,1,0,0
2021-12-10,ETH,30,0,30,0,0
2021-12-10,LINK,1,0,1,0,0
2021-12-10,MATIC,3,0,3,0,0
2021-12-10,SHIBA,3,0,3,0,0
2021-12-10,SOL,21,0,21,0,0
2021-12-10,TERRA,7,0,7,0,0
2021-12-10,UNI,6,0,6,0,0
2021-12-10,XRP,1,0,1,0,0
2021-12-11,AVAX,1,0,1,0,0
2021-12-11,BNB,1,0,1,0,0
2021-12-11,BTC,10,0,10,0,0
2021-12-11,ETH,7,0,7,0,0
2021-12-11,LINK,1,0,1,0,0
2021-12-11,LTC,1,0,1,0,0
2021-12-11,MATIC,2,0,2,0,0
2021-12-11,SHIBA,1,0,1,0,0
2021-12-11,SOL,2,0,2,0,0
2021-12-11,TERRA,1,0,1,0,0
2021-12-11,UNI,2,0,2,0,0
2021-12-11,VECHAIN,1,0,1,0,0
2021-12-12,ADA,2,0,2,0,0
2021-12-12,AVAX,2,0,2,0,0
2021-12-12,BTC,9,0,9,0,0
2021-12-12,DOGE,1,0,1,0,0
2021-12-12,DOT,2,0,2,0,0
2021-12-12,ETH,7,0,7,0,0
2021-12-12,MATIC,3,0,3,0,0
2021-12-12,SHIBA,1,0,1,0,0
2021-12-12,SOL,5,0,5,0,0
2021-12-13,ADA,4,0,4,0,0
2021-12-13,AVAX,1,0,1,0,0
2021-12-13,BNB,1,0,1,0,0
2021-12-13,BTC,38,0,38,0,0
2021-12-13,DOGE,2,0,2,0,0
2021-12-13,DOT,2,0,2,0,0
2021-12-13,ETH,15,0,15,0,0
2021-12-13,LINK,2,0,2,0,0
2021-12-13,MATIC,2,0,2,0,0
2021-12-13,SOL,11,0,11,0,0
2021-12-13,TERRA,2,0,2,0,0
2021-12-13,UNI,2,0,2,0,0
2021-12-13,XRP,1,0,1,0,0
2021-12-14,ADA,6,0,6,0,0
2021-12-14,AVAX,4,0,4,0,0
2021-12-14,BNB,1,0,1,0,0
2021-12-14,BTC,44,0,44,0,0
2021-12-14,DOGE,11,0,11,0,0
2021-12-14,DOT,2,0,2,0,0
2021-12-14,ETH,21,0,21,0,0
2021-12-14,LINK,3,0,3,0,0
2021-12-14,LTC,2,0,2,0,0
2021-12-14,MATIC,9,0,9,0,0
2021-12-14,SHIBA,2,0,2,0,0
2021-12-14,SOL,13,0,13,0,0
2021-12-14,TERRA,1,0,1,0,0
2021-12-14,UNI,3,0,3,0,0
2021-12-14,XRP,3,0,3,0,0
2021-12-15,ADA,1,0,1,0,0
2021-12-15,AVAX,6,0,6,0,0
2021-12-15,BNB,1,0,1,0,0
2021-12-15,BTC,54,0,54,0,0
2021-12-15,DOGE,2,0,2,0,0
2021-12-15,DOT,1,0,1,0,0
2021-12-15,ETH,25,0,25,0,0
2021-12-15,LINK,2,0,2,0,0
2021-12-15,MATIC,9,0,9,0,0
2021-12-15,SOL,16,0,16,0,0
2021-12-15,TERRA,3,0,3,0,0
2021-12-15,UNI,2,0,2,0,0
2021-12-16,AVAX,5,0,5,0,0
2021-12-16,BTC,48,0,48,0,0
2021-12-16,DOGE,2,0,2,0,0
2021-12-16,ETH,27,0,27,0,0
2021-12-16,LINK,3,0,3,0,0
2021-12-16,LTC,1,0,1,0,0
2021-12-16,MATIC,2,0,2,0,0
2021-12-16,SHIBA,1,0,1,0,0
2021-12-16,SOL,17,0,17,0,0
2021-12-16,TERRA,2,0,2,0,0
2021-12-17,ADA,1,0,1,0,0
2021-12-17,AVAX,9,0,9,0,0
2021-12-17,BNB,2,0,2,0,0
2021-12-17,BTC,34,0,34,0,0
2021-12-17,DOGE,6,0,6,0,0
2021-12-17,DOT,1,0,1,0,0
2021-12-17,ETH,21,0,21,0,0
2021-12-17,MATIC,7,0,7,0,0
2021-12-17,SHIBA,1,0,1,0,0
2021-12-17,SOL,15,0,15,0,0
2021-12-17,TERRA,2,0,2,0,0
2021-12-17,UNI,1,0,1,0,0
2021-12-17,XRP,1,0,1,0,0
2021-12-18,ADA,2,0,2,0,0
2021-12-18,AVAX,3,0,3,0,0
2021-12-18,BTC,13,0,13,0,0
2021-12-18,DOGE,3,0,3,0,0
2021-12-18,DOT,3,0,3,0,0
2021-12-18,ETH,15,0,15,0,0
2021-12-18,LINK,1,0,1,0,0
2021-12-18,LTC,1,0,1,0,0
2021-12-18,SOL,3,0,3,0,0
2021-12-18,TERRA,2,0,2,0,0
2021-12-18,XRP,2,0,2,0,0
2021-12-19,AVAX,1,0,1,0,0
2021-12-19,BNB,1,0,1,0,0
2021-12-19,BTC,10,0,10,0,0
2021-12-19,DOGE,2,0,2,0,0
2021-12-19,DOT,2,0,2,0,0
2021-12-19,ETH,6,0,6,0,0
2021-12-19,MATIC,2,0,2,0,0
2021-12-19,SHIBA,1,0,1,0,0
2021-12-19,SOL,2,0,2,0,0
2021-12-19,TERRA,1,0,1,0,0
2021-12-19,UNI,2,0,2,0,0
2021-12-20,ADA,2,0,2,0,0
2021-12-20,AVAX,3,0,3,0,0
2021-12-20,BNB,2,0,2,0,0
2021-12-20,BTC,32,0,32,0,0
2021-12-20,DOGE,2,0,2,0,0
2021-12-20,DOT,4,0,4,0,0
2021-12-20,ETH,14,0,14,0,0
2021-12-20,MATIC,1,0,1,0,0
2021-12-20,SHIBA,1,0,1,0,0
2021-12-20,SOL,10,0,10,0,0
2021-12-20,TERRA,5,0,5,0,0
2021-12-20,XRP,2,0,2,0,0
2021-12-21,AVAX,3,0,3,0,0
2021-12-21,BNB,1,0,1,0,0
2021-12-21,BTC,31,0,31,0,0
2021-12-21,DOGE,3,0,3,0,0
2021-12-21,DOT,3,0,3,0,0
2021-12-21,ETH,20,0,20,0,0
2021-12-21,LINK,2,0,2,0,0
2021-12-21,MATIC,3,0,3,0,0
2021-12-21,SHIBA,4,0,4,0,0
2021-12-21,SOL,10,0,10,0,0
2021-12-21,TERRA,4,0,4,0,0
2021-12-21,UNI,1,0,1,0,0
2021-12-21,XRP,1,0,1,0,0
2021-12-22,ADA,4,0,4,0,0
2021-12-22,AVAX,5,0,5,0,0
2021-12-22,BNB,2,0,2,0,0
2021-12-22,BTC,30,0,30,0,0
2021-12-22,DOGE,6,0,6,0,0
2021-12-22,DOT,4,0,4,0,0
2021-12-22,ETH,24,0,24,0,0
2021-12-22,LINK,2,0,2,0,0
2021-12-22,MATIC,10,0,10,0,0
2021-12-22,SHIBA,1,0,1,0,0
2021-12-22,SOL,11,0,11,0,0
2021-12-22,TERRA,7,0,7,0,0
2021-12-22,UNI,2,0,2,0,0
2021-12-22,XRP,2,0,2,0,0
2021-12-23,ADA,3,0,3,0,0
2021-12-23,AVAX,1,0,1,0,0
2021-12-23,BNB,1,0,1,0,0
2021-12-23,BTC,35,0,35,0,0
2021-12-23,DOGE,4,0,4,0,0
2021-12-23,DOT,3,0,3,0,0
2021-12-23,ETH,16,0,16,0,0
2021-12-23,LINK,2,0,2,0,0
2021-12-23,LTC,2,0,2,0,0
2021-12-23,MATIC,4,0,4,0,0
2021-12-23,SHIBA,1,0,1,0,0
2021-12-23,SOL,8,0,8,0,0
2021-12-23,TERRA,2,0,2,0,0
2021-12-23,UNI,1,0,1,0,0
2021-12-23,XRP,4,0,4,0,0
2021-12-24,ADA,2,0,2,0,0
2021-12-24,AVAX,4,0,4,0,0
2021-12-24,BNB,2,0,2,0,0
2021-12-24,BTC,20,0,20,0,0
2021-12-24,DOGE,5,0,5,0,0
2021-12-24,DOT,3,0,3,0,0
2021-12-24,ETH,11,0,11,0,0
2021-12-24,LTC,1,0,1,0,0
2021-12-24,MATIC,2,0,2,0,0
2021-12-24,SHIBA,2,0,2,0,0
2021-12-24,SOL,5,0,5,0,0
2021-12-24,TERRA,7,0,7,0,0
2021-12-24,UNI,2,0,2,0,0
2021-12-24,XRP,2,0,2,0,0
2021-12-25,BTC,5,0,5,0,0
2021-12-25,ETH,1,0,1,0,0
2021-12-25,SOL,1,0,1,0,0
2021-12-25,TERRA,1,0,1,0,0
2021-12-26,ADA,1,0,1,0,0
2021-12-26,AVAX,1,0,1,0,0
2021-12-26,BNB,1,0,1,0,0
2021-12-26,BTC,6,0,6,0,0
2021-12-26,DOGE,3,0,3,0,0
2021-12-26,ETH,5,0,5,0,0
2021-12-26,LINK,1,0,1,0,0
2021-12-26,LTC,1,0,1,0,0
2021-12-26,MATIC,2,0,2,0,0
2021-12-26,SHIBA,1,0,1,0,0
2021-12-26,SOL,2,0,2,0,0
2021-12-26,TERRA,2,0,2,0,0
2021-12-26,XRP,1,0,1,0,0
2021-12-27,ADA,6,0,6,0,0
2021-12-27,AVAX,2,0,2,0,0
2021-12-27,BNB,2,0,2,0,0
2021-12-27,BTC,25,0,25,0,0
2021-12-27,DOGE,6,0,6,0,0
2021-12-27,DOT,3,0,3,0,0
2021-12-27,ETH,9,0,9,0,0
2021-12-27,MATIC,4,0,4,0,0
2021-12-27,SOL,5,0,5,0,0
2021-12-27,TERRA,4,0,4,0,0
2021-12-27,UNI,1,0,1,0,0
2021-12-27,XRP,1,0,1,0,0
2021-12-28,ADA,2,0,2,0,0
2021-12-28,AVAX,1,0,1,0,0
2021-12-28,BNB,1,0,1,0,0
2021-12-28,BTC,23,0,23,0,0
2021-12-28,DOT,1,0,1,0,0
2021-12-28,ETH,19,0,19,0,0
2021-12-28,LINK,2,0,2,0,0
2021-12-28,LTC,1,0,1,0,0
2021-12-28,MATIC,5,0,5,0,0
2021-12-28,SOL,9,0,9,0,0
2021-12-28,TERRA,3,0,3,0,0
2021-12-28,UNI,3,0,3,0,0
2021-12-29,ADA,2,0,2,0,0
2021-12-29,AVAX,2,0,2,0,0
2021-12-29,BNB,3,0,3,0,0
2021-12-29,BTC,32,0,32,0,0
2021-12-29,DOGE,3,0,3,0,0
2021-12-29,DOT,1,0,1,0,0
2021-12-29,ETH,20,0,20,0,0
2021-12-29,LINK,2,0,2,0,0
2021-12-29,LTC,1,0,1,0,0
2021-12-29,MATIC,6,0,6,0,0
2021-12-29,SOL,10,0,10,0,0
2021-12-29,TERRA,3,0,3,0,0
2021-12-29,UNI,2,0,2,0,0
2021-12-29,XRP,1,0,1,0,0
2021-12-30,ADA,6,0,6,0,0
2021-12-30,AVAX,4,0,4,0,0
2021-12-30,BTC,36,0,36,0,0
2021-12-30,DOGE,3,0,3,0,0
2021-12-30,DOT,2,0,2,0,0
2021-12-30,ETH,17,0,17,0,0
2021-12-30,LINK,2,0,2,0,0
2021-12-30,LTC,1,0,1,0,0
2021-12-30,MATIC,3,0,3,0,0
2021-12-30,SHIBA,3,0,3,0,0
2021-12-30,SOL,9,0,9,0,0
2021-12-30,TERRA,4,0,4,0,0
2021-12-30,UNI,1,0,1,0,0
2021-12-30,XRP,2,0,2,0,0
2021-12-31,ADA,3,0,3,0,0
2021-12-31,AVAX,2,0,2,0,0
2021-12-31,BNB,4,0,4,0,0
2021-12-31,BTC,21,0,21,0,0
2021-12-31,DOGE,4,0,4,0,0
2021-12-31,DOT,1,0,1,0,0
2021-12-31,ETH,15,0,15,0,0
2021-12-31,MATIC,3,0,3,0,0
2021-12-31,SHIBA,2,0,2,0,0
2021-12-31,SOL,7,0,7,0,0
2021-12-31,TERRA,4,0,4,0,0
2021-12-31,UNI,3,0,3,0,0
2021-12-31,XRP,1,0,1,0,0
2022-01-01,ADA,1,0,1,0,0
2022-01-01,BTC,8,0,8,0,0
2022-01-01,ETH,2,0,2,0,0
2022-01-01,LTC,1,0,1,0,0
2022-01-01,XRP,1,0,1,0,0
2022-01-02,AVAX,1,0,1,0,0
2022-01-02,BTC,5,0,5,0,0
2022-01-02,ETH,2,0,2,0,0
2022-01-02,MATIC,1,0,1,0,0
2022-01-02,SOL,1,0,1,0,0
2022-01-02,TERRA,2,0,2,0,0
2022-01-03,ADA,4,0,4,0,0
2022-01-03,AVAX,5,0,5,0,0
2022-01-03,BNB,1,0,1,0,0
2022-01-03,BTC,31,0,31,0,0
2022-01-03,DOGE,2,0,2,0,0
2022-01-03,DOT,3,0,3,0,0
2022-01-03,ETH,20,0,20,0,0
2022-01-03,LINK,3,0,3,0,0
2022-01-03,LTC,1,0,1,0,0
2022-01-03,MATIC,6,0,6,0,0
2022-01-03,SHIBA,1,0,1,0,0
2022-01-03,SOL,9,0,9,0,0
2022-01-03,TERRA,1,0,1,0,0
2022-01-03,XRP,2,0,2,0,0
2022-01-04,AVAX,3,0,3,0,0
2022-01-04,BTC,37,0,37,0,0
2022-01-04,DOT,3,0,3,0,0
2022-01-04,ETH,16,0,16,0,0
2022-01-04,LINK,2,0,2,0,0
2022-01-04,MATIC,2,0,2,0,0
2022-01-04,SOL,12,0,12,0,0
2022-01-04,TERRA,2,0,2,0,0
2022-01-04,UNI,3,0,3,0,0
2022-01-05,ADA,1,0,1,0,0
2022-01-05,AVAX,8,0,8,0,0
2022-01-05,BNB,3,0,3,0,0
2022-01-05,BTC,51,0,51,0,0
2022-01-05,DOGE,2,0,2,0,0
2022-01-05,DOT,2,0,2,0,0
2022-01-05,ETH,25,0,25,0,0
2022-01-05,LINK,3,0,3,0,0
2022-01-05,MATIC,5,0,5,0,0
2022-01-05,SOL,15,0,15,0,0
2022-01-05,TERRA,6,0,6,0,0
2022-01-05,XRP,4,0,4,0,0
2022-01-06,ADA,3,0,3,0,0
2022-01-06,AVAX,6,0,6,0,0
2022-01-06,BNB,2,0,2,0,0
2022-01-06,BTC,48,0,48,0,0
2022-01-06,DOGE,3,0,3,0,0
2022-01-06,DOT,5,0,5,0,0
2022-01-06,ETH,28,0,28,0,0
2022-01-06,LINK,3,0,3,0,0
2022-01-06,LTC,4,0,4,0,0
2022-01-06,MATIC,13,0,13,0,0
2022-01-06,SHIBA,1,0,1,0,0
2022-01-06,SOL,15,0,15,0,0
2022-01-06,TERRA,3,0,3,0,0
2022-01-06,UNI,4,0,4,0,0
2022-01-06,XRP,1,0,1,0,0
2022-01-07,ADA,4,0,4,0,0
2022-01-07,AVAX,6,0,6,0,0
2022-01-07,BNB,2,0,2,0,0
2022-01-07,BTC,40,0,40,0,0
2022-01-07,DOGE,4,0,4,0,0
2022-01-07,DOT,2,0,2,0,0
2022-01-07,ETH,29,0,29,0,0
2022-01-07,LINK,5,0,5,0,0
2022-01-07,MATIC,5,0,5,0,0
2022-01-07,SHIBA,2,0,2,0,0
2022-01-07,SOL,17,0,17,0,0
2022-01-07,TERRA,9,0,9,0,0
2022-01-07,UNI,1,0,1,0,0
2022-01-07,XRP,5,0,5,0,0
2022-01-08,AVAX,2,0,2,0,0
2022-01-08,BTC,10,0,10,0,0
2022-01-08,DOGE,1,0,1,0,0
2022-01-08,ETH,6,0,6,0,0
2022-01-08,LTC,1,0,1,0,0
2022-01-08,MATIC,1,0,1,0,0
2022-01-08,SOL,1,0,1,0,0
2022-01-08,TERRA,1,0,1,0,0
2022-01-09,ADA,1,0,1,0,0
2022-01-09,BTC,9,0,9,0,0
2022-01-09,ETH,6,0,6,0,0
2022-01-09,LINK,2,0,2,0,0
2022-01-09,MATIC,4,0,4,0,0
2022-01-09,SOL,6,0,6,0,0
2022-01-09,TERRA,1,0,1,0,0
2022-01-10,ADA,4,0,4,0,0
2022-01-10,AVAX,4,0,4,0,0
2022-01-10,BNB,4,0,4,0,0
2022-01-10,BTC,39,0,39,0,0
2022-01-10,DOGE,5,0,5,0,0
2022-01-10,DOT,2,0,2,0,0
2022-01-10,ETH,17,0,17,0,0
2022-01-10,LINK,3,0,3,0,0
2022-01-10,MATIC,3,0,3,0,0
2022-01-10,SOL,6,0,6,0,0
2022-01-10,TERRA,3,0,3,0,0
2022-01-10,UNI,1,0,1,0,0
2022-01-10,XRP,4,0,4,0,0
2022-01-11,ADA,1,0,1,0,0
2022-01-11,AVAX,3,0,3,0,0
2022-01-11,BTC,46,0,46,0,0
2022-01-11,DOGE,2,0,2,0,0
2022-01-11,DOT,1,0,1,0,0
2022-01-11,ETH,30,0,30,0,0
2022-01-11,LINK,6,0,6,0,0
2022-01-11,MATIC,10,0,10,0,0
2022-01-11,SOL,12,0,12,0,0
2022-01-11,TERRA,2,0,2,0,0
2022-01-11,UNI,5,0,5,0,0
2022-01-12,ADA,3,0,3,0,0
2022-01-12,AVAX,5,0,5,0,0
2022-01-12,BNB,1,0,1,0,0
2022-01-12,BTC,65,0,65,0,0
2022-01-12,DOGE,3,0,3,0,0
2022-01-12,DOT,4,0,4,0,0
2022-01-12,ETH,26,0,26,0,0
2022-01-12,LINK,1,0,1,0,0
2022-01-12,MATIC,3,0,3,0,0
2022-01-12,SHIBA,1,0,1,0,0
2022-01-12,SOL,13,0,13,0,0
2022-01-12,TERRA,5,0,5,0,0
2022-01-12,XRP,2,0,2,0,0
2022-01-13,ADA,3,0,3,0,0
2022-01-13,AVAX,5,0,5,0,0
2022-01-13,BNB,1,0,1,0,0
2022-01-13,BTC,55,0,55,0,0
2022-01-13,DOGE,4,0,4,0,0
2022-01-13,DOT,2,0,2,0,0
2022-01-13,ETH,28,0,28,0,0
2022-01-13,LINK,1,0,1,0,0
2022-01-13,LTC,1,0,1,0,0
2022-01-13,MATIC,7,0,7,0,0
2022-01-13,SHIBA,3,0,3,0,0
2022-01-13,SOL,17,0,17,0,0
2022-01-13,TERRA,7,0,7,0,0
2022-01-13,UNI,1,0,1,0,0
2022-01-13,XRP,2,0,2,0,0
2022-01-14,ADA,2,0,2,0,0
2022-01-14,AVAX,2,0,2,0,0
2022-01-14,BNB,1,0,1,0,0
2022-01-14,BTC,46,0,46,0,0
2022-01-14,DOGE,10,0,10,0,0
2022-01-14,DOT,3,0,3,0,0
2022-01-14,ETH,20,0,20,0,0
2022-01-14,LTC,1,0,1,0,0
2022-01-14,MATIC,3,0,3,0,0
2022-01-14,SHIBA,3,0,3,0,0
2022-01-14,SOL,12,0,12,0,0
2022-01-14,TERRA,3,0,3,0,0
2022-01-14,UNI,3,0,3,0,0
2022-01-14,XRP,4,0,4,0,0
2022-01-15,BNB,1,0,1,0,0
2022-01-15,BTC,5,0,5,0,0
2022-01-15,DOGE,1,0,1,0,0
2022-01-15,ETH,4,0,4,0,0
2022-01-15,MATIC,1,0,1,0,0
2022-01-15,SOL,1,0,1,0,0
2022-01-15,TERRA,2,0,2,0,0
2022-01-16,ADA,1,0,1,0,0
2022-01-16,BNB,1,0,1,0,0
2022-01-16,BTC,7,0,7,0,0
2022-01-16,DOGE,2,0,2,0,0
2022-01-16,ETH,5,0,5,0,0
2022-01-16,MATIC,2,0,2,0,0
2022-01-16,SOL,2,0,2,0,0
2022-01-16,UNI,1,0,1,0,0
2022-01-17,ADA,7,0,7,0,0
2022-01-17,AVAX,1,0,1,0,0
2022-01-17,BNB,1,0,1,0,0
2022-01-17,BTC,31,0,31,0,0
2022-01-17,DOGE,4,0,4,0,0
2022-01-17,DOT,2,0,2,0,0
2022-01-17,ETH,15,0,15,0,0
2022-01-17,LINK,1,0,1,0,0
2022-01-17,LTC,3,0,3,0,0
2022-01-17,MATIC,1,0,1,0,0
2022-01-17,SOL,7,0,7,0,0
2022-01-17,TERRA,2,0,2,0,0
2022-01-17,UNI,2,0,2,0,0
2022-01-17,XRP,1,0,1,0,0
2022-01-18,ADA,6,0,6,0,0
2022-01-18,AVAX,3,0,3,0,0
2022-01-18,BTC,47,0,47,0,0
2022-01-18,DOGE,4,0,4,0,0
2022-01-18,DOT,3,0,3,0,0
2022-01-18,ETH,27,0,27,0,0
2022-01-18,LINK,5,0,5,0,0
2022-01-18,LTC,4,0,4,0,0
2022-01-18,MATIC,7,0,7,0,0
2022-01-18,SOL,14,0,14,0,0
2022-01-18,UNI,3,0,3,0,0
2022-01-19,ADA,7,0,7,0,0
2022-01-19,AVAX,4,0,4,0,0
2022-01-19,BNB,5,0,5,0,0
2022-01-19,BTC,61,0,61,0,0
2022-01-19,DOGE,3,0,3,0,0
2022-01-19,DOT,2,0,2,0,0
2022-01-19,ETH,23,0,23,0,0
2022-01-19,LINK,4,0,4,0,0
2022-01-19,LTC,3,0,3,0,0
2022-01-19,MATIC,7,0,7,0,0
2022-01-19,SOL,16,0,16,0,0
2022-01-19,TERRA,8,0,8,0,0
2022-01-19,UNI,1,0,1,0,0
2022-01-19,XRP,1,0,1,0,0
2022-01-20,ADA,1,0,1,0,0
2022-01-20,AVAX,4,0,4,0,0
2022-01-20,BTC,58,0,58,0,0
2022-01-20,DOGE,3,0,3,0,0
2022-01-20,DOT,2,0,2,0,0
2022-01-20,ETH,31,0,31,0,0
2022-01-20,LINK,1,0,1,0,0
2022-01-20,LTC,2,0,2,0,0
2022-01-20,MATIC,7,0,7,0,0
2022-01-20,SHIBA,1,0,1,0,0
2022-01-20,SOL,19,0,19,0,0
2022-01-20,TERRA,7,0,7,0,0
2022-01-20,UNI,1,0,1,0,0
2022-01-20,XRP,1,0,1,0,0
2022-01-21,ADA,7,0,7,0,0
2022-01-21,AVAX,8,0,8,0,0
2022-01-21,BNB,4,0,4,0,0
2022-01-21,BTC,55,0,55,0,0
2022-01-21,DOGE,6,0,6,0,0
2022-01-21,DOT,1,0,1,0,0
2022-01-21,ETH,17,0,17,0,0
2022-01-21,LINK,1,0,1,0,0
2022-01-21,LTC,1,0,1,0,0
2022-01-21,MATIC,6,0,6,0,0
2022-01-21,SHIBA,2,0,2,0,0
2022-01-21,SOL,11,0,11,0,0
2022-01-21,TERRA,7,0,7,0,0
2022-01-21,UNI,2,0,2,0,0
2022-01-21,XRP,2,0,2,0,0
2022-01-22,AVAX,3,0,3,0,0
2022-01-22,BTC,9,0,9,0,0
2022-01-22,DOGE,1,0,1,0,0
2022-01-22,DOT,1,0,1,0,0
2022-01-22,ETH,6,0,6,0,0
2022-01-22,LINK,1,0,1,0,0
2022-01-22,MATIC,1,0,1,0,0
2022-01-22,SOL,2,0,2,0,0
2022-01-22,TERRA,2,0,2,0,0
2022-01-22,UNI,2,0,2,0,0
2022-01-23,AVAX,2,0,2,0,0
2022-01-23,BTC,12,0,12,0,0
2022-01-23,DOGE,4,0,4,0,0
2022-01-23,ETH,6,0,6,0,0
2022-01-23,LTC,1,0,1,0,0
2022-01-23,SHIBA,1,0,1,0,0
2022-01-23,SOL,1,0,1,0,0
2022-01-23,TERRA,2,0,2,0,0
2022-01-23,XRP,2,0,2,0,0
2022-01-24,ADA,5,0,5,0,0
2022-01-24,AVAX,2,0,2,0,0
2022-01-24,BNB,3,0,3,0,0
2022-01-24,BTC,49,0,49,0,0
2022-01-24,DOGE,3,0,3,0,0
2022-01-24,DOT,7,0,7,0,0
2022-01-24,ETH,19,0,19,0,0
2022-01-24,LTC,3,0,3,0,0
2022-01-24,MATIC,5,0,5,0,0
2022-01-24,SOL,18,0,18,0,0
2022-01-24,TERRA,3,0,3,0,0
2022-01-24,UNI,3,0,3,0,0
2022-01-24,XRP,1,0,1,0,0
2022-01-25,ADA,5,0,5,0,0
2022-01-25,BNB,1,0,1,0,0
2022-01-25,BTC,54,0,54,0,0
2022-01-25,DOGE,3,0,3,0,0
2022-01-25,DOT,2,0,2,0,0
2022-01-25,ETH,21,0,21,0,0
2022-01-25,LTC,2,0,2,0,0
2022-01-25,MATIC,8,0,8,0,0
2022-01-25,SOL,7,0,7,0,0
2022-01-25,TERRA,1,0,1,0,0
2022-01-25,XRP,1,0,1,0,0
2022-01-26,ADA,3,0,3,0,0
2022-01-26,AVAX,4,0,4,0,0
2022-01-26,BNB,1,0,1,0,0
2022-01-26,BTC,50,0,50,0,0
2022-01-26,DOGE,7,0,7,0,0
2022-01-26,DOT,3,0,3,0,0
2022-01-26,ETH,23,0,23,0,0
2022-01-26,LTC,1,0,1,0,0
2022-01-26,MATIC,8,0,8,0,0
2022-01-26,SOL,15,0,15,0,0
2022-01-26,TERRA,3,0,3,0,0
2022-01-26,UNI,2,0,2,0,0
2022-01-26,VECHAIN,1,0,1,0,0
2022-01-26,XRP,4,0,4,0,0
2022-01-27,ADA,2,0,2,0,0
2022-01-27,AVAX,5,0,5,0,0
2022-01-27,BTC,42,0,42,0,0
2022-01-27,DOGE,1,0,1,0,0
2022-01-27,ETH,26,0,26,0,0
2022-01-27,LINK,3,0,3,0,0
2022-01-27,MATIC,6,0,6,0,0
2022-01-27,SHIBA,1,0,1,0,0
2022-01-27,SOL,12,0,12,0,0
2022-01-27,TERRA,4,0,4,0,0
2022-01-27,XRP,1,0,1,0,0
2022-01-28,ADA,3,0,3,0,0
2022-01-28,AVAX,4,0,4,0,0
2022-01-28,BNB,2,0,2,0,0
2022-01-28,BTC,53,0,53,0,0
2022-01-28,DOGE,1,0,1,0,0
2022-01-28,DOT,3,0,3,0,0
2022-01-28,ETH,24,0,24,0,0
2022-01-28,LINK,3,0,3,0,0
2022-01-28,MATIC,3,0,3,0,0
2022-01-28,SHIBA,1,0,1,0,0
2022-01-28,SOL,7,0,7,0,0
2022-01-28,TERRA,8,0,8,0,0
2022-01-28,UNI,2,0,2,0,0
2022-01-28,XRP,1,0,1,0,0
2022-01-29,AVAX,1,0,1,0,0
2022-01-29,BTC,8,0,8,0,0
2022-01-29,DOGE,1,0,1,0,0
2022-01-29,ETH,5,0,5,0,0
2022-01-29,LTC,1,0,1,0,0
2022-01-29,MATIC,1,0,1,0,0
2022-01-29,SOL,2,0,2,0,0
2022-01-29,TERRA,1,0,1,0,0
2022-01-30,ADA,1,0,1,0,0
2022-01-30,AVAX,1,0,1,0,0
2022-01-30,BTC,9,0,9,0,0
2022-01-30,DOGE,2,0,2,0,0
2022-01-30,DOT,1,0,1,0,0
2022-01-30,ETH,6,0,6,0,0
2022-01-30,LINK,2,0,2,0,0
2022-01-30,MATIC,3,0,3,0,0
2022-01-30,SOL,1,0,1,0,0
2022-01-31,ADA,4,0,4,0,0
2022-01-31,AVAX,8,0,8,0,0
2022-01-31,BNB,1,0,1,0,0
2022-01-31,BTC,43,0,43,0,0
2022-01-31,DOGE,1,0,1,0,0
2022-01-31,DOT,4,0,4,0,0
2022-01-31,ETH,26,0,26,0,0
2022-01-31,LINK,3,0,3,0,0
2022-01-31,LTC,1,0,1,0,0
2022-01-31,MATIC,5,0,5,0,0
2022-01-31,SOL,20,0,20,0,0
2022-01-31,TERRA,8,0,8,0,0
2022-01-31,UNI,1,0,1,0,0
2022-01-31,XRP,3,0,3,0,0
2022-02-01,ADA,1,0,1,0,0
2022-02-01,AVAX,2,0,2,0,0
2022-02-01,BNB,2,0,2,0,0
2022-02-01,BTC,54,0,54,0,0
2022-02-01,DOGE,1,0,1,0,0
2022-02-01,DOT,2,0,2,0,0
2022-02-01,ETH,27,0,27,0,0
2022-02-01,LINK,2,0,2,0,0
2022-02-01,LTC,1,0,1,0,0
2022-02-01,MATIC,6,0,6,0,0
2022-02-01,SHIBA,1,0,1,0,0
2022-02-01,SOL,18,0,18,0,0
2022-02-01,TERRA,2,0,2,0,0
2022-02-01,UNI,2,0,2,0,0
2022-02-02,ADA,3,0,3,0,0
2022-02-02,AVAX,6,0,6,0,0
2022-02-02,BNB,2,0,2,0,0
2022-02-02,BTC,53,0,53,0,0
2022-02-02,DOGE,3,0,3,0,0
2022-02-02,DOT,2,0,2,0,0
2022-02-02,ETH,25,0,25,0,0
2022-02-02,LINK,2,0,2,0,0
2022-02-02,LTC,2,0,2,0,0
2022-02-02,MATIC,9,0,9,0,0
2022-02-02,SOL,18,0,18,0,0
2022-02-02,TERRA,4,0,4,0,0
2022-02-02,UNI,3,0,3,0,0
2022-02-02,XRP,2,0,2,0,0
2022-02-03,ADA,2,0,2,0,0
2022-02-03,AVAX,7,0,7,0,0
2022-02-03,BTC,49,0,49,0,0
2022-02-03,DOGE,2,0,2,0,0
2022-02-03,DOT,4,0,4,0,0
2022-02-03,ETH,30,0,30,0,0
2022-02-03,LINK,2,0,2,0,0
2022-02-03,LTC,2,0,2,0,0
2022-02-03,MATIC,3,0,3,0,0
2022-02-03,SOL,21,0,21,0,0
2022-02-03,TERRA,4,0,4,0,0
2022-02-03,XRP,1,0,1,0,0
2022-02-04,ADA,2,0,2,0,0
2022-02-04,AVAX,8,0,8,0,0
2022-02-04,BNB,1,0,1,0,0
2022-02-04,BTC,45,0,45,0,0
2022-02-04,DOGE,3,0,3,0,0
2022-02-04,DOT,2,0,2,0,0
2022-02-04,ETH,15,0,15,0,0
2022-02-04,LINK,1,0,1,0,0
2022-02-04,MATIC,6,0,6,0,0
2022-02-04,SHIBA,2,0,2,0,0
2022-02-04,SOL,17,0,17,0,0
2022-02-04,TERRA,4,0,4,0,0
2022-02-04,UNI,1,0,1,0,0
2022-02-04,XRP,1,0,1,0,0
2022-02-05,AVAX,1,0,1,0,0
2022-02-05,BTC,8,0,8,0,0
2022-02-05,ETH,7,0,7,0,0
2022-02-05,LTC,1,0,1,0,0
2022-02-05,SOL,3,0,3,0,0
2022-02-05,TERRA,2,0,2,0,0
2022-02-05,UNI,2,0,2,0,0
2022-02-06,BTC,7,0,7,0,0
2022-02-06,ETH,4,0,4,0,0
2022-02-06,SOL,1,0,1,0,0
2022-02-07,ADA,5,0,5,0,0
2022-02-07,AVAX,4,0,4,0,0
2022-02-07,BNB,3,0,3,0,0
2022-02-07,BTC,45,0,45,0,0
2022-02-07,DOGE,3,0,3,0,0
2022-02-07,DOT,2,0,2,0,0
2022-02-07,ETH,30,0,30,0,0
2022-02-07,LINK,3,0,3,0,0
2022-02-07,MATIC,11,0,11,0,0
2022-02-07,SHIBA,4,0,4,0,0
2022-02-07,SOL,10,0,10,0,0
2022-02-07,TERRA,6,0,6,0,0
2022-02-07,XRP,3,0,3,0,0
2022-02-08,ADA,5,0,5,0,0
2022-02-08,AVAX,3,0,3,0,0
2022-02-08,BNB,2,0,2,0,0
2022-02-08,BTC,51,0,51,0,0
2022-02-08,DOGE,4,0,4,0,0
2022-02-08,DOT,3,0,3,0,0
2022-02-08,ETH,25,0,25,0,0
2022-02-08,LINK,3,0,3,0,0
2022-02-08,LTC,2,0,2,0,0
2022-02-08,MATIC,6,0,6,0,0
2022-02-08,SHIBA,1,0,1,0,0
2022-02-08,SOL,17,0,17,0,0
2022-02-08,TERRA,4,0,4,0,0
2022-02-08,UNI,1,0,1,0,0
2022-02-08,XRP,4,0,4,0,0
2022-02-09,ADA,1,0,1,0,0
2022-02-09,AVAX,3,0,3,0,0
2022-02-09,BNB,1,0,1,0,0
2022-02-09,BTC,60,0,60,0,0
2022-02-09,DOGE,2,0,2,0,0
2022-02-09,DOT,1,0,1,0,0
2022-02-09,ETH,21,0,21,0,0
2022-02-09,LTC,2,0,2,0,0
2022-02-09,MATIC,3,0,3,0,0
2022-02-09,SHIBA,2,0,2,0,0
2022-02-09,SOL,11,0,11,0,0
2022-02-09,TERRA,6,0,6,0,0
2022-02-09,XRP,2,0,2,0,0
2022-02-10,ADA,1,0,1,0,0
2022-02-10,AVAX,1,0,1,0,0
2022-02-10,BNB,1,0,1,0,0
2022-02-10,BTC,44,0,44,0,0
2022-02-10,DOGE,3,0,3,0,0
2022-02-10,DOT,1,0,1,0,0
2022-02-10,ETH,19,0,19,0,0
2022-02-10,LTC,1,0,1,0,0
2022-02-10,MATIC,5,0,5,0,0
2022-02-10,SHIBA,3,0,3,0,0
2022-02-10,SOL,7,0,7,0,0
2022-02-10,TERRA,2,0,2,0,0
2022-02-10,UNI,1,0,1,0,0
2022-02-10,XRP,2,0,2,0,0
2022-02-11,ADA,1,0,1,0,0
2022-02-11,AVAX,3,0,3,0,0
2022-02-11,BNB,2,0,2,0,0
2022-02-11,BTC,47,0,47,0,0
2022-02-11,DOGE,2,0,2,0,0
2022-02-11,DOT,5,0,5,0,0
2022-02-11,ETH,21,0,21,0,0
2022-02-11,LTC,1,0,1,0,0
2022-02-11,MATIC,11,0,11,0,0
2022-02-11,SHIBA,1,0,1,0,0
2022-02-11,SOL,17,0,17,0,0
2022-02-11,TERRA,2,0,2,0,0
2022-02-11,UNI,3,0,3,0,0
2022-02-11,XRP,3,0,3,0,0
2022-02-12,AVAX,2,0,2,0,0
2022-02-12,BNB,1,0,1,0,0
2022-02-12,BTC,21,0,21,0,0
2022-02-12,DOGE,2,0,2,0,0
2022-02-12,DOT,1,0,1,0,0
2022-02-12,ETH,9,0,9,0,0
2022-02-12,MATIC,1,0,1,0,0
2022-02-12,SOL,4,0,4,0,0
2022-02-12,UNI,2,0,2,0,0
2022-02-12,XRP,1,0,1,0,0
2022-02-13,ADA,2,0,2,0,0
2022-02-13,AVAX,2,0,2,0,0
2022-02-13,BTC,12,0,12,0,0
2022-02-13,DOGE,1,0,1,0,0
2022-02-13,DOT,1,0,1,0,0
2022-02-13,ETH,6,0,6,0,0
2022-02-13,MATIC,1,0,1,0,0
2022-02-13,SOL,3,0,3,0,0
2022-02-13,TERRA,1,0,1,0,0
2022-02-13,UNI,1,0,1,0,0
2022-02-13,XRP,3,0,3,0,0
2022-02-14,ADA,3,0,3,0,0
2022-02-14,AVAX,4,0,4,0,0
2022-02-14,BNB,1,0,1,0,0
2022-02-14,BTC,39,0,39,0,0
2022-02-14,DOGE,4,0,4,0,0
2022-02-14,DOT,2,0,2,0,0
2022-02-14,ETH,8,0,8,0,0
2022-02-14,LINK,2,0,2,0,0
2022-02-14,MATIC,6,0,6,0,0
2022-02-14,SHIBA,2,0,2,0,0
2022-02-14,SOL,13,0,13,0,0
2022-02-14,TERRA,3,0,3,0,0
2022-02-14,UNI,1,0,1,0,0
2022-02-14,XRP,5,0,5,0,0
2022-02-15,AVAX,6,0,6,0,0
2022-02-15,BNB,4,0,4,0,0
2022-02-15,BTC,38,0,38,0,0
2022-02-15,DOGE,2,0,2,0,0
2022-02-15,DOT,2,0,2,0,0
2022-02-15,ETH,16,0,16,0,0
2022-02-15,LINK,3,0,3,0,0
2022-02-15,MATIC,5,0,5,0,0
2022-02-15,SHIBA,1,0,1,0,0
2022-02-15,SOL,5,0,5,0,0
2022-02-15,TERRA,3,0,3,0,0
2022-02-15,XRP,1,0,1,0,0
2022-02-16,ADA,6,0,6,0,0
2022-02-16,AVAX,6,0,6,0,0
2022-02-16,BNB,1,0,1,0,0
2022-02-16,BTC,51,0,51,0,0
2022-02-16,DOGE,1,0,1,0,0
2022-02-16,DOT,1,0,1,0,0
2022-02-16,ETH,23,0,23,0,0
2022-02-16,LINK,1,0,1,0,0
2022-02-16,LTC,6,0,6,0,0
2022-02-16,MATIC,6,0,6,0,0
2022-02-16,SOL,11,0,11,0,0
2022-02-16,TERRA,5,0,5,0,0
2022-02-16,XRP,3,0,3,0,0
2022-02-17,ADA,1,0,1,0,0
2022-02-17,AVAX,4,0,4,0,0
2022-02-17,BNB,1,0,1,0,0
2022-02-17,BTC,50,0,50,0,0
2022-02-17,DOGE,2,0,2,0,0
2022-02-17,DOT,1,0,1,0,0
2022-02-17,ETH,20,0,20,0,0
2022-02-17,LINK,5,0,5,0,0
2022-02-17,MATIC,13,0,13,0,0
2022-02-17,SHIBA,1,0,1,0,0
2022-02-17,SOL,11,0,11,0,0
2022-02-17,TERRA,1,0,1,0,0
2022-02-17,UNI,4,0,4,0,0
2022-02-17,XRP,1,0,1,0,0
2022-02-18,ADA,2,0,2,0,0
2022-02-18,AVAX,5,0,5,0,0
2022-02-18,BTC,43,0,43,0,0
2022-02-18,DOGE,1,0,1,0,0
2022-02-18,DOT,5,0,5,0,0
2022-02-18,ETH,17,0,17,0,0
2022-02-18,MATIC,2,0,2,0,0
2022-02-18,SOL,13,0,13,0,0
2022-02-18,TERRA,8,0,8,0,0
2022-02-18,UNI,2,0,2,0,0
2022-02-18,XRP,2,0,2,0,0
2022-02-19,AVAX,2,0,2,0,0
2022-02-19,BTC,5,0,5,0,0
2022-02-19,ETH,8,0,8,0,0
2022-02-19,LTC,1,0,1,0,0
2022-02-19,MATIC,1,0,1,0,0
2022-02-20,ADA,1,0,1,0,0
2022-02-20,BTC,11,0,11,0,0
2022-02-20,DOGE,1,0,1,0,0
2022-02-20,DOT,1,0,1,0,0
2022-02-20,ETH,7,0,7,0,0
2022-02-20,LINK,1,0,1,0,0
2022-02-20,LTC,1,0,1,0,0
2022-02-20,MATIC,1,0,1,0,0
2022-02-20,SOL,1,0,1,0,0
2022-02-21,ADA,3,0,3,0,0
2022-02-21,AVAX,2,0,2,0,0
2022-02-21,BNB,1,0,1,0,0
2022-02-21,BTC,34,0,34,0,0
2022-02-21,DOGE,2,0,2,0,0
2022-02-21,DOT,2,0,2,0,0
2022-02-21,ETH,14,0,14,0,0
2022-02-21,LINK,1,0,1,0,0
2022-02-21,LTC,2,0,2,0,0
2022-02-21,MATIC,2,0,2,0,0
2022-02-21,SOL,10,0,10,0,0
2022-02-21,TERRA,4,0,4,0,0
2022-02-21,XRP,1,0,1,0,0
2022-02-22,ADA,3,0,3,0,0
2022-02-22,AVAX,1,0,1,0,0
2022-02-22,BTC,49,0,49,0,0
2022-02-22,DOGE,1,0,1,0,0
2022-02-22,DOT,1,0,1,0,0
2022-02-22,ETH,20,0,20,0,0
2022-02-22,MATIC,6,0,6,0,0
2022-02-22,SHIBA,1,0,1,0,0
2022-02-22,SOL,8,0,8,0,0
2022-02-22,TERRA,4,0,4,0,0
2022-02-22,XRP,1,0,1,0,0
2022-02-23,ADA,7,0,7,0,0
2022-02-23,AVAX,14,0,14,0,0
2022-02-23,BNB,1,0,1,0,0
2022-02-23,BTC,51,0,51,0,0
2022-02-23,DOGE,1,0,1,0,0
2022-02-23,DOT,4,0,4,0,0
2022-02-23,ETH,30,0,30,0,0
2022-02-23,LINK,2,0,2,0,0
2022-02-23,MATIC,5,0,5,0,0
2022-02-23,SHIBA,2,0,2,0,0
2022-02-23,SOL,23,0,23,0,0
2022-02-23,TERRA,10,0,10,0,0
2022-02-23,UNI,3,0,3,0,0
2022-02-23,XRP,5,0,5,0,0
2022-02-24,ADA,10,0,10,0,0
2022-02-24,AVAX,1,0,1,0,0
2022-02-24,BNB,1,0,1,0,0
2022-02-24,BTC,69,0,69,0,0
2022-02-24,DOGE,3,0,3,0,0
2022-02-24,DOT,1,0,1,0,0
2022-02-24,ETH,33,0,33,0,0
2022-02-24,LINK,2,0,2,0,0
2022-02-24,MATIC,6,0,6,0,0
2022-02-24,SOL,17,0,17,0,0
2022-02-24,TERRA,2,0,2,0,0
2022-02-24,UNI,1,0,1,0,0
2022-02-25,ADA,3,0,3,0,0
2022-02-25,AVAX,4,0,4,0,0
2022-02-25,BTC,51,0,51,0,0
2022-02-25,DOGE,3,0,3,0,0
2022-02-25,DOT,2,0,2,0,0
2022-02-25,ETH,17,0,17,0,0
2022-02-25,LINK,1,0,1,0,0
2022-02-25,LTC,1,0,1,0,0
2022-02-25,MATIC,5,0,5,0,0
2022-02-25,SHIBA,1,0,1,0,0
2022-02-25,SOL,9,0,9,0,0
2022-02-25,TERRA,11,0,11,0,0
2022-02-25,UNI,1,0,1,0,0
2022-02-25,XRP,1,0,1,0,0
2022-02-26,ADA,1,0,1,0,0
2022-02-26,BTC,13,0,13,0,0
2022-02-26,DOGE,1,0,1,0,0
2022-02-26,ETH,8,0,8,0,0
2022-02-26,MATIC,1,0,1,0,0
2022-02-26,SOL,4,0,4,0,0
2022-02-26,TERRA,3,0,3,0,0
2022-02-26,XRP,1,0,1,0,0
2022-02-27,ADA,1,0,1,0,0
2022-02-27,AVAX,2,0,2,0,0
2022-02-27,BTC,10,0,10,0,0
2022-02-27,ETH,10,0,10,0,0
2022-02-27,MATIC,1,0,1,0,0
2022-02-27,SOL,4,0,4,0,0
2022-02-27,TERRA,2,0,2,0,0
2022-02-27,UNI,1,0,1,0,0
2022-02-28,ADA,1,0,1,0,0
2022-02-28,AVAX,3,0,3,0,0
2022-02-28,BNB,1,0,1,0,0
2022-02-28,BTC,55,0,55,0,0
2022-02-28,DOGE,3,0,3,0,0
2022-02-28,DOT,3,0,3,0,0
2022-02-28,ETH,24,0,24,0,0
2022-02-28,LINK,2,0,2,0,0
2022-02-28,LTC,2,0,2,0,0
2022-02-28,MATIC,2,0,2,0,0
2022-02-28,SHIBA,1,0,1,0,0
2022-02-28,SOL,11,0,11,0,0
2022-02-28,TERRA,5,0,5,0,0
2022-02-28,UNI,3,0,3,0,0
2022-02-28,VECHAIN,1,0,1,0,0
2022-02-28,XRP,1,0,1,0,0
2022-03-01,ADA,1,0,1,0,0
2022-03-01,AVAX,4,0,4,0,0
2022-03-01,BTC,56,0,56,0,0
2022-03-01,DOGE,2,0,2,0,0
2022-03-01,DOT,6,0,6,0,0
2022-03-01,ETH,19,0,19,0,0
2022-03-01,LINK,3,0,3,0,0
2022-03-01,LTC,2,0,2,0,0
2022-03-01,MATIC,3,0,3,0,0
2022-03-01,SOL,7,0,7,0,0
2022-03-01,TERRA,8,0,8,0,0
2022-03-01,UNI,1,0,1,0,0
2022-03-02,ADA,3,0,3,0,0
2022-03-02,AVAX,5,0,5,0,0
2022-03-02,BTC,51,0,51,0,0
2022-03-02,DOGE,8,0,8,0,0
2022-03-02,DOT,3,0,3,0,0
2022-03-02,ETH,27,0,27,0,0
2022-03-02,LINK,3,0,3,0,0
2022-03-02,LTC,2,0,2,0,0
2022-03-02,MATIC,6,0,6,0,0
2022-03-02,SHIBA,2,0,2,0,0
2022-03-02,SOL,20,0,20,0,0
2022-03-02,TERRA,6,0,6,0,0
2022-03-02,UNI,2,0,2,0,0
2022-03-02,XRP,5,0,5,0,0
2022-03-03,ADA,2,0,2,0,0
2022-03-03,AVAX,6,0,6,0,0
2022-03-03,BTC,44,0,44,0,0
2022-03-03,DOGE,4,0,4,0,0
2022-03-03,DOT,1,0,1,0,0
2022-03-03,ETH,30,0,30,0,0
2022-03-03,LTC,1,0,1,0,0
2022-03-03,MATIC,6,0,6,0,0
2022-03-03,SOL,13,0,13,0,0
2022-03-03,TERRA,3,0,3,0,0
2022-03-03,UNI,2,0,2,0,0
2022-03-03,XRP,2,0,2,0,0
2022-03-04,ADA,2,0,2,0,0
2022-03-04,AVAX,3,0,3,0,0
2022-03-04,BTC,35,0,35,0,0
2022-03-04,DOGE,4,0,4,0,0
2022-03-04,DOT,6,0,6,0,0
2022-03-04,ETH,17,0,17,0,0
2022-03-04,LINK,2,0,2,0,0
2022-03-04,LTC,1,0,1,0,0
2022-03-04,MATIC,6,0,6,0,0
2022-03-04,SHIBA,1,0,1,0,0
2022-03-04,SOL,9,0,9,0,0
2022-03-04,TERRA,3,0,3,0,0
2022-03-04,UNI,2,0,2,0,0
2022-03-04,XRP,3,0,3,0,0
2022-03-05,AVAX,1,0,1,0,0
2022-03-05,BTC,9,0,9,0,0
2022-03-05,DOGE,1,0,1,0,0
2022-03-05,ETH,6,0,6,0,0
2022-03-05,TERRA,2,0,2,0,0
2022-03-05,UNI,1,0,1,0,0
2022-03-05,XRP,1,0,1,0,0
2022-03-06,ADA,1,0,1,0,0
2022-03-06,BTC,9,0,9,0,0
2022-03-06,DOGE,1,0,1,0,0
2022-03-06,ETH,7,0,7,0,0
2022-03-06,LINK,1,0,1,0,0
2022-03-06,MATIC,1,0,1,0,0
2022-03-06,SOL,2,0,2,0,0
2022-03-06,TERRA,2,0,2,0,0
2022-03-06,XRP,1,0,1,0,0
2022-03-07,ADA,5,0,5,0,0
2022-03-07,AVAX,3,0,3,0,0
2022-03-07,BTC,44,0,44,0,0
2022-03-07,DOGE,2,0,2,0,0
2022-03-07,DOT,4,0,4,0,0
2022-03-07,ETH,27,0,27,0,0
2022-03-07,LINK,2,0,2,0,0
2022-03-07,LTC,2,0,2,0,0
2022-03-07,MATIC,7,0,7,0,0
2022-03-07,SHIBA,1,0,1,0,0
2022-03-07,SOL,12,0,12,0,0
2022-03-07,TERRA,4,0,4,0,0
2022-03-07,UNI,1,0,1,0,0
2022-03-07,XRP,1,0,1,0,0
2022-03-08,ADA,1,0,1,0,0
2022-03-08,AVAX,10,0,10,0,0
2022-03-08,BTC,46,0,46,0,0
2022-03-08,DOGE,1,0,1,0,0
2022-03-08,DOT,3,0,3,0,0
2022-03-08,ETH,25,0,25,0,0
2022-03-08,MATIC,5,0,5,0,0
2022-03-08,SOL,15,0,15,0,0
2022-03-08,TERRA,6,0,6,0,0
2022-03-08,UNI,2,0,2,0,0
2022-03-08,XRP,1,0,1,0,0
2022-03-09,ADA,3,0,3,0,0
2022-03-09,AVAX,8,0,8,0,0
2022-03-09,BNB,1,0,1,0,0
2022-03-09,BTC,53,0,53,0,0
2022-03-09,DOGE,4,0,4,0,0
2022-03-09,DOT,4,0,4,0,0
2022-03-09,ETH,28,0,28,0,0
2022-03-09,LINK,1,0,1,0,0
2022-03-09,LTC,1,0,1,0,0
2022-03-09,MATIC,3,0,3,0,0
2022-03-09,SOL,14,0,14,0,0
2022-03-09,TERRA,9,0,9,0,0
2022-03-09,UNI,1,0,1,0,0
2022-03-09,XRP,4,0,4,0,0
2022-03-10,AVAX,3,0,3,0,0
2022-03-10,BTC,39,0,39,0,0
2022-03-10,DOGE,1,0,1,0,0
2022-03-10,ETH,19,0,19,0,0
2022-03-10,LINK,1,0,1,0,0
2022-03-10,LTC,1,0,1,0,0
2022-03-10,MATIC,4,0,4,0,0
2022-03-10,SOL,8,0,8,0,0
2022-03-10,TERRA,6,0,6,0,0
2022-03-10,UNI,1,0,1,0,0
2022-03-10,XRP,1,0,1,0,0
2022-03-11,ADA,2,0,2,0,0
2022-03-11,AVAX,3,0,3,0,0
2022-03-11,BTC,43,0,43,0,0
2022-03-11,DOGE,2,0,2,0,0
2022-03-11,DOT,2,0,2,0,0
2022-03-11,ETH,19,0,19,0,0
2022-03-11,LINK,1,0,1,0,0
2022-03-11,MATIC,5,0,5,0,0
2022-03-11,SOL,16,0,16,0,0
2022-03-11,TERRA,7,0,7,0,0
2022-03-11,UNI,1,0,1,0,0
2022-03-11,XRP,1,0,1,0,0
2022-03-12,BTC,10,0,10,0,0
2022-03-12,DOT,1,0,1,0,0
2022-03-12,ETH,8,0,8,0,0
2022-03-12,SOL,1,0,1,0,0
2022-03-12,TERRA,2,0,2,0,0
2022-03-12,XRP,1,0,1,0,0
2022-03-13,ADA,1,0,1,0,0
2022-03-13,BTC,10,0,10,0,0
2022-03-13,DOT,2,0,2,0,0
2022-03-13,ETH,8,0,8,0,0
2022-03-13,MATIC,1,0,1,0,0
2022-03-13,SOL,4,0,4,0,0
2022-03-13,TERRA,1,0,1,0,0
2022-03-13,XRP,1,0,1,0,0
2022-03-14,ADA,2,0,2,0,0
2022-03-14,AVAX,2,0,2,0,0
2022-03-14,BTC,47,0,47,0,0
2022-03-14,DOGE,9,0,9,0,0
2022-03-14,DOT,4,0,4,0,0
2022-03-14,ETH,19,0,19,0,0
2022-03-14,LINK,2,0,2,0,0
2022-03-14,MATIC,5,0,5,0,0
2022-03-14,SOL,16,0,16,0,0
2022-03-14,TERRA,4,0,4,0,0
2022-03-14,XRP,2,0,2,0,0
2022-03-15,ADA,2,0,2,0,0
2022-03-15,AVAX,4,0,4,0,0
2022-03-15,BTC,31,0,31,0,0
2022-03-15,DOGE,3,0,3,0,0
2022-03-15,DOT,3,0,3,0,0
2022-03-15,ETH,25,0,25,0,0
2022-03-15,LINK,1,0,1,0,0
2022-03-15,LTC,1,0,1,0,0
2022-03-15,MATIC,7,0,7,0,0
2022-03-15,SHIBA,2,0,2,0,0
2022-03-15,SOL,12,0,12,0,0
2022-03-15,TERRA,2,0,2,0,0
2022-03-15,UNI,1,0,1,0,0
2022-03-15,XRP,1,0,1,0,0
2022-03-16,ADA,2,0,2,0,0
2022-03-16,AVAX,5,0,5,0,0
2022-03-16,BNB,1,0,1,0,0
2022-03-16,BTC,31,0,31,0,0
2022-03-16,DOGE,2,0,2,0,0
2022-03-16,DOT,1,0,1,0,0
2022-03-16,ETH,14,0,14,0,0
2022-03-16,LINK,4,0,4,0,0
2022-03-16,LTC,1,0,1,0,0
2022-03-16,MATIC,4,0,4,0,0
2022-03-16,SOL,7,0,7,0,0
2022-03-16,TERRA,5,0,5,0,0
2022-03-16,UNI,1,0,1,0,0
2022-03-16,XRP,3,0,3,0,0
2022-03-17,ADA,3,0,3,0,0
2022-03-17,AVAX,6,0,6,0,0
2022-03-17,BTC,27,0,27,0,0
2022-03-17,DOGE,2,0,2,0,0
2022-03-17,DOT,2,0,2,0,0
2022-03-17,ETH,23,0,23,0,0
2022-03-17,LINK,2,0,2,0,0
2022-03-17,MATIC,8,0,8,0,0
2022-03-17,SOL,12,0,12,0,0
2022-03-17,TERRA,4,0,4,0,0
2022-03-17,XRP,3,0,3,0,0
2022-03-18,ADA,1,0,1,0,0
2022-03-18,AVAX,4,0,4,0,0
2022-03-18,BNB,1,0,1,0,0
2022-03-18,BTC,33,0,33,0,0
2022-03-18,DOGE,4,0,4,0,0
2022-03-18,DOT,2,0,2,0,0
2022-03-18,ETH,18,0,18,0,0
2022-03-18,LINK,2,0,2,0,0
2022-03-18,LTC,1,0,1,0,0
2022-03-18,MATIC,2,0,2,0,0
2022-03-18,SOL,14,0,14,0,0
2022-03-18,TERRA,5,0,5,0,0
2022-03-18,UNI,1,0,1,0,0
2022-03-18,XRP,2,0,2,0,0
2022-03-19,ADA,1,0,1,0,0
2022-03-19,AVAX,1,0,1,0,0
2022-03-19,BTC,7,0,7,0,0
2022-03-19,DOGE,1,0,1,0,0
2022-03-19,ETH,4,0,4,0,0
2022-03-19,SOL,1,0,1,0,0
2022-03-19,TERRA,1,0,1,0,0
2022-03-20,ADA,2,0,2,0,0
2022-03-20,AVAX,1,0,1,0,0
2022-03-20,BTC,10,0,10,0,0
2022-03-20,DOGE,2,0,2,0,0
2022-03-20,DOT,4,0,4,0,0
2022-03-20,ETH,5,0,5,0,0
2022-03-20,MATIC,2,0,2,0,0
2022-03-20,SOL,3,0,3,0,0
2022-03-20,TERRA,1,0,1,0,0
2022-03-20,XRP,1,0,1,0,0
2022-03-21,ADA,3,0,3,0,0
2022-03-21,AVAX,6,0,6,0,0
2022-03-21,BTC,44,0,44,0,0
2022-03-21,DOGE,5,0,5,0,0
2022-03-21,DOT,4,0,4,0,0
2022-03-21,ETH,19,0,19,0,0
2022-03-21,LTC,2,0,2,0,0
2022-03-21,MATIC,5,0,5,0,0
2022-03-21,SOL,12,0,12,0,0
2022-03-21,TERRA,8,0,8,0,0
2022-03-21,UNI,2,0,2,0,0
2022-03-21,XRP,3,0,3,0,0
2022-03-22,ADA,7,0,7,0,0
2022-03-22,AVAX,8,0,8,0,0
2022-03-22,BTC,51,0,51,0,0
2022-03-22,DOGE,2,0,2,0,0
2022-03-22,DOT,3,0,3,0,0
2022-03-22,ETH,25,0,25,0,0
2022-03-22,LINK,3,0,3,0,0
2022-03-22,LTC,2,0,2,0,0
2022-03-22,MATIC,4,0,4,0,0
2022-03-22,SHIBA,2,0,2,0,0
2022-03-22,SOL,20,0,20,0,0
2022-03-22,TERRA,7,0,7,0,0
2022-03-22,VECHAIN,1,0,1,0,0
2022-03-22,XRP,4,0,4,0,0
2022-03-23,ADA,5,0,5,0,0
2022-03-23,AVAX,5,0,5,0,0
2022-03-23,BTC,44,0,44,0,0
2022-03-23,DOGE,3,0,3,0,0
2022-03-23,DOT,4,0,4,0,0
2022-03-23,ETH,22,0,22,0,0
2022-03-23,LINK,2,0,2,0,0
2022-03-23,MATIC,4,0,4,0,0
2022-03-23,SOL,12,0,12,0,0
2022-03-23,TERRA,9,0,9,0,0
2022-03-23,XRP,2,0,2,0,0
2022-03-24,ADA,6,0,6,0,0
2022-03-24,AVAX,5,0,5,0,0
2022-03-24,BTC,37,0,37,0,0
2022-03-24,DOGE,4,0,4,0,0
2022-03-24,DOT,2,0,2,0,0
2022-03-24,ETH,27,0,27,0,0
2022-03-24,LINK,1,0,1,0,0
2022-03-24,MATIC,4,0,4,0,0
2022-03-24,SOL,11,0,11,0,0
2022-03-24,TERRA,7,0,7,0,0
2022-03-24,XRP,2,0,2,0,0
2022-03-25,ADA,7,0,7,0,0
2022-03-25,AVAX,5,0,5,0,0
2022-03-25,BTC,43,0,43,0,0
2022-03-25,DOGE,2,0,2,0,0
2022-03-25,DOT,2,0,2,0,0
2022-03-25,ETH,19,0,19,0,0
2022-03-25,LTC,1,0,1,0,0
2022-03-25,MATIC,5,0,5,0,0
2022-03-25,SOL,7,0,7,0,0
2022-03-25,TERRA,6,0,6,0,0
2022-03-25,UNI,2,0,2,0,0
2022-03-25,XRP,1,0,1,0,0
2022-03-26,ADA,3,0,3,0,0
2022-03-26,AVAX,2,0,2,0,0
2022-03-26,BTC,10,0,10,0,0
2022-03-26,ETH,11,0,11,0,0
2022-03-26,LTC,1,0,1,0,0
2022-03-26,SOL,4,0,4,0,0
2022-03-26,TERRA,2,0,2,0,0
2022-03-27,ADA,2,0,2,0,0
2022-03-27,AVAX,1,0,1,0,0
2022-03-27,BTC,13,0,13,0,0
2022-03-27,DOGE,3,0,3,0,0
2022-03-27,DOT,1,0,1,0,0
2022-03-27,ETH,7,0,7,0,0
2022-03-27,LINK,1,0,1,0,0
2022-03-27,MATIC,1,0,1,0,0
2022-03-27,SHIBA,1,0,1,0,0
2022-03-27,SOL,2,0,2,0,0
2022-03-27,TERRA,3,0,3,0,0
2022-03-28,ADA,7,0,7,0,0
2022-03-28,AVAX,4,0,4,0,0
2022-03-28,BTC,39,0,39,0,0
2022-03-28,DOGE,5,0,5,0,0
2022-03-28,DOT,4,0,4,0,0
2022-03-28,ETH,12,0,12,0,0
2022-03-28,LINK,1,0,1,0,0
2022-03-28,LTC,1,0,1,0,0
2022-03-28,MATIC,6,0,6,0,0
2022-03-28,SHIBA,4,0,4,0,0
2022-03-28,SOL,13,0,13,0,0
2022-03-28,TERRA,6,0,6,0,0
2022-03-28,UNI,1,0,1,0,0
2022-03-28,XRP,2,0,2,0,0
2022-03-29,ADA,5,0,5,0,0
2022-03-29,AVAX,2,0,2,0,0
2022-03-29,BTC,52,0,52,0,0
2022-03-29,DOGE,2,0,2,0,0
2022-03-29,DOT,3,0,3,0,0
2022-03-29,ETH,34,0,34,0,0
2022-03-29,LINK,3,0,3,0,0
2022-03-29,MATIC,5,0,5,0,0
2022-03-29,SOL,19,0,19,0,0
2022-03-29,TERRA,9,0,9,0,0
2022-03-29,UNI,1,0,1,0,0
2022-03-29,XRP,5,0,5,0,0
2022-03-30,ADA,4,0,4,0,0
2022-03-30,AVAX,8,0,8,0,0
2022-03-30,BNB,1,0,1,0,0
2022-03-30,BTC,42,0,42,0,0
2022-03-30,DOGE,3,0,3,0,0
2022-03-30,DOT,4,0,4,0,0
2022-03-30,ETH,23,0,23,0,0
2022-03-30,LINK,2,0,2,0,0
2022-03-30,LTC,3,0,3,0,0
2022-03-30,MATIC,9,0,9,0,0
2022-03-30,SHIBA,2,0,2,0,0
2022-03-30,SOL,16,0,16,0,0
2022-03-30,TERRA,9,0,9,0,0
2022-03-30,UNI,5,0,5,0,0
2022-03-30,XRP,3,0,3,0,0
2022-03-31,ADA,3,0,3,0,0
2022-03-31,AVAX,6,0,6,0,0
2022-03-31,BNB,1,0,1,0,0
2022-03-31,BTC,44,0,44,0,0
2022-03-31,DOT,2,0,2,0,0
2022-03-31,ETH,21,0,21,0,0
2022-03-31,LTC,3,0,3,0,0
2022-03-31,MATIC,5,0,5,0,0
2022-03-31,SHIBA,2,0,2,0,0
2022-03-31,SOL,12,0,12,0,0
2022-03-31,TERRA,6,0,6,0,0
2022-03-31,XRP,1,0,1,0,0
2022-04-01,ADA,4,0,4,0,0
2022-04-01,AVAX,4,0,4,0,0
2022-04-01,BTC,45,0,45,0,0
2022-04-01,DOGE,2,0,2,0,0
2022-04-01,DOT,3,0,3,0,0
2022-04-01,ETH,12,0,12,0,0
2022-04-01,MATIC,4,0,4,0,0
2022-04-01,SHIBA,2,0,2,0,0
2022-04-01,SOL,15,0,15,0,0
2022-04-01,TERRA,9,0,9,0,0
2022-04-01,XRP,1,0,1,0,0
2022-04-02,ADA,1,0,1,0,0
2022-04-02,AVAX,1,0,1,0,0
2022-04-02,BTC,13,0,13,0,0
2022-04-02,DOT,1,0,1,0,0
2022-04-02,ETH,5,0,5,0,0
2022-04-02,LINK,1,0,1,0,0
2022-04-02,MATIC,2,0,2,0,0
2022-04-02,SOL,6,0,6,0,0
2022-04-02,TERRA,4,0,4,0,0
2022-04-03,BTC,8,0,8,0,0
2022-04-03,DOGE,2,0,2,0,0
2022-04-03,ETH,8,0,8,0,0
2022-04-03,SOL,1,0,1,0,0
2022-04-03,TERRA,1,0,1,0,0
2022-04-03,VECHAIN,1,0,1,0,0
2022-04-04,ADA,5,0,5,0,0
2022-04-04,AVAX,2,0,2,0,0
2022-04-04,BNB,1,0,1,0,0
2022-04-04,BTC,41,0,41,0,0
2022-04-04,DOGE,6,0,6,0,0
2022-04-04,DOT,4,0,4,0,0
2022-04-04,ETH,21,0,21,0,0
2022-04-04,LINK,1,0,1,0,0
2022-04-04,MATIC,2,0,2,0,0
2022-04-04,SOL,11,0,11,0,0
2022-04-04,TERRA,4,0,4,0,0
2022-04-04,XRP,5,0,5,0,0
2022-04-05,ADA,2,0,2,0,0
2022-04-05,AVAX,1,0,1,0,0
2022-04-05,BTC,51,0,51,0,0
2022-04-05,DOGE,9,0,9,0,0
2022-04-05,DOT,1,0,1,0,0
2022-04-05,ETH,17,0,17,0,0
2022-04-05,LTC,1,0,1,0,0
2022-04-05,MATIC,2,0,2,0,0
2022-04-05,SHIBA,2,0,2,0,0
2022-04-05,SOL,6,0,6,0,0
2022-04-05,TERRA,6,0,6,0,0
2022-04-05,XRP,1,0,1,0,0
2022-04-06,ADA,2,0,2,0,0
2022-04-06,AVAX,6,0,6,0,0
2022-04-06,BTC,49,0,49,0,0
2022-04-06,DOGE,5,0,5,0,0
2022-04-06,DOT,3,0,3,0,0
2022-04-06,ETH,28,0,28,0,0
2022-04-06,LTC,3,0,3,0,0
2022-04-06,MATIC,5,0,5,0,0
2022-04-06,SOL,13,0,13,0,0
2022-04-06,TERRA,12,0,12,0,0
2022-04-06,XRP,5,0,5,0,0
2022-04-07,ADA,3,0,3,0,0
2022-04-07,AVAX,4,0,4,0,0
2022-04-07,BTC,61,0,61,0,0
2022-04-07,DOGE,9,0,9,0,0
2022-04-07,DOT,3,0,3,0,0
2022-04-07,ETH,27,0,27,0,0
2022-04-07,LINK,2,0,2,0,0
2022-04-07,LTC,4,0,4,0,0
2022-04-07,MATIC,5,0,5,0,0
2022-04-07,SHIBA,1,0,1,0,0
2022-04-07,SOL,10,0,10,0,0
2022-04-07,TERRA,7,0,7,0,0
2022-04-07,UNI,2,0,2,0,0
2022-04-07,XRP,1,0,1,0,0
2022-04-08,ADA,3,0,3,0,0
2022-04-08,AVAX,4,0,4,0,0
2022-04-08,BTC,46,0,46,0,0
2022-04-08,DOGE,3,0,3,0,0
2022-04-08,DOT,2,0,2,0,0
2022-04-08,ETH,19,0,19,0,0
2022-04-08,LINK,2,0,2,0,0
2022-04-08,LTC,2,0,2,0,0
2022-04-08,MATIC,3,0,3,0,0
2022-04-08,SHIBA,1,0,1,0,0
2022-04-08,SOL,11,0,11,0,0
2022-04-08,TERRA,8,0,8,0,0
2022-04-08,UNI,1,0,1,0,0
2022-04-08,XRP,1,0,1,0,0
2022-04-09,ADA,1,0,1,0,0
2022-04-09,AVAX,2,0,2,0,0
2022-04-09,BTC,6,0,6,0,0
2022-04-09,DOT,1,0,1,0,0
2022-04-09,ETH,7,0,7,0,0
2022-04-09,MATIC,1,0,1,0,0
2022-04-09,SOL,2,0,2,0,0
2022-04-09,TERRA,1,0,1,0,0
2022-04-09,UNI,1,0,1,0,0
2022-04-10,ADA,1,0,1,0,0
2022-04-10,AVAX,1,0,1,0,0
2022-04-10,BTC,11,0,11,0,0
2022-04-10,DOGE,2,0,2,0,0
2022-04-10,ETH,7,0,7,0,0
2022-04-10,LINK,1,0,1,0,0
2022-04-10,MATIC,2,0,2,0,0
2022-04-10,SHIBA,1,0,1,0,0
2022-04-10,SOL,4,0,4,0,0
2022-04-10,TERRA,6,0,6,0,0
2022-04-11,ADA,4,0,4,0,0
2022-04-11,AVAX,4,0,4,0,0
2022-04-11,BTC,46,0,46,0,0
2022-04-11,DOGE,5,0,5,0,0
2022-04-11,DOT,4,0,4,0,0
2022-04-11,ETH,20,0,20,0,0
2022-04-11,LINK,2,0,2,0,0
2022-04-11,LTC,3,0,3,0,0
2022-04-11,MATIC,1,0,1,0,0
2022-04-11,SOL,11,0,11,0,0
2022-04-11,TERRA,6,0,6,0,0
2022-04-11,UNI,1,0,1,0,0
2022-04-11,XRP,1,0,1,0,0
2022-04-12,BTC,43,0,43,0,0
2022-04-12,DOGE,4,0,4,0,0
2022-04-12,DOT,4,0,4,0,0
2022-04-12,ETH,26,0,26,0,0
2022-04-12,LTC,1,0,1,0,0
2022-04-12,MATIC,8,0,8,0,0
2022-04-12,SHIBA,4,0,4,0,0
2022-04-12,SOL,12,0,12,0,0
2022-04-12,TERRA,1,0,1,0,0
2022-04-12,UNI,1,0,1,0,0
2022-04-12,XRP,3,0,3,0,0
2022-04-13,ADA,4,0,4,0,0
2022-04-13,AVAX,6,0,6,0,0
2022-04-13,BNB,1,0,1,0,0
2022-04-13,BTC,46,0,46,0,0
2022-04-13,DOGE,3,0,3,0,0
2022-04-13,DOT,5,0,5,0,0
2022-04-13,ETH,25,0,25,0,0
2022-04-13,LTC,2,0,2,0,0
2022-04-13,MATIC,4,0,4,0,0
2022-04-13,SHIBA,3,0,3,0,0
2022-04-13,SOL,12,0,12,0,0
2022-04-13,TERRA,6,0,6,0,0
2022-04-13,UNI,2,0,2,0,0
2022-04-13,XRP,3,0,3,0,0
2022-04-14,ADA,2,0,2,0,0
2022-04-14,AVAX,7,0,7,0,0
2022-04-14,BTC,39,0,39,0,0
2022-04-14,DOGE,9,0,9,0,0
2022-04-14,ETH,20,0,20,0,0
2022-04-14,MATIC,10,0,10,0,0
2022-04-14,SOL,11,0,11,0,0
2022-04-14,TERRA,5,0,5,0,0
2022-04-14,XRP,2,0,2,0,0
2022-04-15,ADA,3,0,3,0,0
2022-04-15,AVAX,3,0,3,0,0
2022-04-15,BTC,30,0,30,0,0
2022-04-15,DOGE,5,0,5,0,0
2022-04-15,DOT,1,0,1,0,0
2022-04-15,ETH,11,0,11,0,0
2022-04-15,LINK,1,0,1,0,0
2022-04-15,MATIC,2,0,2,0,0
2022-04-15,SOL,4,0,4,0,0
2022-04-15,TERRA,5,0,5,0,0
2022-04-15,UNI,1,0,1,0,0
2022-04-15,XRP,10,0,10,0,0
2022-04-16,ADA,2,0,2,0,0
2022-04-16,AVAX,2,0,2,0,0
2022-04-16,BTC,4,0,4,0,0
2022-04-16,DOGE,2,0,2,0,0
2022-04-16,ETH,4,0,4,0,0
2022-04-16,SOL,2,0,2,0,0
2022-04-16,TERRA,1,0,1,0,0
2022-04-16,XRP,1,0,1,0,0
2022-04-17,BTC,9,0,9,0,0
2022-04-17,DOGE,4,0,4,0,0
2022-04-17,DOT,1,0,1,0,0
2022-04-17,ETH,3,0,3,0,0
2022-04-17,LINK,1,0,1,0,0
2022-04-17,LTC,1,0,1,0,0
2022-04-17,SHIBA,3,0,3,0,0
2022-04-17,SOL,3,0,3,0,0
2022-04-17,TERRA,2,0,2,0,0
2022-04-17,UNI,1,0,1,0,0
2022-04-17,XRP,1,0,1,0,0
2022-04-18,ADA,3,0,3,0,0
2022-04-18,AVAX,1,0,1,0,0
2022-04-18,BNB,1,0,1,0,0
2022-04-18,BTC,28,0,28,0,0
2022-04-18,DOGE,3,0,3,0,0
2022-04-18,DOT,1,0,1,0,0
2022-04-18,ETH,19,0,19,0,0
2022-04-18,LINK,2,0,2,0,0
2022-04-18,MATIC,4,0,4,0,0
2022-04-18,SHIBA,1,0,1,0,0
2022-04-18,SOL,8,0,8,0,0
2022-04-18,TERRA,5,0,5,0,0
2022-04-18,UNI,2,0,2,0,0
2022-04-18,XRP,4,0,4,0,0
2022-04-19,ADA,3,0,3,0,0
2022-04-19,BNB,1,0,1,0,0
2022-04-19,BTC,36,0,36,0,0
2022-04-19,DOT,1,0,1,0,0
2022-04-19,ETH,23,0,23,0,0
2022-04-19,LINK,3,0,3,0,0
2022-04-19,MATIC,2,0,2,0,0
2022-04-19,SOL,10,0,10,0,0
2022-04-19,TERRA,5,0,5,0,0
2022-04-19,UNI,1,0,1,0,0
2022-04-20,ADA,5,0,5,0,0
2022-04-20,AVAX,2,0,2,0,0
2022-04-20,BTC,40,0,40,0,0
2022-04-20,DOGE,4,0,4,0,0
2022-04-20,DOT,5,0,5,0,0
2022-04-20,ETH,26,0,26,0,0
2022-04-20,MATIC,5,0,5,0,0
2022-04-20,SHIBA,1,0,1,0,0
2022-04-20,SOL,12,0,12,0,0
2022-04-20,TERRA,3,0,3,0,0
2022-04-20,UNI,3,0,3,0,0
2022-04-20,XRP,1,0,1,0,0
2022-04-21,AVAX,8,0,8,0,0
2022-04-21,BTC,49,0,49,0,0
2022-04-21,DOGE,1,0,1,0,0
2022-04-21,ETH,18,0,18,0,0
2022-04-21,LTC,1,0,1,0,0
2022-04-21,MATIC,10,0,10,0,0
2022-04-21,SOL,13,0,13,0,0
2022-04-21,TERRA,6,0,6,0,0
2022-04-21,UNI,2,0,2,0,0
2022-04-21,XRP,1,0,1,0,0
2022-04-22,ADA,3,0,3,0,0
2022-04-22,AVAX,5,0,5,0,0
2022-04-22,BTC,45,0,45,0,0
2022-04-22,DOGE,3,0,3,0,0
2022-04-22,DOT,2,0,2,0,0
2022-04-22,ETH,31,0,31,0,0
2022-04-22,LINK,1,0,1,0,0
2022-04-22,LTC,2,0,2,0,0
2022-04-22,MATIC,10,0,10,0,0
2022-04-22,SHIBA,1,0,1,0,0
2022-04-22,SOL,11,0,11,0,0
2022-04-22,TERRA,4,0,4,0,0
2022-04-22,UNI,1,0,1,0,0
2022-04-22,XRP,4,0,4,0,0
2022-04-23,AVAX,1,0,1,0,0
2022-04-23,BTC,6,0,6,0,0
2022-04-23,DOGE,1,0,1,0,0
2022-04-23,ETH,4,0,4,0,0
2022-04-23,MATIC,1,0,1,0,0
2022-04-23,TERRA,1,0,1,0,0
2022-04-24,AVAX,1,0,1,0,0
2022-04-24,BTC,9,0,9,0,0
2022-04-24,DOT,3,0,3,0,0
2022-04-24,ETH,6,0,6,0,0
2022-04-24,LINK,1,0,1,0,0
2022-04-24,MATIC,4,0,4,0,0
2022-04-24,SOL,1,0,1,0,0
2022-04-24,TERRA,1,0,1,0,0
2022-04-25,ADA,3,0,3,0,0
2022-04-25,AVAX,2,0,2,0,0
2022-04-25,BTC,46,0,46,0,0
2022-04-25,DOGE,8,0,8,0,0
2022-04-25,DOT,2,0,2,0,0
2022-04-25,ETH,20,0,20,0,0
2022-04-25,MATIC,2,0,2,0,0
2022-04-25,SHIBA,2,0,2,0,0
2022-04-25,SOL,10,0,10,0,0
2022-04-25,TERRA,3,0,3,0,0
2022-04-25,XRP,4,0,4,0,0
2022-04-26,ADA,1,0,1,0,0
2022-04-26,AVAX,4,0,4,0,0
2022-04-26,BTC,55,0,55,0,0
2022-04-26,DOGE,11,0,11,0,0
2022-04-26,DOT,1,0,1,0,0
2022-04-26,ETH,23,0,23,0,0
2022-04-26,LTC,2,0,2,0,0
2022-04-26,MATIC,5,0,5,0,0
2022-04-26,SHIBA,2,0,2,0,0
2022-04-26,SOL,9,0,9,0,0
2022-04-26,TERRA,12,0,12,0,0
2022-04-26,UNI,1,0,1,0,0
2022-04-27,ADA,3,0,3,0,0
2022-04-27,AVAX,7,0,7,0,0
2022-04-27,BNB,1,0,1,0,0
2022-04-27,BTC,52,0,52,0,0
2022-04-27,DOGE,5,0,5,0,0
2022-04-27,DOT,1,0,1,0,0
2022-04-27,ETH,19,0,19,0,0
2022-04-27,LINK,1,0,1,0,0
2022-04-27,MATIC,5,0,5,0,0
2022-04-27,SHIBA,1,0,1,0,0
2022-04-27,SOL,11,0,11,0,0
2022-04-27,TERRA,7,0,7,0,0
2022-04-27,UNI,2,0,2,0,0
2022-04-27,XRP,2,0,2,0,0
2022-04-28,ADA,1,0,1,0,0
2022-04-28,AVAX,3,0,3,0,0
2022-04-28,BTC,63,0,63,0,0
2022-04-28,DOGE,5,0,5,0,0
2022-04-28,DOT,1,0,1,0,0
2022-04-28,ETH,19,0,19,0,0
2022-04-28,LINK,1,0,1,0,0
2022-04-28,LTC,6,0,6,0,0
2022-04-28,MATIC,8,0,8,0,0
2022-04-28,SOL,12,0,12,0,0
2022-04-28,XRP,2,0,2,0,0
2022-04-29,ADA,5,0,5,0,0
2022-04-29,AVAX,5,0,5,0,0
2022-04-29,BTC,47,0,47,0,0
2022-04-29,DOGE,6,0,6,0,0
2022-04-29,DOT,3,0,3,0,0
2022-04-29,ETH,19,0,19,0,0
2022-04-29,LTC,1,0,1,0,0
2022-04-29,MATIC,2,0,2,0,0
2022-04-29,SHIBA,2,0,2,0,0
2022-04-29,SOL,13,0,13,0,0
2022-04-29,TERRA,6,0,6,0,0
2022-04-29,UNI,1,0,1,0,0
2022-04-29,VECHAIN,1,0,1,0,0
2022-04-29,XRP,2,0,2,0,0
2022-04-30,AVAX,1,0,1,0,0
2022-04-30,BTC,12,0,12,0,0
2022-04-30,ETH,5,0,5,0,0
2022-04-30,MATIC,3,0,3,0,0
2022-04-30,SOL,4,0,4,0,0
2022-04-30,TERRA,2,0,2,0,0
2022-04-30,XRP,1,0,1,0,0
2022-05-01,ADA,1,0,1,0,0
2022-05-01,AVAX,2,0,2,0,0
2022-05-01,BTC,8,0,8,0,0
2022-05-01,DOT,1,0,1,0,0
2022-05-01,ETH,11,0,11,0,0
2022-05-01,MATIC,2,0,2,0,0
2022-05-01,SOL,5,0,5,0,0
2022-05-01,TERRA,3,0,3,0,0
2022-05-01,UNI,1,0,1,0,0
2022-05-01,VECHAIN,1,0,1,0,0
2022-05-02,ADA,2,0,2,0,0
2022-05-02,AVAX,3,0,3,0,0
2022-05-02,BTC,36,0,36,0,0
2022-05-02,DOGE,3,0,3,0,0
2022-05-02,DOT,3,0,3,0,0
2022-05-02,ETH,24,0,24,0,0
2022-05-02,LTC,2,0,2,0,0
2022-05-02,MATIC,3,0,3,0,0
2022-05-02,SHIBA,1,0,1,0,0
2022-05-02,SOL,9,0,9,0,0
2022-05-02,TERRA,3,0,3,0,0
2022-05-02,XRP,2,0,2,0,0
2022-05-03,ADA,3,0,3,0,0
2022-05-03,AVAX,2,0,2,0,0
2022-05-03,BTC,39,0,39,0,0
2022-05-03,DOGE,2,0,2,0,0
2022-05-03,DOT,1,0,1,0,0
2022-05-03,ETH,18,0,18,0,0
2022-05-03,LTC,2,0,2,0,0
2022-05-03,MATIC,6,0,6,0,0
2022-05-03,SOL,7,0,7,0,0
2022-05-03,TERRA,2,0,2,0,0
2022-05-03,UNI,1,0,1,0,0
2022-05-03,XRP,5,0,5,0,0
2022-05-04,ADA,3,0,3,0,0
2022-05-04,AVAX,7,0,7,0,0
2022-05-04,BNB,1,0,1,0,0
2022-05-04,BTC,49,0,49,0,0
2022-05-04,DOGE,4,0,4,0,0
2022-05-04,DOT,3,0,3,0,0
2022-05-04,ETH,28,0,28,0,0
2022-05-04,LTC,2,0,2,0,0
2022-05-04,MATIC,5,0,5,0,0
2022-05-04,SOL,10,0,10,0,0
2022-05-04,TERRA,5,0,5,0,0
2022-05-04,UNI,1,0,1,0,0
2022-05-04,XRP,1,0,1,0,0
2022-05-05,ADA,3,0,3,0,0
2022-05-05,AVAX,3,0,3,0,0
2022-05-05,BNB,1,0,1,0,0
2022-05-05,BTC,46,0,46,0,0
2022-05-05,DOGE,5,0,5,0,0
2022-05-05,DOT,4,0,4,0,0
2022-05-05,ETH,16,0,16,0,0
2022-05-05,LINK,1,0,1,0,0
2022-05-05,LTC,3,0,3,0,0
2022-05-05,MATIC,4,0,4,0,0
2022-05-05,SHIBA,4,0,4,0,0
2022-05-05,SOL,12,0,12,0,0
2022-05-05,TERRA,7,0,7,0,0
2022-05-06,AVAX,2,0,2,0,0
2022-05-06,BNB,1,0,1,0,0
2022-05-06,BTC,35,0,35,0,0
2022-05-06,DOGE,5,0,5,0,0
2022-05-06,DOT,1,0,1,0,0
2022-05-06,ETH,17,0,17,0,0
2022-05-06,LINK,1,0,1,0,0
2022-05-06,LTC,2,0,2,0,0
2022-05-06,MATIC,3,0,3,0,0
2022-05-06,SHIBA,1,0,1,0,0
2022-05-06,SOL,9,0,9,0,0
2022-05-06,TERRA,2,0,2,0,0
2022-05-06,UNI,3,0,3,0,0
2022-05-06,XRP,2,0,2,0,0
2022-05-07,AVAX,4,0,4,0,0
2022-05-07,BTC,6,0,6,0,0
2022-05-07,DOGE,1,0,1,0,0
2022-05-07,DOT,1,0,1,0,0
2022-05-07,ETH,6,0,6,0,0
2022-05-07,LTC,1,0,1,0,0
2022-05-07,SOL,2,0,2,0,0
2022-05-07,TERRA,4,0,4,0,0
2022-05-07,UNI,1,0,1,0,0
2022-05-08,AVAX,2,0,2,0,0
2022-05-08,BTC,10,0,10,0,0
2022-05-08,ETH,7,0,7,0,0
2022-05-08,SOL,1,0,1,0,0
2022-05-08,TERRA,6,0,6,0,0
2022-05-09,ADA,1,0,1,0,0
2022-05-09,AVAX,4,0,4,0,0
2022-05-09,BNB,1,0,1,0,0
2022-05-09,BTC,37,0,37,0,0
2022-05-09,DOGE,1,0,1,0,0
2022-05-09,DOT,2,0,2,0,0
2022-05-09,ETH,17,0,17,0,0
2022-05-09,MATIC,4,0,4,0,0
2022-05-09,SHIBA,2,0,2,0,0
2022-05-09,SOL,8,0,8,0,0
2022-05-09,TERRA,9,0,9,0,0
2022-05-09,XRP,4,0,4,0,0
2022-05-10,ADA,3,0,3,0,0
2022-05-10,AVAX,2,0,2,0,0
2022-05-10,BTC,47,0,47,0,0
2022-05-10,DOGE,4,0,4,0,0
2022-05-10,DOT,2,0,2,0,0
2022-05-10,ETH,18,0,18,0,0
2022-05-10,LTC,1,0,1,0,0
2022-05-10,MATIC,9,0,9,0,0
2022-05-10,SHIBA,1,0,1,0,0
2022-05-10,SOL,7,0,7,0,0
2022-05-10,TERRA,25,0,25,0,0
2022-05-10,XRP,1,0,1,0,0
2022-05-11,ADA,2,0,2,0,0
2022-05-11,AVAX,4,0,4,0,0
2022-05-11,BTC,49,0,49,0,0
2022-05-11,DOGE,1,0,1,0,0
2022-05-11,DOT,1,0,1,0,0
2022-05-11,ETH,20,0,20,0,0
2022-05-11,LINK,3,0,3,0,0
2022-05-11,LTC,1,0,1,0,0
2022-05-11,MATIC,5,0,5,0,0
2022-05-11,SHIBA,1,0,1,0,0
2022-05-11,SOL,16,0,16,0,0
2022-05-11,TERRA,35,0,35,0,0
2022-05-11,VECHAIN,1,0,1,0,0
2022-05-11,XRP,3,0,3,0,0
2022-05-12,ADA,3,0,3,0,0
2022-05-12,AVAX,5,0,5,0,0
2022-05-12,BTC,65,0,65,0,0
2022-05-12,DOGE,2,0,2,0,0
2022-05-12,DOT,1,0,1,0,0
2022-05-12,ETH,25,0,25,0,0
2022-05-12,LTC,1,0,1,0,0
2022-05-12,MATIC,4,0,4,0,0
2022-05-12,SOL,10,0,10,0,0
2022-05-12,TERRA,38,0,38,0,0
2022-05-12,UNI,1,0,1,0,0
2022-05-12,XRP,7,0,7,0,0
2022-05-13,ADA,5,0,5,0,0
2022-05-13,AVAX,9,0,9,0,0
2022-05-13,BTC,46,0,46,0,0
2022-05-13,DOGE,5,0,5,0,0
2022-05-13,DOT,3,0,3,0,0
2022-05-13,ETH,15,0,15,0,0
2022-05-13,LINK,1,0,1,0,0
2022-05-13,MATIC,1,0,1,0,0
2022-05-13,SHIBA,3,0,3,0,0
2022-05-13,SOL,16,0,16,0,0
2022-05-13,TERRA,40,0,40,0,0
2022-05-13,XRP,2,0,2,0,0
2022-05-14,AVAX,2,0,2,0,0
2022-05-14,BTC,10,0,10,0,0
2022-05-14,DOGE,1,0,1,0,0
2022-05-14,DOT,1,0,1,0,0
2022-05-14,ETH,4,0,4,0,0
2022-05-14,LINK,1,0,1,0,0
2022-05-14,MATIC,1,0,1,0,0
2022-05-14,SOL,1,0,1,0,0
2022-05-15,ADA,4,0,4,0,0
2022-05-15,AVAX,2,0,2,0,0
2022-05-15,BTC,12,0,12,0,0
2022-05-15,ETH,6,0,6,0,0
2022-05-15,SHIBA,1,0,1,0,0
2022-05-15,SOL,5,0,5,0,0
2022-05-16,ADA,1,0,1,0,0
2022-05-16,AVAX,4,0,4,0,0
2022-05-16,BTC,56,0,56,0,0
2022-05-16,DOGE,2,0,2,0,0
2022-05-16,DOT,2,0,2,0,0
2022-05-16,ETH,25,0,25,0,0
2022-05-16,MATIC,3,0,3,0,0
2022-05-16,SHIBA,1,0,1,0,0
2022-05-16,SOL,10,0,10,0,0
2022-05-16,VECHAIN,1,0,1,0,0
2022-05-16,XRP,2,0,2,0,0
2022-05-17,ADA,1,0,1,0,0
2022-05-17,AVAX,5,0,5,0,0
2022-05-17,BTC,36,0,36,0,0
2022-05-17,DOGE,3,0,3,0,0
2022-05-17,DOT,2,0,2,0,0
2022-05-17,ETH,29,0,29,0,0
2022-05-17,LINK,1,0,1,0,0
2022-05-17,LTC,4,0,4,0,0
2022-05-17,MATIC,11,0,11,0,0
2022-05-17,SOL,7,0,7,0,0
2022-05-17,UNI,2,0,2,0,0
2022-05-18,ADA,3,0,3,0,0
2022-05-18,AVAX,6,0,6,0,0
2022-05-18,BTC,39,0,39,0,0
2022-05-18,DOGE,3,0,3,0,0
2022-05-18,DOT,7,0,7,0,0
2022-05-18,ETH,22,0,22,0,0
2022-05-18,LTC,1,0,1,0,0
2022-05-18,MATIC,13,0,13,0,0
2022-05-18,SHIBA,1,0,1,0,0
2022-05-18,SOL,13,0,13,0,0
2022-05-18,UNI,1,0,1,0,0
2022-05-18,XRP,3,0,3,0,0
2022-05-19,ADA,4,0,4,0,0
2022-05-19,AVAX,4,0,4,0,0
2022-05-19,BNB,2,0,2,0,0
2022-05-19,BTC,45,0,45,0,0
2022-05-19,DOGE,4,0,4,0,0
2022-05-19,DOT,2,0,2,0,0
2022-05-19,ETH,22,0,22,0,0
2022-05-19,LTC,3,0,3,0,0
2022-05-19,MATIC,6,0,6,0,0
2022-05-19,SOL,14,0,14,0,0
2022-05-19,UNI,2,0,2,0,0
2022-05-19,XRP,4,0,4,0,0
2022-05-20,ADA,2,0,2,0,0
2022-05-20,AVAX,4,0,4,0,0
2022-05-20,BTC,34,0,34,0,0
2022-05-20,DOGE,3,0,3,0,0
2022-05-20,DOT,1,0,1,0,0
2022-05-20,ETH,15,0,15,0,0
2022-05-20,LINK,1,0,1,0,0
2022-05-20,LTC,1,0,1,0,0
2022-05-20,MATIC,3,0,3,0,0
2022-05-20,SHIBA,1,0,1,0,0
2022-05-20,SOL,6,0,6,0,0
2022-05-20,XRP,3,0,3,0,0
2022-05-21,BTC,6,0,6,0,0
2022-05-21,DOT,1,0,1,0,0
2022-05-21,ETH,7,0,7,0,0
2022-05-21,LTC,1,0,1,0,0
2022-05-21,SOL,1,0,1,0,0
2022-05-21,UNI,1,0,1,0,0
2022-05-22,AVAX,1,0,1,0,0
2022-05-22,BNB,1,0,1,0,0
2022-05-22,BTC,9,0,9,0,0
2022-05-22,DOGE,1,0,1,0,0
2022-05-22,ETH,7,0,7,0,0
2022-05-22,MATIC,2,0,2,0,0
2022-05-22,SOL,2,0,2,0,0
2022-05-23,ADA,4,0,4,0,0
2022-05-23,AVAX,3,0,3,0,0
2022-05-23,BTC,38,0,38,0,0
2022-05-23,DOGE,2,0,2,0,0
2022-05-23,DOT,4,0,4,0,0
2022-05-23,ETH,22,0,22,0,0
2022-05-23,LTC,3,0,3,0,0
2022-05-23,MATIC,7,0,7,0,0
2022-05-23,SHIBA,2,0,2,0,0
2022-05-23,SOL,12,0,12,0,0
2022-05-23,UNI,4,0,4,0,0
2022-05-23,XRP,11,0,11,0,0
2022-05-24,ADA,3,0,3,0,0
2022-05-24,AVAX,4,0,4,0,0
2022-05-24,BTC,40,0,40,0,0
2022-05-24,DOGE,2,0,2,0,0
2022-05-24,DOT,5,0,5,0,0
2022-05-24,ETH,21,0,21,0,0
2022-05-24,LTC,1,0,1,0,0
2022-05-24,MATIC,4,0,4,0,0
2022-05-24,SHIBA,3,0,3,0,0
2022-05-24,SOL,10,0,10,0,0
2022-05-24,UNI,2,0,2,0,0
2022-05-24,XRP,4,0,4,0,0
2022-05-25,ADA,1,0,1,0,0
2022-05-25,AVAX,6,0,6,0,0
2022-05-25,BTC,45,0,45,0,0
2022-05-25,DOGE,3,0,3,0,0
2022-05-25,DOT,6,0,6,0,0
2022-05-25,ETH,29,0,29,0,0
2022-05-25,LINK,2,0,2,0,0
2022-05-25,LTC,1,0,1,0,0
2022-05-25,MATIC,8,0,8,0,0
2022-05-25,SHIBA,1,0,1,0,0
2022-05-25,SOL,18,0,18,0,0
2022-05-25,UNI,2,0,2,0,0
2022-05-25,XRP,4,0,4,0,0
2022-05-26,ADA,1,0,1,0,0
2022-05-26,AVAX,7,0,7,0,0
2022-05-26,BTC,35,0,35,0,0
2022-05-26,DOGE,4,0,4,0,0
2022-05-26,DOT,2,0,2,0,0
2022-05-26,ETH,17,0,17,0,0
2022-05-26,MATIC,5,0,5,0,0
2022-05-26,SHIBA,1,0,1,0,0
2022-05-26,SOL,10,0,10,0,0
2022-05-26,XRP,1,0,1,0,0
2022-05-27,ADA,4,0,4,0,0
2022-05-27,AVAX,4,0,4,0,0
2022-05-27,BNB,1,0,1,0,0
2022-05-27,BTC,33,0,33,0,0
2022-05-27,DOGE,6,0,6,0,0
2022-05-27,DOT,2,0,2,0,0
2022-05-27,ETH,20,0,20,0,0
2022-05-27,LTC,1,0,1,0,0
2022-05-27,MATIC,3,0,3,0,0
2022-05-27,SHIBA,3,0,3,0,0
2022-05-27,SOL,15,0,15,0,0
2022-05-27,XRP,5,0,5,0,0
2022-05-28,ADA,1,0,1,0,0
2022-05-28,AVAX,1,0,1,0,0
2022-05-28,BTC,9,0,9,0,0
2022-05-28,DOGE,1,0,1,0,0
2022-05-28,ETH,4,0,4,0,0
2022-05-28,MATIC,2,0,2,0,0
2022-05-28,SOL,2,0,2,0,0
2022-05-28,UNI,1,0,1,0,0
2022-05-29,BTC,8,0,8,0,0
2022-05-29,DOGE,3,0,3,0,0
2022-05-29,ETH,5,0,5,0,0
2022-05-29,LINK,1,0,1,0,0
2022-05-29,SHIBA,1,0,1,0,0
2022-05-29,UNI,1,0,1,0,0
2022-05-29,XRP,1,0,1,0,0
2022-05-30,ADA,6,0,6,0,0
2022-05-30,AVAX,4,0,4,0,0
2022-05-30,BNB,1,0,1,0,0
2022-05-30,BTC,30,0,30,0,0
2022-05-30,DOGE,4,0,4,0,0
2022-05-30,DOT,2,0,2,0,0
2022-05-30,ETH,12,0,12,0,0
2022-05-30,LINK,1,0,1,0,0
2022-05-30,MATIC,5,0,5,0,0
2022-05-30,SHIBA,1,0,1,0,0
2022-05-30,SOL,9,0,9,0,0
2022-05-30,XRP,5,0,5,0,0
2022-05-31,ADA,5,0,5,0,0
2022-05-31,AVAX,5,0,5,0,0
2022-05-31,BTC,34,0,34,0,0
2022-05-31,DOGE,3,0,3,0,0
2022-05-31,DOT,2,0,2,0,0
2022-05-31,ETH,20,0,20,0,0
2022-05-31,LINK,2,0,2,0,0
2022-05-31,MATIC,3,0,3,0,0
2022-05-31,SHIBA,2,0,2,0,0
2022-05-31,SOL,6,0,6,0,0
2022-05-31,TERRA,19,0,19,0,0
2022-05-31,UNI,1,0,1,0,0
2022-05-31,VECHAIN,1,0,1,0,0
2022-06-01,ADA,4,0,4,0,0
2022-06-01,AVAX,1,0,1,0,0
2022-06-01,BTC,23,0,23,0,0
2022-06-01,DOGE,4,0,4,0,0
2022-06-01,DOT,3,0,3,0,0
2022-06-01,ETH,9,0,9,0,0
2022-06-01,MATIC,5,0,5,0,0
2022-06-01,SHIBA,1,0,1,0,0
2022-06-01,SOL,4,0,4,0,0
2022-06-01,TERRA,8,0,8,0,0
2022-06-01,UNI,2,0,2,0,0
2022-06-01,XRP,3,0,3,0,0
2022-06-02,AVAX,2,0,2,0,0
2022-06-02,BTC,27,0,27,0,0
2022-06-02,DOGE,1,0,1,0,0
2022-06-02,ETH,14,0,14,0,0
2022-06-02,MATIC,3,0,3,0,0
2022-06-02,SOL,7,0,7,0,0
2022-06-02,TERRA,7,0,7,0,0
2022-06-02,XRP,2,0,2,0,0
2022-06-03,ADA,3,0,3,0,0
2022-06-03,BTC,27,0,27,0,0
2022-06-03,DOGE,2,0,2,0,0
2022-06-03,ETH,9,0,9,0,0
2022-06-03,LINK,4,0,4,0,0
2022-06-03,MATIC,1,0,1,0,0
2022-06-03,SOL,4,0,4,0,0
2022-06-03,TERRA,8,0,8,0,0
2022-06-03,XRP,2,0,2,0,0
2022-06-04,ADA,2,0,2,0,0
2022-06-04,BTC,4,0,4,0,0
2022-06-04,ETH,4,0,4,0,0
2022-06-04,SOL,2,0,2,0,0
2022-06-04,TERRA,3,0,3,0,0
2022-06-05,ADA,2,0,2,0,0
2022-06-05,AVAX,1,0,1,0,0
2022-06-05,BTC,7,0,7,0,0
2022-06-05,DOGE,1,0,1,0,0
2022-06-05,ETH,7,0,7,0,0
2022-06-05,SOL,2,0,2,0,0
2022-06-05,TERRA,2,0,2,0,0
2022-06-06,ADA,3,0,3,0,0
2022-06-06,AVAX,3,0,3,0,0
2022-06-06,BTC,21,0,21,0,0
2022-06-06,DOGE,2,0,2,0,0
2022-06-06,DOT,1,0,1,0,0
2022-06-06,ETH,9,0,9,0,0
2022-06-06,MATIC,2,0,2,0,0
2022-06-06,SHIBA,1,0,1,0,0
2022-06-06,SOL,4,0,4,0,0
2022-06-06,TERRA,3,0,3,0,0
2022-06-06,XRP,1,0,1,0,0
2022-06-07,ADA,1,0,1,0,0
2022-06-07,AVAX,4,0,4,0,0
2022-06-07,BNB,2,0,2,0,0
2022-06-07,BTC,22,0,22,0,0
2022-06-07,DOGE,1,0,1,0,0
2022-06-07,DOT,1,0,1,0,0
2022-06-07,ETH,21,0,21,0,0
2022-06-07,LINK,1,0,1,0,0
2022-06-07,LTC,2,0,2,0,0
2022-06-07,MATIC,5,0,5,0,0
2022-06-07,SOL,10,0,10,0,0
2022-06-07,TERRA,5,0,5,0,0
2022-06-07,XRP,1,0,1,0,0
2022-06-08,ADA,2,0,2,0,0
2022-06-08,AVAX,2,0,2,0,0
2022-06-08,BTC,19,0,19,0,0
2022-06-08,DOGE,2,0,2,0,0
2022-06-08,DOT,1,0,1,0,0
2022-06-08,ETH,17,0,17,0,0
2022-06-08,LTC,4,0,4,0,0
2022-06-08,MATIC,1,0,1,0,0
2022-06-08,SHIBA,1,0,1,0,0
2022-06-08,SOL,5,0,5,0,0
2022-06-08,TERRA,6,0,6,0,0
2022-06-08,XRP,1,0,1,0,0
2022-06-09,ADA,1,0,1,0,0
2022-06-09,AVAX,3,0,3,0,0
2022-06-09,BNB,1,0,1,0,0
2022-06-09,BTC,25,0,25,0,0
2022-06-09,DOT,1,0,1,0,0
2022-06-09,ETH,21,0,21,0,0
2022-06-09,LINK,2,0,2,0,0
2022-06-09,LTC,1,0,1,0,0
2022-06-09,MATIC,1,0,1,0,0
2022-06-09,SOL,8,0,8,0,0
2022-06-09,TERRA,13,0,13,0,0
2022-06-09,XRP,1,0,1,0,0
2022-06-10,ADA,3,0,3,0,0
2022-06-10,AVAX,3,0,3,0,0
2022-06-10,BNB,1,0,1,0,0
2022-06-10,BTC,36,0,36,0,0
2022-06-10,DOGE,3,0,3,0,0
2022-06-10,DOT,1,0,1,0,0
2022-06-10,ETH,20,0,20,0,0
2022-06-10,LINK,2,0,2,0,0
2022-06-10,LTC,2,0,2,0,0
2022-06-10,MATIC,4,0,4,0,0
2022-06-10,SHIBA,1,0,1,0,0
2022-06-10,SOL,8,0,8,0,0
2022-06-10,TERRA,8,0,8,0,0
2022-06-10,VECHAIN,1,0,1,0,0
2022-06-10,XRP,4,0,4,0,0
2022-06-11,ADA,1,0,1,0,0
2022-06-11,AVAX,1,0,1,0,0
2022-06-11,BNB,1,0,1,0,0
2022-06-11,BTC,13,0,13,0,0
2022-06-11,DOGE,1,0,1,0,0
2022-06-11,ETH,4,0,4,0,0
2022-06-11,LINK,1,0,1,0,0
2022-06-11,LTC,1,0,1,0,0
2022-06-11,SOL,1,0,1,0,0
2022-06-11,TERRA,1,0,1,0,0
2022-06-12,BTC,13,0,13,0,0
2022-06-12,DOGE,1,0,1,0,0
2022-06-12,DOT,1,0,1,0,0
2022-06-12,ETH,6,0,6,0,0
2022-06-12,SOL,2,0,2,0,0
2022-06-12,TERRA,4,0,4,0,0
2022-06-13,ADA,6,0,6,0,0
2022-06-13,AVAX,6,0,6,0,0
2022-06-13,BTC,54,0,54,0,0
2022-06-13,DOGE,8,0,8,0,0
2022-06-13,DOT,2,0,2,0,0
2022-06-13,ETH,24,0,24,0,0
2022-06-13,LINK,2,0,2,0,0
2022-06-13,LTC,3,0,3,0,0
2022-06-13,MATIC,2,0,2,0,0
2022-06-13,SOL,12,0,12,0,0
2022-06-13,TERRA,17,0,17,0,0
2022-06-13,UNI,2,0,2,0,0
2022-06-13,XRP,3,0,3,0,0
2022-06-14,ADA,2,0,2,0,0
2022-06-14,AVAX,1,0,1,0,0
2022-06-14,BNB,1,0,1,0,0
2022-06-14,BTC,43,0,43,0,0
2022-06-14,DOGE,2,0,2,0,0
2022-06-14,DOT,1,0,1,0,0
2022-06-14,ETH,15,0,15,0,0
2022-06-14,LINK,1,0,1,0,0
2022-06-14,MATIC,3,0,3,0,0
2022-06-14,SHIBA,1,0,1,0,0
2022-06-14,SOL,5,0,5,0,0
2022-06-14,TERRA,11,0,11,0,0
2022-06-14,XRP,2,0,2,0,0
2022-06-15,ADA,2,0,2,0,0
2022-06-15,AVAX,6,0,6,0,0
2022-06-15,BTC,50,0,50,0,0
2022-06-15,DOGE,2,0,2,0,0
2022-06-15,DOT,6,0,6,0,0
2022-06-15,ETH,20,0,20,0,0
2022-06-15,LINK,3,0,3,0,0
2022-06-15,LTC,1,0,1,0,0
2022-06-15,MATIC,6,0,6,0,0
2022-06-15,SHIBA,1,0,1,0,0
2022-06-15,SOL,14,0,14,0,0
2022-06-15,TERRA,16,0,16,0,0
2022-06-15,UNI,3,0,3,0,0
2022-06-15,XRP,1,0,1,0,0
2022-06-16,ADA,2,0,2,0,0
2022-06-16,AVAX,2,0,2,0,0
2022-06-16,BTC,45,0,45,0,0
2022-06-16,DOGE,3,0,3,0,0
2022-06-16,DOT,3,0,3,0,0
2022-06-16,ETH,17,0,17,0,0
2022-06-16,LTC,2,0,2,0,0
2022-06-16,SHIBA,1,0,1,0,0
2022-06-16,SOL,9,0,9,0,0
2022-06-16,TERRA,10,0,10,0,0
2022-06-16,UNI,1,0,1,0,0
2022-06-17,ADA,3,0,3,0,0
2022-06-17,AVAX,3,0,3,0,0
2022-06-17,BTC,41,0,41,0,0
2022-06-17,DOGE,5,0,5,0,0
2022-06-17,DOT,5,0,5,0,0
2022-06-17,ETH,21,0,21,0,0
2022-06-17,LINK,1,0,1,0,0
2022-06-17,MATIC,2,0,2,0,0
2022-06-17,SOL,5,0,5,0,0
2022-06-17,TERRA,17,0,17,0,0
2022-06-17,UNI,1,0,1,0,0
2022-06-17,XRP,9,0,9,0,0
2022-06-18,ADA,1,0,1,0,0
2022-06-18,BTC,10,0,10,0,0
2022-06-18,ETH,5,0,5,0,0
2022-06-18,MATIC,2,0,2,0,0
2022-06-18,SOL,1,0,1,0,0
2022-06-18,TERRA,7,0,7,0,0
2022-06-19,BTC,10,0,10,0,0
2022-06-19,DOGE,5,0,5,0,0
2022-06-19,ETH,3,0,3,0,0
2022-06-19,LINK,1,0,1,0,0
2022-06-19,LTC,1,0,1,0,0
2022-06-19,SOL,4,0,4,0,0
2022-06-19,TERRA,4,0,4,0,0
2022-06-19,XRP,1,0,1,0,0
2022-06-20,ADA,3,0,3,0,0
2022-06-20,AVAX,4,0,4,0,0
2022-06-20,BTC,42,0,42,0,0
2022-06-20,DOGE,3,0,3,0,0
2022-06-20,DOT,3,0,3,0,0
2022-06-20,ETH,14,0,14,0,0
2022-06-20,LINK,1,0,1,0,0
2022-06-20,MATIC,2,0,2,0,0
2022-06-20,SOL,11,0,11,0,0
2022-06-20,TERRA,9,0,9,0,0
2022-06-20,UNI,1,0,1,0,0
2022-06-20,XRP,1,0,1,0,0
2022-06-21,ADA,2,0,2,0,0
2022-06-21,AVAX,2,0,2,0,0
2022-06-21,BTC,37,0,37,0,0
2022-06-21,DOGE,8,0,8,0,0
2022-06-21,DOT,2,0,2,0,0
2022-06-21,ETH,18,0,18,0,0
2022-06-21,LINK,2,0,2,0,0
2022-06-21,MATIC,6,0,6,0,0
2022-06-21,SHIBA,3,0,3,0,0
2022-06-21,SOL,15,0,15,0,0
2022-06-21,TERRA,11,0,11,0,0
2022-06-21,UNI,4,0,4,0,0
2022-06-21,XRP,2,0,2,0,0
2022-06-22,ADA,3,0,3,0,0
2022-06-22,AVAX,1,0,1,0,0
2022-06-22,BTC,58,0,58,0,0
2022-06-22,DOGE,6,0,6,0,0
2022-06-22,DOT,1,0,1,0,0
2022-06-22,ETH,26,0,26,0,0
2022-06-22,LTC,1,0,1,0,0
2022-06-22,MATIC,5,0,5,0,0
2022-06-22,SHIBA,5,0,5,0,0
2022-06-22,SOL,18,0,18,0,0
2022-06-22,TERRA,6,0,6,0,0
2022-06-22,UNI,2,0,2,0,0
2022-06-22,XRP,2,0,2,0,0
2022-06-23,ADA,1,0,1,0,0
2022-06-23,AVAX,4,0,4,0,0
2022-06-23,BTC,38,0,38,0,0
2022-06-23,DOGE,1,0,1,0,0
2022-06-23,DOT,1,0,1,0,0
2022-06-23,ETH,9,0,9,0,0
2022-06-23,LTC,2,0,2,0,0
2022-06-23,MATIC,8,0,8,0,0
2022-06-23,SHIBA,1,0,1,0,0
2022-06-23,SOL,8,0,8,0,0
2022-06-23,TERRA,7,0,7,0,0
2022-06-23,UNI,2,0,2,0,0
2022-06-23,XRP,1,0,1,0,0
2022-06-24,ADA,4,0,4,0,0
2022-06-24,AVAX,2,0,2,0,0
2022-06-24,BTC,45,0,45,0,0
2022-06-24,DOGE,3,0,3,0,0
2022-06-24,DOT,1,0,1,0,0
2022-06-24,ETH,17,0,17,0,0
2022-06-24,MATIC,8,0,8,0,0
2022-06-24,SHIBA,1,0,1,0,0
2022-06-24,SOL,20,0,20,0,0
2022-06-24,TERRA,9,0,9,0,0
2022-06-24,UNI,3,0,3,0,0
2022-06-24,XRP,3,0,3,0,0
2022-06-25,ADA,1,0,1,0,0
2022-06-25,AVAX,1,0,1,0,0
2022-06-25,BTC,4,0,4,0,0
2022-06-25,ETH,5,0,5,0,0
2022-06-25,MATIC,2,0,2,0,0
2022-06-25,SHIBA,1,0,1,0,0
2022-06-25,SOL,1,0,1,0,0
2022-06-26,BTC,9,0,9,0,0
2022-06-26,DOGE,1,0,1,0,0
2022-06-26,ETH,8,0,8,0,0
2022-06-26,MATIC,2,0,2,0,0
2022-06-26,SOL,3,0,3,0,0
2022-06-26,TERRA,2,0,2,0,0
2022-06-26,UNI,1,0,1,0,0
2022-06-27,ADA,2,0,2,0,0
2022-06-27,AVAX,3,0,3,0,0
2022-06-27,BTC,42,0,42,0,0
2022-06-27,DOGE,5,0,5,0,0
2022-06-27,DOT,1,0,1,0,0
2022-06-27,ETH,16,0,16,0,0
2022-06-27,LINK,2,0,2,0,0
2022-06-27,MATIC,3,0,3,0,0
2022-06-27,SHIBA,1,0,1,0,0
2022-06-27,SOL,6,0,6,0,0
2022-06-27,TERRA,12,0,12,0,0
2022-06-27,UNI,1,0,1,0,0
2022-06-27,XRP,3,0,3,0,0
2022-06-28,ADA,3,0,3,0,0
2022-06-28,AVAX,1,0,1,0,0
2022-06-28,BNB,2,0,2,0,0
2022-06-28,BTC,50,0,50,0,0
2022-06-28,DOGE,6,0,6,0,0
2022-06-28,DOT,4,0,4,0,0
2022-06-28,ETH,25,0,25,0,0
2022-06-28,LINK,5,0,5,0,0
2022-06-28,MATIC,5,0,5,0,0
2022-06-28,SHIBA,5,0,5,0,0
2022-06-28,SOL,11,0,11,0,0
2022-06-28,TERRA,10,0,10,0,0
2022-06-28,UNI,3,0,3,0,0
2022-06-28,XRP,3,0,3,0,0
2022-06-29,ADA,2,0,2,0,0
2022-06-29,AVAX,3,0,3,0,0
2022-06-29,BNB,1,0,1,0,0
2022-06-29,BTC,58,0,58,0,0
2022-06-29,DOGE,2,0,2,0,0
2022-06-29,DOT,5,0,5,0,0
2022-06-29,ETH,22,0,22,0,0
2022-06-29,LINK,1,0,1,0,0
2022-06-29,MATIC,7,0,7,0,0
2022-06-29,SHIBA,2,0,2,0,0
2022-06-29,SOL,21,0,21,0,0
2022-06-29,TERRA,13,0,13,0,0
2022-06-29,UNI,2,0,2,0,0
2022-06-29,XRP,2,0,2,0,0
2022-06-30,ADA,1,0,1,0,0
2022-06-30,AVAX,3,0,3,0,0
2022-06-30,BNB,1,0,1,0,0
2022-06-30,BTC,55,0,55,0,0
2022-06-30,DOGE,2,0,2,0,0
2022-06-30,DOT,1,0,1,0,0
2022-06-30,ETH,19,0,19,0,0
2022-06-30,LTC,1,0,1,0,0
2022-06-30,MATIC,6,0,6,0,0
2022-06-30,SHIBA,1,0,1,0,0
2022-06-30,SOL,16,0,16,0,0
2022-06-30,TERRA,7,0,7,0,0
2022-06-30,XRP,2,0,2,0,0
2022-07-01,ADA,3,0,3,0,0
2022-07-01,AVAX,1,0,1,0,0
2022-07-01,BTC,57,0,57,0,0
2022-07-01,DOGE,1,0,1,0,0
2022-07-01,DOT,2,0,2,0,0
2022-07-01,ETH,16,0,16,0,0
2022-07-01,LTC,1,0,1,0,0
2022-07-01,MATIC,6,0,6,0,0
2022-07-01,SHIBA,1,0,1,0,0
2022-07-01,SOL,11,0,11,0,0
2022-07-01,TERRA,11,0,11,0,0
2022-07-01,UNI,2,0,2,0,0
2022-07-01,XRP,2,0,2,0,0
2022-07-02,AVAX,1,0,1,0,0
2022-07-02,BTC,9,0,9,0,0
2022-07-02,DOGE,1,0,1,0,0
2022-07-02,ETH,3,0,3,0,0
2022-07-02,MATIC,2,0,2,0,0
2022-07-02,SOL,3,0,3,0,0
2022-07-02,TERRA,2,0,2,0,0
2022-07-02,UNI,1,0,1,0,0
2022-07-03,AVAX,1,0,1,0,0
2022-07-03,BTC,11,0,11,0,0
2022-07-03,DOT,2,0,2,0,0
2022-07-03,ETH,8,0,8,0,0
2022-07-03,MATIC,2,0,2,0,0
2022-07-03,SHIBA,2,0,2,0,0
2022-07-03,SOL,2,0,2,0,0
2022-07-03,TERRA,3,0,3,0,0
2022-07-04,ADA,3,0,3,0,0
2022-07-04,AVAX,2,0,2,0,0
2022-07-04,BNB,1,0,1,0,0
2022-07-04,BTC,27,0,27,0,0
2022-07-04,DOGE,2,0,2,0,0
2022-07-04,DOT,2,0,2,0,0
2022-07-04,ETH,8,0,8,0,0
2022-07-04,MATIC,1,0,1,0,0
2022-07-04,SHIBA,1,0,1,0,0
2022-07-04,SOL,6,0,6,0,0
2022-07-04,TERRA,4,0,4,0,0
2022-07-05,ADA,1,0,1,0,0
2022-07-05,AVAX,4,0,4,0,0
2022-07-05,BTC,36,0,36,0,0
2022-07-05,DOT,2,0,2,0,0
2022-07-05,ETH,17,0,17,0,0
2022-07-05,LTC,1,0,1,0,0
2022-07-05,MATIC,5,0,5,0,0
2022-07-05,SOL,9,0,9,0,0
2022-07-05,TERRA,17,0,17,0,0
2022-07-06,ADA,2,0,2,0,0
2022-07-06,AVAX,3,0,3,0,0
2022-07-06,BTC,47,0,47,0,0
2022-07-06,DOGE,3,0,3,0,0
2022-07-06,DOT,1,0,1,0,0
2022-07-06,ETH,19,0,19,0,0
2022-07-06,MATIC,6,0,6,0,0
2022-07-06,SHIBA,2,0,2,0,0
2022-07-06,SOL,14,0,14,0,0
2022-07-06,TERRA,10,0,10,0,0
2022-07-06,UNI,1,0,1,0,0
2022-07-06,XRP,2,0,2,0,0
2022-07-07,AVAX,3,0,3,0,0
2022-07-07,BTC,48,0,48,0,0
2022-07-07,DOGE,2,0,2,0,0
2022-07-07,DOT,1,0,1,0,0
2022-07-07,ETH,27,0,27,0,0
2022-07-07,MATIC,9,0,9,0,0
2022-07-07,SHIBA,3,0,3,0,0
2022-07-07,SOL,17,0,17,0,0
2022-07-07,TERRA,9,0,9,0,0
2022-07-07,UNI,2,0,2,0,0
2022-07-08,ADA,4,0,4,0,0
2022-07-08,AVAX,1,0,1,0,0
2022-07-08,BNB,1,0,1,0,0
2022-07-08,BTC,45,0,45,0,0
2022-07-08,DOGE,4,0,4,0,0
2022-07-08,DOT,1,0,1,0,0
2022-07-08,ETH,19,0,19,0,0
2022-07-08,LINK,1,0,1,0,0
2022-07-08,MATIC,6,0,6,0,0
2022-07-08,SHIBA,3,0,3,0,0
2022-07-08,SOL,11,0,11,0,0
2022-07-08,TERRA,7,0,7,0,0
2022-07-08,UNI,1,0,1,0,0
2022-07-08,XRP,4,0,4,0,0
2022-07-09,ADA,1,0,1,0,0
2022-07-09,AVAX,3,0,3,0,0
2022-07-09,BTC,10,0,10,0,0
2022-07-09,DOT,2,0,2,0,0
2022-07-09,ETH,7,0,7,0,0
2022-07-09,MATIC,3,0,3,0,0
2022-07-09,SOL,1,0,1,0,0
2022-07-09,TERRA,4,0,4,0,0
2022-07-09,UNI,2,0,2,0,0
2022-07-10,ADA,1,0,1,0,0
2022-07-10,BTC,10,0,10,0,0
2022-07-10,ETH,5,0,5,0,0
2022-07-10,SOL,1,0,1,0,0
2022-07-10,TERRA,2,0,2,0,0
2022-07-10,UNI,1,0,1,0,0
2022-07-11,ADA,3,0,3,0,0
2022-07-11,AVAX,4,0,4,0,0
2022-07-11,BTC,32,0,32,0,0
2022-07-11,DOGE,3,0,3,0,0
2022-07-11,DOT,3,0,3,0,0
2022-07-11,ETH,18,0,18,0,0
2022-07-11,LINK,3,0,3,0,0
2022-07-11,MATIC,5,0,5,0,0
2022-07-11,SHIBA,1,0,1,0,0
2022-07-11,SOL,7,0,7,0,0
2022-07-11,TERRA,11,0,11,0,0
2022-07-11,UNI,1,0,1,0,0
2022-07-11,VECHAIN,1,0,1,0,0
2022-07-11,XRP,3,0,3,0,0
2022-07-12,AVAX,3,0,3,0,0
2022-07-12,BTC,53,0,53,0,0
2022-07-12,DOGE,2,0,2,0,0
2022-07-12,DOT,1,0,1,0,0
2022-07-12,ETH,24,0,24,0,0
2022-07-12,LINK,1,0,1,0,0
2022-07-12,MATIC,5,0,5,0,0
2022-07-12,SHIBA,1,0,1,0,0
2022-07-12,SOL,18,0,18,0,0
2022-07-12,TERRA,11,0,11,0,0
2022-07-12,UNI,2,0,2,0,0
2022-07-12,XRP,2,0,2,0,0
2022-07-13,ADA,4,0,4,0,0
2022-07-13,AVAX,1,0,1,0,0
2022-07-13,BTC,39,0,39,0,0
2022-07-13,DOGE,3,0,3,0,0
2022-07-13,DOT,1,0,1,0,0
2022-07-13,ETH,24,0,24,0,0
2022-07-13,LINK,1,0,1,0,0
2022-07-13,MATIC,5,0,5,0,0
2022-07-13,SHIBA,2,0,2,0,0
2022-07-13,SOL,13,0,13,0,0
2022-07-13,TERRA,10,0,10,0,0
2022-07-13,UNI,1,0,1,0,0
2022-07-13,XRP,4,0,4,0,0
2022-07-14,ADA,3,0,3,0,0
2022-07-14,AVAX,4,0,4,0,0
2022-07-14,BTC,53,0,53,0,0
2022-07-14,DOGE,1,0,1,0,0
2022-07-14,DOT,3,0,3,0,0
2022-07-14,ETH,25,0,25,0,0
2022-07-14,LTC,2,0,2,0,0
2022-07-14,MATIC,12,0,12,0,0
2022-07-14,SHIBA,1,0,1,0,0
2022-07-14,SOL,7,0,7,0,0
2022-07-14,TERRA,12,0,12,0,0
2022-07-14,UNI,4,0,4,0,0
2022-07-14,XRP,4,0,4,0,0
2022-07-15,ADA,1,0,1,0,0
2022-07-15,AVAX,4,0,4,0,0
2022-07-15,BTC,39,0,39,0,0
2022-07-15,DOGE,2,0,2,0,0
2022-07-15,DOT,2,0,2,0,0
2022-07-15,ETH,25,0,25,0,0
2022-07-15,LINK,1,0,1,0,0
2022-07-15,MATIC,5,0,5,0,0
2022-07-15,SHIBA,2,0,2,0,0
2022-07-15,SOL,10,0,10,0,0
2022-07-15,TERRA,12,0,12,0,0
2022-07-15,UNI,7,0,7,0,0
2022-07-15,XRP,2,0,2,0,0
2022-07-16,ADA,1,0,1,0,0
2022-07-16,BTC,9,0,9,0,0
2022-07-16,DOGE,1,0,1,0,0
2022-07-16,ETH,5,0,5,0,0
2022-07-16,MATIC,1,0,1,0,0
2022-07-16,SOL,1,0,1,0,0
2022-07-17,AVAX,2,0,2,0,0
2022-07-17,BTC,12,0,12,0,0
2022-07-17,DOGE,1,0,1,0,0
2022-07-17,ETH,9,0,9,0,0
2022-07-17,LINK,1,0,1,0,0
2022-07-17,MATIC,3,0,3,0,0
2022-07-17,SOL,1,0,1,0,0
2022-07-17,UNI,1,0,1,0,0
2022-07-18,ADA,2,0,2,0,0
2022-07-18,AVAX,3,0,3,0,0
2022-07-18,BTC,40,0,40,0,0
2022-07-18,DOGE,2,0,2,0,0
2022-07-18,DOT,1,0,1,0,0
2022-07-18,ETH,24,0,24,0,0
2022-07-18,MATIC,6,0,6,0,0
2022-07-18,SOL,6,0,6,0,0
2022-07-18,TERRA,12,0,12,0,0
2022-07-18,UNI,1,0,1,0,0
2022-07-18,XRP,3,0,3,0,0
2022-07-19,ADA,2,0,2,0,0
2022-07-19,AVAX,3,0,3,0,0
2022-07-19,BNB,1,0,1,0,0
2022-07-19,BTC,49,0,49,0,0
2022-07-19,DOGE,2,0,2,0,0
2022-07-19,DOT,3,0,3,0,0
2022-07-19,ETH,33,0,33,0,0
2022-07-19,LINK,1,0,1,0,0
2022-07-19,LTC,1,0,1,0,0
2022-07-19,MATIC,8,0,8,0,0
2022-07-19,SOL,12,0,12,0,0
2022-07-19,TERRA,12,0,12,0,0
2022-07-19,UNI,1,0,1,0,0
2022-07-19,VECHAIN,1,0,1,0,0
2022-07-20,ADA,3,0,3,0,0
2022-07-20,AVAX,2,0,2,0,0
2022-07-20,BTC,45,0,45,0,0
2022-07-20,DOGE,7,0,7,0,0
2022-07-20,DOT,1,0,1,0,0
2022-07-20,ETH,31,0,31,0,0
2022-07-20,LTC,2,0,2,0,0
2022-07-20,MATIC,14,0,14,0,0
2022-07-20,SHIBA,2,0,2,0,0
2022-07-20,SOL,12,0,12,0,0
2022-07-20,TERRA,10,0,10,0,0
2022-07-20,XRP,7,0,7,0,0
2022-07-21,ADA,3,0,3,0,0
2022-07-21,AVAX,1,0,1,0,0
2022-07-21,BTC,42,0,42,0,0
2022-07-21,DOGE,6,0,6,0,0
2022-07-21,DOT,1,0,1,0,0
2022-07-21,ETH,26,0,26,0,0
2022-07-21,MATIC,5,0,5,0,0
2022-07-21,SHIBA,1,0,1,0,0
2022-07-21,SOL,9,0,9,0,0
2022-07-21,TERRA,6,0,6,0,0
2022-07-21,UNI,1,0,1,0,0
2022-07-21,XRP,1,0,1,0,0
2022-07-22,ADA,4,0,4,0,0
2022-07-22,AVAX,6,0,6,0,0
2022-07-22,BTC,47,0,47,0,0
2022-07-22,DOGE,6,0,6,0,0
2022-07-22,DOT,6,0,6,0,0
2022-07-22,ETH,24,0,24,0,0
2022-07-22,LINK,2,0,2,0,0
2022-07-22,LTC,2,0,2,0,0
2022-07-22,MATIC,6,0,6,0,0
2022-07-22,SOL,13,0,13,0,0
2022-07-22,TERRA,15,0,15,0,0
2022-07-22,UNI,2,0,2,0,0
2022-07-22,VECHAIN,2,0,2,0,0
2022-07-22,XRP,4,0,4,0,0
2022-07-23,ADA,2,0,2,0,0
2022-07-23,AVAX,1,0,1,0,0
2022-07-23,BTC,6,0,6,0,0
2022-07-23,DOGE,1,0,1,0,0
2022-07-23,DOT,1,0,1,0,0
2022-07-23,ETH,3,0,3,0,0
2022-07-23,SOL,2,0,2,0,0
2022-07-24,ADA,1,0,1,0,0
2022-07-24,BTC,5,0,5,0,0
2022-07-24,ETH,5,0,5,0,0
2022-07-24,SOL,1,0,1,0,0
2022-07-25,ADA,3,0,3,0,0
2022-07-25,AVAX,7,0,7,0,0
2022-07-25,BTC,39,0,39,0,0
2022-07-25,DOGE,5,0,5,0,0
2022-07-25,DOT,1,0,1,0,0
2022-07-25,ETH,16,0,16,0,0
2022-07-25,LINK,1,0,1,0,0
2022-07-25,MATIC,4,0,4,0,0
2022-07-25,SOL,13,0,13,0,0
2022-07-25,TERRA,9,0,9,0,0
2022-07-25,UNI,1,0,1,0,0
2022-07-25,XRP,2,0,2,0,0
2022-07-26,AVAX,1,0,1,0,0
2022-07-26,BTC,46,0,46,0,0
2022-07-26,DOGE,4,0,4,0,0
2022-07-26,ETH,21,0,21,0,0
2022-07-26,LINK,1,0,1,0,0
2022-07-26,MATIC,5,0,5,0,0
2022-07-26,SOL,8,0,8,0,0
2022-07-26,TERRA,6,0,6,0,0
2022-07-26,XRP,4,0,4,0,0
2022-07-27,ADA,2,0,2,0,0
2022-07-27,AVAX,5,0,5,0,0
2022-07-27,BNB,1,0,1,0,0
2022-07-27,BTC,43,0,43,0,0
2022-07-27,DOGE,3,0,3,0,0
2022-07-27,DOT,2,0,2,0,0
2022-07-27,ETH,31,0,31,0,0
2022-07-27,LINK,1,0,1,0,0
2022-07-27,LTC,2,0,2,0,0
2022-07-27,MATIC,12,0,12,0,0
2022-07-27,SOL,13,0,13,0,0
2022-07-27,TERRA,7,0,7,0,0
2022-07-27,UNI,1,0,1,0,0
2022-07-27,XRP,3,0,3,0,0
2022-07-28,ADA,1,0,1,0,0
2022-07-28,AVAX,1,0,1,0,0
2022-07-28,BTC,41,0,41,0,0
2022-07-28,DOT,4,0,4,0,0
2022-07-28,ETH,28,0,28,0,0
2022-07-28,LINK,1,0,1,0,0
2022-07-28,MATIC,5,0,5,0,0
2022-07-28,SOL,9,0,9,0,0
2022-07-28,TERRA,2,0,2,0,0
2022-07-28,UNI,3,0,3,0,0
2022-07-29,ADA,4,0,4,0,0
2022-07-29,AVAX,2,0,2,0,0
2022-07-29,BTC,49,0,49,0,0
2022-07-29,DOGE,5,0,5,0,0
2022-07-29,DOT,3,0,3,0,0
2022-07-29,ETH,24,0,24,0,0
2022-07-29,LINK,2,0,2,0,0
2022-07-29,LTC,2,0,2,0,0
2022-07-29,MATIC,8,0,8,0,0
2022-07-29,SHIBA,1,0,1,0,0
2022-07-29,SOL,12,0,12,0,0
2022-07-29,TERRA,9,0,9,0,0
2022-07-29,UNI,2,0,2,0,0
2022-07-29,XRP,4,0,4,0,0
2022-07-30,ADA,1,0,1,0,0
2022-07-30,BTC,5,0,5,0,0
2022-07-30,ETH,3,0,3,0,0
2022-07-30,MATIC,2,0,2,0,0
2022-07-30,SOL,1,0,1,0,0
2022-07-30,UNI,1,0,1,0,0
2022-07-31,BNB,1,0,1,0,0
2022-07-31,BTC,6,0,6,0,0
2022-07-31,DOGE,1,0,1,0,0
2022-07-31,DOT,1,0,1,0,0
2022-07-31,ETH,6,0,6,0,0
2022-07-31,SOL,1,0,1,0,0
2022-07-31,TERRA,2,0,2,0,0
2022-07-31,UNI,1,0,1,0,0
2022-08-01,ADA,2,0,2,0,0
2022-08-01,AVAX,7,0,7,0,0
2022-08-01,BNB,1,0,1,0,0
2022-08-01,BTC,35,0,35,0,0
2022-08-01,DOGE,1,0,1,0,0
2022-08-01,DOT,4,0,4,0,0
2022-08-01,ETH,31,0,31,0,0
2022-08-01,LINK,1,0,1,0,0
2022-08-01,MATIC,8,0,8,0,0
2022-08-01,SOL,12,0,12,0,0
2022-08-01,TERRA,8,0,8,0,0
2022-08-01,XRP,1,0,1,0,0
2022-08-02,ADA,5,0,5,0,0
2022-08-02,AVAX,5,0,5,0,0
2022-08-02,BTC,52,0,52,0,0
2022-08-02,DOGE,2,0,2,0,0
2022-08-02,DOT,4,0,4,0,0
2022-08-02,ETH,34,0,34,0,0
2022-08-02,LINK,4,0,4,0,0
2022-08-02,MATIC,12,0,12,0,0
2022-08-02,SHIBA,1,0,1,0,0
2022-08-02,SOL,17,0,17,0,0
2022-08-02,TERRA,9,0,9,0,0
2022-08-02,UNI,2,0,2,0,0
2022-08-03,ADA,2,0,2,0,0
2022-08-03,AVAX,7,0,7,0,0
2022-08-03,BNB,1,0,1,0,0
2022-08-03,BTC,50,0,50,0,0
2022-08-03,DOGE,2,0,2,0,0
2022-08-03,DOT,4,0,4,0,0
2022-08-03,ETH,31,0,31,0,0
2022-08-03,LINK,2,0,2,0,0
2022-08-03,LTC,1,0,1,0,0
2022-08-03,MATIC,8,0,8,0,0
2022-08-03,SHIBA,2,0,2,0,0
2022-08-03,SOL,28,0,28,0,0
2022-08-03,TERRA,6,0,6,0,0
2022-08-03,UNI,2,0,2,0,0
2022-08-04,ADA,1,0,1,0,0
2022-08-04,AVAX,2,0,2,0,0
2022-08-04,BTC,45,0,45,0,0
2022-08-04,DOGE,1,0,1,0,0
2022-08-04,DOT,4,0,4,0,0
2022-08-04,ETH,24,0,24,0,0
2022-08-04,LTC,1,0,1,0,0
2022-08-04,MATIC,9,0,9,0,0
2022-08-04,SHIBA,1,0,1,0,0
2022-08-04,SOL,13,0,13,0,0
2022-08-04,TERRA,7,0,7,0,0
2022-08-04,XRP,1,0,1,0,0
2022-08-05,ADA,3,0,3,0,0
2022-08-05,AVAX,4,0,4,0,0
2022-08-05,BTC,34,0,34,0,0
2022-08-05,DOGE,2,0,2,0,0
2022-08-05,DOT,4,0,4,0,0
2022-08-05,ETH,19,0,19,0,0
2022-08-05,LINK,2,0,2,0,0
2022-08-05,LTC,1,0,1,0,0
2022-08-05,MATIC,3,0,3,0,0
2022-08-05,SHIBA,1,0,1,0,0
2022-08-05,SOL,13,0,13,0,0
2022-08-05,TERRA,7,0,7,0,0
2022-08-05,UNI,3,0,3,0,0
2022-08-05,VECHAIN,1,0,1,0,0
2022-08-05,XRP,3,0,3,0,0
2022-08-06,ADA,1,0,1,0,0
2022-08-06,AVAX,1,0,1,0,0
2022-08-06,BTC,8,0,8,0,0
2022-08-06,ETH,5,0,5,0,0
2022-08-06,LINK,1,0,1,0,0
2022-08-06,MATIC,1,0,1,0,0
2022-08-06,XRP,2,0,2,0,0
2022-08-07,BTC,5,0,5,0,0
2022-08-07,DOT,1,0,1,0,0
2022-08-07,ETH,4,0,4,0,0
2022-08-07,LINK,2,0,2,0,0
2022-08-07,MATIC,1,0,1,0,0
2022-08-07,SOL,1,0,1,0,0
2022-08-07,TERRA,1,0,1,0,0
2022-08-08,ADA,2,0,2,0,0
2022-08-08,AVAX,7,0,7,0,0
2022-08-08,BNB,1,0,1,0,0
2022-08-08,BTC,48,0,48,0,0
2022-08-08,DOGE,2,0,2,0,0
2022-08-08,DOT,7,0,7,0,0
2022-08-08,ETH,38,0,38,0,0
2022-08-08,LINK,4,0,4,0,0
2022-08-08,LTC,1,0,1,0,0
2022-08-08,MATIC,7,0,7,0,0
2022-08-08,SOL,16,0,16,0,0
2022-08-08,TERRA,8,0,8,0,0
2022-08-08,XRP,1,0,1,0,0
2022-08-09,ADA,2,0,2,0,0
2022-08-09,AVAX,2,0,2,0,0
2022-08-09,BTC,47,0,47,0,0
2022-08-09,DOGE,1,0,1,0,0
2022-08-09,DOT,1,0,1,0,0
2022-08-09,ETH,34,0,34,0,0
2022-08-09,LINK,4,0,4,0,0
2022-08-09,LTC,2,0,2,0,0
2022-08-09,MATIC,8,0,8,0,0
2022-08-09,SOL,13,0,13,0,0
2022-08-09,TERRA,8,0,8,0,0
2022-08-09,UNI,4,0,4,0,0
2022-08-09,XRP,2,0,2,0,0
2022-08-10,ADA,3,0,3,0,0
2022-08-10,AVAX,4,0,4,0,0
2022-08-10,BTC,39,0,39,0,0
2022-08-10,DOGE,2,0,2,0,0
2022-08-10,DOT,4,0,4,0,0
2022-08-10,ETH,28,0,28,0,0
2022-08-10,LINK,1,0,1,0,0
2022-08-10,MATIC,4,0,4,0,0
2022-08-10,SOL,19,0,19,0,0
2022-08-10,TERRA,10,0,10,0,0
2022-08-10,UNI,1,0,1,0,0
2022-08-10,XRP,5,0,5,0,0
2022-08-11,ADA,1,0,1,0,0
2022-08-11,AVAX,4,0,4,0,0
2022-08-11,BTC,44,0,44,0,0
2022-08-11,DOGE,1,0,1,0,0
2022-08-11,DOT,5,0,5,0,0
2022-08-11,ETH,38,0,38,0,0
2022-08-11,LINK,1,0,1,0,0
2022-08-11,LTC,1,0,1,0,0
2022-08-11,MATIC,4,0,4,0,0
2022-08-11,SOL,14,0,14,0,0
2022-08-11,TERRA,7,0,7,0,0
2022-08-11,UNI,2,0,2,0,0
2022-08-11,XRP,2,0,2,0,0
2022-08-12,ADA,1,0,1,0,0
2022-08-12,AVAX,5,0,5,0,0
2022-08-12,BTC,37,0,37,0,0
2022-08-12,DOGE,4,0,4,0,0
2022-08-12,DOT,3,0,3,0,0
2022-08-12,ETH,35,0,35,0,0
2022-08-12,LINK,4,0,4,0,0
2022-08-12,LTC,3,0,3,0,0
2022-08-12,MATIC,1,0,1,0,0
2022-08-12,SOL,12,0,12,0,0
2022-08-12,TERRA,7,0,7,0,0
2022-08-12,XRP,5,0,5,0,0
2022-08-13,AVAX,1,0,1,0,0
2022-08-13,BTC,8,0,8,0,0
2022-08-13,ETH,6,0,6,0,0
2022-08-13,MATIC,1,0,1,0,0
2022-08-13,SOL,3,0,3,0,0
2022-08-13,TERRA,1,0,1,0,0
2022-08-13,XRP,2,0,2,0,0
2022-08-14,ADA,1,0,1,0,0
2022-08-14,BTC,7,0,7,0,0
2022-08-14,DOGE,1,0,1,0,0
2022-08-14,ETH,6,0,6,0,0
2022-08-14,LINK,1,0,1,0,0
2022-08-14,SHIBA,1,0,1,0,0
2022-08-14,TERRA,2,0,2,0,0
2022-08-14,UNI,1,0,1,0,0
2022-08-15,ADA,2,0,2,0,0
2022-08-15,AVAX,1,0,1,0,0
2022-08-15,BTC,33,0,33,0,0
2022-08-15,DOGE,6,0,6,0,0
2022-08-15,DOT,5,0,5,0,0
2022-08-15,ETH,21,0,21,0,0
2022-08-15,LINK,2,0,2,0,0
2022-08-15,MATIC,3,0,3,0,0
2022-08-15,SHIBA,6,0,6,0,0
2022-08-15,SOL,10,0,10,0,0
2022-08-15,TERRA,8,0,8,0,0
2022-08-15,UNI,2,0,2,0,0
2022-08-15,XRP,1,0,1,0,0
2022-08-16,ADA,1,0,1,0,0
2022-08-16,AVAX,2,0,2,0,0
2022-08-16,BTC,42,0,42,0,0
2022-08-16,DOGE,8,0,8,0,0
2022-08-16,DOT,2,0,2,0,0
2022-08-16,ETH,27,0,27,0,0
2022-08-16,LINK,2,0,2,0,0
2022-08-16,MATIC,2,0,2,0,0
2022-08-16,SHIBA,2,0,2,0,0
2022-08-16,SOL,11,0,11,0,0
2022-08-16,TERRA,9,0,9,0,0
2022-08-16,XRP,1,0,1,0,0
2022-08-17,ADA,2,0,2,0,0
2022-08-17,AVAX,3,0,3,0,0
2022-08-17,BTC,62,0,62,0,0
2022-08-17,DOGE,8,0,8,0,0
2022-08-17,DOT,7,0,7,0,0
2022-08-17,ETH,36,0,36,0,0
2022-08-17,LINK,1,0,1,0,0
2022-08-17,LTC,1,0,1,0,0
2022-08-17,MATIC,5,0,5,0,0
2022-08-17,SHIBA,5,0,5,0,0
2022-08-17,SOL,12,0,12,0,0
2022-08-17,TERRA,9,0,9,0,0
2022-08-17,UNI,2,0,2,0,0
2022-08-17,XRP,4,0,4,0,0
2022-08-18,ADA,1,0,1,0,0
2022-08-18,AVAX,2,0,2,0,0
2022-08-18,BTC,40,0,40,0,0
2022-08-18,DOGE,4,0,4,0,0
2022-08-18,ETH,34,0,34,0,0
2022-08-18,LTC,3,0,3,0,0
2022-08-18,MATIC,6,0,6,0,0
2022-08-18,SHIBA,2,0,2,0,0
2022-08-18,SOL,10,0,10,0,0
2022-08-18,TERRA,6,0,6,0,0
2022-08-18,UNI,1,0,1,0,0
2022-08-18,XRP,4,0,4,0,0
2022-08-19,ADA,2,0,2,0,0
2022-08-19,AVAX,3,0,3,0,0
2022-08-19,BTC,40,0,40,0,0
2022-08-19,DOGE,4,0,4,0,0
2022-08-19,DOT,2,0,2,0,0
2022-08-19,ETH,24,0,24,0,0
2022-08-19,MATIC,5,0,5,0,0
2022-08-19,SHIBA,2,0,2,0,0
2022-08-19,SOL,6,0,6,0,0
2022-08-19,TERRA,8,0,8,0,0
2022-08-19,XRP,4,0,4,0,0
2022-08-20,BTC,5,0,5,0,0
2022-08-20,DOGE,1,0,1,0,0
2022-08-20,ETH,5,0,5,0,0
2022-08-20,TERRA,2,0,2,0,0
2022-08-21,BNB,1,0,1,0,0
2022-08-21,BTC,4,0,4,0,0
2022-08-21,ETH,3,0,3,0,0
2022-08-21,LTC,1,0,1,0,0
2022-08-22,ADA,4,0,4,0,0
2022-08-22,AVAX,1,0,1,0,0
2022-08-22,BNB,2,0,2,0,0
2022-08-22,BTC,34,0,34,0,0
2022-08-22,DOGE,3,0,3,0,0
2022-08-22,DOT,4,0,4,0,0
2022-08-22,ETH,18,0,18,0,0
2022-08-22,LTC,1,0,1,0,0
2022-08-22,MATIC,2,0,2,0,0
2022-08-22,SHIBA,3,0,3,0,0
2022-08-22,SOL,13,0,13,0,0
2022-08-22,TERRA,3,0,3,0,0
2022-08-22,UNI,5,0,5,0,0
2022-08-22,XRP,2,0,2,0,0
2022-08-23,AVAX,1,0,1,0,0
2022-08-23,BTC,36,0,36,0,0
2022-08-23,DOGE,1,0,1,0,0
2022-08-23,DOT,3,0,3,0,0
2022-08-23,ETH,21,0,21,0,0
2022-08-23,LINK,1,0,1,0,0
2022-08-23,SHIBA,1,0,1,0,0
2022-08-23,SOL,10,0,10,0,0
2022-08-23,TERRA,5,0,5,0,0
2022-08-23,XRP,1,0,1,0,0
2022-08-24,ADA,3,0,3,0,0
2022-08-24,AVAX,3,0,3,0,0
2022-08-24,BTC,40,0,40,0,0
2022-08-24,DOGE,5,0,5,0,0
2022-08-24,DOT,3,0,3,0,0
2022-08-24,ETH,24,0,24,0,0
2022-08-24,LINK,1,0,1,0,0
2022-08-24,LTC,2,0,2,0,0
2022-08-24,MATIC,3,0,3,0,0
2022-08-24,SHIBA,1,0,1,0,0
2022-08-24,SOL,8,0,8,0,0
2022-08-24,TERRA,7,0,7,0,0
2022-08-24,UNI,3,0,3,0,0
2022-08-24,XRP,1,0,1,0,0
2022-08-25,ADA,1,0,1,0,0
2022-08-25,AVAX,4,0,4,0,0
2022-08-25,BTC,39,0,39,0,0
2022-08-25,DOGE,5,0,5,0,0
2022-08-25,DOT,1,0,1,0,0
2022-08-25,ETH,28,0,28,0,0
2022-08-25,LINK,1,0,1,0,0
2022-08-25,LTC,4,0,4,0,0
2022-08-25,MATIC,9,0,9,0,0
2022-08-25,SHIBA,3,0,3,0,0
2022-08-25,SOL,3,0,3,0,0
2022-08-25,TERRA,4,0,4,0,0
2022-08-25,UNI,4,0,4,0,0
2022-08-25,XRP,1,0,1,0,0
2022-08-26,ADA,5,0,5,0,0
2022-08-26,AVAX,2,0,2,0,0
2022-08-26,BTC,44,0,44,0,0
2022-08-26,DOGE,3,0,3,0,0
2022-08-26,DOT,1,0,1,0,0
2022-08-26,ETH,25,0,25,0,0
2022-08-26,LINK,2,0,2,0,0
2022-08-26,MATIC,4,0,4,0,0
2022-08-26,SHIBA,3,0,3,0,0
2022-08-26,SOL,12,0,12,0,0
2022-08-26,TERRA,4,0,4,0,0
2022-08-26,UNI,2,0,2,0,0
2022-08-26,XRP,4,0,4,0,0
2022-08-27,ADA,3,0,3,0,0
2022-08-27,AVAX,2,0,2,0,0
2022-08-27,BTC,13,0,13,0,0
2022-08-27,DOGE,1,0,1,0,0
2022-08-27,ETH,9,0,9,0,0
2022-08-27,SOL,3,0,3,0,0
2022-08-27,UNI,1,0,1,0,0
2022-08-28,BTC,9,0,9,0,0
2022-08-28,DOT,1,0,1,0,0
2022-08-28,ETH,2,0,2,0,0
2022-08-28,MATIC,2,0,2,0,0
2022-08-28,SOL,1,0,1,0,0
2022-08-28,TERRA,2,0,2,0,0
2022-08-29,ADA,5,0,5,0,0
2022-08-29,AVAX,7,0,7,0,0
2022-08-29,BTC,32,0,32,0,0
2022-08-29,DOGE,3,0,3,0,0
2022-08-29,DOT,3,0,3,0,0
2022-08-29,ETH,28,0,28,0,0
2022-08-29,LINK,1,0,1,0,0
2022-08-29,MATIC,12,0,12,0,0
2022-08-29,SHIBA,1,0,1,0,0
2022-08-29,SOL,12,0,12,0,0
2022-08-29,TERRA,3,0,3,0,0
2022-08-29,UNI,3,0,3,0,0
2022-08-29,XRP,4,0,4,0,0
2022-08-30,ADA,1,0,1,0,0
2022-08-30,AVAX,7,0,7,0,0
2022-08-30,BTC,36,0,36,0,0
2022-08-30,DOGE,2,0,2,0,0
2022-08-30,DOT,2,0,2,0,0
2022-08-30,ETH,24,0,24,0,0
2022-08-30,LINK,1,0,1,0,0
2022-08-30,MATIC,4,0,4,0,0
2022-08-30,SOL,17,0,17,0,0
2022-08-30,TERRA,8,0,8,0,0
2022-08-30,UNI,3,0,3,0,0
2022-08-30,XRP,2,0,2,0,0
2022-08-31,ADA,3,0,3,0,0
2022-08-31,AVAX,5,0,5,0,0
2022-08-31,BTC,43,0,43,0,0
2022-08-31,DOGE,2,0,2,0,0
2022-08-31,DOT,3,0,3,0,0
2022-08-31,ETH,27,0,27,0,0
2022-08-31,LTC,1,0,1,0,0
2022-08-31,MATIC,8,0,8,0,0
2022-08-31,SHIBA,3,0,3,0,0
2022-08-31,SOL,14,0,14,0,0
2022-08-31,TERRA,9,0,9,0,0
2022-08-31,UNI,2,0,2,0,0
2022-08-31,XRP,2,0,2,0,0
2022-09-01,ADA,4,0,4,0,0
2022-09-01,AVAX,8,0,8,0,0
2022-09-01,BTC,39,0,39,0,0
2022-09-01,DOGE,1,0,1,0,0
2022-09-01,ETH,23,0,23,0,0
2022-09-01,LINK,1,0,1,0,0
2022-09-01,LTC,1,0,1,0,0
2022-09-01,MATIC,3,0,3,0,0
2022-09-01,SOL,14,0,14,0,0
2022-09-01,TERRA,5,0,5,0,0
2022-09-01,XRP,3,0,3,0,0
2022-09-02,ADA,4,0,4,0,0
2022-09-02,AVAX,2,0,2,0,0
2022-09-02,BTC,38,0,38,0,0
2022-09-02,DOGE,3,0,3,0,0
2022-09-02,DOT,3,0,3,0,0
2022-09-02,ETH,22,0,22,0,0
2022-09-02,LINK,3,0,3,0,0
2022-09-02,MATIC,6,0,6,0,0
2022-09-02,SHIBA,1,0,1,0,0
2022-09-02,SOL,11,0,11,0,0
2022-09-02,TERRA,5,0,5,0,0
2022-09-02,UNI,2,0,2,0,0
2022-09-02,XRP,1,0,1,0,0
2022-09-03,AVAX,1,0,1,0,0
2022-09-03,BTC,7,0,7,0,0
2022-09-03,ETH,6,0,6,0,0
2022-09-03,LTC,1,0,1,0,0
2022-09-03,MATIC,1,0,1,0,0
2022-09-03,TERRA,1,0,1,0,0
2022-09-04,ADA,1,0,1,0,0
2022-09-04,AVAX,1,0,1,0,0
2022-09-04,BTC,7,0,7,0,0
2022-09-04,ETH,5,0,5,0,0
2022-09-04,MATIC,1,0,1,0,0
2022-09-04,SOL,1,0,1,0,0
2022-09-04,XRP,1,0,1,0,0
2022-09-05,ADA,3,0,3,0,0
2022-09-05,AVAX,2,0,2,0,0
2022-09-05,BTC,27,0,27,0,0
2022-09-05,DOGE,1,0,1,0,0
2022-09-05,DOT,2,0,2,0,0
2022-09-05,ETH,18,0,18,0,0
2022-09-05,LINK,3,0,3,0,0
2022-09-05,MATIC,4,0,4,0,0
2022-09-05,SHIBA,3,0,3,0,0
2022-09-05,SOL,5,0,5,0,0
2022-09-05,TERRA,7,0,7,0,0
2022-09-05,UNI,1,0,1,0,0
2022-09-05,XRP,6,0,6,0,0
2022-09-06,ADA,1,0,1,0,0
2022-09-06,AVAX,3,0,3,0,0
2022-09-06,BTC,45,0,45,0,0
2022-09-06,DOGE,1,0,1,0,0
2022-09-06,DOT,1,0,1,0,0
2022-09-06,ETH,37,0,37,0,0
2022-09-06,LINK,1,0,1,0,0
2022-09-06,LTC,2,0,2,0,0
2022-09-06,MATIC,3,0,3,0,0
2022-09-06,SOL,9,0,9,0,0
2022-09-06,TERRA,3,0,3,0,0
2022-09-06,UNI,2,0,2,0,0
2022-09-07,ADA,6,0,6,0,0
2022-09-07,AVAX,4,0,4,0,0
2022-09-07,BTC,49,0,49,0,0
2022-09-07,DOGE,2,0,2,0,0
2022-09-07,DOT,5,0,5,0,0
2022-09-07,ETH,38,0,38,0,0
2022-09-07,LINK,3,0,3,0,0
2022-09-07,MATIC,7,0,7,0,0
2022-09-07,SHIBA,2,0,2,0,0
2022-09-07,SOL,10,0,10,0,0
2022-09-07,TERRA,10,0,10,0,0
2022-09-07,UNI,3,0,3,0,0
2022-09-07,XRP,4,0,4,0,0
2022-09-08,ADA,3,0,3,0,0
2022-09-08,AVAX,5,0,5,0,0
2022-09-08,BTC,40,0,40,0,0
2022-09-08,DOGE,2,0,2,0,0
2022-09-08,DOT,1,0,1,0,0
2022-09-08,ETH,44,0,44,0,0
2022-09-08,LINK,4,0,4,0,0
2022-09-08,MATIC,4,0,4,0,0
2022-09-08,SHIBA,3,0,3,0,0
2022-09-08,SOL,17,0,17,0,0
2022-09-08,TERRA,5,0,5,0,0
2022-09-08,UNI,1,0,1,0,0
2022-09-08,XRP,2,0,2,0,0
2022-09-09,ADA,1,0,1,0,0
2022-09-09,AVAX,4,0,4,0,0
2022-09-09,BTC,37,0,37,0,0
2022-09-09,DOT,3,0,3,0,0
2022-09-09,ETH,26,0,26,0,0
2022-09-09,LINK,2,0,2,0,0
2022-09-09,LTC,1,0,1,0,0
2022-09-09,MATIC,8,0,8,0,0
2022-09-09,SHIBA,1,0,1,0,0
2022-09-09,SOL,10,0,10,0,0
2022-09-09,TERRA,9,0,9,0,0
2022-09-09,UNI,1,0,1,0,0
2022-09-10,ADA,1,0,1,0,0
2022-09-10,AVAX,1,0,1,0,0
2022-09-10,BTC,10,0,10,0,0
2022-09-10,DOT,1,0,1,0,0
2022-09-10,ETH,8,0,8,0,0
2022-09-10,SOL,1,0,1,0,0
2022-09-10,TERRA,1,0,1,0,0
2022-09-11,ADA,2,0,2,0,0
2022-09-11,AVAX,1,0,1,0,0
2022-09-11,BTC,8,0,8,0,0
2022-09-11,ETH,6,0,6,0,0
2022-09-11,SOL,2,0,2,0,0
2022-09-11,TERRA,3,0,3,0,0
2022-09-12,ADA,2,0,2,0,0
2022-09-12,AVAX,1,0,1,0,0
2022-09-12,BTC,53,0,53,0,0
2022-09-12,DOGE,1,0,1,0,0
2022-09-12,DOT,4,0,4,0,0
2022-09-12,ETH,47,0,47,0,0
2022-09-12,MATIC,7,0,7,0,0
2022-09-12,SHIBA,1,0,1,0,0
2022-09-12,SOL,11,0,11,0,0
2022-09-12,TERRA,10,0,10,0,0
2022-09-12,XRP,3,0,3,0,0
2022-09-13,ADA,3,0,3,0,0
2022-09-13,AVAX,5,0,5,0,0
2022-09-13,BTC,56,0,56,0,0
2022-09-13,DOGE,2,0,2,0,0
2022-09-13,DOT,3,0,3,0,0
2022-09-13,ETH,40,0,40,0,0
2022-09-13,LTC,3,0,3,0,0
2022-09-13,MATIC,8,0,8,0,0
2022-09-13,SOL,15,0,15,0,0
2022-09-13,TERRA,5,0,5,0,0
2022-09-13,VECHAIN,1,0,1,0,0
2022-09-13,XRP,1,0,1,0,0
2022-09-14,ADA,2,0,2,0,0
2022-09-14,AVAX,2,0,2,0,0
2022-09-14,BTC,48,0,48,0,0
2022-09-14,DOGE,2,0,2,0,0
2022-09-14,DOT,1,0,1,0,0
2022-09-14,ETH,41,0,41,0,0
2022-09-14,MATIC,2,0,2,0,0
2022-09-14,SHIBA,1,0,1,0,0
2022-09-14,SOL,14,0,14,0,0
2022-09-14,TERRA,14,0,14,0,0
2022-09-14,UNI,1,0,1,0,0
2022-09-14,XRP,6,0,6,0,0
2022-09-15,ADA,1,0,1,0,0
2022-09-15,AVAX,7,0,7,0,0
2022-09-15,BTC,57,0,57,0,0
2022-09-15,DOGE,3,0,3,0,0
2022-09-15,ETH,68,0,68,0,0
2022-09-15,LINK,2,0,2,0,0
2022-09-15,LTC,5,0,5,0,0
2022-09-15,MATIC,6,0,6,0,0
2022-09-15,SOL,23,0,23,0,0
2022-09-15,TERRA,11,0,11,0,0
2022-09-15,UNI,1,0,1,0,0
2022-09-15,XRP,4,0,4,0,0
2022-09-16,ADA,2,0,2,0,0
2022-09-16,AVAX,2,0,2,0,0
2022-09-16,BTC,37,0,37,0,0
2022-09-16,DOGE,7,0,7,0,0
2022-09-16,DOT,2,0,2,0,0
2022-09-16,ETH,45,0,45,0,0
2022-09-16,LINK,1,0,1,0,0
2022-09-16,LTC,3,0,3,0,0
2022-09-16,MATIC,2,0,2,0,0
2022-09-16,SOL,13,0,13,0,0
2022-09-16,TERRA,6,0,6,0,0
2022-09-16,UNI,1,0,1,0,0
2022-09-16,XRP,3,0,3,0,0
2022-09-17,AVAX,2,0,2,0,0
2022-09-17,BTC,5,0,5,0,0
2022-09-17,ETH,5,0,5,0,0
2022-09-17,SOL,1,0,1,0,0
2022-09-17,TERRA,1,0,1,0,0
2022-09-17,UNI,2,0,2,0,0
2022-09-17,XRP,1,0,1,0,0
2022-09-18,ADA,1,0,1,0,0
2022-09-18,BTC,6,0,6,0,0
2022-09-18,DOGE,2,0,2,0,0
2022-09-18,ETH,6,0,6,0,0
2022-09-18,LINK,1,0,1,0,0
2022-09-18,TERRA,2,0,2,0,0
2022-09-18,XRP,2,0,2,0,0
2022-09-19,ADA,3,0,3,0,0
2022-09-19,AVAX,5,0,5,0,0
2022-09-19,BTC,33,0,33,0,0
2022-09-19,DOGE,1,0,1,0,0
2022-09-19,DOT,2,0,2,0,0
2022-09-19,ETH,32,0,32,0,0
2022-09-19,LINK,2,0,2,0,0
2022-09-19,MATIC,3,0,3,0,0
2022-09-19,SHIBA,2,0,2,0,0
2022-09-19,SOL,7,0,7,0,0
2022-09-19,TERRA,7,0,7,0,0
2022-09-19,UNI,1,0,1,0,0
2022-09-19,XRP,9,0,9,0,0
2022-09-20,ADA,2,0,2,0,0
2022-09-20,AVAX,1,0,1,0,0
2022-09-20,BTC,52,0,52,0,0
2022-09-20,DOGE,2,0,2,0,0
2022-09-20,DOT,2,0,2,0,0
2022-09-20,ETH,33,0,33,0,0
2022-09-20,LINK,2,0,2,0,0
2022-09-20,LTC,3,0,3,0,0
2022-09-20,MATIC,8,0,8,0,0
2022-09-20,SHIBA,1,0,1,0,0
2022-09-20,SOL,8,0,8,0,0
2022-09-20,TERRA,10,0,10,0,0
2022-09-20,UNI,2,0,2,0,0
2022-09-20,XRP,4,0,4,0,0
2022-09-21,ADA,2,0,2,0,0
2022-09-21,AVAX,2,0,2,0,0
2022-09-21,BTC,48,0,48,0,0
2022-09-21,DOGE,1,0,1,0,0
2022-09-21,DOT,1,0,1,0,0
2022-09-21,ETH,39,0,39,0,0
2022-09-21,MATIC,3,0,3,0,0
2022-09-21,SHIBA,1,0,1,0,0
2022-09-21,SOL,12,0,12,0,0
2022-09-21,TERRA,6,0,6,0,0
2022-09-21,UNI,1,0,1,0,0
2022-09-21,XRP,3,0,3,0,0
2022-09-22,ADA,4,0,4,0,0
2022-09-22,AVAX,2,0,2,0,0
2022-09-22,BTC,43,0,43,0,0
2022-09-22,DOT,1,0,1,0,0
2022-09-22,ETH,30,0,30,0,0
2022-09-22,LINK,3,0,3,0,0
2022-09-22,LTC,1,0,1,0,0
2022-09-22,MATIC,8,0,8,0,0
2022-09-22,SOL,17,0,17,0,0
2022-09-22,TERRA,7,0,7,0,0
2022-09-22,UNI,1,0,1,0,0
2022-09-22,XRP,5,0,5,0,0
2022-09-23,ADA,3,0,3,0,0
2022-09-23,AVAX,2,0,2,0,0
2022-09-23,BTC,33,0,33,0,0
2022-09-23,DOGE,3,0,3,0,0
2022-09-23,DOT,4,0,4,0,0
2022-09-23,ETH,21,0,21,0,0
2022-09-23,MATIC,2,0,2,0,0
2022-09-23,SOL,9,0,9,0,0
2022-09-23,TERRA,4,0,4,0,0
2022-09-23,UNI,2,0,2,0,0
2022-09-23,XRP,3,0,3,0,0
2022-09-24,BTC,8,0,8,0,0
2022-09-24,ETH,9,0,9,0,0
2022-09-24,LTC,1,0,1,0,0
2022-09-24,MATIC,1,0,1,0,0
2022-09-24,XRP,2,0,2,0,0
2022-09-25,ADA,2,0,2,0,0
2022-09-25,BTC,6,0,6,0,0
2022-09-25,ETH,4,0,4,0,0
2022-09-25,MATIC,1,0,1,0,0
2022-09-25,SOL,1,0,1,0,0
2022-09-25,TERRA,2,0,2,0,0
2022-09-25,XRP,1,0,1,0,0
2022-09-26,ADA,6,0,6,0,0
2022-09-26,AVAX,2,0,2,0,0
2022-09-26,BTC,30,0,30,0,0
2022-09-26,DOGE,2,0,2,0,0
2022-09-26,DOT,2,0,2,0,0
2022-09-26,ETH,29,0,29,0,0
2022-09-26,LINK,2,0,2,0,0
2022-09-26,MATIC,5,0,5,0,0
2022-09-26,SHIBA,1,0,1,0,0
2022-09-26,SOL,11,0,11,0,0
2022-09-26,TERRA,17,0,17,0,0
2022-09-26,UNI,2,0,2,0,0
2022-09-26,XRP,5,0,5,0,0
2022-09-27,ADA,1,0,1,0,0
2022-09-27,AVAX,6,0,6,0,0
2022-09-27,BTC,42,0,42,0,0
2022-09-27,DOGE,2,0,2,0,0
2022-09-27,DOT,4,0,4,0,0
2022-09-27,ETH,17,0,17,0,0
2022-09-27,LINK,4,0,4,0,0
2022-09-27,MATIC,12,0,12,0,0
2022-09-27,SOL,8,0,8,0,0
2022-09-27,TERRA,11,0,11,0,0
2022-09-27,UNI,3,0,3,0,0
2022-09-28,ADA,2,0,2,0,0
2022-09-28,AVAX,12,0,12,0,0
2022-09-28,BTC,51,0,51,0,0
2022-09-28,DOGE,1,0,1,0,0
2022-09-28,DOT,3,0,3,0,0
2022-09-28,ETH,38,0,38,0,0
2022-09-28,LINK,3,0,3,0,0
2022-09-28,MATIC,7,0,7,0,0
2022-09-28,SHIBA,1,0,1,0,0
2022-09-28,SOL,21,0,21,0,0
2022-09-28,TERRA,9,0,9,0,0
2022-09-28,UNI,3,0,3,0,0
2022-09-28,XRP,2,0,2,0,0
2022-09-29,ADA,4,0,4,0,0
2022-09-29,AVAX,1,0,1,0,0
2022-09-29,BTC,31,0,31,0,0
2022-09-29,DOT,1,0,1,0,0
2022-09-29,ETH,24,0,24,0,0
2022-09-29,LINK,5,0,5,0,0
2022-09-29,MATIC,7,0,7,0,0
2022-09-29,SOL,6,0,6,0,0
2022-09-29,TERRA,5,0,5,0,0
2022-09-29,UNI,1,0,1,0,0
2022-09-29,XRP,4,0,4,0,0
2022-09-30,ADA,2,0,2,0,0
2022-09-30,AVAX,1,0,1,0,0
2022-09-30,BTC,36,0,36,0,0
2022-09-30,DOGE,3,0,3,0,0
2022-09-30,DOT,3,0,3,0,0
2022-09-30,ETH,15,0,15,0,0
2022-09-30,LINK,1,0,1,0,0
2022-09-30,LTC,1,0,1,0,0
2022-09-30,MATIC,5,0,5,0,0
2022-09-30,SOL,6,0,6,0,0
2022-09-30,TERRA,2,0,2,0,0
2022-09-30,UNI,4,0,4,0,0
2022-09-30,XRP,5,0,5,0,0
2022-10-01,ADA,2,0,2,0,0
2022-10-01,AVAX,2,0,2,0,0
2022-10-01,BTC,9,0,9,0,0
2022-10-01,DOGE,1,0,1,0,0
2022-10-01,ETH,7,0,7,0,0
2022-10-01,MATIC,1,0,1,0,0
2022-10-01,SOL,5,0,5,0,0
2022-10-01,UNI,2,0,2,0,0
2022-10-01,XRP,1,0,1,0,0
2022-10-02,ADA,1,0,1,0,0
2022-10-02,BTC,8,0,8,0,0
2022-10-02,ETH,3,0,3,0,0
2022-10-02,SOL,2,0,2,0,0
2022-10-02,TERRA,4,0,4,0,0
2022-10-03,ADA,1,0,1,0,0
2022-10-03,AVAX,3,0,3,0,0
2022-10-03,BTC,31,0,31,0,0
2022-10-03,ETH,18,0,18,0,0
2022-10-03,LINK,1,0,1,0,0
2022-10-03,LTC,1,0,1,0,0
2022-10-03,MATIC,5,0,5,0,0
2022-10-03,SOL,9,0,9,0,0
2022-10-03,TERRA,5,0,5,0,0
2022-10-03,UNI,4,0,4,0,0
2022-10-03,XRP,2,0,2,0,0
2022-10-04,ADA,3,0,3,0,0
2022-10-04,AVAX,2,0,2,0,0
2022-10-04,BTC,42,0,42,0,0
2022-10-04,DOGE,3,0,3,0,0
2022-10-04,DOT,1,0,1,0,0
2022-10-04,ETH,21,0,21,0,0
2022-10-04,LINK,3,0,3,0,0
2022-10-04,LTC,2,0,2,0,0
2022-10-04,MATIC,9,0,9,0,0
2022-10-04,SHIBA,1,0,1,0,0
2022-10-04,SOL,9,0,9,0,0
2022-10-04,TERRA,6,0,6,0,0
2022-10-04,XRP,2,0,2,0,0
2022-10-05,AVAX,4,0,4,0,0
2022-10-05,BTC,36,0,36,0,0
2022-10-05,DOGE,4,0,4,0,0
2022-10-05,ETH,13,0,13,0,0
2022-10-05,LINK,4,0,4,0,0
2022-10-05,MATIC,5,0,5,0,0
2022-10-05,SHIBA,3,0,3,0,0
2022-10-05,SOL,3,0,3,0,0
2022-10-05,TERRA,11,0,11,0,0
2022-10-05,UNI,1,0,1,0,0
2022-10-06,AVAX,4,0,4,0,0
2022-10-06,BNB,1,0,1,0,0
2022-10-06,BTC,40,0,40,0,0
2022-10-06,DOGE,2,0,2,0,0
2022-10-06,DOT,2,0,2,0,0
2022-10-06,ETH,17,0,17,0,0
2022-10-06,LINK,2,0,2,0,0
2022-10-06,MATIC,6,0,6,0,0
2022-10-06,SOL,7,0,7,0,0
2022-10-06,TERRA,14,0,14,0,0
2022-10-06,UNI,3,0,3,0,0
2022-10-06,XRP,1,0,1,0,0
2022-10-07,ADA,3,0,3,0,0
2022-10-07,AVAX,3,0,3,0,0
2022-10-07,BNB,1,0,1,0,0
2022-10-07,BTC,40,0,40,0,0
2022-10-07,DOGE,4,0,4,0,0
2022-10-07,ETH,21,0,21,0,0
2022-10-07,MATIC,6,0,6,0,0
2022-10-07,SHIBA,2,0,2,0,0
2022-10-07,SOL,8,0,8,0,0
2022-10-07,TERRA,8,0,8,0,0
2022-10-07,UNI,1,0,1,0,0
2022-10-07,XRP,1,0,1,0,0
2022-10-08,BTC,4,0,4,0,0
2022-10-08,ETH,3,0,3,0,0
2022-10-08,SOL,1,0,1,0,0
2022-10-08,TERRA,2,0,2,0,0
2022-10-08,XRP,1,0,1,0,0
2022-10-09,BTC,8,0,8,0,0
2022-10-09,ETH,5,0,5,0,0
2022-10-09,SOL,1,0,1,0,0
2022-10-09,TERRA,1,0,1,0,0
2022-10-09,UNI,1,0,1,0,0
2022-10-10,ADA,2,0,2,0,0
2022-10-10,AVAX,1,0,1,0,0
2022-10-10,BNB,1,0,1,0,0
2022-10-10,BTC,38,0,38,0,0
2022-10-10,DOGE,2,0,2,0,0
2022-10-10,DOT,1,0,1,0,0
2022-10-10,ETH,24,0,24,0,0
2022-10-10,MATIC,7,0,7,0,0
2022-10-10,SHIBA,1,0,1,0,0
2022-10-10,SOL,9,0,9,0,0
2022-10-10,TERRA,7,0,7,0,0
2022-10-10,UNI,6,0,6,0,0
2022-10-10,VECHAIN,1,0,1,0,0
2022-10-11,ADA,1,0,1,0,0
2022-10-11,AVAX,7,0,7,0,0
2022-10-11,BTC,56,0,56,0,0
2022-10-11,DOGE,5,0,5,0,0
2022-10-11,DOT,3,0,3,0,0
2022-10-11,ETH,40,0,40,0,0
2022-10-11,LINK,2,0,2,0,0
2022-10-11,LTC,1,0,1,0,0
2022-10-11,MATIC,6,0,6,0,0
2022-10-11,SOL,18,0,18,0,0
2022-10-11,TERRA,3,0,3,0,0
2022-10-11,UNI,2,0,2,0,0
2022-10-11,XRP,2,0,2,0,0
2022-10-12,ADA,3,0,3,0,0
2022-10-12,AVAX,7,0,7,0,0
2022-10-12,BTC,48,0,48,0,0
2022-10-12,DOGE,3,0,3,0,0
2022-10-12,DOT,1,0,1,0,0
2022-10-12,ETH,28,0,28,0,0
2022-10-12,LINK,2,0,2,0,0
2022-10-12,MATIC,12,0,12,0,0
2022-10-12,SHIBA,1,0,1,0,0
2022-10-12,SOL,22,0,22,0,0
2022-10-12,TERRA,5,0,5,0,0
2022-10-12,UNI,4,0,4,0,0
2022-10-12,XRP,3,0,3,0,0
2022-10-13,ADA,3,0,3,0,0
2022-10-13,AVAX,1,0,1,0,0
2022-10-13,BNB,2,0,2,0,0
2022-10-13,BTC,46,0,46,0,0
2022-10-13,DOGE,1,0,1,0,0
2022-10-13,DOT,3,0,3,0,0
2022-10-13,ETH,27,0,27,0,0
2022-10-13,LINK,2,0,2,0,0
2022-10-13,MATIC,2,0,2,0,0
2022-10-13,SOL,15,0,15,0,0
2022-10-13,TERRA,3,0,3,0,0
2022-10-13,UNI,2,0,2,0,0
2022-10-13,XRP,1,0,1,0,0
2022-10-14,ADA,2,0,2,0,0
2022-10-14,AVAX,2,0,2,0,0
2022-10-14,BTC,53,0,53,0,0
2022-10-14,DOGE,2,0,2,0,0
2022-10-14,DOT,2,0,2,0,0
2022-10-14,ETH,22,0,22,0,0
2022-10-14,LINK,1,0,1,0,0
2022-10-14,MATIC,3,0,3,0,0
2022-10-14,SOL,14,0,14,0,0
2022-10-14,TERRA,2,0,2,0,0
2022-10-14,UNI,2,0,2,0,0
2022-10-14,XRP,3,0,3,0,0
2022-10-15,ADA,1,0,1,0,0
2022-10-15,BTC,5,0,5,0,0
2022-10-15,ETH,3,0,3,0,0
2022-10-15,MATIC,1,0,1,0,0
2022-10-15,SOL,4,0,4,0,0
2022-10-16,ADA,1,0,1,0,0
2022-10-16,BTC,9,0,9,0,0
2022-10-16,DOT,1,0,1,0,0
2022-10-16,ETH,4,0,4,0,0
2022-10-16,MATIC,1,0,1,0,0
2022-10-16,SOL,3,0,3,0,0
2022-10-16,XRP,1,0,1,0,0
2022-10-17,ADA,2,0,2,0,0
2022-10-17,AVAX,1,0,1,0,0
2022-10-17,BNB,1,0,1,0,0
2022-10-17,BTC,50,0,50,0,0
2022-10-17,DOGE,1,0,1,0,0
2022-10-17,DOT,2,0,2,0,0
2022-10-17,ETH,22,0,22,0,0
2022-10-17,LINK,1,0,1,0,0
2022-10-17,MATIC,3,0,3,0,0
2022-10-17,SHIBA,1,0,1,0,0
2022-10-17,SOL,16,0,16,0,0
2022-10-17,TERRA,3,0,3,0,0
2022-10-17,UNI,2,0,2,0,0
2022-10-17,XRP,5,0,5,0,0
2022-10-18,BNB,1,0,1,0,0
2022-10-18,BTC,37,0,37,0,0
2022-10-18,ETH,24,0,24,0,0
2022-10-18,LTC,1,0,1,0,0
2022-10-18,MATIC,3,0,3,0,0
2022-10-18,SOL,11,0,11,0,0
2022-10-18,TERRA,5,0,5,0,0
2022-10-18,UNI,1,0,1,0,0
2022-10-18,XRP,5,0,5,0,0
2022-10-19,ADA,3,0,3,0,0
2022-10-19,AVAX,3,0,3,0,0
2022-10-19,BNB,1,0,1,0,0
2022-10-19,BTC,47,0,47,0,0
2022-10-19,DOGE,2,0,2,0,0
2022-10-19,DOT,1,0,1,0,0
2022-10-19,ETH,23,0,23,0,0
2022-10-19,MATIC,8,0,8,0,0
2022-10-19,SHIBA,1,0,1,0,0
2022-10-19,SOL,20,0,20,0,0
2022-10-19,TERRA,5,0,5,0,0
2022-10-19,UNI,4,0,4,0,0
2022-10-19,XRP,1,0,1,0,0
2022-10-20,ADA,1,0,1,0,0
2022-10-20,AVAX,5,0,5,0,0
2022-10-20,BNB,1,0,1,0,0
2022-10-20,BTC,45,0,45,0,0
2022-10-20,DOGE,3,0,3,0,0
2022-10-20,ETH,26,0,26,0,0
2022-10-20,LINK,1,0,1,0,0
2022-10-20,MATIC,3,0,3,0,0
2022-10-20,SOL,15,0,15,0,0
2022-10-20,TERRA,4,0,4,0,0
2022-10-20,UNI,6,0,6,0,0
2022-10-20,XRP,5,0,5,0,0
2022-10-21,ADA,3,0,3,0,0
2022-10-21,AVAX,1,0,1,0,0
2022-10-21,BTC,46,0,46,0,0
2022-10-21,DOGE,4,0,4,0,0
2022-10-21,DOT,3,0,3,0,0
2022-10-21,ETH,22,0,22,0,0
2022-10-21,MATIC,6,0,6,0,0
2022-10-21,SOL,15,0,15,0,0
2022-10-21,TERRA,4,0,4,0,0
2022-10-21,UNI,2,0,2,0,0
2022-10-21,XRP,7,0,7,0,0
2022-10-22,ADA,1,0,1,0,0
2022-10-22,AVAX,1,0,1,0,0
2022-10-22,BTC,5,0,5,0,0
2022-10-22,ETH,3,0,3,0,0
2022-10-22,MATIC,2,0,2,0,0
2022-10-22,SOL,1,0,1,0,0
2022-10-22,UNI,1,0,1,0,0
2022-10-22,XRP,1,0,1,0,0
2022-10-23,BTC,9,0,9,0,0
2022-10-23,DOGE,1,0,1,0,0
2022-10-23,ETH,6,0,6,0,0
2022-10-23,MATIC,1,0,1,0,0
2022-10-23,SOL,1,0,1,0,0
2022-10-23,XRP,1,0,1,0,0
2022-10-24,ADA,1,0,1,0,0
2022-10-24,BTC,54,0,54,0,0
2022-10-24,DOGE,6,0,6,0,0
2022-10-24,DOT,2,0,2,0,0
2022-10-24,ETH,23,0,23,0,0
2022-10-24,LINK,1,0,1,0,0
2022-10-24,MATIC,7,0,7,0,0
2022-10-24,SHIBA,1,0,1,0,0
2022-10-24,SOL,18,0,18,0,0
2022-10-24,TERRA,7,0,7,0,0
2022-10-24,UNI,3,0,3,0,0
2022-10-24,XRP,6,0,6,0,0
2022-10-25,ADA,1,0,1,0,0
2022-10-25,AVAX,1,0,1,0,0
2022-10-25,BNB,1,0,1,0,0
2022-10-25,BTC,60,0,60,0,0
2022-10-25,DOGE,1,0,1,0,0
2022-10-25,ETH,20,0,20,0,0
2022-10-25,LINK,1,0,1,0,0
2022-10-25,LTC,1,0,1,0,0
2022-10-25,MATIC,8,0,8,0,0
2022-10-25,SOL,12,0,12,0,0
2022-10-25,TERRA,7,0,7,0,0
2022-10-25,UNI,5,0,5,0,0
2022-10-25,XRP,5,0,5,0,0
2022-10-26,ADA,2,0,2,0,0
2022-10-26,AVAX,1,0,1,0,0
2022-10-26,BTC,44,0,44,0,0
2022-10-26,DOGE,5,0,5,0,0
2022-10-26,DOT,1,0,1,0,0
2022-10-26,ETH,21,0,21,0,0
2022-10-26,LINK,1,0,1,0,0
2022-10-26,MATIC,9,0,9,0,0
2022-10-26,SHIBA,2,0,2,0,0
2022-10-26,SOL,12,0,12,0,0
2022-10-26,TERRA,5,0,5,0,0
2022-10-26,XRP,1,0,1,0,0
2022-10-27,ADA,1,0,1,0,0
2022-10-27,BTC,40,0,40,0,0
2022-10-27,DOGE,7,0,7,0,0
2022-10-27,ETH,19,0,19,0,0
2022-10-27,MATIC,4,0,4,0,0
2022-10-27,SOL,13,0,13,0,0
2022-10-27,TERRA,6,0,6,0,0
2022-10-27,UNI,3,0,3,0,0
2022-10-27,XRP,1,0,1,0,0
2022-10-28,ADA,1,0,1,0,0
2022-10-28,AVAX,1,0,1,0,0
2022-10-28,BTC,48,0,48,0,0
2022-10-28,DOGE,9,0,9,0,0
2022-10-28,ETH,18,0,18,0,0
2022-10-28,MATIC,6,0,6,0,0
2022-10-28,SOL,11,0,11,0,0
2022-10-28,TERRA,6,0,6,0,0
2022-10-28,UNI,2,0,2,0,0
2022-10-28,XRP,4,0,4,0,0
2022-10-29,ADA,2,0,2,0,0
2022-10-29,AVAX,1,0,1,0,0
2022-10-29,BNB,1,0,1,0,0
2022-10-29,BTC,7,0,7,0,0
2022-10-29,DOGE,3,0,3,0,0
2022-10-29,ETH,5,0,5,0,0
2022-10-29,LTC,1,0,1,0,0
2022-10-29,MATIC,1,0,1,0,0
2022-10-29,SHIBA,2,0,2,0,0
2022-10-29,SOL,2,0,2,0,0
2022-10-29,UNI,1,0,1,0,0
2022-10-30,ADA,1,0,1,0,0
2022-10-30,BNB,1,0,1,0,0
2022-10-30,BTC,8,0,8,0,0
2022-10-30,DOGE,6,0,6,0,0
2022-10-30,ETH,6,0,6,0,0
2022-10-30,LTC,1,0,1,0,0
2022-10-30,MATIC,1,0,1,0,0
2022-10-30,SOL,2,0,2,0,0
2022-10-30,XRP,1,0,1,0,0
2022-10-31,ADA,1,0,1,0,0
2022-10-31,AVAX,2,0,2,0,0
2022-10-31,BNB,1,0,1,0,0
2022-10-31,BTC,44,0,44,0,0
2022-10-31,DOGE,8,0,8,0,0
2022-10-31,ETH,15,0,15,0,0
2022-10-31,LTC,1,0,1,0,0
2022-10-31,MATIC,1,0,1,0,0
2022-10-31,SHIBA,2,0,2,0,0
2022-10-31,SOL,3,0,3,0,0
2022-10-31,TERRA,7,0,7,0,0
2022-10-31,UNI,1,0,1,0,0
2022-10-31,XRP,2,0,2,0,0
2022-11-01,ADA,4,0,4,0,0
2022-11-01,AVAX,1,0,1,0,0
2022-11-01,BTC,47,0,47,0,0
2022-11-01,DOGE,10,0,10,0,0
2022-11-01,ETH,20,0,20,0,0
2022-11-01,LINK,1,0,1,0,0
2022-11-01,LTC,2,0,2,0,0
2022-11-01,MATIC,3,0,3,0,0
2022-11-01,SHIBA,3,0,3,0,0
2022-11-01,SOL,10,0,10,0,0
2022-11-01,TERRA,6,0,6,0,0
2022-11-01,UNI,2,0,2,0,0
2022-11-01,XRP,4,0,4,0,0
2022-11-02,ADA,2,0,2,0,0
2022-11-02,AVAX,2,0,2,0,0
2022-11-02,BTC,54,0,54,0,0
2022-11-02,DOGE,7,0,7,0,0
2022-11-02,DOT,2,0,2,0,0
2022-11-02,ETH,34,0,34,0,0
2022-11-02,LINK,1,0,1,0,0
2022-11-02,LTC,1,0,1,0,0
2022-11-02,MATIC,13,0,13,0,0
2022-11-02,SHIBA,2,0,2,0,0
2022-11-02,SOL,18,0,18,0,0
2022-11-02,TERRA,6,0,6,0,0
2022-11-02,UNI,6,0,6,0,0
2022-11-02,XRP,2,0,2,0,0
2022-11-03,ADA,1,0,1,0,0
2022-11-03,AVAX,2,0,2,0,0
2022-11-03,BTC,54,0,54,0,0
2022-11-03,DOGE,2,0,2,0,0
2022-11-03,ETH,33,0,33,0,0
2022-11-03,LTC,1,0,1,0,0
2022-11-03,MATIC,17,0,17,0,0
2022-11-03,SHIBA,1,0,1,0,0
2022-11-03,SOL,13,0,13,0,0
2022-11-03,TERRA,3,0,3,0,0
2022-11-03,UNI,3,0,3,0,0
2022-11-03,VECHAIN,1,0,1,0,0
2022-11-03,XRP,3,0,3,0,0
2022-11-04,ADA,4,0,4,0,0
2022-11-04,AVAX,1,0,1,0,0
2022-11-04,BTC,36,0,36,0,0
2022-11-04,DOGE,9,0,9,0,0
2022-11-04,DOT,2,0,2,0,0
2022-11-04,ETH,22,0,22,0,0
2022-11-04,LINK,2,0,2,0,0
2022-11-04,LTC,1,0,1,0,0
2022-11-04,MATIC,9,0,9,0,0
2022-11-04,SHIBA,2,0,2,0,0
2022-11-04,SOL,10,0,10,0,0
2022-11-04,TERRA,5,0,5,0,0
2022-11-04,UNI,1,0,1,0,0
2022-11-04,XRP,5,0,5,0,0
2022-11-05,BNB,1,0,1,0,0
2022-11-05,BTC,11,0,11,0,0
2022-11-05,DOGE,2,0,2,0,0
2022-11-05,ETH,6,0,6,0,0
2022-11-05,LINK,1,0,1,0,0
2022-11-05,LTC,2,0,2,0,0
2022-11-05,MATIC,4,0,4,0,0
2022-11-05,SOL,7,0,7,0,0
2022-11-06,AVAX,1,0,1,0,0
2022-11-06,BTC,7,0,7,0,0
2022-11-06,DOGE,2,0,2,0,0
2022-11-06,ETH,4,0,4,0,0
2022-11-06,MATIC,1,0,1,0,0
2022-11-06,SOL,8,0,8,0,0
2022-11-06,TERRA,1,0,1,0,0
2022-11-06,UNI,1,0,1,0,0
2022-11-07,ADA,1,0,1,0,0
2022-11-07,BTC,38,0,38,0,0
2022-11-07,DOGE,5,0,5,0,0
2022-11-07,ETH,22,0,22,0,0
2022-11-07,LTC,1,0,1,0,0
2022-11-07,MATIC,2,0,2,0,0
2022-11-07,SOL,19,0,19,0,0
2022-11-07,TERRA,12,0,12,0,0
2022-11-07,XRP,6,0,6,0,0
2022-11-08,ADA,3,0,3,0,0
2022-11-08,BNB,2,0,2,0,0
2022-11-08,BTC,43,0,43,0,0
2022-11-08,DOGE,3,0,3,0,0
2022-11-08,DOT,2,0,2,0,0
2022-11-08,ETH,17,0,17,0,0
2022-11-08,LINK,2,0,2,0,0
2022-11-08,LTC,1,0,1,0,0
2022-11-08,MATIC,2,0,2,0,0
2022-11-08,SOL,20,0,20,0,0
2022-11-08,TERRA,9,0,9,0,0
2022-11-08,UNI,1,0,1,0,0
2022-11-08,XRP,3,0,3,0,0
2022-11-09,ADA,2,0,2,0,0
2022-11-09,AVAX,2,0,2,0,0
2022-11-09,BNB,1,0,1,0,0
2022-11-09,BTC,59,0,59,0,0
2022-11-09,DOGE,5,0,5,0,0
2022-11-09,ETH,26,0,26,0,0
2022-11-09,LINK,1,0,1,0,0
2022-11-09,MATIC,4,0,4,0,0
2022-11-09,SOL,27,0,27,0,0
2022-11-09,TERRA,15,0,15,0,0
2022-11-09,XRP,1,0,1,0,0
2022-11-10,AVAX,1,0,1,0,0
2022-11-10,BNB,1,0,1,0,0
2022-11-10,BTC,60,0,60,0,0
2022-11-10,DOGE,1,0,1,0,0
2022-11-10,ETH,16,0,16,0,0
2022-11-10,LINK,1,0,1,0,0
2022-11-10,MATIC,3,0,3,0,0
2022-11-10,SOL,18,0,18,0,0
2022-11-10,TERRA,11,0,11,0,0
2022-11-10,UNI,1,0,1,0,0
2022-11-10,XRP,5,0,5,0,0
2022-11-11,BTC,46,0,46,0,0
2022-11-11,DOGE,4,0,4,0,0
2022-11-11,ETH,19,0,19,0,0
2022-11-11,LINK,1,0,1,0,0
2022-11-11,MATIC,3,0,3,0,0
2022-11-11,SHIBA,1,0,1,0,0
2022-11-11,SOL,18,0,18,0,0
2022-11-11,TERRA,7,0,7,0,0
2022-11-11,UNI,1,0,1,0,0
2022-11-11,XRP,3,0,3,0,0
2022-11-12,AVAX,4,0,4,0,0
2022-11-12,BTC,12,0,12,0,0
2022-11-12,DOGE,1,0,1,0,0
2022-11-12,ETH,11,0,11,0,0
2022-11-12,LINK,3,0,3,0,0
2022-11-12,LTC,1,0,1,0,0
2022-11-12,MATIC,1,0,1,0,0
2022-11-12,SOL,8,0,8,0,0
2022-11-12,TERRA,5,0,5,0,0
2022-11-12,XRP,1,0,1,0,0
2022-11-13,AVAX,1,0,1,0,0
2022-11-13,BTC,6,0,6,0,0
2022-11-13,DOGE,1,0,1,0,0
2022-11-13,ETH,4,0,4,0,0
2022-11-13,SOL,2,0,2,0,0
2022-11-13,TERRA,2,0,2,0,0
2022-11-14,ADA,1,0,1,0,0
2022-11-14,AVAX,1,0,1,0,0
2022-11-14,BNB,1,0,1,0,0
2022-11-14,BTC,53,0,53,0,0
2022-11-14,DOGE,1,0,1,0,0
2022-11-14,ETH,24,0,24,0,0
2022-11-14,MATIC,4,0,4,0,0
2022-11-14,SHIBA,3,0,3,0,0
2022-11-14,SOL,13,0,13,0,0
2022-11-14,TERRA,7,0,7,0,0
2022-11-14,UNI,1,0,1,0,0
2022-11-14,XRP,5,0,5,0,0
2022-11-15,AVAX,3,0,3,0,0
2022-11-15,BTC,40,0,40,0,0
2022-11-15,ETH,18,0,18,0,0
2022-11-15,LINK,2,0,2,0,0
2022-11-15,MATIC,10,0,10,0,0
2022-11-15,SOL,14,0,14,0,0
2022-11-15,TERRA,5,0,5,0,0
2022-11-15,UNI,4,0,4,0,0
2022-11-15,XRP,3,0,3,0,0
2022-11-16,ADA,2,0,2,0,0
2022-11-16,AVAX,2,0,2,0,0
2022-11-16,BTC,39,0,39,0,0
2022-11-16,DOGE,1,0,1,0,0
2022-11-16,DOT,2,0,2,0,0
2022-11-16,ETH,19,0,19,0,0
2022-11-16,LINK,1,0,1,0,0
2022-11-16,LTC,1,0,1,0,0
2022-11-16,MATIC,8,0,8,0,0
2022-11-16,SOL,14,0,14,0,0
2022-11-16,TERRA,7,0,7,0,0
2022-11-16,UNI,5,0,5,0,0
2022-11-17,ADA,1,0,1,0,0
2022-11-17,AVAX,1,0,1,0,0
2022-11-17,BTC,45,0,45,0,0
2022-11-17,DOGE,3,0,3,0,0
2022-11-17,DOT,1,0,1,0,0
2022-11-17,ETH,19,0,19,0,0
2022-11-17,LINK,2,0,2,0,0
2022-11-17,MATIC,4,0,4,0,0
2022-11-17,SOL,14,0,14,0,0
2022-11-17,TERRA,6,0,6,0,0
2022-11-17,XRP,2,0,2,0,0
2022-11-18,ADA,4,0,4,0,0
2022-11-18,AVAX,1,0,1,0,0
2022-11-18,BTC,43,0,43,0,0
2022-11-18,DOGE,3,0,3,0,0
2022-11-18,DOT,1,0,1,0,0
2022-11-18,ETH,22,0,22,0,0
2022-11-18,LINK,1,0,1,0,0
2022-11-18,LTC,1,0,1,0,0
2022-11-18,MATIC,5,0,5,0,0
2022-11-18,SHIBA,1,0,1,0,0
2022-11-18,SOL,12,0,12,0,0
2022-11-18,TERRA,3,0,3,0,0
2022-11-18,UNI,1,0,1,0,0
2022-11-18,XRP,4,0,4,0,0
2022-11-19,ADA,2,0,2,0,0
2022-11-19,AVAX,1,0,1,0,0
2022-11-19,BTC,8,0,8,0,0
2022-11-19,DOGE,2,0,2,0,0
2022-11-19,DOT,1,0,1,0,0
2022-11-19,ETH,3,0,3,0,0
2022-11-19,MATIC,3,0,3,0,0
2022-11-19,SOL,2,0,2,0,0
2022-11-19,TERRA,2,0,2,0,0
2022-11-19,XRP,1,0,1,0,0
2022-11-20,ADA,1,0,1,0,0
2022-11-20,AVAX,1,0,1,0,0
2022-11-20,BTC,10,0,10,0,0
2022-11-20,ETH,4,0,4,0,0
2022-11-20,LTC,1,0,1,0,0
2022-11-20,MATIC,1,0,1,0,0
2022-11-20,SOL,2,0,2,0,0
2022-11-20,TERRA,1,0,1,0,0
2022-11-20,XRP,1,0,1,0,0
2022-11-21,ADA,3,0,3,0,0
2022-11-21,BTC,37,0,37,0,0
2022-11-21,DOGE,3,0,3,0,0
2022-11-21,DOT,2,0,2,0,0
2022-11-21,ETH,21,0,21,0,0
2022-11-21,LTC,1,0,1,0,0
2022-11-21,MATIC,4,0,4,0,0
2022-11-21,SOL,9,0,9,0,0
2022-11-21,TERRA,6,0,6,0,0
2022-11-21,UNI,1,0,1,0,0
2022-11-21,XRP,3,0,3,0,0
2022-11-22,ADA,1,0,1,0,0
2022-11-22,AVAX,1,0,1,0,0
2022-11-22,BNB,1,0,1,0,0
2022-11-22,BTC,51,0,51,0,0
2022-11-22,DOGE,2,0,2,0,0
2022-11-22,ETH,21,0,21,0,0
2022-11-22,LINK,1,0,1,0,0
2022-11-22,LTC,2,0,2,0,0
2022-11-22,MATIC,4,0,4,0,0
2022-11-22,SHIBA,1,0,1,0,0
2022-11-22,SOL,12,0,12,0,0
2022-11-22,TERRA,4,0,4,0,0
2022-11-22,UNI,3,0,3,0,0
2022-11-22,XRP,2,0,2,0,0
2022-11-23,BTC,44,0,44,0,0
2022-11-23,DOGE,4,0,4,0,0
2022-11-23,DOT,1,0,1,0,0
2022-11-23,ETH,24,0,24,0,0
2022-11-23,LINK,1,0,1,0,0
2022-11-23,LTC,2,0,2,0,0
2022-11-23,MATIC,1,0,1,0,0
2022-11-23,SOL,12,0,12,0,0
2022-11-23,TERRA,7,0,7,0,0
2022-11-23,UNI,1,0,1,0,0
2022-11-23,XRP,3,0,3,0,0
2022-11-24,ADA,2,0,2,0,0
2022-11-24,BTC,28,0,28,0,0
2022-11-24,DOT,1,0,1,0,0
2022-11-24,ETH,14,0,14,0,0
2022-11-24,MATIC,4,0,4,0,0
2022-11-24,SOL,3,0,3,0,0
2022-11-24,TERRA,6,0,6,0,0
2022-11-24,UNI,3,0,3,0,0
2022-11-24,XRP,2,0,2,0,0
2022-11-25,ADA,3,0,3,0,0
2022-11-25,BTC,26,0,26,0,0
2022-11-25,DOGE,2,0,2,0,0
2022-11-25,DOT,1,0,1,0,0
2022-11-25,ETH,11,0,11,0,0
2022-11-25,LINK,2,0,2,0,0
2022-11-25,LTC,2,0,2,0,0
2022-11-25,MATIC,1,0,1,0,0
2022-11-25,SOL,3,0,3,0,0
2022-11-25,TERRA,3,0,3,0,0
2022-11-25,UNI,1,0,1,0,0
2022-11-25,XRP,2,0,2,0,0
2022-11-26,BNB,1,0,1,0,0
2022-11-26,BTC,8,0,8,0,0
2022-11-26,ETH,5,0,5,0,0
2022-11-26,LTC,1,0,1,0,0
2022-11-26,SOL,3,0,3,0,0
2022-11-26,TERRA,1,0,1,0,0
2022-11-27,ADA,1,0,1,0,0
2022-11-27,BTC,12,0,12,0,0
2022-11-27,DOGE,3,0,3,0,0
2022-11-27,ETH,9,0,9,0,0
2022-11-27,LINK,2,0,2,0,0
2022-11-27,LTC,1,0,1,0,0
2022-11-27,MATIC,1,0,1,0,0
2022-11-27,SHIBA,1,0,1,0,0
2022-11-27,TERRA,6,0,6,0,0
2022-11-27,UNI,1,0,1,0,0
2022-11-28,ADA,3,0,3,0,0
2022-11-28,AVAX,3,0,3,0,0
2022-11-28,BTC,45,0,45,0,0
2022-11-28,DOGE,4,0,4,0,0
2022-11-28,DOT,1,0,1,0,0
2022-11-28,ETH,20,0,20,0,0
2022-11-28,LINK,1,0,1,0,0
2022-11-28,LTC,2,0,2,0,0
2022-11-28,MATIC,7,0,7,0,0
2022-11-28,SOL,8,0,8,0,0
2022-11-28,TERRA,6,0,6,0,0
2022-11-28,UNI,2,0,2,0,0
2022-11-28,XRP,4,0,4,0,0
2022-11-29,ADA,2,0,2,0,0
2022-11-29,AVAX,1,0,1,0,0
2022-11-29,BTC,42,0,42,0,0
2022-11-29,DOGE,3,0,3,0,0
2022-11-29,ETH,19,0,19,0,0
2022-11-29,LINK,1,0,1,0,0
2022-11-29,MATIC,6,0,6,0,0
2022-11-29,SOL,11,0,11,0,0
2022-11-29,TERRA,5,0,5,0,0
2022-11-29,UNI,2,0,2,0,0
2022-11-29,XRP,7,0,7,0,0
2022-11-30,ADA,3,0,3,0,0
2022-11-30,AVAX,2,0,2,0,0
2022-11-30,BTC,58,0,58,0,0
2022-11-30,DOGE,4,0,4,0,0
2022-11-30,DOT,2,0,2,0,0
2022-11-30,ETH,23,0,23,0,0
2022-11-30,LINK,1,0,1,0,0
2022-11-30,LTC,3,0,3,0,0
2022-11-30,MATIC,4,0,4,0,0
2022-11-30,SHIBA,2,0,2,0,0
2022-11-30,SOL,12,0,12,0,0
2022-11-30,TERRA,9,0,9,0,0
2022-11-30,UNI,7,0,7,0,0
2022-11-30,XRP,6,0,6,0,0
2022-12-01,AVAX,2,0,2,0,0
2022-12-01,BTC,30,0,30,0,0
2022-12-01,DOGE,2,0,2,0,0
2022-12-01,ETH,18,0,18,0,0
2022-12-01,MATIC,9,0,9,0,0
2022-12-01,SOL,11,0,11,0,0
2022-12-01,TERRA,4,0,4,0,0
2022-12-01,UNI,6,0,6,0,0
2022-12-01,XRP,3,0,3,0,0
2022-12-02,ADA,2,0,2,0,0
2022-12-02,AVAX,2,0,2,0,0
2022-12-02,BTC,28,0,28,0,0
2022-12-02,DOGE,3,0,3,0,0
2022-12-02,DOT,1,0,1,0,0
2022-12-02,ETH,14,0,14,0,0
2022-12-02,LINK,2,0,2,0,0
2022-12-02,LTC,1,0,1,0,0
2022-12-02,MATIC,4,0,4,0,0
2022-12-02,SHIBA,1,0,1,0,0
2022-12-02,SOL,9,0,9,0,0
2022-12-02,TERRA,10,0,10,0,0
2022-12-02,UNI,4,0,4,0,0
2022-12-02,XRP,2,0,2,0,0
2022-12-03,ADA,1,0,1,0,0
2022-12-03,AVAX,1,0,1,0,0
2022-12-03,BTC,7,0,7,0,0
2022-12-03,DOGE,1,0,1,0,0
2022-12-03,ETH,4,0,4,0,0
2022-12-03,LINK,1,0,1,0,0
2022-12-03,MATIC,1,0,1,0,0
2022-12-03,TERRA,1,0,1,0,0
2022-12-04,BTC,10,0,10,0,0
2022-12-04,ETH,5,0,5,0,0
2022-12-04,LTC,1,0,1,0,0
2022-12-04,MATIC,2,0,2,0,0
2022-12-04,TERRA,2,0,2,0,0
2022-12-04,XRP,2,0,2,0,0
2022-12-05,ADA,1,0,1,0,0
2022-12-05,AVAX,3,0,3,0,0
2022-12-05,BTC,50,0,50,0,0
2022-12-05,DOGE,3,0,3,0,0
2022-12-05,DOT,1,0,1,0,0
2022-12-05,ETH,79,0,79,0,0
2022-12-05,LINK,2,0,2,0,0
2022-12-05,LTC,2,0,2,0,0
2022-12-05,MATIC,6,0,6,0,0
2022-12-05,SHIBA,1,0,1,0,0
2022-12-05,SOL,8,0,8,0,0
2022-12-05,TERRA,7,0,7,0,0
2022-12-05,UNI,3,0,3,0,0
2022-12-05,XRP,3,0,3,0,0
2022-12-06,AVAX,2,0,2,0,0
2022-12-06,BTC,41,0,41,0,0
2022-12-06,DOGE,2,0,2,0,0
2022-12-06,DOT,1,0,1,0,0
2022-12-06,ETH,19,0,19,0,0
2022-12-06,LINK,4,0,4,0,0
2022-12-06,LTC,1,0,1,0,0
2022-12-06,MATIC,2,0,2,0,0
2022-12-06,SOL,5,0,5,0,0
2022-12-06,TERRA,4,0,4,0,0
2022-12-06,UNI,3,0,3,0,0
2022-12-06,XRP,8,0,8,0,0
2022-12-07,ADA,2,0,2,0,0
2022-12-07,BTC,47,0,47,0,0
2022-12-07,DOGE,3,0,3,0,0
2022-12-07,DOT,1,0,1,0,0
2022-12-07,ETH,23,0,23,0,0
2022-12-07,LINK,4,0,4,0,0
2022-12-07,LTC,1,0,1,0,0
2022-12-07,MATIC,6,0,6,0,0
2022-12-07,SOL,10,0,10,0,0
2022-12-07,TERRA,5,0,5,0,0
2022-12-07,UNI,1,0,1,0,0
2022-12-07,XRP,5,0,5,0,0
2022-12-08,ADA,1,0,1,0,0
2022-12-08,AVAX,2,0,2,0,0
2022-12-08,BTC,34,0,34,0,0
2022-12-08,ETH,19,0,19,0,0
2022-12-08,LINK,2,0,2,0,0
2022-12-08,LTC,2,0,2,0,0
2022-12-08,MATIC,3,0,3,0,0
2022-12-08,SOL,8,0,8,0,0
2022-12-08,TERRA,13,0,13,0,0
2022-12-08,XRP,1,0,1,0,0
2022-12-09,ADA,2,0,2,0,0
2022-12-09,AVAX,1,0,1,0,0
2022-12-09,BTC,37,0,37,0,0
2022-12-09,DOGE,4,0,4,0,0
2022-12-09,DOT,2,0,2,0,0
2022-12-09,ETH,21,0,21,0,0
2022-12-09,LINK,2,0,2,0,0
2022-12-09,LTC,3,0,3,0,0
2022-12-09,MATIC,6,0,6,0,0
2022-12-09,SHIBA,1,0,1,0,0
2022-12-09,SOL,9,0,9,0,0
2022-12-09,TERRA,5,0,5,0,0
2022-12-09,UNI,4,0,4,0,0
2022-12-09,XRP,1,0,1,0,0
2022-12-10,BTC,8,0,8,0,0
2022-12-10,ETH,2,0,2,0,0
2022-12-10,TERRA,1,0,1,0,0
2022-12-10,XRP,3,0,3,0,0
2022-12-11,BTC,7,0,7,0,0
2022-12-11,DOGE,1,0,1,0,0
2022-12-11,ETH,2,0,2,0,0
2022-12-11,MATIC,1,0,1,0,0
2022-12-11,TERRA,1,0,1,0,0
2022-12-11,UNI,1,0,1,0,0
2022-12-11,XRP,1,0,1,0,0
2022-12-12,ADA,1,0,1,0,0
2022-12-12,BTC,46,0,46,0,0
2022-12-12,DOGE,5,0,5,0,0
2022-12-12,DOT,1,0,1,0,0
2022-12-12,ETH,19,0,19,0,0
2022-12-12,LINK,3,0,3,0,0
2022-12-12,LTC,2,0,2,0,0
2022-12-12,MATIC,7,0,7,0,0
2022-12-12,SHIBA,1,0,1,0,0
2022-12-12,SOL,4,0,4,0,0
2022-12-12,TERRA,16,0,16,0,0
2022-12-12,UNI,2,0,2,0,0
2022-12-12,XRP,4,0,4,0,0
2022-12-13,ADA,2,0,2,0,0
2022-12-13,AVAX,2,0,2,0,0
2022-12-13,BTC,57,0,57,0,0
2022-12-13,DOGE,3,0,3,0,0
2022-12-13,DOT,1,0,1,0,0
2022-12-13,ETH,22,0,22,0,0
2022-12-13,LINK,1,0,1,0,0
2022-12-13,MATIC,4,0,4,0,0
2022-12-13,SOL,4,0,4,0,0
2022-12-13,TERRA,4,0,4,0,0
2022-12-13,UNI,2,0,2,0,0
2022-12-13,XRP,2,0,2,0,0
2022-12-14,AVAX,3,0,3,0,0
2022-12-14,BTC,48,0,48,0,0
2022-12-14,DOGE,1,0,1,0,0
2022-12-14,ETH,19,0,19,0,0
2022-12-14,LINK,1,0,1,0,0
2022-12-14,LTC,3,0,3,0,0
2022-12-14,MATIC,3,0,3,0,0
2022-12-14,SOL,9,0,9,0,0
2022-12-14,TERRA,6,0,6,0,0
2022-12-14,UNI,1,0,1,0,0
2022-12-14,XRP,2,0,2,0,0
2022-12-15,ADA,2,0,2,0,0
2022-12-15,AVAX,2,0,2,0,0
2022-12-15,BTC,39,0,39,0,0
2022-12-15,DOGE,2,0,2,0,0
2022-12-15,DOT,2,0,2,0,0
2022-12-15,ETH,22,0,22,0,0
2022-12-15,LINK,3,0,3,0,0
2022-12-15,MATIC,8,0,8,0,0
2022-12-15,SOL,12,0,12,0,0
2022-12-15,TERRA,1,0,1,0,0
2022-12-15,UNI,2,0,2,0,0
2022-12-15,XRP,1,0,1,0,0
2022-12-16,ADA,2,0,2,0,0
2022-12-16,BNB,2,0,2,0,0
2022-12-16,BTC,36,0,36,0,0
2022-12-16,DOGE,2,0,2,0,0
2022-12-16,DOT,1,0,1,0,0
2022-12-16,ETH,12,0,12,0,0
2022-12-16,LINK,1,0,1,0,0
2022-12-16,LTC,1,0,1,0,0
2022-12-16,MATIC,2,0,2,0,0
2022-12-16,SOL,9,0,9,0,0
2022-12-16,TERRA,2,0,2,0,0
2022-12-16,XRP,3,0,3,0,0
2022-12-17,ADA,1,0,1,0,0
2022-12-17,BTC,6,0,6,0,0
2022-12-17,DOGE,1,0,1,0,0
2022-12-17,ETH,1,0,1,0,0
2022-12-17,TERRA,1,0,1,0,0
2022-12-17,XRP,2,0,2,0,0
2022-12-18,AVAX,2,0,2,0,0
2022-12-18,BTC,3,0,3,0,0
2022-12-18,ETH,2,0,2,0,0
2022-12-19,ADA,1,0,1,0,0
2022-12-19,AVAX,2,0,2,0,0
2022-12-19,BNB,1,0,1,0,0
2022-12-19,BTC,34,0,34,0,0
2022-12-19,DOGE,1,0,1,0,0
2022-12-19,ETH,13,0,13,0,0
2022-12-19,LTC,1,0,1,0,0
2022-12-19,MATIC,1,0,1,0,0
2022-12-19,SOL,4,0,4,0,0
2022-12-19,TERRA,3,0,3,0,0
2022-12-19,XRP,1,0,1,0,0
2022-12-20,BTC,43,0,43,0,0
2022-12-20,DOGE,5,0,5,0,0
2022-12-20,ETH,26,0,26,0,0
2022-12-20,LINK,1,0,1,0,0
2022-12-20,LTC,2,0,2,0,0
2022-12-20,MATIC,9,0,9,0,0
2022-12-20,SOL,8,0,8,0,0
2022-12-20,TERRA,6,0,6,0,0
2022-12-20,UNI,3,0,3,0,0
2022-12-20,XRP,2,0,2,0,0
2022-12-21,ADA,1,0,1,0,0
2022-12-21,AVAX,2,0,2,0,0
2022-12-21,BNB,1,0,1,0,0
2022-12-21,BTC,45,0,45,0,0
2022-12-21,DOGE,3,0,3,0,0
2022-12-21,DOT,1,0,1,0,0
2022-12-21,ETH,22,0,22,0,0
2022-12-21,LTC,1,0,1,0,0
2022-12-21,MATIC,3,0,3,0,0
2022-12-21,SOL,6,0,6,0,0
2022-12-21,TERRA,4,0,4,0,0
2022-12-21,UNI,5,0,5,0,0
2022-12-21,XRP,3,0,3,0,0
2022-12-22,AVAX,2,0,2,0,0
2022-12-22,BTC,34,0,34,0,0
2022-12-22,DOGE,2,0,2,0,0
2022-12-22,ETH,11,0,11,0,0
2022-12-22,LINK,1,0,1,0,0
2022-12-22,MATIC,3,0,3,0,0
2022-12-22,SOL,4,0,4,0,0
2022-12-22,TERRA,5,0,5,0,0
2022-12-22,UNI,1,0,1,0,0
2022-12-22,XRP,4,0,4,0,0
2022-12-23,ADA,2,0,2,0,0
2022-12-23,AVAX,3,0,3,0,0
2022-12-23,BTC,35,0,35,0,0
2022-12-23,DOGE,3,0,3,0,0
2022-12-23,DOT,1,0,1,0,0
2022-12-23,ETH,14,0,14,0,0
2022-12-23,LINK,1,0,1,0,0
2022-12-23,LTC,2,0,2,0,0
2022-12-23,MATIC,5,0,5,0,0
2022-12-23,SHIBA,1,0,1,0,0
2022-12-23,SOL,2,0,2,0,0
2022-12-23,TERRA,2,0,2,0,0
2022-12-23,UNI,4,0,4,0,0
2022-12-23,XRP,1,0,1,0,0
2022-12-24,ADA,2,0,2,0,0
2022-12-24,AVAX,2,0,2,0,0
2022-12-24,BTC,10,0,10,0,0
2022-12-24,DOGE,2,0,2,0,0
2022-12-24,ETH,3,0,3,0,0
2022-12-24,LTC,1,0,1,0,0
2022-12-24,MATIC,1,0,1,0,0
2022-12-24,SHIBA,1,0,1,0,0
2022-12-24,SOL,2,0,2,0,0
2022-12-24,TERRA,4,0,4,0,0
2022-12-24,XRP,3,0,3,0,0
2022-12-25,ADA,1,0,1,0,0
2022-12-25,AVAX,3,0,3,0,0
2022-12-25,BTC,8,0,8,0,0
2022-12-25,DOGE,1,0,1,0,0
2022-12-25,DOT,1,0,1,0,0
2022-12-25,ETH,2,0,2,0,0
2022-12-25,MATIC,1,0,1,0,0
2022-12-25,SOL,3,0,3,0,0
2022-12-25,TERRA,2,0,2,0,0
2022-12-25,UNI,1,0,1,0,0
2022-12-26,ADA,2,0,2,0,0
2022-12-26,AVAX,2,0,2,0,0
2022-12-26,BNB,1,0,1,0,0
2022-12-26,BTC,20,0,20,0,0
2022-12-26,DOGE,3,0,3,0,0
2022-12-26,DOT,1,0,1,0,0
2022-12-26,ETH,14,0,14,0,0
2022-12-26,LTC,1,0,1,0,0
2022-12-26,MATIC,7,0,7,0,0
2022-12-26,SOL,4,0,4,0,0
2022-12-26,TERRA,3,0,3,0,0
2022-12-26,XRP,1,0,1,0,0
2022-12-27,ADA,1,0,1,0,0
2022-12-27,AVAX,2,0,2,0,0
2022-12-27,BTC,27,0,27,0,0
2022-12-27,DOGE,1,0,1,0,0
2022-12-27,ETH,15,0,15,0,0
2022-12-27,MATIC,5,0,5,0,0
2022-12-27,SHIBA,1,0,1,0,0
2022-12-27,SOL,9,0,9,0,0
2022-12-27,TERRA,6,0,6,0,0
2022-12-28,ADA,3,0,3,0,0
2022-12-28,AVAX,1,0,1,0,0
2022-12-28,BTC,34,0,34,0,0
2022-12-28,DOGE,4,0,4,0,0
2022-12-28,DOT,3,0,3,0,0
2022-12-28,ETH,11,0,11,0,0
2022-12-28,LINK,1,0,1,0,0
2022-12-28,LTC,1,0,1,0,0
2022-12-28,MATIC,6,0,6,0,0
2022-12-28,SHIBA,1,0,1,0,0
2022-12-28,SOL,11,0,11,0,0
2022-12-28,TERRA,4,0,4,0,0
2022-12-28,UNI,3,0,3,0,0
2022-12-29,BNB,1,0,1,0,0
2022-12-29,BTC,28,0,28,0,0
2022-12-29,DOGE,2,0,2,0,0
2022-12-29,DOT,1,0,1,0,0
2022-12-29,ETH,15,0,15,0,0
2022-12-29,LINK,1,0,1,0,0
2022-12-29,MATIC,2,0,2,0,0
2022-12-29,SOL,7,0,7,0,0
2022-12-29,TERRA,6,0,6,0,0
2022-12-29,UNI,2,0,2,0,0
2022-12-29,XRP,1,0,1,0,0
2022-12-30,ADA,1,0,1,0,0
2022-12-30,AVAX,4,0,4,0,0
2022-12-30,BTC,31,0,31,0,0
2022-12-30,DOGE,2,0,2,0,0
2022-12-30,DOT,1,0,1,0,0
2022-12-30,ETH,16,0,16,0,0
2022-12-30,LTC,2,0,2,0,0
2022-12-30,MATIC,5,0,5,0,0
2022-12-30,SHIBA,1,0,1,0,0
2022-12-30,SOL,15,0,15,0,0
2022-12-30,TERRA,8,0,8,0,0
2022-12-30,UNI,2,0,2,0,0
2022-12-31,AVAX,2,0,2,0,0
2022-12-31,BTC,7,0,7,0,0
2022-12-31,DOGE,2,0,2,0,0
2022-12-31,ETH,5,0,5,0,0
2022-12-31,MATIC,2,0,2,0,0
2022-12-31,SOL,2,0,2,0,0
2022-12-31,TERRA,3,0,3,0,0
2023-01-01,BTC,7,0,7,0,0
2023-01-01,ETH,2,0,2,0,0
2023-01-01,LTC,1,0,1,0,0
2023-01-01,MATIC,1,0,1,0,0
2023-01-01,TERRA,2,0,2,0,0
2023-01-02,ADA,1,0,1,0,0
2023-01-02,AVAX,1,0,1,0,0
2023-01-02,BTC,17,0,17,0,0
2023-01-02,DOGE,2,0,2,0,0
2023-01-02,DOT,1,0,1,0,0
2023-01-02,ETH,12,0,12,0,0
2023-01-02,LTC,1,0,1,0,0
2023-01-02,MATIC,7,0,7,0,0
2023-01-02,SOL,5,0,5,0,0
2023-01-02,TERRA,4,0,4,0,0
2023-01-03,BTC,32,0,32,0,0
2023-01-03,DOGE,2,0,2,0,0
2023-01-03,ETH,12,0,12,0,0
2023-01-03,MATIC,2,0,2,0,0
2023-01-03,SHIBA,3,0,3,0,0
2023-01-03,SOL,10,0,10,0,0
2023-01-03,TERRA,2,0,2,0,0
2023-01-03,XRP,2,0,2,0,0
2023-01-04,ADA,2,0,2,0,0
2023-01-04,AVAX,2,0,2,0,0
2023-01-04,BNB,1,0,1,0,0
2023-01-04,BTC,47,0,47,0,0
2023-01-04,DOGE,2,0,2,0,0
2023-01-04,DOT,1,0,1,0,0
2023-01-04,ETH,24,0,24,0,0
2023-01-04,LINK,1,0,1,0,0
2023-01-04,LTC,2,0,2,0,0
2023-01-04,MATIC,4,0,4,0,0
2023-01-04,SHIBA,5,0,5,0,0
2023-01-04,SOL,14,0,14,0,0
2023-01-04,TERRA,3,0,3,0,0
2023-01-04,UNI,2,0,2,0,0
2023-01-04,XRP,2,0,2,0,0
2023-01-05,ADA,1,0,1,0,0
2023-01-05,AVAX,3,0,3,0,0
2023-01-05,BTC,28,0,28,0,0
2023-01-05,DOGE,2,0,2,0,0
2023-01-05,ETH,11,0,11,0,0
2023-01-05,LTC,2,0,2,0,0
2023-01-05,MATIC,2,0,2,0,0
2023-01-05,SOL,5,0,5,0,0
2023-01-05,TERRA,4,0,4,0,0
2023-01-05,XRP,1,0,1,0,0
2023-01-06,ADA,3,0,3,0,0
2023-01-06,AVAX,4,0,4,0,0
2023-01-06,BNB,1,0,1,0,0
2023-01-06,BTC,37,0,37,0,0
2023-01-06,DOGE,3,0,3,0,0
2023-01-06,DOT,2,0,2,0,0
2023-01-06,ETH,22,0,22,0,0
2023-01-06,LINK,1,0,1,0,0
2023-01-06,LTC,3,0,3,0,0
2023-01-06,MATIC,8,0,8,0,0
2023-01-06,SHIBA,1,0,1,0,0
2023-01-06,SOL,11,0,11,0,0
2023-01-06,TERRA,2,0,2,0,0
2023-01-06,UNI,2,0,2,0,0
2023-01-07,ADA,1,0,1,0,0
2023-01-07,BTC,4,0,4,0,0
2023-01-07,DOGE,3,0,3,0,0
2023-01-07,ETH,5,0,5,0,0
2023-01-07,LTC,1,0,1,0,0
2023-01-07,MATIC,3,0,3,0,0
2023-01-07,SOL,2,0,2,0,0
2023-01-08,ADA,1,0,1,0,0
2023-01-08,BTC,5,0,5,0,0
2023-01-08,ETH,4,0,4,0,0
2023-01-08,LTC,1,0,1,0,0
2023-01-08,MATIC,1,0,1,0,0
2023-01-08,SOL,2,0,2,0,0
2023-01-09,ADA,6,0,6,0,0
2023-01-09,BTC,33,0,33,0,0
2023-01-09,DOGE,3,0,3,0,0
2023-01-09,ETH,18,0,18,0,0
2023-01-09,LTC,3,0,3,0,0
2023-01-09,MATIC,3,0,3,0,0
2023-01-09,SHIBA,2,0,2,0,0
2023-01-09,SOL,12,0,12,0,0
2023-01-09,TERRA,3,0,3,0,0
2023-01-09,UNI,1,0,1,0,0
2023-01-09,XRP,1,0,1,0,0
2023-01-10,ADA,1,0,1,0,0
2023-01-10,AVAX,1,0,1,0,0
2023-01-10,BTC,41,0,41,0,0
2023-01-10,DOGE,1,0,1,0,0
2023-01-10,DOT,1,0,1,0,0
2023-01-10,ETH,20,0,20,0,0
2023-01-10,LINK,2,0,2,0,0
2023-01-10,MATIC,3,0,3,0,0
2023-01-10,SHIBA,3,0,3,0,0
2023-01-10,SOL,9,0,9,0,0
2023-01-10,TERRA,4,0,4,0,0
2023-01-10,UNI,2,0,2,0,0
2023-01-10,XRP,2,0,2,0,0
2023-01-11,ADA,4,0,4,0,0
2023-01-11,AVAX,3,0,3,0,0
2023-01-11,BNB,1,0,1,0,0
2023-01-11,BTC,44,0,44,0,0
2023-01-11,DOGE,5,0,5,0,0
2023-01-11,DOT,1,0,1,0,0
2023-01-11,ETH,20,0,20,0,0
2023-01-11,LTC,1,0,1,0,0
2023-01-11,MATIC,4,0,4,0,0
2023-01-11,SHIBA,3,0,3,0,0
2023-01-11,SOL,10,0,10,0,0
2023-01-11,TERRA,4,0,4,0,0
2023-01-11,UNI,1,0,1,0,0
2023-01-11,XRP,2,0,2,0,0
2023-01-12,ADA,1,0,1,0,0
2023-01-12,AVAX,4,0,4,0,0
2023-01-12,BNB,1,0,1,0,0
2023-01-12,BTC,42,0,42,0,0
2023-01-12,ETH,20,0,20,0,0
2023-01-12,MATIC,3,0,3,0,0
2023-01-12,SOL,6,0,6,0,0
2023-01-12,TERRA,2,0,2,0,0
2023-01-12,XRP,3,0,3,0,0
2023-01-13,ADA,5,0,5,0,0
2023-01-13,AVAX,2,0,2,0,0
2023-01-13,BTC,49,0,49,0,0
2023-01-13,DOGE,2,0,2,0,0
2023-01-13,DOT,2,0,2,0,0
2023-01-13,ETH,31,0,31,0,0
2023-01-13,LTC,2,0,2,0,0
2023-01-13,MATIC,7,0,7,0,0
2023-01-13,SHIBA,2,0,2,0,0
2023-01-13,SOL,12,0,12,0,0
2023-01-13,TERRA,10,0,10,0,0
2023-01-13,UNI,1,0,1,0,0
2023-01-13,XRP,1,0,1,0,0
2023-01-14,AVAX,2,0,2,0,0
2023-01-14,BTC,6,0,6,0,0
2023-01-14,ETH,5,0,5,0,0
2023-01-14,MATIC,1,0,1,0,0
2023-01-14,SOL,2,0,2,0,0
2023-01-14,TERRA,1,0,1,0,0
2023-01-14,XRP,1,0,1,0,0
2023-01-15,BTC,6,0,6,0,0
2023-01-15,ETH,1,0,1,0,0
2023-01-15,LTC,1,0,1,0,0
2023-01-15,MATIC,1,0,1,0,0
2023-01-15,XRP,1,0,1,0,0
2023-01-16,ADA,2,0,2,0,0
2023-01-16,AVAX,1,0,1,0,0
2023-01-16,BTC,29,0,29,0,0
2023-01-16,DOGE,2,0,2,0,0
2023-01-16,DOT,1,0,1,0,0
2023-01-16,ETH,15,0,15,0,0
2023-01-16,LINK,1,0,1,0,0
2023-01-16,LTC,1,0,1,0,0
2023-01-16,MATIC,5,0,5,0,0
2023-01-16,SHIBA,5,0,5,0,0
2023-01-16,SOL,8,0,8,0,0
2023-01-16,TERRA,2,0,2,0,0
2023-01-16,UNI,3,0,3,0,0
2023-01-16,XRP,1,0,1,0,0
2023-01-17,ADA,1,0,1,0,0
2023-01-17,BTC,33,0,33,0,0
2023-01-17,DOGE,2,0,2,0,0
2023-01-17,DOT,3,0,3,0,0
2023-01-17,ETH,22,0,22,0,0
2023-01-17,MATIC,10,0,10,0,0
2023-01-17,SHIBA,1,0,1,0,0
2023-01-17,SOL,12,0,12,0,0
2023-01-17,TERRA,1,0,1,0,0
2023-01-17,XRP,3,0,3,0,0
2023-01-18,ADA,2,0,2,0,0
2023-01-18,AVAX,1,0,1,0,0
2023-01-18,BTC,43,0,43,0,0
2023-01-18,DOGE,7,0,7,0,0
2023-01-18,DOT,4,0,4,0,0
2023-01-18,ETH,32,0,32,0,0
2023-01-18,LINK,1,0,1,0,0
2023-01-18,LTC,1,0,1,0,0
2023-01-18,MATIC,10,0,10,0,0
2023-01-18,SHIBA,8,0,8,0,0
2023-01-18,SOL,14,0,14,0,0
2023-01-18,TERRA,3,0,3,0,0
2023-01-18,UNI,2,0,2,0,0
2023-01-18,XRP,5,0,5,0,0
2023-01-19,ADA,1,0,1,0,0
2023-01-19,AVAX,7,0,7,0,0
2023-01-19,BTC,46,0,46,0,0
2023-01-19,DOGE,3,0,3,0,0
2023-01-19,ETH,24,0,24,0,0
2023-01-19,LINK,1,0,1,0,0
2023-01-19,MATIC,5,0,5,0,0
2023-01-19,SHIBA,3,0,3,0,0
2023-01-19,SOL,9,0,9,0,0
2023-01-19,TERRA,6,0,6,0,0
2023-01-19,UNI,3,0,3,0,0
2023-01-19,XRP,5,0,5,0,0
2023-01-20,ADA,4,0,4,0,0
2023-01-20,AVAX,1,0,1,0,0
2023-01-20,BTC,27,0,27,0,0
2023-01-20,DOGE,2,0,2,0,0
2023-01-20,DOT,3,0,3,0,0
2023-01-20,ETH,13,0,13,0,0
2023-01-20,LTC,2,0,2,0,0
2023-01-20,MATIC,3,0,3,0,0
2023-01-20,SOL,14,0,14,0,0
2023-01-20,TERRA,3,0,3,0,0
2023-01-20,UNI,2,0,2,0,0
2023-01-21,AVAX,1,0,1,0,0
2023-01-21,BTC,5,0,5,0,0
2023-01-21,DOGE,1,0,1,0,0
2023-01-21,ETH,3,0,3,0,0
2023-01-21,MATIC,1,0,1,0,0
2023-01-21,SOL,1,0,1,0,0
2023-01-21,XRP,1,0,1,0,0
2023-01-22,ADA,1,0,1,0,0
2023-01-22,BTC,6,0,6,0,0
2023-01-22,ETH,4,0,4,0,0
2023-01-22,MATIC,1,0,1,0,0
2023-01-22,SOL,2,0,2,0,0
2023-01-22,TERRA,2,0,2,0,0
2023-01-23,ADA,3,0,3,0,0
2023-01-23,AVAX,4,0,4,0,0
2023-01-23,BNB,1,0,1,0,0
2023-01-23,BTC,46,0,46,0,0
2023-01-23,DOGE,4,0,4,0,0
2023-01-23,DOT,1,0,1,0,0
2023-01-23,ETH,24,0,24,0,0
2023-01-23,LTC,1,0,1,0,0
2023-01-23,MATIC,2,0,2,0,0
2023-01-23,SHIBA,1,0,1,0,0
2023-01-23,SOL,6,0,6,0,0
2023-01-23,UNI,1,0,1,0,0
2023-01-23,XRP,1,0,1,0,0
2023-01-24,ADA,1,0,1,0,0
2023-01-24,AVAX,4,0,4,0,0
2023-01-24,BTC,54,0,54,0,0
2023-01-24,DOT,2,0,2,0,0
2023-01-24,ETH,28,0,28,0,0
2023-01-24,LTC,1,0,1,0,0
2023-01-24,MATIC,6,0,6,0,0
2023-01-24,SOL,10,0,10,0,0
2023-01-24,TERRA,7,0,7,0,0
2023-01-24,UNI,2,0,2,0,0
2023-01-24,XRP,3,0,3,0,0
2023-01-25,ADA,5,0,5,0,0
2023-01-25,AVAX,3,0,3,0,0
2023-01-25,BTC,61,0,61,0,0
2023-01-25,DOGE,7,0,7,0,0
2023-01-25,DOT,1,0,1,0,0
2023-01-25,ETH,25,0,25,0,0
2023-01-25,LTC,2,0,2,0,0
2023-01-25,MATIC,7,0,7,0,0
2023-01-25,SHIBA,2,0,2,0,0
2023-01-25,SOL,8,0,8,0,0
2023-01-25,TERRA,2,0,2,0,0
2023-01-25,UNI,2,0,2,0,0
2023-01-25,XRP,2,0,2,0,0
2023-01-26,AVAX,2,0,2,0,0
2023-01-26,BTC,46,0,46,0,0
2023-01-26,DOT,1,0,1,0,0
2023-01-26,ETH,21,0,21,0,0
2023-01-26,MATIC,10,0,10,0,0
2023-01-26,SOL,6,0,6,0,0
2023-01-26,TERRA,6,0,6,0,0
2023-01-26,XRP,4,0,4,0,0
2023-01-27,ADA,3,0,3,0,0
2023-01-27,AVAX,6,0,6,0,0
2023-01-27,BTC,44,0,44,0,0
2023-01-27,DOGE,1,0,1,0,0
2023-01-27,DOT,4,0,4,0,0
2023-01-27,ETH,17,0,17,0,0
2023-01-27,LINK,1,0,1,0,0
2023-01-27,LTC,4,0,4,0,0
2023-01-27,MATIC,11,0,11,0,0
2023-01-27,SHIBA,1,0,1,0,0
2023-01-27,SOL,9,0,9,0,0
2023-01-27,TERRA,3,0,3,0,0
2023-01-27,UNI,2,0,2,0,0
2023-01-27,XRP,8,0,8,0,0
2023-01-28,AVAX,2,0,2,0,0
2023-01-28,BTC,6,0,6,0,0
2023-01-28,ETH,3,0,3,0,0
2023-01-28,MATIC,1,0,1,0,0
2023-01-28,XRP,1,0,1,0,0
2023-01-29,AVAX,2,0,2,0,0
2023-01-29,BTC,8,0,8,0,0
2023-01-29,ETH,4,0,4,0,0
2023-01-29,LTC,1,0,1,0,0
2023-01-29,MATIC,1,0,1,0,0
2023-01-30,ADA,3,0,3,0,0
2023-01-30,BTC,47,0,47,0,0
2023-01-30,DOGE,5,0,5,0,0
2023-01-30,DOT,1,0,1,0,0
2023-01-30,ETH,16,0,16,0,0
2023-01-30,LINK,1,0,1,0,0
2023-01-30,LTC,1,0,1,0,0
2023-01-30,MATIC,5,0,5,0,0
2023-01-30,SHIBA,1,0,1,0,0
2023-01-30,SOL,12,0,12,0,0
2023-01-30,TERRA,3,0,3,0,0
2023-01-30,UNI,4,0,4,0,0
2023-01-30,XRP,3,0,3,0,0
2023-01-31,ADA,1,0,1,0,0
2023-01-31,AVAX,5,0,5,0,0
2023-01-31,BTC,59,0,59,0,0
2023-01-31,DOGE,1,0,1,0,0
2023-01-31,ETH,27,0,27,0,0
2023-01-31,LTC,1,0,1,0,0
2023-01-31,MATIC,6,0,6,0,0
2023-01-31,SOL,15,0,15,0,0
2023-01-31,TERRA,7,0,7,0,0
2023-01-31,UNI,2,0,2,0,0
2023-01-31,XRP,4,0,4,0,0
2023-02-01,ADA,6,0,6,0,0
2023-02-01,AVAX,4,0,4,0,0
2023-02-01,BNB,1,0,1,0,0
2023-02-01,BTC,56,0,56,0,0
2023-02-01,DOGE,5,0,5,0,0
2023-02-01,DOT,3,0,3,0,0
2023-02-01,ETH,23,0,23,0,0
2023-02-01,LTC,1,0,1,0,0
2023-02-01,MATIC,9,0,9,0,0
2023-02-01,SOL,13,0,13,0,0
2023-02-01,TERRA,5,0,5,0,0
2023-02-01,XRP,3,0,3,0,0
2023-02-02,ADA,3,0,3,0,0
2023-02-02,AVAX,3,0,3,0,0
2023-02-02,BTC,48,0,48,0,0
2023-02-02,DOGE,3,0,3,0,0
2023-02-02,ETH,25,0,25,0,0
2023-02-02,LINK,1,0,1,0,0
2023-02-02,LTC,1,0,1,0,0
2023-02-02,MATIC,7,0,7,0,0
2023-02-02,SHIBA,1,0,1,0,0
2023-02-02,SOL,12,0,12,0,0
2023-02-02,TERRA,7,0,7,0,0
2023-02-02,UNI,4,0,4,0,0
2023-02-02,XRP,2,0,2,0,0
2023-02-03,ADA,2,0,2,0,0
2023-02-03,AVAX,2,0,2,0,0
2023-02-03,BTC,47,0,47,0,0
2023-02-03,DOGE,4,0,4,0,0
2023-02-03,DOT,3,0,3,0,0
2023-02-03,ETH,13,0,13,0,0
2023-02-03,LTC,3,0,3,0,0
2023-02-03,MATIC,1,0,1,0,0
2023-02-03,SHIBA,1,0,1,0,0
2023-02-03,SOL,5,0,5,0,0
2023-02-03,TERRA,2,0,2,0,0
2023-02-03,UNI,1,0,1,0,0
2023-02-03,XRP,3,0,3,0,0
2023-02-04,BTC,6,0,6,0,0
2023-02-04,ETH,3,0,3,0,0
2023-02-04,LTC,1,0,1,0,0
2023-02-04,MATIC,1,0,1,0,0
2023-02-04,TERRA,1,0,1,0,0
2023-02-04,XRP,2,0,2,0,0
2023-02-05,AVAX,1,0,1,0,0
2023-02-05,BTC,6,0,6,0,0
2023-02-05,DOGE,1,0,1,0,0
2023-02-05,ETH,7,0,7,0,0
2023-02-05,MATIC,2,0,2,0,0
2023-02-05,SHIBA,1,0,1,0,0
2023-02-05,SOL,3,0,3,0,0
2023-02-05,UNI,1,0,1,0,0
2023-02-06,ADA,5,0,5,0,0
2023-02-06,AVAX,1,0,1,0,0
2023-02-06,BTC,33,0,33,0,0
2023-02-06,DOGE,1,0,1,0,0
2023-02-06,DOT,3,0,3,0,0
2023-02-06,ETH,19,0,19,0,0
2023-02-06,LINK,2,0,2,0,0
2023-02-06,MATIC,4,0,4,0,0
2023-02-06,SOL,6,0,6,0,0
2023-02-06,TERRA,4,0,4,0,0
2023-02-06,UNI,2,0,2,0,0
2023-02-06,XRP,4,0,4,0,0
2023-02-07,ADA,5,0,5,0,0
2023-02-07,AVAX,7,0,7,0,0
2023-02-07,BTC,49,0,49,0,0
2023-02-07,DOGE,1,0,1,0,0
2023-02-07,ETH,34,0,34,0,0
2023-02-07,LINK,1,0,1,0,0
2023-02-07,LTC,1,0,1,0,0
2023-02-07,MATIC,8,0,8,0,0
2023-02-07,SHIBA,1,0,1,0,0
2023-02-07,SOL,8,0,8,0,0
2023-02-07,TERRA,3,0,3,0,0
2023-02-07,UNI,2,0,2,0,0
2023-02-08,ADA,5,0,5,0,0
2023-02-08,AVAX,3,0,3,0,0
2023-02-08,BNB,1,0,1,0,0
2023-02-08,BTC,52,0,52,0,0
2023-02-08,DOGE,4,0,4,0,0
2023-02-08,DOT,1,0,1,0,0
2023-02-08,ETH,23,0,23,0,0
2023-02-08,LTC,3,0,3,0,0
2023-02-08,MATIC,4,0,4,0,0
2023-02-08,SOL,10,0,10,0,0
2023-02-08,TERRA,2,0,2,0,0
2023-02-08,UNI,4,0,4,0,0
2023-02-08,XRP,1,0,1,0,0
2023-02-09,ADA,4,0,4,0,0
2023-02-09,AVAX,2,0,2,0,0
2023-02-09,BTC,55,0,55,0,0
2023-02-09,DOGE,3,0,3,0,0
2023-02-09,ETH,31,0,31,0,0
2023-02-09,LINK,2,0,2,0,0
2023-02-09,LTC,1,0,1,0,0
2023-02-09,MATIC,7,0,7,0,0
2023-02-09,SHIBA,2,0,2,0,0
2023-02-09,SOL,8,0,8,0,0
2023-02-09,TERRA,6,0,6,0,0
2023-02-09,UNI,1,0,1,0,0
2023-02-09,XRP,3,0,3,0,0
2023-02-10,ADA,3,0,3,0,0
2023-02-10,AVAX,2,0,2,0,0
2023-02-10,BNB,1,0,1,0,0
2023-02-10,BTC,44,0,44,0,0
2023-02-10,DOGE,4,0,4,0,0
2023-02-10,DOT,3,0,3,0,0
2023-02-10,ETH,32,0,32,0,0
2023-02-10,LINK,1,0,1,0,0
2023-02-10,LTC,2,0,2,0,0
2023-02-10,MATIC,9,0,9,0,0
2023-02-10,SOL,12,0,12,0,0
2023-02-10,TERRA,3,0,3,0,0
2023-02-10,UNI,3,0,3,0,0
2023-02-10,XRP,3,0,3,0,0
2023-02-11,ADA,1,0,1,0,0
2023-02-11,AVAX,2,0,2,0,0
2023-02-11,BTC,5,0,5,0,0
2023-02-11,DOGE,1,0,1,0,0
2023-02-11,DOT,1,0,1,0,0
2023-02-11,ETH,8,0,8,0,0
2023-02-11,LTC,1,0,1,0,0
2023-02-11,MATIC,4,0,4,0,0
2023-02-11,SOL,4,0,4,0,0
2023-02-12,AVAX,1,0,1,0,0
2023-02-12,BTC,10,0,10,0,0
2023-02-12,DOGE,3,0,3,0,0
2023-02-12,ETH,2,0,2,0,0
2023-02-12,MATIC,1,0,1,0,0
2023-02-12,SHIBA,1,0,1,0,0
2023-02-12,SOL,1,0,1,0,0
2023-02-12,TERRA,1,0,1,0,0
2023-02-13,ADA,1,0,1,0,0
2023-02-13,AVAX,2,0,2,0,0
2023-02-13,BNB,2,0,2,0,0
2023-02-13,BTC,47,0,47,0,0
2023-02-13,DOGE,1,0,1,0,0
2023-02-13,ETH,24,0,24,0,0
2023-02-13,MATIC,5,0,5,0,0
2023-02-13,SHIBA,1,0,1,0,0
2023-02-13,SOL,8,0,8,0,0
2023-02-13,TERRA,2,0,2,0,0
2023-02-13,UNI,2,0,2,0,0
2023-02-13,XRP,5,0,5,0,0
2023-02-14,ADA,2,0,2,0,0
2023-02-14,AVAX,6,0,6,0,0
2023-02-14,BTC,49,0,49,0,0
2023-02-14,DOT,1,0,1,0,0
2023-02-14,ETH,33,0,33,0,0
2023-02-14,MATIC,11,0,11,0,0
2023-02-14,SHIBA,2,0,2,0,0
2023-02-14,SOL,12,0,12,0,0
2023-02-14,TERRA,5,0,5,0,0
2023-02-14,UNI,1,0,1,0,0
2023-02-14,XRP,1,0,1,0,0
2023-02-15,ADA,5,0,5,0,0
2023-02-15,AVAX,3,0,3,0,0
2023-02-15,BTC,54,0,54,0,0
2023-02-15,DOGE,2,0,2,0,0
2023-02-15,DOT,2,0,2,0,0
2023-02-15,ETH,26,0,26,0,0
2023-02-15,LTC,1,0,1,0,0
2023-02-15,MATIC,11,0,11,0,0
2023-02-15,SHIBA,1,0,1,0,0
2023-02-15,SOL,13,0,13,0,0
2023-02-15,TERRA,5,0,5,0,0
2023-02-15,UNI,2,0,2,0,0
2023-02-15,XRP,4,0,4,0,0
2023-02-16,AVAX,3,0,3,0,0
2023-02-16,BTC,45,0,45,0,0
2023-02-16,DOGE,4,0,4,0,0
2023-02-16,ETH,25,0,25,0,0
2023-02-16,MATIC,11,0,11,0,0
2023-02-16,SHIBA,2,0,2,0,0
2023-02-16,SOL,10,0,10,0,0
2023-02-16,TERRA,9,0,9,0,0
2023-02-16,UNI,1,0,1,0,0
2023-02-17,AVAX,4,0,4,0,0
2023-02-17,BTC,34,0,34,0,0
2023-02-17,DOT,2,0,2,0,0
2023-02-17,ETH,22,0,22,0,0
2023-02-17,MATIC,5,0,5,0,0
2023-02-17,SHIBA,1,0,1,0,0
2023-02-17,SOL,5,0,5,0,0
2023-02-17,TERRA,14,0,14,0,0
2023-02-17,XRP,4,0,4,0,0
2023-02-18,ADA,1,0,1,0,0
2023-02-18,AVAX,2,0,2,0,0
2023-02-18,BTC,5,0,5,0,0
2023-02-18,ETH,3,0,3,0,0
2023-02-18,LTC,1,0,1,0,0
2023-02-18,MATIC,2,0,2,0,0
2023-02-18,SOL,2,0,2,0,0
2023-02-19,BTC,6,0,6,0,0
2023-02-19,DOGE,1,0,1,0,0
2023-02-19,ETH,1,0,1,0,0
2023-02-19,MATIC,1,0,1,0,0
2023-02-19,SOL,3,0,3,0,0
2023-02-19,TERRA,1,0,1,0,0
2023-02-19,UNI,1,0,1,0,0
2023-02-19,VECHAIN,1,0,1,0,0
2023-02-19,XRP,1,0,1,0,0
2023-02-20,ADA,1,0,1,0,0
2023-02-20,AVAX,1,0,1,0,0
2023-02-20,BTC,30,0,30,0,0
2023-02-20,DOGE,3,0,3,0,0
2023-02-20,DOT,4,0,4,0,0
2023-02-20,ETH,14,0,14,0,0
2023-02-20,LTC,1,0,1,0,0
2023-02-20,MATIC,5,0,5,0,0
2023-02-20,SHIBA,1,0,1,0,0
2023-02-20,SOL,11,0,11,0,0
2023-02-20,TERRA,10,0,10,0,0
2023-02-20,UNI,1,0,1,0,0
2023-02-20,VECHAIN,1,0,1,0,0
2023-02-21,ADA,1,0,1,0,0
2023-02-21,AVAX,1,0,1,0,0
2023-02-21,BTC,46,0,46,0,0
2023-02-21,DOGE,1,0,1,0,0
2023-02-21,DOT,2,0,2,0,0
2023-02-21,ETH,29,0,29,0,0
2023-02-21,LINK,2,0,2,0,0
2023-02-21,LTC,5,0,5,0,0
2023-02-21,MATIC,7,0,7,0,0
2023-02-21,SOL,10,0,10,0,0
2023-02-21,TERRA,2,0,2,0,0
2023-02-21,UNI,3,0,3,0,0
2023-02-21,XRP,1,0,1,0,0
2023-02-22,ADA,3,0,3,0,0
2023-02-22,AVAX,5,0,5,0,0
2023-02-22,BTC,41,0,41,0,0
2023-02-22,DOGE,1,0,1,0,0
2023-02-22,DOT,2,0,2,0,0
2023-02-22,ETH,31,0,31,0,0
2023-02-22,LINK,1,0,1,0,0
2023-02-22,LTC,1,0,1,0,0
2023-02-22,MATIC,11,0,11,0,0
2023-02-22,SHIBA,1,0,1,0,0
2023-02-22,SOL,16,0,16,0,0
2023-02-22,TERRA,4,0,4,0,0
2023-02-22,UNI,2,0,2,0,0
2023-02-23,ADA,1,0,1,0,0
2023-02-23,AVAX,2,0,2,0,0
2023-02-23,BTC,40,0,40,0,0
2023-02-23,DOT,1,0,1,0,0
2023-02-23,ETH,37,0,37,0,0
2023-02-23,LINK,1,0,1,0,0
2023-02-23,MATIC,9,0,9,0,0
2023-02-23,SOL,11,0,11,0,0
2023-02-23,TERRA,5,0,5,0,0
2023-02-23,UNI,2,0,2,0,0
2023-02-23,XRP,3,0,3,0,0
2023-02-24,ADA,1,0,1,0,0
2023-02-24,AVAX,3,0,3,0,0
2023-02-24,BTC,43,0,43,0,0
2023-02-24,DOGE,2,0,2,0,0
2023-02-24,DOT,1,0,1,0,0
2023-02-24,ETH,23,0,23,0,0
2023-02-24,LINK,1,0,1,0,0
2023-02-24,LTC,2,0,2,0,0
2023-02-24,MATIC,6,0,6,0,0
2023-02-24,SHIBA,2,0,2,0,0
2023-02-24,SOL,12,0,12,0,0
2023-02-24,TERRA,4,0,4,0,0
2023-02-24,UNI,1,0,1,0,0
2023-02-25,ADA,1,0,1,0,0
2023-02-25,BTC,5,0,5,0,0
2023-02-25,ETH,4,0,4,0,0
2023-02-25,LTC,1,0,1,0,0
2023-02-25,MATIC,2,0,2,0,0
2023-02-25,SOL,3,0,3,0,0
2023-02-25,TERRA,1,0,1,0,0
2023-02-25,XRP,1,0,1,0,0
2023-02-26,AVAX,2,0,2,0,0
2023-02-26,BTC,7,0,7,0,0
2023-02-26,ETH,5,0,5,0,0
2023-02-26,LINK,2,0,2,0,0
2023-02-26,MATIC,3,0,3,0,0
2023-02-26,SHIBA,1,0,1,0,0
2023-02-26,SOL,3,0,3,0,0
2023-02-26,TERRA,1,0,1,0,0
2023-02-26,UNI,1,0,1,0,0
2023-02-27,ADA,3,0,3,0,0
2023-02-27,AVAX,3,0,3,0,0
2023-02-27,BNB,1,0,1,0,0
2023-02-27,BTC,43,0,43,0,0
2023-02-27,DOGE,4,0,4,0,0
2023-02-27,ETH,27,0,27,0,0
2023-02-27,LINK,1,0,1,0,0
2023-02-27,LTC,1,0,1,0,0
2023-02-27,MATIC,8,0,8,0,0
2023-02-27,SHIBA,2,0,2,0,0
2023-02-27,SOL,8,0,8,0,0
2023-02-27,TERRA,2,0,2,0,0
2023-02-27,UNI,4,0,4,0,0
2023-02-27,XRP,3,0,3,0,0
2023-02-28,ADA,2,0,2,0,0
2023-02-28,AVAX,1,0,1,0,0
2023-02-28,BTC,47,0,47,0,0
2023-02-28,ETH,29,0,29,0,0
2023-02-28,LINK,2,0,2,0,0
2023-02-28,MATIC,3,0,3,0,0
2023-02-28,SHIBA,1,0,1,0,0
2023-02-28,SOL,13,0,13,0,0
2023-02-28,TERRA,4,0,4,0,0
2023-02-28,UNI,4,0,4,0,0
2023-02-28,VECHAIN,1,0,1,0,0
2023-03-01,ADA,2,0,2,0,0
2023-03-01,AVAX,4,0,4,0,0
2023-03-01,BTC,43,0,43,0,0
2023-03-01,DOGE,1,0,1,0,0
2023-03-01,DOT,2,0,2,0,0
2023-03-01,ETH,34,0,34,0,0
2023-03-01,LINK,2,0,2,0,0
2023-03-01,LTC,1,0,1,0,0
2023-03-01,MATIC,12,0,12,0,0
2023-03-01,SOL,18,0,18,0,0
2023-03-01,UNI,2,0,2,0,0
2023-03-01,XRP,2,0,2,0,0
2023-03-02,ADA,4,0,4,0,0
2023-03-02,AVAX,4,0,4,0,0
2023-03-02,BTC,55,0,55,0,0
2023-03-02,DOGE,2,0,2,0,0
2023-03-02,DOT,1,0,1,0,0
2023-03-02,ETH,39,0,39,0,0
2023-03-02,LINK,2,0,2,0,0
2023-03-02,LTC,1,0,1,0,0
2023-03-02,MATIC,10,0,10,0,0
2023-03-02,SHIBA,1,0,1,0,0
2023-03-02,SOL,11,0,11,0,0
2023-03-02,TERRA,6,0,6,0,0
2023-03-02,UNI,1,0,1,0,0
2023-03-02,XRP,4,0,4,0,0
2023-03-03,ADA,3,0,3,0,0
2023-03-03,AVAX,1,0,1,0,0
2023-03-03,BTC,32,0,32,0,0
2023-03-03,DOGE,1,0,1,0,0
2023-03-03,DOT,1,0,1,0,0
2023-03-03,ETH,22,0,22,0,0
2023-03-03,LINK,1,0,1,0,0
2023-03-03,LTC,1,0,1,0,0
2023-03-03,MATIC,5,0,5,0,0
2023-03-03,SOL,7,0,7,0,0
2023-03-03,TERRA,1,0,1,0,0
2023-03-03,UNI,3,0,3,0,0
2023-03-03,XRP,1,0,1,0,0
2023-03-04,ADA,1,0,1,0,0
2023-03-04,AVAX,1,0,1,0,0
2023-03-04,BTC,6,0,6,0,0
2023-03-04,ETH,8,0,8,0,0
2023-03-04,MATIC,2,0,2,0,0
2023-03-04,SOL,2,0,2,0,0
2023-03-05,BTC,5,0,5,0,0
2023-03-05,DOGE,1,0,1,0,0
2023-03-05,ETH,3,0,3,0,0
2023-03-05,TERRA,1,0,1,0,0
2023-03-05,XRP,1,0,1,0,0
2023-03-06,ADA,1,0,1,0,0
2023-03-06,BTC,48,0,48,0,0
2023-03-06,DOGE,2,0,2,0,0
2023-03-06,ETH,22,0,22,0,0
2023-03-06,LINK,1,0,1,0,0
2023-03-06,MATIC,3,0,3,0,0
2023-03-06,SOL,8,0,8,0,0
2023-03-06,TERRA,5,0,5,0,0
2023-03-06,UNI,3,0,3,0,0
2023-03-06,XRP,4,0,4,0,0
2023-03-07,AVAX,4,0,4,0,0
2023-03-07,BTC,44,0,44,0,0
2023-03-07,DOGE,1,0,1,0,0
2023-03-07,ETH,22,0,22,0,0
2023-03-07,MATIC,2,0,2,0,0
2023-03-07,SOL,6,0,6,0,0
2023-03-07,TERRA,3,0,3,0,0
2023-03-07,UNI,1,0,1,0,0
2023-03-07,XRP,1,0,1,0,0
2023-03-08,ADA,1,0,1,0,0
2023-03-08,AVAX,2,0,2,0,0
2023-03-08,BTC,58,0,58,0,0
2023-03-08,DOGE,1,0,1,0,0
2023-03-08,DOT,1,0,1,0,0
2023-03-08,ETH,26,0,26,0,0
2023-03-08,LTC,1,0,1,0,0
2023-03-08,MATIC,7,0,7,0,0
2023-03-08,SHIBA,2,0,2,0,0
2023-03-08,SOL,9,0,9,0,0
2023-03-08,TERRA,5,0,5,0,0
2023-03-08,UNI,4,0,4,0,0
2023-03-08,XRP,1,0,1,0,0
2023-03-09,ADA,1,0,1,0,0
2023-03-09,AVAX,3,0,3,0,0
2023-03-09,BTC,55,0,55,0,0
2023-03-09,DOGE,1,0,1,0,0
2023-03-09,DOT,1,0,1,0,0
2023-03-09,ETH,27,0,27,0,0
2023-03-09,MATIC,10,0,10,0,0
2023-03-09,SHIBA,3,0,3,0,0
2023-03-09,SOL,10,0,10,0,0
2023-03-09,TERRA,5,0,5,0,0
2023-03-09,UNI,1,0,1,0,0
2023-03-09,XRP,4,0,4,0,0
2023-03-10,ADA,3,0,3,0,0
2023-03-10,AVAX,2,0,2,0,0
2023-03-10,BTC,44,0,44,0,0
2023-03-10,DOGE,4,0,4,0,0
2023-03-10,DOT,2,0,2,0,0
2023-03-10,ETH,22,0,22,0,0
2023-03-10,LINK,1,0,1,0,0
2023-03-10,LTC,1,0,1,0,0
2023-03-10,MATIC,5,0,5,0,0
2023-03-10,SHIBA,3,0,3,0,0
2023-03-10,SOL,11,0,11,0,0
2023-03-10,TERRA,1,0,1,0,0
2023-03-10,UNI,3,0,3,0,0
2023-03-10,XRP,3,0,3,0,0
2023-03-11,AVAX,5,0,5,0,0
2023-03-11,BTC,13,0,13,0,0
2023-03-11,DOGE,1,0,1,0,0
2023-03-11,ETH,9,0,9,0,0
2023-03-11,MATIC,5,0,5,0,0
2023-03-11,SOL,4,0,4,0,0
2023-03-11,TERRA,1,0,1,0,0
2023-03-11,UNI,1,0,1,0,0
2023-03-12,AVAX,1,0,1,0,0
2023-03-12,BTC,4,0,4,0,0
2023-03-12,ETH,1,0,1,0,0
2023-03-12,MATIC,2,0,2,0,0
2023-03-12,SOL,3,0,3,0,0
2023-03-12,TERRA,2,0,2,0,0
2023-03-12,XRP,4,0,4,0,0
2023-03-13,ADA,4,0,4,0,0
2023-03-13,AVAX,4,0,4,0,0
2023-03-13,BNB,1,0,1,0,0
2023-03-13,BTC,59,0,59,0,0
2023-03-13,DOGE,3,0,3,0,0
2023-03-13,DOT,1,0,1,0,0
2023-03-13,ETH,27,0,27,0,0
2023-03-13,LTC,5,0,5,0,0
2023-03-13,MATIC,8,0,8,0,0
2023-03-13,SHIBA,1,0,1,0,0
2023-03-13,SOL,12,0,12,0,0
2023-03-13,TERRA,3,0,3,0,0
2023-03-13,UNI,2,0,2,0,0
2023-03-13,XRP,4,0,4,0,0
2023-03-14,ADA,2,0,2,0,0
2023-03-14,AVAX,1,0,1,0,0
2023-03-14,BTC,45,0,45,0,0
2023-03-14,DOGE,3,0,3,0,0
2023-03-14,DOT,4,0,4,0,0
2023-03-14,ETH,22,0,22,0,0
2023-03-14,LTC,4,0,4,0,0
2023-03-14,MATIC,8,0,8,0,0
2023-03-14,SOL,5,0,5,0,0
2023-03-14,TERRA,2,0,2,0,0
2023-03-14,UNI,2,0,2,0,0
2023-03-14,XRP,2,0,2,0,0
2023-03-15,ADA,2,0,2,0,0
2023-03-15,BTC,57,0,57,0,0
2023-03-15,DOGE,2,0,2,0,0
2023-03-15,DOT,2,0,2,0,0
2023-03-15,ETH,40,0,40,0,0
2023-03-15,LINK,1,0,1,0,0
2023-03-15,MATIC,7,0,7,0,0
2023-03-15,SHIBA,1,0,1,0,0
2023-03-15,SOL,10,0,10,0,0
2023-03-15,TERRA,2,0,2,0,0
2023-03-15,UNI,8,0,8,0,0
2023-03-15,XRP,3,0,3,0,0
2023-03-16,ADA,2,0,2,0,0
2023-03-16,AVAX,2,0,2,0,0
2023-03-16,BTC,47,0,47,0,0
2023-03-16,DOGE,2,0,2,0,0
2023-03-16,ETH,28,0,28,0,0
2023-03-16,LINK,1,0,1,0,0
2023-03-16,MATIC,6,0,6,0,0
2023-03-16,SHIBA,3,0,3,0,0
2023-03-16,SOL,9,0,9,0,0
2023-03-16,TERRA,3,0,3,0,0
2023-03-16,UNI,1,0,1,0,0
2023-03-16,XRP,1,0,1,0,0
2023-03-17,ADA,2,0,2,0,0
2023-03-17,AVAX,2,0,2,0,0
2023-03-17,BTC,47,0,47,0,0
2023-03-17,DOGE,3,0,3,0,0
2023-03-17,DOT,3,0,3,0,0
2023-03-17,ETH,32,0,32,0,0
2023-03-17,LINK,2,0,2,0,0
2023-03-17,MATIC,4,0,4,0,0
2023-03-17,SHIBA,2,0,2,0,0
2023-03-17,SOL,11,0,11,0,0
2023-03-17,TERRA,3,0,3,0,0
2023-03-17,UNI,2,0,2,0,0
2023-03-17,XRP,5,0,5,0,0
2023-03-18,BTC,5,0,5,0,0
2023-03-18,ETH,5,0,5,0,0
2023-03-18,MATIC,1,0,1,0,0
2023-03-18,SOL,1,0,1,0,0
2023-03-19,ADA,1,0,1,0,0
2023-03-19,AVAX,1,0,1,0,0
2023-03-19,BTC,9,0,9,0,0
2023-03-19,DOT,1,0,1,0,0
2023-03-19,ETH,1,0,1,0,0
2023-03-19,LTC,1,0,1,0,0
2023-03-19,TERRA,1,0,1,0,0
2023-03-20,ADA,1,0,1,0,0
2023-03-20,AVAX,1,0,1,0,0
2023-03-20,BTC,37,0,37,0,0
2023-03-20,DOGE,2,0,2,0,0
2023-03-20,DOT,1,0,1,0,0
2023-03-20,ETH,27,0,27,0,0
2023-03-20,MATIC,10,0,10,0,0
2023-03-20,SOL,6,0,6,0,0
2023-03-20,TERRA,1,0,1,0,0
2023-03-20,UNI,1,0,1,0,0
2023-03-20,XRP,1,0,1,0,0
2023-03-21,ADA,1,0,1,0,0
2023-03-21,AVAX,1,0,1,0,0
2023-03-21,BTC,44,0,44,0,0
2023-03-21,ETH,22,0,22,0,0
2023-03-21,LINK,1,0,1,0,0
2023-03-21,LTC,1,0,1,0,0
2023-03-21,MATIC,5,0,5,0,0
2023-03-21,SOL,9,0,9,0,0
2023-03-21,TERRA,2,0,2,0,0
2023-03-21,XRP,3,0,3,0,0
2023-03-22,ADA,4,0,4,0,0
2023-03-22,AVAX,4,0,4,0,0
2023-03-22,BTC,47,0,47,0,0
2023-03-22,DOGE,2,0,2,0,0
2023-03-22,DOT,1,0,1,0,0
2023-03-22,ETH,32,0,32,0,0
2023-03-22,LINK,1,0,1,0,0
2023-03-22,MATIC,11,0,11,0,0
2023-03-22,SHIBA,1,0,1,0,0
2023-03-22,SOL,12,0,12,0,0
2023-03-22,UNI,3,0,3,0,0
2023-03-22,XRP,6,0,6,0,0
2023-03-23,ADA,2,0,2,0,0
2023-03-23,AVAX,2,0,2,0,0
2023-03-23,BTC,49,0,49,0,0
2023-03-23,DOGE,1,0,1,0,0
2023-03-23,DOT,1,0,1,0,0
2023-03-23,ETH,18,0,18,0,0
2023-03-23,LINK,1,0,1,0,0
2023-03-23,LTC,4,0,4,0,0
2023-03-23,MATIC,3,0,3,0,0
2023-03-23,SOL,8,0,8,0,0
2023-03-23,TERRA,8,0,8,0,0
2023-03-23,UNI,3,0,3,0,0
2023-03-23,XRP,3,0,3,0,0
2023-03-24,ADA,2,0,2,0,0
2023-03-24,BTC,49,0,49,0,0
2023-03-24,DOGE,1,0,1,0,0
2023-03-24,DOT,1,0,1,0,0
2023-03-24,ETH,24,0,24,0,0
2023-03-24,LINK,2,0,2,0,0
2023-03-24,LTC,1,0,1,0,0
2023-03-24,MATIC,8,0,8,0,0
2023-03-24,SOL,5,0,5,0,0
2023-03-24,TERRA,4,0,4,0,0
2023-03-24,UNI,4,0,4,0,0
2023-03-24,XRP,3,0,3,0,0
2023-03-25,BTC,8,0,8,0,0
2023-03-25,ETH,5,0,5,0,0
2023-03-25,MATIC,2,0,2,0,0
2023-03-25,SOL,2,0,2,0,0
2023-03-25,UNI,1,0,1,0,0
2023-03-26,AVAX,2,0,2,0,0
2023-03-26,BTC,8,0,8,0,0
2023-03-26,ETH,3,0,3,0,0
2023-03-26,LTC,1,0,1,0,0
2023-03-26,TERRA,2,0,2,0,0
2023-03-27,ADA,1,0,1,0,0
2023-03-27,BTC,42,0,42,0,0
2023-03-27,DOGE,1,0,1,0,0
2023-03-27,DOT,1,0,1,0,0
2023-03-27,ETH,26,0,26,0,0
2023-03-27,LINK,1,0,1,0,0
2023-03-27,LTC,9,0,9,0,0
2023-03-27,MATIC,11,0,11,0,0
2023-03-27,SOL,7,0,7,0,0
2023-03-27,TERRA,4,0,4,0,0
2023-03-27,XRP,6,0,6,0,0
2023-03-28,ADA,1,0,1,0,0
2023-03-28,AVAX,3,0,3,0,0
2023-03-28,BNB,1,0,1,0,0
2023-03-28,BTC,60,0,60,0,0
2023-03-28,DOGE,1,0,1,0,0
2023-03-28,ETH,19,0,19,0,0
2023-03-28,LINK,1,0,1,0,0
2023-03-28,LTC,9,0,9,0,0
2023-03-28,MATIC,8,0,8,0,0
2023-03-28,SOL,14,0,14,0,0
2023-03-28,TERRA,4,0,4,0,0
2023-03-28,UNI,1,0,1,0,0
2023-03-28,XRP,4,0,4,0,0
2023-03-29,ADA,5,0,5,0,0
2023-03-29,AVAX,1,0,1,0,0
2023-03-29,BTC,49,0,49,0,0
2023-03-29,DOGE,2,0,2,0,0
2023-03-29,DOT,5,0,5,0,0
2023-03-29,ETH,23,0,23,0,0
2023-03-29,LINK,1,0,1,0,0
2023-03-29,LTC,4,0,4,0,0
2023-03-29,MATIC,8,0,8,0,0
2023-03-29,SOL,10,0,10,0,0
2023-03-29,TERRA,4,0,4,0,0
2023-03-29,UNI,3,0,3,0,0
2023-03-29,XRP,8,0,8,0,0
2023-03-30,AVAX,3,0,3,0,0
2023-03-30,BTC,41,0,41,0,0
2023-03-30,ETH,17,0,17,0,0
2023-03-30,MATIC,9,0,9,0,0
2023-03-30,SOL,7,0,7,0,0
2023-03-30,TERRA,5,0,5,0,0
2023-03-30,UNI,1,0,1,0,0
2023-03-30,XRP,1,0,1,0,0
2023-03-31,ADA,3,0,3,0,0
2023-03-31,AVAX,3,0,3,0,0
2023-03-31,BTC,39,0,39,0,0
2023-03-31,DOGE,2,0,2,0,0
2023-03-31,DOT,2,0,2,0,0
2023-03-31,ETH,19,0,19,0,0
2023-03-31,LTC,3,0,3,0,0
2023-03-31,MATIC,8,0,8,0,0
2023-03-31,SHIBA,1,0,1,0,0
2023-03-31,SOL,12,0,12,0,0
2023-03-31,TERRA,3,0,3,0,0
2023-03-31,UNI,3,0,3,0,0
2023-03-31,XRP,6,0,6,0,0
2023-04-01,AVAX,1,0,1,0,0
2023-04-01,BTC,10,0,10,0,0
2023-04-01,DOGE,1,0,1,0,0
2023-04-01,ETH,7,0,7,0,0
2023-04-01,MATIC,1,0,1,0,0
2023-04-01,SOL,1,0,1,0,0
2023-04-01,TERRA,4,0,4,0,0
2023-04-01,UNI,1,0,1,0,0
2023-04-01,XRP,1,0,1,0,0
2023-04-02,AVAX,1,0,1,0,0
2023-04-02,BTC,5,0,5,0,0
2023-04-02,ETH,6,0,6,0,0
2023-04-02,MATIC,5,0,5,0,0
2023-04-02,SOL,3,0,3,0,0
2023-04-02,TERRA,1,0,1,0,0
2023-04-03,ADA,2,0,2,0,0
2023-04-03,AVAX,1,0,1,0,0
2023-04-03,BTC,40,0,40,0,0
2023-04-03,DOGE,8,0,8,0,0
2023-04-03,DOT,1,0,1,0,0
2023-04-03,ETH,21,0,21,0,0
2023-04-03,MATIC,4,0,4,0,0
2023-04-03,SHIBA,4,0,4,0,0
2023-04-03,SOL,7,0,7,0,0
2023-04-03,TERRA,3,0,3,0,0
2023-04-03,UNI,4,0,4,0,0
2023-04-03,XRP,4,0,4,0,0
2023-04-04,ADA,1,0,1,0,0
2023-04-04,AVAX,2,0,2,0,0
2023-04-04,BTC,45,0,45,0,0
2023-04-04,DOGE,7,0,7,0,0
2023-04-04,DOT,2,0,2,0,0
2023-04-04,ETH,38,0,38,0,0
2023-04-04,LINK,1,0,1,0,0
2023-04-04,MATIC,11,0,11,0,0
2023-04-04,SHIBA,4,0,4,0,0
2023-04-04,SOL,6,0,6,0,0
2023-04-04,TERRA,5,0,5,0,0
2023-04-04,UNI,4,0,4,0,0
2023-04-05,ADA,2,0,2,0,0
2023-04-05,AVAX,4,0,4,0,0
2023-04-05,BTC,57,0,57,0,0
2023-04-05,DOGE,5,0,5,0,0
2023-04-05,DOT,2,0,2,0,0
2023-04-05,ETH,28,0,28,0,0
2023-04-05,LTC,1,0,1,0,0
2023-04-05,MATIC,6,0,6,0,0
2023-04-05,SHIBA,4,0,4,0,0
2023-04-05,SOL,9,0,9,0,0
2023-04-05,UNI,2,0,2,0,0
2023-04-06,ADA,1,0,1,0,0
2023-04-06,AVAX,6,0,6,0,0
2023-04-06,BTC,45,0,45,0,0
2023-04-06,DOGE,6,0,6,0,0
2023-04-06,DOT,2,0,2,0,0
2023-04-06,ETH,29,0,29,0,0
2023-04-06,LINK,2,0,2,0,0
2023-04-06,MATIC,4,0,4,0,0
2023-04-06,SHIBA,4,0,4,0,0
2023-04-06,SOL,10,0,10,0,0
2023-04-06,TERRA,2,0,2,0,0
2023-04-06,UNI,5,0,5,0,0
2023-04-06,XRP,5,0,5,0,0
2023-04-07,ADA,1,0,1,0,0
2023-04-07,AVAX,1,0,1,0,0
2023-04-07,BTC,29,0,29,0,0
2023-04-07,DOGE,3,0,3,0,0
2023-04-07,DOT,1,0,1,0,0
2023-04-07,ETH,9,0,9,0,0
2023-04-07,LTC,1,0,1,0,0
2023-04-07,MATIC,4,0,4,0,0
2023-04-07,SHIBA,2,0,2,0,0
2023-04-07,SOL,1,0,1,0,0
2023-04-07,TERRA,5,0,5,0,0
2023-04-07,UNI,2,0,2,0,0
2023-04-07,XRP,1,0,1,0,0
2023-04-08,BTC,7,0,7,0,0
2023-04-08,DOGE,1,0,1,0,0
2023-04-08,ETH,6,0,6,0,0
2023-04-08,MATIC,2,0,2,0,0
2023-04-08,SOL,1,0,1,0,0
2023-04-09,ADA,1,0,1,0,0
2023-04-09,BTC,5,0,5,0,0
2023-04-09,DOGE,1,0,1,0,0
2023-04-09,ETH,2,0,2,0,0
2023-04-09,MATIC,2,0,2,0,0
2023-04-09,SOL,1,0,1,0,0
2023-04-09,UNI,1,0,1,0,0
2023-04-10,ADA,3,0,3,0,0
2023-04-10,AVAX,2,0,2,0,0
2023-04-10,BTC,34,0,34,0,0
2023-04-10,DOGE,2,0,2,0,0
2023-04-10,ETH,18,0,18,0,0
2023-04-10,MATIC,6,0,6,0,0
2023-04-10,SHIBA,1,0,1,0,0
2023-04-10,SOL,9,0,9,0,0
2023-04-10,TERRA,2,0,2,0,0
2023-04-10,UNI,1,0,1,0,0
2023-04-10,XRP,1,0,1,0,0
2023-04-11,ADA,3,0,3,0,0
2023-04-11,AVAX,1,0,1,0,0
2023-04-11,BTC,57,0,57,0,0
2023-04-11,DOGE,1,0,1,0,0
2023-04-11,DOT,1,0,1,0,0
2023-04-11,ETH,33,0,33,0,0
2023-04-11,MATIC,7,0,7,0,0
2023-04-11,SHIBA,1,0,1,0,0
2023-04-11,SOL,8,0,8,0,0
2023-04-11,TERRA,1,0,1,0,0
2023-04-11,UNI,2,0,2,0,0
2023-04-11,XRP,8,0,8,0,0
2023-04-12,ADA,3,0,3,0,0
2023-04-12,AVAX,5,0,5,0,0
2023-04-12,BTC,62,0,62,0,0
2023-04-12,DOGE,2,0,2,0,0
2023-04-12,DOT,2,0,2,0,0
2023-04-12,ETH,44,0,44,0,0
2023-04-12,LINK,1,0,1,0,0
2023-04-12,LTC,1,0,1,0,0
2023-04-12,MATIC,9,0,9,0,0
2023-04-12,SOL,11,0,11,0,0
2023-04-12,TERRA,2,0,2,0,0
2023-04-12,UNI,3,0,3,0,0
2023-04-12,XRP,1,0,1,0,0
2023-04-13,AVAX,1,0,1,0,0
2023-04-13,BTC,44,0,44,0,0
2023-04-13,DOGE,4,0,4,0,0
2023-04-13,ETH,39,0,39,0,0
2023-04-13,MATIC,11,0,11,0,0
2023-04-13,SHIBA,1,0,1,0,0
2023-04-13,SOL,9,0,9,0,0
2023-04-13,TERRA,4,0,4,0,0
2023-04-13,UNI,4,0,4,0,0
2023-04-13,XRP,3,0,3,0,0
2023-04-14,ADA,5,0,5,0,0
2023-04-14,AVAX,1,0,1,0,0
2023-04-14,BTC,44,0,44,0,0
2023-04-14,DOGE,5,0,5,0,0
2023-04-14,DOT,1,0,1,0,0
2023-04-14,ETH,35,0,35,0,0
2023-04-14,LINK,2,0,2,0,0
2023-04-14,LTC,2,0,2,0,0
2023-04-14,MATIC,9,0,9,0,0
2023-04-14,SHIBA,2,0,2,0,0
2023-04-14,SOL,15,0,15,0,0
2023-04-14,TERRA,4,0,4,0,0
2023-04-14,UNI,1,0,1,0,0
2023-04-14,XRP,2,0,2,0,0
2023-04-15,BTC,6,0,6,0,0
2023-04-15,ETH,4,0,4,0,0
2023-04-15,MATIC,3,0,3,0,0
2023-04-15,SOL,1,0,1,0,0
2023-04-15,TERRA,1,0,1,0,0
2023-04-16,ADA,1,0,1,0,0
2023-04-16,BTC,6,0,6,0,0
2023-04-16,ETH,6,0,6,0,0
2023-04-16,SOL,1,0,1,0,0
2023-04-17,ADA,1,0,1,0,0
2023-04-17,AVAX,3,0,3,0,0
2023-04-17,BTC,59,0,59,0,0
2023-04-17,DOGE,2,0,2,0,0
2023-04-17,DOT,1,0,1,0,0
2023-04-17,ETH,44,0,44,0,0
2023-04-17,LINK,1,0,1,0,0
2023-04-17,LTC,1,0,1,0,0
2023-04-17,MATIC,12,0,12,0,0
2023-04-17,SHIBA,1,0,1,0,0
2023-04-17,SOL,10,0,10,0,0
2023-04-17,TERRA,3,0,3,0,0
2023-04-17,UNI,1,0,1,0,0
2023-04-17,XRP,7,0,7,0,0
2023-04-18,ADA,2,0,2,0,0
2023-04-18,AVAX,1,0,1,0,0
2023-04-18,BNB,1,0,1,0,0
2023-04-18,BTC,52,0,52,0,0
2023-04-18,DOGE,2,0,2,0,0
2023-04-18,DOT,2,0,2,0,0
2023-04-18,ETH,36,0,36,0,0
2023-04-18,MATIC,7,0,7,0,0
2023-04-18,SHIBA,1,0,1,0,0
2023-04-18,SOL,13,0,13,0,0
2023-04-18,TERRA,3,0,3,0,0
2023-04-18,UNI,1,0,1,0,0
2023-04-18,XRP,2,0,2,0,0
2023-04-19,ADA,3,0,3,0,0
2023-04-19,AVAX,2,0,2,0,0
2023-04-19,BTC,45,0,45,0,0
2023-04-19,DOGE,5,0,5,0,0
2023-04-19,DOT,1,0,1,0,0
2023-04-19,ETH,28,0,28,0,0
2023-04-19,LINK,1,0,1,0,0
2023-04-19,LTC,3,0,3,0,0
2023-04-19,MATIC,11,0,11,0,0
2023-04-19,SOL,14,0,14,0,0
2023-04-19,TERRA,3,0,3,0,0
2023-04-19,UNI,3,0,3,0,0
2023-04-20,ADA,2,0,2,0,0
2023-04-20,AVAX,2,0,2,0,0
2023-04-20,BTC,41,0,41,0,0
2023-04-20,DOGE,4,0,4,0,0
2023-04-20,ETH,26,0,26,0,0
2023-04-20,LTC,1,0,1,0,0
2023-04-20,MATIC,4,0,4,0,0
2023-04-20,SHIBA,1,0,1,0,0
2023-04-20,SOL,7,0,7,0,0
2023-04-20,TERRA,7,0,7,0,0
2023-04-20,UNI,3,0,3,0,0
2023-04-20,XRP,2,0,2,0,0
2023-04-21,ADA,2,0,2,0,0
2023-04-21,AVAX,1,0,1,0,0
2023-04-21,BTC,39,0,39,0,0
2023-04-21,DOGE,5,0,5,0,0
2023-04-21,DOT,1,0,1,0,0
2023-04-21,ETH,21,0,21,0,0
2023-04-21,LINK,1,0,1,0,0
2023-04-21,LTC,2,0,2,0,0
2023-04-21,MATIC,3,0,3,0,0
2023-04-21,SHIBA,1,0,1,0,0
2023-04-21,SOL,10,0,10,0,0
2023-04-21,TERRA,2,0,2,0,0
2023-04-21,XRP,4,0,4,0,0
2023-04-22,ADA,1,0,1,0,0
2023-04-22,AVAX,2,0,2,0,0
2023-04-22,BTC,10,0,10,0,0
2023-04-22,DOGE,1,0,1,0,0
2023-04-22,DOT,1,0,1,0,0
2023-04-22,ETH,9,0,9,0,0
2023-04-22,LTC,1,0,1,0,0
2023-04-22,MATIC,3,0,3,0,0
2023-04-22,SOL,2,0,2,0,0
2023-04-22,TERRA,2,0,2,0,0
2023-04-22,XRP,2,0,2,0,0
2023-04-23,ADA,1,0,1,0,0
2023-04-23,BTC,9,0,9,0,0
2023-04-23,DOGE,1,0,1,0,0
2023-04-23,ETH,7,0,7,0,0
2023-04-23,MATIC,2,0,2,0,0
2023-04-23,TERRA,1,0,1,0,0
2023-04-23,UNI,1,0,1,0,0
2023-04-24,ADA,5,0,5,0,0
2023-04-24,AVAX,1,0,1,0,0
2023-04-24,BTC,36,0,36,0,0
2023-04-24,DOGE,3,0,3,0,0
2023-04-24,ETH,21,0,21,0,0
2023-04-24,LINK,1,0,1,0,0
2023-04-24,LTC,4,0,4,0,0
2023-04-24,MATIC,4,0,4,0,0
2023-04-24,SOL,10,0,10,0,0
2023-04-24,TERRA,4,0,4,0,0
2023-04-24,XRP,1,0,1,0,0
2023-04-25,ADA,1,0,1,0,0
2023-04-25,AVAX,2,0,2,0,0
2023-04-25,BTC,31,0,31,0,0
2023-04-25,DOT,1,0,1,0,0
2023-04-25,ETH,19,0,19,0,0
2023-04-25,LINK,4,0,4,0,0
2023-04-25,MATIC,5,0,5,0,0
2023-04-25,SHIBA,1,0,1,0,0
2023-04-25,SOL,8,0,8,0,0
2023-04-25,TERRA,9,0,9,0,0
2023-04-25,UNI,2,0,2,0,0
2023-04-25,XRP,6,0,6,0,0
2023-04-26,ADA,2,0,2,0,0
2023-04-26,AVAX,4,0,4,0,0
2023-04-26,BTC,48,0,48,0,0
2023-04-26,DOT,3,0,3,0,0
2023-04-26,ETH,25,0,25,0,0
2023-04-26,LINK,1,0,1,0,0
2023-04-26,MATIC,8,0,8,0,0
2023-04-26,SOL,14,0,14,0,0
2023-04-26,TERRA,4,0,4,0,0
2023-04-26,UNI,8,0,8,0,0
2023-04-26,XRP,1,0,1,0,0
2023-04-27,ADA,3,0,3,0,0
2023-04-27,BTC,45,0,45,0,0
2023-04-27,DOGE,2,0,2,0,0
2023-04-27,DOT,1,0,1,0,0
2023-04-27,ETH,21,0,21,0,0
2023-04-27,LINK,1,0,1,0,0
2023-04-27,MATIC,4,0,4,0,0
2023-04-27,SOL,8,0,8,0,0
2023-04-27,TERRA,2,0,2,0,0
2023-04-27,UNI,2,0,2,0,0
2023-04-27,XRP,1,0,1,0,0
2023-04-28,ADA,1,0,1,0,0
2023-04-28,AVAX,1,0,1,0,0
2023-04-28,BTC,51,0,51,0,0
2023-04-28,DOGE,1,0,1,0,0
2023-04-28,DOT,1,0,1,0,0
2023-04-28,ETH,15,0,15,0,0
2023-04-28,LINK,1,0,1,0,0
2023-04-28,LTC,3,0,3,0,0
2023-04-28,MATIC,12,0,12,0,0
2023-04-28,SHIBA,1,0,1,0,0
2023-04-28,SOL,10,0,10,0,0
2023-04-28,TERRA,2,0,2,0,0
2023-04-28,XRP,3,0,3,0,0
2023-04-29,AVAX,1,0,1,0,0
2023-04-29,BTC,5,0,5,0,0
2023-04-29,ETH,3,0,3,0,0
2023-04-29,MATIC,1,0,1,0,0
2023-04-29,SOL,2,0,2,0,0
2023-04-29,TERRA,1,0,1,0,0
2023-04-30,AVAX,1,0,1,0,0
2023-04-30,BTC,10,0,10,0,0
2023-04-30,DOGE,2,0,2,0,0
2023-04-30,DOT,1,0,1,0,0
2023-04-30,ETH,8,0,8,0,0
2023-04-30,MATIC,1,0,1,0,0
2023-04-30,SOL,3,0,3,0,0
2023-04-30,XRP,3,0,3,0,0
2023-05-01,ADA,1,0,1,0,0
2023-05-01,BNB,1,0,1,0,0
2023-05-01,BTC,26,0,26,0,0
2023-05-01,DOGE,3,0,3,0,0
2023-05-01,ETH,16,0,16,0,0
2023-05-01,LTC,1,0,1,0,0
2023-05-01,MATIC,11,0,11,0,0
2023-05-01,SHIBA,1,0,1,0,0
2023-05-01,SOL,4,0,4,0,0
2023-05-01,TERRA,1,0,1,0,0
2023-05-01,UNI,2,0,2,0,0
2023-05-01,XRP,1,0,1,0,0
2023-05-02,AVAX,1,0,1,0,0
2023-05-02,BTC,33,0,33,0,0
2023-05-02,DOGE,1,0,1,0,0
2023-05-02,ETH,19,0,19,0,0
2023-05-02,LTC,1,0,1,0,0
2023-05-02,MATIC,6,0,6,0,0
2023-05-02,SOL,6,0,6,0,0
2023-05-03,ADA,1,0,1,0,0
2023-05-03,AVAX,2,0,2,0,0
2023-05-03,BNB,1,0,1,0,0
2023-05-03,BTC,47,0,47,0,0
2023-05-03,DOGE,7,0,7,0,0
2023-05-03,DOT,1,0,1,0,0
2023-05-03,ETH,27,0,27,0,0
2023-05-03,LTC,3,0,3,0,0
2023-05-03,MATIC,10,0,10,0,0
2023-05-03,SHIBA,3,0,3,0,0
2023-05-03,SOL,16,0,16,0,0
2023-05-03,TERRA,2,0,2,0,0
2023-05-03,UNI,6,0,6,0,0
2023-05-03,XRP,4,0,4,0,0
2023-05-04,ADA,2,0,2,0,0
2023-05-04,AVAX,5,0,5,0,0
2023-05-04,BTC,49,0,49,0,0
2023-05-04,DOGE,1,0,1,0,0
2023-05-04,ETH,30,0,30,0,0
2023-05-04,LTC,1,0,1,0,0
2023-05-04,MATIC,12,0,12,0,0
2023-05-04,SOL,10,0,10,0,0
2023-05-04,TERRA,1,0,1,0,0
2023-05-04,XRP,1,0,1,0,0
2023-05-05,ADA,2,0,2,0,0
2023-05-05,AVAX,3,0,3,0,0
2023-05-05,BNB,1,0,1,0,0
2023-05-05,BTC,47,0,47,0,0
2023-05-05,DOGE,5,0,5,0,0
2023-05-05,DOT,2,0,2,0,0
2023-05-05,ETH,13,0,13,0,0
2023-05-05,LTC,2,0,2,0,0
2023-05-05,MATIC,3,0,3,0,0
2023-05-05,SHIBA,3,0,3,0,0
2023-05-05,SOL,8,0,8,0,0
2023-05-05,TERRA,4,0,4,0,0
2023-05-05,UNI,3,0,3,0,0
2023-05-05,XRP,2,0,2,0,0
2023-05-06,AVAX,2,0,2,0,0
2023-05-06,BTC,9,0,9,0,0
2023-05-06,ETH,5,0,5,0,0
2023-05-06,MATIC,1,0,1,0,0
2023-05-06,SOL,2,0,2,0,0
2023-05-06,TERRA,1,0,1,0,0
2023-05-07,BTC,9,0,9,0,0
2023-05-07,DOGE,1,0,1,0,0
2023-05-07,DOT,1,0,1,0,0
2023-05-07,ETH,4,0,4,0,0
2023-05-07,MATIC,1,0,1,0,0
2023-05-07,XRP,1,0,1,0,0
2023-05-08,ADA,1,0,1,0,0
2023-05-08,AVAX,1,0,1,0,0
2023-05-08,BTC,43,0,43,0,0
2023-05-08,DOGE,2,0,2,0,0
2023-05-08,ETH,23,0,23,0,0
2023-05-08,MATIC,8,0,8,0,0
2023-05-08,SOL,9,0,9,0,0
2023-05-08,TERRA,4,0,4,0,0
2023-05-08,UNI,4,0,4,0,0
2023-05-08,XRP,4,0,4,0,0
2023-05-09,AVAX,2,0,2,0,0
2023-05-09,BTC,53,0,53,0,0
2023-05-09,DOT,1,0,1,0,0
2023-05-09,ETH,24,0,24,0,0
2023-05-09,LTC,4,0,4,0,0
2023-05-09,MATIC,5,0,5,0,0
2023-05-09,SOL,12,0,12,0,0
2023-05-09,TERRA,1,0,1,0,0
2023-05-09,UNI,5,0,5,0,0
2023-05-09,XRP,2,0,2,0,0
2023-05-10,ADA,1,0,1,0,0
2023-05-10,BTC,47,0,47,0,0
2023-05-10,DOGE,4,0,4,0,0
2023-05-10,DOT,1,0,1,0,0
2023-05-10,ETH,23,0,23,0,0
2023-05-10,LTC,3,0,3,0,0
2023-05-10,MATIC,9,0,9,0,0
2023-05-10,SHIBA,1,0,1,0,0
2023-05-10,SOL,8,0,8,0,0
2023-05-10,TERRA,3,0,3,0,0
2023-05-10,UNI,2,0,2,0,0
2023-05-10,XRP,5,0,5,0,0
2023-05-11,ADA,3,0,3,0,0
2023-05-11,AVAX,2,0,2,0,0
2023-05-11,BTC,51,0,51,0,0
2023-05-11,DOGE,8,0,8,0,0
2023-05-11,DOT,1,0,1,0,0
2023-05-11,ETH,30,0,30,0,0
2023-05-11,LTC,3,0,3,0,0
2023-05-11,MATIC,10,0,10,0,0
2023-05-11,SHIBA,4,0,4,0,0
2023-05-11,SOL,7,0,7,0,0
2023-05-11,TERRA,4,0,4,0,0
2023-05-11,UNI,7,0,7,0,0
2023-05-11,XRP,6,0,6,0,0
2023-05-12,ADA,3,0,3,0,0
2023-05-12,AVAX,2,0,2,0,0
2023-05-12,BTC,41,0,41,0,0
2023-05-12,DOGE,9,0,9,0,0
2023-05-12,DOT,1,0,1,0,0
2023-05-12,ETH,27,0,27,0,0
2023-05-12,LINK,3,0,3,0,0
2023-05-12,LTC,1,0,1,0,0
2023-05-12,MATIC,3,0,3,0,0
2023-05-12,SHIBA,3,0,3,0,0
2023-05-12,SOL,11,0,11,0,0
2023-05-12,TERRA,6,0,6,0,0
2023-05-12,UNI,4,0,4,0,0
2023-05-12,XRP,3,0,3,0,0
2023-05-13,AVAX,1,0,1,0,0
2023-05-13,BTC,7,0,7,0,0
2023-05-13,ETH,5,0,5,0,0
2023-05-13,MATIC,3,0,3,0,0
2023-05-13,SOL,3,0,3,0,0
2023-05-13,TERRA,1,0,1,0,0
2023-05-13,XRP,1,0,1,0,0
2023-05-14,ADA,1,0,1,0,0
2023-05-14,AVAX,1,0,1,0,0
2023-05-14,BTC,7,0,7,0,0
2023-05-14,DOGE,1,0,1,0,0
2023-05-14,ETH,2,0,2,0,0
2023-05-14,MATIC,1,0,1,0,0
2023-05-15,ADA,5,0,5,0,0
2023-05-15,AVAX,1,0,1,0,0
2023-05-15,BTC,41,0,41,0,0
2023-05-15,DOGE,1,0,1,0,0
2023-05-15,ETH,19,0,19,0,0
2023-05-15,LTC,4,0,4,0,0
2023-05-15,MATIC,5,0,5,0,0
2023-05-15,SOL,11,0,11,0,0
2023-05-15,TERRA,4,0,4,0,0
2023-05-15,UNI,2,0,2,0,0
2023-05-15,XRP,2,0,2,0,0
2023-05-16,AVAX,1,0,1,0,0
2023-05-16,BTC,43,0,43,0,0
2023-05-16,DOGE,1,0,1,0,0
2023-05-16,ETH,21,0,21,0,0
2023-05-16,LINK,1,0,1,0,0
2023-05-16,MATIC,10,0,10,0,0
2023-05-16,SOL,10,0,10,0,0
2023-05-16,TERRA,4,0,4,0,0
2023-05-16,UNI,1,0,1,0,0
2023-05-16,XRP,2,0,2,0,0
2023-05-17,ADA,4,0,4,0,0
2023-05-17,AVAX,3,0,3,0,0
2023-05-17,BTC,46,0,46,0,0
2023-05-17,DOGE,6,0,6,0,0
2023-05-17,DOT,2,0,2,0,0
2023-05-17,ETH,28,0,28,0,0
2023-05-17,LINK,2,0,2,0,0
2023-05-17,LTC,3,0,3,0,0
2023-05-17,MATIC,11,0,11,0,0
2023-05-17,SHIBA,1,0,1,0,0
2023-05-17,SOL,10,0,10,0,0
2023-05-17,TERRA,2,0,2,0,0
2023-05-17,UNI,4,0,4,0,0
2023-05-17,XRP,12,0,12,0,0
2023-05-18,AVAX,2,0,2,0,0
2023-05-18,BNB,1,0,1,0,0
2023-05-18,BTC,52,0,52,0,0
2023-05-18,DOGE,2,0,2,0,0
2023-05-18,ETH,18,0,18,0,0
2023-05-18,LINK,2,0,2,0,0
2023-05-18,LTC,3,0,3,0,0
2023-05-18,MATIC,7,0,7,0,0
2023-05-18,SHIBA,1,0,1,0,0
2023-05-18,SOL,12,0,12,0,0
2023-05-18,TERRA,4,0,4,0,0
2023-05-18,UNI,2,0,2,0,0
2023-05-18,XRP,14,0,14,0,0
2023-05-19,ADA,2,0,2,0,0
2023-05-19,AVAX,1,0,1,0,0
2023-05-19,BNB,1,0,1,0,0
2023-05-19,BTC,46,0,46,0,0
2023-05-19,DOGE,1,0,1,0,0
2023-05-19,DOT,1,0,1,0,0
2023-05-19,ETH,24,0,24,0,0
2023-05-19,LINK,2,0,2,0,0
2023-05-19,LTC,5,0,5,0,0
2023-05-19,MATIC,3,0,3,0,0
2023-05-19,SOL,7,0,7,0,0
2023-05-19,XRP,8,0,8,0,0
2023-05-20,BTC,14,0,14,0,0
2023-05-20,DOGE,1,0,1,0,0
2023-05-20,ETH,9,0,9,0,0
2023-05-20,LTC,3,0,3,0,0
2023-05-20,SOL,1,0,1,0,0
2023-05-20,XRP,3,0,3,0,0
2023-05-21,BTC,14,0,14,0,0
2023-05-21,DOGE,1,0,1,0,0
2023-05-21,ETH,3,0,3,0,0
2023-05-21,LTC,3,0,3,0,0
2023-05-21,SHIBA,1,0,1,0,0
2023-05-21,SOL,2,0,2,0,0
2023-05-21,XRP,2,0,2,0,0
2023-05-22,ADA,2,0,2,0,0
2023-05-22,AVAX,3,0,3,0,0
2023-05-22,BNB,1,0,1,0,0
2023-05-22,BTC,40,0,40,0,0
2023-05-22,DOGE,3,0,3,0,0
2023-05-22,ETH,27,0,27,0,0
2023-05-22,LTC,4,0,4,0,0
2023-05-22,MATIC,4,0,4,0,0
2023-05-22,SHIBA,1,0,1,0,0
2023-05-22,SOL,5,0,5,0,0
2023-05-22,TERRA,4,0,4,0,0
2023-05-22,XRP,2,0,2,0,0
2023-05-23,AVAX,4,0,4,0,0
2023-05-23,BTC,45,0,45,0,0
2023-05-23,DOT,1,0,1,0,0
2023-05-23,ETH,23,0,23,0,0
2023-05-23,LTC,3,0,3,0,0
2023-05-23,MATIC,7,0,7,0,0
2023-05-23,SHIBA,2,0,2,0,0
2023-05-23,SOL,14,0,14,0,0
2023-05-23,TERRA,2,0,2,0,0
2023-05-23,XRP,8,0,8,0,0
2023-05-24,ADA,1,0,1,0,0
2023-05-24,AVAX,3,0,3,0,0
2023-05-24,BTC,39,0,39,0,0
2023-05-24,DOGE,4,0,4,0,0
2023-05-24,DOT,1,0,1,0,0
2023-05-24,ETH,26,0,26,0,0
2023-05-24,LINK,1,0,1,0,0
2023-05-24,LTC,2,0,2,0,0
2023-05-24,MATIC,3,0,3,0,0
2023-05-24,SHIBA,1,0,1,0,0
2023-05-24,SOL,11,0,11,0,0
2023-05-24,TERRA,4,0,4,0,0
2023-05-24,UNI,2,0,2,0,0
2023-05-24,XRP,7,0,7,0,0
2023-05-25,ADA,1,0,1,0,0
2023-05-25,AVAX,4,0,4,0,0
2023-05-25,BTC,57,0,57,0,0
2023-05-25,DOGE,2,0,2,0,0
2023-05-25,DOT,2,0,2,0,0
2023-05-25,ETH,30,0,30,0,0
2023-05-25,LINK,1,0,1,0,0
2023-05-25,MATIC,11,0,11,0,0
2023-05-25,SHIBA,1,0,1,0,0
2023-05-25,SOL,10,0,10,0,0
2023-05-25,TERRA,4,0,4,0,0
2023-05-25,UNI,1,0,1,0,0
2023-05-25,XRP,6,0,6,0,0
2023-05-26,ADA,1,0,1,0,0
2023-05-26,AVAX,5,0,5,0,0
2023-05-26,BTC,26,0,26,0,0
2023-05-26,DOGE,4,0,4,0,0
2023-05-26,DOT,1,0,1,0,0
2023-05-26,ETH,17,0,17,0,0
2023-05-26,LTC,2,0,2,0,0
2023-05-26,MATIC,6,0,6,0,0
2023-05-26,SHIBA,1,0,1,0,0
2023-05-26,SOL,8,0,8,0,0
2023-05-26,XRP,5,0,5,0,0
2023-05-27,BTC,11,0,11,0,0
2023-05-27,ETH,4,0,4,0,0
2023-05-27,LINK,1,0,1,0,0
2023-05-27,LTC,1,0,1,0,0
2023-05-27,TERRA,1,0,1,0,0
2023-05-27,XRP,2,0,2,0,0
2023-05-28,ADA,1,0,1,0,0
2023-05-28,BTC,11,0,11,0,0
2023-05-28,ETH,8,0,8,0,0
2023-05-28,MATIC,1,0,1,0,0
2023-05-28,SOL,1,0,1,0,0
2023-05-29,ADA,2,0,2,0,0
2023-05-29,BTC,24,0,24,0,0
2023-05-29,DOGE,2,0,2,0,0
2023-05-29,ETH,9,0,9,0,0
2023-05-29,MATIC,3,0,3,0,0
2023-05-29,SHIBA,1,0,1,0,0
2023-05-29,SOL,4,0,4,0,0
2023-05-29,XRP,1,0,1,0,0
2023-05-30,ADA,2,0,2,0,0
2023-05-30,AVAX,3,0,3,0,0
2023-05-30,BTC,47,0,47,0,0
2023-05-30,DOGE,1,0,1,0,0
2023-05-30,ETH,25,0,25,0,0
2023-05-30,LINK,1,0,1,0,0
2023-05-30,LTC,1,0,1,0,0
2023-05-30,MATIC,6,0,6,0,0
2023-05-30,SHIBA,2,0,2,0,0
2023-05-30,SOL,5,0,5,0,0
2023-05-31,ADA,2,0,2,0,0
2023-05-31,AVAX,3,0,3,0,0
2023-05-31,BTC,49,0,49,0,0
2023-05-31,DOGE,3,0,3,0,0
2023-05-31,DOT,2,0,2,0,0
2023-05-31,ETH,28,0,28,0,0
2023-05-31,LINK,2,0,2,0,0
2023-05-31,LTC,1,0,1,0,0
2023-05-31,MATIC,11,0,11,0,0
2023-05-31,SOL,10,0,10,0,0
2023-05-31,TERRA,1,0,1,0,0
2023-05-31,UNI,3,0,3,0,0
2023-05-31,XRP,4,0,4,0,0
2023-06-01,AVAX,1,0,1,0,0
2023-06-01,BTC,21,0,21,0,0
2023-06-01,DOGE,3,0,3,0,0
2023-06-01,DOT,1,0,1,0,0
2023-06-01,ETH,16,0,16,0,0
2023-06-01,LINK,1,0,1,0,0
2023-06-01,LTC,2,0,2,0,0
2023-06-01,MATIC,5,0,5,0,0
2023-06-01,SHIBA,1,0,1,0,0
2023-06-01,SOL,2,0,2,0,0
2023-06-01,TERRA,1,0,1,0,0
2023-06-01,UNI,1,0,1,0,0
2023-06-01,XRP,1,0,1,0,0
2023-06-02,ADA,1,0,1,0,0
2023-06-02,AVAX,4,0,4,0,0
2023-06-02,BTC,31,0,31,0,0
2023-06-02,DOGE,3,0,3,0,0
2023-06-02,DOT,1,0,1,0,0
2023-06-02,ETH,21,0,21,0,0
2023-06-02,LTC,1,0,1,0,0
2023-06-02,MATIC,8,0,8,0,0
2023-06-02,SOL,3,0,3,0,0
2023-06-02,TERRA,3,0,3,0,0
2023-06-02,UNI,1,0,1,0,0
2023-06-02,XRP,2,0,2,0,0
2023-06-03,AVAX,1,0,1,0,0
2023-06-03,BTC,7,0,7,0,0
2023-06-03,ETH,4,0,4,0,0
2023-06-03,LTC,1,0,1,0,0
2023-06-03,MATIC,1,0,1,0,0
2023-06-03,SOL,1,0,1,0,0
2023-06-03,UNI,2,0,2,0,0
2023-06-04,ADA,1,0,1,0,0
2023-06-04,AVAX,1,0,1,0,0
2023-06-04,BTC,5,0,5,0,0
2023-06-04,DOGE,1,0,1,0,0
2023-06-04,ETH,2,0,2,0,0
2023-06-04,LTC,1,0,1,0,0
2023-06-04,MATIC,2,0,2,0,0
2023-06-04,SOL,2,0,2,0,0
2023-06-04,XRP,1,0,1,0,0
2023-06-05,ADA,6,0,6,0,0
2023-06-05,BTC,24,0,24,0,0
2023-06-05,DOGE,3,0,3,0,0
2023-06-05,ETH,9,0,9,0,0
2023-06-05,LTC,1,0,1,0,0
2023-06-05,MATIC,7,0,7,0,0
2023-06-05,SOL,6,0,6,0,0
2023-06-05,TERRA,4,0,4,0,0
2023-06-05,XRP,7,0,7,0,0
2023-06-06,ADA,12,0,12,0,0
2023-06-06,AVAX,2,0,2,0,0
2023-06-06,BNB,2,0,2,0,0
2023-06-06,BTC,27,0,27,0,0
2023-06-06,DOGE,1,0,1,0,0
2023-06-06,ETH,15,0,15,0,0
2023-06-06,LTC,1,0,1,0,0
2023-06-06,MATIC,10,0,10,0,0
2023-06-06,SOL,11,0,11,0,0
2023-06-06,TERRA,2,0,2,0,0
2023-06-06,UNI,1,0,1,0,0
2023-06-06,XRP,3,0,3,0,0
2023-06-07,ADA,5,0,5,0,0
2023-06-07,AVAX,3,0,3,0,0
2023-06-07,BNB,1,0,1,0,0
2023-06-07,BTC,20,0,20,0,0
2023-06-07,DOGE,3,0,3,0,0
2023-06-07,DOT,2,0,2,0,0
2023-06-07,ETH,17,0,17,0,0
2023-06-07,LINK,1,0,1,0,0
2023-06-07,LTC,3,0,3,0,0
2023-06-07,MATIC,12,0,12,0,0
2023-06-07,SHIBA,1,0,1,0,0
2023-06-07,SOL,9,0,9,0,0
2023-06-07,TERRA,1,0,1,0,0
2023-06-07,UNI,1,0,1,0,0
2023-06-07,XRP,1,0,1,0,0
2023-06-08,ADA,2,0,2,0,0
2023-06-08,AVAX,3,0,3,0,0
2023-06-08,BNB,1,0,1,0,0
2023-06-08,BTC,17,0,17,0,0
2023-06-08,DOGE,2,0,2,0,0
2023-06-08,DOT,2,0,2,0,0
2023-06-08,ETH,13,0,13,0,0
2023-06-08,MATIC,9,0,9,0,0
2023-06-08,SOL,5,0,5,0,0
2023-06-08,TERRA,1,0,1,0,0
2023-06-08,XRP,3,0,3,0,0
2023-06-09,ADA,6,0,6,0,0
2023-06-09,AVAX,3,0,3,0,0
2023-06-09,BNB,1,0,1,0,0
2023-06-09,BTC,22,0,22,0,0
2023-06-09,DOGE,2,0,2,0,0
2023-06-09,DOT,1,0,1,0,0
2023-06-09,ETH,11,0,11,0,0
2023-06-09,LTC,1,0,1,0,0
2023-06-09,MATIC,10,0,10,0,0
2023-06-09,SHIBA,1,0,1,0,0
2023-06-09,SOL,8,0,8,0,0
2023-06-09,UNI,1,0,1,0,0
2023-06-09,XRP,3,0,3,0,0
2023-06-10,ADA,3,0,3,0,0
2023-06-10,AVAX,1,0,1,0,0
2023-06-10,BNB,1,0,1,0,0
2023-06-10,BTC,7,0,7,0,0
2023-06-10,ETH,3,0,3,0,0
2023-06-10,LTC,2,0,2,0,0
2023-06-10,MATIC,2,0,2,0,0
2023-06-10,SOL,3,0,3,0,0
2023-06-10,UNI,1,0,1,0,0
2023-06-10,XRP,1,0,1,0,0
2023-06-11,ADA,3,0,3,0,0
2023-06-11,BTC,3,0,3,0,0
2023-06-11,ETH,3,0,3,0,0
2023-06-11,MATIC,4,0,4,0,0
2023-06-11,SOL,4,0,4,0,0
2023-06-11,XRP,1,0,1,0,0
2023-06-12,ADA,6,0,6,0,0
2023-06-12,AVAX,1,0,1,0,0
2023-06-12,BNB,1,0,1,0,0
2023-06-12,BTC,23,0,23,0,0
2023-06-12,DOGE,3,0,3,0,0
2023-06-12,DOT,1,0,1,0,0
2023-06-12,ETH,20,0,20,0,0
2023-06-12,LTC,3,0,3,0,0
2023-06-12,MATIC,14,0,14,0,0
2023-06-12,SOL,8,0,8,0,0
2023-06-12,UNI,1,0,1,0,0
2023-06-12,XRP,2,0,2,0,0
2023-06-13,ADA,4,0,4,0,0
2023-06-13,BTC,33,0,33,0,0
2023-06-13,DOGE,1,0,1,0,0
2023-06-13,DOT,1,0,1,0,0
2023-06-13,ETH,14,0,14,0,0
2023-06-13,LINK,2,0,2,0,0
2023-06-13,LTC,1,0,1,0,0
2023-06-13,MATIC,3,0,3,0,0
2023-06-13,SOL,4,0,4,0,0
2023-06-13,TERRA,1,0,1,0,0
2023-06-13,UNI,1,0,1,0,0
2023-06-13,XRP,12,0,12,0,0
2023-06-14,ADA,2,0,2,0,0
2023-06-14,BTC,28,0,28,0,0
2023-06-14,DOGE,2,0,2,0,0
2023-06-14,DOT,1,0,1,0,0
2023-06-14,ETH,14,0,14,0,0
2023-06-14,LTC,1,0,1,0,0
2023-06-14,MATIC,6,0,6,0,0
2023-06-14,SOL,4,0,4,0,0
2023-06-14,XRP,7,0,7,0,0
2023-06-15,ADA,4,0,4,0,0
2023-06-15,AVAX,1,0,1,0,0
2023-06-15,BTC,37,0,37,0,0
2023-06-15,DOGE,1,0,1,0,0
2023-06-15,ETH,16,0,16,0,0
2023-06-15,LTC,1,0,1,0,0
2023-06-15,MATIC,5,0,5,0,0
2023-06-15,SOL,5,0,5,0,0
2023-06-15,TERRA,3,0,3,0,0
2023-06-15,XRP,6,0,6,0,0
2023-06-16,ADA,6,0,6,0,0
2023-06-16,AVAX,1,0,1,0,0
2023-06-16,BTC,37,0,37,0,0
2023-06-16,DOGE,3,0,3,0,0
2023-06-16,DOT,1,0,1,0,0
2023-06-16,ETH,14,0,14,0,0
2023-06-16,LTC,3,0,3,0,0
2023-06-16,MATIC,7,0,7,0,0
2023-06-16,SOL,8,0,8,0,0
2023-06-16,TERRA,2,0,2,0,0
2023-06-16,UNI,2,0,2,0,0
2023-06-16,XRP,2,0,2,0,0
2023-06-17,ADA,1,0,1,0,0
2023-06-17,BTC,1,0,1,0,0
2023-06-17,DOGE,1,0,1,0,0
2023-06-17,ETH,1,0,1,0,0
2023-06-17,MATIC,1,0,1,0,0
2023-06-18,ADA,2,0,2,0,0
2023-06-18,BTC,6,0,6,0,0
2023-06-18,ETH,4,0,4,0,0
2023-06-18,LTC,2,0,2,0,0
2023-06-18,MATIC,3,0,3,0,0
2023-06-18,SOL,1,0,1,0,0
2023-06-18,XRP,2,0,2,0,0
2023-06-19,ADA,6,0,6,0,0
2023-06-19,AVAX,1,0,1,0,0
2023-06-19,BTC,32,0,32,0,0
2023-06-19,DOGE,2,0,2,0,0
2023-06-19,DOT,1,0,1,0,0
2023-06-19,ETH,19,0,19,0,0
2023-06-19,LINK,1,0,1,0,0
2023-06-19,LTC,2,0,2,0,0
2023-06-19,MATIC,7,0,7,0,0
2023-06-19,SHIBA,1,0,1,0,0
2023-06-19,SOL,10,0,10,0,0
2023-06-19,TERRA,4,0,4,0,0
2023-06-19,UNI,1,0,1,0,0
2023-06-19,XRP,7,0,7,0,0
2023-06-20,ADA,5,0,5,0,0
2023-06-20,AVAX,3,0,3,0,0
2023-06-20,BTC,49,0,49,0,0
2023-06-20,DOGE,3,0,3,0,0
2023-06-20,DOT,2,0,2,0,0
2023-06-20,ETH,16,0,16,0,0
2023-06-20,LINK,2,0,2,0,0
2023-06-20,LTC,5,0,5,0,0
2023-06-20,MATIC,8,0,8,0,0
2023-06-20,SHIBA,1,0,1,0,0
2023-06-20,SOL,7,0,7,0,0
2023-06-20,TERRA,2,0,2,0,0
2023-06-20,UNI,1,0,1,0,0
2023-06-20,XRP,5,0,5,0,0
2023-06-21,ADA,3,0,3,0,0
2023-06-21,AVAX,3,0,3,0,0
2023-06-21,BTC,64,0,64,0,0
2023-06-21,DOGE,1,0,1,0,0
2023-06-21,DOT,2,0,2,0,0
2023-06-21,ETH,26,0,26,0,0
2023-06-21,LTC,5,0,5,0,0
2023-06-21,MATIC,9,0,9,0,0
2023-06-21,SOL,13,0,13,0,0
2023-06-21,TERRA,4,0,4,0,0
2023-06-21,XRP,3,0,3,0,0
2023-06-22,ADA,4,0,4,0,0
2023-06-22,AVAX,3,0,3,0,0
2023-06-22,BNB,1,0,1,0,0
2023-06-22,BTC,43,0,43,0,0
2023-06-22,DOGE,3,0,3,0,0
2023-06-22,DOT,2,0,2,0,0
2023-06-22,ETH,21,0,21,0,0
2023-06-22,LINK,1,0,1,0,0
2023-06-22,LTC,3,0,3,0,0
2023-06-22,MATIC,10,0,10,0,0
2023-06-22,SHIBA,2,0,2,0,0
2023-06-22,SOL,8,0,8,0,0
2023-06-22,TERRA,3,0,3,0,0
2023-06-22,UNI,3,0,3,0,0
2023-06-22,XRP,7,0,7,0,0
2023-06-23,ADA,4,0,4,0,0
2023-06-23,AVAX,2,0,2,0,0
2023-06-23,BTC,48,0,48,0,0
2023-06-23,DOGE,4,0,4,0,0
2023-06-23,DOT,2,0,2,0,0
2023-06-23,ETH,16,0,16,0,0
2023-06-23,LTC,5,0,5,0,0
2023-06-23,MATIC,4,0,4,0,0
2023-06-23,SHIBA,3,0,3,0,0
2023-06-23,SOL,4,0,4,0,0
2023-06-23,TERRA,1,0,1,0,0
2023-06-23,XRP,1,0,1,0,0
2023-06-24,BTC,2,0,2,0,0
2023-06-24,ETH,4,0,4,0,0
2023-06-24,SHIBA,1,0,1,0,0
2023-06-24,XRP,2,0,2,0,0
2023-06-25,BTC,5,0,5,0,0
2023-06-25,ETH,2,0,2,0,0
2023-06-25,TERRA,1,0,1,0,0
2023-06-25,VECHAIN,1,0,1,0,0
2023-06-25,XRP,2,0,2,0,0
2023-06-26,ADA,28,0,28,0,0
2023-06-26,AVAX,12,0,12,0,0
2023-06-26,BNB,1,0,1,0,0
2023-06-26,BTC,465,0,465,0,0
2023-06-26,DOGE,17,0,17,0,0
2023-06-26,DOT,4,0,4,0,0
2023-06-26,ETH,208,0,208,0,0
2023-06-26,LINK,5,0,5,0,0
2023-06-26,LTC,20,0,20,0,0
2023-06-26,MATIC,35,0,35,0,0
2023-06-26,SHIBA,8,0,8,0,0
2023-06-26,SOL,46,0,46,0,0
2023-06-26,TERRA,72,0,72,0,0
2023-06-26,UNI,16,0,16,0,0
2023-06-26,XRP,26,0,26,0,0
2023-06-27,ADA,5,0,5,0,0
2023-06-27,AVAX,3,0,3,0,0
2023-06-27,BTC,59,0,59,0,0
2023-06-27,DOGE,1,0,1,0,0
2023-06-27,DOT,3,0,3,0,0
2023-06-27,ETH,29,0,29,0,0
2023-06-27,LTC,3,0,3,0,0
2023-06-27,MATIC,7,0,7,0,0
2023-06-27,SOL,11,0,11,0,0
2023-06-27,TERRA,4,0,4,0,0
2023-06-27,UNI,2,0,2,0,0
2023-06-28,ADA,3,0,3,0,0
2023-06-28,AVAX,1,0,1,0,0
2023-06-28,BTC,61,0,61,0,0
2023-06-28,DOGE,2,0,2,0,0
2023-06-28,DOT,4,0,4,0,0
2023-06-28,ETH,24,0,24,0,0
2023-06-28,LINK,3,0,3,0,0
2023-06-28,LTC,2,0,2,0,0
2023-06-28,MATIC,7,0,7,0,0
2023-06-28,SOL,14,0,14,0,0
2023-06-28,TERRA,3,0,3,0,0
2023-06-28,UNI,1,0,1,0,0
2023-06-28,XRP,1,0,1,0,0
2023-06-29,ADA,4,0,4,0,0
2023-06-29,BNB,1,0,1,0,0
2023-06-29,BTC,52,0,52,0,0
2023-06-29,ETH,19,0,19,0,0
2023-06-29,MATIC,9,0,9,0,0
2023-06-29,SHIBA,1,0,1,0,0
2023-06-29,SOL,14,0,14,0,0
2023-06-29,TERRA,2,0,2,0,0
2023-06-29,XRP,3,0,3,0,0
2023-06-30,ADA,4,0,4,0,0
2023-06-30,AVAX,1,0,1,0,0
2023-06-30,BTC,51,0,51,0,0
2023-06-30,DOT,2,0,2,0,0
2023-06-30,ETH,19,0,19,0,0
2023-06-30,LINK,1,0,1,0,0
2023-06-30,LTC,4,0,4,0,0
2023-06-30,MATIC,11,0,11,0,0
2023-06-30,SOL,10,0,10,0,0
2023-06-30,TERRA,4,0,4,0,0
2023-06-30,XRP,6,0,6,0,0
2023-07-01,ADA,4,0,4,0,0
2023-07-01,BTC,7,0,7,0,0
2023-07-01,DOGE,2,0,2,0,0
2023-07-01,DOT,1,0,1,0,0
2023-07-01,ETH,1,0,1,0,0
2023-07-01,LTC,2,0,2,0,0
2023-07-01,MATIC,4,0,4,0,0
2023-07-01,SOL,4,0,4,0,0
2023-07-01,TERRA,2,0,2,0,0
2023-07-02,ADA,1,0,1,0,0
2023-07-02,AVAX,2,0,2,0,0
2023-07-02,BTC,6,0,6,0,0
2023-07-02,ETH,4,0,4,0,0
2023-07-02,LTC,1,0,1,0,0
2023-07-02,MATIC,4,0,4,0,0
2023-07-02,SHIBA,1,0,1,0,0
2023-07-02,SOL,2,0,2,0,0
2023-07-02,TERRA,1,0,1,0,0
2023-07-03,ADA,3,0,3,0,0
2023-07-03,AVAX,2,0,2,0,0
2023-07-03,BTC,35,0,35,0,0
2023-07-03,DOGE,1,0,1,0,0
2023-07-03,DOT,1,0,1,0,0
2023-07-03,ETH,22,0,22,0,0
2023-07-03,LTC,2,0,2,0,0
2023-07-03,MATIC,6,0,6,0,0
2023-07-03,SHIBA,1,0,1,0,0
2023-07-03,SOL,7,0,7,0,0
2023-07-03,TERRA,1,0,1,0,0
2023-07-03,UNI,1,0,1,0,0
2023-07-03,XRP,2,0,2,0,0
2023-07-04,AVAX,1,0,1,0,0
2023-07-04,BTC,21,0,21,0,0
2023-07-04,DOGE,1,0,1,0,0
2023-07-04,DOT,1,0,1,0,0
2023-07-04,ETH,14,0,14,0,0
2023-07-04,MATIC,2,0,2,0,0
2023-07-04,SHIBA,1,0,1,0,0
2023-07-04,SOL,2,0,2,0,0
2023-07-04,TERRA,4,0,4,0,0
2023-07-04,XRP,5,0,5,0,0
2023-07-05,ADA,3,0,3,0,0
2023-07-05,AVAX,2,0,2,0,0
2023-07-05,BTC,64,0,64,0,0
2023-07-05,DOGE,2,0,2,0,0
2023-07-05,DOT,3,0,3,0,0
2023-07-05,ETH,32,0,32,0,0
2023-07-05,LINK,2,0,2,0,0
2023-07-05,LTC,2,0,2,0,0
2023-07-05,MATIC,3,0,3,0,0
2023-07-05,SOL,13,0,13,0,0
2023-07-05,TERRA,4,0,4,0,0
2023-07-05,UNI,4,0,4,0,0
2023-07-05,XRP,3,0,3,0,0
2023-07-06,ADA,3,0,3,0,0
2023-07-06,AVAX,2,0,2,0,0
2023-07-06,BTC,54,0,54,0,0
2023-07-06,DOGE,4,0,4,0,0
2023-07-06,DOT,1,0,1,0,0
2023-07-06,ETH,25,0,25,0,0
2023-07-06,LINK,1,0,1,0,0
2023-07-06,LTC,3,0,3,0,0
2023-07-06,MATIC,7,0,7,0,0
2023-07-06,SHIBA,1,0,1,0,0
2023-07-06,SOL,7,0,7,0,0
2023-07-06,TERRA,3,0,3,0,0
2023-07-06,XRP,3,0,3,0,0
2023-07-07,ADA,4,0,4,0,0
2023-07-07,AVAX,2,0,2,0,0
2023-07-07,BTC,51,0,51,0,0
2023-07-07,DOGE,3,0,3,0,0
2023-07-07,DOT,1,0,1,0,0
2023-07-07,ETH,26,0,26,0,0
2023-07-07,LTC,2,0,2,0,0
2023-07-07,MATIC,12,0,12,0,0
2023-07-07,SHIBA,4,0,4,0,0
2023-07-07,SOL,13,0,13,0,0
2023-07-07,TERRA,1,0,1,0,0
2023-07-07,XRP,3,0,3,0,0
2023-07-08,ADA,1,0,1,0,0
2023-07-08,BTC,6,0,6,0,0
2023-07-08,ETH,4,0,4,0,0
2023-07-08,LTC,1,0,1,0,0
2023-07-08,MATIC,2,0,2,0,0
2023-07-08,SHIBA,1,0,1,0,0
2023-07-08,SOL,1,0,1,0,0
2023-07-08,TERRA,1,0,1,0,0
2023-07-08,XRP,1,0,1,0,0
2023-07-09,AVAX,1,0,1,0,0
2023-07-09,BTC,12,0,12,0,0
2023-07-09,ETH,3,0,3,0,0
2023-07-09,MATIC,1,0,1,0,0
2023-07-09,SOL,2,0,2,0,0
2023-07-09,XRP,1,0,1,0,0
2023-07-10,ADA,4,0,4,0,0
2023-07-10,AVAX,1,0,1,0,0
2023-07-10,BTC,47,0,47,0,0
2023-07-10,DOGE,2,0,2,0,0
2023-07-10,ETH,19,0,19,0,0
2023-07-10,LINK,1,0,1,0,0
2023-07-10,LTC,2,0,2,0,0
2023-07-10,MATIC,6,0,6,0,0
2023-07-10,SHIBA,1,0,1,0,0
2023-07-10,SOL,7,0,7,0,0
2023-07-10,TERRA,3,0,3,0,0
2023-07-10,UNI,1,0,1,0,0
2023-07-11,ADA,1,0,1,0,0
2023-07-11,AVAX,2,0,2,0,0
2023-07-11,BTC,60,0,60,0,0
2023-07-11,ETH,20,0,20,0,0
2023-07-11,LTC,1,0,1,0,0
2023-07-11,MATIC,8,0,8,0,0
2023-07-11,SHIBA,1,0,1,0,0
2023-07-11,SOL,9,0,9,0,0
2023-07-11,TERRA,3,0,3,0,0
2023-07-11,UNI,1,0,1,0,0
2023-07-11,XRP,1,0,1,0,0
2023-07-12,ADA,2,0,2,0,0
2023-07-12,AVAX,1,0,1,0,0
2023-07-12,BTC,60,0,60,0,0
2023-07-12,DOGE,3,0,3,0,0
2023-07-12,DOT,3,0,3,0,0
2023-07-12,ETH,16,0,16,0,0
2023-07-12,LTC,1,0,1,0,0
2023-07-12,MATIC,7,0,7,0,0
2023-07-12,SOL,9,0,9,0,0
2023-07-12,TERRA,2,0,2,0,0
2023-07-12,UNI,3,0,3,0,0
2023-07-12,XRP,5,0,5,0,0
2023-07-13,ADA,6,0,6,0,0
2023-07-13,AVAX,3,0,3,0,0
2023-07-13,BTC,54,0,54,0,0
2023-07-13,DOT,2,0,2,0,0
2023-07-13,ETH,23,0,23,0,0
2023-07-13,LINK,3,0,3,0,0
2023-07-13,MATIC,15,0,15,0,0
2023-07-13,SHIBA,1,0,1,0,0
2023-07-13,SOL,10,0,10,0,0
2023-07-13,TERRA,3,0,3,0,0
2023-07-13,UNI,1,0,1,0,0
2023-07-13,XRP,22,0,22,0,0
2023-07-14,ADA,10,0,10,0,0
2023-07-14,AVAX,3,0,3,0,0
2023-07-14,BNB,1,0,1,0,0
2023-07-14,BTC,47,0,47,0,0
2023-07-14,DOGE,2,0,2,0,0
2023-07-14,DOT,1,0,1,0,0
2023-07-14,ETH,13,0,13,0,0
2023-07-14,LINK,2,0,2,0,0
2023-07-14,LTC,1,0,1,0,0
2023-07-14,MATIC,9,0,9,0,0
2023-07-14,SOL,12,0,12,0,0
2023-07-14,TERRA,2,0,2,0,0
2023-07-14,UNI,1,0,1,0,0
2023-07-14,XRP,38,0,38,0,0
2023-07-15,ADA,1,0,1,0,0
2023-07-15,BTC,5,0,5,0,0
2023-07-15,DOT,1,0,1,0,0
2023-07-15,ETH,4,0,4,0,0
2023-07-15,XRP,3,0,3,0,0
2023-07-16,BTC,5,0,5,0,0
2023-07-16,ETH,3,0,3,0,0
2023-07-16,MATIC,1,0,1,0,0
2023-07-16,UNI,1,0,1,0,0
2023-07-16,XRP,6,0,6,0,0
2023-07-17,ADA,4,0,4,0,0
2023-07-17,AVAX,3,0,3,0,0
2023-07-17,BNB,1,0,1,0,0
2023-07-17,BTC,51,0,51,0,0
2023-07-17,DOGE,2,0,2,0,0
2023-07-17,ETH,24,0,24,0,0
2023-07-17,LINK,4,0,4,0,0
2023-07-17,MATIC,15,0,15,0,0
2023-07-17,SOL,14,0,14,0,0
2023-07-17,TERRA,3,0,3,0,0
2023-07-17,UNI,1,0,1,0,0
2023-07-17,XRP,24,0,24,0,0
2023-07-18,ADA,3,0,3,0,0
2023-07-18,AVAX,1,0,1,0,0
2023-07-18,BTC,42,0,42,0,0
2023-07-18,DOGE,1,0,1,0,0
2023-07-18,ETH,26,0,26,0,0
2023-07-18,LINK,3,0,3,0,0
2023-07-18,MATIC,6,0,6,0,0
2023-07-18,SHIBA,1,0,1,0,0
2023-07-18,SOL,6,0,6,0,0
2023-07-18,TERRA,5,0,5,0,0
2023-07-18,UNI,2,0,2,0,0
2023-07-18,VECHAIN,1,0,1,0,0
2023-07-18,XRP,25,0,25,0,0
2023-07-19,ADA,3,0,3,0,0
2023-07-19,AVAX,1,0,1,0,0
2023-07-19,BNB,1,0,1,0,0
2023-07-19,BTC,44,0,44,0,0
2023-07-19,DOGE,5,0,5,0,0
2023-07-19,DOT,1,0,1,0,0
2023-07-19,ETH,23,0,23,0,0
2023-07-19,LINK,1,0,1,0,0
2023-07-19,LTC,2,0,2,0,0
2023-07-19,MATIC,8,0,8,0,0
2023-07-19,SHIBA,1,0,1,0,0
2023-07-19,SOL,14,0,14,0,0
2023-07-19,TERRA,1,0,1,0,0
2023-07-19,UNI,2,0,2,0,0
2023-07-19,XRP,14,0,14,0,0
2023-07-20,ADA,1,0,1,0,0
2023-07-20,AVAX,4,0,4,0,0
2023-07-20,BTC,38,0,38,0,0
2023-07-20,DOGE,2,0,2,0,0
2023-07-20,DOT,1,0,1,0,0
2023-07-20,ETH,22,0,22,0,0
2023-07-20,LINK,2,0,2,0,0
2023-07-20,LTC,1,0,1,0,0
2023-07-20,MATIC,14,0,14,0,0
2023-07-20,SHIBA,1,0,1,0,0
2023-07-20,SOL,6,0,6,0,0
2023-07-20,TERRA,4,0,4,0,0
2023-07-20,UNI,4,0,4,0,0
2023-07-20,XRP,15,0,15,0,0
2023-07-21,ADA,3,0,3,0,0
2023-07-21,AVAX,5,0,5,0,0
2023-07-21,BTC,43,0,43,0,0
2023-07-21,DOGE,2,0,2,0,0
2023-07-21,DOT,1,0,1,0,0
2023-07-21,ETH,20,0,20,0,0
2023-07-21,LINK,5,0,5,0,0
2023-07-21,LTC,2,0,2,0,0
2023-07-21,MATIC,8,0,8,0,0
2023-07-21,SHIBA,1,0,1,0,0
2023-07-21,SOL,11,0,11,0,0
2023-07-21,TERRA,4,0,4,0,0
2023-07-21,UNI,4,0,4,0,0
2023-07-21,XRP,7,0,7,0,0
2023-07-22,BTC,2,0,2,0,0
2023-07-22,ETH,2,0,2,0,0
2023-07-22,SOL,1,0,1,0,0
2023-07-22,TERRA,2,0,2,0,0
2023-07-22,XRP,3,0,3,0,0
2023-07-23,AVAX,1,0,1,0,0
2023-07-23,BTC,4,0,4,0,0
2023-07-23,ETH,1,0,1,0,0
2023-07-23,LINK,1,0,1,0,0
2023-07-23,TERRA,2,0,2,0,0
2023-07-23,XRP,7,0,7,0,0
2023-07-24,ADA,1,0,1,0,0
2023-07-24,BTC,42,0,42,0,0
2023-07-24,DOGE,3,0,3,0,0
2023-07-24,ETH,17,0,17,0,0
2023-07-24,LINK,1,0,1,0,0
2023-07-24,MATIC,4,0,4,0,0
2023-07-24,SOL,7,0,7,0,0
2023-07-24,TERRA,3,0,3,0,0
2023-07-24,UNI,2,0,2,0,0
2023-07-24,XRP,12,0,12,0,0
2023-07-25,ADA,2,0,2,0,0
2023-07-25,AVAX,4,0,4,0,0
2023-07-25,BTC,41,0,41,0,0
2023-07-25,DOGE,6,0,6,0,0
2023-07-25,ETH,26,0,26,0,0
2023-07-25,LINK,3,0,3,0,0
2023-07-25,MATIC,9,0,9,0,0
2023-07-25,SHIBA,2,0,2,0,0
2023-07-25,SOL,14,0,14,0,0
2023-07-25,TERRA,1,0,1,0,0
2023-07-25,XRP,14,0,14,0,0
2023-07-26,ADA,3,0,3,0,0
2023-07-26,BTC,50,0,50,0,0
2023-07-26,DOGE,8,0,8,0,0
2023-07-26,DOT,1,0,1,0,0
2023-07-26,ETH,20,0,20,0,0
2023-07-26,LINK,4,0,4,0,0
2023-07-26,LTC,2,0,2,0,0
2023-07-26,MATIC,9,0,9,0,0
2023-07-26,SOL,13,0,13,0,0
2023-07-26,TERRA,4,0,4,0,0
2023-07-26,UNI,1,0,1,0,0
2023-07-26,XRP,9,0,9,0,0
2023-07-27,ADA,1,0,1,0,0
2023-07-27,AVAX,6,0,6,0,0
2023-07-27,BTC,46,0,46,0,0
2023-07-27,DOGE,1,0,1,0,0
2023-07-27,DOT,1,0,1,0,0
2023-07-27,ETH,24,0,24,0,0
2023-07-27,LTC,1,0,1,0,0
2023-07-27,MATIC,9,0,9,0,0
2023-07-27,SOL,6,0,6,0,0
2023-07-27,TERRA,1,0,1,0,0
2023-07-27,XRP,3,0,3,0,0
2023-07-28,AVAX,3,0,3,0,0
2023-07-28,BTC,41,0,41,0,0
2023-07-28,DOGE,5,0,5,0,0
2023-07-28,DOT,2,0,2,0,0
2023-07-28,ETH,18,0,18,0,0
2023-07-28,LINK,1,0,1,0,0
2023-07-28,MATIC,3,0,3,0,0
2023-07-28,SHIBA,1,0,1,0,0
2023-07-28,SOL,9,0,9,0,0
2023-07-28,TERRA,2,0,2,0,0
2023-07-28,UNI,2,0,2,0,0
2023-07-28,XRP,6,0,6,0,0
2023-07-29,ADA,1,0,1,0,0
2023-07-29,BTC,6,0,6,0,0
2023-07-29,DOGE,2,0,2,0,0
2023-07-29,DOT,1,0,1,0,0
2023-07-29,LTC,1,0,1,0,0
2023-07-29,MATIC,1,0,1,0,0
2023-07-29,SOL,1,0,1,0,0
2023-07-29,XRP,1,0,1,0,0
2023-07-30,BTC,6,0,6,0,0
2023-07-30,DOGE,1,0,1,0,0
2023-07-30,ETH,6,0,6,0,0
2023-07-30,SOL,1,0,1,0,0
2023-07-30,XRP,4,0,4,0,0
2023-07-31,ADA,3,0,3,0,0
2023-07-31,AVAX,2,0,2,0,0
2023-07-31,BNB,1,0,1,0,0
2023-07-31,BTC,54,0,54,0,0
2023-07-31,DOGE,3,0,3,0,0
2023-07-31,ETH,29,0,29,0,0
2023-07-31,LINK,3,0,3,0,0
2023-07-31,LTC,3,0,3,0,0
2023-07-31,MATIC,4,0,4,0,0
2023-07-31,SOL,8,0,8,0,0
2023-07-31,TERRA,1,0,1,0,0
2023-07-31,UNI,3,0,3,0,0
2023-07-31,XRP,11,0,11,0,0
2023-08-01,AVAX,1,0,1,0,0
2023-08-01,BTC,43,0,43,0,0
2023-08-01,DOGE,2,0,2,0,0
2023-08-01,ETH,18,0,18,0,0
2023-08-01,LINK,1,0,1,0,0
2023-08-01,LTC,5,0,5,0,0
2023-08-01,MATIC,3,0,3,0,0
2023-08-01,SOL,9,0,9,0,0
2023-08-01,TERRA,2,0,2,0,0
2023-08-01,UNI,1,0,1,0,0
2023-08-01,XRP,12,0,12,0,0
2023-08-02,ADA,4,0,4,0,0
2023-08-02,AVAX,2,0,2,0,0
2023-08-02,BTC,50,0,50,0,0
2023-08-02,DOGE,6,0,6,0,0
2023-08-02,DOT,2,0,2,0,0
2023-08-02,ETH,20,0,20,0,0
2023-08-02,LINK,2,0,2,0,0
2023-08-02,LTC,8,0,8,0,0
2023-08-02,MATIC,6,0,6,0,0
2023-08-02,SHIBA,1,0,1,0,0
2023-08-02,SOL,13,0,13,0,0
2023-08-02,TERRA,5,0,5,0,0
2023-08-02,UNI,4,0,4,0,0
2023-08-02,XRP,9,0,9,0,0
2023-08-03,ADA,3,0,3,0,0
2023-08-03,BTC,49,0,49,0,0
2023-08-03,DOGE,2,0,2,0,0
2023-08-03,ETH,26,0,26,0,0
2023-08-03,LINK,1,0,1,0,0
2023-08-03,LTC,3,0,3,0,0
2023-08-03,MATIC,7,0,7,0,0
2023-08-03,SHIBA,2,0,2,0,0
2023-08-03,SOL,13,0,13,0,0
2023-08-03,TERRA,4,0,4,0,0
2023-08-03,UNI,5,0,5,0,0
2023-08-03,XRP,9,0,9,0,0
2023-08-04,ADA,7,0,7,0,0
2023-08-04,AVAX,5,0,5,0,0
2023-08-04,BTC,44,0,44,0,0
2023-08-04,DOGE,6,0,6,0,0
2023-08-04,DOT,1,0,1,0,0
2023-08-04,ETH,19,0,19,0,0
2023-08-04,LINK,2,0,2,0,0
2023-08-04,LTC,4,0,4,0,0
2023-08-04,MATIC,8,0,8,0,0
2023-08-04,SHIBA,3,0,3,0,0
2023-08-04,SOL,10,0,10,0,0
2023-08-04,TERRA,3,0,3,0,0
2023-08-04,UNI,2,0,2,0,0
2023-08-04,XRP,8,0,8,0,0
2023-08-05,BTC,3,0,3,0,0
2023-08-05,DOGE,1,0,1,0,0
2023-08-05,ETH,1,0,1,0,0
2023-08-05,LINK,1,0,1,0,0
2023-08-05,XRP,1,0,1,0,0
2023-08-06,AVAX,1,0,1,0,0
2023-08-06,BTC,8,0,8,0,0
2023-08-06,ETH,2,0,2,0,0
2023-08-06,SHIBA,1,0,1,0,0
2023-08-06,UNI,1,0,1,0,0
2023-08-06,XRP,1,0,1,0,0
2023-08-07,ADA,3,0,3,0,0
2023-08-07,AVAX,1,0,1,0,0
2023-08-07,BTC,48,0,48,0,0
2023-08-07,DOGE,2,0,2,0,0
2023-08-07,ETH,10,0,10,0,0
2023-08-07,LTC,3,0,3,0,0
2023-08-07,MATIC,2,0,2,0,0
2023-08-07,SHIBA,1,0,1,0,0
2023-08-07,SOL,11,0,11,0,0
2023-08-07,TERRA,2,0,2,0,0
2023-08-07,XRP,1,0,1,0,0
2023-08-08,ADA,2,0,2,0,0
2023-08-08,AVAX,3,0,3,0,0
2023-08-08,BNB,2,0,2,0,0
2023-08-08,BTC,40,0,40,0,0
2023-08-08,ETH,18,0,18,0,0
2023-08-08,LINK,2,0,2,0,0
2023-08-08,MATIC,6,0,6,0,0
2023-08-08,SHIBA,4,0,4,0,0
2023-08-08,SOL,10,0,10,0,0
2023-08-08,TERRA,2,0,2,0,0
2023-08-08,UNI,2,0,2,0,0
2023-08-08,XRP,8,0,8,0,0
2023-08-09,ADA,3,0,3,0,0
2023-08-09,AVAX,1,0,1,0,0
2023-08-09,BTC,45,0,45,0,0
2023-08-09,DOGE,3,0,3,0,0
2023-08-09,DOT,1,0,1,0,0
2023-08-09,ETH,19,0,19,0,0
2023-08-09,LTC,1,0,1,0,0
2023-08-09,MATIC,3,0,3,0,0
2023-08-09,SHIBA,3,0,3,0,0
2023-08-09,SOL,11,0,11,0,0
2023-08-09,TERRA,3,0,3,0,0
2023-08-09,UNI,3,0,3,0,0
2023-08-09,XRP,11,0,11,0,0
2023-08-10,ADA,3,0,3,0,0
2023-08-10,AVAX,2,0,2,0,0
2023-08-10,BTC,27,0,27,0,0
2023-08-10,DOGE,2,0,2,0,0
2023-08-10,ETH,29,0,29,0,0
2023-08-10,LINK,2,0,2,0,0
2023-08-10,LTC,3,0,3,0,0
2023-08-10,MATIC,9,0,9,0,0
2023-08-10,SHIBA,1,0,1,0,0
2023-08-10,SOL,13,0,13,0,0
2023-08-10,TERRA,2,0,2,0,0
2023-08-10,XRP,7,0,7,0,0
2023-08-11,ADA,1,0,1,0,0
2023-08-11,AVAX,1,0,1,0,0
2023-08-11,BTC,16,0,16,0,0
2023-08-11,DOGE,1,0,1,0,0
2023-08-11,DOT,1,0,1,0,0
2023-08-11,ETH,11,0,11,0,0
2023-08-11,MATIC,1,0,1,0,0
2023-08-11,SHIBA,2,0,2,0,0
2023-08-11,SOL,3,0,3,0,0
2023-08-11,UNI,1,0,1,0,0
2023-08-11,XRP,5,0,5,0,0
2023-08-12,BTC,3,0,3,0,0
2023-08-12,ETH,1,0,1,0,0
2023-08-12,SHIBA,1,0,1,0,0
2023-08-13,BNB,1,0,1,0,0
2023-08-13,BTC,1,0,1,0,0
2023-08-13,ETH,3,0,3,0,0
2023-08-13,SHIBA,1,0,1,0,0
2023-08-14,ADA,1,0,1,0,0
2023-08-14,AVAX,2,0,2,0,0
2023-08-14,BTC,19,0,19,0,0
2023-08-14,DOGE,1,0,1,0,0
2023-08-14,ETH,11,0,11,0,0
2023-08-14,LINK,2,0,2,0,0
2023-08-14,LTC,1,0,1,0,0
2023-08-14,MATIC,2,0,2,0,0
2023-08-14,SHIBA,3,0,3,0,0
2023-08-14,SOL,4,0,4,0,0
2023-08-14,TERRA,1,0,1,0,0
2023-08-14,UNI,2,0,2,0,0
2023-08-15,ADA,1,0,1,0,0
2023-08-15,AVAX,1,0,1,0,0
2023-08-15,BTC,21,0,21,0,0
2023-08-15,DOGE,3,0,3,0,0
2023-08-15,DOT,2,0,2,0,0
2023-08-15,ETH,8,0,8,0,0
2023-08-15,MATIC,3,0,3,0,0
2023-08-15,SHIBA,1,0,1,0,0
2023-08-15,SOL,6,0,6,0,0
2023-08-15,TERRA,3,0,3,0,0
2023-08-15,UNI,1,0,1,0,0
2023-08-15,XRP,2,0,2,0,0
2023-08-16,ADA,1,0,1,0,0
2023-08-16,BTC,25,0,25,0,0
2023-08-16,DOGE,3,0,3,0,0
2023-08-16,ETH,15,0,15,0,0
2023-08-16,LTC,2,0,2,0,0
2023-08-16,MATIC,2,0,2,0,0
2023-08-16,SHIBA,2,0,2,0,0
2023-08-16,SOL,7,0,7,0,0
2023-08-16,TERRA,2,0,2,0,0
2023-08-16,XRP,5,0,5,0,0
2023-08-17,ADA,1,0,1,0,0
2023-08-17,AVAX,2,0,2,0,0
2023-08-17,BNB,1,0,1,0,0
2023-08-17,BTC,30,0,30,0,0
2023-08-17,DOGE,3,0,3,0,0
2023-08-17,ETH,13,0,13,0,0
2023-08-17,LTC,1,0,1,0,0
2023-08-17,MATIC,4,0,4,0,0
2023-08-17,SHIBA,3,0,3,0,0
2023-08-17,SOL,4,0,4,0,0
2023-08-17,XRP,6,0,6,0,0
2023-08-18,AVAX,1,0,1,0,0
2023-08-18,BNB,1,0,1,0,0
2023-08-18,BTC,22,0,22,0,0
2023-08-18,DOGE,4,0,4,0,0
2023-08-18,ETH,8,0,8,0,0
2023-08-18,LINK,1,0,1,0,0
2023-08-18,LTC,3,0,3,0,0
2023-08-18,MATIC,3,0,3,0,0
2023-08-18,SOL,2,0,2,0,0
2023-08-18,XRP,7,0,7,0,0
2023-08-19,BTC,1,0,1,0,0
2023-08-19,ETH,1,0,1,0,0
2023-08-19,XRP,1,0,1,0,0
2023-08-20,BTC,2,0,2,0,0
2023-08-20,DOGE,1,0,1,0,0
2023-08-20,ETH,2,0,2,0,0
2023-08-21,AVAX,1,0,1,0,0
2023-08-21,BNB,1,0,1,0,0
2023-08-21,BTC,26,0,26,0,0
2023-08-21,DOT,1,0,1,0,0
2023-08-21,ETH,10,0,10,0,0
2023-08-21,LINK,1,0,1,0,0
2023-08-21,LTC,1,0,1,0,0
2023-08-21,SHIBA,2,0,2,0,0
2023-08-21,SOL,2,0,2,0,0
2023-08-21,TERRA,1,0,1,0,0
2023-08-21,UNI,1,0,1,0,0
2023-08-21,XRP,1,0,1,0,0
2023-08-22,BTC,19,0,19,0,0
2023-08-22,DOT,1,0,1,0,0
2023-08-22,ETH,17,0,17,0,0
2023-08-22,LTC,1,0,1,0,0
2023-08-22,MATIC,2,0,2,0,0
2023-08-22,SHIBA,1,0,1,0,0
2023-08-22,SOL,8,0,8,0,0
2023-08-22,TERRA,1,0,1,0,0
2023-08-22,XRP,1,0,1,0,0
2023-08-23,ADA,3,0,3,0,0
2023-08-23,BTC,27,0,27,0,0
2023-08-23,DOGE,1,0,1,0,0
2023-08-23,DOT,1,0,1,0,0
2023-08-23,ETH,17,0,17,0,0
2023-08-23,MATIC,4,0,4,0,0
2023-08-23,SHIBA,1,0,1,0,0
2023-08-23,SOL,8,0,8,0,0
2023-08-23,UNI,1,0,1,0,0
2023-08-23,XRP,3,0,3,0,0
2023-08-24,ADA,1,0,1,0,0
2023-08-24,BTC,35,0,35,0,0
2023-08-24,ETH,20,0,20,0,0
2023-08-24,MATIC,6,0,6,0,0
2023-08-24,SHIBA,1,0,1,0,0
2023-08-24,SOL,9,0,9,0,0
2023-08-24,TERRA,2,0,2,0,0
2023-08-24,XRP,1,0,1,0,0
2023-08-25,AVAX,1,0,1,0,0
2023-08-25,BTC,16,0,16,0,0
2023-08-25,ETH,5,0,5,0,0
2023-08-25,MATIC,2,0,2,0,0
2023-08-25,SOL,3,0,3,0,0
2023-08-25,TERRA,2,0,2,0,0
2023-08-25,UNI,2,0,2,0,0
2023-08-25,XRP,1,0,1,0,0
2023-08-26,BTC,1,0,1,0,0
2023-08-26,DOGE,1,0,1,0,0
2023-08-26,ETH,4,0,4,0,0
2023-08-26,SHIBA,2,0,2,0,0
2023-08-26,TERRA,1,0,1,0,0
2023-08-26,UNI,1,0,1,0,0
2023-08-26,XRP,1,0,1,0,0
2023-08-27,BTC,3,0,3,0,0
2023-08-27,SOL,1,0,1,0,0
2023-08-28,ADA,2,0,2,0,0
2023-08-28,BTC,15,0,15,0,0
2023-08-28,DOGE,1,0,1,0,0
2023-08-28,ETH,8,0,8,0,0
2023-08-28,LTC,1,0,1,0,0
2023-08-28,MATIC,1,0,1,0,0
2023-08-28,SHIBA,2,0,2,0,0
2023-08-28,SOL,5,0,5,0,0
2023-08-28,TERRA,1,0,1,0,0
2023-08-29,ADA,1,0,1,0,0
2023-08-29,AVAX,1,0,1,0,0
2023-08-29,BTC,33,0,33,0,0
2023-08-29,DOGE,2,0,2,0,0
2023-08-29,DOT,1,0,1,0,0
2023-08-29,ETH,10,0,10,0,0
2023-08-29,LTC,1,0,1,0,0
2023-08-29,MATIC,6,0,6,0,0
2023-08-29,SHIBA,1,0,1,0,0
2023-08-29,SOL,5,0,5,0,0
2023-08-29,TERRA,1,0,1,0,0
2023-08-29,XRP,3,0,3,0,0
2023-08-30,ADA,2,0,2,0,0
2023-08-30,AVAX,1,0,1,0,0
2023-08-30,BTC,37,0,37,0,0
2023-08-30,DOGE,5,0,5,0,0
2023-08-30,ETH,12,0,12,0,0
2023-08-30,MATIC,5,0,5,0,0
2023-08-30,SOL,9,0,9,0,0
2023-08-30,TERRA,2,0,2,0,0
2023-08-30,XRP,1,0,1,0,0
2023-08-31,ADA,1,0,1,0,0
2023-08-31,AVAX,4,0,4,0,0
2023-08-31,BNB,1,0,1,0,0
2023-08-31,BTC,24,0,24,0,0
2023-08-31,DOGE,3,0,3,0,0
2023-08-31,DOT,1,0,1,0,0
2023-08-31,ETH,15,0,15,0,0
2023-08-31,LINK,1,0,1,0,0
2023-08-31,LTC,1,0,1,0,0
2023-08-31,MATIC,8,0,8,0,0
2023-08-31,SOL,7,0,7,0,0
2023-08-31,TERRA,1,0,1,0,0
2023-08-31,UNI,1,0,1,0,0
2023-08-31,XRP,1,0,1,0,0
2023-09-01,BTC,20,0,20,0,0
2023-09-01,DOGE,1,0,1,0,0
2023-09-01,ETH,10,0,10,0,0
2023-09-01,LINK,1,0,1,0,0
2023-09-01,LTC,1,0,1,0,0
2023-09-01,SHIBA,1,0,1,0,0
2023-09-01,SOL,5,0,5,0,0
2023-09-01,TERRA,1,0,1,0,0
2023-09-01,UNI,1,0,1,0,0
2023-09-01,XRP,3,0,3,0,0
2023-09-02,BTC,1,0,1,0,0
2023-09-02,ETH,1,0,1,0,0
2023-09-02,TERRA,1,0,1,0,0
2023-09-02,XRP,1,0,1,0,0
2023-09-03,BTC,2,0,2,0,0
2023-09-03,ETH,2,0,2,0,0
2023-09-04,ADA,1,0,1,0,0
2023-09-04,BTC,21,0,21,0,0
2023-09-04,DOGE,1,0,1,0,0
2023-09-04,ETH,7,0,7,0,0
2023-09-04,LTC,1,0,1,0,0
2023-09-04,MATIC,3,0,3,0,0
2023-09-04,SOL,4,0,4,0,0
2023-09-04,TERRA,1,0,1,0,0
2023-09-04,XRP,1,0,1,0,0
2023-09-05,ADA,1,0,1,0,0
2023-09-05,BTC,25,0,25,0,0
2023-09-05,DOGE,1,0,1,0,0
2023-09-05,ETH,15,0,15,0,0
2023-09-05,MATIC,4,0,4,0,0
2023-09-05,SOL,9,0,9,0,0
2023-09-05,TERRA,2,0,2,0,0
2023-09-05,UNI,1,0,1,0,0
2023-09-06,ADA,1,0,1,0,0
2023-09-06,BTC,31,0,31,0,0
2023-09-06,ETH,16,0,16,0,0
2023-09-06,LINK,2,0,2,0,0
2023-09-06,MATIC,1,0,1,0,0
2023-09-06,SOL,11,0,11,0,0
2023-09-06,TERRA,1,0,1,0,0
2023-09-06,UNI,3,0,3,0,0
2023-09-06,XRP,1,0,1,0,0
2023-09-07,ADA,1,0,1,0,0
2023-09-07,AVAX,2,0,2,0,0
2023-09-07,BTC,24,0,24,0,0
2023-09-07,ETH,14,0,14,0,0
2023-09-07,LINK,1,0,1,0,0
2023-09-07,MATIC,6,0,6,0,0
2023-09-07,SOL,6,0,6,0,0
2023-09-07,TERRA,2,0,2,0,0
2023-09-07,UNI,1,0,1,0,0
2023-09-07,XRP,3,0,3,0,0
2023-09-08,BTC,17,0,17,0,0
2023-09-08,DOT,1,0,1,0,0
2023-09-08,ETH,8,0,8,0,0
2023-09-08,MATIC,1,0,1,0,0
2023-09-08,SOL,3,0,3,0,0
2023-09-08,UNI,1,0,1,0,0
2023-09-08,XRP,6,0,6,0,0
2023-09-09,AVAX,1,0,1,0,0
2023-09-09,ETH,1,0,1,0,0
2023-09-09,MATIC,2,0,2,0,0
2023-09-09,SOL,1,0,1,0,0
2023-09-09,XRP,2,0,2,0,0
2023-09-10,TERRA,1,0,1,0,0
2023-09-10,XRP,1,0,1,0,0
2023-09-11,AVAX,1,0,1,0,0
2023-09-11,BTC,24,0,24,0,0
2023-09-11,DOGE,1,0,1,0,0
2023-09-11,DOT,1,0,1,0,0
2023-09-11,ETH,11,0,11,0,0
2023-09-11,LINK,1,0,1,0,0
2023-09-11,LTC,2,0,2,0,0
2023-09-11,MATIC,2,0,2,0,0
2023-09-11,SHIBA,2,0,2,0,0
2023-09-11,SOL,8,0,8,0,0
2023-09-11,TERRA,1,0,1,0,0
2023-09-11,UNI,1,0,1,0,0
2023-09-11,XRP,4,0,4,0,0
2023-09-12,AVAX,2,0,2,0,0
2023-09-12,BTC,38,0,38,0,0
2023-09-12,DOT,1,0,1,0,0
2023-09-12,ETH,16,0,16,0,0
2023-09-12,MATIC,5,0,5,0,0
2023-09-12,SOL,12,0,12,0,0
2023-09-12,TERRA,1,0,1,0,0
2023-09-12,XRP,4,0,4,0,0
2023-09-13,ADA,1,0,1,0,0
2023-09-13,BTC,39,0,39,0,0
2023-09-13,DOGE,2,0,2,0,0
2023-09-13,ETH,17,0,17,0,0
2023-09-13,MATIC,3,0,3,0,0
2023-09-13,SHIBA,1,0,1,0,0
2023-09-13,SOL,12,0,12,0,0
2023-09-13,TERRA,4,0,4,0,0
2023-09-13,UNI,3,0,3,0,0
2023-09-13,XRP,7,0,7,0,0
2023-09-14,BTC,19,0,19,0,0
2023-09-14,ETH,5,0,5,0,0
2023-09-14,LTC,1,0,1,0,0
2023-09-14,SOL,5,0,5,0,0
2023-09-14,TERRA,1,0,1,0,0
2023-09-14,UNI,1,0,1,0,0
2023-09-14,XRP,2,0,2,0,0
2023-09-15,ADA,1,0,1,0,0
2023-09-15,AVAX,2,0,2,0,0
2023-09-15,BTC,19,0,19,0,0
2023-09-15,DOGE,3,0,3,0,0
2023-09-15,ETH,10,0,10,0,0
2023-09-15,LINK,1,0,1,0,0
2023-09-15,MATIC,1,0,1,0,0
2023-09-15,SOL,8,0,8,0,0
2023-09-15,TERRA,2,0,2,0,0
2023-09-15,XRP,2,0,2,0,0
2023-09-16,BTC,1,0,1,0,0
2023-09-16,ETH,1,0,1,0,0
2023-09-16,SOL,1,0,1,0,0
2023-09-17,BTC,3,0,3,0,0
2023-09-17,ETH,3,0,3,0,0
2023-09-17,MATIC,1,0,1,0,0
2023-09-17,SOL,1,0,1,0,0
2023-09-17,XRP,1,0,1,0,0
2023-09-18,AVAX,1,0,1,0,0
2023-09-18,BTC,28,0,28,0,0
2023-09-18,ETH,13,0,13,0,0
2023-09-18,LINK,3,0,3,0,0
2023-09-18,LTC,1,0,1,0,0
2023-09-18,MATIC,5,0,5,0,0
2023-09-18,SOL,5,0,5,0,0
2023-09-18,TERRA,2,0,2,0,0
2023-09-18,UNI,1,0,1,0,0
2023-09-19,AVAX,1,0,1,0,0
2023-09-19,BTC,21,0,21,0,0
2023-09-19,ETH,9,0,9,0,0
2023-09-19,MATIC,1,0,1,0,0
2023-09-19,SOL,4,0,4,0,0
2023-09-19,TERRA,1,0,1,0,0
2023-09-19,UNI,1,0,1,0,0
2023-09-19,XRP,3,0,3,0,0
2023-09-20,ADA,1,0,1,0,0
2023-09-20,AVAX,3,0,3,0,0
2023-09-20,BNB,1,0,1,0,0
2023-09-20,BTC,29,0,29,0,0
2023-09-20,DOGE,3,0,3,0,0
2023-09-20,DOT,1,0,1,0,0
2023-09-20,ETH,14,0,14,0,0
2023-09-20,LTC,1,0,1,0,0
2023-09-20,SOL,7,0,7,0,0
2023-09-20,TERRA,2,0,2,0,0
2023-09-20,UNI,2,0,2,0,0
2023-09-20,XRP,1,0,1,0,0
2023-09-21,AVAX,1,0,1,0,0
2023-09-21,BTC,30,0,30,0,0
2023-09-21,DOGE,1,0,1,0,0
2023-09-21,ETH,11,0,11,0,0
2023-09-21,LTC,1,0,1,0,0
2023-09-21,MATIC,3,0,3,0,0
2023-09-21,SOL,4,0,4,0,0
2023-09-21,UNI,1,0,1,0,0
2023-09-21,XRP,2,0,2,0,0
2023-09-22,AVAX,3,0,3,0,0
2023-09-22,BTC,23,0,23,0,0
2023-09-22,DOGE,3,0,3,0,0
2023-09-22,DOT,1,0,1,0,0
2023-09-22,ETH,11,0,11,0,0
2023-09-22,LINK,1,0,1,0,0
2023-09-22,LTC,2,0,2,0,0
2023-09-22,MATIC,3,0,3,0,0
2023-09-22,SHIBA,1,0,1,0,0
2023-09-22,SOL,3,0,3,0,0
2023-09-22,TERRA,3,0,3,0,0
2023-09-22,UNI,1,0,1,0,0
2023-09-22,XRP,3,0,3,0,0
2023-09-23,BTC,5,0,5,0,0
2023-09-23,DOT,1,0,1,0,0
2023-09-23,ETH,5,0,5,0,0
2023-09-23,SOL,3,0,3,0,0
2023-09-23,TERRA,1,0,1,0,0
2023-09-23,UNI,1,0,1,0,0
2023-09-24,BTC,7,0,7,0,0
2023-09-24,DOGE,1,0,1,0,0
2023-09-24,ETH,2,0,2,0,0
2023-09-24,SOL,1,0,1,0,0
2023-09-24,UNI,1,0,1,0,0
2023-09-25,AVAX,1,0,1,0,0
2023-09-25,BTC,26,0,26,0,0
2023-09-25,DOGE,2,0,2,0,0
2023-09-25,ETH,13,0,13,0,0
2023-09-25,LINK,2,0,2,0,0
2023-09-25,LTC,1,0,1,0,0
2023-09-25,MATIC,1,0,1,0,0
2023-09-25,SOL,6,0,6,0,0
2023-09-25,TERRA,4,0,4,0,0
2023-09-25,XRP,1,0,1,0,0
2023-09-26,ADA,1,0,1,0,0
2023-09-26,AVAX,1,0,1,0,0
2023-09-26,BTC,33,0,33,0,0
2023-09-26,ETH,20,0,20,0,0
2023-09-26,MATIC,1,0,1,0,0
2023-09-26,SOL,5,0,5,0,0
2023-09-26,XRP,1,0,1,0,0
2023-09-27,ADA,1,0,1,0,0
2023-09-27,AVAX,5,0,5,0,0
2023-09-27,BTC,31,0,31,0,0
2023-09-27,DOGE,1,0,1,0,0
2023-09-27,DOT,2,0,2,0,0
2023-09-27,ETH,22,0,22,0,0
2023-09-27,LINK,1,0,1,0,0
2023-09-27,LTC,2,0,2,0,0
2023-09-27,MATIC,5,0,5,0,0
2023-09-27,SHIBA,3,0,3,0,0
2023-09-27,SOL,6,0,6,0,0
2023-09-27,TERRA,4,0,4,0,0
2023-09-27,XRP,3,0,3,0,0
2023-09-28,ADA,1,0,1,0,0
2023-09-28,BTC,35,0,35,0,0
2023-09-28,ETH,25,0,25,0,0
2023-09-28,LINK,2,0,2,0,0
2023-09-28,MATIC,1,0,1,0,0
2023-09-28,SOL,4,0,4,0,0
2023-09-28,TERRA,2,0,2,0,0
2023-09-28,XRP,5,0,5,0,0
2023-09-29,ADA,3,0,3,0,0
2023-09-29,AVAX,1,0,1,0,0
2023-09-29,BNB,1,0,1,0,0
2023-09-29,BTC,25,0,25,0,0
2023-09-29,ETH,18,0,18,0,0
2023-09-29,MATIC,2,0,2,0,0
2023-09-29,SOL,5,0,5,0,0
2023-09-29,TERRA,2,0,2,0,0
2023-09-29,XRP,1,0,1,0,0
2023-09-30,ADA,1,0,1,0,0
2023-09-30,AVAX,1,0,1,0,0
2023-09-30,BTC,6,0,6,0,0
2023-09-30,ETH,4,0,4,0,0
2023-09-30,SOL,1,0,1,0,0
2023-09-30,TERRA,1,0,1,0,0
2023-09-30,UNI,1,0,1,0,0
2023-09-30,XRP,1,0,1,0,0
2023-10-01,BTC,2,0,2,0,0
2023-10-01,ETH,2,0,2,0,0
2023-10-02,ADA,2,0,2,0,0
2023-10-02,BTC,26,0,26,0,0
2023-10-02,ETH,18,0,18,0,0
2023-10-02,LINK,2,0,2,0,0
2023-10-02,MATIC,2,0,2,0,0
2023-10-02,SOL,13,0,13,0,0
2023-10-02,TERRA,1,0,1,0,0
2023-10-02,UNI,1,0,1,0,0
2023-10-02,XRP,1,0,1,0,0
2023-10-03,AVAX,2,0,2,0,0
2023-10-03,BTC,28,0,28,0,0
2023-10-03,DOGE,1,0,1,0,0
2023-10-03,ETH,16,0,16,0,0
2023-10-03,MATIC,1,0,1,0,0
2023-10-03,SOL,8,0,8,0,0
2023-10-03,TERRA,2,0,2,0,0
2023-10-03,UNI,1,0,1,0,0
2023-10-03,XRP,3,0,3,0,0
2023-10-04,ADA,2,0,2,0,0
2023-10-04,AVAX,4,0,4,0,0
2023-10-04,BTC,34,0,34,0,0
2023-10-04,DOGE,1,0,1,0,0
2023-10-04,ETH,14,0,14,0,0
2023-10-04,LINK,2,0,2,0,0
2023-10-04,MATIC,7,0,7,0,0
2023-10-04,SOL,9,0,9,0,0
2023-10-04,TERRA,2,0,2,0,0
2023-10-04,XRP,11,0,11,0,0
2023-10-05,ADA,2,0,2,0,0
2023-10-05,AVAX,4,0,4,0,0
2023-10-05,BTC,28,0,28,0,0
2023-10-05,DOGE,3,0,3,0,0
2023-10-05,DOT,1,0,1,0,0
2023-10-05,ETH,17,0,17,0,0
2023-10-05,MATIC,5,0,5,0,0
2023-10-05,SHIBA,1,0,1,0,0
2023-10-05,SOL,8,0,8,0,0
2023-10-05,TERRA,2,0,2,0,0
2023-10-05,UNI,2,0,2,0,0
2023-10-05,XRP,4,0,4,0,0
2023-10-06,ADA,1,0,1,0,0
2023-10-06,AVAX,8,0,8,0,0
2023-10-06,BTC,26,0,26,0,0
2023-10-06,ETH,14,0,14,0,0
2023-10-06,LINK,1,0,1,0,0
2023-10-06,MATIC,5,0,5,0,0
2023-10-06,SOL,7,0,7,0,0
2023-10-06,TERRA,1,0,1,0,0
2023-10-06,VECHAIN,1,0,1,0,0
2023-10-06,XRP,1,0,1,0,0
2023-10-07,AVAX,3,0,3,0,0
2023-10-07,BTC,6,0,6,0,0
2023-10-07,ETH,4,0,4,0,0
2023-10-07,SOL,2,0,2,0,0
2023-10-07,XRP,2,0,2,0,0
2023-10-08,ADA,1,0,1,0,0
2023-10-08,AVAX,1,0,1,0,0
2023-10-08,BTC,2,0,2,0,0
2023-10-08,ETH,2,0,2,0,0
2023-10-08,MATIC,1,0,1,0,0
2023-10-08,SOL,2,0,2,0,0
2023-10-08,XRP,1,0,1,0,0
2023-10-09,AVAX,1,0,1,0,0
2023-10-09,BTC,25,0,25,0,0
2023-10-09,DOGE,2,0,2,0,0
2023-10-09,DOT,1,0,1,0,0
2023-10-09,ETH,17,0,17,0,0
2023-10-09,LINK,1,0,1,0,0
2023-10-09,MATIC,4,0,4,0,0
2023-10-09,SOL,7,0,7,0,0
2023-10-09,TERRA,1,0,1,0,0
2023-10-09,UNI,3,0,3,0,0
2023-10-09,XRP,4,0,4,0,0
2023-10-10,ADA,2,0,2,0,0
2023-10-10,AVAX,2,0,2,0,0
2023-10-10,BTC,22,0,22,0,0
2023-10-10,DOGE,1,0,1,0,0
2023-10-10,ETH,15,0,15,0,0
2023-10-10,LINK,1,0,1,0,0
2023-10-10,MATIC,1,0,1,0,0
2023-10-10,SOL,6,0,6,0,0
2023-10-10,UNI,1,0,1,0,0
2023-10-10,XRP,1,0,1,0,0
2023-10-11,ADA,1,0,1,0,0
2023-10-11,AVAX,5,0,5,0,0
2023-10-11,BTC,28,0,28,0,0
2023-10-11,DOGE,2,0,2,0,0
2023-10-11,DOT,2,0,2,0,0
2023-10-11,ETH,18,0,18,0,0
2023-10-11,LINK,1,0,1,0,0
2023-10-11,LTC,2,0,2,0,0
2023-10-11,MATIC,6,0,6,0,0
2023-10-11,SHIBA,1,0,1,0,0
2023-10-11,SOL,7,0,7,0,0
2023-10-11,TERRA,2,0,2,0,0
2023-10-11,UNI,1,0,1,0,0
2023-10-11,XRP,3,0,3,0,0
2023-10-12,ADA,2,0,2,0,0
2023-10-12,AVAX,3,0,3,0,0
2023-10-12,BTC,31,0,31,0,0
2023-10-12,DOGE,1,0,1,0,0
2023-10-12,ETH,18,0,18,0,0
2023-10-12,LINK,1,0,1,0,0
2023-10-12,MATIC,4,0,4,0,0
2023-10-12,SOL,9,0,9,0,0
2023-10-12,TERRA,1,0,1,0,0
2023-10-12,UNI,1,0,1,0,0
2023-10-12,XRP,1,0,1,0,0
2023-10-13,ADA,2,0,2,0,0
2023-10-13,BTC,33,0,33,0,0
2023-10-13,DOGE,3,0,3,0,0
2023-10-13,ETH,20,0,20,0,0
2023-10-13,LTC,1,0,1,0,0
2023-10-13,MATIC,2,0,2,0,0
2023-10-13,SOL,11,0,11,0,0
2023-10-13,TERRA,4,0,4,0,0
2023-10-13,XRP,4,0,4,0,0
2023-10-14,AVAX,1,0,1,0,0
2023-10-14,BTC,5,0,5,0,0
2023-10-14,ETH,2,0,2,0,0
2023-10-14,MATIC,2,0,2,0,0
2023-10-14,SOL,2,0,2,0,0
2023-10-15,BTC,5,0,5,0,0
2023-10-15,DOGE,2,0,2,0,0
2023-10-15,DOT,1,0,1,0,0
2023-10-15,ETH,5,0,5,0,0
2023-10-15,MATIC,1,0,1,0,0
2023-10-15,SHIBA,1,0,1,0,0
2023-10-15,SOL,1,0,1,0,0
2023-10-15,UNI,1,0,1,0,0
2023-10-15,VECHAIN,1,0,1,0,0
2023-10-15,XRP,1,0,1,0,0
2023-10-16,ADA,1,0,1,0,0
2023-10-16,AVAX,1,0,1,0,0
2023-10-16,BNB,1,0,1,0,0
2023-10-16,BTC,33,0,33,0,0
2023-10-16,DOGE,1,0,1,0,0
2023-10-16,DOT,1,0,1,0,0
2023-10-16,ETH,18,0,18,0,0
2023-10-16,LINK,1,0,1,0,0
2023-10-16,LTC,1,0,1,0,0
2023-10-16,MATIC,5,0,5,0,0
2023-10-16,SOL,10,0,10,0,0
2023-10-16,UNI,2,0,2,0,0
2023-10-16,XRP,1,0,1,0,0
2023-10-17,ADA,2,0,2,0,0
2023-10-17,BTC,34,0,34,0,0
2023-10-17,DOGE,1,0,1,0,0
2023-10-17,DOT,1,0,1,0,0
2023-10-17,ETH,13,0,13,0,0
2023-10-17,LINK,1,0,1,0,0
2023-10-17,LTC,3,0,3,0,0
2023-10-17,MATIC,2,0,2,0,0
2023-10-17,SHIBA,1,0,1,0,0
2023-10-17,SOL,13,0,13,0,0
2023-10-17,TERRA,1,0,1,0,0
2023-10-17,UNI,2,0,2,0,0
2023-10-17,XRP,7,0,7,0,0
2023-10-18,ADA,1,0,1,0,0
2023-10-18,AVAX,2,0,2,0,0
2023-10-18,BTC,42,0,42,0,0
2023-10-18,DOGE,2,0,2,0,0
2023-10-18,DOT,2,0,2,0,0
2023-10-18,ETH,13,0,13,0,0
2023-10-18,LTC,4,0,4,0,0
2023-10-18,MATIC,4,0,4,0,0
2023-10-18,SHIBA,2,0,2,0,0
2023-10-18,SOL,5,0,5,0,0
2023-10-18,TERRA,1,0,1,0,0
2023-10-18,UNI,1,0,1,0,0
2023-10-18,XRP,4,0,4,0,0
2023-10-19,ADA,13,0,13,0,0
2023-10-19,AVAX,8,0,8,0,0
2023-10-19,BNB,2,0,2,0,0
2023-10-19,BTC,123,0,123,0,0
2023-10-19,DOGE,23,0,23,0,0
2023-10-19,DOT,2,0,2,0,0
2023-10-19,ETH,77,0,77,0,0
2023-10-19,LINK,1,0,1,0,0
2023-10-19,LTC,4,0,4,0,0
2023-10-19,MATIC,18,0,18,0,0
2023-10-19,SHIBA,21,0,21,0,0
2023-10-19,SOL,21,0,21,0,0
2023-10-19,TERRA,9,0,9,0,0
2023-10-19,UNI,25,0,25,0,0
2023-10-19,VECHAIN,1,0,1,0,0
2023-10-19,XRP,18,0,18,0,0
2023-10-20,ADA,3,0,3,0,0
2023-10-20,BTC,27,0,27,0,0
2023-10-20,DOGE,1,0,1,0,0
2023-10-20,ETH,15,0,15,0,0
2023-10-20,LINK,1,0,1,0,0
2023-10-20,MATIC,4,0,4,0,0
2023-10-20,SOL,8,0,8,0,0
2023-10-20,XRP,10,0,10,0,0
2023-10-21,BTC,2,0,2,0,0
2023-10-21,MATIC,1,0,1,0,0
2023-10-21,XRP,1,0,1,0,0
2023-10-22,BTC,3,0,3,0,0
2023-10-22,ETH,1,0,1,0,0
2023-10-22,TERRA,1,0,1,0,0
2023-10-22,XRP,1,0,1,0,0
2023-10-23,ADA,62,0,62,0,0
2023-10-23,AVAX,34,0,34,0,0
2023-10-23,BNB,12,0,12,0,0
2023-10-23,BTC,735,0,735,0,0
2023-10-23,DOGE,73,0,73,0,0
2023-10-23,DOT,15,0,15,0,0
2023-10-23,ETH,475,0,475,0,0
2023-10-23,LINK,13,0,13,0,0
2023-10-23,LTC,26,0,26,0,0
2023-10-23,MATIC,113,0,113,0,0
2023-10-23,SHIBA,71,0,71,0,0
2023-10-23,SOL,102,0,102,0,0
2023-10-23,TERRA,69,0,69,0,0
2023-10-23,UNI,88,0,88,0,0
2023-10-23,VECHAIN,2,0,2,0,0
2023-10-23,XRP,89,0,89,0,0
2023-10-24,ADA,2,0,2,0,0
2023-10-24,BTC,67,0,67,0,0
2023-10-24,DOGE,1,0,1,0,0
2023-10-24,ETH,19,0,19,0,0
2023-10-24,LTC,2,0,2,0,0
2023-10-24,MATIC,1,0,1,0,0
2023-10-24,SOL,10,0,10,0,0
2023-10-24,TERRA,5,0,5,0,0
2023-10-24,UNI,1,0,1,0,0
2023-10-24,XRP,6,0,6,0,0
2023-10-25,ADA,6,0,6,0,0
2023-10-25,AVAX,4,0,4,0,0
2023-10-25,BTC,56,0,56,0,0
2023-10-25,DOGE,1,0,1,0,0
2023-10-25,DOT,2,0,2,0,0
2023-10-25,ETH,32,0,32,0,0
2023-10-25,LINK,4,0,4,0,0
2023-10-25,LTC,2,0,2,0,0
2023-10-25,MATIC,7,0,7,0,0
2023-10-25,SOL,16,0,16,0,0
2023-10-25,TERRA,3,0,3,0,0
2023-10-25,UNI,2,0,2,0,0
2023-10-25,XRP,3,0,3,0,0
2023-10-26,ADA,3,0,3,0,0
2023-10-26,AVAX,1,0,1,0,0
2023-10-26,BTC,43,0,43,0,0
2023-10-26,DOGE,5,0,5,0,0
2023-10-26,DOT,1,0,1,0,0
2023-10-26,ETH,22,0,22,0,0
2023-10-26,LINK,3,0,3,0,0
2023-10-26,LTC,1,0,1,0,0
2023-10-26,MATIC,4,0,4,0,0
2023-10-26,SHIBA,4,0,4,0,0
2023-10-26,SOL,13,0,13,0,0
2023-10-26,TERRA,4,0,4,0,0
2023-10-26,UNI,1,0,1,0,0
2023-10-26,XRP,5,0,5,0,0
2023-10-27,ADA,3,0,3,0,0
2023-10-27,AVAX,2,0,2,0,0
2023-10-27,BTC,35,0,35,0,0
2023-10-27,DOGE,2,0,2,0,0
2023-10-27,DOT,1,0,1,0,0
2023-10-27,ETH,19,0,19,0,0
2023-10-27,LINK,1,0,1,0,0
2023-10-27,MATIC,4,0,4,0,0
2023-10-27,SOL,10,0,10,0,0
2023-10-27,VECHAIN,1,0,1,0,0
2023-10-27,XRP,2,0,2,0,0
2023-10-28,AVAX,2,0,2,0,0
2023-10-28,BTC,3,0,3,0,0
2023-10-28,ETH,1,0,1,0,0
2023-10-29,BTC,1,0,1,0,0
2023-10-29,XRP,1,0,1,0,0
2023-10-30,AVAX,2,0,2,0,0
2023-10-30,BTC,39,0,39,0,0
2023-10-30,DOGE,1,0,1,0,0
2023-10-30,ETH,11,0,11,0,0
2023-10-30,MATIC,4,0,4,0,0
2023-10-30,SOL,9,0,9,0,0
2023-10-30,UNI,1,0,1,0,0
2023-10-30,XRP,3,0,3,0,0
2023-10-31,ADA,1,0,1,0,0
2023-10-31,AVAX,1,0,1,0,0
2023-10-31,BTC,33,0,33,0,0
2023-10-31,DOGE,2,0,2,0,0
2023-10-31,ETH,13,0,13,0,0
2023-10-31,LINK,1,0,1,0,0
2023-10-31,LTC,1,0,1,0,0
2023-10-31,MATIC,2,0,2,0,0
2023-10-31,SOL,13,0,13,0,0
2023-10-31,TERRA,5,0,5,0,0
2023-10-31,UNI,3,0,3,0,0
2023-10-31,XRP,5,0,5,0,0
2023-11-01,AVAX,3,0,3,0,0
2023-11-01,BTC,40,0,40,0,0
2023-11-01,DOGE,1,0,1,0,0
2023-11-01,DOT,1,0,1,0,0
2023-11-01,ETH,16,0,16,0,0
2023-11-01,LINK,1,0,1,0,0
2023-11-01,MATIC,5,0,5,0,0
2023-11-01,SOL,16,0,16,0,0
2023-11-01,TERRA,2,0,2,0,0
2023-11-01,UNI,2,0,2,0,0
2023-11-01,XRP,5,0,5,0,0
2023-11-02,ADA,4,0,4,0,0
2023-11-02,AVAX,2,0,2,0,0
2023-11-02,BTC,63,0,63,0,0
2023-11-02,DOGE,4,0,4,0,0
2023-11-02,ETH,22,0,22,0,0
2023-11-02,LINK,2,0,2,0,0
2023-11-02,LTC,2,0,2,0,0
2023-11-02,MATIC,4,0,4,0,0
2023-11-02,SOL,14,0,14,0,0
2023-11-02,TERRA,3,0,3,0,0
2023-11-02,UNI,2,0,2,0,0
2023-11-02,XRP,5,0,5,0,0
2023-11-03,ADA,2,0,2,0,0
2023-11-03,AVAX,2,0,2,0,0
2023-11-03,BTC,41,0,41,0,0
2023-11-03,DOGE,1,0,1,0,0
2023-11-03,DOT,1,0,1,0,0
2023-11-03,ETH,16,0,16,0,0
2023-11-03,MATIC,3,0,3,0,0
2023-11-03,SOL,15,0,15,0,0
2023-11-03,TERRA,3,0,3,0,0
2023-11-03,UNI,1,0,1,0,0
2023-11-03,XRP,5,0,5,0,0
2023-11-04,ADA,1,0,1,0,0
2023-11-04,BTC,2,0,2,0,0
2023-11-04,ETH,2,0,2,0,0
2023-11-04,MATIC,1,0,1,0,0
2023-11-04,SOL,3,0,3,0,0
2023-11-05,BTC,1,0,1,0,0
2023-11-05,ETH,1,0,1,0,0
2023-11-05,MATIC,1,0,1,0,0
2023-11-06,ADA,3,0,3,0,0
2023-11-06,AVAX,5,0,5,0,0
2023-11-06,BNB,1,0,1,0,0
2023-11-06,BTC,42,0,42,0,0
2023-11-06,DOGE,5,0,5,0,0
2023-11-06,ETH,19,0,19,0,0
2023-11-06,LINK,4,0,4,0,0
2023-11-06,LTC,1,0,1,0,0
2023-11-06,MATIC,5,0,5,0,0
2023-11-06,SHIBA,2,0,2,0,0
2023-11-06,SOL,9,0,9,0,0
2023-11-06,TERRA,3,0,3,0,0
2023-11-06,UNI,3,0,3,0,0
2023-11-06,XRP,9,0,9,0,0
2023-11-07,ADA,5,0,5,0,0
2023-11-07,AVAX,2,0,2,0,0
2023-11-07,BTC,49,0,49,0,0
2023-11-07,DOGE,7,0,7,0,0
2023-11-07,ETH,23,0,23,0,0
2023-11-07,LINK,2,0,2,0,0
2023-11-07,LTC,1,0,1,0,0
2023-11-07,MATIC,7,0,7,0,0
2023-11-07,SHIBA,2,0,2,0,0
2023-11-07,SOL,13,0,13,0,0
2023-11-07,TERRA,2,0,2,0,0
2023-11-07,UNI,1,0,1,0,0
2023-11-07,XRP,6,0,6,0,0
2023-11-08,ADA,1,0,1,0,0
2023-11-08,AVAX,3,0,3,0,0
2023-11-08,BTC,40,0,40,0,0
2023-11-08,DOGE,2,0,2,0,0
2023-11-08,ETH,29,0,29,0,0
2023-11-08,LINK,7,0,7,0,0
2023-11-08,MATIC,8,0,8,0,0
2023-11-08,SOL,11,0,11,0,0
2023-11-08,TERRA,3,0,3,0,0
2023-11-08,UNI,2,0,2,0,0
2023-11-08,XRP,10,0,10,0,0
2023-11-09,ADA,4,0,4,0,0
2023-11-09,AVAX,3,0,3,0,0
2023-11-09,BTC,60,0,60,0,0
2023-11-09,DOGE,2,0,2,0,0
2023-11-09,DOT,1,0,1,0,0
2023-11-09,ETH,28,0,28,0,0
2023-11-09,LINK,1,0,1,0,0
2023-11-09,LTC,2,0,2,0,0
2023-11-09,MATIC,8,0,8,0,0
2023-11-09,SOL,10,0,10,0,0
2023-11-09,TERRA,1,0,1,0,0
2023-11-09,UNI,1,0,1,0,0
2023-11-09,XRP,3,0,3,0,0
2023-11-10,ADA,1,0,1,0,0
2023-11-10,AVAX,1,0,1,0,0
2023-11-10,BTC,43,0,43,0,0
2023-11-10,DOGE,1,0,1,0,0
2023-11-10,ETH,24,0,24,0,0
2023-11-10,MATIC,2,0,2,0,0
2023-11-10,SOL,7,0,7,0,0
2023-11-10,TERRA,6,0,6,0,0
2023-11-10,UNI,2,0,2,0,0
2023-11-10,XRP,3,0,3,0,0
2023-11-11,BTC,4,0,4,0,0
2023-11-11,ETH,4,0,4,0,0
2023-11-12,BTC,2,0,2,0,0
2023-11-12,ETH,2,0,2,0,0
2023-11-12,MATIC,1,0,1,0,0
2023-11-12,SOL,1,0,1,0,0
2023-11-13,ADA,1,0,1,0,0
2023-11-13,AVAX,1,0,1,0,0
2023-11-13,BTC,41,0,41,0,0
2023-11-13,DOGE,2,0,2,0,0
2023-11-13,DOT,1,0,1,0,0
2023-11-13,ETH,20,0,20,0,0
2023-11-13,MATIC,8,0,8,0,0
2023-11-13,SOL,9,0,9,0,0
2023-11-13,TERRA,3,0,3,0,0
2023-11-13,UNI,6,0,6,0,0
2023-11-13,XRP,5,0,5,0,0
2023-11-14,BTC,37,0,37,0,0
2023-11-14,DOGE,1,0,1,0,0
2023-11-14,DOT,1,0,1,0,0
2023-11-14,ETH,27,0,27,0,0
2023-11-14,LINK,1,0,1,0,0
2023-11-14,LTC,2,0,2,0,0
2023-11-14,MATIC,7,0,7,0,0
2023-11-14,SHIBA,1,0,1,0,0
2023-11-14,SOL,8,0,8,0,0
2023-11-14,TERRA,1,0,1,0,0
2023-11-14,UNI,1,0,1,0,0
2023-11-14,XRP,6,0,6,0,0
2023-11-15,ADA,2,0,2,0,0
2023-11-15,AVAX,5,0,5,0,0
2023-11-15,BTC,48,0,48,0,0
2023-11-15,DOGE,3,0,3,0,0
2023-11-15,DOT,2,0,2,0,0
2023-11-15,ETH,34,0,34,0,0
2023-11-15,LINK,2,0,2,0,0
2023-11-15,LTC,1,0,1,0,0
2023-11-15,MATIC,11,0,11,0,0
2023-11-15,SHIBA,3,0,3,0,0
2023-11-15,SOL,21,0,21,0,0
2023-11-15,TERRA,2,0,2,0,0
2023-11-15,UNI,3,0,3,0,0
2023-11-15,XRP,1,0,1,0,0
2023-11-16,ADA,2,0,2,0,0
2023-11-16,AVAX,5,0,5,0,0
2023-11-16,BTC,48,0,48,0,0
2023-11-16,DOGE,5,0,5,0,0
2023-11-16,ETH,22,0,22,0,0
2023-11-16,LINK,2,0,2,0,0
2023-11-16,LTC,1,0,1,0,0
2023-11-16,MATIC,6,0,6,0,0
2023-11-16,SOL,8,0,8,0,0
2023-11-16,TERRA,4,0,4,0,0
2023-11-16,UNI,1,0,1,0,0
2023-11-16,XRP,3,0,3,0,0
2023-11-17,ADA,1,0,1,0,0
2023-11-17,AVAX,9,0,9,0,0
2023-11-17,BNB,1,0,1,0,0
2023-11-17,BTC,44,0,44,0,0
2023-11-17,DOGE,4,0,4,0,0
2023-11-17,ETH,33,0,33,0,0
2023-11-17,LINK,1,0,1,0,0
2023-11-17,LTC,1,0,1,0,0
2023-11-17,MATIC,3,0,3,0,0
2023-11-17,SOL,11,0,11,0,0
2023-11-17,TERRA,1,0,1,0,0
2023-11-17,UNI,1,0,1,0,0
2023-11-17,XRP,8,0,8,0,0
2023-11-18,BTC,2,0,2,0,0
2023-11-18,ETH,6,0,6,0,0
2023-11-18,MATIC,1,0,1,0,0
2023-11-18,SOL,1,0,1,0,0
2023-11-19,AVAX,1,0,1,0,0
2023-11-19,ETH,4,0,4,0,0
2023-11-19,SOL,1,0,1,0,0
2023-11-20,ADA,2,0,2,0,0
2023-11-20,AVAX,5,0,5,0,0
2023-11-20,BTC,44,0,44,0,0
2023-11-20,DOGE,1,0,1,0,0
2023-11-20,ETH,20,0,20,0,0
2023-11-20,LINK,2,0,2,0,0
2023-11-20,LTC,1,0,1,0,0
2023-11-20,MATIC,5,0,5,0,0
2023-11-20,SOL,11,0,11,0,0
2023-11-20,TERRA,1,0,1,0,0
2023-11-21,ADA,2,0,2,0,0
2023-11-21,AVAX,3,0,3,0,0
2023-11-21,BNB,2,0,2,0,0
2023-11-21,BTC,34,0,34,0,0
2023-11-21,DOGE,3,0,3,0,0
2023-11-21,DOT,1,0,1,0,0
2023-11-21,ETH,19,0,19,0,0
2023-11-21,LTC,2,0,2,0,0
2023-11-21,MATIC,3,0,3,0,0
2023-11-21,SOL,11,0,11,0,0
2023-11-21,TERRA,4,0,4,0,0
2023-11-21,UNI,2,0,2,0,0
2023-11-21,XRP,1,0,1,0,0
2023-11-22,ADA,2,0,2,0,0
2023-11-22,AVAX,3,0,3,0,0
2023-11-22,BNB,1,0,1,0,0
2023-11-22,BTC,42,0,42,0,0
2023-11-22,DOGE,2,0,2,0,0
2023-11-22,DOT,2,0,2,0,0
2023-11-22,ETH,24,0,24,0,0
2023-11-22,LINK,2,0,2,0,0
2023-11-22,MATIC,5,0,5,0,0
2023-11-22,SOL,12,0,12,0,0
2023-11-22,TERRA,1,0,1,0,0
2023-11-22,UNI,3,0,3,0,0
2023-11-22,VECHAIN,1,0,1,0,0
2023-11-22,XRP,2,0,2,0,0
2023-11-23,ADA,3,0,3,0,0
2023-11-23,AVAX,2,0,2,0,0
2023-11-23,BTC,33,0,33,0,0
2023-11-23,DOGE,1,0,1,0,0
2023-11-23,ETH,27,0,27,0,0
2023-11-23,LINK,1,0,1,0,0
2023-11-23,MATIC,7,0,7,0,0
2023-11-23,SHIBA,1,0,1,0,0
2023-11-23,SOL,8,0,8,0,0
2023-11-23,TERRA,3,0,3,0,0
2023-11-23,UNI,3,0,3,0,0
2023-11-23,XRP,4,0,4,0,0
2023-11-24,AVAX,1,0,1,0,0
2023-11-24,BTC,31,0,31,0,0
2023-11-24,DOGE,1,0,1,0,0
2023-11-24,ETH,18,0,18,0,0
2023-11-24,MATIC,5,0,5,0,0
2023-11-24,SOL,1,0,1,0,0
2023-11-24,TERRA,8,0,8,0,0
2023-11-24,UNI,2,0,2,0,0
2023-11-24,XRP,2,0,2,0,0
2023-11-25,BTC,3,0,3,0,0
2023-11-25,DOGE,1,0,1,0,0
2023-11-25,ETH,3,0,3,0,0
2023-11-25,SOL,1,0,1,0,0
2023-11-25,TERRA,1,0,1,0,0
2023-11-26,BTC,3,0,3,0,0
2023-11-26,ETH,3,0,3,0,0
2023-11-26,SOL,2,0,2,0,0
2023-11-27,ADA,1,0,1,0,0
2023-11-27,AVAX,2,0,2,0,0
2023-11-27,BNB,1,0,1,0,0
2023-11-27,BTC,31,0,31,0,0
2023-11-27,DOGE,1,0,1,0,0
2023-11-27,DOT,2,0,2,0,0
2023-11-27,ETH,16,0,16,0,0
2023-11-27,LINK,2,0,2,0,0
2023-11-27,MATIC,6,0,6,0,0
2023-11-27,SOL,5,0,5,0,0
2023-11-27,TERRA,4,0,4,0,0
2023-11-27,UNI,2,0,2,0,0
2023-11-27,XRP,5,0,5,0,0
2023-11-28,ADA,1,0,1,0,0
2023-11-28,AVAX,1,0,1,0,0
2023-11-28,BTC,33,0,33,0,0
2023-11-28,DOGE,2,0,2,0,0
2023-11-28,ETH,14,0,14,0,0
2023-11-28,LINK,1,0,1,0,0
2023-11-28,MATIC,1,0,1,0,0
2023-11-28,SHIBA,1,0,1,0,0
2023-11-28,SOL,7,0,7,0,0
2023-11-28,TERRA,2,0,2,0,0
2023-11-28,UNI,1,0,1,0,0
2023-11-28,XRP,2,0,2,0,0
2023-11-29,ADA,3,0,3,0,0
2023-11-29,AVAX,8,0,8,0,0
2023-11-29,BNB,1,0,1,0,0
2023-11-29,BTC,43,0,43,0,0
2023-11-29,DOGE,3,0,3,0,0
2023-11-29,ETH,15,0,15,0,0
2023-11-29,LINK,1,0,1,0,0
2023-11-29,MATIC,6,0,6,0,0
2023-11-29,SOL,14,0,14,0,0
2023-11-29,TERRA,3,0,3,0,0
2023-11-29,UNI,1,0,1,0,0
2023-11-29,XRP,2,0,2,0,0
2023-11-30,ADA,1,0,1,0,0
2023-11-30,AVAX,1,0,1,0,0
2023-11-30,BNB,1,0,1,0,0
2023-11-30,BTC,46,0,46,0,0
2023-11-30,DOGE,1,0,1,0,0
2023-11-30,DOT,1,0,1,0,0
2023-11-30,ETH,20,0,20,0,0
2023-11-30,LTC,1,0,1,0,0
2023-11-30,MATIC,4,0,4,0,0
2023-11-30,SHIBA,1,0,1,0,0
2023-11-30,SOL,9,0,9,0,0
2023-11-30,TERRA,3,0,3,0,0
2023-11-30,UNI,2,0,2,0,0
2023-11-30,XRP,1,0,1,0,0
2023-12-01,ADA,1,0,1,0,0
2023-12-01,AVAX,2,0,2,0,0
2023-12-01,BTC,41,0,41,0,0
2023-12-01,DOGE,3,0,3,0,0
2023-12-01,ETH,14,0,14,0,0
2023-12-01,MATIC,6,0,6,0,0
2023-12-01,SOL,10,0,10,0,0
2023-12-01,TERRA,2,0,2,0,0
2023-12-01,UNI,3,0,3,0,0
2023-12-01,XRP,1,0,1,0,0
2023-12-02,BTC,4,0,4,0,0
2023-12-02,DOGE,1,0,1,0,0
2023-12-02,ETH,3,0,3,0,0
2023-12-02,SOL,1,0,1,0,0
2023-12-02,UNI,1,0,1,0,0
2023-12-03,BTC,4,0,4,0,0
2023-12-03,MATIC,1,0,1,0,0
2023-12-03,SOL,2,0,2,0,0
2023-12-03,TERRA,1,0,1,0,0
2023-12-04,ADA,1,0,1,0,0
2023-12-04,AVAX,1,0,1,0,0
2023-12-04,BTC,77,0,77,0,0
2023-12-04,DOGE,3,0,3,0,0
2023-12-04,DOT,1,0,1,0,0
2023-12-04,ETH,84,0,84,0,0
2023-12-04,LINK,2,0,2,0,0
2023-12-04,LTC,1,0,1,0,0
2023-12-04,MATIC,6,0,6,0,0
2023-12-04,SHIBA,1,0,1,0,0
2023-12-04,SOL,16,0,16,0,0
2023-12-04,TERRA,9,0,9,0,0
2023-12-04,UNI,4,0,4,0,0
2023-12-04,XRP,10,0,10,0,0
2023-12-05,ADA,2,0,2,0,0
2023-12-05,AVAX,3,0,3,0,0
2023-12-05,BTC,43,0,43,0,0
2023-12-05,DOGE,5,0,5,0,0
2023-12-05,ETH,17,0,17,0,0
2023-12-05,LINK,2,0,2,0,0
2023-12-05,MATIC,4,0,4,0,0
2023-12-05,SHIBA,2,0,2,0,0
2023-12-05,SOL,11,0,11,0,0
2023-12-05,TERRA,4,0,4,0,0
2023-12-05,XRP,6,0,6,0,0
2023-12-06,AVAX,4,0,4,0,0
2023-12-06,BTC,54,0,54,0,0
2023-12-06,DOGE,6,0,6,0,0
2023-12-06,ETH,23,0,23,0,0
2023-12-06,LINK,1,0,1,0,0
2023-12-06,LTC,1,0,1,0,0
2023-12-06,MATIC,5,0,5,0,0
2023-12-06,SHIBA,2,0,2,0,0
2023-12-06,SOL,11,0,11,0,0
2023-12-06,TERRA,2,0,2,0,0
2023-12-06,XRP,1,0,1,0,0
2023-12-07,ADA,1,0,1,0,0
2023-12-07,AVAX,3,0,3,0,0
2023-12-07,BNB,1,0,1,0,0
2023-12-07,BTC,46,0,46,0,0
2023-12-07,DOGE,2,0,2,0,0
2023-12-07,DOT,1,0,1,0,0
2023-12-07,ETH,17,0,17,0,0
2023-12-07,LINK,1,0,1,0,0
2023-12-07,MATIC,7,0,7,0,0
2023-12-07,SOL,18,0,18,0,0
2023-12-07,TERRA,6,0,6,0,0
2023-12-07,UNI,1,0,1,0,0
2023-12-08,ADA,1,0,1,0,0
2023-12-08,AVAX,1,0,1,0,0
2023-12-08,BTC,36,0,36,0,0
2023-12-08,DOGE,1,0,1,0,0
2023-12-08,DOT,1,0,1,0,0
2023-12-08,ETH,15,0,15,0,0
2023-12-08,LINK,1,0,1,0,0
2023-12-08,MATIC,1,0,1,0,0
2023-12-08,SOL,13,0,13,0,0
2023-12-08,TERRA,1,0,1,0,0
2023-12-08,UNI,3,0,3,0,0
2023-12-08,XRP,2,0,2,0,0
2023-12-09,BTC,3,0,3,0,0
2023-12-09,DOGE,1,0,1,0,0
2023-12-09,ETH,3,0,3,0,0
2023-12-09,MATIC,1,0,1,0,0
2023-12-09,SOL,3,0,3,0,0
2023-12-10,BTC,3,0,3,0,0
2023-12-10,ETH,1,0,1,0,0
2023-12-10,SOL,2,0,2,0,0
2023-12-11,ADA,3,0,3,0,0
2023-12-11,AVAX,4,0,4,0,0
2023-12-11,BTC,39,0,39,0,0
2023-12-11,DOGE,2,0,2,0,0
2023-12-11,DOT,3,0,3,0,0
2023-12-11,ETH,23,0,23,0,0
2023-12-11,LINK,1,0,1,0,0
2023-12-11,LTC,1,0,1,0,0
2023-12-11,MATIC,8,0,8,0,0
2023-12-11,SOL,9,0,9,0,0
2023-12-11,TERRA,1,0,1,0,0
2023-12-11,UNI,3,0,3,0,0
2023-12-11,XRP,4,0,4,0,0
2023-12-12,ADA,2,0,2,0,0
2023-12-12,AVAX,8,0,8,0,0
2023-12-12,BTC,31,0,31,0,0
2023-12-12,DOGE,4,0,4,0,0
2023-12-12,DOT,1,0,1,0,0
2023-12-12,ETH,20,0,20,0,0
2023-12-12,LINK,1,0,1,0,0
2023-12-12,MATIC,8,0,8,0,0
2023-12-12,SHIBA,1,0,1,0,0
2023-12-12,SOL,10,0,10,0,0
2023-12-12,TERRA,4,0,4,0,0
2023-12-12,UNI,1,0,1,0,0
2023-12-12,XRP,3,0,3,0,0
2023-12-13,ADA,2,0,2,0,0
2023-12-13,AVAX,5,0,5,0,0
2023-12-13,BTC,48,0,48,0,0
2023-12-13,ETH,19,0,19,0,0
2023-12-13,LINK,1,0,1,0,0
2023-12-13,MATIC,5,0,5,0,0
2023-12-13,SOL,9,0,9,0,0
2023-12-13,TERRA,3,0,3,0,0
2023-12-13,UNI,1,0,1,0,0
2023-12-13,XRP,1,0,1,0,0
2023-12-14,ADA,3,0,3,0,0
2023-12-14,AVAX,2,0,2,0,0
2023-12-14,BTC,35,0,35,0,0
2023-12-14,DOGE,5,0,5,0,0
2023-12-14,DOT,1,0,1,0,0
2023-12-14,ETH,32,0,32,0,0
2023-12-14,LINK,1,0,1,0,0
2023-12-14,MATIC,7,0,7,0,0
2023-12-14,SHIBA,3,0,3,0,0
2023-12-14,SOL,20,0,20,0,0
2023-12-14,UNI,3,0,3,0,0
2023-12-14,XRP,2,0,2,0,0
2023-12-15,AVAX,3,0,3,0,0
2023-12-15,BTC,25,0,25,0,0
2023-12-15,DOGE,5,0,5,0,0
2023-12-15,DOT,1,0,1,0,0
2023-12-15,ETH,13,0,13,0,0
2023-12-15,LTC,1,0,1,0,0
2023-12-15,MATIC,7,0,7,0,0
2023-12-15,SHIBA,2,0,2,0,0
2023-12-15,SOL,12,0,12,0,0
2023-12-15,XRP,2,0,2,0,0
2023-12-16,AVAX,1,0,1,0,0
2023-12-16,BTC,3,0,3,0,0
2023-12-16,DOGE,1,0,1,0,0
2023-12-16,ETH,1,0,1,0,0
2023-12-16,SOL,1,0,1,0,0
2023-12-17,AVAX,1,0,1,0,0
2023-12-17,BTC,5,0,5,0,0
2023-12-17,ETH,3,0,3,0,0
2023-12-17,SOL,3,0,3,0,0
2023-12-18,ADA,4,0,4,0,0
2023-12-18,AVAX,4,0,4,0,0
2023-12-18,BTC,34,0,34,0,0
2023-12-18,DOGE,1,0,1,0,0
2023-12-18,DOT,2,0,2,0,0
2023-12-18,ETH,20,0,20,0,0
2023-12-18,MATIC,2,0,2,0,0
2023-12-18,SOL,19,0,19,0,0
2023-12-18,UNI,3,0,3,0,0
2023-12-18,XRP,10,0,10,0,0
2023-12-19,ADA,1,0,1,0,0
2023-12-19,AVAX,3,0,3,0,0
2023-12-19,BTC,52,0,52,0,0
2023-12-19,DOT,1,0,1,0,0
2023-12-19,ETH,25,0,25,0,0
2023-12-19,MATIC,5,0,5,0,0
2023-12-19,SHIBA,1,0,1,0,0
2023-12-19,SOL,16,0,16,0,0
2023-12-19,TERRA,6,0,6,0,0
2023-12-19,UNI,1,0,1,0,0
2023-12-19,XRP,5,0,5,0,0
2023-12-20,ADA,3,0,3,0,0
2023-12-20,AVAX,7,0,7,0,0
2023-12-20,BNB,2,0,2,0,0
2023-12-20,BTC,33,0,33,0,0
2023-12-20,DOGE,1,0,1,0,0
2023-12-20,ETH,22,0,22,0,0
2023-12-20,LTC,1,0,1,0,0
2023-12-20,MATIC,7,0,7,0,0
2023-12-20,SHIBA,1,0,1,0,0
2023-12-20,SOL,14,0,14,0,0
2023-12-20,TERRA,3,0,3,0,0
2023-12-20,UNI,1,0,1,0,0
2023-12-20,XRP,6,0,6,0,0
2023-12-21,ADA,2,0,2,0,0
2023-12-21,AVAX,3,0,3,0,0
2023-12-21,BTC,34,0,34,0,0
2023-12-21,DOGE,1,0,1,0,0
2023-12-21,ETH,17,0,17,0,0
2023-12-21,LINK,1,0,1,0,0
2023-12-21,LTC,1,0,1,0,0
2023-12-21,MATIC,3,0,3,0,0
2023-12-21,SOL,13,0,13,0,0
2023-12-21,TERRA,6,0,6,0,0
2023-12-21,XRP,1,0,1,0,0
2023-12-22,ADA,1,0,1,0,0
2023-12-22,AVAX,2,0,2,0,0
2023-12-22,BNB,1,0,1,0,0
2023-12-22,BTC,23,0,23,0,0
2023-12-22,DOGE,3,0,3,0,0
2023-12-22,ETH,13,0,13,0,0
2023-12-22,MATIC,5,0,5,0,0
2023-12-22,SHIBA,1,0,1,0,0
2023-12-22,SOL,13,0,13,0,0
2023-12-22,TERRA,3,0,3,0,0
2023-12-22,UNI,2,0,2,0,0
2023-12-22,XRP,4,0,4,0,0
2023-12-23,BTC,4,0,4,0,0
2023-12-23,ETH,4,0,4,0,0
2023-12-23,MATIC,1,0,1,0,0
2023-12-23,SOL,3,0,3,0,0
2023-12-23,TERRA,1,0,1,0,0
2023-12-23,UNI,1,0,1,0,0
2023-12-23,XRP,1,0,1,0,0
2023-12-24,BTC,5,0,5,0,0
2023-12-24,ETH,3,0,3,0,0
2023-12-24,MATIC,1,0,1,0,0
2023-12-24,SOL,2,0,2,0,0
2023-12-25,AVAX,2,0,2,0,0
2023-12-25,BTC,11,0,11,0,0
2023-12-25,ETH,6,0,6,0,0
2023-12-25,LTC,1,0,1,0,0
2023-12-25,MATIC,1,0,1,0,0
2023-12-25,SHIBA,1,0,1,0,0
2023-12-25,SOL,1,0,1,0,0
2023-12-25,UNI,1,0,1,0,0
2023-12-25,XRP,2,0,2,0,0
2023-12-26,ADA,2,0,2,0,0
2023-12-26,BNB,2,0,2,0,0
2023-12-26,BTC,20,0,20,0,0
2023-12-26,DOGE,1,0,1,0,0
2023-12-26,ETH,11,0,11,0,0
2023-12-26,LINK,1,0,1,0,0
2023-12-26,MATIC,4,0,4,0,0
2023-12-26,SHIBA,1,0,1,0,0
2023-12-26,SOL,8,0,8,0,0
2023-12-26,UNI,1,0,1,0,0
2023-12-26,XRP,3,0,3,0,0
2023-12-27,ADA,1,0,1,0,0
2023-12-27,AVAX,2,0,2,0,0
2023-12-27,BTC,26,0,26,0,0
2023-12-27,ETH,10,0,10,0,0
2023-12-27,LTC,1,0,1,0,0
2023-12-27,MATIC,3,0,3,0,0
2023-12-27,SOL,11,0,11,0,0
2023-12-27,TERRA,1,0,1,0,0
2023-12-27,UNI,1,0,1,0,0
2023-12-27,XRP,1,0,1,0,0
2023-12-28,ADA,1,0,1,0,0
2023-12-28,AVAX,3,0,3,0,0
2023-12-28,BTC,30,0,30,0,0
2023-12-28,DOGE,2,0,2,0,0
2023-12-28,ETH,12,0,12,0,0
2023-12-28,LINK,1,0,1,0,0
2023-12-28,LTC,2,0,2,0,0
2023-12-28,MATIC,1,0,1,0,0
2023-12-28,SOL,9,0,9,0,0
2023-12-28,TERRA,2,0,2,0,0
2023-12-28,XRP,2,0,2,0,0
2023-12-29,ADA,1,0,1,0,0
2023-12-29,AVAX,6,0,6,0,0
2023-12-29,BTC,34,0,34,0,0
2023-12-29,DOGE,2,0,2,0,0
2023-12-29,ETH,10,0,10,0,0
2023-12-29,MATIC,1,0,1,0,0
2023-12-29,SHIBA,1,0,1,0,0
2023-12-29,SOL,6,0,6,0,0
2023-12-29,TERRA,1,0,1,0,0
2023-12-29,XRP,1,0,1,0,0
2023-12-30,AVAX,1,0,1,0,0
2023-12-30,BTC,9,0,9,0,0
2023-12-30,ETH,2,0,2,0,0
2023-12-30,MATIC,2,0,2,0,0
2023-12-30,SOL,2,0,2,0,0
2023-12-30,TERRA,1,0,1,0,0
2023-12-30,XRP,2,0,2,0,0
2023-12-31,BTC,5,0,5,0,0
2023-12-31,ETH,5,0,5,0,0
2023-12-31,SOL,5,0,5,0,0
2023-12-31,TERRA,1,0,1,0,0
2024-01-01,ADA,1,0,1,0,0
2024-01-01,BTC,8,0,8,0,0
2024-01-01,ETH,6,0,6,0,0
2024-01-01,MATIC,1,0,1,0,0
2024-01-01,SOL,2,0,2,0,0
2024-01-01,XRP,2,0,2,0,0
2024-01-02,AVAX,4,0,4,0,0
2024-01-02,BTC,35,0,35,0,0
2024-01-02,ETH,19,0,19,0,0
2024-01-02,SOL,12,0,12,0,0
2024-01-02,UNI,1,0,1,0,0
2024-01-03,ADA,2,0,2,0,0
2024-01-03,AVAX,3,0,3,0,0
2024-01-03,BNB,1,0,1,0,0
2024-01-03,BTC,50,0,50,0,0
2024-01-03,DOT,1,0,1,0,0
2024-01-03,ETH,11,0,11,0,0
2024-01-03,MATIC,2,0,2,0,0
2024-01-03,SOL,12,0,12,0,0
2024-01-03,UNI,1,0,1,0,0
2024-01-03,XRP,2,0,2,0,0
2024-01-04,ADA,4,0,4,0,0
2024-01-04,AVAX,3,0,3,0,0
2024-01-04,BNB,2,0,2,0,0
2024-01-04,BTC,41,0,41,0,0
2024-01-04,DOGE,2,0,2,0,0
2024-01-04,ETH,12,0,12,0,0
2024-01-04,MATIC,2,0,2,0,0
2024-01-04,SHIBA,1,0,1,0,0
2024-01-04,SOL,8,0,8,0,0
2024-01-04,TERRA,1,0,1,0,0
2024-01-04,UNI,2,0,2,0,0
2024-01-05,ADA,1,0,1,0,0
2024-01-05,AVAX,2,0,2,0,0
2024-01-05,BTC,38,0,38,0,0
2024-01-05,ETH,13,0,13,0,0
2024-01-05,MATIC,5,0,5,0,0
2024-01-05,SOL,5,0,5,0,0
2024-01-05,TERRA,3,0,3,0,0
2024-01-05,UNI,1,0,1,0,0
2024-01-05,XRP,2,0,2,0,0
2024-01-06,BTC,4,0,4,0,0
2024-01-06,ETH,2,0,2,0,0
2024-01-06,SOL,1,0,1,0,0
2024-01-07,BTC,4,0,4,0,0
2024-01-07,SOL,1,0,1,0,0
2024-01-08,ADA,2,0,2,0,0
2024-01-08,AVAX,3,0,3,0,0
2024-01-08,BNB,1,0,1,0,0
2024-01-08,BTC,44,0,44,0,0
2024-01-08,ETH,12,0,12,0,0
2024-01-08,SOL,7,0,7,0,0
2024-01-08,TERRA,2,0,2,0,0
2024-01-08,UNI,1,0,1,0,0
2024-01-08,XRP,4,0,4,0,0
2024-01-09,BTC,44,0,44,0,0
2024-01-09,DOGE,2,0,2,0,0
2024-01-09,ETH,11,0,11,0,0
2024-01-09,MATIC,3,0,3,0,0
2024-01-09,SOL,5,0,5,0,0
2024-01-09,TERRA,1,0,1,0,0
2024-01-09,UNI,1,0,1,0,0
2024-01-10,AVAX,1,0,1,0,0
2024-01-10,BNB,1,0,1,0,0
2024-01-10,BTC,76,0,76,0,0
2024-01-10,DOT,1,0,1,0,0
2024-01-10,ETH,18,0,18,0,0
2024-01-10,LINK,3,0,3,0,0
2024-01-10,MATIC,5,0,5,0,0
2024-01-10,SOL,12,0,12,0,0
2024-01-10,TERRA,1,0,1,0,0
2024-01-10,UNI,2,0,2,0,0
2024-01-10,XRP,5,0,5,0,0
2024-01-11,ADA,1,0,1,0,0
2024-01-11,AVAX,2,0,2,0,0
2024-01-11,BTC,70,0,70,0,0
2024-01-11,DOGE,2,0,2,0,0
2024-01-11,DOT,1,0,1,0,0
2024-01-11,ETH,24,0,24,0,0
2024-01-11,LTC,2,0,2,0,0
2024-01-11,MATIC,4,0,4,0,0
2024-01-11,SOL,21,0,21,0,0
2024-01-11,TERRA,1,0,1,0,0
2024-01-11,UNI,1,0,1,0,0
2024-01-11,XRP,7,0,7,0,0
2024-01-12,AVAX,1,0,1,0,0
2024-01-12,BTC,36,0,36,0,0
2024-01-12,ETH,15,0,15,0,0
2024-01-12,MATIC,4,0,4,0,0
2024-01-12,SOL,11,0,11,0,0
2024-01-12,TERRA,4,0,4,0,0
2024-01-12,UNI,1,0,1,0,0
2024-01-12,XRP,2,0,2,0,0
2024-01-13,BNB,1,0,1,0,0
2024-01-13,BTC,7,0,7,0,0
2024-01-13,ETH,2,0,2,0,0
2024-01-13,SOL,1,0,1,0,0
2024-01-13,TERRA,1,0,1,0,0
2024-01-14,BTC,3,0,3,0,0
2024-01-14,ETH,3,0,3,0,0
2024-01-14,SOL,1,0,1,0,0
2024-01-15,ADA,4,0,4,0,0
2024-01-15,BNB,1,0,1,0,0
2024-01-15,BTC,25,0,25,0,0
2024-01-15,DOGE,2,0,2,0,0
2024-01-15,ETH,16,0,16,0,0
2024-01-15,MATIC,2,0,2,0,0
2024-01-15,SHIBA,1,0,1,0,0
2024-01-15,SOL,9,0,9,0,0
2024-01-15,TERRA,2,0,2,0,0
2024-01-15,XRP,1,0,1,0,0
2024-01-16,AVAX,1,0,1,0,0
2024-01-16,BTC,42,0,42,0,0
2024-01-16,DOGE,2,0,2,0,0
2024-01-16,ETH,18,0,18,0,0
2024-01-16,LINK,1,0,1,0,0
2024-01-16,LTC,1,0,1,0,0
2024-01-16,MATIC,2,0,2,0,0
2024-01-16,SOL,9,0,9,0,0
2024-01-16,TERRA,2,0,2,0,0
2024-01-16,UNI,2,0,2,0,0
2024-01-16,XRP,3,0,3,0,0
2024-01-17,ADA,1,0,1,0,0
2024-01-17,AVAX,3,0,3,0,0
2024-01-17,BTC,42,0,42,0,0
2024-01-17,DOGE,1,0,1,0,0
2024-01-17,DOT,3,0,3,0,0
2024-01-17,ETH,25,0,25,0,0
2024-01-17,LINK,5,0,5,0,0
2024-01-17,MATIC,5,0,5,0,0
2024-01-17,SHIBA,1,0,1,0,0
2024-01-17,SOL,10,0,10,0,0
2024-01-17,TERRA,2,0,2,0,0
2024-01-17,UNI,2,0,2,0,0
2024-01-17,XRP,6,0,6,0,0
2024-01-18,BTC,40,0,40,0,0
2024-01-18,DOGE,2,0,2,0,0
2024-01-18,ETH,18,0,18,0,0
2024-01-18,MATIC,5,0,5,0,0
2024-01-18,SOL,8,0,8,0,0
2024-01-18,TERRA,2,0,2,0,0
2024-01-18,UNI,5,0,5,0,0
2024-01-18,XRP,4,0,4,0,0
2024-01-19,ADA,4,0,4,0,0
2024-01-19,AVAX,4,0,4,0,0
2024-01-19,BNB,1,0,1,0,0
2024-01-19,BTC,33,0,33,0,0
2024-01-19,DOGE,2,0,2,0,0
2024-01-19,ETH,18,0,18,0,0
2024-01-19,MATIC,2,0,2,0,0
2024-01-19,SOL,11,0,11,0,0
2024-01-19,TERRA,2,0,2,0,0
2024-01-19,UNI,1,0,1,0,0
2024-01-19,XRP,4,0,4,0,0
2024-01-20,BTC,5,0,5,0,0
2024-01-20,ETH,3,0,3,0,0
2024-01-20,MATIC,1,0,1,0,0
2024-01-20,SOL,2,0,2,0,0
2024-01-21,BTC,3,0,3,0,0
2024-01-21,SOL,2,0,2,0,0
2024-01-22,ADA,4,0,4,0,0
2024-01-22,AVAX,1,0,1,0,0
2024-01-22,BTC,42,0,42,0,0
2024-01-22,DOGE,7,0,7,0,0
2024-01-22,ETH,18,0,18,0,0
2024-01-22,LTC,1,0,1,0,0
2024-01-22,MATIC,1,0,1,0,0
2024-01-22,SOL,10,0,10,0,0
2024-01-22,TERRA,4,0,4,0,0
2024-01-22,UNI,4,0,4,0,0
2024-01-22,XRP,2,0,2,0,0
2024-01-23,ADA,1,0,1,0,0
2024-01-23,AVAX,6,0,6,0,0
2024-01-23,BTC,33,0,33,0,0
2024-01-23,DOGE,2,0,2,0,0
2024-01-23,ETH,21,0,21,0,0
2024-01-23,MATIC,5,0,5,0,0
2024-01-23,SOL,8,0,8,0,0
2024-01-23,UNI,1,0,1,0,0
2024-01-23,XRP,1,0,1,0,0
2024-01-24,ADA,1,0,1,0,0
2024-01-24,AVAX,4,0,4,0,0
2024-01-24,BTC,49,0,49,0,0
2024-01-24,DOGE,1,0,1,0,0
2024-01-24,ETH,21,0,21,0,0
2024-01-24,MATIC,3,0,3,0,0
2024-01-24,SOL,13,0,13,0,0
2024-01-24,UNI,1,0,1,0,0
2024-01-24,XRP,5,0,5,0,0
2024-01-25,ADA,1,0,1,0,0
2024-01-25,AVAX,4,0,4,0,0
2024-01-25,BTC,41,0,41,0,0
2024-01-25,ETH,19,0,19,0,0
2024-01-25,LINK,1,0,1,0,0
2024-01-25,MATIC,4,0,4,0,0
2024-01-25,SOL,9,0,9,0,0
2024-01-25,UNI,2,0,2,0,0
2024-01-25,XRP,3,0,3,0,0
2024-01-26,AVAX,1,0,1,0,0
2024-01-26,BTC,30,0,30,0,0
2024-01-26,DOGE,1,0,1,0,0
2024-01-26,ETH,18,0,18,0,0
2024-01-26,LINK,1,0,1,0,0
2024-01-26,MATIC,4,0,4,0,0
2024-01-26,SOL,6,0,6,0,0
2024-01-26,XRP,1,0,1,0,0
2024-01-27,AVAX,1,0,1,0,0
2024-01-27,BTC,2,0,2,0,0
2024-01-27,ETH,5,0,5,0,0
2024-01-27,MATIC,1,0,1,0,0
2024-01-27,SOL,3,0,3,0,0
2024-01-28,BTC,5,0,5,0,0
2024-01-28,DOGE,1,0,1,0,0
2024-01-28,ETH,3,0,3,0,0
2024-01-28,SOL,1,0,1,0,0
2024-01-28,XRP,1,0,1,0,0
2024-01-29,ADA,1,0,1,0,0
2024-01-29,AVAX,4,0,4,0,0
2024-01-29,BTC,48,0,48,0,0
2024-01-29,DOGE,4,0,4,0,0
2024-01-29,DOT,1,0,1,0,0
2024-01-29,ETH,15,0,15,0,0
2024-01-29,LINK,2,0,2,0,0
2024-01-29,MATIC,6,0,6,0,0
2024-01-29,SOL,18,0,18,0,0
2024-01-29,UNI,4,0,4,0,0
2024-01-30,ADA,1,0,1,0,0
2024-01-30,AVAX,2,0,2,0,0
2024-01-30,BTC,61,0,61,0,0
2024-01-30,DOGE,2,0,2,0,0
2024-01-30,ETH,24,0,24,0,0
2024-01-30,MATIC,4,0,4,0,0
2024-01-30,SOL,22,0,22,0,0
2024-01-30,TERRA,1,0,1,0,0
2024-01-30,UNI,2,0,2,0,0
2024-01-30,XRP,2,0,2,0,0
2024-01-31,ADA,5,0,5,0,0
2024-01-31,AVAX,5,0,5,0,0
2024-01-31,BNB,1,0,1,0,0
2024-01-31,BTC,64,0,64,0,0
2024-01-31,DOGE,3,0,3,0,0
2024-01-31,DOT,3,0,3,0,0
2024-01-31,ETH,22,0,22,0,0
2024-01-31,LINK,2,0,2,0,0
2024-01-31,MATIC,6,0,6,0,0
2024-01-31,SHIBA,1,0,1,0,0
2024-01-31,SOL,19,0,19,0,0
2024-01-31,TERRA,4,0,4,0,0
2024-01-31,UNI,3,0,3,0,0
2024-01-31,VECHAIN,1,0,1,0,0
2024-01-31,XRP,10,0,10,0,0
2024-02-01,AVAX,1,0,1,0,0
2024-02-01,BTC,62,0,62,0,0
2024-02-01,DOGE,2,0,2,0,0
2024-02-01,DOT,1,0,1,0,0
2024-02-01,ETH,24,0,24,0,0
2024-02-01,LINK,1,0,1,0,0
2024-02-01,MATIC,9,0,9,0,0
2024-02-01,SOL,14,0,14,0,0
2024-02-01,TERRA,2,0,2,0,0
2024-02-01,UNI,2,0,2,0,0
2024-02-01,XRP,1,0,1,0,0
2024-02-02,ADA,1,0,1,0,0
2024-02-02,AVAX,5,0,5,0,0
2024-02-02,BTC,44,0,44,0,0
2024-02-02,DOGE,2,0,2,0,0
2024-02-02,DOT,2,0,2,0,0
2024-02-02,ETH,17,0,17,0,0
2024-02-02,LINK,4,0,4,0,0
2024-02-02,MATIC,4,0,4,0,0
2024-02-02,SOL,8,0,8,0,0
2024-02-02,TERRA,1,0,1,0,0
2024-02-02,XRP,7,0,7,0,0
2024-02-03,BTC,7,0,7,0,0
2024-02-03,DOGE,1,0,1,0,0
2024-02-03,ETH,4,0,4,0,0
2024-02-03,MATIC,3,0,3,0,0
2024-02-03,SOL,6,0,6,0,0
2024-02-03,UNI,2,0,2,0,0
2024-02-03,XRP,1,0,1,0,0
2024-02-04,AVAX,1,0,1,0,0
2024-02-04,BTC,6,0,6,0,0
2024-02-04,ETH,5,0,5,0,0
2024-02-04,LINK,1,0,1,0,0
2024-02-04,SOL,2,0,2,0,0
2024-02-05,ADA,2,0,2,0,0
2024-02-05,AVAX,5,0,5,0,0
2024-02-05,BTC,51,0,51,0,0
2024-02-05,DOGE,1,0,1,0,0
2024-02-05,ETH,25,0,25,0,0
2024-02-05,LINK,5,0,5,0,0
2024-02-05,MATIC,2,0,2,0,0
2024-02-05,SOL,15,0,15,0,0
2024-02-05,TERRA,4,0,4,0,0
2024-02-05,UNI,1,0,1,0,0
2024-02-05,XRP,6,0,6,0,0
2024-02-06,ADA,2,0,2,0,0
2024-02-06,AVAX,1,0,1,0,0
2024-02-06,BTC,44,0,44,0,0
2024-02-06,ETH,30,0,30,0,0
2024-02-06,LINK,1,0,1,0,0
2024-02-06,LTC,2,0,2,0,0
2024-02-06,MATIC,4,0,4,0,0
2024-02-06,SOL,23,0,23,0,0
2024-02-06,TERRA,3,0,3,0,0
2024-02-06,UNI,1,0,1,0,0
2024-02-06,XRP,5,0,5,0,0
2024-02-07,ADA,3,0,3,0,0
2024-02-07,AVAX,3,0,3,0,0
2024-02-07,BTC,60,0,60,0,0
2024-02-07,DOGE,1,0,1,0,0
2024-02-07,DOT,2,0,2,0,0
2024-02-07,ETH,32,0,32,0,0
2024-02-07,LINK,3,0,3,0,0
2024-02-07,LTC,2,0,2,0,0
2024-02-07,MATIC,6,0,6,0,0
2024-02-07,SOL,14,0,14,0,0
2024-02-07,TERRA,2,0,2,0,0
2024-02-07,UNI,1,0,1,0,0
2024-02-07,VECHAIN,1,0,1,0,0
2024-02-07,XRP,5,0,5,0,0
2024-02-08,ADA,5,0,5,0,0
2024-02-08,AVAX,1,0,1,0,0
2024-02-08,BTC,49,0,49,0,0
2024-02-08,DOT,1,0,1,0,0
2024-02-08,ETH,21,0,21,0,0
2024-02-08,LINK,1,0,1,0,0
2024-02-08,LTC,1,0,1,0,0
2024-02-08,MATIC,3,0,3,0,0
2024-02-08,SOL,12,0,12,0,0
2024-02-08,TERRA,2,0,2,0,0
2024-02-08,UNI,1,0,1,0,0
2024-02-08,XRP,2,0,2,0,0
2024-02-09,ADA,1,0,1,0,0
2024-02-09,AVAX,2,0,2,0,0
2024-02-09,BNB,1,0,1,0,0
2024-02-09,BTC,38,0,38,0,0
2024-02-09,DOGE,1,0,1,0,0
2024-02-09,DOT,1,0,1,0,0
2024-02-09,ETH,21,0,21,0,0
2024-02-09,LINK,1,0,1,0,0
2024-02-09,MATIC,1,0,1,0,0
2024-02-09,SOL,8,0,8,0,0
2024-02-09,TERRA,1,0,1,0,0
2024-02-09,UNI,1,0,1,0,0
2024-02-09,XRP,1,0,1,0,0
2024-02-10,AVAX,1,0,1,0,0
2024-02-10,BTC,4,0,4,0,0
2024-02-10,ETH,2,0,2,0,0
2024-02-10,MATIC,1,0,1,0,0
2024-02-10,SOL,1,0,1,0,0
2024-02-11,BTC,10,0,10,0,0
2024-02-11,ETH,3,0,3,0,0
2024-02-11,SOL,2,0,2,0,0
2024-02-11,XRP,1,0,1,0,0
2024-02-12,ADA,4,0,4,0,0
2024-02-12,AVAX,2,0,2,0,0
2024-02-12,BTC,58,0,58,0,0
2024-02-12,DOGE,1,0,1,0,0
2024-02-12,DOT,1,0,1,0,0
2024-02-12,ETH,24,0,24,0,0
2024-02-12,LINK,2,0,2,0,0
2024-02-12,MATIC,3,0,3,0,0
2024-02-12,SHIBA,1,0,1,0,0
2024-02-12,SOL,5,0,5,0,0
2024-02-12,TERRA,3,0,3,0,0
2024-02-12,UNI,1,0,1,0,0
2024-02-12,XRP,2,0,2,0,0
2024-02-13,ADA,3,0,3,0,0
2024-02-13,AVAX,4,0,4,0,0
2024-02-13,BNB,1,0,1,0,0
2024-02-13,BTC,50,0,50,0,0
2024-02-13,DOGE,4,0,4,0,0
2024-02-13,ETH,23,0,23,0,0
2024-02-13,LINK,1,0,1,0,0
2024-02-13,MATIC,5,0,5,0,0
2024-02-13,SOL,14,0,14,0,0
2024-02-13,TERRA,2,0,2,0,0
2024-02-13,UNI,2,0,2,0,0
2024-02-13,XRP,7,0,7,0,0
2024-02-14,ADA,4,0,4,0,0
2024-02-14,AVAX,7,0,7,0,0
2024-02-14,BTC,57,0,57,0,0
2024-02-14,DOGE,2,0,2,0,0
2024-02-14,DOT,2,0,2,0,0
2024-02-14,ETH,31,0,31,0,0
2024-02-14,LINK,1,0,1,0,0
2024-02-14,MATIC,5,0,5,0,0
2024-02-14,SOL,7,0,7,0,0
2024-02-14,TERRA,1,0,1,0,0
2024-02-14,UNI,4,0,4,0,0
2024-02-14,XRP,1,0,1,0,0
2024-02-15,ADA,1,0,1,0,0
2024-02-15,AVAX,2,0,2,0,0
2024-02-15,BTC,62,0,62,0,0
2024-02-15,DOGE,1,0,1,0,0
2024-02-15,DOT,1,0,1,0,0
2024-02-15,ETH,23,0,23,0,0
2024-02-15,LINK,6,0,6,0,0
2024-02-15,MATIC,6,0,6,0,0
2024-02-15,SHIBA,1,0,1,0,0
2024-02-15,SOL,13,0,13,0,0
2024-02-15,TERRA,3,0,3,0,0
2024-02-15,VECHAIN,1,0,1,0,0
2024-02-15,XRP,4,0,4,0,0
2024-02-16,ADA,2,0,2,0,0
2024-02-16,AVAX,1,0,1,0,0
2024-02-16,BTC,39,0,39,0,0
2024-02-16,DOGE,1,0,1,0,0
2024-02-16,DOT,1,0,1,0,0
2024-02-16,ETH,17,0,17,0,0
2024-02-16,LINK,2,0,2,0,0
2024-02-16,MATIC,2,0,2,0,0
2024-02-16,SOL,10,0,10,0,0
2024-02-16,TERRA,3,0,3,0,0
2024-02-16,UNI,5,0,5,0,0
2024-02-16,VECHAIN,1,0,1,0,0
2024-02-16,XRP,2,0,2,0,0
2024-02-17,BTC,11,0,11,0,0
2024-02-17,ETH,7,0,7,0,0
2024-02-17,MATIC,2,0,2,0,0
2024-02-17,SOL,3,0,3,0,0
2024-02-17,XRP,1,0,1,0,0
2024-02-18,BTC,12,0,12,0,0
2024-02-18,DOGE,1,0,1,0,0
2024-02-18,ETH,7,0,7,0,0
2024-02-18,LTC,1,0,1,0,0
2024-02-18,MATIC,1,0,1,0,0
2024-02-18,SOL,2,0,2,0,0
2024-02-18,TERRA,1,0,1,0,0
2024-02-18,VECHAIN,1,0,1,0,0
2024-02-18,XRP,1,0,1,0,0
2024-02-19,ADA,3,0,3,0,0
2024-02-19,AVAX,3,0,3,0,0
2024-02-19,BTC,41,0,41,0,0
2024-02-19,DOGE,1,0,1,0,0
2024-02-19,ETH,22,0,22,0,0
2024-02-19,LINK,1,0,1,0,0
2024-02-19,MATIC,5,0,5,0,0
2024-02-19,SOL,6,0,6,0,0
2024-02-19,XRP,1,0,1,0,0
2024-02-20,ADA,2,0,2,0,0
2024-02-20,AVAX,10,0,10,0,0
2024-02-20,BTC,52,0,52,0,0
2024-02-20,DOGE,1,0,1,0,0
2024-02-20,ETH,33,0,33,0,0
2024-02-20,LINK,2,0,2,0,0
2024-02-20,MATIC,14,0,14,0,0
2024-02-20,SOL,12,0,12,0,0
2024-02-20,TERRA,7,0,7,0,0
2024-02-20,UNI,2,0,2,0,0
2024-02-20,XRP,6,0,6,0,0
2024-02-21,ADA,1,0,1,0,0
2024-02-21,AVAX,3,0,3,0,0
2024-02-21,BTC,55,0,55,0,0
2024-02-21,DOGE,1,0,1,0,0
2024-02-21,DOT,2,0,2,0,0
2024-02-21,ETH,26,0,26,0,0
2024-02-21,LINK,1,0,1,0,0
2024-02-21,LTC,1,0,1,0,0
2024-02-21,MATIC,6,0,6,0,0
2024-02-21,SOL,14,0,14,0,0
2024-02-21,TERRA,3,0,3,0,0
2024-02-21,XRP,15,0,15,0,0
2024-02-22,ADA,2,0,2,0,0
2024-02-22,AVAX,2,0,2,0,0
2024-02-22,BTC,58,0,58,0,0
2024-02-22,DOGE,1,0,1,0,0
2024-02-22,DOT,1,0,1,0,0
2024-02-22,ETH,40,0,40,0,0
2024-02-22,MATIC,9,0,9,0,0
2024-02-22,SOL,10,0,10,0,0
2024-02-22,TERRA,2,0,2,0,0
2024-02-22,UNI,1,0,1,0,0
2024-02-22,XRP,5,0,5,0,0
2024-02-23,ADA,1,0,1,0,0
2024-02-23,AVAX,5,0,5,0,0
2024-02-23,BTC,55,0,55,0,0
2024-02-23,DOGE,3,0,3,0,0
2024-02-23,DOT,2,0,2,0,0
2024-02-23,ETH,29,0,29,0,0
2024-02-23,LINK,2,0,2,0,0
2024-02-23,LTC,1,0,1,0,0
2024-02-23,MATIC,8,0,8,0,0
2024-02-23,SOL,12,0,12,0,0
2024-02-23,TERRA,1,0,1,0,0
2024-02-23,UNI,7,0,7,0,0
2024-02-23,XRP,3,0,3,0,0
2024-02-24,BTC,5,0,5,0,0
2024-02-24,ETH,4,0,4,0,0
2024-02-24,SOL,1,0,1,0,0
2024-02-25,BTC,10,0,10,0,0
2024-02-25,ETH,1,0,1,0,0
2024-02-25,LINK,1,0,1,0,0
2024-02-25,MATIC,1,0,1,0,0
2024-02-25,SOL,2,0,2,0,0
2024-02-25,TERRA,1,0,1,0,0
2024-02-25,UNI,1,0,1,0,0
2024-02-26,ADA,2,0,2,0,0
2024-02-26,AVAX,2,0,2,0,0
2024-02-26,BTC,63,0,63,0,0
2024-02-26,DOGE,1,0,1,0,0
2024-02-26,DOT,2,0,2,0,0
2024-02-26,ETH,32,0,32,0,0
2024-02-26,LINK,3,0,3,0,0
2024-02-26,LTC,2,0,2,0,0
2024-02-26,MATIC,8,0,8,0,0
2024-02-26,SOL,14,0,14,0,0
2024-02-26,UNI,5,0,5,0,0
2024-02-26,XRP,3,0,3,0,0
2024-02-27,ADA,2,0,2,0,0
2024-02-27,AVAX,4,0,4,0,0
2024-02-27,BTC,63,0,63,0,0
2024-02-27,DOGE,3,0,3,0,0
2024-02-27,ETH,33,0,33,0,0
2024-02-27,MATIC,1,0,1,0,0
2024-02-27,SOL,16,0,16,0,0
2024-02-27,TERRA,4,0,4,0,0
2024-02-27,UNI,2,0,2,0,0
2024-02-27,XRP,5,0,5,0,0
2024-02-28,ADA,3,0,3,0,0
2024-02-28,AVAX,3,0,3,0,0
2024-02-28,BTC,80,0,80,0,0
2024-02-28,DOGE,3,0,3,0,0
2024-02-28,DOT,1,0,1,0,0
2024-02-28,ETH,27,0,27,0,0
2024-02-28,LINK,3,0,3,0,0
2024-02-28,MATIC,6,0,6,0,0
2024-02-28,SHIBA,1,0,1,0,0
2024-02-28,SOL,22,0,22,0,0
2024-02-28,TERRA,3,0,3,0,0
2024-02-28,UNI,8,0,8,0,0
2024-02-28,XRP,5,0,5,0,0
2024-02-29,ADA,1,0,1,0,0
2024-02-29,AVAX,1,0,1,0,0
2024-02-29,BTC,63,0,63,0,0
2024-02-29,DOGE,6,0,6,0,0
2024-02-29,ETH,27,0,27,0,0
2024-02-29,LINK,2,0,2,0,0
2024-02-29,MATIC,3,0,3,0,0
2024-02-29,SHIBA,2,0,2,0,0
2024-02-29,SOL,15,0,15,0,0
2024-02-29,TERRA,2,0,2,0,0
2024-02-29,UNI,4,0,4,0,0
2024-03-01,AVAX,1,0,1,0,0
2024-03-01,BTC,49,0,49,0,0
2024-03-01,DOGE,5,0,5,0,0
2024-03-01,ETH,19,0,19,0,0
2024-03-01,LINK,2,0,2,0,0
2024-03-01,MATIC,3,0,3,0,0
2024-03-01,SHIBA,3,0,3,0,0
2024-03-01,SOL,8,0,8,0,0
2024-03-01,TERRA,1,0,1,0,0
2024-03-01,UNI,1,0,1,0,0
2024-03-01,XRP,3,0,3,0,0
2024-03-02,AVAX,2,0,2,0,0
2024-03-02,BTC,10,0,10,0,0
2024-03-02,DOGE,5,0,5,0,0
2024-03-02,ETH,9,0,9,0,0
2024-03-02,LINK,1,0,1,0,0
2024-03-02,SHIBA,4,0,4,0,0
2024-03-02,SOL,2,0,2,0,0
2024-03-02,UNI,2,0,2,0,0
2024-03-02,XRP,1,0,1,0,0
2024-03-03,AVAX,1,0,1,0,0
2024-03-03,BTC,8,0,8,0,0
2024-03-03,DOGE,1,0,1,0,0
2024-03-03,ETH,2,0,2,0,0
2024-03-03,LINK,1,0,1,0,0
2024-03-03,MATIC,1,0,1,0,0
2024-03-03,SHIBA,2,0,2,0,0
2024-03-03,SOL,2,0,2,0,0
2024-03-04,ADA,1,0,1,0,0
2024-03-04,AVAX,1,0,1,0,0
2024-03-04,BTC,68,0,68,0,0
2024-03-04,DOGE,10,0,10,0,0
2024-03-04,ETH,29,0,29,0,0
2024-03-04,MATIC,3,0,3,0,0
2024-03-04,SHIBA,6,0,6,0,0
2024-03-04,SOL,13,0,13,0,0
2024-03-04,TERRA,1,0,1,0,0
2024-03-04,UNI,1,0,1,0,0
2024-03-04,XRP,1,0,1,0,0
2024-03-05,ADA,1,0,1,0,0
2024-03-05,AVAX,3,0,3,0,0
2024-03-05,BTC,84,0,84,0,0
2024-03-05,DOGE,6,0,6,0,0
2024-03-05,DOT,4,0,4,0,0
2024-03-05,ETH,24,0,24,0,0
2024-03-05,LINK,2,0,2,0,0
2024-03-05,LTC,1,0,1,0,0
2024-03-05,MATIC,4,0,4,0,0
2024-03-05,SHIBA,6,0,6,0,0
2024-03-05,SOL,16,0,16,0,0
2024-03-05,TERRA,9,0,9,0,0
2024-03-05,UNI,1,0,1,0,0
2024-03-05,XRP,4,0,4,0,0
2024-03-06,ADA,2,0,2,0,0
2024-03-06,AVAX,4,0,4,0,0
2024-03-06,BNB,1,0,1,0,0
2024-03-06,BTC,75,0,75,0,0
2024-03-06,DOGE,6,0,6,0,0
2024-03-06,DOT,2,0,2,0,0
2024-03-06,ETH,28,0,28,0,0
2024-03-06,LINK,2,0,2,0,0
2024-03-06,MATIC,6,0,6,0,0
2024-03-06,SHIBA,5,0,5,0,0
2024-03-06,SOL,25,0,25,0,0
2024-03-06,TERRA,1,0,1,0,0
2024-03-06,UNI,4,0,4,0,0
2024-03-06,XRP,1,0,1,0,0
2024-03-07,ADA,1,0,1,0,0
2024-03-07,AVAX,3,0,3,0,0
2024-03-07,BTC,54,0,54,0,0
2024-03-07,DOGE,3,0,3,0,0
2024-03-07,DOT,2,0,2,0,0
2024-03-07,ETH,29,0,29,0,0
2024-03-07,MATIC,7,0,7,0,0
2024-03-07,SHIBA,2,0,2,0,0
2024-03-07,SOL,22,0,22,0,0
2024-03-07,TERRA,5,0,5,0,0
2024-03-08,ADA,1,0,1,0,0
2024-03-08,AVAX,2,0,2,0,0
2024-03-08,BTC,56,0,56,0,0
2024-03-08,DOGE,3,0,3,0,0
2024-03-08,DOT,1,0,1,0,0
2024-03-08,ETH,29,0,29,0,0
2024-03-08,LINK,1,0,1,0,0
2024-03-08,MATIC,1,0,1,0,0
2024-03-08,SHIBA,4,0,4,0,0
2024-03-08,SOL,13,0,13,0,0
2024-03-08,TERRA,7,0,7,0,0
2024-03-08,UNI,1,0,1,0,0
2024-03-08,XRP,1,0,1,0,0
2024-03-09,BTC,9,0,9,0,0
2024-03-09,DOGE,2,0,2,0,0
2024-03-09,ETH,4,0,4,0,0
2024-03-09,SHIBA,1,0,1,0,0
2024-03-09,SOL,3,0,3,0,0
2024-03-09,XRP,1,0,1,0,0
2024-03-10,AVAX,1,0,1,0,0
2024-03-10,BTC,12,0,12,0,0
2024-03-10,ETH,5,0,5,0,0
2024-03-10,SOL,3,0,3,0,0
2024-03-10,XRP,1,0,1,0,0
2024-03-11,ADA,2,0,2,0,0
2024-03-11,AVAX,5,0,5,0,0
2024-03-11,BTC,76,0,76,0,0
2024-03-11,DOGE,3,0,3,0,0
2024-03-11,DOT,1,0,1,0,0
2024-03-11,ETH,37,0,37,0,0
2024-03-11,LINK,1,0,1,0,0
2024-03-11,LTC,3,0,3,0,0
2024-03-11,MATIC,5,0,5,0,0
2024-03-11,SHIBA,5,0,5,0,0
2024-03-11,SOL,22,0,22,0,0
2024-03-11,UNI,6,0,6,0,0
2024-03-11,XRP,2,0,2,0,0
2024-03-12,ADA,1,0,1,0,0
2024-03-12,AVAX,4,0,4,0,0
2024-03-12,BTC,67,0,67,0,0
2024-03-12,DOGE,4,0,4,0,0
2024-03-12,ETH,24,0,24,0,0
2024-03-12,LTC,2,0,2,0,0
2024-03-12,MATIC,4,0,4,0,0
2024-03-12,SHIBA,2,0,2,0,0
2024-03-12,SOL,10,0,10,0,0
2024-03-12,UNI,1,0,1,0,0
2024-03-12,XRP,2,0,2,0,0
2024-03-13,ADA,2,0,2,0,0
2024-03-13,AVAX,4,0,4,0,0
2024-03-13,BTC,76,0,76,0,0
2024-03-13,DOGE,4,0,4,0,0
2024-03-13,ETH,35,0,35,0,0
2024-03-13,LINK,1,0,1,0,0
2024-03-13,MATIC,13,0,13,0,0
2024-03-13,SHIBA,2,0,2,0,0
2024-03-13,SOL,17,0,17,0,0
2024-03-13,TERRA,4,0,4,0,0
2024-03-13,UNI,2,0,2,0,0
2024-03-13,XRP,4,0,4,0,0
2024-03-14,ADA,5,0,5,0,0
2024-03-14,AVAX,3,0,3,0,0
2024-03-14,BNB,2,0,2,0,0
2024-03-14,BTC,73,0,73,0,0
2024-03-14,DOGE,10,0,10,0,0
2024-03-14,DOT,2,0,2,0,0
2024-03-14,ETH,39,0,39,0,0
2024-03-14,MATIC,5,0,5,0,0
2024-03-14,SHIBA,5,0,5,0,0
2024-03-14,SOL,22,0,22,0,0
2024-03-14,TERRA,2,0,2,0,0
2024-03-14,UNI,4,0,4,0,0
2024-03-14,XRP,4,0,4,0,0
2024-03-15,ADA,3,0,3,0,0
2024-03-15,AVAX,3,0,3,0,0
2024-03-15,BTC,63,0,63,0,0
2024-03-15,DOGE,6,0,6,0,0
2024-03-15,DOT,1,0,1,0,0
2024-03-15,ETH,26,0,26,0,0
2024-03-15,LINK,1,0,1,0,0
2024-03-15,MATIC,4,0,4,0,0
2024-03-15,SHIBA,3,0,3,0,0
2024-03-15,SOL,18,0,18,0,0
2024-03-15,TERRA,1,0,1,0,0
2024-03-15,UNI,3,0,3,0,0
2024-03-15,VECHAIN,1,0,1,0,0
2024-03-16,BTC,7,0,7,0,0
2024-03-16,ETH,3,0,3,0,0
2024-03-16,MATIC,1,0,1,0,0
2024-03-16,SHIBA,1,0,1,0,0
2024-03-16,SOL,3,0,3,0,0
2024-03-16,UNI,1,0,1,0,0
2024-03-17,ADA,1,0,1,0,0
2024-03-17,AVAX,1,0,1,0,0
2024-03-17,BTC,8,0,8,0,0
2024-03-17,DOGE,1,0,1,0,0
2024-03-17,ETH,4,0,4,0,0
2024-03-17,MATIC,5,0,5,0,0
2024-03-17,SOL,3,0,3,0,0
2024-03-17,TERRA,1,0,1,0,0
2024-03-18,ADA,4,0,4,0,0
2024-03-18,AVAX,5,0,5,0,0
2024-03-18,BTC,59,0,59,0,0
2024-03-18,DOGE,3,0,3,0,0
2024-03-18,ETH,35,0,35,0,0
2024-03-18,MATIC,3,0,3,0,0
2024-03-18,SOL,35,0,35,0,0
2024-03-18,UNI,3,0,3,0,0
2024-03-18,XRP,1,0,1,0,0
2024-03-19,ADA,4,0,4,0,0
2024-03-19,AVAX,2,0,2,0,0
2024-03-19,BNB,1,0,1,0,0
2024-03-19,BTC,74,0,74,0,0
2024-03-19,DOGE,2,0,2,0,0
2024-03-19,ETH,34,0,34,0,0
2024-03-19,MATIC,10,0,10,0,0
2024-03-19,SHIBA,2,0,2,0,0
2024-03-19,SOL,19,0,19,0,0
2024-03-19,TERRA,1,0,1,0,0
2024-03-19,XRP,5,0,5,0,0
2024-03-20,ADA,3,0,3,0,0
2024-03-20,AVAX,8,0,8,0,0
2024-03-20,BTC,60,0,60,0,0
2024-03-20,DOGE,4,0,4,0,0
2024-03-20,DOT,1,0,1,0,0
2024-03-20,ETH,37,0,37,0,0
2024-03-20,LINK,1,0,1,0,0
2024-03-20,LTC,2,0,2,0,0
2024-03-20,MATIC,12,0,12,0,0
2024-03-20,SHIBA,2,0,2,0,0
2024-03-20,SOL,21,0,21,0,0
2024-03-20,TERRA,4,0,4,0,0
2024-03-20,UNI,1,0,1,0,0
2024-03-20,XRP,2,0,2,0,0
2024-03-21,ADA,3,0,3,0,0
2024-03-21,AVAX,4,0,4,0,0
2024-03-21,BTC,59,0,59,0,0
2024-03-21,DOGE,6,0,6,0,0
2024-03-21,ETH,36,0,36,0,0
2024-03-21,LTC,4,0,4,0,0
2024-03-21,MATIC,10,0,10,0,0
2024-03-21,SHIBA,2,0,2,0,0
2024-03-21,SOL,11,0,11,0,0
2024-03-21,TERRA,2,0,2,0,0
2024-03-21,XRP,2,0,2,0,0
2024-03-22,ADA,3,0,3,0,0
2024-03-22,AVAX,3,0,3,0,0
2024-03-22,BTC,54,0,54,0,0
2024-03-22,DOGE,3,0,3,0,0
2024-03-22,DOT,1,0,1,0,0
2024-03-22,ETH,27,0,27,0,0
2024-03-22,LINK,1,0,1,0,0
2024-03-22,LTC,1,0,1,0,0
2024-03-22,MATIC,3,0,3,0,0
2024-03-22,SHIBA,2,0,2,0,0
2024-03-22,SOL,12,0,12,0,0
2024-03-22,TERRA,7,0,7,0,0
2024-03-22,XRP,1,0,1,0,0
2024-03-23,BTC,8,0,8,0,0
2024-03-23,ETH,7,0,7,0,0
2024-03-23,MATIC,1,0,1,0,0
2024-03-23,SOL,1,0,1,0,0
2024-03-24,AVAX,1,0,1,0,0
2024-03-24,BTC,5,0,5,0,0
2024-03-24,DOGE,1,0,1,0,0
2024-03-24,ETH,5,0,5,0,0
2024-03-24,MATIC,2,0,2,0,0
2024-03-24,SOL,2,0,2,0,0
2024-03-24,TERRA,2,0,2,0,0
2024-03-24,XRP,1,0,1,0,0
2024-03-25,ADA,2,0,2,0,0
2024-03-25,AVAX,9,0,9,0,0
2024-03-25,BTC,56,0,56,0,0
2024-03-25,DOGE,6,0,6,0,0
2024-03-25,DOT,4,0,4,0,0
2024-03-25,ETH,25,0,25,0,0
2024-03-25,LINK,2,0,2,0,0
2024-03-25,LTC,3,0,3,0,0
2024-03-25,MATIC,3,0,3,0,0
2024-03-25,SHIBA,1,0,1,0,0
2024-03-25,SOL,15,0,15,0,0
2024-03-25,TERRA,4,0,4,0,0
2024-03-25,XRP,5,0,5,0,0
2024-03-26,ADA,2,0,2,0,0
2024-03-26,AVAX,7,0,7,0,0
2024-03-26,BTC,61,0,61,0,0
2024-03-26,DOGE,2,0,2,0,0
2024-03-26,DOT,3,0,3,0,0
2024-03-26,ETH,26,0,26,0,0
2024-03-26,LTC,2,0,2,0,0
2024-03-26,MATIC,6,0,6,0,0
2024-03-26,SHIBA,1,0,1,0,0
2024-03-26,SOL,20,0,20,0,0
2024-03-26,TERRA,2,0,2,0,0
2024-03-26,UNI,2,0,2,0,0
2024-03-26,XRP,8,0,8,0,0
2024-03-27,ADA,1,0,1,0,0
2024-03-27,AVAX,3,0,3,0,0
2024-03-27,BTC,66,0,66,0,0
2024-03-27,DOGE,4,0,4,0,0
2024-03-27,DOT,2,0,2,0,0
2024-03-27,ETH,44,0,44,0,0
2024-03-27,LINK,2,0,2,0,0
2024-03-27,LTC,4,0,4,0,0
2024-03-27,MATIC,8,0,8,0,0
2024-03-27,SOL,22,0,22,0,0
2024-03-27,UNI,1,0,1,0,0
2024-03-27,VECHAIN,1,0,1,0,0
2024-03-27,XRP,6,0,6,0,0
2024-03-28,ADA,3,0,3,0,0
2024-03-28,AVAX,3,0,3,0,0
2024-03-28,BTC,52,0,52,0,0
2024-03-28,DOGE,6,0,6,0,0
2024-03-28,DOT,1,0,1,0,0
2024-03-28,ETH,31,0,31,0,0
2024-03-28,LTC,1,0,1,0,0
2024-03-28,MATIC,8,0,8,0,0
2024-03-28,SHIBA,1,0,1,0,0
2024-03-28,SOL,17,0,17,0,0
2024-03-28,UNI,1,0,1,0,0
2024-03-28,XRP,4,0,4,0,0
2024-03-29,ADA,2,0,2,0,0
2024-03-29,AVAX,3,0,3,0,0
2024-03-29,BNB,1,0,1,0,0
2024-03-29,BTC,39,0,39,0,0
2024-03-29,DOGE,3,0,3,0,0
2024-03-29,ETH,21,0,21,0,0
2024-03-29,LTC,2,0,2,0,0
2024-03-29,MATIC,5,0,5,0,0
2024-03-29,SHIBA,2,0,2,0,0
2024-03-29,SOL,16,0,16,0,0
2024-03-29,XRP,1,0,1,0,0
2024-03-30,AVAX,1,0,1,0,0
2024-03-30,BTC,12,0,12,0,0
2024-03-30,DOGE,4,0,4,0,0
2024-03-30,DOT,1,0,1,0,0
2024-03-30,ETH,6,0,6,0,0
2024-03-30,LTC,1,0,1,0,0
2024-03-30,MATIC,2,0,2,0,0
2024-03-30,SOL,6,0,6,0,0
2024-03-30,TERRA,1,0,1,0,0
2024-03-30,UNI,1,0,1,0,0
2024-03-31,AVAX,1,0,1,0,0
2024-03-31,BTC,8,0,8,0,0
2024-03-31,ETH,5,0,5,0,0
2024-03-31,SOL,3,0,3,0,0
2024-03-31,UNI,1,0,1,0,0
2024-04-01,AVAX,1,0,1,0,0
2024-04-01,BTC,30,0,30,0,0
2024-04-01,ETH,22,0,22,0,0
2024-04-01,LINK,1,0,1,0,0
2024-04-01,MATIC,5,0,5,0,0
2024-04-01,SOL,10,0,10,0,0
2024-04-01,UNI,1,0,1,0,0
2024-04-02,ADA,2,0,2,0,0
2024-04-02,AVAX,4,0,4,0,0
2024-04-02,BTC,57,0,57,0,0
2024-04-02,DOGE,8,0,8,0,0
2024-04-02,DOT,1,0,1,0,0
2024-04-02,ETH,32,0,32,0,0
2024-04-02,LINK,3,0,3,0,0
2024-04-02,LTC,2,0,2,0,0
2024-04-02,MATIC,5,0,5,0,0
2024-04-02,SHIBA,2,0,2,0,0
2024-04-02,SOL,23,0,23,0,0
2024-04-02,TERRA,3,0,3,0,0
2024-04-02,XRP,4,0,4,0,0
2024-04-03,ADA,3,0,3,0,0
2024-04-03,AVAX,2,0,2,0,0
2024-04-03,BTC,51,0,51,0,0
2024-04-03,DOGE,2,0,2,0,0
2024-04-03,DOT,1,0,1,0,0
2024-04-03,ETH,30,0,30,0,0
2024-04-03,LINK,1,0,1,0,0
2024-04-03,LTC,2,0,2,0,0
2024-04-03,MATIC,5,0,5,0,0
2024-04-03,SHIBA,2,0,2,0,0
2024-04-03,SOL,18,0,18,0,0
2024-04-03,TERRA,2,0,2,0,0
2024-04-03,UNI,3,0,3,0,0
2024-04-03,XRP,1,0,1,0,0
2024-04-04,ADA,1,0,1,0,0
2024-04-04,AVAX,3,0,3,0,0
2024-04-04,BNB,1,0,1,0,0
2024-04-04,BTC,55,0,55,0,0
2024-04-04,DOGE,3,0,3,0,0
2024-04-04,DOT,2,0,2,0,0
2024-04-04,ETH,33,0,33,0,0
2024-04-04,LINK,1,0,1,0,0
2024-04-04,MATIC,4,0,4,0,0
2024-04-04,SOL,13,0,13,0,0
2024-04-04,TERRA,2,0,2,0,0
2024-04-04,UNI,1,0,1,0,0
2024-04-04,VECHAIN,1,0,1,0,0
2024-04-04,XRP,9,0,9,0,0
2024-04-05,ADA,2,0,2,0,0
2024-04-05,AVAX,4,0,4,0,0
2024-04-05,BNB,1,0,1,0,0
2024-04-05,BTC,55,0,55,0,0
2024-04-05,DOGE,5,0,5,0,0
2024-04-05,DOT,1,0,1,0,0
2024-04-05,ETH,28,0,28,0,0
2024-04-05,LINK,1,0,1,0,0
2024-04-05,LTC,1,0,1,0,0
2024-04-05,MATIC,5,0,5,0,0
2024-04-05,SHIBA,1,0,1,0,0
2024-04-05,SOL,16,0,16,0,0
2024-04-05,TERRA,7,0,7,0,0
2024-04-05,UNI,6,0,6,0,0
2024-04-05,XRP,3,0,3,0,0
2024-04-06,BTC,9,0,9,0,0
2024-04-06,DOGE,1,0,1,0,0
2024-04-06,ETH,4,0,4,0,0
2024-04-06,SHIBA,1,0,1,0,0
2024-04-06,SOL,4,0,4,0,0
2024-04-06,TERRA,1,0,1,0,0
2024-04-07,ADA,1,0,1,0,0
2024-04-07,BTC,6,0,6,0,0
2024-04-07,ETH,4,0,4,0,0
2024-04-07,SOL,4,0,4,0,0
2024-04-07,UNI,1,0,1,0,0
2024-04-07,XRP,1,0,1,0,0
2024-04-08,ADA,3,0,3,0,0
2024-04-08,BTC,51,0,51,0,0
2024-04-08,DOGE,4,0,4,0,0
2024-04-08,DOT,1,0,1,0,0
2024-04-08,ETH,17,0,17,0,0
2024-04-08,LTC,2,0,2,0,0
2024-04-08,MATIC,1,0,1,0,0
2024-04-08,SHIBA,3,0,3,0,0
2024-04-08,SOL,15,0,15,0,0
2024-04-08,TERRA,2,0,2,0,0
2024-04-08,UNI,1,0,1,0,0
2024-04-08,XRP,5,0,5,0,0
2024-04-09,ADA,5,0,5,0,0
2024-04-09,AVAX,3,0,3,0,0
2024-04-09,BNB,1,0,1,0,0
2024-04-09,BTC,68,0,68,0,0
2024-04-09,DOGE,3,0,3,0,0
2024-04-09,ETH,39,0,39,0,0
2024-04-09,LINK,1,0,1,0,0
2024-04-09,LTC,1,0,1,0,0
2024-04-09,MATIC,3,0,3,0,0
2024-04-09,SHIBA,1,0,1,0,0
2024-04-09,SOL,28,0,28,0,0
2024-04-09,TERRA,2,0,2,0,0
2024-04-09,UNI,2,0,2,0,0
2024-04-09,XRP,2,0,2,0,0
2024-04-10,ADA,3,0,3,0,0
2024-04-10,AVAX,3,0,3,0,0
2024-04-10,BTC,62,0,62,0,0
2024-04-10,DOGE,4,0,4,0,0
2024-04-10,DOT,3,0,3,0,0
2024-04-10,ETH,34,0,34,0,0
2024-04-10,LINK,1,0,1,0,0
2024-04-10,MATIC,3,0,3,0,0
2024-04-10,SHIBA,2,0,2,0,0
2024-04-10,SOL,26,0,26,0,0
2024-04-10,TERRA,1,0,1,0,0
2024-04-10,UNI,6,0,6,0,0
2024-04-10,XRP,6,0,6,0,0
2024-04-11,ADA,1,0,1,0,0
2024-04-11,AVAX,5,0,5,0,0
2024-04-11,BTC,62,0,62,0,0
2024-04-11,DOGE,2,0,2,0,0
2024-04-11,ETH,28,0,28,0,0
2024-04-11,LINK,3,0,3,0,0
2024-04-11,MATIC,6,0,6,0,0
2024-04-11,SHIBA,2,0,2,0,0
2024-04-11,SOL,14,0,14,0,0
2024-04-11,TERRA,3,0,3,0,0
2024-04-11,UNI,6,0,6,0,0
2024-04-11,XRP,3,0,3,0,0
2024-04-12,ADA,4,0,4,0,0
2024-04-12,AVAX,4,0,4,0,0
2024-04-12,BNB,1,0,1,0,0
2024-04-12,BTC,49,0,49,0,0
2024-04-12,DOGE,4,0,4,0,0
2024-04-12,DOT,1,0,1,0,0
2024-04-12,ETH,17,0,17,0,0
2024-04-12,LINK,1,0,1,0,0
2024-04-12,MATIC,4,0,4,0,0
2024-04-12,SHIBA,1,0,1,0,0
2024-04-12,SOL,16,0,16,0,0
2024-04-12,TERRA,2,0,2,0,0
2024-04-12,UNI,1,0,1,0,0
2024-04-12,VECHAIN,1,0,1,0,0
2024-04-12,XRP,1,0,1,0,0
2024-04-13,BTC,8,0,8,0,0
2024-04-13,ETH,4,0,4,0,0
2024-04-13,MATIC,1,0,1,0,0
2024-04-13,SOL,3,0,3,0,0
2024-04-13,UNI,1,0,1,0,0
2024-04-13,VECHAIN,1,0,1,0,0
2024-04-13,XRP,1,0,1,0,0
2024-04-14,ADA,1,0,1,0,0
2024-04-14,AVAX,2,0,2,0,0
2024-04-14,BNB,1,0,1,0,0
2024-04-14,BTC,10,0,10,0,0
2024-04-14,DOGE,2,0,2,0,0
2024-04-14,ETH,6,0,6,0,0
2024-04-14,MATIC,2,0,2,0,0
2024-04-14,SOL,6,0,6,0,0
2024-04-14,UNI,2,0,2,0,0
2024-04-14,VECHAIN,1,0,1,0,0
2024-04-14,XRP,1,0,1,0,0
2024-04-15,ADA,2,0,2,0,0
2024-04-15,AVAX,3,0,3,0,0
2024-04-15,BTC,60,0,60,0,0
2024-04-15,DOGE,3,0,3,0,0
2024-04-15,DOT,1,0,1,0,0
2024-04-15,ETH,17,0,17,0,0
2024-04-15,SHIBA,2,0,2,0,0
2024-04-15,SOL,15,0,15,0,0
2024-04-15,UNI,4,0,4,0,0
2024-04-15,XRP,5,0,5,0,0
2024-04-16,AVAX,4,0,4,0,0
2024-04-16,BTC,66,0,66,0,0
2024-04-16,DOGE,1,0,1,0,0
2024-04-16,ETH,26,0,26,0,0
2024-04-16,LINK,1,0,1,0,0
2024-04-16,LTC,2,0,2,0,0
2024-04-16,MATIC,9,0,9,0,0
2024-04-16,SOL,19,0,19,0,0
2024-04-16,TERRA,2,0,2,0,0
2024-04-16,UNI,3,0,3,0,0
2024-04-16,XRP,6,0,6,0,0
2024-04-17,ADA,2,0,2,0,0
2024-04-17,AVAX,4,0,4,0,0
2024-04-17,BTC,70,0,70,0,0
2024-04-17,DOGE,6,0,6,0,0
2024-04-17,DOT,3,0,3,0,0
2024-04-17,ETH,40,0,40,0,0
2024-04-17,LINK,3,0,3,0,0
2024-04-17,MATIC,12,0,12,0,0
2024-04-17,SHIBA,1,0,1,0,0
2024-04-17,SOL,21,0,21,0,0
2024-04-17,TERRA,1,0,1,0,0
2024-04-17,UNI,6,0,6,0,0
2024-04-17,VECHAIN,1,0,1,0,0
2024-04-17,XRP,5,0,5,0,0
2024-04-18,ADA,3,0,3,0,0
2024-04-18,AVAX,6,0,6,0,0
2024-04-18,BTC,70,0,70,0,0
2024-04-18,DOGE,3,0,3,0,0
2024-04-18,ETH,28,0,28,0,0
2024-04-18,MATIC,4,0,4,0,0
2024-04-18,SHIBA,2,0,2,0,0
2024-04-18,SOL,13,0,13,0,0
2024-04-18,UNI,5,0,5,0,0
2024-04-18,XRP,3,0,3,0,0
2024-04-19,ADA,1,0,1,0,0
2024-04-19,AVAX,6,0,6,0,0
2024-04-19,BTC,55,0,55,0,0
2024-04-19,DOGE,3,0,3,0,0
2024-04-19,DOT,2,0,2,0,0
2024-04-19,ETH,25,0,25,0,0
2024-04-19,LINK,1,0,1,0,0
2024-04-19,LTC,1,0,1,0,0
2024-04-19,MATIC,2,0,2,0,0
2024-04-19,SHIBA,3,0,3,0,0
2024-04-19,SOL,8,0,8,0,0
2024-04-19,TERRA,1,0,1,0,0
2024-04-19,UNI,1,0,1,0,0
2024-04-19,XRP,1,0,1,0,0
2024-04-20,ADA,1,0,1,0,0
2024-04-20,BTC,20,0,20,0,0
2024-04-20,ETH,3,0,3,0,0
2024-04-20,MATIC,1,0,1,0,0
2024-04-20,SOL,2,0,2,0,0
2024-04-20,XRP,2,0,2,0,0
2024-04-21,AVAX,2,0,2,0,0
2024-04-21,BNB,1,0,1,0,0
2024-04-21,BTC,11,0,11,0,0
2024-04-21,ETH,6,0,6,0,0
2024-04-21,SOL,4,0,4,0,0
2024-04-22,ADA,1,0,1,0,0
2024-04-22,AVAX,3,0,3,0,0
2024-04-22,BTC,63,0,63,0,0
2024-04-22,DOGE,2,0,2,0,0
2024-04-22,ETH,33,0,33,0,0
2024-04-22,LINK,3,0,3,0,0
2024-04-22,LTC,1,0,1,0,0
2024-04-22,MATIC,7,0,7,0,0
2024-04-22,SHIBA,2,0,2,0,0
2024-04-22,SOL,16,0,16,0,0
2024-04-22,UNI,2,0,2,0,0
2024-04-23,ADA,2,0,2,0,0
2024-04-23,BTC,49,0,49,0,0
2024-04-23,DOGE,2,0,2,0,0
2024-04-23,ETH,19,0,19,0,0
2024-04-23,LINK,3,0,3,0,0
2024-04-23,MATIC,1,0,1,0,0
2024-04-23,SHIBA,1,0,1,0,0
2024-04-23,SOL,5,0,5,0,0
2024-04-23,TERRA,2,0,2,0,0
2024-04-23,UNI,6,0,6,0,0
2024-04-23,XRP,6,0,6,0,0
2024-04-24,ADA,3,0,3,0,0
2024-04-24,AVAX,6,0,6,0,0
2024-04-24,BTC,64,0,64,0,0
2024-04-24,DOGE,3,0,3,0,0
2024-04-24,DOT,4,0,4,0,0
2024-04-24,ETH,34,0,34,0,0
2024-04-24,LINK,4,0,4,0,0
2024-04-24,MATIC,14,0,14,0,0
2024-04-24,SHIBA,4,0,4,0,0
2024-04-24,SOL,16,0,16,0,0
2024-04-24,TERRA,2,0,2,0,0
2024-04-24,UNI,8,0,8,0,0
2024-04-24,XRP,4,0,4,0,0
2024-04-25,ADA,1,0,1,0,0
2024-04-25,AVAX,2,0,2,0,0
2024-04-25,BTC,69,0,69,0,0
2024-04-25,DOGE,2,0,2,0,0
2024-04-25,DOT,1,0,1,0,0
2024-04-25,ETH,32,0,32,0,0
2024-04-25,LINK,2,0,2,0,0
2024-04-25,MATIC,12,0,12,0,0
2024-04-25,SHIBA,1,0,1,0,0
2024-04-25,SOL,15,0,15,0,0
2024-04-25,UNI,3,0,3,0,0
2024-04-25,XRP,4,0,4,0,0
2024-04-26,ADA,1,0,1,0,0
2024-04-26,AVAX,1,0,1,0,0
2024-04-26,BTC,49,0,49,0,0
2024-04-26,DOGE,1,0,1,0,0
2024-04-26,DOT,1,0,1,0,0
2024-04-26,ETH,21,0,21,0,0
2024-04-26,LINK,1,0,1,0,0
2024-04-26,LTC,1,0,1,0,0
2024-04-26,MATIC,2,0,2,0,0
2024-04-26,SHIBA,1,0,1,0,0
2024-04-26,SOL,10,0,10,0,0
2024-04-26,UNI,3,0,3,0,0
2024-04-26,XRP,2,0,2,0,0
2024-04-27,BTC,5,0,5,0,0
2024-04-27,DOGE,1,0,1,0,0
2024-04-27,ETH,3,0,3,0,0
2024-04-27,SOL,2,0,2,0,0
2024-04-28,ADA,1,0,1,0,0
2024-04-28,AVAX,2,0,2,0,0
2024-04-28,BTC,10,0,10,0,0
2024-04-28,DOT,2,0,2,0,0
2024-04-28,ETH,3,0,3,0,0
2024-04-28,MATIC,2,0,2,0,0
2024-04-29,ADA,1,0,1,0,0
2024-04-29,AVAX,5,0,5,0,0
2024-04-29,BTC,48,0,48,0,0
2024-04-29,DOGE,2,0,2,0,0
2024-04-29,DOT,1,0,1,0,0
2024-04-29,ETH,34,0,34,0,0
2024-04-29,LINK,1,0,1,0,0
2024-04-29,LTC,1,0,1,0,0
2024-04-29,MATIC,4,0,4,0,0
2024-04-29,SOL,12,0,12,0,0
2024-04-30,ADA,1,0,1,0,0
2024-04-30,AVAX,1,0,1,0,0
2024-04-30,BTC,66,0,66,0,0
2024-04-30,DOGE,2,0,2,0,0
2024-04-30,ETH,36,0,36,0,0
2024-04-30,MATIC,3,0,3,0,0
2024-04-30,SOL,15,0,15,0,0
2024-04-30,TERRA,1,0,1,0,0
2024-04-30,UNI,2,0,2,0,0
2024-04-30,XRP,3,0,3,0,0
2024-05-01,ADA,2,0,2,0,0
2024-05-01,AVAX,3,0,3,0,0
2024-05-01,BTC,57,0,57,0,0
2024-05-01,DOGE,5,0,5,0,0
2024-05-01,DOT,2,0,2,0,0
2024-05-01,ETH,33,0,33,0,0
2024-05-01,LINK,3,0,3,0,0
2024-05-01,MATIC,5,0,5,0,0
2024-05-01,SHIBA,2,0,2,0,0
2024-05-01,SOL,15,0,15,0,0
2024-05-01,TERRA,2,0,2,0,0
2024-05-01,UNI,3,0,3,0,0
2024-05-01,XRP,3,0,3,0,0
2024-05-02,ADA,2,0,2,0,0
2024-05-02,AVAX,1,0,1,0,0
2024-05-02,BTC,72,0,72,0,0
2024-05-02,DOGE,4,0,4,0,0
2024-05-02,DOT,1,0,1,0,0
2024-05-02,ETH,24,0,24,0,0
2024-05-02,LINK,1,0,1,0,0
2024-05-02,LTC,2,0,2,0,0
2024-05-02,MATIC,5,0,5,0,0
2024-05-02,SOL,15,0,15,0,0
2024-05-02,TERRA,1,0,1,0,0
2024-05-02,XRP,2,0,2,0,0
2024-05-03,ADA,2,0,2,0,0
2024-05-03,AVAX,3,0,3,0,0
2024-05-03,BTC,57,0,57,0,0
2024-05-03,DOGE,4,0,4,0,0
2024-05-03,ETH,16,0,16,0,0
2024-05-03,LINK,1,0,1,0,0
2024-05-03,MATIC,2,0,2,0,0
2024-05-03,SHIBA,2,0,2,0,0
2024-05-03,SOL,9,0,9,0,0
2024-05-04,BTC,7,0,7,0,0
2024-05-04,ETH,2,0,2,0,0
2024-05-04,SOL,1,0,1,0,0
2024-05-05,ADA,1,0,1,0,0
2024-05-05,BTC,11,0,11,0,0
2024-05-05,DOGE,1,0,1,0,0
2024-05-05,ETH,5,0,5,0,0
2024-05-05,LTC,1,0,1,0,0
2024-05-05,MATIC,2,0,2,0,0
2024-05-05,SOL,3,0,3,0,0
2024-05-05,TERRA,1,0,1,0,0
2024-05-05,UNI,2,0,2,0,0
2024-05-05,XRP,1,0,1,0,0
2024-05-06,ADA,4,0,4,0,0
2024-05-06,AVAX,1,0,1,0,0
2024-05-06,BTC,57,0,57,0,0
2024-05-06,DOGE,5,0,5,0,0
2024-05-06,ETH,20,0,20,0,0
2024-05-06,MATIC,6,0,6,0,0
2024-05-06,SHIBA,3,0,3,0,0
2024-05-06,SOL,16,0,16,0,0
2024-05-06,TERRA,1,0,1,0,0
2024-05-06,UNI,2,0,2,0,0
2024-05-06,XRP,4,0,4,0,0
2024-05-07,ADA,4,0,4,0,0
2024-05-07,AVAX,1,0,1,0,0
2024-05-07,BTC,61,0,61,0,0
2024-05-07,DOGE,1,0,1,0,0
2024-05-07,ETH,31,0,31,0,0
2024-05-07,LINK,1,0,1,0,0
2024-05-07,MATIC,12,0,12,0,0
2024-05-07,SHIBA,1,0,1,0,0
2024-05-07,SOL,17,0,17,0,0
2024-05-07,TERRA,2,0,2,0,0
2024-05-07,UNI,1,0,1,0,0
2024-05-07,XRP,2,0,2,0,0
2024-05-08,ADA,2,0,2,0,0
2024-05-08,AVAX,4,0,4,0,0
2024-05-08,BTC,59,0,59,0,0
2024-05-08,DOGE,2,0,2,0,0
2024-05-08,DOT,1,0,1,0,0
2024-05-08,ETH,32,0,32,0,0
2024-05-08,LINK,3,0,3,0,0
2024-05-08,MATIC,6,0,6,0,0
2024-05-08,SHIBA,1,0,1,0,0
2024-05-08,SOL,19,0,19,0,0
2024-05-08,TERRA,2,0,2,0,0
2024-05-08,UNI,2,0,2,0,0
2024-05-08,XRP,8,0,8,0,0
2024-05-09,ADA,2,0,2,0,0
2024-05-09,AVAX,3,0,3,0,0
2024-05-09,BTC,53,0,53,0,0
2024-05-09,DOGE,5,0,5,0,0
2024-05-09,DOT,1,0,1,0,0
2024-05-09,ETH,39,0,39,0,0
2024-05-09,LINK,1,0,1,0,0
2024-05-09,LTC,1,0,1,0,0
2024-05-09,MATIC,12,0,12,0,0
2024-05-09,SHIBA,4,0,4,0,0
2024-05-09,SOL,15,0,15,0,0
2024-05-09,UNI,3,0,3,0,0
2024-05-09,XRP,3,0,3,0,0
2024-05-10,ADA,2,0,2,0,0
2024-05-10,AVAX,2,0,2,0,0
2024-05-10,BTC,48,0,48,0,0
2024-05-10,DOGE,4,0,4,0,0
2024-05-10,ETH,22,0,22,0,0
2024-05-10,MATIC,4,0,4,0,0
2024-05-10,SHIBA,1,0,1,0,0
2024-05-10,SOL,9,0,9,0,0
2024-05-10,TERRA,1,0,1,0,0
2024-05-10,UNI,3,0,3,0,0
2024-05-10,XRP,2,0,2,0,0
2024-05-11,ADA,1,0,1,0,0
2024-05-11,BTC,8,0,8,0,0
2024-05-11,DOGE,1,0,1,0,0
2024-05-11,ETH,8,0,8,0,0
2024-05-11,MATIC,1,0,1,0,0
2024-05-11,SOL,3,0,3,0,0
2024-05-11,UNI,1,0,1,0,0
2024-05-12,BTC,8,0,8,0,0
2024-05-12,ETH,3,0,3,0,0
2024-05-13,ADA,1,0,1,0,0
2024-05-13,BTC,47,0,47,0,0
2024-05-13,DOGE,5,0,5,0,0
2024-05-13,ETH,20,0,20,0,0
2024-05-13,LINK,3,0,3,0,0
2024-05-13,MATIC,1,0,1,0,0
2024-05-13,SHIBA,3,0,3,0,0
2024-05-13,SOL,14,0,14,0,0
2024-05-13,TERRA,2,0,2,0,0
2024-05-13,UNI,4,0,4,0,0
2024-05-13,XRP,7,0,7,0,0
2024-05-14,ADA,2,0,2,0,0
2024-05-14,AVAX,2,0,2,0,0
2024-05-14,BTC,51,0,51,0,0
2024-05-14,DOGE,5,0,5,0,0
2024-05-14,DOT,1,0,1,0,0
2024-05-14,ETH,29,0,29,0,0
2024-05-14,MATIC,4,0,4,0,0
2024-05-14,SHIBA,2,0,2,0,0
2024-05-14,SOL,24,0,24,0,0
2024-05-14,UNI,3,0,3,0,0
2024-05-14,XRP,6,0,6,0,0
2024-05-15,ADA,4,0,4,0,0
2024-05-15,AVAX,4,0,4,0,0
2024-05-15,BTC,64,0,64,0,0
2024-05-15,DOGE,5,0,5,0,0
2024-05-15,DOT,3,0,3,0,0
2024-05-15,ETH,41,0,41,0,0
2024-05-15,LINK,1,0,1,0,0
2024-05-15,LTC,2,0,2,0,0
2024-05-15,MATIC,7,0,7,0,0
2024-05-15,SHIBA,3,0,3,0,0
2024-05-15,SOL,23,0,23,0,0
2024-05-15,UNI,1,0,1,0,0
2024-05-15,XRP,4,0,4,0,0
2024-05-16,ADA,1,0,1,0,0
2024-05-16,BTC,49,0,49,0,0
2024-05-16,DOGE,3,0,3,0,0
2024-05-16,ETH,20,0,20,0,0
2024-05-16,LINK,3,0,3,0,0
2024-05-16,LTC,2,0,2,0,0
2024-05-16,MATIC,5,0,5,0,0
2024-05-16,SHIBA,2,0,2,0,0
2024-05-16,SOL,10,0,10,0,0
2024-05-16,UNI,2,0,2,0,0
2024-05-16,VECHAIN,1,0,1,0,0
2024-05-16,XRP,3,0,3,0,0
2024-05-17,ADA,1,0,1,0,0
2024-05-17,AVAX,1,0,1,0,0
2024-05-17,BTC,41,0,41,0,0
2024-05-17,DOGE,2,0,2,0,0
2024-05-17,ETH,19,0,19,0,0
2024-05-17,LINK,4,0,4,0,0
2024-05-17,LTC,1,0,1,0,0
2024-05-17,MATIC,4,0,4,0,0
2024-05-17,SHIBA,1,0,1,0,0
2024-05-17,SOL,14,0,14,0,0
2024-05-17,XRP,3,0,3,0,0
2024-05-18,BTC,4,0,4,0,0
2024-05-18,ETH,1,0,1,0,0
2024-05-18,SOL,1,0,1,0,0
2024-05-19,BTC,10,0,10,0,0
2024-05-19,ETH,2,0,2,0,0
2024-05-19,MATIC,1,0,1,0,0
2024-05-19,SOL,5,0,5,0,0
2024-05-19,XRP,3,0,3,0,0
2024-05-20,ADA,4,0,4,0,0
2024-05-20,AVAX,2,0,2,0,0
2024-05-20,BTC,55,0,55,0,0
2024-05-20,DOGE,4,0,4,0,0
2024-05-20,ETH,32,0,32,0,0
2024-05-20,LINK,3,0,3,0,0
2024-05-20,LTC,1,0,1,0,0
2024-05-20,MATIC,3,0,3,0,0
2024-05-20,SHIBA,1,0,1,0,0
2024-05-20,SOL,16,0,16,0,0
2024-05-20,UNI,2,0,2,0,0
2024-05-20,XRP,2,0,2,0,0
2024-05-21,ADA,1,0,1,0,0
2024-05-21,AVAX,4,0,4,0,0
2024-05-21,BTC,52,0,52,0,0
2024-05-21,DOGE,5,0,5,0,0
2024-05-21,DOT,1,0,1,0,0
2024-05-21,ETH,57,0,57,0,0
2024-05-21,LINK,3,0,3,0,0
2024-05-21,MATIC,3,0,3,0,0
2024-05-21,SHIBA,3,0,3,0,0
2024-05-21,SOL,18,0,18,0,0
2024-05-21,TERRA,1,0,1,0,0
2024-05-21,UNI,6,0,6,0,0
2024-05-21,XRP,8,0,8,0,0
2024-05-22,ADA,4,0,4,0,0
2024-05-22,AVAX,1,0,1,0,0
2024-05-22,BTC,53,0,53,0,0
2024-05-22,DOGE,3,0,3,0,0
2024-05-22,DOT,3,0,3,0,0
2024-05-22,ETH,48,0,48,0,0
2024-05-22,LINK,2,0,2,0,0
2024-05-22,MATIC,4,0,4,0,0
2024-05-22,SHIBA,3,0,3,0,0
2024-05-22,SOL,15,0,15,0,0
2024-05-22,UNI,8,0,8,0,0
2024-05-22,XRP,9,0,9,0,0
2024-05-23,AVAX,2,0,2,0,0
2024-05-23,BTC,61,0,61,0,0
2024-05-23,DOGE,7,0,7,0,0
2024-05-23,DOT,1,0,1,0,0
2024-05-23,ETH,49,0,49,0,0
2024-05-23,LINK,2,0,2,0,0
2024-05-23,LTC,2,0,2,0,0
2024-05-23,MATIC,2,0,2,0,0
2024-05-23,SHIBA,3,0,3,0,0
2024-05-23,SOL,12,0,12,0,0
2024-05-23,TERRA,1,0,1,0,0
2024-05-23,XRP,4,0,4,0,0
2024-05-24,ADA,4,0,4,0,0
2024-05-24,AVAX,2,0,2,0,0
2024-05-24,BNB,1,0,1,0,0
2024-05-24,BTC,44,0,44,0,0
2024-05-24,DOGE,12,0,12,0,0
2024-05-24,ETH,34,0,34,0,0
2024-05-24,LINK,4,0,4,0,0
2024-05-24,MATIC,2,0,2,0,0
2024-05-24,SHIBA,7,0,7,0,0
2024-05-24,SOL,12,0,12,0,0
2024-05-24,UNI,4,0,4,0,0
2024-05-24,XRP,10,0,10,0,0
2024-05-25,AVAX,1,0,1,0,0
2024-05-25,BTC,10,0,10,0,0
2024-05-25,DOGE,1,0,1,0,0
2024-05-25,ETH,6,0,6,0,0
2024-05-25,MATIC,1,0,1,0,0
2024-05-25,SOL,2,0,2,0,0
2024-05-26,ADA,1,0,1,0,0
2024-05-26,BTC,9,0,9,0,0
2024-05-26,DOGE,2,0,2,0,0
2024-05-26,ETH,6,0,6,0,0
2024-05-26,SHIBA,1,0,1,0,0
2024-05-26,SOL,3,0,3,0,0
2024-05-26,UNI,1,0,1,0,0
2024-05-26,XRP,1,0,1,0,0
2024-05-27,ADA,2,0,2,0,0
2024-05-27,AVAX,1,0,1,0,0
2024-05-27,BTC,30,0,30,0,0
2024-05-27,DOGE,3,0,3,0,0
2024-05-27,ETH,27,0,27,0,0
2024-05-27,LINK,1,0,1,0,0
2024-05-27,MATIC,3,0,3,0,0
2024-05-27,SHIBA,2,0,2,0,0
2024-05-27,SOL,17,0,17,0,0
2024-05-27,UNI,5,0,5,0,0
2024-05-27,XRP,3,0,3,0,0
2024-05-28,ADA,2,0,2,0,0
2024-05-28,AVAX,2,0,2,0,0
2024-05-28,BTC,52,0,52,0,0
2024-05-28,DOGE,5,0,5,0,0
2024-05-28,DOT,1,0,1,0,0
2024-05-28,ETH,39,0,39,0,0
2024-05-28,LINK,3,0,3,0,0
2024-05-28,MATIC,6,0,6,0,0
2024-05-28,SHIBA,2,0,2,0,0
2024-05-28,SOL,22,0,22,0,0
2024-05-28,UNI,1,0,1,0,0
2024-05-28,XRP,2,0,2,0,0
2024-05-29,ADA,5,0,5,0,0
2024-05-29,AVAX,2,0,2,0,0
2024-05-29,BNB,1,0,1,0,0
2024-05-29,BTC,59,0,59,0,0
2024-05-29,DOGE,8,0,8,0,0
2024-05-29,DOT,1,0,1,0,0
2024-05-29,ETH,38,0,38,0,0
2024-05-29,LINK,2,0,2,0,0
2024-05-29,LTC,1,0,1,0,0
2024-05-29,MATIC,8,0,8,0,0
2024-05-29,SHIBA,3,0,3,0,0
2024-05-29,SOL,25,0,25,0,0
2024-05-29,TERRA,1,0,1,0,0
2024-05-29,UNI,3,0,3,0,0
2024-05-29,XRP,7,0,7,0,0
2024-05-30,ADA,5,0,5,0,0
2024-05-30,AVAX,3,0,3,0,0
2024-05-30,BTC,59,0,59,0,0
2024-05-30,DOGE,5,0,5,0,0
2024-05-30,DOT,1,0,1,0,0
2024-05-30,ETH,48,0,48,0,0
2024-05-30,LINK,1,0,1,0,0
2024-05-30,MATIC,4,0,4,0,0
2024-05-30,SHIBA,4,0,4,0,0
2024-05-30,SOL,25,0,25,0,0
2024-05-30,TERRA,2,0,2,0,0
2024-05-30,UNI,3,0,3,0,0
2024-05-30,XRP,8,0,8,0,0
2024-05-31,ADA,3,0,3,0,0
2024-05-31,AVAX,1,0,1,0,0
2024-05-31,BNB,1,0,1,0,0
2024-05-31,BTC,49,0,49,0,0
2024-05-31,DOGE,6,0,6,0,0
2024-05-31,DOT,1,0,1,0,0
2024-05-31,ETH,24,0,24,0,0
2024-05-31,LTC,1,0,1,0,0
2024-05-31,MATIC,4,0,4,0,0
2024-05-31,SHIBA,5,0,5,0,0
2024-05-31,SOL,13,0,13,0,0
2024-05-31,TERRA,3,0,3,0,0
2024-05-31,UNI,2,0,2,0,0
2024-05-31,XRP,6,0,6,0,0
2024-06-01,BTC,10,0,10,0,0
2024-06-01,ETH,6,0,6,0,0
2024-06-01,SOL,1,0,1,0,0
2024-06-01,UNI,1,0,1,0,0
2024-06-01,XRP,1,0,1,0,0
2024-06-02,ADA,1,0,1,0,0
2024-06-02,BTC,8,0,8,0,0
2024-06-02,ETH,8,0,8,0,0
2024-06-02,MATIC,2,0,2,0,0
2024-06-02,SHIBA,2,0,2,0,0
2024-06-02,SOL,2,0,2,0,0
2024-06-02,XRP,1,0,1,0,0
2024-06-03,ADA,2,0,2,0,0
2024-06-03,BTC,40,0,40,0,0
2024-06-03,DOGE,4,0,4,0,0
2024-06-03,DOT,1,0,1,0,0
2024-06-03,ETH,22,0,22,0,0
2024-06-03,LINK,1,0,1,0,0
2024-06-03,LTC,1,0,1,0,0
2024-06-03,MATIC,1,0,1,0,0
2024-06-03,SHIBA,2,0,2,0,0
2024-06-03,SOL,15,0,15,0,0
2024-06-03,TERRA,1,0,1,0,0
2024-06-03,UNI,1,0,1,0,0
2024-06-03,XRP,4,0,4,0,0
2024-06-04,ADA,1,0,1,0,0
2024-06-04,BTC,35,0,35,0,0
2024-06-04,DOGE,3,0,3,0,0
2024-06-04,DOT,2,0,2,0,0
2024-06-04,ETH,25,0,25,0,0
2024-06-04,MATIC,5,0,5,0,0
2024-06-04,SHIBA,2,0,2,0,0
2024-06-04,SOL,10,0,10,0,0
2024-06-04,UNI,3,0,3,0,0
2024-06-04,XRP,5,0,5,0,0
2024-06-05,ADA,1,0,1,0,0
2024-06-05,AVAX,3,0,3,0,0
2024-06-05,BTC,40,0,40,0,0
2024-06-05,DOGE,2,0,2,0,0
2024-06-05,DOT,1,0,1,0,0
2024-06-05,ETH,32,0,32,0,0
2024-06-05,LTC,1,0,1,0,0
2024-06-05,MATIC,7,0,7,0,0
2024-06-05,SHIBA,2,0,2,0,0
2024-06-05,SOL,12,0,12,0,0
2024-06-05,XRP,1,0,1,0,0
2024-06-06,ADA,2,0,2,0,0
2024-06-06,AVAX,2,0,2,0,0
2024-06-06,BNB,1,0,1,0,0
2024-06-06,BTC,41,0,41,0,0
2024-06-06,DOGE,3,0,3,0,0
2024-06-06,ETH,27,0,27,0,0
2024-06-06,LTC,2,0,2,0,0
2024-06-06,MATIC,5,0,5,0,0
2024-06-06,SHIBA,2,0,2,0,0
2024-06-06,SOL,10,0,10,0,0
2024-06-06,UNI,2,0,2,0,0
2024-06-06,XRP,7,0,7,0,0
2024-06-07,ADA,2,0,2,0,0
2024-06-07,AVAX,1,0,1,0,0
2024-06-07,BTC,35,0,35,0,0
2024-06-07,DOGE,6,0,6,0,0
2024-06-07,ETH,17,0,17,0,0
2024-06-07,LINK,1,0,1,0,0
2024-06-07,MATIC,2,0,2,0,0
2024-06-07,SHIBA,2,0,2,0,0
2024-06-07,SOL,13,0,13,0,0
2024-06-07,XRP,2,0,2,0,0
2024-06-08,BTC,10,0,10,0,0
2024-06-08,DOGE,2,0,2,0,0
2024-06-08,ETH,6,0,6,0,0
2024-06-08,SHIBA,1,0,1,0,0
2024-06-08,SOL,3,0,3,0,0
2024-06-09,BTC,5,0,5,0,0
2024-06-09,ETH,6,0,6,0,0
2024-06-09,SOL,2,0,2,0,0
2024-06-09,UNI,2,0,2,0,0
2024-06-10,ADA,2,0,2,0,0
2024-06-10,AVAX,1,0,1,0,0
2024-06-10,BNB,1,0,1,0,0
2024-06-10,BTC,40,0,40,0,0
2024-06-10,DOGE,6,0,6,0,0
2024-06-10,DOT,1,0,1,0,0
2024-06-10,ETH,24,0,24,0,0
2024-06-10,MATIC,1,0,1,0,0
2024-06-10,SHIBA,2,0,2,0,0
2024-06-10,SOL,12,0,12,0,0
2024-06-10,XRP,4,0,4,0,0
2024-06-11,ADA,1,0,1,0,0
2024-06-11,BTC,39,0,39,0,0
2024-06-11,DOGE,3,0,3,0,0
2024-06-11,DOT,1,0,1,0,0
2024-06-11,ETH,23,0,23,0,0
2024-06-11,LINK,2,0,2,0,0
2024-06-11,LTC,1,0,1,0,0
2024-06-11,MATIC,3,0,3,0,0
2024-06-11,SOL,11,0,11,0,0
2024-06-11,UNI,3,0,3,0,0
2024-06-11,XRP,3,0,3,0,0
2024-06-12,ADA,1,0,1,0,0
2024-06-12,AVAX,5,0,5,0,0
2024-06-12,BTC,42,0,42,0,0
2024-06-12,DOGE,6,0,6,0,0
2024-06-12,ETH,22,0,22,0,0
2024-06-12,LINK,2,0,2,0,0
2024-06-12,MATIC,8,0,8,0,0
2024-06-12,SHIBA,4,0,4,0,0
2024-06-12,SOL,17,0,17,0,0
2024-06-12,TERRA,4,0,4,0,0
2024-06-12,UNI,1,0,1,0,0
2024-06-13,ADA,1,0,1,0,0
2024-06-13,AVAX,1,0,1,0,0
2024-06-13,BTC,39,0,39,0,0
2024-06-13,DOGE,2,0,2,0,0
2024-06-13,DOT,1,0,1,0,0
2024-06-13,ETH,22,0,22,0,0
2024-06-13,LINK,1,0,1,0,0
2024-06-13,MATIC,6,0,6,0,0
2024-06-13,SHIBA,2,0,2,0,0
2024-06-13,SOL,16,0,16,0,0
2024-06-13,TERRA,5,0,5,0,0
2024-06-13,UNI,1,0,1,0,0
2024-06-13,XRP,4,0,4,0,0
2024-06-14,ADA,3,0,3,0,0
2024-06-14,AVAX,2,0,2,0,0
2024-06-14,BNB,1,0,1,0,0
2024-06-14,BTC,38,0,38,0,0
2024-06-14,DOGE,1,0,1,0,0
2024-06-14,ETH,25,0,25,0,0
2024-06-14,LTC,1,0,1,0,0
2024-06-14,MATIC,4,0,4,0,0
2024-06-14,SHIBA,2,0,2,0,0
2024-06-14,SOL,20,0,20,0,0
2024-06-14,TERRA,1,0,1,0,0
2024-06-14,UNI,3,0,3,0,0
2024-06-14,XRP,5,0,5,0,0
2024-06-15,BTC,8,0,8,0,0
2024-06-15,DOGE,1,0,1,0,0
2024-06-15,ETH,5,0,5,0,0
2024-06-15,MATIC,1,0,1,0,0
2024-06-15,SOL,3,0,3,0,0
2024-06-15,XRP,1,0,1,0,0
2024-06-16,ADA,1,0,1,0,0
2024-06-16,BTC,12,0,12,0,0
2024-06-16,ETH,5,0,5,0,0
2024-06-16,SOL,5,0,5,0,0
2024-06-16,UNI,1,0,1,0,0
2024-06-17,ADA,2,0,2,0,0
2024-06-17,AVAX,2,0,2,0,0
2024-06-17,BTC,41,0,41,0,0
2024-06-17,DOGE,5,0,5,0,0
2024-06-17,ETH,29,0,29,0,0
2024-06-17,LINK,1,0,1,0,0
2024-06-17,LTC,1,0,1,0,0
2024-06-17,SHIBA,1,0,1,0,0
2024-06-17,SOL,12,0,12,0,0
2024-06-17,TERRA,2,0,2,0,0
2024-06-17,XRP,5,0,5,0,0
2024-06-18,ADA,1,0,1,0,0
2024-06-18,AVAX,2,0,2,0,0
2024-06-18,BTC,37,0,37,0,0
2024-06-18,DOGE,3,0,3,0,0
2024-06-18,ETH,24,0,24,0,0
2024-06-18,MATIC,6,0,6,0,0
2024-06-18,SHIBA,3,0,3,0,0
2024-06-18,SOL,18,0,18,0,0
2024-06-18,UNI,1,0,1,0,0
2024-06-18,XRP,6,0,6,0,0
2024-06-19,ADA,2,0,2,0,0
2024-06-19,AVAX,2,0,2,0,0
2024-06-19,BTC,26,0,26,0,0
2024-06-19,DOGE,3,0,3,0,0
2024-06-19,DOT,1,0,1,0,0
2024-06-19,ETH,28,0,28,0,0
2024-06-19,LINK,1,0,1,0,0
2024-06-19,LTC,1,0,1,0,0
2024-06-19,MATIC,7,0,7,0,0
2024-06-19,SHIBA,2,0,2,0,0
2024-06-19,SOL,17,0,17,0,0
2024-06-19,TERRA,2,0,2,0,0
2024-06-19,UNI,1,0,1,0,0
2024-06-19,XRP,3,0,3,0,0
2024-06-20,ADA,1,0,1,0,0
2024-06-20,AVAX,4,0,4,0,0
2024-06-20,BNB,1,0,1,0,0
2024-06-20,BTC,38,0,38,0,0
2024-06-20,DOGE,3,0,3,0,0
2024-06-20,DOT,9,0,9,0,0
2024-06-20,ETH,34,0,34,0,0
2024-06-20,LINK,1,0,1,0,0
2024-06-20,MATIC,6,0,6,0,0
2024-06-20,SOL,12,0,12,0,0
2024-06-20,TERRA,2,0,2,0,0
2024-06-20,XRP,1,0,1,0,0
2024-06-21,ADA,2,0,2,0,0
2024-06-21,AVAX,1,0,1,0,0
2024-06-21,BNB,1,0,1,0,0
2024-06-21,BTC,37,0,37,0,0
2024-06-21,DOGE,2,0,2,0,0
2024-06-21,DOT,1,0,1,0,0
2024-06-21,ETH,26,0,26,0,0
2024-06-21,LINK,1,0,1,0,0
2024-06-21,MATIC,3,0,3,0,0
2024-06-21,SHIBA,1,0,1,0,0
2024-06-21,SOL,9,0,9,0,0
2024-06-21,XRP,6,0,6,0,0
2024-06-22,BTC,7,0,7,0,0
2024-06-22,DOT,1,0,1,0,0
2024-06-22,ETH,3,0,3,0,0
2024-06-22,MATIC,1,0,1,0,0
2024-06-22,SOL,5,0,5,0,0
2024-06-23,AVAX,1,0,1,0,0
2024-06-23,BTC,12,0,12,0,0
2024-06-23,ETH,6,0,6,0,0
2024-06-23,MATIC,1,0,1,0,0
2024-06-23,SOL,4,0,4,0,0
2024-06-24,ADA,2,0,2,0,0
2024-06-24,AVAX,2,0,2,0,0
2024-06-24,BTC,55,0,55,0,0
2024-06-24,DOGE,5,0,5,0,0
2024-06-24,DOT,4,0,4,0,0
2024-06-24,ETH,30,0,30,0,0
2024-06-24,LTC,1,0,1,0,0
2024-06-24,MATIC,7,0,7,0,0
2024-06-24,SHIBA,4,0,4,0,0
2024-06-24,SOL,12,0,12,0,0
2024-06-24,TERRA,6,0,6,0,0
2024-06-24,XRP,7,0,7,0,0
2024-06-25,ADA,1,0,1,0,0
2024-06-25,AVAX,2,0,2,0,0
2024-06-25,BTC,58,0,58,0,0
2024-06-25,DOGE,2,0,2,0,0
2024-06-25,DOT,5,0,5,0,0
2024-06-25,ETH,33,0,33,0,0
2024-06-25,LINK,1,0,1,0,0
2024-06-25,MATIC,2,0,2,0,0
2024-06-25,SHIBA,3,0,3,0,0
2024-06-25,SOL,17,0,17,0,0
2024-06-25,UNI,1,0,1,0,0
2024-06-25,XRP,5,0,5,0,0
2024-06-26,ADA,4,0,4,0,0
2024-06-26,AVAX,3,0,3,0,0
2024-06-26,BTC,33,0,33,0,0
2024-06-26,DOGE,1,0,1,0,0
2024-06-26,DOT,3,0,3,0,0
2024-06-26,ETH,21,0,21,0,0
2024-06-26,LTC,1,0,1,0,0
2024-06-26,MATIC,4,0,4,0,0
2024-06-26,SHIBA,1,0,1,0,0
2024-06-26,SOL,9,0,9,0,0
2024-06-26,UNI,1,0,1,0,0
2024-06-26,XRP,6,0,6,0,0
2024-06-27,AVAX,3,0,3,0,0
2024-06-27,BTC,44,0,44,0,0
2024-06-27,DOGE,1,0,1,0,0
2024-06-27,DOT,4,0,4,0,0
2024-06-27,ETH,39,0,39,0,0
2024-06-27,LINK,1,0,1,0,0
2024-06-27,MATIC,3,0,3,0,0
2024-06-27,SHIBA,1,0,1,0,0
2024-06-27,SOL,16,0,16,0,0
2024-06-27,TERRA,2,0,2,0,0
2024-06-27,UNI,2,0,2,0,0
2024-06-27,XRP,3,0,3,0,0
2024-06-28,ADA,1,0,1,0,0
2024-06-28,AVAX,2,0,2,0,0
2024-06-28,BTC,47,0,47,0,0
2024-06-28,DOGE,1,0,1,0,0
2024-06-28,DOT,1,0,1,0,0
2024-06-28,ETH,16,0,16,0,0
2024-06-28,MATIC,4,0,4,0,0
2024-06-28,SHIBA,1,0,1,0,0
2024-06-28,SOL,17,0,17,0,0
2024-06-28,TERRA,1,0,1,0,0
2024-06-28,XRP,1,0,1,0,0
2024-06-29,AVAX,1,0,1,0,0
2024-06-29,BTC,6,0,6,0,0
2024-06-29,DOGE,1,0,1,0,0
2024-06-29,DOT,1,0,1,0,0
2024-06-29,ETH,6,0,6,0,0
2024-06-29,MATIC,1,0,1,0,0
2024-06-29,SHIBA,1,0,1,0,0
2024-06-29,SOL,6,0,6,0,0
2024-06-29,XRP,3,0,3,0,0
2024-06-30,AVAX,1,0,1,0,0
2024-06-30,BTC,9,0,9,0,0
2024-06-30,DOGE,1,0,1,0,0
2024-06-30,ETH,7,0,7,0,0
2024-06-30,LTC,1,0,1,0,0
2024-06-30,SOL,3,0,3,0,0
2024-06-30,UNI,1,0,1,0,0
2024-06-30,XRP,1,0,1,0,0
2024-07-01,ADA,2,0,2,0,0
2024-07-01,AVAX,1,0,1,0,0
2024-07-01,BTC,27,0,27,0,0
2024-07-01,DOGE,2,0,2,0,0
2024-07-01,DOT,1,0,1,0,0
2024-07-01,ETH,22,0,22,0,0
2024-07-01,LTC,1,0,1,0,0
2024-07-01,MATIC,4,0,4,0,0
2024-07-01,SHIBA,1,0,1,0,0
2024-07-01,SOL,15,0,15,0,0
2024-07-01,VECHAIN,1,0,1,0,0
2024-07-01,XRP,2,0,2,0,0
2024-07-02,ADA,3,0,3,0,0
2024-07-02,AVAX,4,0,4,0,0
2024-07-02,BTC,36,0,36,0,0
2024-07-02,DOGE,3,0,3,0,0
2024-07-02,DOT,2,0,2,0,0
2024-07-02,ETH,25,0,25,0,0
2024-07-02,LINK,1,0,1,0,0
2024-07-02,MATIC,7,0,7,0,0
2024-07-02,SHIBA,2,0,2,0,0
2024-07-02,SOL,15,0,15,0,0
2024-07-02,UNI,1,0,1,0,0
2024-07-02,XRP,4,0,4,0,0
2024-07-03,ADA,1,0,1,0,0
2024-07-03,AVAX,1,0,1,0,0
2024-07-03,BTC,36,0,36,0,0
2024-07-03,DOGE,2,0,2,0,0
2024-07-03,ETH,20,0,20,0,0
2024-07-03,LINK,3,0,3,0,0
2024-07-03,MATIC,4,0,4,0,0
2024-07-03,SHIBA,1,0,1,0,0
2024-07-03,SOL,20,0,20,0,0
2024-07-03,XRP,1,0,1,0,0
2024-07-04,BTC,35,0,35,0,0
2024-07-04,DOGE,2,0,2,0,0
2024-07-04,DOT,1,0,1,0,0
2024-07-04,ETH,16,0,16,0,0
2024-07-04,LTC,2,0,2,0,0
2024-07-04,MATIC,5,0,5,0,0
2024-07-04,SHIBA,1,0,1,0,0
2024-07-04,SOL,11,0,11,0,0
2024-07-04,UNI,1,0,1,0,0
2024-07-04,XRP,2,0,2,0,0
2024-07-05,ADA,4,0,4,0,0
2024-07-05,AVAX,2,0,2,0,0
2024-07-05,BTC,35,0,35,0,0
2024-07-05,DOGE,2,0,2,0,0
2024-07-05,ETH,14,0,14,0,0
2024-07-05,SHIBA,1,0,1,0,0
2024-07-05,SOL,7,0,7,0,0
2024-07-06,BTC,6,0,6,0,0
2024-07-06,ETH,3,0,3,0,0
2024-07-06,MATIC,1,0,1,0,0
2024-07-06,SOL,2,0,2,0,0
2024-07-07,BTC,6,0,6,0,0
2024-07-07,DOT,1,0,1,0,0
2024-07-07,ETH,3,0,3,0,0
2024-07-07,SOL,3,0,3,0,0
2024-07-08,ADA,3,0,3,0,0
2024-07-08,AVAX,1,0,1,0,0
2024-07-08,BTC,41,0,41,0,0
2024-07-08,DOGE,2,0,2,0,0
2024-07-08,DOT,1,0,1,0,0
2024-07-08,ETH,19,0,19,0,0
2024-07-08,LINK,1,0,1,0,0
2024-07-08,MATIC,2,0,2,0,0
2024-07-08,SHIBA,1,0,1,0,0
2024-07-08,SOL,12,0,12,0,0
2024-07-08,UNI,1,0,1,0,0
2024-07-08,XRP,1,0,1,0,0
2024-07-09,ADA,3,0,3,0,0
2024-07-09,AVAX,6,0,6,0,0
2024-07-09,BTC,61,0,61,0,0
2024-07-09,DOGE,4,0,4,0,0
2024-07-09,DOT,2,0,2,0,0
2024-07-09,ETH,37,0,37,0,0
2024-07-09,LINK,1,0,1,0,0
2024-07-09,MATIC,10,0,10,0,0
2024-07-09,SHIBA,2,0,2,0,0
2024-07-09,SOL,25,0,25,0,0
2024-07-09,TERRA,2,0,2,0,0
2024-07-09,UNI,1,0,1,0,0
2024-07-09,VECHAIN,1,0,1,0,0
2024-07-10,ADA,1,0,1,0,0
2024-07-10,AVAX,3,0,3,0,0
2024-07-10,BTC,63,0,63,0,0
2024-07-10,DOGE,2,0,2,0,0
2024-07-10,ETH,32,0,32,0,0
2024-07-10,LTC,1,0,1,0,0
2024-07-10,MATIC,2,0,2,0,0
2024-07-10,SHIBA,1,0,1,0,0
2024-07-10,SOL,14,0,14,0,0
2024-07-10,UNI,1,0,1,0,0
2024-07-10,XRP,4,0,4,0,0
2024-07-11,ADA,2,0,2,0,0
2024-07-11,AVAX,1,0,1,0,0
2024-07-11,BTC,65,0,65,0,0
2024-07-11,DOGE,1,0,1,0,0
2024-07-11,DOT,1,0,1,0,0
2024-07-11,ETH,19,0,19,0,0
2024-07-11,MATIC,4,0,4,0,0
2024-07-11,SHIBA,1,0,1,0,0
2024-07-11,SOL,10,0,10,0,0
2024-07-11,TERRA,3,0,3,0,0
2024-07-11,UNI,2,0,2,0,0
2024-07-11,XRP,4,0,4,0,0
2024-07-12,ADA,2,0,2,0,0
2024-07-12,AVAX,3,0,3,0,0
2024-07-12,BTC,46,0,46,0,0
2024-07-12,DOGE,4,0,4,0,0
2024-07-12,ETH,18,0,18,0,0
2024-07-12,LTC,1,0,1,0,0
2024-07-12,MATIC,5,0,5,0,0
2024-07-12,SHIBA,3,0,3,0,0
2024-07-12,SOL,12,0,12,0,0
2024-07-12,XRP,2,0,2,0,0
2024-07-13,ADA,1,0,1,0,0
2024-07-13,BTC,7,0,7,0,0
2024-07-13,ETH,5,0,5,0,0
2024-07-13,SOL,2,0,2,0,0
2024-07-13,XRP,1,0,1,0,0
2024-07-14,BTC,13,0,13,0,0
2024-07-14,ETH,4,0,4,0,0
2024-07-14,MATIC,1,0,1,0,0
2024-07-14,SOL,3,0,3,0,0
2024-07-15,ADA,1,0,1,0,0
2024-07-15,AVAX,4,0,4,0,0
2024-07-15,BTC,61,0,61,0,0
2024-07-15,DOGE,2,0,2,0,0
2024-07-15,ETH,20,0,20,0,0
2024-07-15,LINK,1,0,1,0,0
2024-07-15,LTC,1,0,1,0,0
2024-07-15,MATIC,2,0,2,0,0
2024-07-15,SOL,11,0,11,0,0
2024-07-15,UNI,1,0,1,0,0
2024-07-15,XRP,3,0,3,0,0
2024-07-16,ADA,2,0,2,0,0
2024-07-16,AVAX,3,0,3,0,0
2024-07-16,BTC,74,0,74,0,0
2024-07-16,DOGE,3,0,3,0,0
2024-07-16,DOT,2,0,2,0,0
2024-07-16,ETH,35,0,35,0,0
2024-07-16,LINK,2,0,2,0,0
2024-07-16,LTC,1,0,1,0,0
2024-07-16,MATIC,5,0,5,0,0
2024-07-16,SHIBA,2,0,2,0,0
2024-07-16,SOL,24,0,24,0,0
2024-07-16,UNI,3,0,3,0,0
2024-07-16,XRP,8,0,8,0,0
2024-07-17,ADA,4,0,4,0,0
2024-07-17,AVAX,1,0,1,0,0
2024-07-17,BTC,78,0,78,0,0
2024-07-17,DOGE,2,0,2,0,0
2024-07-17,DOT,2,0,2,0,0
2024-07-17,ETH,33,0,33,0,0
2024-07-17,LINK,4,0,4,0,0
2024-07-17,MATIC,11,0,11,0,0
2024-07-17,SHIBA,1,0,1,0,0
2024-07-17,SOL,19,0,19,0,0
2024-07-17,UNI,1,0,1,0,0
2024-07-17,XRP,3,0,3,0,0
2024-07-18,ADA,2,0,2,0,0
2024-07-18,AVAX,1,0,1,0,0
2024-07-18,BTC,63,0,63,0,0
2024-07-18,DOGE,3,0,3,0,0
2024-07-18,DOT,1,0,1,0,0
2024-07-18,ETH,31,0,31,0,0
2024-07-18,LINK,4,0,4,0,0
2024-07-18,LTC,1,0,1,0,0
2024-07-18,MATIC,10,0,10,0,0
2024-07-18,SHIBA,8,0,8,0,0
2024-07-18,SOL,18,0,18,0,0
2024-07-18,UNI,3,0,3,0,0
2024-07-18,XRP,3,0,3,0,0
2024-07-19,ADA,3,0,3,0,0
2024-07-19,AVAX,2,0,2,0,0
2024-07-19,BTC,56,0,56,0,0
2024-07-19,DOGE,4,0,4,0,0
2024-07-19,DOT,2,0,2,0,0
2024-07-19,ETH,33,0,33,0,0
2024-07-19,LINK,1,0,1,0,0
2024-07-19,MATIC,7,0,7,0,0
2024-07-19,SHIBA,10,0,10,0,0
2024-07-19,SOL,18,0,18,0,0
2024-07-19,TERRA,1,0,1,0,0
2024-07-19,XRP,5,0,5,0,0
2024-07-20,BTC,12,0,12,0,0
2024-07-20,ETH,7,0,7,0,0
2024-07-20,MATIC,1,0,1,0,0
2024-07-20,SOL,1,0,1,0,0
2024-07-20,XRP,2,0,2,0,0
2024-07-21,AVAX,1,0,1,0,0
2024-07-21,BTC,16,0,16,0,0
2024-07-21,DOGE,1,0,1,0,0
2024-07-21,ETH,2,0,2,0,0
2024-07-21,MATIC,1,0,1,0,0
2024-07-21,SHIBA,1,0,1,0,0
2024-07-21,SOL,5,0,5,0,0
2024-07-21,XRP,1,0,1,0,0
2024-07-22,ADA,2,0,2,0,0
2024-07-22,AVAX,2,0,2,0,0
2024-07-22,BNB,1,0,1,0,0
2024-07-22,BTC,69,0,69,0,0
2024-07-22,DOGE,5,0,5,0,0
2024-07-22,DOT,1,0,1,0,0
2024-07-22,ETH,37,0,37,0,0
2024-07-22,LINK,1,0,1,0,0
2024-07-22,LTC,4,0,4,0,0
2024-07-22,MATIC,2,0,2,0,0
2024-07-22,SHIBA,1,0,1,0,0
2024-07-22,SOL,19,0,19,0,0
2024-07-22,UNI,1,0,1,0,0
2024-07-22,XRP,2,0,2,0,0
2024-07-23,ADA,1,0,1,0,0
2024-07-23,AVAX,1,0,1,0,0
2024-07-23,BTC,73,0,73,0,0
2024-07-23,DOT,1,0,1,0,0
2024-07-23,ETH,48,0,48,0,0
2024-07-23,LTC,1,0,1,0,0
2024-07-23,MATIC,3,0,3,0,0
2024-07-23,SHIBA,1,0,1,0,0
2024-07-23,SOL,13,0,13,0,0
2024-07-23,TERRA,1,0,1,0,0
2024-07-23,XRP,5,0,5,0,0
2024-07-24,ADA,1,0,1,0,0
2024-07-24,AVAX,2,0,2,0,0
2024-07-24,BTC,73,0,73,0,0
2024-07-24,DOGE,2,0,2,0,0
2024-07-24,DOT,2,0,2,0,0
2024-07-24,ETH,35,0,35,0,0
2024-07-24,LINK,2,0,2,0,0
2024-07-24,LTC,1,0,1,0,0
2024-07-24,MATIC,7,0,7,0,0
2024-07-24,SHIBA,1,0,1,0,0
2024-07-24,SOL,14,0,14,0,0
2024-07-24,TERRA,1,0,1,0,0
2024-07-24,UNI,3,0,3,0,0
2024-07-24,XRP,4,0,4,0,0
2024-07-25,ADA,3,0,3,0,0
2024-07-25,BTC,78,0,78,0,0
2024-07-25,DOGE,2,0,2,0,0
2024-07-25,DOT,2,0,2,0,0
2024-07-25,ETH,38,0,38,0,0
2024-07-25,LTC,1,0,1,0,0
2024-07-25,MATIC,3,0,3,0,0
2024-07-25,SOL,17,0,17,0,0
2024-07-25,TERRA,4,0,4,0,0
2024-07-25,UNI,1,0,1,0,0
2024-07-25,XRP,2,0,2,0,0
2024-07-26,ADA,2,0,2,0,0
2024-07-26,AVAX,1,0,1,0,0
2024-07-26,BTC,65,0,65,0,0
2024-07-26,DOGE,4,0,4,0,0
2024-07-26,DOT,1,0,1,0,0
2024-07-26,ETH,24,0,24,0,0
2024-07-26,MATIC,2,0,2,0,0
2024-07-26,SHIBA,2,0,2,0,0
2024-07-26,SOL,12,0,12,0,0
2024-07-26,XRP,1,0,1,0,0
2024-07-27,BTC,27,0,27,0,0
2024-07-27,ETH,5,0,5,0,0
2024-07-27,SOL,6,0,6,0,0
2024-07-27,XRP,2,0,2,0,0
2024-07-28,BTC,14,0,14,0,0
2024-07-28,ETH,4,0,4,0,0
2024-07-28,UNI,1,0,1,0,0
2024-07-28,XRP,2,0,2,0,0
2024-07-29,ADA,4,0,4,0,0
2024-07-29,AVAX,1,0,1,0,0
2024-07-29,BTC,67,0,67,0,0
2024-07-29,DOGE,3,0,3,0,0
2024-07-29,ETH,22,0,22,0,0
2024-07-29,LINK,2,0,2,0,0
2024-07-29,LTC,1,0,1,0,0
2024-07-29,MATIC,5,0,5,0,0
2024-07-29,SHIBA,1,0,1,0,0
2024-07-29,SOL,18,0,18,0,0
2024-07-29,VECHAIN,1,0,1,0,0
2024-07-29,XRP,4,0,4,0,0
2024-07-30,ADA,4,0,4,0,0
2024-07-30,AVAX,3,0,3,0,0
2024-07-30,BTC,65,0,65,0,0
2024-07-30,DOGE,4,0,4,0,0
2024-07-30,ETH,36,0,36,0,0
2024-07-30,MATIC,7,0,7,0,0
2024-07-30,SHIBA,1,0,1,0,0
2024-07-30,SOL,23,0,23,0,0
2024-07-30,UNI,2,0,2,0,0
2024-07-30,XRP,4,0,4,0,0
2024-07-31,ADA,10,0,10,0,0
2024-07-31,AVAX,3,0,3,0,0
2024-07-31,BNB,1,0,1,0,0
2024-07-31,BTC,69,0,69,0,0
2024-07-31,DOGE,4,0,4,0,0
2024-07-31,DOT,1,0,1,0,0
2024-07-31,ETH,34,0,34,0,0
2024-07-31,LINK,1,0,1,0,0
2024-07-31,LTC,2,0,2,0,0
2024-07-31,MATIC,14,0,14,0,0
2024-07-31,SHIBA,3,0,3,0,0
2024-07-31,SOL,28,0,28,0,0
2024-07-31,TERRA,8,0,8,0,0
2024-07-31,UNI,2,0,2,0,0
2024-07-31,XRP,10,0,10,0,0
2024-08-01,AVAX,3,0,3,0,0
2024-08-01,BTC,70,0,70,0,0
2024-08-01,DOGE,4,0,4,0,0
2024-08-01,ETH,31,0,31,0,0
2024-08-01,LINK,1,0,1,0,0
2024-08-01,MATIC,4,0,4,0,0
2024-08-01,SHIBA,2,0,2,0,0
2024-08-01,SOL,14,0,14,0,0
2024-08-01,TERRA,5,0,5,0,0
2024-08-01,UNI,4,0,4,0,0
2024-08-01,XRP,5,0,5,0,0
2024-08-02,ADA,3,0,3,0,0
2024-08-02,AVAX,1,0,1,0,0
2024-08-02,BTC,67,0,67,0,0
2024-08-02,DOGE,3,0,3,0,0
2024-08-02,ETH,26,0,26,0,0
2024-08-02,LINK,2,0,2,0,0
2024-08-02,MATIC,2,0,2,0,0
2024-08-02,SHIBA,3,0,3,0,0
2024-08-02,SOL,11,0,11,0,0
2024-08-02,TERRA,2,0,2,0,0
2024-08-02,UNI,2,0,2,0,0
2024-08-02,XRP,2,0,2,0,0
2024-08-03,BTC,9,0,9,0,0
2024-08-03,ETH,2,0,2,0,0
2024-08-03,MATIC,1,0,1,0,0
2024-08-03,SOL,5,0,5,0,0
2024-08-03,XRP,2,0,2,0,0
2024-08-04,ADA,2,0,2,0,0
2024-08-04,BNB,1,0,1,0,0
2024-08-04,BTC,11,0,11,0,0
2024-08-04,DOGE,3,0,3,0,0
2024-08-04,ETH,7,0,7,0,0
2024-08-04,SHIBA,1,0,1,0,0
2024-08-04,SOL,5,0,5,0,0
2024-08-04,XRP,1,0,1,0,0
2024-08-05,ADA,2,0,2,0,0
2024-08-05,AVAX,2,0,2,0,0
2024-08-05,BTC,73,0,73,0,0
2024-08-05,DOGE,5,0,5,0,0
2024-08-05,DOT,1,0,1,0,0
2024-08-05,ETH,42,0,42,0,0
2024-08-05,MATIC,4,0,4,0,0
2024-08-05,SHIBA,4,0,4,0,0
2024-08-05,SOL,23,0,23,0,0
2024-08-05,TERRA,5,0,5,0,0
2024-08-05,UNI,2,0,2,0,0
2024-08-05,XRP,6,0,6,0,0
2024-08-06,ADA,2,0,2,0,0
2024-08-06,AVAX,1,0,1,0,0
2024-08-06,BNB,1,0,1,0,0
2024-08-06,BTC,68,0,68,0,0
2024-08-06,DOGE,1,0,1,0,0
2024-08-06,ETH,30,0,30,0,0
2024-08-06,LTC,2,0,2,0,0
2024-08-06,MATIC,1,0,1,0,0
2024-08-06,SHIBA,2,0,2,0,0
2024-08-06,SOL,20,0,20,0,0
2024-08-06,UNI,1,0,1,0,0
2024-08-06,XRP,2,0,2,0,0
2024-08-07,ADA,2,0,2,0,0
2024-08-07,AVAX,1,0,1,0,0
2024-08-07,BTC,75,0,75,0,0
2024-08-07,DOGE,4,0,4,0,0
2024-08-07,ETH,28,0,28,0,0
2024-08-07,LINK,1,0,1,0,0
2024-08-07,LTC,1,0,1,0,0
2024-08-07,MATIC,2,0,2,0,0
2024-08-07,SHIBA,2,0,2,0,0
2024-08-07,SOL,21,0,21,0,0
2024-08-07,TERRA,3,0,3,0,0
2024-08-07,UNI,2,0,2,0,0
2024-08-07,XRP,8,0,8,0,0
2024-08-08,ADA,1,0,1,0,0
2024-08-08,AVAX,2,0,2,0,0
2024-08-08,BTC,55,0,55,0,0
2024-08-08,DOGE,2,0,2,0,0
2024-08-08,ETH,28,0,28,0,0
2024-08-08,MATIC,8,0,8,0,0
2024-08-08,SHIBA,3,0,3,0,0
2024-08-08,SOL,21,0,21,0,0
2024-08-08,TERRA,2,0,2,0,0
2024-08-08,UNI,2,0,2,0,0
2024-08-08,XRP,14,0,14,0,0
2024-08-09,ADA,3,0,3,0,0
2024-08-09,AVAX,3,0,3,0,0
2024-08-09,BTC,45,0,45,0,0
2024-08-09,DOGE,4,0,4,0,0
2024-08-09,DOT,1,0,1,0,0
2024-08-09,ETH,27,0,27,0,0
2024-08-09,LINK,2,0,2,0,0
2024-08-09,MATIC,2,0,2,0,0
2024-08-09,SHIBA,3,0,3,0,0
2024-08-09,SOL,14,0,14,0,0
2024-08-09,UNI,4,0,4,0,0
2024-08-09,XRP,9,0,9,0,0
2024-08-10,ADA,1,0,1,0,0
2024-08-10,BTC,9,0,9,0,0
2024-08-10,ETH,2,0,2,0,0
2024-08-10,MATIC,1,0,1,0,0
2024-08-10,SOL,3,0,3,0,0
2024-08-10,XRP,2,0,2,0,0
2024-08-11,BTC,12,0,12,0,0
2024-08-11,ETH,4,0,4,0,0
2024-08-11,SOL,2,0,2,0,0
2024-08-12,ADA,2,0,2,0,0
2024-08-12,AVAX,1,0,1,0,0
2024-08-12,BNB,1,0,1,0,0
2024-08-12,BTC,60,0,60,0,0
2024-08-12,DOGE,4,0,4,0,0
2024-08-12,ETH,23,0,23,0,0
2024-08-12,MATIC,4,0,4,0,0
2024-08-12,SHIBA,2,0,2,0,0
2024-08-12,SOL,11,0,11,0,0
2024-08-12,UNI,1,0,1,0,0
2024-08-12,XRP,7,0,7,0,0
2024-08-13,ADA,1,0,1,0,0
2024-08-13,AVAX,1,0,1,0,0
2024-08-13,BTC,57,0,57,0,0
2024-08-13,DOGE,4,0,4,0,0
2024-08-13,ETH,33,0,33,0,0
2024-08-13,LINK,1,0,1,0,0
2024-08-13,MATIC,2,0,2,0,0
2024-08-13,SHIBA,4,0,4,0,0
2024-08-13,SOL,17,0,17,0,0
2024-08-13,TERRA,4,0,4,0,0
2024-08-13,UNI,5,0,5,0,0
2024-08-13,XRP,2,0,2,0,0
2024-08-14,ADA,2,0,2,0,0
2024-08-14,AVAX,3,0,3,0,0
2024-08-14,BTC,70,0,70,0,0
2024-08-14,DOGE,4,0,4,0,0
2024-08-14,ETH,33,0,33,0,0
2024-08-14,LINK,2,0,2,0,0
2024-08-14,LTC,2,0,2,0,0
2024-08-14,SHIBA,4,0,4,0,0
2024-08-14,SOL,23,0,23,0,0
2024-08-14,TERRA,2,0,2,0,0
2024-08-14,UNI,1,0,1,0,0
2024-08-14,XRP,5,0,5,0,0
2024-08-15,ADA,3,0,3,0,0
2024-08-15,BTC,64,0,64,0,0
2024-08-15,DOGE,3,0,3,0,0
2024-08-15,ETH,30,0,30,0,0
2024-08-15,LTC,1,0,1,0,0
2024-08-15,MATIC,8,0,8,0,0
2024-08-15,SHIBA,3,0,3,0,0
2024-08-15,SOL,23,0,23,0,0
2024-08-15,TERRA,1,0,1,0,0
2024-08-15,XRP,4,0,4,0,0
2024-08-16,ADA,2,0,2,0,0
2024-08-16,AVAX,2,0,2,0,0
2024-08-16,BTC,61,0,61,0,0
2024-08-16,DOGE,1,0,1,0,0
2024-08-16,ETH,24,0,24,0,0
2024-08-16,LTC,2,0,2,0,0
2024-08-16,MATIC,1,0,1,0,0
2024-08-16,SHIBA,3,0,3,0,0
2024-08-16,SOL,11,0,11,0,0
2024-08-16,TERRA,3,0,3,0,0
2024-08-16,XRP,1,0,1,0,0
2024-08-17,BTC,12,0,12,0,0
2024-08-17,DOGE,2,0,2,0,0
2024-08-17,ETH,1,0,1,0,0
2024-08-17,SHIBA,2,0,2,0,0
2024-08-17,SOL,3,0,3,0,0
2024-08-18,BTC,7,0,7,0,0
2024-08-18,ETH,4,0,4,0,0
2024-08-19,ADA,2,0,2,0,0
2024-08-19,AVAX,4,0,4,0,0
2024-08-19,BNB,1,0,1,0,0
2024-08-19,BTC,65,0,65,0,0
2024-08-19,DOGE,2,0,2,0,0
2024-08-19,ETH,30,0,30,0,0
2024-08-19,LTC,2,0,2,0,0
2024-08-19,MATIC,10,0,10,0,0
2024-08-19,SHIBA,2,0,2,0,0
2024-08-19,SOL,27,0,27,0,0
2024-08-19,UNI,2,0,2,0,0
2024-08-19,XRP,4,0,4,0,0
2024-08-20,ADA,2,0,2,0,0
2024-08-20,AVAX,2,0,2,0,0
2024-08-20,BNB,1,0,1,0,0
2024-08-20,BTC,52,0,52,0,0
2024-08-20,DOGE,1,0,1,0,0
2024-08-20,ETH,28,0,28,0,0
2024-08-20,MATIC,3,0,3,0,0
2024-08-20,SHIBA,1,0,1,0,0
2024-08-20,SOL,20,0,20,0,0
2024-08-20,TERRA,1,0,1,0,0
2024-08-20,UNI,1,0,1,0,0
2024-08-20,XRP,4,0,4,0,0
2024-08-21,ADA,4,0,4,0,0
2024-08-21,AVAX,3,0,3,0,0
2024-08-21,BTC,70,0,70,0,0
2024-08-21,DOGE,1,0,1,0,0
2024-08-21,ETH,40,0,40,0,0
2024-08-21,LINK,2,0,2,0,0
2024-08-21,LTC,1,0,1,0,0
2024-08-21,MATIC,6,0,6,0,0
2024-08-21,SHIBA,1,0,1,0,0
2024-08-21,SOL,23,0,23,0,0
2024-08-21,TERRA,6,0,6,0,0
2024-08-21,UNI,7,0,7,0,0
2024-08-21,XRP,11,0,11,0,0
2024-08-22,ADA,1,0,1,0,0
2024-08-22,AVAX,13,0,13,0,0
2024-08-22,BTC,45,0,45,0,0
2024-08-22,DOGE,4,0,4,0,0
2024-08-22,ETH,21,0,21,0,0
2024-08-22,LINK,2,0,2,0,0
2024-08-22,LTC,1,0,1,0,0
2024-08-22,MATIC,9,0,9,0,0
2024-08-22,SHIBA,1,0,1,0,0
2024-08-22,SOL,16,0,16,0,0
2024-08-22,UNI,1,0,1,0,0
2024-08-22,XRP,6,0,6,0,0
2024-08-23,ADA,3,0,3,0,0
2024-08-23,AVAX,4,0,4,0,0
2024-08-23,BTC,56,0,56,0,0
2024-08-23,DOGE,1,0,1,0,0
2024-08-23,DOT,2,0,2,0,0
2024-08-23,ETH,32,0,32,0,0
2024-08-23,LINK,2,0,2,0,0
2024-08-23,MATIC,4,0,4,0,0
2024-08-23,SHIBA,2,0,2,0,0
2024-08-23,SOL,18,0,18,0,0
2024-08-23,TERRA,3,0,3,0,0
2024-08-23,XRP,4,0,4,0,0
2024-08-24,BTC,5,0,5,0,0
2024-08-24,DOT,1,0,1,0,0
2024-08-24,ETH,5,0,5,0,0
2024-08-24,MATIC,1,0,1,0,0
2024-08-24,SOL,3,0,3,0,0
2024-08-25,BTC,9,0,9,0,0
2024-08-25,DOGE,1,0,1,0,0
2024-08-25,ETH,5,0,5,0,0
2024-08-25,MATIC,3,0,3,0,0
2024-08-25,SHIBA,1,0,1,0,0
2024-08-25,SOL,2,0,2,0,0
2024-08-26,ADA,1,0,1,0,0
2024-08-26,AVAX,3,0,3,0,0
2024-08-26,BTC,40,0,40,0,0
2024-08-26,DOGE,3,0,3,0,0
2024-08-26,ETH,30,0,30,0,0
2024-08-26,MATIC,4,0,4,0,0
2024-08-26,SHIBA,3,0,3,0,0
2024-08-26,SOL,17,0,17,0,0
2024-08-26,TERRA,2,0,2,0,0
2024-08-26,UNI,1,0,1,0,0
2024-08-26,XRP,2,0,2,0,0
2024-08-27,ADA,1,0,1,0,0
2024-08-27,AVAX,1,0,1,0,0
2024-08-27,BTC,61,0,61,0,0
2024-08-27,DOGE,4,0,4,0,0
2024-08-27,DOT,1,0,1,0,0
2024-08-27,ETH,27,0,27,0,0
2024-08-27,LINK,1,0,1,0,0
2024-08-27,LTC,1,0,1,0,0
2024-08-27,MATIC,5,0,5,0,0
2024-08-27,SHIBA,2,0,2,0,0
2024-08-27,SOL,10,0,10,0,0
2024-08-27,TERRA,1,0,1,0,0
2024-08-27,UNI,1,0,1,0,0
2024-08-27,XRP,3,0,3,0,0
2024-08-28,ADA,5,0,5,0,0
2024-08-28,AVAX,5,0,5,0,0
2024-08-28,BTC,52,0,52,0,0
2024-08-28,DOGE,4,0,4,0,0
2024-08-28,DOT,1,0,1,0,0
2024-08-28,ETH,35,0,35,0,0
2024-08-28,LINK,2,0,2,0,0
2024-08-28,MATIC,6,0,6,0,0
2024-08-28,SHIBA,2,0,2,0,0
2024-08-28,SOL,24,0,24,0,0
2024-08-28,UNI,3,0,3,0,0
2024-08-28,XRP,4,0,4,0,0
2024-08-29,ADA,1,0,1,0,0
2024-08-29,AVAX,2,0,2,0,0
2024-08-29,BTC,55,0,55,0,0
2024-08-29,DOGE,2,0,2,0,0
2024-08-29,DOT,1,0,1,0,0
2024-08-29,ETH,20,0,20,0,0
2024-08-29,MATIC,4,0,4,0,0
2024-08-29,SHIBA,2,0,2,0,0
2024-08-29,SOL,21,0,21,0,0
2024-08-29,UNI,3,0,3,0,0
2024-08-29,XRP,3,0,3,0,0
2024-08-30,ADA,2,0,2,0,0
2024-08-30,AVAX,3,0,3,0,0
2024-08-30,BTC,46,0,46,0,0
2024-08-30,DOGE,7,0,7,0,0
2024-08-30,DOT,1,0,1,0,0
2024-08-30,ETH,17,0,17,0,0
2024-08-30,LINK,1,0,1,0,0
2024-08-30,MATIC,3,0,3,0,0
2024-08-30,SHIBA,3,0,3,0,0
2024-08-30,SOL,11,0,11,0,0
2024-08-30,TERRA,1,0,1,0,0
2024-08-30,UNI,1,0,1,0,0
2024-08-30,XRP,2,0,2,0,0
2024-08-31,BTC,8,0,8,0,0
2024-08-31,DOGE,1,0,1,0,0
2024-08-31,ETH,8,0,8,0,0
2024-08-31,MATIC,1,0,1,0,0
2024-08-31,SOL,5,0,5,0,0
2024-09-01,BTC,11,0,11,0,0
2024-09-01,DOGE,2,0,2,0,0
2024-09-01,ETH,4,0,4,0,0
2024-09-01,LTC,1,0,1,0,0
2024-09-01,SHIBA,1,0,1,0,0
2024-09-01,SOL,1,0,1,0,0
2024-09-02,ADA,5,0,5,0,0
2024-09-02,BTC,40,0,40,0,0
2024-09-02,DOGE,4,0,4,0,0
2024-09-02,ETH,20,0,20,0,0
2024-09-02,MATIC,1,0,1,0,0
2024-09-02,SHIBA,2,0,2,0,0
2024-09-02,SOL,11,0,11,0,0
2024-09-02,UNI,1,0,1,0,0
2024-09-02,XRP,5,0,5,0,0
2024-09-03,ADA,1,0,1,0,0
2024-09-03,AVAX,3,0,3,0,0
2024-09-03,BTC,57,0,57,0,0
2024-09-03,DOGE,1,0,1,0,0
2024-09-03,DOT,1,0,1,0,0
2024-09-03,ETH,30,0,30,0,0
2024-09-03,LINK,1,0,1,0,0
2024-09-03,LTC,2,0,2,0,0
2024-09-03,MATIC,5,0,5,0,0
2024-09-03,SHIBA,4,0,4,0,0
2024-09-03,SOL,13,0,13,0,0
2024-09-03,TERRA,2,0,2,0,0
2024-09-03,UNI,2,0,2,0,0
2024-09-03,XRP,5,0,5,0,0
2024-09-04,ADA,4,0,4,0,0
2024-09-04,AVAX,3,0,3,0,0
2024-09-04,BTC,54,0,54,0,0
2024-09-04,DOGE,2,0,2,0,0
2024-09-04,DOT,1,0,1,0,0
2024-09-04,ETH,29,0,29,0,0
2024-09-04,LINK,1,0,1,0,0
2024-09-04,MATIC,10,0,10,0,0
2024-09-04,SHIBA,1,0,1,0,0
2024-09-04,SOL,23,0,23,0,0
2024-09-04,UNI,5,0,5,0,0
2024-09-04,XRP,13,0,13,0,0
2024-09-05,ADA,4,0,4,0,0
2024-09-05,AVAX,1,0,1,0,0
2024-09-05,BTC,46,0,46,0,0
2024-09-05,DOGE,3,0,3,0,0
2024-09-05,ETH,24,0,24,0,0
2024-09-05,LTC,1,0,1,0,0
2024-09-05,MATIC,5,0,5,0,0
2024-09-05,SHIBA,1,0,1,0,0
2024-09-05,SOL,12,0,12,0,0
2024-09-05,UNI,2,0,2,0,0
2024-09-05,XRP,6,0,6,0,0
2024-09-06,ADA,2,0,2,0,0
2024-09-06,AVAX,2,0,2,0,0
2024-09-06,BTC,48,0,48,0,0
2024-09-06,DOGE,1,0,1,0,0
2024-09-06,ETH,21,0,21,0,0
2024-09-06,MATIC,4,0,4,0,0
2024-09-06,SHIBA,2,0,2,0,0
2024-09-06,SOL,17,0,17,0,0
2024-09-06,UNI,4,0,4,0,0
2024-09-06,XRP,14,0,14,0,0
2024-09-07,BTC,11,0,11,0,0
2024-09-07,DOGE,2,0,2,0,0
2024-09-07,ETH,3,0,3,0,0
2024-09-07,SHIBA,1,0,1,0,0
2024-09-07,SOL,3,0,3,0,0
2024-09-07,XRP,2,0,2,0,0
2024-09-08,AVAX,1,0,1,0,0
2024-09-08,BTC,9,0,9,0,0
2024-09-08,DOGE,1,0,1,0,0
2024-09-08,ETH,6,0,6,0,0
2024-09-08,SOL,1,0,1,0,0
2024-09-08,UNI,2,0,2,0,0
2024-09-08,XRP,3,0,3,0,0
2024-09-09,ADA,2,0,2,0,0
2024-09-09,BTC,49,0,49,0,0
2024-09-09,DOGE,3,0,3,0,0
2024-09-09,ETH,24,0,24,0,0
2024-09-09,MATIC,4,0,4,0,0
2024-09-09,SHIBA,3,0,3,0,0
2024-09-09,SOL,15,0,15,0,0
2024-09-09,XRP,4,0,4,0,0
2024-09-10,ADA,1,0,1,0,0
2024-09-10,AVAX,2,0,2,0,0
2024-09-10,BTC,56,0,56,0,0
2024-09-10,DOGE,1,0,1,0,0
2024-09-10,ETH,34,0,34,0,0
2024-09-10,MATIC,6,0,6,0,0
2024-09-10,SHIBA,1,0,1,0,0
2024-09-10,SOL,17,0,17,0,0
2024-09-10,TERRA,2,0,2,0,0
2024-09-10,UNI,2,0,2,0,0
2024-09-10,XRP,4,0,4,0,0
2024-09-11,ADA,2,0,2,0,0
2024-09-11,AVAX,3,0,3,0,0
2024-09-11,BTC,65,0,65,0,0
2024-09-11,DOGE,6,0,6,0,0
2024-09-11,ETH,29,0,29,0,0
2024-09-11,LINK,1,0,1,0,0
2024-09-11,SHIBA,5,0,5,0,0
2024-09-11,SOL,19,0,19,0,0
2024-09-11,UNI,2,0,2,0,0
2024-09-11,XRP,3,0,3,0,0
2024-09-12,AVAX,5,0,5,0,0
2024-09-12,BTC,68,0,68,0,0
2024-09-12,DOGE,3,0,3,0,0
2024-09-12,ETH,47,0,47,0,0
2024-09-12,LTC,1,0,1,0,0
2024-09-12,SHIBA,2,0,2,0,0
2024-09-12,SOL,16,0,16,0,0
2024-09-12,UNI,2,0,2,0,0
2024-09-12,XRP,6,0,6,0,0
2024-09-13,ADA,5,0,5,0,0
2024-09-13,AVAX,1,0,1,0,0
2024-09-13,BTC,42,0,42,0,0
2024-09-13,DOGE,1,0,1,0,0
2024-09-13,ETH,29,0,29,0,0
2024-09-13,SOL,15,0,15,0,0
2024-09-13,TERRA,1,0,1,0,0
2024-09-13,UNI,1,0,1,0,0
2024-09-13,XRP,9,0,9,0,0
2024-09-14,BTC,9,0,9,0,0
2024-09-14,ETH,4,0,4,0,0
2024-09-14,SOL,2,0,2,0,0
2024-09-14,UNI,1,0,1,0,0
2024-09-14,XRP,1,0,1,0,0
2024-09-15,BTC,11,0,11,0,0
2024-09-15,ETH,8,0,8,0,0
2024-09-15,SOL,2,0,2,0,0
2024-09-15,XRP,2,0,2,0,0
2024-09-16,ADA,6,0,6,0,0
2024-09-16,AVAX,1,0,1,0,0
2024-09-16,BTC,50,0,50,0,0
2024-09-16,DOGE,4,0,4,0,0
2024-09-16,ETH,38,0,38,0,0
2024-09-16,LINK,3,0,3,0,0
2024-09-16,LTC,1,0,1,0,0
2024-09-16,SHIBA,3,0,3,0,0
2024-09-16,SOL,19,0,19,0,0
2024-09-16,UNI,1,0,1,0,0
2024-09-16,XRP,5,0,5,0,0
2024-09-17,ADA,2,0,2,0,0
2024-09-17,AVAX,3,0,3,0,0
2024-09-17,BTC,47,0,47,0,0
2024-09-17,DOGE,2,0,2,0,0
2024-09-17,DOT,2,0,2,0,0
2024-09-17,ETH,29,0,29,0,0
2024-09-17,LINK,1,0,1,0,0
2024-09-17,SHIBA,1,0,1,0,0
2024-09-17,SOL,7,0,7,0,0
2024-09-17,UNI,2,0,2,0,0
2024-09-17,VECHAIN,1,0,1,0,0
2024-09-17,XRP,3,0,3,0,0
2024-09-18,ADA,3,0,3,0,0
2024-09-18,AVAX,4,0,4,0,0
2024-09-18,BTC,64,0,64,0,0
2024-09-18,DOGE,5,0,5,0,0
2024-09-18,DOT,3,0,3,0,0
2024-09-18,ETH,43,0,43,0,0
2024-09-18,LINK,3,0,3,0,0
2024-09-18,SOL,25,0,25,0,0
2024-09-18,TERRA,1,0,1,0,0
2024-09-18,UNI,1,0,1,0,0
2024-09-18,XRP,8,0,8,0,0
2024-09-19,ADA,3,0,3,0,0
2024-09-19,AVAX,3,0,3,0,0
2024-09-19,BTC,59,0,59,0,0
2024-09-19,DOGE,3,0,3,0,0
2024-09-19,ETH,27,0,27,0,0
2024-09-19,SHIBA,4,0,4,0,0
2024-09-19,SOL,25,0,25,0,0
2024-09-19,TERRA,1,0,1,0,0
2024-09-19,UNI,1,0,1,0,0
2024-09-19,XRP,4,0,4,0,0
2024-09-20,ADA,3,0,3,0,0
2024-09-20,AVAX,3,0,3,0,0
2024-09-20,BTC,38,0,38,0,0
2024-09-20,DOGE,4,0,4,0,0
2024-09-20,ETH,23,0,23,0,0
2024-09-20,LTC,1,0,1,0,0
2024-09-20,SHIBA,2,0,2,0,0
2024-09-20,SOL,26,0,26,0,0
2024-09-20,TERRA,2,0,2,0,0
2024-09-20,UNI,2,0,2,0,0
2024-09-20,XRP,5,0,5,0,0
2024-09-21,BTC,4,0,4,0,0
2024-09-21,ETH,3,0,3,0,0
2024-09-21,SOL,7,0,7,0,0
2024-09-21,XRP,1,0,1,0,0
2024-09-22,AVAX,1,0,1,0,0
2024-09-22,BTC,10,0,10,0,0
2024-09-22,ETH,1,0,1,0,0
2024-09-22,SHIBA,1,0,1,0,0
2024-09-22,SOL,8,0,8,0,0
2024-09-22,XRP,1,0,1,0,0
2024-09-23,ADA,2,0,2,0,0
2024-09-23,AVAX,1,0,1,0,0
2024-09-23,BTC,55,0,55,0,0
2024-09-23,DOGE,2,0,2,0,0
2024-09-23,ETH,26,0,26,0,0
2024-09-23,LINK,2,0,2,0,0
2024-09-23,LTC,1,0,1,0,0
2024-09-23,SHIBA,2,0,2,0,0
2024-09-23,SOL,18,0,18,0,0
2024-09-23,UNI,2,0,2,0,0
2024-09-23,XRP,2,0,2,0,0
2024-09-24,AVAX,3,0,3,0,0
2024-09-24,BTC,40,0,40,0,0
2024-09-24,ETH,15,0,15,0,0
2024-09-24,SOL,19,0,19,0,0
2024-09-24,VECHAIN,1,0,1,0,0
2024-09-24,XRP,3,0,3,0,0
2024-09-25,ADA,3,0,3,0,0
2024-09-25,AVAX,2,0,2,0,0
2024-09-25,BTC,50,0,50,0,0
2024-09-25,DOGE,1,0,1,0,0
2024-09-25,DOT,1,0,1,0,0
2024-09-25,ETH,33,0,33,0,0
2024-09-25,LINK,2,0,2,0,0
2024-09-25,SHIBA,2,0,2,0,0
2024-09-25,SOL,19,0,19,0,0
2024-09-25,TERRA,3,0,3,0,0
2024-09-25,XRP,2,0,2,0,0
2024-09-26,ADA,1,0,1,0,0
2024-09-26,AVAX,5,0,5,0,0
2024-09-26,BTC,57,0,57,0,0
2024-09-26,DOGE,3,0,3,0,0
2024-09-26,DOT,1,0,1,0,0
2024-09-26,ETH,34,0,34,0,0
2024-09-26,LINK,3,0,3,0,0
2024-09-26,SHIBA,2,0,2,0,0
2024-09-26,SOL,15,0,15,0,0
2024-09-26,XRP,2,0,2,0,0
2024-09-27,ADA,2,0,2,0,0
2024-09-27,AVAX,2,0,2,0,0
2024-09-27,BNB,1,0,1,0,0
2024-09-27,BTC,51,0,51,0,0
2024-09-27,DOGE,5,0,5,0,0
2024-09-27,ETH,21,0,21,0,0
2024-09-27,SHIBA,4,0,4,0,0
2024-09-27,SOL,14,0,14,0,0
2024-09-27,TERRA,1,0,1,0,0
2024-09-27,UNI,1,0,1,0,0
2024-09-27,XRP,1,0,1,0,0
2024-09-28,BTC,7,0,7,0,0
2024-09-28,ETH,3,0,3,0,0
2024-09-28,SOL,1,0,1,0,0
2024-09-28,TERRA,1,0,1,0,0
2024-09-28,XRP,3,0,3,0,0
2024-09-29,AVAX,1,0,1,0,0
2024-09-29,BTC,18,0,18,0,0
2024-09-29,ETH,5,0,5,0,0
2024-09-29,SOL,1,0,1,0,0
2024-09-29,TERRA,1,0,1,0,0
2024-09-29,XRP,2,0,2,0,0
2024-09-30,ADA,4,0,4,0,0
2024-09-30,AVAX,2,0,2,0,0
2024-09-30,BTC,63,0,63,0,0
2024-09-30,DOGE,2,0,2,0,0
2024-09-30,DOT,1,0,1,0,0
2024-09-30,ETH,30,0,30,0,0
2024-09-30,LINK,4,0,4,0,0
2024-09-30,LTC,2,0,2,0,0
2024-09-30,SHIBA,2,0,2,0,0
2024-09-30,SOL,12,0,12,0,0
2024-09-30,UNI,1,0,1,0,0
2024-09-30,XRP,3,0,3,0,0
2024-10-01,AVAX,2,0,2,0,0
2024-10-01,BTC,53,0,53,0,0
2024-10-01,DOGE,1,0,1,0,0
2024-10-01,DOT,1,0,1,0,0
2024-10-01,ETH,28,0,28,0,0
2024-10-01,LINK,2,0,2,0,0
2024-10-01,SOL,17,0,17,0,0
2024-10-01,TERRA,1,0,1,0,0
2024-10-01,UNI,4,0,4,0,0
2024-10-01,XRP,7,0,7,0,0
2024-10-02,ADA,2,0,2,0,0
2024-10-02,AVAX,3,0,3,0,0
2024-10-02,BTC,49,0,49,0,0
2024-10-02,DOGE,3,0,3,0,0
2024-10-02,ETH,23,0,23,0,0
2024-10-02,LINK,3,0,3,0,0
2024-10-02,SHIBA,2,0,2,0,0
2024-10-02,SOL,10,0,10,0,0
2024-10-02,TERRA,1,0,1,0,0
2024-10-02,UNI,1,0,1,0,0
2024-10-02,XRP,15,0,15,0,0
2024-10-03,ADA,2,0,2,0,0
2024-10-03,AVAX,2,0,2,0,0
2024-10-03,BTC,57,0,57,0,0
2024-10-03,DOGE,1,0,1,0,0
2024-10-03,ETH,29,0,29,0,0
2024-10-03,LINK,2,0,2,0,0
2024-10-03,LTC,1,0,1,0,0
2024-10-03,SOL,14,0,14,0,0
2024-10-03,UNI,2,0,2,0,0
2024-10-03,XRP,20,0,20,0,0
2024-10-04,ADA,1,0,1,0,0
2024-10-04,AVAX,1,0,1,0,0
2024-10-04,BTC,48,0,48,0,0
2024-10-04,DOGE,2,0,2,0,0
2024-10-04,ETH,17,0,17,0,0
2024-10-04,LTC,1,0,1,0,0
2024-10-04,SHIBA,1,0,1,0,0
2024-10-04,SOL,12,0,12,0,0
2024-10-04,UNI,1,0,1,0,0
2024-10-04,XRP,6,0,6,0,0
2024-10-05,BTC,2,0,2,0,0
2024-10-05,ETH,2,0,2,0,0
2024-10-05,XRP,2,0,2,0,0
2024-10-06,AVAX,1,0,1,0,0
2024-10-06,BTC,6,0,6,0,0
2024-10-06,DOT,1,0,1,0,0
2024-10-06,ETH,3,0,3,0,0
2024-10-06,XRP,1,0,1,0,0
2024-10-07,ADA,2,0,2,0,0
2024-10-07,AVAX,3,0,3,0,0
2024-10-07,BTC,53,0,53,0,0
2024-10-07,DOGE,4,0,4,0,0
2024-10-07,DOT,1,0,1,0,0
2024-10-07,ETH,23,0,23,0,0
2024-10-07,LINK,2,0,2,0,0
2024-10-07,SHIBA,2,0,2,0,0
2024-10-07,SOL,17,0,17,0,0
2024-10-07,TERRA,1,0,1,0,0
2024-10-07,UNI,3,0,3,0,0
2024-10-07,XRP,5,0,5,0,0
2024-10-08,ADA,2,0,2,0,0
2024-10-08,AVAX,1,0,1,0,0
2024-10-08,BNB,1,0,1,0,0
2024-10-08,BTC,54,0,54,0,0
2024-10-08,DOGE,3,0,3,0,0
2024-10-08,ETH,23,0,23,0,0
2024-10-08,LINK,1,0,1,0,0
2024-10-08,LTC,1,0,1,0,0
2024-10-08,SHIBA,3,0,3,0,0
2024-10-08,SOL,20,0,20,0,0
2024-10-08,TERRA,2,0,2,0,0
2024-10-08,UNI,2,0,2,0,0
2024-10-08,XRP,6,0,6,0,0
2024-10-09,ADA,3,0,3,0,0
2024-10-09,AVAX,6,0,6,0,0
2024-10-09,BTC,62,0,62,0,0
2024-10-09,DOGE,5,0,5,0,0
2024-10-09,ETH,25,0,25,0,0
2024-10-09,LINK,3,0,3,0,0
2024-10-09,SHIBA,2,0,2,0,0
2024-10-09,SOL,15,0,15,0,0
2024-10-09,UNI,1,0,1,0,0
2024-10-09,XRP,4,0,4,0,0
2024-10-10,ADA,2,0,2,0,0
2024-10-10,BTC,55,0,55,0,0
2024-10-10,DOT,1,0,1,0,0
2024-10-10,ETH,31,0,31,0,0
2024-10-10,LINK,1,0,1,0,0
2024-10-10,SOL,12,0,12,0,0
2024-10-10,UNI,4,0,4,0,0
2024-10-10,XRP,8,0,8,0,0
2024-10-11,ADA,1,0,1,0,0
2024-10-11,AVAX,5,0,5,0,0
2024-10-11,BTC,35,0,35,0,0
2024-10-11,DOGE,3,0,3,0,0
2024-10-11,ETH,13,0,13,0,0
2024-10-11,SHIBA,1,0,1,0,0
2024-10-11,SOL,11,0,11,0,0
2024-10-11,UNI,4,0,4,0,0
2024-10-11,XRP,11,0,11,0,0
2024-10-12,BTC,8,0,8,0,0
2024-10-12,ETH,3,0,3,0,0
2024-10-12,SOL,1,0,1,0,0
2024-10-12,UNI,1,0,1,0,0
2024-10-12,XRP,1,0,1,0,0
2024-10-13,AVAX,2,0,2,0,0
2024-10-13,BTC,5,0,5,0,0
2024-10-13,ETH,4,0,4,0,0
2024-10-13,SOL,2,0,2,0,0
2024-10-14,ADA,1,0,1,0,0
2024-10-14,AVAX,3,0,3,0,0
2024-10-14,BTC,52,0,52,0,0
2024-10-14,DOGE,5,0,5,0,0
2024-10-14,ETH,26,0,26,0,0
2024-10-14,LINK,1,0,1,0,0
2024-10-14,SOL,11,0,11,0,0
2024-10-14,TERRA,2,0,2,0,0
2024-10-14,UNI,3,0,3,0,0
2024-10-14,XRP,3,0,3,0,0
2024-10-15,ADA,2,0,2,0,0
2024-10-15,AVAX,7,0,7,0,0
2024-10-15,BTC,62,0,62,0,0
2024-10-15,DOGE,4,0,4,0,0
2024-10-15,DOT,1,0,1,0,0
2024-10-15,ETH,38,0,38,0,0
2024-10-15,LINK,1,0,1,0,0
2024-10-15,LTC,7,0,7,0,0
2024-10-15,SOL,17,0,17,0,0
2024-10-15,TERRA,1,0,1,0,0
2024-10-15,UNI,4,0,4,0,0
2024-10-15,XRP,17,0,17,0,0
2024-10-16,ADA,2,0,2,0,0
2024-10-16,AVAX,5,0,5,0,0
2024-10-16,BTC,67,0,67,0,0
2024-10-16,DOGE,8,0,8,0,0
2024-10-16,DOT,1,0,1,0,0
2024-10-16,ETH,27,0,27,0,0
2024-10-16,LINK,1,0,1,0,0
2024-10-16,LTC,1,0,1,0,0
2024-10-16,SHIBA,1,0,1,0,0
2024-10-16,SOL,17,0,17,0,0
2024-10-16,TERRA,1,0,1,0,0
2024-10-16,UNI,4,0,4,0,0
2024-10-16,XRP,12,0,12,0,0
2024-10-17,AVAX,4,0,4,0,0
2024-10-17,BTC,69,0,69,0,0
2024-10-17,DOGE,8,0,8,0,0
2024-10-17,ETH,36,0,36,0,0
2024-10-17,LINK,1,0,1,0,0
2024-10-17,SHIBA,2,0,2,0,0
2024-10-17,SOL,21,0,21,0,0
2024-10-17,TERRA,1,0,1,0,0
2024-10-17,UNI,2,0,2,0,0
2024-10-17,XRP,5,0,5,0,0
2024-10-18,ADA,3,0,3,0,0
2024-10-18,AVAX,2,0,2,0,0
2024-10-18,BTC,45,0,45,0,0
2024-10-18,DOGE,10,0,10,0,0
2024-10-18,ETH,24,0,24,0,0
2024-10-18,SHIBA,2,0,2,0,0
2024-10-18,SOL,10,0,10,0,0
2024-10-18,TERRA,2,0,2,0,0
2024-10-18,UNI,3,0,3,0,0
2024-10-18,XRP,13,0,13,0,0
2024-10-19,ADA,1,0,1,0,0
2024-10-19,BTC,6,0,6,0,0
2024-10-19,ETH,2,0,2,0,0
2024-10-19,SOL,1,0,1,0,0
2024-10-19,UNI,1,0,1,0,0
2024-10-19,XRP,1,0,1,0,0
2024-10-20,BTC,10,0,10,0,0
2024-10-20,DOGE,1,0,1,0,0
2024-10-20,ETH,7,0,7,0,0
2024-10-20,SHIBA,1,0,1,0,0
2024-10-20,SOL,6,0,6,0,0
2024-10-20,XRP,1,0,1,0,0
2024-10-21,ADA,1,0,1,0,0
2024-10-21,AVAX,2,0,2,0,0
2024-10-21,BTC,48,0,48,0,0
2024-10-21,DOGE,3,0,3,0,0
2024-10-21,DOT,1,0,1,0,0
2024-10-21,ETH,24,0,24,0,0
2024-10-21,LINK,2,0,2,0,0
2024-10-21,LTC,2,0,2,0,0
2024-10-21,SOL,15,0,15,0,0
2024-10-21,XRP,6,0,6,0,0
2024-10-22,ADA,2,0,2,0,0
2024-10-22,AVAX,4,0,4,0,0
2024-10-22,BTC,55,0,55,0,0
2024-10-22,DOGE,5,0,5,0,0
2024-10-22,ETH,16,0,16,0,0
2024-10-22,LINK,4,0,4,0,0
2024-10-22,SHIBA,1,0,1,0,0
2024-10-22,SOL,14,0,14,0,0
2024-10-22,TERRA,1,0,1,0,0
2024-10-22,UNI,1,0,1,0,0
2024-10-22,XRP,9,0,9,0,0
2024-10-23,ADA,1,0,1,0,0
2024-10-23,AVAX,1,0,1,0,0
2024-10-23,BTC,58,0,58,0,0
2024-10-23,DOGE,2,0,2,0,0
2024-10-23,DOT,1,0,1,0,0
2024-10-23,ETH,21,0,21,0,0
2024-10-23,LINK,5,0,5,0,0
2024-10-23,LTC,1,0,1,0,0
2024-10-23,SHIBA,1,0,1,0,0
2024-10-23,SOL,17,0,17,0,0
2024-10-23,UNI,2,0,2,0,0
2024-10-23,XRP,7,0,7,0,0
2024-10-24,ADA,1,0,1,0,0
2024-10-24,BTC,52,0,52,0,0
2024-10-24,DOGE,3,0,3,0,0
2024-10-24,DOT,1,0,1,0,0
2024-10-24,ETH,26,0,26,0,0
2024-10-24,LINK,2,0,2,0,0
2024-10-24,SHIBA,1,0,1,0,0
2024-10-24,SOL,28,0,28,0,0
2024-10-24,UNI,3,0,3,0,0
2024-10-24,XRP,6,0,6,0,0
2024-10-25,ADA,3,0,3,0,0
2024-10-25,AVAX,1,0,1,0,0
2024-10-25,BTC,49,0,49,0,0
2024-10-25,DOGE,2,0,2,0,0
2024-10-25,ETH,21,0,21,0,0
2024-10-25,LINK,2,0,2,0,0
2024-10-25,LTC,1,0,1,0,0
2024-10-25,SHIBA,2,0,2,0,0
2024-10-25,SOL,21,0,21,0,0
2024-10-25,UNI,2,0,2,0,0
2024-10-25,XRP,10,0,10,0,0
2024-10-26,ADA,2,0,2,0,0
2024-10-26,BTC,8,0,8,0,0
2024-10-26,ETH,2,0,2,0,0
2024-10-26,SOL,7,0,7,0,0
2024-10-26,XRP,2,0,2,0,0
2024-10-27,ADA,1,0,1,0,0
2024-10-27,BTC,7,0,7,0,0
2024-10-27,DOGE,2,0,2,0,0
2024-10-27,DOT,1,0,1,0,0
2024-10-27,ETH,3,0,3,0,0
2024-10-27,SOL,7,0,7,0,0
2024-10-28,ADA,3,0,3,0,0
2024-10-28,AVAX,1,0,1,0,0
2024-10-28,BTC,56,0,56,0,0
2024-10-28,DOGE,6,0,6,0,0
2024-10-28,DOT,2,0,2,0,0
2024-10-28,ETH,23,0,23,0,0
2024-10-28,LTC,1,0,1,0,0
2024-10-28,SOL,22,0,22,0,0
2024-10-28,TERRA,1,0,1,0,0
2024-10-28,VECHAIN,1,0,1,0,0
2024-10-28,XRP,2,0,2,0,0
2024-10-29,ADA,1,0,1,0,0
2024-10-29,BTC,56,0,56,0,0
2024-10-29,DOGE,4,0,4,0,0
2024-10-29,DOT,1,0,1,0,0
2024-10-29,ETH,23,0,23,0,0
2024-10-29,LINK,3,0,3,0,0
2024-10-29,SHIBA,4,0,4,0,0
2024-10-29,SOL,19,0,19,0,0
2024-10-29,UNI,5,0,5,0,0
2024-10-29,XRP,8,0,8,0,0
2024-10-30,ADA,3,0,3,0,0
2024-10-30,AVAX,6,0,6,0,0
2024-10-30,BTC,63,0,63,0,0
2024-10-30,DOGE,1,0,1,0,0
2024-10-30,DOT,1,0,1,0,0
2024-10-30,ETH,34,0,34,0,0
2024-10-30,LINK,4,0,4,0,0
2024-10-30,LTC,2,0,2,0,0
2024-10-30,SHIBA,1,0,1,0,0
2024-10-30,SOL,24,0,24,0,0
2024-10-30,XRP,4,0,4,0,0
2024-10-31,AVAX,7,0,7,0,0
2024-10-31,BTC,62,0,62,0,0
2024-10-31,DOGE,8,0,8,0,0
2024-10-31,ETH,26,0,26,0,0
2024-10-31,LINK,2,0,2,0,0
2024-10-31,LTC,1,0,1,0,0
2024-10-31,SHIBA,1,0,1,0,0
2024-10-31,SOL,17,0,17,0,0
2024-10-31,UNI,1,0,1,0,0
2024-10-31,XRP,7,0,7,0,0
2024-11-01,ADA,3,0,3,0,0
2024-11-01,AVAX,3,0,3,0,0
2024-11-01,BTC,48,0,48,0,0
2024-11-01,DOGE,1,0,1,0,0
2024-11-01,DOT,2,0,2,0,0
2024-11-01,ETH,19,0,19,0,0
2024-11-01,LINK,2,0,2,0,0
2024-11-01,LTC,3,0,3,0,0
2024-11-01,SHIBA,1,0,1,0,0
2024-11-01,SOL,13,0,13,0,0
2024-11-01,UNI,3,0,3,0,0
2024-11-01,XRP,5,0,5,0,0
2024-11-02,ADA,1,0,1,0,0
2024-11-02,BTC,11,0,11,0,0
2024-11-02,ETH,6,0,6,0,0
2024-11-02,LTC,1,0,1,0,0
2024-11-02,SOL,3,0,3,0,0
2024-11-03,ADA,1,0,1,0,0
2024-11-03,AVAX,2,0,2,0,0
2024-11-03,BTC,13,0,13,0,0
2024-11-03,DOGE,1,0,1,0,0
2024-11-03,ETH,7,0,7,0,0
2024-11-03,LTC,1,0,1,0,0
2024-11-03,SOL,4,0,4,0,0
2024-11-04,ADA,1,0,1,0,0
2024-11-04,AVAX,4,0,4,0,0
2024-11-04,BTC,61,0,61,0,0
2024-11-04,DOGE,5,0,5,0,0
2024-11-04,DOT,1,0,1,0,0
2024-11-04,ETH,19,0,19,0,0
2024-11-04,LINK,1,0,1,0,0
2024-11-04,LTC,2,0,2,0,0
2024-11-04,SHIBA,2,0,2,0,0
2024-11-04,SOL,20,0,20,0,0
2024-11-04,XRP,4,0,4,0,0
2024-11-05,AVAX,1,0,1,0,0
2024-11-05,BTC,57,0,57,0,0
2024-11-05,DOGE,6,0,6,0,0
2024-11-05,ETH,18,0,18,0,0
2024-11-05,LINK,5,0,5,0,0
2024-11-05,LTC,2,0,2,0,0
2024-11-05,SOL,11,0,11,0,0
2024-11-05,XRP,1,0,1,0,0
2024-11-06,ADA,2,0,2,0,0
2024-11-06,AVAX,6,0,6,0,0
2024-11-06,BTC,76,0,76,0,0
2024-11-06,DOGE,10,0,10,0,0
2024-11-06,DOT,1,0,1,0,0
2024-11-06,ETH,19,0,19,0,0
2024-11-06,LINK,3,0,3,0,0
2024-11-06,LTC,1,0,1,0,0
2024-11-06,SHIBA,6,0,6,0,0
2024-11-06,SOL,16,0,16,0,0
2024-11-06,UNI,8,0,8,0,0
2024-11-06,XRP,12,0,12,0,0
2024-11-07,ADA,3,0,3,0,0
2024-11-07,AVAX,2,0,2,0,0
2024-11-07,BNB,1,0,1,0,0
2024-11-07,BTC,67,0,67,0,0
2024-11-07,DOGE,5,0,5,0,0
2024-11-07,ETH,28,0,28,0,0
2024-11-07,LTC,2,0,2,0,0
2024-11-07,SHIBA,1,0,1,0,0
2024-11-07,SOL,16,0,16,0,0
2024-11-07,TERRA,2,0,2,0,0
2024-11-07,UNI,4,0,4,0,0
2024-11-07,XRP,5,0,5,0,0
2024-11-08,ADA,4,0,4,0,0
2024-11-08,AVAX,1,0,1,0,0
2024-11-08,BTC,54,0,54,0,0
2024-11-08,DOGE,3,0,3,0,0
2024-11-08,ETH,26,0,26,0,0
2024-11-08,LINK,1,0,1,0,0
2024-11-08,LTC,5,0,5,0,0
2024-11-08,SOL,17,0,17,0,0
2024-11-08,UNI,2,0,2,0,0
2024-11-08,XRP,4,0,4,0,0
2024-11-09,BTC,13,0,13,0,0
2024-11-09,ETH,7,0,7,0,0
2024-11-09,SOL,3,0,3,0,0
2024-11-09,UNI,1,0,1,0,0
2024-11-09,XRP,1,0,1,0,0
2024-11-10,ADA,4,0,4,0,0
2024-11-10,BTC,19,0,19,0,0
2024-11-10,DOGE,5,0,5,0,0
2024-11-10,ETH,5,0,5,0,0
2024-11-10,SOL,5,0,5,0,0
2024-11-10,UNI,2,0,2,0,0
2024-11-10,XRP,1,0,1,0,0
2024-11-11,ADA,5,0,5,0,0
2024-11-11,AVAX,2,0,2,0,0
2024-11-11,BTC,71,0,71,0,0
2024-11-11,DOGE,9,0,9,0,0
2024-11-11,ETH,23,0,23,0,0
2024-11-11,LTC,1,0,1,0,0
2024-11-11,SHIBA,3,0,3,0,0
2024-11-11,SOL,21,0,21,0,0
2024-11-11,UNI,7,0,7,0,0
2024-11-12,ADA,1,0,1,0,0
2024-11-12,AVAX,2,0,2,0,0
2024-11-12,BTC,66,0,66,0,0
2024-11-12,DOGE,12,0,12,0,0
2024-11-12,DOT,2,0,2,0,0
2024-11-12,ETH,26,0,26,0,0
2024-11-12,LINK,1,0,1,0,0
2024-11-12,LTC,2,0,2,0,0
2024-11-12,SHIBA,2,0,2,0,0
2024-11-12,SOL,22,0,22,0,0
2024-11-12,TERRA,1,0,1,0,0
2024-11-12,UNI,1,0,1,0,0
2024-11-13,ADA,8,0,8,0,0
2024-11-13,AVAX,9,0,9,0,0
2024-11-13,BTC,51,0,51,0,0
2024-11-13,DOGE,15,0,15,0,0
2024-11-13,ETH,29,0,29,0,0
2024-11-13,LINK,1,0,1,0,0
2024-11-13,LTC,1,0,1,0,0
2024-11-13,SHIBA,2,0,2,0,0
2024-11-13,SOL,19,0,19,0,0
2024-11-13,UNI,1,0,1,0,0
2024-11-13,XRP,9,0,9,0,0
2024-11-14,ADA,1,0,1,0,0
2024-11-14,AVAX,1,0,1,0,0
2024-11-14,BTC,53,0,53,0,0
2024-11-14,DOGE,6,0,6,0,0
2024-11-14,ETH,32,0,32,0,0
2024-11-14,LINK,2,0,2,0,0
2024-11-14,LTC,1,0,1,0,0
2024-11-14,SHIBA,2,0,2,0,0
2024-11-14,SOL,18,0,18,0,0
2024-11-14,TERRA,2,0,2,0,0
2024-11-14,UNI,2,0,2,0,0
2024-11-14,XRP,5,0,5,0,0
2024-11-15,ADA,5,0,5,0,0
2024-11-15,AVAX,5,0,5,0,0
2024-11-15,BTC,57,0,57,0,0
2024-11-15,DOGE,12,0,12,0,0
2024-11-15,DOT,1,0,1,0,0
2024-11-15,ETH,23,0,23,0,0
2024-11-15,LINK,2,0,2,0,0
2024-11-15,LTC,3,0,3,0,0
2024-11-15,SHIBA,2,0,2,0,0
2024-11-15,SOL,18,0,18,0,0
2024-11-15,TERRA,1,0,1,0,0
2024-11-15,UNI,4,0,4,0,0
2024-11-15,XRP,10,0,10,0,0
2024-11-16,BTC,13,0,13,0,0
2024-11-16,DOGE,3,0,3,0,0
2024-11-16,ETH,3,0,3,0,0
2024-11-16,LINK,1,0,1,0,0
2024-11-16,SOL,2,0,2,0,0
2024-11-16,XRP,5,0,5,0,0
2024-11-17,AVAX,1,0,1,0,0
2024-11-17,BTC,19,0,19,0,0
2024-11-17,DOGE,6,0,6,0,0
2024-11-17,ETH,4,0,4,0,0
2024-11-17,SHIBA,2,0,2,0,0
2024-11-17,SOL,8,0,8,0,0
2024-11-17,TERRA,1,0,1,0,0
2024-11-17,UNI,1,0,1,0,0
2024-11-17,XRP,4,0,4,0,0
2024-11-18,ADA,4,0,4,0,0
2024-11-18,AVAX,1,0,1,0,0
2024-11-18,BTC,72,0,72,0,0
2024-11-18,DOGE,6,0,6,0,0
2024-11-18,DOT,1,0,1,0,0
2024-11-18,ETH,27,0,27,0,0
2024-11-18,LINK,1,0,1,0,0
2024-11-18,SHIBA,2,0,2,0,0
2024-11-18,SOL,20,0,20,0,0
2024-11-18,UNI,2,0,2,0,0
2024-11-18,XRP,4,0,4,0,0
2024-11-19,AVAX,1,0,1,0,0
2024-11-19,BTC,52,0,52,0,0
2024-11-19,DOGE,4,0,4,0,0
2024-11-19,ETH,25,0,25,0,0
2024-11-19,LINK,2,0,2,0,0
2024-11-19,LTC,1,0,1,0,0
2024-11-19,SOL,15,0,15,0,0
2024-11-19,TERRA,2,0,2,0,0
2024-11-19,XRP,4,0,4,0,0
2024-11-20,ADA,3,0,3,0,0
2024-11-20,AVAX,1,0,1,0,0
2024-11-20,BTC,46,0,46,0,0
2024-11-20,DOGE,3,0,3,0,0
2024-11-20,ETH,11,0,11,0,0
2024-11-20,SHIBA,4,0,4,0,0
2024-11-20,SOL,9,0,9,0,0
2024-11-20,UNI,3,0,3,0,0
2024-11-20,XRP,4,0,4,0,0
2024-11-21,BTC,56,0,56,0,0
2024-11-21,DOGE,3,0,3,0,0
2024-11-21,ETH,18,0,18,0,0
2024-11-21,LINK,3,0,3,0,0
2024-11-21,LTC,2,0,2,0,0
2024-11-21,SOL,21,0,21,0,0
2024-11-21,UNI,3,0,3,0,0
2024-11-21,XRP,8,0,8,0,0
2024-11-22,ADA,3,0,3,0,0
2024-11-22,AVAX,2,0,2,0,0
2024-11-22,BTC,47,0,47,0,0
2024-11-22,DOGE,6,0,6,0,0
2024-11-22,ETH,14,0,14,0,0
2024-11-22,LTC,1,0,1,0,0
2024-11-22,SHIBA,3,0,3,0,0
2024-11-22,SOL,19,0,19,0,0
2024-11-22,UNI,5,0,5,0,0
2024-11-22,XRP,8,0,8,0,0
2024-11-23,AVAX,1,0,1,0,0
2024-11-23,BTC,11,0,11,0,0
2024-11-23,DOGE,1,0,1,0,0
2024-11-23,ETH,5,0,5,0,0
2024-11-23,LINK,1,0,1,0,0
2024-11-23,SOL,3,0,3,0,0
2024-11-23,XRP,2,0,2,0,0
2024-11-24,ADA,1,0,1,0,0
2024-11-24,AVAX,1,0,1,0,0
2024-11-24,BTC,15,0,15,0,0
2024-11-24,DOGE,2,0,2,0,0
2024-11-24,DOT,4,0,4,0,0
2024-11-24,ETH,4,0,4,0,0
2024-11-24,SOL,3,0,3,0,0
2024-11-24,XRP,2,0,2,0,0
2024-11-25,ADA,3,0,3,0,0
2024-11-25,AVAX,6,0,6,0,0
2024-11-25,BTC,62,0,62,0,0
2024-11-25,DOGE,6,0,6,0,0
2024-11-25,DOT,2,0,2,0,0
2024-11-25,ETH,22,0,22,0,0
2024-11-25,SHIBA,1,0,1,0,0
2024-11-25,SOL,32,0,32,0,0
2024-11-25,TERRA,1,0,1,0,0
2024-11-25,UNI,4,0,4,0,0
2024-11-25,XRP,9,0,9,0,0
2024-11-26,ADA,4,0,4,0,0
2024-11-26,AVAX,3,0,3,0,0
2024-11-26,BTC,45,0,45,0,0
2024-11-26,DOGE,11,0,11,0,0
2024-11-26,ETH,32,0,32,0,0
2024-11-26,LINK,3,0,3,0,0
2024-11-26,LTC,2,0,2,0,0
2024-11-26,SHIBA,1,0,1,0,0
2024-11-26,SOL,25,0,25,0,0
2024-11-26,TERRA,1,0,1,0,0
2024-11-26,UNI,3,0,3,0,0
2024-11-26,XRP,5,0,5,0,0
2024-11-27,ADA,3,0,3,0,0
2024-11-27,AVAX,3,0,3,0,0
2024-11-27,BTC,53,0,53,0,0
2024-11-27,DOGE,8,0,8,0,0
2024-11-27,DOT,1,0,1,0,0
2024-11-27,ETH,28,0,28,0,0
2024-11-27,LINK,1,0,1,0,0
2024-11-27,SHIBA,2,0,2,0,0
2024-11-27,SOL,20,0,20,0,0
2024-11-27,TERRA,2,0,2,0,0
2024-11-27,UNI,2,0,2,0,0
2024-11-27,XRP,4,0,4,0,0
2024-11-28,ADA,3,0,3,0,0
2024-11-28,AVAX,3,0,3,0,0
2024-11-28,BTC,53,0,53,0,0
2024-11-28,DOGE,1,0,1,0,0
2024-11-28,DOT,1,0,1,0,0
2024-11-28,ETH,27,0,27,0,0
2024-11-28,LINK,1,0,1,0,0
2024-11-28,SOL,21,0,21,0,0
2024-11-28,UNI,6,0,6,0,0
2024-11-28,XRP,3,0,3,0,0
2024-11-29,ADA,6,0,6,0,0
2024-11-29,AVAX,2,0,2,0,0
2024-11-29,BTC,44,0,44,0,0
2024-11-29,DOGE,5,0,5,0,0
2024-11-29,DOT,1,0,1,0,0
2024-11-29,ETH,17,0,17,0,0
2024-11-29,SHIBA,1,0,1,0,0
2024-11-29,SOL,17,0,17,0,0
2024-11-29,UNI,1,0,1,0,0
2024-11-29,XRP,8,0,8,0,0
2024-11-30,ADA,2,0,2,0,0
2024-11-30,AVAX,1,0,1,0,0
2024-11-30,BTC,7,0,7,0,0
2024-11-30,ETH,6,0,6,0,0
2024-11-30,SHIBA,1,0,1,0,0
2024-11-30,SOL,4,0,4,0,0
2024-11-30,XRP,4,0,4,0,0
2024-12-01,ADA,1,0,1,0,0
2024-12-01,AVAX,1,0,1,0,0
2024-12-01,BTC,10,0,10,0,0
2024-12-01,DOGE,3,0,3,0,0
2024-12-01,ETH,4,0,4,0,0
2024-12-01,SHIBA,2,0,2,0,0
2024-12-01,SOL,4,0,4,0,0
2024-12-01,XRP,3,0,3,0,0
2024-12-02,ADA,2,0,2,0,0
2024-12-02,AVAX,2,0,2,0,0
2024-12-02,BTC,62,0,62,0,0
2024-12-02,DOGE,8,0,8,0,0
2024-12-02,ETH,23,0,23,0,0
2024-12-02,SOL,21,0,21,0,0
2024-12-02,UNI,3,0,3,0,0
2024-12-02,XRP,15,0,15,0,0
2024-12-03,ADA,3,0,3,0,0
2024-12-03,AVAX,3,0,3,0,0
2024-12-03,BTC,60,0,60,0,0
2024-12-03,DOGE,6,0,6,0,0
2024-12-03,DOT,1,0,1,0,0
2024-12-03,ETH,28,0,28,0,0
2024-12-03,LINK,5,0,5,0,0
2024-12-03,LTC,3,0,3,0,0
2024-12-03,SOL,27,0,27,0,0
2024-12-03,TERRA,2,0,2,0,0
2024-12-03,UNI,6,0,6,0,0
2024-12-03,XRP,20,0,20,0,0
2024-12-04,ADA,3,0,3,0,0
2024-12-04,AVAX,4,0,4,0,0
2024-12-04,BTC,63,0,63,0,0
2024-12-04,DOGE,9,0,9,0,0
2024-12-04,DOT,1,0,1,0,0
2024-12-04,ETH,28,0,28,0,0
2024-12-04,LINK,2,0,2,0,0
2024-12-04,LTC,2,0,2,0,0
2024-12-04,SHIBA,2,0,2,0,0
2024-12-04,SOL,20,0,20,0,0
2024-12-04,TERRA,1,0,1,0,0
2024-12-04,UNI,3,0,3,0,0
2024-12-04,XRP,7,0,7,0,0
2024-12-05,ADA,3,0,3,0,0
2024-12-05,AVAX,1,0,1,0,0
2024-12-05,BNB,1,0,1,0,0
2024-12-05,BTC,76,0,76,0,0
2024-12-05,DOGE,9,0,9,0,0
2024-12-05,DOT,1,0,1,0,0
2024-12-05,ETH,33,0,33,0,0
2024-12-05,LTC,3,0,3,0,0
2024-12-05,SHIBA,2,0,2,0,0
2024-12-05,SOL,27,0,27,0,0
2024-12-05,TERRA,1,0,1,0,0
2024-12-05,XRP,6,0,6,0,0
2024-12-06,ADA,2,0,2,0,0
2024-12-06,AVAX,2,0,2,0,0
2024-12-06,BTC,55,0,55,0,0
2024-12-06,DOGE,3,0,3,0,0
2024-12-06,ETH,20,0,20,0,0
2024-12-06,LTC,2,0,2,0,0
2024-12-06,SHIBA,2,0,2,0,0
2024-12-06,SOL,25,0,25,0,0
2024-12-06,TERRA,1,0,1,0,0
2024-12-06,UNI,1,0,1,0,0
2024-12-06,XRP,3,0,3,0,0
2024-12-07,BTC,9,0,9,0,0
2024-12-07,DOGE,1,0,1,0,0
2024-12-07,ETH,5,0,5,0,0
2024-12-07,SHIBA,1,0,1,0,0
2024-12-07,SOL,4,0,4,0,0
2024-12-07,TERRA,1,0,1,0,0
2024-12-07,UNI,1,0,1,0,0
2024-12-07,XRP,1,0,1,0,0
2024-12-08,ADA,2,0,2,0,0
2024-12-08,BTC,13,0,13,0,0
2024-12-08,DOGE,2,0,2,0,0
2024-12-08,ETH,5,0,5,0,0
2024-12-08,SOL,6,0,6,0,0
2024-12-08,TERRA,1,0,1,0,0
2024-12-08,XRP,1,0,1,0,0
2024-12-09,ADA,3,0,3,0,0
2024-12-09,AVAX,5,0,5,0,0
2024-12-09,BTC,67,0,67,0,0
2024-12-09,DOGE,5,0,5,0,0
2024-12-09,ETH,37,0,37,0,0
2024-12-09,LINK,1,0,1,0,0
2024-12-09,LTC,1,0,1,0,0
2024-12-09,SOL,28,0,28,0,0
2024-12-09,TERRA,1,0,1,0,0
2024-12-09,UNI,1,0,1,0,0
2024-12-09,VECHAIN,1,0,1,0,0
2024-12-09,XRP,4,0,4,0,0
2024-12-10,ADA,4,0,4,0,0
2024-12-10,AVAX,4,0,4,0,0
2024-12-10,BTC,104,0,104,0,0
2024-12-10,DOGE,8,0,8,0,0
2024-12-10,DOT,1,0,1,0,0
2024-12-10,ETH,44,0,44,0,0
2024-12-10,LINK,1,0,1,0,0
2024-12-10,LTC,2,0,2,0,0
2024-12-10,SHIBA,2,0,2,0,0
2024-12-10,SOL,47,0,47,0,0
2024-12-10,UNI,3,0,3,0,0
2024-12-10,XRP,8,0,8,0,0
2024-12-11,ADA,4,0,4,0,0
2024-12-11,AVAX,3,0,3,0,0
2024-12-11,BTC,49,0,49,0,0
2024-12-11,DOGE,5,0,5,0,0
2024-12-11,ETH,27,0,27,0,0
2024-12-11,LINK,3,0,3,0,0
2024-12-11,SHIBA,1,0,1,0,0
2024-12-11,SOL,20,0,20,0,0
2024-12-11,TERRA,1,0,1,0,0
2024-12-11,UNI,3,0,3,0,0
2024-12-11,XRP,5,0,5,0,0
2024-12-12,ADA,1,0,1,0,0
2024-12-12,AVAX,3,0,3,0,0
2024-12-12,BTC,72,0,72,0,0
2024-12-12,DOGE,7,0,7,0,0
2024-12-12,ETH,25,0,25,0,0
2024-12-12,LINK,3,0,3,0,0
2024-12-12,LTC,1,0,1,0,0
2024-12-12,SHIBA,2,0,2,0,0
2024-12-12,SOL,18,0,18,0,0
2024-12-12,UNI,3,0,3,0,0
2024-12-12,XRP,4,0,4,0,0
2024-12-13,ADA,1,0,1,0,0
2024-12-13,AVAX,7,0,7,0,0
2024-12-13,BTC,55,0,55,0,0
2024-12-13,DOGE,5,0,5,0,0
2024-12-13,ETH,29,0,29,0,0
2024-12-13,LINK,4,0,4,0,0
2024-12-13,SHIBA,9,0,9,0,0
2024-12-13,SOL,15,0,15,0,0
2024-12-13,UNI,2,0,2,0,0
2024-12-13,XRP,2,0,2,0,0
2024-12-14,BTC,15,0,15,0,0
2024-12-14,DOGE,2,0,2,0,0
2024-12-14,ETH,4,0,4,0,0
2024-12-14,SHIBA,4,0,4,0,0
2024-12-14,SOL,3,0,3,0,0
2024-12-14,XRP,2,0,2,0,0
2024-12-15,AVAX,1,0,1,0,0
2024-12-15,BTC,15,0,15,0,0
2024-12-15,DOGE,1,0,1,0,0
2024-12-15,ETH,4,0,4,0,0
2024-12-15,LINK,1,0,1,0,0
2024-12-15,SHIBA,2,0,2,0,0
2024-12-15,SOL,4,0,4,0,0
2024-12-15,XRP,4,0,4,0,0
2024-12-16,ADA,2,0,2,0,0
2024-12-16,AVAX,4,0,4,0,0
2024-12-16,BTC,62,0,62,0,0
2024-12-16,DOGE,5,0,5,0,0
2024-12-16,DOT,2,0,2,0,0
2024-12-16,ETH,22,0,22,0,0
2024-12-16,LINK,4,0,4,0,0
2024-12-16,LTC,1,0,1,0,0
2024-12-16,SHIBA,6,0,6,0,0
2024-12-16,SOL,15,0,15,0,0
2024-12-16,UNI,2,0,2,0,0
2024-12-16,XRP,14,0,14,0,0
2024-12-17,ADA,1,0,1,0,0
2024-12-17,AVAX,3,0,3,0,0
2024-12-17,BTC,62,0,62,0,0
2024-12-17,DOGE,3,0,3,0,0
2024-12-17,ETH,23,0,23,0,0
2024-12-17,LINK,2,0,2,0,0
2024-12-17,LTC,1,0,1,0,0
2024-12-17,SHIBA,3,0,3,0,0
2024-12-17,SOL,21,0,21,0,0
2024-12-17,UNI,2,0,2,0,0
2024-12-17,XRP,7,0,7,0,0
2024-12-18,ADA,2,0,2,0,0
2024-12-18,AVAX,4,0,4,0,0
2024-12-18,BNB,1,0,1,0,0
2024-12-18,BTC,69,0,69,0,0
2024-12-18,DOGE,5,0,5,0,0
2024-12-18,DOT,1,0,1,0,0
2024-12-18,ETH,25,0,25,0,0
2024-12-18,LINK,5,0,5,0,0
2024-12-18,LTC,3,0,3,0,0
2024-12-18,SHIBA,6,0,6,0,0
2024-12-18,SOL,20,0,20,0,0
2024-12-18,UNI,2,0,2,0,0
2024-12-18,XRP,5,0,5,0,0
2024-12-19,ADA,2,0,2,0,0
2024-12-19,AVAX,3,0,3,0,0
2024-12-19,BNB,1,0,1,0,0
2024-12-19,BTC,74,0,74,0,0
2024-12-19,DOGE,8,0,8,0,0
2024-12-19,ETH,29,0,29,0,0
2024-12-19,LINK,2,0,2,0,0
2024-12-19,LTC,2,0,2,0,0
2024-12-19,SHIBA,4,0,4,0,0
2024-12-19,SOL,20,0,20,0,0
2024-12-19,UNI,4,0,4,0,0
2024-12-19,XRP,4,0,4,0,0
2024-12-20,ADA,3,0,3,0,0
2024-12-20,AVAX,1,0,1,0,0
2024-12-20,BNB,1,0,1,0,0
2024-12-20,BTC,50,0,50,0,0
2024-12-20,DOGE,10,0,10,0,0
2024-12-20,ETH,24,0,24,0,0
2024-12-20,LINK,1,0,1,0,0
2024-12-20,SHIBA,1,0,1,0,0
2024-12-20,SOL,21,0,21,0,0
2024-12-20,UNI,1,0,1,0,0
2024-12-20,XRP,1,0,1,0,0
2024-12-21,ADA,1,0,1,0,0
2024-12-21,BTC,12,0,12,0,0
2024-12-21,DOGE,2,0,2,0,0
2024-12-21,ETH,5,0,5,0,0
2024-12-21,SOL,5,0,5,0,0
2024-12-21,TERRA,1,0,1,0,0
2024-12-21,XRP,3,0,3,0,0
2024-12-22,ADA,1,0,1,0,0
2024-12-22,BTC,12,0,12,0,0
2024-12-22,DOGE,1,0,1,0,0
2024-12-22,ETH,3,0,3,0,0
2024-12-22,SOL,1,0,1,0,0
2024-12-22,TERRA,1,0,1,0,0
2024-12-22,XRP,1,0,1,0,0
2024-12-23,ADA,3,0,3,0,0
2024-12-23,AVAX,1,0,1,0,0
2024-12-23,BTC,43,0,43,0,0
2024-12-23,DOGE,3,0,3,0,0
2024-12-23,ETH,16,0,16,0,0
2024-12-23,LINK,1,0,1,0,0
2024-12-23,SHIBA,1,0,1,0,0
2024-12-23,SOL,17,0,17,0,0
2024-12-23,UNI,1,0,1,0,0
2024-12-23,XRP,3,0,3,0,0
2024-12-24,ADA,2,0,2,0,0
2024-12-24,AVAX,1,0,1,0,0
2024-12-24,BTC,36,0,36,0,0
2024-12-24,DOGE,1,0,1,0,0
2024-12-24,DOT,1,0,1,0,0
2024-12-24,ETH,15,0,15,0,0
2024-12-24,LINK,1,0,1,0,0
2024-12-24,SOL,12,0,12,0,0
2024-12-24,UNI,3,0,3,0,0
2024-12-24,XRP,3,0,3,0,0
2024-12-25,ADA,1,0,1,0,0
2024-12-25,AVAX,1,0,1,0,0
2024-12-25,BTC,34,0,34,0,0
2024-12-25,DOGE,8,0,8,0,0
2024-12-25,DOT,1,0,1,0,0
2024-12-25,ETH,13,0,13,0,0
2024-12-25,LINK,1,0,1,0,0
2024-12-25,SHIBA,3,0,3,0,0
2024-12-25,SOL,15,0,15,0,0
2024-12-25,TERRA,2,0,2,0,0
2024-12-25,UNI,1,0,1,0,0
2024-12-25,XRP,2,0,2,0,0
2024-12-26,ADA,2,0,2,0,0
2024-12-26,BTC,39,0,39,0,0
2024-12-26,DOGE,6,0,6,0,0
2024-12-26,ETH,11,0,11,0,0
2024-12-26,LTC,2,0,2,0,0
2024-12-26,SHIBA,1,0,1,0,0
2024-12-26,SOL,16,0,16,0,0
2024-12-26,UNI,2,0,2,0,0
2024-12-26,VECHAIN,1,0,1,0,0
2024-12-26,XRP,8,0,8,0,0
2024-12-27,ADA,2,0,2,0,0
2024-12-27,AVAX,1,0,1,0,0
2024-12-27,BNB,1,0,1,0,0
2024-12-27,BTC,41,0,41,0,0
2024-12-27,DOGE,7,0,7,0,0
2024-12-27,DOT,1,0,1,0,0
2024-12-27,ETH,24,0,24,0,0
2024-12-27,LINK,2,0,2,0,0
2024-12-27,LTC,1,0,1,0,0
2024-12-27,SHIBA,3,0,3,0,0
2024-12-27,SOL,19,0,19,0,0
2024-12-27,TERRA,1,0,1,0,0
2024-12-27,UNI,2,0,2,0,0
2024-12-27,XRP,1,0,1,0,0
2024-12-28,BTC,18,0,18,0,0
2024-12-28,DOGE,1,0,1,0,0
2024-12-28,ETH,7,0,7,0,0
2024-12-28,SHIBA,1,0,1,0,0
2024-12-28,SOL,5,0,5,0,0
2024-12-28,UNI,2,0,2,0,0
2024-12-28,XRP,1,0,1,0,0
2024-12-29,BTC,17,0,17,0,0
2024-12-29,DOGE,1,0,1,0,0
2024-12-29,DOT,1,0,1,0,0
2024-12-29,ETH,8,0,8,0,0
2024-12-29,SHIBA,1,0,1,0,0
2024-12-29,SOL,6,0,6,0,0
2024-12-29,UNI,2,0,2,0,0
2024-12-29,XRP,1,0,1,0,0
2024-12-30,ADA,1,0,1,0,0
2024-12-30,AVAX,2,0,2,0,0
2024-12-30,BTC,41,0,41,0,0
2024-12-30,DOGE,3,0,3,0,0
2024-12-30,ETH,11,0,11,0,0
2024-12-30,LINK,1,0,1,0,0
2024-12-30,LTC,1,0,1,0,0
2024-12-30,SHIBA,1,0,1,0,0
2024-12-30,SOL,16,0,16,0,0
2024-12-30,UNI,1,0,1,0,0
2024-12-30,XRP,2,0,2,0,0
2024-12-31,ADA,3,0,3,0,0
2024-12-31,AVAX,2,0,2,0,0
2024-12-31,BTC,40,0,40,0,0
2024-12-31,DOGE,6,0,6,0,0
2024-12-31,ETH,18,0,18,0,0
2024-12-31,LINK,1,0,1,0,0
2024-12-31,SHIBA,3,0,3,0,0
2024-12-31,SOL,15,0,15,0,0
2024-12-31,TERRA,3,0,3,0,0
2024-12-31,XRP,1,0,1,0,0
2025-01-01,ADA,1,0,1,0,0
2025-01-01,AVAX,2,0,2,0,0
2025-01-01,BTC,36,0,36,0,0
2025-01-01,DOGE,5,0,5,0,0
2025-01-01,ETH,22,0,22,0,0
2025-01-01,LINK,2,0,2,0,0
2025-01-01,LTC,1,0,1,0,0
2025-01-01,SHIBA,1,0,1,0,0
2025-01-01,SOL,15,0,15,0,0
2025-01-01,UNI,2,0,2,0,0
2025-01-01,XRP,5,0,5,0,0
2025-01-02,AVAX,3,0,3,0,0
2025-01-02,BTC,42,0,42,0,0
2025-01-02,DOGE,8,0,8,0,0
2025-01-02,DOT,1,0,1,0,0
2025-01-02,ETH,21,0,21,0,0
2025-01-02,LTC,1,0,1,0,0
2025-01-02,SHIBA,2,0,2,0,0
2025-01-02,SOL,17,0,17,0,0
2025-01-02,TERRA,4,0,4,0,0
2025-01-02,UNI,3,0,3,0,0
2025-01-02,XRP,5,0,5,0,0
2025-01-03,ADA,2,0,2,0,0
2025-01-03,AVAX,2,0,2,0,0
2025-01-03,BTC,43,0,43,0,0
2025-01-03,DOGE,6,0,6,0,0
2025-01-03,ETH,18,0,18,0,0
2025-01-03,LINK,1,0,1,0,0
2025-01-03,SOL,19,0,19,0,0
2025-01-03,TERRA,1,0,1,0,0
2025-01-03,UNI,3,0,3,0,0
2025-01-03,XRP,3,0,3,0,0
2025-01-04,BTC,18,0,18,0,0
2025-01-04,DOGE,2,0,2,0,0
2025-01-04,ETH,10,0,10,0,0
2025-01-04,LINK,1,0,1,0,0
2025-01-04,SHIBA,1,0,1,0,0
2025-01-04,SOL,4,0,4,0,0
2025-01-05,AVAX,1,0,1,0,0
2025-01-05,BTC,11,0,11,0,0
2025-01-05,DOGE,2,0,2,0,0
2025-01-05,ETH,6,0,6,0,0
2025-01-05,SHIBA,1,0,1,0,0
2025-01-05,SOL,3,0,3,0,0
2025-01-05,XRP,4,0,4,0,0
2025-01-06,ADA,3,0,3,0,0
2025-01-06,AVAX,1,0,1,0,0
2025-01-06,BTC,56,0,56,0,0
2025-01-06,DOGE,7,0,7,0,0
2025-01-06,ETH,20,0,20,0,0
2025-01-06,SHIBA,3,0,3,0,0
2025-01-06,SOL,13,0,13,0,0
2025-01-06,TERRA,3,0,3,0,0
2025-01-06,UNI,4,0,4,0,0
2025-01-06,XRP,8,0,8,0,0
2025-01-07,ADA,1,0,1,0,0
2025-01-07,BTC,49,0,49,0,0
2025-01-07,DOGE,4,0,4,0,0
2025-01-07,ETH,24,0,24,0,0
2025-01-07,LINK,4,0,4,0,0
2025-01-07,LTC,1,0,1,0,0
2025-01-07,SHIBA,1,0,1,0,0
2025-01-07,SOL,22,0,22,0,0
2025-01-07,TERRA,2,0,2,0,0
2025-01-07,UNI,1,0,1,0,0
2025-01-07,XRP,10,0,10,0,0
2025-01-08,ADA,3,0,3,0,0
2025-01-08,AVAX,2,0,2,0,0
2025-01-08,BNB,1,0,1,0,0
2025-01-08,BTC,53,0,53,0,0
2025-01-08,DOGE,6,0,6,0,0
2025-01-08,ETH,21,0,21,0,0
2025-01-08,LINK,6,0,6,0,0
2025-01-08,LTC,1,0,1,0,0
2025-01-08,SHIBA,3,0,3,0,0
2025-01-08,SOL,12,0,12,0,0
2025-01-08,TERRA,3,0,3,0,0
2025-01-08,UNI,1,0,1,0,0
2025-01-08,XRP,6,0,6,0,0
2025-01-09,ADA,3,0,3,0,0
2025-01-09,AVAX,5,0,5,0,0
2025-01-09,BTC,51,0,51,0,0
2025-01-09,DOGE,4,0,4,0,0
2025-01-09,DOT,2,0,2,0,0
2025-01-09,ETH,24,0,24,0,0
2025-01-09,LINK,1,0,1,0,0
2025-01-09,SHIBA,3,0,3,0,0
2025-01-09,SOL,20,0,20,0,0
2025-01-09,UNI,2,0,2,0,0
2025-01-09,XRP,8,0,8,0,0
2025-01-10,ADA,1,0,1,0,0
2025-01-10,AVAX,2,0,2,0,0
2025-01-10,BTC,56,0,56,0,0
2025-01-10,DOGE,1,0,1,0,0
2025-01-10,ETH,11,0,11,0,0
2025-01-10,LINK,2,0,2,0,0
2025-01-10,SOL,11,0,11,0,0
2025-01-10,XRP,3,0,3,0,0
2025-01-11,ADA,1,0,1,0,0
2025-01-11,BTC,10,0,10,0,0
2025-01-11,ETH,2,0,2,0,0
2025-01-11,LTC,1,0,1,0,0
2025-01-11,SOL,2,0,2,0,0
2025-01-11,TERRA,1,0,1,0,0
2025-01-11,XRP,1,0,1,0,0
2025-01-12,BTC,7,0,7,0,0
2025-01-12,ETH,2,0,2,0,0
2025-01-12,LTC,1,0,1,0,0
2025-01-12,SOL,2,0,2,0,0
2025-01-12,XRP,1,0,1,0,0
2025-01-13,ADA,1,0,1,0,0
2025-01-13,AVAX,2,0,2,0,0
2025-01-13,BTC,49,0,49,0,0
2025-01-13,DOGE,2,0,2,0,0
2025-01-13,DOT,2,0,2,0,0
2025-01-13,ETH,9,0,9,0,0
2025-01-13,LINK,1,0,1,0,0
2025-01-13,SHIBA,1,0,1,0,0
2025-01-13,SOL,12,0,12,0,0
2025-01-13,UNI,2,0,2,0,0
2025-01-13,XRP,5,0,5,0,0
2025-01-14,ADA,1,0,1,0,0
2025-01-14,BTC,43,0,43,0,0
2025-01-14,DOGE,1,0,1,0,0
2025-01-14,ETH,17,0,17,0,0
2025-01-14,LINK,1,0,1,0,0
2025-01-14,LTC,3,0,3,0,0
2025-01-14,SOL,11,0,11,0,0
2025-01-14,TERRA,1,0,1,0,0
2025-01-14,UNI,3,0,3,0,0
2025-01-14,XRP,9,0,9,0,0
2025-01-15,ADA,5,0,5,0,0
2025-01-15,AVAX,4,0,4,0,0
2025-01-15,BTC,53,0,53,0,0
2025-01-15,DOGE,5,0,5,0,0
2025-01-15,DOT,3,0,3,0,0
2025-01-15,ETH,13,0,13,0,0
2025-01-15,LINK,3,0,3,0,0
2025-01-15,LTC,1,0,1,0,0
2025-01-15,SOL,17,0,17,0,0
2025-01-15,UNI,3,0,3,0,0
2025-01-15,XRP,7,0,7,0,0
2025-01-16,ADA,2,0,2,0,0
2025-01-16,BTC,51,0,51,0,0
2025-01-16,ETH,16,0,16,0,0
2025-01-16,LTC,6,0,6,0,0
2025-01-16,SOL,25,0,25,0,0
2025-01-16,UNI,2,0,2,0,0
2025-01-16,XRP,11,0,11,0,0
2025-01-17,ADA,2,0,2,0,0
2025-01-17,AVAX,1,0,1,0,0
2025-01-17,BTC,55,0,55,0,0
2025-01-17,DOGE,4,0,4,0,0
2025-01-17,ETH,16,0,16,0,0
2025-01-17,LINK,1,0,1,0,0
2025-01-17,LTC,3,0,3,0,0
2025-01-17,SOL,12,0,12,0,0
2025-01-17,TERRA,2,0,2,0,0
2025-01-17,XRP,10,0,10,0,0
2025-01-18,AVAX,1,0,1,0,0
2025-01-18,BTC,12,0,12,0,0
2025-01-18,DOGE,5,0,5,0,0
2025-01-18,ETH,5,0,5,0,0
2025-01-18,SHIBA,1,0,1,0,0
2025-01-18,SOL,13,0,13,0,0
2025-01-18,XRP,3,0,3,0,0
2025-01-19,BTC,12,0,12,0,0
2025-01-19,DOGE,5,0,5,0,0
2025-01-19,ETH,3,0,3,0,0
2025-01-19,SHIBA,3,0,3,0,0
2025-01-19,SOL,12,0,12,0,0
2025-01-19,XRP,3,0,3,0,0
2025-01-20,ADA,2,0,2,0,0
2025-01-20,AVAX,2,0,2,0,0
2025-01-20,BTC,58,0,58,0,0
2025-01-20,DOGE,7,0,7,0,0
2025-01-20,DOT,1,0,1,0,0
2025-01-20,ETH,20,0,20,0,0
2025-01-20,LINK,4,0,4,0,0
2025-01-20,LTC,2,0,2,0,0
2025-01-20,SOL,33,0,33,0,0
2025-01-20,UNI,2,0,2,0,0
2025-01-20,XRP,3,0,3,0,0
2025-01-21,ADA,2,0,2,0,0
2025-01-21,BTC,43,0,43,0,0
2025-01-21,DOGE,11,0,11,0,0
2025-01-21,DOT,1,0,1,0,0
2025-01-21,ETH,19,0,19,0,0
2025-01-21,LTC,1,0,1,0,0
2025-01-21,SOL,17,0,17,0,0
2025-01-21,UNI,1,0,1,0,0
2025-01-21,XRP,5,0,5,0,0
2025-01-22,ADA,1,0,1,0,0
2025-01-22,AVAX,2,0,2,0,0
2025-01-22,BTC,57,0,57,0,0
2025-01-22,DOGE,8,0,8,0,0
2025-01-22,ETH,24,0,24,0,0
2025-01-22,LINK,2,0,2,0,0
2025-01-22,LTC,3,0,3,0,0
2025-01-22,SHIBA,1,0,1,0,0
2025-01-22,SOL,23,0,23,0,0
2025-01-22,XRP,3,0,3,0,0
2025-01-23,ADA,5,0,5,0,0
2025-01-23,BTC,47,0,47,0,0
2025-01-23,DOGE,8,0,8,0,0
2025-01-23,ETH,17,0,17,0,0
2025-01-23,SOL,17,0,17,0,0
2025-01-23,UNI,2,0,2,0,0
2025-01-23,XRP,4,0,4,0,0
2025-01-24,ADA,2,0,2,0,0
2025-01-24,AVAX,3,0,3,0,0
2025-01-24,BNB,1,0,1,0,0
2025-01-24,BTC,45,0,45,0,0
2025-01-24,DOGE,5,0,5,0,0
2025-01-24,ETH,24,0,24,0,0
2025-01-24,LINK,2,0,2,0,0
2025-01-24,SOL,20,0,20,0,0
2025-01-24,TERRA,1,0,1,0,0
2025-01-24,UNI,2,0,2,0,0
2025-01-24,XRP,4,0,4,0,0
2025-01-25,AVAX,1,0,1,0,0
2025-01-25,BTC,13,0,13,0,0
2025-01-25,DOGE,2,0,2,0,0
2025-01-25,ETH,4,0,4,0,0
2025-01-25,LINK,1,0,1,0,0
2025-01-25,LTC,3,0,3,0,0
2025-01-25,SOL,4,0,4,0,0
2025-01-25,XRP,2,0,2,0,0
2025-01-26,BTC,10,0,10,0,0
2025-01-26,DOGE,1,0,1,0,0
2025-01-26,ETH,3,0,3,0,0
2025-01-26,LINK,1,0,1,0,0
2025-01-26,LTC,1,0,1,0,0
2025-01-26,SOL,4,0,4,0,0
2025-01-26,XRP,4,0,4,0,0
2025-01-27,ADA,3,0,3,0,0
2025-01-27,AVAX,1,0,1,0,0
2025-01-27,BTC,40,0,40,0,0
2025-01-27,DOGE,6,0,6,0,0
2025-01-27,DOT,1,0,1,0,0
2025-01-27,ETH,14,0,14,0,0
2025-01-27,LINK,2,0,2,0,0
2025-01-27,SOL,13,0,13,0,0
2025-01-27,TERRA,1,0,1,0,0
2025-01-27,XRP,7,0,7,0,0
2025-01-28,ADA,7,0,7,0,0
2025-01-28,AVAX,2,0,2,0,0
2025-01-28,BTC,45,0,45,0,0
2025-01-28,DOGE,8,0,8,0,0
2025-01-28,DOT,4,0,4,0,0
2025-01-28,ETH,22,0,22,0,0
2025-01-28,LINK,3,0,3,0,0
2025-01-28,LTC,4,0,4,0,0
2025-01-28,SOL,22,0,22,0,0
2025-01-28,UNI,4,0,4,0,0
2025-01-28,XRP,12,0,12,0,0
2025-01-29,ADA,5,0,5,0,0
2025-01-29,AVAX,3,0,3,0,0
2025-01-29,BTC,53,0,53,0,0
2025-01-29,DOGE,7,0,7,0,0
2025-01-29,DOT,1,0,1,0,0
2025-01-29,ETH,10,0,10,0,0
2025-01-29,LINK,3,0,3,0,0
2025-01-29,LTC,4,0,4,0,0
2025-01-29,SOL,15,0,15,0,0
2025-01-29,XRP,5,0,5,0,0
2025-01-30,ADA,4,0,4,0,0
2025-01-30,AVAX,2,0,2,0,0
2025-01-30,BTC,59,0,59,0,0
2025-01-30,DOGE,3,0,3,0,0
2025-01-30,ETH,23,0,23,0,0
2025-01-30,LTC,3,0,3,0,0
2025-01-30,SOL,23,0,23,0,0
2025-01-30,UNI,1,0,1,0,0
2025-01-30,XRP,7,0,7,0,0
2025-01-31,ADA,3,0,3,0,0
2025-01-31,AVAX,7,0,7,0,0
2025-01-31,BTC,53,0,53,0,0
2025-01-31,DOGE,12,0,12,0,0
2025-01-31,DOT,1,0,1,0,0
2025-01-31,ETH,26,0,26,0,0
2025-01-31,LINK,2,0,2,0,0
2025-01-31,LTC,3,0,3,0,0
2025-01-31,SHIBA,3,0,3,0,0
2025-01-31,SOL,24,0,24,0,0
2025-01-31,UNI,2,0,2,0,0
2025-01-31,XRP,3,0,3,0,0
2025-02-01,BTC,11,0,11,0,0
2025-02-01,DOGE,4,0,4,0,0
2025-02-01,DOT,2,0,2,0,0
2025-02-01,ETH,9,0,9,0,0
2025-02-01,LTC,2,0,2,0,0
2025-02-01,SOL,4,0,4,0,0
2025-02-01,XRP,2,0,2,0,0
2025-02-02,BTC,14,0,14,0,0
2025-02-02,DOGE,2,0,2,0,0
2025-02-02,ETH,8,0,8,0,0
2025-02-02,LTC,1,0,1,0,0
2025-02-02,SOL,5,0,5,0,0
2025-02-03,ADA,5,0,5,0,0
2025-02-03,AVAX,2,0,2,0,0
2025-02-03,BTC,54,0,54,0,0
2025-02-03,DOGE,8,0,8,0,0
2025-02-03,DOT,1,0,1,0,0
2025-02-03,ETH,24,0,24,0,0
2025-02-03,LINK,4,0,4,0,0
2025-02-03,LTC,1,0,1,0,0
2025-02-03,SOL,15,0,15,0,0
2025-02-03,UNI,1,0,1,0,0
2025-02-03,XRP,1,0,1,0,0
2025-02-04,ADA,2,0,2,0,0
2025-02-04,AVAX,1,0,1,0,0
2025-02-04,BTC,43,0,43,0,0
2025-02-04,DOGE,5,0,5,0,0
2025-02-04,ETH,20,0,20,0,0
2025-02-04,LINK,3,0,3,0,0
2025-02-04,SOL,16,0,16,0,0
2025-02-04,UNI,1,0,1,0,0
2025-02-04,XRP,4,0,4,0,0
2025-02-05,BTC,53,0,53,0,0
2025-02-05,ETH,19,0,19,0,0
2025-02-05,SOL,9,0,9,0,0
2025-02-05,TERRA,1,0,1,0,0
2025-02-05,UNI,1,0,1,0,0
2025-02-05,XRP,7,0,7,0,0
2025-02-06,ADA,8,0,8,0,0
2025-02-06,AVAX,4,0,4,0,0
2025-02-06,BTC,63,0,63,0,0
2025-02-06,DOGE,5,0,5,0,0
2025-02-06,DOT,1,0,1,0,0
2025-02-06,ETH,32,0,32,0,0
2025-02-06,LINK,3,0,3,0,0
2025-02-06,LTC,3,0,3,0,0
2025-02-06,SHIBA,3,0,3,0,0
2025-02-06,SOL,23,0,23,0,0
2025-02-06,UNI,3,0,3,0,0
2025-02-06,XRP,7,0,7,0,0
2025-02-07,ADA,3,0,3,0,0
2025-02-07,AVAX,2,0,2,0,0
2025-02-07,BTC,61,0,61,0,0
2025-02-07,DOGE,5,0,5,0,0
2025-02-07,ETH,27,0,27,0,0
2025-02-07,LTC,4,0,4,0,0
2025-02-07,SHIBA,2,0,2,0,0
2025-02-07,SOL,26,0,26,0,0
2025-02-07,UNI,1,0,1,0,0
2025-02-07,XRP,8,0,8,0,0
2025-02-08,ADA,1,0,1,0,0
2025-02-08,AVAX,1,0,1,0,0
2025-02-08,BTC,16,0,16,0,0
2025-02-08,DOGE,4,0,4,0,0
2025-02-08,ETH,7,0,7,0,0
2025-02-08,LTC,1,0,1,0,0
2025-02-08,SHIBA,1,0,1,0,0
2025-02-08,SOL,8,0,8,0,0
2025-02-08,XRP,1,0,1,0,0
2025-02-09,AVAX,1,0,1,0,0
2025-02-09,BTC,14,0,14,0,0
2025-02-09,ETH,7,0,7,0,0
2025-02-09,SOL,7,0,7,0,0
2025-02-09,XRP,1,0,1,0,0
2025-02-10,ADA,2,0,2,0,0
2025-02-10,BNB,1,0,1,0,0
2025-02-10,BTC,67,0,67,0,0
2025-02-10,DOGE,6,0,6,0,0
2025-02-10,ETH,22,0,22,0,0
2025-02-10,LTC,2,0,2,0,0
2025-02-10,SOL,23,0,23,0,0
2025-02-10,TERRA,1,0,1,0,0
2025-02-10,UNI,2,0,2,0,0
2025-02-10,XRP,1,0,1,0,0
2025-02-11,ADA,6,0,6,0,0
2025-02-11,AVAX,1,0,1,0,0
2025-02-11,BNB,1,0,1,0,0
2025-02-11,BTC,64,0,64,0,0
2025-02-11,DOGE,8,0,8,0,0
2025-02-11,DOT,2,0,2,0,0
2025-02-11,ETH,33,0,33,0,0
2025-02-11,LINK,1,0,1,0,0
2025-02-11,LTC,7,0,7,0,0
2025-02-11,SHIBA,3,0,3,0,0
2025-02-11,SOL,33,0,33,0,0
2025-02-11,UNI,4,0,4,0,0
2025-02-11,XRP,10,0,10,0,0
2025-02-12,ADA,3,0,3,0,0
2025-02-12,AVAX,6,0,6,0,0
2025-02-12,BTC,68,0,68,0,0
2025-02-12,DOGE,6,0,6,0,0
2025-02-12,DOT,2,0,2,0,0
2025-02-12,ETH,27,0,27,0,0
2025-02-12,LINK,3,0,3,0,0
2025-02-12,LTC,5,0,5,0,0
2025-02-12,SHIBA,2,0,2,0,0
2025-02-12,SOL,25,0,25,0,0
2025-02-12,TERRA,1,0,1,0,0
2025-02-12,XRP,5,0,5,0,0
2025-02-13,ADA,2,0,2,0,0
2025-02-13,AVAX,1,0,1,0,0
2025-02-13,BNB,1,0,1,0,0
2025-02-13,BTC,69,0,69,0,0
2025-02-13,DOGE,3,0,3,0,0
2025-02-13,ETH,25,0,25,0,0
2025-02-13,LINK,1,0,1,0,0
2025-02-13,LTC,4,0,4,0,0
2025-02-13,SHIBA,2,0,2,0,0
2025-02-13,SOL,25,0,25,0,0
2025-02-13,UNI,1,0,1,0,0
2025-02-13,XRP,4,0,4,0,0
2025-02-14,ADA,3,0,3,0,0
2025-02-14,AVAX,2,0,2,0,0
2025-02-14,BNB,1,0,1,0,0
2025-02-14,BTC,56,0,56,0,0
2025-02-14,DOGE,8,0,8,0,0
2025-02-14,ETH,25,0,25,0,0
2025-02-14,LINK,2,0,2,0,0
2025-02-14,LTC,2,0,2,0,0
2025-02-14,SOL,23,0,23,0,0
2025-02-14,UNI,1,0,1,0,0
2025-02-14,XRP,6,0,6,0,0
2025-02-15,AVAX,1,0,1,0,0
2025-02-15,BTC,15,0,15,0,0
2025-02-15,DOGE,1,0,1,0,0
2025-02-15,DOT,1,0,1,0,0
2025-02-15,ETH,4,0,4,0,0
2025-02-15,SOL,8,0,8,0,0
2025-02-15,XRP,1,0,1,0,0
2025-02-16,ADA,1,0,1,0,0
2025-02-16,BTC,19,0,19,0,0
2025-02-16,DOGE,1,0,1,0,0
2025-02-16,ETH,4,0,4,0,0
2025-02-16,LINK,1,0,1,0,0
2025-02-16,LTC,2,0,2,0,0
2025-02-16,SOL,2,0,2,0,0
2025-02-17,ADA,6,0,6,0,0
2025-02-17,AVAX,8,0,8,0,0
2025-02-17,BNB,1,0,1,0,0
2025-02-17,BTC,41,0,41,0,0
2025-02-17,DOGE,3,0,3,0,0
2025-02-17,DOT,1,0,1,0,0
2025-02-17,ETH,13,0,13,0,0
2025-02-17,LINK,1,0,1,0,0
2025-02-17,LTC,1,0,1,0,0
2025-02-17,SHIBA,2,0,2,0,0
2025-02-17,SOL,32,0,32,0,0
2025-02-17,XRP,1,0,1,0,0
2025-02-18,BTC,49,0,49,0,0
2025-02-18,DOGE,8,0,8,0,0
2025-02-18,ETH,31,0,31,0,0
2025-02-18,LTC,3,0,3,0,0
2025-02-18,SHIBA,1,0,1,0,0
2025-02-18,SOL,31,0,31,0,0
2025-02-18,UNI,2,0,2,0,0
2025-02-18,XRP,6,0,6,0,0
2025-02-19,ADA,6,0,6,0,0
2025-02-19,AVAX,1,0,1,0,0
2025-02-19,BTC,56,0,56,0,0
2025-02-19,DOGE,9,0,9,0,0
2025-02-19,DOT,1,0,1,0,0
2025-02-19,ETH,17,0,17,0,0
2025-02-19,LINK,5,0,5,0,0
2025-02-19,LTC,6,0,6,0,0
2025-02-19,SHIBA,3,0,3,0,0
2025-02-19,SOL,27,0,27,0,0
2025-02-19,TERRA,1,0,1,0,0
2025-02-19,UNI,1,0,1,0,0
2025-02-19,XRP,6,0,6,0,0
2025-02-20,ADA,1,0,1,0,0
2025-02-20,BTC,49,0,49,0,0
2025-02-20,DOGE,2,0,2,0,0
2025-02-20,ETH,29,0,29,0,0
2025-02-20,LINK,1,0,1,0,0
2025-02-20,LTC,5,0,5,0,0
2025-02-20,SHIBA,1,0,1,0,0
2025-02-20,SOL,26,0,26,0,0
2025-02-20,TERRA,1,0,1,0,0
2025-02-20,XRP,4,0,4,0,0
2025-02-21,ADA,6,0,6,0,0
2025-02-21,BTC,64,0,64,0,0
2025-02-21,DOGE,3,0,3,0,0
2025-02-21,DOT,1,0,1,0,0
2025-02-21,ETH,35,0,35,0,0
2025-02-21,LINK,1,0,1,0,0
2025-02-21,LTC,6,0,6,0,0
2025-02-21,SOL,29,0,29,0,0
2025-02-21,UNI,1,0,1,0,0
2025-02-21,XRP,10,0,10,0,0
2025-02-22,BTC,18,0,18,0,0
2025-02-22,DOGE,1,0,1,0,0
2025-02-22,ETH,16,0,16,0,0
2025-02-22,SHIBA,1,0,1,0,0
2025-02-22,SOL,9,0,9,0,0
2025-02-23,BTC,9,0,9,0,0
2025-02-23,ETH,10,0,10,0,0
2025-02-23,SOL,6,0,6,0,0
2025-02-23,XRP,1,0,1,0,0
2025-02-24,ADA,3,0,3,0,0
2025-02-24,AVAX,5,0,5,0,0
2025-02-24,BTC,62,0,62,0,0
2025-02-24,DOGE,9,0,9,0,0
2025-02-24,DOT,2,0,2,0,0
2025-02-24,ETH,35,0,35,0,0
2025-02-24,LINK,4,0,4,0,0
2025-02-24,LTC,5,0,5,0,0
2025-02-24,SHIBA,1,0,1,0,0
2025-02-24,SOL,33,0,33,0,0
2025-02-24,TERRA,1,0,1,0,0
2025-02-24,UNI,4,0,4,0,0
2025-02-24,XRP,8,0,8,0,0
2025-02-25,ADA,7,0,7,0,0
2025-02-25,BTC,77,0,77,0,0
2025-02-25,DOGE,14,0,14,0,0
2025-02-25,DOT,4,0,4,0,0
2025-02-25,ETH,39,0,39,0,0
2025-02-25,LINK,1,0,1,0,0
2025-02-25,LTC,7,0,7,0,0
2025-02-25,SOL,28,0,28,0,0
2025-02-25,UNI,6,0,6,0,0
2025-02-25,XRP,4,0,4,0,0
2025-02-26,ADA,8,0,8,0,0
2025-02-26,AVAX,5,0,5,0,0
2025-02-26,BTC,82,0,82,0,0
2025-02-26,DOGE,6,0,6,0,0
2025-02-26,DOT,2,0,2,0,0
2025-02-26,ETH,24,0,24,0,0
2025-02-26,LINK,2,0,2,0,0
2025-02-26,LTC,5,0,5,0,0
2025-02-26,SOL,25,0,25,0,0
2025-02-26,UNI,4,0,4,0,0
2025-02-26,XRP,6,0,6,0,0
2025-02-27,ADA,5,0,5,0,0
2025-02-27,AVAX,3,0,3,0,0
2025-02-27,BNB,1,0,1,0,0
2025-02-27,BTC,64,0,64,0,0
2025-02-27,DOGE,2,0,2,0,0
2025-02-27,DOT,4,0,4,0,0
2025-02-27,ETH,25,0,25,0,0
2025-02-27,LINK,4,0,4,0,0
2025-02-27,LTC,3,0,3,0,0
2025-02-27,SOL,22,0,22,0,0
2025-02-27,TERRA,1,0,1,0,0
2025-02-27,UNI,10,0,10,0,0
2025-02-27,VECHAIN,1,0,1,0,0
2025-02-27,XRP,5,0,5,0,0
2025-02-28,ADA,5,0,5,0,0
2025-02-28,AVAX,4,0,4,0,0
2025-02-28,BTC,79,0,79,0,0
2025-02-28,DOGE,7,0,7,0,0
2025-02-28,ETH,38,0,38,0,0
2025-02-28,LINK,2,0,2,0,0
2025-02-28,LTC,2,0,2,0,0
2025-02-28,SHIBA,1,0,1,0,0
2025-02-28,SOL,36,0,36,0,0
2025-02-28,UNI,4,0,4,0,0
2025-02-28,XRP,2,0,2,0,0
2025-03-01,ADA,2,0,2,0,0
2025-03-01,BTC,14,0,14,0,0
2025-03-01,ETH,7,0,7,0,0
2025-03-01,SOL,5,0,5,0,0
2025-03-01,TERRA,1,0,1,0,0
2025-03-01,UNI,1,0,1,0,0
2025-03-01,XRP,2,0,2,0,0
2025-03-02,ADA,11,0,11,0,0
2025-03-02,BTC,21,0,21,0,0
2025-03-02,ETH,10,0,10,0,0
2025-03-02,LTC,1,0,1,0,0
2025-03-02,SOL,12,0,12,0,0
2025-03-02,XRP,2,0,2,0,0
2025-03-03,ADA,36,0,36,0,0
2025-03-03,BTC,71,0,71,0,0
2025-03-03,DOGE,4,0,4,0,0
2025-03-03,DOT,2,0,2,0,0
2025-03-03,ETH,32,0,32,0,0
2025-03-03,SOL,45,0,45,0,0
2025-03-03,UNI,6,0,6,0,0
2025-03-03,XRP,15,0,15,0,0
2025-03-04,ADA,16,0,16,0,0
2025-03-04,AVAX,1,0,1,0,0
2025-03-04,BTC,63,0,63,0,0
2025-03-04,DOGE,4,0,4,0,0
2025-03-04,DOT,2,0,2,0,0
2025-03-04,ETH,21,0,21,0,0
2025-03-04,LINK,3,0,3,0,0
2025-03-04,LTC,5,0,5,0,0
2025-03-04,SOL,32,0,32,0,0
2025-03-04,TERRA,1,0,1,0,0
2025-03-04,UNI,5,0,5,0,0
2025-03-04,XRP,7,0,7,0,0
2025-03-05,ADA,16,0,16,0,0
2025-03-05,AVAX,1,0,1,0,0
2025-03-05,BNB,1,0,1,0,0
2025-03-05,BTC,78,0,78,0,0
2025-03-05,DOGE,6,0,6,0,0
2025-03-05,DOT,1,0,1,0,0
2025-03-05,ETH,31,0,31,0,0
2025-03-05,LINK,3,0,3,0,0
2025-03-05,LTC,1,0,1,0,0
2025-03-05,SHIBA,3,0,3,0,0
2025-03-05,SOL,33,0,33,0,0
2025-03-05,TERRA,3,0,3,0,0
2025-03-05,UNI,4,0,4,0,0
2025-03-05,XRP,14,0,14,0,0
2025-03-06,ADA,19,0,19,0,0
2025-03-06,AVAX,4,0,4,0,0
2025-03-06,BTC,82,0,82,0,0
2025-03-06,DOGE,5,0,5,0,0
2025-03-06,ETH,34,0,34,0,0
2025-03-06,LINK,4,0,4,0,0
2025-03-06,LTC,2,0,2,0,0
2025-03-06,SHIBA,2,0,2,0,0
2025-03-06,SOL,45,0,45,0,0
2025-03-06,UNI,1,0,1,0,0
2025-03-06,XRP,8,0,8,0,0
2025-03-07,ADA,21,0,21,0,0
2025-03-07,AVAX,2,0,2,0,0
2025-03-07,BTC,91,0,91,0,0
2025-03-07,DOGE,10,0,10,0,0
2025-03-07,DOT,3,0,3,0,0
2025-03-07,ETH,26,0,26,0,0
2025-03-07,LINK,11,0,11,0,0
2025-03-07,LTC,2,0,2,0,0
2025-03-07,SHIBA,2,0,2,0,0
2025-03-07,SOL,41,0,41,0,0
2025-03-07,UNI,1,0,1,0,0
2025-03-07,XRP,15,0,15,0,0
2025-03-08,ADA,4,0,4,0,0
2025-03-08,AVAX,1,0,1,0,0
2025-03-08,BTC,21,0,21,0,0
2025-03-08,DOGE,1,0,1,0,0
2025-03-08,ETH,6,0,6,0,0
2025-03-08,LINK,1,0,1,0,0
2025-03-08,SOL,8,0,8,0,0
2025-03-08,UNI,1,0,1,0,0
2025-03-08,XRP,4,0,4,0,0
2025-03-09,ADA,3,0,3,0,0
2025-03-09,BTC,13,0,13,0,0
2025-03-09,DOGE,3,0,3,0,0
2025-03-09,ETH,5,0,5,0,0
2025-03-09,SOL,3,0,3,0,0
2025-03-09,XRP,1,0,1,0,0
2025-03-10,ADA,7,0,7,0,0
2025-03-10,AVAX,2,0,2,0,0
2025-03-10,BNB,1,0,1,0,0
2025-03-10,BTC,84,0,84,0,0
2025-03-10,DOGE,8,0,8,0,0
2025-03-10,DOT,1,0,1,0,0
2025-03-10,ETH,28,0,28,0,0
2025-03-10,LTC,2,0,2,0,0
2025-03-10,SOL,22,0,22,0,0
2025-03-10,TERRA,1,0,1,0,0
2025-03-10,UNI,2,0,2,0,0
2025-03-10,XRP,9,0,9,0,0
2025-03-11,ADA,3,0,3,0,0
2025-03-11,AVAX,6,0,6,0,0
2025-03-11,BTC,86,0,86,0,0
2025-03-11,DOGE,4,0,4,0,0
2025-03-11,ETH,37,0,37,0,0
2025-03-11,LINK,1,0,1,0,0
2025-03-11,SOL,35,0,35,0,0
2025-03-11,UNI,3,0,3,0,0
2025-03-11,XRP,10,0,10,0,0
2025-03-12,ADA,7,0,7,0,0
2025-03-12,AVAX,4,0,4,0,0
2025-03-12,BNB,1,0,1,0,0
2025-03-12,BTC,77,0,77,0,0
2025-03-12,DOGE,9,0,9,0,0
2025-03-12,ETH,35,0,35,0,0
2025-03-12,LTC,7,0,7,0,0
2025-03-12,SHIBA,1,0,1,0,0
2025-03-12,SOL,31,0,31,0,0
2025-03-12,UNI,2,0,2,0,0
2025-03-12,XRP,11,0,11,0,0
2025-03-13,AVAX,3,0,3,0,0
2025-03-13,BNB,1,0,1,0,0
2025-03-13,BTC,60,0,60,0,0
2025-03-13,DOGE,8,0,8,0,0
2025-03-13,ETH,29,0,29,0,0
2025-03-13,LTC,2,0,2,0,0
2025-03-13,SOL,17,0,17,0,0
2025-03-13,UNI,2,0,2,0,0
2025-03-13,XRP,7,0,7,0,0
2025-03-14,ADA,6,0,6,0,0
2025-03-14,AVAX,1,0,1,0,0
2025-03-14,BTC,54,0,54,0,0
2025-03-14,DOGE,3,0,3,0,0
2025-03-14,ETH,15,0,15,0,0
2025-03-14,LINK,3,0,3,0,0
2025-03-14,LTC,1,0,1,0,0
2025-03-14,SOL,19,0,19,0,0
2025-03-14,TERRA,2,0,2,0,0
2025-03-14,UNI,2,0,2,0,0
2025-03-14,XRP,5,0,5,0,0
2025-03-15,ADA,1,0,1,0,0
2025-03-15,BTC,17,0,17,0,0
2025-03-15,DOGE,1,0,1,0,0
2025-03-15,DOT,1,0,1,0,0
2025-03-15,ETH,3,0,3,0,0
2025-03-15,LINK,1,0,1,0,0
2025-03-15,SOL,7,0,7,0,0
2025-03-16,BTC,14,0,14,0,0
2025-03-16,ETH,3,0,3,0,0
2025-03-16,SOL,4,0,4,0,0
2025-03-16,XRP,1,0,1,0,0
2025-03-17,ADA,7,0,7,0,0
2025-03-17,AVAX,2,0,2,0,0
2025-03-17,BNB,2,0,2,0,0
2025-03-17,BTC,74,0,74,0,0
2025-03-17,DOGE,5,0,5,0,0
2025-03-17,ETH,35,0,35,0,0
2025-03-17,LINK,4,0,4,0,0
2025-03-17,LTC,7,0,7,0,0
2025-03-17,SOL,25,0,25,0,0
2025-03-17,UNI,2,0,2,0,0
2025-03-17,XRP,6,0,6,0,0
2025-03-18,ADA,3,0,3,0,0
2025-03-18,AVAX,3,0,3,0,0
2025-03-18,BNB,1,0,1,0,0
2025-03-18,BTC,76,0,76,0,0
2025-03-18,DOGE,4,0,4,0,0
2025-03-18,DOT,1,0,1,0,0
2025-03-18,ETH,33,0,33,0,0
2025-03-18,LINK,1,0,1,0,0
2025-03-18,LTC,3,0,3,0,0
2025-03-18,SOL,38,0,38,0,0
2025-03-18,TERRA,2,0,2,0,0
2025-03-18,UNI,5,0,5,0,0
2025-03-18,XRP,5,0,5,0,0
2025-03-19,ADA,4,0,4,0,0
2025-03-19,AVAX,1,0,1,0,0
2025-03-19,BNB,1,0,1,0,0
2025-03-19,BTC,70,0,70,0,0
2025-03-19,DOGE,4,0,4,0,0
2025-03-19,DOT,1,0,1,0,0
2025-03-19,ETH,24,0,24,0,0
2025-03-19,LINK,2,0,2,0,0
2025-03-19,LTC,1,0,1,0,0
2025-03-19,SOL,27,0,27,0,0
2025-03-19,UNI,5,0,5,0,0
2025-03-19,XRP,20,0,20,0,0
2025-03-20,ADA,1,0,1,0,0
2025-03-20,AVAX,2,0,2,0,0
2025-03-20,BTC,64,0,64,0,0
2025-03-20,DOGE,7,0,7,0,0
2025-03-20,DOT,1,0,1,0,0
2025-03-20,ETH,29,0,29,0,0
2025-03-20,LINK,1,0,1,0,0
2025-03-20,LTC,1,0,1,0,0
2025-03-20,SOL,23,0,23,0,0
2025-03-20,UNI,4,0,4,0,0
2025-03-20,XRP,12,0,12,0,0
2025-03-21,ADA,3,0,3,0,0
2025-03-21,AVAX,1,0,1,0,0
2025-03-21,BTC,57,0,57,0,0
2025-03-21,DOGE,2,0,2,0,0
2025-03-21,ETH,26,0,26,0,0
2025-03-21,LINK,1,0,1,0,0
2025-03-21,SHIBA,1,0,1,0,0
2025-03-21,SOL,26,0,26,0,0
2025-03-21,TERRA,1,0,1,0,0
2025-03-21,UNI,1,0,1,0,0
2025-03-21,XRP,14,0,14,0,0
2025-03-22,BTC,12,0,12,0,0
2025-03-22,ETH,5,0,5,0,0
2025-03-22,SOL,2,0,2,0,0
2025-03-22,XRP,2,0,2,0,0
2025-03-23,AVAX,2,0,2,0,0
2025-03-23,BTC,18,0,18,0,0
2025-03-23,ETH,12,0,12,0,0
2025-03-23,LINK,1,0,1,0,0
2025-03-23,SOL,2,0,2,0,0
2025-03-23,TERRA,1,0,1,0,0
2025-03-23,XRP,2,0,2,0,0
2025-03-24,ADA,1,0,1,0,0
2025-03-24,AVAX,1,0,1,0,0
2025-03-24,BTC,56,0,56,0,0
2025-03-24,DOGE,4,0,4,0,0
2025-03-24,DOT,3,0,3,0,0
2025-03-24,ETH,25,0,25,0,0
2025-03-24,LINK,6,0,6,0,0
2025-03-24,LTC,1,0,1,0,0
2025-03-24,SOL,25,0,25,0,0
2025-03-24,UNI,2,0,2,0,0
2025-03-24,XRP,10,0,10,0,0
2025-03-25,ADA,7,0,7,0,0
2025-03-25,AVAX,5,0,5,0,0
2025-03-25,BTC,72,0,72,0,0
2025-03-25,DOGE,12,0,12,0,0
2025-03-25,ETH,35,0,35,0,0
2025-03-25,LTC,2,0,2,0,0
2025-03-25,SHIBA,2,0,2,0,0
2025-03-25,SOL,28,0,28,0,0
2025-03-25,UNI,3,0,3,0,0
2025-03-25,XRP,11,0,11,0,0
2025-03-26,ADA,8,0,8,0,0
2025-03-26,AVAX,3,0,3,0,0
2025-03-26,BTC,58,0,58,0,0
2025-03-26,DOGE,8,0,8,0,0
2025-03-26,ETH,40,0,40,0,0
2025-03-26,LINK,4,0,4,0,0
2025-03-26,LTC,2,0,2,0,0
2025-03-26,SHIBA,2,0,2,0,0
2025-03-26,SOL,37,0,37,0,0
2025-03-26,TERRA,1,0,1,0,0
2025-03-26,UNI,4,0,4,0,0
2025-03-26,XRP,8,0,8,0,0
2025-03-27,ADA,2,0,2,0,0
2025-03-27,AVAX,4,0,4,0,0
2025-03-27,BNB,1,0,1,0,0
2025-03-27,BTC,65,0,65,0,0
2025-03-27,DOGE,6,0,6,0,0
2025-03-27,ETH,28,0,28,0,0
2025-03-27,LINK,1,0,1,0,0
2025-03-27,LTC,1,0,1,0,0
2025-03-27,SHIBA,1,0,1,0,0
2025-03-27,SOL,18,0,18,0,0
2025-03-27,UNI,2,0,2,0,0
2025-03-27,XRP,9,0,9,0,0
2025-03-28,ADA,4,0,4,0,0
2025-03-28,AVAX,5,0,5,0,0
2025-03-28,BTC,50,0,50,0,0
2025-03-28,DOGE,4,0,4,0,0
2025-03-28,ETH,21,0,21,0,0
2025-03-28,LINK,2,0,2,0,0
2025-03-28,LTC,2,0,2,0,0
2025-03-28,SHIBA,1,0,1,0,0
2025-03-28,SOL,19,0,19,0,0
2025-03-28,TERRA,7,0,7,0,0
2025-03-28,UNI,3,0,3,0,0
2025-03-28,XRP,4,0,4,0,0
2025-03-29,ADA,1,0,1,0,0
2025-03-29,AVAX,4,0,4,0,0
2025-03-29,BTC,18,0,18,0,0
2025-03-29,DOGE,3,0,3,0,0
2025-03-29,DOT,1,0,1,0,0
2025-03-29,ETH,7,0,7,0,0
2025-03-29,LTC,2,0,2,0,0
2025-03-29,SHIBA,1,0,1,0,0
2025-03-29,SOL,7,0,7,0,0
2025-03-29,TERRA,3,0,3,0,0
2025-03-29,XRP,1,0,1,0,0
2025-03-30,BTC,18,0,18,0,0
2025-03-30,DOGE,1,0,1,0,0
2025-03-30,ETH,5,0,5,0,0
2025-03-30,SOL,5,0,5,0,0
2025-03-30,TERRA,2,0,2,0,0
2025-03-30,XRP,2,0,2,0,0
2025-03-31,ADA,5,0,5,0,0
2025-03-31,AVAX,2,0,2,0,0
2025-03-31,BTC,55,0,55,0,0
2025-03-31,DOGE,10,0,10,0,0
2025-03-31,DOT,2,0,2,0,0
2025-03-31,ETH,18,0,18,0,0
2025-03-31,LTC,1,0,1,0,0
2025-03-31,SHIBA,4,0,4,0,0
2025-03-31,SOL,23,0,23,0,0
2025-03-31,UNI,1,0,1,0,0
2025-03-31,XRP,5,0,5,0,0
2025-04-01,ADA,6,0,6,0,0
2025-04-01,AVAX,2,0,2,0,0
2025-04-01,BTC,61,0,61,0,0
2025-04-01,DOGE,4,0,4,0,0
2025-04-01,DOT,2,0,2,0,0
2025-04-01,ETH,24,0,24,0,0
2025-04-01,LINK,1,0,1,0,0
2025-04-01,SHIBA,1,0,1,0,0
2025-04-01,SOL,16,0,16,0,0
2025-04-01,UNI,4,0,4,0,0
2025-04-01,XRP,4,0,4,0,0
2025-04-02,ADA,4,0,4,0,0
2025-04-02,AVAX,11,0,11,0,0
2025-04-02,BNB,2,0,2,0,0
2025-04-02,BTC,80,0,80,0,0
2025-04-02,DOGE,4,0,4,0,0
2025-04-02,ETH,22,0,22,0,0
2025-04-02,LINK,1,0,1,0,0
2025-04-02,LTC,5,0,5,0,0
2025-04-02,SHIBA,2,0,2,0,0
2025-04-02,SOL,19,0,19,0,0
2025-04-02,UNI,3,0,3,0,0
2025-04-02,XRP,7,0,7,0,0
2025-04-03,ADA,1,0,1,0,0
2025-04-03,AVAX,4,0,4,0,0
2025-04-03,BTC,57,0,57,0,0
2025-04-03,DOGE,1,0,1,0,0
2025-04-03,ETH,25,0,25,0,0
2025-04-03,LINK,1,0,1,0,0
2025-04-03,LTC,2,0,2,0,0
2025-04-03,SOL,17,0,17,0,0
2025-04-03,XRP,11,0,11,0,0
2025-04-04,ADA,7,0,7,0,0
2025-04-04,AVAX,5,0,5,0,0
2025-04-04,BTC,73,0,73,0,0
2025-04-04,DOGE,1,0,1,0,0
2025-04-04,DOT,2,0,2,0,0
2025-04-04,ETH,27,0,27,0,0
2025-04-04,LINK,6,0,6,0,0
2025-04-04,SHIBA,1,0,1,0,0
2025-04-04,SOL,33,0,33,0,0
2025-04-04,TERRA,1,0,1,0,0
2025-04-04,UNI,2,0,2,0,0
2025-04-04,XRP,15,0,15,0,0
2025-04-05,BTC,21,0,21,0,0
2025-04-05,DOGE,1,0,1,0,0
2025-04-05,ETH,4,0,4,0,0
2025-04-05,SOL,6,0,6,0,0
2025-04-05,XRP,3,0,3,0,0
2025-04-06,ADA,1,0,1,0,0
2025-04-06,BTC,16,0,16,0,0
2025-04-06,ETH,4,0,4,0,0
2025-04-06,SOL,6,0,6,0,0
2025-04-06,UNI,1,0,1,0,0
2025-04-06,XRP,3,0,3,0,0
2025-04-07,ADA,5,0,5,0,0
2025-04-07,AVAX,1,0,1,0,0
2025-04-07,BNB,1,0,1,0,0
2025-04-07,BTC,86,0,86,0,0
2025-04-07,DOGE,11,0,11,0,0
2025-04-07,DOT,1,0,1,0,0
2025-04-07,ETH,24,0,24,0,0
2025-04-07,LTC,1,0,1,0,0
2025-04-07,SOL,31,0,31,0,0
2025-04-07,XRP,7,0,7,0,0
2025-04-08,ADA,2,0,2,0,0
2025-04-08,AVAX,2,0,2,0,0
2025-04-08,BTC,68,0,68,0,0
2025-04-08,DOGE,7,0,7,0,0
2025-04-08,ETH,28,0,28,0,0
2025-04-08,LINK,2,0,2,0,0
2025-04-08,LTC,4,0,4,0,0
2025-04-08,SHIBA,2,0,2,0,0
2025-04-08,SOL,14,0,14,0,0
2025-04-08,TERRA,1,0,1,0,0
2025-04-08,UNI,2,0,2,0,0
2025-04-08,XRP,22,0,22,0,0
2025-04-09,ADA,6,0,6,0,0
2025-04-09,AVAX,3,0,3,0,0
2025-04-09,BNB,1,0,1,0,0
2025-04-09,BTC,76,0,76,0,0
2025-04-09,DOGE,6,0,6,0,0
2025-04-09,DOT,1,0,1,0,0
2025-04-09,ETH,33,0,33,0,0
2025-04-09,LINK,3,0,3,0,0
2025-04-09,LTC,3,0,3,0,0
2025-04-09,SHIBA,3,0,3,0,0
2025-04-09,SOL,32,0,32,0,0
2025-04-09,UNI,1,0,1,0,0
2025-04-09,XRP,7,0,7,0,0
2025-04-10,ADA,4,0,4,0,0
2025-04-10,AVAX,4,0,4,0,0
2025-04-10,BNB,1,0,1,0,0
2025-04-10,BTC,87,0,87,0,0
2025-04-10,DOGE,7,0,7,0,0
2025-04-10,DOT,1,0,1,0,0
2025-04-10,ETH,28,0,28,0,0
2025-04-10,LINK,1,0,1,0,0
2025-04-10,LTC,2,0,2,0,0
2025-04-10,SOL,22,0,22,0,0
2025-04-10,TERRA,3,0,3,0,0
2025-04-10,UNI,3,0,3,0,0
2025-04-10,XRP,7,0,7,0,0
2025-04-11,ADA,3,0,3,0,0
2025-04-11,AVAX,2,0,2,0,0
2025-04-11,BTC,74,0,74,0,0
2025-04-11,DOGE,4,0,4,0,0
2025-04-11,DOT,1,0,1,0,0
2025-04-11,ETH,20,0,20,0,0
2025-04-11,LINK,1,0,1,0,0
2025-04-11,LTC,2,0,2,0,0
2025-04-11,SHIBA,3,0,3,0,0
2025-04-11,SOL,16,0,16,0,0
2025-04-11,TERRA,1,0,1,0,0
2025-04-11,UNI,2,0,2,0,0
2025-04-11,XRP,9,0,9,0,0
2025-04-12,BTC,14,0,14,0,0
2025-04-12,DOGE,1,0,1,0,0
2025-04-12,ETH,2,0,2,0,0
2025-04-12,SOL,3,0,3,0,0
2025-04-12,XRP,3,0,3,0,0
2025-04-13,BTC,13,0,13,0,0
2025-04-13,ETH,2,0,2,0,0
2025-04-13,SOL,4,0,4,0,0
2025-04-13,XRP,2,0,2,0,0
2025-04-14,ADA,4,0,4,0,0
2025-04-14,AVAX,7,0,7,0,0
2025-04-14,BTC,69,0,69,0,0
2025-04-14,DOGE,2,0,2,0,0
2025-04-14,ETH,29,0,29,0,0
2025-04-14,LINK,2,0,2,0,0
2025-04-14,SOL,23,0,23,0,0
2025-04-14,TERRA,6,0,6,0,0
2025-04-14,UNI,1,0,1,0,0
2025-04-14,XRP,6,0,6,0,0
2025-04-15,ADA,3,0,3,0,0
2025-04-15,AVAX,3,0,3,0,0
2025-04-15,BNB,1,0,1,0,0
2025-04-15,BTC,73,0,73,0,0
2025-04-15,DOGE,3,0,3,0,0
2025-04-15,ETH,22,0,22,0,0
2025-04-15,LTC,1,0,1,0,0
2025-04-15,SHIBA,1,0,1,0,0
2025-04-15,SOL,27,0,27,0,0
2025-04-15,TERRA,2,0,2,0,0
2025-04-15,VECHAIN,1,0,1,0,0
2025-04-15,XRP,9,0,9,0,0
2025-04-16,ADA,6,0,6,0,0
2025-04-16,AVAX,4,0,4,0,0
2025-04-16,BTC,80,0,80,0,0
2025-04-16,DOGE,5,0,5,0,0
2025-04-16,DOT,1,0,1,0,0
2025-04-16,ETH,36,0,36,0,0
2025-04-16,LINK,3,0,3,0,0
2025-04-16,LTC,2,0,2,0,0
2025-04-16,SOL,30,0,30,0,0
2025-04-16,TERRA,1,0,1,0,0
2025-04-16,UNI,2,0,2,0,0
2025-04-16,VECHAIN,1,0,1,0,0
2025-04-16,XRP,13,0,13,0,0
2025-04-17,ADA,1,0,1,0,0
2025-04-17,AVAX,5,0,5,0,0
2025-04-17,BTC,62,0,62,0,0
2025-04-17,DOGE,3,0,3,0,0
2025-04-17,ETH,34,0,34,0,0
2025-04-17,LINK,1,0,1,0,0
2025-04-17,LTC,1,0,1,0,0
2025-04-17,SOL,30,0,30,0,0
2025-04-17,TERRA,2,0,2,0,0
2025-04-17,UNI,4,0,4,0,0
2025-04-17,VECHAIN,1,0,1,0,0
2025-04-17,XRP,9,0,9,0,0
2025-04-18,ADA,3,0,3,0,0
2025-04-18,AVAX,2,0,2,0,0
2025-04-18,BTC,41,0,41,0,0
2025-04-18,DOGE,2,0,2,0,0
2025-04-18,DOT,1,0,1,0,0
2025-04-18,ETH,19,0,19,0,0
2025-04-18,LINK,2,0,2,0,0
2025-04-18,LTC,1,0,1,0,0
2025-04-18,SOL,18,0,18,0,0
2025-04-18,TERRA,1,0,1,0,0
2025-04-18,UNI,2,0,2,0,0
2025-04-18,XRP,7,0,7,0,0
2025-04-19,ADA,2,0,2,0,0
2025-04-19,BTC,14,0,14,0,0
2025-04-19,DOT,1,0,1,0,0
2025-04-19,ETH,7,0,7,0,0
2025-04-19,SOL,5,0,5,0,0
2025-04-19,UNI,1,0,1,0,0
2025-04-19,XRP,1,0,1,0,0
2025-04-20,BTC,12,0,12,0,0
2025-04-20,DOGE,1,0,1,0,0
2025-04-20,ETH,4,0,4,0,0
2025-04-20,SOL,6,0,6,0,0
2025-04-20,XRP,2,0,2,0,0
2025-04-21,ADA,4,0,4,0,0
2025-04-21,AVAX,3,0,3,0,0
2025-04-21,BTC,58,0,58,0,0
2025-04-21,DOGE,5,0,5,0,0
2025-04-21,DOT,1,0,1,0,0
2025-04-21,ETH,28,0,28,0,0
2025-04-21,LINK,1,0,1,0,0
2025-04-21,LTC,4,0,4,0,0
2025-04-21,SOL,29,0,29,0,0
2025-04-21,TERRA,1,0,1,0,0
2025-04-21,UNI,3,0,3,0,0
2025-04-21,XRP,7,0,7,0,0
2025-04-22,ADA,1,0,1,0,0
2025-04-22,AVAX,2,0,2,0,0
2025-04-22,BTC,64,0,64,0,0
2025-04-22,DOGE,7,0,7,0,0
2025-04-22,ETH,25,0,25,0,0
2025-04-22,LTC,2,0,2,0,0
2025-04-22,SHIBA,1,0,1,0,0
2025-04-22,SOL,27,0,27,0,0
2025-04-22,TERRA,1,0,1,0,0
2025-04-22,UNI,2,0,2,0,0
2025-04-22,XRP,6,0,6,0,0
2025-04-23,ADA,6,0,6,0,0
2025-04-23,AVAX,1,0,1,0,0
2025-04-23,BTC,89,0,89,0,0
2025-04-23,DOGE,4,0,4,0,0
2025-04-23,DOT,1,0,1,0,0
2025-04-23,ETH,26,0,26,0,0
2025-04-23,LINK,5,0,5,0,0
2025-04-23,LTC,1,0,1,0,0
2025-04-23,SHIBA,2,0,2,0,0
2025-04-23,SOL,29,0,29,0,0
2025-04-23,UNI,1,0,1,0,0
2025-04-23,XRP,9,0,9,0,0
2025-04-24,ADA,1,0,1,0,0
2025-04-24,AVAX,2,0,2,0,0
2025-04-24,BTC,61,0,61,0,0
2025-04-24,DOGE,2,0,2,0,0
2025-04-24,ETH,29,0,29,0,0
2025-04-24,LTC,1,0,1,0,0
2025-04-24,SOL,23,0,23,0,0
2025-04-24,TERRA,1,0,1,0,0
2025-04-24,UNI,2,0,2,0,0
2025-04-24,XRP,7,0,7,0,0
2025-04-25,ADA,5,0,5,0,0
2025-04-25,AVAX,4,0,4,0,0
2025-04-25,BTC,58,0,58,0,0
2025-04-25,DOGE,10,0,10,0,0
2025-04-25,DOT,3,0,3,0,0
2025-04-25,ETH,31,0,31,0,0
2025-04-25,LINK,2,0,2,0,0
2025-04-25,LTC,5,0,5,0,0
2025-04-25,SHIBA,1,0,1,0,0
2025-04-25,SOL,23,0,23,0,0
2025-04-25,UNI,4,0,4,0,0
2025-04-25,XRP,3,0,3,0,0
2025-04-26,AVAX,1,0,1,0,0
2025-04-26,BTC,18,0,18,0,0
2025-04-26,ETH,6,0,6,0,0
2025-04-26,SOL,6,0,6,0,0
2025-04-26,XRP,5,0,5,0,0
2025-04-27,ADA,2,0,2,0,0
2025-04-27,AVAX,1,0,1,0,0
2025-04-27,BTC,15,0,15,0,0
2025-04-27,DOGE,1,0,1,0,0
2025-04-27,ETH,7,0,7,0,0
2025-04-27,SOL,3,0,3,0,0
2025-04-28,ADA,2,0,2,0,0
2025-04-28,AVAX,2,0,2,0,0
2025-04-28,BTC,69,0,69,0,0
2025-04-28,DOGE,3,0,3,0,0
2025-04-28,ETH,26,0,26,0,0
2025-04-28,LINK,1,0,1,0,0
2025-04-28,SHIBA,1,0,1,0,0
2025-04-28,SOL,29,0,29,0,0
2025-04-28,TERRA,1,0,1,0,0
2025-04-28,UNI,3,0,3,0,0
2025-04-28,XRP,7,0,7,0,0
2025-04-29,ADA,3,0,3,0,0
2025-04-29,AVAX,2,0,2,0,0
2025-04-29,BTC,69,0,69,0,0
2025-04-29,DOGE,6,0,6,0,0
2025-04-29,DOT,2,0,2,0,0
2025-04-29,ETH,28,0,28,0,0
2025-04-29,LINK,1,0,1,0,0
2025-04-29,LTC,2,0,2,0,0
2025-04-29,SHIBA,2,0,2,0,0
2025-04-29,SOL,23,0,23,0,0
2025-04-29,UNI,3,0,3,0,0
2025-04-30,ADA,6,0,6,0,0
2025-04-30,AVAX,4,0,4,0,0
2025-04-30,BTC,76,0,76,0,0
2025-04-30,DOGE,9,0,9,0,0
2025-04-30,DOT,8,0,8,0,0
2025-04-30,ETH,41,0,41,0,0
2025-04-30,LINK,2,0,2,0,0
2025-04-30,LTC,1,0,1,0,0
2025-04-30,SHIBA,2,0,2,0,0
2025-04-30,SOL,27,0,27,0,0
2025-04-30,UNI,3,0,3,0,0
2025-04-30,XRP,10,0,10,0,0
2025-05-01,ADA,2,0,2,0,0
2025-05-01,AVAX,4,0,4,0,0
2025-05-01,BTC,77,0,77,0,0
2025-05-01,DOGE,6,0,6,0,0
2025-05-01,DOT,7,0,7,0,0
2025-05-01,ETH,25,0,25,0,0
2025-05-01,LTC,2,0,2,0,0
2025-05-01,SOL,24,0,24,0,0
2025-05-01,TERRA,1,0,1,0,0
2025-05-01,XRP,3,0,3,0,0
2025-05-02,ADA,3,0,3,0,0
2025-05-02,AVAX,4,0,4,0,0
2025-05-02,BTC,49,0,49,0,0
2025-05-02,DOGE,7,0,7,0,0
2025-05-02,ETH,14,0,14,0,0
2025-05-02,LINK,1,0,1,0,0
2025-05-02,LTC,1,0,1,0,0
2025-05-02,SOL,15,0,15,0,0
2025-05-02,TERRA,1,0,1,0,0
2025-05-02,XRP,2,0,2,0,0
2025-05-03,AVAX,1,0,1,0,0
2025-05-03,BTC,16,0,16,0,0
2025-05-03,ETH,3,0,3,0,0
2025-05-03,LTC,1,0,1,0,0
2025-05-03,SOL,5,0,5,0,0
2025-05-03,UNI,1,0,1,0,0
2025-05-03,XRP,1,0,1,0,0
2025-05-04,ADA,1,0,1,0,0
2025-05-04,AVAX,2,0,2,0,0
2025-05-04,BTC,13,0,13,0,0
2025-05-04,DOGE,1,0,1,0,0
2025-05-04,ETH,4,0,4,0,0
2025-05-04,XRP,1,0,1,0,0
2025-05-05,ADA,4,0,4,0,0
2025-05-05,AVAX,2,0,2,0,0
2025-05-05,BNB,1,0,1,0,0
2025-05-05,BTC,65,0,65,0,0
2025-05-05,DOGE,6,0,6,0,0
2025-05-05,DOT,2,0,2,0,0
2025-05-05,ETH,21,0,21,0,0
2025-05-05,LINK,1,0,1,0,0
2025-05-05,LTC,3,0,3,0,0
2025-05-05,SHIBA,1,0,1,0,0
2025-05-05,SOL,15,0,15,0,0
2025-05-05,UNI,1,0,1,0,0
2025-05-05,XRP,7,0,7,0,0
2025-05-06,ADA,2,0,2,0,0
2025-05-06,AVAX,6,0,6,0,0
2025-05-06,BTC,64,0,64,0,0
2025-05-06,DOGE,3,0,3,0,0
2025-05-06,DOT,2,0,2,0,0
2025-05-06,ETH,21,0,21,0,0
2025-05-06,LINK,10,0,10,0,0
2025-05-06,LTC,3,0,3,0,0
2025-05-06,SHIBA,1,0,1,0,0
2025-05-06,SOL,27,0,27,0,0
2025-05-06,UNI,2,0,2,0,0
2025-05-06,XRP,9,0,9,0,0
2025-05-07,ADA,3,0,3,0,0
2025-05-07,AVAX,1,0,1,0,0
2025-05-07,BTC,67,0,67,0,0
2025-05-07,DOGE,2,0,2,0,0
2025-05-07,ETH,39,0,39,0,0
2025-05-07,LINK,12,0,12,0,0
2025-05-07,SOL,20,0,20,0,0
2025-05-07,UNI,2,0,2,0,0
2025-05-07,XRP,3,0,3,0,0
2025-05-08,ADA,2,0,2,0,0
2025-05-08,AVAX,2,0,2,0,0
2025-05-08,BTC,65,0,65,0,0
2025-05-08,DOGE,5,0,5,0,0
2025-05-08,ETH,26,0,26,0,0
2025-05-08,LINK,9,0,9,0,0
2025-05-08,LTC,1,0,1,0,0
2025-05-08,SOL,19,0,19,0,0
2025-05-08,TERRA,1,0,1,0,0
2025-05-08,UNI,1,0,1,0,0
2025-05-08,XRP,9,0,9,0,0
2025-05-09,ADA,5,0,5,0,0
2025-05-09,AVAX,1,0,1,0,0
2025-05-09,BTC,60,0,60,0,0
2025-05-09,DOGE,3,0,3,0,0
2025-05-09,ETH,32,0,32,0,0
2025-05-09,LINK,10,0,10,0,0
2025-05-09,LTC,3,0,3,0,0
2025-05-09,SHIBA,2,0,2,0,0
2025-05-09,SOL,24,0,24,0,0
2025-05-09,XRP,10,0,10,0,0
2025-05-10,ADA,2,0,2,0,0
2025-05-10,BTC,24,0,24,0,0
2025-05-10,DOGE,3,0,3,0,0
2025-05-10,ETH,9,0,9,0,0
2025-05-10,LINK,2,0,2,0,0
2025-05-10,SOL,8,0,8,0,0
2025-05-10,UNI,1,0,1,0,0
2025-05-10,XRP,2,0,2,0,0
2025-05-11,AVAX,1,0,1,0,0
2025-05-11,BTC,23,0,23,0,0
2025-05-11,DOGE,2,0,2,0,0
2025-05-11,ETH,10,0,10,0,0
2025-05-11,LINK,1,0,1,0,0
2025-05-11,SOL,5,0,5,0,0
2025-05-11,TERRA,1,0,1,0,0
2025-05-11,XRP,1,0,1,0,0
2025-05-12,ADA,3,0,3,0,0
2025-05-12,AVAX,1,0,1,0,0
2025-05-12,BNB,1,0,1,0,0
2025-05-12,BTC,71,0,71,0,0
2025-05-12,DOGE,4,0,4,0,0
2025-05-12,ETH,22,0,22,0,0
2025-05-12,LINK,16,0,16,0,0
2025-05-12,LTC,1,0,1,0,0
2025-05-12,SOL,18,0,18,0,0
2025-05-12,TERRA,1,0,1,0,0
2025-05-12,UNI,2,0,2,0,0
2025-05-12,XRP,3,0,3,0,0
2025-05-13,ADA,7,0,7,0,0
2025-05-13,AVAX,3,0,3,0,0
2025-05-13,BTC,67,0,67,0,0
2025-05-13,DOGE,4,0,4,0,0
2025-05-13,DOT,1,0,1,0,0
2025-05-13,ETH,31,0,31,0,0
2025-05-13,LINK,6,0,6,0,0
2025-05-13,SHIBA,1,0,1,0,0
2025-05-13,SOL,23,0,23,0,0
2025-05-13,TERRA,1,0,1,0,0
2025-05-13,VECHAIN,1,0,1,0,0
2025-05-13,XRP,4,0,4,0,0
2025-05-14,ADA,5,0,5,0,0
2025-05-14,AVAX,3,0,3,0,0
2025-05-14,BTC,71,0,71,0,0
2025-05-14,DOGE,7,0,7,0,0
2025-05-14,DOT,3,0,3,0,0
2025-05-14,ETH,35,0,35,0,0
2025-05-14,LINK,13,0,13,0,0
2025-05-14,LTC,1,0,1,0,0
2025-05-14,SHIBA,1,0,1,0,0
2025-05-14,SOL,27,0,27,0,0
2025-05-14,XRP,8,0,8,0,0
2025-05-15,ADA,3,0,3,0,0
2025-05-15,AVAX,5,0,5,0,0
2025-05-15,BTC,82,0,82,0,0
2025-05-15,DOGE,4,0,4,0,0
2025-05-15,DOT,1,0,1,0,0
2025-05-15,ETH,19,0,19,0,0
2025-05-15,LINK,11,0,11,0,0
2025-05-15,LTC,1,0,1,0,0
2025-05-15,SHIBA,1,0,1,0,0
2025-05-15,SOL,26,0,26,0,0
2025-05-15,TERRA,1,0,1,0,0
2025-05-15,UNI,3,0,3,0,0
2025-05-15,XRP,5,0,5,0,0
2025-05-16,ADA,2,0,2,0,0
2025-05-16,AVAX,3,0,3,0,0
2025-05-16,BTC,64,0,64,0,0
2025-05-16,DOGE,1,0,1,0,0
2025-05-16,DOT,1,0,1,0,0
2025-05-16,ETH,22,0,22,0,0
2025-05-16,LINK,11,0,11,0,0
2025-05-16,LTC,1,0,1,0,0
2025-05-16,SHIBA,1,0,1,0,0
2025-05-16,SOL,17,0,17,0,0
2025-05-16,XRP,7,0,7,0,0
2025-05-17,AVAX,1,0,1,0,0
2025-05-17,BTC,16,0,16,0,0
2025-05-17,DOGE,1,0,1,0,0
2025-05-17,ETH,7,0,7,0,0
2025-05-17,LINK,2,0,2,0,0
2025-05-17,SOL,3,0,3,0,0
2025-05-17,XRP,1,0,1,0,0
2025-05-18,AVAX,1,0,1,0,0
2025-05-18,BTC,11,0,11,0,0
2025-05-18,DOGE,2,0,2,0,0
2025-05-18,ETH,8,0,8,0,0
2025-05-18,LINK,4,0,4,0,0
2025-05-18,SOL,2,0,2,0,0
2025-05-18,TERRA,1,0,1,0,0
2025-05-18,XRP,1,0,1,0,0
2025-05-19,ADA,4,0,4,0,0
2025-05-19,AVAX,4,0,4,0,0
2025-05-19,BTC,72,0,72,0,0
2025-05-19,DOGE,5,0,5,0,0
2025-05-19,DOT,1,0,1,0,0
2025-05-19,ETH,21,0,21,0,0
2025-05-19,LINK,11,0,11,0,0
2025-05-19,LTC,1,0,1,0,0
2025-05-19,SHIBA,1,0,1,0,0
2025-05-19,SOL,24,0,24,0,0
2025-05-19,TERRA,1,0,1,0,0
2025-05-19,UNI,2,0,2,0,0
2025-05-19,XRP,9,0,9,0,0
2025-05-20,ADA,3,0,3,0,0
2025-05-20,AVAX,1,0,1,0,0
2025-05-20,BTC,55,0,55,0,0
2025-05-20,DOGE,2,0,2,0,0
2025-05-20,ETH,9,0,9,0,0
2025-05-20,LINK,11,0,11,0,0
2025-05-20,SOL,16,0,16,0,0
2025-05-20,TERRA,3,0,3,0,0
2025-05-20,UNI,2,0,2,0,0
2025-05-20,XRP,9,0,9,0,0
2025-05-21,ADA,7,0,7,0,0
2025-05-21,AVAX,5,0,5,0,0
2025-05-21,BTC,75,0,75,0,0
2025-05-21,DOGE,7,0,7,0,0
2025-05-21,DOT,1,0,1,0,0
2025-05-21,ETH,27,0,27,0,0
2025-05-21,LINK,10,0,10,0,0
2025-05-21,LTC,2,0,2,0,0
2025-05-21,SHIBA,2,0,2,0,0
2025-05-21,SOL,27,0,27,0,0
2025-05-21,UNI,1,0,1,0,0
2025-05-21,XRP,4,0,4,0,0
2025-05-22,ADA,3,0,3,0,0
2025-05-22,AVAX,2,0,2,0,0
2025-05-22,BTC,80,0,80,0,0
2025-05-22,DOGE,6,0,6,0,0
2025-05-22,ETH,33,0,33,0,0
2025-05-22,LINK,12,0,12,0,0
2025-05-22,LTC,2,0,2,0,0
2025-05-22,SOL,25,0,25,0,0
2025-05-22,UNI,1,0,1,0,0
2025-05-22,XRP,7,0,7,0,0
2025-05-23,ADA,5,0,5,0,0
2025-05-23,AVAX,3,0,3,0,0
2025-05-23,BTC,53,0,53,0,0
2025-05-23,DOGE,4,0,4,0,0
2025-05-23,ETH,22,0,22,0,0
2025-05-23,LINK,7,0,7,0,0
2025-05-23,SOL,17,0,17,0,0
2025-05-23,UNI,3,0,3,0,0
2025-05-23,VECHAIN,1,0,1,0,0
2025-05-23,XRP,3,0,3,0,0
2025-05-24,ADA,1,0,1,0,0
2025-05-24,BTC,15,0,15,0,0
2025-05-24,DOGE,2,0,2,0,0
2025-05-24,ETH,9,0,9,0,0
2025-05-24,LINK,4,0,4,0,0
2025-05-24,SHIBA,1,0,1,0,0
2025-05-24,SOL,4,0,4,0,0
2025-05-24,XRP,1,0,1,0,0
2025-05-25,AVAX,1,0,1,0,0
2025-05-25,BTC,20,0,20,0,0
2025-05-25,ETH,5,0,5,0,0
2025-05-25,LINK,1,0,1,0,0
2025-05-25,SOL,5,0,5,0,0
2025-05-25,XRP,1,0,1,0,0
2025-05-26,ADA,3,0,3,0,0
2025-05-26,AVAX,4,0,4,0,0
2025-05-26,BTC,56,0,56,0,0
2025-05-26,DOGE,4,0,4,0,0
2025-05-26,ETH,17,0,17,0,0
2025-05-26,LINK,7,0,7,0,0
2025-05-26,LTC,1,0,1,0,0
2025-05-26,SHIBA,1,0,1,0,0
2025-05-26,SOL,18,0,18,0,0
2025-05-26,TERRA,1,0,1,0,0
2025-05-26,XRP,3,0,3,0,0
2025-05-27,ADA,1,0,1,0,0
2025-05-27,AVAX,1,0,1,0,0
2025-05-27,BNB,1,0,1,0,0
2025-05-27,BTC,76,0,76,0,0
2025-05-27,DOGE,5,0,5,0,0
2025-05-27,ETH,25,0,25,0,0
2025-05-27,LINK,16,0,16,0,0
2025-05-27,LTC,1,0,1,0,0
2025-05-27,SOL,18,0,18,0,0
2025-05-27,TERRA,1,0,1,0,0
2025-05-27,UNI,1,0,1,0,0
2025-05-27,XRP,3,0,3,0,0
2025-05-28,ADA,4,0,4,0,0
2025-05-28,AVAX,1,0,1,0,0
2025-05-28,BTC,75,0,75,0,0
2025-05-28,DOGE,5,0,5,0,0
2025-05-28,ETH,22,0,22,0,0
2025-05-28,LINK,15,0,15,0,0
2025-05-28,SHIBA,1,0,1,0,0
2025-05-28,SOL,19,0,19,0,0
2025-05-28,TERRA,1,0,1,0,0
2025-05-28,UNI,1,0,1,0,0
2025-05-28,XRP,7,0,7,0,0
2025-05-29,ADA,2,0,2,0,0
2025-05-29,AVAX,7,0,7,0,0
2025-05-29,BTC,77,0,77,0,0
2025-05-29,DOGE,5,0,5,0,0
2025-05-29,ETH,22,0,22,0,0
2025-05-29,LINK,19,0,19,0,0
2025-05-29,LTC,1,0,1,0,0
2025-05-29,SHIBA,2,0,2,0,0
2025-05-29,SOL,27,0,27,0,0
2025-05-29,UNI,2,0,2,0,0
2025-05-29,XRP,7,0,7,0,0
2025-05-30,ADA,4,0,4,0,0
2025-05-30,AVAX,3,0,3,0,0
2025-05-30,BTC,72,0,72,0,0
2025-05-30,DOGE,6,0,6,0,0
2025-05-30,DOT,1,0,1,0,0
2025-05-30,ETH,21,0,21,0,0
2025-05-30,LINK,25,0,25,0,0
2025-05-30,SOL,19,0,19,0,0
2025-05-30,UNI,2,0,2,0,0
2025-05-30,XRP,3,0,3,0,0
2025-05-31,ADA,1,0,1,0,0
2025-05-31,BNB,1,0,1,0,0
2025-05-31,BTC,24,0,24,0,0
2025-05-31,ETH,8,0,8,0,0
2025-05-31,LINK,6,0,6,0,0
2025-05-31,SOL,8,0,8,0,0
2025-05-31,TERRA,1,0,1,0,0
2025-05-31,XRP,1,0,1,0,0
2025-06-01,BTC,16,0,16,0,0
2025-06-01,ETH,4,0,4,0,0
2025-06-01,LINK,3,0,3,0,0
2025-06-01,SOL,3,0,3,0,0
2025-06-01,XRP,3,0,3,0,0
2025-06-02,ADA,8,0,8,0,0
2025-06-02,AVAX,2,0,2,0,0
2025-06-02,BNB,1,0,1,0,0
2025-06-02,BTC,77,0,77,0,0
2025-06-02,DOGE,5,0,5,0,0
2025-06-02,ETH,31,0,31,0,0
2025-06-02,LINK,12,0,12,0,0
2025-06-02,LTC,1,0,1,0,0
2025-06-02,SOL,24,0,24,0,0
2025-06-02,XRP,5,0,5,0,0
2025-06-03,ADA,3,0,3,0,0
2025-06-03,BNB,1,0,1,0,0
2025-06-03,BTC,73,0,73,0,0
2025-06-03,DOGE,3,0,3,0,0
2025-06-03,ETH,22,0,22,0,0
2025-06-03,LINK,19,0,19,0,0
2025-06-03,SHIBA,2,0,2,0,0
2025-06-03,SOL,21,0,21,0,0
2025-06-03,TERRA,1,0,1,0,0
2025-06-03,UNI,3,0,3,0,0
2025-06-03,XRP,4,0,4,0,0
2025-06-04,ADA,3,0,3,0,0
2025-06-04,BTC,77,0,77,0,0
2025-06-04,DOGE,5,0,5,0,0
2025-06-04,ETH,19,0,19,0,0
2025-06-04,LINK,16,0,16,0,0
2025-06-04,LTC,1,0,1,0,0
2025-06-04,SHIBA,1,0,1,0,0
2025-06-04,SOL,14,0,14,0,0
2025-06-04,TERRA,1,0,1,0,0
2025-06-04,UNI,1,0,1,0,0
2025-06-04,XRP,7,0,7,0,0
2025-06-05,ADA,2,0,2,0,0
2025-06-05,BTC,63,0,63,0,0
2025-06-05,DOGE,6,0,6,0,0
2025-06-05,DOT,1,0,1,0,0
2025-06-05,ETH,25,0,25,0,0
2025-06-05,LINK,16,0,16,0,0
2025-06-05,SOL,18,0,18,0,0
2025-06-05,UNI,5,0,5,0,0
2025-06-05,XRP,2,0,2,0,0
2025-06-06,ADA,2,0,2,0,0
2025-06-06,AVAX,2,0,2,0,0
2025-06-06,BTC,60,0,60,0,0
2025-06-06,DOGE,9,0,9,0,0
2025-06-06,ETH,11,0,11,0,0
2025-06-06,LINK,11,0,11,0,0
2025-06-06,SHIBA,3,0,3,0,0
2025-06-06,SOL,22,0,22,0,0
2025-06-06,XRP,1,0,1,0,0
2025-06-07,AVAX,1,0,1,0,0
2025-06-07,BTC,14,0,14,0,0
2025-06-07,DOGE,1,0,1,0,0
2025-06-07,ETH,3,0,3,0,0
2025-06-07,LINK,3,0,3,0,0
2025-06-07,SOL,7,0,7,0,0
2025-06-07,TERRA,1,0,1,0,0
2025-06-08,AVAX,1,0,1,0,0
2025-06-08,BTC,12,0,12,0,0
2025-06-08,DOGE,1,0,1,0,0
2025-06-08,ETH,1,0,1,0,0
2025-06-08,LINK,2,0,2,0,0
2025-06-08,SOL,3,0,3,0,0
2025-06-08,XRP,1,0,1,0,0
2025-06-09,ADA,4,0,4,0,0
2025-06-09,AVAX,2,0,2,0,0
2025-06-09,BTC,70,0,70,0,0
2025-06-09,DOGE,7,0,7,0,0
2025-06-09,ETH,20,0,20,0,0
2025-06-09,LINK,14,0,14,0,0
2025-06-09,LTC,2,0,2,0,0
2025-06-09,SHIBA,2,0,2,0,0
2025-06-09,SOL,18,0,18,0,0
2025-06-09,UNI,2,0,2,0,0
2025-06-09,XRP,7,0,7,0,0
2025-06-10,ADA,4,0,4,0,0
2025-06-10,AVAX,2,0,2,0,0
2025-06-10,BTC,64,0,64,0,0
2025-06-10,DOGE,5,0,5,0,0
2025-06-10,DOT,1,0,1,0,0
2025-06-10,ETH,28,0,28,0,0
2025-06-10,LINK,14,0,14,0,0
2025-06-10,SHIBA,1,0,1,0,0
2025-06-10,SOL,19,0,19,0,0
2025-06-10,TERRA,1,0,1,0,0
2025-06-10,UNI,3,0,3,0,0
2025-06-10,XRP,11,0,11,0,0
2025-06-11,ADA,4,0,4,0,0
2025-06-11,AVAX,2,0,2,0,0
2025-06-11,BTC,74,0,74,0,0
2025-06-11,DOGE,17,0,17,0,0
2025-06-11,DOT,1,0,1,0,0
2025-06-11,ETH,40,0,40,0,0
2025-06-11,LINK,15,0,15,0,0
2025-06-11,LTC,2,0,2,0,0
2025-06-11,SHIBA,2,0,2,0,0
2025-06-11,SOL,31,0,31,0,0
2025-06-11,UNI,4,0,4,0,0
2025-06-11,XRP,5,0,5,0,0
2025-06-12,ADA,2,0,2,0,0
2025-06-12,AVAX,2,0,2,0,0
2025-06-12,BTC,75,0,75,0,0
2025-06-12,DOGE,13,0,13,0,0
2025-06-12,ETH,26,0,26,0,0
2025-06-12,LINK,13,0,13,0,0
2025-06-12,LTC,1,0,1,0,0
2025-06-12,SHIBA,4,0,4,0,0
2025-06-12,SOL,24,0,24,0,0
2025-06-12,XRP,8,0,8,0,0
2025-06-13,ADA,6,0,6,0,0
2025-06-13,AVAX,4,0,4,0,0
2025-06-13,BTC,66,0,66,0,0
2025-06-13,DOGE,9,0,9,0,0
2025-06-13,DOT,2,0,2,0,0
2025-06-13,ETH,31,0,31,0,0
2025-06-13,LINK,14,0,14,0,0
2025-06-13,SHIBA,1,0,1,0,0
2025-06-13,SOL,30,0,30,0,0
2025-06-13,UNI,2,0,2,0,0
2025-06-13,XRP,10,0,10,0,0
2025-06-14,BTC,20,0,20,0,0
2025-06-14,ETH,3,0,3,0,0
2025-06-14,LINK,3,0,3,0,0
2025-06-14,SOL,4,0,4,0,0
2025-06-14,XRP,1,0,1,0,0
2025-06-15,ADA,1,0,1,0,0
2025-06-15,BTC,22,0,22,0,0
2025-06-15,DOGE,1,0,1,0,0
2025-06-15,ETH,6,0,6,0,0
2025-06-15,LINK,3,0,3,0,0
2025-06-15,SHIBA,1,0,1,0,0
2025-06-15,SOL,3,0,3,0,0
2025-06-15,UNI,1,0,1,0,0
2025-06-15,XRP,2,0,2,0,0
2025-06-16,ADA,5,0,5,0,0
2025-06-16,AVAX,1,0,1,0,0
2025-06-16,BNB,1,0,1,0,0
2025-06-16,BTC,74,0,74,0,0
2025-06-16,DOGE,3,0,3,0,0
2025-06-16,DOT,2,0,2,0,0
2025-06-16,ETH,30,0,30,0,0
2025-06-16,LINK,11,0,11,0,0
2025-06-16,SOL,27,0,27,0,0
2025-06-16,UNI,1,0,1,0,0
2025-06-16,XRP,3,0,3,0,0
2025-06-17,ADA,3,0,3,0,0
2025-06-17,AVAX,2,0,2,0,0
2025-06-17,BNB,1,0,1,0,0
2025-06-17,BTC,62,0,62,0,0
2025-06-17,DOGE,6,0,6,0,0
2025-06-17,ETH,30,0,30,0,0
2025-06-17,LINK,22,0,22,0,0
2025-06-17,SHIBA,1,0,1,0,0
2025-06-17,SOL,34,0,34,0,0
2025-06-17,TERRA,1,0,1,0,0
2025-06-17,UNI,1,0,1,0,0
2025-06-17,XRP,15,0,15,0,0
2025-06-18,ADA,5,0,5,0,0
2025-06-18,AVAX,1,0,1,0,0
2025-06-18,BTC,69,0,69,0,0
2025-06-18,DOGE,9,0,9,0,0
2025-06-18,DOT,1,0,1,0,0
2025-06-18,ETH,25,0,25,0,0
2025-06-18,LINK,19,0,19,0,0
2025-06-18,LTC,1,0,1,0,0
2025-06-18,SHIBA,2,0,2,0,0
2025-06-18,SOL,17,0,17,0,0
2025-06-18,UNI,1,0,1,0,0
2025-06-18,XRP,4,0,4,0,0
2025-06-19,ADA,2,0,2,0,0
2025-06-19,AVAX,2,0,2,0,0
2025-06-19,BNB,1,0,1,0,0
2025-06-19,BTC,75,0,75,0,0
2025-06-19,DOGE,7,0,7,0,0
2025-06-19,ETH,22,0,22,0,0
2025-06-19,LINK,14,0,14,0,0
2025-06-19,SHIBA,3,0,3,0,0
2025-06-19,SOL,30,0,30,0,0
2025-06-19,UNI,1,0,1,0,0
2025-06-19,XRP,5,0,5,0,0
2025-06-20,ADA,4,0,4,0,0
2025-06-20,AVAX,2,0,2,0,0
2025-06-20,BTC,67,0,67,0,0
2025-06-20,DOGE,6,0,6,0,0
2025-06-20,ETH,14,0,14,0,0
2025-06-20,LINK,12,0,12,0,0
2025-06-20,LTC,1,0,1,0,0
2025-06-20,SOL,14,0,14,0,0
2025-06-20,UNI,3,0,3,0,0
2025-06-20,XRP,5,0,5,0,0
2025-06-21,ADA,1,0,1,0,0
2025-06-21,AVAX,2,0,2,0,0
2025-06-21,BTC,17,0,17,0,0
2025-06-21,ETH,5,0,5,0,0
2025-06-21,LINK,2,0,2,0,0
2025-06-21,SOL,6,0,6,0,0
2025-06-21,XRP,2,0,2,0,0
2025-06-22,AVAX,1,0,1,0,0
2025-06-22,BTC,20,0,20,0,0
2025-06-22,DOGE,2,0,2,0,0
2025-06-22,ETH,7,0,7,0,0
2025-06-22,LINK,7,0,7,0,0
2025-06-22,SOL,4,0,4,0,0
2025-06-22,XRP,1,0,1,0,0
2025-06-23,ADA,4,0,4,0,0
2025-06-23,AVAX,1,0,1,0,0
2025-06-23,BTC,66,0,66,0,0
2025-06-23,DOGE,4,0,4,0,0
2025-06-23,DOT,1,0,1,0,0
2025-06-23,ETH,23,0,23,0,0
2025-06-23,LINK,12,0,12,0,0
2025-06-23,LTC,2,0,2,0,0
2025-06-23,SOL,26,0,26,0,0
2025-06-23,TERRA,2,0,2,0,0
2025-06-23,UNI,3,0,3,0,0
2025-06-23,XRP,3,0,3,0,0
2025-06-24,AVAX,3,0,3,0,0
2025-06-24,BNB,1,0,1,0,0
2025-06-24,BTC,57,0,57,0,0
2025-06-24,DOGE,4,0,4,0,0
2025-06-24,ETH,22,0,22,0,0
2025-06-24,LINK,10,0,10,0,0
2025-06-24,LTC,1,0,1,0,0
2025-06-24,SHIBA,1,0,1,0,0
2025-06-24,SOL,32,0,32,0,0
2025-06-24,UNI,2,0,2,0,0
2025-06-24,XRP,6,0,6,0,0
2025-06-25,ADA,5,0,5,0,0
2025-06-25,AVAX,1,0,1,0,0
2025-06-25,BNB,1,0,1,0,0
2025-06-25,BTC,51,0,51,0,0
2025-06-25,DOGE,3,0,3,0,0
2025-06-25,ETH,21,0,21,0,0
2025-06-25,LINK,14,0,14,0,0
2025-06-25,LTC,1,0,1,0,0
2025-06-25,SHIBA,1,0,1,0,0
2025-06-25,SOL,18,0,18,0,0
2025-06-25,UNI,1,0,1,0,0
2025-06-25,XRP,5,0,5,0,0
2025-06-26,ADA,1,0,1,0,0
2025-06-26,AVAX,1,0,1,0,0
2025-06-26,BNB,1,0,1,0,0
2025-06-26,BTC,51,0,51,0,0
2025-06-26,DOGE,3,0,3,0,0
2025-06-26,ETH,21,0,21,0,0
2025-06-26,LINK,16,0,16,0,0
2025-06-26,LTC,1,0,1,0,0
2025-06-26,SOL,16,0,16,0,0
2025-06-26,TERRA,1,0,1,0,0
2025-06-26,UNI,6,0,6,0,0
2025-06-26,XRP,8,0,8,0,0
2025-06-27,ADA,7,0,7,0,0
2025-06-27,AVAX,6,0,6,0,0
2025-06-27,BTC,51,0,51,0,0
2025-06-27,DOGE,7,0,7,0,0
2025-06-27,ETH,25,0,25,0,0
2025-06-27,LINK,12,0,12,0,0
2025-06-27,LTC,5,0,5,0,0
2025-06-27,SHIBA,1,0,1,0,0
2025-06-27,SOL,20,0,20,0,0
2025-06-27,TERRA,1,0,1,0,0
2025-06-27,XRP,6,0,6,0,0
2025-06-28,BTC,8,0,8,0,0
2025-06-28,DOGE,1,0,1,0,0
2025-06-28,ETH,3,0,3,0,0
2025-06-28,LTC,2,0,2,0,0
2025-06-28,SOL,4,0,4,0,0
2025-06-28,XRP,3,0,3,0,0
2025-06-29,ADA,1,0,1,0,0
2025-06-29,AVAX,1,0,1,0,0
2025-06-29,BTC,8,0,8,0,0
2025-06-29,DOGE,1,0,1,0,0
2025-06-29,DOT,1,0,1,0,0
2025-06-29,ETH,4,0,4,0,0
2025-06-29,LTC,1,0,1,0,0
2025-06-29,SHIBA,1,0,1,0,0
2025-06-29,SOL,3,0,3,0,0
2025-06-29,UNI,1,0,1,0,0
2025-06-29,XRP,2,0,2,0,0
2025-06-30,AVAX,1,0,1,0,0
2025-06-30,BTC,50,0,50,0,0
2025-06-30,DOGE,2,0,2,0,0
2025-06-30,ETH,30,0,30,0,0
2025-06-30,LINK,12,0,12,0,0
2025-06-30,LTC,1,0,1,0,0
2025-06-30,SHIBA,1,0,1,0,0
2025-06-30,SOL,23,0,23,0,0
2025-06-30,XRP,7,0,7,0,0
2025-07-01,ADA,9,0,9,0,0
2025-07-01,AVAX,6,0,6,0,0
2025-07-01,BTC,47,0,47,0,0
2025-07-01,DOGE,7,0,7,0,0
2025-07-01,DOT,4,0,4,0,0
2025-07-01,ETH,26,0,26,0,0
2025-07-01,LINK,14,0,14,0,0
2025-07-01,LTC,6,0,6,0,0
2025-07-01,SOL,23,0,23,0,0
2025-07-01,UNI,2,0,2,0,0
2025-07-01,XRP,5,0,5,0,0
2025-07-02,ADA,6,0,6,0,0
2025-07-02,AVAX,2,0,2,0,0
2025-07-02,BTC,55,0,55,0,0
2025-07-02,DOGE,5,0,5,0,0
2025-07-02,DOT,2,0,2,0,0
2025-07-02,ETH,30,0,30,0,0
2025-07-02,LINK,11,0,11,0,0
2025-07-02,LTC,3,0,3,0,0
2025-07-02,SOL,23,0,23,0,0
2025-07-02,UNI,3,0,3,0,0
2025-07-02,XRP,11,0,11,0,0
2025-07-03,ADA,4,0,4,0,0
2025-07-03,AVAX,1,0,1,0,0
2025-07-03,BNB,3,0,3,0,0
2025-07-03,BTC,45,0,45,0,0
2025-07-03,DOGE,3,0,3,0,0
2025-07-03,ETH,29,0,29,0,0
2025-07-03,LINK,9,0,9,0,0
2025-07-03,LTC,1,0,1,0,0
2025-07-03,SHIBA,2,0,2,0,0
2025-07-03,SOL,21,0,21,0,0
2025-07-03,UNI,2,0,2,0,0
2025-07-03,XRP,6,0,6,0,0
2025-07-04,ADA,2,0,2,0,0
2025-07-04,BNB,3,0,3,0,0
2025-07-04,BTC,41,0,41,0,0
2025-07-04,DOGE,6,0,6,0,0
2025-07-04,ETH,20,0,20,0,0
2025-07-04,LINK,7,0,7,0,0
2025-07-04,LTC,2,0,2,0,0
2025-07-04,SHIBA,2,0,2,0,0
2025-07-04,SOL,17,0,17,0,0
2025-07-04,UNI,1,0,1,0,0
2025-07-04,XRP,4,0,4,0,0
2025-07-05,BTC,10,0,10,0,0
2025-07-05,ETH,2,0,2,0,0
2025-07-05,LINK,6,0,6,0,0
2025-07-05,SOL,4,0,4,0,0
2025-07-05,XRP,3,0,3,0,0
2025-07-06,AVAX,1,0,1,0,0
2025-07-06,BTC,8,0,8,0,0
2025-07-06,DOGE,1,0,1,0,0
2025-07-06,ETH,4,0,4,0,0
2025-07-06,LINK,2,0,2,0,0
2025-07-06,SOL,4,0,4,0,0
2025-07-06,XRP,1,0,1,0,0
2025-07-07,ADA,2,0,2,0,0
2025-07-07,AVAX,2,0,2,0,0
2025-07-07,BTC,49,0,49,0,0
2025-07-07,DOGE,10,0,10,0,0
2025-07-07,ETH,18,0,18,0,0
2025-07-07,LINK,18,0,18,0,0
2025-07-07,LTC,2,0,2,0,0
2025-07-07,SOL,19,0,19,0,0
2025-07-07,UNI,1,0,1,0,0
2025-07-07,XRP,8,0,8,0,0
2025-07-08,ADA,3,0,3,0,0
2025-07-08,AVAX,3,0,3,0,0
2025-07-08,BTC,42,0,42,0,0
2025-07-08,DOGE,5,0,5,0,0
2025-07-08,DOT,1,0,1,0,0
2025-07-08,ETH,19,0,19,0,0
2025-07-08,LINK,12,0,12,0,0
2025-07-08,SHIBA,1,0,1,0,0
2025-07-08,SOL,20,0,20,0,0
2025-07-08,UNI,1,0,1,0,0
2025-07-08,XRP,4,0,4,0,0
2025-07-09,ADA,1,0,1,0,0
2025-07-09,AVAX,3,0,3,0,0
2025-07-09,BTC,34,0,34,0,0
2025-07-09,DOGE,3,0,3,0,0
2025-07-09,ETH,24,0,24,0,0
2025-07-09,LINK,18,0,18,0,0
2025-07-09,LTC,3,0,3,0,0
2025-07-09,SHIBA,2,0,2,0,0
2025-07-09,SOL,21,0,21,0,0
2025-07-09,UNI,1,0,1,0,0
2025-07-09,XRP,11,0,11,0,0
2025-07-10,ADA,2,0,2,0,0
2025-07-10,AVAX,1,0,1,0,0
2025-07-10,BNB,1,0,1,0,0
2025-07-10,BTC,45,0,45,0,0
2025-07-10,DOGE,10,0,10,0,0
2025-07-10,ETH,32,0,32,0,0
2025-07-10,LINK,11,0,11,0,0
2025-07-10,LTC,3,0,3,0,0
2025-07-10,SHIBA,3,0,3,0,0
2025-07-10,SOL,20,0,20,0,0
2025-07-10,XRP,6,0,6,0,0
2025-07-11,ADA,3,0,3,0,0
2025-07-11,AVAX,5,0,5,0,0
2025-07-11,BNB,2,0,2,0,0
2025-07-11,BTC,44,0,44,0,0
2025-07-11,DOGE,7,0,7,0,0
2025-07-11,ETH,29,0,29,0,0
2025-07-11,LINK,14,0,14,0,0
2025-07-11,SHIBA,1,0,1,0,0
2025-07-11,SOL,22,0,22,0,0
2025-07-11,XRP,6,0,6,0,0
2025-07-12,ADA,2,0,2,0,0
2025-07-12,BTC,11,0,11,0,0
2025-07-12,DOGE,2,0,2,0,0
2025-07-12,ETH,5,0,5,0,0
2025-07-12,LINK,6,0,6,0,0
2025-07-12,LTC,2,0,2,0,0
2025-07-12,SOL,7,0,7,0,0
2025-07-12,XRP,3,0,3,0,0
2025-07-13,AVAX,2,0,2,0,0
2025-07-13,BTC,9,0,9,0,0
2025-07-13,DOGE,1,0,1,0,0
2025-07-13,ETH,2,0,2,0,0
2025-07-13,LINK,2,0,2,0,0
2025-07-13,SOL,4,0,4,0,0
2025-07-13,XRP,1,0,1,0,0
2025-07-14,ADA,4,0,4,0,0
2025-07-14,BTC,63,0,63,0,0
2025-07-14,DOGE,12,0,12,0,0
2025-07-14,ETH,23,0,23,0,0
2025-07-14,LINK,22,0,22,0,0
2025-07-14,LTC,1,0,1,0,0
2025-07-14,SHIBA,2,0,2,0,0
2025-07-14,SOL,16,0,16,0,0
2025-07-14,UNI,2,0,2,0,0
2025-07-14,XRP,9,0,9,0,0
2025-07-15,ADA,3,0,3,0,0
2025-07-15,AVAX,1,0,1,0,0
2025-07-15,BTC,62,0,62,0,0
2025-07-15,DOGE,7,0,7,0,0
2025-07-15,ETH,31,0,31,0,0
2025-07-15,LINK,15,0,15,0,0
2025-07-15,LTC,2,0,2,0,0
2025-07-15,SHIBA,4,0,4,0,0
2025-07-15,SOL,22,0,22,0,0
2025-07-15,UNI,1,0,1,0,0
2025-07-15,XRP,9,0,9,0,0
2025-07-16,ADA,4,0,4,0,0
2025-07-16,AVAX,2,0,2,0,0
2025-07-16,BNB,1,0,1,0,0
2025-07-16,BTC,66,0,66,0,0
2025-07-16,DOGE,7,0,7,0,0
2025-07-16,ETH,33,0,33,0,0
2025-07-16,LINK,19,0,19,0,0
2025-07-16,LTC,1,0,1,0,0
2025-07-16,SHIBA,2,0,2,0,0
2025-07-16,SOL,32,0,32,0,0
2025-07-16,TERRA,1,0,1,0,0
2025-07-16,UNI,1,0,1,0,0
2025-07-16,VECHAIN,1,0,1,0,0
2025-07-16,XRP,10,0,10,0,0
2025-07-17,ADA,3,0,3,0,0
2025-07-17,AVAX,1,0,1,0,0
2025-07-17,BTC,52,0,52,0,0
2025-07-17,DOGE,6,0,6,0,0
2025-07-17,ETH,29,0,29,0,0
2025-07-17,LINK,12,0,12,0,0
2025-07-17,LTC,2,0,2,0,0
2025-07-17,SOL,25,0,25,0,0
2025-07-17,XRP,10,0,10,0,0
2025-07-18,ADA,1,0,1,0,0
2025-07-18,BTC,46,0,46,0,0
2025-07-18,DOGE,10,0,10,0,0
2025-07-18,DOT,1,0,1,0,0
2025-07-18,ETH,35,0,35,0,0
2025-07-18,LINK,15,0,15,0,0
2025-07-18,LTC,4,0,4,0,0
2025-07-18,SHIBA,1,0,1,0,0
2025-07-18,SOL,21,0,21,0,0
2025-07-18,UNI,1,0,1,0,0
2025-07-18,XRP,10,0,10,0,0
2025-07-19,BTC,8,0,8,0,0
2025-07-19,ETH,2,0,2,0,0
2025-07-19,LINK,3,0,3,0,0
2025-07-19,SOL,3,0,3,0,0
2025-07-19,XRP,1,0,1,0,0
2025-07-20,BTC,9,0,9,0,0
2025-07-20,ETH,5,0,5,0,0
2025-07-20,LINK,4,0,4,0,0
2025-07-20,SOL,3,0,3,0,0
2025-07-21,ADA,6,0,6,0,0
2025-07-21,AVAX,1,0,1,0,0
2025-07-21,BNB,1,0,1,0,0
2025-07-21,BTC,59,0,59,0,0
2025-07-21,DOGE,9,0,9,0,0
2025-07-21,ETH,36,0,36,0,0
2025-07-21,LINK,17,0,17,0,0
2025-07-21,LTC,2,0,2,0,0
2025-07-21,SHIBA,4,0,4,0,0
2025-07-21,SOL,22,0,22,0,0
2025-07-21,XRP,6,0,6,0,0
2025-07-22,ADA,4,0,4,0,0
2025-07-22,AVAX,1,0,1,0,0
2025-07-22,BNB,1,0,1,0,0
2025-07-22,BTC,54,0,54,0,0
2025-07-22,DOGE,9,0,9,0,0
2025-07-22,ETH,30,0,30,0,0
2025-07-22,LINK,14,0,14,0,0
2025-07-22,LTC,3,0,3,0,0
2025-07-22,SOL,32,0,32,0,0
2025-07-22,UNI,1,0,1,0,0
2025-07-22,XRP,4,0,4,0,0
2025-07-23,ADA,4,0,4,0,0
2025-07-23,AVAX,2,0,2,0,0
2025-07-23,BNB,3,0,3,0,0
2025-07-23,BTC,50,0,50,0,0
2025-07-23,DOGE,10,0,10,0,0
2025-07-23,DOT,1,0,1,0,0
2025-07-23,ETH,39,0,39,0,0
2025-07-23,LINK,15,0,15,0,0
2025-07-23,LTC,4,0,4,0,0
2025-07-23,SHIBA,2,0,2,0,0
2025-07-23,SOL,25,0,25,0,0
2025-07-23,UNI,1,0,1,0,0
2025-07-23,XRP,5,0,5,0,0
2025-07-24,ADA,2,0,2,0,0
2025-07-24,BNB,1,0,1,0,0
2025-07-24,BTC,41,0,41,0,0
2025-07-24,DOGE,7,0,7,0,0
2025-07-24,DOT,1,0,1,0,0
2025-07-24,ETH,31,0,31,0,0
2025-07-24,LINK,11,0,11,0,0
2025-07-24,LTC,1,0,1,0,0
2025-07-24,SHIBA,4,0,4,0,0
2025-07-24,SOL,22,0,22,0,0
2025-07-24,UNI,1,0,1,0,0
2025-07-24,XRP,12,0,12,0,0
2025-07-25,ADA,2,0,2,0,0
2025-07-25,AVAX,3,0,3,0,0
2025-07-25,BNB,1,0,1,0,0
2025-07-25,BTC,43,0,43,0,0
2025-07-25,DOGE,4,0,4,0,0
2025-07-25,ETH,24,0,24,0,0
2025-07-25,LINK,12,0,12,0,0
2025-07-25,LTC,2,0,2,0,0
2025-07-25,SHIBA,1,0,1,0,0
2025-07-25,SOL,17,0,17,0,0
2025-07-25,XRP,4,0,4,0,0
2025-07-26,AVAX,1,0,1,0,0
2025-07-26,BTC,8,0,8,0,0
2025-07-26,ETH,2,0,2,0,0
2025-07-26,LINK,5,0,5,0,0
2025-07-26,SOL,5,0,5,0,0
2025-07-26,XRP,2,0,2,0,0
2025-07-27,AVAX,1,0,1,0,0
2025-07-27,BTC,9,0,9,0,0
2025-07-27,ETH,2,0,2,0,0
2025-07-27,LINK,2,0,2,0,0
2025-07-27,SOL,3,0,3,0,0
2025-07-27,XRP,1,0,1,0,0
2025-07-28,ADA,3,0,3,0,0
2025-07-28,AVAX,2,0,2,0,0
2025-07-28,BNB,4,0,4,0,0
2025-07-28,BTC,48,0,48,0,0
2025-07-28,DOGE,6,0,6,0,0
2025-07-28,ETH,34,0,34,0,0
2025-07-28,LINK,12,0,12,0,0
2025-07-28,LTC,3,0,3,0,0
2025-07-28,SHIBA,3,0,3,0,0
2025-07-28,SOL,21,0,21,0,0
2025-07-28,TERRA,1,0,1,0,0
2025-07-28,UNI,3,0,3,0,0
2025-07-28,XRP,2,0,2,0,0
2025-07-29,ADA,2,0,2,0,0
2025-07-29,AVAX,1,0,1,0,0
2025-07-29,BTC,44,0,44,0,0
2025-07-29,DOGE,4,0,4,0,0
2025-07-29,ETH,34,0,34,0,0
2025-07-29,LINK,10,0,10,0,0
2025-07-29,LTC,2,0,2,0,0
2025-07-29,SHIBA,1,0,1,0,0
2025-07-29,SOL,14,0,14,0,0
2025-07-29,XRP,9,0,9,0,0
2025-07-30,ADA,3,0,3,0,0
2025-07-30,AVAX,2,0,2,0,0
2025-07-30,BNB,2,0,2,0,0
2025-07-30,BTC,57,0,57,0,0
2025-07-30,DOGE,4,0,4,0,0
2025-07-30,ETH,37,0,37,0,0
2025-07-30,LINK,9,0,9,0,0
2025-07-30,SHIBA,2,0,2,0,0
2025-07-30,SOL,21,0,21,0,0
2025-07-30,TERRA,1,0,1,0,0
2025-07-30,UNI,1,0,1,0,0
2025-07-30,XRP,6,0,6,0,0
2025-07-31,ADA,7,0,7,0,0
2025-07-31,AVAX,2,0,2,0,0
2025-07-31,BTC,56,0,56,0,0
2025-07-31,DOGE,2,0,2,0,0
2025-07-31,DOT,1,0,1,0,0
2025-07-31,ETH,38,0,38,0,0
2025-07-31,LINK,11,0,11,0,0
2025-07-31,LTC,1,0,1,0,0
2025-07-31,SHIBA,1,0,1,0,0
2025-07-31,SOL,22,0,22,0,0
2025-07-31,TERRA,1,0,1,0,0
2025-07-31,XRP,5,0,5,0,0
2025-08-01,ADA,2,0,2,0,0
2025-08-01,AVAX,1,0,1,0,0
2025-08-01,BTC,44,0,44,0,0
2025-08-01,DOGE,6,0,6,0,0
2025-08-01,ETH,18,0,18,0,0
2025-08-01,LINK,12,0,12,0,0
2025-08-01,SHIBA,2,0,2,0,0
2025-08-01,SOL,14,0,14,0,0
2025-08-01,XRP,5,0,5,0,0
2025-08-02,BTC,8,0,8,0,0
2025-08-02,ETH,3,0,3,0,0
2025-08-02,LINK,1,0,1,0,0
2025-08-02,SOL,6,0,6,0,0
2025-08-02,UNI,1,0,1,0,0
2025-08-02,XRP,1,0,1,0,0
2025-08-03,BTC,13,0,13,0,0
2025-08-03,DOGE,1,0,1,0,0
2025-08-03,ETH,6,0,6,0,0
2025-08-03,LINK,6,0,6,0,0
2025-08-03,LTC,1,0,1,0,0
2025-08-03,SOL,6,0,6,0,0
2025-08-03,XRP,2,0,2,0,0
2025-08-04,ADA,4,0,4,0,0
2025-08-04,AVAX,3,0,3,0,0
2025-08-04,BTC,38,0,38,0,0
2025-08-04,DOGE,2,0,2,0,0
2025-08-04,ETH,21,0,21,0,0
2025-08-04,LINK,14,0,14,0,0
2025-08-04,LTC,3,0,3,0,0
2025-08-04,SHIBA,1,0,1,0,0
2025-08-04,SOL,27,0,27,0,0
2025-08-04,XRP,5,0,5,0,0
2025-08-05,ADA,5,0,5,0,0
2025-08-05,AVAX,3,0,3,0,0
2025-08-05,BNB,1,0,1,0,0
2025-08-05,BTC,47,0,47,0,0
2025-08-05,DOGE,4,0,4,0,0
2025-08-05,ETH,27,0,27,0,0
2025-08-05,LINK,14,0,14,0,0
2025-08-05,LTC,4,0,4,0,0
2025-08-05,SHIBA,2,0,2,0,0
2025-08-05,SOL,24,0,24,0,0
2025-08-05,XRP,6,0,6,0,0
2025-08-06,ADA,3,0,3,0,0
2025-08-06,AVAX,4,0,4,0,0
2025-08-06,BTC,45,0,45,0,0
2025-08-06,DOGE,3,0,3,0,0
2025-08-06,DOT,1,0,1,0,0
2025-08-06,ETH,23,0,23,0,0
2025-08-06,LINK,12,0,12,0,0
2025-08-06,LTC,1,0,1,0,0
2025-08-06,SHIBA,2,0,2,0,0
2025-08-06,SOL,21,0,21,0,0
2025-08-06,UNI,2,0,2,0,0
2025-08-06,XRP,10,0,10,0,0
2025-08-07,ADA,3,0,3,0,0
2025-08-07,BTC,50,0,50,0,0
2025-08-07,DOGE,2,0,2,0,0
2025-08-07,ETH,25,0,25,0,0
2025-08-07,LINK,9,0,9,0,0
2025-08-07,LTC,1,0,1,0,0
2025-08-07,SHIBA,1,0,1,0,0
2025-08-07,SOL,18,0,18,0,0
2025-08-07,XRP,14,0,14,0,0
2025-08-08,ADA,2,0,2,0,0
2025-08-08,BTC,45,0,45,0,0
2025-08-08,DOGE,6,0,6,0,0
2025-08-08,ETH,25,0,25,0,0
2025-08-08,LINK,15,0,15,0,0
2025-08-08,SHIBA,2,0,2,0,0
2025-08-08,SOL,19,0,19,0,0
2025-08-08,TERRA,1,0,1,0,0
2025-08-08,UNI,1,0,1,0,0
2025-08-08,XRP,16,0,16,0,0
2025-08-09,BTC,11,0,11,0,0
2025-08-09,ETH,3,0,3,0,0
2025-08-09,LINK,6,0,6,0,0
2025-08-09,LTC,1,0,1,0,0
2025-08-09,SOL,6,0,6,0,0
2025-08-09,UNI,1,0,1,0,0
2025-08-09,XRP,2,0,2,0,0
2025-08-10,BTC,7,0,7,0,0
2025-08-10,ETH,5,0,5,0,0
2025-08-10,LINK,1,0,1,0,0
2025-08-10,LTC,1,0,1,0,0
2025-08-10,SOL,4,0,4,0,0
2025-08-10,XRP,1,0,1,0,0
2025-08-11,ADA,1,0,1,0,0
2025-08-11,AVAX,1,0,1,0,0
2025-08-11,BNB,2,0,2,0,0
2025-08-11,BTC,47,0,47,0,0
2025-08-11,DOGE,4,0,4,0,0
2025-08-11,ETH,32,0,32,0,0
2025-08-11,LINK,16,0,16,0,0
2025-08-11,SHIBA,2,0,2,0,0
2025-08-11,SOL,20,0,20,0,0
2025-08-11,UNI,1,0,1,0,0
2025-08-11,XRP,10,0,10,0,0
2025-08-12,ADA,2,0,2,0,0
2025-08-12,BTC,52,0,52,0,0
2025-08-12,DOGE,8,0,8,0,0
2025-08-12,ETH,33,0,33,0,0
2025-08-12,LINK,12,0,12,0,0
2025-08-12,SHIBA,5,0,5,0,0
2025-08-12,SOL,19,0,19,0,0
2025-08-12,TERRA,4,0,4,0,0
2025-08-12,UNI,2,0,2,0,0
2025-08-12,XRP,8,0,8,0,0
2025-08-13,ADA,6,0,6,0,0
2025-08-13,AVAX,1,0,1,0,0
2025-08-13,BTC,48,0,48,0,0
2025-08-13,DOGE,6,0,6,0,0
2025-08-13,ETH,37,0,37,0,0
2025-08-13,LINK,19,0,19,0,0
2025-08-13,LTC,1,0,1,0,0
2025-08-13,SHIBA,3,0,3,0,0
2025-08-13,SOL,20,0,20,0,0
2025-08-13,UNI,4,0,4,0,0
2025-08-13,XRP,7,0,7,0,0
2025-08-14,ADA,3,0,3,0,0
2025-08-14,AVAX,3,0,3,0,0
2025-08-14,BTC,39,0,39,0,0
2025-08-14,DOGE,2,0,2,0,0
2025-08-14,ETH,22,0,22,0,0
2025-08-14,LINK,15,0,15,0,0
2025-08-14,LTC,2,0,2,0,0
2025-08-14,SOL,8,0,8,0,0
2025-08-14,XRP,4,0,4,0,0
2025-08-15,ADA,1,0,1,0,0
2025-08-15,BTC,23,0,23,0,0
2025-08-15,DOGE,1,0,1,0,0
2025-08-15,ETH,14,0,14,0,0
2025-08-15,LINK,5,0,5,0,0
2025-08-15,LTC,1,0,1,0,0
2025-08-15,SOL,6,0,6,0,0
2025-08-15,TERRA,1,0,1,0,0
2025-08-15,XRP,1,0,1,0,0
2025-08-16,BTC,3,0,3,0,0
2025-08-16,ETH,3,0,3,0,0
2025-08-16,LINK,2,0,2,0,0
2025-08-16,LTC,1,0,1,0,0
2025-08-16,XRP,1,0,1,0,0
2025-08-17,BTC,3,0,3,0,0
2025-08-17,LINK,4,0,4,0,0
2025-08-17,XRP,1,0,1,0,0
2025-08-18,BTC,13,0,13,0,0
2025-08-18,DOGE,1,0,1,0,0
2025-08-18,ETH,3,0,3,0,0
2025-08-18,LINK,13,0,13,0,0
2025-08-18,SOL,3,0,3,0,0
2025-08-19,ADA,1,0,1,0,0
2025-08-19,AVAX,2,0,2,0,0
2025-08-19,BTC,6,0,6,0,0
2025-08-19,DOGE,1,0,1,0,0
2025-08-19,ETH,8,0,8,0,0
2025-08-19,LINK,7,0,7,0,0
2025-08-19,SOL,5,0,5,0,0
2025-08-19,XRP,4,0,4,0,0
2025-08-20,ADA,2,0,2,0,0
2025-08-20,BTC,4,0,4,0,0
2025-08-20,DOGE,3,0,3,0,0
2025-08-20,ETH,4,0,4,0,0
2025-08-20,LINK,4,0,4,0,0
2025-08-20,SOL,3,0,3,0,0
2025-08-21,BTC,2,0,2,0,0
2025-08-21,ETH,5,0,5,0,0
2025-08-21,SOL,4,0,4,0,0
2025-08-22,BTC,3,0,3,0,0
2025-08-22,DOGE,1,0,1,0,0
2025-08-22,ETH,1,0,1,0,0
2025-08-22,SOL,1,0,1,0,0
2025-08-22,XRP,1,0,1,0,0
2025-08-25,BTC,2,0,2,0,0
2025-08-25,ETH,2,0,2,0,0
2025-08-25,SOL,2,0,2,0,0
2025-08-26,ADA,1,0,1,0,0
2025-08-26,AVAX,1,0,1,0,0
2025-08-26,BTC,4,0,4,0,0
2025-08-26,ETH,4,0,4,0,0
2025-08-26,SOL,3,0,3,0,0
2025-08-26,XRP,1,0,1,0,0
2025-08-27,BTC,2,0,2,0,0
2025-08-27,ETH,3,0,3,0,0
2025-08-27,SOL,4,0,4,0,0
