date,vix,us_10y_yield_pct,effective_fed_funds_pct,trade_weighted_usd_index,us_high_yield_oas_pct,sp500_index,wti_crude_usd_per_bbl,source
2021-01-01,,,0.09,,,,,fred_public_csv
2021-01-02,,,0.09,,,,,fred_public_csv
2021-01-03,,,0.09,,,,,fred_public_csv
2021-01-04,26.97,0.93,0.09,111.2075,,3700.65,47.47,fred_public_csv
2021-01-05,25.34,0.96,0.09,110.9574,,3726.86,49.78,fred_public_csv
2021-01-06,25.07,1.04,0.09,110.8502,,3748.14,50.45,fred_public_csv
2021-01-07,22.37,1.08,0.09,111.3042,,3803.79,50.63,fred_public_csv
2021-01-08,21.56,1.13,0.09,111.2847,,3824.68,52.14,fred_public_csv
2021-01-09,21.56,1.13,0.09,111.2847,,3824.68,52.14,fred_public_csv
2021-01-10,21.56,1.13,0.09,111.2847,,3824.68,52.14,fred_public_csv
2021-01-11,24.08,1.15,0.09,111.8257,,3799.61,52.15,fred_public_csv
2021-01-12,23.33,1.15,0.09,111.5501,,3801.19,53.08,fred_public_csv
2021-01-13,22.21,1.1,0.09,111.3622,,3809.84,52.81,fred_public_csv
2021-01-14,23.25,1.15,0.09,111.1567,,3795.54,53.47,fred_public_csv
2021-01-15,24.34,1.11,0.09,111.5106,,3768.25,52.25,fred_public_csv
2021-01-16,24.34,1.11,0.09,111.5106,,3768.25,52.25,fred_public_csv
2021-01-17,24.34,1.11,0.09,111.5106,,3768.25,52.25,fred_public_csv
2021-01-18,24.34,1.11,0.09,111.5106,,3768.25,52.25,fred_public_csv
2021-01-19,23.24,1.1,0.09,111.4527,,3798.91,52.87,fred_public_csv
2021-01-20,21.58,1.1,0.09,111.4527,,3851.85,53.16,fred_public_csv
2021-01-21,21.32,1.12,0.08,111.1973,,3853.07,53,fred_public_csv
2021-01-22,21.91,1.1,0.08,111.5516,,3841.47,52.28,fred_public_csv
2021-01-23,21.91,1.1,0.08,111.5516,,3841.47,52.28,fred_public_csv
2021-01-24,21.91,1.1,0.08,111.5516,,3841.47,52.28,fred_public_csv
2021-01-25,23.19,1.05,0.08,111.8676,,3855.36,52.78,fred_public_csv
2021-01-26,23.02,1.05,0.08,111.6572,,3849.62,52.61,fred_public_csv
2021-01-27,37.21,1.04,0.08,112.0782,,3750.77,52.81,fred_public_csv
2021-01-28,30.21,1.07,0.07,112.0059,,3787.38,52.26,fred_public_csv
2021-01-29,33.09,1.11,0.07,111.9511,,3714.24,52.16,fred_public_csv
2021-01-30,33.09,1.11,0.07,111.9511,,3714.24,52.16,fred_public_csv
2021-01-31,33.09,1.11,0.07,111.9511,,3714.24,52.16,fred_public_csv
2021-02-01,30.24,1.09,0.08,112.4189,,3773.86,53.55,fred_public_csv
2021-02-02,25.56,1.12,0.08,112.2862,,3826.31,54.77,fred_public_csv
2021-02-03,22.91,1.15,0.08,112.2567,,3830.17,55.67,fred_public_csv
2021-02-04,21.77,1.15,0.08,112.7469,,3871.74,56.19,fred_public_csv
2021-02-05,20.87,1.19,0.08,112.2379,,3886.83,56.8,fred_public_csv
2021-02-06,20.87,1.19,0.08,112.2379,,3886.83,56.8,fred_public_csv
2021-02-07,20.87,1.19,0.08,112.2379,,3886.83,56.8,fred_public_csv
2021-02-08,21.24,1.19,0.07,112.0428,,3915.59,57.95,fred_public_csv
2021-02-09,21.63,1.18,0.08,111.7675,,3911.23,58.34,fred_public_csv
2021-02-10,21.99,1.15,0.08,111.5834,,3909.88,58.69,fred_public_csv
2021-02-11,21.25,1.16,0.08,111.5272,,3916.38,58.22,fred_public_csv
2021-02-12,19.97,1.2,0.08,111.4889,,3934.83,59.5,fred_public_csv
2021-02-13,19.97,1.2,0.08,111.4889,,3934.83,59.5,fred_public_csv
2021-02-14,19.97,1.2,0.08,111.4889,,3934.83,59.5,fred_public_csv
2021-02-15,19.97,1.2,0.08,111.4889,,3934.83,59.5,fred_public_csv
2021-02-16,21.46,1.3,0.08,111.7879,,3932.59,60.07,fred_public_csv
2021-02-17,21.5,1.29,0.08,112.0204,,3931.33,61.09,fred_public_csv
2021-02-18,22.49,1.29,0.07,112.1603,,3913.97,60.4,fred_public_csv
2021-02-19,22.05,1.34,0.07,111.7058,,3906.71,59.12,fred_public_csv
2021-02-20,22.05,1.34,0.07,111.7058,,3906.71,59.12,fred_public_csv
2021-02-21,22.05,1.34,0.07,111.7058,,3906.71,59.12,fred_public_csv
2021-02-22,23.45,1.37,0.07,111.918,,3876.5,61.67,fred_public_csv
2021-02-23,23.11,1.37,0.07,111.8981,,3881.37,61.66,fred_public_csv
2021-02-24,21.34,1.38,0.07,111.7212,,3925.43,63.21,fred_public_csv
2021-02-25,28.89,1.54,0.07,111.9253,,3829.34,63.43,fred_public_csv
2021-02-26,27.95,1.44,0.07,112.8306,,3811.15,61.55,fred_public_csv
2021-02-27,27.95,1.44,0.07,112.8306,,3811.15,61.55,fred_public_csv
2021-02-28,27.95,1.44,0.07,112.8306,,3811.15,61.55,fred_public_csv
2021-03-01,23.35,1.45,0.07,112.5263,,3901.82,60.54,fred_public_csv
2021-03-02,24.1,1.42,0.07,112.5342,,3870.29,59.7,fred_public_csv
2021-03-03,26.67,1.47,0.07,112.7617,,3819.72,61.33,fred_public_csv
2021-03-04,28.57,1.54,0.07,112.7037,,3768.47,63.81,fred_public_csv
2021-03-05,24.66,1.56,0.07,113.7487,,3841.94,66.08,fred_public_csv
2021-03-06,24.66,1.56,0.07,113.7487,,3841.94,66.08,fred_public_csv
2021-03-07,24.66,1.56,0.07,113.7487,,3841.94,66.08,fred_public_csv
2021-03-08,25.47,1.59,0.07,114.2678,,3821.35,65.03,fred_public_csv
2021-03-09,24.03,1.55,0.07,113.928,,3875.44,64.02,fred_public_csv
2021-03-10,22.56,1.53,0.07,113.5881,,3898.81,64.45,fred_public_csv
2021-03-11,21.91,1.54,0.07,112.9214,,3939.34,66.02,fred_public_csv
2021-03-12,20.69,1.64,0.07,113.0269,,3943.34,65.59,fred_public_csv
2021-03-13,20.69,1.64,0.07,113.0269,,3943.34,65.59,fred_public_csv
2021-03-14,20.69,1.64,0.07,113.0269,,3943.34,65.59,fred_public_csv
2021-03-15,20.03,1.62,0.07,113.1928,,3968.94,65.36,fred_public_csv
2021-03-16,19.79,1.62,0.07,112.9839,,3962.71,64.82,fred_public_csv
2021-03-17,19.23,1.63,0.07,113.1589,,3974.12,64.55,fred_public_csv
2021-03-18,21.58,1.71,0.07,112.7744,,3915.46,59.95,fred_public_csv
2021-03-19,20.95,1.74,0.07,112.9756,,3913.1,61.43,fred_public_csv
2021-03-20,20.95,1.74,0.07,112.9756,,3913.1,61.43,fred_public_csv
2021-03-21,20.95,1.74,0.07,112.9756,,3913.1,61.43,fred_public_csv
2021-03-22,18.88,1.69,0.07,113.0023,,3940.59,61.48,fred_public_csv
2021-03-23,20.3,1.63,0.07,113.2916,,3910.52,57.75,fred_public_csv
2021-03-24,21.2,1.62,0.07,113.6565,,3889.14,61.12,fred_public_csv
2021-03-25,19.81,1.63,0.07,114.0016,,3909.52,58.47,fred_public_csv
2021-03-26,18.86,1.67,0.07,113.7406,,3974.54,60.93,fred_public_csv
2021-03-27,18.86,1.67,0.07,113.7406,,3974.54,60.93,fred_public_csv
2021-03-28,18.86,1.67,0.07,113.7406,,3974.54,60.93,fred_public_csv
2021-03-29,20.74,1.73,0.07,113.9314,,3971.09,61.49,fred_public_csv
2021-03-30,19.61,1.73,0.07,114.203,,3958.55,60.55,fred_public_csv
2021-03-31,19.4,1.74,0.06,113.8234,,3972.89,59.19,fred_public_csv
2021-04-01,17.33,1.69,0.07,113.7389,,4019.87,61.41,fred_public_csv
2021-04-02,17.33,1.72,0.07,113.7315,,4019.87,61.41,fred_public_csv
2021-04-03,17.33,1.72,0.07,113.7315,,4019.87,61.41,fred_public_csv
2021-04-04,17.33,1.72,0.07,113.7315,,4019.87,61.41,fred_public_csv
2021-04-05,17.91,1.73,0.07,113.394,,4077.91,58.73,fred_public_csv
2021-04-06,18.12,1.67,0.07,113.1464,,4073.94,59.34,fred_public_csv
2021-04-07,17.16,1.68,0.07,113.2436,,4079.95,59.77,fred_public_csv
2021-04-08,16.95,1.64,0.07,113.0917,,4097.17,59.61,fred_public_csv
2021-04-09,16.69,1.67,0.07,113.2028,,4128.8,59.29,fred_public_csv
2021-04-10,16.69,1.67,0.07,113.2028,,4128.8,59.29,fred_public_csv
2021-04-11,16.69,1.67,0.07,113.2028,,4128.8,59.29,fred_public_csv
2021-04-12,16.91,1.69,0.07,113.1815,,4127.99,59.7,fred_public_csv
2021-04-13,16.65,1.64,0.07,113.0391,,4141.59,60.2,fred_public_csv
2021-04-14,16.99,1.64,0.07,112.7849,,4124.66,63.15,fred_public_csv
2021-04-15,16.57,1.56,0.07,112.6181,,4170.42,63.42,fred_public_csv
2021-04-16,16.25,1.59,0.07,112.4814,,4185.47,63.16,fred_public_csv
2021-04-17,16.25,1.59,0.07,112.4814,,4185.47,63.16,fred_public_csv
2021-04-18,16.25,1.59,0.07,112.4814,,4185.47,63.16,fred_public_csv
2021-04-19,17.29,1.61,0.07,112.1835,,4163.26,63.33,fred_public_csv
2021-04-20,18.68,1.58,0.07,112.2354,,4134.94,62.61,fred_public_csv
2021-04-21,17.5,1.57,0.07,112.1771,,4173.42,61.34,fred_public_csv
2021-04-22,18.71,1.57,0.07,112.2297,,4134.98,61.45,fred_public_csv
2021-04-23,17.33,1.58,0.07,112.0889,,4180.17,62.18,fred_public_csv
2021-04-24,17.33,1.58,0.07,112.0889,,4180.17,62.18,fred_public_csv
2021-04-25,17.33,1.58,0.07,112.0889,,4180.17,62.18,fred_public_csv
2021-04-26,17.64,1.58,0.07,111.8109,,4187.62,62.02,fred_public_csv
2021-04-27,17.56,1.63,0.07,111.9097,,4186.72,63.03,fred_public_csv
2021-04-28,17.28,1.63,0.07,111.7909,,4183.18,63.81,fred_public_csv
2021-04-29,17.61,1.65,0.06,111.7464,,4211.47,65,fred_public_csv
2021-04-30,18.61,1.65,0.05,112.0839,,4181.17,63.5,fred_public_csv
2021-05-01,18.61,1.65,0.05,112.0839,,4181.17,63.5,fred_public_csv
2021-05-02,18.61,1.65,0.05,112.0839,,4181.17,63.5,fred_public_csv
2021-05-03,18.31,1.63,0.06,112.005,,4192.66,64.46,fred_public_csv
2021-05-04,19.48,1.61,0.06,112.2896,,4164.66,65.72,fred_public_csv
2021-05-05,19.15,1.59,0.06,112.1514,,4167.59,65.63,fred_public_csv
2021-05-06,18.39,1.58,0.06,111.8401,,4201.62,64.73,fred_public_csv
2021-05-07,16.69,1.6,0.06,111.0249,,4232.6,64.96,fred_public_csv
2021-05-08,16.69,1.6,0.06,111.0249,,4232.6,64.96,fred_public_csv
2021-05-09,16.69,1.6,0.06,111.0249,,4232.6,64.96,fred_public_csv
2021-05-10,19.66,1.63,0.06,110.7905,,4188.43,64.92,fred_public_csv
2021-05-11,21.84,1.64,0.06,110.8921,,4152.1,65.31,fred_public_csv
2021-05-12,27.59,1.69,0.06,111.5636,,4063.04,65.96,fred_public_csv
2021-05-13,23.13,1.66,0.06,111.5955,,4112.5,63.82,fred_public_csv
2021-05-14,18.81,1.63,0.06,111.1353,,4173.85,65.32,fred_public_csv
2021-05-15,18.81,1.63,0.06,111.1353,,4173.85,65.32,fred_public_csv
2021-05-16,18.81,1.63,0.06,111.1353,,4173.85,65.32,fred_public_csv
2021-05-17,19.72,1.64,0.06,111.079,,4163.29,66.24,fred_public_csv
2021-05-18,21.34,1.64,0.06,110.8317,,4127.83,65.49,fred_public_csv
2021-05-19,22.18,1.68,0.06,110.8807,,4115.68,63.28,fred_public_csv
2021-05-20,20.67,1.63,0.06,110.8605,,4159.12,61.95,fred_public_csv
2021-05-21,20.15,1.63,0.06,111.0576,,4155.86,63.61,fred_public_csv
2021-05-22,20.15,1.63,0.06,111.0576,,4155.86,63.61,fred_public_csv
2021-05-23,20.15,1.63,0.06,111.0576,,4155.86,63.61,fred_public_csv
2021-05-24,18.4,1.61,0.06,110.9118,,4197.05,66.13,fred_public_csv
2021-05-25,18.84,1.56,0.06,110.842,,4188.13,66.27,fred_public_csv
2021-05-26,17.36,1.58,0.06,110.8677,,4195.99,66.41,fred_public_csv
2021-05-27,16.74,1.61,0.06,110.8688,,4200.88,66.87,fred_public_csv
2021-05-28,16.76,1.58,0.05,110.7576,,4204.11,66.31,fred_public_csv
2021-05-29,16.76,1.58,0.05,110.7576,,4204.11,66.31,fred_public_csv
2021-05-30,16.76,1.58,0.05,110.7576,,4204.11,66.31,fred_public_csv
2021-05-31,16.76,1.58,0.05,110.7576,,4204.11,66.31,fred_public_csv
2021-06-01,17.9,1.62,0.06,110.5046,,4202.04,67.8,fred_public_csv
2021-06-02,17.48,1.59,0.06,110.5799,,4208.12,68.79,fred_public_csv
2021-06-03,18.04,1.63,0.06,111.1782,,4192.85,68.81,fred_public_csv
2021-06-04,16.42,1.56,0.06,110.7521,,4229.89,69.57,fred_public_csv
2021-06-05,16.42,1.56,0.06,110.7521,,4229.89,69.57,fred_public_csv
2021-06-06,16.42,1.56,0.06,110.7521,,4229.89,69.57,fred_public_csv
2021-06-07,16.42,1.57,0.06,110.5155,,4226.52,69.21,fred_public_csv
2021-06-08,17.07,1.53,0.06,110.649,,4227.26,70.11,fred_public_csv
2021-06-09,17.89,1.5,0.06,110.5707,,4219.55,69.9,fred_public_csv
2021-06-10,16.1,1.45,0.06,110.5456,,4239.18,70.34,fred_public_csv
2021-06-11,15.65,1.47,0.06,111.0933,,4247.44,71,fred_public_csv
2021-06-12,15.65,1.47,0.06,111.0933,,4247.44,71,fred_public_csv
2021-06-13,15.65,1.47,0.06,111.0933,,4247.44,71,fred_public_csv
2021-06-14,16.39,1.51,0.06,110.9659,,4255.15,70.94,fred_public_csv
2021-06-15,17.02,1.51,0.06,111.3507,,4246.59,72.06,fred_public_csv
2021-06-16,18.15,1.57,0.06,111.1165,,4223.7,72.03,fred_public_csv
2021-06-17,17.75,1.52,0.1,112.5772,,4221.86,71.06,fred_public_csv
2021-06-18,20.7,1.45,0.1,113.0408,,4166.45,71.64,fred_public_csv
2021-06-19,20.7,1.45,0.1,113.0408,,4166.45,71.64,fred_public_csv
2021-06-20,20.7,1.45,0.1,113.0408,,4166.45,71.64,fred_public_csv
2021-06-21,17.89,1.5,0.1,112.8391,,4224.79,73.64,fred_public_csv
2021-06-22,16.66,1.48,0.1,112.9174,,4246.44,73.15,fred_public_csv
2021-06-23,16.32,1.5,0.1,112.3819,,4241.84,73.11,fred_public_csv
2021-06-24,15.97,1.49,0.1,112.326,,4266.49,73.31,fred_public_csv
2021-06-25,15.62,1.54,0.1,111.9655,,4280.7,74.21,fred_public_csv
2021-06-26,15.62,1.54,0.1,111.9655,,4280.7,74.21,fred_public_csv
2021-06-27,15.62,1.54,0.1,111.9655,,4280.7,74.21,fred_public_csv
2021-06-28,15.76,1.49,0.1,112.0248,,4290.61,72.98,fred_public_csv
2021-06-29,16.02,1.49,0.1,112.2613,,4291.8,73.14,fred_public_csv
2021-06-30,15.83,1.45,0.08,112.5533,,4297.5,73.52,fred_public_csv
2021-07-01,15.48,1.48,0.1,112.74,,4319.94,75.33,fred_public_csv
2021-07-02,15.07,1.44,0.1,112.5425,,4352.34,75.37,fred_public_csv
2021-07-03,15.07,1.44,0.1,112.5425,,4352.34,75.37,fred_public_csv
2021-07-04,15.07,1.44,0.1,112.5425,,4352.34,75.37,fred_public_csv
2021-07-05,15.07,1.44,0.1,112.5425,,4352.34,75.37,fred_public_csv
2021-07-06,16.44,1.37,0.1,112.9516,,4343.54,73.62,fred_public_csv
2021-07-07,16.2,1.33,0.1,113.1048,,4358.13,72.22,fred_public_csv
2021-07-08,19,1.3,0.1,113.0776,,4320.82,72.98,fred_public_csv
2021-07-09,16.18,1.37,0.1,112.8375,,4369.55,74.56,fred_public_csv
2021-07-10,16.18,1.37,0.1,112.8375,,4369.55,74.56,fred_public_csv
2021-07-11,16.18,1.37,0.1,112.8375,,4369.55,74.56,fred_public_csv
2021-07-12,16.17,1.38,0.1,112.7611,,4384.63,74.21,fred_public_csv
2021-07-13,17.12,1.42,0.1,113.0063,,4369.21,75.24,fred_public_csv
2021-07-14,16.33,1.37,0.1,112.8801,,4374.3,73.06,fred_public_csv
2021-07-15,17.01,1.31,0.1,113.0041,,4360.03,71.67,fred_public_csv
2021-07-16,18.45,1.31,0.1,113.0428,,4327.16,71.76,fred_public_csv
2021-07-17,18.45,1.31,0.1,113.0428,,4327.16,71.76,fred_public_csv
2021-07-18,18.45,1.31,0.1,113.0428,,4327.16,71.76,fred_public_csv
2021-07-19,22.5,1.19,0.1,113.5472,,4258.49,66.45,fred_public_csv
2021-07-20,19.73,1.23,0.1,113.7502,,4323.06,67.32,fred_public_csv
2021-07-21,17.91,1.3,0.1,113.3926,,4358.69,70.26,fred_public_csv
2021-07-22,17.69,1.27,0.1,113.4695,,4367.48,72.15,fred_public_csv
2021-07-23,17.2,1.3,0.1,113.4398,,4411.79,72.24,fred_public_csv
2021-07-24,17.2,1.3,0.1,113.4398,,4411.79,72.24,fred_public_csv
2021-07-25,17.2,1.3,0.1,113.4398,,4411.79,72.24,fred_public_csv
2021-07-26,17.58,1.29,0.1,113.2238,,4422.3,72.15,fred_public_csv
2021-07-27,19.36,1.25,0.1,113.2227,,4401.46,71.68,fred_public_csv
2021-07-28,18.31,1.26,0.1,113.1807,,4400.64,72.37,fred_public_csv
2021-07-29,17.7,1.28,0.1,112.4834,,4419.15,73.62,fred_public_csv
2021-07-30,18.24,1.24,0.07,112.6714,,4395.26,73.93,fred_public_csv
2021-07-31,18.24,1.24,0.07,112.6714,,4395.26,73.93,fred_public_csv
2021-08-01,18.24,1.24,0.07,112.6714,,4395.26,73.93,fred_public_csv
2021-08-02,19.46,1.2,0.1,112.6691,,4387.16,71.31,fred_public_csv
2021-08-03,18.04,1.19,0.1,112.8228,,4423.15,70.64,fred_public_csv
2021-08-04,17.97,1.19,0.1,112.8953,,4402.66,68.19,fred_public_csv
2021-08-05,17.28,1.23,0.1,112.7674,,4429.1,69.1,fred_public_csv
2021-08-06,16.15,1.31,0.1,113.3088,,4436.52,68.26,fred_public_csv
2021-08-07,16.15,1.31,0.1,113.3088,,4436.52,68.26,fred_public_csv
2021-08-08,16.15,1.31,0.1,113.3088,,4436.52,68.26,fred_public_csv
2021-08-09,16.72,1.33,0.1,113.4521,,4432.35,66.56,fred_public_csv
2021-08-10,16.79,1.36,0.1,113.4973,,4436.75,68.33,fred_public_csv
2021-08-11,16.06,1.35,0.1,113.282,,4447.7,69.3,fred_public_csv
2021-08-12,15.59,1.36,0.1,113.2691,,4460.83,69.12,fred_public_csv
2021-08-13,15.45,1.29,0.1,113.0615,,4468,68.36,fred_public_csv
2021-08-14,15.45,1.29,0.1,113.0615,,4468,68.36,fred_public_csv
2021-08-15,15.45,1.29,0.1,113.0615,,4468,68.36,fred_public_csv
2021-08-16,16.12,1.26,0.1,113.1698,,4479.71,67.44,fred_public_csv
2021-08-17,17.91,1.26,0.1,113.6174,,4448.08,66.5,fred_public_csv
2021-08-18,21.57,1.27,0.09,113.6959,,4400.27,65.36,fred_public_csv
2021-08-19,21.67,1.24,0.09,114.1106,,4405.8,63.69,fred_public_csv
2021-08-20,18.56,1.26,0.09,114.5009,,4441.67,62.25,fred_public_csv
2021-08-21,18.56,1.26,0.09,114.5009,,4441.67,62.25,fred_public_csv
2021-08-22,18.56,1.26,0.09,114.5009,,4441.67,62.25,fred_public_csv
2021-08-23,17.15,1.25,0.09,113.9418,,4479.53,65.65,fred_public_csv
2021-08-24,17.22,1.29,0.09,113.6795,,4486.23,67.5,fred_public_csv
2021-08-25,16.79,1.35,0.09,113.6322,,4496.19,68.54,fred_public_csv
2021-08-26,18.84,1.34,0.09,113.7883,,4470,67.42,fred_public_csv
2021-08-27,16.39,1.31,0.08,113.3404,,4509.37,68.84,fred_public_csv
2021-08-28,16.39,1.31,0.08,113.3404,,4509.37,68.84,fred_public_csv
2021-08-29,16.39,1.31,0.08,113.3404,,4509.37,68.84,fred_public_csv
2021-08-30,16.19,1.29,0.08,113.246,,4528.79,69.28,fred_public_csv
2021-08-31,16.48,1.3,0.06,113.1076,,4522.68,68.43,fred_public_csv
2021-09-01,16.11,1.31,0.08,112.8732,,4524.09,68.63,fred_public_csv
2021-09-02,16.41,1.29,0.08,112.7863,,4536.95,70.07,fred_public_csv
2021-09-03,16.41,1.33,0.08,112.5476,,4535.43,69.34,fred_public_csv
2021-09-04,16.41,1.33,0.08,112.5476,,4535.43,69.34,fred_public_csv
2021-09-05,16.41,1.33,0.08,112.5476,,4535.43,69.34,fred_public_csv
2021-09-06,16.41,1.33,0.08,112.5476,,4535.43,69.34,fred_public_csv
2021-09-07,18.14,1.38,0.08,112.9795,,4520.03,68.49,fred_public_csv
2021-09-08,17.96,1.35,0.08,113.2319,,4514.07,69.36,fred_public_csv
2021-09-09,18.8,1.3,0.08,113.043,,4493.28,68.26,fred_public_csv
2021-09-10,20.95,1.35,0.08,112.9425,,4458.58,69.82,fred_public_csv
2021-09-11,20.95,1.35,0.08,112.9425,,4458.58,69.82,fred_public_csv
2021-09-12,20.95,1.35,0.08,112.9425,,4458.58,69.82,fred_public_csv
2021-09-13,19.37,1.33,0.08,113.0341,,4468.73,70.54,fred_public_csv
2021-09-14,19.46,1.28,0.08,113.0061,,4443.05,70.53,fred_public_csv
2021-09-15,18.18,1.31,0.08,112.9773,,4480.7,72.59,fred_public_csv
2021-09-16,18.69,1.34,0.08,113.3036,,4473.75,72.69,fred_public_csv
2021-09-17,20.81,1.37,0.08,113.5989,,4432.99,72.09,fred_public_csv
2021-09-18,20.81,1.37,0.08,113.5989,,4432.99,72.09,fred_public_csv
2021-09-19,20.81,1.37,0.08,113.5989,,4432.99,72.09,fred_public_csv
2021-09-20,25.71,1.31,0.08,113.9422,,4357.73,70.41,fred_public_csv
2021-09-21,24.36,1.33,0.08,113.8179,,4354.19,70.51,fred_public_csv
2021-09-22,20.87,1.32,0.08,113.6223,,4395.64,72.37,fred_public_csv
2021-09-23,18.63,1.41,0.08,113.513,,4448.98,73.43,fred_public_csv
2021-09-24,17.75,1.47,0.08,113.7597,,4455.48,74.18,fred_public_csv
2021-09-25,17.75,1.47,0.08,113.7597,,4455.48,74.18,fred_public_csv
2021-09-26,17.75,1.47,0.08,113.7597,,4455.48,74.18,fred_public_csv
2021-09-27,18.76,1.48,0.08,113.7432,,4443.11,75.54,fred_public_csv
2021-09-28,23.25,1.54,0.08,114.2469,,4352.63,75.44,fred_public_csv
2021-09-29,22.56,1.55,0.08,114.7092,,4359.46,75.06,fred_public_csv
2021-09-30,23.14,1.52,0.06,114.6403,,4307.54,75.22,fred_public_csv
2021-10-01,21.15,1.48,0.08,114.3798,,4357.04,76.01,fred_public_csv
2021-10-02,21.15,1.48,0.08,114.3798,,4357.04,76.01,fred_public_csv
2021-10-03,21.15,1.48,0.08,114.3798,,4357.04,76.01,fred_public_csv
2021-10-04,22.96,1.49,0.08,114.2739,,4300.46,77.68,fred_public_csv
2021-10-05,21.3,1.54,0.08,114.3654,,4345.72,79.17,fred_public_csv
2021-10-06,21,1.53,0.08,114.7185,,4363.55,77.66,fred_public_csv
2021-10-07,19.54,1.58,0.08,114.5044,,4399.76,78.46,fred_public_csv
2021-10-08,18.77,1.61,0.08,114.5986,,4391.34,79.55,fred_public_csv
2021-10-09,18.77,1.61,0.08,114.5986,,4391.34,79.55,fred_public_csv
2021-10-10,18.77,1.61,0.08,114.5986,,4391.34,79.55,fred_public_csv
2021-10-11,20,1.61,0.08,114.5986,,4361.19,80.64,fred_public_csv
2021-10-12,19.85,1.59,0.08,114.7542,,4350.65,80.75,fred_public_csv
2021-10-13,18.64,1.56,0.08,114.4705,,4363.8,80.67,fred_public_csv
2021-10-14,16.86,1.52,0.08,114.2053,,4438.26,81.43,fred_public_csv
2021-10-15,16.3,1.59,0.08,114.0905,,4471.37,82.39,fred_public_csv
2021-10-16,16.3,1.59,0.08,114.0905,,4471.37,82.39,fred_public_csv
2021-10-17,16.3,1.59,0.08,114.0905,,4471.37,82.39,fred_public_csv
2021-10-18,16.31,1.59,0.08,113.9899,,4486.46,82.62,fred_public_csv
2021-10-19,15.7,1.65,0.08,113.647,,4519.63,83.19,fred_public_csv
2021-10-20,15.49,1.65,0.08,113.5083,,4536.19,84.4,fred_public_csv
2021-10-21,15.01,1.68,0.08,113.6188,,4549.78,82.64,fred_public_csv
2021-10-22,15.43,1.66,0.08,113.67,,4544.9,84.53,fred_public_csv
2021-10-23,15.43,1.66,0.08,113.67,,4544.9,84.53,fred_public_csv
2021-10-24,15.43,1.66,0.08,113.67,,4544.9,84.53,fred_public_csv
2021-10-25,15.24,1.64,0.08,113.605,,4566.48,84.64,fred_public_csv
2021-10-26,15.98,1.63,0.08,113.674,,4574.79,85.64,fred_public_csv
2021-10-27,16.98,1.54,0.08,113.6218,,4551.68,82.66,fred_public_csv
2021-10-28,16.53,1.57,0.08,113.4389,,4596.42,82.78,fred_public_csv
2021-10-29,16.26,1.55,0.07,114.1349,,4605.38,83.5,fred_public_csv
2021-10-30,16.26,1.55,0.07,114.1349,,4605.38,83.5,fred_public_csv
2021-10-31,16.26,1.55,0.07,114.1349,,4605.38,83.5,fred_public_csv
2021-11-01,16.41,1.58,0.08,114.2067,,4613.67,84.08,fred_public_csv
2021-11-02,16.03,1.56,0.08,114.2847,,4630.65,83.91,fred_public_csv
2021-11-03,15.1,1.6,0.08,114.3593,,4660.57,80.82,fred_public_csv
2021-11-04,15.44,1.53,0.08,114.3558,,4680.06,78.88,fred_public_csv
2021-11-05,16.48,1.45,0.08,114.0732,,4697.53,81.25,fred_public_csv
2021-11-06,16.48,1.45,0.08,114.0732,,4697.53,81.25,fred_public_csv
2021-11-07,16.48,1.45,0.08,114.0732,,4697.53,81.25,fred_public_csv
2021-11-08,17.22,1.51,0.08,113.8256,,4701.7,81.96,fred_public_csv
2021-11-09,17.78,1.46,0.08,113.762,,4685.25,84.12,fred_public_csv
2021-11-10,18.73,1.56,0.08,114.1484,,4646.71,81.23,fred_public_csv
2021-11-11,17.66,1.56,0.08,114.1484,,4649.27,81.47,fred_public_csv
2021-11-12,16.29,1.58,0.08,114.5144,,4682.85,80.87,fred_public_csv
2021-11-13,16.29,1.58,0.08,114.5144,,4682.85,80.87,fred_public_csv
2021-11-14,16.29,1.58,0.08,114.5144,,4682.85,80.87,fred_public_csv
2021-11-15,16.49,1.63,0.08,114.5876,,4682.8,80.85,fred_public_csv
2021-11-16,16.37,1.63,0.08,115.136,,4700.9,80.76,fred_public_csv
2021-11-17,17.11,1.6,0.08,115.0263,,4688.67,78.32,fred_public_csv
2021-11-18,17.59,1.59,0.08,115.0678,,4704.54,78.92,fred_public_csv
2021-11-19,17.91,1.54,0.08,115.2187,,4697.96,76.11,fred_public_csv
2021-11-20,17.91,1.54,0.08,115.2187,,4697.96,76.11,fred_public_csv
2021-11-21,17.91,1.54,0.08,115.2187,,4697.96,76.11,fred_public_csv
2021-11-22,19.17,1.63,0.08,115.6481,,4682.94,76.74,fred_public_csv
2021-11-23,19.38,1.67,0.08,116.0118,,4690.7,78.32,fred_public_csv
2021-11-24,18.58,1.64,0.08,116.2711,,4701.46,78.32,fred_public_csv
2021-11-25,18.58,1.64,0.08,116.2711,,4701.46,78.32,fred_public_csv
2021-11-26,28.62,1.48,0.08,116.5103,,4594.62,78.32,fred_public_csv
2021-11-27,28.62,1.48,0.08,116.5103,,4594.62,78.32,fred_public_csv
2021-11-28,28.62,1.48,0.08,116.5103,,4594.62,78.32,fred_public_csv
2021-11-29,22.96,1.52,0.08,116.581,,4655.27,69.88,fred_public_csv
2021-11-30,27.19,1.43,0.07,116.2071,,4567,66.14,fred_public_csv
2021-12-01,31.12,1.43,0.08,115.889,,4513.04,65.44,fred_public_csv
2021-12-02,27.95,1.44,0.08,116.018,,4577.1,66.6,fred_public_csv
2021-12-03,30.67,1.35,0.08,116.2377,,4538.43,66.39,fred_public_csv
2021-12-04,30.67,1.35,0.08,116.2377,,4538.43,66.39,fred_public_csv
2021-12-05,30.67,1.35,0.08,116.2377,,4538.43,66.39,fred_public_csv
2021-12-06,27.18,1.43,0.08,116.1538,,4591.67,69.62,fred_public_csv
2021-12-07,21.89,1.48,0.08,115.8555,,4686.75,71.94,fred_public_csv
2021-12-08,19.9,1.52,0.08,115.4418,,4701.21,72.43,fred_public_csv
2021-12-09,21.58,1.49,0.08,115.7784,,4667.45,70.87,fred_public_csv
2021-12-10,18.69,1.48,0.08,115.5732,,4712.02,71.71,fred_public_csv
2021-12-11,18.69,1.48,0.08,115.5732,,4712.02,71.71,fred_public_csv
2021-12-12,18.69,1.48,0.08,115.5732,,4712.02,71.71,fred_public_csv
2021-12-13,20.31,1.42,0.08,115.842,,4668.97,71.19,fred_public_csv
2021-12-14,21.89,1.44,0.08,116.2397,,4634.09,70.57,fred_public_csv
2021-12-15,19.29,1.47,0.08,116.4219,,4709.85,70.89,fred_public_csv
2021-12-16,20.57,1.44,0.08,115.7146,,4668.67,72.34,fred_public_csv
2021-12-17,21.57,1.41,0.08,115.791,,4620.64,70.93,fred_public_csv
2021-12-18,21.57,1.41,0.08,115.791,,4620.64,70.93,fred_public_csv
2021-12-19,21.57,1.41,0.08,115.791,,4620.64,70.93,fred_public_csv
2021-12-20,22.87,1.43,0.08,116.0092,,4568.02,68.69,fred_public_csv
2021-12-21,21.01,1.48,0.08,116.1089,,4649.23,71.1,fred_public_csv
2021-12-22,18.63,1.46,0.08,115.7485,,4696.56,72.82,fred_public_csv
2021-12-23,17.96,1.5,0.08,115.5337,,4725.79,73.89,fred_public_csv
2021-12-24,17.96,1.5,0.08,115.5337,,4725.79,73.89,fred_public_csv
2021-12-25,17.96,1.5,0.08,115.5337,,4725.79,73.89,fred_public_csv
2021-12-26,17.96,1.5,0.08,115.5337,,4725.79,73.89,fred_public_csv
2021-12-27,17.68,1.48,0.08,115.4684,,4791.19,75.49,fred_public_csv
2021-12-28,17.54,1.49,0.08,115.4192,,4786.35,76.01,fred_public_csv
2021-12-29,16.95,1.55,0.08,115.3678,,4793.06,76.58,fred_public_csv
2021-12-30,17.33,1.52,0.08,115.283,,4778.73,76.83,fred_public_csv
2021-12-31,17.22,1.52,0.07,115.283,,4766.18,75.33,fred_public_csv
2022-01-01,17.22,1.52,0.07,115.283,,4766.18,75.33,fred_public_csv
2022-01-02,17.22,1.52,0.07,115.283,,4766.18,75.33,fred_public_csv
2022-01-03,16.6,1.63,0.08,115.4101,,4796.56,75.99,fred_public_csv
2022-01-04,16.91,1.66,0.08,115.3103,,4793.54,77,fred_public_csv
2022-01-05,19.73,1.71,0.08,115.137,,4700.58,77.83,fred_public_csv
2022-01-06,19.61,1.73,0.08,115.4046,,4696.05,79.47,fred_public_csv
2022-01-07,18.76,1.76,0.08,115.0451,,4677.03,79,fred_public_csv
2022-01-08,18.76,1.76,0.08,115.0451,,4677.03,79,fred_public_csv
2022-01-09,18.76,1.76,0.08,115.0451,,4677.03,79,fred_public_csv
2022-01-10,19.4,1.78,0.08,115.2216,,4670.29,78.11,fred_public_csv
2022-01-11,18.41,1.75,0.08,114.8332,,4713.07,81.17,fred_public_csv
2022-01-12,17.62,1.74,0.08,114.355,,4726.35,82.51,fred_public_csv
2022-01-13,20.31,1.7,0.08,114.177,,4659.03,81.97,fred_public_csv
2022-01-14,19.19,1.78,0.08,114.3825,,4662.85,83.82,fred_public_csv
2022-01-15,19.19,1.78,0.08,114.3825,,4662.85,83.82,fred_public_csv
2022-01-16,19.19,1.78,0.08,114.3825,,4662.85,83.82,fred_public_csv
2022-01-17,19.19,1.78,0.08,114.3825,,4662.85,83.82,fred_public_csv
2022-01-18,22.79,1.87,0.08,114.7373,,4577.11,85.42,fred_public_csv
2022-01-19,23.85,1.83,0.08,114.6109,,4532.76,86.84,fred_public_csv
2022-01-20,25.59,1.83,0.08,114.4642,,4482.73,86.29,fred_public_csv
2022-01-21,28.85,1.75,0.08,114.6125,,4397.94,85.16,fred_public_csv
2022-01-22,28.85,1.75,0.08,114.6125,,4397.94,85.16,fred_public_csv
2022-01-23,28.85,1.75,0.08,114.6125,,4397.94,85.16,fred_public_csv
2022-01-24,29.9,1.75,0.08,115.2034,,4410.13,84.48,fred_public_csv
2022-01-25,31.16,1.78,0.08,115.1654,,4356.45,86.61,fred_public_csv
2022-01-26,31.96,1.85,0.08,115.0922,,4349.93,88.33,fred_public_csv
2022-01-27,30.49,1.81,0.08,115.978,,4326.51,87.61,fred_public_csv
2022-01-28,27.66,1.78,0.08,116.0393,,4431.85,87.67,fred_public_csv
2022-01-29,27.66,1.78,0.08,116.0393,,4431.85,87.67,fred_public_csv
2022-01-30,27.66,1.78,0.08,116.0393,,4431.85,87.67,fred_public_csv
2022-01-31,24.83,1.79,0.08,115.566,,4515.55,89.16,fred_public_csv
2022-02-01,21.96,1.81,0.08,115.3685,,4546.54,88.22,fred_public_csv
2022-02-02,22.09,1.78,0.08,115.1538,,4589.38,88.16,fred_public_csv
2022-02-03,24.35,1.82,0.08,114.9065,,4477.44,90.17,fred_public_csv
2022-02-04,23.22,1.93,0.08,115.1362,,4500.53,92.27,fred_public_csv
2022-02-05,23.22,1.93,0.08,115.1362,,4500.53,92.27,fred_public_csv
2022-02-06,23.22,1.93,0.08,115.1362,,4500.53,92.27,fred_public_csv
2022-02-07,22.86,1.92,0.08,115.0098,,4483.87,91.25,fred_public_csv
2022-02-08,21.44,1.96,0.08,115.0892,,4521.54,89.32,fred_public_csv
2022-02-09,19.96,1.94,0.08,114.8232,,4587.18,89.57,fred_public_csv
2022-02-10,23.91,2.03,0.08,114.5527,,4504.08,89.83,fred_public_csv
2022-02-11,27.36,1.92,0.08,114.8413,,4418.64,93.1,fred_public_csv
2022-02-12,27.36,1.92,0.08,114.8413,,4418.64,93.1,fred_public_csv
2022-02-13,27.36,1.92,0.08,114.8413,,4418.64,93.1,fred_public_csv
2022-02-14,28.33,1.98,0.08,115.1946,,4401.67,95.52,fred_public_csv
2022-02-15,25.7,2.05,0.08,114.93,,4471.07,92.07,fred_public_csv
2022-02-16,24.29,2.03,0.08,114.6886,,4475.01,93.83,fred_public_csv
2022-02-17,28.11,1.97,0.08,114.6755,,4380.26,91.78,fred_public_csv
2022-02-18,27.75,1.92,0.08,114.7982,,4348.87,91.26,fred_public_csv
2022-02-19,27.75,1.92,0.08,114.7982,,4348.87,91.26,fred_public_csv
2022-02-20,27.75,1.92,0.08,114.7982,,4348.87,91.26,fred_public_csv
2022-02-21,27.75,1.92,0.08,114.7982,,4348.87,91.26,fred_public_csv
2022-02-22,28.81,1.94,0.08,114.7002,,4304.76,92.11,fred_public_csv
2022-02-23,31.02,1.99,0.08,114.6668,,4225.5,92.14,fred_public_csv
2022-02-24,30.32,1.96,0.08,115.9419,,4288.7,92.77,fred_public_csv
2022-02-25,27.59,1.97,0.08,115.2577,,4384.65,91.68,fred_public_csv
2022-02-26,27.59,1.97,0.08,115.2577,,4384.65,91.68,fred_public_csv
2022-02-27,27.59,1.97,0.08,115.2577,,4384.65,91.68,fred_public_csv
2022-02-28,30.15,1.83,0.08,115.2224,,4373.94,96.13,fred_public_csv
2022-03-01,33.32,1.72,0.08,115.7962,,4306.26,103.66,fred_public_csv
2022-03-02,30.74,1.86,0.08,115.7623,,4386.54,110.74,fred_public_csv
2022-03-03,30.48,1.86,0.08,115.9495,,4363.49,107.69,fred_public_csv
2022-03-04,31.98,1.74,0.08,116.6503,,4328.87,115.77,fred_public_csv
2022-03-05,31.98,1.74,0.08,116.6503,,4328.87,115.77,fred_public_csv
2022-03-06,31.98,1.74,0.08,116.6503,,4328.87,115.77,fred_public_csv
2022-03-07,36.45,1.78,0.08,117.3278,,4201.09,119.26,fred_public_csv
2022-03-08,35.13,1.86,0.08,117.6176,,4170.7,123.64,fred_public_csv
2022-03-09,32.45,1.94,0.08,116.5961,,4277.88,108.81,fred_public_csv
2022-03-10,30.23,1.98,0.08,116.7401,,4259.52,105.93,fred_public_csv
2022-03-11,30.75,2,0.08,117.0192,,4204.31,109.31,fred_public_csv
2022-03-12,30.75,2,0.08,117.0192,,4204.31,109.31,fred_public_csv
2022-03-13,30.75,2,0.08,117.0192,,4204.31,109.31,fred_public_csv
2022-03-14,31.77,2.14,0.08,117.1506,,4173.11,103.22,fred_public_csv
2022-03-15,29.83,2.15,0.08,117.246,,4262.45,96.42,fred_public_csv
2022-03-16,26.67,2.19,0.08,116.8073,,4357.86,94.85,fred_public_csv
2022-03-17,25.67,2.2,0.33,116.0467,,4411.67,102.97,fred_public_csv
2022-03-18,23.87,2.14,0.33,116.1378,,4463.12,104.69,fred_public_csv
2022-03-19,23.87,2.14,0.33,116.1378,,4463.12,104.69,fred_public_csv
2022-03-20,23.87,2.14,0.33,116.1378,,4463.12,104.69,fred_public_csv
2022-03-21,23.53,2.32,0.33,115.9398,,4461.18,112.14,fred_public_csv
2022-03-22,22.94,2.38,0.33,116.0824,,4511.61,111.03,fred_public_csv
2022-03-23,23.57,2.32,0.33,116.005,,4456.24,114.89,fred_public_csv
2022-03-24,21.67,2.34,0.33,115.9599,,4520.16,114.2,fred_public_csv
2022-03-25,20.81,2.48,0.33,115.7921,,4543.06,116.2,fred_public_csv
2022-03-26,20.81,2.48,0.33,115.7921,,4543.06,116.2,fred_public_csv
2022-03-27,20.81,2.48,0.33,115.7921,,4543.06,116.2,fred_public_csv
2022-03-28,19.63,2.46,0.33,116.1911,,4575.52,107.55,fred_public_csv
2022-03-29,18.9,2.41,0.33,115.5679,,4631.6,104.25,fred_public_csv
2022-03-30,19.33,2.35,0.33,115.0818,,4602.45,107.81,fred_public_csv
2022-03-31,20.56,2.32,0.33,115.2218,,4530.41,100.53,fred_public_csv
2022-04-01,19.63,2.39,0.33,115.4814,,4545.86,99.32,fred_public_csv
2022-04-02,19.63,2.39,0.33,115.4814,,4545.86,99.32,fred_public_csv
2022-04-03,19.63,2.39,0.33,115.4814,,4545.86,99.32,fred_public_csv
2022-04-04,18.57,2.42,0.33,115.4112,,4582.64,103.29,fred_public_csv
2022-04-05,21.03,2.54,0.33,115.73,,4525.12,101.98,fred_public_csv
2022-04-06,22.1,2.61,0.33,115.9995,,4481.15,96.39,fred_public_csv
2022-04-07,21.55,2.66,0.33,116.3512,,4500.21,96.05,fred_public_csv
2022-04-08,21.16,2.72,0.33,116.4176,,4488.28,98.35,fred_public_csv
2022-04-09,21.16,2.72,0.33,116.4176,,4488.28,98.35,fred_public_csv
2022-04-10,21.16,2.72,0.33,116.4176,,4488.28,98.35,fred_public_csv
2022-04-11,24.37,2.79,0.33,116.5401,,4412.53,94.22,fred_public_csv
2022-04-12,24.26,2.72,0.33,116.3866,,4397.45,100.52,fred_public_csv
2022-04-13,21.82,2.7,0.33,116.2796,,4446.59,104.26,fred_public_csv
2022-04-14,22.7,2.83,0.33,116.7558,,4392.59,106.84,fred_public_csv
2022-04-15,22.7,2.83,0.33,116.7017,,4392.59,106.84,fred_public_csv
2022-04-16,22.7,2.83,0.33,116.7017,,4392.59,106.84,fred_public_csv
2022-04-17,22.7,2.83,0.33,116.7017,,4392.59,106.84,fred_public_csv
2022-04-18,22.17,2.85,0.33,116.8441,,4391.69,108.24,fred_public_csv
2022-04-19,21.37,2.93,0.33,117.1324,,4462.21,102.54,fred_public_csv
2022-04-20,20.32,2.85,0.33,116.7306,,4459.45,102.56,fred_public_csv
2022-04-21,22.68,2.9,0.33,117.1432,,4393.66,103.89,fred_public_csv
2022-04-22,28.21,2.9,0.33,118.0186,,4271.78,102.86,fred_public_csv
2022-04-23,28.21,2.9,0.33,118.0186,,4271.78,102.86,fred_public_csv
2022-04-24,28.21,2.9,0.33,118.0186,,4271.78,102.86,fred_public_csv
2022-04-25,27.02,2.81,0.33,118.6271,,4296.12,99.6,fred_public_csv
2022-04-26,33.52,2.77,0.33,118.9624,,4175.2,102.62,fred_public_csv
2022-04-27,31.6,2.82,0.33,119.4708,,4183.96,101.96,fred_public_csv
2022-04-28,29.99,2.85,0.33,120.0675,,4287.5,105.47,fred_public_csv
2022-04-29,33.4,2.89,0.33,119.4933,,4131.93,104.59,fred_public_csv
2022-04-30,33.4,2.89,0.33,119.4933,,4131.93,104.59,fred_public_csv
2022-05-01,33.4,2.89,0.33,119.4933,,4131.93,104.59,fred_public_csv
2022-05-02,32.34,2.99,0.33,119.8825,,4155.38,105.18,fred_public_csv
2022-05-03,29.25,2.97,0.33,119.7043,,4175.48,102.53,fred_public_csv
2022-05-04,25.42,2.93,0.33,119.5592,,4300.17,107.84,fred_public_csv
2022-05-05,31.2,3.05,0.83,120.0068,,4146.87,108.17,fred_public_csv
2022-05-06,30.19,3.12,0.83,119.8577,,4123.34,109.72,fred_public_csv
2022-05-07,30.19,3.12,0.83,119.8577,,4123.34,109.72,fred_public_csv
2022-05-08,30.19,3.12,0.83,119.8577,,4123.34,109.72,fred_public_csv
2022-05-09,34.75,3.05,0.83,120.4972,,3991.24,103.08,fred_public_csv
2022-05-10,32.99,2.99,0.83,120.7742,,4001.05,99.74,fred_public_csv
2022-05-11,32.56,2.91,0.83,120.3925,,3935.18,105.5,fred_public_csv
2022-05-12,31.77,2.84,0.83,121.2796,,3930.08,106.15,fred_public_csv
2022-05-13,28.87,2.93,0.83,120.8442,,4023.89,110.52,fred_public_csv
2022-05-14,28.87,2.93,0.83,120.8442,,4023.89,110.52,fred_public_csv
2022-05-15,28.87,2.93,0.83,120.8442,,4023.89,110.52,fred_public_csv
2022-05-16,27.47,2.88,0.83,120.6881,,4008.01,114.07,fred_public_csv
2022-05-17,26.1,2.98,0.83,119.8871,,4088.85,112.31,fred_public_csv
2022-05-18,30.96,2.89,0.83,120.0274,,3923.68,109.67,fred_public_csv
2022-05-19,29.35,2.84,0.83,119.4278,,3900.79,112.21,fred_public_csv
2022-05-20,29.43,2.78,0.83,119.3677,,3901.36,112.63,fred_public_csv
2022-05-21,29.43,2.78,0.83,119.3677,,3901.36,112.63,fred_public_csv
2022-05-22,29.43,2.78,0.83,119.3677,,3901.36,112.63,fred_public_csv
2022-05-23,28.48,2.86,0.83,118.7169,,3973.75,110.32,fred_public_csv
2022-05-24,29.45,2.76,0.83,118.6245,,3941.48,112.55,fred_public_csv
2022-05-25,28.37,2.75,0.83,118.9598,,3978.73,112.88,fred_public_csv
2022-05-26,27.5,2.75,0.83,118.7687,,4057.84,116.19,fred_public_csv
2022-05-27,25.72,2.74,0.83,118.2834,,4158.24,114.96,fred_public_csv
2022-05-28,25.72,2.74,0.83,118.2834,,4158.24,114.96,fred_public_csv
2022-05-29,25.72,2.74,0.83,118.2834,,4158.24,114.96,fred_public_csv
2022-05-30,26.54,2.74,0.83,118.2834,,4158.24,114.96,fred_public_csv
2022-05-31,26.19,2.85,0.83,118.0704,,4132.15,114.38,fred_public_csv
2022-06-01,25.69,2.94,0.83,118.6954,,4101.23,115.26,fred_public_csv
2022-06-02,24.72,2.92,0.83,118.0658,,4176.82,116.88,fred_public_csv
2022-06-03,24.79,2.96,0.83,118.2153,,4108.54,118.97,fred_public_csv
2022-06-04,24.79,2.96,0.83,118.2153,,4108.54,118.97,fred_public_csv
2022-06-05,24.79,2.96,0.83,118.2153,,4108.54,118.97,fred_public_csv
2022-06-06,25.07,3.04,0.83,118.3081,,4121.43,118.41,fred_public_csv
2022-06-07,24.02,2.98,0.83,118.4414,,4160.68,119.55,fred_public_csv
2022-06-08,23.96,3.03,0.83,118.3951,,4115.77,121.94,fred_public_csv
2022-06-09,26.09,3.04,0.83,118.9226,,4017.82,121.52,fred_public_csv
2022-06-10,27.75,3.15,0.83,119.9981,,3900.86,120.73,fred_public_csv
2022-06-11,27.75,3.15,0.83,119.9981,,3900.86,120.73,fred_public_csv
2022-06-12,27.75,3.15,0.83,119.9981,,3900.86,120.73,fred_public_csv
2022-06-13,34.02,3.43,0.83,121.1523,,3749.63,120.92,fred_public_csv
2022-06-14,32.69,3.49,0.83,121.6669,,3735.48,118.92,fred_public_csv
2022-06-15,29.62,3.33,0.83,121.6403,,3789.99,115.32,fred_public_csv
2022-06-16,32.95,3.28,1.58,120.6714,,3666.77,117.56,fred_public_csv
2022-06-17,31.13,3.25,1.58,121.2369,,3674.84,109.56,fred_public_csv
2022-06-18,31.13,3.25,1.58,121.2369,,3674.84,109.56,fred_public_csv
2022-06-19,31.13,3.25,1.58,121.2369,,3674.84,109.56,fred_public_csv
2022-06-20,31.03,3.25,1.58,121.2369,,3674.84,109.56,fred_public_csv
2022-06-21,30.19,3.31,1.58,120.6427,,3764.79,110.49,fred_public_csv
2022-06-22,28.95,3.16,1.58,120.5197,,3759.89,106.22,fred_public_csv
2022-06-23,29.05,3.09,1.58,120.7622,,3795.73,105.75,fred_public_csv
2022-06-24,27.23,3.13,1.58,120.4853,,3911.74,109.07,fred_public_csv
2022-06-25,27.23,3.13,1.58,120.4853,,3911.74,109.07,fred_public_csv
2022-06-26,27.23,3.13,1.58,120.4853,,3911.74,109.07,fred_public_csv
2022-06-27,26.95,3.2,1.58,120.1736,,3900.11,111.44,fred_public_csv
2022-06-28,28.36,3.2,1.58,120.62,,3821.55,113.66,fred_public_csv
2022-06-29,28.16,3.1,1.58,120.9616,,3818.83,111.65,fred_public_csv
2022-06-30,28.71,2.98,1.58,120.9652,,3785.38,107.76,fred_public_csv
2022-07-01,26.7,2.88,1.58,121.5058,,3825.33,110.3,fred_public_csv
2022-07-02,26.7,2.88,1.58,121.5058,,3825.33,110.3,fred_public_csv
2022-07-03,26.7,2.88,1.58,121.5058,,3825.33,110.3,fred_public_csv
2022-07-04,27.53,2.88,1.58,121.5058,,3825.33,110.3,fred_public_csv
2022-07-05,27.54,2.82,1.58,122.6203,,3831.39,101.55,fred_public_csv
2022-07-06,26.73,2.93,1.58,123.0073,,3845.08,100.31,fred_public_csv
2022-07-07,26.08,3.01,1.58,122.7257,,3902.62,104.62,fred_public_csv
2022-07-08,24.64,3.09,1.58,122.4662,,3899.38,106.78,fred_public_csv
2022-07-09,24.64,3.09,1.58,122.4662,,3899.38,106.78,fred_public_csv
2022-07-10,24.64,3.09,1.58,122.4662,,3899.38,106.78,fred_public_csv
2022-07-11,26.17,2.99,1.58,123.2974,,3854.43,106.09,fred_public_csv
2022-07-12,27.29,2.96,1.58,123.4524,,3818.8,97.69,fred_public_csv
2022-07-13,26.82,2.91,1.58,123.2834,,3801.78,98.44,fred_public_csv
2022-07-14,26.4,2.96,1.58,124.0622,,3790.38,97.79,fred_public_csv
2022-07-15,24.23,2.93,1.58,123.4765,,3863.16,99.59,fred_public_csv
2022-07-16,24.23,2.93,1.58,123.4765,,3863.16,99.59,fred_public_csv
2022-07-17,24.23,2.93,1.58,123.4765,,3863.16,99.59,fred_public_csv
2022-07-18,25.3,2.96,1.58,122.7727,,3830.85,104.48,fred_public_csv
2022-07-19,24.5,3.01,1.58,122.4819,,3936.69,106.12,fred_public_csv
2022-07-20,23.88,3.04,1.58,122.5997,,3959.9,104.45,fred_public_csv
2022-07-21,23.11,2.91,1.58,122.9032,,3998.95,98.44,fred_public_csv
2022-07-22,23.03,2.77,1.58,122.451,,3961.63,97.71,fred_public_csv
2022-07-23,23.03,2.77,1.58,122.451,,3961.63,97.71,fred_public_csv
2022-07-24,23.03,2.77,1.58,122.451,,3961.63,97.71,fred_public_csv
2022-07-25,23.36,2.81,1.58,122.4594,,3966.84,99.83,fred_public_csv
2022-07-26,24.69,2.81,1.58,122.7581,,3921.05,97.74,fred_public_csv
2022-07-27,23.24,2.78,1.58,122.8169,,4023.61,100.03,fred_public_csv
2022-07-28,22.33,2.68,2.33,122.1161,,4072.43,99.11,fred_public_csv
2022-07-29,21.33,2.67,2.32,121.7678,,4130.29,101.31,fred_public_csv
2022-07-30,21.33,2.67,2.32,121.7678,,4130.29,101.31,fred_public_csv
2022-07-31,21.33,2.67,2.32,121.7678,,4130.29,101.31,fred_public_csv
2022-08-01,22.84,2.6,2.33,121.4109,,4118.63,96.59,fred_public_csv
2022-08-02,23.93,2.75,2.33,121.9486,,4091.19,97.14,fred_public_csv
2022-08-03,21.95,2.73,2.33,122.3888,,4155.17,93.25,fred_public_csv
2022-08-04,21.44,2.68,2.33,121.8333,,4151.94,91.29,fred_public_csv
2022-08-05,21.15,2.83,2.33,122.321,,4145.19,91.77,fred_public_csv
2022-08-06,21.15,2.83,2.33,122.321,,4145.19,91.77,fred_public_csv
2022-08-07,21.15,2.83,2.33,122.321,,4145.19,91.77,fred_public_csv
2022-08-08,21.29,2.77,2.33,121.8783,,4140.06,93.52,fred_public_csv
2022-08-09,21.77,2.8,2.33,121.8614,,4122.47,93.18,fred_public_csv
2022-08-10,19.74,2.78,2.33,120.7543,,4210.24,94.68,fred_public_csv
2022-08-11,20.2,2.87,2.33,120.7163,,4207.27,97.02,fred_public_csv
2022-08-12,19.53,2.84,2.33,121.018,,4280.15,94.86,fred_public_csv
2022-08-13,19.53,2.84,2.33,121.018,,4280.15,94.86,fred_public_csv
2022-08-14,19.53,2.84,2.33,121.018,,4280.15,94.86,fred_public_csv
2022-08-15,19.95,2.79,2.33,121.4315,,4297.14,92.24,fred_public_csv
2022-08-16,19.69,2.82,2.33,121.6807,,4305.2,89.23,fred_public_csv
2022-08-17,19.9,2.89,2.33,122.0711,,4274.04,90.85,fred_public_csv
2022-08-18,19.56,2.88,2.33,122.3627,,4283.74,93.2,fred_public_csv
2022-08-19,20.6,2.98,2.33,123.0501,,4228.48,93.55,fred_public_csv
2022-08-20,20.6,2.98,2.33,123.0501,,4228.48,93.55,fred_public_csv
2022-08-21,20.6,2.98,2.33,123.0501,,4228.48,93.55,fred_public_csv
2022-08-22,23.8,3.03,2.33,123.605,,4137.99,93.42,fred_public_csv
2022-08-23,24.11,3.05,2.33,123.0547,,4128.73,96.46,fred_public_csv
2022-08-24,22.82,3.11,2.33,123.109,,4140.77,95.52,fred_public_csv
2022-08-25,21.78,3.03,2.33,123.0586,,4199.12,93.33,fred_public_csv
2022-08-26,25.56,3.04,2.33,123.0656,,4057.66,93.63,fred_public_csv
2022-08-27,25.56,3.04,2.33,123.0656,,4057.66,93.63,fred_public_csv
2022-08-28,25.56,3.04,2.33,123.0656,,4057.66,93.63,fred_public_csv
2022-08-29,26.21,3.12,2.33,123.4686,,4030.61,97.4,fred_public_csv
2022-08-30,26.21,3.11,2.33,123.6848,,3986.16,92.08,fred_public_csv
2022-08-31,25.87,3.15,2.33,123.535,,3955,90.09,fred_public_csv
2022-09-01,25.56,3.26,2.33,124.4006,,3966.85,87.09,fred_public_csv
2022-09-02,25.47,3.2,2.33,123.7743,,3924.26,87.29,fred_public_csv
2022-09-03,25.47,3.2,2.33,123.7743,,3924.26,87.29,fred_public_csv
2022-09-04,25.47,3.2,2.33,123.7743,,3924.26,87.29,fred_public_csv
2022-09-05,25.99,3.2,2.33,123.7743,,3924.26,87.29,fred_public_csv
2022-09-06,26.91,3.33,2.33,124.767,,3908.19,87.35,fred_public_csv
2022-09-07,24.64,3.27,2.33,124.8408,,3979.87,82.5,fred_public_csv
2022-09-08,23.61,3.29,2.33,124.578,,4006.18,84.04,fred_public_csv
2022-09-09,22.79,3.33,2.33,123.7874,,4067.36,87.27,fred_public_csv
2022-09-10,22.79,3.33,2.33,123.7874,,4067.36,87.27,fred_public_csv
2022-09-11,22.79,3.33,2.33,123.7874,,4067.36,87.27,fred_public_csv
2022-09-12,23.87,3.37,2.33,123.3332,,4110.41,88.18,fred_public_csv
2022-09-13,27.27,3.42,2.33,124.4242,,3932.69,87.84,fred_public_csv
2022-09-14,26.16,3.41,2.33,124.4509,,3946.01,88.88,fred_public_csv
2022-09-15,26.27,3.45,2.33,124.8843,,3901.35,85.72,fred_public_csv
2022-09-16,26.3,3.45,2.33,124.8794,,3873.33,85.57,fred_public_csv
2022-09-17,26.3,3.45,2.33,124.8794,,3873.33,85.57,fred_public_csv
2022-09-18,26.3,3.45,2.33,124.8794,,3873.33,85.57,fred_public_csv
2022-09-19,25.76,3.49,2.33,125.0104,,3899.89,86.15,fred_public_csv
2022-09-20,27.16,3.57,2.33,125.1248,,3855.93,84.69,fred_public_csv
2022-09-21,27.99,3.51,2.33,125.7399,,3789.93,83.38,fred_public_csv
2022-09-22,27.35,3.7,3.08,126.1667,,3757.99,84.02,fred_public_csv
2022-09-23,29.92,3.69,3.08,127.2853,,3693.23,79.07,fred_public_csv
2022-09-24,29.92,3.69,3.08,127.2853,,3693.23,79.07,fred_public_csv
2022-09-25,29.92,3.69,3.08,127.2853,,3693.23,79.07,fred_public_csv
2022-09-26,32.26,3.88,3.08,128.4539,,3655.04,77.17,fred_public_csv
2022-09-27,32.6,3.97,3.08,128.4386,,3647.29,78.91,fred_public_csv
2022-09-28,30.18,3.72,3.08,128.0884,,3719.04,82.61,fred_public_csv
2022-09-29,31.84,3.76,3.08,127.5437,,3640.47,81.78,fred_public_csv
2022-09-30,31.62,3.83,3.08,127.5148,,3585.62,79.91,fred_public_csv
2022-10-01,31.62,3.83,3.08,127.5148,,3585.62,79.91,fred_public_csv
2022-10-02,31.62,3.83,3.08,127.5148,,3585.62,79.91,fred_public_csv
2022-10-03,30.1,3.67,3.08,127.0813,,3678.43,84.05,fred_public_csv
2022-10-04,29.07,3.62,3.08,126.1819,,3790.93,86.87,fred_public_csv
2022-10-05,28.55,3.76,3.08,126.8616,,3783.28,88.22,fred_public_csv
2022-10-06,30.52,3.83,3.08,127.2493,,3744.52,88.9,fred_public_csv
2022-10-07,31.36,3.89,3.08,127.3111,,3639.66,93.07,fred_public_csv
2022-10-08,31.36,3.89,3.08,127.3111,,3639.66,93.07,fred_public_csv
2022-10-09,31.36,3.89,3.08,127.3111,,3639.66,93.07,fred_public_csv
2022-10-10,32.45,3.89,3.08,127.3111,,3612.39,91.6,fred_public_csv
2022-10-11,33.63,3.93,3.08,127.6641,,3588.84,89.75,fred_public_csv
2022-10-12,33.57,3.91,3.08,128.1481,,3577.03,87.83,fred_public_csv
2022-10-13,31.94,3.97,3.08,127.7286,,3669.91,89.59,fred_public_csv
2022-10-14,32.02,4,3.08,128.3325,,3583.07,86.1,fred_public_csv
2022-10-15,32.02,4,3.08,128.3325,,3583.07,86.1,fred_public_csv
2022-10-16,32.02,4,3.08,128.3325,,3583.07,86.1,fred_public_csv
2022-10-17,31.37,4.02,3.08,127.6448,,3677.95,86,fred_public_csv
2022-10-18,30.5,4.01,3.08,127.9153,,3719.98,83.29,fred_public_csv
2022-10-19,30.76,4.14,3.08,128.3968,,3695.16,86,fred_public_csv
2022-10-20,29.98,4.24,3.08,128.0052,,3665.78,86.02,fred_public_csv
2022-10-21,29.69,4.21,3.08,127.6735,,3752.75,85.47,fred_public_csv
2022-10-22,29.69,4.21,3.08,127.6735,,3752.75,85.47,fred_public_csv
2022-10-23,29.69,4.21,3.08,127.6735,,3752.75,85.47,fred_public_csv
2022-10-24,29.85,4.25,3.08,128.0304,,3797.34,86.12,fred_public_csv
2022-10-25,28.46,4.1,3.08,127.3771,,3859.11,86.93,fred_public_csv
2022-10-26,27.28,4.04,3.08,126.4723,,3830.6,89.39,fred_public_csv
2022-10-27,27.39,3.96,3.08,126.7028,,3807.3,89.06,fred_public_csv
2022-10-28,25.75,4.02,3.08,127.2135,,3901.06,87.85,fred_public_csv
2022-10-29,25.75,4.02,3.08,127.2135,,3901.06,87.85,fred_public_csv
2022-10-30,25.75,4.02,3.08,127.2135,,3901.06,87.85,fred_public_csv
2022-10-31,25.88,4.1,3.08,127.6219,,3871.98,86.54,fred_public_csv
2022-11-01,25.81,4.07,3.08,127.3987,,3856.1,88.36,fred_public_csv
2022-11-02,25.86,4.1,3.08,127.3115,,3759.69,90.06,fred_public_csv
2022-11-03,25.3,4.14,3.83,128.1743,,3719.89,88.14,fred_public_csv
2022-11-04,24.55,4.17,3.83,127.1468,,3770.55,92.58,fred_public_csv
2022-11-05,24.55,4.17,3.83,127.1468,,3770.55,92.58,fred_public_csv
2022-11-06,24.55,4.17,3.83,127.1468,,3770.55,92.58,fred_public_csv
2022-11-07,24.35,4.22,3.83,126.3062,,3806.8,91.8,fred_public_csv
2022-11-08,25.54,4.14,3.83,125.633,,3828.11,88.8,fred_public_csv
2022-11-09,26.09,4.12,3.83,125.9861,,3748.57,85.79,fred_public_csv
2022-11-10,23.53,3.82,3.83,124.7044,,3956.37,86.52,fred_public_csv
2022-11-11,22.52,3.82,3.83,124.7044,,3992.93,89.14,fred_public_csv
2022-11-12,22.52,3.82,3.83,124.7044,,3992.93,89.14,fred_public_csv
2022-11-13,22.52,3.82,3.83,124.7044,,3992.93,89.14,fred_public_csv
2022-11-14,23.73,3.88,3.83,123.4277,,3957.25,85.85,fred_public_csv
2022-11-15,24.54,3.8,3.83,123.039,,3991.73,86.87,fred_public_csv
2022-11-16,24.11,3.67,3.83,123.2817,,3958.79,85.62,fred_public_csv
2022-11-17,23.93,3.77,3.83,123.977,,3946.56,81.69,fred_public_csv
2022-11-18,23.12,3.82,3.83,123.8524,,3965.34,80.07,fred_public_csv
2022-11-19,23.12,3.82,3.83,123.8524,,3965.34,80.07,fred_public_csv
2022-11-20,23.12,3.82,3.83,123.8524,,3965.34,80.07,fred_public_csv
2022-11-21,22.36,3.83,3.83,124.7009,,3949.94,79.74,fred_public_csv
2022-11-22,21.29,3.76,3.83,124.2365,,4003.58,80.83,fred_public_csv
2022-11-23,20.35,3.71,3.83,123.7574,,4027.26,77.93,fred_public_csv
2022-11-24,20.42,3.71,3.83,123.7574,,4027.26,77.93,fred_public_csv
2022-11-25,20.5,3.68,3.83,123.3386,,4026.12,76.45,fred_public_csv
2022-11-26,20.5,3.68,3.83,123.3386,,4026.12,76.45,fred_public_csv
2022-11-27,20.5,3.68,3.83,123.3386,,4026.12,76.45,fred_public_csv
2022-11-28,22.21,3.69,3.83,123.6032,,3963.94,77.1,fred_public_csv
2022-11-29,21.89,3.75,3.83,123.6615,,3957.63,77.96,fred_public_csv
2022-11-30,20.58,3.68,3.83,123.5175,,4080.11,80.48,fred_public_csv
2022-12-01,19.84,3.53,3.83,122.0045,,4076.57,81.06,fred_public_csv
2022-12-02,19.06,3.51,3.83,122.0102,,4071.7,79.86,fred_public_csv
2022-12-03,19.06,3.51,3.83,122.0102,,4071.7,79.86,fred_public_csv
2022-12-04,19.06,3.51,3.83,122.0102,,4071.7,79.86,fred_public_csv
2022-12-05,20.75,3.6,3.83,122.6384,,3998.84,76.83,fred_public_csv
2022-12-06,22.17,3.51,3.83,123.0191,,3941.26,74.21,fred_public_csv
2022-12-07,22.68,3.42,3.83,122.7608,,3933.92,71.93,fred_public_csv
2022-12-08,22.29,3.48,3.83,122.4152,,3963.51,71.3,fred_public_csv
2022-12-09,22.83,3.57,3.83,122.4201,,3934.38,71.05,fred_public_csv
2022-12-10,22.83,3.57,3.83,122.4201,,3934.38,71.05,fred_public_csv
2022-12-11,22.83,3.57,3.83,122.4201,,3934.38,71.05,fred_public_csv
2022-12-12,25,3.61,3.83,122.7714,,3990.56,72.96,fred_public_csv
2022-12-13,22.55,3.51,3.83,121.8493,,4019.65,75.44,fred_public_csv
2022-12-14,21.14,3.49,3.83,121.8226,,3995.32,77.14,fred_public_csv
2022-12-15,22.83,3.44,4.33,122.5519,,3895.75,75.89,fred_public_csv
2022-12-16,22.62,3.48,4.33,122.6505,,3852.36,74.19,fred_public_csv
2022-12-17,22.62,3.48,4.33,122.6505,,3852.36,74.19,fred_public_csv
2022-12-18,22.62,3.48,4.33,122.6505,,3852.36,74.19,fred_public_csv
2022-12-19,22.42,3.57,4.33,122.5275,,3817.66,75.05,fred_public_csv
2022-12-20,21.48,3.69,4.33,122.1357,,3821.62,75.92,fred_public_csv
2022-12-21,20.07,3.68,4.33,122.2828,,3878.44,78.17,fred_public_csv
2022-12-22,21.97,3.67,4.33,122.2419,,3822.39,77.68,fred_public_csv
2022-12-23,20.87,3.75,4.33,121.9743,,3844.82,79.57,fred_public_csv
2022-12-24,20.87,3.75,4.33,121.9743,,3844.82,79.57,fred_public_csv
2022-12-25,20.87,3.75,4.33,121.9743,,3844.82,79.57,fred_public_csv
2022-12-26,20.87,3.75,4.33,121.9743,,3844.82,79.57,fred_public_csv
2022-12-27,21.65,3.84,4.33,121.7539,,3829.25,79.45,fred_public_csv
2022-12-28,22.14,3.88,4.33,122.0075,,3783.22,78.89,fred_public_csv
2022-12-29,21.44,3.83,4.33,121.6577,,3849.28,78.43,fred_public_csv
2022-12-30,21.67,3.88,4.33,121.4256,,3839.5,80.16,fred_public_csv
2022-12-31,21.67,3.88,4.33,121.4256,,3839.5,80.16,fred_public_csv
2023-01-01,21.67,3.88,4.33,121.4256,,3839.5,80.16,fred_public_csv
2023-01-02,21.67,3.88,4.33,121.4256,,3839.5,80.16,fred_public_csv
2023-01-03,22.9,3.79,4.33,122.0905,,3824.14,76.87,fred_public_csv
2023-01-04,22.01,3.69,4.33,121.5008,,3852.97,72.82,fred_public_csv
2023-01-05,22.46,3.71,4.33,122.1017,,3808.1,73.61,fred_public_csv
2023-01-06,21.13,3.55,4.33,121.0852,,3895.08,73.77,fred_public_csv
2023-01-07,21.13,3.55,4.33,121.0852,,3895.08,73.77,fred_public_csv
2023-01-08,21.13,3.55,4.33,121.0852,,3895.08,73.77,fred_public_csv
2023-01-09,21.97,3.53,4.33,120.1508,,3892.09,74.69,fred_public_csv
2023-01-10,20.58,3.61,4.33,120.2483,,3919.25,75.11,fred_public_csv
2023-01-11,21.09,3.54,4.33,120.1614,,3969.61,77.46,fred_public_csv
2023-01-12,18.83,3.43,4.33,119.4218,,3983.17,78.32,fred_public_csv
2023-01-13,18.35,3.49,4.33,119.1673,,3999.09,79.9,fred_public_csv
2023-01-14,18.35,3.49,4.33,119.1673,,3999.09,79.9,fred_public_csv
2023-01-15,18.35,3.49,4.33,119.1673,,3999.09,79.9,fred_public_csv
2023-01-16,19.49,3.49,4.33,119.1673,,3999.09,79.9,fred_public_csv
2023-01-17,19.36,3.53,4.33,119.2121,,3990.97,80.25,fred_public_csv
2023-01-18,20.34,3.37,4.33,119.0755,,3928.86,79.53,fred_public_csv
2023-01-19,20.52,3.39,4.33,119.6107,,3898.85,80.31,fred_public_csv
2023-01-20,19.85,3.48,4.33,119.3486,,3972.61,81.27,fred_public_csv
2023-01-21,19.85,3.48,4.33,119.3486,,3972.61,81.27,fred_public_csv
2023-01-22,19.85,3.48,4.33,119.3486,,3972.61,81.27,fred_public_csv
2023-01-23,19.81,3.52,4.33,119.1434,,4019.81,81.62,fred_public_csv
2023-01-24,19.2,3.46,4.33,119.0958,,4016.95,79.86,fred_public_csv
2023-01-25,19.08,3.46,4.33,118.9686,,4016.22,79.78,fred_public_csv
2023-01-26,18.73,3.49,4.33,119.021,,4060.43,80.64,fred_public_csv
2023-01-27,18.51,3.52,4.33,118.9223,,4070.56,79.73,fred_public_csv
2023-01-28,18.51,3.52,4.33,118.9223,,4070.56,79.73,fred_public_csv
2023-01-29,18.51,3.52,4.33,118.9223,,4070.56,79.73,fred_public_csv
2023-01-30,19.94,3.55,4.33,118.8953,,4017.77,77.97,fred_public_csv
2023-01-31,19.4,3.52,4.33,118.9802,,4076.6,78.95,fred_public_csv
2023-02-01,17.87,3.39,4.33,118.6259,,4119.21,76.34,fred_public_csv
2023-02-02,18.73,3.4,4.58,118.3421,,4179.76,75.87,fred_public_csv
2023-02-03,18.33,3.53,4.58,119.5095,,4136.48,73.4,fred_public_csv
2023-02-04,18.33,3.53,4.58,119.5095,,4136.48,73.4,fred_public_csv
2023-02-05,18.33,3.53,4.58,119.5095,,4136.48,73.4,fred_public_csv
2023-02-06,19.43,3.63,4.58,120.541,,4111.08,74.11,fred_public_csv
2023-02-07,18.66,3.67,4.58,120.3475,,4164,77.17,fred_public_csv
2023-02-08,19.63,3.63,4.58,120.1436,,4117.86,78.47,fred_public_csv
2023-02-09,20.71,3.67,4.57,119.9781,,4081.5,78.04,fred_public_csv
2023-02-10,20.53,3.74,4.58,120.1419,,4090.46,79.74,fred_public_csv
2023-02-11,20.53,3.74,4.58,120.1419,,4090.46,79.74,fred_public_csv
2023-02-12,20.53,3.74,4.58,120.1419,,4090.46,79.74,fred_public_csv
2023-02-13,20.34,3.72,4.58,119.9828,,4137.29,80.14,fred_public_csv
2023-02-14,18.91,3.77,4.58,119.9229,,4136.13,79.08,fred_public_csv
2023-02-15,18.23,3.81,4.58,120.4557,,4147.6,78.57,fred_public_csv
2023-02-16,20.17,3.86,4.58,120.4651,,4090.41,78.45,fred_public_csv
2023-02-17,20.02,3.82,4.58,120.5526,,4079.09,76.31,fred_public_csv
2023-02-18,20.02,3.82,4.58,120.5526,,4079.09,76.31,fred_public_csv
2023-02-19,20.02,3.82,4.58,120.5526,,4079.09,76.31,fred_public_csv
2023-02-20,21.23,3.82,4.58,120.5526,,4079.09,76.31,fred_public_csv
2023-02-21,22.87,3.95,4.58,120.6256,,3997.34,76.28,fred_public_csv
2023-02-22,22.29,3.93,4.58,120.8389,,3991.05,73.95,fred_public_csv
2023-02-23,21.14,3.88,4.58,121.0896,,4012.32,75.26,fred_public_csv
2023-02-24,21.67,3.95,4.58,121.5681,,3970.04,76.19,fred_public_csv
2023-02-25,21.67,3.95,4.58,121.5681,,3970.04,76.19,fred_public_csv
2023-02-26,21.67,3.95,4.58,121.5681,,3970.04,76.19,fred_public_csv
2023-02-27,20.95,3.92,4.57,121.3941,,3982.24,75.57,fred_public_csv
2023-02-28,20.7,3.92,4.57,121.3341,,3970.15,76.88,fred_public_csv
2023-03-01,20.58,4.01,4.58,120.6347,,3951.39,77.57,fred_public_csv
2023-03-02,19.59,4.08,4.57,121.1302,,3981.35,78.05,fred_public_csv
2023-03-03,18.49,3.97,4.57,120.7742,,4045.64,79.62,fred_public_csv
2023-03-04,18.49,3.97,4.57,120.7742,,4045.64,79.62,fred_public_csv
2023-03-05,18.49,3.97,4.57,120.7742,,4045.64,79.62,fred_public_csv
2023-03-06,18.61,3.98,4.57,120.485,,4048.42,80.39,fred_public_csv
2023-03-07,19.59,3.97,4.57,121.4623,,3986.37,77.45,fred_public_csv
2023-03-08,19.11,3.98,4.57,121.4511,,3992.01,76.56,fred_public_csv
2023-03-09,22.61,3.93,4.57,121.4458,,3918.32,75.6,fred_public_csv
2023-03-10,24.8,3.7,4.57,121.2421,,3861.59,76.55,fred_public_csv
2023-03-11,24.8,3.7,4.57,121.2421,,3861.59,76.55,fred_public_csv
2023-03-12,24.8,3.7,4.57,121.2421,,3861.59,76.55,fred_public_csv
2023-03-13,26.52,3.55,4.58,120.8897,,3855.76,74.68,fred_public_csv
2023-03-14,23.73,3.64,4.58,121.0141,,3919.29,71.18,fred_public_csv
2023-03-15,26.14,3.51,4.58,122.1079,,3891.93,67.38,fred_public_csv
2023-03-16,22.99,3.56,4.58,121.7221,,3960.28,68.15,fred_public_csv
2023-03-17,25.51,3.39,4.58,121.5643,,3916.64,66.61,fred_public_csv
2023-03-18,25.51,3.39,4.58,121.5643,,3916.64,66.61,fred_public_csv
2023-03-19,25.51,3.39,4.58,121.5643,,3916.64,66.61,fred_public_csv
2023-03-20,24.15,3.47,4.58,121.0141,,3951.57,67.56,fred_public_csv
2023-03-21,21.38,3.59,4.58,120.8958,,4002.87,69.4,fred_public_csv
2023-03-22,22.26,3.48,4.58,120.6217,,3936.97,70.71,fred_public_csv
2023-03-23,22.61,3.38,4.83,119.7587,,3948.72,69.77,fred_public_csv
2023-03-24,21.74,3.38,4.83,120.4598,,3970.99,69.22,fred_public_csv
2023-03-25,21.74,3.38,4.83,120.4598,,3970.99,69.22,fred_public_csv
2023-03-26,21.74,3.38,4.83,120.4598,,3970.99,69.22,fred_public_csv
2023-03-27,20.6,3.53,4.83,120.2541,,3977.53,72.87,fred_public_csv
2023-03-28,19.97,3.55,4.83,119.7138,,3971.27,73.12,fred_public_csv
2023-03-29,19.12,3.57,4.83,119.7258,,4027.81,72.95,fred_public_csv
2023-03-30,19.02,3.55,4.83,119.4078,,4050.83,74.32,fred_public_csv
2023-03-31,18.7,3.48,4.83,119.3602,,4109.31,75.68,fred_public_csv
2023-04-01,18.7,3.48,4.83,119.3602,,4109.31,75.68,fred_public_csv
2023-04-02,18.7,3.48,4.83,119.3602,,4109.31,75.68,fred_public_csv
2023-04-03,18.55,3.43,4.83,119.3204,,4124.51,80.4,fred_public_csv
2023-04-04,19,3.35,4.83,119.142,,4100.6,80.7,fred_public_csv
2023-04-05,19.08,3.3,4.83,119.2953,,4090.38,80.69,fred_public_csv
2023-04-06,18.4,3.3,4.83,119.3072,,4105.02,80.7,fred_public_csv
2023-04-07,18.4,3.39,4.83,119.3547,,4105.02,80.7,fred_public_csv
2023-04-08,18.4,3.39,4.83,119.3547,,4105.02,80.7,fred_public_csv
2023-04-09,18.4,3.39,4.83,119.3547,,4105.02,80.7,fred_public_csv
2023-04-10,18.97,3.41,4.83,119.7948,,4109.11,79.79,fred_public_csv
2023-04-11,19.1,3.43,4.83,119.5248,,4108.94,81.54,fred_public_csv
2023-04-12,19.09,3.41,4.83,119.003,,4091.95,83.26,fred_public_csv
2023-04-13,17.8,3.45,4.83,118.3915,,4146.22,82.16,fred_public_csv
2023-04-14,17.07,3.52,4.83,118.8567,,4137.64,82.58,fred_public_csv
2023-04-15,17.07,3.52,4.83,118.8567,,4137.64,82.58,fred_public_csv
2023-04-16,17.07,3.52,4.83,118.8567,,4137.64,82.58,fred_public_csv
2023-04-17,16.95,3.6,4.83,119.2787,,4151.32,80.93,fred_public_csv
2023-04-18,16.83,3.58,4.83,119.1049,,4154.87,80.85,fred_public_csv
2023-04-19,16.46,3.6,4.83,119.303,,4154.52,79.18,fred_public_csv
2023-04-20,17.17,3.54,4.83,119.1199,,4129.79,77.27,fred_public_csv
2023-04-21,16.77,3.57,4.83,119.3117,,4133.52,77.86,fred_public_csv
2023-04-22,16.77,3.57,4.83,119.3117,,4133.52,77.86,fred_public_csv
2023-04-23,16.77,3.57,4.83,119.3117,,4133.52,77.86,fred_public_csv
2023-04-24,16.89,3.52,4.83,119.2039,,4137.04,78.64,fred_public_csv
2023-04-25,18.76,3.4,4.83,119.613,,4071.63,77.05,fred_public_csv
2023-04-26,18.84,3.43,4.83,119.3228,,4055.99,74.33,fred_public_csv
2023-04-27,17.03,3.53,4.83,119.4298,,4135.35,74.77,fred_public_csv
2023-04-28,15.78,3.44,4.83,119.2248,,4169.48,76.78,fred_public_csv
2023-04-29,15.78,3.44,4.83,119.2248,,4169.48,76.78,fred_public_csv
2023-04-30,15.78,3.44,4.83,119.2248,,4169.48,76.78,fred_public_csv
2023-05-01,16.08,3.59,4.83,119.4435,,4167.87,75.65,fred_public_csv
2023-05-02,17.78,3.44,4.83,119.6105,,4119.58,71.71,fred_public_csv
2023-05-03,18.34,3.38,4.83,119.1233,,4090.75,68.62,fred_public_csv
2023-05-04,20.09,3.37,5.08,119.0465,,4061.22,68.52,fred_public_csv
2023-05-05,17.19,3.44,5.08,118.5548,,4136.25,71.32,fred_public_csv
2023-05-06,17.19,3.44,5.08,118.5548,,4136.25,71.32,fred_public_csv
2023-05-07,17.19,3.44,5.08,118.5548,,4136.25,71.32,fred_public_csv
2023-05-08,16.98,3.52,5.08,118.5759,,4138.12,73.13,fred_public_csv
2023-05-09,17.71,3.53,5.08,118.8239,,4119.17,73.68,fred_public_csv
2023-05-10,16.94,3.43,5.08,118.5864,,4137.64,72.53,fred_public_csv
2023-05-11,16.93,3.39,5.08,119.0303,,4130.62,70.81,fred_public_csv
2023-05-12,17.03,3.46,5.08,119.3671,,4124.08,70.02,fred_public_csv
2023-05-13,17.03,3.46,5.08,119.3671,,4124.08,70.02,fred_public_csv
2023-05-14,17.03,3.46,5.08,119.3671,,4124.08,70.02,fred_public_csv
2023-05-15,17.12,3.5,5.08,119.1608,,4136.28,71.07,fred_public_csv
2023-05-16,17.99,3.54,5.08,119.1743,,4109.9,70.85,fred_public_csv
2023-05-17,16.87,3.57,5.08,119.607,,4158.77,72.78,fred_public_csv
2023-05-18,16.05,3.65,5.08,120.0886,,4198.05,71.82,fred_public_csv
2023-05-19,16.81,3.7,5.08,119.7751,,4191.98,71.57,fred_public_csv
2023-05-20,16.81,3.7,5.08,119.7751,,4191.98,71.57,fred_public_csv
2023-05-21,16.81,3.7,5.08,119.7751,,4191.98,71.57,fred_public_csv
2023-05-22,17.21,3.72,5.08,120.0875,,4192.63,71.81,fred_public_csv
2023-05-23,18.53,3.7,5.08,120.3204,,4145.58,72.87,fred_public_csv
2023-05-24,20.03,3.73,5.08,120.4752,,4115.24,74.37,fred_public_csv
2023-05-25,19.14,3.83,5.08,120.8413,,4151.28,71.68,fred_public_csv
2023-05-26,17.95,3.8,5.08,120.6304,,4205.45,72.35,fred_public_csv
2023-05-27,17.95,3.8,5.08,120.6304,,4205.45,72.35,fred_public_csv
2023-05-28,17.95,3.8,5.08,120.6304,,4205.45,72.35,fred_public_csv
2023-05-29,17.46,3.8,5.08,120.6304,,4205.45,72.35,fred_public_csv
2023-05-30,17.46,3.69,5.08,120.5546,,4205.52,69.45,fred_public_csv
2023-05-31,17.94,3.64,5.08,120.9662,,4179.83,68.11,fred_public_csv
2023-06-01,15.65,3.61,5.08,120.0491,,4221.02,70.09,fred_public_csv
2023-06-02,14.6,3.69,5.08,120.0049,,4282.37,71.76,fred_public_csv
2023-06-03,14.6,3.69,5.08,120.0049,,4282.37,71.76,fred_public_csv
2023-06-04,14.6,3.69,5.08,120.0049,,4282.37,71.76,fred_public_csv
2023-06-05,14.73,3.69,5.08,120.0048,,4273.79,72.14,fred_public_csv
2023-06-06,13.96,3.7,5.08,119.9718,,4283.85,71.71,fred_public_csv
2023-06-07,13.94,3.79,5.08,119.859,,4267.52,72.52,fred_public_csv
2023-06-08,13.65,3.73,5.08,119.5712,,4293.93,71.28,fred_public_csv
2023-06-09,13.83,3.75,5.08,119.4322,,4298.86,70.16,fred_public_csv
2023-06-10,13.83,3.75,5.08,119.4322,,4298.86,70.16,fred_public_csv
2023-06-11,13.83,3.75,5.08,119.4322,,4298.86,70.16,fred_public_csv
2023-06-12,15.01,3.73,5.08,119.6376,,4338.93,67.08,fred_public_csv
2023-06-13,14.61,3.84,5.08,119.1899,,4369.01,69.39,fred_public_csv
2023-06-14,13.88,3.83,5.08,118.776,,4372.59,68.22,fred_public_csv
2023-06-15,14.5,3.72,5.07,118.5521,,4425.84,70.61,fred_public_csv
2023-06-16,13.54,3.77,5.08,118.4184,,4409.59,71.81,fred_public_csv
2023-06-17,13.54,3.77,5.08,118.4184,,4409.59,71.81,fred_public_csv
2023-06-18,13.54,3.77,5.08,118.4184,,4409.59,71.81,fred_public_csv
2023-06-19,14.19,3.77,5.08,118.4184,,4409.59,71.81,fred_public_csv
2023-06-20,13.88,3.74,5.07,118.938,,4388.71,70.94,fred_public_csv
2023-06-21,13.2,3.72,5.07,118.727,,4365.69,72.55,fred_public_csv
2023-06-22,12.91,3.8,5.07,118.7552,,4381.89,69.22,fred_public_csv
2023-06-23,13.44,3.74,5.07,119.152,,4348.33,68.91,fred_public_csv
2023-06-24,13.44,3.74,5.07,119.152,,4348.33,68.91,fred_public_csv
2023-06-25,13.44,3.74,5.07,119.152,,4348.33,68.91,fred_public_csv
2023-06-26,14.25,3.72,5.07,119.0761,,4328.82,69.09,fred_public_csv
2023-06-27,13.74,3.77,5.07,118.8949,,4378.41,67.68,fred_public_csv
2023-06-28,13.43,3.71,5.07,119.3382,,4376.86,69.54,fred_public_csv
2023-06-29,13.54,3.85,5.07,119.527,,4396.44,69.85,fred_public_csv
2023-06-30,13.59,3.81,5.08,119.3606,,4450.38,70.66,fred_public_csv
2023-07-01,13.59,3.81,5.08,119.3606,,4450.38,70.66,fred_public_csv
2023-07-02,13.59,3.81,5.08,119.3606,,4450.38,70.66,fred_public_csv
2023-07-03,13.57,3.86,5.08,119.2119,,4455.59,69.71,fred_public_csv
2023-07-04,13.7,3.86,5.08,119.2119,,4455.59,69.71,fred_public_csv
2023-07-05,14.18,3.95,5.08,119.3483,,4446.82,71.78,fred_public_csv
2023-07-06,15.44,4.05,5.08,119.8193,,4411.59,71.76,fred_public_csv
2023-07-07,14.83,4.06,5.08,119.0761,,4398.95,73.91,fred_public_csv
2023-07-08,14.83,4.06,5.08,119.0761,,4398.95,73.91,fred_public_csv
2023-07-09,14.83,4.06,5.08,119.0761,,4398.95,73.91,fred_public_csv
2023-07-10,15.07,4.01,5.07,118.9548,,4409.53,73.05,fred_public_csv
2023-07-11,14.84,3.99,5.08,118.7344,,4439.26,74.87,fred_public_csv
2023-07-12,13.54,3.86,5.08,117.6385,,4472.16,75.77,fred_public_csv
2023-07-13,13.61,3.76,5.08,117.1831,,4510.04,76.86,fred_public_csv
2023-07-14,13.34,3.83,5.08,117.0463,,4505.42,75.44,fred_public_csv
2023-07-15,13.34,3.83,5.08,117.0463,,4505.42,75.44,fred_public_csv
2023-07-16,13.34,3.83,5.08,117.0463,,4505.42,75.44,fred_public_csv
2023-07-17,13.48,3.81,5.08,117.1267,,4522.79,74.17,fred_public_csv
2023-07-18,13.3,3.8,5.08,117.0264,,4554.98,75.76,fred_public_csv
2023-07-19,13.76,3.75,5.08,117.3462,,4565.72,75.4,fred_public_csv
2023-07-20,13.99,3.85,5.08,117.5947,,4534.87,75.65,fred_public_csv
2023-07-21,13.6,3.84,5.08,117.9418,,4536.34,77.06,fred_public_csv
2023-07-22,13.6,3.84,5.08,117.9418,,4536.34,77.06,fred_public_csv
2023-07-23,13.6,3.84,5.08,117.9418,,4536.34,77.06,fred_public_csv
2023-07-24,13.91,3.86,5.08,117.8124,,4554.64,78.81,fred_public_csv
2023-07-25,13.86,3.91,5.08,117.8565,,4567.46,79.76,fred_public_csv
2023-07-26,13.19,3.86,5.08,117.76,,4566.75,79.11,fred_public_csv
2023-07-27,14.41,4.01,5.33,117.8938,,4537.41,80.17,fred_public_csv
2023-07-28,13.33,3.96,5.33,117.788,,4582.23,80.55,fred_public_csv
2023-07-29,13.33,3.96,5.33,117.788,,4582.23,80.55,fred_public_csv
2023-07-30,13.33,3.96,5.33,117.788,,4582.23,80.55,fred_public_csv
2023-07-31,13.63,3.97,5.33,117.8241,,4588.96,81.8,fred_public_csv
2023-08-01,13.93,4.05,5.33,118.5738,,4576.73,81.37,fred_public_csv
2023-08-02,16.09,4.08,5.33,119.1268,,4513.39,79.5,fred_public_csv
2023-08-03,15.92,4.2,5.33,119.3963,,4501.89,81.56,fred_public_csv
2023-08-04,17.1,4.05,5.33,118.821,,4478.03,82.76,fred_public_csv
2023-08-05,17.1,4.05,5.33,118.821,,4478.03,82.76,fred_public_csv
2023-08-06,17.1,4.05,5.33,118.821,,4478.03,82.76,fred_public_csv
2023-08-07,15.77,4.09,5.33,119.0809,,4518.44,81.94,fred_public_csv
2023-08-08,15.99,4.02,5.33,119.6407,,4499.38,82.94,fred_public_csv
2023-08-09,15.96,4,5.33,119.476,,4467.71,84.35,fred_public_csv
2023-08-10,15.85,4.09,5.33,119.1581,,4468.83,82.81,fred_public_csv
2023-08-11,14.84,4.16,5.33,119.6268,,4464.05,83.17,fred_public_csv
2023-08-12,14.84,4.16,5.33,119.6268,,4464.05,83.17,fred_public_csv
2023-08-13,14.84,4.16,5.33,119.6268,,4464.05,83.17,fred_public_csv
2023-08-14,14.82,4.19,5.33,120.0725,,4489.72,82.5,fred_public_csv
2023-08-15,16.46,4.21,5.33,120.2127,3.85,4437.86,81.06,fred_public_csv
2023-08-16,16.78,4.28,5.33,120.3551,3.81,4404.33,79.4,fred_public_csv
2023-08-17,17.89,4.3,5.33,120.5242,3.95,4370.36,80.43,fred_public_csv
2023-08-18,17.3,4.26,5.33,120.4321,4.02,4369.71,81.25,fred_public_csv
2023-08-19,17.3,4.26,5.33,120.4321,4.02,4369.71,81.25,fred_public_csv
2023-08-20,17.3,4.26,5.33,120.4321,4.02,4369.71,81.25,fred_public_csv
2023-08-21,17.13,4.34,5.33,120.4627,3.97,4399.77,80.71,fred_public_csv
2023-08-22,16.97,4.34,5.33,120.3554,3.93,4387.55,80.25,fred_public_csv
2023-08-23,15.98,4.19,5.33,120.0307,3.92,4436.01,78.91,fred_public_csv
2023-08-24,17.2,4.23,5.33,120.2354,3.91,4376.31,79.52,fred_public_csv
2023-08-25,15.68,4.25,5.33,120.5137,3.9,4405.71,80.47,fred_public_csv
2023-08-26,15.68,4.25,5.33,120.5137,3.9,4405.71,80.47,fred_public_csv
2023-08-27,15.68,4.25,5.33,120.5137,3.9,4405.71,80.47,fred_public_csv
2023-08-28,15.08,4.2,5.33,120.3155,3.86,4433.31,80.65,fred_public_csv
2023-08-29,14.45,4.12,5.33,120.2669,3.87,4497.63,81.14,fred_public_csv
2023-08-30,13.88,4.12,5.33,119.7937,3.8,4514.87,81.64,fred_public_csv
2023-08-31,13.57,4.09,5.33,120.225,3.85,4507.66,83.55,fred_public_csv
2023-09-01,13.09,4.18,5.33,120.759,3.81,4515.77,85.52,fred_public_csv
2023-09-02,13.09,4.18,5.33,120.759,3.81,4515.77,85.52,fred_public_csv
2023-09-03,13.09,4.18,5.33,120.759,3.81,4515.77,85.52,fred_public_csv
2023-09-04,13.82,4.18,5.33,120.759,3.81,4515.77,85.52,fred_public_csv
2023-09-05,14.01,4.27,5.33,121.4345,3.83,4496.83,86.74,fred_public_csv
2023-09-06,14.45,4.3,5.33,121.8671,3.86,4465.48,87.55,fred_public_csv
2023-09-07,14.4,4.27,5.33,121.9528,3.9,4451.14,86.87,fred_public_csv
2023-09-08,13.84,4.26,5.33,121.9475,3.85,4457.49,87.51,fred_public_csv
2023-09-09,13.84,4.26,5.33,121.9475,3.85,4457.49,87.51,fred_public_csv
2023-09-10,13.84,4.26,5.33,121.9475,3.85,4457.49,87.51,fred_public_csv
2023-09-11,13.8,4.29,5.33,121.3386,3.82,4487.46,87.3,fred_public_csv
2023-09-12,14.23,4.27,5.33,121.2913,3.84,4461.9,88.87,fred_public_csv
2023-09-13,13.48,4.25,5.33,121.0549,3.85,4467.44,88.59,fred_public_csv
2023-09-14,12.82,4.29,5.33,121.2395,3.78,4505.1,90.13,fred_public_csv
2023-09-15,13.79,4.33,5.33,121.199,3.79,4450.32,90.83,fred_public_csv
2023-09-16,13.79,4.33,5.33,121.199,3.79,4450.32,90.83,fred_public_csv
2023-09-17,13.79,4.33,5.33,121.199,3.79,4450.32,90.83,fred_public_csv
2023-09-18,14,4.32,5.33,121.1938,3.82,4453.53,91.47,fred_public_csv
2023-09-19,14.11,4.37,5.33,121.1645,3.82,4443.95,91.16,fred_public_csv
2023-09-20,15.14,4.35,5.33,120.9648,3.77,4402.2,89.2,fred_public_csv
2023-09-21,17.54,4.49,5.33,121.5528,3.89,4330,89.56,fred_public_csv
2023-09-22,17.2,4.44,5.33,121.5306,3.93,4320.06,90,fred_public_csv
2023-09-23,17.2,4.44,5.33,121.5306,3.93,4320.06,90,fred_public_csv
2023-09-24,17.2,4.44,5.33,121.5306,3.93,4320.06,90,fred_public_csv
2023-09-25,16.9,4.55,5.33,122.1143,3.97,4337.44,89.68,fred_public_csv
2023-09-26,18.94,4.56,5.33,122.4742,4.04,4273.53,91.43,fred_public_csv
2023-09-27,18.22,4.61,5.33,122.9895,4.03,4274.51,93.67,fred_public_csv
2023-09-28,17.34,4.59,5.33,122.5342,4.09,4299.7,91.65,fred_public_csv
2023-09-29,17.52,4.59,5.33,122.3077,4.03,4288.05,90.77,fred_public_csv
2023-09-30,17.52,4.59,5.33,122.3077,4.03,4288.05,90.77,fred_public_csv
2023-10-01,17.52,4.59,5.33,122.3077,4.03,4288.05,90.77,fred_public_csv
2023-10-02,17.61,4.69,5.33,123.0545,4.11,4288.39,88.81,fred_public_csv
2023-10-03,19.78,4.81,5.33,123.7848,4.26,4229.45,89.26,fred_public_csv
2023-10-04,18.58,4.73,5.33,123.5946,4.37,4263.75,84.32,fred_public_csv
2023-10-05,18.49,4.72,5.33,123.8993,4.38,4258.19,82.3,fred_public_csv
2023-10-06,17.45,4.78,5.33,123.3563,4.33,4308.5,82.83,fred_public_csv
2023-10-07,17.45,4.78,5.33,123.3563,4.33,4308.5,82.83,fred_public_csv
2023-10-08,17.45,4.78,5.33,123.3563,4.33,4308.5,82.83,fred_public_csv
2023-10-09,17.7,4.78,5.33,123.3563,4.34,4335.66,82.83,fred_public_csv
2023-10-10,17.03,4.66,5.33,122.9282,4.26,4358.24,85.89,fred_public_csv
2023-10-11,16.09,4.58,5.33,122.7697,4.25,4376.95,83.7,fred_public_csv
2023-10-12,16.69,4.7,5.33,123.2101,4.25,4349.61,82.87,fred_public_csv
2023-10-13,19.32,4.63,5.33,123.5954,4.3,4327.78,87.67,fred_public_csv
2023-10-14,19.32,4.63,5.33,123.5954,4.3,4327.78,87.67,fred_public_csv
2023-10-15,19.32,4.63,5.33,123.5954,4.3,4327.78,87.67,fred_public_csv
2023-10-16,17.21,4.71,5.33,123.3185,4.27,4373.63,86.65,fred_public_csv
2023-10-17,17.88,4.83,5.33,123.1202,4.25,4373.2,86.66,fred_public_csv
2023-10-18,19.22,4.91,5.33,123.8148,4.32,4314.6,88.35,fred_public_csv
2023-10-19,21.4,4.98,5.33,123.798,4.37,4278,89.35,fred_public_csv
2023-10-20,21.71,4.93,5.33,123.612,4.52,4224.16,89.12,fred_public_csv
2023-10-21,21.71,4.93,5.33,123.612,4.52,4224.16,89.12,fred_public_csv
2023-10-22,21.71,4.93,5.33,123.612,4.52,4224.16,89.12,fred_public_csv
2023-10-23,20.37,4.86,5.33,123.2846,4.51,4217.04,85.49,fred_public_csv
2023-10-24,18.97,4.83,5.33,123.6416,4.41,4247.68,84.58,fred_public_csv
2023-10-25,20.19,4.95,5.33,123.7871,4.37,4186.77,86.07,fred_public_csv
2023-10-26,20.68,4.86,5.33,124.0064,4.5,4137.23,83.8,fred_public_csv
2023-10-27,21.27,4.84,5.33,123.62,4.53,4117.37,86.04,fred_public_csv
2023-10-28,21.27,4.84,5.33,123.62,4.53,4117.37,86.04,fred_public_csv
2023-10-29,21.27,4.84,5.33,123.62,4.53,4117.37,86.04,fred_public_csv
2023-10-30,19.75,4.88,5.33,123.4076,4.5,4166.82,83.03,fred_public_csv
2023-10-31,18.14,4.88,5.33,123.8364,4.42,4193.8,81.64,fred_public_csv
2023-11-01,16.87,4.77,5.33,123.7922,4.47,4237.86,81.05,fred_public_csv
2023-11-02,15.66,4.67,5.33,122.8818,4.15,4317.78,83.04,fred_public_csv
2023-11-03,14.91,4.57,5.33,121.7564,4.04,4358.34,81.19,fred_public_csv
2023-11-04,14.91,4.57,5.33,121.7564,4.04,4358.34,81.19,fred_public_csv
2023-11-05,14.91,4.57,5.33,121.7564,4.04,4358.34,81.19,fred_public_csv
2023-11-06,14.89,4.67,5.33,121.6484,4,4365.98,81.54,fred_public_csv
2023-11-07,14.81,4.58,5.33,122.0777,4.08,4378.38,77.96,fred_public_csv
2023-11-08,14.45,4.49,5.33,122.0926,4.08,4382.78,75.85,fred_public_csv
2023-11-09,15.29,4.62,5.33,122.1281,4.04,4347.35,76.34,fred_public_csv
2023-11-10,14.17,4.61,5.33,122.1281,4.03,4415.24,76.34,fred_public_csv
2023-11-11,14.17,4.61,5.33,122.1281,4.03,4415.24,76.34,fred_public_csv
2023-11-12,14.17,4.61,5.33,122.1281,4.03,4415.24,76.34,fred_public_csv
2023-11-13,14.76,4.63,5.33,122.4264,4.03,4411.55,78.86,fred_public_csv
2023-11-14,14.16,4.44,5.33,121.35,3.92,4495.7,78.9,fred_public_csv
2023-11-15,14.18,4.53,5.33,121.0749,3.89,4502.88,77.15,fred_public_csv
2023-11-16,14.32,4.45,5.33,121.1754,4.02,4508.24,73.5,fred_public_csv
2023-11-17,13.8,4.44,5.33,120.8477,3.99,4514.02,76.47,fred_public_csv
2023-11-18,13.8,4.44,5.33,120.8477,3.99,4514.02,76.47,fred_public_csv
2023-11-19,13.8,4.44,5.33,120.8477,3.99,4514.02,76.47,fred_public_csv
2023-11-20,13.41,4.42,5.33,120.2533,3.92,4547.38,78.1,fred_public_csv
2023-11-21,13.35,4.41,5.33,120.2241,3.95,4538.19,78.35,fred_public_csv
2023-11-22,12.85,4.42,5.33,120.6802,3.9,4556.62,76.8,fred_public_csv
2023-11-23,12.8,4.42,5.33,120.6802,3.9,4556.62,76.8,fred_public_csv
2023-11-24,12.46,4.47,5.33,120.2105,3.85,4559.34,74.83,fred_public_csv
2023-11-25,12.46,4.47,5.33,120.2105,3.85,4559.34,74.83,fred_public_csv
2023-11-26,12.46,4.47,5.33,120.2105,3.85,4559.34,74.83,fred_public_csv
2023-11-27,12.69,4.39,5.33,120.173,3.89,4550.43,74.46,fred_public_csv
2023-11-28,12.69,4.34,5.33,119.5904,3.9,4554.89,76.09,fred_public_csv
2023-11-29,12.98,4.27,5.33,119.8159,3.8,4550.58,77.56,fred_public_csv
2023-11-30,12.92,4.37,5.33,120.2434,3.84,4567.8,75.66,fred_public_csv
2023-12-01,12.63,4.22,5.33,119.9424,3.87,4594.63,73.7,fred_public_csv
2023-12-02,12.63,4.22,5.33,119.9424,3.87,4594.63,73.7,fred_public_csv
2023-12-03,12.63,4.22,5.33,119.9424,3.87,4594.63,73.7,fred_public_csv
2023-12-04,13.08,4.28,5.33,120.4727,3.8,4569.78,72.73,fred_public_csv
2023-12-05,12.85,4.18,5.33,120.7913,3.8,4567.18,71.95,fred_public_csv
2023-12-06,12.97,4.12,5.33,120.5334,3.79,4549.34,68.98,fred_public_csv
2023-12-07,13.06,4.14,5.33,120.6013,3.77,4585.59,69,fred_public_csv
2023-12-08,12.35,4.23,5.33,120.7607,3.75,4604.37,70.87,fred_public_csv
2023-12-09,12.35,4.23,5.33,120.7607,3.75,4604.37,70.87,fred_public_csv
2023-12-10,12.35,4.23,5.33,120.7607,3.75,4604.37,70.87,fred_public_csv
2023-12-11,12.63,4.23,5.33,120.9279,3.79,4622.44,70.95,fred_public_csv
2023-12-12,12.07,4.2,5.33,120.6817,3.76,4643.7,68.27,fred_public_csv
2023-12-13,12.19,4.04,5.33,121.1571,3.79,4707.09,69.09,fred_public_csv
2023-12-14,12.48,3.92,5.33,119.5683,3.47,4719.55,71.21,fred_public_csv
2023-12-15,12.28,3.91,5.33,119.7382,3.51,4719.19,71.05,fred_public_csv
2023-12-16,12.28,3.91,5.33,119.7382,3.51,4719.19,71.05,fred_public_csv
2023-12-17,12.28,3.91,5.33,119.7382,3.51,4719.19,71.05,fred_public_csv
2023-12-18,12.56,3.95,5.33,119.9102,3.51,4740.56,72.16,fred_public_csv
2023-12-19,12.53,3.93,5.33,119.4632,3.46,4768.37,73.23,fred_public_csv
2023-12-20,13.67,3.86,5.33,119.5435,3.43,4698.35,73.87,fred_public_csv
2023-12-21,13.65,3.89,5.33,119.3168,3.41,4746.75,73.59,fred_public_csv
2023-12-22,13.03,3.9,5.33,119.0625,3.39,4754.63,73.29,fred_public_csv
2023-12-23,13.03,3.9,5.33,119.0625,3.39,4754.63,73.29,fred_public_csv
2023-12-24,13.03,3.9,5.33,119.0625,3.39,4754.63,73.29,fred_public_csv
2023-12-25,13.03,3.9,5.33,119.0625,3.39,4754.63,73.29,fred_public_csv
2023-12-26,12.99,3.89,5.33,118.8875,3.37,4774.75,75.84,fred_public_csv
2023-12-27,12.43,3.79,5.33,118.4729,3.34,4781.58,74.31,fred_public_csv
2023-12-28,12.47,3.84,5.33,118.4104,3.32,4783.35,72.02,fred_public_csv
2023-12-29,12.45,3.88,5.33,118.4208,3.34,4769.83,71.89,fred_public_csv
2023-12-30,12.45,3.88,5.33,118.4208,3.34,4769.83,71.89,fred_public_csv
2023-12-31,12.45,3.88,5.33,118.4208,3.39,4769.83,71.89,fred_public_csv
2024-01-01,12.45,3.88,5.33,118.4208,3.39,4769.83,71.89,fred_public_csv
2024-01-02,13.2,3.95,5.33,119.2686,3.54,4742.83,70.62,fred_public_csv
2024-01-03,14.04,3.91,5.33,119.6958,3.71,4704.81,72.97,fred_public_csv
2024-01-04,14.13,3.99,5.33,119.6208,3.69,4688.68,72.38,fred_public_csv
2024-01-05,13.35,4.05,5.33,119.388,3.68,4697.24,74,fred_public_csv
2024-01-06,13.35,4.05,5.33,119.388,3.68,4697.24,74,fred_public_csv
2024-01-07,13.35,4.05,5.33,119.388,3.68,4697.24,74,fred_public_csv
2024-01-08,13.08,4.01,5.33,119.2506,3.63,4763.54,71.06,fred_public_csv
2024-01-09,12.76,4.02,5.33,119.6666,3.59,4756.5,72.43,fred_public_csv
2024-01-10,12.69,4.04,5.33,119.7614,3.5,4783.45,71.57,fred_public_csv
2024-01-11,12.44,3.98,5.33,119.8916,3.55,4780.24,72.15,fred_public_csv
2024-01-12,12.7,3.96,5.33,119.534,3.56,4783.83,72.94,fred_public_csv
2024-01-13,12.7,3.96,5.33,119.534,3.56,4783.83,72.94,fred_public_csv
2024-01-14,12.7,3.96,5.33,119.534,3.56,4783.83,72.94,fred_public_csv
2024-01-15,13.25,3.96,5.33,119.534,3.54,4783.83,72.94,fred_public_csv
2024-01-16,13.84,4.07,5.33,120.5759,3.58,4765.98,72.63,fred_public_csv
2024-01-17,14.79,4.1,5.33,121.0402,3.62,4739.21,72.79,fred_public_csv
2024-01-18,14.13,4.14,5.33,120.8895,3.58,4780.94,74.32,fred_public_csv
2024-01-19,13.3,4.15,5.33,120.6442,3.54,4839.81,73.69,fred_public_csv
2024-01-20,13.3,4.15,5.33,120.6442,3.54,4839.81,73.69,fred_public_csv
2024-01-21,13.3,4.15,5.33,120.6442,3.54,4839.81,73.69,fred_public_csv
2024-01-22,13.19,4.11,5.33,120.6178,3.49,4850.43,75.26,fred_public_csv
2024-01-23,12.55,4.14,5.33,121.1001,3.51,4864.6,74.72,fred_public_csv
2024-01-24,13.14,4.18,5.33,120.4916,3.44,4868.55,75.48,fred_public_csv
2024-01-25,13.45,4.14,5.33,120.8311,3.45,4894.16,77.91,fred_public_csv
2024-01-26,13.26,4.15,5.33,120.6173,3.39,4890.97,78.45,fred_public_csv
2024-01-27,13.26,4.15,5.33,120.6173,3.39,4890.97,78.45,fred_public_csv
2024-01-28,13.26,4.15,5.33,120.6173,3.39,4890.97,78.45,fred_public_csv
2024-01-29,13.6,4.08,5.33,120.8538,3.41,4927.93,77.25,fred_public_csv
2024-01-30,13.31,4.06,5.33,120.6025,3.42,4924.97,78.3,fred_public_csv
2024-01-31,14.35,3.99,5.33,120.4331,3.59,4845.65,76.28,fred_public_csv
2024-02-01,13.88,3.87,5.33,120.3335,3.56,4906.19,74.36,fred_public_csv
2024-02-02,13.85,4.03,5.33,120.902,3.47,4958.61,72.72,fred_public_csv
2024-02-03,13.85,4.03,5.33,120.902,3.47,4958.61,72.72,fred_public_csv
2024-02-04,13.85,4.03,5.33,120.902,3.47,4958.61,72.72,fred_public_csv
2024-02-05,13.67,4.17,5.33,121.349,3.5,4942.81,73.21,fred_public_csv
2024-02-06,13.06,4.09,5.33,120.9588,3.52,4954.23,73.83,fred_public_csv
2024-02-07,12.83,4.09,5.33,120.9049,3.43,4995.06,74.26,fred_public_csv
2024-02-08,12.79,4.15,5.33,121.0798,3.38,4997.91,76.67,fred_public_csv
2024-02-09,12.93,4.17,5.33,121.039,3.33,5026.61,77.26,fred_public_csv
2024-02-10,12.93,4.17,5.33,121.039,3.33,5026.61,77.26,fred_public_csv
2024-02-11,12.93,4.17,5.33,121.039,3.33,5026.61,77.26,fred_public_csv
2024-02-12,13.93,4.17,5.33,120.9378,3.35,5021.84,77.34,fred_public_csv
2024-02-13,15.85,4.31,5.33,121.5202,3.36,4953.17,78.28,fred_public_csv
2024-02-14,14.38,4.27,5.33,121.4002,3.38,5000.62,77.09,fred_public_csv
2024-02-15,14.01,4.24,5.33,121.2121,3.35,5029.73,78.47,fred_public_csv
2024-02-16,14.24,4.3,5.33,121.1505,3.34,5005.57,79.65,fred_public_csv
2024-02-17,14.24,4.3,5.33,121.1505,3.34,5005.57,79.65,fred_public_csv
2024-02-18,14.24,4.3,5.33,121.1505,3.34,5005.57,79.65,fred_public_csv
2024-02-19,14.71,4.3,5.33,121.1505,3.34,5005.57,79.65,fred_public_csv
2024-02-20,15.42,4.27,5.33,121.0199,3.37,4975.51,78.72,fred_public_csv
2024-02-21,15.34,4.32,5.33,121.0379,3.34,4981.8,78.89,fred_public_csv
2024-02-22,14.54,4.33,5.33,121.102,3.22,5087.03,79.64,fred_public_csv
2024-02-23,13.75,4.26,5.33,121.0369,3.23,5088.8,77.6,fred_public_csv
2024-02-24,13.75,4.26,5.33,121.0369,3.23,5088.8,77.6,fred_public_csv
2024-02-25,13.75,4.26,5.33,121.0369,3.23,5088.8,77.6,fred_public_csv
2024-02-26,13.74,4.28,5.33,121.0592,3.23,5069.53,78.53,fred_public_csv
2024-02-27,13.43,4.31,5.33,120.9647,3.26,5078.18,79.8,fred_public_csv
2024-02-28,13.84,4.27,5.33,121.128,3.31,5069.76,79.44,fred_public_csv
2024-02-29,13.4,4.25,5.33,121.1824,3.29,5096.27,79.22,fred_public_csv
2024-03-01,13.11,4.19,5.33,121.0111,3.32,5137.08,80.9,fred_public_csv
2024-03-02,13.11,4.19,5.33,121.0111,3.32,5137.08,80.9,fred_public_csv
2024-03-03,13.11,4.19,5.33,121.0111,3.32,5137.08,80.9,fred_public_csv
2024-03-04,13.49,4.22,5.33,120.872,3.26,5130.95,79.67,fred_public_csv
2024-03-05,14.46,4.13,5.33,120.8846,3.31,5078.65,79.11,fred_public_csv
2024-03-06,14.5,4.11,5.33,120.4649,3.27,5104.76,80.08,fred_public_csv
2024-03-07,14.44,4.09,5.33,120.1909,3.27,5157.36,79.81,fred_public_csv
2024-03-08,14.74,4.09,5.33,119.975,3.26,5123.69,78.96,fred_public_csv
2024-03-09,14.74,4.09,5.33,119.975,3.26,5123.69,78.96,fred_public_csv
2024-03-10,14.74,4.09,5.33,119.975,3.26,5123.69,78.96,fred_public_csv
2024-03-11,15.22,4.1,5.33,120.0394,3.26,5117.94,78.87,fred_public_csv
2024-03-12,13.84,4.16,5.33,120.1668,3.2,5175.27,78.51,fred_public_csv
2024-03-13,13.75,4.19,5.33,119.9642,3.15,5165.31,80.67,fred_public_csv
2024-03-14,14.4,4.29,5.33,120.241,3.15,5150.48,82.16,fred_public_csv
2024-03-15,14.41,4.31,5.33,120.4003,3.16,5117.09,81.94,fred_public_csv
2024-03-16,14.41,4.31,5.33,120.4003,3.16,5117.09,81.94,fred_public_csv
2024-03-17,14.41,4.31,5.33,120.4003,3.16,5117.09,81.94,fred_public_csv
2024-03-18,14.33,4.34,5.33,120.5752,3.13,5149.42,83.68,fred_public_csv
2024-03-19,13.82,4.3,5.33,120.9332,3.1,5178.51,84.39,fred_public_csv
2024-03-20,13.04,4.27,5.33,120.9289,3.14,5224.62,82.79,fred_public_csv
2024-03-21,12.92,4.27,5.33,120.8086,3.05,5241.53,81.99,fred_public_csv
2024-03-22,13.06,4.22,5.33,121.1842,3.08,5234.18,81.1,fred_public_csv
2024-03-23,13.06,4.22,5.33,121.1842,3.08,5234.18,81.1,fred_public_csv
2024-03-24,13.06,4.22,5.33,121.1842,3.08,5234.18,81.1,fred_public_csv
2024-03-25,13.19,4.25,5.33,121.0295,3.11,5218.19,82.41,fred_public_csv
2024-03-26,13.24,4.24,5.33,121.0742,3.15,5203.58,82.41,fred_public_csv
2024-03-27,12.78,4.2,5.33,121.0089,3.15,5248.49,82.15,fred_public_csv
2024-03-28,13.01,4.2,5.33,121.0635,3.12,5254.35,83.96,fred_public_csv
2024-03-29,13.01,4.2,5.33,121.0191,3.12,5254.35,83.96,fred_public_csv
2024-03-30,13.01,4.2,5.33,121.0191,3.12,5254.35,83.96,fred_public_csv
2024-03-31,13.01,4.2,5.33,121.0191,3.15,5254.35,83.96,fred_public_csv
2024-04-01,13.65,4.33,5.33,121.5151,3.12,5243.77,84.54,fred_public_csv
2024-04-02,14.61,4.36,5.33,121.3035,3.23,5205.81,85.95,fred_public_csv
2024-04-03,14.33,4.36,5.33,121.0198,3.23,5211.49,86.22,fred_public_csv
2024-04-04,16.35,4.31,5.33,120.7613,3.24,5147.21,87.37,fred_public_csv
2024-04-05,16.03,4.39,5.33,120.9646,3.18,5204.34,87.69,fred_public_csv
2024-04-06,16.03,4.39,5.33,120.9646,3.18,5204.34,87.69,fred_public_csv
2024-04-07,16.03,4.39,5.33,120.9646,3.18,5204.34,87.69,fred_public_csv
2024-04-08,15.19,4.42,5.33,120.7359,3.15,5202.39,87.24,fred_public_csv
2024-04-09,14.98,4.36,5.33,120.7048,3.14,5209.91,86.04,fred_public_csv
2024-04-10,15.8,4.55,5.33,121.5727,3.1,5160.64,86.98,fred_public_csv
2024-04-11,14.91,4.56,5.33,121.6081,3.16,5199.06,85.79,fred_public_csv
2024-04-12,17.31,4.5,5.33,122.2885,3.25,5123.41,86.46,fred_public_csv
2024-04-13,17.31,4.5,5.33,122.2885,3.25,5123.41,86.46,fred_public_csv
2024-04-14,17.31,4.5,5.33,122.2885,3.25,5123.41,86.46,fred_public_csv
2024-04-15,19.23,4.63,5.33,122.425,3.28,5061.82,86.21,fred_public_csv
2024-04-16,18.4,4.67,5.33,123.1234,3.36,5051.41,86.15,fred_public_csv
2024-04-17,18.21,4.59,5.33,123.0207,3.42,5022.21,83.58,fred_public_csv
2024-04-18,18,4.64,5.33,123.0017,3.39,5011.12,83.5,fred_public_csv
2024-04-19,18.71,4.62,5.33,123.1075,3.37,4967.23,83.79,fred_public_csv
2024-04-20,18.71,4.62,5.33,123.1075,3.37,4967.23,83.79,fred_public_csv
2024-04-21,18.71,4.62,5.33,123.1075,3.37,4967.23,83.79,fred_public_csv
2024-04-22,16.94,4.62,5.33,123.0609,3.29,5010.6,83.82,fred_public_csv
2024-04-23,15.69,4.61,5.33,122.7227,3.2,5070.55,84.17,fred_public_csv
2024-04-24,15.97,4.65,5.33,122.89,3.19,5071.63,84.09,fred_public_csv
2024-04-25,15.37,4.7,5.33,122.8384,3.24,5048.42,84.92,fred_public_csv
2024-04-26,15.03,4.67,5.33,122.9471,3.16,5099.96,85.38,fred_public_csv
2024-04-27,15.03,4.67,5.33,122.9471,3.16,5099.96,85.38,fred_public_csv
2024-04-28,15.03,4.67,5.33,122.9471,3.16,5099.96,85.38,fred_public_csv
2024-04-29,14.67,4.63,5.33,122.5449,3.12,5116.17,84.26,fred_public_csv
2024-04-30,15.65,4.69,5.33,122.9853,3.18,5035.69,83.49,fred_public_csv
2024-05-01,15.39,4.63,5.33,123.0168,3.21,5018.39,80.7,fred_public_csv
2024-05-02,14.68,4.58,5.33,122.4384,3.16,5064.2,80.59,fred_public_csv
2024-05-03,13.49,4.5,5.33,122.1375,3.08,5127.79,79.65,fred_public_csv
2024-05-04,13.49,4.5,5.33,122.1375,3.08,5127.79,79.65,fred_public_csv
2024-05-05,13.49,4.5,5.33,122.1375,3.08,5127.79,79.65,fred_public_csv
2024-05-06,13.49,4.49,5.33,121.8913,3.03,5180.74,80.1,fred_public_csv
2024-05-07,13.23,4.47,5.33,122.093,3.06,5187.7,79.97,fred_public_csv
2024-05-08,13,4.48,5.33,122.1926,3.1,5187.67,80.57,fred_public_csv
2024-05-09,12.69,4.45,5.33,122.1634,3.14,5214.08,80.86,fred_public_csv
2024-05-10,12.55,4.5,5.33,122.014,3.12,5222.68,79.81,fred_public_csv
2024-05-11,12.55,4.5,5.33,122.014,3.12,5222.68,79.81,fred_public_csv
2024-05-12,12.55,4.5,5.33,122.014,3.12,5222.68,79.81,fred_public_csv
2024-05-13,13.6,4.48,5.33,122.0261,3.14,5221.42,80.71,fred_public_csv
2024-05-14,13.42,4.45,5.33,121.9256,3.14,5246.68,79.62,fred_public_csv
2024-05-15,12.45,4.36,5.33,121.3543,3.13,5308.15,80.23,fred_public_csv
2024-05-16,12.42,4.38,5.33,121.2236,3.08,5297.1,80.85,fred_public_csv
2024-05-17,11.99,4.42,5.33,121.2354,3.09,5303.27,81.66,fred_public_csv
2024-05-18,11.99,4.42,5.33,121.2354,3.09,5303.27,81.66,fred_public_csv
2024-05-19,11.99,4.42,5.33,121.2354,3.09,5303.27,81.66,fred_public_csv
2024-05-20,12.15,4.44,5.33,121.2289,3.07,5308.13,81.39,fred_public_csv
2024-05-21,11.86,4.41,5.33,121.3793,3.07,5321.41,80.66,fred_public_csv
2024-05-22,12.29,4.43,5.33,121.5462,3.11,5307.01,79.15,fred_public_csv
2024-05-23,12.77,4.47,5.33,121.7477,3.1,5267.84,77.47,fred_public_csv
2024-05-24,11.93,4.46,5.33,121.6172,3.11,5304.72,78.48,fred_public_csv
2024-05-25,11.93,4.46,5.33,121.6172,3.11,5304.72,78.48,fred_public_csv
2024-05-26,11.93,4.46,5.33,121.6172,3.11,5304.72,78.48,fred_public_csv
2024-05-27,12.36,4.46,5.33,121.6172,3.12,5304.72,78.48,fred_public_csv
2024-05-28,12.92,4.54,5.33,121.43,3.09,5306.04,80.9,fred_public_csv
2024-05-29,14.28,4.61,5.33,122.1641,3.15,5266.95,80.24,fred_public_csv
2024-05-30,14.47,4.55,5.33,121.9601,3.19,5235.48,78.96,fred_public_csv
2024-05-31,12.92,4.51,5.33,122.098,3.2,5277.51,77.97,fred_public_csv
2024-06-01,12.92,4.51,5.33,122.098,3.2,5277.51,77.97,fred_public_csv
2024-06-02,12.92,4.51,5.33,122.098,3.2,5277.51,77.97,fred_public_csv
2024-06-03,13.11,4.41,5.33,122.3509,3.17,5283.4,75.26,fred_public_csv
2024-06-04,13.16,4.33,5.33,122.7256,3.22,5291.34,74.27,fred_public_csv
2024-06-05,12.63,4.29,5.33,122.5339,3.2,5354.03,75.08,fred_public_csv
2024-06-06,12.58,4.28,5.33,122.3713,3.2,5352.96,76.52,fred_public_csv
2024-06-07,12.22,4.43,5.33,123.549,3.15,5346.99,76.53,fred_public_csv
2024-06-08,12.22,4.43,5.33,123.549,3.15,5346.99,76.53,fred_public_csv
2024-06-09,12.22,4.43,5.33,123.549,3.15,5346.99,76.53,fred_public_csv
2024-06-10,12.74,4.47,5.33,123.9125,3.15,5360.79,78.75,fred_public_csv
2024-06-11,12.85,4.39,5.33,124.0349,3.19,5375.32,78.88,fred_public_csv
2024-06-12,12.04,4.31,5.33,123.8295,3.09,5421.03,79.56,fred_public_csv
2024-06-13,11.94,4.24,5.33,124.0235,3.2,5433.74,79.61,fred_public_csv
2024-06-14,12.66,4.2,5.33,124.1694,3.29,5431.6,79.41,fred_public_csv
2024-06-15,12.66,4.2,5.33,124.1694,3.29,5431.6,79.41,fred_public_csv
2024-06-16,12.66,4.2,5.33,124.1694,3.29,5431.6,79.41,fred_public_csv
2024-06-17,12.75,4.28,5.33,124.239,3.26,5473.23,81.33,fred_public_csv
2024-06-18,12.3,4.22,5.33,123.9776,3.24,5487.03,82.67,fred_public_csv
2024-06-19,12.48,4.22,5.33,123.9776,3.24,5487.03,82.67,fred_public_csv
2024-06-20,13.28,4.25,5.33,124.192,3.23,5473.17,83.34,fred_public_csv
2024-06-21,13.2,4.25,5.33,124.1086,3.21,5464.62,81.71,fred_public_csv
2024-06-22,13.2,4.25,5.33,124.1086,3.21,5464.62,81.71,fred_public_csv
2024-06-23,13.2,4.25,5.33,124.1086,3.21,5464.62,81.71,fred_public_csv
2024-06-24,13.33,4.25,5.33,123.7125,3.19,5447.87,82.63,fred_public_csv
2024-06-25,12.84,4.23,5.33,123.9417,3.19,5469.3,81.97,fred_public_csv
2024-06-26,12.55,4.32,5.33,124.26,3.18,5477.9,82.19,fred_public_csv
2024-06-27,12.24,4.29,5.33,124.3379,3.21,5482.87,83.04,fred_public_csv
2024-06-28,12.44,4.36,5.33,124.2103,3.18,5460.48,82.83,fred_public_csv
2024-06-29,12.44,4.36,5.33,124.2103,3.18,5460.48,82.83,fred_public_csv
2024-06-30,12.44,4.36,5.33,124.2103,3.21,5460.48,82.83,fred_public_csv
2024-07-01,12.22,4.48,5.33,124.4667,3.21,5475.09,84.7,fred_public_csv
2024-07-02,12.03,4.43,5.33,124.2917,3.23,5509.01,84.09,fred_public_csv
2024-07-03,12.09,4.36,5.33,123.7768,3.25,5537.02,85.19,fred_public_csv
2024-07-04,12.26,4.36,5.33,123.7768,3.25,5537.02,85.19,fred_public_csv
2024-07-05,12.48,4.28,5.33,123.4762,3.27,5567.19,84.44,fred_public_csv
2024-07-06,12.48,4.28,5.33,123.4762,3.27,5567.19,84.44,fred_public_csv
2024-07-07,12.48,4.28,5.33,123.4762,3.27,5567.19,84.44,fred_public_csv
2024-07-08,12.37,4.28,5.33,123.3576,3.2,5572.85,83.63,fred_public_csv
2024-07-09,12.51,4.3,5.33,123.4071,3.21,5576.98,82.78,fred_public_csv
2024-07-10,12.85,4.28,5.33,123.1895,3.17,5633.91,83.39,fred_public_csv
2024-07-11,12.92,4.2,5.33,122.769,3.18,5584.54,83.92,fred_public_csv
2024-07-12,12.46,4.18,5.33,122.4404,3.19,5615.35,83.49,fred_public_csv
2024-07-13,12.46,4.18,5.33,122.4404,3.19,5615.35,83.49,fred_public_csv
2024-07-14,12.46,4.18,5.33,122.4404,3.19,5615.35,83.49,fred_public_csv
2024-07-15,13.12,4.23,5.33,122.6347,3.13,5631.22,83.22,fred_public_csv
2024-07-16,13.19,4.17,5.33,122.7264,3.08,5667.2,81.92,fred_public_csv
2024-07-17,14.48,4.16,5.33,122.518,3.09,5588.27,84.16,fred_public_csv
2024-07-18,15.93,4.2,5.33,122.7909,3.09,5544.59,84.17,fred_public_csv
2024-07-19,16.52,4.25,5.33,123.147,3.09,5505,81.43,fred_public_csv
2024-07-20,16.52,4.25,5.33,123.147,3.09,5505,81.43,fred_public_csv
2024-07-21,16.52,4.25,5.33,123.147,3.09,5505,81.43,fred_public_csv
2024-07-22,14.91,4.26,5.33,123.2172,3.05,5564.41,81.25,fred_public_csv
2024-07-23,14.72,4.25,5.33,123.3843,3.02,5555.74,78.24,fred_public_csv
2024-07-24,18.04,4.28,5.33,123.5575,3.1,5427.13,78.78,fred_public_csv
2024-07-25,18.46,4.27,5.33,123.5286,3.08,5399.22,79.43,fred_public_csv
2024-07-26,16.39,4.2,5.33,123.672,3.1,5459.1,78.58,fred_public_csv
2024-07-27,16.39,4.2,5.33,123.672,3.1,5459.1,78.58,fred_public_csv
2024-07-28,16.39,4.2,5.33,123.672,3.1,5459.1,78.58,fred_public_csv
2024-07-29,16.6,4.17,5.33,124.1392,3.13,5463.54,77.27,fred_public_csv
2024-07-30,17.69,4.15,5.33,124.2855,3.2,5436.44,76.17,fred_public_csv
2024-07-31,16.36,4.09,5.33,123.6373,3.25,5522.3,79.36,fred_public_csv
2024-08-01,18.59,3.99,5.33,123.8693,3.35,5446.68,77.74,fred_public_csv
2024-08-02,23.39,3.8,5.33,123.4681,3.72,5346.56,74.99,fred_public_csv
2024-08-03,23.39,3.8,5.33,123.4681,3.72,5346.56,74.99,fred_public_csv
2024-08-04,23.39,3.8,5.33,123.4681,3.72,5346.56,74.99,fred_public_csv
2024-08-05,38.57,3.78,5.33,123.5787,3.93,5186.33,74.46,fred_public_csv
2024-08-06,27.71,3.9,5.33,123.6532,3.67,5240.03,74.6,fred_public_csv
2024-08-07,27.85,3.96,5.33,123.5698,3.57,5199.5,76.68,fred_public_csv
2024-08-08,23.79,3.99,5.33,123.4466,3.48,5319.31,77.64,fred_public_csv
2024-08-09,20.37,3.94,5.33,122.9276,3.49,5344.16,78.28,fred_public_csv
2024-08-10,20.37,3.94,5.33,122.9276,3.49,5344.16,78.28,fred_public_csv
2024-08-11,20.37,3.94,5.33,122.9276,3.49,5344.16,78.28,fred_public_csv
2024-08-12,20.71,3.9,5.33,123.2204,3.52,5344.39,81.45,fred_public_csv
2024-08-13,18.12,3.85,5.33,123.0146,3.54,5434.43,79.81,fred_public_csv
2024-08-14,16.19,3.83,5.33,122.4297,3.46,5455.21,78.47,fred_public_csv
2024-08-15,15.23,3.92,5.33,122.5844,3.31,5543.22,79.66,fred_public_csv
2024-08-16,14.8,3.89,5.33,122.3972,3.29,5554.25,78.05,fred_public_csv
2024-08-17,14.8,3.89,5.33,122.3972,3.29,5554.25,78.05,fred_public_csv
2024-08-18,14.8,3.89,5.33,122.3972,3.29,5554.25,78.05,fred_public_csv
2024-08-19,14.65,3.86,5.33,121.8788,3.21,5608.25,75.82,fred_public_csv
2024-08-20,15.88,3.82,5.33,121.7728,3.25,5597.12,75.27,fred_public_csv
2024-08-21,16.27,3.79,5.33,121.8535,3.27,5620.85,72.76,fred_public_csv
2024-08-22,17.55,3.86,5.33,122.3626,3.21,5570.64,73.72,fred_public_csv
2024-08-23,15.86,3.81,5.33,121.4597,3.19,5634.61,75.82,fred_public_csv
2024-08-24,15.86,3.81,5.33,121.4597,3.19,5634.61,75.82,fred_public_csv
2024-08-25,15.86,3.81,5.33,121.4597,3.19,5634.61,75.82,fred_public_csv
2024-08-26,16.15,3.82,5.33,121.6943,3.15,5616.84,78.4,fred_public_csv
2024-08-27,15.43,3.83,5.33,121.8672,3.17,5625.8,76.5,fred_public_csv
2024-08-28,17.11,3.84,5.33,121.8943,3.19,5592.18,75.49,fred_public_csv
2024-08-29,15.65,3.87,5.33,122.2333,3.15,5591.96,76.9,fred_public_csv
2024-08-30,15,3.91,5.33,122.3262,3.13,5648.4,74.52,fred_public_csv
2024-08-31,15,3.91,5.33,122.3262,3.17,5648.4,74.52,fred_public_csv
2024-09-01,15,3.91,5.33,122.3262,3.17,5648.4,74.52,fred_public_csv
2024-09-02,15.55,3.91,5.33,122.3262,3.17,5648.4,74.52,fred_public_csv
2024-09-03,20.72,3.84,5.33,122.7811,3.31,5528.93,71.28,fred_public_csv
2024-09-04,21.32,3.77,5.33,122.5144,3.35,5520.07,70.11,fred_public_csv
2024-09-05,19.9,3.73,5.33,122.4533,3.29,5503.41,70.09,fred_public_csv
2024-09-06,22.38,3.72,5.33,122.4991,3.39,5408.42,68.58,fred_public_csv
2024-09-07,22.38,3.72,5.33,122.4991,3.39,5408.42,68.58,fred_public_csv
2024-09-08,22.38,3.72,5.33,122.4991,3.39,5408.42,68.58,fred_public_csv
2024-09-09,19.45,3.7,5.33,122.7156,3.36,5471.05,69.65,fred_public_csv
2024-09-10,19.08,3.65,5.33,123.0071,3.46,5495.52,66.73,fred_public_csv
2024-09-11,17.69,3.65,5.33,122.7754,3.44,5554.13,68.25,fred_public_csv
2024-09-12,17.07,3.68,5.33,122.4423,3.39,5595.76,69.89,fred_public_csv
2024-09-13,16.56,3.66,5.33,121.6551,3.37,5626.02,69.59,fred_public_csv
2024-09-14,16.56,3.66,5.33,121.6551,3.37,5626.02,69.59,fred_public_csv
2024-09-15,16.56,3.66,5.33,121.6551,3.37,5626.02,69.59,fred_public_csv
2024-09-16,17.14,3.63,5.33,121.4976,3.32,5633.09,71.1,fred_public_csv
2024-09-17,17.61,3.65,5.33,121.6031,3.25,5634.58,72.16,fred_public_csv
2024-09-18,18.23,3.7,5.33,121.5618,3.21,5618.26,71.87,fred_public_csv
2024-09-19,16.33,3.73,4.83,121.3059,3.1,5713.64,72.86,fred_public_csv
2024-09-20,16.15,3.73,4.83,121.4052,3.15,5702.55,72.72,fred_public_csv
2024-09-21,16.15,3.73,4.83,121.4052,3.15,5702.55,72.72,fred_public_csv
2024-09-22,16.15,3.73,4.83,121.4052,3.15,5702.55,72.72,fred_public_csv
2024-09-23,15.89,3.75,4.83,121.4303,3.15,5718.57,71.33,fred_public_csv
2024-09-24,15.39,3.74,4.83,121.1291,3.21,5732.93,72.34,fred_public_csv
2024-09-25,15.41,3.79,4.83,121.4447,3.19,5722.26,70.42,fred_public_csv
2024-09-26,15.37,3.79,4.83,121.0785,3.14,5745.37,68.28,fred_public_csv
2024-09-27,16.96,3.75,4.83,121.1111,3.14,5738.17,68.72,fred_public_csv
2024-09-28,16.96,3.75,4.83,121.1111,3.14,5738.17,68.72,fred_public_csv
2024-09-29,16.96,3.75,4.83,121.1111,3.14,5738.17,68.72,fred_public_csv
2024-09-30,16.73,3.81,4.83,121.2864,3.03,5762.48,68.75,fred_public_csv
2024-10-01,19.26,3.74,4.83,121.6881,3.07,5708.75,70.41,fred_public_csv
2024-10-02,18.9,3.79,4.83,121.5724,3.06,5709.54,70.74,fred_public_csv
2024-10-03,20.49,3.85,4.83,122.1197,3.04,5699.94,74.33,fred_public_csv
2024-10-04,19.21,3.98,4.83,122.2197,2.89,5751.07,74.93,fred_public_csv
2024-10-05,19.21,3.98,4.83,122.2197,2.89,5751.07,74.93,fred_public_csv
2024-10-06,19.21,3.98,4.83,122.2197,2.89,5751.07,74.93,fred_public_csv
2024-10-07,22.64,4.03,4.83,122.4241,2.95,5695.94,77.76,fred_public_csv
2024-10-08,21.42,4.04,4.83,122.6625,2.99,5751.13,74.26,fred_public_csv
2024-10-09,20.86,4.06,4.83,122.8821,2.94,5792.04,73.85,fred_public_csv
2024-10-10,20.93,4.09,4.83,123.0951,2.99,5780.05,76.46,fred_public_csv
2024-10-11,20.46,4.08,4.83,122.9805,2.98,5815.03,76.11,fred_public_csv
2024-10-12,20.46,4.08,4.83,122.9805,2.98,5815.03,76.11,fred_public_csv
2024-10-13,20.46,4.08,4.83,122.9805,2.98,5815.03,76.11,fred_public_csv
2024-10-14,19.7,4.08,4.83,122.9805,2.97,5859.85,76.11,fred_public_csv
2024-10-15,20.64,4.03,4.83,123.5124,2.93,5815.26,71.22,fred_public_csv
2024-10-16,19.58,4.02,4.83,123.9235,2.9,5842.47,70.97,fred_public_csv
2024-10-17,19.11,4.09,4.83,124.1122,2.89,5841.47,71.26,fred_public_csv
2024-10-18,18.03,4.08,4.83,123.9185,2.88,5864.67,69.78,fred_public_csv
2024-10-19,18.03,4.08,4.83,123.9185,2.88,5864.67,69.78,fred_public_csv
2024-10-20,18.03,4.08,4.83,123.9185,2.88,5864.67,69.78,fred_public_csv
2024-10-21,18.37,4.19,4.83,124.4757,2.88,5853.98,71.16,fred_public_csv
2024-10-22,18.2,4.2,4.83,124.4107,2.92,5851.2,72.84,fred_public_csv
2024-10-23,19.24,4.24,4.83,124.6931,2.95,5797.42,71.37,fred_public_csv
2024-10-24,19.08,4.21,4.83,124.5127,2.93,5809.86,70.58,fred_public_csv
2024-10-25,20.33,4.25,4.83,124.6105,2.89,5808.12,72.02,fred_public_csv
2024-10-26,20.33,4.25,4.83,124.6105,2.89,5808.12,72.02,fred_public_csv
2024-10-27,20.33,4.25,4.83,124.6105,2.89,5808.12,72.02,fred_public_csv
2024-10-28,19.8,4.28,4.83,124.8076,2.82,5823.52,67.65,fred_public_csv
2024-10-29,19.34,4.28,4.83,124.8612,2.85,5832.92,67.48,fred_public_csv
2024-10-30,20.35,4.29,4.83,124.8153,2.8,5813.67,68.91,fred_public_csv
2024-10-31,23.16,4.28,4.83,124.7988,2.88,5705.45,69.58,fred_public_csv
2024-11-01,21.88,4.37,4.83,124.8076,2.83,5728.8,69.81,fred_public_csv
2024-11-02,21.88,4.37,4.83,124.8076,2.83,5728.8,69.81,fred_public_csv
2024-11-03,21.88,4.37,4.83,124.8076,2.83,5728.8,69.81,fred_public_csv
2024-11-04,21.98,4.31,4.83,124.5903,2.87,5712.69,71.83,fred_public_csv
2024-11-05,20.49,4.26,4.83,124.5532,2.86,5782.76,72.26,fred_public_csv
2024-11-06,16.27,4.42,4.83,125.7035,2.74,5929.04,71.98,fred_public_csv
2024-11-07,15.2,4.31,4.83,124.775,2.73,5973.1,72.69,fred_public_csv
2024-11-08,14.94,4.3,4.58,125.5811,2.63,5995.54,70.69,fred_public_csv
2024-11-09,14.94,4.3,4.58,125.5811,2.63,5995.54,70.69,fred_public_csv
2024-11-10,14.94,4.3,4.58,125.5811,2.63,5995.54,70.69,fred_public_csv
2024-11-11,14.97,4.3,4.58,125.5811,2.63,6001.35,70.69,fred_public_csv
2024-11-12,14.71,4.43,4.58,126.7762,2.61,5983.99,68.43,fred_public_csv
2024-11-13,14.02,4.44,4.58,126.9572,2.64,5985.38,68.76,fred_public_csv
2024-11-14,14.31,4.43,4.58,127.0015,2.6,5949.17,68.99,fred_public_csv
2024-11-15,16.14,4.43,4.58,126.8848,2.72,5870.62,67.33,fred_public_csv
2024-11-16,16.14,4.43,4.58,126.8848,2.72,5870.62,67.33,fred_public_csv
2024-11-17,16.14,4.43,4.58,126.8848,2.72,5870.62,67.33,fred_public_csv
2024-11-18,15.58,4.42,4.58,126.6045,2.72,5893.62,69.46,fred_public_csv
2024-11-19,16.35,4.39,4.58,126.3994,2.69,5916.98,69.75,fred_public_csv
2024-11-20,17.16,4.41,4.58,126.88,2.67,5917.11,69.25,fred_public_csv
2024-11-21,16.87,4.43,4.58,127.1047,2.61,5948.71,70.39,fred_public_csv
2024-11-22,15.24,4.41,4.58,127.4712,2.61,5969.34,71.68,fred_public_csv
2024-11-23,15.24,4.41,4.58,127.4712,2.61,5969.34,71.68,fred_public_csv
2024-11-24,15.24,4.41,4.58,127.4712,2.61,5969.34,71.68,fred_public_csv
2024-11-25,14.6,4.27,4.58,126.9948,2.64,5987.37,69.41,fred_public_csv
2024-11-26,14.1,4.3,4.58,127.4301,2.68,6021.63,69.05,fred_public_csv
2024-11-27,14.1,4.25,4.58,126.8205,2.69,5998.74,69.03,fred_public_csv
2024-11-28,13.9,4.25,4.58,126.8205,2.69,5998.74,69.03,fred_public_csv
2024-11-29,13.51,4.18,4.58,126.5798,2.72,6032.38,68.26,fred_public_csv
2024-11-30,13.51,4.18,4.58,126.5798,2.74,6032.38,68.26,fred_public_csv
2024-12-01,13.51,4.18,4.58,126.5798,2.74,6032.38,68.26,fred_public_csv
2024-12-02,13.34,4.19,4.58,127.1272,2.68,6047.15,68.35,fred_public_csv
2024-12-03,13.3,4.23,4.58,126.9565,2.66,6049.88,70.15,fred_public_csv
2024-12-04,13.45,4.19,4.58,126.7574,2.66,6086.49,68.81,fred_public_csv
2024-12-05,13.54,4.17,4.58,126.4286,2.66,6075.11,68.58,fred_public_csv
2024-12-06,12.77,4.15,4.58,126.688,2.67,6090.27,68.58,fred_public_csv
2024-12-07,12.77,4.15,4.58,126.688,2.67,6090.27,68.58,fred_public_csv
2024-12-08,12.77,4.15,4.58,126.688,2.67,6090.27,68.58,fred_public_csv
2024-12-09,14.19,4.2,4.58,126.5981,2.67,6052.85,68.65,fred_public_csv
2024-12-10,14.18,4.22,4.58,126.957,2.67,6034.91,68.85,fred_public_csv
2024-12-11,13.58,4.26,4.58,126.8483,2.64,6084.19,70.57,fred_public_csv
2024-12-12,13.92,4.32,4.58,126.9556,2.66,6051.25,70.25,fred_public_csv
2024-12-13,13.81,4.4,4.58,127.3096,2.68,6051.09,71.54,fred_public_csv
2024-12-14,13.81,4.4,4.58,127.3096,2.68,6051.09,71.54,fred_public_csv
2024-12-15,13.81,4.4,4.58,127.3096,2.68,6051.09,71.54,fred_public_csv
2024-12-16,14.69,4.39,4.58,127.2687,2.69,6074.08,71.03,fred_public_csv
2024-12-17,15.87,4.4,4.58,127.5043,2.75,6050.61,70.31,fred_public_csv
2024-12-18,27.62,4.5,4.58,127.6418,2.73,5872.16,70.8,fred_public_csv
2024-12-19,24.09,4.57,4.33,128.6366,2.91,5867.08,70.1,fred_public_csv
2024-12-20,18.36,4.52,4.33,127.893,2.86,5930.85,69.71,fred_public_csv
2024-12-21,18.36,4.52,4.33,127.893,2.86,5930.85,69.71,fred_public_csv
2024-12-22,18.36,4.52,4.33,127.893,2.86,5930.85,69.71,fred_public_csv
2024-12-23,16.78,4.59,4.33,128.3021,2.85,5974.07,69.5,fred_public_csv
2024-12-24,14.27,4.59,4.33,128.3377,2.86,6040.04,70.87,fred_public_csv
2024-12-25,14.27,4.59,4.33,128.3377,2.86,6040.04,70.87,fred_public_csv
2024-12-26,14.73,4.58,4.33,128.3329,2.86,6037.59,70.38,fred_public_csv
2024-12-27,15.95,4.62,4.33,128.45,2.84,5970.84,71.28,fred_public_csv
2024-12-28,15.95,4.62,4.33,128.45,2.84,5970.84,71.28,fred_public_csv
2024-12-29,15.95,4.62,4.33,128.45,2.84,5970.84,71.28,fred_public_csv
2024-12-30,17.4,4.55,4.33,128.8205,2.94,5906.94,71.73,fred_public_csv
2024-12-31,17.35,4.58,4.33,129.2775,2.92,5881.63,72.44,fred_public_csv
2025-01-01,17.35,4.58,4.33,129.2775,2.92,5881.63,72.44,fred_public_csv
2025-01-02,17.93,4.57,4.33,129.4598,2.88,5868.55,73.79,fred_public_csv
2025-01-03,16.13,4.6,4.33,129.4535,2.81,5942.47,74.64,fred_public_csv
2025-01-04,16.13,4.6,4.33,129.4535,2.81,5942.47,74.64,fred_public_csv
2025-01-05,16.13,4.6,4.33,129.4535,2.81,5942.47,74.64,fred_public_csv
2025-01-06,16.04,4.62,4.33,128.538,2.76,5975.38,74.31,fred_public_csv
2025-01-07,17.82,4.67,4.33,128.613,2.79,5909.03,74.99,fred_public_csv
2025-01-08,17.7,4.67,4.33,129.0785,2.84,5918.25,73.99,fred_public_csv
2025-01-09,18.07,4.68,4.33,129.2827,2.82,5918.25,73.99,fred_public_csv
2025-01-10,19.54,4.77,4.33,129.8664,2.81,5827.04,77.27,fred_public_csv
2025-01-11,19.54,4.77,4.33,129.8664,2.81,5827.04,77.27,fred_public_csv
2025-01-12,19.54,4.77,4.33,129.8664,2.81,5827.04,77.27,fred_public_csv
2025-01-13,19.19,4.79,4.33,130.0413,2.85,5836.22,79.57,fred_public_csv
2025-01-14,18.71,4.78,4.33,129.3812,2.8,5842.91,78.2,fred_public_csv
2025-01-15,16.12,4.66,4.33,129.2092,2.72,5949.91,80.73,fred_public_csv
2025-01-16,16.6,4.61,4.33,129.436,2.73,5937.34,79.35,fred_public_csv
2025-01-17,15.97,4.61,4.33,129.4859,2.64,5996.66,78.56,fred_public_csv
2025-01-18,15.97,4.61,4.33,129.4859,2.64,5996.66,78.56,fred_public_csv
2025-01-19,15.97,4.61,4.33,129.4859,2.64,5996.66,78.56,fred_public_csv
2025-01-20,15.81,4.61,4.33,129.4859,2.64,5996.66,78.56,fred_public_csv
2025-01-21,15.06,4.57,4.33,128.4151,2.61,6049.24,76.79,fred_public_csv
2025-01-22,15.1,4.6,4.33,128.3402,2.59,6086.37,76.12,fred_public_csv
2025-01-23,15.02,4.65,4.33,128.2162,2.61,6118.71,75.03,fred_public_csv
2025-01-24,14.85,4.63,4.33,127.4611,2.6,6101.24,74.97,fred_public_csv
2025-01-25,14.85,4.63,4.33,127.4611,2.6,6101.24,74.97,fred_public_csv
2025-01-26,14.85,4.63,4.33,127.4611,2.6,6101.24,74.97,fred_public_csv
2025-01-27,17.9,4.53,4.33,128.0912,2.66,6012.28,73.51,fred_public_csv
2025-01-28,16.41,4.55,4.33,128.2817,2.66,6067.7,74.15,fred_public_csv
2025-01-29,16.56,4.55,4.33,128.3418,2.68,6039.31,72.94,fred_public_csv
2025-01-30,15.84,4.52,4.33,128.1004,2.67,6071.17,73.1,fred_public_csv
2025-01-31,16.43,4.58,4.33,128.4828,2.68,6040.53,72.84,fred_public_csv
2025-02-01,16.43,4.58,4.33,128.4828,2.68,6040.53,72.84,fred_public_csv
2025-02-02,16.43,4.58,4.33,128.4828,2.68,6040.53,72.84,fred_public_csv
2025-02-03,18.62,4.54,4.33,129.109,2.73,5994.57,73.52,fred_public_csv
2025-02-04,17.21,4.52,4.33,128.1083,2.71,6037.88,73.04,fred_public_csv
2025-02-05,15.77,4.43,4.33,127.9751,2.69,6061.48,71.39,fred_public_csv
2025-02-06,15.5,4.45,4.33,128.2017,2.66,6083.57,70.97,fred_public_csv
2025-02-07,16.54,4.49,4.33,128.4292,2.67,6025.99,71.32,fred_public_csv
2025-02-08,16.54,4.49,4.33,128.4292,2.67,6025.99,71.32,fred_public_csv
2025-02-09,16.54,4.49,4.33,128.4292,2.67,6025.99,71.32,fred_public_csv
2025-02-10,15.81,4.51,4.33,128.6382,2.66,6066.44,72.73,fred_public_csv
2025-02-11,16.02,4.54,4.33,128.4322,2.66,6068.5,73.67,fred_public_csv
2025-02-12,15.89,4.62,4.33,128.3288,2.65,6051.97,71.72,fred_public_csv
2025-02-13,15.1,4.52,4.33,127.8931,2.65,6115.07,71.66,fred_public_csv
2025-02-14,14.77,4.47,4.33,127.1491,2.62,6114.63,71.05,fred_public_csv
2025-02-15,14.77,4.47,4.33,127.1491,2.62,6114.63,71.05,fred_public_csv
2025-02-16,14.77,4.47,4.33,127.1491,2.62,6114.63,71.05,fred_public_csv
2025-02-17,15.37,4.47,4.33,127.1491,2.62,6114.63,71.05,fred_public_csv
2025-02-18,15.35,4.55,4.33,127.2906,2.62,6129.58,72.21,fred_public_csv
2025-02-19,15.27,4.53,4.33,127.7317,2.68,6144.15,72.58,fred_public_csv
2025-02-20,15.66,4.5,4.33,127.1126,2.66,6117.52,72.88,fred_public_csv
2025-02-21,18.21,4.42,4.33,127.1408,2.78,6013.13,70.72,fred_public_csv
2025-02-22,18.21,4.42,4.33,127.1408,2.78,6013.13,70.72,fred_public_csv
2025-02-23,18.21,4.42,4.33,127.1408,2.78,6013.13,70.72,fred_public_csv
2025-02-24,18.98,4.4,4.33,127.1921,2.78,5983.25,71.06,fred_public_csv
2025-02-25,19.43,4.3,4.33,127.3752,2.84,5955.25,69.15,fred_public_csv
2025-02-26,19.1,4.25,4.33,127.2822,2.81,5956.06,68.87,fred_public_csv
2025-02-27,21.13,4.29,4.33,127.9704,2.81,5861.57,70.62,fred_public_csv
2025-02-28,19.63,4.24,4.33,128.2805,2.87,5954.5,69.97,fred_public_csv
2025-03-01,19.63,4.24,4.33,128.2805,2.87,5954.5,69.97,fred_public_csv
2025-03-02,19.63,4.24,4.33,128.2805,2.87,5954.5,69.97,fred_public_csv
2025-03-03,22.78,4.16,4.33,127.75,2.94,5849.72,68.63,fred_public_csv
2025-03-04,23.51,4.22,4.33,127.9966,2.99,5778.15,68.47,fred_public_csv
2025-03-05,21.93,4.28,4.33,126.504,2.88,5842.63,66.58,fred_public_csv
2025-03-06,24.87,4.29,4.33,126.1099,2.99,5738.52,66.62,fred_public_csv
2025-03-07,23.37,4.32,4.33,125.9814,2.97,5770.2,67.29,fred_public_csv
2025-03-08,23.37,4.32,4.33,125.9814,2.97,5770.2,67.29,fred_public_csv
2025-03-09,23.37,4.32,4.33,125.9814,2.97,5770.2,67.29,fred_public_csv
2025-03-10,27.86,4.22,4.33,126.268,3.16,5614.56,66.31,fred_public_csv
2025-03-11,26.92,4.28,4.33,126.0457,3.22,5572.07,66.52,fred_public_csv
2025-03-12,24.23,4.32,4.33,125.8664,3.2,5599.3,67.65,fred_public_csv
2025-03-13,24.66,4.27,4.33,126.0031,3.4,5521.52,66.82,fred_public_csv
2025-03-14,21.77,4.31,4.33,125.6942,3.25,5638.94,67.43,fred_public_csv
2025-03-15,21.77,4.31,4.33,125.6942,3.25,5638.94,67.43,fred_public_csv
2025-03-16,21.77,4.31,4.33,125.6942,3.25,5638.94,67.43,fred_public_csv
2025-03-17,20.51,4.31,4.33,125.3688,3.18,5675.12,67.84,fred_public_csv
2025-03-18,21.7,4.29,4.33,125.488,3.23,5614.66,67.49,fred_public_csv
2025-03-19,19.9,4.25,4.33,125.8006,3.19,5675.29,67.4,fred_public_csv
2025-03-20,19.8,4.24,4.33,125.985,3.17,5662.89,68.55,fred_public_csv
2025-03-21,19.28,4.25,4.33,126.2679,3.21,5667.56,68.52,fred_public_csv
2025-03-22,19.28,4.25,4.33,126.2679,3.21,5667.56,68.52,fred_public_csv
2025-03-23,19.28,4.25,4.33,126.2679,3.21,5667.56,68.52,fred_public_csv
2025-03-24,17.48,4.34,4.33,126.1956,3.05,5767.57,69.46,fred_public_csv
2025-03-25,17.15,4.31,4.33,126.0535,3.09,5776.65,69.48,fred_public_csv
2025-03-26,18.33,4.35,4.33,126.2364,3.19,5712.2,70.05,fred_public_csv
2025-03-27,18.69,4.38,4.33,126.3626,3.27,5693.31,70.3,fred_public_csv
2025-03-28,21.65,4.27,4.33,126.4187,3.47,5580.94,69.74,fred_public_csv
2025-03-29,21.65,4.27,4.33,126.4187,3.47,5580.94,69.74,fred_public_csv
2025-03-30,21.65,4.27,4.33,126.4187,3.47,5580.94,69.74,fred_public_csv
2025-03-31,22.28,4.23,4.33,126.7075,3.55,5611.85,71.87,fred_public_csv
2025-04-01,21.77,4.17,4.33,126.4338,3.5,5633.07,71.61,fred_public_csv
2025-04-02,21.51,4.2,4.33,126.3811,3.42,5670.97,72.12,fred_public_csv
2025-04-03,30.02,4.06,4.33,124.7316,4.01,5396.52,67.43,fred_public_csv
2025-04-04,45.31,4.01,4.33,125.8129,4.45,5074.08,62.42,fred_public_csv
2025-04-05,45.31,4.01,4.33,125.8129,4.45,5074.08,62.42,fred_public_csv
2025-04-06,45.31,4.01,4.33,125.8129,4.45,5074.08,62.42,fred_public_csv
2025-04-07,46.98,4.15,4.33,126.8282,4.61,5062.25,61.05,fred_public_csv
2025-04-08,52.33,4.26,4.33,126.8668,4.57,4982.77,60.04,fred_public_csv
2025-04-09,33.62,4.34,4.33,126.628,4.37,5456.9,62.63,fred_public_csv
2025-04-10,40.72,4.4,4.33,125.089,4.42,5268.05,60.57,fred_public_csv
2025-04-11,37.56,4.48,4.33,124.0163,4.26,5363.36,61.91,fred_public_csv
2025-04-12,37.56,4.48,4.33,124.0163,4.26,5363.36,61.91,fred_public_csv
2025-04-13,37.56,4.48,4.33,124.0163,4.26,5363.36,61.91,fred_public_csv
2025-04-14,30.89,4.38,4.33,123.6598,4.14,5405.97,61.99,fred_public_csv
2025-04-15,30.12,4.35,4.33,123.776,4.09,5396.63,61.74,fred_public_csv
2025-04-16,32.64,4.29,4.33,123.2724,4.16,5275.7,62.88,fred_public_csv
2025-04-17,29.65,4.34,4.33,123.1298,4.02,5282.7,65.07,fred_public_csv
2025-04-18,29.65,4.34,4.33,122.9865,4.02,5282.7,65.07,fred_public_csv
2025-04-19,29.65,4.34,4.33,122.9865,4.02,5282.7,65.07,fred_public_csv
2025-04-20,29.65,4.34,4.33,122.9865,4.02,5282.7,65.07,fred_public_csv
2025-04-21,33.82,4.42,4.33,122.3145,4.16,5158.2,63.48,fred_public_csv
2025-04-22,30.57,4.41,4.33,122.4175,3.99,5287.76,64.6,fred_public_csv
2025-04-23,28.45,4.4,4.33,123.0252,3.75,5375.86,62.64,fred_public_csv
2025-04-24,26.47,4.32,4.33,122.9251,3.73,5484.77,63.55,fred_public_csv
2025-04-25,24.84,4.29,4.33,122.8858,3.67,5525.21,63.85,fred_public_csv
2025-04-26,24.84,4.29,4.33,122.8858,3.67,5525.21,63.85,fred_public_csv
2025-04-27,24.84,4.29,4.33,122.8858,3.67,5525.21,63.85,fred_public_csv
2025-04-28,25.15,4.23,4.33,122.7176,3.73,5528.75,63.3,fred_public_csv
2025-04-29,24.17,4.19,4.33,122.5944,3.74,5560.83,61.84,fred_public_csv
2025-04-30,24.7,4.17,4.33,122.5921,3.94,5569.06,59.55,fred_public_csv
2025-05-01,24.6,4.25,4.33,123.1405,3.78,5604.14,60.59,fred_public_csv
2025-05-02,22.68,4.33,4.33,122.4962,3.6,5686.67,59.67,fred_public_csv
2025-05-03,22.68,4.33,4.33,122.4962,3.6,5686.67,59.67,fred_public_csv
2025-05-04,22.68,4.33,4.33,122.4962,3.6,5686.67,59.67,fred_public_csv
2025-05-05,23.64,4.36,4.33,122.2613,3.6,5650.38,58.5,fred_public_csv
2025-05-06,24.76,4.3,4.33,122.0417,3.66,5606.91,60.42,fred_public_csv
2025-05-07,23.55,4.26,4.33,122.117,3.67,5631.28,59.42,fred_public_csv
2025-05-08,22.48,4.37,4.33,122.7568,3.51,5663.94,61.25,fred_public_csv
2025-05-09,21.9,4.37,4.33,122.5191,3.53,5659.91,62.37,fred_public_csv
2025-05-10,21.9,4.37,4.33,122.5191,3.53,5659.91,62.37,fred_public_csv
2025-05-11,21.9,4.37,4.33,122.5191,3.53,5659.91,62.37,fred_public_csv
2025-05-12,18.39,4.45,4.33,123.4863,3.15,5844.19,63.32,fred_public_csv
2025-05-13,18.22,4.49,4.33,122.9583,3.09,5886.55,65.04,fred_public_csv
2025-05-14,18.62,4.53,4.33,122.6746,3.1,5892.58,64.48,fred_public_csv
2025-05-15,17.83,4.45,4.33,122.8174,3.2,5916.93,63.03,fred_public_csv
2025-05-16,17.24,4.43,4.33,123.0737,3.16,5958.38,63.84,fred_public_csv
2025-05-17,17.24,4.43,4.33,123.0737,3.16,5958.38,63.84,fred_public_csv
2025-05-18,17.24,4.43,4.33,123.0737,3.16,5958.38,63.84,fred_public_csv
2025-05-19,18.14,4.46,4.33,122.4186,3.21,5963.6,63.98,fred_public_csv
2025-05-20,18.09,4.48,4.33,122.3199,3.2,5940.46,63.97,fred_public_csv
2025-05-21,20.87,4.58,4.33,121.7496,3.25,5844.61,62.93,fred_public_csv
2025-05-22,20.28,4.54,4.33,122.0429,3.32,5842.01,62.55,fred_public_csv
2025-05-23,22.29,4.51,4.33,121.3837,3.4,5802.82,62.89,fred_public_csv
2025-05-24,22.29,4.51,4.33,121.3837,3.4,5802.82,62.89,fred_public_csv
2025-05-25,22.29,4.51,4.33,121.3837,3.4,5802.82,62.89,fred_public_csv
2025-05-26,20.57,4.51,4.33,121.3837,3.4,5802.82,62.89,fred_public_csv
2025-05-27,18.96,4.43,4.33,121.6099,3.24,5921.54,61.61,fred_public_csv
2025-05-28,19.31,4.47,4.33,121.9888,3.23,5888.55,62.54,fred_public_csv
2025-05-29,19.18,4.43,4.33,121.5617,3.22,5912.17,61.66,fred_public_csv
2025-05-30,18.57,4.41,4.33,121.7674,3.31,5911.69,61.46,fred_public_csv
2025-05-31,18.57,4.41,4.33,121.7674,3.32,5911.69,61.46,fred_public_csv
2025-06-01,18.57,4.41,4.33,121.7674,3.32,5911.69,61.46,fred_public_csv
2025-06-02,18.36,4.46,4.33,121.1881,3.27,5935.94,63.27,fred_public_csv
2025-06-03,17.69,4.46,4.33,121.4592,3.19,5970.37,64.1,fred_public_csv
2025-06-04,17.61,4.37,4.33,121.0539,3.23,5970.81,63.57,fred_public_csv
2025-06-05,18.48,4.4,4.33,120.9596,3.18,5939.3,64.06,fred_public_csv
2025-06-06,16.77,4.51,4.33,121.161,3.09,6000.36,65.3,fred_public_csv
2025-06-07,16.77,4.51,4.33,121.161,3.09,6000.36,65.3,fred_public_csv
2025-06-08,16.77,4.51,4.33,121.161,3.09,6000.36,65.3,fred_public_csv
2025-06-09,17.16,4.49,4.33,120.9103,3.12,6005.88,65.99,fred_public_csv
2025-06-10,16.95,4.47,4.33,121.0485,3.12,6038.81,65.66,fred_public_csv
2025-06-11,17.26,4.41,4.33,120.587,3.12,6022.24,68.91,fred_public_csv
2025-06-12,18.02,4.36,4.33,120.1723,3.17,6045.26,68.73,fred_public_csv
2025-06-13,20.82,4.41,4.33,120.3245,3.18,5976.97,73.84,fred_public_csv
2025-06-14,20.82,4.41,4.33,120.3245,3.18,5976.97,73.84,fred_public_csv
2025-06-15,20.82,4.41,4.33,120.3245,3.18,5976.97,73.84,fred_public_csv
2025-06-16,19.11,4.46,4.33,120.1565,3.1,6033.11,72.53,fred_public_csv
2025-06-17,21.6,4.39,4.33,120.5048,3.17,5982.72,75.62,fred_public_csv
2025-06-18,20.14,4.38,4.33,120.7305,3.16,5980.87,75.89,fred_public_csv
2025-06-19,22.17,4.38,4.33,120.7305,3.16,5980.87,75.89,fred_public_csv
2025-06-20,20.62,4.38,4.33,121.0408,3.13,5967.84,75.72,fred_public_csv
2025-06-21,20.62,4.38,4.33,121.0408,3.13,5967.84,75.72,fred_public_csv
2025-06-22,20.62,4.38,4.33,121.0408,3.13,5967.84,75.72,fred_public_csv
2025-06-23,19.83,4.34,4.33,121.1694,3.12,6025.17,69.36,fred_public_csv
2025-06-24,17.48,4.3,4.33,120.3645,3.06,6092.18,65.45,fred_public_csv
2025-06-25,16.76,4.29,4.33,120.3336,3.04,6092.16,65.98,fred_public_csv
2025-06-26,16.59,4.26,4.33,119.6451,3.04,6141.02,66.44,fred_public_csv
2025-06-27,16.32,4.29,4.33,119.659,3.02,6173.07,66.66,fred_public_csv
2025-06-28,16.32,4.29,4.33,119.659,3.02,6173.07,66.66,fred_public_csv
2025-06-29,16.32,4.29,4.33,119.659,3.02,6173.07,66.66,fred_public_csv
2025-06-30,16.73,4.24,4.33,119.4088,2.96,6204.95,66.3,fred_public_csv
2025-07-01,16.83,4.26,4.33,119.3436,2.91,6198.01,66.64,fred_public_csv
2025-07-02,16.64,4.3,4.33,119.3037,2.88,6227.42,68.66,fred_public_csv
2025-07-03,16.38,4.35,4.33,119.2382,2.8,6279.35,68.13,fred_public_csv
2025-07-04,17.48,4.35,4.33,119.2382,2.8,6279.35,68.13,fred_public_csv
2025-07-05,17.48,4.35,4.33,119.2382,2.8,6279.35,68.13,fred_public_csv
2025-07-06,17.48,4.35,4.33,119.2382,2.8,6279.35,68.13,fred_public_csv
2025-07-07,17.79,4.4,4.33,119.6201,2.86,6229.98,69.16,fred_public_csv
2025-07-08,16.81,4.42,4.33,119.8371,2.92,6225.52,69.55,fred_public_csv
2025-07-09,15.94,4.34,4.33,119.7311,2.94,6263.26,69.61,fred_public_csv
2025-07-10,15.78,4.35,4.33,119.8343,2.92,6280.46,67.78,fred_public_csv
2025-07-11,16.4,4.43,4.33,119.9214,2.97,6259.75,69.63,fred_public_csv
2025-07-12,16.4,4.43,4.33,119.9214,2.97,6259.75,69.63,fred_public_csv
2025-07-13,16.4,4.43,4.33,119.9214,2.97,6259.75,69.63,fred_public_csv
2025-07-14,17.2,4.43,4.33,120.2209,2.95,6268.56,68.19,fred_public_csv
2025-07-15,17.38,4.5,4.33,120.5105,2.95,6243.76,67.76,fred_public_csv
2025-07-16,17.16,4.46,4.33,120.4175,3,6263.7,67.13,fred_public_csv
2025-07-17,16.52,4.47,4.33,120.6384,2.91,6297.36,68.76,fred_public_csv
2025-07-18,16.41,4.44,4.33,120.356,2.93,6296.79,68.53,fred_public_csv
2025-07-19,16.41,4.44,4.33,120.356,2.93,6296.79,68.53,fred_public_csv
2025-07-20,16.41,4.44,4.33,120.356,2.93,6296.79,68.53,fred_public_csv
2025-07-21,16.65,4.38,4.33,119.9961,2.89,6305.6,68.39,fred_public_csv
2025-07-22,16.5,4.35,4.33,119.681,2.9,6309.62,67.56,fred_public_csv
2025-07-23,15.37,4.4,4.33,119.5697,2.83,6358.91,66.05,fred_public_csv
2025-07-24,15.39,4.43,4.33,119.5664,2.82,6363.35,67.16,fred_public_csv
2025-07-25,14.93,4.4,4.33,119.9857,2.84,6388.64,66.38,fred_public_csv
2025-07-26,14.93,4.4,4.33,119.9857,2.84,6388.64,66.38,fred_public_csv
2025-07-27,14.93,4.4,4.33,119.9857,2.84,6388.64,66.38,fred_public_csv
2025-07-28,15.03,4.42,4.33,120.6149,2.82,6389.77,67.81,fred_public_csv
2025-07-29,15.98,4.34,4.33,120.9674,2.86,6370.86,70.27,fred_public_csv
2025-07-30,15.48,4.38,4.33,121.4042,2.89,6362.9,71.09,fred_public_csv
2025-07-31,16.72,4.37,4.33,121.721,2.86,6339.39,70.36,fred_public_csv
2025-08-01,20.38,4.23,4.33,121.2122,3.13,6238.01,68.39,fred_public_csv
2025-08-02,20.38,4.23,4.33,121.2122,3.13,6238.01,68.39,fred_public_csv
2025-08-03,20.38,4.23,4.33,121.2122,3.13,6238.01,68.39,fred_public_csv
2025-08-04,17.52,4.22,4.33,120.9859,3.02,6329.94,67.33,fred_public_csv
2025-08-05,17.85,4.22,4.33,120.9082,2.98,6299.19,66.2,fred_public_csv
2025-08-06,16.77,4.22,4.33,120.5082,2.98,6345.06,65.38,fred_public_csv
2025-08-07,16.57,4.23,4.33,120.5043,2.95,6340,64.9,fred_public_csv
2025-08-08,15.15,4.27,4.33,120.3329,2.94,6389.45,64.94,fred_public_csv
2025-08-09,15.15,4.27,4.33,120.3329,2.94,6389.45,64.94,fred_public_csv
2025-08-10,15.15,4.27,4.33,120.3329,2.94,6389.45,64.94,fred_public_csv
2025-08-11,16.25,4.27,4.33,120.6892,2.94,6373.45,65.03,fred_public_csv
2025-08-12,14.73,4.29,4.33,120.2736,2.93,6445.76,64.22,fred_public_csv
2025-08-13,14.49,4.24,4.33,120.13,2.9,6466.58,63.68,fred_public_csv
2025-08-14,14.83,4.29,4.33,120.6446,2.89,6468.54,64.99,fred_public_csv
2025-08-15,15.09,4.33,4.33,120.3377,2.88,6449.8,63.78,fred_public_csv
2025-08-16,15.09,4.33,4.33,120.3377,2.88,6449.8,63.78,fred_public_csv
2025-08-17,15.09,4.33,4.33,120.3377,2.88,6449.8,63.78,fred_public_csv
2025-08-18,14.99,4.34,4.33,120.5622,2.88,6449.15,64.51,fred_public_csv
2025-08-19,15.57,4.3,4.33,120.7224,2.9,6411.37,63.38,fred_public_csv
2025-08-20,15.69,4.29,4.33,120.7757,2.94,6395.78,64.19,fred_public_csv
2025-08-21,16.6,4.33,4.33,121.0843,2.95,6370.17,64.56,fred_public_csv
2025-08-22,14.22,4.26,4.33,120.2774,2.88,6466.91,64.08,fred_public_csv
2025-08-23,14.22,4.26,4.33,120.2774,2.88,6466.91,64.08,fred_public_csv
2025-08-24,14.22,4.26,4.33,120.2774,2.88,6466.91,64.08,fred_public_csv
2025-08-25,14.79,4.28,4.33,120.4214,2.8,6439.32,65.18,fred_public_csv
2025-08-26,14.62,4.26,4.33,120.5274,2.78,6465.94,63.6,fred_public_csv
2025-08-27,14.85,4.24,4.33,120.7274,2.78,6481.4,64.49,fred_public_csv
2025-08-28,14.43,4.22,4.33,120.2595,2.75,6501.86,64.96,fred_public_csv
2025-08-29,15.36,4.23,4.33,120.2082,2.82,6460.26,64.36,fred_public_csv
2025-08-30,15.36,4.23,4.33,120.2082,2.82,6460.26,64.36,fred_public_csv
2025-08-31,15.36,4.23,4.33,120.2082,2.84,6460.26,64.36,fred_public_csv
2025-09-01,16.12,4.23,4.33,120.2082,2.84,6460.26,64.36,fred_public_csv
2025-09-02,17.17,4.28,4.33,120.6837,2.92,6415.54,65.95,fred_public_csv
2025-09-03,16.35,4.22,4.33,120.5052,2.88,6448.26,64.36,fred_public_csv
2025-09-04,15.3,4.17,4.33,120.7629,2.84,6502.08,63.81,fred_public_csv
2025-09-05,15.18,4.1,4.33,120.1282,2.83,6481.5,62.22,fred_public_csv
2025-09-06,15.18,4.1,4.33,120.1282,2.83,6481.5,62.22,fred_public_csv
2025-09-07,15.18,4.1,4.33,120.1282,2.83,6481.5,62.22,fred_public_csv
2025-09-08,15.11,4.05,4.33,120.0971,2.84,6495.15,62.6,fred_public_csv
2025-09-09,15.04,4.08,4.33,120.1569,2.87,6512.61,62.97,fred_public_csv
2025-09-10,15.35,4.04,4.33,120.1223,2.84,6532.04,64.01,fred_public_csv
2025-09-11,14.71,4.01,4.33,119.9534,2.78,6587.47,62.71,fred_public_csv
2025-09-12,14.76,4.06,4.33,120.0611,2.79,6584.29,63.02,fred_public_csv
2025-09-13,14.76,4.06,4.33,120.0611,2.79,6584.29,63.02,fred_public_csv
2025-09-14,14.76,4.06,4.33,120.0611,2.79,6584.29,63.02,fred_public_csv
2025-09-15,15.69,4.05,4.33,119.5644,2.75,6615.28,63.66,fred_public_csv
2025-09-16,16.36,4.04,4.33,119.1348,2.79,6606.76,64.89,fred_public_csv
2025-09-17,15.72,4.06,4.33,119.1582,2.79,6600.35,64.41,fred_public_csv
2025-09-18,15.7,4.11,4.08,119.6616,2.71,6631.96,63.91,fred_public_csv
2025-09-19,15.45,4.14,4.08,119.7858,2.72,6664.36,63.02,fred_public_csv
2025-09-20,15.45,4.14,4.08,119.7858,2.72,6664.36,63.02,fred_public_csv
2025-09-21,15.45,4.14,4.08,119.7858,2.72,6664.36,63.02,fred_public_csv
2025-09-22,16.1,4.15,4.09,119.8152,2.69,6693.75,62.99,fred_public_csv
2025-09-23,16.64,4.12,4.09,119.6202,2.71,6656.92,63.76,fred_public_csv
2025-09-24,16.18,4.16,4.09,120.1707,2.7,6637.97,65.4,fred_public_csv
2025-09-25,16.74,4.18,4.09,120.5419,2.76,6604.72,65.51,fred_public_csv
2025-09-26,15.29,4.2,4.09,120.4349,2.75,6643.7,66.5,fred_public_csv
2025-09-27,15.29,4.2,4.09,120.4349,2.75,6643.7,66.5,fred_public_csv
2025-09-28,15.29,4.2,4.09,120.4349,2.75,6643.7,66.5,fred_public_csv
2025-09-29,16.12,4.15,4.09,120.115,2.74,6661.21,64.27,fred_public_csv
2025-09-30,16.28,4.16,4.09,120.1368,2.8,6688.46,63.17,fred_public_csv
2025-10-01,16.29,4.12,4.09,120.1502,2.81,6711.2,62.59,fred_public_csv
2025-10-02,16.63,4.1,4.09,120.4296,2.81,6715.35,61.28,fred_public_csv
2025-10-03,16.65,4.13,4.09,120.0881,2.8,6715.79,61.65,fred_public_csv
2025-10-04,16.65,4.13,4.09,120.0881,2.8,6715.79,61.65,fred_public_csv
2025-10-05,16.65,4.13,4.09,120.0881,2.8,6715.79,61.65,fred_public_csv
2025-10-06,16.37,4.18,4.09,120.2722,2.76,6740.28,62.49,fred_public_csv
2025-10-07,17.24,4.14,4.09,120.4884,2.82,6714.59,62.52,fred_public_csv
2025-10-08,16.3,4.13,4.1,120.7766,2.84,6753.72,63.37,fred_public_csv
2025-10-09,16.43,4.14,4.1,121.0902,2.95,6735.11,62.36,fred_public_csv
2025-10-10,21.66,4.05,4.1,121.1163,3.18,6552.51,59.75,fred_public_csv
2025-10-11,21.66,4.05,4.1,121.1163,3.18,6552.51,59.75,fred_public_csv
2025-10-12,21.66,4.05,4.1,121.1163,3.18,6552.51,59.75,fred_public_csv
2025-10-13,19.03,4.05,4.1,121.1163,3.18,6654.72,59.75,fred_public_csv
2025-10-14,20.81,4.03,4.1,121.1822,3.11,6644.31,59.52,fred_public_csv
2025-10-15,20.64,4.05,4.1,120.8642,2.95,6671.06,59.08,fred_public_csv
2025-10-16,25.31,3.99,4.11,120.6698,3.04,6629.07,58.29,fred_public_csv
2025-10-17,20.78,4.02,4.11,120.7028,3.04,6664.01,58.3,fred_public_csv
2025-10-18,20.78,4.02,4.11,120.7028,3.04,6664.01,58.3,fred_public_csv
2025-10-19,20.78,4.02,4.11,120.7028,3.04,6664.01,58.3,fred_public_csv
2025-10-20,18.23,4,4.11,120.6209,2.99,6735.13,58.34,fred_public_csv
2025-10-21,17.87,3.98,4.11,120.8895,2.97,6735.35,58.66,fred_public_csv
2025-10-22,18.6,3.97,4.11,120.8958,3.01,6699.4,59.3,fred_public_csv
2025-10-23,17.3,4.01,4.11,120.9531,2.96,6738.44,62.44,fred_public_csv
2025-10-24,16.37,4.02,4.11,120.9345,2.88,6791.69,62.27,fred_public_csv
2025-10-25,16.37,4.02,4.11,120.9345,2.88,6791.69,62.27,fred_public_csv
2025-10-26,16.37,4.02,4.11,120.9345,2.88,6791.69,62.27,fred_public_csv
2025-10-27,15.79,4.01,4.12,120.7988,2.8,6875.16,62.13,fred_public_csv
2025-10-28,16.42,3.99,4.12,120.6361,2.82,6890.89,60.97,fred_public_csv
2025-10-29,16.92,4.08,4.12,120.5312,2.76,6890.59,61.26,fred_public_csv
2025-10-30,16.91,4.11,3.87,121.2832,2.85,6822.34,61.36,fred_public_csv
2025-10-31,17.44,4.11,3.86,121.3859,2.94,6840.2,61.75,fred_public_csv
2025-11-01,17.44,4.11,3.86,121.3859,2.94,6840.2,61.75,fred_public_csv
2025-11-02,17.44,4.11,3.86,121.3859,2.94,6840.2,61.75,fred_public_csv
2025-11-03,17.17,4.13,3.87,121.4512,3.04,6851.97,61.79,fred_public_csv
2025-11-04,19,4.1,3.87,121.8271,3.13,6771.55,61.38,fred_public_csv
2025-11-05,18.01,4.17,3.87,121.8482,3.05,6796.29,60.4,fred_public_csv
2025-11-06,19.5,4.11,3.87,121.6948,3.13,6720.32,60.24,fred_public_csv
2025-11-07,19.08,4.11,3.87,121.388,3.15,6728.8,60.54,fred_public_csv
2025-11-08,19.08,4.11,3.87,121.388,3.15,6728.8,60.54,fred_public_csv
2025-11-09,19.08,4.11,3.87,121.388,3.15,6728.8,60.54,fred_public_csv
2025-11-10,17.6,4.13,3.87,121.2984,3.02,6832.43,60.94,fred_public_csv
2025-11-11,17.28,4.13,3.87,121.2984,3.02,6846.61,60.94,fred_public_csv
2025-11-12,17.51,4.08,3.87,121.0458,3.02,6850.92,59.3,fred_public_csv
2025-11-13,20,4.11,3.88,120.7725,3.09,6737.49,59.54,fred_public_csv
2025-11-14,19.83,4.14,3.88,120.9666,3.07,6734.11,60.87,fred_public_csv
2025-11-15,19.83,4.14,3.88,120.9666,3.07,6734.11,60.87,fred_public_csv
2025-11-16,19.83,4.14,3.88,120.9666,3.07,6734.11,60.87,fred_public_csv
2025-11-17,22.38,4.13,3.88,121.1146,3.13,6672.41,60.66,fred_public_csv
2025-11-18,24.69,4.12,3.88,121.2127,3.2,6617.32,61.51,fred_public_csv
2025-11-19,23.66,4.13,3.88,121.4978,3.17,6642.16,60.27,fred_public_csv
2025-11-20,26.42,4.1,3.88,121.6889,3.17,6538.76,60.07,fred_public_csv
2025-11-21,23.43,4.06,3.88,121.8653,3.19,6602.99,58.86,fred_public_csv
2025-11-22,23.43,4.06,3.88,121.8653,3.19,6602.99,58.86,fred_public_csv
2025-11-23,23.43,4.06,3.88,121.8653,3.19,6602.99,58.86,fred_public_csv
2025-11-24,20.52,4.04,3.88,121.9171,3.15,6705.12,59.11,fred_public_csv
2025-11-25,18.56,4.01,3.88,121.6335,3.1,6765.88,58.25,fred_public_csv
2025-11-26,17.19,4,3.88,121.2437,3,6812.61,58.81,fred_public_csv
2025-11-27,17.21,4,3.88,121.2437,3,6812.61,58.81,fred_public_csv
2025-11-28,16.35,4.02,3.89,121.0527,2.95,6849.09,58.58,fred_public_csv
2025-11-29,16.35,4.02,3.89,121.0527,2.95,6849.09,58.58,fred_public_csv
2025-11-30,16.35,4.02,3.89,121.0527,2.92,6849.09,58.58,fred_public_csv
2025-12-01,17.24,4.09,3.89,120.9862,2.94,6812.63,59.47,fred_public_csv
2025-12-02,16.59,4.09,3.89,121.1467,2.92,6829.37,58.81,fred_public_csv
2025-12-03,16.08,4.06,3.89,120.7336,2.89,6849.72,59.09,fred_public_csv
2025-12-04,15.78,4.11,3.89,120.6766,2.88,6857.12,59.82,fred_public_csv
2025-12-05,15.41,4.14,3.89,120.6863,2.85,6870.4,60.23,fred_public_csv
2025-12-06,15.41,4.14,3.89,120.6863,2.85,6870.4,60.23,fred_public_csv
2025-12-07,15.41,4.14,3.89,120.6863,2.85,6870.4,60.23,fred_public_csv
2025-12-08,16.66,4.17,3.89,120.776,2.89,6846.51,59.04,fred_public_csv
2025-12-09,16.93,4.18,3.89,120.6832,2.89,6840.51,58.4,fred_public_csv
2025-12-10,15.77,4.13,3.89,120.6752,2.91,6886.68,58.67,fred_public_csv
2025-12-11,14.85,4.14,3.64,119.98,2.88,6901,57.76,fred_public_csv
2025-12-12,15.74,4.19,3.64,120.1442,2.91,6827.41,57.61,fred_public_csv
2025-12-13,15.74,4.19,3.64,120.1442,2.91,6827.41,57.61,fred_public_csv
2025-12-14,15.74,4.19,3.64,120.1442,2.91,6827.41,57.61,fred_public_csv
2025-12-15,16.5,4.18,3.64,119.9561,2.91,6816.51,56.97,fred_public_csv
2025-12-16,16.48,4.15,3.64,119.8902,2.98,6800.26,55.44,fred_public_csv
2025-12-17,17.62,4.16,3.64,120.155,2.99,6721.43,56.07,fred_public_csv
2025-12-18,16.87,4.12,3.64,120.0528,2.95,6774.76,56.22,fred_public_csv
2025-12-19,14.91,4.16,3.64,120.1652,2.9,6834.5,56.8,fred_public_csv
2025-12-20,14.91,4.16,3.64,120.1652,2.9,6834.5,56.8,fred_public_csv
2025-12-21,14.91,4.16,3.64,120.1652,2.9,6834.5,56.8,fred_public_csv
2025-12-22,14.08,4.17,3.64,119.9912,2.88,6878.49,58.18,fred_public_csv
2025-12-23,14,4.18,3.64,119.7057,2.83,6909.79,58.55,fred_public_csv
2025-12-24,13.47,4.15,3.64,119.4372,2.84,6932.05,58.72,fred_public_csv
2025-12-25,13.47,4.15,3.64,119.4372,2.84,6932.05,58.72,fred_public_csv
2025-12-26,13.6,4.14,3.64,119.4723,2.86,6929.94,56.6,fred_public_csv
2025-12-27,13.6,4.14,3.64,119.4723,2.86,6929.94,56.6,fred_public_csv
2025-12-28,13.6,4.14,3.64,119.4723,2.86,6929.94,56.6,fred_public_csv
2025-12-29,14.2,4.12,3.64,119.5899,2.87,6905.74,57.89,fred_public_csv
2025-12-30,14.33,4.14,3.64,119.4939,2.84,6896.24,57.79,fred_public_csv
2025-12-31,14.95,4.18,3.64,119.7456,2.81,6845.5,57.26,fred_public_csv
2026-01-01,14.95,4.18,3.64,119.7456,2.81,6845.5,57.26,fred_public_csv
2026-01-02,14.51,4.19,3.64,119.6059,2.83,6858.47,57.21,fred_public_csv
2026-01-03,14.51,4.19,3.64,119.6059,2.83,6858.47,57.21,fred_public_csv
2026-01-04,14.51,4.19,3.64,119.6059,2.83,6858.47,57.21,fred_public_csv
2026-01-05,14.9,4.17,3.64,119.6192,2.81,6902.05,58.1,fred_public_csv
2026-01-06,14.75,4.18,3.64,119.7807,2.79,6944.82,56.97,fred_public_csv
2026-01-07,15.38,4.15,3.64,119.8719,2.79,6920.93,56.01,fred_public_csv
2026-01-08,15.45,4.19,3.64,120.0904,2.76,6921.46,57.74,fred_public_csv
2026-01-09,14.49,4.18,3.64,120.2215,2.74,6966.28,58.96,fred_public_csv
2026-01-10,14.49,4.18,3.64,120.2215,2.74,6966.28,58.96,fred_public_csv
2026-01-11,14.49,4.18,3.64,120.2215,2.74,6966.28,58.96,fred_public_csv
2026-01-12,15.12,4.19,3.64,119.9958,2.74,6977.27,59.39,fred_public_csv
2026-01-13,15.98,4.18,3.64,120.1401,2.75,6963.74,60.85,fred_public_csv
2026-01-14,16.75,4.15,3.64,119.9537,2.76,6926.6,61.84,fred_public_csv
2026-01-15,15.84,4.17,3.64,119.9951,2.71,6944.47,59.13,fred_public_csv
2026-01-16,15.86,4.24,3.64,120.0838,2.65,6940.01,59.4,fred_public_csv
2026-01-17,15.86,4.24,3.64,120.0838,2.65,6940.01,59.4,fred_public_csv
2026-01-18,15.86,4.24,3.64,120.0838,2.65,6940.01,59.4,fred_public_csv
2026-01-19,18.84,4.24,3.64,120.0838,2.65,6940.01,59.4,fred_public_csv
2026-01-20,20.09,4.3,3.64,119.4455,2.73,6796.86,60.3,fred_public_csv
2026-01-21,16.9,4.26,3.64,119.3431,2.69,6875.62,60.38,fred_public_csv
2026-01-22,15.64,4.26,3.64,119.1962,2.64,6913.35,59.24,fred_public_csv
2026-01-23,16.09,4.24,3.64,118.8976,2.68,6915.61,60.7,fred_public_csv
2026-01-24,16.09,4.24,3.64,118.8976,2.68,6915.61,60.7,fred_public_csv
2026-01-25,16.09,4.24,3.64,118.8976,2.68,6915.61,60.7,fred_public_csv
2026-01-26,16.15,4.22,3.64,118.0525,2.69,6950.23,60.46,fred_public_csv
2026-01-27,16.35,4.24,3.64,117.4523,2.71,6978.6,62.04,fred_public_csv
2026-01-28,16.35,4.26,3.64,117.5117,2.72,6978.03,62.75,fred_public_csv
2026-01-29,16.88,4.24,3.64,117.4396,2.77,6969.01,64.77,fred_public_csv
2026-01-30,17.44,4.26,3.64,117.8996,2.8,6939.03,64.5,fred_public_csv
2026-01-31,17.44,4.26,3.64,117.8996,2.88,6939.03,64.5,fred_public_csv
2026-02-01,17.44,4.26,3.64,117.8996,2.88,6939.03,64.5,fred_public_csv
2026-02-02,16.34,4.29,3.64,118.3609,2.81,6976.44,61.6,fred_public_csv
2026-02-03,18,4.28,3.64,117.9764,2.85,6917.81,62.62,fred_public_csv
2026-02-04,18.64,4.29,3.64,118.2602,2.86,6882.72,64.56,fred_public_csv
2026-02-05,21.77,4.21,3.64,118.5034,2.97,6798.4,62.9,fred_public_csv
2026-02-06,17.76,4.22,3.64,118.2407,2.87,6932.3,63.77,fred_public_csv
2026-02-07,17.76,4.22,3.64,118.2407,2.87,6932.3,63.77,fred_public_csv
2026-02-08,17.76,4.22,3.64,118.2407,2.87,6932.3,63.77,fred_public_csv
2026-02-09,17.36,4.22,3.64,117.6392,2.84,6964.82,64.53,fred_public_csv
2026-02-10,17.79,4.16,3.64,117.5216,2.86,6941.81,64.2,fred_public_csv
2026-02-11,17.65,4.18,3.64,117.4601,2.84,6941.47,64.8,fred_public_csv
2026-02-12,20.82,4.09,3.64,117.5376,2.92,6832.76,63.08,fred_public_csv
2026-02-13,20.6,4.04,3.64,117.5258,2.95,6836.17,63.05,fred_public_csv
2026-02-14,20.6,4.04,3.64,117.5258,2.95,6836.17,63.05,fred_public_csv
2026-02-15,20.6,4.04,3.64,117.5258,2.95,6836.17,63.05,fred_public_csv
2026-02-16,21.2,4.04,3.64,117.5258,2.94,6836.17,63.05,fred_public_csv
2026-02-17,20.29,4.05,3.64,117.7375,2.94,6843.22,62.53,fred_public_csv
2026-02-18,19.62,4.09,3.64,117.8426,2.86,6881.31,65.33,fred_public_csv
2026-02-19,20.23,4.08,3.64,118.2354,2.88,6861.89,66.66,fred_public_csv
2026-02-20,19.09,4.08,3.64,117.9917,2.86,6909.51,66.69,fred_public_csv
2026-02-21,19.09,4.08,3.64,117.9917,2.86,6909.51,66.69,fred_public_csv
2026-02-22,19.09,4.08,3.64,117.9917,2.86,6909.51,66.69,fred_public_csv
2026-02-23,21.01,4.03,3.64,117.9395,2.95,6837.75,66.36,fred_public_csv
2026-02-24,19.55,4.04,3.64,117.9463,2.97,6890.07,65.62,fred_public_csv
2026-02-25,17.93,4.05,3.64,117.769,2.94,6946.13,65.3,fred_public_csv
2026-02-26,18.63,4.02,3.64,117.9042,2.98,6908.86,65.1,fred_public_csv
2026-02-27,19.86,3.97,3.64,117.8223,3.1,6878.88,66.96,fred_public_csv
2026-02-28,19.86,3.97,3.64,117.8223,3.12,6878.88,66.96,fred_public_csv
2026-03-01,19.86,3.97,3.64,117.8223,3.12,6878.88,66.96,fred_public_csv
2026-03-02,21.44,4.05,3.64,118.667,3.03,6881.62,71.13,fred_public_csv
2026-03-03,23.57,4.06,3.64,119.4341,3.08,6816.63,74.48,fred_public_csv
2026-03-04,21.15,4.09,3.64,119.0705,2.97,6869.5,74.58,fred_public_csv
2026-03-05,23.75,4.13,3.64,119.5683,3,6830.71,80.88,fred_public_csv
2026-03-06,29.49,4.15,3.64,119.491,3.13,6740.02,90.77,fred_public_csv
2026-03-07,29.49,4.15,3.64,119.491,3.13,6740.02,90.77,fred_public_csv
2026-03-08,29.49,4.15,3.64,119.491,3.13,6740.02,90.77,fred_public_csv
2026-03-09,25.5,4.12,3.64,119.5151,3.19,6795.99,94.65,fred_public_csv
2026-03-10,24.93,4.15,3.64,118.7255,3.06,6781.48,83.71,fred_public_csv
2026-03-11,24.23,4.21,3.64,119.2885,3.09,6775.8,86.8,fred_public_csv
2026-03-12,27.29,4.27,3.64,119.8227,3.17,6672.62,95.61,fred_public_csv
2026-03-13,27.19,4.28,3.64,120.5518,3.28,6632.19,98.48,fred_public_csv
2026-03-14,27.19,4.28,3.64,120.5518,3.28,6632.19,98.48,fred_public_csv
2026-03-15,27.19,4.28,3.64,120.5518,3.28,6632.19,98.48,fred_public_csv
2026-03-16,23.51,4.23,3.64,120.097,3.27,6699.38,93.39,fred_public_csv
2026-03-17,22.37,4.2,3.64,119.8328,3.22,6716.09,96.01,fred_public_csv
2026-03-18,25.09,4.26,3.64,119.9276,3.2,6624.7,96.12,fred_public_csv
2026-03-19,24.06,4.25,3.64,120.1802,3.27,6606.49,96.11,fred_public_csv
2026-03-20,26.78,4.39,3.64,120.2757,3.24,6506.48,98.71,fred_public_csv
2026-03-21,26.78,4.39,3.64,120.2757,3.24,6506.48,98.71,fred_public_csv
2026-03-22,26.78,4.39,3.64,120.2757,3.24,6506.48,98.71,fred_public_csv
2026-03-23,26.15,4.34,3.64,119.9371,3.19,6581,89.33,fred_public_csv
2026-03-24,26.95,4.39,3.64,120.1295,3.19,6556.37,93.18,fred_public_csv
2026-03-25,25.33,4.33,3.64,120.1282,3.17,6591.9,91.51,fred_public_csv
2026-03-26,27.44,4.42,3.64,120.389,3.21,6477.16,96.18,fred_public_csv
2026-03-27,31.05,4.44,3.64,120.8851,3.42,6368.85,101.26,fred_public_csv
2026-03-28,31.05,4.44,3.64,120.8851,3.42,6368.85,101.26,fred_public_csv
2026-03-29,31.05,4.44,3.64,120.8851,3.42,6368.85,101.26,fred_public_csv
2026-03-30,30.61,4.35,3.64,121.2851,3.46,6343.72,104.69,fred_public_csv
2026-03-31,25.25,4.3,3.64,121.035,3.28,6528.52,102.86,fred_public_csv
2026-04-01,24.54,4.33,3.64,120.1198,3.16,6575.32,101.9,fred_public_csv
2026-04-02,23.87,4.31,3.64,120.503,3.17,6582.69,113.23,fred_public_csv
2026-04-03,23.87,4.35,3.64,120.6565,3.13,6582.69,113.23,fred_public_csv
2026-04-04,23.87,4.35,3.64,120.6565,3.13,6582.69,113.23,fred_public_csv
2026-04-05,23.87,4.35,3.64,120.6565,3.13,6582.69,113.23,fred_public_csv
2026-04-06,24.17,4.34,3.64,120.4302,3.05,6611.83,114.01,fred_public_csv
2026-04-07,25.78,4.33,3.64,120.32,3.12,6616.85,114.58,fred_public_csv
2026-04-08,21.04,4.29,3.64,119.0596,2.94,6782.81,96.17,fred_public_csv
2026-04-09,19.49,4.29,3.64,118.8998,2.9,6824.66,99.62,fred_public_csv
2026-04-10,19.23,4.31,3.64,118.8552,2.94,6816.89,98.34,fred_public_csv
2026-04-11,19.23,4.31,3.64,118.8552,2.94,6816.89,98.34,fred_public_csv
2026-04-12,19.23,4.31,3.64,118.8552,2.94,6816.89,98.34,fred_public_csv
2026-04-13,19.12,4.3,3.64,118.9916,2.95,6886.24,100.72,fred_public_csv
2026-04-14,18.36,4.26,3.64,118.3581,2.84,6967.38,93.07,fred_public_csv
2026-04-15,18.17,4.29,3.64,118.3623,2.85,7022.95,93.04,fred_public_csv
2026-04-16,17.94,4.32,3.64,118.3616,2.86,7041.28,96.46,fred_public_csv
2026-04-17,17.48,4.26,3.64,118.0795,2.83,7126.06,85.91,fred_public_csv
2026-04-18,17.48,4.26,3.64,118.0795,2.83,7126.06,85.91,fred_public_csv
2026-04-19,17.48,4.26,3.64,118.0795,2.83,7126.06,85.91,fred_public_csv
2026-04-20,18.87,4.26,3.64,118.2374,2.87,7109.14,91.06,fred_public_csv
2026-04-21,19.5,4.3,3.64,118.4331,2.85,7064.01,93.64,fred_public_csv
2026-04-22,18.92,4.3,3.64,118.6004,2.84,7137.9,94.76,fred_public_csv
2026-04-23,19.31,4.34,3.64,118.7155,2.86,7108.4,99.27,fred_public_csv
2026-04-24,18.71,4.31,3.64,118.7294,2.86,7165.08,98.42,fred_public_csv
2026-04-25,18.71,4.31,3.64,118.7294,2.86,7165.08,98.42,fred_public_csv
2026-04-26,18.71,4.31,3.64,118.7294,2.86,7165.08,98.42,fred_public_csv
2026-04-27,18.02,4.35,3.64,118.5458,2.84,7173.91,99.89,fred_public_csv
2026-04-28,17.83,4.36,3.64,118.7717,2.85,7138.8,103.45,fred_public_csv
2026-04-29,18.81,4.42,3.64,119.0975,2.82,7135.95,110.47,fred_public_csv
2026-04-30,16.89,4.4,3.64,118.671,2.83,7209.01,108.64,fred_public_csv
2026-05-01,16.99,4.39,3.64,118.3926,2.77,7230.12,105.38,fred_public_csv
2026-05-02,16.99,4.39,3.64,118.3926,2.77,7230.12,105.38,fred_public_csv
2026-05-03,16.99,4.39,3.64,118.3926,2.77,7230.12,105.38,fred_public_csv
2026-05-04,18.29,4.45,3.64,118.8264,2.78,7200.75,109.76,fred_public_csv
2026-05-05,17.38,4.43,3.64,118.6207,2.77,7259.22,105.66,fred_public_csv
2026-05-06,17.39,4.36,3.64,118.0982,2.75,7365.12,98.75,fred_public_csv
2026-05-07,17.08,4.41,3.63,118.0116,2.79,7337.11,98.38,fred_public_csv
2026-05-08,17.19,4.38,3.63,118.0392,2.81,7398.93,98.87,fred_public_csv
2026-05-09,17.19,4.38,3.63,118.0392,2.81,7398.93,98.87,fred_public_csv
2026-05-10,17.19,4.38,3.63,118.0392,2.81,7398.93,98.87,fred_public_csv
2026-05-11,18.38,4.42,3.63,118.0562,2.79,7412.84,101.56,fred_public_csv
2026-05-12,17.99,4.46,3.63,118.5238,2.82,7400.96,105.78,fred_public_csv
2026-05-13,17.87,4.46,3.63,118.4737,2.82,7444.25,104.52,fred_public_csv
2026-05-14,17.26,4.47,3.63,118.6696,2.76,7501.24,104.66,fred_public_csv
2026-05-15,18.43,4.59,3.63,119.2825,2.8,7408.5,108.99,fred_public_csv
2026-05-16,18.43,4.59,3.63,119.2825,2.8,7408.5,108.99,fred_public_csv
2026-05-17,18.43,4.59,3.63,119.2825,2.8,7408.5,108.99,fred_public_csv
2026-05-18,17.82,4.61,3.63,119.0574,2.83,7403.05,112.25,fred_public_csv
2026-05-19,18.06,4.67,3.62,119.451,2.86,7353.61,112.09,fred_public_csv
2026-05-20,17.44,4.57,3.62,119.1624,2.8,7432.97,101.69,fred_public_csv
2026-05-21,16.76,4.57,3.62,119.369,2.78,7445.72,100.2,fred_public_csv
2026-05-22,16.7,4.56,3.62,119.2868,2.74,7473.47,100.35,fred_public_csv
2026-05-23,16.7,4.56,3.62,119.2868,2.74,7473.47,100.35,fred_public_csv
2026-05-24,16.7,4.56,3.62,119.2868,2.74,7473.47,100.35,fred_public_csv
2026-05-25,16.59,4.56,3.62,119.2868,2.74,7473.47,100.35,fred_public_csv
2026-05-26,17.01,4.5,3.62,119.1696,2.72,7519.12,97.63,fred_public_csv
2026-05-27,16.29,4.48,3.62,119.1829,2.71,7520.36,92.35,fred_public_csv
2026-05-28,15.74,4.45,3.62,119.0318,2.72,7563.63,92.65,fred_public_csv
2026-05-29,15.32,4.45,3.62,118.8783,2.72,7580.06,91.16,fred_public_csv
2026-05-30,15.32,4.45,3.62,118.8783,2.72,7580.06,91.16,fred_public_csv
2026-05-31,15.32,4.45,3.62,118.8783,2.74,7580.06,91.16,fred_public_csv
2026-06-01,16.05,4.47,3.62,119.1653,2.72,7599.96,95.96,fred_public_csv
2026-06-02,15.77,4.46,3.62,119.0359,2.71,7609.78,97.47,fred_public_csv
2026-06-03,16.06,4.49,3.62,119.3848,2.75,7553.68,99.76,fred_public_csv
2026-06-04,15.4,4.47,3.62,119.3615,2.74,7584.31,96.83,fred_public_csv
2026-06-05,21.51,4.55,3.62,120.0831,2.76,7383.74,94.32,fred_public_csv
2026-06-06,21.51,4.55,3.62,120.0831,2.76,7383.74,94.32,fred_public_csv
2026-06-07,21.51,4.55,3.62,120.0831,2.76,7383.74,94.32,fred_public_csv
2026-06-08,18.92,4.56,3.62,120.034,2.75,7405.73,95,fred_public_csv
2026-06-09,19.87,4.53,3.62,119.9617,2.78,7386.65,91.9,fred_public_csv
2026-06-10,22.22,4.55,3.62,119.9134,2.8,7266.99,93.68,fred_public_csv
2026-06-11,19.44,4.45,3.62,120.1174,2.78,7394.3,91.58,fred_public_csv
2026-06-12,17.68,4.48,3.62,119.5073,2.71,7431.46,88.62,fred_public_csv
2026-06-13,17.68,4.48,3.62,119.5073,2.71,7431.46,88.62,fred_public_csv
2026-06-14,17.68,4.48,3.62,119.5073,2.71,7431.46,88.62,fred_public_csv
2026-06-15,16.2,4.47,3.63,119.3158,2.66,7554.29,84.65,fred_public_csv
2026-06-16,16.41,4.43,3.63,119.256,2.71,7511.35,79.8,fred_public_csv
2026-06-17,18.44,4.49,3.63,119.3871,2.63,7420.1,80.65,fred_public_csv
2026-06-18,16.4,4.46,3.63,120.3958,2.66,7500.58,80.35,fred_public_csv
2026-06-19,16.78,4.46,3.63,120.3958,2.66,7500.58,80.35,fred_public_csv
2026-06-20,16.78,4.46,3.63,120.3958,2.66,7500.58,80.35,fred_public_csv
2026-06-21,16.78,4.46,3.63,120.3958,2.66,7500.58,80.35,fred_public_csv
2026-06-22,17.28,4.51,3.63,120.5463,2.65,7472.79,78.94,fred_public_csv
2026-06-23,19.49,4.5,3.63,121.0552,2.71,7365.46,74.62,fred_public_csv
2026-06-24,18.63,4.41,3.63,121.412,2.76,7358.22,71.42,fred_public_csv
2026-06-25,18.89,4.4,3.63,121.0559,2.78,7357.49,72.67,fred_public_csv
2026-06-26,18.41,4.38,3.63,120.8866,2.83,7354.02,70.3,fred_public_csv
2026-06-27,18.41,4.38,3.63,120.8866,2.83,7354.02,70.3,fred_public_csv
2026-06-28,18.41,4.38,3.63,120.8866,2.83,7354.02,70.3,fred_public_csv
2026-06-29,17.65,4.38,3.63,120.9525,2.8,7440.43,71.87,fred_public_csv
2026-06-30,16.45,4.44,3.63,120.9248,2.75,7499.36,70.56,fred_public_csv
2026-07-01,16.59,4.48,3.63,121.1455,2.74,7483.23,69.74,fred_public_csv
2026-07-02,16.15,4.49,3.63,120.6902,2.75,7483.24,69.73,fred_public_csv
2026-07-03,15.81,4.49,3.63,120.6902,2.74,7483.24,69.73,fred_public_csv
2026-07-04,15.81,4.49,3.63,120.6902,2.74,7483.24,69.73,fred_public_csv
2026-07-05,15.81,4.49,3.63,120.6902,2.74,7483.24,69.73,fred_public_csv
2026-07-06,15.57,4.48,3.63,120.835,2.72,7537.43,69.6,fred_public_csv
2026-07-07,16.13,4.55,3.63,120.8145,2.67,7503.85,71.53,fred_public_csv
2026-07-08,16.9,4.56,3.62,121.1307,2.7,7482.71,74.56,fred_public_csv
2026-07-09,15.84,4.54,3.62,120.753,2.7,7543.64,73.15,fred_public_csv
2026-07-10,15.03,4.56,3.62,120.5046,2.69,7575.39,72.45,fred_public_csv
2026-07-11,15.03,4.56,3.62,120.5046,2.69,7575.39,72.45,fred_public_csv
2026-07-12,15.03,4.56,3.62,120.5046,2.69,7575.39,72.45,fred_public_csv
2026-07-13,17.16,4.62,3.62,120.7413,2.69,7515.34,79.2,fred_public_csv
2026-07-14,16.5,4.58,3.63,120.4728,2.72,7543.59,80.44,fred_public_csv
2026-07-15,15.67,4.55,3.63,120.3088,2.71,7572.4,80.73,fred_public_csv
2026-07-16,16.73,4.57,3.63,120.331,2.71,7533.77,80.03,fred_public_csv
2026-07-17,18.77,4.55,3.63,120.5315,2.73,7457.69,83.43,fred_public_csv
2026-07-18,18.77,4.55,3.63,120.5315,2.73,7457.69,83.43,fred_public_csv
2026-07-19,18.77,4.55,3.63,120.5315,2.73,7457.69,83.43,fred_public_csv
2026-07-20,18.65,4.6,3.63,120.5401,2.69,7443.28,84.38,fred_public_csv
2026-07-21,17.05,4.63,3.63,120.5779,2.69,7509.2,86.04,fred_public_csv
2026-07-22,16.64,4.67,3.63,120.5736,2.68,7498.96,87.66,fred_public_csv
2026-07-23,18.7,4.71,3.63,120.9075,2.77,7408.3,93.08,fred_public_csv
2026-07-24,18.58,4.69,3.63,120.7105,2.79,7411.98,91.74,fred_public_csv
2026-07-25,18.58,4.69,3.63,120.7105,2.79,7411.98,91.74,fred_public_csv
2026-07-26,18.58,4.69,3.63,120.7105,2.79,7411.98,91.74,fred_public_csv
2026-07-27,18.67,4.65,3.63,120.7739,2.81,7413.18,84.25,fred_public_csv
2026-07-28,18.21,4.61,3.63,120.6247,2.84,7428.78,80.91,fred_public_csv
2026-07-29,20.66,4.67,3.63,120.7892,2.87,7316.15,86.08,fred_public_csv
2026-07-30,17.09,4.68,3.63,119.6753,2.84,7437.63,85.15,fred_public_csv
2026-07-31,15.99,4.75,3.63,119.7034,2.85,7489.72,86.16,fred_public_csv
