timestamp_ms,open,high,low,close,volume
1609459200000,6.472,6.525,5.65,5.873,6648083.1600000001
1609545600000,5.873,5.895,5.182,5.43,8370206.7599999998
1609632000000,5.427,5.933,5.289,5.843,6684959.9500000002
1609718400000,5.843,6.309,5.25,6.057,9999434.4000000004
1609804800000,6.058,6.413,5.641,6.209,7218846.7800000003
1609891200000,6.209,6.97,5.884,6.708,9167535.4100000001
1609977600000,6.707,6.866,5.977,6.284,7448611.6200000001
1610064000000,6.283,6.361,5.668,5.94,6154893.3799999999
1610150400000,5.934,6.772,5.818,6.576,7462632.25
1610236800000,6.576,7.174,5.962,6.421,10593998.5299999993
1610323200000,6.417,6.445,5.002,5.729,10413354.25
1610409600000,5.735,6.149,5.519,5.718,5199455.5300000003
1610496000000,5.72,6.259,5.55,6.246,3915811.1400000001
1610582400000,6.247,6.619,6.152,6.486,5513093.5300000003
1610668800000,6.486,8.544,6.456,7.909,27189576.7699999996
1610755200000,7.909,9.64,7.533,9.048,20356366.4100000001
1610841600000,9.046,9.236,8.021,8.555,10964625.0299999993
1610928000000,8.552,9.879,8.55,9.57,11829055.2599999998
1611014400000,9.572,10.219,8.844,8.9,7108198.4699999997
1611100800000,8.903,9.504,7.95,8.915,8093118.1399999997
1611187200000,8.917,8.98,7.069,7.167,7313837
1611273600000,7.166,8.471,6.6,7.988,7284132.9800000004
1611360000000,7.988,8.692,7.85,8.344,6103305.8099999996
1611446400000,8.344,8.802,7.868,8.254,4589513.04
1611532800000,8.25,8.568,7.661,7.743,3901550.0899999999
1611619200000,7.742,7.965,7.377,7.743,3284495.8700000001
1611705600000,7.742,7.76,6.772,6.96,5799433.6900000004
1611792000000,6.96,8.56,6.814,8.052,9371964.5600000005
1611878400000,8.052,8.633,7.678,7.998,5783991.7199999997
1611964800000,8.001,8.325,7.765,8.075,3417877.4700000002
1612051200000,8.072,8.92,7.701,8.147,5906656.6100000003
1612137600000,8.151,9.317,7.836,9.308,6366162.96
1612224000000,9.308,9.377,8.727,8.931,4818510.8300000001
1612310400000,8.931,9.475,8.775,9.312,3948235.54
1612396800000,9.318,9.542,8.645,9.169,4812656.0300000003
1612483200000,9.17,12.865,9.018,12.218,13010382.6199999992
1612569600000,12.226,13.685,11.3,12.106,11530247.8800000008
1612656000000,12.106,14.064,11.452,13.861,11172666.8499999996
1612742400000,13.852,15.046,13.259,14.195,8874132.1099999994
1612828800000,14.201,15.536,13.819,15.076,5703165.7699999996
1612915200000,15.067,15.496,13.555,14.981,6491251.2300000004
1613001600000,14.979,18.4,14.782,17.621,7468243.5199999996
1613088000000,17.634,22.187,17.3,21.123,10877891.4700000007
1613174400000,21.127,22.116,19.2,20.303,5872238.54
1613260800000,20.31,20.78,18.518,19.133,4014780.75
1613347200000,19.144,25,14.786,22.543,14810197.5800000001
1613433600000,22.521,26.593,22.249,25.112,15625139.2300000004
1613520000000,25.122,25.881,22.515,23.881,8165345.2699999996
1613606400000,23.893,25.12,22.876,23.11,5362453.3300000001
1613692800000,23.119,23.619,21.497,22.979,4100832.79
1613779200000,22.979,24.578,20.378,21.673,6872379.21
1613865600000,21.66,22.708,20.821,21.613,5768373.0300000003
1613952000000,21.612,21.712,16.496,21.146,8657131.4100000001
1614038400000,21.154,23.358,15.107,20.139,16145856.2699999996
1614124800000,20.14,21.344,18.663,19.444,5991022.9299999997
1614211200000,19.455,20.618,17.551,17.765,5443778.5999999996
1614297600000,17.762,18.958,16.072,18.85,6743358.0099999998
1614384000000,18.851,20.995,18.614,19.135,6257823.2400000002
1614470400000,19.134,19.241,16.47,17.666,5118466.2699999996
1614556800000,17.667,18.872,17.49,18.737,3320129.2999999998
1614643200000,18.737,20.548,18.019,18.849,6177091.4900000002
1614729600000,18.837,22.038,18.604,21.437,6552797.4400000004
1614816000000,21.444,21.88,18.161,18.864,6676827.7199999997
1614902400000,18.866,19.451,17.935,18.7,3975158.4100000001
1614988800000,18.695,19.122,18.221,18.929,2404980.6800000002
1615075200000,18.935,19.556,18.633,19.511,2569199.46
1615161600000,19.514,19.895,18.6,19.416,2653386.52
1615248000000,19.422,21.232,19.089,21.162,5051303.4299999997
1615334400000,21.16,21.383,19.105,19.627,5259367.8200000003
1615420800000,19.623,19.782,18.586,19.366,3398425.6800000002
1615507200000,19.368,19.541,17.656,18.592,3723836.5899999999
1615593600000,18.59,19.948,17.852,19.417,3524899.7599999998
1615680000000,19.427,19.594,18.436,18.464,2800406.8900000001
1615766400000,18.461,21.095,17.9,19.865,7070159.5099999998
1615852800000,19.867,22.138,18.7,21.037,7289596.0800000001
1615939200000,21.039,21.698,19.557,20.94,4653555.8300000001
1616025600000,20.94,24.54,20.56,22.148,8245022.0499999998
1616112000000,22.149,23.232,21.489,22.219,4662799.4800000004
1616198400000,22.219,22.791,20.735,20.924,3103277.25
1616284800000,20.927,21.288,19.956,20.538,3061234.6899999999
1616371200000,20.533,21.196,18.86,19.198,3629950.3399999999
1616457600000,19.207,19.891,18.708,18.736,2818522.1099999999
1616544000000,18.733,19.819,16.378,17.449,4036430.5499999998
1616630400000,17.449,18.02,16.637,17.12,4329444.4199999999
1616716800000,17.123,19.023,17.083,18.955,3255449.3999999999
1616803200000,18.955,19.24,18.026,18.731,2600506.9900000002
1616889600000,18.732,19.915,18.462,19.373,3405632.6299999999
1616976000000,19.373,21.023,19.086,20.294,4488074.1399999997
1617062400000,20.295,20.687,19.511,20.009,3192899.9900000002
1617148800000,20.011,20.162,17.97,19.141,3842460.04
1617235200000,19.138,19.87,19,19.52,3018332.1299999999
1617321600000,19.517,20.5,19.179,20.352,3256351.23
1617408000000,20.354,22.638,19.8,20.064,8951680.8699999992
1617494400000,20.063,21.974,19.506,21.56,4170367.8300000001
1617580800000,21.56,22.33,20.231,21.491,5676463.3099999996
1617667200000,21.49,23.31,21.027,21.688,7771934.7999999998
1617753600000,21.69,22.17,18.602,19.587,7420453.7699999996
1617840000000,19.584,20.669,19.5,20.576,3176708.6000000001
1617926400000,20.568,21.588,20.54,21.42,3655951.7599999998
1618012800000,21.431,22.743,20.576,21.069,4986460.1699999999
1618099200000,21.075,23.614,20.756,23.45,4809569.5199999996
1618185600000,23.453,23.9,21.25,22.042,7531193.5899999999
1618272000000,22.04,24.987,21.377,23.892,7798367.1699999999
1618358400000,23.892,27.199,22.71,27.128,12097571.7799999993
1618444800000,27.128,28.643,26,27.821,9273421.1400000006
1618531200000,27.848,28.298,24.014,25.524,7810201.4500000002
1618617600000,25.524,27.565,24.317,24.358,6144655.5599999996
1618704000000,24.361,24.824,15.7,21.419,12815967.8499999996
1618790400000,21.417,22.265,18.878,19.224,7534284.2400000002
1618876800000,19.233,21.608,17.615,21.267,8015777.2599999998
1618963200000,21.261,21.513,19.375,19.585,5111625.7599999998
1619049600000,19.581,21.586,18.517,18.738,7138271.5899999999
1619136000000,18.741,20.52,16.559,20.508,9940640.9299999997
1619222400000,20.503,20.52,18.325,18.462,4784687.0899999999
1619308800000,18.463,19.671,17.6,18.706,4665596.6200000001
1619395200000,18.707,22.8,18.478,22.072,5878496.2400000002
1619481600000,22.077,23.454,21.711,23.093,4335159.5899999999
1619568000000,23.083,24.15,21.84,22.97,4514619.4299999997
1619654400000,22.974,23.068,21.15,22.228,4038706.6600000001
1619740800000,22.225,23.485,21.722,22.731,3660061.1899999999
1619827200000,22.728,24.531,22.449,23.836,5089271.6699999999
1619913600000,23.842,23.978,22.261,23.112,3458778.52
1620000000000,23.107,23.849,22.45,22.99,3680258.6400000001
1620086400000,22.995,23.34,20.801,20.974,5546041.0899999999
1620172800000,20.968,24.897,20.557,24.874,5060014.0499999998
1620259200000,24.89,27.159,24.08,25.559,8090832.3799999999
1620345600000,25.566,32.377,25.025,28.689,16231346.5199999996
1620432000000,28.695,31.489,26.896,29.528,9235347.4199999999
1620518400000,29.528,30.04,26.354,28.767,6258687.7800000003
1620604800000,28.765,29.947,23.244,25.355,6789631.5599999996
1620691200000,25.36,27.073,23.849,26.939,4897078.1799999997
1620777600000,26.933,27.8,22.277,22.896,6100934.7699999996
1620864000000,22.94,25.32,21.5,23.537,7206054.75
1620950400000,23.543,25.897,23.424,25.892,5347381.7400000002
1621036800000,25.892,28.775,24.439,24.512,10737655.9499999993
1621123200000,24.522,26.676,22.8,24.274,5855298.8300000001
1621209600000,24.264,24.272,20.663,21.116,6737497.0700000003
1621296000000,21.119,23.413,20.813,22.837,6587700.1600000001
1621382400000,22.848,23.514,8.737,13.769,14772152.3499999996
1621468800000,13.769,17.333,12.158,16.916,11233745.1799999997
1621555200000,16.912,17.543,11.354,13.554,10625320.3200000003
1621641600000,13.553,13.669,11.436,12.223,6959483.8799999999
1621728000000,12.229,13.083,8.476,11.634,12122485.3200000003
1621814400000,11.638,14.534,11.044,14.532,8994857.7699999996
1621900800000,14.521,14.952,12.371,13.921,7113986.2199999997
1621987200000,13.914,15.659,13.596,15.255,4861315.5700000003
1622073600000,15.262,15.3,13.557,14.521,4213213.0099999998
1622160000000,14.521,14.625,11.957,12.695,5120491.1600000001
1622246400000,12.695,14.386,11.375,12.054,6071500.0800000001
1622332800000,12.06,13.112,11.253,12.541,3793476.8300000001
1622419200000,12.54,13.989,11.889,13.949,3834137.6400000001
1622505600000,13.95,14.521,13.354,13.743,3862790.73
1622592000000,13.745,15.327,13.571,14.847,3722743.98
1622678400000,14.859,17.19,14.652,16.669,6955397.0599999996
1622764800000,16.669,17.114,14.009,15.061,5254292.6200000001
1622851200000,15.058,16.322,14.226,14.854,3800001.3900000001
1622937600000,14.85,15.406,14.469,15.122,2758148.6600000001
1623024000000,15.126,15.769,13.259,13.46,3626987.5800000001
1623110400000,13.458,13.79,12.003,13.558,5091331.2599999998
1623196800000,13.563,13.996,12.588,13.937,3853912.3199999998
1623283200000,13.938,14.051,12.551,12.83,3385791.2000000002
1623369600000,12.834,12.949,11.554,11.935,2836335.4300000002
1623456000000,11.934,12.05,10.908,11.611,3511900.23
1623542400000,11.612,12.525,11.288,12.525,3175029.96
1623628800000,12.523,13.385,12.201,13.297,3286539.9100000001
1623715200000,13.298,13.572,12.637,12.944,2774601.96
1623801600000,12.94,13.47,12.319,13.423,3576561.79
1623888000000,13.425,14.67,13.289,13.613,10574362.2799999993
1623974400000,13.613,13.62,11.916,12.457,4877669.5599999996
1624060800000,12.454,12.719,11.798,11.845,2972788.5499999998
1624147200000,11.849,12.389,11.03,11.979,3908267.2400000002
1624233600000,11.979,12.106,9.463,9.502,6462783.6699999999
1624320000000,9.504,10.563,7.81,8.99,9158045.1899999995
1624406400000,8.99,10.478,8.547,9.598,6298547.8499999996
1624492800000,9.597,10.69,9.002,10.379,6854746.5499999998
1624579200000,10.38,10.69,8.85,9.053,6872846.6399999997
1624665600000,9.054,9.587,8.643,9.58,5545018.5300000003
1624752000000,9.578,10.08,9.405,10.079,5887800.0199999996
1624838400000,10.08,10.889,9.912,10.886,4244731.9299999997
1624924800000,10.888,12.85,10.821,11.642,7969882.46
1625011200000,11.648,12.05,11.029,12.05,5290122.3899999997
1625097600000,12.05,12.069,10.71,11.027,3971381.3100000001
1625184000000,11.028,11.816,10.519,11.781,4394678.1500000004
1625270400000,11.781,12.193,11.519,11.807,3834719.7000000002
1625356800000,11.804,12.445,11.511,12.297,3113981
1625443200000,12.297,13.96,11.912,13.532,12267604.8499999996
1625529600000,13.534,14.045,12.809,13.124,6012452.6299999999
1625616000000,13.129,13.498,12.803,12.938,3948368.1499999999
1625702400000,12.94,12.971,11.656,11.912,4391336.8399999999
1625788800000,11.911,13.677,11.4,13.177,7650805.3099999996
1625875200000,13.177,14.5,12.945,14.422,7110325.3300000001
1625961600000,14.427,14.794,13.863,14.067,7756009.4100000001
1626048000000,14.067,14.13,12.756,12.975,5157231.9299999997
1626134400000,12.975,13.718,11.806,12.088,7033515.4800000004
1626220800000,12.086,12.221,11.008,11.734,7852489.3799999999
1626307200000,11.732,12.058,10.639,11.458,5858002.0199999996
1626393600000,11.466,13.15,10.957,11.166,16636602.5099999998
1626480000000,11.159,11.504,10.708,11.015,9763394.9100000001
1626566400000,11.015,11.549,10.733,10.971,5656703.96
1626652800000,10.973,11.064,9.923,9.977,5534971.6600000001
1626739200000,9.976,10.16,8.951,9.439,7095550.2400000002
1626825600000,9.441,10.695,9.131,10.472,6679920.9299999997
1626912000000,10.472,11.613,10.175,11.368,6456997.3499999996
1626998400000,11.368,11.545,10.672,11.439,6057286.2699999996
1627084800000,11.434,11.765,11.042,11.418,5317063.2199999997
1627171200000,11.422,11.615,10.964,11.44,4002181.8599999999
1627257600000,11.438,12.445,11.301,11.375,7029622.5499999998
1627344000000,11.372,11.812,11.011,11.698,4809329.21
1627430400000,11.702,11.974,11.372,11.593,4021434.6800000002
1627516800000,11.59,11.882,11.278,11.795,4381464.8099999996
1627603200000,11.794,12.19,11.425,12.128,4210042.0700000003
1627689600000,12.125,12.93,11.88,12.599,6021142.4400000004
1627776000000,12.597,13.455,12.127,12.316,6124791.6399999997
1627862400000,12.32,12.765,12.103,12.482,3862371.52
1627948800000,12.479,12.666,11.76,12.127,4136534.4500000002
1628035200000,12.128,12.929,11.958,12.818,4850144.8799999999
1628121600000,12.818,13.25,12.41,13.039,4561016.1500000004
1628208000000,13.039,14.04,12.731,13.609,5775867.9699999997
1628294400000,13.606,14.371,13.478,14.025,5033100.2999999998
1628380800000,14.026,14.256,13.016,13.147,4030101.6499999999
1628467200000,13.147,14.3,12.647,13.653,5685317.5099999998
1628553600000,13.652,14.433,13.45,14.124,5469066.4000000004
1628640000000,14.131,15.49,14.108,14.584,7301078.3200000003
1628726400000,14.576,15.23,13.561,14.079,5690805.6900000004
1628812800000,14.082,15.361,13.867,15.231,4244983.2800000003
1628899200000,15.231,15.8,14.709,15.574,5955870.8899999997
1628985600000,15.574,15.992,14.88,15.935,4979177.9699999997
1629072000000,15.936,16.701,15.5,15.798,7018041.0999999996
1629158400000,15.797,17.531,15.07,16.023,11767842.6999999993
1629244800000,16.027,18.572,15,17.965,12772126.9800000004
1629331200000,17.965,20.45,17.802,18.723,23334302.0500000007
1629417600000,18.723,20.024,18.387,18.943,10383604.8800000008
1629504000000,18.943,23.953,18.538,22.18,21185005.8599999994
1629590400000,22.181,24.769,21.001,21.871,14062198.2100000009
1629676800000,21.873,23.129,21.302,21.845,7834017.7800000003
1629763200000,21.845,22.079,19.22,19.569,8312819.8799999999
1629849600000,19.563,20.895,18.61,20.072,7610597.54
1629936000000,20.067,20.341,17.691,17.94,7353002.5999999996
1630022400000,17.944,20.589,17.255,20.44,9381037.0999999996
1630108800000,20.437,21.469,19.519,21.347,7260430.6100000003
1630195200000,21.341,22.453,20.341,21.241,9789989.8800000008
1630281600000,21.241,23.957,19.51,22.185,11818817.0700000003
1630368000000,22.18,26.28,21.6,22.925,24188632.0899999999
1630454400000,22.923,25.993,22.112,25.478,13065449.4100000001
1630540800000,25.477,25.801,23.529,24.168,6211897.7300000004
1630627200000,24.168,24.991,23.15,24.13,7191890.3200000003
1630713600000,24.124,25.504,23.8,24.437,6234929.4299999997
1630800000000,24.438,26.25,23.82,25.76,7774763.3200000003
1630886400000,25.748,27.154,23.38,25.129,10435759.7400000002
1630972800000,25.136,27.48,16.738,21.095,17002538.0100000016
1631059200000,21.094,21.877,18.5,20.717,9703655.4499999993
1631145600000,20.718,28.45,20.439,26.866,25911376.0599999987
1631232000000,26.857,30.48,24.509,29.428,35965931.1899999976
1631318400000,29.432,30.93,26.713,27.348,14433361.4800000004
1631404800000,27.35,35.253,25.981,34.895,23799913.8500000015
1631491200000,34.895,38.935,30.28,35.866,43984897.9099999964
1631577600000,35.882,37.949,32.822,34.192,24257247.0599999987
1631664000000,34.184,35.38,32.679,34.136,13894553.0500000007
1631750400000,34.135,37.3,31.176,37.137,22419890.2600000016
1631836800000,37.126,38.1,32.49,33.48,20338935.120000001
1631923200000,33.472,41.45,32.681,40.743,32080831.2199999988
1632009600000,40.738,44.639,37.787,44.27,38527168.8800000027
1632096000000,44.283,44.789,33.32,34.004,66500088.6300000027
1632182400000,34.011,37.184,28.83,30.421,49465684.0200000033
1632268800000,30.431,40.106,29.357,39.694,39070165.5399999991
1632355200000,39.693,43.368,38.827,41.473,36688715.5900000036
1632441600000,41.465,44.28,35.855,42.581,35886702.6199999973
1632528000000,42.568,43.085,38.806,39.467,18980652.9800000004
1632614400000,39.465,41.721,35.408,39.8,21784379.620000001
1632700800000,39.799,40.75,36.6,37.16,12968049.7599999998
1632787200000,37.162,37.883,33.357,33.684,13983147.5999999996
1632873600000,33.687,36.629,32.724,33.845,13836493.4800000004
1632960000000,33.845,36.259,33.442,36.192,12440745.0999999996
1633046400000,36.196,38.54,34.798,37.865,12883941.0199999996
1633132800000,37.871,41.678,37.162,38.653,12464009.1799999997
1633219200000,38.662,40.818,37.8,38.79,9821365.4600000009
1633305600000,38.795,38.84,35.975,36.814,11886152.25
1633392000000,36.82,38.395,35.392,36.806,10503025.2899999991
1633478400000,36.814,36.917,32.999,35.192,13140202.6199999992
1633564800000,35.197,38.049,33.8,36.721,12254480.4700000007
1633651200000,36.721,36.958,34.81,35.062,7954043.4699999997
1633737600000,35.062,36.15,34.612,35.216,5335613.0599999996
1633824000000,35.222,35.238,32.1,32.412,7445465.4299999997
1633910400000,32.413,34.427,31.02,32.02,8055335.96
1633996800000,32.026,34.336,29.92,33.495,15609631.9100000001
1634083200000,33.493,34.963,31.678,34.548,13312551.9399999995
1634169600000,34.547,35.761,33.504,33.864,9687957.6500000004
1634256000000,33.864,34.187,32.202,33.113,7894082.6399999997
1634342400000,33.121,34.676,32.916,33.157,6600501.8799999999
1634428800000,33.156,34.329,31.104,32.472,5736265.7999999998
1634515200000,32.475,32.699,31.077,31.891,5215689.1299999999
1634601600000,31.89,35.361,31.469,35.035,16705114.2400000002
1634688000000,35.022,36.939,33.528,35.976,12562586.3000000007
1634774400000,35.977,36.9,33.801,34.381,11843919.1799999997
1634860800000,34.387,36.226,33.651,34.109,11652756.3900000006
1634947200000,34.106,37.225,33.816,35.737,12813084.3800000008
1635033600000,35.737,36.066,33.5,34.288,7310684.2199999997
1635120000000,34.288,35.609,34.187,35.358,6221391.4500000002
1635206400000,35.358,43.3,35.1,42.997,29332287.6600000001
1635292800000,42.996,43.344,34.083,36.805,25993430.3500000015
1635379200000,36.81,40.709,36.101,38.049,13751743.9600000009
1635465600000,38.056,41.045,38.015,39.572,10621500.3100000005
1635552000000,39.569,39.588,36.135,37.316,6664987.1299999999
1635638400000,37.322,37.781,35.244,37.281,6933933.6900000004
1635724800000,37.282,38.224,34.646,37.339,8800451.6199999992
1635811200000,37.346,38.5,36.3,37.129,6820886.1399999997
1635897600000,37.13,38.714,35.52,38.548,10134414.0899999999
1635984000000,38.547,39.264,36.1,37.537,8822393.6300000008
1636070400000,37.541,38.99,36.364,36.804,6686556.2800000003
1636156800000,36.804,37.1,34.101,36.254,6374495
1636243200000,36.251,36.52,35.519,35.785,3852083.71
1636329600000,35.785,37.002,35.06,36.662,6944410.0499999998
1636416000000,36.665,38.015,35.488,35.856,9002629.5700000003
1636502400000,35.857,37.33,28,32.064,15831049.1699999999
1636588800000,32.064,34.025,31.655,32.951,8073929.6900000004
1636675200000,32.943,33.009,30.577,32.063,7317123.0499999998
1636761600000,32.063,33.2,31.952,32.541,4155283.02
1636848000000,32.537,33.312,31.13,31.946,4191903.1099999999
1636934400000,31.948,33.754,31.3,31.487,7766628.5199999996
1637020800000,31.486,31.487,27.3,28.274,14913888.9900000002
1637107200000,28.288,29.637,26.875,29.432,9214244.0099999998
1637193600000,29.43,29.799,25.25,26.658,12073712.2899999991
1637280000000,26.655,28.559,25.955,28.143,6920551.8200000003
1637366400000,28.144,29.87,27.807,29.444,5921420.9500000002
1637452800000,29.444,32,28.364,30.912,8235554.4699999997
1637539200000,30.926,33.8,28.955,32.193,24020872.6499999985
1637625600000,32.194,33.26,30.651,32.076,11255356.9800000004
1637712000000,32.081,32.103,29.171,29.645,8296989.7400000002
1637798400000,29.645,30.92,29.302,29.782,6068393.0700000003
1637884800000,29.782,30.33,25.147,27.09,15717521.8300000001
1637971200000,27.087,28.064,26.452,26.743,5505790.21
1638057600000,26.738,27.621,24.662,27.396,7114245.0899999999
1638144000000,27.391,28.439,26.731,28.101,6327145.8399999999
1638230400000,28.102,29.371,27,27.555,9625983.5
1638316800000,27.559,28.299,26.3,26.689,6343213.2599999998
1638403200000,26.692,28.63,25.66,28.395,8171957.5099999998
1638489600000,28.396,33.59,27.735,32.827,42196382.6799999997
1638576000000,32.831,32.95,21.712,28.151,45491989.0099999979
1638662400000,28.145,29.329,23.607,24.547,17865164.2699999996
1638748800000,24.547,24.815,22.007,24.316,18128160.379999999
1638835200000,24.319,25.428,23.798,24.302,11053507.4499999993
1638921600000,24.298,25.995,22.79,25.308,11716790.5899999999
1639008000000,25.297,25.598,22.411,22.443,10166077.1899999995
1639094400000,22.441,23.879,21.836,22.531,11491193.9000000004
1639180800000,22.539,24.777,21.958,24.385,12370159.1300000008
1639267200000,24.386,25.212,23.466,24.48,8152011.3200000003
1639353600000,24.478,24.932,21.049,21.725,12267853.3699999992
1639440000000,21.722,22.123,20.944,21.798,9535009.5
1639526400000,21.788,22.852,20.2,22.325,12590154.5500000007
1639612800000,22.324,23.49,21.65,21.81,7311908.9400000004
1639699200000,21.81,22.067,20.38,21.207,8112517.5599999996
1639785600000,21.202,23.233,20.9,23.147,6420321.7199999997
1639872000000,23.147,23.718,22.05,22.155,9132237.2599999998
1639958400000,22.156,22.433,20.72,21.512,8168147.9100000001
1640044800000,21.514,23.673,21.467,23.611,7421263.5099999998
1640131200000,23.609,28.484,23.344,27.373,22388548.9299999997
1640217600000,27.375,28.872,26.388,28.341,16818722.379999999
1640304000000,28.347,29.748,26.737,26.892,9331006.6099999994
1640390400000,26.897,29.685,26.567,29.662,8112657.9500000002
1640476800000,29.662,32.256,28.541,32.112,18871722.9499999993
1640563200000,32.123,32.721,29.562,29.719,11544423.4499999993
1640649600000,29.718,29.741,26.131,26.576,17585866.9100000001
1640736000000,26.582,28.162,25.131,27.948,16396833.75
1640822400000,27.945,30.526,26.4,30.154,21163492.129999999
1640908800000,30.155,33.28,30.1,32.401,29734417.75
1640995200000,32.405,36.97,32.375,36.319,30573347.9800000004
1641081600000,36.315,36.865,34.187,35.496,18825721.6900000013
1641168000000,35.497,39.821,34.219,39.229,31858385.7600000016
1641254400000,39.226,43.928,37.5,42.104,40165092.8900000006
1641340800000,42.106,43.267,34.6,38.645,38051657.8999999985
1641427200000,38.647,41.49,35.437,40.044,38007384.1499999985
1641513600000,40.041,44.665,37.548,38.576,70780379.4800000042
1641600000000,38.573,40.342,33.986,35.842,41852357.8900000006
1641686400000,35.846,38.065,34.1,34.961,31636368.0300000012
1641772800000,34.969,38.171,32.803,37.85,45555335.7899999991
1641859200000,37.85,39.88,36.106,38.664,32142019.6400000006
1641945600000,38.664,42.289,38.551,40.213,26250752.2100000009
1642032000000,40.21,41.285,37.42,37.601,20435590.6700000018
1642118400000,37.604,40.8,36.703,40.41,17765414.2399999984
1642204800000,40.418,40.981,39.106,39.118,11946052.4700000007
1642291200000,39.11,43.79,38.781,43.636,20449542.9499999993
1642377600000,43.636,44.548,37.9,39.101,22604572.6700000018
1642464000000,39.102,40.059,36.24,38.231,19434638.4400000013
1642550400000,38.228,38.82,35.324,37.001,16442370.9100000001
1642636800000,37.003,42.084,36.9,38.954,34379824.6300000027
1642723200000,38.952,41.09,32.078,34.559,54800327.2299999967
1642809600000,34.558,35.032,27.257,29.253,50288288.2100000009
1642896000000,29.258,34.75,29.089,34.593,42139846.1499999985
1642982400000,34.58,37,29.815,35.991,75952147.1700000018
1643068800000,35.987,37.182,34.737,35.859,37336526.6400000006
1643155200000,35.862,36.3,31.23,32.325,35430426.5700000003
1643241600000,32.324,32.913,28.53,30.045,29101176.7300000004
1643328000000,30.043,30.323,27.69,29.433,26315160.7100000009
1643414400000,29.434,30.235,28.25,29.054,17494816.4899999984
1643500800000,29.054,29.174,26.354,27.148,15569209.4299999997
1643587200000,27.147,28.93,25.5,28.048,20936968.0300000012
1643673600000,28.046,29.82,27.758,28.818,16520136.9100000001
1643760000000,28.818,28.976,26.075,26.309,14383682.3699999992
1643846400000,26.313,29.724,25.557,29.68,26567360.8500000015
1643932800000,29.648,31.393,28.514,31.088,26240139.3299999982
1644019200000,31.08,32.266,29.921,30.721,15298435.4000000004
1644105600000,30.721,31.969,30.051,31.255,12137619.0500000007
1644192000000,31.258,33.191,30.468,31.619,14702645.9800000004
1644278400000,31.62,32.64,29.714,30.37,14998019.5500000007
1644364800000,30.372,31.457,29.5,30.904,10093193.6600000001
1644451200000,30.904,31.288,28.66,29.065,14004005.2699999996
1644537600000,29.064,29.339,26.166,26.549,10226451.0700000003
1644624000000,26.553,28.336,25.938,27.031,13340160.0999999996
1644710400000,27.035,27.62,25.869,26.152,7241456.4199999999
1644796800000,26.155,27.427,25.309,27.128,12342105.6600000001
1644883200000,27.129,29.245,27.122,28.967,11723038.8100000005
1644969600000,28.965,29.229,27.572,28.485,8704609.3100000005
1645056000000,28.484,30.845,27.474,28.05,32943590.620000001
1645142400000,28.051,29.075,26.7,26.831,17167152.3299999982
1645228800000,26.834,27.399,26.033,26.657,7807025.4199999999
1645315200000,26.651,26.86,25.4,26.061,14608064.8300000001
1645401600000,26.061,27.286,23.588,23.798,22604863.8599999994
1645488000000,23.797,24.97,22.945,24.794,15134475.9000000004
1645574400000,24.792,26.917,24.561,25.154,18630726.7100000009
1645660800000,25.159,25.531,21.531,24.835,31211998.8399999999
1645747200000,24.835,27.448,24.235,27.259,15627742.7699999996
1645833600000,27.259,30.299,27.105,29.883,21567934.870000001
1645920000000,29.883,29.911,26.262,26.753,19828895.2300000004
1646006400000,26.753,31.76,26.352,31.364,21504450.9499999993
1646092800000,31.358,33.038,30.201,31.136,18274673.9899999984
1646179200000,31.132,32.8,29.82,32.227,18765897.4600000009
1646265600000,32.233,34.45,31.132,33.991,28386269.0100000016
1646352000000,33.998,34.689,30.26,30.464,29226820.7399999984
1646438400000,30.464,31.651,29.46,30.834,17206613.1600000001
1646524800000,30.834,30.931,27.875,28.141,14564100.7799999993
1646611200000,28.141,29.569,27.1,28.278,21144039.3200000003
1646697600000,28.275,29.301,27.331,27.844,16052770.6600000001
1646784000000,27.845,31.306,27.754,30.034,17253299.379999999
1646870400000,30.035,30.33,27.351,27.99,15271217.8499999996
1646956800000,27.99,28.465,26.834,27.456,12387024.1699999999
1647043200000,27.456,28.254,27.122,27.205,5617003.2300000004
1647129600000,27.206,27.537,25.909,26.226,8265274.2300000004
1647216000000,26.222,27.15,25.736,26.818,9263754.8699999992
1647302400000,26.811,27.748,26.152,26.88,13009835.5399999991
1647388800000,26.876,29.093,26.502,28.932,13459320.7200000007
1647475200000,28.935,29,28.071,28.15,7136791.3700000001
1647561600000,28.153,28.761,27.162,28.6,8254484.4199999999
1647648000000,28.6,29.419,28.332,28.632,7688471.5800000001
1647734400000,28.632,28.825,27.452,27.819,5709864.3499999996
1647820800000,27.818,28.386,27.525,27.919,5363407.6200000001
1647907200000,27.919,28.95,27.63,28.013,9006054.3699999992
1647993600000,28.014,28.376,27.184,28.233,9003841.75
1648080000000,28.234,29.454,27.882,29.254,11503418
1648166400000,29.254,30.005,27.645,28.099,12322112.0999999996
1648252800000,28.098,28.954,27.973,28.762,5398430.1799999997
1648339200000,28.762,29.968,28.069,29.946,6622670.3300000001
1648425600000,29.945,31.479,29.113,29.36,14005808.4900000002
1648512000000,29.359,31.684,29.298,30.21,14145705.9600000009
1648598400000,30.21,31.324,29.25,30.038,12311788.2599999998
1648684800000,30.038,31.339,28.369,28.88,15540930.0399999991
1648771200000,28.879,29.669,27.667,29.407,10106163.2400000002
1648857600000,29.407,32.817,29.224,31.32,21994228.7800000012
1648944000000,31.317,33.295,30.504,31.956,19747904.6499999985
1649030400000,31.951,32.547,30.047,30.853,12380492.5800000001
1649116800000,30.852,31.237,29.121,29.278,11877856.5
1649203200000,29.286,29.423,26.634,26.865,15762362.9499999993
1649289600000,26.858,27.88,26.233,27.63,8779323.5899999999
1649376000000,27.629,28.94,26.594,26.857,13443537.3300000001
1649462400000,26.853,27.41,26.573,27.249,5766050.6500000004
1649548800000,27.245,27.411,26.351,26.484,6295817.9699999997
1649635200000,26.485,26.589,23.274,23.828,14393774.1799999997
1649721600000,23.827,25.46,23.647,24.62,10358041.8000000007
1649808000000,24.62,25.2,24.078,24.689,7521758.3399999999
1649894400000,24.685,25.144,23.718,23.95,9082907.7799999993
1649980800000,23.949,24.362,23.741,24.1,5277349.0700000003
1650067200000,24.097,24.42,23.827,24.162,3897543.6099999999
1650153600000,24.164,24.47,23.056,23.187,4765633.8499999996
1650240000000,23.187,24.13,22.42,24.054,9139372.6999999993
1650326400000,24.056,24.713,23.745,24.66,6186177.1500000004
1650412800000,24.66,25.08,23.991,24.274,6290721.6600000001
1650499200000,24.272,24.946,22.886,23.285,7041869.2199999997
1650585600000,23.285,23.85,22.865,23.087,5675708.4299999997
1650672000000,23.088,23.477,22.722,23.213,4190850.21
1650758400000,23.213,23.303,22.261,22.275,5152537.8099999996
1650844800000,22.275,22.373,20.751,22.119,9757054.3000000007
1650931200000,22.118,22.297,19.919,20.295,8898949.9800000004
1651017600000,20.294,21.872,20.097,21.431,12643633.4600000009
1651104000000,21.431,21.462,20.407,20.742,10328063.4000000004
1651190400000,20.743,20.873,19.2,19.436,9792886.8300000001
1651276800000,19.436,19.571,17.211,17.829,11285567.4800000004
1651363200000,17.833,18.672,17.559,17.978,11017766.1500000004
1651449600000,17.979,18.344,17.206,17.795,12087338.0399999991
1651536000000,17.795,18.995,17.429,17.56,16777886.0399999991
1651622400000,17.566,20.044,17.451,19.911,14703792.0299999993
1651708800000,19.911,20.334,17.114,17.832,17911063.9100000001
1651795200000,17.832,17.975,17.087,17.647,11950798.9299999997
1651881600000,17.648,17.686,16.007,16.424,11961182.5
1651968000000,16.423,16.533,15.545,15.686,12182997.5399999991
1652054400000,15.688,15.984,12.325,12.483,30181315.5599999987
1652140800000,12.479,15.29,11.954,13.574,49721193.799999997
1652227200000,13.573,14.008,9.161,10.763,65730163.2700000033
1652313600000,10.764,11.555,8.466,9.647,52682628.5399999991
1652400000000,9.647,11.646,9,10.314,30584830.4100000001
1652486400000,10.318,11.069,9.532,10.772,14450320.9700000007
1652572800000,10.772,12.512,10.309,12.371,20353204.1600000001
1652659200000,12.37,12.467,10.926,11.063,28587712.1000000015
1652745600000,11.068,11.914,10.741,11.45,15169862.1999999993
1652832000000,11.451,11.772,9.973,10.103,16590751.0999999996
1652918400000,10.108,10.959,9.796,10.831,16507300.1500000004
1653004800000,10.831,12.192,10.749,11.184,71671025.0100000054
1653091200000,11.186,11.489,10.772,11.043,18698521.4800000004
1653177600000,11.043,11.586,10.916,11.397,13817312.5600000005
1653264000000,11.396,12.34,10.941,11.139,22092382.0500000007
1653350400000,11.139,11.38,10.417,11.079,18237652.3999999985
1653436800000,11.079,11.387,10.597,10.73,16089721.2400000002
1653523200000,10.733,10.899,9.183,9.595,27399692.9600000009
1653609600000,9.595,9.901,9.037,9.268,28986412.9800000004
1653696000000,9.268,9.685,9.158,9.401,14661555.0500000007
1653782400000,9.4,9.668,9.137,9.584,13824410.2200000007
1653868800000,9.583,10.616,9.487,10.493,18960942.5500000007
1653955200000,10.495,10.833,10.042,10.323,19874231.5799999982
1654041600000,10.322,10.494,9.1,9.339,22850239.0799999982
1654128000000,9.339,9.695,9.173,9.617,15587944.0600000005
1654214400000,9.617,9.684,8.925,9.178,14261126.0800000001
1654300800000,9.177,9.28,8.886,9.239,10308157.1999999993
1654387200000,9.239,9.382,9.02,9.169,9091101.4399999995
1654473600000,9.169,9.749,9.141,9.457,15579689.2400000002
1654560000000,9.457,9.473,8.556,9.18,24565950.3299999982
1654646400000,9.181,9.43,8.667,8.754,18121336.4600000009
1654732800000,8.753,9.197,8.644,8.775,15949470.3000000007
1654819200000,8.776,8.993,7.99,8.097,23214662.9499999993
1654905600000,8.098,8.34,7.344,7.552,19546754.9600000009
1654992000000,7.552,7.74,6.916,7.061,26998737.5500000007
1655078400000,7.06,7.201,5.864,6.5,52499235.0700000003
1655164800000,6.497,6.796,5.937,6.354,32395440.0700000003
1655251200000,6.355,7.376,5.917,7.322,50940714.2899999991
1655337600000,7.32,7.495,6.175,6.337,26653344.7800000012
1655424000000,6.338,6.609,6.242,6.376,18194966.3999999985
1655510400000,6.377,6.506,5.544,6.076,30521445.3999999985
1655596800000,6.075,6.899,5.844,6.769,28212379.6099999994
1655683200000,6.769,6.969,6.48,6.812,18995600.5399999991
1655769600000,6.812,7.192,6.66,6.95,15154801.3000000007
1655856000000,6.95,7.6,6.565,7.054,27037165.3399999999
1655942400000,7.054,8.19,7.053,8.123,33911073.6400000006
1656028800000,8.123,8.587,7.945,8.249,22201937.9499999993
1656115200000,8.25,8.713,7.971,8.661,15417439.5
1656201600000,8.66,8.745,8.004,8.048,14909924.4199999999
1656288000000,8.046,8.601,7.75,7.783,16736701.2100000009
1656374400000,7.784,8.02,7.253,7.34,17880419.0500000007
1656460800000,7.342,7.506,7.019,7.394,17996729.8500000015
1656547200000,7.395,7.642,6.885,7.564,30175351.3599999994
1656633600000,7.565,8.359,7.174,8.09,34071213.9200000018
1656720000000,8.09,8.337,7.93,8.057,29520580.9499999993
1656806400000,8.056,8.312,7.775,8.084,19491819.9100000001
1656892800000,8.084,8.939,7.852,8.748,21697412.1700000018
1656979200000,8.748,9.3,8.38,8.91,35814053.3299999982
1657065600000,8.91,9.444,8.755,8.888,32461182.9800000004
1657152000000,8.888,9.568,8.68,9.358,19441059.5199999996
1657238400000,9.356,9.715,8.886,8.97,17200244.9400000013
1657324800000,8.97,9.358,8.947,8.976,9482362.1699999999
1657411200000,8.976,8.997,8.499,8.773,12605525.6999999993
1657497600000,8.773,9.098,8.161,8.168,25910197.4899999984
1657584000000,8.168,8.405,7.712,7.806,18958172.6999999993
1657670400000,7.807,8.239,7.412,8.201,24771383.8200000003
1657756800000,8.202,9.058,8.085,8.981,23272728.5199999996
1657843200000,8.98,9.494,8.868,9.047,18760464.6999999993
1657929600000,9.049,9.397,8.789,9.23,12904971.0199999996
1658016000000,9.228,9.358,8.85,8.915,10580738.4600000009
1658102400000,8.915,9.871,8.861,9.566,17671262.8299999982
1658188800000,9.567,10.77,9.222,10.516,26865350.2100000009
1658275200000,10.515,10.632,9.576,9.675,18949715.0100000016
1658361600000,9.675,11.269,9.61,11.046,44481331.4299999997
1658448000000,11.047,11.345,10.31,10.629,24548500.129999999
1658534400000,10.628,11.205,9.743,10.108,17577078.4499999993
1658620800000,10.109,10.294,9.879,9.969,11865812.9000000004
1658707200000,9.968,10.001,8.95,8.971,16498064.6500000004
1658793600000,8.971,9.688,8.58,9.217,39355446.3500000015
1658880000000,9.217,10.317,9.019,10.303,26595635.7600000016
1658966400000,10.302,11.167,10.078,10.858,21503343.2199999988
1659052800000,10.859,11.494,10.35,11.169,18077069.1799999997
1659139200000,11.17,11.361,10.501,10.7,13252492.1500000004
1659225600000,10.7,11.06,10.277,10.339,9756263.6699999999
1659312000000,10.341,10.793,10.032,10.388,10490992.8599999994
1659398400000,10.387,10.462,9.748,9.902,11170947.75
1659484800000,9.904,10.53,9.626,10.152,9634958.7799999993
1659571200000,10.152,10.614,10.108,10.351,10485721.6199999992
1659657600000,10.352,10.987,10.288,10.961,8825254.2200000007
1659744000000,10.959,11.008,10.56,10.623,4530376.5899999999
1659830400000,10.623,11.637,10.451,11.348,14104786.4199999999
1659916800000,11.348,12.16,11.205,11.807,15915550.5399999991
1660003200000,11.805,12.24,11.07,11.374,14589208.0299999993
1660089600000,11.373,12.038,10.565,11.969,17885934.8500000015
1660176000000,11.968,12.308,11.668,11.749,12463358.6799999997
1660262400000,11.75,12.083,11.421,12.041,8628062.3599999994
1660348800000,12.041,12.409,11.83,11.899,8260849.0599999996
1660435200000,11.898,12.178,11.43,11.577,7196257.5300000003
1660521600000,11.577,11.939,11.162,11.391,9203443.3000000007
1660608000000,11.391,11.66,11.165,11.388,10241376.8100000005
1660694400000,11.386,11.92,11.175,11.744,17146535.2699999996
1660780800000,11.744,12.276,11.4,11.434,25674057.6000000015
1660867200000,11.435,11.442,10.139,10.745,24573349.8299999982
1660953600000,10.744,10.967,9.952,10.227,15712735.5299999993
1661040000000,10.227,10.782,10.205,10.636,12031508.0700000003
1661126400000,10.638,11.136,10.036,11.081,18176971.870000001
1661212800000,11.081,12.36,10.96,12.124,36945557.75
1661299200000,12.126,13.45,11.581,13.01,46917839.8900000006
1661385600000,13.011,13.336,12.55,12.846,31632890.370000001
1661472000000,12.846,13.133,11.325,11.538,36302742.1700000018
1661558400000,11.537,11.538,10.68,11.167,28233077.370000001
1661644800000,11.167,11.365,10.438,10.557,16584731.1300000008
1661731200000,10.557,11.735,10.165,11.424,25923013.9100000001
1661817600000,11.424,12.163,11.11,11.918,35011129.0200000033
1661904000000,11.919,12.351,11.538,11.812,29503597.7600000016
1661990400000,11.81,12.85,11.443,12.725,32003549.4800000004
1662076800000,12.725,13.073,12.316,12.6,25270452.9200000018
1662163200000,12.6,12.873,12.12,12.614,18324939.4600000009
1662249600000,12.615,13.044,12.391,13.041,19961105.9600000009
1662336000000,13.041,13.361,12.46,12.624,19291088.5
1662422400000,12.624,12.987,11.701,11.768,28617705.4600000009
1662508800000,11.768,13.248,11.525,12.926,23634203.2399999984
1662595200000,12.925,14.17,12.62,13.877,37198955.200000003
1662681600000,13.88,17.339,13.741,16.125,57039015.8500000015
1662768000000,16.124,16.416,15.432,15.989,23818501.2399999984
1662854400000,15.988,16.305,15.21,15.68,14034513.3800000008
1662940800000,15.68,16.512,14.926,15.511,24282811.0300000012
1663027200000,15.511,16.208,13.694,13.885,26435161.9899999984
1663113600000,13.885,14.438,13.361,13.954,17854536.2100000009
1663200000000,13.954,15.515,13.217,14.888,45509884.6099999994
1663286400000,14.889,16.784,14.58,16.582,53558027.9699999988
1663372800000,16.582,16.95,16.02,16.389,27627825.3900000006
1663459200000,16.388,16.4,14.532,14.689,27895236.3200000003
1663545600000,14.689,16.05,14.585,15.606,42441945.2299999967
1663632000000,15.605,15.879,13.798,13.91,32063578.3299999982
1663718400000,13.909,15.085,12.928,13.365,44794597
1663804800000,13.365,14.986,13.243,14.623,34656058.3800000027
1663891200000,14.622,15.259,13.414,14.212,36387820
1663977600000,14.213,14.282,13.526,13.615,15598621.6600000001
1664064000000,13.614,14.827,13.57,13.963,24941057.9899999984
1664150400000,13.963,14.88,13.733,13.901,35723443.1300000027
1664236800000,13.9,14.735,13.132,13.476,32616885.3299999982
1664323200000,13.476,13.566,12.619,12.983,30946639.120000001
1664409600000,12.984,13.064,12.413,12.765,24907940.0500000007
1664496000000,12.766,13.237,12.591,13.018,23773305
1664582400000,13.017,13.094,12.472,12.674,10505036.5700000003
1664668800000,12.673,12.886,11.92,11.982,15086625.4499999993
1664755200000,11.983,12.947,11.8,12.848,21704246.6400000006
1664841600000,12.85,13.277,12.736,13.008,17885906.3299999982
1664928000000,13.007,13.129,12.606,12.997,14825694.25
1665014400000,12.998,13.447,12.849,13.008,23446480.370000001
1665100800000,13.008,13.083,12.634,13.045,13398066.0700000003
1665187200000,13.044,13.344,12.935,13.138,13266159.4000000004
1665273600000,13.138,13.267,13.022,13.184,9053374.3699999992
1665360000000,13.184,13.266,12.303,12.426,14107942.3599999994
1665446400000,12.426,12.528,12.081,12.169,13207136.4100000001
1665532800000,12.169,12.21,11.657,11.73,14390400.5399999991
1665619200000,11.729,11.807,10.5,11.33,29598535.5300000012
1665705600000,11.33,12.266,11.287,11.635,22203056.1900000013
1665792000000,11.635,11.757,11.427,11.51,8440402.6699999999
1665878400000,11.509,11.842,11.494,11.691,7097331.0899999999
1665964800000,11.691,12.494,11.627,12.423,16642332.7300000004
1666051200000,12.423,12.777,12.101,12.515,19876546.8900000006
1666137600000,12.515,12.636,11.683,11.745,14256218.5899999999
1666224000000,11.746,11.99,11.222,11.371,14924330.6699999999
1666310400000,11.371,11.778,10.902,11.728,16239979.9399999995
1666396800000,11.728,11.887,11.454,11.709,8576396.1500000004
1666483200000,11.709,12.131,11.428,12.105,8773715.9700000007
1666569600000,12.106,12.17,11.575,11.641,10560692.4199999999
1666656000000,11.641,12.375,11.533,11.99,14562741.0299999993
1666742400000,11.989,12.534,11.906,12.268,14874536.0999999996
1666828800000,12.268,13.232,12.249,12.649,21972591.5599999987
1666915200000,12.65,13.822,12.582,13.528,33345365.0700000003
1667001600000,13.528,13.859,13.331,13.462,14785505.0899999999
1667088000000,13.462,14.115,13.292,13.915,15687982.9299999997
1667174400000,13.915,14.489,13.773,14.307,22558034.0599999987
1667260800000,14.308,14.456,13.835,14.07,14248808.6099999994
1667347200000,14.071,14.228,13.016,13.282,16936812.4100000001
1667433600000,13.281,13.9,13.237,13.498,11930954.5600000005
1667520000000,13.497,15.197,13.397,15.022,21520977.8099999987
1667606400000,15.02,15.808,14.944,15.375,14039689.1600000001
1667692800000,15.376,15.403,14.422,14.433,10688845.9600000009
1667779200000,14.433,14.799,13.85,14.267,14035325.3499999996
1667865600000,14.267,14.436,11.151,12.138,32449872.1999999993
1667952000000,12.138,12.3,9.359,9.777,29490972.6499999985
1668038400000,9.778,12.503,9.554,12.157,23139935.1600000001
1668124800000,12.158,12.413,11.156,11.665,13107701.2799999993
1668211200000,11.668,11.699,10.827,10.947,6603614.1799999997
1668297600000,10.947,11.104,10.04,10.181,9762764.9499999993
1668384000000,10.181,10.7,9.609,10.324,15489733.3599999994
1668470400000,10.324,10.88,10.176,10.548,11589773.5700000003
1668556800000,10.549,10.63,9.95,10.144,9475165.4299999997
1668643200000,10.144,10.195,9.835,9.908,7948202.8499999996
1668729600000,9.911,10.24,9.778,9.968,8402010.8699999992
1668816000000,9.967,10.053,9.724,9.99,4940497.8700000001
1668902400000,9.99,10.043,9.3,9.344,7812472.7400000002
1668988800000,9.345,9.355,8.76,9.008,14983851.8599999994
1669075200000,9.01,9.558,8.72,9.542,13030784.7599999998
1669161600000,9.544,9.976,9.524,9.928,10885369.0999999996
1669248000000,9.927,10.224,9.772,10.147,9543427.6300000008
1669334400000,10.146,10.175,9.757,10.019,8220611.25
1669420800000,10.019,10.446,9.987,10.104,8156829.5
1669507200000,10.102,10.329,9.891,9.921,5329332.4299999997
1669593600000,9.92,9.966,9.419,9.855,9678367.5800000001
1669680000000,9.855,10.293,9.826,10.177,6882081.2000000002
1669766400000,10.176,10.639,10.175,10.487,9032711.6199999992
1669852800000,10.486,10.572,10.127,10.266,6412141.6799999997
1669939200000,10.266,10.382,10.11,10.36,5228903.5999999996
1670025600000,10.36,10.411,9.967,10.013,4131503.04
1670112000000,10.014,10.284,10.013,10.249,3552083.8799999999
1670198400000,10.248,10.569,10.139,10.258,6670694.5999999996
1670284800000,10.258,10.376,9.986,10.158,5251972.8799999999
1670371200000,10.157,10.18,9.485,9.61,7692299.2199999997
1670457600000,9.611,9.853,9.45,9.824,6053168.3399999999
1670544000000,9.824,9.896,9.617,9.752,4595796.7599999998
1670630400000,9.751,10.35,9.63,9.939,9787371.0600000005
1670716800000,9.939,9.983,9.5,9.525,4597236.7599999998
1670803200000,9.526,9.664,9.4,9.617,6192543.79
1670889600000,9.617,9.883,9.12,9.75,9592796.0600000005
1670976000000,9.75,10.015,9.495,9.589,7872371.9199999999
1671062400000,9.59,9.663,9.356,9.424,4872805.2699999996
1671148800000,9.425,9.522,8.428,8.58,8374855.0099999998
1671235200000,8.58,8.807,8.459,8.797,4717630.6100000003
1671321600000,8.796,8.946,8.743,8.85,4094290.1600000001
1671408000000,8.851,8.94,8.555,8.635,6389006.6100000003
1671494400000,8.633,9.045,8.536,8.944,5730976.1100000003
1671580800000,8.945,9.049,8.754,8.859,4898318.8600000003
1671667200000,8.859,9.006,8.666,8.986,5592088.1699999999
1671753600000,8.986,9.049,8.878,8.91,4169175.1099999999
1671840000000,8.911,9.043,8.875,8.955,3898991.3500000001
1671926400000,8.955,9.116,8.817,9.006,3997666.3100000001
1672012800000,9.007,9.192,8.998,9.178,4374568.4000000004
1672099200000,9.179,9.427,9.127,9.21,7395806.6699999999
1672185600000,9.209,9.287,8.9,9.129,8639982.9700000007
1672272000000,9.128,9.396,9.015,9.326,8332679.6500000004
1672358400000,9.323,9.398,9.206,9.374,9073280.6300000008
1672444800000,9.374,9.48,9.259,9.351,5082084.0999999996
1672531200000,9.351,9.473,9.296,9.455,3963330.75
1672617600000,9.454,10.094,9.374,9.813,11158277.25
1672704000000,9.812,10.35,9.751,10.146,11171000.6500000004
1672790400000,10.146,10.45,10.028,10.189,8433311.1500000004
1672876800000,10.188,10.228,9.981,10.081,5426319.25
1672963200000,10.077,10.287,9.902,10.243,7090339.6299999999
1673049600000,10.244,10.366,10.13,10.19,3910437.3199999998
1673136000000,10.19,10.6,9.978,10.544,8111769.6500000004
1673222400000,10.544,11.51,10.51,11.103,16531842.1199999992
1673308800000,11.103,11.342,10.831,11.317,7705981.1200000001
1673395200000,11.317,11.904,11.043,11.845,9942296.3200000003
1673481600000,11.845,12.338,11.522,12.255,13912999.5199999996
1673568000000,12.256,12.518,11.901,12.401,9393205.3699999992
1673654400000,12.402,13.469,12.081,12.874,18989701.0300000012
1673740800000,12.874,13.078,12.371,12.784,8840253.6199999992
1673827200000,12.785,13.073,12.024,12.335,10633501.5899999999
1673913600000,12.334,12.654,12.01,12.149,8910867.5800000001
1674000000000,12.151,12.529,11.4,11.532,11826720.8900000006
1674086400000,11.532,12.094,11.523,12.005,6081573.2000000002
1674172800000,12.001,13.266,11.917,13.145,10929627.9199999999
1674259200000,13.145,13.623,12.852,13.09,9490082.9800000004
1674345600000,13.092,13.785,12.802,13.327,11196039.6099999994
1674432000000,13.327,13.577,12.781,13.066,8069351.8499999996
1674518400000,13.066,13.38,12.307,12.434,7108821.5
1674604800000,12.434,13.759,12.122,13.561,13778869.2799999993
1674691200000,13.56,13.704,12.81,13.102,11619323.6099999994
1674777600000,13.103,13.614,12.524,13.531,8187172.29
1674864000000,13.531,13.899,13.025,13.21,7256759.0700000003
1674950400000,13.209,13.952,13.005,13.803,6816113.75
1675036800000,13.803,14.01,12.7,13.061,9959762.8800000008
1675123200000,13.059,13.485,13.021,13.357,8127546.8200000003
1675209600000,13.356,14.943,13.263,14.935,31179284.7699999996
1675296000000,14.935,15.242,14.236,14.419,14580566.9600000009
1675382400000,14.419,15.472,14.376,15.004,16025701.9000000004
1675468800000,15.004,15.1,14.551,14.669,6502980.9100000001
1675555200000,14.669,14.818,14.052,14.744,9992301.7699999996
1675641600000,14.744,14.908,13.998,14.137,8909882.0199999996
1675728000000,14.135,15.054,14.094,14.949,10003058.8200000003
1675814400000,14.949,15.377,14.558,15.152,12899863.7300000004
1675900800000,15.151,15.354,13.127,13.515,15030999.6400000006
1675987200000,13.515,13.99,13.403,13.687,10113103.4299999997
1676073600000,13.686,13.785,13.406,13.74,4927393.6399999997
1676160000000,13.739,13.935,13.362,13.531,4750918.2599999998
1676246400000,13.532,13.534,12.652,13.124,9299400.1300000008
1676332800000,13.125,13.57,12.8,13.394,9583715.7200000007
1676419200000,13.395,14.299,13.223,14.288,9086188.1799999997
1676505600000,14.287,14.4,13.36,13.417,13639178.6699999999
1676592000000,13.416,14.331,13.322,14.173,10215719.5
1676678400000,14.172,14.477,13.919,14.285,7294548.3099999996
1676764800000,14.287,14.775,13.937,14.128,10339540.1600000001
1676851200000,14.129,14.591,13.769,14.427,8139007.6399999997
1676937600000,14.426,14.623,13.604,13.863,8245279.5599999996
1677024000000,13.863,14.018,13.171,13.586,8359520.7400000002
1677110400000,13.585,13.942,13.442,13.735,6900013.3600000003
1677196800000,13.734,13.848,12.84,13.074,6957790.9400000004
1677283200000,13.075,13.207,12.445,12.83,6069049.0099999998
1677369600000,12.829,13.095,12.756,12.95,3654766.6699999999
1677456000000,12.95,13.091,12.569,12.781,5750848.2999999998
1677542400000,12.781,12.798,12.111,12.272,6237188.6299999999
1677628800000,12.272,12.936,12.205,12.769,6591211.4400000004
1677715200000,12.768,12.865,12.143,12.457,6122412.5899999999
1677801600000,12.457,12.469,11.51,12.006,7858054.3499999996
1677888000000,12.007,12.08,11.593,11.833,3477599.4500000002
1677974400000,11.833,12.25,11.818,12.007,6143220.79
1678060800000,12.006,12.21,11.827,11.968,5378956.71
1678147200000,11.969,12.08,11.4,11.746,7265070.4199999999
1678233600000,11.746,11.817,10.839,10.952,9505186
1678320000000,10.951,11.056,10.38,11.026,19270250.1700000018
1678406400000,11.025,11.4,10.24,11.128,41154088.8299999982
1678492800000,11.128,11.371,10.552,11.012,16150624.9399999995
1678579200000,11.01,11.743,10.87,11.699,13769556.5099999998
1678665600000,11.699,12.222,11.264,11.978,15504472.3200000003
1678752000000,11.979,13.494,11.862,13.042,27734932.5399999991
1678838400000,13.041,13.344,11.574,12.405,28698415.3500000015
1678924800000,12.404,12.974,12.248,12.807,18820860.5799999982
1679011200000,12.805,13.248,12.601,13.156,15702276.6600000001
1679097600000,13.155,13.43,11.941,12.215,22436294.75
1679184000000,12.215,13.072,12.037,12.308,17385588.8299999982
1679270400000,12.308,12.443,11.43,11.535,14461216.8499999996
1679356800000,11.534,12.159,11.235,11.913,14124578.4100000001
1679443200000,11.913,11.99,10.859,11.321,17870583.2699999996
1679529600000,11.32,11.938,11.221,11.678,10585149.7799999993
1679616000000,11.675,11.724,10.966,11.183,10140191.1799999997
1679702400000,11.184,11.324,10.902,11.076,6011839.9699999997
1679788800000,11.075,11.461,11.016,11.319,5363072.7000000002
1679875200000,11.32,11.35,10.6,10.831,9310032.5500000007
1679961600000,10.831,11.428,10.673,11.207,13107878.6300000008
1680048000000,11.208,11.551,11.079,11.422,15330327.9100000001
1680134400000,11.422,11.561,10.9,11.145,14659595.8399999999
1680220800000,11.145,11.387,10.971,11.18,10618265.9600000009
1680307200000,11.179,11.496,11.026,11.381,8586069.8200000003
1680393600000,11.382,11.588,10.951,11.116,11178585.5800000001
1680480000000,11.116,11.26,10.644,11.142,13434718.3000000007
1680566400000,11.142,11.422,11.023,11.276,10143902.7699999996
1680652800000,11.275,11.597,11.12,11.517,11325190.6099999994
1680739200000,11.519,11.63,11.222,11.328,10231382.5800000001
1680825600000,11.328,11.359,10.912,11.042,8696147.2300000004
1680912000000,11.041,11.193,10.846,10.957,5062148.5700000003
1680998400000,10.957,11.083,10.85,11.02,4597587.1100000003
1681084800000,11.018,11.227,10.904,11.172,6879315.4100000001
1681171200000,11.173,11.405,11.105,11.257,9985837.5999999996
1681257600000,11.256,11.356,10.9,11.316,9939762.5099999998
1681344000000,11.316,12,11.232,11.809,11701015.3900000006
1681430400000,11.808,12.468,11.792,12.257,20771483.2800000012
1681516800000,12.258,12.5,12.033,12.372,8790432.3599999994
1681603200000,12.373,12.899,12.37,12.663,12070099.8399999999
1681689600000,12.662,12.942,12.314,12.359,11390051.5899999999
1681776000000,12.359,12.781,12.154,12.563,9575578.3100000005
1681862400000,12.563,12.594,11.317,11.689,14808903.5500000007
1681948800000,11.689,12.119,11.266,11.384,12818947.5700000003
1682035200000,11.384,11.487,10.628,10.797,11148494.7699999996
1682121600000,10.797,11.047,10.693,11.025,6000910.9100000001
1682208000000,11.026,11.037,10.55,10.813,5807721.5300000003
1682294400000,10.814,10.979,10.641,10.898,7096947.46
1682380800000,10.897,11.085,10.647,11.041,7041506.21
1682467200000,11.042,11.399,10.132,10.925,14983820.2300000004
1682553600000,10.926,11.775,10.867,11.51,18564093.3500000015
1682640000000,11.511,11.76,11.258,11.71,9686478.1899999995
1682726400000,11.711,11.827,11.508,11.701,5686982.4299999997
1682812800000,11.701,11.952,11.452,11.512,9293086.8300000001
1682899200000,11.511,11.563,10.824,10.992,10523844.3300000001
1682985600000,10.992,11.102,10.866,11.027,5765164.0899999999
1683072000000,11.027,11.156,10.737,11.097,8561755.1799999997
1683158400000,11.098,11.138,10.88,10.972,4868054.5099999998
1683244800000,10.972,11.301,10.937,11.203,7026278.9199999999
1683331200000,11.204,11.285,10.748,10.836,6924544.54
1683417600000,10.836,11.08,10.762,10.969,5723350.1399999997
1683504000000,10.969,11.14,10.4,10.584,22061647.6600000001
1683590400000,10.584,10.712,10.162,10.368,11754813.7599999998
1683676800000,10.368,11.12,10.197,10.976,20933644.3200000003
1683763200000,10.977,11.075,10.494,11.016,20293205.8900000006
1683849600000,11.016,11.27,10.7,11.145,21501893.4100000001
1683936000000,11.146,11.165,10.8,10.876,8636909.2200000007
1684022400000,10.876,11.099,10.801,10.908,8347047.1799999997
1684108800000,10.907,11.097,10.718,10.793,9281885.5299999993
1684195200000,10.793,10.97,10.67,10.881,8293515.8399999999
1684281600000,10.881,11.076,10.71,10.929,9782258.5
1684368000000,10.93,10.998,10.489,10.733,12206750.3699999992
1684454400000,10.734,10.742,10.381,10.61,9570485.5999999996
1684540800000,10.61,10.635,10.514,10.603,3790701.3399999999
1684627200000,10.604,10.615,10.396,10.467,4452101.29
1684713600000,10.468,10.58,10.31,10.482,5381337.04
1684800000000,10.482,10.62,10.437,10.52,5734920.79
1684886400000,10.519,10.528,10.186,10.407,8155952.8799999999
1684972800000,10.406,10.557,10.223,10.467,7104912.29
1685059200000,10.468,10.6,10.411,10.527,5184956.25
1685145600000,10.527,10.594,10.451,10.543,2697155.7999999998
1685232000000,10.543,10.953,10.504,10.926,6458581.8799999999
1685318400000,10.927,10.968,10.701,10.746,4842926.8300000001
1685404800000,10.746,10.895,10.722,10.825,3864797.79
1685491200000,10.826,10.88,10.407,10.453,6133624.9000000004
1685577600000,10.453,10.488,10.215,10.321,6973438.0899999999
1685664000000,10.32,10.666,10.24,10.645,6940178.9800000004
1685750400000,10.646,10.765,10.542,10.693,3619532.8399999999
1685836800000,10.693,10.845,10.651,10.745,4067979.3999999999
1685923200000,10.745,10.812,9.726,9.996,12835754.0199999996
1686009600000,9.996,10.276,9.796,10.142,8131831.5499999998
1686096000000,10.142,10.167,9.329,9.427,10751323.3499999996
1686182400000,9.427,9.625,9.322,9.431,6657463.8600000003
1686268800000,9.431,9.471,9.14,9.169,7975910.3799999999
1686355200000,9.17,9.178,7.141,8.228,27350099.5700000003
1686441600000,8.227,8.496,8.107,8.433,8305287.5899999999
1686528000000,8.431,8.841,8.248,8.731,13056277.5800000001
1686614400000,8.732,8.948,8.533,8.643,9419800.0800000001
1686700800000,8.643,8.843,8.366,8.496,9539957.8200000003
1686787200000,8.497,8.766,8.401,8.657,10304455.9000000004
1686873600000,8.658,8.937,8.547,8.756,8414505.0999999996
1686960000000,8.757,9,8.679,8.894,5429608.3200000003
1687046400000,8.895,8.928,8.45,8.557,5845760.3099999996
1687132800000,8.557,8.629,8.319,8.594,7142052.2300000004
1687219200000,8.594,8.79,8.257,8.762,10554022.3900000006
1687305600000,8.762,9.122,8.737,9.029,12194275.8900000006
1687392000000,9.03,9.409,8.956,8.996,10298944.3399999999
1687478400000,8.995,9.423,8.981,9.302,7884396.8399999999
1687564800000,9.303,9.477,9.076,9.379,6785123.6600000001
1687651200000,9.38,9.74,9.346,9.443,7051235.4500000002
1687737600000,9.443,9.518,9.083,9.175,8603579.9700000007
1687824000000,9.175,9.442,9.155,9.419,6117358.4100000001
1687910400000,9.418,9.43,8.886,9.117,9157291.7599999998
1687996800000,9.116,9.433,8.964,8.97,7432659.54
1688083200000,8.97,9.43,8.672,9.28,16475451.7799999993
1688169600000,9.281,9.577,9.146,9.554,7751625.5499999998
1688256000000,9.555,9.596,9.317,9.595,6674009.8300000001
1688342400000,9.596,10.095,9.56,9.937,9088741.5399999991
1688428800000,9.937,9.958,9.612,9.679,7544205.3200000003
1688515200000,9.678,9.875,9.243,9.388,10234000.3300000001
1688601600000,9.387,9.643,9.085,9.164,10594036.3200000003
1688688000000,9.164,9.371,9.095,9.162,7180742.1399999997
1688774400000,9.163,9.3,9.073,9.197,5749784.0899999999
1688860800000,9.197,9.605,9.175,9.419,8563135.8399999999
1688947200000,9.419,9.43,9.165,9.236,10658802.4399999995
1689033600000,9.235,9.359,9.144,9.19,6035187.3200000003
1689120000000,9.19,9.286,8.948,9.062,7614019.9299999997
1689206400000,9.063,9.905,8.932,9.887,16616878.7100000009
1689292800000,9.887,10.293,9.419,9.782,21525254.2800000012
1689379200000,9.781,9.987,9.626,9.708,7321462.4900000002
1689465600000,9.708,9.728,9.325,9.39,7643320.2000000002
1689552000000,9.39,9.604,9.155,9.425,11223675.8800000008
1689638400000,9.425,9.514,9.075,9.283,8612529.3200000003
1689724800000,9.282,9.413,9.115,9.177,7745548.3600000003
1689811200000,9.177,9.593,9.14,9.367,9951095.1600000001
1689897600000,9.367,9.536,9.287,9.42,7221250.9699999997
1689984000000,9.42,9.567,9.165,9.259,6480936.0099999998
1690070400000,9.259,9.358,9.213,9.269,3837847.2999999998
1690156800000,9.269,9.29,8.8,9,7550638.3499999996
1690243200000,9,9.059,8.91,8.947,4267134.4400000004
1690329600000,8.948,9.035,8.774,8.978,7369726.4000000004
1690416000000,8.977,9.1,8.844,8.908,5274163.7999999998
1690502400000,8.908,9.068,8.845,9.019,3929613.4900000002
1690588800000,9.019,9.089,8.979,9.07,2313321.3599999999
1690675200000,9.07,9.096,8.825,9.002,4391373.7300000004
1690761600000,9.002,9.114,8.74,8.856,5848878.0199999996
1690848000000,8.856,8.986,8.543,8.974,7153312.0199999996
1690934400000,8.975,9.019,8.672,8.709,6372692.3799999999
1691020800000,8.709,8.774,8.573,8.61,4854396.0199999996
1691107200000,8.61,8.677,8.368,8.473,6221047.3899999997
1691193600000,8.474,8.538,8.361,8.5,4130124.6099999999
1691280000000,8.5,8.578,8.443,8.48,4030366.27
1691366400000,8.481,8.589,8.247,8.495,7822709.1699999999
1691452800000,8.495,8.684,8.443,8.516,6736215.1100000003
1691539200000,8.516,8.669,8.419,8.541,5107930.9000000004
1691625600000,8.542,8.565,8.396,8.414,4708704.25
1691712000000,8.413,8.461,8.3,8.345,4574998.9299999997
1691798400000,8.345,8.437,8.331,8.417,3084501.2599999998
1691884800000,8.417,8.505,8.337,8.37,3622306.3199999998
1691971200000,8.37,8.572,8.32,8.509,4380633.9000000004
1692057600000,8.51,8.552,7.7,8.101,8878102.7100000009
1692144000000,8.101,8.122,7.555,7.797,8244415.4699999997
1692230400000,7.798,8.194,6.991,7.385,28864911.4299999997
1692316800000,7.384,7.687,7.353,7.568,13663328.4299999997
1692403200000,7.568,7.728,7.495,7.695,4435889.6100000003
1692489600000,7.694,7.899,7.682,7.858,5106113.54
1692576000000,7.858,7.875,7.395,7.538,7245069.8200000003
1692662400000,7.538,7.551,7.072,7.398,10491690.2899999991
1692748800000,7.398,7.523,7.301,7.421,6376621.5499999998
1692835200000,7.421,7.449,7.083,7.201,6791124.4500000002
1692921600000,7.201,7.269,7.01,7.243,6991376.9699999997
1693008000000,7.244,7.256,7.129,7.148,4380314.1699999999
1693094400000,7.149,7.205,7.089,7.177,3474062.0600000001
1693180800000,7.176,7.28,7.041,7.261,6753499.0899999999
1693267200000,7.262,7.516,7.105,7.435,11448443.4800000004
1693353600000,7.436,7.453,7.164,7.215,6452059.7999999998
1693440000000,7.216,7.274,6.774,6.919,10417479.7100000009
1693526400000,6.918,6.971,6.634,6.659,8530980.0999999996
1693612800000,6.659,6.829,6.622,6.82,5085281.4299999997
1693699200000,6.819,6.884,6.751,6.8,4249515.0899999999
1693785600000,6.8,6.919,6.661,6.717,6319351.5700000003
1693872000000,6.718,6.851,6.657,6.809,5267300.0599999996
1693958400000,6.81,6.924,6.692,6.888,5801643.4100000001
1694044800000,6.889,6.985,6.801,6.944,5681167.9400000004
1694131200000,6.944,6.998,6.766,6.831,4964057.2199999997
1694217600000,6.832,6.922,6.803,6.847,3437079.77
1694304000000,6.846,6.849,6.465,6.656,9159491.6099999994
1694390400000,6.656,6.682,6.281,6.369,11787253.6300000008
1694476800000,6.369,6.561,6.335,6.374,9342073.25
1694563200000,6.375,6.575,6.356,6.532,7002474.1900000004
1694649600000,6.532,6.905,6.493,6.829,7731616.5599999996
1694736000000,6.829,7.052,6.751,6.931,8879185.2100000009
1694822400000,6.93,7.169,6.93,7.139,7056601.1699999999
1694908800000,7.138,7.162,6.884,6.939,10372748.0600000005
1694995200000,6.94,7.487,6.831,7.376,15210313.9000000004
1695081600000,7.375,7.584,7.181,7.496,12229824.8499999996
1695168000000,7.495,7.51,7.123,7.284,7777084.6799999997
1695254400000,7.284,7.5,7.137,7.141,12168009.8900000006
1695340800000,7.142,7.232,7.026,7.128,9312684.2100000009
1695427200000,7.128,7.194,7.042,7.08,7507657.7599999998
1695513600000,7.079,7.144,6.954,6.978,7056095.21
1695600000000,6.979,7.076,6.894,7.035,7908038.5300000003
1695686400000,7.035,7.088,6.855,6.954,5811015.5899999999
1695772800000,6.954,7.13,6.883,6.966,10026296.1999999993
1695859200000,6.966,7.189,6.927,7.101,7363327.5899999999
1695945600000,7.101,7.193,7.064,7.097,8421032.5199999996
1696032000000,7.097,7.296,7.083,7.232,7183983.8399999999
1696118400000,7.232,7.67,7.168,7.562,9634949.5899999999
1696204800000,7.563,7.586,7.08,7.141,11843175.2699999996
1696291200000,7.14,7.279,7.016,7.057,8401382.0899999999
1696377600000,7.058,7.06,6.832,6.954,8340473.8300000001
1696464000000,6.955,6.991,6.762,6.825,6105906.2699999996
1696550400000,6.826,7.001,6.801,6.904,7094063.71
1696636800000,6.903,6.989,6.859,6.959,5050712.8200000003
1696723200000,6.959,6.985,6.841,6.938,4693532.8399999999
1696809600000,6.938,6.953,6.561,6.823,10125508.1500000004
1696896000000,6.822,7.318,6.583,6.672,38231901.7400000021
1696982400000,6.672,6.748,6.473,6.699,14698331.8000000007
1697068800000,6.7,6.727,6.35,6.579,13101660.9100000001
1697155200000,6.58,6.644,6.499,6.561,7591241.4500000002
1697241600000,6.561,6.659,6.552,6.577,3565703.9399999999
1697328000000,6.577,6.679,6.516,6.598,5690829.8799999999
1697414400000,6.598,6.807,6.548,6.62,11732995.8900000006
1697500800000,6.621,6.626,6.37,6.438,7898139.2400000002
1697587200000,6.439,6.482,6.283,6.288,7381375.0300000003
1697673600000,6.288,6.29,6.152,6.261,9168760.4299999997
1697760000000,6.26,6.481,6.244,6.402,9944901.1999999993
1697846400000,6.402,6.696,6.356,6.626,10564738.0700000003
1697932800000,6.626,6.76,6.497,6.752,13127897.2599999998
1698019200000,6.751,7.061,6.609,7.032,21778258.5199999996
1698105600000,7.032,7.313,6.729,7,28856759.3399999999
1698192000000,7,7.222,6.849,7.113,17944808.1000000015
1698278400000,7.114,7.38,6.899,7.166,21241529.9400000013
1698364800000,7.166,7.175,6.866,7.023,11011628
1698451200000,7.024,7.219,7.017,7.178,6817493.0899999999
1698537600000,7.177,7.385,7.037,7.309,7095267.8099999996
1698624000000,7.308,8.133,7.2,8.097,23085218.629999999
1698710400000,8.097,8.242,7.611,7.925,39294471.2899999991
1698796800000,7.924,8.038,7.535,7.891,26126410.0599999987
1698883200000,7.892,8.098,7.516,7.831,26522423.4699999988
1698969600000,7.832,7.833,7.509,7.753,15745484.3100000005
1699056000000,7.754,8.239,7.7,8.099,16387841.0700000003
1699142400000,8.099,8.534,8.046,8.354,21355740.0599999987
1699228800000,8.355,8.753,8.301,8.728,18362699.2199999988
1699315200000,8.729,8.734,8.154,8.465,14387507.8599999994
1699401600000,8.464,8.756,8.361,8.643,12836133.0800000001
1699488000000,8.643,9.07,7.969,9.023,26853818.4499999993
1699574400000,9.022,9.534,8.92,9.179,23999053.9200000018
1699660800000,9.18,9.448,8.843,9.235,14478248.8800000008
1699747200000,9.235,9.703,8.85,9.527,15221137.6600000001
1699833600000,9.529,10.55,9.159,9.166,33707524.5700000003
1699920000000,9.167,9.41,8.569,9.114,25723447.2899999991
1700006400000,9.113,9.79,8.949,9.651,23331043.5199999996
1700092800000,9.65,10.198,9.42,9.594,32815276.8099999987
1700179200000,9.594,10.218,9.027,9.383,22885031.370000001
1700265600000,9.382,9.419,8.867,9.228,17685026.1400000006
1700352000000,9.229,9.4,8.963,9.366,10955430.4499999993
1700438400000,9.366,9.546,8.87,8.959,16327038.9499999993
1700524800000,8.958,9.072,8.163,8.198,23860112.1000000015
1700611200000,8.198,8.918,8.166,8.801,14046539.7200000007
1700697600000,8.8,9.069,8.653,8.743,9813806.2400000002
1700784000000,8.743,9.079,8.704,8.902,11934784.9100000001
1700870400000,8.902,9.666,8.832,9.487,14211848.2599999998
1700956800000,9.488,10.015,9.259,9.91,33397436.9600000009
1701043200000,9.911,9.948,8.955,9.3,26016927.629999999
1701129600000,9.301,9.363,8.778,9.249,19508558.3999999985
1701216000000,9.25,9.319,9.006,9.215,12521074.6699999999
1701302400000,9.215,9.382,9.112,9.247,12440042.0999999996
1701388800000,9.248,9.467,9.172,9.465,9606672.8800000008
1701475200000,9.465,9.701,9.392,9.629,9418655.9600000009
1701561600000,9.629,9.654,9.325,9.533,8924419.5800000001
1701648000000,9.532,9.88,9.18,9.774,21022458.3000000007
1701734400000,9.776,9.944,9.478,9.895,16174010.7300000004
1701820800000,9.896,10.297,9.699,9.742,28131169.4800000004
1701907200000,9.743,10.043,9.54,9.91,20281520.4299999997
1701993600000,9.909,10.692,9.831,10.413,22479633.4499999993
1702080000000,10.414,11.354,10.353,10.476,33669039.7400000021
1702166400000,10.477,10.7,10.102,10.694,15938562.2300000004
1702252800000,10.693,10.708,9.242,9.856,36479614.8200000003
1702339200000,9.857,12.365,9.824,11.746,79248216.3900000006
1702425600000,11.745,11.937,10.734,11.652,68169370.9300000072
1702512000000,11.653,11.925,10.913,11.537,35233453.4200000018
1702598400000,11.537,11.55,10.83,10.882,21819107.0199999996
1702684800000,10.883,12.111,10.678,12.057,23921842.7699999996
1702771200000,12.058,12.092,11.06,11.105,26925305.1499999985
1702857600000,11.104,11.156,10.208,10.897,22183824.4200000018
1702944000000,10.898,11.03,10.284,10.415,16141334.2400000002
1703030400000,10.415,10.906,10.22,10.672,19939677.4299999997
1703116800000,10.671,11.519,10.492,11.42,22783813.1900000013
1703203200000,11.421,11.761,10.978,11.408,20913413.7699999996
1703289600000,11.408,11.439,11.053,11.343,15627592.8200000003
1703376000000,11.342,11.769,11.039,11.241,23529727.8099999987
1703462400000,11.24,12.076,10.998,11.908,22384779.879999999
1703548800000,11.908,12.641,10.959,11.645,44478243.4299999997
1703635200000,11.646,12.114,11.16,11.98,19316847.3299999982
1703721600000,11.981,12.239,11.3,11.408,22286452.9200000018
1703808000000,11.409,11.555,10.706,10.994,18062148.0599999987
1703894400000,10.994,11.043,10.574,10.761,10768908.8300000001
1703980800000,10.762,10.993,10.3,10.611,10734778.7699999996
1704067200000,10.612,11.217,10.456,11.215,10529454.1400000006
1704153600000,11.215,11.437,10.931,10.967,14008918.5199999996
1704240000000,10.968,11.395,8.76,9.922,32945053.3200000003
1704326400000,9.921,10.352,9.738,10.265,16423052.8800000008
1704412800000,10.264,10.744,9.71,10.318,28048406.8599999994
1704499200000,10.317,10.405,9.513,9.83,17314193.1600000001
1704585600000,9.83,9.916,9.302,9.41,14438269.7799999993
1704672000000,9.41,9.983,8.865,9.945,18596203.8500000015
1704758400000,9.946,10.06,9.369,9.664,21472592.3000000007
1704844800000,9.663,10.624,9.334,10.388,18087770.2300000004
1704931200000,10.389,10.903,10.223,10.66,16858154.3999999985
1705017600000,10.659,10.95,9.517,9.963,19402482.5599999987
1705104000000,9.964,10.344,9.653,10.206,9021881.2899999991
1705190400000,10.206,10.563,9.953,9.988,11828482.5999999996
1705276800000,9.989,10.32,9.963,10.179,11249424.1300000008
1705363200000,10.179,10.588,10.05,10.285,12655330.1199999992
1705449600000,10.285,10.35,10.023,10.15,9803686.5800000001
1705536000000,10.15,10.264,9.529,9.694,12572015.9700000007
1705622400000,9.695,9.889,9.261,9.71,13973476.7300000004
1705708800000,9.709,9.849,9.589,9.838,6187002.5899999999
1705795200000,9.838,9.942,9.62,9.646,6136092.9699999997
1705881600000,9.646,9.683,9.034,9.178,16912690.7399999984
1705968000000,9.178,9.338,8.675,9.215,20268653.620000001
1706054400000,9.215,9.364,9.134,9.335,9721669.4199999999
1706140800000,9.335,9.353,9.046,9.228,8511689.1400000006
1706227200000,9.229,9.741,9.155,9.626,9587303.8000000007
1706313600000,9.627,9.725,9.426,9.667,7433100.1600000001
1706400000000,9.668,9.767,9.341,9.424,9124897.5999999996
1706486400000,9.424,9.69,9.377,9.658,8332377.4199999999
1706572800000,9.657,9.72,9.306,9.404,9648226.7799999993
1706659200000,9.405,9.437,9.005,9.102,12113909.5500000007
1706745600000,9.102,9.234,8.954,9.135,8721898.0899999999
1706832000000,9.134,9.275,9.085,9.161,7926275.6500000004
1706918400000,9.16,9.214,9.038,9.044,4869120.1699999999
1707004800000,9.045,9.108,8.928,8.96,5432127.7300000004
1707091200000,8.959,9.177,8.832,9.054,7203802.75
1707177600000,9.055,9.231,9.031,9.125,7299876.1600000001
1707264000000,9.125,9.662,9.116,9.594,10992312.3300000001
1707350400000,9.594,9.736,9.435,9.64,9932201.0199999996
1707436800000,9.64,10.194,9.611,10.022,11983632.4600000009
1707523200000,10.022,10.095,9.906,9.971,6323675.1600000001
1707609600000,9.971,10.263,9.636,9.737,11831321.0099999998
1707696000000,9.737,10.031,9.504,9.92,14891178.6799999997
1707782400000,9.921,10.387,9.875,10.296,20617145.8099999987
1707868800000,10.296,10.431,10.061,10.244,12441832.5
1707955200000,10.244,10.464,10.083,10.338,15270661.7100000009
1708041600000,10.339,10.486,9.986,10.242,12050712.8200000003
1708128000000,10.242,10.341,9.869,10.284,9951748.9499999993
1708214400000,10.284,10.66,10.205,10.602,9090772.5399999991
1708300800000,10.601,10.803,10.486,10.74,10058708.8100000005
1708387200000,10.739,10.763,9.92,10.375,15555520.8499999996
1708473600000,10.376,10.377,9.73,9.988,13675560.8699999992
1708560000000,9.989,10.055,9.712,9.794,11816227.8000000007
1708646400000,9.794,10.059,9.677,9.965,13868632.8699999992
1708732800000,9.966,10.587,9.771,10.422,12845585.2899999991
1708819200000,10.422,10.46,10.216,10.388,7348017.1900000004
1708905600000,10.388,11.176,10.273,11.144,17440568.9200000018
1708992000000,11.144,11.508,10.84,11.221,18256742.1900000013
1709078400000,11.221,11.756,10.52,11.406,21500619.0899999999
1709164800000,11.406,12.256,11.011,11.29,21032191.8599999994
1709251200000,11.29,11.659,11.213,11.658,10969200.8100000005
1709337600000,11.658,12.222,11.609,12.22,14178777.6199999992
1709424000000,12.219,12.304,11.2,12.172,15601977.9900000002
1709510400000,12.172,12.863,12.074,12.495,21567349.8000000007
1709596800000,12.495,12.906,10.61,12.002,39210140.8299999982
1709683200000,12.002,14.325,11.538,14.235,28564578.0100000016
1709769600000,14.234,14.519,13.552,13.911,21964932.3099999987
1709856000000,13.912,14.025,12.856,13.418,16439162.2100000009
1709942400000,13.418,13.913,13.311,13.362,10853828.3000000007
1710028800000,13.363,13.57,12.871,13.182,12021427.4499999993
1710115200000,13.182,13.888,12.614,13.728,18297603.1999999993
1710201600000,13.729,13.856,12.628,13.424,19455098.4600000009
1710288000000,13.425,14.15,13.266,14.128,16609850.1199999992
1710374400000,14.128,14.303,12.914,13.693,27340664.4200000018
1710460800000,13.693,13.865,11.82,12.644,30000078.8399999999
1710547200000,12.644,12.878,11.613,11.936,22229958.5
1710633600000,11.936,12.398,11.49,12.281,15264871.7699999996
1710720000000,12.281,12.449,11.544,11.731,15524362.7899999991
1710806400000,11.731,11.846,10.638,10.896,28266831.0399999991
1710892800000,10.896,11.792,10.69,11.762,22279597.7600000016
1710979200000,11.761,11.986,11.521,11.644,13193290.0600000005
1711065600000,11.645,11.843,11.102,11.426,11392723.0500000007
1711152000000,11.426,11.644,11.243,11.347,7043595
1711238400000,11.346,11.686,11.281,11.621,6574373.1699999999
1711324800000,11.621,12.302,11.544,12.194,9892269.3800000008
1711411200000,12.195,12.386,11.936,12.226,9366243.5099999998
1711497600000,12.226,13.053,11.84,12.642,23878836.0599999987
1711584000000,12.642,12.675,12.177,12.308,12271526.2599999998
1711670400000,12.309,12.635,12.055,12.533,12730831.1199999992
1711756800000,12.533,12.853,12.226,12.27,9613135.5899999999
1711843200000,12.27,12.42,12.164,12.301,7108543.46
1711929600000,12.302,12.414,11.386,11.641,15371149.1300000008
1712016000000,11.641,11.65,10.825,10.977,16357104.4000000004
1712102400000,10.977,11.245,10.65,10.831,11503499.6500000004
1712188800000,10.831,11.307,10.669,11.022,10532456.2200000007
1712275200000,11.022,11.066,10.641,10.904,9818760.4800000004
1712361600000,10.903,11.188,10.849,11.11,5327015.7400000002
1712448000000,11.109,11.24,10.939,11.088,5955419.7699999996
1712534400000,11.087,11.424,10.92,11.31,8835365.3699999992
1712620800000,11.31,11.332,10.765,10.844,12695383.5999999996
1712707200000,10.843,10.897,10.334,10.823,13855497.0399999991
1712793600000,10.824,10.953,10.584,10.766,10033599.8699999992
1712880000000,10.765,10.91,8.5,9.367,23771548.0100000016
1712966400000,9.367,9.367,7.01,8.066,43063445.4099999964
1713052800000,8.066,8.53,7.763,8.329,27672441.9299999997
1713139200000,8.329,8.73,7.856,8.132,27980856.7800000012
1713225600000,8.132,8.243,7.767,8.158,19067179.1999999993
1713312000000,8.158,8.28,7.776,8.039,15837259.1699999999
1713398400000,8.039,8.317,7.873,8.196,14048987.4000000004
1713484800000,8.196,8.378,7.597,8.144,18152474.9899999984
1713571200000,8.145,8.692,8.093,8.671,8714855.0999999996
1713657600000,8.671,8.816,8.481,8.744,9821301.0999999996
1713744000000,8.744,9.014,8.652,8.907,13492036.3200000003
1713830400000,8.908,9.183,8.652,8.69,13146052.2300000004
1713916800000,8.69,8.88,8.311,8.399,13713613.7300000004
1714003200000,8.4,8.498,8.201,8.313,9810330.4800000004
1714089600000,8.313,8.394,8.119,8.298,9030392.4900000002
1714176000000,8.297,8.47,7.885,8.389,10140406.2300000004
1714262400000,8.389,8.515,8.153,8.195,6635854.1900000004
1714348800000,8.195,8.258,7.92,8.145,11011952.0800000001
1714435200000,8.144,8.569,7.626,8.431,20728675.5799999982
1714521600000,8.43,8.8,8.07,8.734,49829134.5700000003
1714608000000,8.735,9.068,8.577,8.64,23946171.6700000018
1714694400000,8.639,8.911,8.527,8.758,13181976.0899999999
1714780800000,8.758,8.832,8.642,8.686,9382099.4800000004
1714867200000,8.686,9.4,8.611,9.329,13241937.2799999993
1714953600000,9.329,9.506,9.174,9.2,15923356.1300000008
1715040000000,9.201,9.39,8.925,8.937,12148384.9000000004
1715126400000,8.936,9.34,8.844,9.082,12967567.3699999992
1715212800000,9.081,9.298,8.868,9.116,10110246.4299999997
1715299200000,9.116,9.168,8.604,8.636,11338924.1099999994
1715385600000,8.636,8.756,8.486,8.498,7180305.5300000003
1715472000000,8.498,8.66,8.452,8.469,4952370.7199999997
1715558400000,8.47,8.675,8.256,8.393,9083683.8100000005
1715644800000,8.392,8.444,8.108,8.128,8131645.6200000001
1715731200000,8.128,8.526,7.98,8.43,10893715.6799999997
1715817600000,8.429,8.537,8.26,8.528,9197039.2400000002
1715904000000,8.528,8.772,8.442,8.65,8866443.0500000007
1715990400000,8.65,8.734,8.538,8.599,6083469.4100000001
1716076800000,8.6,8.602,8.151,8.198,6538309.79
1716163200000,8.198,8.96,8.098,8.917,14461246.9399999995
1716249600000,8.916,9.04,8.7,8.788,10885556.9600000009
1716336000000,8.789,8.838,8.455,8.564,10542832.7200000007
1716422400000,8.563,8.649,7.972,8.36,16119077.6799999997
1716508800000,8.36,8.493,8.196,8.463,8063439.2400000002
1716595200000,8.463,8.547,8.418,8.492,4558419.9299999997
1716681600000,8.493,8.515,8.309,8.404,5252187.4500000002
1716768000000,8.403,8.74,8.393,8.699,7165478.9900000002
1716854400000,8.699,8.847,8.459,8.727,13010107.1500000004
1716940800000,8.728,8.921,8.623,8.639,11218155.6799999997
1717027200000,8.639,8.73,8.391,8.546,8323616.5
1717113600000,8.546,8.547,8.246,8.3,7922269.6600000001
1717200000000,8.3,8.381,8.255,8.326,3540357.5800000001
1717286400000,8.326,8.406,8.153,8.294,5416046.6699999999
1717372800000,8.294,8.504,8.238,8.343,7118724.6600000001
1717459200000,8.343,8.552,8.281,8.541,6249638.8099999996
1717545600000,8.541,8.742,8.497,8.697,6606131.1699999999
1717632000000,8.697,8.815,8.575,8.623,8238835.96
1717718400000,8.623,8.715,7.449,8.096,15812334.9499999993
1717804800000,8.096,8.111,7.706,7.753,8914722.9700000007
1717891200000,7.754,7.94,7.72,7.876,6222502.75
1717977600000,7.875,7.924,7.711,7.853,7195985.2999999998
1718064000000,7.854,7.863,7.33,7.513,11290400.0700000003
1718150400000,7.513,7.892,7.397,7.773,10251892.2200000007
1718236800000,7.773,7.8,7.36,7.435,7554907.6699999999
1718323200000,7.434,7.501,6.912,7.108,11906443.3699999992
1718409600000,7.108,7.211,7.084,7.14,4239337.6799999997
1718496000000,7.139,7.248,7.043,7.218,4575220.8300000001
1718582400000,7.218,7.24,6.722,6.993,12702305.0099999998
1718668800000,6.993,7.019,6.173,6.685,18562526.9200000018
1718755200000,6.685,6.958,6.634,6.891,8455604.6400000006
1718841600000,6.891,7.114,6.813,6.836,8864461.2799999993
1718928000000,6.836,6.931,6.752,6.785,7027235.0099999998
1719014400000,6.785,6.806,6.708,6.74,3596912.5
1719100800000,6.74,6.841,6.599,6.692,5582238.0999999996
1719187200000,6.691,6.856,6.333,6.836,11644655.8000000007
1719273600000,6.835,7.044,6.823,6.937,6237492.8499999996
1719360000000,6.938,6.981,6.731,6.789,6037183.6799999997
1719446400000,6.789,7.111,6.715,6.96,7018338.7999999998
1719532800000,6.96,7.022,6.719,6.726,5768186.5899999999
1719619200000,6.726,6.888,6.582,6.604,4887702.0300000003
1719705600000,6.604,6.747,6.545,6.733,5550504.9900000002
1719792000000,6.732,6.846,6.687,6.81,5300961.5700000003
1719878400000,6.81,6.974,6.779,6.81,6050269.4500000002
1719964800000,6.81,6.862,6.274,6.377,10703961.9199999999
1720051200000,6.378,6.398,5.915,5.988,15113005.5600000005
1720137600000,5.988,5.994,5.047,5.702,34215586.5
1720224000000,5.702,6.159,5.67,6.071,8472787.3699999992
1720310400000,6.071,6.1,5.76,5.795,7911155.9000000004
1720396800000,5.795,6.225,5.581,5.821,17005581.7600000016
1720483200000,5.821,5.974,5.771,5.934,7950842.1399999997
1720569600000,5.935,6.073,5.838,6.031,5378902.5899999999
1720656000000,6.032,6.17,5.911,5.934,6501407.6600000001
1720742400000,5.933,6.152,5.861,6.147,5313356.46
1720828800000,6.148,6.265,6.115,6.202,3999315.02
1720915200000,6.202,6.266,6.09,6.227,4578126.7599999998
1721001600000,6.226,6.508,6.214,6.497,7007246.75
1721088000000,6.498,6.648,6.249,6.609,11207967.1400000006
1721174400000,6.609,6.797,6.471,6.479,6911696.4800000004
1721260800000,6.48,6.578,6.232,6.305,6953947.5099999998
1721347200000,6.305,6.552,6.178,6.495,7827418.7699999996
1721433600000,6.496,6.584,6.425,6.516,3896263.98
1721520000000,6.517,6.547,6.205,6.528,6509792.5700000003
1721606400000,6.529,6.576,6.228,6.262,7363479.4400000004
1721692800000,6.262,6.325,6.061,6.167,8095222.8600000003
1721779200000,6.167,6.298,5.975,6.018,5767015.9900000002
1721865600000,6.018,6.04,5.688,5.917,10712769.2899999991
1721952000000,5.917,6.189,5.902,6.163,6728682.46
1722038400000,6.162,6.383,6.126,6.34,5940356.3799999999
1722124800000,6.34,6.393,6.176,6.214,5539013.0999999996
1722211200000,6.214,6.37,6.092,6.102,7507601.3499999996
1722297600000,6.101,6.192,5.934,5.999,5567830.7199999997
1722384000000,5.999,6.08,5.774,5.801,6875530.5599999996
1722470400000,5.802,5.868,5.48,5.775,9934083.9000000004
1722556800000,5.775,5.805,5.213,5.356,13501554.5099999998
1722643200000,5.356,5.412,4.998,5.123,10741024.9900000002
1722729600000,5.124,5.212,4.8,5.047,14095513.9399999995
1722816000000,5.046,5.098,4.025,4.639,58568709.3999999985
1722902400000,4.64,4.967,4.632,4.899,12129484.6799999997
1722988800000,4.899,5.046,4.728,4.836,11120640.8100000005
1723075200000,4.837,5.178,4.737,5.145,11858690.1600000001
1723161600000,5.145,5.146,4.931,5.081,8550965.9299999997
1723248000000,5.082,5.245,5.014,5.201,6295421.2599999998
1723334400000,5.2,5.237,4.858,4.894,8108446.3200000003
1723420800000,4.893,5.152,4.891,5.071,10183064.3100000005
1723507200000,5.071,5.082,4.884,5.004,6958378.4000000004
1723593600000,5.003,5.008,4.72,4.764,10377097.6999999993
1723680000000,4.764,4.806,4.458,4.509,13518223.5299999993
1723766400000,4.51,4.607,4.423,4.552,11474325.3200000003
1723852800000,4.551,4.665,4.522,4.609,4556740.75
1723939200000,4.609,4.709,4.553,4.564,5766914.6200000001
1724025600000,4.565,4.64,4.503,4.631,7657691.6600000001
1724112000000,4.63,4.842,4.619,4.784,10262504.8300000001
1724198400000,4.783,4.819,4.61,4.744,10740716.7200000007
1724284800000,4.745,4.793,4.651,4.689,9626886.1699999999
1724371200000,4.688,5.138,4.686,5.093,15143604.2200000007
1724457600000,5.094,5.436,5.072,5.342,15780963.9100000001
1724544000000,5.342,5.346,4.995,5.06,20923108.3299999982
1724630400000,5.061,5.114,4.86,4.885,15204094.9800000004
1724716800000,4.886,5.028,4.482,4.588,25572354.2600000016
1724803200000,4.588,4.788,4.44,4.595,20084890
1724889600000,4.596,4.738,4.514,4.605,9472219.1500000004
1724976000000,4.605,4.673,4.44,4.643,10259541.8399999999
1725062400000,4.643,4.699,4.504,4.556,5351148.79
1725148800000,4.556,4.559,4.256,4.294,9504558.3399999999
1725235200000,4.293,4.478,4.28,4.432,10124458.4199999999
1725321600000,4.431,4.506,4.093,4.105,12825263.6999999993
1725408000000,4.105,4.139,3.885,4.069,23552133.4400000013
1725494400000,4.068,4.095,3.853,3.903,17594468.129999999
1725580800000,3.904,3.972,3.611,3.713,29747074.4100000001
1725667200000,3.713,3.777,3.632,3.668,15251775.3699999992
1725753600000,3.668,3.833,3.654,3.804,19134102.5500000007
1725840000000,3.804,4.108,3.802,4.088,24654734.8299999982
1725926400000,4.088,4.169,4.035,4.128,14820731.9499999993
1726012800000,4.129,4.209,4.009,4.157,17462685.7600000016
1726099200000,4.156,4.186,4.054,4.142,12497840.0800000001
1726185600000,4.142,4.255,4.12,4.205,13934244.9900000002
1726272000000,4.205,4.247,4.14,4.239,7947493.2400000002
1726358400000,4.239,4.252,4.017,4.055,10753441.0099999998
1726444800000,4.055,4.063,3.912,3.967,13612240.4900000002
1726531200000,3.967,4.239,3.937,4.188,12905858.8200000003
1726617600000,4.187,4.373,4.095,4.371,16644135.4000000004
1726704000000,4.371,4.613,4.368,4.504,13771036.6899999995
1726790400000,4.505,4.588,4.432,4.524,12588808.4199999999
1726876800000,4.523,4.727,4.459,4.716,7601243.5099999998
1726963200000,4.715,4.723,4.48,4.59,11279944.5
1727049600000,4.591,4.708,4.5,4.577,11765319.2799999993
1727136000000,4.577,4.848,4.492,4.813,13075142.0500000007
1727222400000,4.814,4.967,4.737,4.778,12775447.8699999992
1727308800000,4.779,5.093,4.693,5.005,13243830.0800000001
1727395200000,5.005,5.192,4.997,5.137,9642674.3000000007
1727481600000,5.137,5.162,4.927,5.012,7459469.7199999997
1727568000000,5.012,5.13,4.947,5.026,8563580.5999999996
1727654400000,5.026,5.06,4.675,4.725,14165146.3800000008
1727740800000,4.724,4.904,4.24,4.437,22109262.5799999982
1727827200000,4.437,4.581,4.341,4.43,14305758.8900000006
1727913600000,4.431,4.502,4.222,4.38,14717007.7400000002
1728000000000,4.38,4.627,4.352,4.616,8699442.6300000008
1728086400000,4.616,4.712,4.559,4.627,5500414.3499999996
1728172800000,4.628,4.649,4.547,4.647,5510510.79
1728259200000,4.648,4.793,4.404,4.416,16517280.3599999994
1728345600000,4.416,4.466,4.306,4.347,10346098.8399999999
1728432000000,4.346,4.388,4.16,4.227,10712406.4800000004
1728518400000,4.228,4.291,4.037,4.129,10244956.3300000001
1728604800000,4.129,4.295,4.106,4.274,7655205.5
1728691200000,4.273,4.387,4.268,4.343,5014411.1100000003
1728777600000,4.343,4.363,4.213,4.338,6244757.8899999997
1728864000000,4.338,4.532,4.289,4.511,9028333
1728950400000,4.511,4.588,4.362,4.481,12488805.0600000005
1729036800000,4.481,4.515,4.382,4.434,7833738.9800000004
1729123200000,4.434,4.465,4.228,4.299,8357602.2000000002
1729209600000,4.3,4.395,4.281,4.349,8039181.3499999996
1729296000000,4.349,4.49,4.344,4.464,6531747.0300000003
1729382400000,4.464,4.693,4.387,4.691,8867968.4199999999
1729468800000,4.692,5.105,4.684,4.894,28100810.7100000009
1729555200000,4.893,4.968,4.7,4.785,14445952.0399999991
1729641600000,4.785,4.855,4.554,4.617,12608684.6600000001
1729728000000,4.617,4.852,4.563,4.846,8814009.8300000001
1729814400000,4.846,4.856,4.25,4.409,15849751.6999999993
1729900800000,4.41,4.508,4.297,4.369,10404091.75
1729987200000,4.368,4.47,4.315,4.451,5429340.4199999999
1730073600000,4.451,4.508,4.262,4.454,10303456.9199999999
1730160000000,4.455,4.607,4.427,4.535,11347886.6899999995
1730246400000,4.535,4.535,4.369,4.455,9859613.1099999994
1730332800000,4.456,4.472,4.179,4.233,11277789.0800000001
1730419200000,4.233,4.303,4.104,4.172,10667146.8699999992
1730505600000,4.171,4.218,4.043,4.097,6209775.6600000001
1730592000000,4.098,4.114,3.867,3.974,13284666.4299999997
1730678400000,3.973,4.022,3.824,3.912,8880884.2799999993
1730764800000,3.912,4.212,3.905,4.199,10779872.4900000002
1730851200000,4.199,4.541,4.199,4.508,16468580.3000000007
1730937600000,4.508,4.651,4.459,4.527,12268407.9100000001
1731024000000,4.528,4.718,4.454,4.714,13498721.8599999994
1731110400000,4.715,4.841,4.625,4.795,11145550.0099999998
1731196800000,4.796,5.545,4.711,5.272,31375583.4899999984
1731283200000,5.271,5.684,5.161,5.662,22294396.4299999997
1731369600000,5.663,5.838,5.125,5.308,30514689.4200000018
1731456000000,5.308,5.368,4.836,5.126,29715795.8599999994
1731542400000,5.125,5.313,4.87,4.954,17100039.3999999985
1731628800000,4.954,5.304,4.824,5.263,19967690.2100000009
1731715200000,5.262,6.213,5.245,6.123,21982834.5599999987
1731801600000,6.123,6.646,5.571,5.684,34600068.8299999982
1731888000000,5.685,6.663,5.656,6.461,32476197.1499999985
1731974400000,6.461,6.837,6.131,6.254,28377411
1732060800000,6.254,6.631,6.065,6.192,22775013.2199999988
1732147200000,6.192,6.5,5.991,6.417,24151354.8399999999
1732233600000,6.417,7.621,6.324,7.55,43195662.4900000021
1732320000000,7.549,8.84,7.429,8.22,52060340.7199999988
1732406400000,8.221,9.575,8.061,8.75,59139853.7400000021
1732492800000,8.75,8.835,7.77,7.921,28869681.0799999982
1732579200000,7.92,8.144,7.503,8.012,24603343.2600000016
1732665600000,8.011,8.39,7.79,8.325,17010225.25
1732752000000,8.325,8.403,7.869,8.225,14228430
1732838400000,8.224,8.811,8.056,8.783,12805060.3399999999
1732924800000,8.783,8.86,8.404,8.579,14181295.3499999996
1733011200000,8.577,9.062,8.305,8.915,16113768.9900000002
1733097600000,8.916,9.583,8.338,9.574,35200225.1899999976
1733184000000,9.575,10.042,8.9,9.582,30877719.3500000015
1733270400000,9.583,10.688,9.445,9.939,33461588.9100000001
1733356800000,9.939,10.091,9.303,9.58,29018375.870000001
1733443200000,9.581,10.596,9.491,10.401,18675788.4499999993
1733529600000,10.401,10.578,10.014,10.182,10679827.6600000001
1733616000000,10.181,10.446,9.842,10.135,12134243.5099999998
1733702400000,10.134,10.144,7.325,8.392,32801265.5
1733788800000,8.392,8.55,7.244,7.942,34218158.3500000015
1733875200000,7.942,8.924,7.59,8.817,21312522.0799999982
1733961600000,8.818,9.293,8.605,8.947,19873983.8000000007
1734048000000,8.946,9.279,8.734,9.197,18248635.4499999993
1734134400000,9.197,9.344,8.645,8.963,14469974.7100000009
1734220800000,8.964,9.308,8.676,9.107,12377115.5700000003
1734307200000,9.107,9.305,8.634,8.887,14867082.9299999997
1734393600000,8.887,8.985,8.391,8.544,15199518.3000000007
1734480000000,8.545,8.668,7.528,7.647,24998977.5
1734566400000,7.648,7.701,6.608,6.811,31127739.75
1734652800000,6.81,7.091,5.825,6.914,32120025.9400000013
1734739200000,6.913,7.344,6.429,6.52,18563961.3900000006
1734825600000,6.521,6.734,6.247,6.398,15298389.1699999999
1734912000000,6.397,7.087,6.231,6.951,13847601.5600000005
1734998400000,6.951,7.189,6.713,7.043,9565933.8900000006
1735084800000,7.043,7.116,6.823,6.937,7798048.1900000004
1735171200000,6.936,7.013,6.421,6.481,8717171.0899999999
1735257600000,6.482,6.8,6.409,6.465,8378078.3399999999
1735344000000,6.466,6.676,6.38,6.612,5539932.6600000001
1735430400000,6.611,6.66,6.233,6.288,6437729.5599999996
1735516800000,6.288,6.565,6.113,6.348,9669883.3699999992
1735603200000,6.348,6.517,6.165,6.187,7097436.5700000003
1735689600000,6.187,6.655,6.041,6.543,9155683.7599999998
1735776000000,6.543,6.808,6.542,6.699,7722752.7000000002
1735862400000,6.7,7.458,6.668,7.418,10112200.5199999996
1735948800000,7.419,7.475,7.233,7.291,7607799.2300000004
1736035200000,7.292,7.366,7.14,7.34,5739550.4800000004
1736121600000,7.339,7.632,7.207,7.448,10411580.6500000004
1736208000000,7.449,7.766,6.758,6.765,19312006.8099999987
1736294400000,6.765,6.863,6.164,6.454,14981303.8800000008
1736380800000,6.454,6.594,6.237,6.393,11059187.2899999991
1736467200000,6.394,6.67,6.361,6.649,10316439.3900000006
1736553600000,6.649,6.738,6.509,6.614,5537992.5599999996
1736640000000,6.614,6.695,6.361,6.457,6319962.1100000003
1736726400000,6.458,6.702,5.85,6.283,19360466.879999999
1736812800000,6.282,6.316,6.049,6.266,14840640.5
1736899200000,6.266,6.686,6.146,6.66,17352124.9899999984
1736985600000,6.66,6.793,6.432,6.59,15615051.7799999993
1737072000000,6.59,7.173,6.59,7.05,12863094.0399999991
1737158400000,7.051,7.168,6.443,6.588,15276109.2200000007
1737244800000,6.589,6.766,5.767,5.892,24588438.6700000018
1737331200000,5.892,6.593,5.684,6.068,28001661.6099999994
1737417600000,6.068,6.354,5.834,6.237,12719487
1737504000000,6.237,6.327,6.101,6.199,10143136.7899999991
1737590400000,6.199,6.221,5.852,6.117,16993656.7699999996
1737676800000,6.118,6.415,5.95,6.21,11195671.2300000004
1737763200000,6.211,6.291,6.124,6.19,8630266.9299999997
1737849600000,6.191,6.412,6.08,6.091,10139485.3100000005
1737936000000,6.091,6.124,5.519,5.991,18230531.4800000004
1738022400000,5.992,6.065,5.601,5.661,9095695.9199999999
1738108800000,5.66,5.979,5.648,5.817,10676180.5399999991
1738195200000,5.817,6.273,5.764,6.211,7613458.6200000001
1738281600000,6.211,6.415,6.113,6.24,8824391.3499999996
1738368000000,6.239,6.414,5.787,5.811,7850611.2800000003
1738454400000,5.811,5.933,4.63,4.877,26266671.0700000003
1738540800000,4.878,4.965,3.62,4.922,52144967.700000003
1738627200000,4.921,4.974,4.397,4.685,19666305.2600000016
1738713600000,4.685,4.84,4.623,4.672,12877177.7699999996
1738800000000,4.671,4.73,4.354,4.403,14257976.4399999995
1738886400000,4.403,4.674,4.251,4.369,14994385.9399999995
1738972800000,4.37,4.588,4.319,4.564,8116745.3799999999
1739059200000,4.564,4.783,4.384,4.566,11307343.0500000007
1739145600000,4.566,4.839,4.433,4.815,11191284.9700000007
1739232000000,4.815,4.976,4.627,4.701,12237534.7200000007
1739318400000,4.701,5.098,4.528,5.063,15762049.7300000004
1739404800000,5.064,5.147,4.921,4.986,11012047.3399999999
1739491200000,4.987,5.089,4.863,4.905,17994991.25
1739577600000,4.906,5.042,4.787,4.826,8129080.8099999996
1739664000000,4.826,4.875,4.724,4.762,8128683.3200000003
1739750400000,4.762,4.945,4.701,4.812,10614938.0600000005
1739836800000,4.812,4.891,4.439,4.569,12031484.5199999996
1739923200000,4.569,4.706,4.485,4.686,7617434.7999999998
1740009600000,4.685,4.972,4.664,4.92,9664220.0700000003
1740096000000,4.921,5.078,4.674,4.768,13583198.4199999999
1740182400000,4.768,5.028,4.739,4.963,9116740.75
1740268800000,4.963,5.016,4.822,4.875,5460605.6900000004
1740355200000,4.875,4.896,4.24,4.354,14775482.9499999993
1740441600000,4.355,4.545,4.1,4.453,23827956.1999999993
1740528000000,4.453,4.694,4.409,4.605,13302041.25
1740614400000,4.605,4.781,4.468,4.568,10761172.9700000007
1740700800000,4.568,4.664,4.201,4.632,16235814.1999999993
1740787200000,4.633,4.657,4.418,4.491,6824127.2400000002
1740873600000,4.491,4.925,4.404,4.905,13986548.8300000001
1740960000000,4.904,4.949,4.137,4.221,17220666.9699999988
1741046400000,4.22,4.248,3.88,4.157,21714236.7899999991
1741132800000,4.157,4.35,4.092,4.322,9769547.3800000008
1741219200000,4.322,4.436,4.229,4.251,8688874.6799999997
1741305600000,4.252,4.441,4.065,4.261,14265282.1999999993
1741392000000,4.259,4.273,4.068,4.103,7249988.4900000002
1741478400000,4.104,4.127,3.739,3.802,13703062.3599999994
1741564800000,3.803,4.038,3.567,3.577,20567882.3099999987
1741651200000,3.577,3.989,3.381,3.882,26779531.0599999987
1741737600000,3.882,3.973,3.747,3.884,14832469.6899999995
1741824000000,3.883,3.962,3.781,3.905,11846044.6999999993
1741910400000,3.906,4.313,3.889,4.284,16399651.6500000004
1741996800000,4.284,4.718,4.226,4.647,21818265.5100000016
1742083200000,4.646,4.757,4.496,4.609,17159876.6700000018
1742169600000,4.609,4.732,4.525,4.631,15485857.1899999995
1742256000000,4.631,4.829,4.519,4.72,21552793.6799999997
1742342400000,4.72,4.764,4.568,4.748,12814196.4900000002
1742428800000,4.749,4.845,4.606,4.68,13284763.5800000001
1742515200000,4.679,4.719,4.47,4.592,9960974.1099999994
1742601600000,4.591,5.042,4.577,4.88,12438254.5299999993
1742688000000,4.88,4.894,4.68,4.8,8729618.0800000001
1742774400000,4.799,4.993,4.752,4.951,12017378.4199999999
1742860800000,4.95,5.013,4.787,4.834,10227799.0500000007
1742947200000,4.834,4.978,4.768,4.873,11291929.6099999994
1743033600000,4.873,4.962,4.734,4.802,8479206
1743120000000,4.803,4.822,4.488,4.544,10419478
1743206400000,4.544,4.557,4.166,4.239,10878175.0199999996
1743292800000,4.239,4.391,4.183,4.31,9210253.4600000009
1743379200000,4.311,4.461,4.174,4.371,10043527.0999999996
1743465600000,4.371,4.541,4.341,4.372,9417677.0899999999
1743552000000,4.371,4.603,4.139,4.209,15116076.9499999993
1743638400000,4.209,4.711,4.192,4.648,18107894.3500000015
1743724800000,4.649,5.096,4.61,4.987,49073327.8500000015
1743811200000,4.987,5.013,4.708,4.801,19806898.8299999982
1743897600000,4.801,4.829,4.373,4.438,24020608.3900000006
1743984000000,4.439,4.578,4.037,4.329,36049717.799999997
1744070400000,4.33,4.428,4.095,4.169,18740390.7600000016
1744156800000,4.168,4.582,4.01,4.534,23050509.4400000013
1744243200000,4.533,4.54,4.224,4.332,12348806.8900000006
1744329600000,4.332,4.417,4.195,4.24,13589695.5299999993
1744416000000,4.24,4.394,4.158,4.35,14035655.75
1744502400000,4.349,4.389,4.043,4.144,14754871.4499999993
1744588800000,4.144,4.277,4.057,4.131,13526608.9600000009
1744675200000,4.131,4.18,3.967,3.975,11990638.6300000008
1744761600000,3.974,4.093,3.918,4.018,12903617.4100000001
1744848000000,4.017,4.19,3.985,4.108,11961337.6899999995
1744934400000,4.107,4.22,4.066,4.116,7430828.1299999999
1745020800000,4.117,4.25,4.116,4.208,7095849.0499999998
1745107200000,4.209,4.26,4.087,4.144,7134980.4000000004
1745193600000,4.145,4.293,4.042,4.056,10984251.6600000001
1745280000000,4.056,4.337,3.973,4.309,18105039.5899999999
1745366400000,4.309,4.439,4.274,4.405,12781253.4199999999
1745452800000,4.404,4.612,4.277,4.545,17489960.9400000013
1745539200000,4.545,4.625,4.419,4.54,12599724.5800000001
1745625600000,4.54,4.73,4.539,4.583,11655546.0800000001
1745712000000,4.584,4.622,4.358,4.375,12358280.7899999991
1745798400000,4.376,4.494,4.275,4.458,12066081.5800000001
1745884800000,4.459,4.534,4.332,4.373,7885675.8899999997
1745971200000,4.372,4.424,4.213,4.298,9130331.4900000002
1746057600000,4.297,4.481,4.287,4.429,7929885.7800000003
1746144000000,4.43,4.51,4.326,4.363,6893382.5300000003
1746230400000,4.363,4.366,4.154,4.214,7463818.5300000003
1746316800000,4.214,4.243,4.049,4.09,7643873.46
1746403200000,4.09,4.198,4.041,4.069,9087030.9399999995
1746489600000,4.069,4.118,3.973,4.103,9737579.9600000009
1746576000000,4.102,4.184,4.078,4.167,11287452.9700000007
1746662400000,4.166,4.587,4.151,4.54,12899529.5299999993
1746748800000,4.54,4.997,4.522,4.945,17875311.0300000012
1746835200000,4.944,5.39,4.853,5.379,14186519.8699999992
1746921600000,5.378,5.417,5.112,5.305,13390643.3000000007
1747008000000,5.305,5.497,5.11,5.231,15077780.3000000007
1747094400000,5.231,5.365,4.996,5.257,13852008.0600000005
1747180800000,5.259,5.346,5.036,5.086,10584495.9600000009
1747267200000,5.086,5.125,4.759,4.864,14487524.5299999993
1747353600000,4.864,4.985,4.776,4.807,8558895.3100000005
1747440000000,4.807,4.834,4.651,4.715,9934898.2100000009
1747526400000,4.715,5.135,4.625,4.957,15721727.5700000003
1747612800000,4.958,5,4.578,4.776,13106738.5999999996
1747699200000,4.776,4.883,4.653,4.845,9080902.8000000007
1747785600000,4.845,5.064,4.776,4.971,13610803.2200000007
1747872000000,4.971,5.227,4.967,5.215,9122657.9800000004
1747958400000,5.216,5.342,4.766,4.789,15442223.0600000005
1748044800000,4.79,4.858,4.688,4.712,7970342.1600000001
1748131200000,4.711,4.814,4.566,4.785,8434286.7899999991
1748217600000,4.785,4.949,4.739,4.774,7152713.6200000001
1748304000000,4.774,4.957,4.671,4.752,11213577.3300000001
1748390400000,4.751,4.85,4.636,4.842,11341559.9299999997
1748476800000,4.843,4.916,4.581,4.611,11253172.1899999995
1748563200000,4.611,4.636,4.229,4.287,14559797.7799999993
1748649600000,4.287,4.388,4.171,4.343,8510534.6699999999
1748736000000,4.343,4.382,4.25,4.363,5110797.4199999999
1748822400000,4.362,4.491,4.253,4.465,7968154.7300000004
1748908800000,4.465,4.527,4.367,4.413,6505268.46
1748995200000,4.412,4.467,4.237,4.264,8452109.0999999996
1749081600000,4.265,4.352,4.024,4.077,12938338.4100000001
1749168000000,4.077,4.289,4.061,4.171,8314017.8799999999
1749254400000,4.172,4.327,4.169,4.306,4974109.1299999999
1749340800000,4.305,4.323,4.197,4.267,5955174.2599999998
1749427200000,4.266,4.445,4.203,4.432,7470254.5
1749513600000,4.431,4.624,4.377,4.6,9897671.1799999997
1749600000000,4.599,4.626,4.451,4.506,10097326.8399999999
1749686400000,4.507,4.514,4.204,4.212,11261509.7400000002
1749772800000,4.212,4.214,3.993,4.127,15882676.1999999993
1749859200000,4.126,4.156,4.017,4.083,7275692.6600000001
1749945600000,4.082,4.129,4.004,4.09,6324806.9699999997
1750032000000,4.089,4.294,4.057,4.139,10403965.9199999999
1750118400000,4.138,4.198,3.964,4.018,11595562.4199999999
1750204800000,4.018,4.076,3.913,4.012,11757344.1099999994
1750291200000,4.012,4.072,3.954,4.035,7399635.46
1750377600000,4.035,4.081,3.822,3.924,12052021.8399999999
1750464000000,3.924,3.989,3.678,3.79,9940701.7200000007
1750550400000,3.79,3.842,3.545,3.716,17720456.1700000018
1750636800000,3.715,4.096,3.702,4.071,14021381.3599999994
1750723200000,4.07,4.138,3.99,4.073,10491805.0500000007
1750809600000,4.073,4.079,3.974,3.996,9160315.6500000004
1750896000000,3.997,4.064,3.885,3.888,11042188.2799999993
1750982400000,3.888,3.947,3.843,3.924,8013235.3099999996
1751068800000,3.924,4.026,3.913,3.992,6413425.3099999996
1751155200000,3.991,4.23,3.96,4.201,8111900.5599999996
1751241600000,4.201,4.235,4.053,4.091,8991257.1799999997
1751328000000,4.09,4.108,3.908,3.924,8371698.9000000004
1751414400000,3.924,4.25,3.895,4.173,12111002.3399999999
1751500800000,4.172,4.262,4.152,4.181,7864066.4100000001
1751587200000,4.18,4.196,3.946,3.996,9275473.3300000001
1751673600000,3.996,4.029,3.94,4.007,5229869.5999999996
1751760000000,4.007,4.133,3.973,4.076,5624404.79
1751846400000,4.076,4.112,4.007,4.043,5881408.4000000004
1751932800000,4.043,4.174,3.992,4.123,6497301.6100000003
1752019200000,4.124,4.361,4.09,4.309,8663614.9199999999
1752105600000,4.31,4.624,4.282,4.612,8430875.3399999999
1752192000000,4.613,4.795,4.545,4.637,17006882.2600000016
1752278400000,4.637,4.728,4.49,4.576,8114317.9100000001
1752364800000,4.577,4.755,4.56,4.676,6779760.0899999999
1752451200000,4.676,4.852,4.484,4.55,11113887.4800000004
1752537600000,4.551,4.715,4.427,4.668,11553803.0800000001
1752624000000,4.668,4.88,4.602,4.746,10497609.2200000007
1752710400000,4.744,4.903,4.633,4.856,13393521.6300000008
1752796800000,4.857,5.16,4.78,4.856,16557623.0800000001
1752883200000,4.857,5.047,4.753,5.014,8949409.5199999996
1752969600000,5.015,5.28,4.979,5.173,10809605.4600000009
1753056000000,5.174,5.317,5.062,5.186,11609154.7300000004
1753142400000,5.185,5.211,4.919,5.111,14492529.9100000001
1753228800000,5.11,5.14,4.544,4.698,19025558.6900000013
1753315200000,4.698,4.798,4.455,4.622,15565922.3900000006
1753401600000,4.623,4.736,4.494,4.706,12582861.5099999998
1753488000000,4.707,4.835,4.668,4.761,5685929.5099999998
1753574400000,4.762,4.889,4.733,4.873,5795353.9000000004
1753660800000,4.873,4.947,4.604,4.64,12845665.9399999995
1753747200000,4.64,4.771,4.516,4.612,10678705.8599999994
1753833600000,4.613,4.615,4.24,4.415,12264002.4900000002
1753920000000,4.414,4.513,4.182,4.206,11255616.7599999998
1754006400000,4.205,4.26,4.029,4.138,16258571.4900000002
1754092800000,4.138,4.196,4.004,4.087,8226326.5800000001
1754179200000,4.088,4.282,4.031,4.269,6836056.21
1754265600000,4.269,4.337,4.227,4.309,12445132.8300000001
1754352000000,4.309,4.317,4.133,4.225,10602729.25
1754438400000,4.226,4.339,4.125,4.318,8716812.3900000006
1754524800000,4.319,4.471,4.288,4.467,8387778.8899999997
1754611200000,4.468,4.659,4.391,4.603,17972049.9499999993
1754697600000,4.603,4.789,4.601,4.726,8520818.0399999991
1754784000000,4.726,4.8,4.569,4.659,7243682.9699999997
1754870400000,4.66,4.774,4.444,4.482,13669933.7899999991
1754956800000,4.482,4.794,4.46,4.706,12272898.1099999994
1755043200000,4.705,4.892,4.655,4.854,13078213.3300000001
1755129600000,4.854,4.918,4.425,4.518,21147078.3900000006
1755216000000,4.518,4.626,4.328,4.456,13719831.9600000009
1755302400000,4.455,4.6,4.444,4.57,6835178.3399999999
1755388800000,4.57,4.757,4.538,4.618,8132369.75
1755475200000,4.618,4.626,4.376,4.461,11601691.1799999997
1755561600000,4.461,4.51,4.273,4.287,11575123.1899999995
1755648000000,4.288,4.504,4.262,4.471,9214230.9399999995
1755734400000,4.471,4.518,4.397,4.427,9555814.0199999996
1755820800000,4.428,4.851,4.292,4.819,19389571.9800000004
1755907200000,4.819,4.934,4.671,4.889,11856362.0700000003
1755993600000,4.889,4.969,4.651,4.787,17215603.1499999985
1756080000000,4.787,4.849,4.384,4.41,18687023.4800000004
1756166400000,4.41,4.579,4.384,4.524,11580663.5700000003
1756252800000,4.523,4.597,4.47,4.49,9579010.1899999995
1756339200000,4.489,4.805,4.456,4.779,11276840.5700000003
1756425600000,4.779,4.805,4.421,4.478,13722055.4299999997
1756512000000,4.479,4.555,4.413,4.502,5633134.9900000002
1756598400000,4.501,4.616,4.457,4.462,6403988.4100000001
1756684800000,4.461,4.596,4.314,4.392,12039509.2300000004
1756771200000,4.392,4.47,4.347,4.429,8685186.5399999991
1756857600000,4.429,4.562,4.398,4.52,8264674.3499999996
1756944000000,4.52,4.538,4.333,4.382,8796089.1899999995
1757030400000,4.382,4.555,4.361,4.438,13445413.7899999991
1757116800000,4.438,4.456,4.357,4.407,6333327.79
1757203200000,4.407,4.507,4.405,4.483,6760720.3300000001
1757289600000,4.482,4.595,4.472,4.538,8987983.6300000008
1757376000000,4.538,4.678,4.486,4.587,12187247.7799999993
1757462400000,4.588,4.715,4.555,4.678,9789079.3599999994
1757548800000,4.679,4.703,4.58,4.692,8358841.29
1757635200000,4.692,4.751,4.597,4.747,8425555.0700000003
1757721600000,4.747,4.887,4.734,4.821,12337970.0800000001
1757808000000,4.821,4.829,4.609,4.632,9364801.0800000001
1757894400000,4.632,4.674,4.451,4.506,11570543.4299999997
1757980800000,4.505,4.571,4.414,4.544,9173733.6600000001
1758067200000,4.544,4.638,4.448,4.612,10649301.6699999999
1758153600000,4.612,4.703,4.553,4.671,9468063.4000000004
1758240000000,4.671,4.75,4.447,4.473,11514897.1999999993
1758326400000,4.472,4.497,4.417,4.45,6933380.8399999999
1758412800000,4.45,4.511,4.394,4.398,7798377.8899999997
1758499200000,4.397,4.421,3.966,4.157,19604165.0899999999
1758585600000,4.157,4.22,4.094,4.125,8809071.3100000005
1758672000000,4.125,4.226,4.061,4.15,9805585.7599999998
1758758400000,4.15,4.16,3.937,4.01,18879727.8399999999
1758844800000,4.01,4.179,3.963,4.113,11404548.5399999991
1758931200000,4.114,4.157,4.052,4.108,6293829.75
1759017600000,4.109,4.185,4.02,4.181,6860227.5599999996
1759104000000,4.18,4.181,4.004,4.109,10994913.8300000001
1759190400000,4.109,4.112,3.972,4.099,10045019.4000000004
1759276800000,4.098,4.255,4.063,4.134,17180991.6799999997
1759363200000,4.135,4.318,4.127,4.311,19789866.1600000001
1759449600000,4.311,4.353,4.193,4.278,14218013.2899999991
1759536000000,4.279,4.292,4.086,4.134,12209799.8800000008
1759622400000,4.133,4.305,4.111,4.145,15089690.3300000001
1759708800000,4.145,4.308,4.106,4.273,13214913.8800000008
1759795200000,4.274,4.298,4.025,4.052,17897438.0199999996
1759881600000,4.053,4.204,4.005,4.17,11100417.7599999998
1759968000000,4.17,4.184,3.98,4.054,12602769.0899999999
1760054400000,4.054,4.187,1.46,2.924,71746579.7900000066
1760140800000,2.923,3.292,2.826,3.126,34077818.5200000033
1760227200000,3.126,3.547,3.028,3.48,24637633.8999999985
1760313600000,3.481,3.66,3.438,3.639,20642431.2300000004
1760400000000,3.64,3.662,3.283,3.47,21079852.379999999
1760486400000,3.47,3.518,3.272,3.332,14905924.0500000007
1760572800000,3.331,3.418,3.193,3.252,16630704.6999999993
1760659200000,3.253,3.305,3.013,3.15,18079014.4299999997
1760745600000,3.149,3.231,3.139,3.182,7248844.5
1760832000000,3.182,3.29,3.112,3.226,10720396.0600000005
1760918400000,3.226,3.323,3.175,3.27,11171499.7400000002
1761004800000,3.269,3.371,3.165,3.186,15161862.4900000002
1761091200000,3.186,3.223,3.026,3.112,16986296.7699999996
1761177600000,3.112,3.231,3.105,3.181,9158242.5600000005
1761264000000,3.181,3.226,3.123,3.184,11897265.7300000004
1761350400000,3.183,3.193,3.131,3.147,5958927.6500000004
1761436800000,3.147,3.284,3.113,3.252,9150410.5999999996
1761523200000,3.252,3.284,3.155,3.175,11125703.3699999992
1761609600000,3.174,3.211,3.028,3.094,12983267.0099999998
1761696000000,3.095,3.174,3.028,3.092,15586206.5399999991
1761782400000,3.093,3.148,2.843,2.945,22357414.5799999982
1761868800000,2.945,3.033,2.928,2.959,13142610.6799999997
1761955200000,2.959,3.045,2.941,3.027,7312699.1900000004
1762041600000,3.027,3.077,2.946,3.053,11030344.9199999999
1762128000000,3.054,3.061,2.468,2.503,33847527.5200000033
1762214400000,2.503,2.638,2.342,2.504,38927571.1199999973
1762300800000,2.505,2.683,2.403,2.664,18900584.4400000013
1762387200000,2.665,2.677,2.53,2.648,14861123.25
1762473600000,2.647,3.173,2.643,3.049,31769669.5799999982
1762560000000,3.048,3.152,2.887,2.951,16280369.6799999997
1762646400000,2.952,3.001,2.831,2.969,16845562.6700000018
1762732800000,2.969,3.152,2.948,3.105,13729656.9700000007
1762819200000,3.106,3.156,2.932,2.939,12522547.3200000003
1762905600000,2.94,3.112,2.857,2.889,13398289.7699999996
1762992000000,2.888,3.014,2.765,2.865,14006019.6999999993
1763078400000,2.866,2.912,2.747,2.799,17952163.9499999993
1763164800000,2.799,2.996,2.795,2.852,10489927.9900000002
1763251200000,2.852,2.881,2.691,2.764,13337196.0899999999
1763337600000,2.764,2.914,2.683,2.706,19866906.8500000015
1763424000000,2.706,2.822,2.664,2.757,16695369.8300000001
1763510400000,2.757,2.788,2.616,2.73,13624990.0199999996
1763596800000,2.73,3.133,2.717,2.736,37615775.9099999964
1763683200000,2.736,2.825,2.443,2.514,39384293.9799999967
1763769600000,2.513,2.531,2.435,2.511,13399654.5899999999
1763856000000,2.51,2.566,2.478,2.494,11860450.5500000007
1763942400000,2.492,2.546,2.383,2.5,20136321.129999999
1764028800000,2.499,2.53,2.411,2.466,11828061.3800000008
1764115200000,2.466,2.559,2.43,2.524,12160977.3300000001
1764201600000,2.524,2.553,2.498,2.518,9284817.0299999993
1764288000000,2.518,2.544,2.423,2.438,10591665.6899999995
1764374400000,2.437,2.455,2.387,2.426,7809339.7999999998
1764460800000,2.426,2.451,2.369,2.372,6546375.7599999998
1764547200000,2.372,2.378,2.138,2.266,22615697.3900000006
1764633600000,2.266,2.43,2.243,2.364,12820160.25
1764720000000,2.363,2.417,2.308,2.392,14106565.1199999992
1764806400000,2.391,2.406,2.279,2.307,11410373.0700000003
1764892800000,2.308,2.334,2.147,2.194,13354468.9800000004
1764979200000,2.195,2.281,2.182,2.237,7260775.2699999996
1765065600000,2.236,2.248,2.132,2.176,11228368.4800000004
1765152000000,2.177,2.27,2.169,2.247,10539468.2100000009
1765238400000,2.247,2.418,2.193,2.325,14888593.9900000002
1765324800000,2.325,2.372,2.243,2.267,15140803.4199999999
1765411200000,2.266,2.271,2.157,2.184,12789132.8599999994
1765497600000,2.184,2.205,2.069,2.14,14975062.5199999996
1765584000000,2.14,2.194,2.137,2.181,7008913.8200000003
1765670400000,2.182,2.189,2.079,2.101,8649507.6999999993
1765756800000,2.101,2.164,1.996,2.049,13282548.4499999993
1765843200000,2.048,2.07,1.988,1.999,13281429.8800000008
1765929600000,1.999,2.089,1.92,1.943,19225123.0399999991
1766016000000,1.943,1.973,1.828,1.851,20446984.4800000004
1766102400000,1.852,1.99,1.843,1.964,15986901.6500000004
1766188800000,1.965,2.002,1.958,1.98,7028797.0599999996
1766275200000,1.981,1.995,1.904,1.941,7352158.4699999997
1766361600000,1.941,1.998,1.92,1.948,9103054.0299999993
1766448000000,1.948,2,1.916,1.971,9243913.9299999997
1766534400000,1.971,1.992,1.912,1.982,8726651.4100000001
1766620800000,1.981,2.026,1.952,1.955,8961529.6199999992
1766707200000,1.955,2.059,1.948,2.045,9370746.9100000001
1766793600000,2.045,2.098,2.027,2.08,6340492.2999999998
1766880000000,2.079,2.11,2.054,2.073,6265449.3399999999
1766966400000,2.073,2.102,1.957,1.963,12178556.3200000003
1767052800000,1.962,2,1.953,1.964,7657706.3300000001
1767139200000,1.965,1.983,1.905,1.928,6883918.0499999998
1767225600000,1.928,2.078,1.917,2.066,9332574.5199999996
1767312000000,2.067,2.168,2.057,2.165,10893798.9600000009
1767398400000,2.165,2.26,2.164,2.238,10387534.5600000005
1767484800000,2.238,2.346,2.227,2.338,10218230.1099999994
1767571200000,2.338,2.391,2.266,2.368,13224640.1300000008
1767657600000,2.367,2.548,2.35,2.53,15088101.75
1767744000000,2.529,2.533,2.39,2.432,14271582.7699999996
1767830400000,2.432,2.506,2.375,2.46,14416587.5800000001
1767916800000,2.458,2.65,2.408,2.59,17295047.0899999999
1768003200000,2.59,2.68,2.54,2.568,14331982.9499999993
1768089600000,2.567,2.639,2.551,2.573,8241353.9000000004
1768176000000,2.572,2.653,2.477,2.485,11631873.5899999999
1768262400000,2.485,2.677,2.483,2.633,12837586.8800000008
1768348800000,2.633,2.698,2.565,2.58,11097783.0299999993
1768435200000,2.581,2.597,2.44,2.475,10557795.6999999993
1768521600000,2.475,2.506,2.425,2.491,6511185.3899999997
1768608000000,2.491,2.6,2.486,2.565,6713390.2400000002
1768694400000,2.566,2.593,2.418,2.423,7774015.5300000003
1768780800000,2.423,2.484,2.2,2.455,14007479.4100000001
1768867200000,2.454,2.545,2.281,2.294,15648525.1500000004
1768953600000,2.293,2.451,2.292,2.381,18861505.870000001
1769040000000,2.381,2.439,2.324,2.333,8540065.8100000005
1769126400000,2.334,2.418,2.326,2.366,8828936.7699999996
1769212800000,2.366,2.386,2.29,2.331,6483011.0800000001
1769299200000,2.331,2.336,2.2,2.235,10732330.7400000002
1769385600000,2.236,2.312,2.204,2.22,13189171.7599999998
1769472000000,2.221,2.268,2.179,2.242,11940661.1999999993
1769558400000,2.241,2.3,2.217,2.236,11489029.7599999998
1769644800000,2.237,2.241,2.075,2.125,12774790.6600000001
1769731200000,2.126,2.135,2.049,2.11,12329101.0600000005
1769817600000,2.11,2.114,1.805,1.969,18712591.0799999982
1769904000000,1.968,1.992,1.872,1.91,12975792.0500000007
1769990400000,1.91,2.005,1.861,1.979,13454646.1600000001
1770076800000,1.979,2.052,1.886,2.032,17124178.6099999994
1770163200000,2.032,2.105,1.973,1.993,19787091.6799999997
1770249600000,1.993,2.056,1.764,1.817,37006641.2899999991
1770336000000,1.816,2.014,1.649,1.985,77098147.0699999928
1770422400000,1.985,2.05,1.927,1.988,16352385.2599999998
1770508800000,1.988,2,1.929,1.948,7753012.9699999997
1770595200000,1.948,1.984,1.9,1.959,9687061.0899999999
1770681600000,1.958,1.973,1.893,1.92,8029716.2400000002
1770768000000,1.92,2.009,1.87,1.943,17975926
1770854400000,1.943,2.015,1.926,1.966,11659176.0600000005
1770940800000,1.966,2.127,1.95,2.12,10003793.5600000005
1771027200000,2.12,2.218,2.108,2.184,7928876.5300000003
1771113600000,2.184,2.222,2.094,2.135,11301121.6899999995
1771200000000,2.136,2.319,2.111,2.291,15390012.5600000005
1771286400000,2.291,2.328,2.221,2.241,14322343.4199999999
1771372800000,2.241,2.508,2.21,2.342,25549427.1400000006
1771459200000,2.343,2.363,2.265,2.289,13794930.8000000007
1771545600000,2.29,2.391,2.256,2.355,12522866.0399999991
1771632000000,2.355,2.411,2.305,2.312,6953226.4800000004
1771718400000,2.312,2.318,2.232,2.247,6566012.2199999997
1771804800000,2.247,2.253,2.11,2.117,14042445.2300000004
1771891200000,2.118,2.146,1.978,1.99,12139759.9399999995
1771977600000,1.99,2.119,1.917,1.932,28081952.370000001
1772064000000,1.933,1.974,1.817,1.876,33522765.3500000015
1772150400000,1.877,1.938,1.811,1.847,18105113.0599999987
1772236800000,1.846,1.86,1.765,1.845,17520662.629999999
1772323200000,1.845,1.882,1.757,1.796,14143698.0600000005
1772409600000,1.795,1.88,1.779,1.842,13398658.5800000001
1772496000000,1.841,1.853,1.762,1.812,11998334.6300000008
1772582400000,1.813,1.925,1.803,1.876,13836107.7300000004
1772668800000,1.877,1.893,1.821,1.838,9770008.9499999993
1772755200000,1.838,1.853,1.769,1.808,9513970.1799999997
1772841600000,1.807,1.831,1.774,1.782,6855211.6600000001
1772928000000,1.782,1.785,1.712,1.734,10190105.5700000003
1773014400000,1.734,1.777,1.702,1.74,10449789.0199999996
1773100800000,1.74,1.842,1.74,1.787,10337712.5700000003
1773187200000,1.787,1.854,1.783,1.84,8472763.0500000007
1773273600000,1.839,1.846,1.805,1.837,8308266.54
1773360000000,1.837,1.896,1.831,1.86,10563373
1773446400000,1.859,1.889,1.847,1.869,6459812.1600000001
1773532800000,1.868,1.872,1.839,1.86,5578335.5300000003
1773619200000,1.86,2.005,1.853,1.974,12091485.25
1773705600000,1.975,1.983,1.923,1.958,7242579.3099999996
1773792000000,1.959,2.031,1.866,1.907,13761097.4700000007
1773878400000,1.907,1.929,1.796,1.81,11248048.4199999999
1773964800000,1.81,1.841,1.783,1.834,10142617.7699999996
1774051200000,1.834,1.859,1.784,1.791,6364301.2599999998
1774137600000,1.791,1.806,1.751,1.767,8660579.3300000001
1774224000000,1.768,1.842,1.748,1.784,14593724.5399999991
1774310400000,1.784,1.796,1.76,1.787,12017266.5500000007
1774396800000,1.786,1.806,1.755,1.764,7436044.9299999997
1774483200000,1.764,1.765,1.672,1.697,10090900.6600000001
1774569600000,1.697,1.731,1.651,1.674,10011927.5500000007
1774656000000,1.673,1.699,1.655,1.665,5973458.04
1774742400000,1.665,1.67,1.603,1.643,7031707.6299999999
1774828800000,1.643,1.7,1.637,1.666,6594182.3600000003
1774915200000,1.665,1.712,1.662,1.706,7469933.1699999999
1775001600000,1.706,1.74,1.669,1.674,8794304.4600000009
1775088000000,1.675,1.688,1.611,1.665,8598149.1099999994
1775174400000,1.665,1.729,1.662,1.687,7630694.9199999999
1775260800000,1.686,1.72,1.679,1.712,3826117.71
1775347200000,1.712,1.724,1.663,1.697,8321838.0999999996
1775433600000,1.697,1.756,1.689,1.702,12407970.0999999996
1775520000000,1.702,1.808,1.672,1.804,8957866.3100000005
1775606400000,1.805,1.808,1.748,1.779,9424078.2300000004
1775692800000,1.779,1.83,1.758,1.799,8860593.8100000005
1775779200000,1.8,1.846,1.79,1.804,7888365.7599999998
1775865600000,1.805,1.806,1.762,1.775,6066667.3200000003
1775952000000,1.776,1.785,1.716,1.722,5210612.7400000002
1776038400000,1.722,1.787,1.705,1.777,7301078.3600000003
1776124800000,1.777,1.783,1.735,1.744,5889901.2400000002
1776211200000,1.743,1.776,1.726,1.766,6107993.46
1776297600000,1.766,1.823,1.753,1.808,9865935.5199999996
1776384000000,1.807,1.865,1.783,1.831,9262580.1600000001
1776470400000,1.83,1.85,1.773,1.781,6322320.2699999996
1776556800000,1.781,1.801,1.751,1.757,6890577.6200000001
1776643200000,1.757,1.817,1.755,1.799,6747335.79
1776729600000,1.798,1.845,1.756,1.844,12794868.0899999999
1776816000000,1.844,1.916,1.842,1.86,8923659.3499999996
1776902400000,1.86,1.914,1.834,1.91,7190960.7400000002
1776988800000,1.911,1.997,1.907,1.99,9302483.6899999995
1777075200000,1.99,2.055,1.989,2.028,8599012.8800000008
1777161600000,2.027,2.035,1.993,2,5609381.3300000001
1777248000000,1.999,2.026,1.943,1.982,8426352.6300000008
1777334400000,1.982,1.989,1.93,1.951,6220725.0800000001
1777420800000,1.951,1.988,1.893,1.928,7295634.8899999997
1777507200000,1.928,1.939,1.874,1.885,5972610.3399999999
1777593600000,1.885,1.916,1.869,1.897,5550686.8200000003
1777680000000,1.897,1.906,1.861,1.883,3796612.9300000002
1777766400000,1.883,1.895,1.852,1.873,4239118.2699999996
1777852800000,1.873,1.923,1.859,1.888,9988206.7100000009
1777939200000,1.888,1.922,1.837,1.881,10666191.6500000004
1778025600000,1.88,1.973,1.878,1.9,14774514.9499999993
1778112000000,1.901,1.947,1.868,1.884,9079619.6099999994
1778198400000,1.884,1.958,1.851,1.949,11634033.2899999991
1778284800000,1.949,1.992,1.924,1.936,7535435.21
1778371200000,1.935,2.05,1.893,2.011,15829121.1699999999
1778457600000,2.011,2.107,1.971,2.042,21646665.1999999993
1778544000000,2.041,2.179,1.977,2.104,26579920.9400000013
1778630400000,2.104,2.233,2.026,2.036,27905924.5300000012
1778716800000,2.037,2.072,1.994,2.043,11721425.6099999994
1778803200000,2.043,2.052,1.922,1.926,10492419.3100000005
1778889600000,1.927,2.057,1.907,2.038,20106871.9899999984
1778976000000,2.038,2.138,1.986,2.033,21936209.6099999994
1779062400000,2.033,2.086,1.983,2.075,18485637.4400000013
1779148800000,2.075,2.091,2.014,2.038,9499715.25
1779235200000,2.038,2.039,1.977,1.99,7412297.2300000004
1779321600000,1.99,2.082,1.988,2.05,15950994.5899999999
1779408000000,2.051,2.189,2.037,2.068,18379544.7100000009
1779494400000,2.069,2.15,2.006,2.109,12151329.1099999994
1779580800000,2.109,2.132,1.996,2.053,8535473.2400000002
1779667200000,2.053,2.189,2.047,2.133,10578947.9499999993
1779753600000,2.134,2.297,2.116,2.217,21787718.9600000009
1779840000000,2.217,2.262,2.108,2.129,14923058.2200000007
1779926400000,2.129,2.138,2.003,2.059,13778643.3000000007
1780012800000,2.058,2.109,1.969,2.013,10606010.7300000004
1780099200000,2.013,2.069,2.003,2.017,6950530.3300000001
1780185600000,2.017,2.022,1.921,1.955,10148827.1400000006
1780272000000,1.955,1.976,1.887,1.904,9423879.3599999994
1780358400000,1.905,1.909,1.783,1.821,11316593.1799999997
1780444800000,1.821,1.92,1.807,1.852,11977016.8200000003
1780531200000,1.853,1.866,1.73,1.808,15907044.3800000008
1780617600000,1.807,1.815,1.597,1.656,20235414.2600000016
1780704000000,1.655,1.68,1.555,1.627,8246561.5499999998
1780790400000,1.627,1.742,1.622,1.713,7922259.7400000002
1780876800000,1.713,1.805,1.695,1.764,6828285.7000000002
1780963200000,1.763,1.8,1.712,1.778,10612379.4199999999
1781049600000,1.779,1.861,1.735,1.761,13358733.6699999999
1781136000000,1.762,2.034,1.761,2.034,22047286.6499999985
1781222400000,2.034,2.037,1.929,1.978,10563806.4299999997
1781308800000,1.979,2.023,1.936,1.948,6255038.6900000004
1781395200000,1.948,2.013,1.92,2.007,8340405.0300000003
1781481600000,2.006,2.023,1.944,1.963,7323140.7400000002
1781568000000,1.963,2.015,1.936,1.989,7557937.1299999999
1781654400000,1.99,2.022,1.872,1.899,8942111.0399999991
1781740800000,1.899,1.907,1.776,1.81,9423260.6400000006
1781827200000,1.81,1.852,1.792,1.809,5180984.9800000004
1781913600000,1.808,1.816,1.758,1.802,4613786.0499999998
1782000000000,1.801,1.809,1.746,1.756,3782097.3700000001
1782086400000,1.756,1.835,1.751,1.798,5634002.1100000003
1782172800000,1.797,1.805,1.713,1.717,7021651.21
1782259200000,1.716,1.733,1.6,1.65,9391511.1099999994
1782345600000,1.65,1.677,1.546,1.611,10088125.6099999994
1782432000000,1.611,1.646,1.571,1.593,10231413.8000000007
1782518400000,1.594,1.615,1.556,1.578,6126512.1900000004
1782604800000,1.579,1.582,1.552,1.571,4402802.2800000003
1782691200000,1.571,1.593,1.517,1.533,8312852.4500000002
1782777600000,1.533,1.54,1.494,1.512,8644011.2200000007
1782864000000,1.512,1.571,1.478,1.538,9332554.6600000001
1782950400000,1.538,1.58,1.535,1.558,7734605.25
1783036800000,1.557,1.612,1.549,1.594,8861179.4800000004
1783123200000,1.594,1.612,1.577,1.592,5446596.1500000004
1783209600000,1.592,1.599,1.54,1.596,7235145.3899999997
1783296000000,1.596,1.629,1.541,1.601,8848963.8100000005
1783382400000,1.601,1.61,1.56,1.572,6458200.0499999998
1783468800000,1.573,1.583,1.527,1.564,8623756.25
1783555200000,1.564,1.581,1.543,1.55,7029534.0199999996
1783641600000,1.55,1.594,1.541,1.586,6147505.9299999997
1783728000000,1.587,1.612,1.576,1.58,4924362.3499999996
1783814400000,1.58,1.59,1.554,1.565,6080810.04
1783900800000,1.566,1.583,1.521,1.537,6894737
1783987200000,1.538,1.566,1.515,1.563,6683996.04
1784073600000,1.563,1.593,1.551,1.555,6801524.9299999997
1784160000000,1.554,1.567,1.502,1.511,9881187.0399999991
1784246400000,1.51,1.529,1.486,1.509,8535565.1199999992
1784332800000,1.51,1.512,1.482,1.496,6461504.3499999996
1784419200000,1.496,1.505,1.467,1.475,5534044.2599999998
1784505600000,1.475,1.506,1.443,1.494,8990562.7699999996
1784592000000,1.493,1.51,1.475,1.485,7277672.1799999997
1784678400000,1.485,1.492,1.455,1.467,6100989.79
1784764800000,1.468,1.476,1.416,1.419,9883584.5399999991
1784851200000,1.419,1.43,1.371,1.393,8317482.2199999997
1784937600000,1.393,1.401,1.368,1.382,5373048.0999999996
1785024000000,1.382,1.405,1.379,1.397,5685090.5700000003
1785110400000,1.396,1.399,1.292,1.298,15837957.3699999992
1785196800000,1.298,1.315,1.283,1.306,14904626.2899999991
1785283200000,1.307,1.311,1.261,1.282,10081438.4800000004
1785369600000,1.281,1.306,1.269,1.281,6348379.3099999996
1785456000000,1.28,1.29,1.217,1.228,15539202.5199999996
