timestamp_ms,open,high,low,close,volume
1609459200000,37.4,39.082,37,37.795,2613623.2400000002
1609545600000,37.795,39.06,36.79,38.271,2789507.96
1609632000000,38.271,41.906,37.838,41.3,5731756.1399999997
1609718400000,41.301,43.646,38.011,41.142,6603696.9699999997
1609804800000,41.126,41.807,38.844,41.799,4157283.5
1609891200000,41.806,42.328,40.53,42.288,3385263.29
1609977600000,42.286,44.928,41.3,43.57,4664178.8600000003
1610064000000,43.566,43.69,40.054,42.394,4283914.4100000001
1610150400000,42.403,44.301,41.52,43.907,3048897.77
1610236800000,43.911,45.2,39.786,42.399,4438160.7599999998
1610323200000,42.394,42.464,35.13,38.104,7471566.1900000004
1610409600000,38.114,39.998,37.135,38.275,3873565.3900000001
1610496000000,38.274,40.512,37,40.192,3655018.7999999998
1610582400000,40.208,42.039,39.68,41.911,3023256.98
1610668800000,41.912,42.69,38.696,40.88,3622510.3500000001
1610755200000,40.882,44.226,40.689,43.171,4005216.9500000002
1610841600000,43.169,46.784,41,45.857,5321151.21
1610928000000,45.861,46.967,44.145,45.442,3761963.0099999998
1611014400000,45.447,47.4,41.686,42.492,5885999.2800000003
1611100800000,42.477,42.802,40.195,42.607,4038131.8300000001
1611187200000,42.62,42.714,38.116,38.647,4457043.0999999996
1611273600000,38.648,41.426,36.81,40.863,4101010.6099999999
1611360000000,40.855,41.799,39.504,40.925,2586537.96
1611446400000,40.927,42.273,40.28,41.85,1854955.8700000001
1611532800000,41.85,43.435,40.5,41.826,2542580.9100000001
1611619200000,41.835,42.556,39.876,41.873,2217988.98
1611705600000,41.86,42.131,39.71,40.902,2497721.46
1611792000000,40.907,42.999,40.36,42.452,2241362.9199999999
1611878400000,42.452,44.1,41.837,42.863,2967302.4399999999
1611964800000,42.869,45.156,42.6,44.744,1953602.3100000001
1612051200000,44.74,45.707,43.374,44.353,1771975.3300000001
1612137600000,44.345,52.578,43.418,51.483,5792782.9000000004
1612224000000,51.461,52.888,49.315,50.914,4571265.54
1612310400000,50.906,52.694,49.751,52.096,2182777.6099999999
1612396800000,52.095,56.948,51.008,55.968,3742663.9100000001
1612483200000,55.96,68.8,55.925,67.736,5761391.9400000004
1612569600000,67.69,75.538,61.52,72.555,12358167.8699999992
1612656000000,72.548,74.5,64.034,68.269,6571573.6799999997
1612742400000,68.259,80.386,67.4,80.146,7926793.8099999996
1612828800000,80.146,116.592,78.785,107.249,17338691.0899999999
1612915200000,107.254,148.9,107.25,128.901,27321335.8000000007
1613001600000,128.9,133.605,118,124.11,7898640.8600000003
1613088000000,124.148,141.85,121,136.745,7979486.2000000002
1613174400000,136.728,139,124.951,133.5,4435209.6399999997
1613260800000,133.5,140.417,128.541,135.844,5327989.9000000004
1613347200000,135.89,140.187,117.189,130.037,5327626.0599999996
1613433600000,130.036,134,126.2,130.334,3003950.4500000002
1613520000000,130.327,176.92,127,165.556,11845430.3599999994
1613606400000,165.638,201.69,163.257,195.549,15260592.3300000001
1613692800000,195.571,350,195,334.094,35904371.3500000015
1613779200000,334.111,337,223.342,252.807,20932443.5300000012
1613865600000,253.053,309.086,249.001,294.864,14676450.9900000002
1613952000000,294.945,295.986,219,267.467,15428019.6099999994
1614038400000,267.444,270.081,183.5,230.982,19576669.0399999991
1614124800000,230.99,280.811,213.2,254.183,14890210.6099999994
1614211200000,254.194,265.82,231,234.376,9071200.4100000001
1614297600000,234.409,239.772,208.872,221.6,10146456.8699999992
1614384000000,221.594,238,218.991,225.36,5396399.1600000001
1614470400000,225.33,229.294,195,210.11,7904773.1699999999
1614556800000,210.196,260,209.052,255.033,11445294.2699999996
1614643200000,255.069,265.584,227.121,239.713,7830293.2800000003
1614729600000,239.673,255.387,236.054,240.499,6569331.1699999999
1614816000000,240.427,250.311,225.577,229.743,5592589.8300000001
1614902400000,229.698,231.637,215.7,225.407,5124643.7400000002
1614988800000,225.409,232.386,219.424,226.349,3351778.2400000002
1615075200000,226.382,244.389,224.77,240.269,4499987.4500000002
1615161600000,240.283,243.394,229,240.555,3799282.7200000002
1615248000000,240.553,298.292,235.82,293.464,12635026.5899999999
1615334400000,293.424,296.5,264,278.397,10156146.5899999999
1615420800000,278.397,316.491,272.434,290.04,12275392.5500000007
1615507200000,290.04,290.954,246.336,263.372,9784609.1400000006
1615593600000,263.404,284.933,255.55,276.98,5299618.9900000002
1615680000000,276.994,277.71,263.114,263.278,3400635.5699999998
1615766400000,263.431,268.158,249.649,254.523,4745146.2999999998
1615852800000,254.53,259.902,240,258.957,4021206.8599999999
1615939200000,258.964,272.598,248.624,270.149,3325521.0899999999
1616025600000,270.187,278.239,257.461,261.699,4023547.21
1616112000000,261.699,269.486,255.001,262.924,2412866.29
1616198400000,262.933,274.848,261.585,264.332,2695399.6800000002
1616284800000,264.305,268.121,257.232,264.852,2342979.8599999999
1616371200000,264.852,277.607,253,254.967,4184146.9399999999
1616457600000,254.99,263.031,252,255.654,3094054.3999999999
1616544000000,255.605,268.807,240,248.468,3981391.25
1616630400000,248.52,250.084,222.902,233.852,5051270.5899999999
1616716800000,233.849,255.192,233.744,255.072,3135255.75
1616803200000,255.046,276.338,248.788,269.619,3929000.1499999999
1616889600000,269.605,281.67,261.1,268.799,3872203.5699999998
1616976000000,268.788,278.5,264.52,275.426,2623334.3199999998
1617062400000,275.421,312.811,271.507,312.347,7941174.1399999997
1617148800000,312.322,317.89,283,302.7,7969896.5999999996
1617235200000,302.702,340,301,335.334,6517964.6799999997
1617321600000,335.374,358.418,325,338.821,6764633.3300000001
1617408000000,338.721,349.8,315.2,322.235,4675679.1200000001
1617494400000,322.244,352.867,316.116,349.304,4016471.2999999998
1617580800000,349.277,381.24,335.532,368.763,5689326.5599999996
1617667200000,368.754,413.068,364.5,403.484,7737755.9000000004
1617753600000,403.499,414.784,356.777,375.947,11124864.6699999999
1617840000000,375.947,423.468,372.146,418.755,6253328.8600000003
1617926400000,418.77,454.842,405.05,454.84,6426818.5800000001
1618012800000,454.801,489.5,449.895,472.789,8798239.9199999999
1618099200000,472.86,529.909,460.8,526.179,6886715.5999999996
1618185600000,526.188,640.5,517.2,598.229,23039501.2600000016
1618272000000,598.212,605.145,533.5,553.269,10826674.0399999991
1618358400000,553.352,593.414,519.061,549.788,9289659.7699999996
1618444800000,549.788,558.324,534.205,542.723,3947360.25
1618531200000,542.745,549.959,487.556,508.924,9544356.5099999998
1618617600000,508.919,548.545,506,515.342,5197888.3899999997
1618704000000,515.432,520.684,416.364,482.127,9714866.0399999991
1618790400000,482.126,540.909,467.235,504.668,9465769.2899999991
1618876800000,504.642,590.656,472.468,587.206,9366053.7899999991
1618963200000,586.959,614.8,535.955,544.359,11208729.5299999993
1619049600000,544.404,584.209,480,505.65,11147827.5500000007
1619136000000,505.674,530.486,447.597,526.227,11796134.6699999999
1619222400000,526.228,529.158,483,497.13,5350238.9900000002
1619308800000,497.187,518.144,478.548,505.538,3966924.0499999998
1619395200000,505.543,550.595,502.01,535.358,4855443.5700000003
1619481600000,535.358,579.885,525.797,569.126,4630435.4699999997
1619568000000,569.126,580,540,563.063,3806369.4399999999
1619654400000,563.053,616.653,554.066,600.325,7353626.1100000003
1619740800000,600.325,628.95,586.328,623.585,5820798.5599999996
1619827200000,623.585,645.5,609.459,620.81,3612502.7599999998
1619913600000,620.813,629.67,596,622.071,3226654.8300000001
1620000000000,622.072,681.576,622,676.967,4826440.1900000004
1620086400000,676.991,679.53,605,610.058,6042418.3300000001
1620172800000,610.058,657.523,605,651.969,3253407.1499999999
1620259200000,652,655.347,621,634.224,2558175.1600000001
1620345600000,634.22,645,612.348,624.628,2400710.6800000002
1620432000000,624.617,659.182,619.111,646.27,2655923.3199999998
1620518400000,646.27,680,630,662.398,3424033.96
1620604800000,662.375,692.9,585.059,631.543,4579766.04
1620691200000,631.525,673,621.753,671.2,2466913.8999999999
1620777600000,671.19,685,580,594.1,2988758.5600000001
1620864000000,594.11,633.45,527,571.21,6731897.1600000001
1620950400000,571.14,616.29,565.98,603.47,2583123.3999999999
1621036800000,603.53,611.54,560,563.85,2361014.79
1621123200000,563.87,607.33,535.01,564.41,2956627.9199999999
1621209600000,564.41,564.41,483.93,512.44,4903573.5199999996
1621296000000,512.46,535,496,508.31,3063472.5800000001
1621382400000,508.33,516.68,250,334.47,12232300.4399999995
1621468800000,334.46,423,284.33,391.38,9016040.4600000009
1621555200000,391.33,415.79,273.89,325.75,8510825.1099999994
1621641600000,325.7,335.51,284.74,299.68,6478250.1600000001
1621728000000,299.63,313.62,211.14,260.61,13121033.0899999999
1621814400000,260.7,350.34,257.43,345.33,9630202.5899999999
1621900800000,345.28,376.08,307,343.43,8856765.25
1621987200000,343.44,388.55,336.37,379.18,6414379.5300000003
1622073600000,379.15,387.6,340.03,369.71,5718913.4199999999
1622160000000,369.72,373.72,312.46,329.11,7554255.2699999996
1622246400000,329.12,347.54,295.64,304.17,6285913.6799999997
1622332800000,304.15,338.31,291.01,325.52,5630651.6799999997
1622419200000,325.52,356.16,307.06,353.12,5617361.5199999996
1622505600000,353.14,364.5,339.1,362.13,4956677.0099999998
1622592000000,362.1,418.45,350.38,401.34,6888672.8899999997
1622678400000,401.33,432.18,391.14,428.42,5981632.04
1622764800000,428.52,429.71,365.33,390.83,8155115.3200000003
1622851200000,390.86,426.55,373.48,389.7,7016327.3399999999
1622937600000,389.68,400.22,381.39,393.52,3819571.3100000001
1623024000000,393.55,407.23,352.09,358,5888482.2999999998
1623110400000,358.03,366.44,319.13,352.34,9851325.4199999999
1623196800000,352.32,378.18,333.34,375.39,7029124.7199999997
1623283200000,375.42,377.47,344,351.88,4950899.6299999999
1623369600000,351.87,366.5,340.51,345.49,4323389.9400000004
1623456000000,345.49,348.76,325.18,343.6,4410296.2800000003
1623542400000,343.6,369.24,330.2,365.83,4089294.1400000001
1623628800000,365.86,377.36,355,369.9,3724321.9900000002
1623715200000,369.9,379.72,363,366.3,3373483.3900000001
1623801600000,366.36,366.73,343,347.24,3353463.4300000002
1623888000000,347.24,362.34,345.76,352.45,2604926.77
1623974400000,352.45,356.85,327,336.79,3633095.6099999999
1624060800000,336.79,345.12,331.02,333.77,2454096.9500000002
1624147200000,333.77,340.46,310,338.98,4070183.0800000001
1624233600000,338.98,342.36,268,270.33,8257621.6200000001
1624320000000,270.31,291.02,225,261.92,12127953.1300000008
1624406400000,261.92,310.83,250.55,295.69,6846050.9500000002
1624492800000,295.68,316.65,281.12,308.53,5626601.0800000001
1624579200000,308.52,314.8,275.16,280.75,5858593.9699999997
1624665600000,280.74,290.49,263.84,279.38,5221781.8200000003
1624752000000,279.4,291.59,269.24,290.7,4111881.4900000002
1624838400000,290.7,299.45,283.4,289.82,4282419.7599999998
1624924800000,289.82,315.64,289.08,300.76,4930215.2199999997
1625011200000,300.76,304.76,281.3,303.44,4613417.9900000002
1625097600000,303.5,303.84,280.1,287.38,3582374.0499999998
1625184000000,287.38,290.57,275.93,286.83,3013603.5800000001
1625270400000,286.84,303.33,282.5,298.07,2700344.6899999999
1625356800000,298.1,314.88,292.5,307.58,3191271.1000000001
1625443200000,307.59,307.6,292.11,301.98,3705270.9900000002
1625529600000,302,322.39,301.68,319.5,4857453.0199999996
1625616000000,319.5,339.44,318.04,327.41,4382399.9100000001
1625702400000,327.43,328.27,304.1,309.78,4493527.5199999996
1625788800000,309.77,319.36,301.52,316.86,2912055.3700000001
1625875200000,316.86,321,310.3,316.11,2271201.2400000002
1625961600000,316.1,326.72,312,321.8,2329832.3199999998
1626048000000,321.81,334,308.21,315.56,3721832.8100000001
1626134400000,315.53,318,305.11,308.82,2943422.6499999999
1626220800000,308.82,313.26,290,309.23,3895142.52
1626307200000,309.23,323.98,301.11,315.78,5683751.7699999996
1626393600000,315.78,323.31,301.68,302.71,3981862.9100000001
1626480000000,302.7,306.4,293.7,300.08,3257255.4300000002
1626566400000,300.11,308.88,298.32,301.77,2491017.48
1626652800000,301.78,303.46,278,280.27,3841360.3300000001
1626739200000,280.25,283.32,253.64,264.19,5353473.0999999996
1626825600000,264.19,299,260.6,293.07,4954440.8499999996
1626912000000,293.1,298.45,287.25,293,2856903
1626998400000,293.01,301.34,281.05,299.27,3498940.29
1627084800000,299.32,307.92,295.4,301.47,2610939.96
1627171200000,301.46,303.92,292.2,302.17,2095153.03
1627257600000,302.17,329.05,300.62,303.8,5072279.5199999996
1627344000000,303.79,318.28,297.32,313.24,3421048.6899999999
1627430400000,313.21,318.73,307.31,313.67,2805883.5499999998
1627516800000,313.66,320.53,308.05,317.15,2207945.46
1627603200000,317.12,326,306,322.78,2709294.9900000002
1627689600000,322.81,338.81,317.34,332.5,2763201.7400000002
1627776000000,332.5,348.15,328.68,332.57,3004681.9100000001
1627862400000,332.58,338.22,326.36,330.53,2095323.0800000001
1627948800000,330.56,334.7,317.08,323.46,1931080.6200000001
1628035200000,323.46,337.19,319.67,334.88,1731136.8400000001
1628121600000,334.87,340.26,323.55,338.11,2361094.0499999998
1628208000000,338.08,347.46,330.95,342.28,2191512.0099999998
1628294400000,342.27,359.99,340.31,356.25,2630137.3399999999
1628380800000,356.25,360,337.03,341.99,2301382.7200000002
1628467200000,342,357.82,333.35,354.46,2406936.1299999999
1628553600000,354.46,377.34,348.7,372.03,3493320.6000000001
1628640000000,372.03,409.5,371.17,391.24,3365353.4100000001
1628726400000,391.23,406.95,371.77,385.8,3557165.77
1628812800000,385.82,411.72,383,411.21,2659844.3799999999
1628899200000,411.26,419.54,400,408.9,2675312.0499999998
1628985600000,408.9,415.42,396.44,414.4,2007683.55
1629072000000,414.4,437.92,411.35,415.83,3266173.8100000001
1629158400000,415.84,436.37,398.66,402.07,3547052.1099999999
1629244800000,402.12,412.48,384.92,396.21,3075110.1400000001
1629331200000,396.31,432.3,391,431.51,3046364.5800000001
1629417600000,431.51,458.83,422.03,455.29,2787681.3500000001
1629504000000,455.3,460.89,445,449.25,2472011.5699999998
1629590400000,449.26,459,438.1,449.22,1886759.1699999999
1629676800000,449.21,510.75,447.23,499.18,5487836.4299999997
1629763200000,499.19,505.23,461,472.23,3726404.71
1629849600000,472.22,507.76,470.02,503.49,3995276.27
1629936000000,503.49,519.82,471,478.14,4464562.5999999996
1630022400000,478.24,496.97,467.2,494.95,3079406.8900000001
1630108800000,495.04,497.56,482.79,486.61,1514514.8
1630195200000,486.61,496.4,476.11,480.06,1795835.5600000001
1630281600000,480.04,481.6,457.16,460.29,2117647.1499999999
1630368000000,460.28,477.85,451.84,464.44,2649162.4300000002
1630454400000,464.48,490.73,455.64,489.5,2595281.2599999998
1630540800000,489.5,505.44,478,484.08,2643356.52
1630627200000,484.07,495.05,473,488.78,2116484.0499999998
1630713600000,488.82,511.04,485.55,498.42,2877936.6499999999
1630800000000,498.47,506.53,488.87,505.71,2014374.3600000001
1630886400000,505.7,510.55,487,496.29,2232675.48
1630972800000,496.3,505.88,332.95,418.7,6374268.4900000002
1631059200000,418.68,425.32,381.8,414.84,3459886.6600000001
1631145600000,414.83,436.64,403.73,421.41,2468629.8399999999
1631232000000,421.41,439.86,393.24,401.38,2411688.3100000001
1631318400000,401.38,415.25,399.55,404.81,1338390.9099999999
1631404800000,404.9,421.67,397.49,416.43,1441281.72
1631491200000,416.54,419.75,381.36,399.1,2345691.4100000001
1631577600000,399.05,414.56,395.84,414.28,1429584.3100000001
1631664000000,414.3,436.69,410.14,431.28,1874783.24
1631750400000,431.28,433.41,416,424.49,1659943.1699999999
1631836800000,424.48,426.25,400,407.14,1448756.71
1631923200000,407.15,420.39,401.8,410.75,1022237.11
1632009600000,410.75,419.3,403.17,408.74,1237688.25
1632096000000,408.77,409.99,353.42,364.15,3409293.3900000001
1632182400000,364.2,375.52,335.72,344.26,2808203.9900000002
1632268800000,344.33,379.66,341.89,378.82,1733951.3
1632355200000,378.83,384.45,369,383.36,1424982.96
1632441600000,383.31,385,333.3,354.98,2616311.23
1632528000000,354.94,360.73,343.35,349.39,1471344.26
1632614400000,349.38,352.54,319.05,343.93,2648997.2400000002
1632700800000,343.91,357.69,334.63,335.03,1573105.4299999999
1632787200000,334.99,344.46,329.49,332.87,1480506.6799999999
1632873600000,332.86,374.98,331.16,366.68,3193601.6499999999
1632960000000,366.68,388.53,365.2,386.87,2342233.6800000002
1633046400000,386.9,422.99,380.88,421.19,2740779.9100000001
1633132800000,421.25,438.14,410.53,426.63,1849131.26
1633219200000,426.64,436.99,421.26,430.1,1496837.3200000001
1633305600000,430.11,430.38,410.31,426.22,1752180.9099999999
1633392000000,426.19,444.16,423.63,441.86,1693731.8200000001
1633478400000,441.87,442.46,414.5,434.59,2148062.1000000001
1633564800000,434.6,450.67,422.84,438.26,1996101.3100000001
1633651200000,438.26,441.63,416.01,419.38,2130795.2000000002
1633737600000,419.38,426.15,416.17,422.31,961338.35
1633824000000,422.31,422.58,401.33,404.1,1370097.95
1633910400000,404.11,424.46,399.74,413.36,1406226.8500000001
1633996800000,413.36,445,392.14,444.72,4640823.04
1634083200000,444.73,471.77,433,470.18,7057279.4699999997
1634169600000,470.17,482.27,460.11,472.05,2477903.8599999999
1634256000000,472.04,477.4,451.48,474.19,2472831.8900000001
1634342400000,474.18,485,455,465.01,1725462.1200000001
1634428800000,465.02,471.23,451.84,470.82,1335988.8400000001
1634515200000,470.74,487.67,465.55,484.64,2036957.1000000001
1634601600000,484.6,497.5,478.21,487.01,1697627.8799999999
1634688000000,486.99,506.66,480,500.76,1581775.0600000001
1634774400000,500.77,505.46,464.62,471.35,3216610.6200000001
1634860800000,471.31,498.51,471.24,479.79,2057825.78
1634947200000,479.77,486.27,473.14,486.17,870750.58
1635033600000,486.2,487,468.19,476.29,862521.13
1635120000000,476.29,489.03,475.32,485.4,833991.5600000001
1635206400000,485.41,490.7,473.57,478.48,977459.1800000001
1635292800000,478.5,486.89,429.9,448.65,2213199.6600000001
1635379200000,448.65,495.05,446.5,492.08,2095795.4199999999
1635465600000,492.09,534.3,487.32,530.72,2235759.0600000001
1635552000000,530.73,541.61,510.45,528.95,1516125.3400000001
1635638400000,528.96,535.39,508.07,524.42,1276264.1499999999
1635724800000,524.44,551.8,511,551.12,1733053.8999999999
1635811200000,551.11,564.28,537.2,554.59,1246273.3200000001
1635897600000,554.63,570,537.62,568.48,1446943.7
1635984000000,568.48,568.82,543.97,558.86,1128249.3200000001
1636070400000,558.87,618.32,554.51,606.43,2855138.9199999999
1636156800000,606.43,638,595.22,637.56,2076726.48
1636243200000,637.55,669.75,630,649.57,2480815.8700000001
1636329600000,649.56,655.87,632.32,653.56,1716134.79
1636416000000,653.54,656.93,632.66,635.2,1104634.3600000001
1636502400000,635.21,662.8,570,613.61,2613868.1499999999
1636588800000,613.61,635,605.31,628.21,1174451.1000000001
1636675200000,628.17,634.36,602.29,626.27,1311896.73
1636761600000,626.27,654.5,618.67,648.49,1098843.6200000001
1636848000000,648.49,659.98,634,650.2,1150491.6799999999
1636934400000,650.28,659.28,630,633.44,1028971.65
1637020800000,633.45,634.5,568,588.76,2893976.5899999999
1637107200000,588.73,592.87,554,578.41,1792588.04
1637193600000,578.4,588.47,516.36,532.13,2058960.1499999999
1637280000000,532.2,585.72,524.2,580.98,1702090.28
1637366400000,580.98,604.94,573.3,604.66,1250267.6899999999
1637452800000,604.62,605.43,580.27,584.2,931950.3100000001
1637539200000,584.25,585.54,554.21,559.79,1335413.8799999999
1637625600000,559.78,605.7,558.16,591.6,1587689.7
1637712000000,591.59,594.95,577.31,590.56,1336008.74
1637798400000,590.56,647.49,587.67,639.3,1874586.3999999999
1637884800000,639.35,658.94,564.49,587.71,3394718.1200000001
1637971200000,587.65,621.16,583.9,600.19,1641391.03
1638057600000,600.18,612.99,571.8,611.52,1819230.49
1638144000000,611.45,629.71,602.25,624.25,1384038.9099999999
1638230400000,624.25,635.4,603.76,622.59,1794704.6899999999
1638316800000,622.65,650.75,619.23,627.45,1794699.1399999999
1638403200000,627.45,630.95,605.5,620.37,1365181.55
1638489600000,620.37,628.29,570.77,595.17,1708149.77
1638576000000,595.18,596.29,484.18,568.07,3061320.8300000001
1638662400000,568.07,581.63,541.1,557.65,1433343.1100000001
1638748800000,557.64,592.69,533.22,586.8,2328610.5899999999
1638835200000,586.77,592.59,571.45,578.34,1243614.8300000001
1638921600000,578.34,607.23,566.42,607.05,1363455.72
1639008000000,607.05,616.68,567.29,569.26,1407982.3600000001
1639094400000,569.27,593.94,550,551.94,1399292.1799999999
1639180800000,551.85,572.51,541.41,564.12,1100350.28
1639267200000,564.11,574.41,558.51,569.58,718484.5600000001
1639353600000,569.59,571.65,510.55,520.75,1397026.25
1639440000000,520.77,534.9,509.78,527.86,1556236.8300000001
1639526400000,527.83,546.54,501.5,541.18,1551135.3500000001
1639612800000,541.21,545.34,524.65,526,948522.62
1639699200000,526.01,536.04,510.81,525.5,1196478.0700000001
1639785600000,525.51,537.87,516.58,533.68,748482.54
1639872000000,533.68,544.82,527.42,529.71,687353.33
1639958400000,529.72,534.93,506,523.96,892049.8199999999
1640044800000,523.96,536.01,517.17,528.46,784766.17
1640131200000,528.51,545.49,527.25,533.74,854668.14
1640217600000,533.75,552.46,524.33,548.92,938808.37
1640304000000,548.94,554.46,537.08,542.2,819032.0699999999
1640390400000,542.21,550.95,539.29,547.5,529846.08
1640476800000,547.5,549,536,546.43,618507.66
1640563200000,546.5,571.99,543.2,563.79,973552.41
1640649600000,563.79,563.98,528.31,534.13,1282144.1599999999
1640736000000,534.12,540.55,510.09,514.49,776927.14
1640822400000,514.49,527.59,508,518.41,724739.45
1640908800000,518.4,528,506.01,511.56,898734.52
1640995200000,511.55,528.16,511.43,527.34,603346.1
1641081600000,527.36,533.9,518.01,530.91,572079.85
1641168000000,530.92,533,510.41,512.24,795766.9399999999
1641254400000,512.24,519.85,502,506.88,1042411.2
1641340800000,506.88,515.92,456.2,473.95,1450747.6399999999
1641427200000,474,480.96,458.65,472.46,1298011.04
1641513600000,472.47,473.76,437.08,448.1,1506628.6799999999
1641600000000,448.1,459.65,415.46,429.59,1252328.01
1641686400000,429.6,444.14,426.72,438.33,850190.24
1641772800000,438.31,445.21,406.46,424.54,1611421.8600000001
1641859200000,424.51,467.4,421.22,462.87,1769764.6399999999
1641945600000,462.89,488.41,456.26,487.5,1262509.7
1642032000000,487.47,488.5,465.86,474.36,1247882.49
1642118400000,474.29,492.28,466.39,489.51,1175474.8300000001
1642204800000,489.5,500.27,484.01,493.75,830556.6899999999
1642291200000,493.75,504.87,488.02,497.95,826029.49
1642377600000,497.94,498.2,466.47,474.69,1286243.8799999999
1642464000000,474.69,479,456.8,470.53,1175521.6699999999
1642550400000,470.54,472.59,453.3,461.54,1096429.8
1642636800000,461.53,478.34,438.1,440.05,1851504.99
1642723200000,440.07,444.57,373.11,383.57,2443646.2200000002
1642809600000,383.62,388.98,335.68,358.34,3012172.6099999999
1642896000000,358.33,388.97,356.18,383.87,1910787.4399999999
1642982400000,383.86,383.9,336,370.93,2416219.7999999998
1643068800000,370.94,387.9,357.32,384.8,1481220.47
1643155200000,384.8,402.42,366,374.75,1779097.73
1643241600000,374.78,392.88,359.28,389.36,1635176.05
1643328000000,389.37,396.39,375.26,385.84,1690112.6599999999
1643414400000,385.83,397.34,380.53,389.04,1114435.1299999999
1643500800000,389.04,389.27,372.13,376.84,981385
1643587200000,376.84,385.1,364.77,374.38,1151928.4299999999
1643673600000,374.4,388.55,373.6,383.93,1093014.2
1643760000000,383.93,385.97,366,366.94,1042518.6899999999
1643846400000,367.01,372.35,359.15,372.08,959358.35
1643932800000,372.07,399.42,369.09,399.33,1407258.1100000001
1644019200000,399.33,430.37,396.14,413.37,1835500.3200000001
1644105600000,413.37,421.57,406.28,419.64,964364.54
1644192000000,419.67,438.58,412.79,433.15,1172317.29
1644278400000,433.14,445.48,406.26,407.94,1455518.29
1644364800000,407.96,427.49,407.22,422.57,1164173.3799999999
1644451200000,422.56,435.13,409.59,414.36,1689843.5
1644537600000,414.37,418.6,392.5,399.81,1228674.22
1644624000000,399.81,406.99,393.09,403.46,883203.51
1644710400000,403.48,407.66,394.38,397.82,735432.63
1644796800000,397.83,404.42,390.31,403.29,876802.26
1644883200000,403.29,443.3,402.67,432.08,1891608.21
1644969600000,432.09,433.5,421.91,426.98,1068550.6000000001
1645056000000,426.98,430.86,399.52,401.98,1194826.95
1645142400000,402.02,410.96,391.85,398.89,1103745.27
1645228800000,398.89,406.34,392.57,399.43,782602.83
1645315200000,399.49,399.77,374.61,380.31,1228339.5700000001
1645401600000,380.31,393.41,354.64,356.35,2066878.1299999999
1645488000000,356.34,375.35,347.87,373.94,1624665.9199999999
1645574400000,373.99,384.21,365.02,365.41,1184214.0600000001
1645660800000,365.41,370.77,323.02,360.8,3108326.6899999999
1645747200000,360.81,377.18,356.41,374.67,1258672.1599999999
1645833600000,374.7,392.79,370.05,373.44,910065.37
1645920000000,373.46,381.17,357.87,359.98,1137035.75
1646006400000,359.97,397.37,355.52,395.5,1485043.23
1646092800000,395.47,429.36,390.97,408.56,2327829.2400000002
1646179200000,408.61,415.46,403.41,408.95,1153475.22
1646265600000,408.95,412.76,397.11,402.25,962575.97
1646352000000,402.24,403.27,371.5,374.05,1197130.9299999999
1646438400000,374.05,387.22,366.62,384.38,865309.88
1646524800000,384.41,387,372.16,374.64,813431.1800000001
1646611200000,374.68,385.62,362.36,380.13,1604861.5700000001
1646697600000,380.12,388.8,376.59,380.99,1340264.2
1646784000000,381.02,402.45,380.71,392.96,1598742.55
1646870400000,392.96,394.36,362.76,371.77,1230312.3899999999
1646956800000,371.75,379.81,364.44,371.8,921756.6899999999
1647043200000,371.79,379.13,370.65,372.13,562882.47
1647129600000,372.13,376.99,359.53,361.06,716405.55
1647216000000,361.06,374,359.05,373.27,810016.97
1647302400000,373.28,374.71,361.35,371.51,740553.28
1647388800000,371.51,386.6,367.6,385.25,1087376.6299999999
1647475200000,385.24,393.64,381.58,391.74,806632.7
1647561600000,391.75,400.3,383.71,396.9,843935.7
1647648000000,396.91,406.39,394.67,399.71,726942.6899999999
1647734400000,399.7,400.87,386.22,390.74,616312.91
1647820800000,390.74,399.16,385.14,395.81,714847.88
1647907200000,395.82,410,394.78,404.05,920796.38
1647993600000,404.04,411.87,397.74,408.36,788232.23
1648080000000,408.35,416.55,404.88,414.08,902179.9399999999
1648166400000,414.09,421.62,405.31,410.15,898707.9399999999
1648252800000,410.16,416.29,407.23,415.64,466483.97
1648339200000,415.64,431.72,411.4,430.49,741824.79
1648425600000,430.48,441.13,427.55,430.43,1045694.35
1648512000000,430.41,442,429.49,434.28,860089.24
1648598400000,434.27,449.75,425.5,442.17,1053441.8500000001
1648684800000,442.17,452.7,423.82,428.75,1231302.1100000001
1648771200000,428.71,448.24,413.01,447.66,1117025.02
1648857600000,447.66,454.37,435.51,437.3,815505.1
1648944000000,437.29,455.9,432.01,450.52,735504.22
1649030400000,450.48,450.67,433.39,447.51,855867.61
1649116800000,447.51,460,444.01,444.58,938054.3100000001
1649203200000,444.59,444.67,418.04,419.93,1263497.48
1649289600000,419.87,438.43,416.01,435.78,1094866.8999999999
1649376000000,435.75,441,418.1,421.27,896736.16
1649462400000,421.23,427.98,419.5,426.48,466443.41
1649548800000,426.48,429.54,416.54,417.75,597495.62
1649635200000,417.74,419.43,391,394.25,1225224.6699999999
1649721600000,394.25,416.81,392.1,413.47,1157766.3300000001
1649808000000,413.47,424.49,410.08,423.02,1256009.6499999999
1649894400000,423.03,426.87,411.1,414.58,760757.5699999999
1649980800000,414.58,419.86,412.41,416.94,560730.8199999999
1650067200000,416.95,418.89,411.5,417.14,400183.81
1650153600000,417.15,418.2,405.28,406.37,488529.64
1650240000000,406.37,417.85,395.75,416.67,964721.27
1650326400000,416.7,424.5,414.53,422.16,842773.91
1650412800000,422.15,431.44,414.56,418.03,856260.64
1650499200000,418.02,426,400.72,404.67,931774.15
1650585600000,404.66,413.87,403.16,406.45,759932.92
1650672000000,406.45,408.06,396,400.84,510375.51
1650758400000,400.84,405.12,396.96,398.63,448935.69
1650844800000,398.62,405.83,381.79,404.11,1100960.8500000001
1650931200000,404.12,407.51,380.45,385.67,958912.49
1651017600000,385.65,394.72,383.1,391.21,801963.01
1651104000000,391.22,408.43,388.17,406.8,1282360.05
1651190400000,406.8,410.45,389.46,392.69,916921.92
1651276800000,392.69,399.85,375.73,376.52,780989.76
1651363200000,376.52,391.28,374.9,389.6,750979.9300000001
1651449600000,389.55,392.35,381.91,389.32,706575.9399999999
1651536000000,389.32,392.17,379.5,383.52,564647.53
1651622400000,383.52,402.93,382.4,402.29,840117.47
1651708800000,402.3,414,370,378.06,1978236.02
1651795200000,378.06,383.2,370.32,378.89,1003890.61
1651881600000,378.89,380.51,359.75,365.3,784221.28
1651968000000,365.3,366.92,349.01,355.73,1075905.3500000001
1652054400000,355.75,359.19,294.68,295.5,2629604.4100000001
1652140800000,295.47,332.56,288.37,318.9,2881545.7400000002
1652227200000,318.9,322.81,260.04,271.26,3559749.9100000001
1652313600000,271.26,285.05,216.39,268.54,5510005.3600000003
1652400000000,268.54,313.25,265.03,290.45,2530481.6200000001
1652486400000,290.43,299.27,271.68,296.66,1586861.01
1652572800000,296.65,312.67,285.26,312.05,1278913.47
1652659200000,312.06,312.2,290,297,1530734.98
1652745600000,297.03,310.53,295.78,305.91,1229899.76
1652832000000,305.91,308.44,286.26,287.36,1385025.1299999999
1652918400000,287.42,308.93,286.32,306.7,1485233.5700000001
1653004800000,306.75,316.4,293.71,301.95,1975481.5700000001
1653091200000,301.95,313.98,298.99,312.13,961901.74
1653177600000,312.14,323.6,311.18,319.1,1297813.2
1653264000000,319.06,336.9,315,316.92,2154002.8900000001
1653350400000,316.92,330.45,311.51,328.14,2287314.9100000001
1653436800000,328.13,337.88,323.6,325.37,1913889.8899999999
1653523200000,325.37,331.83,295,302.65,3015380.0499999998
1653609600000,302.58,309.75,290.2,301.36,2732795.3799999999
1653696000000,301.37,310.67,296.62,307.26,1306482.0600000001
1653782400000,307.27,307.95,298.18,305.67,1279213.55
1653868800000,305.67,323.97,303.69,321.57,2026665.3400000001
1653955200000,321.61,324.82,313.18,320.86,1436771
1654041600000,320.85,324.6,297.15,300.25,1818491.01
1654128000000,300.29,309.12,297.88,308.18,1131724.9099999999
1654214400000,308.18,310.19,293,298.36,1259528.8899999999
1654300800000,298.36,303,294.38,301.21,833671.36
1654387200000,301.24,302.48,294.47,298.95,969504.78
1654473600000,298.91,312.62,286.8,294.77,2209575.0800000001
1654560000000,294.77,295.98,273.2,290.15,3697795.1899999999
1654646400000,290.17,294.57,283.73,288.26,1576192.5900000001
1654732800000,288.27,293.35,286.06,289.64,967259.86
1654819200000,289.64,299.3,282.18,286.07,2288187.7200000002
1654905600000,286.07,290.49,264.9,269.67,2106150.1800000002
1654992000000,269.67,271.84,250.59,254.55,2478261.9900000002
1655078400000,254.51,257.76,213,222.84,5576953.3399999999
1655164800000,222.81,231.34,203.81,222.98,4321800.7599999998
1655251200000,222.99,234.56,198.14,233.51,5239003.7599999998
1655337600000,233.47,237.2,207.51,210.13,2981163.4700000002
1655424000000,210.13,221.97,207.63,215.64,2285712.7799999998
1655510400000,215.64,218.99,182.97,196.8,4412622.54
1655596800000,196.79,216.8,189.53,214.86,3281401.3900000001
1655683200000,214.86,219.58,204.51,216.37,2715520.7999999998
1655769600000,216.35,228.22,212.94,219.9,2327216.7200000002
1655856000000,219.92,220.8,211,214.02,2090339.6699999999
1655942400000,214.03,230.67,213.79,228.65,2633034.0899999999
1656028800000,228.66,243.4,228.1,240.03,2135351.54
1656115200000,240.04,242,229.33,239.49,1612632.23
1656201600000,239.45,245.46,233,233.8,1462174.5800000001
1656288000000,233.8,240.9,229.9,233.62,1585578.3200000001
1656374400000,233.62,242.59,225.67,226.8,2205991.9100000001
1656460800000,226.8,229.55,215.21,219.55,1990015.1200000001
1656547200000,219.57,220.11,205.42,219.42,2338381.1600000001
1656633600000,219.43,226.66,213.31,216.65,2399212.5
1656720000000,216.69,219.68,213.59,218.14,1293629.9099999999
1656806400000,218.15,220.2,213.93,218.97,1381108.6100000001
1656892800000,218.95,232.13,214.5,231.4,1806089.8999999999
1656979200000,231.39,236.43,222.71,230.53,2325401.8500000001
1657065600000,230.55,239.98,228.8,238.36,2122998.6299999999
1657152000000,238.37,243.71,235.06,241.24,1683314.3300000001
1657238400000,241.25,249,236.8,240.45,2011203.3
1657324800000,240.46,244.98,240.43,243.09,932609.22
1657411200000,243.1,243.29,231.51,234.57,1275968.45
1657497600000,234.57,234.88,224.81,225.43,1376849.6899999999
1657584000000,225.43,228.17,219.9,220.33,1431523.6299999999
1657670400000,220.34,230.9,216.13,230.28,2388838.8900000001
1657756800000,230.29,240,226.88,238.46,1931864.9099999999
1657843200000,238.46,242.6,235.35,238.46,1356107.3400000001
1657929600000,238.46,251.57,233.71,249.75,1615934.27
1658016000000,249.71,255.64,246.4,247.63,1551025.9399999999
1658102400000,247.64,265.63,247.5,263.96,1994212.49
1658188800000,263.96,274.77,255.65,268.54,2121950.7000000002
1658275200000,268.55,271.88,256.28,258.11,1837624.3400000001
1658361600000,258.11,265.88,250.49,265.49,1468808.3700000001
1658448000000,265.45,271.36,261.07,262.28,1325475.6299999999
1658534400000,262.28,272.71,252.51,258.9,1638795.6100000001
1658620800000,258.91,266.22,257.08,261.19,1053232.77
1658707200000,261.2,262.59,244.01,244.5,1527082.05
1658793600000,244.51,249.56,239.4,249.31,1352071.6299999999
1658880000000,249.29,272.1,247.39,271.54,2116504.5800000001
1658966400000,271.54,280.93,263.6,277.1,2070397.1399999999
1659052800000,277.1,302.57,274.77,293.9,3100487.6899999999
1659139200000,293.9,300.5,284.92,287.76,1937426.74
1659225600000,287.8,297.26,282.03,283.31,1435179.3700000001
1659312000000,283.32,290.55,277.85,283.12,1372291.8500000001
1659398400000,283.12,291.27,274.09,283.66,1897902.05
1659484800000,283.68,305.9,278.07,297.53,2378613.5899999999
1659571200000,297.54,313.67,297.13,311.71,3251014.1299999999
1659657600000,311.72,321.34,308,315.7,2608972.5600000001
1659744000000,315.7,322.99,312.59,315.14,1674866.78
1659830400000,315.14,326,308.21,322.77,2115584.5699999998
1659916800000,322.77,333.99,321,324.55,2343153.9500000002
1660003200000,324.54,328.5,312.06,324.3,2054151.8899999999
1660089600000,324.3,336.9,313.47,328.66,3111154.02
1660176000000,328.66,334.68,321.65,323.29,1863553.5800000001
1660262400000,323.29,328,317.51,327.88,1635804.27
1660348800000,327.9,333,322.5,324,1567750.1499999999
1660435200000,324,330.8,315.43,317.6,1483287.3100000001
1660521600000,317.59,327.33,313.57,319.31,1833422.3100000001
1660608000000,319.29,322.29,311.69,315.94,1456876.1000000001
1660694400000,315.93,324.16,303.5,306.75,2133079.4100000001
1660780800000,306.79,310.4,295.22,297.96,1749054.8100000001
1660867200000,297.96,298.15,273.1,278.99,2892940.5800000001
1660953600000,278.99,288.86,276.55,283.41,1888916
1661040000000,283.41,304.31,283.17,301.61,2478139.6400000001
1661126400000,301.61,305,288.54,299.82,2516372.9399999999
1661212800000,299.82,301.79,293.49,299.14,1806970.0700000001
1661299200000,299.15,300.42,293.87,296.06,1545887.3500000001
1661385600000,296.06,307.86,295.51,301,1567672.1100000001
1661472000000,301.01,302.33,276.96,279.3,2266578.3199999998
1661558400000,279.31,284.45,272.8,277.66,1560621.5600000001
1661644800000,277.66,283.9,275.3,276.23,1434558.0600000001
1661731200000,276.23,286.56,271.94,285.61,2162177.7200000002
1661817600000,285.62,291.94,276.21,281.42,2077155.3200000001
1661904000000,281.42,289.92,277.44,278.99,1805983.3799999999
1661990400000,278.99,280.21,270.29,278.18,1867546.3899999999
1662076800000,278.18,283.5,273.33,277.22,1572494.28
1662163200000,277.21,278.66,274,277.64,696975.84
1662249600000,277.64,280.68,274.74,278.98,887989.61
1662336000000,278.97,282.47,273.03,276.7,1165569.0900000001
1662422400000,276.7,286.4,260.22,262.24,2492979.4399999999
1662508800000,262.23,280.68,257.74,278.95,1724893.1299999999
1662595200000,278.96,282.89,275.21,280.41,1542173.5700000001
1662681600000,280.41,295.95,279.89,293.14,1505091.9299999999
1662768000000,293.14,298.48,290.23,296.47,1025193.27
1662854400000,296.47,297.89,289.35,295.07,804809.74
1662940800000,295.07,300,290.56,293.81,1370480.1000000001
1663027200000,293.8,298.5,275.16,277.23,1856311.6499999999
1663113600000,277.22,282.58,273,279.14,1280447.1100000001
1663200000000,279.14,280.31,266.4,270.95,1450498.3600000001
1663286400000,270.94,276.33,268.22,274.76,1107493.71
1663372800000,274.75,279.82,274.38,278.76,663363.7
1663459200000,278.77,280.36,262.13,266.19,1178431.27
1663545600000,266.18,273.09,256.3,271.8,1711658.6200000001
1663632000000,271.8,273.58,264.92,266.13,1095316.6000000001
1663718400000,266.13,276.47,260,263.7,1731125
1663804800000,263.7,276.45,263.23,275.21,1259379.6000000001
1663891200000,275.21,277.6,268.1,276.45,1295727.7
1663977600000,276.46,285.31,274,274.32,1469625.3899999999
1664064000000,274.32,279.86,270.9,274.04,1069732.24
1664150400000,274.01,276.83,270.53,276.01,1101271.03
1664236800000,276,286.65,268,272.03,1785896.47
1664323200000,272.03,283.68,266.2,281.47,1536301.46
1664409600000,281.47,285.45,276.88,284.04,1469398.95
1664496000000,284.06,289.76,280.38,284.65,1610532.9099999999
1664582400000,284.65,285.3,277.6,282.8,773576.71
1664668800000,282.81,287.99,279.24,284.63,978480.96
1664755200000,284.63,288.99,283,286.83,1208709.28
1664841600000,286.84,298.35,286,296,1277434.78
1664928000000,295.99,296.12,289.19,293.98,917613.59
1665014400000,293.98,297.8,278,286.76,2296853.5800000001
1665100800000,286.77,286.77,279.2,282.16,1779227.74
1665187200000,282.15,282.59,275.27,276.23,848461.92
1665273600000,276.24,279.42,275.02,278.2,696640.22
1665360000000,278.19,279.1,271.14,271.47,1022889.84
1665446400000,271.47,273.86,267,271.4,1091096.8999999999
1665532800000,271.39,272.88,269.18,270.8,750582.36
1665619200000,270.8,273.66,255,271.4,2116323.3300000001
1665705600000,271.39,276.65,267.39,269.3,1135601.6899999999
1665792000000,269.3,271.32,267.18,267.96,509635.39
1665878400000,267.96,273.74,267.72,272.31,600305.4
1665964800000,272.31,275.82,269.51,275.54,734925.4399999999
1666051200000,275.53,275.9,270.12,272.99,795262.09
1666137600000,272.98,273.87,270.2,271.78,630654.29
1666224000000,271.79,273.29,267.1,268.8,798786.29
1666310400000,268.81,271.08,263.09,269.88,979839.7
1666396800000,269.89,271.06,268.12,270.27,375436.96
1666483200000,270.28,276.64,268.42,275.73,652279.77
1666569600000,275.74,277.38,271.38,274.02,671641.35
1666656000000,274.03,289.75,271.78,284.04,1622059.6799999999
1666742400000,284.05,291.95,284.04,290.06,1194211.6799999999
1666828800000,290.04,293.22,284.42,286.67,1220581.8899999999
1666915200000,286.68,301.08,285.52,297.85,1703353.21
1667001600000,297.85,308.42,295.47,304.42,2009675.24
1667088000000,304.41,319.3,302.14,313.42,2119755.1299999999
1667174400000,313.42,337.88,306.41,325.59,4298471.3799999999
1667260800000,325.6,334.25,316.88,323.67,2154109.8100000001
1667347200000,323.66,329.63,315.01,319.98,2337902.0800000001
1667433600000,319.98,339,317.83,329.36,2702424.8700000001
1667520000000,329.35,358.99,327.97,354.36,3226092.6099999999
1667606400000,354.37,361,345.83,348.97,1660276.6100000001
1667692800000,348.96,356.33,337.42,337.69,1593381.25
1667779200000,337.69,344.19,326.04,336.81,3006304.5699999998
1667865600000,336.81,399.91,298.17,326.95,12141918.8699999992
1667952000000,326.97,332.64,260,266.52,7429076.1399999997
1668038400000,266.53,311.93,262.11,303.84,4331441.1100000003
1668124800000,303.85,305.92,278.14,290.08,2500929.25
1668211200000,290.08,293.43,271.31,282.67,1831003.8200000001
1668297600000,282.68,286.36,273,276.41,1365077.8300000001
1668384000000,276.4,292.16,267.58,278.85,2899668.0099999998
1668470400000,278.85,282.54,272.9,276.83,1941769.22
1668556800000,276.89,280.23,268.22,271.7,1754311.8500000001
1668643200000,271.72,273.4,262.93,267.82,1763629.04
1668729600000,267.82,274.78,267.51,273.89,1279304.52
1668816000000,273.88,274.5,268.83,272.33,869212.92
1668902400000,272.33,273.88,261.36,264.11,1227348.1299999999
1668988800000,264.11,265.08,249.12,253.92,2497180.8500000001
1669075200000,253.93,267.79,251.99,266.62,1727673.6299999999
1669161600000,266.64,302.16,264.8,298.49,4996679.3300000001
1669248000000,298.46,303.84,293.45,299.86,2634888.3399999999
1669334400000,299.86,306.61,293.63,300.43,2224501.4100000001
1669420800000,300.43,318,299.42,310.95,3043808.8100000001
1669507200000,310.96,316.31,305.94,307.36,1681129.74
1669593600000,307.34,309.19,286,293.16,3108085.6400000001
1669680000000,293.16,304.99,288.51,295.13,2159345.8999999999
1669766400000,295.14,305.27,292,300.11,2627825.6699999999
1669852800000,300.1,301.53,290.12,292.3,3296858.6699999999
1669939200000,292.3,294.04,284.38,293.49,2024065.3100000001
1670025600000,293.49,294.5,288.98,290.35,1038670.52
1670112000000,290.35,293.09,287.08,291.95,1004041.37
1670198400000,291.94,297.25,286.01,288.39,1505984.5600000001
1670284800000,288.4,290.79,286.44,290.21,904184.64
1670371200000,290.2,291,280,284.02,1151685.74
1670457600000,284.01,291.99,282.29,290.34,1167705.79
1670544000000,290.34,292.1,284.5,285.91,984260.54
1670630400000,285.91,289.85,285.63,288.03,437168.02
1670716800000,288.02,291.49,283.17,284.38,796560.71
1670803200000,284.39,285.74,271.45,276.14,3088891.5099999998
1670889600000,276.14,282.36,255.34,272.34,8174597.75
1670976000000,272.34,278.67,265,267.7,3748097.02
1671062400000,267.7,268.14,256.5,258.85,2561799.6499999999
1671148800000,258.84,264.77,222.96,230.74,6245544.8200000003
1671235200000,230.73,245,218.93,241.75,6595404.8499999996
1671321600000,241.74,254.2,238.97,250.78,5162521
1671408000000,250.77,252.87,236.46,240.23,4377059.4699999997
1671494400000,240.24,253.68,239.03,251.09,3425483.6400000001
1671580800000,251.1,251.35,245,246.07,1713273.1399999999
1671667200000,246.07,248.27,240,245.69,2368418.48
1671753600000,245.7,248.74,243.33,245.95,1547434.48
1671840000000,245.95,246.15,243,244.31,738879.96
1671926400000,244.31,245.74,241,243.11,1155002.0700000001
1672012800000,243.11,244.9,241.71,244.26,865906.28
1672099200000,244.26,250,242,246.52,1613541.3
1672185600000,246.53,247.37,241.28,244.42,1708713.9299999999
1672272000000,244.42,246.81,243.14,246.12,1328638.5700000001
1672358400000,246.13,246.54,242.53,245.74,1108524.46
1672444800000,245.73,248,244.73,246.11,821800.63
1672531200000,246.11,246.59,243.25,244.36,793153.38
1672617600000,244.35,247.88,240.4,245.07,1476135.0600000001
1672704000000,245.06,246.9,244.02,245.97,917619.33
1672790400000,245.97,260.9,245.47,258.54,2601842.5699999998
1672876800000,258.55,258.9,255,256.44,1016972.84
1672963200000,256.43,260.5,253.95,259.69,1642251.6200000001
1673049600000,259.69,264,259.21,261.11,722545.09
1673136000000,261.1,277,259.83,274.7,1576056.1599999999
1673222400000,274.7,283.55,271.27,272.44,2398756.73
1673308800000,272.44,278.65,270.07,277.02,1433539.8
1673395200000,277.01,287.4,273.91,284.74,1506445.25
1673481600000,284.74,288.67,276.51,287.52,2285067.6400000001
1673568000000,287.52,296.25,284.63,293.67,1784645.3100000001
1673654400000,293.67,315.3,293.15,305.25,3307812.4900000002
1673740800000,305.26,306.24,292,302.2,1490260.8200000001
1673827200000,302.2,308.19,293,299.02,1710474.04
1673913600000,299.01,306,294,299.28,1351462.8799999999
1674000000000,299.28,305.48,281.1,286.44,2936274.9199999999
1674086400000,286.44,295.4,285.82,294.4,1188547.72
1674172800000,294.39,305.66,286.69,305.24,2112548.6499999999
1674259200000,305.24,310.55,298.16,299.12,2167116.6899999999
1674345600000,299.13,312,298.45,303.19,1788927.6799999999
1674432000000,303.19,308.24,300.62,305.36,1372118.46
1674518400000,305.35,324.08,299.1,300.32,3016081.5699999998
1674604800000,300.31,314.05,292.8,306.84,2146066.8700000001
1674691200000,306.84,309.49,301.3,304.68,1430128.8600000001
1674777600000,304.7,310.73,298.55,308.07,1219829.5600000001
1674864000000,308.07,313.79,303.51,306.08,990764.6800000001
1674950400000,306.09,320.71,304.71,317.12,1839919.46
1675036800000,317.13,321.26,300.88,307.18,1797667.1699999999
1675123200000,307.17,314.47,305.32,312.15,1203941.2
1675209600000,312.15,319.58,305.61,317.2,1643075.51
1675296000000,317.21,334.99,316.43,323.72,2683379.5800000001
1675382400000,323.71,335.82,318.54,332.38,2443842.2799999998
1675468800000,332.38,334.34,327.1,330.41,1002090.5699999999
1675555200000,330.4,338.18,323,327.94,2107857.3799999999
1675641600000,327.93,331.62,320.6,324.57,1362741.9199999999
1675728000000,324.56,333.94,323.26,333.15,1246474.3999999999
1675814400000,333.16,336.01,323.49,328.28,1269788.51
1675900800000,328.28,329.25,301.41,305.91,2287840.4300000002
1675987200000,305.91,309.05,302.05,305.52,1208371.4099999999
1676073600000,305.5,311.13,304.81,310.22,724516.72
1676160000000,310.23,320.7,305.2,312.26,1575199.48
1676246400000,312.26,315.91,282.38,294.04,6962657.4400000004
1676332800000,294.04,301.53,289.6,296.06,2999906.9700000002
1676419200000,296.06,317.63,293.8,317.26,2489381.4500000002
1676505600000,317.27,328.1,303.81,304.07,3672174.3199999998
1676592000000,304.07,317,302.5,312.94,2252434.98
1676678400000,312.91,318.85,312.81,316.21,1155808.1699999999
1676764800000,316.21,318.65,310,311.25,1354109.24
1676851200000,311.27,319.59,307.17,315.28,1588132.3100000001
1676937600000,315.32,317.28,309.03,311.4,1484155.5
1677024000000,311.39,312.84,303.2,312.39,1669340.27
1677110400000,312.39,315,305.73,308.2,1312730.8100000001
1677196800000,308.21,311.94,298.19,302.11,1394921.6399999999
1677283200000,302.1,302.82,295.07,302.18,839195.08
1677369600000,302.18,309.8,300.51,308.42,728094.86
1677456000000,308.42,309.32,300.24,304.5,1280202.77
1677542400000,304.51,305.58,299.52,301.18,953580.14
1677628800000,301.18,306.41,300.24,302.48,953073.8100000001
1677715200000,302.48,303.73,295.53,299.79,1185328.6200000001
1677801600000,299.79,300,285,290.34,1420217.1399999999
1677888000000,290.33,291.38,285.51,289.45,761157.86
1677974400000,289.45,292.63,287.13,288.58,831518.4399999999
1678060800000,288.59,289.59,283.09,287.63,1323637.3500000001
1678147200000,287.64,290.51,283.16,289.14,1461067.6799999999
1678233600000,289.14,294.17,285,286.9,1949141.0900000001
1678320000000,286.9,291.28,270.82,276.89,2423657.9900000002
1678406400000,276.9,277.97,264.51,277.04,2501371.1099999999
1678492800000,277.03,281.68,270.04,275.82,1887842.1599999999
1678579200000,275.83,288.77,273.09,288.04,1606932.5600000001
1678665600000,288.04,313.5,285.99,307.93,3755320.0899999999
1678752000000,307.93,319.75,302.02,308.67,2639347.6899999999
1678838400000,308.65,312.91,300.04,306.43,2039781.6399999999
1678924800000,306.43,332.32,302.92,329.05,4914848.6799999997
1679011200000,329.05,339.94,325.2,338.63,2854198.5
1679097600000,338.62,345.77,326,330.82,2465286.5499999998
1679184000000,330.82,341.43,329.91,335.81,1610135.3400000001
1679270400000,335.8,338.74,330.44,332.08,1814357.45
1679356800000,332.08,339.5,326.19,334.52,1639048.98
1679443200000,334.51,338.4,316,321.06,3545949.7999999998
1679529600000,321.06,331.82,318.82,329.08,1293418.24
1679616000000,329.04,329.7,316.55,321.8,1409259.98
1679702400000,321.81,324.82,318.86,322.11,844548.15
1679788800000,322.1,329.14,321.51,328.28,678934.99
1679875200000,328.28,329.65,305.46,310.2,2562131.5
1679961600000,310.19,315.85,306.62,313.17,1405772.5
1680048000000,313.18,320,312.29,313.62,1159167.49
1680134400000,313.62,321,308.5,316.05,1553568.3500000001
1680220800000,316.04,319.8,312.5,316.74,838917.97
1680307200000,316.73,318.31,312.6,314.72,523993.64
1680393600000,314.73,315.97,310.36,313.57,470704.21
1680480000000,313.57,313.88,297.43,308.47,1643622.6899999999
1680566400000,308.47,313.21,307.81,310.73,774570.4
1680652800000,310.72,316.92,310.07,313.85,852810.95
1680739200000,313.85,315.33,310,312.04,728616.8
1680825600000,312.04,312.6,309.12,310.27,445819.24
1680912000000,310.26,312.64,309.89,310.37,344159.82
1680998400000,310.37,313.81,309.28,312.6,426564.42
1681084800000,312.62,318.57,311.56,318.5,678310.05
1681171200000,318.51,333.75,317.76,322.57,1719678.22
1681257600000,322.56,323.6,316.74,320.02,933581.09
1681344000000,320.02,325.04,317.81,324.84,789233.42
1681430400000,324.83,336.14,323.19,328.82,1614062.1499999999
1681516800000,328.81,336.83,327.1,333.33,966653.3199999999
1681603200000,333.32,351.6,330,347.85,1806327.49
1681689600000,347.86,350.6,337.52,340.25,1547619.8999999999
1681776000000,340.26,346.72,337,343.27,952932.0600000001
1681862400000,343.27,343.99,319.63,322.37,1454805.6799999999
1681948800000,322.37,326.82,315.14,317.99,1021030.33
1682035200000,317.99,337.1,315.38,321.08,2405048.2000000002
1682121600000,321.08,333.96,319.46,331.82,1110423.6000000001
1682208000000,331.83,331.97,326.8,330.38,890369.08
1682294400000,330.38,333.49,326.21,330.75,1166059.02
1682380800000,330.75,340.64,327.99,338.04,1301971.6000000001
1682467200000,338.03,345.07,321.63,330.4,1987007.8100000001
1682553600000,330.39,335.99,327,330.4,1404090.22
1682640000000,330.39,330.39,317.49,323.81,2947397.0099999998
1682726400000,323.81,324.58,320.56,321.74,597076.1899999999
1682812800000,321.74,337.78,320.28,336.84,1967046.77
1682899200000,336.85,338.34,325.34,328.19,2135730.73
1682985600000,328.19,328.19,320.6,321.59,1421914.46
1683072000000,321.6,327.36,320.39,325.74,1584526.6499999999
1683158400000,325.75,327.34,323.04,323.69,636892.9300000001
1683244800000,323.68,328.8,322,326.33,985236.22
1683331200000,326.34,328.28,318.96,321.75,920259.91
1683417600000,321.76,325.15,320.44,320.97,623848.75
1683504000000,320.97,321.96,310,313.55,1260634.77
1683590400000,313.55,315.29,311,311.91,738223.24
1683676800000,311.91,316.56,306.4,314.16,1219255.8799999999
1683763200000,314.16,314.26,303.99,307.27,1002322.89
1683849600000,307.27,308.92,301,308.32,985004.0600000001
1683936000000,308.31,311.76,307.26,310.62,570630.59
1684022400000,310.61,314.84,309.41,311.92,582741.14
1684108800000,311.91,316.4,310.3,313.25,639240.95
1684195200000,313.26,313.86,309.12,311.23,580865.4
1684281600000,311.22,314.41,306.72,314.29,776917.21
1684368000000,314.29,315.18,305.94,309.14,817772.38
1684454400000,309.15,311.42,307,308.74,499527.64
1684540800000,308.73,312.09,307.69,310.7,331677.57
1684627200000,310.69,311.69,305.55,306.36,434289.36
1684713600000,306.35,311.43,304.22,309.17,645377.1800000001
1684800000000,309.17,315.64,309.15,313.5,681245.39
1684886400000,313.5,313.62,303.66,305.9,873056.05
1684972800000,305.9,307.03,302.13,304.71,618346.03
1685059200000,304.72,308.54,301.25,306.81,960900.6
1685145600000,306.8,307.9,304.01,307.55,374284.63
1685232000000,307.56,314.95,306.86,314.36,682110.15
1685318400000,314.36,317.72,310.65,311.98,1070544.6899999999
1685404800000,311.97,314.53,310.87,311.54,654718.9300000001
1685491200000,311.53,311.95,305.09,306.9,852712.3100000001
1685577600000,306.89,307.86,303.2,305.12,594443.01
1685664000000,305.11,308.63,303.22,307.39,664082.25
1685750400000,307.38,308.45,305.1,306.73,376272.5
1685836800000,306.74,307.82,304.65,305.23,451668.85
1685923200000,305.23,305.23,271.51,277,3755220.3599999999
1686009600000,277.01,285.87,273.04,281.18,2505579.1099999999
1686096000000,281.18,281.81,253.39,259.22,4030499.2200000002
1686182400000,259.21,267.75,257.04,261.96,2265428.3100000001
1686268800000,261.96,264.77,255.47,260.78,2231023.5600000001
1686355200000,260.77,260.93,225,238.74,5086626.0999999996
1686441600000,238.75,239.11,232.91,235.19,1724882.28
1686528000000,235.19,239.47,220,231.23,6906042.4900000002
1686614400000,231.23,248.5,228.43,243.92,5075774.5499999998
1686700800000,243.92,252.97,232.32,237.78,5234509.5
1686787200000,237.78,240.75,230.3,236.33,3049489.21
1686873600000,236.34,244,231.77,239.17,2850142.1600000001
1686960000000,239.16,249.82,237.12,244.44,2121252.5600000001
1687046400000,244.44,248.77,242.11,244.01,1704558.3
1687132800000,244.01,245.25,237.35,243.02,1864754.51
1687219200000,243.03,248.26,238.4,247.93,2078879.73
1687305600000,247.94,254.95,245.15,248.94,3198906.1000000001
1687392000000,248.94,257.19,239.24,240.91,3018282.5600000001
1687478400000,240.92,250,239.71,244.53,2272927.1899999999
1687564800000,244.53,248.82,229,236.33,2612315.1800000002
1687651200000,236.33,242.28,234.95,238.97,1873286.8300000001
1687737600000,238.96,241.5,233.61,236.15,1971264.29
1687824000000,236.16,241.1,234.54,237.45,1257834.49
1687910400000,237.46,237.58,221.2,230.52,2245899.7599999998
1687996800000,230.51,236.84,230.36,233.12,1300936.3
1688083200000,233.12,241.98,230.3,240.45,2510590.4199999999
1688169600000,240.45,249.54,240.21,247.99,1780078.6299999999
1688256000000,248,248.75,242.83,246.77,1518525.6599999999
1688342400000,246.78,257.68,245.1,246.62,2005610.96
1688428800000,246.63,246.97,240.15,242.53,1355949.47
1688515200000,242.54,244,235,238.85,1488816.8700000001
1688601600000,238.84,244.44,231.1,231.92,2085629.96
1688688000000,231.93,236.13,230.51,235.43,1356610.54
1688774400000,235.44,237.47,233.53,236.13,789956.21
1688860800000,236.13,236.99,232.58,233.91,725965.91
1688947200000,233.91,246.3,231,245.97,3648725.0699999998
1689033600000,245.97,249.44,244.18,248.34,1925877.8899999999
1689120000000,248.33,250.07,242.12,243.7,1827922.1000000001
1689206400000,243.69,259.02,242.41,255.99,2956153.8100000001
1689292800000,255.99,261.38,241.04,247.89,3055424.75
1689379200000,247.89,252,246.51,250.79,1134172.8500000001
1689465600000,250.78,251.7,241.12,241.91,1387170.22
1689552000000,241.9,244.98,238,244.03,2391936.1400000001
1689638400000,244.03,246.5,237,240.48,2459009.48
1689724800000,240.47,244.3,239.85,241.05,1359015.04
1689811200000,241.06,245.26,240.49,242.93,1337104.9199999999
1689897600000,242.94,245.66,242.21,243.88,951563.51
1689984000000,243.89,245.08,240.18,241.23,612751.51
1690070400000,241.22,244.12,240.56,242.54,567029.35
1690156800000,242.54,243.28,235.16,239.02,1265213.7
1690243200000,239.03,240,236.21,237.86,831381.3
1690329600000,237.86,240.65,236.45,239.05,896825.78
1690416000000,239.05,244.84,238.5,240.88,863978.59
1690502400000,240.88,243.11,239.84,241.93,642988.6899999999
1690588800000,241.93,243.08,241.22,242.64,287503.85
1690675200000,242.65,244.06,240.39,242.72,865723.61
1690761600000,242.71,244.71,240.57,241.04,789062.0699999999
1690848000000,241.04,248.47,237,247.87,2235032.6800000002
1690934400000,247.87,248.83,234.8,240.64,2066573.8500000001
1691020800000,240.64,242,238.26,241.01,842852.71
1691107200000,241,243.47,240.11,241.73,753107.58
1691193600000,241.72,243.37,239.95,243.34,488150.25
1691280000000,243.34,245.59,242.77,243.26,634042.37
1691366400000,243.26,245.09,239.37,241.96,948728.34
1691452800000,241.96,248.58,241.38,245.24,993139.46
1691539200000,245.24,245.58,242.71,243.9,704680.2
1691625600000,243.9,243.99,240.34,241.33,695204.1
1691712000000,241.33,242,237.95,239.76,835463.1
1691798400000,239.75,241.23,239.33,240.18,350181.45
1691884800000,240.17,241.75,239.57,239.92,327318.7
1691971200000,239.91,241.4,239.5,240.35,424722.63
1692057600000,240.34,240.67,232.21,236.73,859103.7
1692144000000,236.72,237.31,230.1,231.96,1096799.22
1692230400000,231.96,232.32,204.43,217.89,2301238.8700000001
1692316800000,217.88,220.24,213.23,215.97,1678659.1200000001
1692403200000,215.97,219.1,213.14,216.8,811986.85
1692489600000,216.8,218,215.23,216.41,459976.08
1692576000000,216.41,216.72,205.3,210.22,2198456.8399999999
1692662400000,210.22,213.17,202.64,210.84,2586539.6099999999
1692748800000,210.84,218.84,210.63,216.53,2128683.6299999999
1692835200000,216.53,221.2,215.4,219.06,1475519.76
1692921600000,219.07,219.63,213.44,218.36,1235788.8
1693008000000,218.37,219.41,216.02,216.34,433747.88
1693094400000,216.35,219.84,215.79,218.35,570805.87
1693180800000,218.34,219.52,215.08,218.75,849659.49
1693267200000,218.75,239,216.88,226.87,1930897.7
1693353600000,226.87,227.22,221.64,223.83,763215.3100000001
1693440000000,223.83,226.02,213.91,216.58,1076654.6699999999
1693526400000,216.58,218.4,211.11,213.65,1178020.8999999999
1693612800000,213.66,215.97,213,214.33,527842.92
1693699200000,214.33,215.18,213.13,214.35,387336.71
1693785600000,214.35,216.69,213.04,215.19,810363.4
1693872000000,215.19,216.06,213.44,214.51,627176.58
1693958400000,214.5,219.81,211.58,215.22,855131.91
1694044800000,215.21,217.9,213.53,217.11,707029.46
1694131200000,217.12,218.9,213.33,214.62,717857.59
1694217600000,214.63,215.48,214.14,214.2,291152.93
1694304000000,214.21,214.24,210.81,212.28,799731.29
1694390400000,212.28,212.68,203.75,206.08,1492870.3600000001
1694476800000,206.08,214.89,204.94,210.73,1646456.0700000001
1694563200000,210.74,213.38,209.28,212.63,892685.01
1694649600000,212.63,215.49,209.59,212.04,893183.79
1694736000000,212.05,214.9,210.79,214,674322.35
1694822400000,214.01,215.83,213.17,214.74,579713.99
1694908800000,214.74,216.91,213.1,216.31,656273.54
1694995200000,216.3,221.46,215,215.99,1514483.1100000001
1695081600000,215.98,219.99,215.31,217.22,769627.28
1695168000000,217.21,219.04,212.78,214.39,832763.76
1695254400000,214.4,215.29,209.2,210.91,976988.61
1695340800000,210.9,212.34,209.7,211.15,542359.64
1695427200000,211.16,211.79,209.94,210.52,263789.79
1695513600000,210.53,211.36,206,208.34,452883.06
1695600000000,208.34,210.69,206.52,210.06,696868.51
1695686400000,210.07,214,209.82,212.68,832483.65
1695772800000,212.67,216.13,210.52,212.15,913447.87
1695859200000,212.14,217.2,211.62,215.06,845149.15
1695945600000,215.07,217.62,214.46,215.21,624880.3
1696032000000,215.22,216.59,214.1,214.69,415539.66
1696118400000,214.68,219.93,213.13,218.29,845811.45
1696204800000,218.29,221.73,213.19,214.7,1271741.29
1696291200000,214.7,215.92,212.34,213.46,717473.92
1696377600000,213.46,213.83,210.79,213.45,716411.88
1696464000000,213.45,214.09,210.27,210.8,599115.09
1696550400000,210.79,214.69,210.25,213.42,610055.16
1696636800000,213.43,213.99,211.63,212.33,291054.39
1696723200000,212.34,213,208.73,211.42,550912.91
1696809600000,211.43,212.31,201.43,205.83,1363022.8600000001
1696896000000,205.83,215,205.56,208.59,1507507.6599999999
1696982400000,208.58,208.88,204.16,206.61,1081048.8400000001
1697068800000,206.61,207.47,202.57,205.29,895955.8
1697155200000,205.28,208.43,204.4,206.05,637209.5
1697241600000,206.06,207.14,205.76,206.6,257532.42
1697328000000,206.6,212,206.36,209.87,685642.77
1697414400000,209.87,220.14,209.66,214.75,1423734.8400000001
1697500800000,214.75,215.14,208.75,211.55,850586
1697587200000,211.54,214.08,210,210.37,509110.37
1697673600000,210.37,211.59,208.1,211.32,558544.3
1697760000000,211.33,216.8,210.63,212.17,856401.02
1697846400000,212.17,215.99,211.49,214.32,578895.49
1697932800000,214.33,218.82,213.68,217.95,660305.78
1698019200000,217.95,231.73,217.05,228.8,1803856.5
1698105600000,228.81,238.46,221.49,225.32,2111174.48
1698192000000,225.33,229.32,221.63,222.29,1205240.8300000001
1698278400000,222.28,228.49,218.6,223.32,1475859.55
1698364800000,223.33,233,220.01,224.18,1883700.29
1698451200000,224.18,228.71,224.13,225.8,606598.8100000001
1698537600000,225.81,228.29,223.6,227.2,465688.44
1698624000000,227.2,229.39,224.61,228.1,742118.21
1698710400000,228.11,229.49,223.37,226.35,804827.05
1698796800000,226.35,230.15,222.42,228.15,945051.54
1698883200000,228.15,233.97,227.7,232.03,1439237.9299999999
1698969600000,232.02,232.63,225.54,230.4,959756.38
1699056000000,230.39,238.77,229.51,237.36,835599.55
1699142400000,237.35,245.64,236.34,244,1294305.1699999999
1699228800000,244,256,241.58,255.27,1734899.25
1699315200000,255.28,255.69,242.21,246.39,1609174.8600000001
1699401600000,246.38,249.67,244.15,246.78,1040251.6
1699488000000,246.78,256.36,238.9,251.84,2330828.0699999998
1699574400000,251.85,258.31,248.05,251.14,1490196.8400000001
1699660800000,251.13,255.38,246.03,251.66,1109684.6899999999
1699747200000,251.65,252.11,243,247.68,858886.45
1699833600000,247.69,250.37,240.22,241.16,1107331.5900000001
1699920000000,241.16,249.77,233,242.4,1522251.72
1700006400000,242.4,254.8,242.24,254.02,1379068.8
1700092800000,254.02,256.12,240.1,242.82,1639285.1599999999
1700179200000,242.81,246.04,238.45,244.97,1104324.1699999999
1700265600000,244.96,245.38,238.57,244.91,660615.55
1700352000000,244.91,247.05,242,246.55,637888.6
1700438400000,246.55,269.34,233.46,253.27,3373122.52
1700524800000,253.26,272.42,224,225.66,9702082.7599999998
1700611200000,225.66,238.49,224.62,236.38,3584881.9700000002
1700697600000,236.39,239.42,230.3,233.89,1573333.6399999999
1700784000000,233.88,237,231.58,232.86,1240754.3100000001
1700870400000,232.86,235.85,232.25,234.45,652469.49
1700956800000,234.44,234.5,227.76,231.92,993331.96
1701043200000,231.91,233.1,222.5,227.42,1442608.02
1701129600000,227.41,231.95,224.37,229.69,1077045.6499999999
1701216000000,229.7,231.45,226.32,227.43,789061.15
1701302400000,227.43,229.37,226.16,227.67,701197.25
1701388800000,227.66,230.14,227.16,228.64,812707.35
1701475200000,228.64,230.57,226.41,229.24,827934.05
1701561600000,229.23,232.04,226.08,228.23,1218955.01
1701648000000,228.24,237.59,223.03,233.66,2912390.6200000001
1701734400000,233.65,235.19,227.96,231.43,1647883.45
1701820800000,231.44,235.15,228.56,229.6,1894332.97
1701907200000,229.6,235,228.37,232.81,1671999.1299999999
1701993600000,232.81,240.22,231,239.1,1845001.6599999999
1702080000000,239.09,245.92,236.21,237.87,2073301.8100000001
1702166400000,237.86,241.51,236.76,239.96,996496.08
1702252800000,239.96,248.41,225.58,246.63,4361370.04
1702339200000,246.63,257.13,245.65,253.64,3758584.3799999999
1702425600000,253.64,255.95,244.16,251.86,2147289.1899999999
1702512000000,251.86,254.19,245.5,253.07,1571194.6000000001
1702598400000,253.08,253.29,242.1,244.55,1147137.1599999999
1702684800000,244.55,248.42,242.42,244.16,727608.8100000001
1702771200000,244.16,244.37,238.71,238.97,814485.9300000001
1702857600000,238.97,241.88,232.01,241.86,1465287.95
1702944000000,241.85,254.41,241.51,252.35,2400521.2400000002
1703030400000,252.35,261.45,250.24,259.97,2018595.1599999999
1703116800000,259.97,274.65,256.2,271.91,2075590.6599999999
1703203200000,271.91,276.03,264.7,271.07,1675695.24
1703289600000,271.07,271.97,265.36,270.75,724021.58
1703376000000,270.76,272.18,260.53,264.02,1046557.59
1703462400000,264,268.15,261.11,266.56,830507.12
1703548800000,266.56,302.9,263.82,297.51,5142935.2300000004
1703635200000,297.5,324.13,285,323.76,3928291.0699999998
1703721600000,323.75,337.73,319.2,322.21,4582442.8799999999
1703808000000,322.2,325.25,306.46,313.29,2408793.98
1703894400000,313.29,320.48,311.84,316.71,1141399.8899999999
1703980800000,316.69,324.79,306.38,311.33,1294462.46
1704067200000,311.33,315.37,306.65,313.53,893204.63
1704153600000,313.53,321.14,304.9,311.88,1412989.05
1704240000000,311.88,334.3,285.38,315.6,4187171.9900000002
1704326400000,315.6,324.15,310.58,323.02,1605932.5600000001
1704412800000,323.02,326.6,308,317.14,1720089.71
1704499200000,317.13,317.14,300.02,307.2,1356866.8100000001
1704585600000,307.2,309.41,299.2,302.06,841739.14
1704672000000,302.06,307.81,289.17,303.84,1751017.3300000001
1704758400000,303.85,306.9,295.85,301.37,1643131.47
1704844800000,301.37,310.42,289.02,305.99,1432577.5800000001
1704931200000,305.99,317,301.4,308.51,1926277.05
1705017600000,308.5,313.35,288.48,296.81,1609467.98
1705104000000,296.82,303.27,290.96,302.35,729110.34
1705190400000,302.36,306.89,298.89,299.67,728241.8199999999
1705276800000,299.67,322.23,299.58,317.14,2438420.6600000001
1705363200000,317.14,318.87,312.63,315.05,1168273.9399999999
1705449600000,315.04,316.16,306.17,309.25,1504606.8700000001
1705536000000,309.25,315,305.55,312.73,1409050.0900000001
1705622400000,312.73,315.75,304.54,314.39,1312335.1599999999
1705708800000,314.4,317.14,311.88,317.03,645245.87
1705795200000,317.03,321.58,316.04,318.41,694838.9399999999
1705881600000,318.41,320,303.3,305.8,1369031.98
1705968000000,305.8,311.2,290.1,298.52,1587110.53
1706054400000,298.53,300.45,289.94,292.91,1301183.1200000001
1706140800000,292.92,296.4,287.46,292.08,1421956.8100000001
1706227200000,292.09,303.96,290.68,302.07,966165.46
1706313600000,302.08,307.73,301.88,305.68,557398.0699999999
1706400000000,305.68,308.99,303.11,305.24,666650.45
1706486400000,305.25,311,304.42,310.67,658865.79
1706572800000,310.68,313.13,306.33,307.59,614069.47
1706659200000,307.59,308.06,298.46,300.53,883196.04
1706745600000,300.53,302.12,296.39,300.14,729061.38
1706832000000,300.14,305.28,299.7,301.27,588363.33
1706918400000,301.28,303.74,299.52,299.66,359716.63
1707004800000,299.67,307.8,297.91,304.72,853662.1899999999
1707091200000,304.72,306.94,299.34,301.13,943266.7
1707177600000,301.13,303.65,300.74,302.77,517638.95
1707264000000,302.77,308.79,300.7,307.41,682532.21
1707350400000,307.41,320.33,307.4,318.54,1440848.95
1707436800000,318.54,325.82,317.08,323.78,1151659.48
1707523200000,323.78,324.8,318.49,322.59,524957.5600000001
1707609600000,322.58,324.24,319.61,320.43,420924.57
1707696000000,320.43,330.54,315.22,327.66,1073787.1100000001
1707782400000,327.66,328.99,317.69,324.3,841424
1707868800000,324.3,334.42,323.02,333.47,836892.37
1707955200000,333.47,366.4,332.9,353.89,2307886.7799999998
1708041600000,353.9,367.11,350.65,360.25,1612624.3100000001
1708128000000,360.24,363.3,348,352.41,1101306.98
1708214400000,352.42,357.8,348.71,349.87,809089.1899999999
1708300800000,349.87,356.5,349.25,351.83,1085141.8999999999
1708387200000,351.83,361.69,344.93,354.86,1593378.1699999999
1708473600000,354.87,378.87,351.2,378.69,2592601.6800000002
1708560000000,378.68,387.21,373.17,382.33,2027407.1599999999
1708646400000,382.33,385.38,368.64,375.29,1312326.52
1708732800000,375.29,382.77,371.25,381.27,573372.47
1708819200000,381.27,391.03,377.53,388.28,864379.16
1708905600000,388.28,405,381.6,401.46,1737603.3600000001
1708992000000,401.46,403.69,389.01,394.27,1235404.5
1709078400000,394.27,426.92,393.69,414.58,2430780.3799999999
1709164800000,414.59,419.98,390.93,399.62,1854342.4099999999
1709251200000,399.62,408.9,399.28,407.65,835071.3
1709337600000,407.66,415.6,406.29,411.17,784123.67
1709424000000,411.17,417.19,401,414.73,1083638.95
1709510400000,414.73,424.44,410.77,418.87,1288721.5600000001
1709596800000,418.87,428.06,352.01,394.19,3018377.5899999999
1709683200000,394.19,434.92,385.82,429.64,2385420.25
1709769600000,429.64,477.12,423.33,474.55,2250851.2000000002
1709856000000,474.55,489.87,462,485.29,2102162.3999999999
1709942400000,485.3,494.34,479.27,488.05,1126548.51
1710028800000,488.06,538.56,484.33,529.09,2503182.23
1710115200000,529.09,534.48,504.57,523.06,1971317.3999999999
1710201600000,523.06,548.87,518.74,537.69,3016700.4199999999
1710288000000,537.7,634.68,532.1,631.02,3648058.3999999999
1710374400000,631.01,632,565.55,603.75,3337861.7400000002
1710460800000,603.76,636.12,542,633.01,4160358.79
1710547200000,633.02,646.09,567.06,576.84,2795252.4500000002
1710633600000,576.84,590.75,548.56,571.5,2104298.2799999998
1710720000000,571.5,587.63,540.23,555.66,2510937.0699999998
1710806400000,555.66,560.97,498,507.96,3172340.4500000002
1710892800000,507.97,559.47,500.29,556.99,2303872.52
1710979200000,557,571.59,541.11,554.13,1616245.1100000001
1711065600000,554.14,587.86,534.5,554.31,2244398.96
1711152000000,554.32,568.02,543.7,552.15,1062709.8899999999
1711238400000,552.15,573.78,549.27,568.36,800451.1
1711324800000,568.36,598.59,565.47,587.48,1309709.1699999999
1711411200000,587.47,597.99,572,580.56,932471.04
1711497600000,580.57,586.28,562.7,574.8,926447.35
1711584000000,574.81,592.28,574.6,583.83,918682.34
1711670400000,583.83,621.06,582.72,612.35,1835058.01
1711756800000,612.34,612.83,596.23,600.25,784066.42
1711843200000,600.26,608.12,600.01,606.03,478045.71
1711929600000,606.04,607.02,568.06,576.42,1300070.6899999999
1712016000000,576.41,578.64,546.85,551.83,1368777.6499999999
1712102400000,551.84,568.4,539.33,562.13,968906.75
1712188800000,562.13,597.19,561.21,584.34,1463045.8799999999
1712275200000,584.31,590,564.1,577.66,1063642.3
1712361600000,577.66,590.87,574.52,585.01,436905.76
1712448000000,585.01,590.15,577.44,583.45,425587.31
1712534400000,583.45,601.02,577.21,586.72,794638.41
1712620800000,586.73,590.87,571.5,580.82,909066.1
1712707200000,580.82,611.47,573.56,610.03,1592012.2
1712793600000,610.04,618.55,592.3,604.85,1202258.8500000001
1712880000000,604.85,632,563.33,595.2,2609470.73
1712966400000,595.19,599.48,489,553.33,3347671.6800000002
1713052800000,553.34,569.99,535.74,566,1768433.6699999999
1713139200000,566.01,585,543.62,552.18,1439954.25
1713225600000,552.19,553.37,522.23,537.52,1373098.8
1713312000000,537.51,547.4,512.24,533.94,1333946.8400000001
1713398400000,533.95,555.55,526.73,551.95,1251213.6499999999
1713484800000,551.95,563.94,523.42,553.77,1222202
1713571200000,553.77,574,548.2,570.37,574665.75
1713657600000,570.37,582.41,565.92,579.31,673717.51
1713744000000,579.31,608.69,578.06,604.37,1211896.3899999999
1713830400000,604.37,619.4,598.5,605.74,1246282.02
1713916800000,605.74,617.77,592.29,608.47,1455249.49
1714003200000,608.46,617.31,600.36,612.55,1144327.71
1714089600000,612.57,614.36,596.12,597.47,808951.52
1714176000000,597.48,598.99,583.01,595.74,776506.8100000001
1714262400000,595.74,607,595.6,599.64,598081.7
1714348800000,599.65,602,578.09,592.62,841333.54
1714435200000,592.61,604.28,555,577.72,1915319.5700000001
1714521600000,577.72,579.92,535.91,561.45,1471623.48
1714608000000,561.46,565.73,541.01,560.21,899221.5600000001
1714694400000,560.21,589.83,558.57,586.65,822717.1
1714780800000,586.66,593.11,582,584.78,501154.02
1714867200000,584.79,594.82,577,591.56,476732.94
1714953600000,591.57,602.25,582.54,587.81,705410.05
1715040000000,587.82,600.3,575.33,575.86,713300.34
1715126400000,575.87,589.88,573.63,588.22,789760.66
1715212800000,588.22,609,586.19,596.42,1224153.3799999999
1715299200000,596.43,596.54,581.06,585.26,682770.88
1715385600000,585.27,594.43,581.2,592.03,522583.4
1715472000000,592.03,598.74,587.02,594.25,447566.7
1715558400000,594.26,598.15,584.48,591.29,818586.96
1715644800000,591.3,592.6,559.73,566.59,1086396.3400000001
1715731200000,566.58,586.4,560.5,580.81,883654.09
1715817600000,580.82,585.97,564.65,568.48,754853.1800000001
1715904000000,568.48,584.56,567.85,580.52,553210.15
1715990400000,580.53,581.78,574.01,580.27,361660.36
1716076800000,580.27,581.79,571,574.31,350633.16
1716163200000,574.32,602.25,568,599.71,1033376.2
1716249600000,599.72,632.89,593.4,619.02,1934809.54
1716336000000,619.02,626.91,610.27,615.24,946578.0600000001
1716422400000,615.24,617.68,577.73,599.66,1254197.8
1716508800000,599.67,605.64,588.58,600.55,589332.89
1716595200000,600.55,607,599.59,602.48,273086.25
1716681600000,602.47,605.53,598.2,600.65,297627.05
1716768000000,600.65,615.29,599.89,604.13,512483.1
1716854400000,604.13,606.3,593.71,601.91,573286.98
1716940800000,601.91,603.99,593.33,595.77,403274.71
1717027200000,595.76,602.89,586.5,595.34,489198.91
1717113600000,595.35,599.37,590.17,594.03,386498.74
1717200000000,594.03,609,593.46,602.39,348182.01
1717286400000,602.4,606.38,596.31,603.4,429604.02
1717372800000,603.4,639.6,601.69,626.86,1628930.6799999999
1717459200000,626.86,689.75,625.18,686.16,2134571.6899999999
1717545600000,686.15,718.97,685.24,699.32,1915876.8
1717632000000,699.33,723.2,691.77,711.29,1511948
1717718400000,711.28,712.15,657.42,684,1600513.1799999999
1717804800000,683.99,695.12,677.67,682.61,748875.4
1717891200000,682.6,684.81,670.15,673.16,545797.24
1717977600000,673.17,674.93,613.48,625,2014200.6899999999
1718064000000,624.99,629.42,594,602.18,1690943.49
1718150400000,602.18,634.44,590.88,619.28,1358132.54
1718236800000,619.29,619.78,595.44,599.7,837892.8199999999
1718323200000,599.71,612.16,590,603.11,804730.26
1718409600000,603.1,609.59,601.18,607.99,357943.9
1718496000000,607.99,611.92,601.03,610.65,334480.17
1718582400000,610.66,612.53,591,603.96,748479.01
1718668800000,603.97,604.8,574,588.5,1159675.55
1718755200000,588.51,605.95,586.51,598.92,766860.38
1718841600000,598.92,607.68,584.01,587.32,699632.26
1718928000000,587.31,589.25,577.5,586.11,596098.92
1719014400000,586.12,591.34,580.7,590.98,272469.9
1719100800000,590.98,593,575.52,577.4,411188.37
1719187200000,577.41,581.91,550.55,567.95,1102456.6200000001
1719273600000,567.95,579.93,566.5,577.94,529481.38
1719360000000,577.94,584.5,567.17,573.09,471280.61
1719446400000,573.09,584.65,566.18,581.75,454476.6
1719532800000,581.75,585.33,566.01,567.7,476506.29
1719619200000,567.7,574.16,567.07,570.4,237895.61
1719705600000,570.39,585.3,568.5,582.63,357709.19
1719792000000,582.64,588.5,576.6,577.17,372766.36
1719878400000,577.18,582.26,574.2,580.3,349957.83
1719964800000,580.31,581.29,550.05,556.91,703526.99
1720051200000,556.92,558.68,511.23,513.22,1266395.75
1720137600000,513.21,515.83,452.63,497.54,2142933.4700000002
1720224000000,497.53,530.8,495.75,526.15,678190.05
1720310400000,526.15,526.8,488.3,490.64,885679.11
1720396800000,490.64,524.23,470.03,510.28,1532917.8300000001
1720483200000,510.28,521.16,506.25,516.67,518102.22
1720569600000,516.67,529.55,511.13,524.68,530949.22
1720656000000,524.69,547,520.26,524.87,784323.5699999999
1720742400000,524.86,537.6,516.92,534.09,512739.3
1720828800000,534.09,539.7,527.27,532.46,367342.22
1720915200000,532.45,547.66,531.26,544.76,379151.41
1721001600000,544.74,586.66,543.76,585.1,766189.04
1721088000000,585.1,587.57,554.65,576.05,807167.6800000001
1721174400000,576.05,584.02,564.12,568.79,490550.94
1721260800000,568.8,579.6,561.46,571.96,435567.36
1721347200000,571.96,599.33,565,593.59,888430.9
1721433600000,593.58,598.22,586.68,593.2,333812.07
1721520000000,593.2,603.97,580.79,602.47,545788.96
1721606400000,602.47,606.02,585.76,587.31,473933.97
1721692800000,587.31,593.59,577.01,582.19,565009.3199999999
1721779200000,582.19,589.01,570,574.78,382932.41
1721865600000,574.78,576.18,553.08,570.94,752645.1800000001
1721952000000,570.93,583.1,570.4,581.04,377831.76
1722038400000,581.04,593.02,573.04,581.91,490613.36
1722124800000,581.92,585.34,574.79,584.21,237478.19
1722211200000,584.21,597.64,572.62,574.46,536206.75
1722297600000,574.46,588.52,566.83,588.34,403873.86
1722384000000,588.32,593.34,575.17,576.79,547231.9399999999
1722470400000,576.79,578.4,553.74,575.37,686430.8199999999
1722556800000,575.38,577.97,540.71,543.15,822269.4
1722643200000,543.15,545.5,521.36,529.64,731950.23
1722729600000,529.7,532.32,486.14,496.92,973439.86
1722816000000,496.92,500.01,397.29,464.2,4117190.5899999999
1722902400000,464.21,496,463.44,484.78,1242996.3
1722988800000,484.77,497.43,468.06,474.99,1021467.37
1723075200000,474.99,521.74,467.4,517.05,835448.54
1723161600000,517.04,518.32,498.53,508.87,518058.62
1723248000000,508.88,525.71,507.21,523.29,330596.47
1723334400000,523.3,536.7,502.3,503.68,672804.37
1723420800000,503.67,524.18,499.41,518.48,923988.72
1723507200000,518.49,527.77,513,524.24,727182.02
1723593600000,524.24,531.72,515.09,523.18,564224.0699999999
1723680000000,523.19,533.97,509.88,518.87,681716.27
1723766400000,518.86,524.32,509.63,519.47,530352.51
1723852800000,519.47,547.9,518.2,541.81,479487.5
1723939200000,541.81,542.58,530.86,531.28,344039.78
1724025600000,531.27,561.18,529,558.77,710343.66
1724112000000,558.76,574.88,558.27,569.37,886997.11
1724198400000,569.38,574.76,545.85,569.79,794680.46
1724284800000,569.79,589.5,559.03,582.8,869224.83
1724371200000,582.8,597.87,573.82,591.29,793292.0600000001
1724457600000,591.28,591.98,575.03,580.43,670430.23
1724544000000,580.43,583.8,568,573.48,501059.19
1724630400000,573.49,575.21,546.41,548.03,620064.6800000001
1724716800000,548.03,558.21,520.52,533.17,826002.36
1724803200000,533.17,546.76,522.01,537.05,980619.0600000001
1724889600000,537.05,545.35,530.42,536.31,529104.17
1724976000000,536.3,543.24,521.57,535.01,586255.2
1725062400000,535.01,541.22,531,532.83,232622.95
1725148800000,532.84,533.14,507,512.05,624154.08
1725235200000,512.06,530.6,501.7,526.41,676551.5
1725321600000,526.42,538.54,518,518.85,612693.39
1725408000000,518.85,523.83,495.52,507.71,1119216.9199999999
1725494400000,507.72,512.71,496.57,502.48,629263.51
1725580800000,502.49,510.19,471,487.04,1309923.8899999999
1725667200000,487.05,499.34,482.88,493.37,428792.71
1725753600000,493.36,507,490.67,503.03,517650.56
1725840000000,503.02,527.61,501.73,518.91,665279.55
1725926400000,518.91,524.46,513.59,517.22,486518.17
1726012800000,517.23,535.92,506.46,530.37,748293.9300000001
1726099200000,530.32,548.87,530.06,544.58,822376.65
1726185600000,544.57,559.61,538.43,556.02,706805.8199999999
1726272000000,556.03,559.14,547.13,553.21,292297.45
1726358400000,553.22,561.92,551.48,553.12,487091.39
1726444800000,553.11,555.09,526.5,533.37,786358.51
1726531200000,533.37,552.29,528.58,546.02,627341.96
1726617600000,546.02,559.63,536.4,559.32,600755.65
1726704000000,559.32,571.74,552.77,566.85,701589.8199999999
1726790400000,566.85,577,558.78,568.83,600284.62
1726876800000,568.83,590.8,566.31,588.98,621688.02
1726963200000,588.98,595.08,576.07,588.65,603632.17
1727049600000,588.65,616.69,583,604.97,1001981.15
1727136000000,604.97,613.9,598.51,606.07,779965.63
1727222400000,606.06,608.34,583.98,587.49,680076.99
1727308800000,587.49,609.5,581.15,596.47,846740.13
1727395200000,596.46,615,596.1,607.33,916976.25
1727481600000,607.33,619.06,594.81,601.12,696744.41
1727568000000,601.12,603.13,592.67,595.76,408189.42
1727654400000,595.77,595.95,563.4,567.65,908496.4399999999
1727740800000,567.65,583.2,536.11,546.98,1191369.02
1727827200000,546.97,558.15,534.4,542.38,764710.26
1727913600000,542.38,550.55,533.4,544.64,752844.67
1728000000000,544.64,557.97,541.6,555.27,511855.19
1728086400000,555.28,565.08,551.61,563.13,353572.45
1728172800000,563.14,571.85,561.06,570.26,320618.82
1728259200000,570.26,581.95,563.32,564.33,629610.37
1728345600000,564.34,586.8,559.04,579.92,796198.26
1728432000000,579.91,584.91,565.85,570.35,704186.6899999999
1728518400000,570.35,572.5,551.27,563.63,500451.9
1728604800000,563.62,577.48,560.24,573.77,467181.18
1728691200000,573.76,579.17,573.57,576.51,257221.07
1728777600000,576.51,578.45,564.95,572.21,296407.28
1728864000000,572.21,592.31,569.43,589.31,557829.74
1728950400000,589.31,600.34,577.73,594.89,896222.99
1729036800000,594.89,605.84,590.06,601.13,616248.22
1729123200000,601.12,606.68,584.56,592.83,509893.35
1729209600000,592.84,602.54,591.81,599.03,377325.83
1729296000000,599.03,601.3,595.21,597.94,167010.84
1729382400000,597.93,607.65,593.04,606.28,310300.73
1729468800000,606.29,612.46,591.43,598.74,709739.21
1729555200000,598.73,600,586.85,593.81,543231.92
1729641600000,593.82,594.49,572.82,584.95,550100.83
1729728000000,584.94,598.23,583.23,594.65,413422.81
1729814400000,594.64,597.96,564.74,574.64,648192.73
1729900800000,574.64,587.1,570.23,583.4,300498.42
1729987200000,583.39,590.94,581.74,589.34,199111.3
1730073600000,589.32,605,585.37,601.37,435205.47
1730160000000,601.37,612.78,600.18,606.71,604989.24
1730246400000,606.7,607.2,594.5,595.9,469572.06
1730332800000,595.9,596.88,571.14,576.71,758011.55
1730419200000,576.7,585.46,567.52,572.93,751040.96
1730505600000,572.93,576.94,562.06,568.58,394008.29
1730592000000,568.59,569.3,546.69,557.78,617173.36
1730678400000,557.79,564.71,543.22,552.51,572110.01
1730764800000,552.5,571.97,550.99,563.3,501056.33
1730851200000,563.29,595.35,563.13,592.61,1270365.5600000001
1730937600000,592.61,611.98,587.18,598.74,908960.25
1731024000000,598.74,606.55,588.12,598.17,669440.09
1731110400000,598.18,638.73,597.94,625.06,1721816.0700000001
1731196800000,625.07,644.99,612.02,627.84,1792633.45
1731283200000,627.84,666.51,613.34,660.53,2200989.4900000002
1731369600000,660.53,668.5,612.56,625.78,2652803.9900000002
1731456000000,625.85,639.22,598.81,621.19,2225893.7599999998
1731542400000,621.19,661.3,610.8,622.64,2407430.71
1731628800000,622.64,628.69,603.63,619.73,1364213.2
1731715200000,619.73,634.33,617.51,623.19,964164.6
1731801600000,623.19,648.3,605.2,618.99,1556278.02
1731888000000,618.99,635,612.31,619.46,1170979.71
1731974400000,619.46,621.97,605.47,615.93,864160.24
1732060800000,616,621.08,600.25,605.78,918068.84
1732147200000,605.84,630,593.26,622.33,1510849.3700000001
1732233600000,622.32,640.57,615.56,633.51,1373467.5
1732320000000,633.51,681.45,631.66,651.13,2414541.0899999999
1732406400000,651.13,688.34,637.47,660.22,2227498.6099999999
1732492800000,660.22,677.19,627,636.59,1953524.49
1732579200000,636.59,646.13,599.92,613.94,1762903.8
1732665600000,613.94,647.14,608.22,644.69,1236808.8300000001
1732752000000,644.69,664.45,640.26,654.33,1592016.0800000001
1732838400000,654.32,664.4,648.9,655.13,862695.08
1732924800000,655.12,677.89,648.38,653.88,1216604.53
1733011200000,653.87,664.91,645.53,656.63,809558.9300000001
1733097600000,656.59,667.94,629,648.28,1762935.75
1733184000000,648.28,749.96,622.5,735.67,3260151.1099999999
1733270400000,735.66,794,721.67,740.46,4463089.7999999998
1733356800000,740.46,740.64,690,717.76,3019231.3399999999
1733443200000,717.77,746.76,705.6,730.75,1798283.23
1733529600000,730.83,761.69,730.35,750.33,1076862.23
1733616000000,750.34,757.93,728,742.51,919886.8199999999
1733702400000,742.51,743.04,633,689.54,2831482.52
1733788800000,689.54,705,649.47,677.22,2357344.3900000001
1733875200000,677.22,713.45,659.1,711.69,1264267.4099999999
1733961600000,711.7,726.15,699.68,706.18,1344197.8200000001
1734048000000,706.19,730.24,697,725.73,1169147.3200000001
1734134400000,725.73,731.92,704.65,715.57,789047.1899999999
1734220800000,715.58,724.65,702.52,719.53,651547.88
1734307200000,719.53,731,704.51,721.09,953893.1800000001
1734393600000,721.1,737.99,712.61,717.85,1170667.0800000001
1734480000000,717.85,722.68,680,686.45,1647695.3300000001
1734566400000,686.51,705.17,647.59,665.48,1950849.1599999999
1734652800000,665.49,679.69,617.54,678.32,1981883.4099999999
1734739200000,678.32,693.5,649.64,663.73,1132081.79
1734825600000,663.74,669.89,639.2,649.77,877120.24
1734912000000,649.78,698.38,638.03,693.9,1469394.26
1734998400000,693.89,699.27,682.56,696.63,789412.76
1735084800000,696.63,713.21,695.51,702.13,675845.66
1735171200000,702.13,720.24,681.65,688.75,1161285.23
1735257600000,688.76,710.93,685.18,691.49,984985.66
1735344000000,691.49,731.25,690.94,722.14,845595.15
1735430400000,722.14,724.58,689.67,694.48,694884.28
1735516800000,694.48,712.16,687,704.76,837145.02
1735603200000,704.75,714.59,698,702.12,644109.91
1735689600000,702.13,710.93,700.02,707.43,386029.63
1735776000000,707.42,715.99,698.04,706.11,733190.03
1735862400000,706.11,716.32,696.46,715.22,670878.5699999999
1735948800000,715.23,721.97,707.61,713.38,503706.97
1736035200000,713.38,714,702.48,709.28,359292.44
1736121600000,709.28,746,706.06,729.81,1042671.3199999999
1736208000000,729.82,732.98,689.5,697.16,1153759.51
1736294400000,697.16,706.82,673.76,695.49,1067127.2
1736380800000,695.49,701.32,673.7,684.89,935599.52
1736467200000,684.89,700.84,682.6,693.04,666606.83
1736553600000,693.03,701.28,690.2,696.42,268116.54
1736640000000,696.42,698.56,689.46,692.96,269598.8
1736726400000,692.96,700,656.84,688.41,1120301.5600000001
1736812800000,688.4,700.19,686,698.84,479721.59
1736899200000,698.88,714.73,688.43,714.38,766138.28
1736985600000,714.37,717.75,700.62,708.05,676602.38
1737072000000,708.06,730.61,708.05,722.09,649554.16
1737158400000,722.09,723.63,694.88,709.91,760807.1
1737244800000,709.91,715.26,676.01,683.39,1337593.72
1737331200000,683.39,709.99,670,682.84,1409715.47
1737417600000,682.83,697.66,675.31,692.54,665320.65
1737504000000,692.55,704.23,690.15,695.95,471791.73
1737590400000,695.96,698.11,680.2,690.12,691722.65
1737676800000,690.13,691.74,678.66,680.46,499177.46
1737763200000,680.46,690.08,677.61,686.74,282447.72
1737849600000,686.74,691.36,664.14,666.64,422167.65
1737936000000,666.64,680.96,635.98,680.16,1185299.0700000001
1738022400000,680.17,683.25,659.13,661.08,572884.54
1738108800000,661.07,679.35,659.22,667.94,593069.9
1738195200000,667.93,683.21,665.8,677.87,397838.75
1738281600000,677.88,689.53,673.71,677.79,430789.41
1738368000000,677.79,681.86,650.43,652.83,399478.23
1738454400000,652.83,663.05,598.71,617.69,1265885.54
1738540800000,617.69,618.74,499.04,616.76,2732005.0299999998
1738627200000,616.76,618.74,558.05,572.81,1398666.1799999999
1738713600000,572.81,579.9,560.93,569.42,621616.61
1738800000000,569.42,589.27,568.76,571.47,781955.21
1738886400000,571.5,589.76,570.06,577.42,602114.26
1738972800000,577.42,633,573.36,612.27,1113824.1699999999
1739059200000,612.27,646.87,602.25,615.36,1749522.1499999999
1739145600000,615.36,622.28,596,618.38,1048117.61
1739232000000,618.39,646.55,614.79,641.58,1370541.01
1739318400000,641.57,706,626.29,696.76,2203474.8799999999
1739404800000,696.77,730.95,659.3,664.35,4325158.6600000001
1739491200000,664.35,684.37,651.05,659.42,1534439.55
1739577600000,659.41,671.23,653.24,661.76,754031.73
1739664000000,661.77,684.5,653.01,672.65,1053630.8700000001
1739750400000,672.65,681.85,657.04,667.12,994878.77
1739836800000,667.12,667.91,629.74,648.04,1130250.46
1739923200000,648.06,664.41,637.28,653.11,968492.1899999999
1740009600000,653.11,658.94,645.37,655.94,663019.3100000001
1740096000000,655.95,667.71,633.95,647.11,1008333.87
1740182400000,647.1,679.72,644.75,668.13,987820.11
1740268800000,668.13,670.72,648.03,657.65,508907.82
1740355200000,657.65,658.79,610,614.06,1004855.6899999999
1740441600000,614.06,627.6,585.71,622.87,1618939.4299999999
1740528000000,622.87,631.47,593.79,611.5,1076407.3899999999
1740614400000,611.51,619.46,595.3,605.19,779582.76
1740700800000,605.19,606.23,559.56,587.82,1457088.77
1740787200000,587.83,608.99,586.13,607.28,689431.77
1740873600000,607.27,634.5,601.41,623.53,1012920.92
1740960000000,623.54,623.89,567,575.72,1148525.1899999999
1741046400000,575.73,588.28,545.51,583.8,1258457.3799999999
1741132800000,583.8,605.48,580.4,597.93,626071.29
1741219200000,597.92,611.82,589.09,596.27,621313.39
1741305600000,596.28,610.36,577.04,594.53,855436.53
1741392000000,594.53,602.48,589.89,592.8,343925.42
1741478400000,592.8,592.81,549.67,554.4,763865.28
1741564800000,554.41,573.33,522.71,531.25,1103583.3500000001
1741651200000,531.29,565.24,506.47,551.47,1581408.3200000001
1741737600000,551.48,575,544,569.75,1127972.21
1741824000000,569.76,620,567.72,579.45,2015132.1699999999
1741910400000,579.45,589.44,576.32,587.56,582512.48
1741996800000,587.55,619.65,587.41,619.62,645885.01
1742083200000,619.61,622.93,592.9,602.14,826155.33
1742169600000,602.14,643.59,602.01,631.39,1691378.7
1742256000000,631.38,643.37,619.94,627.42,1295724.6799999999
1742342400000,627.41,627.8,604.28,618.02,1343612.78
1742428800000,618.02,637.3,616.02,629.92,1587667.77
1742515200000,629.91,637.01,624.09,634.64,726490.52
1742601600000,634.63,635.5,623.22,626.5,466860.98
1742688000000,626.5,628.7,618.31,623.25,416574.83
1742774400000,623.25,639.23,617,636.58,975464.26
1742860800000,636.58,644.67,626.75,629.53,1155894.3600000001
1742947200000,629.53,633.86,615,617.72,619218.77
1743033600000,617.73,642,616.73,636.66,1590895.3500000001
1743120000000,636.66,636.81,615.31,619.24,805805.88
1743206400000,619.23,623.21,596.39,602.59,827440.62
1743292800000,602.6,612.8,593.01,601.95,563384.55
1743379200000,601.96,609,586.48,604.63,854268.8199999999
1743465600000,604.62,618.05,604.23,610.93,1408845.71
1743552000000,610.94,612.04,583.98,590.08,1261896.27
1743638400000,590.09,609.72,578.24,592.43,1459211.71
1743724800000,592.42,600.45,584.8,597.84,745865.9300000001
1743811200000,597.85,599.25,588.88,593.11,285833.34
1743897600000,593.11,593.93,544,555.35,1017294.88
1743984000000,555.35,567.97,509.59,554.63,1954449.46
1744070400000,554.63,565.68,547.43,553.72,820262.08
1744156800000,553.73,585.86,534.4,582.12,1295600.0900000001
1744243200000,582.13,583.44,565.98,577.79,1079915.3300000001
1744329600000,577.8,589.9,575.53,585.84,516951.57
1744416000000,585.84,599.99,583.56,597.11,464684.15
1744502400000,597.11,598.46,579.17,584.06,442529.13
1744588800000,584.06,592.8,582.83,584.09,454731.12
1744675200000,584.09,591.11,578.95,579.11,414127.89
1744761600000,579.11,586.53,575.62,582.68,461405.32
1744848000000,582.68,593,580.62,590.36,405995.01
1744934400000,590.36,595.5,586.14,591.53,453578.76
1745020800000,591.52,593.97,587.15,591.56,315265.34
1745107200000,591.57,595,587,592.42,343875.49
1745193600000,592.43,608.49,592.28,596.88,579113.1800000001
1745280000000,596.88,620.26,594.34,618.27,651271.21
1745366400000,618.27,619.94,601.12,605.45,823596.78
1745452800000,605.45,606.79,592.52,601.26,556519.27
1745539200000,601.26,609.91,596.67,599.57,582777.65
1745625600000,599.56,609.56,598.93,607.18,360399.89
1745712000000,607.17,608.68,595.86,603.63,412719.88
1745798400000,603.62,608.16,598.01,605.99,473275.38
1745884800000,605.98,610.8,597.53,600.67,542226.12
1745971200000,600.67,604.42,591,599.21,500454.61
1746057600000,599.21,605.5,597.64,599.14,443178.23
1746144000000,599.14,603.5,595,600.6,408496.64
1746230400000,600.61,601.11,595,599.07,301085.05
1746316800000,599.07,600.25,584.16,585.65,473877
1746403200000,585.65,599.78,583.02,597.19,582464.6800000001
1746489600000,597.18,603.27,592.95,602.56,523941.52
1746576000000,602.56,609.29,597,602.51,579658.26
1746662400000,602.51,629.55,600.66,629.29,982144.78
1746748800000,629.29,671.3,622.78,666.72,1139785.8300000001
1746835200000,666.72,679.29,648.67,664.1,1097006.8
1746921600000,664.1,668.7,648.22,651.36,722042.79
1747008000000,651.37,693.55,647.13,660.5,1473081.24
1747094400000,660.5,671.84,640.88,664.62,902555.38
1747180800000,664.62,666.87,647.2,652.8,632708.75
1747267200000,652.79,661.57,642.39,652.17,751530.05
1747353600000,652.17,660.19,643.57,646.39,533835.5
1747440000000,646.39,646.61,634.32,639.42,445344.93
1747526400000,639.42,654.97,633.82,651.32,519529.99
1747612800000,651.32,653.47,633.16,649.96,522324.4
1747699200000,649.96,654.14,640.22,650.37,421053.04
1747785600000,650.37,678.38,648.85,673.58,1031763.4399999999
1747872000000,673.59,689.99,673.35,686.49,755685.58
1747958400000,686.49,691.66,653.6,656.85,873638.58
1748044800000,656.85,677.27,655.31,667.89,451825.83
1748131200000,667.89,671.54,656.49,669.13,444723.84
1748217600000,669.12,677.5,667.98,673.91,343148.74
1748304000000,673.92,698,666.12,687.14,736636.1800000001
1748390400000,687.14,689.05,679.71,686.8,555762.12
1748476800000,686.79,691.21,673.1,674.7,683667.55
1748563200000,674.7,678.28,652.74,655,597296.63
1748649600000,655,661.46,645.11,657.92,409036.67
1748736000000,657.92,662.44,647.12,660.66,361412.11
1748822400000,660.65,667.24,649.61,665.93,434626.8
1748908800000,665.93,673.76,656.66,661.33,449486.17
1748995200000,661.33,671.83,660.64,662.93,396008.48
1749081600000,662.93,670.74,622.05,632.9,880284.36
1749168000000,632.9,651.12,628.56,642.25,518637.65
1749254400000,642.26,653.54,639.13,650.41,288186.53
1749340800000,650.41,656.19,646.21,651.64,242049.05
1749427200000,651.65,667.76,647.52,665.61,401145.08
1749513600000,665.61,674.59,656.77,673.66,596903.36
1749600000000,673.67,674.43,662.06,667.58,479501.21
1749686400000,667.59,670.24,651.42,654.41,472428.82
1749772800000,654.41,659.7,637.55,655.04,656867.84
1749859200000,655.03,655.05,638.37,645.23,294994.11
1749945600000,645.23,651.76,642.36,647.92,247482.81
1750032000000,647.93,659.62,646,650.74,344752.07
1750118400000,650.74,659.25,640,648.04,548283.83
1750204800000,648.04,654.19,636.69,644.33,498276.26
1750291200000,644.33,646.43,638.24,644.51,267450.95
1750377600000,644.52,654,637.88,641.68,459301.24
1750464000000,641.69,644.96,620.91,628.75,463181.21
1750550400000,628.75,635.41,600.91,615.72,771802.3100000001
1750636800000,615.72,642.56,614.86,640.02,702895.58
1750723200000,640.02,643.9,635.75,643.3,366832.98
1750809600000,643.29,653.09,641.41,646.1,556507.34
1750896000000,646.1,649.94,640.73,642.05,312360.97
1750982400000,642.05,648.45,638.58,645.56,260803.54
1751068800000,645.57,648.99,644,648.38,130000.31
1751155200000,648.37,656.06,646.46,654.96,204184.44
1751241600000,654.96,660,651.19,656.99,311402.68
1751328000000,656.99,659.2,643.65,646.11,291724.16
1751414400000,646.12,664.88,643.5,659.97,382879.99
1751500800000,659.96,665,656.56,663.9,307349.05
1751587200000,663.9,664.4,650.08,653.39,287088.14
1751673600000,653.38,656.76,651.72,655.99,151159.11
1751760000000,656,664.89,653.22,663.12,285320.92
1751846400000,663.12,663.2,656.5,661.04,240143.07
1751932800000,661.05,662.64,657.24,660.52,262127.28
1752019200000,660.52,671.94,658.41,668.88,369372.61
1752105600000,668.89,688.13,667.12,686.3,523184.88
1752192000000,686.3,697.78,683.01,690.4,686984.04
1752278400000,690.4,697.38,679.47,686.1,373521.41
1752364800000,686.1,694.47,685.3,692.33,256169.77
1752451200000,692.33,708,686.01,689.11,697502.14
1752537600000,689.1,693.54,675,690.37,543593.97
1752624000000,690.37,715.99,685.43,709.13,636689.7
1752710400000,709.13,728.4,707.08,721.11,1062916.76
1752796800000,721.1,766.26,718.91,730.39,1413209.2
1752883200000,730.39,742.94,718.95,733.43,565705.53
1752969600000,733.43,762.04,731.67,757.31,698636.0699999999
1753056000000,757.32,782.76,746.29,766.51,952173.7
1753142400000,766.52,789.48,745,787.6,1005296.5699999999
1753228800000,787.6,810.55,752.5,776.92,2174747.27
1753315200000,776.88,786.93,742.61,771.15,1153929.4299999999
1753401600000,771.16,786.5,752.26,785.98,862077.9
1753488000000,785.98,799,778.81,793.61,403647.62
1753574400000,793.57,848,791.16,844.8,1093029.4299999999
1753660800000,844.71,861.76,821,824.48,1679579.1000000001
1753747200000,824.48,835.67,800.61,805.82,1312874.3200000001
1753833600000,805.82,812.28,765.79,794.07,1163545.1299999999
1753920000000,794.08,815,782.01,783.68,1043932.17
1754006400000,783.67,795.88,745,757.64,1271585.3200000001
1754092800000,757.64,770.47,732.82,736.97,726171.5
1754179200000,736.97,755.68,730.43,751.41,408193.71
1754265600000,751.4,770,750.56,768.89,484047.2
1754352000000,768.89,770.04,745.41,755.57,523867.46
1754438400000,755.56,775.39,746.39,769.94,492368.17
1754524800000,769.94,788.99,764.78,788.99,552539.95
1754611200000,788.99,799,781.1,793.71,556718.36
1754697600000,793.72,819.86,792.89,799.16,614720.66
1754784000000,799.17,816.04,794.02,807.65,467219.66
1754870400000,807.65,828.22,791.1,805.26,950416.12
1754956800000,805.25,840.66,797.7,833.05,790002.0600000001
1755043200000,833.05,860,828.83,848.3,1096958.53
1755129600000,848.29,870.15,821,840.8,1665514.5700000001
1755216000000,840.77,853.99,812.8,828,836007.78
1755302400000,828,839.7,825.4,838.97,363568.89
1755388800000,838.98,864.48,838.36,855.96,616676.23
1755475200000,855.95,859.1,825.19,847.56,830419.8100000001
1755561600000,847.56,852.6,823.25,824.44,800424.67
1755648000000,824.45,882,818.54,869.71,1175724.8300000001
1755734400000,869.72,884.54,833.72,839.78,1099716.52
1755820800000,839.79,901.76,839.52,901,1317576.4399999999
1755907200000,901.01,901.08,876.42,880.86,822363.38
1755993600000,880.87,887.01,860,876.9,1039574.6800000001
1756080000000,876.91,881.3,832.58,839.63,1153510.1699999999
1756166400000,839.63,868.33,830.08,864.16,633691.2
1756252800000,864.17,867.5,853.41,855.74,490123.02
1756339200000,855.75,882.21,851.54,873.92,833522.6800000001
1756425600000,873.92,878.53,850.56,862.84,673732.09
1756512000000,862.85,864.6,851.8,862.6,277036.46
1756598400000,862.6,868.27,857.32,858.08,316301.13
1756684800000,858.09,869.72,840.01,846.19,781541.09
1756771200000,846.18,857,841.2,852.22,446844.24
1756857600000,852.22,864.43,849.16,855.21,309946.6
1756944000000,855.21,857.17,841.08,843.8,331377.91
1757030400000,843.8,857.99,842.33,850.28,357112.83
1757116800000,850.28,865.77,849.75,861.47,413035
1757203200000,861.47,884.97,861.12,880.67,408406.79
1757289600000,880.68,886.59,870.01,878.55,495317.7
1757376000000,878.54,885.42,871.72,880.3,435091.55
1757462400000,880.29,908.1,877.51,894.14,823061.95
1757548800000,894.14,905.45,884.04,903.13,538321.12
1757635200000,903.13,930.6,902,925.5,669201.39
1757721600000,925.5,944.5,922.45,934.21,737020.73
1757808000000,934.22,945.98,923.15,926.82,550735.3
1757894400000,926.82,936.13,911,920.12,566059.27
1757980800000,920.11,960.03,917.05,956.26,904805.28
1758067200000,956.26,996.6,946.48,990.81,1358382.52
1758153600000,990.81,1008.19,979.66,981.78,1271592.6599999999
1758240000000,981.78,1004,974.37,984.48,1146390.96
1758326400000,984.48,1050,983.2,1044.27,1610426.54
1758412800000,1044.28,1084.28,1039.75,1048.25,1894892.8899999999
1758499200000,1048.25,1051.06,976.88,993.51,2188443.4900000002
1758585600000,993.51,1028.14,963.12,1016.87,1702514.23
1758672000000,1016.86,1034.96,991.18,1018.81,1269789.6299999999
1758758400000,1018.81,1020.33,940,946.49,1829247.4199999999
1758844800000,946.49,966.66,932.67,961.28,1150083.9299999999
1758931200000,961.27,986.55,955.82,968.71,720769.92
1759017600000,968.71,993.58,963.06,993.09,595352.8199999999
1759104000000,993.1,1036.78,991.41,1030.43,1129524.54
1759190400000,1030.43,1034.5,993.2,1008.77,931826.35
1759276800000,1008.77,1036.56,1003.44,1026.85,816777.34
1759363200000,1026.85,1100.34,1023.08,1090.91,1310435.1299999999
1759449600000,1090.91,1193.39,1084.5,1190.39,2605397.9500000002
1759536000000,1190.39,1191.11,1138,1151.46,1283105.97
1759622400000,1151.45,1189.9,1144,1167.98,1238983.6899999999
1759708800000,1167.99,1240.26,1162.27,1223.97,2323760.0600000001
1759795200000,1223.95,1362.91,1203.33,1305.33,4867481.9299999997
1759881600000,1305.32,1335.32,1264.28,1306.84,2875136.1699999999
1759968000000,1306.84,1319.99,1225.55,1256.16,3108910.8100000001
1760054400000,1256.16,1279.14,823.6,1102.85,4617167.7199999997
1760140800000,1102.99,1183.13,1075.01,1134.93,2439410.5
1760227200000,1134.95,1320.97,1107.1,1302.92,3385048.2799999998
1760313600000,1302.92,1374.61,1250.01,1293.71,4181705.3799999999
1760400000000,1293.7,1317.02,1142.79,1208.03,4103220.5899999999
1760486400000,1208.03,1223.09,1148.53,1163.09,1825758.3600000001
1760572800000,1163.09,1195.59,1121.82,1144.65,1969968.75
1760659200000,1144.65,1156.69,1021,1070.3,2898853.8300000001
1760745600000,1070.3,1130.98,1068.43,1092,1289524.1899999999
1760832000000,1092,1133,1067.7,1109.08,1226270.6699999999
1760918400000,1109.07,1142.74,1086.87,1099.72,1366763.6299999999
1761004800000,1099.73,1114.65,1051.01,1056.56,1611353.8100000001
1761091200000,1056.56,1083.64,1052.03,1071.37,1130104.6899999999
1761177600000,1071.38,1159.84,1071.34,1125.61,2449875.6499999999
1761264000000,1125.61,1143.92,1096.32,1108.16,1111698.02
1761350400000,1108.16,1120.9,1100,1116.35,509394.49
1761436800000,1116.35,1142.99,1114.23,1137.87,744435.95
1761523200000,1137.87,1182.76,1129,1138.38,1565978.26
1761609600000,1138.37,1148.9,1070.95,1102.35,1152322.26
1761696000000,1102.34,1120.24,1081.82,1107.7,1182130.77
1761782400000,1107.69,1129.87,1040.37,1078.15,1428114.0800000001
1761868800000,1078.15,1104.34,1071.1,1088.13,1383052.71
1761955200000,1088.12,1096.75,1081.1,1094.22,402580.07
1762041600000,1094.23,1094.64,1071.2,1082.98,402442.29
1762128000000,1082.98,1087.29,951,993.15,1854553.3300000001
1762214400000,993.15,1001.92,878.96,937.16,2652581.8300000001
1762300800000,937.17,967.38,900.6,958.81,1156680.0700000001
1762387200000,958.81,965,925.29,950.75,902043.73
1762473600000,950.75,996,925.82,991.21,1259430.99
1762560000000,991.22,1007.49,980.24,990.5,816729.77
1762646400000,990.5,1006.99,975.23,996.12,766115.22
1762732800000,996.11,1019.15,975.01,991.55,778515.51
1762819200000,991.55,1008.84,955.72,957.89,814745.35
1762905600000,957.88,978.79,937.2,952.51,754799.6
1762992000000,952.51,970.88,906.14,926.67,978576.76
1763078400000,926.68,934,888.07,915.69,1322423.77
1763164800000,915.7,945.74,915.42,932.79,512064.29
1763251200000,932.8,950.58,908.57,927.15,836821.5
1763337600000,927.15,940.54,891.2,907.32,1197530.79
1763424000000,907.32,939.87,884.07,933.35,1166111.25
1763510400000,933.35,941.85,872.03,897.66,1185219.03
1763596800000,897.65,916,865.78,866.91,1153545.8799999999
1763683200000,866.91,878.06,790.92,831.16,2073814.21
1763769600000,831.16,843.42,814.17,834.28,722671.72
1763856000000,834.29,855.85,833.72,844.05,542530.21
1763942400000,844.05,877,830,865.26,982091.39
1764028800000,865.25,868.1,837.5,863.11,650169.84
1764115200000,863.1,897.85,852.12,892.08,670571.23
1764201600000,892.07,905.12,884.21,896.12,448442.93
1764288000000,896.1,906.99,876.16,887.54,657964.47
1764374400000,887.55,889.41,868.55,873.26,304261.49
1764460800000,873.27,900.35,869.65,875.21,449702.73
1764547200000,875.21,877.23,801.4,826.47,1144350.4399999999
1764633600000,826.46,885.5,820.2,877.18,908903.92
1764720000000,877.18,923.12,874,921.19,833927.4300000001
1764806400000,921.19,928.88,887.06,900.48,668492.03
1764892800000,900.47,908.68,870.52,883.97,633714.9300000001
1764979200000,883.98,898.28,878.22,890.62,337141.8
1765065600000,890.61,906.38,870.56,894.8,578897.02
1765152000000,894.81,913.79,889.13,897.35,514550.67
1765238400000,897.36,928.55,881.82,897.62,736669.64
1765324800000,897.62,915.73,884.16,893.88,657377.3
1765411200000,893.88,895.21,859.2,886.29,678135.65
1765497600000,886.29,896.51,870.73,881.86,466303.44
1765584000000,881.87,904.92,880.61,897.49,380112.68
1765670400000,897.49,900.21,870.21,877.61,384403.18
1765756800000,877.6,896.05,840.76,858.51,674890.42
1765843200000,858.51,878.97,846.54,876.09,541373.6
1765929600000,876.09,876.96,833.4,843,808494.63
1766016000000,843,853.66,818.27,830.25,738205.8199999999
1766102400000,830.25,862.94,822.42,856.54,568773.33
1766188800000,856.54,860.08,851.27,854.56,172638
1766275200000,854.55,860.32,845.86,859.13,316557.03
1766361600000,859.13,871.7,851.16,859.12,519924.72
1766448000000,859.13,861.86,837.93,844.29,391955.05
1766534400000,844.29,850.34,835.35,846.9,296719.54
1766620800000,846.89,848.31,826.56,829.46,303600.5
1766707200000,829.46,847.5,821.01,834.85,509856.01
1766793600000,834.86,847.2,834.41,845.71,298890.54
1766880000000,845.7,867.84,838.92,859.92,413914.94
1766966400000,859.92,872.75,846.22,852.85,526414.46
1767052800000,852.85,864.67,849.17,862.14,307692.7
1767139200000,862.14,878.29,858,864.71,477813.54
1767225600000,864.71,875,856.24,864.62,344743.7
1767312000000,864.62,891.8,859.78,881.8,550273.03
1767398400000,881.79,884.91,869.05,879.07,306710.87
1767484800000,879.08,903.77,878.92,895.99,440563.73
1767571200000,895.98,917.53,890.74,910.9,547727.9
1767657600000,910.9,924.84,892.03,918.4,671244.09
1767744000000,918.4,920.97,892.72,900.86,553012.65
1767830400000,900.85,905.36,875,892.58,560873.34
1767916800000,892.58,901.6,885.35,897.36,398833.61
1768003200000,897.35,916.7,897.22,908.44,525123.55
1768089600000,908.45,918,899.03,904.75,445999.47
1768176000000,904.75,910.93,894.06,906.32,564223.39
1768262400000,906.32,955,902.69,944.24,986379.38
1768348800000,944.25,955.65,928.88,949.06,613626.42
1768435200000,949.06,949.46,923.95,931.53,541894.58
1768521600000,931.53,939.86,923.82,938.52,322616.49
1768608000000,938.54,960.5,935.84,947.57,333850.09
1768694400000,947.57,953.83,931.76,932.72,312655.26
1768780800000,932.73,932.73,900.67,924.13,680994.96
1768867200000,924.12,933.6,884.44,884.71,691209.41
1768953600000,884.71,894.06,864.5,883.68,798231
1769040000000,883.69,897.78,878.52,888.45,338359.88
1769126400000,888.45,905.78,883.47,892.1,336325.64
1769212800000,892.09,894.68,886.91,887.65,143217.12
1769299200000,887.65,888.08,856.03,866.63,374969.71
1769385600000,866.64,882,865.45,879.94,343552.64
1769472000000,879.94,901.8,876.69,898.86,387733.29
1769558400000,898.85,909.98,895,903.46,325719.79
1769644800000,903.46,907.11,853.11,868.9,833477.4399999999
1769731200000,868.91,869.98,832,859.11,901227.72
1769817600000,859.11,861.11,749.21,781.33,1245263.02
1769904000000,781.33,789.67,739.63,758.69,1074576.9399999999
1769990400000,758.7,781.69,728.53,774.22,1156483.9299999999
1770076800000,774.22,783.78,736.28,755.16,1008981.62
1770163200000,755.16,765.9,687.21,697.49,1277400.5
1770249600000,697.48,703.25,602.3,608.55,2638041.8999999999
1770336000000,608.54,669.51,572,657,2182701.54
1770422400000,656.99,663.91,631,647.07,932982.54
1770508800000,647.08,653.13,631.95,639.86,608876.24
1770595200000,639.85,646.31,615.97,636.42,776749.4399999999
1770681600000,636.43,641.89,613.35,619.48,663298.09
1770768000000,619.47,624,587.03,608.19,1171782.74
1770854400000,608.19,620.79,600.42,614.36,648324.78
1770940800000,614.36,622.99,592.3,618.99,921475.24
1771027200000,619,637.56,615.76,632.88,561602.97
1771113600000,632.88,642.7,608.77,615.16,726803.74
1771200000000,615.17,631.29,604.2,627.15,676377.02
1771286400000,627.16,632,609.21,617.73,583139.4
1771372800000,617.74,626.88,600.88,604.43,649981.65
1771459200000,604.43,614.62,595.26,607.56,593288.97
1771545600000,607.57,629.95,601,626.09,662602.26
1771632000000,626.08,635.12,624.26,625.82,401856.33
1771718400000,625.83,627.2,610.1,614.97,389117.21
1771804800000,614.97,616.16,582.77,596.22,1086660.1799999999
1771891200000,596.22,602.75,576.61,583.4,842079.5699999999
1771977600000,583.41,641.12,581.2,629.81,1057432.71
1772064000000,629.81,634.27,614.43,626.03,647877.22
1772150400000,626.02,634,605.34,614.03,621903.01
1772236800000,614.03,621.6,588.39,617.14,906762.54
1772323200000,617.13,632.34,611.13,618.2,827893.37
1772409600000,618.2,653.44,613.02,637.81,926127.9399999999
1772496000000,637.8,642.41,620.6,633.45,758035.38
1772582400000,633.45,666.43,626,658.08,900163.41
1772668800000,658.09,665.64,646.27,648.01,621646.3
1772755200000,648.01,651.78,624.51,627.24,572944.13
1772841600000,627.24,629.97,617.6,620.24,286001.12
1772928000000,620.25,624.07,607.56,611.7,418015.38
1773014400000,611.71,643.4,610.76,634.52,714630.9399999999
1773100800000,634.51,652.44,634.36,641.89,589601.28
1773187200000,641.89,656.66,634.2,651.73,672178.45
1773273600000,651.73,657.93,641.69,651.97,510986.04
1773360000000,651.96,679.59,650.62,655.75,892995.4399999999
1773446400000,655.74,658.39,649.97,657.61,235678.69
1773532800000,657.61,679.55,654.32,674.12,458172.66
1773619200000,674.12,687.86,670.17,679.7,752916.0600000001
1773705600000,679.7,686.6,663.2,668.51,591233.04
1773792000000,668.51,676.28,643.78,651.87,640235.54
1773878400000,651.86,656.18,633,638.82,547055.25
1773964800000,638.83,647.33,636.1,642,438598.35
1774051200000,642,646.35,627.32,630.29,233129.41
1774137600000,630.29,637.51,621.56,626.08,487318.72
1774224000000,626.08,650.68,620,639.3,914512.4399999999
1774310400000,639.3,640.39,626.66,638.31,507987.56
1774396800000,638.31,653.18,637.39,647.85,489269.87
1774483200000,647.84,648.75,622.63,628.75,466428.34
1774569600000,628.75,631.85,605.48,613.72,568780.12
1774656000000,613.72,618.8,609.73,610.9,283479.26
1774742400000,610.9,615.1,596.01,605.86,327605.01
1774828800000,605.88,621.75,604.81,609.42,539343.48
1774915200000,609.42,620.03,598.6,617.64,683370.85
1775001600000,617.64,622.66,609.62,611.18,505467.3
1775088000000,611.18,613.98,570.71,583.8,977662.73
1775174400000,583.81,590.47,582.07,588.4,378540.73
1775260800000,588.4,596.89,587.31,593.62,264355.45
1775347200000,593.62,604.29,587.27,601.81,436682.35
1775433600000,601.82,610.8,596.33,600.45,509900.27
1775520000000,600.45,625.38,592.22,620.61,675993.45
1775606400000,620.61,622,600.02,601.41,539480.4300000001
1775692800000,601.45,612.65,597.14,603.39,465479.24
1775779200000,603.39,610.75,597.78,605.95,362236.83
1775865600000,605.95,614.57,603.72,607.52,304742.88
1775952000000,607.52,607.89,589.17,592.42,449203.73
1776038400000,592.41,618.4,591.75,615.19,571639.67
1776124800000,615.19,625.74,610.81,614.16,595098.41
1776211200000,614.17,628.19,610.84,623.08,445258.22
1776297600000,623.08,638.02,615.09,636.15,592385.51
1776384000000,636.15,646,627.02,643.52,549064.05
1776470400000,643.52,649.19,628.46,630.22,434155.82
1776556800000,630.23,630.72,615.14,616.38,465930.91
1776643200000,616.39,632.46,616.24,629.56,385483.36
1776729600000,629.57,640.78,625.12,631.97,443421.68
1776816000000,631.97,654.89,631.45,637.81,523630.86
1776902400000,637.81,640.7,631.22,638.84,426571.81
1776988800000,638.84,640.88,632.26,636.49,285176.71
1777075200000,636.49,638.79,627.32,628.9,232031.72
1777161600000,628.9,638.5,627.15,636.18,243724.1
1777248000000,636.18,640.38,618.76,627.18,451298.76
1777334400000,627.17,627.98,619.3,624.88,239349.2
1777420800000,624.88,629.9,610.29,617.63,443693.97
1777507200000,617.64,620.9,613.69,615.61,234836.41
1777593600000,615.61,623.17,614,615.72,303500.66
1777680000000,615.71,622.21,614.39,618.33,191681.74
1777766400000,618.33,622.74,615.32,617.58,233357.06
1777852800000,617.59,639.56,615.81,623.03,719326.33
1777939200000,623.04,635.48,622.88,630.75,377484.19
1778025600000,630.75,664.72,629.02,648.12,724988.8199999999
1778112000000,648.12,653.95,633.79,637.31,530204
1778198400000,637.32,652,634.8,649.78,386872.21
1778284800000,649.77,656.63,646.66,650.08,292466.97
1778371200000,650.07,667.26,645.2,664.13,434928.2
1778457600000,664.13,673.59,649.69,670.98,523684.54
1778544000000,670.96,671.89,650.39,665.23,702501.54
1778630400000,665.24,686.14,664.11,671.9,852518.35
1778716800000,671.89,688.4,665.62,678.76,652917.13
1778803200000,678.76,690.55,669.42,672.63,757702.5699999999
1778889600000,672.62,675.2,651.01,656.52,569890.75
1778976000000,656.52,657.89,640,649.75,440823.68
1779062400000,649.76,649.98,634.43,643.85,535949.87
1779148800000,643.85,647.47,636.46,640.35,311229.45
1779235200000,640.34,652.24,637.85,649.8,315357.53
1779321600000,649.8,660,646.64,658.82,393765.37
1779408000000,658.82,664.95,648.71,650.84,489817.59
1779494400000,650.84,664.4,635,656.62,511381.27
1779580800000,656.63,663.26,650,656.87,347056
1779667200000,656.88,673.51,656.06,663.47,502561.25
1779753600000,663.47,668.5,653.76,656.78,462130.35
1779840000000,656.79,660.44,646.86,649.1,380785.81
1779926400000,649.09,649.87,628.42,638.66,601811.9
1780012800000,638.65,645.34,631.15,643.5,409117.27
1780099200000,643.51,729.99,643.02,719.01,2287617.2599999998
1780185600000,719.01,746.59,702.1,710.91,2300247.0800000001
1780272000000,710.91,731.4,674.15,693.45,2733402.0699999998
1780358400000,693.46,696,642.49,651.07,1476972.1200000001
1780444800000,651.08,657.9,616.33,620.98,1244201.8300000001
1780531200000,620.97,624.94,588.33,604.85,1450622.8600000001
1780617600000,604.84,608.35,556.88,572.44,1904021.6699999999
1780704000000,572.45,584.78,560,574.72,745689.47
1780790400000,574.73,611.19,573.68,604.81,768315.05
1780876800000,604.82,610.79,591.8,602.13,559753.48
1780963200000,602.12,605.81,583.99,593.83,583478.78
1781049600000,593.83,598.87,580.9,586.75,507631.86
1781136000000,586.76,607.99,586.76,606.08,483736.45
1781222400000,606.09,613.9,596.78,604.08,405129.01
1781308800000,604.08,612.71,599.7,609.9,291575.35
1781395200000,609.9,617.63,603,617.17,355542.13
1781481600000,617.18,633.16,612.85,618.15,614652.51
1781568000000,618.15,619.98,600.77,605.38,563043.49
1781654400000,605.38,612.9,595.33,601.93,604825.71
1781740800000,601.93,604.54,573.16,578.56,700433.0699999999
1781827200000,578.55,583.43,570.69,581.59,357815.92
1781913600000,581.59,589.92,580.33,588.35,328519.34
1782000000000,588.35,592.86,583.85,584.55,347698.73
1782086400000,584.54,602.79,584.28,590.43,484505.37
1782172800000,590.42,593.17,570.65,578.19,481607.83
1782259200000,578.18,582.34,546.32,564.54,707581.8100000001
1782345600000,564.55,572.71,540.5,560.9,693551.2
1782432000000,560.91,570.74,550.53,567.98,651178.4
1782518400000,567.99,568.99,554.6,557.44,310891.45
1782604800000,557.43,559.09,545.78,551.43,358752.64
1782691200000,551.42,563.26,546.45,559.82,488733.9
1782777600000,559.83,560.82,543.93,546.84,426396.37
1782864000000,546.84,560.01,537.31,550.81,667460.78
1782950400000,550.81,567.77,546.52,559.18,566665.83
1783036800000,559.18,575.63,557.42,574.23,368016.84
1783123200000,574.23,579.24,569.04,575.76,351228.43
1783209600000,575.76,593.83,568.58,590.32,634632.59
1783296000000,590.31,593.58,570.48,586.38,607091.91
1783382400000,586.38,588.19,575.57,577.11,425764.2
1783468800000,577.11,579.33,560.58,568.98,443489.8
1783555200000,568.97,577,565.71,569.05,310109.92
1783641600000,569.05,578.81,568.4,575.72,326359.05
1783728000000,575.73,583.42,573.38,574.91,246465.21
1783814400000,574.91,585.07,570.24,574.14,369566.68
1783900800000,574.13,580.2,562.52,567.85,353951.97
1783987200000,567.85,585,567.01,582.22,432171.18
1784073600000,582.23,585.77,576.19,581.03,383236.02
1784160000000,581.03,586.34,572,572.79,363409.54
1784246400000,572.79,575.18,555.69,568.42,426206.33
1784332800000,568.42,573.1,566.69,570.99,200735.91
1784419200000,570.99,572.95,566.58,571.43,185786.14
1784505600000,571.43,575.68,563.01,571.57,369363.71
1784592000000,571.58,580.2,571.07,574.37,296550.56
1784678400000,574.36,576.02,567.36,571.39,303120.8
1784764800000,571.39,572.55,563.93,567.71,235229.93
1784851200000,567.7,571.62,556.12,565.26,363315.06
1784937600000,565.25,570.4,564.15,569.32,158020.97
1785024000000,569.33,576.9,569.32,575.61,209672.45
1785110400000,575.62,577.6,565.59,566.55,357418.35
1785196800000,566.56,576.1,562.49,571.6,337245.93
1785283200000,571.6,574,565.52,572.41,314458.31
1785369600000,572.41,596.6,571.38,592.38,555797.85
1785456000000,592.38,595.86,584.37,587.32,449876.43
