timestamp_ms,open,high,low,close,volume
1609459200000,28948.19,29668.86,28627.12,29337.16,210716.398
1609545600000,29337.15,33480,28958.24,32199.91,545541.08
1609632000000,32198.41,34832.25,32000.02,33054.53,487486.989
1609718400000,33053.93,33653.56,27800,32031.07,506128.023
1609804800000,32029.55,34500,29900,33999.52,433720.833
1609891200000,33999.51,37037.51,33356.46,36823.68,444019.83
1609977600000,36825.77,40565.62,36337.36,39498.92,520147.908
1610064000000,39498.32,42125.51,36539.77,40637.23,518080.826
1610150400000,40638.91,41539.88,38733.28,40136.04,260882.805
1610236800000,40136.05,41412.12,35268,38221.67,436759.048
1610323200000,38200.01,38322.18,30448,35408.46,906275.651
1610409600000,35406.92,36693.44,32600,34056.9,449065.693
1610496000000,34065.53,37880,32420,37421.07,398188.088
1610582400000,37416.34,40189.39,36764.33,39163.31,353142.386
1610668800000,39163.31,39790,34478,36755.24,437610.113
1610755200000,36755.25,38000,35366,36025.66,301102.477
1610841600000,36025.65,36898,33863.5,35869.83,287686.129
1610928000000,35875.72,37547.94,34808.47,36686.86,253386.703
1611014400000,36690,37961,35850,35891.03,257889.419
1611100800000,35891.74,36461.44,33403,35500,329192.419
1611187200000,35499.23,35636.17,30069.9,30879.97,550562.277
1611273600000,30875.77,33831.52,28880,32986.34,453568.538
1611360000000,32990.08,33495,31405,32086.48,256776.411
1611446400000,32086.48,33125.75,30914.2,32275.63,212107.044
1611532800000,32274.88,34880,31921.47,32253.68,316687.524
1611619200000,32253.68,32950,30810,32474.14,346861.707
1611705600000,32474.81,32562.2,29240,30381.04,431022.839
1611792000000,30382.96,33778.95,29843.33,33399.75,311528.373
1611878400000,33399.99,38641.1,31960,34269.35,713579.785
1611964800000,34267.04,34988.88,32849.06,34289.85,267861.872
1612051200000,34284.76,34393.22,32193.04,33126.21,211293.891
1612137600000,33125.11,34720,32322.47,33546.09,240632.325
1612224000000,33546.08,36041,33450,35504.06,239856.23
1612310400000,35504.07,37700,35410,37652.51,240308.078
1612396800000,37651.92,38833,36233,36976.93,306715.022
1612483200000,36975.19,38411.82,36586.68,38362.65,196277.444
1612569600000,38357.17,40992.4,38269,39249.54,310826.315
1612656000000,39249.53,39757.87,37403.27,38849.25,296721.925
1612742400000,38849.24,47146,38037,46451.32,440167.093
1612828800000,46451.32,48266.36,45057.65,46492.54,381477.426
1612915200000,46492.53,47475,43770,44850,334979.017
1613001600000,44850,48810,44038.97,48060.21,330540.045
1613088000000,48060.21,49278.98,46121,47361.03,259186.288
1613174400000,47364,48290,46252.1,47221.62,199965.397
1613260800000,47221.63,49875.16,47093.16,48655.21,241935.666
1613347200000,48655.21,49100,45349.21,47981.58,248960.404
1613433600000,47981.6,50953.44,47101.02,49197.94,343592.011
1613520000000,49197.93,52800,49029.62,52194.62,312007.458
1613606400000,52194.62,52640,50948,51619.7,185489.89
1613692800000,51612.46,56582,50800,56004.1,257911.872
1613779200000,56005.85,57699,53905,55917.41,240296.308
1613865600000,55908.45,58472.14,55564.5,57487.43,196820.573
1613952000000,57475.5,57591.87,47751.42,54121.1,480660.187
1614038400000,54125.55,54260.12,44893.82,48930,748737.4620000001
1614124800000,48930.01,51435.58,47000,49702.03,333415.219
1614211200000,49702.05,52134.96,46685.43,47089.37,349943.016
1614297600000,47087.97,48438.01,44100,46313.13,440670.32
1614384000000,46313.12,48476.05,44926.77,46102.63,256027.074
1614470400000,46097.09,46678,43002.05,45163.36,370358.825
1614556800000,45162.64,49800,44972.49,49592.7,315659.931
1614643200000,49594.99,50221.77,47058.06,48450.57,273100.435
1614729600000,48454.21,52681.51,48110.66,50373.75,350311.234
1614816000000,50373.75,51800,47500,48385.77,387428.957
1614902400000,48385.77,49470,46320,48770.57,354602.756
1614988800000,48772.68,49253.63,47090,48908.21,215092.91
1615075200000,48908.21,51480,48908.21,50995.27,248398.116
1615161600000,50991.35,52450,49310,52429.43,308339.866
1615248000000,52429.43,54950,51880,54917.78,285604.798
1615334400000,54917.78,57500.92,53061,55947.98,401159.493
1615420800000,55949.3,58283,54356.44,57844.52,364681.318
1615507200000,57842.64,58186.33,55074.3,57291.03,335495.042
1615593600000,57291.04,61950,56136,61267.41,320322.173
1615680000000,61267.41,61798,59005,59037.12,231991.901
1615766400000,59037.11,60740,54517.28,55646.61,448820.83
1615852800000,55646.61,56988,53335,56954.19,339718.202
1615939200000,56953.23,59078.79,54154.93,58959,339397.712
1616025600000,58959.01,60510,57072,57700.01,305100.026
1616112000000,57700.01,59550,56301.27,58089.11,259039.479
1616198400000,58089.11,59948,57881,58145.61,203680.149
1616284800000,58144.44,58638.7,55403.55,57415.18,237518.696
1616371200000,57415.19,58500,53635.81,54129.56,293062.947
1616457600000,54129.56,55890.68,52981.4,54400,276199.041
1616544000000,54400,57234.79,51666,52311.54,394172.526
1616630400000,52307.89,53255.2,50452.08,51325.21,416848.091
1616716800000,51325.21,55123,51260,55030,271957.842
1616803200000,55030,56658.76,54001,55828,234435.346
1616889600000,55828,56588.31,54694.91,55805.08,200603.768
1616976000000,55804.16,58490.11,54931.15,57677.64,277215.268
1617062400000,57676.14,59560,57110,58794.16,232824.065
1617148800000,58794.17,59920,56812,58807.24,337038.349
1617235200000,58810.99,59592.22,58002,58794.01,196332.114
1617321600000,58797.56,60397.85,58490.03,59031.36,189391.958
1617408000000,59028.99,59925,56900,57134.65,198636.171
1617494400000,57134.65,58553,56517.23,58234.61,152454.122
1617580800000,58234.61,59385,56808.94,59243.39,174338.646
1617667200000,59243.4,59626.18,57500,58059.99,165562.029
1617753600000,58060,58720,55536.07,56018.18,265271.707
1617840000000,56018.17,58200,55759.13,58122.26,161389.858
1617926400000,58122.93,58950,57700,58176.03,141690.144
1618012800000,58176.04,61800,57943.95,59832.43,240907.592
1618099200000,59832.43,60816.88,59304.02,60090.2,148499.824
1618185600000,60093.26,61449.91,59500,59911.18,196147.561
1618272000000,59911.19,63850,59873.01,63649.71,279389.492
1618358400000,63645.05,64986.11,61404,63019.1,323454.88
1618444800000,63018.34,63905.83,62157.89,63232.55,178604.198
1618531200000,63232.56,63600,60100,61424.67,255765.893
1618617600000,61424.67,62610,59620,60090.14,194112.299
1618704000000,60090.14,60450,50050,56140.05,522006.276
1618790400000,56140.05,57532.7,54200,55634.39,285041.716
1618876800000,55634.38,57060,53330.82,56410.56,324494.085
1618963200000,56411.25,56756.78,53610,53800,252601.972
1619049600000,53794.72,55470.51,50534.34,51714.61,453489.185
1619136000000,51714.62,52152,47546.16,51122.62,554666.026
1619222400000,51122.63,51183.51,48690,50092.4,299663.131
1619308800000,50094.27,50577.9,46930.43,49063.94,310306.501
1619395200000,49063.94,54364.89,48763,53984.33,390494.148
1619481600000,53984.34,55500,53225.14,55006.25,225440.361
1619568000000,55006.25,56574.13,53852,54861.77,263170.559
1619654400000,54861.76,55222.02,52350,53558.8,257045.19
1619740800000,53558.57,57935,53043.62,57684.16,294683.751
1619827200000,57688.29,58488.17,57051.23,57836.34,207854.398
1619913600000,57836.35,57959.97,56100,56630.33,203712.515
1620000000000,56630.34,59056.59,56500.65,57214.83,271733.972
1620086400000,57214.84,57253.76,53094.59,53263.32,388988.754
1620172800000,53263.32,57940,52880.38,57497.77,317811.705
1620259200000,57497.76,58450,55297.91,56435.35,275471.204
1620345600000,56435.35,58800,55300,57350.88,256159.504
1620432000000,57350.89,59590.96,56961.25,58924.98,264906.729
1620518400000,58926.36,59335.19,56316,58292.53,245954.014
1620604800000,58292.53,59654,53250,55869.67,396237.133
1620691200000,55869.41,56908.66,54541.33,56710.43,267226.104
1620777600000,56712.7,58049.99,48503.74,49595.76,472329.152
1620864000000,49596.75,51358,45596.32,49707.9,652476.689
1620950400000,49706.27,51533,48870.41,49873.27,319069.002
1621036800000,49873.26,50709.43,46584.32,46793.41,442023.496
1621123200000,46794.62,49829.39,43866,46429.28,604537.63
1621209600000,46429.28,46655,42151,43566.18,809129.365
1621296000000,43565.11,45846.61,42268,42882.53,590358.5919999999
1621382400000,42882.54,43615.93,28688,36689.14,1373851.8489999999
1621468800000,36689.14,42460,34882,40500.3,775185.113
1621555200000,40500,42270.42,33400,37211.02,930671.747
1621641600000,37210.01,38851.34,35201.11,37432.58,588166.784
1621728000000,37436,38261.71,31096.7,34651.6,996815.017
1621814400000,34656.53,39917.09,34366,38779.66,707903.071
1621900800000,38783.58,39790.05,36439.32,38326.84,598836.411
1621987200000,38326.84,40900,37804.76,39224.2,577032.8100000001
1622073600000,39224.21,40438.82,37133.22,38527.38,543338.566
1622160000000,38527.38,38888.35,34689.57,35670.99,832363.425
1622246400000,35670.99,37375,33650,34611.94,733902.825
1622332800000,34611.95,36501,33356,35651.81,511834.746
1622419200000,35651.8,37500,34150,37243.38,635082.121
1622505600000,37244.36,37893.76,35500,36693.41,590822.54
1622592000000,36694.37,38232.99,35905,37569.99,441719.806
1622678400000,37570,39470,37150.15,39247.4,507429.005
1622764800000,39247.4,39297.35,35552.51,36828.03,700625.866
1622851200000,36828.03,37900.49,34800,35498.62,631028.448
1622937600000,35497.93,36521.16,35201.86,35801.71,443601.064
1623024000000,35801.71,36820,33200,33550.96,636735.873
1623110400000,33550.97,34061.57,30969,33372.58,976693.026
1623196800000,33372.58,37511.31,32390,37368.45,1031014.0870000001
1623283200000,37369.99,38489,35750,36669.66,803185.699
1623369600000,36669.65,37679.54,35900,37300.42,586122.898
1623456000000,37300.41,37432.95,34585.9,35537.05,623532.476
1623542400000,35535.95,39374.18,34739.06,38993.65,647035.314
1623628800000,38993.66,41000,38720,40489.1,704979.8810000001
1623715200000,40489.1,41413,39500,40132.86,632066.9939999999
1623801600000,40132.86,40495,38105,38344.97,673235.496
1623888000000,38344.97,39565,37334.76,38060.71,603849.861
1623974400000,38060.71,38198,35100,35811.41,790379.249
1624060800000,35811.41,36471.8,34704.08,35483,642185.382
1624147200000,35483.01,36155,33312,35588.64,829896.441
1624233600000,35588.63,35746.28,31250.51,31606,1397330.662
1624320000000,31606,33274,28780.01,32496,1531824.8500000001
1624406400000,32496,34867.77,31711.5,33649,960700.3689999999
1624492800000,33650,35406.74,32300,34644.64,774899.165
1624579200000,34644.65,35500,31250,31568.07,1093051.375
1624665600000,31569.18,32720.52,30120,32255.56,1091384.7490000001
1624752000000,32250.15,34762,31960,34687.71,897147.453
1624838400000,34687.71,35279.38,33855,34487.22,706158.545
1624924800000,34486.58,36623,34206,35911.26,806140.329
1625011200000,35910.64,36089.96,34042.74,35031.39,719742.983
1625097600000,35031.39,35044.98,32672.04,33489.96,758966.493
1625184000000,33489.96,33960,32684,33760.94,664923.202
1625270400000,33760.94,34948.16,33296.98,34652.94,510614.258
1625356800000,34653.32,35955.55,34340.75,35280.16,451001.556
1625443200000,35280.17,35281.55,33032,33672.72,736706.409
1625529600000,33672.72,35120,33500,34206.01,644229.007
1625616000000,34206,35089.56,33756.48,33845.64,456218.909
1625702400000,33845.63,33910,32066,32852.04,650317.664
1625788800000,32855,34100,32250,33805.01,485662.879
1625875200000,33805.01,34248.58,33010,33497.98,410271.979
1625961600000,33497.98,34629.62,33306.03,34253.81,343905.35
1626048000000,34253.88,34662.73,32650,33070.87,502747.758
1626134400000,33070.86,33336,32186.99,32709.09,466567.713
1626220800000,32708.66,33176.47,31556.02,32803.01,521140.41
1626307200000,32803,33170,31140,31866.43,539111.667
1626393600000,31865.53,32245,31018.59,31382.95,516577.743
1626480000000,31382.96,31945,31150.02,31496.65,422650.418
1626566400000,31496.65,32435.93,31075.1,31767,412189.401
1626652800000,31765.23,31890,30358.77,30823.62,486305.627
1626739200000,30823.62,31050,29242.24,29775.9,602688.1899999999
1626825600000,29775.89,32883.9,29472.41,32120,787077.39
1626912000000,32120,32583.48,31700,32268.11,397258.936
1626998400000,32268.12,33650,31970.82,33634.46,404650.016
1627084800000,33631.74,34471,33379.81,34230,376046.028
1627171200000,34230,35400,33812,35370.66,404114.844
1627257600000,35370.67,48168.6,35185.49,37218.09,1162332.8570000001
1627344000000,37218.09,39546.34,36384.31,39442.33,675104.157
1627430400000,39448.06,40894,38753,40003.08,736196.2340000001
1627516800000,40003.08,40665,39203.83,40012.9,463917.872
1627603200000,40012.89,42316.6,38320,42203.25,561474.309
1627689600000,42202.6,42494,41030.19,41448.11,381521.899
1627776000000,41448.1,42614.98,39350.4,39846.78,487529.044
1627862400000,39846.78,40450,38658,39147.48,451872.128
1627948800000,39147.47,39774.93,37600,38203.26,517219.517
1628035200000,38201.33,39975.32,37500,39731.31,479560.473
1628121600000,39731.31,41350,37291,40882.4,746249.7120000001
1628208000000,40882.39,43400,39849.82,42825.43,653451.154
1628294400000,42825.43,44753.01,42395.2,44601.11,583750.8909999999
1628380800000,44601.11,45350,43265,43787.71,553684.698
1628467200000,43787.71,46483,42785,46259.7,626220.503
1628553600000,46259.7,46800,44670.05,45589.99,460478.861
1628640000000,45589.99,46754.27,45354,45522.12,390660.571
1628726400000,45522.13,46226.67,43800,44385.09,468276.056
1628812800000,44385.09,47980.69,44208.88,47792.52,438025.46
1628899200000,47792.52,48300,46000,47083.74,374368.796
1628985600000,47083.75,47388.75,45480,47006.02,370950.807
1629072000000,47006.02,48074.23,45682.03,45926.23,412537.605
1629158400000,45926.23,47194,44412.01,44704.84,474316.4
1629244800000,44704.85,46050,44227.32,44714.09,395836.158
1629331200000,44714.09,47100,43938.38,46772,439402.162
1629417600000,46772,49500,46650,49332.74,401499.081
1629504000000,49332.99,49833,48250,48848.29,347594.451
1629590400000,48846.11,49556.2,48075.81,49273.28,294672.223
1629676800000,49273.28,50600,49075.01,49523.91,355733.496
1629763200000,49523.23,49888.88,47600,47719.36,398682.002
1629849600000,47719.37,49297.8,47130.57,48992.65,389100.384
1629936000000,48992.65,49380,46280,46853.06,475183.123
1630022400000,46854.22,49220,46359.97,49083.98,403667.012
1630108800000,49082.13,49333,48395.65,48931.99,222793.024
1630195200000,48931.99,49769.2,47741.31,48795.41,315105.499
1630281600000,48795.42,48916.25,46876.49,47024.7,351830.754
1630368000000,47024.69,48298,46731.03,47150.32,365548.209
1630454400000,47150.32,49160.79,46550.99,48842.94,350108.374
1630540800000,48842.93,50420,48631.2,49299.14,361863.055
1630627200000,49299.14,51111,48333,50027.08,430326.386
1630713600000,50027.09,50582.08,49360,49940.74,274956.842
1630800000000,49942.2,51950,49462.59,51799.57,288984.124
1630886400000,51799.56,52830,51040,52683.97,297734.284
1630972800000,52683.98,52950,42088,46864.39,764140.139
1631059200000,46864.38,47347,44431,46062.29,435803.011
1631145600000,46060.02,47400,45500,46413.88,309015.75
1631232000000,46413.88,47037.5,44120,44860.83,343533.069
1631318400000,44860.83,45999,44737.4,45193.78,194144.115
1631404800000,45194.19,46512.2,44746.51,46046.73,223534.63
1631491200000,46048.02,46933.89,43323.93,44975.96,448942.068
1631577600000,44975.96,47272.98,44692.9,47087.18,277925.721
1631664000000,47087.18,48440.93,46675,48106.12,244226.37
1631750400000,48106.13,48488,47038.21,47745.55,260044.727
1631836800000,47745.55,48150,46750,47303.11,226193.34
1631923200000,47303.11,48850,47044.32,48285.15,207900.413
1632009600000,48284.61,48364.64,46840,47256.91,212631.933
1632096000000,47256.92,47345,42467.86,43026.6,600764.629
1632182400000,43026.61,43629.6,39503.58,40726.1,683242.002
1632268800000,40727.83,43989.98,40551.49,43520,400849.752
1632355200000,43520,44976.48,43056,44828.29,330253.525
1632441600000,44828.29,45134.33,40650,42798.49,608595.52
1632528000000,42798.49,42950,41630.26,42651.58,277084.795
1632614400000,42646.84,43940,40725.01,43150,354393.916
1632700800000,43150.01,44350,42059.13,42122.69,285311.606
1632787200000,42122.69,42749,40854,41006.32,359745.538
1632873600000,41002.96,42576.8,40708.73,41499.71,293307.589
1632960000000,41499.7,44100,41387.78,43796.57,389185.646
1633046400000,43799.49,48450,43260.01,48123.94,449491.768
1633132800000,48123.93,48338.68,47410,47626.61,182565.988
1633219200000,47626.62,49304.12,47071.26,48187.3,212410.375
1633305600000,48187.99,49544.48,46885.29,49198.22,324424.837
1633392000000,49199.78,51888,49009.21,51455.12,314043.813
1633478400000,51460.22,56416.02,50410,55321.6,418731.748
1633564800000,55327.45,55337.8,53374.34,53814.99,262974.545
1633651200000,53814.99,56208.73,53647.3,53975,255210.035
1633737600000,53974.99,55589,53656.66,54960.77,167495.393
1633824000000,54960.79,56789,54101,54700,289072.818
1633910400000,54700,57880,54458,57500.01,314868.05
1633996800000,57500.01,57756.52,53750,56011.84,349147.775
1634083200000,56011.83,57822.38,54271.24,57393.65,327714.318
1634169600000,57393.65,58586.67,56800,57378.19,254719.751
1634256000000,57377.12,63997.61,56900,61702.33,493366.513
1634342400000,61702.33,62444.23,60220,60925.56,213251.899
1634428800000,60925.56,61796.47,58850,61571.45,240132.514
1634515200000,61571.45,62800,59897.61,62037.92,333278.481
1634601600000,62037.92,64500,61300,64316.7,379243.718
1634688000000,64314.75,67150,63518.81,66064.24,324737.868
1634774400000,66064.25,66750,62000,62260.33,478610.458
1634860800000,62260.33,63796.2,60011.9,60734.27,350359.527
1634947200000,60734.28,61780,59622,61325.11,222553.478
1635033600000,61325.09,61550,59504.46,60902.82,245816.821
1635120000000,60902.82,63795.98,60701,63127.04,234201.1
1635206400000,63129.25,63362.06,59838.05,60358.75,252256.924
1635292800000,60358.74,61550,57865,58449.36,329112.396
1635379200000,58449.36,62641.26,57550,60622.03,333323.116
1635465600000,60622.02,63069.71,60222,62308.22,218355.773
1635552000000,62308.21,62415.85,60631.23,61895.19,156041.523
1635638400000,61895.19,62462.99,60008,61348.61,183599.524
1635724800000,61347.14,62543.58,59400,60942.87,246158.361
1635811200000,60942.87,64349.55,60659.58,63266.69,217592.062
1635897600000,63266.69,63613,60300,62946.45,211190.183
1635984000000,62946.45,63149,60703,61431.86,184677.079
1636070400000,61433.9,62671.48,60762,61006,157569.637
1636156800000,61006,61645.75,60100,61511.3,154919.118
1636243200000,61511.3,63377.58,61368.26,63316.4,142878.208
1636329600000,63316.4,67932.89,63308.7,67606.96,274932.146
1636416000000,67606.96,68675.16,66300,67009.98,231843.834
1636502400000,67010.65,69198.7,62400.51,64920.13,347835.573
1636588800000,64920.13,65646.98,64147.12,64831.3,178279.275
1636675200000,64831.2,65500,62313,64156.08,264576.325
1636761600000,64156.08,65073.24,63430.01,64427,124466.493
1636848000000,64426.99,65569.99,63640,65568.39,146424.701
1636934400000,65568.38,66395.05,63351.58,63654.49,210026.602
1637020800000,63654.49,63655.77,58397.14,60106.03,475025.706
1637107200000,60106.03,60848.85,58336.68,60366.96,287388.873
1637193600000,60366.97,60999,56505.48,56921.05,412021.672
1637280000000,56921.04,58333,55604,58069.51,245356.121
1637366400000,58069.52,59873.84,57372,59716.29,173697.342
1637452800000,59716.28,60052.82,58518.88,58661.39,143887.271
1637539200000,58648.87,59624.56,55600,56268.31,326184.881
1637625600000,56268.31,57888,55250,57574.23,267790.325
1637712000000,57574.24,57775.27,55900,57165.08,194683.757
1637798400000,57165.09,59449.62,57029,58988.21,191912.653
1637884800000,58988.36,59186.41,53500,53755.65,378650.919
1637971200000,53755.66,55300,53640.69,54738.77,155119.117
1638057600000,54738.77,57474.76,53245,57315.73,213600.615
1638144000000,57315.72,58924.21,56715,57827.98,215111.466
1638230400000,57827.97,59224.99,55900,56975,337624.148
1638316800000,56978.06,59100,56500,57209.29,273959.104
1638403200000,57209.28,57428.49,55800,56513.57,249985.255
1638489600000,56513.56,57670,50604,53612,374132.016
1638576000000,53611.86,53889.69,40888.89,49135.66,598774.9889999999
1638662400000,49135.66,49699.49,47755,49376.6,286434.382
1638748800000,49373.83,50888,47000,50424.72,357711.029
1638835200000,50424.72,51929,50012,50577.2,224670.618
1638921600000,50577.2,51210.6,48533.33,50455.61,238229.884
1639008000000,50459.61,50773.03,47312.89,47539.76,273086.086
1639094400000,47539.34,50188.42,46828.23,47136.35,302974.429
1639180800000,47132.31,49499.05,46724.35,49381.15,210959.992
1639267200000,49379.51,50768,48616.16,50057.01,183434.285
1639353600000,50057.02,50180,45600,46679.93,348551.322
1639440000000,46679.93,48657.92,46255.6,48324.04,266213.627
1639526400000,48324,49479.75,46518.73,48870.48,345239.891
1639612800000,48870.48,49439.79,47500,47624.5,215874.187
1639699200000,47629.1,47988.27,45373.11,46125.33,326458.135
1639785600000,46125.33,47336.99,45438.43,46815.99,191006.415
1639872000000,46815.99,48461.17,46399.37,46668.63,241698.541
1639958400000,46668.65,47533.42,45530.67,46898.14,273804.259
1640044800000,46896.82,49298.78,46650,48875.15,260008.358
1640131200000,48875.88,49599,48420.02,48569.69,208463.689
1640217600000,48569.69,51377.74,48020,50817.92,255885.48
1640304000000,50817.94,51805,50379.25,50808.55,220208.725
1640390400000,50809.37,51190,50105,50403.64,147662.438
1640476800000,50403.64,51300,49350,50765.73,184800.616
1640563200000,50765.73,52134,50450,50707.72,216225.263
1640649600000,50707.72,50713.56,47290,47522.03,336083.34
1640736000000,47522.02,48125.97,46000,46436.54,274795.378
1640822400000,46436.53,47911.68,45880,47095.02,229931.288
1640908800000,47095.02,48575,45650,46210.56,287186.003
1640995200000,46210.57,47943.77,46210.55,47704.35,179433.584
1641081600000,47704.35,48000,46605.68,47280,184795.093
1641168000000,47280.01,47575.22,45665.4,46445.81,244781.793
1641254400000,46445.8,47524.36,45445.57,45833.42,292149.75
1641340800000,45833.41,47075.29,42270,43421.69,485477.569
1641427200000,43421.7,43766,42385.83,43080.01,299509.851
1641513600000,43080.01,43135,40456.56,41553.86,473214.849
1641600000000,41553.87,42335,40500,41688.05,283737.224
1641686400000,41688.05,42773.85,41170,41851.22,223134.952
1641772800000,41851.22,42219.84,39610,41801.55,453644.116
1641859200000,41801.55,43118,41255,42700.68,323760.691
1641945600000,42700.69,44300,42415,43880.72,281339.294
1642032000000,43880.72,44396.68,42301.16,42534.32,289289.18
1642118400000,42538.72,43450,41666,43042.4,272517.077
1642204800000,43042.4,43800,42530.64,43070.51,184649.157
1642291200000,43070.51,43464.71,42531.69,43060.66,177450.475
1642377600000,43060.66,43159.32,41523.68,42176.34,232748.345
1642464000000,42176.34,42680,41260,42337.58,267472.465
1642550400000,42337.58,42545,41115.64,41657.89,333952.095
1642636800000,41656.9,43495,40550,40661.69,399818.052
1642723200000,40662.06,41095.76,35380.92,36425.98,790320.909
1642809600000,36426.46,36817.74,33950,35043.73,676272.904
1642896000000,35043.73,36496.92,34588.8,36230.01,369372.903
1642982400000,36230,37528,32853.83,36648.31,823000.702
1643068800000,36648.3,37561.03,35693,36934.26,409535.517
1643155200000,36934.26,38886.58,36232.42,36787.43,554457.384
1643241600000,36787.42,37200,35471.53,37131,422006.922
1643328000000,37131,38000,36149.02,37696.21,367509.143
1643414400000,37696.22,38750.94,37252,38150.01,238657.764
1643500800000,38150,38420.3,37334.83,37870.01,195029.125
1643587200000,37870,38741.73,36620,38439.04,318440.392
1643673600000,38439.04,39260.26,37969,38680.51,353354.121
1643760000000,38680.51,38834.18,36529.81,36892.03,337570.934
1643846400000,36892.05,37395,36204.3,37289.86,318656.228
1643932800000,37287.33,41741.76,37011,41550,520105.77
1644019200000,41550,41922,40920,41374.69,242184.07
1644105600000,41374.68,42656.8,41100,42361.35,215323.95
1644192000000,42361.34,44541.16,41609.76,43829.99,418053.774
1644278400000,43829.99,45600,42641,44021.57,468015.421
1644364800000,44021.58,44826,43089.08,44358.08,300270.062
1644451200000,44358.09,45847.5,43136.96,43471.29,563922.075
1644537600000,43471.3,43900,41914.23,42366,414646.193
1644624000000,42365.99,42980,41540,42199.87,256269.325
1644710400000,42199.88,42755.97,41850,42041.13,192068.012
1644796800000,42041.12,42888,41526,42525.14,303990.933
1644883200000,42525.14,44777,42406.23,44529.6,276735.421
1644969600000,44529.7,44536.8,43277.8,43860.7,255790.287
1645056000000,43860.8,44150,40020.1,40491.7,433958.984
1645142400000,40491.8,40944.1,39422,39966.8,377679.782
1645228800000,39966.8,40438.7,39610.3,40052.6,185624.675
1645315200000,40052.6,40100.1,37905,38368.1,329740.444
1645401600000,38367.9,39510,36762,36986.4,646391.8149999999
1645488000000,36986.4,38450,36310.1,38212,465313.497
1645574400000,38212.1,39250,36963.2,37227.8,408056.255
1645660800000,37227.9,40376.1,34303.7,38315.1,919820.907
1645747200000,38316.2,39750,37999.2,39205.4,416316.366
1645833600000,39205.4,40441.1,38561.7,39099.3,251892.201
1645920000000,39099.3,39868.6,36934.6,37672,423197.247
1646006400000,37672.1,44341,37414.4,43155,615391.161
1646092800000,43155,44935,42765.4,44394.1,448483.646
1646179200000,44393.6,45350,43321,43885.7,407603.721
1646265600000,43885.8,44080,41831,42449.5,365565.832
1646352000000,42449.6,42525.3,38521,39127.7,469138.374
1646438400000,39127.7,39580,38547.6,39375.1,198747.893
1646524800000,39375,39690,38056,38401.1,311705.26
1646611200000,38401.1,39550,37134,37963.8,490254.516
1646697600000,37963.7,39340.5,37853,38709.9,421462.367
1646784000000,38709.9,42647.5,38638.7,41937.5,462059.811
1646870400000,41939.5,42034.3,38512,39407.2,520645.186
1646956800000,39407.1,40242,38200.1,38713,467078.892
1647043200000,38713.1,39578.4,38630,38792.6,172494.825
1647129600000,38792.7,39300,37500,37743.7,236623.694
1647216000000,37743,39989,37522.1,39653.8,360058.358
1647302400000,39651.6,39901.8,38073.8,39271,345019.243
1647388800000,39270.9,41804,38700,41105.8,650589.661
1647475200000,41105.9,41498.4,40442.8,40898.1,243988.794
1647561600000,40898,42322.8,40084.2,41751.5,299134.443
1647648000000,41751.6,42446.6,41500,42188.2,186459.954
1647734400000,42188.2,42269.3,40900,41261,235774.129
1647820800000,41261,41544.4,40430,40982,308396.46
1647907200000,40982,43517.7,40852,42349.8,374297.674
1647993600000,42349.9,43051,41731.3,42867.9,282631.74
1648080000000,42867.8,44200,42525,43973.4,331440.057
1648166400000,43973.2,45142,43575.1,44290.6,348620.122
1648252800000,44290.6,44785,44041,44489.2,140712.587
1648339200000,44489.3,47047,44416,46820.8,269280.228
1648425600000,46820.9,48200,46651.2,47121.9,317565.782
1648512000000,47121.8,48100,46911,47418.5,259040.835
1648598400000,47418.5,47688.6,46535,47053.2,235009.892
1648684800000,47053.1,47619.4,45185,45506,299837.61
1648771200000,45505.9,46700,44206.2,46266.2,360734.553
1648857600000,46266.2,47236.8,45600,45794.6,226413.357
1648944000000,45792.3,47448,45501,46392.4,212589.013
1649030400000,46392.3,46895.5,45094,46580.9,272796.541
1649116800000,46580.9,47188,45300,45477.4,257524.639
1649203200000,45477.5,45494.2,43100,43159.7,384359.375
1649289600000,43159.8,43888,42685,43417.1,229567.98
1649376000000,43417.1,43968.1,42074,42229.2,310095.829
1649462400000,42229.1,42796.7,42100.3,42727.7,119722.654
1649548800000,42727.8,43399.4,41838,42140.4,181904.47
1649635200000,42140.3,42399.9,39136.7,39505.6,439530.02
1649721600000,39505.6,40700,39224,40060.7,349883.631
1649808000000,40060.7,41580,39569.8,41129.8,324910.931
1649894400000,41129.8,41474.8,39522,39915.9,261966.391
1649980800000,39915.9,40888,39734.2,40529.5,194680.671
1650067200000,40529.6,40700,39944.9,40361,127705.057
1650153600000,40360.9,40574.1,39510,39649.1,170331.824
1650240000000,39649.1,41310,38465.7,40785.6,362435.319
1650326400000,40785.7,41788,40543.7,41472.9,214404.271
1650412800000,41472.9,42166.8,40800,41327.7,257382.427
1650499200000,41326,42966,39630,40449.8,393149.956
1650585600000,40449.7,40786.1,39133,39674.2,314935.753
1650672000000,39674.3,40000,39259,39415.1,125046.817
1650758400000,39413.8,39930.6,38884.1,39433.4,180371.762
1650844800000,39433.4,40650,38111,40411,448877.893
1650931200000,40411,40800,37671.8,38093.7,453132.198
1651017600000,38093.7,39470,37844.5,39209,385645.365
1651104000000,39209,40376.6,38861.8,39732.5,413543.408
1651190400000,39732.5,39924.8,38160,38572.2,308116.375
1651276800000,38572.2,38782.6,37550,37614.5,181810.382
1651363200000,37614.4,38680.6,37350,38440.5,236549.462
1651449600000,38440.2,39222,38032.2,38525.6,336845.365
1651536000000,38525.5,38674.7,37500.1,37712.9,248986.222
1651622400000,37713,40071.7,37655.2,39684,424498.818
1651708800000,39684.1,39845,35388,36534.7,547209
1651795200000,36533.7,36679.3,35200,35995.3,431979.24
1651881600000,35995.2,36138,34700,35466.7,200264.833
1651968000000,35466.7,35504,33665,34032,426872.584
1652054400000,34032.1,34243.3,30003.6,30056.6,1078779.7120000001
1652140800000,30056,32650,29701.4,31002.1,863178.961
1652227200000,31002.1,32197.6,27651,29074.7,1101875.9720000001
1652313600000,29077.9,30257,26631,29020.7,964475.589
1652400000000,29020.8,31072.6,28730.4,29274.3,507620.105
1652486400000,29274.2,30352.2,28602.3,30079.8,315756.895
1652572800000,30079.5,31462,29448,31324.4,336773.139
1652659200000,31324.3,31327.4,29052.3,29866.7,507243.166
1652745600000,29866.4,30794,29420,30437,398624.519
1652832000000,30437,30700,28629.6,28700.6,426700.457
1652918400000,28700.6,30550,28670.5,30319.9,448856.724
1653004800000,30319.9,30784.4,28702,29188.9,485439.171
1653091200000,29188.9,29650,28927,29427.4,202804.089
1653177600000,29427.4,30500,29223.6,30284,297116.44
1653264000000,30284,30658,28840.7,29097.7,475720.75
1653350400000,29097.8,29887.3,28637.6,29643.1,382124.449
1653436800000,29643,30246.7,29330,29536.7,413459.484
1653523200000,29536.7,29877,27952.1,29194,602137.086
1653609600000,29194,29387,28259.6,28623.2,506638.884
1653696000000,28623.3,29265.7,28520,29018.8,193644.283
1653782400000,29018.8,29595.2,28825,29452.8,215139.934
1653868800000,29452.6,32307.6,29301.1,31726.5,502712.176
1653955200000,31726.5,32427.5,31222,31797.8,383688.265
1654041600000,31797.9,31986.1,29300,29796.9,556992.7560000001
1654128000000,29796.9,30750,29566.1,30437.1,370924.687
1654214400000,30437.1,30693.2,29220,29682.8,357110.377
1654300800000,29682.8,29988,29456,29848.4,187520.534
1654387200000,29848.5,30250,29524,29909.9,205385.831
1654473600000,29910,31780,29876.2,31361.2,436522.874
1654560000000,31361.2,31599,29190,31118.1,691714.985
1654646400000,31118,31325,29825,30192.5,455686.637
1654732800000,30192.6,30691.9,29914.5,30093.3,307312.175
1654819200000,30093.4,30374.1,28805,29077.7,445928.659
1654905600000,29077.7,29427.9,28080,28416.7,391367.814
1654992000000,28416.6,28530.3,26538.7,26564.7,560834.1310000001
1655078400000,26564.7,26877,21900,22471.5,1622521.5600000001
1655164800000,22471.4,23424.2,20823,22122.7,1247609.7960000001
1655251200000,22122.7,22800,20100.2,22567.5,1509301.169
1655337600000,22567.5,23000,20222,20387.4,882634.22
1655424000000,20387.4,21388,20228,20457.3,776153.257
1655510400000,20457.3,20768.4,17593.2,18959.7,1268591.388
1655596800000,18959.7,20821,17935.9,20564.2,1089275.6740000001
1655683200000,20564.3,21099.9,19630,20570.1,935816.13
1655769600000,20570,21740,20337.8,20713.1,787173.936
1655856000000,20713.1,20888,19745.7,19977.4,812184.193
1655942400000,19977.5,21250,19874,21096.6,698753.04
1656028800000,21096.6,21563.5,20732.5,21231.2,645450.778
1656115200000,21231.2,21627.6,20894,21481.9,434117.447
1656201600000,21481.9,21888,20952,21029.1,442787.736
1656288000000,21029.1,21560,20500,20730,539335.009
1656374400000,20730,21198,20188,20268.6,582916.108
1656460800000,20268.7,20430,19817.2,20109.9,608905.99
1656547200000,20109.9,20165,18563,19923.5,859981.415
1656633600000,19923.3,20926.4,18948.8,19272,915399.363
1656720000000,19272,19456,18959,19240.9,382851.525
1656806400000,19241,19645.4,18780.1,19305.9,449508.331
1656892800000,19306,20350,19046.3,20226.6,633310.187
1656979200000,20226.3,20749.2,19291.6,20170,854238.867
1657065600000,20170.1,20667.6,19753,20554.1,682076.458
1657152000000,20554.2,21830,20244.9,21613.4,699841.616
1657238400000,21614.5,22579.9,21175.2,21587.9,848144.495
1657324800000,21587.8,22000,21309.6,21580,393372.366
1657411200000,21580,21594.2,20600,20853.8,468176.539
1657497600000,20853.8,20853.9,19870,19954.3,561245.987
1657584000000,19954.3,20048.9,19228.3,19322.9,640560.723
1657670400000,19322.9,20401.6,18901,20220.1,975938.165
1657756800000,20220.1,20900,19600,20578.6,765989.53
1657843200000,20578.6,21200,20364.3,20823.1,626763.692
1657929600000,20823.1,21580,20471,21183.5,539206.87
1658016000000,21183.6,21674.1,20742,20794.4,485537.728
1658102400000,20794.4,22800,20764.4,22423.9,982867.7340000001
1658188800000,22423.5,23817.9,21575,23385.9,1124029.0819999999
1658275200000,23385.9,24277,22912.4,23221.5,946647.8149999999
1658361600000,23221.5,23441.1,22340.2,23144.5,723543.466
1658448000000,23144.5,23750,22500,22675.1,633907.934
1658534400000,22675,22990,21933.5,22440.2,505887.673
1658620800000,22440.1,22999,22256.4,22570.6,462958.953
1658707200000,22570.6,22656.8,21232,21300,695770.655
1658793600000,21300,21334.4,20689.6,21241,552498.903
1658880000000,21241,23100,21031,22941.1,753370.303
1658966400000,22941.1,24194.6,22583.1,23836.2,756741.836
1659052800000,23836.2,24500,23426.3,23771.1,642337.051
1659139200000,23771,24700,23505,23629.9,493824.816
1659225600000,23630,24187.3,23222,23290.1,385969.85
1659312000000,23290.1,23497,22836.2,23257.6,498378.292
1659398400000,23257.6,23448.7,22603,22975.1,625227.912
1659484800000,22975.1,23650,22665.3,22801.5,569261.768
1659571200000,22801.5,23211.3,22370,22608.9,548268.816
1659657600000,22608.9,23450,22580.6,23298.1,593992.13
1659744000000,23298,23341.8,22883.6,22943.3,227659.394
1659830400000,22943.2,23400,22830.9,23167.8,271512.062
1659916800000,23167.9,24243,23153.1,23804.4,565084.219
1660003200000,23804.3,23913.4,22850,23140.2,498286.943
1660089600000,23140.1,24235.2,22608,23940.9,760738.204
1660176000000,23941,24972,23840.6,23917.2,760455.245
1660262400000,23917.3,24438.8,23560,24387.5,477734.045
1660348800000,24387.5,24879,24267.5,24429,431093.659
1660435200000,24429,25065,24138,24294.1,437314.32
1660521600000,24294.1,25200,23762,24085.2,739390.721
1660608000000,24085.2,24234,23650,23843,460919.994
1660694400000,23843,24437,23170,23333.1,640600.903
1660780800000,23333.1,23595,23101,23185.1,347699.006
1660867200000,23185,23200,20760,20824.9,906609.825
1660953600000,20825,21368.9,20742.9,21127.8,490507.042
1661040000000,21127.7,21804.6,21055,21505.6,424282.424
1661126400000,21505.6,21550,20858.6,21387,588764.597
1661212800000,21387,21667.2,20874.8,21518.2,609745.27
1661299200000,21518.2,21925.6,21132.3,21354.9,502728.198
1661385600000,21355,21810.9,21295.3,21548.3,415757.992
1661472000000,21548.3,21867.6,20100,20228.7,896474.356
1661558400000,20228.7,20367.7,19744,20023.9,469598.024
1661644800000,20024,20155,19508,19547.5,386405.195
1661731200000,19547.5,20440,19539.4,20275.5,598076.669
1661817600000,20275.5,20574,19524.4,19803.1,767714.993
1661904000000,19803.2,20496,19787.9,20041.5,711639.339
1661990400000,20041.4,20198.3,19555,20122.5,691594.721
1662076800000,20122.6,20434.3,19736,19941,669047.816
1662163200000,19941,20050,19628.7,19820.7,285240.989
1662249600000,19820.7,20022.4,19570,19992.7,396798.184
1662336000000,19992.7,20046.7,19620.2,19784.9,446706.41
1662422400000,19784.9,20174.7,18600,18781.5,945489.142
1662508800000,18781.4,19455,18500,19287,595636.693
1662595200000,19287,19450,19003.8,19309.3,537268.644
1662681600000,19309.3,21666,19283,21352,992497.1
1662768000000,21352,21825,21112.2,21639.5,491543.206
1662854400000,21639.5,21883.4,21336,21820.3,420979.326
1662940800000,21820.3,22474,21540,22386,818601.932
1663027200000,22386,22850,19840,20162.5,1218769.9269999999
1663113600000,20162.6,20528.5,19600,20217,661802.597
1663200000000,20217,20315,19453,19690.8,665862.067
1663286400000,19690.8,19878,19300,19792.5,544608.804
1663372800000,19792.4,20182.6,19739.4,20102,334678.558
1663459200000,20102,20105.3,19325.8,19404.5,499916.474
1663545600000,19404.5,19686.3,18215,19528.6,993776.352
1663632000000,19528.6,19625,18690.1,18866.8,794623.932
1663718400000,18866.7,20154.1,18084.3,18447.5,1168068.9790000001
1663804800000,18447.5,19504.8,18345.2,19392.5,852898.3909999999
1663891200000,19392.5,19492,18518.5,19280.7,838493.746
1663977600000,19280.7,19304.5,18798,18911,377158.215
1664064000000,18910.9,19196,18621,18799.7,410461.603
1664150400000,18799.7,19311.5,18671,19216.3,777807.518
1664236800000,19216.3,20375,18801.5,19070.1,1300566.1580000001
1664323200000,19070.1,19787.6,18460,19407.3,1141222.7720000001
1664409600000,19407.4,19648.8,18827.2,19582.5,991678.224
1664496000000,19582.5,20172.7,19066,19411.7,1071462.9339999999
1664582400000,19411.6,19474,19140,19304,294457.009
1664668800000,19304,19389,18896,19049.4,414970.451
1664755200000,19049.3,19723.7,18950.8,19622,621816.329
1664841600000,19621.9,20500,19480.1,20333,796678.762
1664928000000,20332.9,20356.1,19707,20150,719577.149
1665014400000,20149.9,20443.9,19843.3,19954,782034.669
1665100800000,19954,20067,19304.4,19520.9,673407.102
1665187200000,19520.9,19619.6,19200,19406.2,253257.201
1665273600000,19406.3,19550,19310,19430,267178.795
1665360000000,19430,19513,19000,19124,560920.904
1665446400000,19124.1,19260,18850,19055,603358.324
1665532800000,19055,19240,18924.3,19148,406770.288
1665619200000,19148.1,19498.6,17917.8,19365.5,1104615.0009999999
1665705600000,19365.4,19947.9,19059.6,19164.6,861453.21
1665792000000,19164.6,19218.8,18966,19060.4,241520.185
1665878400000,19060.4,19415.9,19058,19251.9,267921.192
1665964800000,19251.8,19666,19148,19540.6,502319.759
1666051200000,19540.7,19706.4,19081,19320.9,634343.154
1666137600000,19320.9,19349.8,19050,19116.7,404370.458
1666224000000,19116.6,19350,18882.4,19034.7,537627.048
1666310400000,19034.8,19240,18600,19150.9,581878.905
1666396800000,19151,19250,19103.5,19195.1,174055.042
1666483200000,19195.1,19690,19050,19560.7,358611.542
1666569600000,19560.6,19593.3,19146,19318.1,476676.536
1666656000000,19318.1,20415,19228,20068.3,777306.534
1666742400000,20068.3,21030,20041.1,20758.3,841864.982
1666828800000,20758.4,20863.7,20170,20285.5,614910.045
1666915200000,20285.6,20740,19951,20582.8,595538.882
1667001600000,20582.7,21088,20547.8,20796.7,482217.17
1667088000000,20796.7,20925.2,20503,20615.6,295389.69
1667174400000,20615.5,20838.7,20225.4,20482,478797.266
1667260800000,20482.1,20687,20320,20472.1,314676.187
1667347200000,20472.1,20796,20050,20140.1,651535.7610000001
1667433600000,20140.2,20400,20026,20199.7,372121.061
1667520000000,20199.8,21297,20171.6,21137.6,824515.215
1667606400000,21137.6,21473.7,21071.1,21289.9,303983.372
1667692800000,21289.8,21355.8,20863.3,20900,277148.646
1667779200000,20900,21062.6,20374,20578.6,554408.316
1667865600000,20578.5,20685,16830,18534,2046476.3130000001
1667952000000,18533.9,18574.9,15462.6,15905,2065606.412
1668038400000,15905,18230,15730,17588,1497093.602
1668124800000,17588,17678,16343,17058.3,955344.602
1668211200000,17058.4,17110.8,16623.8,16806.9,304455.717
1668297600000,16806.9,16950,16210.3,16321.2,349742.836
1668384000000,16321.3,17188,15805.5,16605.2,934392.4840000001
1668470400000,16605.3,17127.2,16516.7,16888.3,649349.458
1668556800000,16888.3,17007.4,16358,16650.6,537241.645
1668643200000,16650.7,16741.7,16403.3,16682.1,408989.285
1668729600000,16682.1,16984.4,16541.1,16689.7,388612.842
1668816000000,16689.7,16814.5,16543.8,16692.9,171822.915
1668902400000,16693,16743.9,16167.1,16272.6,327599.214
1668988800000,16272.7,16304.3,15443.2,15773,790219.365
1669075200000,15772.9,16309,15610.3,16220.6,579333.644
1669161600000,16220.5,16703.4,16155.5,16595.8,546714.91
1669248000000,16595.8,16800,16450,16592.4,351024.418
1669334400000,16592.5,16639.9,16331.7,16516.1,306560.116
1669420800000,16516.2,16699.1,16369.1,16449.2,253401.659
1669507200000,16449.2,16594.2,16396,16422.6,189370.345
1669593600000,16422.5,16475,15984.1,16204.5,497137.869
1669680000000,16204.6,16543,16088,16433.2,391410.854
1669766400000,16433.3,17248.3,16421.5,17153.3,620324.95
1669852800000,17153.4,17348.5,16851.2,16970.5,411051.309
1669939200000,16970.5,17096.3,16760,17083,335039.215
1670025600000,17083,17160,16850.1,16879.5,185257.242
1670112000000,16879.5,17206.2,16874.1,17099.5,292090.868
1670198400000,17099.5,17430,16860.6,16958.3,519961.39
1670284800000,16958.2,17100,16899.9,17078.6,321330.613
1670371200000,17078.7,17130,16655,16828,337778.925
1670457600000,16828,17294.9,16710.4,17216,402157.335
1670544000000,17216,17365.4,17052,17122,290231.183
1670630400000,17122,17228.6,17081,17120,141895.207
1670716800000,17120.1,17265,17060,17077.3,171004.111
1670803200000,17077.3,17237.9,16865,17200,335856.258
1670889600000,17200,18100,17076,17777.1,596851.291
1670976000000,17777.1,18400,17659.4,17803.9,627511.699
1671062400000,17804,17849.5,17258,17351.8,437284.037
1671148800000,17351.9,17528,16521.1,16624.1,622150.245
1671235200000,16624.1,16790,16571.8,16768,248465.273
1671321600000,16768.1,16872,16656,16730.3,185898.213
1671408000000,16730.4,16809.6,16210,16429.2,344728.552
1671494400000,16429.2,17049.6,16390.3,16887.2,476171.098
1671580800000,16887.3,16924.2,16694.2,16819.6,227752.335
1671667200000,16819.7,16861.9,16556.1,16815.5,306610.961
1671753600000,16815.5,16960,16690,16776.4,264553.42
1671840000000,16776.3,16859.9,16774.4,16828.9,82410.79
1671926400000,16829,16850,16700,16824.4,144075.843
1672012800000,16824.5,16936.8,16781.1,16912.9,148128.699
1672099200000,16912.8,16968,16580,16698.2,262828.564
1672185600000,16698.2,16778.3,16455.6,16539,344649.858
1672272000000,16538.9,16659,16485.1,16630.3,208591.531
1672358400000,16630.3,16666.6,16320,16601.2,295630.49
1672444800000,16601.2,16640,16461.8,16537.6,134462.156
1672531200000,16537.5,16618.8,16488,16610.3,105502.965
1672617600000,16610.4,16799,16541.2,16666,215161.176
1672704000000,16665.9,16774,16600.3,16667.2,203070.205
1672790400000,16667.3,16984.6,16645.7,16842.1,349747.838
1672876800000,16842.2,16872.8,16740.4,16823.8,176369.347
1672963200000,16823.8,17030,16664.8,16943.8,316973.629
1673049600000,16943.9,16973.6,16900.1,16936.5,77973.105
1673136000000,16936.5,17181.1,16905,17124.7,157717.318
1673222400000,17124.6,17387.8,17098.2,17169.7,400277.809
1673308800000,17169.6,17485.4,17140.4,17428.8,297320.371
1673395200000,17428.8,18013.2,17306.4,17935.7,386277.106
1673481600000,17935.6,19120,17902.4,18838,1040334.76
1673568000000,18838.1,19997.8,18711,19924.2,806807.8320000001
1673654400000,19924.3,21544,19882.6,20962.8,1010666.683
1673740800000,20962.8,21073.8,20556,20882.7,428486.559
1673827200000,20882.7,21498,20606.6,21188.3,666148.201
1673913600000,21188.2,21640,20827.8,21130.9,547390.593
1674000000000,21130.8,21672,20386,20680,813785.517
1674086400000,20680.1,21183.9,20659.9,21068.3,374733.617
1674172800000,21068.3,22750,20856.4,22661.1,723645.2
1674259200000,22661,23390,22422,22781.9,764681.1
1674345600000,22781.8,23080.2,22287,22704.6,482529.811
1674432000000,22704.7,23193.1,22500,22913.1,525802.84
1674518400000,22913.3,23158.7,22450,22627.4,505615.816
1674604800000,22627.5,23837.4,22310.5,23060.6,692786.607
1674691200000,23060.6,23278.7,22843.8,23001.9,427760.786
1674777600000,23001.9,23500,22516.6,23068,509920.307
1674864000000,23068.1,23185,22870.8,23015.9,186400.943
1674950400000,23016,23962.7,22961.5,23740.3,562028.231
1675036800000,23740.2,23804.6,22484.2,22819.9,572537.407
1675123200000,22819.9,23330,22715.3,23119.4,403726.966
1675209600000,23119.5,23852.4,22747,23730,571429.711
1675296000000,23730.1,24281.4,23365,23493.1,615740.338
1675382400000,23493,23719.9,23201,23424.7,470831.438
1675468800000,23424.7,23591.4,23250,23322.6,197118.393
1675555200000,23322.6,23436,22741,22929.2,356665.034
1675641600000,22929.3,23159.4,22600,22757.7,417160.143
1675728000000,22757.8,23368.6,22742.4,23234.1,447273.494
1675814400000,23234.1,23450,22662.9,22955.9,383465.481
1675900800000,22955.9,23007.8,21684.7,21793.4,732295.35
1675987200000,21793.3,21933.8,21405,21618.6,439986.497
1676073600000,21618.6,21891.9,21594.4,21851.3,189249.667
1676160000000,21851.2,22080.9,21618,21771.1,276787.093
1676246400000,21771,21888,21338,21766.2,511595.693
1676332800000,21766.1,22320,21485.2,22187.4,598791.509
1676419200000,22187.4,24420,22038.5,24332.6,824676.471
1676505600000,24332.7,25290,23518,23526.6,959463.159
1676592000000,23526.6,25043.2,23350,24581.5,922717.148
1676678400000,24581.3,24887.5,24430.6,24636.9,261555.556
1676764800000,24636.8,25200,24179.4,24265.9,543506.628
1676851200000,24265.9,25140,23827,24849.9,646401.072
1676937600000,24849.9,25347.6,24150,24443.4,729290.575
1677024000000,24443.3,24468.5,23572,24171.3,730414.101
1677110400000,24171.3,24588,23590,23928.8,751339.414
1677196800000,23928.7,24138.6,22800,23175.6,731577.942
1677283200000,23175.5,23210.5,22700,23146.2,310795.648
1677369600000,23146.2,23675,23050,23545.3,371395.056
1677456000000,23545.2,23888,23088,23480,576754.966
1677542400000,23480,23592.8,23010,23129.6,456919.838
1677628800000,23129.7,24022.7,23008.4,23619.8,617250.311
1677715200000,23619.8,23790.5,23183,23457.1,419256.601
1677801600000,23457.1,23468.5,21883.2,22342.8,608518.137
1677888000000,22342.8,22400,22147.5,22335.7,175309.211
1677974400000,22335.8,22650,22174.9,22419.4,282261.745
1678060800000,22419.3,22594.5,22240.1,22397.1,298976.397
1678147200000,22397.1,22550,21908,22187.1,548494.099
1678233600000,22187.1,22276.4,21540.5,21695.4,547867.9669999999
1678320000000,21695.3,21823,20003.5,20348.3,951903.36
1678406400000,20348.4,20351.8,19521.6,20140.3,1238135.2649999999
1678492800000,20140.3,20674.5,19752.5,20447.3,753479.558
1678579200000,20447.3,22184,20262.2,21986.2,881522.402
1678665600000,21986.2,24517.2,21804,24119.5,1534982.176
1678752000000,24119.5,26489.9,23951,24682.5,1572562.635
1678838400000,24682.5,25200,23888,24288,1102056.429
1678924800000,24287.9,25167.9,24120.5,24990.4,735446.946
1679011200000,24990.5,27763.4,24875.3,27384,1341159.064
1679097600000,27383.9,27726.4,26555.5,26907,740232.316
1679184000000,26907,28397,26815.9,27955.7,759367.078
1679270400000,27955.8,28483.2,27120.6,27704.1,937223.448
1679356800000,27704.1,28460,27288,28091.1,685487.714
1679443200000,28091.1,28881,26590,27233.8,1080393.27
1679529600000,27233.8,28777,27101,28284.1,808174.047
1679616000000,28284,28369.1,26960,27438.9,696075.37
1679702400000,27439,27788,27131.8,27447.3,335674.055
1679788800000,27447.2,28186.9,27400,27954.3,399756.985
1679875200000,27954.3,28019.4,26480,27112,642434.822
1679961600000,27112,27500,26610,27249.7,585080.772
1680048000000,27249.7,28649.9,27223.6,28338.5,655852.971
1680134400000,28338.6,29184.8,27654.1,28015,770966.1
1680220800000,28015,28675.3,27500,28454.9,611557.29
1680307200000,28454.8,28845.3,28180,28443.8,256487.222
1680393600000,28443.7,28516.5,27820,28161.2,316658.67
1680480000000,28161.3,28540,27166,27786.1,741665.563
1680566400000,27786.1,28450,27650.2,28155.2,432370.612
1680652800000,28155.1,28800,27775,28154,543712.838
1680739200000,28154,28175,27684.2,28022.8,355916.782
1680825600000,28022.9,28096,27755,27890.7,219250.178
1680912000000,27890.7,28153.6,27850.1,27924.9,159129.56
1680998400000,27924.9,28539.1,27762.8,28309.4,305861.88
1681084800000,28309.4,29840,28153.6,29623.1,580061.925
1681171200000,29623.1,30564,29573.9,30185.1,628978.491
1681257600000,30185.1,30480,29620,29875,563668.4300000001
1681344000000,29874.9,30648.9,29836.7,30362.7,436182.494
1681430400000,30362.7,31059,29925,30453.1,615391.615
1681516800000,30453,30599.9,30186,30280.4,180234.082
1681603200000,30280.4,30560,30102,30286.6,210226.019
1681689600000,30286.6,30307.4,29219.9,29420,455518.548
1681776000000,29420.1,30480,29078.1,30365.8,533189.27
1681862400000,30365.8,30410,28557.3,28795.1,643866.11
1681948800000,28795,29078,27983,28229.9,639179.286
1682035200000,28229.9,28368.9,27100,27252.5,687832.833
1682121600000,27252.6,27888,27126,27807.2,345549.021
1682208000000,27807.2,27807.3,27279.7,27576,332082.355
1682294400000,27575.9,28000,26919.3,27497.5,581268.268
1682380800000,27497.4,28379.9,27176.6,28286.7,508254.515
1682467200000,28286.7,30048.2,27200,28395.9,1284924.6680000001
1682553600000,28396,29898,28365.3,29459,952584.7389999999
1682640000000,29459,29591.1,28870,29300,508350.155
1682726400000,29300,29443.9,29000.4,29212.7,218013.244
1682812800000,29212.7,29950,29067.4,29223,417798.846
1682899200000,29223,29325.5,27650,28054.4,624974.488
1682985600000,28054.5,28888,27854,28656.5,513546.269
1683072000000,28656.4,29258.4,28080,29018.4,676466.23
1683158400000,29018.4,29380,28660,28826,426425.584
1683244800000,28826,29693,28618.3,29491.5,578485.177
1683331200000,29491.5,29840,28333,28837.8,475628.901
1683417600000,28837.9,29137,28370,28419.4,308410.643
1683504000000,28419.5,28624.6,27250,27659.8,658188.777
1683590400000,27659.8,27815.6,27316.8,27610.2,367664.686
1683676800000,27610.2,28297,26666.6,27582.9,722502.676
1683763200000,27583,27630,26688.8,26956.4,538822.363
1683849600000,26956.4,27090,25751,26785.1,615645.508
1683936000000,26785.2,27051.5,26674.9,26762.7,242694.929
1684022400000,26762.8,27200,26557,26901.9,247579.427
1684108800000,26901.9,27650,26694.4,27152.5,450263.076
1684195200000,27152.5,27284.7,26832,27024.8,373172.951
1684281600000,27024.7,27500,26527.5,27395.8,490065.218
1684368000000,27395.7,27482.7,26335.3,26809.3,544971.9790000001
1684454400000,26809.4,27180,26611.2,26870.1,324097.956
1684540800000,26870.1,27144.4,26813.5,27089.5,137515.354
1684627200000,27089.6,27288,26642,26732.8,238776.425
1684713600000,26732.8,27097.8,26500,26840.2,328030.52
1684800000000,26840.2,27527.5,26782.6,27209.9,369176.618
1684886400000,27209.9,27212.9,26060,26313.8,535191.677
1684972800000,26313.9,26644,25850,26461.8,394535.225
1685059200000,26461.7,26925,26313.9,26689.9,324475.546
1685145600000,26689.8,26890,26528.6,26841.6,163681.935
1685232000000,26841.6,28252.8,26746,28055.7,440115.394
1685318400000,28055.8,28442,27513.5,27722,411290.549
1685404800000,27722.1,28038.6,27530,27680.1,334379.313
1685491200000,27680,27825,26826,27201.1,471381.89
1685577600000,27201.1,27347.9,26600,26805.3,404787.572
1685664000000,26805.3,27290,26477.6,27227.8,391110.093
1685750400000,27227.8,27340.2,26900,27054.9,182464.1
1685836800000,27054.9,27460,26935.3,27102.4,218271.544
1685923200000,27102.4,27125,25360.1,25714.7,700502.548
1686009600000,25714.6,27358.1,25321.6,27221.5,731445.649
1686096000000,27221.5,27394.4,26111,26325.9,660044.537
1686182400000,26325.9,26800,26195.4,26485.9,333104.839
1686268800000,26486,26775,26236,26468.1,283719.198
1686355200000,26468.2,26525,25300,25826.6,608917.569
1686441600000,25826.6,26199,25621.3,25909.9,279365.563
1686528000000,25910,26097.7,25600,25894.8,298900.468
1686614400000,25894.8,26430.5,25708,25918,434536.754
1686700800000,25918,26099.3,24796.8,25115.9,464681.602
1686787200000,25115.9,25750,24777,25586.1,473971.375
1686873600000,25586,26526.9,25142.1,26336,533144.956
1686960000000,26335.9,26900,26170.8,26508.9,305738.396
1687046400000,26508.8,26709.4,26230.9,26329.7,241977.484
1687132800000,26329.6,27077,26241.2,26828.5,400533.758
1687219200000,26828.6,28397.8,26633.9,28290.6,758176.297
1687305600000,28290.7,30822,28236.4,29988.5,1123474.4269999999
1687392000000,29988.5,30488,29500.1,29875,561051.742
1687478400000,29875,31500,29792,30673.4,699073.071
1687564800000,30673.5,30796.5,30222,30524.2,279539.288
1687651200000,30524.2,31053.2,30252.6,30458,301533.154
1687737600000,30458,30667.3,29890.1,30260.1,415099.356
1687824000000,30260.1,30998.5,30213,30683.2,406073.348
1687910400000,30683.2,30701.8,29804.6,30066.3,416656.434
1687996800000,30066.3,30837,30036.1,30439.9,382072.846
1688083200000,30439.9,31300,29500,30460.2,809331.3050000001
1688169600000,30460.2,30668.2,30311.3,30573.6,135520.246
1688256000000,30573.6,30800,30149.9,30612.7,231866.188
1688342400000,30612.7,31395.2,30559.4,31149,370293.236
1688428800000,31149,31319.4,30600,30756.1,300832.26
1688515200000,30756.1,30875.2,30175.8,30488.4,294896.578
1688601600000,30488.4,31568,29818,29874.4,721267.219
1688688000000,29874.3,30443.6,29680,30327.9,337801.654
1688774400000,30328,30380,30026.8,30269.3,138734.493
1688860800000,30269.2,30443.4,30042,30147.8,162296.263
1688947200000,30147.8,31040,29928.8,30396.9,429115.537
1689033600000,30396.9,30804.9,30261.4,30608.4,298904.747
1689120000000,30608.3,30980.5,30186,30368.9,425058.257
1689206400000,30368.9,31850,30233,31441.7,696023.51
1689292800000,31441.6,31640,29876.6,30293.3,538692.246
1689379200000,30293.3,30380,30220.2,30276.4,111622.474
1689465600000,30276.5,30441.6,30050,30216.8,173805.94
1689552000000,30216.9,30329.7,29630,30126.1,344113.427
1689638400000,30126,30227.5,29400,29845.6,337396.417
1689724800000,29845.7,30178.5,29745,29895.5,298418.854
1689811200000,29895.5,30420,29468.8,29791,410263.764
1689897600000,29791,30056.2,29705.9,29891.4,221145.074
1689984000000,29891.5,29986,29602.2,29783.5,143375.956
1690070400000,29783.5,30368.2,29718.9,30070.8,224713.846
1690156800000,30070.9,30091.7,28830,29163.8,434182.417
1690243200000,29163.8,29379.5,29033,29216.3,196438.618
1690329600000,29216.2,29670.5,29083,29336,318527.582
1690416000000,29336,29558.4,29065.5,29209.7,223376.534
1690502400000,29209.8,29535.7,29112.8,29299.9,221299.867
1690588800000,29300,29397.9,29237.5,29339.1,87100.719
1690675200000,29339.1,29442.5,29006,29271.1,169901.253
1690761600000,29271.2,29525.8,29100,29220.8,230381.722
1690848000000,29220.8,29735,28550,29701.2,442328.643
1690934400000,29701.2,30059.9,28906.3,29170.1,491725.492
1691020800000,29170.2,29440,28955.4,29180.2,251967.942
1691107200000,29180.1,29323.8,28780,29101.1,229395.673
1691193600000,29101.1,29145,28960,29057.7,82508.624
1691280000000,29057.7,29199,28978.5,29075.9,103094.44
1691366400000,29075.9,29274.5,28682.3,29202.7,297752.439
1691452800000,29202.7,30250,29132.4,29759,459269.801
1691539200000,29758.9,30149.7,29362,29572.8,362009.701
1691625600000,29572.9,29729.8,29303.7,29443.7,234546.038
1691712000000,29443.7,29565.1,29220,29415.5,179044.008
1691798400000,29415.5,29470,29360,29420.7,56238.035
1691884800000,29420.8,29463,29256.6,29293.3,84190.505
1691971200000,29293.3,29686.7,29070,29419.5,295035.383
1692057600000,29419.5,29492.1,29050,29188.8,191289.959
1692144000000,29188.9,29257.4,28705.1,28714.4,272023.138
1692230400000,28714.4,28775.9,24581,26609.7,868508.22
1692316800000,26609.7,26818,25600,26042.1,522375.316
1692403200000,26042,26269.4,25783.4,26088.3,202219.153
1692489600000,26088.4,26285,25948.5,26175.9,141089.85
1692576000000,26175.9,26280,25800,26115.4,232505.265
1692662400000,26115.4,26128.2,25280,26044.4,313113.576
1692748800000,26044.5,26806,25800,26419.2,412969.028
1692835200000,26419.2,26568.3,25835,26164.6,286753.337
1692921600000,26164.6,26300,25754.4,26051.7,274830.494
1693008000000,26051.7,26129.4,25969,26004.3,63925.862
1693094400000,26004.3,26173.6,25955.6,26087.7,86505.398
1693180800000,26087.6,26244.6,25850.4,26106.5,219992.051
1693267200000,26106.5,28168,25905.2,27700.1,700233.946
1693353600000,27700.1,27758.2,26950,27290.4,315313.916
1693440000000,27290.4,27674.3,25617.8,25928,502906.277
1693526400000,25928,26151.6,25312,25795.6,361184.924
1693612800000,25795.6,25975,25740.6,25855.8,107642.864
1693699200000,25855.8,26135.2,25777,25962.1,133016.832
1693785600000,25962.1,26099.3,25610,25814,173147.873
1693872000000,25814,25900,25531.2,25779.7,186639.945
1693958400000,25779.7,26052,25326,25747.4,251122.66
1694044800000,25747.4,26451,25602.3,26240.7,257349.902
1694131200000,26240.7,26437.5,25630,25899.8,249269.761
1694217600000,25899.9,25940.6,25781.5,25892.6,67909.81
1694304000000,25892.6,26037.3,25508.7,25828.4,162972.413
1694390400000,25828.4,25895,24888,25150.4,427216.374
1694476800000,25150.4,26580,25116.4,25825.8,592049.678
1694563200000,25825.8,26400,25750,26209.9,335252.718
1694649600000,26209.9,26880,26106.6,26510.3,380666.471
1694736000000,26510.3,26890,26206.6,26591.1,251656.77
1694822400000,26591.1,26763.5,26430,26546.9,140482.465
1694908800000,26547,26614.3,26377.4,26514.2,114239.394
1694995200000,26514.2,27397,26358.6,26749.9,472539.032
1695081600000,26749.9,27480,26653.2,27196,433511.747
1695168000000,27195.9,27381,26740,27107.7,348921.447
1695254400000,27107.7,27149,26360.1,26552.6,317992.869
1695340800000,26552.6,26737.7,26452.9,26566.7,173534.648
1695427200000,26566.7,26620.6,26492.2,26563.1,57836.484
1695513600000,26563,26739.9,26081,26232.4,146632.773
1695600000000,26232.4,26440,25965,26290.5,268385.836
1695686400000,26290.5,26388,26073.8,26208.8,180491.169
1695772800000,26208.7,26849.9,26050,26359.6,353002.84
1695859200000,26359.6,27308.7,26325.2,27011.8,429587.858
1695945600000,27011.7,27231.5,26625,26890.9,277397.643
1696032000000,26890.9,27085,26870.4,26950.9,92317.154
1696118400000,26951,28365.2,26939,27981.4,240382.946
1696204800000,27981.4,28613,27255,27477.6,593277.72
1696291200000,27477.7,27665,27123,27412,283077.899
1696377600000,27412,27830,27163.9,27759.8,280784.322
1696464000000,27759.7,28110,27333.5,27398.4,370190.087
1696550400000,27398.3,28450,27156,27916.3,438445.904
1696636800000,27916.3,28018.7,27822.1,27943,117049.145
1696723200000,27943,28082,27671,27901.2,178380.307
1696809600000,27901.2,27977,27250,27578.3,314316.581
1696896000000,27578.4,27727.3,27281,27381.2,239779.496
1696982400000,27381.3,27467.6,26525,26864.5,388186.571
1697068800000,26864.5,26939,26534.8,26744,220279.04
1697155200000,26744,27120.8,26670.1,26849.8,243222.154
1697241600000,26849.7,26986.4,26773.1,26836.3,82164.781
1697328000000,26836.4,27456.1,26790.4,27139.8,160000.462
1697414400000,27139.8,30720,27095.4,28486.3,823003.782
1697500800000,28486.3,28605,28055,28381.9,314189.758
1697587200000,28382,29100,28126.6,28307.1,297176.628
1697673600000,28307.2,28933.4,28076,28696.9,333673.207
1697760000000,28697,30243,28560,29653,551005.327
1697846400000,29653,30374.6,29443.5,29895.4,258195.956
1697932800000,29895.4,30229.7,29606.6,29981.5,198602.758
1698019200000,29981.4,35981.9,29869.4,33074,987741.536
1698105600000,33074,35300,32833.5,33917,921993.063
1698192000000,33917,35154.3,33660.6,34487.7,465367.144
1698278400000,34487.8,34828.7,33750,34154,339552.964
1698364800000,34154,34253.3,33350,33893.1,278052.978
1698451200000,33893.2,34535.8,33867.4,34086.6,138314.932
1698537600000,34086.7,34773.8,33933,34528.6,175897.55
1698624000000,34528.6,34888.2,34050,34483.8,281841.348
1698710400000,34483.8,34744.7,34016.8,34651.4,272450.567
1698796800000,34651.4,35734,34076,35437.4,469214.787
1698883200000,35437.5,35999.9,34300,34940.1,410221.727
1698969600000,34940.1,34944.9,34123,34700.4,306048.199
1699056000000,34700.5,35270,34571.6,35069.7,140746.874
1699142400000,35069.7,35455.2,34356,35025.5,231363.339
1699228800000,35025.5,35299.9,34743.2,35057.4,202227.215
1699315200000,35057.5,35921.7,34520.3,35406.5,343525.95
1699401600000,35406.5,36150,35073,35626.7,334779.449
1699488000000,35626.7,38499.9,35304,36719.5,778877.937
1699574400000,36719.6,37570,36350,37330.4,299373.892
1699660800000,37330.3,37422.2,36588,37162.1,159239.284
1699747200000,37162.1,37258.4,36753.6,37085.5,118890.045
1699833600000,37085.6,37464.8,36350,36486.2,257075.648
1699920000000,36486.2,36779.9,34446.3,35559,397265.8
1700006400000,35559.1,38000,35388,37885.6,423818.57
1700092800000,37885.5,37956.5,35486.1,36176,434444.366
1700179200000,36176,37020.5,35868.3,36621.9,319943.051
1700265600000,36621.9,36900,36196,36580.9,121720.922
1700352000000,36580.9,37528.2,36380,37375.9,154713.007
1700438400000,37375.8,37784.7,36600,37462.5,310504.037
1700524800000,37462.6,37675,35720,35737,450731.16
1700611200000,35737,37880,35610.7,37413.4,338189.618
1700697600000,37413.5,37650,36856.3,37294.3,185369.931
1700784000000,37294.4,38425,37257.3,37706.3,351031.723
1700870400000,37706.3,37886.5,37570.9,37766.6,82589.329
1700956800000,37766.7,37807.6,37126,37437.9,173758.644
1701043200000,37437.9,37560,36700,37234.3,266112.699
1701129600000,37234.4,38395,36856,37812.1,318426.327
1701216000000,37812,38500,37551.8,37837.1,261631.881
1701302400000,37837.2,38132,37442.9,37716.8,191188.871
1701388800000,37716.9,38989,37600,38660,342361.994
1701475200000,38659.9,39900,38613.5,39435,213210.311
1701561600000,39435.1,40410.1,39255.2,39979.7,221917.905
1701648000000,39979.8,42440,39970.4,41993.1,602492.8590000001
1701734400000,41993.1,44528.1,41393.5,44081.7,575038.041
1701820800000,44081.7,44349.8,43377,43774.8,383957.738
1701907200000,43775.1,44066.7,42815,43296,346421.958
1701993600000,43296,44779.3,43100,44209.5,281880.593
1702080000000,44209.6,44389.2,43555,43734.3,189339.656
1702166400000,43734.2,44099.2,43552.5,43810,144548.259
1702252800000,43810.1,43833.4,40228.3,41271,620753.439
1702339200000,41271.1,42125,40711,41515,356541.118
1702425600000,41514.9,43517.6,40556,42875,396710.296
1702512000000,42875,43450.1,41140,43032.4,361628.325
1702598400000,43032.3,43098,41668,41968,257177.013
1702684800000,41968,42756.7,41638.1,42287.4,160549.459
1702771200000,42287.4,42476,41248.3,41396.5,224722.851
1702857600000,41396.6,42795.3,40553.8,42671.7,375385.675
1702944000000,42671.8,43550,41835.4,42298.3,315311.844
1703030400000,42298.2,44384.6,42218.3,43708.9,377008.923
1703116800000,43708.9,44287.2,43317.2,43896.3,276922.155
1703203200000,43896.4,44484,43430.4,43999.2,238341.933
1703289600000,43999.2,44023,43304.2,43725.2,120792.199
1703376000000,43725.2,43994.8,42550,43008.4,179967.251
1703462400000,43008.4,43850,42755.4,43611.9,184210.274
1703548800000,43611.9,43635.1,41597,42538.5,295583.678
1703635200000,42538.6,43700,42145.7,43453.8,251351.538
1703721600000,43453.8,43850,42320.5,42600.1,257515.182
1703808000000,42600.1,43171.9,41283.2,42095.1,337421.865
1703894400000,42095.1,42654.6,41550,42174.2,183890.67
1703980800000,42174.3,42951,42001,42314,173508.289
1704067200000,42314,44266,42207.9,44230.2,206424.144
1704153600000,44230.3,45950,44200.9,44979.8,459798.523
1704240000000,44979.7,45582.3,40333,42849.5,595855.225
1704326400000,42849.5,44840.8,42625,44143.8,333923.098
1704412800000,44143.8,44500,42300,44145.4,374967.791
1704499200000,44145.3,44214.6,43391.3,43956.7,138542.797
1704585600000,43956.6,44486.9,43557.5,43916.9,180710.714
1704672000000,43916.9,47312,43158.1,46972.7,495087.983
1704758400000,46972.6,48100,44417.2,46114,513362.773
1704844800000,46113.9,47699.3,44291.5,46662.9,668657.474
1704931200000,46663,49027.5,45600,46337.8,596698.379
1705017600000,46337.9,46536.2,41370,42788.9,575943.258
1705104000000,42789,43273.4,42445.7,42846.4,207737.326
1705190400000,42846.4,43096.1,41713.5,41734.9,181096.968
1705276800000,41734.9,43376,41720,42515,240059.141
1705363200000,42515,43589,42050,43133,287207.233
1705449600000,43133,43198,42200,42783.4,209396.081
1705536000000,42783.3,42932.3,40673.6,41323.1,335080.756
1705622400000,41323.2,42197,40300,41662.2,345941.73
1705708800000,41662.1,41883.5,41453.6,41691.8,95866.062
1705795200000,41691.8,41880.9,41500,41580,67035.552
1705881600000,41579.9,41692.3,39402,39567,459024.106
1705968000000,39567.1,40172.7,38545,39890,414373.386
1706054400000,39889.9,40560.6,39493.3,40078.7,272754.171
1706140800000,40078.8,40300,39535.3,39953.3,203728.679
1706227200000,39953.3,42239.3,39813.1,41806.4,355418.478
1706313600000,41806.4,42187.1,41360.1,42102.2,118437.114
1706400000000,42102.2,42836,41600,42021.2,205736.453
1706486400000,42021.2,43340.8,41768.3,43287.7,249502.11
1706572800000,43287.6,43888,42665.6,42918.3,257582.784
1706659200000,42918.3,43748.6,42257.6,42560.5,313069.11
1706745600000,42560.5,43288,41866.8,43072.6,274321.107
1706832000000,43072.6,43480,42512.7,43182,205767.574
1706918400000,43182,43372.2,42858.3,42992.4,89735.22
1707004800000,42992.4,43112.1,42176.7,42570.3,127421.548
1707091200000,42570.3,43580,42235.1,42692.9,240655.549
1707177600000,42692.9,43378.8,42559.8,43079.1,196157.643
1707264000000,43079.1,44388,42763.4,44326.2,252057.708
1707350400000,44326.3,45600,44306.8,45269.1,299738.288
1707436800000,45269.2,48230.3,45218.1,47116.1,519919.419
1707523200000,47116.1,48189.6,46836.4,47732.6,179626.604
1707609600000,47732.6,48600,47539.4,48303.4,209951.626
1707696000000,48303.4,50413.2,47702,49943.6,450895.202
1707782400000,49943.6,50428.8,48301,49696.4,382348.085
1707868800000,49696.4,52100,49215.7,51823.2,395191.791
1707955200000,51823.1,52859,51334.9,51898.5,392724.603
1708041600000,51898.4,52623,51611.7,52148.6,259819.793
1708128000000,52148.7,52192.8,50647.5,51679.4,222342.005
1708214400000,51679.5,52450,51178,52175.9,166636.426
1708300800000,52175.9,52532.9,51688.8,51813.8,196387.978
1708387200000,51813.7,53090.9,50788,52297.4,388913.064
1708473600000,52297.3,52402.3,50528.4,51877.8,308127.301
1708560000000,51877.9,52130.8,50967.5,51316.9,244144.647
1708646400000,51316.9,51576.3,50512.7,50771.9,215474.562
1708732800000,50771.9,51736.6,50611.4,51602.1,104944.457
1708819200000,51602.1,52050,51300.4,51764.9,122177.26
1708905600000,51764.9,54991.8,50922.5,54511.6,393466.231
1708992000000,54511.7,57780,54495,57074.5,511475.535
1709078400000,57074.5,64300,56730.1,62487.9,1010118.442
1709164800000,62487.9,63762.8,60452,61203.3,584713.883
1709251200000,61203.3,63199,60844.8,62430.6,299231.827
1709337600000,62430.6,62513.1,61605,62039.9,159283.629
1709424000000,62039.9,63330.9,61339.5,63178.5,200312.503
1709510400000,63178.5,68600,62299,68296.4,632882.144
1709596800000,68296.5,69350,59112,63747.4,1053025.132
1709683200000,63747.5,67729.5,62829.3,66128.1,534011.813
1709769600000,66128,68101.3,65609.3,66870,296092.788
1709856000000,66870,70330.8,66120,68180.2,459387.207
1709942400000,68180.2,68608.7,67908.7,68360.1,94899.005
1710028800000,68360.2,69999.8,68155,69001.8,233596.523
1710115200000,69001.8,72890,67000,72153.8,474396.897
1710201600000,72153.9,73370,68600,71503.2,472072.331
1710288000000,71503.3,73755,71388.1,73127.6,288446.338
1710374400000,73127.6,73881.4,68600,71455.5,513901.237
1710460800000,71455.6,72500,65580,69552.2,705810.6850000001
1710547200000,69552.1,70097.6,64750,65351,333426.129
1710633600000,65351,68972.4,64559.8,68447.9,314890.309
1710720000000,68447.9,69044.4,66601.6,67660,317885.916
1710806400000,67660,68178.6,61582.8,61974.1,700466.795
1710892800000,61974.1,68140,60800,67876.4,637362.465
1710979200000,67876.4,68293.9,64550.1,65539.9,347218.385
1711065600000,65539.9,66691.9,62294,63826,401149.333
1711152000000,63826.1,66050,63020.2,64020.3,239124
1711238400000,64020.4,67700,63822,67260.9,244179.435
1711324800000,67260.9,71228.3,66427.6,69920.5,395156.191
1711411200000,69920.6,71649,69320,70044.1,307861.116
1711497600000,70044.2,71888,68364.8,69532.6,407757.788
1711584000000,69532.6,71636.2,68941,70838.7,242199.225
1711670400000,70838.8,70976.9,69000,69903.6,187970.841
1711756800000,69903.6,70388,69577.2,69642.1,91126.75
1711843200000,69642,71495.5,69608,71363,132458.79
1711929600000,71363,71388,68103.3,69700,282812.126
1712016000000,69700,69731.6,64603.2,65505.3,499041.572
1712102400000,65502.4,66940,64500,65971.9,275041.23
1712188800000,65971.8,69329.7,65100,68489.9,326385.338
1712275200000,68489.8,68787.1,65966,67825.7,313547.293
1712361600000,67825.8,69708,67450,68901.6,127343.726
1712448000000,68901.5,70395,68820.6,69362.7,171783.436
1712534400000,69362.7,72890.4,69040.4,71678.4,297237.449
1712620800000,71678.3,71820.6,68216,69189.3,334059.403
1712707200000,69189.2,71412.2,67546.2,70681.7,337774.756
1712793600000,70681.8,71387.4,69592.6,70055.7,256194.153
1712880000000,70055.6,71297,65102,67136.4,415528.149
1712966400000,67136.4,67975.4,59652.5,63939.7,515005.203
1713052800000,63939.7,65822.1,62139.3,65615.9,395770.133
1713139200000,65615.9,66874.9,62242.5,63392.7,381532.225
1713225600000,63392.8,64356.3,61521,63765,405931.439
1713312000000,63764.9,64483.3,59625,61254.5,444032.992
1713398400000,61254.5,64100,60763.8,63445,363302.394
1713484800000,63445,65480,59541,63787.4,574264.058
1713571200000,63787.4,65400,63045.1,64897.2,197142.262
1713657600000,64897.2,65678.7,64214.2,64912.6,160533.948
1713744000000,64912.7,67222,64470.5,66778,246268.411
1713830400000,66777.9,67158.9,65750,66386.3,178665.564
1713916800000,66386.2,67068.2,63575,64250,280545.061
1714003200000,64250,65270.6,62721.3,64478.8,275211.062
1714089600000,64478.8,64783.1,63291.5,63748.8,202149.813
1714176000000,63748.7,63901.4,62332.8,63421,167349.109
1714262400000,63420.9,64350,62700,63088.3,126056.151
1714348800000,63088.4,64200,61726.2,63842.4,228411.163
1714435200000,63842.4,64700,59150,60651.2,408747.703
1714521600000,60651.2,60816.7,56537.7,58307.6,564108.4
1714608000000,58307.7,59637.3,56951.6,59036.7,299229.302
1714694400000,59036.7,63333,58781.3,62853.7,353606.459
1714780800000,62853.7,64547.9,62520,63864.2,205205.199
1714867200000,63864.3,64644.3,62833,63988,185495.653
1714953600000,63987.9,65500,62655.3,63142.8,305110.067
1715040000000,63142.7,64392.2,62203.6,62296,238974.646
1715126400000,62296,62994.9,60843.6,61157.9,241651.579
1715212800000,61157.9,63447.2,60550,63050.1,242451.302
1715299200000,63050,63446.5,60117.4,60778.1,307214.96
1715385600000,60778,61491.4,60432.6,60809.2,113294.787
1715472000000,60809.2,61849.4,60557.3,61455.8,104043.897
1715558400000,61455.7,63440,60750,62912.1,261927.073
1715644800000,62912.2,63099.6,60950,61550.5,244345.274
1715731200000,61550.5,66440,61316.1,66175.4,365031.68
1715817600000,66175.4,66800,64567,65217.7,242455.324
1715904000000,65217.7,67400.6,65061.2,66980,227063.919
1715990400000,66980,67340.5,66503.2,66884.9,96931.548
1716076800000,66884.9,67750,65835.8,66239.4,148170.35
1716163200000,66239.4,71674.6,66010,71466.5,366028.078
1716249600000,71466.5,72132.8,69165.6,70168.8,263674.327
1716336000000,70168.7,70715.4,68736.8,69219.1,194160.494
1716422400000,69219.2,70133.3,66156.6,67999.9,300093.622
1716508800000,67999.9,69273.5,66639,68584.1,186681.082
1716595200000,68584,69622.8,68523.7,69314.4,85113.605
1716681600000,69314.5,69590.3,68155,68524.3,84069.824
1716768000000,68524.4,70750,68268.7,69461.6,170291.356
1716854400000,69461.5,69628,67273,68440.5,227838.44
1716940800000,68440.4,68983,67129,67686.7,158236.599
1717027200000,67686.8,69568.9,67167,68402.5,194573.899
1717113600000,68402.6,69080,66700.5,67577.9,195751.752
1717200000000,67577.9,67936,67480,67799.2,50943.058
1717286400000,67799.2,68545.9,67296.3,67805.9,102194.718
1717372800000,67805.9,70372.9,67642.6,68851.4,227676.93
1717459200000,68851.3,71146.4,68595.5,70580,216100.016
1717545600000,70580,71824.4,70423.6,71133.3,203992.034
1717632000000,71133.3,71714.8,70101.9,70830,158483.564
1717718400000,70830,72144,68405,69377,299412.37
1717804800000,69377,69613.6,69192.3,69346.5,65739.857
1717891200000,69346.6,69879,69160,69667.1,68024.1
1717977600000,69667.1,70222.7,69201.2,69558.7,127381.604
1718064000000,69558.8,69600,66000,67320.7,311984.942
1718150400000,67320.6,70028,66920,68270.3,329918.46
1718236800000,68270.3,68607.7,66251.1,66786.9,248355.461
1718323200000,66786.8,67366.5,65052.4,66039.7,239411.231
1718409600000,66039.7,66482.6,65801,66213.7,72423.755
1718496000000,66213.7,66960.3,66012.1,66653.6,80361.551
1718582400000,66653.5,67280.6,65094.9,66472.1,248420.787
1718668800000,66472.1,66558.9,64009.8,65150,335559.394
1718755200000,65149.9,65711.9,64600,64933.6,150032.669
1718841600000,64933.6,66467,64526,64854,220954.676
1718928000000,64854,65055.5,63361.2,64124,210109.601
1719014400000,64124.1,64520,63915.8,64240,53855.862
1719100800000,64240.1,64500,63137.9,63194.9,72052.293
1719187200000,63194.9,63357,58218,60273.6,445903.184
1719273600000,60273.5,62448.1,60230.5,61777.8,264647.317
1719360000000,61777.9,62465.1,60696,60860.1,170601.18
1719446400000,60860.1,62379.7,60605,61682,160172.482
1719532800000,61682.1,62204,60038,60429.8,195508.125
1719619200000,60429.8,61232,60400.1,60982.4,79680.289
1719705600000,60982.5,63058.4,60705,62766,147777.915
1719792000000,62766.1,63849,62502.2,62883.6,193937.938
1719878400000,62883.7,63284,61800,62123.6,163101.243
1719964800000,62123.5,62278.2,59299.3,60208,295303.265
1720051200000,60208,60500,56560,57045.9,445656.277
1720137600000,57045.9,57533.4,53329.5,56604.9,577193.595
1720224000000,56604.9,58472,56000,58216,178580.022
1720310400000,58216,58443,55688,55830.9,210361.981
1720396800000,55831,58200,54243.1,56686.4,464106.957
1720483200000,56686.4,58290.6,56256.2,58023.2,257237.048
1720569600000,58023.1,59449.6,57125,57707,254248.937
1720656000000,57707,59780,57030,57315.5,293106.959
1720742400000,57315.7,58500,56500.1,57870,238100.616
1720828800000,57870,59850,57728.6,59174,157884.322
1720915200000,59173.9,61412.4,59164,60766,208060.883
1721001600000,60766,64870.7,60622.6,64680.6,352222.181
1721088000000,64680.6,65388,62350,65010,375258.616
1721174400000,65010,66100,63823,64055.7,276656.393
1721260800000,64055.8,65173.8,63206.4,63959.9,215648.157
1721347200000,63960,67362.8,63266.2,66627.9,311859.805
1721433600000,66627.9,67648.7,66159.1,67095.6,123564.406
1721520000000,67095.6,68351.2,65750,68138,207228.372
1721606400000,68138,68459.7,66538.6,67499.2,192991.391
1721692800000,67499.2,67729.3,65416.5,65916.4,270430.68
1721779200000,65916.3,67087.3,65040.5,65350.8,215079.421
1721865600000,65350.7,66144,63456.7,65773,319685.441
1721952000000,65773,68200,65688.2,67882.5,235384.526
1722038400000,67882.5,69381.7,66624.5,67873.8,330982.647
1722124800000,67873.7,68300,67037,68215.5,116913.935
1722211200000,68215.5,70081,66365.8,66750,372537.818
1722297600000,66750.1,66966.6,65254.5,66159.3,246551.044
1722384000000,66159.3,66826.3,64500.4,64601.8,246389.446
1722470400000,64601.8,65650,62271.2,65328.9,372654.59
1722556800000,65329,65577,61200.2,61483.7,421628.42
1722643200000,61483.7,62166,59800,60684.6,290469.956
1722729600000,60684.5,61089.5,57040,58144.5,339512.415
1722816000000,58144.5,58286.9,48888,54003.1,1281982.0249999999
1722902400000,54003.5,56999.9,53925.3,55991.2,435953.439
1722988800000,55991.3,57699,54519.8,55102.9,377442.54
1723075200000,55102.9,62737.2,54672.4,61659.8,470117.508
1723161600000,61659.8,61726,59500,60808.6,308674.339
1723248000000,60808.6,61450,60208.5,60889.9,115593.354
1723334400000,60889.8,62000,58255.4,58693.1,202539.076
1723420800000,58693.1,60666,57615,59323.6,367126.29
1723507200000,59323.7,61545,58360,60550.5,255934.721
1723593600000,60550.4,61839.7,58367.2,58648.1,295662.808
1723680000000,58648.1,59820,55969,57511,360815.946
1723766400000,57511.1,59780.2,57062.1,58854.9,268756.529
1723852800000,58854.9,59690.2,58769.4,59468.5,77085.532
1723939200000,59468.5,60250,58352,58390,149660.264
1724025600000,58390.1,59585.4,57750,59398.5,214043.139
1724112000000,59398.4,61386,58501.1,58982.9,287049.13
1724198400000,58982.7,61793.9,58728.9,61120,270583.679
1724284800000,61120,61392,59677.6,60349.9,211098.959
1724371200000,60349.9,65000,60301.5,64019.9,382490.709
1724457600000,64020,64472.5,63522.7,64116.5,132741.902
1724544000000,64116.6,65175.4,63731.3,64190.2,115546.888
1724630400000,64190.1,64455.8,62750.2,62807.6,195977.222
1724716800000,62807.7,63196,57928.2,59384.5,339269.805
1724803200000,59384.4,60197.8,57820,59010,313788.567
1724889600000,59010,61144.9,58655,59323.2,233896.685
1724976000000,59323.3,59914.9,57525,59096.3,268276.469
1725062400000,59096.4,59436,58700,58941.9,68866.674
1725148800000,58941.9,59052.7,57123,57268.1,222909.914
1725235200000,57268.1,59412.3,57093,59112.1,201218.384
1725321600000,59112.2,59790,57320,57451.9,230196.497
1725408000000,57452,58500,55555,57944.8,326983.311
1725494400000,57944.8,58318.9,55600,56145.7,294703.592
1725580800000,56145.7,57000,52510.8,53927.7,479063.113
1725667200000,53927.7,54820.2,53725,54134.9,127686.594
1725753600000,54134.9,55300,53596.5,54839.6,162078.536
1725840000000,54839.6,58153.2,54557,57010,313094.361
1725926400000,57010.1,58033.2,56361,57609.1,228317.676
1726012800000,57609.2,57954.4,55515.2,57306,338231.445
1726099200000,57305.6,58606.6,57283.1,58097,261449.688
1726185600000,58097.1,60597,57594,60456.2,277429.492
1726272000000,60456.2,60572.9,59360.1,59964,102580.577
1726358400000,59963.9,60369.4,58654,59100.5,130524.206
1726444800000,59100.5,59182.2,57446.3,58187,250699.432
1726531200000,58187,61345,57588.8,60281,318442.066
1726617600000,60281,61765,59138,61735.3,355729.312
1726704000000,61735.3,63830.1,61534,62926.9,302382.412
1726790400000,62926.9,64126.7,62320,63175.7,257172.835
1726876800000,63175.8,63546.9,62714.2,63320.6,78248.362
1726963200000,63320.6,64000,62339,63558.4,149129.884
1727049600000,63558.5,64724.8,62534.4,63302,234343.564
1727136000000,63302.1,64666,62688.2,64243.1,236987.628
1727222400000,64243.2,64800,62910,63118.4,184950.772
1727308800000,63118.3,65800,62634.4,65139.2,321186.356
1727395200000,65139.1,66450,64788,65749.6,226404.021
1727481600000,65749.5,66237,65368.1,65822.6,92773.553
1727568000000,65822.7,66059.3,65400,65568.1,88131.799
1727654400000,65568.2,65588.8,62825,63309.1,296848.373
1727740800000,63309,64092.6,60128.2,60776.8,429817.835
1727827200000,60776.7,62355,59934.9,60622.6,327001.805
1727913600000,60622.7,61452.6,59815,60727.2,286137.212
1728000000000,60727.1,62457.1,60434.1,62054.4,234795.836
1728086400000,62054.3,62344,61648,62023.1,74330.781
1728172800000,62023.1,62961.5,61778.9,62789.3,96413.453
1728259200000,62789.2,64448.2,62091.8,62190.7,298949.375
1728345600000,62190.6,63178.7,61836,62131.7,226276.359
1728432000000,62131.8,62520.9,60251.9,60606.4,217302.173
1728518400000,60606.3,61297,58900,60293.2,262947.653
1728604800000,60293.3,63400,60057.8,62509,263691.142
1728691200000,62509,63462.6,62458,63176,102784.406
1728777600000,63176,63260,62020,62839.8,129696.156
1728864000000,62839.7,66533,62420,66064.9,338251.601
1728950400000,66064.9,67953.7,64771.7,67044.1,422005.511
1729036800000,67044,68400,66724.2,67592,254153.501
1729123200000,67592,67925.9,66600,67401.5,220272.837
1729209600000,67401.5,69000,67165,68407.8,245301.761
1729296000000,68407.8,68684.9,68000,68357.1,68632.108
1729382400000,68357.1,69425.8,68069.8,69020.1,105939.492
1729468800000,69020.2,69566,66865.9,67368.8,253437.333
1729555200000,67368.7,67825,66536.5,67406.4,218518.977
1729641600000,67406.5,67449,65222.3,66647.2,248215.058
1729728000000,66647.3,68842.5,66482,68173.8,212340.722
1729814400000,68173.8,68748,65557.2,66662.8,348511.871
1729900800000,66662.7,67450,66414.1,67071.8,94169.992
1729987200000,67071.9,68306.1,66909.4,67992.6,88468.808
1730073600000,67992.7,70331,67584.2,69940,256128.622
1730160000000,69939.9,73660,69733,72739.5,382502.06
1730246400000,72739.5,72984.9,71444.2,72349,227108.808
1730332800000,72349,72720.3,69705,70321.9,256485.328
1730419200000,70321.9,71650,68822.5,69495.5,352591.088
1730505600000,69495.4,69913.1,69022.8,69366.6,79314.105
1730592000000,69366.6,69393.7,67446.6,68762.5,226477.376
1730678400000,68762.5,69495.3,66810,67834.3,244912.166
1730764800000,67834.4,70537.4,67454.2,69353.1,273070.87
1730851200000,69353.1,76420,69272.7,75579.9,677440.286
1730937600000,75579.9,76900,74450,75859.4,280675.033
1731024000000,75859.4,77182.9,75576.3,76482.2,230370.324
1731110400000,76482.2,76920,75683.2,76675.1,117754.034
1731196800000,76675.1,81699.8,76501.1,80410,417426.899
1731283200000,80409.9,89800,80261.2,88728.9,614141.662
1731369600000,88729,90070.1,85159.9,87972,639481.584
1731456000000,87972,93421.1,86180,90413.3,555288.297
1731542400000,90413.3,91846.1,86714,87382.7,364621.68
1731628800000,87382.6,91921.5,87111,91074.6,314431.908
1731715200000,91074.6,91849.8,90120,90643.3,129023.447
1731801600000,90643.2,91539.6,88736.1,89899.9,167504.792
1731888000000,89900,92700,89422.1,90507.4,333557.11
1731974400000,90507.4,93985.9,90405.6,92335.9,303532.031
1732060800000,92335.9,94849,91500,94288,290044.227
1732147200000,94288,99100,94008.7,98366.8,418383.136
1732233600000,98366.8,99660,97199.9,98921.4,265774.067
1732320000000,98921.5,98937.3,97173.5,97725.5,120358.422
1732406400000,97725.6,98666,95822.1,97960.4,173118.84
1732492800000,97960.5,98999,92666,93064,329375.021
1732579200000,93064,95064,90866.4,92021.4,344929.233
1732665600000,92021.5,97250,91864,95905.2,237005.987
1732752000000,95905.2,96627.6,94700.1,95694.4,154007.026
1732838400000,95694.4,98713.3,95404.5,97516.3,190520.949
1732924800000,97516.2,97522.1,96150,96475.1,93074.218
1733011200000,96475.2,97933,95736.5,97265.1,113222.99
1733097600000,97265,98266,94400,95890.5,257613.911
1733184000000,95890.6,96375,93605,95913.3,206601.98
1733270400000,95913.3,99099.9,94650.8,98669.8,275949.205
1733356800000,98669.8,104630.4,90200,97001.5,580277.3909999999
1733443200000,97001.6,101988.8,96429.5,99802.5,282369.608
1733529600000,99802.5,100499,98876.9,99899.2,95858.658
1733616000000,99899.2,101457.9,98709.4,101200,109755.676
1733702400000,101200.1,101300,94039.7,97349.1,326973.59
1733788800000,97349.1,98320.6,94265.5,96602.4,291490.744
1733875200000,96602.3,101880,95650,101115.3,221807.705
1733961600000,101115.3,102538.4,99280.2,99982.4,215219.075
1734048000000,99982.3,101869.5,99149.6,101371.9,152437.318
1734134400000,101371.9,102638,100559.8,101381,107680.549
1734220800000,101381,105374.6,101200.1,104460.4,157733.916
1734307200000,104460.5,107777,103264.6,106023.2,274395.756
1734393600000,106023.2,108366.8,105252,106074.6,197773.912
1734480000000,106074.6,106484.6,99951.1,100181.1,328581.935
1734566400000,100181.2,102756.7,95681.2,97434.4,372968.463
1734652800000,97434.3,98243,92272.6,97764.4,396188.795
1734739200000,97764.5,99485,96375,97261.8,161258.48
1734825600000,97261.7,97437.9,94200,95153.5,148114.735
1734912000000,95153.4,96499,92464.4,94861.1,247211.855
1734998400000,94861,99450,93525.6,98627.2,211610.632
1735084800000,98626.9,99580.7,97570,99379.7,124696.892
1735171200000,99379.6,99950,95153,95751,194857.651
1735257600000,95750.9,97564.5,93440,94258.9,206008.243
1735344000000,94258.9,95700,94100,95259.1,67991.349
1735430400000,95259.1,95300,92961.8,93700,95047.934
1735516800000,93699.9,95031.6,91510,92759.3,222343.593
1735603200000,92759.3,96254.3,92000,93548.9,178648.116
1735689600000,93548.8,95161.2,92796.5,94580.9,91236.66
1735776000000,94580.9,97822.4,94357.4,96967.5,181645.495
1735862400000,96967.6,98949,96061.5,98145.7,125220.674
1735948800000,98145.7,98760.9,97438.2,98173.2,71914.634
1736035200000,98173.2,98852.6,97227,98340.2,74949.289
1736121600000,98340.2,102444,97872.6,102180.4,207493.329
1736208000000,102180.5,102762.1,96153,96920.3,258711.309
1736294400000,96920.2,97242.2,92500,95014.1,262012.113
1736380800000,95014,95358.7,91055.8,92505.9,257760.902
1736467200000,92506,95882.5,92173.6,94675.5,261942.954
1736553600000,94675.6,94988,93802.1,94562.5,64661.763
1736640000000,94562.4,95444,93661.1,94499.9,77298.133
1736726400000,94499.9,95934.5,88909,94485.3,361150.49
1736812800000,94485.4,97353.9,94305.4,96514.9,210263.165
1736899200000,96514.9,100658.9,96450.2,100460,222417.566
1736985600000,100460,100850,97293.6,99937.4,216802.52
1737072000000,99937.4,105784,99902,104042.5,249449.969
1737158400000,104042.6,104962.1,102242.8,104524.3,167940.092
1737244800000,104524.3,106450,99600,101311.5,280949.178
1737331200000,101311.5,110000,99501,102247.6,530508.1800000001
1737417600000,102247.7,107241.6,100097.2,106114.5,273296.828
1737504000000,106115.4,106390,103211.6,103664.9,151243.528
1737590400000,103664.9,106840.2,101211,103864.1,418154.019
1737676800000,103864,107076.5,102680,104808.1,165746.95
1737763200000,104808,105274.7,104040.6,104702,65630.163
1737849600000,104702,105496.9,102450.3,102560.1,75787.087
1737936000000,102560,103216.5,97680,102021.3,325689.874
1738022400000,102021.3,103797,100235,101279.6,169917.261
1738108800000,101279.7,104755,101269.7,103698.2,169989.952
1738195200000,103698.1,106450,103224.5,104676.9,136967.4
1738281600000,104676.9,106000,101509,102379.7,172237.817
1738368000000,102379.8,102734.9,100215,100603.6,90863.091
1738454400000,100603.6,101426,96029.6,97664.5,232934.693
1738540800000,97664.5,102456,91130.3,101293.7,455088.034
1738627200000,101293.6,101729.3,96100,97709.9,262746.203
1738713600000,97710,99124.2,96106.1,96553.2,151379.666
1738800000000,96553.2,99093,95613.5,96515.1,161521.013
1738886400000,96515,100112.4,95555,96454.5,223373.629
1738972800000,96454.5,96850,95600,96411.9,69050.432
1739059200000,96412,97301.7,94650.1,96423.6,101177.286
1739145600000,96423.6,98328,95200.1,97379.2,132932.545
1739232000000,97379.2,98482.2,94814.3,95731.4,154832.904
1739318400000,95731.4,98090.9,94003.9,97816.3,202448.079
1739404800000,97816.3,98053.8,95160.1,96560.6,142240.526
1739491200000,96560.6,98792.8,96225.7,97445.1,144452.957
1739577600000,97445.2,97941.2,97170,97538,47418.593
1739664000000,97538,97665.8,96002,96067,56684.873
1739750400000,96067,97000,95150.6,95743.2,105576.986
1739836800000,95743.1,96737.3,93321.6,95622,179173.362
1739923200000,95622,96878.7,95012.5,96598,124996.873
1740009600000,96597.9,98662.1,96366,98252.9,129180.172
1740096000000,98252.8,99431.5,94830.4,96127.9,250618.273
1740182400000,96128,96988,95701.9,96503.3,65792.15
1740268800000,96503.3,96602.9,95180.2,96218.4,69298.691
1740355200000,96218.4,96470,91300,91514.5,217488.75
1740441600000,91514.5,92500,86020.4,88639.1,472296.502
1740528000000,88639.1,89367.1,82222,84208.5,401141.821
1740614400000,84208.6,87066,82667,84668.1,269408.53
1740700800000,84668.2,85084.5,78200.2,84299.6,536343.231
1740787200000,84299.6,86516.5,83779,86007.7,146996.671
1740873600000,86007.7,94971,85015,94222.8,364711.538
1740960000000,94222,94373.4,85029,86192.7,436032.402
1741046400000,86193.3,88931,81200,87245.9,432434.798
1741132800000,87245.9,91000,86328,90566.1,279001.09
1741219200000,90566.1,92780.3,87790.5,89887.8,303058.632
1741305600000,89887.9,91257.7,84600,86753.8,452474.195
1741392000000,86753.8,86876.5,85108,86184.7,96106.187
1741478400000,86184.7,86470.6,79933.4,80688.8,221609.348
1741564800000,80690.7,84031.5,77410.1,78567.8,416386.797
1741651200000,78567.8,83600,76560,82896,390779.169
1741737600000,82896,84487,80578.5,83640.7,306171.124
1741824000000,83640.7,84307.1,79903.4,81085.4,247960.052
1741910400000,81085.5,85270.2,80772,83939.8,233544.708
1741996800000,83939.9,84625,83564.5,84302.9,76674.97
1742083200000,84303,85136,81925.6,82541.6,174630.7
1742169600000,82541.6,84727.1,82384,83962.9,182662.082
1742256000000,83963,83979.8,81113.5,82666.1,188897.749
1742342400000,82666.2,86990,82501.8,86809.8,251961.741
1742428800000,86809.8,87500,83613.6,84183.6,242943.492
1742515200000,84183.6,84813.6,83122,84050.3,144422.271
1742601600000,84050.3,84509,83589.5,83804.9,52218.652
1742688000000,83804.9,86110.9,83761.2,86044.2,90899.873
1742774400000,86044.1,88752,85478.3,87463.4,210907.484
1742860800000,87463.4,88500,86260,87369.8,173505.289
1742947200000,87369.9,88270.2,85816.3,86873.8,187956.695
1743033600000,86873.9,87722.4,85724.5,87191.2,163451.689
1743120000000,87191.2,87470,83531.7,84380.8,222284.56
1743206400000,84380.8,84589.7,81601,82604.7,135513.705
1743292800000,82604.8,83490,81501.4,82352.8,109565.925
1743379200000,82353.1,83895.8,81222,82517.5,212064.576
1743465600000,82517.5,85595.5,82383.3,85120.9,197263.176
1743552000000,85121,88500,82300,82485.1,348964.378
1743638400000,82485.1,83889.2,81172.2,83181.5,239163.519
1743724800000,83181.7,84686.2,81624.6,83861.3,353109.206
1743811200000,83861.4,84244.5,82333.8,83506.1,99574.204
1743897600000,83506.1,83790.5,77111,78390,281191.753
1743984000000,78390.1,81200,74457,79140,693843.503
1744070400000,79140.1,80832.1,76200.1,76297.9,328409.534
1744156800000,76298,83554.9,74578.5,82588,560649.862
1744243200000,82587.9,82706.9,78416,79560.2,293662.1
1744329600000,79560.3,84300,78935.5,83378.3,295777.871
1744416000000,83378.3,85884.2,82756,85237.8,158002.837
1744502400000,85237.9,86100,82991.5,83713.7,207038.38
1744588800000,83713.8,85755,83630.9,84553.9,209349.356
1744675200000,84553.9,86443,83560,83608.7,184522.182
1744761600000,83608.6,85493.5,83063.9,83990,209441.418
1744848000000,83990.1,85441.5,83700,84915,141033.195
1744934400000,84914.9,85100,84260,84421,55218.842
1745020800000,84421,85600,84317.2,85046.9,73380.566
1745107200000,85046.9,85283.6,83900,85138.8,90651.818
1745193600000,85138.9,88418.2,85100,87466,274069.871
1745280000000,87466,94142.5,87017.5,93404.9,334005.081
1745366400000,93404.9,94904.3,91898,93632.1,232748.428
1745452800000,93632.2,93980.6,91619,93931.6,157092.728
1745539200000,93931.5,95769.6,92788,94591.8,191830.477
1745625600000,94591.8,95157.1,93833,94575.7,72538.209
1745712000000,94575.7,95280.5,93547.3,93697.1,83816.183
1745798400000,93697,95578.8,92700,94969,194420.716
1745884800000,94969,95426.4,93678.7,94200.1,147831.794
1745971200000,94200.1,95186.5,92848.1,94125.1,170929.31
1746057600000,94125.2,97388,94086.7,96423.3,184526.755
1746144000000,96423.2,97865.4,96283.1,96831.2,139197.526
1746230400000,96831.2,96868.4,95700,95803.3,71420.629
1746316800000,95803.3,96266.6,94116.4,94230.2,94260.877
1746403200000,94230.2,95165.1,93445.1,94696.7,154902.375
1746489600000,94696.7,96879.5,93327,96798.9,173683.066
1746576000000,96798.9,97700,95718.5,96988.4,185267.142
1746662400000,96988.4,104305.3,96831.5,103228.1,317422.469
1746748800000,103228,104373,102240,102941.9,172883.922
1746835200000,102941.9,105000.1,102784,104788.8,104384.537
1746921600000,104788.8,104950,103283.3,104072.7,139136.421
1747008000000,104072.7,105863.1,100678,102739.3,256542.699
1747094400000,102739.3,104949.2,101400,104082,162368.328
1747180800000,104082,104319,102536,103458.1,126264.097
1747267200000,103458.1,104162.8,101270.8,103714.5,176344.106
1747353600000,103714.2,104524.2,103062.3,103412.2,115513.049
1747440000000,103412.2,103658,102541.6,103079.6,90372.669
1747526400000,103079.5,106629.8,103052.2,106407.6,173224.284
1747612800000,106407.5,107114.3,102038.8,105531.6,257825.604
1747699200000,105531.5,107292.5,104115.2,106800.1,226187.246
1747785600000,106800,110830,106037.9,109609.5,413589.854
1747872000000,109609.6,111959.5,109153.4,111662.7,246067.033
1747958400000,111662.6,111770.4,106721.9,107271.5,279480.347
1748044800000,107271.6,109440.2,106836,107698.9,165158.758
1748131200000,107699,109285.1,106497,108955.9,159465.803
1748217600000,108956,110400,108616.6,109386.8,146992.22
1748304000000,109386.8,110700,107438,108889.3,223599.905
1748390400000,108889.2,109252.6,106723.9,107723.1,158417.759
1748476800000,107723.1,108860,105054.2,105539.9,213101.255
1748563200000,105539.9,106266,103555,103950,219701.302
1748649600000,103949.9,104859.3,103032.1,104544.7,103607.84
1748736000000,104544.6,105823.6,103704.1,105583.3,97420.24
1748822400000,105583.3,105900,103600.6,105814.3,158252.918
1748908800000,105814.4,106775,104822.4,105330.1,139216.007
1748995200000,105330.1,105967.2,104111.7,104641.8,118534.125
1749081600000,104641.8,105878.3,100305.1,101458.6,246238.674
1749168000000,101458.7,105283,101003.4,104240,174300.906
1749254400000,104240.1,105878.3,103800.1,105507.5,79833.173
1749340800000,105507.5,106482.6,104927.4,105676.5,75105.104
1749427200000,105676.5,110653.6,105253.2,110227.9,192956.409
1749513600000,110228,110367.2,108282,110235.4,152216.974
1749600000000,110235.4,110350,108001.2,108600,134422.321
1749686400000,108600.1,108782.1,105602,105609.5,185790.19
1749772800000,105609.4,106141.1,102614,106027.3,245935.413
1749859200000,106027.3,106173.6,104225.4,105359.9,79911.57
1749945600000,105359.8,106099.4,104399.9,105534.6,78819.399
1750032000000,105534.7,108900,104920,106750.1,166813.219
1750118400000,106750.1,107727.4,103300,104508,226051.863
1750204800000,104508,105500,103426.1,104832.8,172706.399
1750291200000,104832.8,105185.7,103870.3,104607.1,87710.605
1750377600000,104607.1,106486.2,102255.3,103246.1,199102.135
1750464000000,103246.1,103940.6,100789.9,102079.8,120771.35
1750550400000,102079.8,103362.6,98115.4,100904.7,293562.636
1750636800000,100904.7,106050,99547.6,105290.9,297222.041
1750723200000,105291,106239,104570.8,106034.9,144449.887
1750809600000,106034.9,108095.7,105755.6,107280,159277.823
1750896000000,107280.1,108249.9,106500,106913.7,114433.386
1750982400000,106913.8,107686,106313.1,107010.7,118637.45
1751068800000,107010.6,107538,106767,107241,35670.419
1751155200000,107240.9,108499,107112.6,108309.8,79448.325
1751241600000,108309.8,108783.9,106686.4,107087.4,114681.386
1751328000000,107087.3,107499.9,105182.6,105637.9,120434.401
1751414400000,105637.9,109690.4,105010,108800,177567.261
1751500800000,108800,110484,108480.6,109545.2,141487.997
1751587200000,109545.1,109732.3,107200,107935.4,132305.847
1751673600000,107935.3,108368.1,107688.3,108153.4,36660.948
1751760000000,108153.4,109684.7,107743.4,109145.8,72388.603
1751846400000,109145.8,109667.3,107456,108203.9,106397.578
1751932800000,108203.9,109180,107400,108873.1,95156.027
1752019200000,108873.2,112036.8,108273.5,111199.9,167834.731
1752105600000,111199.8,117500,110432.2,115979.2,225570.213
1752192000000,115979.2,118882.8,115186.7,117500,199819.357
1752278400000,117500,118176.9,116862.4,117389.3,63722.472
1752364800000,117389.4,119655,117164.3,119038.3,90052.381
1752451200000,119038.3,123300,118862.6,119816.5,221556.12
1752537600000,119816.5,119919.4,115678.1,117738.5,269977.446
1752624000000,117738.6,120100,117017.1,118590.7,159165.948
1752710400000,118590.7,120951.5,117412.8,119176.6,164274.401
1752796800000,119176.5,120846.1,116788.9,117896.4,162246.906
1752883200000,117896.5,118456,117245.9,117814.4,52531.193
1752969600000,117814.3,118856.6,116370.1,117216,82380.582
1753056000000,117216.1,119720.6,116454.1,117330.2,141885.848
1753142400000,117330.2,120300.1,115865,119993.7,186832.45
1753228800000,119993.7,120146.5,117250,118713.5,136986.897
1753315200000,118713.4,119469.9,117050.2,118294.3,137377.613
1753401600000,118294.4,118410.8,114667.3,117583.5,260386.754
1753488000000,117583.4,118300,117114.2,117889.2,57218.604
1753574400000,117889.3,119766,117800.8,119423.4,75978.959
1753660800000,119423.5,119812,117388,118041.4,106712.329
1753747200000,118041.5,119258.7,116923,117897,115263.463
1753833600000,117897.1,118763.5,115700,117771,124917.857
1753920000000,117771.1,118910,115373.9,115697.3,135037.467
1754006400000,115697.3,116000,112660,113244.8,221282.099
1754092800000,113244.8,114000,111910,112508.8,102459.448
1754179200000,112508.8,114730,111850,114150.8,63183.869
1754265600000,114150.9,115686,114053.8,115002.1,83328.591
1754352000000,115002.1,115073.3,112582.4,114069.6,119316.428
1754438400000,114069.6,115674.2,113304.5,114941,98598.67
1754524800000,114941,117580,114211.4,117419.9,134409.055
1754611200000,117419.9,117591.8,115850,116628.2,89828.611
1754697600000,116628.2,117906.7,116304,116422.1,77924.534
1754784000000,116422.1,119291.9,116413.2,119255.3,130331.779
1754870400000,119255.3,122450,118050,118641.9,217088.254
1754956800000,118641.8,120270,118154.3,120081,125708.555
1755043200000,120080.9,123715.9,118829,123323.9,188073.873
1755129600000,123323.9,124545.6,117004,118242.2,259801.57
1755216000000,118242.2,119184,116736.3,117279.2,120542.357
1755302400000,117279.1,117857.1,117089.7,117329.7,46674.42
1755388800000,117329.8,118558,117121.6,117353.8,54386.804
1755475200000,117353.9,117499.4,114605,116183.6,147219.779
1755561600000,116183.6,116687.7,112666.6,112824.2,141024.287
1755648000000,112824.1,114569,112301.8,114220.5,130522.37
1755734400000,114220.5,114777,111944,112462.2,96406.356
1755820800000,112462.2,117397.4,111625.9,116897.5,199447.977
1755907200000,116897.5,116988,114510,115377.1,78419.415
1755993600000,115377.1,115640,110484,113446.3,133388.002
1756080000000,113446.2,113621.3,109219.8,110064,204839.785
1756166400000,110064.1,112330,108559.7,111709.9,145041.438
1756252800000,111710,112568.5,110306.9,111194.9,114205.122
1756339200000,111194.9,113429,110811,112507.3,97630.277
1756425600000,112507.3,112585.7,107411.4,108332.4,179725.172
1756512000000,108332.4,108879.6,107281,108757.9,60656.883
1756598400000,108758,109439.9,108021,108208.4,70149.546
1756684800000,108208.4,109874.8,107211.5,109187.9,150280.626
1756771200000,109187.9,111742.1,108333,111188,175961.356
1756857600000,111187.9,112541.2,110486.9,111659.8,105504.421
1756944000000,111659.7,112136.8,109269.1,110679.4,122300.369
1757030400000,110679.5,113344.3,110153.3,110614.9,193375.404
1757116800000,110614.8,111256.2,109850,110135.3,46282.516
1757203200000,110135.2,111559.5,110120.5,111076,53840.584
1757289600000,111075.5,112867.6,110566.5,112012.6,99117.859
1757376000000,112012.7,113238,110714.9,111499.9,137275.133
1757462400000,111499.9,114287.9,110855.8,113896.8,151901.539
1757548800000,113896.8,115439,113340.7,115427,113066.078
1757635200000,115427,116605.7,114681.5,115978.4,119013.718
1757721600000,115978.4,116245.4,115032,115862.7,52529.59
1757808000000,115862.7,116118.6,115057,115210,55087.99
1757894400000,115210,116759.9,114338.5,115300.6,117911.279
1757980800000,115300.5,116910.8,114600,116747.3,99446.184
1758067200000,116747.3,117266.4,114623.3,116402.5,158125.07
1758153600000,116402.6,117875.2,116033.5,117017.1,107215.717
1758240000000,117017.1,117406.8,115049.9,115569.5,88151.649
1758326400000,115569.6,116059.2,115343,115624.9,32355.678
1758412800000,115625,115778,115137.6,115183.9,32793.431
1758499200000,115183.9,115344.6,111469.2,112604.7,159461.568
1758585600000,112604.7,113254.8,111405.1,111947,102258.264
1758672000000,111947,113895.8,110935,113254,105314.096
1758758400000,113253.9,113462.1,108574.1,108934.5,178663.741
1758844800000,108934.6,110250,108566,109588.5,112277.659
1758931200000,109588.5,109700,109021.9,109577.3,35871.924
1759017600000,109577.2,112300,109136.5,112119.6,77247.963
1759104000000,112119.7,114377.2,111501,114257.1,125405.709
1759190400000,114257.1,114800,112615.3,113988.8,119320.015
1759276800000,113988.7,118631.8,113899.4,118552.4,172989.429
1759363200000,118552,120999,118226.4,120481.3,145456.938
1759449600000,120481.3,123900,119200,122182.7,167880.262
1759536000000,122182.6,122781.1,121432,122343.2,70479.21
1759622400000,122343.2,125877.3,122088.1,123426.7,162571
1759708800000,123426.7,126208.5,123018.5,124628.5,140201.329
1759795200000,124628.6,125098,120516,121286.5,181899.347
1759881600000,121286.6,124170.6,121005.3,123237.5,127099.786
1759968000000,123237.4,123740.1,119572.8,121579.3,163596.38
1760054400000,121579.4,122497,101516.5,112714.9,391963.632
1760140800000,112715,113300.1,109501,110579.1,163671.59
1760227200000,110579.1,115730.3,109509.3,114894.4,217928.037
1760313600000,114894.5,115912,113600.5,115111.9,195996.783
1760400000000,115112,115360.2,109802,112983.8,259244.496
1760486400000,112983.9,113576.1,110096.9,110699,131777.09
1760572800000,110699.1,111960,107350,108129.4,193544.785
1760659200000,108129.4,109199.8,103470,106378.6,242789.692
1760745600000,106378.5,107452.6,106270,107117.5,68509.903
1760832000000,107117.5,109399.9,106055.8,108586.2,113473.72
1760918400000,108586.2,111650,107377.2,110469.9,139646.949
1761004800000,110469.9,113940,107400,108253.7,241127.426
1761091200000,108253.8,109160,106360.3,107532,180893.983
1761177600000,107532.1,111240,107462.9,110025.9,129640.717
1761264000000,110026,112086,109650,110965.4,110759.532
1761350400000,110965.4,111903.9,110600.5,111589.4,45269.483
1761436800000,111589.4,115521.7,111200,114497.8,97335.387
1761523200000,114497.9,116380.2,113792.4,114064.1,118611.612
1761609600000,114064.2,116074.3,112121.4,112833.5,131088.84
1761696000000,112833.5,113593,109026.4,109985.6,163920.866
1761782400000,109985.6,111565.1,106200,108263.5,205753.644
1761868800000,108263.6,111233,108226.6,109557.3,152063.776
1761955200000,109557.2,110557,109351.5,110047.2,41614.221
1762041600000,110047.3,111216,109368.9,110494.9,61109.173
1762128000000,110494.9,110711,105300,106544,174258.047
1762214400000,106544,107271.9,98888.8,101450.3,281742.16
1762300800000,101450.2,104497.6,98909.7,103837,167770.094
1762387200000,103837,104210.2,100238.4,101305.6,145029.821
1762473600000,101305.6,104070.7,99200,103305.2,163967.458
1762560000000,103305.3,103373.8,101400.1,102269.3,70691.949
1762646400000,102269.3,105440,101300,104670.6,92367.67
1762732800000,104670.7,106666,104205.9,105966.3,120403.538
1762819200000,105966.3,107473.7,102400,103005.8,132603.774
1762905600000,103005.8,105297,100711,101605.8,140876.276
1762992000000,101605.8,104024.6,97959,99654.3,236046.799
1763078400000,99654.3,99862.8,93955,94544.9,287072.783
1763164800000,94544.9,96800,94523.9,95560.3,90220.319
1763251200000,95560.4,96600,92922.8,94221.7,135749.509
1763337600000,94221.7,96012.2,91250,92169.7,205161.285
1763424000000,92169.8,93799.1,89012,92916.9,232691.156
1763510400000,92916.8,92944.8,88564.4,91508.9,226438.45
1763596800000,91509,93150,86066.6,86601.3,276513.027
1763683200000,86601.4,87465.4,80600,85093.5,449804.324
1763769600000,85093.6,85599.9,83456,84689.4,94197.055
1763856000000,84689.4,88100,84622,86807.7,138930.073
1763942400000,86807.6,89177.3,85226.4,88247.1,211113.332
1764028800000,88247.1,88477.6,86061.1,87324.1,149637.655
1764115200000,87324.1,90655.4,86260.9,90438.1,159146.533
1764201600000,90438,91931.9,90024.4,91292.2,113685.232
1764288000000,91292.2,93080,90155,90847.8,146920.347
1764374400000,90847.8,91130,90092.7,90765,54196.679
1764460800000,90764.9,91934.4,90300,90320.6,66139.718
1764547200000,90320.5,90396.9,83786,86241.6,296847.166
1764633600000,86241.5,92273.2,86140.1,91249.1,228101.165
1764720000000,91249.1,94185,90954.8,93376.7,201298.317
1764806400000,93376.8,94040,90822.5,92034.7,146772.427
1764892800000,92034.7,92665.5,87976.3,89288.5,179125.057
1764979200000,89288.6,90257.3,88870.1,89197.1,56826.867
1765065600000,89197.1,91722,87688,90345.4,129592.005
1765152000000,90345.4,92262.6,89553.8,90610.8,152474.739
1765238400000,90610.8,94555,89368.9,92638.4,181930.263
1765324800000,92638.3,94443.7,91520,91977.5,160488.78
1765411200000,91977.5,93547.3,89200,92477.5,191148.068
1765497600000,92477.6,92719,89429,90229.6,144844.11
1765584000000,90229.7,90599,89711.9,90191.3,36237.733
1765670400000,90191.3,90440,87504.3,88118.8,92086.654
1765756800000,88118.8,89972.4,85073,86389.9,194216.045
1765843200000,86390,88143.9,85226,87826.3,142225.048
1765929600000,87826.3,90363.2,85261.3,86201.6,208646.748
1766016000000,86201.6,89447.9,84408.6,85469.7,229573.679
1766102400000,85469.8,89374.6,85062.7,88100,178284.494
1766188800000,88100,88551.8,87698.5,88320.8,35973.848
1766275200000,88320.7,89050,87548.5,88621.3,67624.388
1766361600000,88621.3,90599,87845,88581.5,154693.469
1766448000000,88581.5,88904.9,86536,87463,133657.948
1766534400000,87463.1,88033.3,86355,87627.3,81543.508
1766620800000,87627.4,88594,86902.1,87182.8,57796.252
1766707200000,87182.8,89557.6,86619.9,87318.2,149971.737
1766793600000,87318.3,87956.9,87203,87829.4,27294.109
1766880000000,87829.5,88078.3,87402.6,87920.5,37359.964
1766966400000,87920.4,90373.4,86760,87203.3,190004.209
1767052800000,87203.2,89355,86789,88455.3,126745.26
1767139200000,88455.2,89192.8,87189.2,87608.2,96768.357
1767225600000,87608.3,88881.4,87508.4,88800,47941.303
1767312000000,88800,90945.1,88324.4,89951.4,176662.448
1767398400000,89951.5,90716.9,89261.2,90595.8,56891.269
1767484800000,90595.8,91779.7,90595.7,91497.1,73773.029
1767571200000,91497.2,94760.3,91476.5,93822.4,189416.312
1767657600000,93822.3,94415.4,91209,93708,187443.05
1767744000000,93708.1,93708.1,90634.1,91328,148986.85
1767830400000,91328.1,91666,89242,91059.8,168475.944
1767916800000,91059.8,91999,89632.8,90603.6,140394.677
1768003200000,90603.7,90800,90351.6,90469.6,25270.741
1768089600000,90469.7,91252.5,90175.3,90964.4,43544.382
1768176000000,90964.4,92488,90066,91252.6,169237.383
1768262400000,91252.5,96863.7,91011,95375.2,200545.918
1768348800000,95375.2,97932.1,94413.4,96907.9,182043.491
1768435200000,96908,97155,95080,95567.3,149204.741
1768521600000,95567.4,95825,94234.5,95503.7,101218.089
1768608000000,95503.8,95621.9,94977.5,95107.9,38969.233
1768694400000,95107.9,95490,93550.3,93614,62580.393
1768780800000,93614,93614.1,91800,92589.6,108237.056
1768867200000,92589.6,92845,87787.2,88390.6,188076.2
1768953600000,88390.7,90599.5,87205.5,89411.4,208082.615
1769040000000,89411.4,90327.7,88465.6,89518.5,105914.221
1769126400000,89518.4,91195,88530,89558.7,124825.85
1769212800000,89558.7,89893.9,89116.9,89180.7,30735.937
1769299200000,89180.7,89281.6,86021.7,86628.9,124879.363
1769385600000,86628.9,88834.1,86463.2,88300.6,134609.491
1769472000000,88300.6,89499,87265.4,89197.8,117926.114
1769558400000,89197.8,90592.7,88786,89261.7,123884.859
1769644800000,89261.7,89316.8,83338.3,84604.7,226761.591
1769731200000,84604.7,84697.2,81000,84211.4,254794.516
1769817600000,84211.4,84239.5,75500,78706.8,271548.511
1769904000000,78706.7,79396.8,75644,76931.5,186984.08
1769990400000,76931.6,79311,74555,78692.5,259646.414
1770076800000,78692.5,79163,72889.2,75732.4,307725.516
1770163200000,75732.4,76952.5,71838,73137.4,293124.639
1770249600000,73137.5,73316.3,62233.3,62868.1,670089.741
1770336000000,62868.1,71714.4,59800,70544.5,559182.769
1770422400000,70544.5,71690,67250,69254.2,266663.651
1770508800000,69254.3,72300,68843.7,70288.1,162753.587
1770595200000,70288.2,71434.9,68271.7,70110.5,222442.828
1770681600000,70110.6,70499.9,67883,68805.3,183872.609
1770768000000,68805.3,69262.7,65718.5,67054.4,256625.524
1770854400000,67054.8,68385,65081,66243.1,199993.259
1770940800000,66243.2,69473.7,65833.9,68821.5,183043.289
1771027200000,68821.5,70557.7,68689.1,69795.4,114534.246
1771113600000,69795.4,70938.5,68029.6,68796.9,151250.13
1771200000000,68796.9,70110.9,67250,68862.5,149579.748
1771286400000,68862.6,69228.6,66588,67475.9,149185.122
1771372800000,67475.9,68438,65826.1,66422.8,163973.391
1771459200000,66422.8,67299.4,65595.7,66974,147432.601
1771545600000,66973.9,68283.7,66408.1,67979.3,225303.971
1771632000000,67979.3,68687,67488.9,67933.1,87495.493
1771718400000,67933.2,68220,67150,67613.5,84343.422
1771804800000,67613.6,67655.8,63860,64625.8,277151.296
1771891200000,64625.8,64980,62401.7,64031.3,223150.569
1771977600000,64031.4,69999,63876,67952.5,299238.818
1772064000000,67952.5,68850,66462,67448.2,177837.055
1772150400000,67448.1,68188.8,64875.6,65836,205957.364
1772236800000,65836,67735,62979.5,66937.1,257922.786
1772323200000,66937,68189,65011,65750,219111.436
1772409600000,65749.9,70100,65234.4,68801.8,277378.032
1772496000000,68801.8,69221.6,66080,68295.3,257469.9
1772582400000,68295.2,74046.5,67350,72641.4,357143.496
1772668800000,72641.4,73539.1,70612.8,70854.8,226168.28
1772755200000,70854.8,71387.5,67712.3,68083,213382.703
1772841600000,68083,68524.9,66850.1,67232.1,94570.162
1772928000000,67232.1,68171.6,65569.2,65934.3,155747.973
1773014400000,65934.3,69498,65770.5,68394.1,237211.547
1773100800000,68394,71748.1,68345,69901.9,265674.484
1773187200000,69901.8,71286,68932.9,70150,195627.956
1773273600000,70150,70756.5,69150,70480.1,186490.593
1773360000000,70480.1,73870,70342.7,70895.5,300232.121
1773446400000,70895.5,71272.3,70256,71174.4,79283.014
1773532800000,71174.4,73199.9,70815.7,72778.9,126474.242
1773619200000,72778.8,74880,72235.6,74846.4,269076.99
1773705600000,74846.4,75998.9,73330.3,73872.4,218278.973
1773792000000,73872.3,74633,70456,71202.9,226755.469
1773878400000,71202.9,71598.3,68750,69887.4,218646.177
1773964800000,69887.4,71342.2,69350,70472.7,186241.517
1774051200000,70472.6,71077.7,68511.3,68881.5,74084.886
1774137600000,68881.5,69555.8,67300,67830.6,134880.564
1774224000000,67830.7,71789.8,67400.1,70865.9,291099.678
1774310400000,70866,71377.5,68884.5,70523.9,196191.95
1774396800000,70524,71999.9,70375,71297.5,166515.849
1774483200000,71297.5,71408.1,68115.8,68788,186473.614
1774569600000,68788.1,69142.7,65501,66364.2,212351.048
1774656000000,66364.1,67284,65888,66334.8,89373.492
1774742400000,66334.8,67100,64918.2,65977.9,110278.396
1774828800000,65978,68148.4,65754.2,66764.4,187059.065
1774915200000,66764.4,68600,65938,68241.5,243333.085
1775001600000,68241.4,69288,67534.9,68086.5,157276.22
1775088000000,68086.4,68639.1,65676.1,66868.5,188358.921
1775174400000,66868.6,67350,66240,66930,79267.833
1775260800000,66930,67554.5,66745.5,67271,50770.337
1775347200000,67271.1,69108,66575.5,68997.9,104918.169
1775433600000,68997.9,70332.5,68227.5,68817.9,166757.236
1775520000000,68817.9,72743.4,67711,71890.2,232828.247
1775606400000,71890.2,72858.5,70671.6,71038.1,183378.492
1775692800000,71038.2,73128,70428,71750.4,175806.457
1775779200000,71750.4,73450,71382.1,72917.4,156569.666
1775865600000,72917.4,73773.4,72451.9,73013.4,80169.67
1775952000000,73013.4,73094.4,70458.2,70711.1,134822.989
1776038400000,70711.2,74870,70517.3,74385,213029.519
1776124800000,74384.9,76009,73766.8,74106.9,183261.49
1776211200000,74106.9,75425.6,73449,74776.2,131029.771
1776297600000,74776.3,75500,73256.8,75106.8,158397.725
1776384000000,75106.8,78300,74480,77030.6,239395.915
1776470400000,77030.6,77380,75395.9,75653.8,105894.391
1776556800000,75653.8,76200,73700.2,73758.4,128978.211
1776643200000,73758.4,76531,73669,75790.1,166149.667
1776729600000,75790.1,76999,74777.9,76288.2,164760.987
1776816000000,76288.3,79444,76078.6,78139.8,191087.096
1776902400000,78139.7,78648,76504.6,78216.8,172485.012
1776988800000,78217.4,78546,77206.8,77395.4,127783.005
1777075200000,77395.3,77847,77100,77585,46592.486
1777161600000,77585,78994.8,77280,78613.5,79943.305
1777248000000,78614.4,79455,76400,77331.2,169100.883
1777334400000,77331.2,77450,75635.6,76298.1,103918.877
1777420800000,76298.2,77873.2,74868,75749.9,186533.503
1777507200000,75749.9,76630.3,75273.5,76305.4,99754.46
1777593600000,76305.4,78879.9,76265.4,78192,152998.306
1777680000000,78191.9,79145,77979.3,78652.9,51441.108
1777766400000,78652.8,79428.9,78027,78529,72033.621
1777852800000,78529,80771.7,78128.3,79826.1,280916.582
1777939200000,79826.1,81745.4,79761.2,80861.9,170921.528
1778025600000,80861.9,82828.7,80651.2,81390.1,158200.508
1778112000000,81390,81680.6,79461.5,79969.4,134727.652
1778198400000,79969.5,80478,79137.4,80155.2,106762.913
1778284800000,80155.2,81043.2,80080,80634,55957.334
1778371200000,80634,82460.5,80225.1,82177.7,94950.803
1778457600000,82177.7,82350,80394,81699.1,121990.421
1778544000000,81699.1,81757.3,79801,80461,121313.956
1778630400000,80461,81270.2,78713.8,79288.3,139700.645
1778716800000,79288.2,81999,78869.4,81048.9,175883.625
1778803200000,81048.8,81623.8,78610,79074,153823.505
1778889600000,79074,79199.7,77601.8,78104.2,86150.451
1778976000000,78104.3,78564.3,76666,77430.4,86217.669
1779062400000,77430.4,77757.5,76014.2,76963.2,178363.499
1779148800000,76963.2,77384.6,76107.1,76799.9,99046.639
1779235200000,76800,77825.8,76485,77510.3,107607.406
1779321600000,77510.3,78180,76696.7,77586.2,117095.161
1779408000000,77586.3,77862.7,75322,75513.1,116206.213
1779494400000,75513.1,77427,74203.6,76715.2,153827.753
1779580800000,76715.3,77600,76056,77030.3,91134.277
1779667200000,77030.3,77887.9,76871.4,77281.5,76708.408
1779753600000,77281.5,78077.1,75641.2,75905.5,164920.082
1779840000000,75905.6,76155.5,74210,74418.1,144715.461
1779926400000,74418,74565.3,72556,73591.4,179445.677
1780012800000,73591.4,74293.1,72436,73428.2,146157.182
1780099200000,73428.2,74108.8,73130.1,73856.8,52543.686
1780185600000,73856.9,74250,73340.7,73653.2,58241.459
1780272000000,73653.2,74070.5,70650.9,71391.5,213471.128
1780358400000,71391.5,71397,66150.7,66730,346702.152
1780444800000,66730.1,67493.8,64050.8,64117.7,310901.538
1780531200000,64117.7,64739.8,61344.8,63853.4,431174.611
1780617600000,63853.4,63955,59080,61022,478161.885
1780704000000,61022,61500,59451.3,60849.7,174760.843
1780790400000,60849.7,64250,60708,63298.5,217479.033
1780876800000,63299,64179.5,62377,63057.9,184441.053
1780963200000,63057.9,63499.9,60755,61695,221399.474
1781049600000,61694.9,62840.2,60691.9,61483.7,193054.264
1781136000000,61483.6,63915.3,61483.6,63597.9,193994.574
1781222400000,63598,64362.6,62800,63547,145723.782
1781308800000,63547,64738,63360,64418.2,76161.387
1781395200000,64418.3,65775,63650,65702.1,116733.458
1781481600000,65702.1,67255.4,65314.3,66285.9,167952.941
1781568000000,66285.9,66956.7,65328.8,65644.8,129106.426
1781654400000,65644.8,66419.2,63881.2,64472.9,199486.299
1781740800000,64472.9,64780,62232.1,62924.1,187698.716
1781827200000,62924,63645,62237.2,63512.6,112226.881
1781913600000,63512.5,64370.9,63136.2,64270,95676.696
1782000000000,64270.1,64568,63220,63287.1,84982.076
1782086400000,63287.2,65597.2,63286.2,63990.2,161843.008
1782172800000,63990.1,64247.2,61870,62696.7,172919.239
1782259200000,62696.7,63209.6,59060,61051.2,278097.304
1782345600000,61051.2,61931.1,58030,59771.9,301830.174
1782432000000,59772,60734,58288,60072,282095.151
1782518400000,60071.9,60924.7,59819.8,60000.3,81302.593
1782604800000,60000.4,60543.3,58888,59550.2,103598.697
1782691200000,59550.2,60758.3,58850,60224.7,227776.275
1782777600000,60224.7,60250,58160,58605.4,191646.301
1782864000000,58605.4,61322,57758.6,59999.6,263938.481
1782950400000,59999.6,62180,59555,61540.6,235950.072
1783036800000,61540.5,62957.2,61229,62565.5,132498.494
1783123200000,62565.5,63450,62302.6,63114.8,79649.524
1783209600000,63114.9,63990.7,62410.1,63617.1,92627.144
1783296000000,63617.2,64691.9,61297,64023.6,242793.799
1783382400000,64023.5,64298.1,62638,63335.4,177205.838
1783468800000,63335.4,63740.2,61520,62255.3,163095.725
1783555200000,62255.1,63484.9,61666,63197,150854.293
1783641600000,63197.1,64680,62897,64129.5,138788.057
1783728000000,64129.5,64497.4,63668.8,63783,53674.895
1783814400000,63783.1,64271.9,63602.8,63750,60091.946
1783900800000,63749.9,64411.8,61806,62307,195782.223
1783987200000,62307,65130,62240.9,65014.7,190875.183
1784073600000,65014.6,65589.7,64450.9,64721.4,132223.614
1784160000000,64721.4,64974.5,63712.6,63801,130469.462
1784246400000,63801.1,64356.7,62505.1,63909.9,165852.813
1784332800000,63909.9,64837.4,63859.6,64806.7,49226.738
1784419200000,64806.7,64948.8,64259.5,64694.7,62795.03
1784505600000,64694.8,65788,63736.1,65224.8,179506.147
1784592000000,65224.7,66924.1,65115.3,66522.4,138894.915
1784678400000,66522.3,66711,65505,66082,116810.615
1784764800000,66082,66284.1,64636,65069.6,124767.778
1784851200000,65069.6,65780,63666,64116.5,147537.472
1784937600000,64116.5,64417.1,63760.5,64338.1,46247.634
1785024000000,64338,65555,64256.4,65375.1,65763.163
1785110400000,65375.2,65722.5,63567,63720.8,147831.733
1785196800000,63720.7,64084.5,62660.1,63903.6,144273.862
1785283200000,63903.6,64715.9,63234,63958.9,179976.299
1785369600000,63958.9,65157,63576.4,64750,112855.732
1785456000000,64750,65391.3,62410.5,62859.9,174964.935
