timestamp_ms,open,high,low,close,volume
1609459200000,9.264,9.445,8.097,8.287,50583028.700000003
1609545600000,8.287,9.876,7.888,9.213,64951391.200000003
1609632000000,9.213,10.558,8.862,10.187,57323818.299999997
1609718400000,10.188,10.584,8.666,9.524,47943722.200000003
1609804800000,9.524,10.09,9.005,9.727,28997019.6999999993
1609891200000,9.736,10.55,9.463,10.082,30740975.8000000007
1609977600000,10.089,10.757,9.35,9.66,32630386.8999999985
1610064000000,9.663,9.846,8.8,9.303,25356450.5
1610150400000,9.306,9.866,9.051,9.756,17809407.1999999993
1610236800000,9.762,10.036,8.635,9.306,22581383.8000000007
1610323200000,9.306,9.341,7.08,8.269,49149219.200000003
1610409600000,8.262,8.717,7.927,8.299,17754425.6000000015
1610496000000,8.301,11.423,7.98,10.955,41110779.5
1610582400000,10.964,14.799,10.9,14.5,65840041.8999999985
1610668800000,14.53,15.021,11.771,13.158,69143443.5
1610755200000,13.158,19.492,13.152,17.943,85164987.799999997
1610841600000,17.946,18.252,16.281,17.091,50857981.799999997
1610928000000,17.09,18.25,15.801,16.601,30254407.6000000015
1611014400000,16.595,17.579,16.019,16.411,25134220.8999999985
1611100800000,16.411,18.273,14.8,18.017,43651933.3999999985
1611187200000,18.022,18.2,14.936,16.01,48007550.6000000015
1611273600000,16.016,18.021,14.666,17.134,39246882
1611360000000,17.134,18.848,16.804,18.771,32037873.3000000007
1611446400000,18.774,18.786,17.23,18.002,20148331.3999999985
1611532800000,18.003,19.17,17.082,17.216,23728209.3999999985
1611619200000,17.215,17.809,16.03,17.117,17951438.1999999993
1611705600000,17.123,17.148,15.065,15.451,22808197.8999999985
1611792000000,15.448,17.506,15.276,16.896,19734954.3999999985
1611878400000,16.897,17.82,16,16.831,21195359.1999999993
1611964800000,16.833,17.099,16.126,16.55,12136769.3000000007
1612051200000,16.553,17.602,15.655,16.144,13949745.9000000004
1612137600000,16.144,16.579,15.703,16.468,10333533.0999999996
1612224000000,16.466,17.704,16.065,17.213,18555700.3999999985
1612310400000,17.216,20.97,16.864,20.88,38717930.200000003
1612396800000,20.879,21.946,19.01,19.695,35648972.700000003
1612483200000,19.695,21.472,19.377,20.881,25124472.5
1612569600000,20.873,21.509,19.839,20.405,17725677.8000000007
1612656000000,20.405,20.85,18.403,19.765,20961242.6000000015
1612742400000,19.765,23.777,19.2,23.04,34084912.5
1612828800000,23.05,24.269,22.25,23.126,18748202.3000000007
1612915200000,23.116,25.053,21.789,23.615,27330060.5
1613001600000,23.616,25.8,23.23,25.06,21511694.6999999993
1613088000000,25.063,29.85,24.525,28.702,24039557.8000000007
1613174400000,28.705,30.328,27.232,28.073,21188201.6000000015
1613260800000,28.077,29.517,26.41,26.931,15452172.9000000004
1613347200000,26.939,29.641,23,27.831,28367677.6999999993
1613433600000,27.842,31.1,26.797,30.12,27106901.1999999993
1613520000000,30.129,32.547,29.655,31.988,20888293.6999999993
1613606400000,31.987,32.699,30.581,31.156,10578478.3000000007
1613692800000,31.155,35.098,29.553,34.872,19566331.1000000015
1613779200000,34.878,42.395,34.752,38.979,35310361
1613865600000,38.976,40.636,38.095,39.632,18338418.6999999993
1613952000000,39.629,39.815,30.038,37.663,31628718.6999999993
1614038400000,37.66,37.904,26.116,34.544,40564480.5
1614124800000,34.554,36.84,31.839,33.642,23026108.6000000015
1614211200000,33.656,35.263,30.86,31.24,16301674.8000000007
1614297600000,31.255,33.528,27.953,31.449,28569767.8999999985
1614384000000,31.444,35.7,31.335,33.491,25696093.8999999985
1614470400000,33.486,34.543,29.692,33.805,24909468
1614556800000,33.817,35.711,33.024,35.677,16295645.0999999996
1614643200000,35.675,37.976,34.387,36.136,20430023
1614729600000,36.148,38.742,36.096,37.043,16145054.0999999996
1614816000000,37.041,38.413,34.387,35.277,16195851.8000000007
1614902400000,35.277,35.304,31.364,33.64,19390318.3000000007
1614988800000,33.643,34.251,32.09,33.395,11070924.6999999993
1615075200000,33.405,35.371,33.404,35.132,10300042.8000000007
1615161600000,35.14,35.603,33.463,35.023,11075215.3000000007
1615248000000,35.025,38.962,34.576,38.291,20194589
1615334400000,38.293,39.635,36.318,37.584,21562003.8000000007
1615420800000,37.596,38.111,35.879,36.957,15347670.4000000004
1615507200000,36.954,37.552,34.386,35.957,12707699.0999999996
1615593600000,35.981,38.412,34.74,37.242,12412835.8000000007
1615680000000,37.255,38.049,36.313,36.454,10328726.9000000004
1615766400000,36.453,38.652,33.699,34.33,18687485.3000000007
1615852800000,34.321,35.583,32.01,35.44,15057332.0999999996
1615939200000,35.44,36.48,34.418,36.154,12297926.3000000007
1616025600000,36.153,37.072,35.335,35.386,10298064.0999999996
1616112000000,35.388,38.96,34.643,38.252,17582921.3000000007
1616198400000,38.24,40.21,37.19,37.272,15773431.3000000007
1616284800000,37.272,38.151,36.129,36.723,12061765
1616371200000,36.727,37.844,35.052,35.278,12373196.3000000007
1616457600000,35.284,36.337,34.046,34.237,10775906.4000000004
1616544000000,34.232,36.165,27.12,30.193,21832780.8000000007
1616630400000,30.203,31.275,28.397,29.807,26515392.5
1616716800000,29.807,33.4,29.792,33.195,13493384
1616803200000,33.187,33.534,31.158,32.628,12413221.4000000004
1616889600000,32.626,33.284,31.258,32.269,8338671.5999999996
1616976000000,32.27,34.775,31.792,34.391,11325373.4000000004
1617062400000,34.391,34.9,33.554,34.039,8716009.4000000004
1617148800000,34.046,38.366,33.24,37.122,23952931.8000000007
1617235200000,37.122,39.086,36.111,37.511,15231237.5
1617321600000,37.514,41.507,36.66,41.135,17315062.5
1617408000000,41.135,46.899,41.047,41.421,35312275.299999997
1617494400000,41.43,45.164,40.739,44.372,16594721.5999999996
1617580800000,44.374,46.008,41.859,45.93,16534010.9000000004
1617667200000,45.923,46.471,41.681,43.4,17487479.8000000007
1617753600000,43.404,43.578,37.651,39.571,22515789.6000000015
1617840000000,39.575,41.666,39.272,41.372,11017036.4000000004
1617926400000,41.365,42.168,40.136,40.847,8688716.3000000007
1618012800000,40.847,42.871,40.011,41.657,11149156.5999999996
1618099200000,41.663,41.998,40.1,41.4,8469809.1999999993
1618185600000,41.411,41.877,39.429,40.539,9371896.5999999996
1618272000000,40.539,43.582,39.909,43.021,14998428.6999999993
1618358400000,43.03,44.732,40.026,42.584,20585845.8000000007
1618444800000,42.582,44.5,41.522,43.494,15846396
1618531200000,43.495,43.888,40.01,41.451,18525254.5
1618617600000,41.45,48.539,41.435,42.09,33488005.3999999985
1618704000000,42.099,42.772,31.176,37.356,48189400.200000003
1618790400000,37.356,38.735,33.958,34.767,22129685.5
1618876800000,34.774,35.8,31.549,35.42,23355838
1618963200000,35.423,36.358,33.047,33.817,18123651.8999999985
1619049600000,33.827,36.83,32.802,32.963,22982564.1999999993
1619136000000,32.96,33.535,26.452,32.257,33395778.1000000015
1619222400000,32.255,32.429,28.555,29,16745239.8000000007
1619308800000,29,31.349,28.1,29.831,14293436.0999999996
1619395200000,29.839,33.5,29.751,33.41,15063885.9000000004
1619481600000,33.408,34.988,33.184,34.824,13514086.9000000004
1619568000000,34.836,35.437,32.6,34,13264606.1999999993
1619654400000,33.996,36.015,33.01,35.989,12659208
1619740800000,35.992,36.866,35.137,36.553,15819473.5999999996
1619827200000,36.554,37.421,35.789,36.959,11979611.0999999996
1619913600000,36.957,37.232,35.47,36.658,11217607.8000000007
1620000000000,36.655,38.381,36.633,37.296,14684144.1999999993
1620086400000,37.306,38.002,34.4,34.796,21499084.3999999985
1620172800000,34.798,40.849,34.555,40.477,21794009.5
1620259200000,40.476,44.215,38.026,41.637,30580933.5
1620345600000,41.642,42.805,38.3,39.865,22928084.6000000015
1620432000000,39.871,40.73,38.748,39.953,10914755.8000000007
1620518400000,39.956,40.6,38.198,40.347,14289094.3000000007
1620604800000,40.328,41.895,32,36.479,23334284.5
1620691200000,36.479,38.708,35.58,38.665,14215182.8000000007
1620777600000,38.665,42.571,33.644,35.072,29184708.6000000015
1620864000000,35.072,41.926,32.8,40.027,45175868.6000000015
1620950400000,40.028,48.184,39.433,48.063,37234079.3999999985
1621036800000,48.064,49.855,42.783,43.66,41668486.8999999985
1621123200000,43.673,46.773,39.3,42.461,27139702.3000000007
1621209600000,42.466,42.55,35.132,38.732,30985017.6000000015
1621296000000,38.725,42.599,37.688,40.616,24162448.1999999993
1621382400000,40.642,41.445,15.376,25.061,69636761.5
1621468800000,25.051,31.3,21.071,28.942,51882967
1621555200000,28.941,31.01,19.959,24.4,50897272.6000000015
1621641600000,24.389,24.618,20.312,22.052,36868429.299999997
1621728000000,22.06,23.467,13.611,17.906,68972958.799999997
1621814400000,17.905,23.477,17.071,23.268,44312245.799999997
1621900800000,23.26,24.218,19.615,22.141,34542082.299999997
1621987200000,22.141,24.788,21.612,24.529,27287311.3000000007
1622073600000,24.529,24.97,21.746,23.995,25085377.1000000015
1622160000000,23.996,26.231,20.03,21.349,52769895.799999997
1622246400000,21.349,22.326,18.784,19.876,26769573.8000000007
1622332800000,19.88,21.344,18.407,20.458,23142997.3999999985
1622419200000,20.458,23.446,19.068,23.25,25315029.6999999993
1622505600000,23.262,23.534,21.685,22.817,24576974.8999999985
1622592000000,22.819,26.849,22.64,25.886,34786653.299999997
1622678400000,25.886,28.597,25.647,26.987,35665652.299999997
1622764800000,26.988,27.003,23.6,24.967,34624023.6000000015
1622851200000,24.973,26.374,22.9,23.746,22840790.8999999985
1622937600000,23.747,24.45,23.539,24.178,12873058.1999999993
1623024000000,24.175,25.288,21.269,21.687,23457575.6000000015
1623110400000,21.686,22.286,19.587,21.635,38004187.5
1623196800000,21.633,23.325,20.353,23.207,26688626.3999999985
1623283200000,23.207,24.578,22.036,22.675,28096383.3999999985
1623369600000,22.676,23.198,20.471,20.937,18997513.3999999985
1623456000000,20.936,21.261,19.509,20.728,20924178.8000000007
1623542400000,20.728,22.395,19.911,22.03,17037257.6000000015
1623628800000,22.032,26.036,21.225,25.84,41834034.799999997
1623715200000,25.841,26,23.5,23.934,35537688.200000003
1623801600000,23.937,24.58,22.452,23.026,28727498.8999999985
1623888000000,23.023,23.993,21.967,22.527,18336659.5
1623974400000,22.529,22.562,20.191,21.418,20843008.3999999985
1624060800000,21.418,21.617,20.205,20.213,17253237.3999999985
1624147200000,20.214,20.98,18.854,20.605,22152654.8000000007
1624233600000,20.605,20.787,15.34,15.697,54761734.8999999985
1624320000000,15.699,16.918,12.97,14.674,72808740.900000006
1624406400000,14.675,16.8,13.948,15.788,40368584
1624492800000,15.79,16.598,14.706,16.217,27200966.5
1624579200000,16.214,16.741,14.4,14.406,31815134.6999999993
1624665600000,14.406,14.97,13.606,14.498,30239886.8999999985
1624752000000,14.491,15,14.017,14.988,24244372.3999999985
1624838400000,14.989,16.009,14.591,15.795,26239814.3999999985
1624924800000,15.795,17.025,15.705,16.304,31966172.8999999985
1625011200000,16.304,16.63,15.077,16.388,28852256.3999999985
1625097600000,16.384,16.401,14.834,15.162,22341116.6999999993
1625184000000,15.162,15.448,14.602,15.275,17574693
1625270400000,15.275,15.746,15.008,15.519,13044778.0999999996
1625356800000,15.519,16.578,15.152,15.97,15144051.4000000004
1625443200000,15.971,15.978,14.731,15.213,18190474.8999999985
1625529600000,15.22,16.193,15.179,16.126,24561239.1999999993
1625616000000,16.126,17.666,16.082,16.862,40590075.8999999985
1625702400000,16.862,16.895,14.976,15.311,29738652.6000000015
1625788800000,15.304,15.918,14.811,15.673,20480387.1999999993
1625875200000,15.674,15.987,15.022,15.272,16008845.8000000007
1625961600000,15.272,15.7,15.134,15.494,13578416.3000000007
1626048000000,15.494,15.656,14.4,14.836,17688426.3000000007
1626134400000,14.835,15.1,14.003,14.186,16443101
1626220800000,14.183,14.219,13.151,13.793,26236867.1000000015
1626307200000,13.792,14.1,12.734,13.091,23527321.1000000015
1626393600000,13.092,13.306,11.98,12.013,28385974.8000000007
1626480000000,12.013,12.739,11.7,12.29,34749253.3999999985
1626566400000,12.289,12.929,12.249,12.636,25000760.5
1626652800000,12.641,12.73,11.345,11.45,30861646.5
1626739200000,11.45,11.549,10.357,10.952,37607589.799999997
1626825600000,10.953,12.854,10.654,12.336,46652172.6000000015
1626912000000,12.336,13.371,11.798,13.144,36112055.5
1626998400000,13.143,13.522,12.317,13.386,28510543.3000000007
1627084800000,13.388,14.048,13.115,13.749,27428494.8000000007
1627171200000,13.75,13.821,13.079,13.723,21684688.8999999985
1627257600000,13.721,15.282,13.618,13.915,51792195.3999999985
1627344000000,13.914,14.524,13.361,14.346,32345497.6999999993
1627430400000,14.347,14.749,13.9,14.529,28883801.5
1627516800000,14.529,15.392,14.232,15.252,27551886.3999999985
1627603200000,15.252,15.839,14.394,15.779,30154215.5
1627689600000,15.778,17,15.556,16.766,31238377.8999999985
1627776000000,16.764,19.927,16.53,18.422,94668300.900000006
1627862400000,18.423,18.965,17.56,17.986,54177784
1627948800000,17.985,18.55,16.8,17.428,41962735.5
1628035200000,17.426,19.592,17.094,19.153,45395116.799999997
1628121600000,19.149,19.485,17.839,19.133,47810545.3999999985
1628208000000,19.133,20.814,18.523,20.426,44200768.200000003
1628294400000,20.427,21.707,20.028,20.985,40170954.3999999985
1628380800000,20.986,21.24,19.204,19.666,29578535
1628467200000,19.666,21.28,18.705,20.578,36089657.299999997
1628553600000,20.577,21.455,20.101,20.62,33845442.6000000015
1628640000000,20.626,22.498,20.563,21.362,43108436.200000003
1628726400000,21.362,22.359,19.923,20.763,36201793.200000003
1628812800000,20.764,22.757,20.51,22.747,30500605.3999999985
1628899200000,22.747,23.5,21.802,22.855,31189201.1999999993
1628985600000,22.855,23.368,21.85,23.162,24938208.8000000007
1629072000000,23.164,25.74,22.836,24.445,55493055.6000000015
1629158400000,24.447,27.456,23.01,23.568,70497603.700000003
1629244800000,23.567,25.181,22.431,23.882,48068193.700000003
1629331200000,23.875,26.87,23.458,26.61,41113110.6000000015
1629417600000,26.607,28.51,26.111,28.186,42668724.799999997
1629504000000,28.186,29.394,27.48,27.887,38463357
1629590400000,27.886,28.563,26.525,27.712,30327795
1629676800000,27.707,28.666,27.3,27.901,26976576.3999999985
1629763200000,27.902,28.215,24.23,25.09,34977302.6000000015
1629849600000,25.091,26.573,24.377,26.005,30382922.3999999985
1629936000000,26.004,26.418,23.445,23.927,30107356.8000000007
1630022400000,23.926,26.829,23.461,26.555,31974512.8000000007
1630108800000,26.552,26.787,25.41,25.973,17867741.6999999993
1630195200000,25.975,26.486,25.259,25.726,16704083.9000000004
1630281600000,25.726,27.605,24.317,26.073,32540808.6999999993
1630368000000,26.074,31.977,25.64,31.359,105365388.799999997
1630454400000,31.357,33.88,29.634,33.237,64114346.200000003
1630540800000,33.236,33.26,31.3,31.817,33466623.1000000015
1630627200000,31.816,34.1,30.9,33.601,36441546.200000003
1630713600000,33.606,34.202,32.024,32.438,21887428.8000000007
1630800000000,32.439,34.81,32.012,34.463,23732396
1630886400000,34.469,35.16,32.119,34.371,30813038.1999999993
1630972800000,34.371,35.759,20.835,27.982,84323825.700000003
1631059200000,27.989,28.899,25.207,27.779,42764924.700000003
1631145600000,27.777,31.88,27.016,29.844,38270874.700000003
1631232000000,29.842,32.686,27.99,29.199,52826856.700000003
1631318400000,29.198,32.131,28.254,31.593,33026167
1631404800000,31.598,36.5,30.678,35.811,55889391.5
1631491200000,35.823,38,31,34.876,106994551.799999997
1631577600000,34.855,38.745,34.101,37.379,55607103.5
1631664000000,37.378,37.999,35.552,36.493,26551744.8000000007
1631750400000,36.493,37.008,34.005,35.514,28842268.3000000007
1631836800000,35.514,36.97,32.112,33.051,32757226.6999999993
1631923200000,33.054,35.9,32.525,34.902,22954106.5
1632009600000,34.9,34.935,33.041,33.867,18463752.6999999993
1632096000000,33.872,33.931,26.506,28.314,56309226.6000000015
1632182400000,28.315,30.357,25.476,26.374,47598900.700000003
1632268800000,26.371,31.999,25.892,31.564,38232366
1632355200000,31.56,33.572,30.36,33.384,27152983.3999999985
1632441600000,33.379,33.507,27.821,30.761,54189478
1632528000000,30.762,32.204,29.413,29.808,27140895.1000000015
1632614400000,29.808,30.038,26.753,28.822,32635631.6000000015
1632700800000,28.819,30.23,27.552,27.688,23263952.3999999985
1632787200000,27.689,28.357,26.112,26.29,20068000.6000000015
1632873600000,26.29,28.567,26.088,27.253,21925032.1000000015
1632960000000,27.254,28.979,27.115,28.596,18385453.6999999993
1633046400000,28.601,32.319,28.478,31.937,26040341.8000000007
1633132800000,31.943,33.408,31.505,32.014,17222655.8999999985
1633219200000,32.02,32.698,31.153,32.131,15506942.5
1633305600000,32.129,32.131,30.03,31.169,18471363.3000000007
1633392000000,31.169,32.172,30.504,31.421,16066829.9000000004
1633478400000,31.423,33.092,29.115,32.223,26945067.8999999985
1633564800000,32.226,35.369,30.922,34.025,41586720.1000000015
1633651200000,34.025,34.536,33.055,33.385,20733158.5
1633737600000,33.387,36.93,33.011,36.371,25172934.6000000015
1633824000000,36.375,37.494,34.139,34.442,27482296
1633910400000,34.44,36.126,33.26,34.135,22308093.1000000015
1633996800000,34.135,35.446,32.075,35.185,26970777
1634083200000,35.188,43.271,33.62,41.756,73714861.799999997
1634169600000,41.751,42.582,39.285,40.699,45166624.1000000015
1634256000000,40.702,44.28,39.471,43.308,49308279.5
1634342400000,43.306,44.848,41.3,41.775,26739508.1999999993
1634428800000,41.777,42.961,39.387,42.151,22005669.8000000007
1634515200000,42.148,43.307,40.273,41.185,22190761.8999999985
1634601600000,41.184,41.7,40.025,41.387,16096615.5999999996
1634688000000,41.383,45.308,41.1,44.457,28158399
1634774400000,44.455,45.591,41.85,42.873,31016369.8000000007
1634860800000,42.87,46.458,42.719,43.532,35461121.700000003
1634947200000,43.531,44.795,43.11,43.975,15579273.1999999993
1635033600000,43.975,44.199,41.313,42.333,14751786.1999999993
1635120000000,42.33,44.841,42.153,44.583,14860012.1999999993
1635206400000,44.583,46.054,43.25,44.965,19315146.8999999985
1635292800000,44.967,45.831,38.02,40.445,32303526.3000000007
1635379200000,40.445,43.131,39.775,41.853,18471622.3999999985
1635465600000,41.853,44.392,41.6,44.207,15835293.0999999996
1635552000000,44.208,44.345,42.111,42.778,9096984.9000000004
1635638400000,42.777,43.424,41.03,42.811,10785550.9000000004
1635724800000,42.808,51.633,41.714,50.037,43009025
1635811200000,50.028,53.44,48.1,51.74,33447256
1635897600000,51.738,54.621,49.084,53.406,28157559.6000000015
1635984000000,53.407,55.2,52.25,53.879,21391153.6000000015
1636070400000,53.883,53.985,50.646,51.789,13965514.8000000007
1636156800000,51.789,52.43,49,52.059,12779187.5999999996
1636243200000,52.058,53.56,51.33,52.267,12230871.0999999996
1636329600000,52.267,53.927,51.72,53.424,13636726.0999999996
1636416000000,53.419,53.465,50.5,50.779,13870221.0999999996
1636502400000,50.786,52.046,41.36,46.737,34815511.799999997
1636588800000,46.739,49.442,45.544,47.437,18187408
1636675200000,47.433,47.719,44.014,45.891,19978813.6000000015
1636761600000,45.894,47.539,44.868,47.045,10674087.1999999993
1636848000000,47.049,47.833,45.051,46.409,8563313.0999999996
1636934400000,46.411,47.509,44.5,44.808,13077619
1637020800000,44.807,44.808,37.53,40.828,33738779.700000003
1637107200000,40.827,42.782,38.73,42.749,19615169.5
1637193600000,42.748,43.261,37.5,39.011,26805216.1000000015
1637280000000,39.017,42.252,38.35,41.21,16562350.5999999996
1637366400000,41.21,42.124,39.823,42.11,11606668.8000000007
1637452800000,42.112,43.574,40.64,41.96,13578896.8000000007
1637539200000,41.961,42.286,38.81,39.487,16031771.0999999996
1637625600000,39.48,41.5,38.531,40.784,13818859.3000000007
1637712000000,40.781,40.938,38.076,38.316,11972922.1999999993
1637798400000,38.317,40.963,38.05,39.518,13323822.5
1637884800000,39.519,39.657,33.6,34.527,29766258.6000000015
1637971200000,34.525,35.94,34.4,35.132,11373149.8000000007
1638057600000,35.132,35.833,32.13,35.733,21323523.8000000007
1638144000000,35.725,37.5,35.361,37.084,15714889
1638230400000,37.084,39.333,35.361,37.931,22072037.5
1638316800000,37.93,38.773,36.192,36.755,14668773.6999999993
1638403200000,36.755,36.785,35.044,35.749,11790603
1638489600000,35.749,36.851,32.355,33.689,18939575.1999999993
1638576000000,33.684,33.858,23.671,29.365,45892063.3999999985
1638662400000,29.364,29.73,26.284,28.292,20250448.6999999993
1638748800000,28.304,28.923,24.818,28.124,29237644.8000000007
1638835200000,28.121,31.475,27.684,30.454,24006730.5
1638921600000,30.454,30.61,28,29.813,18600175.6000000015
1639008000000,29.813,30.116,26.766,26.884,19058479.1999999993
1639094400000,26.886,28.406,25.683,26.404,23744355.1999999993
1639180800000,26.41,28.174,25.781,27.803,20051443.8000000007
1639267200000,27.802,29.992,27.277,29.52,15117166.4000000004
1639353600000,29.517,29.832,25.512,25.953,26254269.3000000007
1639440000000,25.95,26.67,24.95,26.119,20359273.1999999993
1639526400000,26.12,27.997,24.261,27.116,28658289.6999999993
1639612800000,27.122,27.825,25.7,26.01,24436181.8999999985
1639699200000,26.009,26.202,24.13,24.628,21359972
1639785600000,24.629,25.713,24.2,25.474,15800459.5999999996
1639872000000,25.474,25.857,24.617,24.767,13641019.5
1639958400000,24.763,24.999,23.251,24.059,18431820.3000000007
1640044800000,24.059,25.587,23.717,25.141,18229956.8000000007
1640131200000,25.142,28.234,24.961,27.207,28884429.8999999985
1640217600000,27.207,29.777,26.721,29.144,28928399.3000000007
1640304000000,29.142,29.643,27.81,28.131,17991176.3000000007
1640390400000,28.132,29.095,27.93,28.834,11477175.3000000007
1640476800000,28.837,31.7,28.24,31.298,25868890.8000000007
1640563200000,31.298,32.764,30.813,30.974,25868211
1640649600000,30.97,30.976,27.42,27.823,36203499.200000003
1640736000000,27.828,28.945,26.44,26.79,23835574.8000000007
1640822400000,26.791,28.383,26.15,27.523,20441980
1640908800000,27.519,28.119,26.219,26.645,22435707.5
1640995200000,26.65,28.62,26.643,28.579,14988398
1641081600000,28.576,30.596,27.801,29.673,27950212.5
1641168000000,29.674,30.86,28.618,30.089,36988081.8999999985
1641254400000,30.096,30.589,28.666,28.677,28789374.6999999993
1641340800000,28.686,30.362,24.998,26.684,37212930.200000003
1641427200000,26.689,27.325,25.485,26.698,27543289.3999999985
1641513600000,26.694,26.833,24.224,24.897,32861035.3000000007
1641600000000,24.897,25.52,23.1,23.974,22448050.6999999993
1641686400000,23.975,25.3,23.665,24.625,18954295.5
1641772800000,24.624,25.194,22.32,23.705,28027375.8000000007
1641859200000,23.707,25.988,23.465,25.536,22802178.8000000007
1641945600000,25.537,27.569,25.438,27.303,20445816.6999999993
1642032000000,27.302,27.69,25.697,25.775,18305559
1642118400000,25.774,27.85,25.513,27.73,22863039.1999999993
1642204800000,27.73,28.396,26.801,27.582,15658517.1999999993
1642291200000,27.582,28.445,27.241,27.675,18820218.1999999993
1642377600000,27.674,27.738,25.074,25.669,19521150.1000000015
1642464000000,25.668,26.045,24.224,25.116,18920710.6000000015
1642550400000,25.115,25.279,23.659,24.05,18413721.6999999993
1642636800000,24.046,25.588,22.824,22.976,20432823.3000000007
1642723200000,22.974,23.448,18.982,19.628,41800006.5
1642809600000,19.628,20.171,16.1,18.253,57958701.8999999985
1642896000000,18.254,19.187,17.714,18.791,29114786.1000000015
1642982400000,18.791,18.805,15.805,18.006,45532422.1000000015
1643068800000,18.002,19.031,17.36,18.299,27221057.8000000007
1643155200000,18.294,20.051,17.513,18.06,33647185.3999999985
1643241600000,18.059,18.469,17.12,18.091,26984485.6000000015
1643328000000,18.09,18.481,17.333,18.318,21264941.8999999985
1643414400000,18.317,19.044,18.061,18.724,14280516.1999999993
1643500800000,18.724,18.985,17.777,18.118,16097806.6999999993
1643587200000,18.118,19.6,17.109,19.368,24608512
1643673600000,19.369,19.987,19.13,19.553,22974107.8999999985
1643760000000,19.552,20.569,18.518,18.753,30896685.3999999985
1643846400000,18.753,19,17.954,18.897,22460380
1643932800000,18.897,20.518,18.691,20.475,24061802
1644019200000,20.475,22.27,20.287,21.312,24443593
1644105600000,21.312,21.923,20.766,21.894,12715213.0999999996
1644192000000,21.894,22.681,21.369,22.346,21576236.3999999985
1644278400000,22.351,23.173,21.047,21.646,24626395.8999999985
1644364800000,21.645,22.231,21,21.929,13604113.0999999996
1644451200000,21.927,22.458,20.469,20.496,24086278.6000000015
1644537600000,20.497,20.705,18.558,18.955,21831425.6999999993
1644624000000,18.954,19.41,18.228,18.806,16153970.8000000007
1644710400000,18.811,19.265,18.369,18.722,12261239
1644796800000,18.721,18.924,18,18.687,14765171.9000000004
1644883200000,18.687,20.329,18.628,20.153,16241987.8000000007
1644969600000,20.153,20.181,19.028,19.749,16946625.8000000007
1645056000000,19.75,19.999,17.77,18.142,20893624.1999999993
1645142400000,18.144,18.599,17.581,17.797,18331993.6000000015
1645228800000,17.796,18.207,17.321,17.833,11407096.0999999996
1645315200000,17.829,17.854,16.645,16.898,17469956
1645401600000,16.898,17.725,16,16.163,30955176.3000000007
1645488000000,16.162,16.717,15.768,16.584,24104101.6000000015
1645574400000,16.585,17.498,15.9,15.958,28930439.3999999985
1645660800000,15.957,16.743,14.022,16.152,52243524.1000000015
1645747200000,16.152,17.518,15.761,17.239,23302312.8000000007
1645833600000,17.239,18.798,17.156,18.019,31320811
1645920000000,18.019,18.726,17.04,17.48,30107585.5
1646006400000,17.48,19.096,16.589,18.923,33143291.6999999993
1646092800000,18.92,19.546,18.3,18.887,29292185.1999999993
1646179200000,18.888,19.248,18.324,18.601,20983774.3999999985
1646265600000,18.6,18.655,17.737,18.011,18398955.6000000015
1646352000000,18.013,18.054,16.471,16.772,21772318.1999999993
1646438400000,16.773,17.79,16.174,17.306,18731204.6999999993
1646524800000,17.307,17.58,16.511,16.983,18098387.3999999985
1646611200000,16.981,17.117,15.977,16.382,24956044.8000000007
1646697600000,16.382,17.25,16.289,16.952,18661439.3000000007
1646784000000,16.954,18.079,16.866,17.848,16449857.1999999993
1646870400000,17.85,17.926,16.649,16.956,16666341.9000000004
1646956800000,16.955,18.479,16.669,17.678,33785458.799999997
1647043200000,17.679,18.737,17.659,18.133,24898659.6000000015
1647129600000,18.133,18.381,17.106,17.206,18040412.3000000007
1647216000000,17.207,17.844,17,17.68,17182171.8000000007
1647302400000,17.68,18.044,17.034,17.793,15870674.1999999993
1647388800000,17.793,19.17,17.67,19.034,24051005.1999999993
1647475200000,19.033,19.346,18.612,18.735,14412698.4000000004
1647561600000,18.735,19.189,18.11,18.936,16249228.6999999993
1647648000000,18.935,19.78,18.839,19.384,17391269.1000000015
1647734400000,19.384,19.457,18.287,18.639,14100193.8000000007
1647820800000,18.64,19.054,18.374,18.731,15217463.5
1647907200000,18.73,20.469,18.653,20.203,22069189.1000000015
1647993600000,20.203,21.132,19.781,21.005,22765932.6999999993
1648080000000,21.006,21.508,20.222,21.236,18762962.1999999993
1648166400000,21.237,21.365,20.157,20.52,14880055.3000000007
1648252800000,20.522,21.019,20.229,20.899,9843189.5999999996
1648339200000,20.899,22.462,20.7,22.44,14114842.5
1648425600000,22.44,23.322,21.76,21.962,20042315.3000000007
1648512000000,21.962,22.941,21.813,22.416,17578336.3999999985
1648598400000,22.414,22.986,21.575,22.443,19526653.8000000007
1648684800000,22.442,23.058,21.061,21.315,23314064.8000000007
1648771200000,21.315,22.15,20.561,22.051,19000303.6000000015
1648857600000,22.053,23.848,21.931,22.595,26996725.6999999993
1648944000000,22.592,23.563,22.503,23.194,19286531.1000000015
1649030400000,23.195,23.218,21.568,22.882,20126576.8999999985
1649116800000,22.882,23.104,21.668,21.76,16806315.3999999985
1649203200000,21.76,21.808,19.689,19.822,24803529.1999999993
1649289600000,19.82,20.643,19.426,20.376,15131425.9000000004
1649376000000,20.374,20.565,19.111,19.407,14673686.6999999993
1649462400000,19.408,19.818,19.269,19.747,8373768.2999999998
1649548800000,19.748,20.23,19.135,19.217,11712867.5
1649635200000,19.217,19.276,16.96,17.191,26642025.1999999993
1649721600000,17.192,18.018,17.142,17.756,18604258.1999999993
1649808000000,17.756,18.293,17.36,18.182,16951805.6000000015
1649894400000,18.182,18.473,17.449,17.897,18575296.6999999993
1649980800000,17.897,18.455,17.764,18.329,16161236
1650067200000,18.33,18.683,18.15,18.585,13548156.9000000004
1650153600000,18.586,18.81,17.618,17.718,13286935
1650240000000,17.717,18.379,17.075,18.142,19476628.8999999985
1650326400000,18.142,18.941,18.027,18.873,13852983.1999999993
1650412800000,18.873,19.538,18.529,19.075,19505919
1650499200000,19.076,19.676,18.006,18.158,18025403.6999999993
1650585600000,18.157,18.518,18.052,18.269,12347896.0999999996
1650672000000,18.268,19.247,17.931,18.686,14314290.4000000004
1650758400000,18.687,19.15,18.035,18.149,14031968.4000000004
1650844800000,18.15,18.241,17.101,18.091,20350772.8999999985
1650931200000,18.091,18.326,16.352,16.661,19788807.1000000015
1651017600000,16.662,17.257,16.464,16.933,14341038
1651104000000,16.932,17.41,16.641,16.971,16453846
1651190400000,16.971,17.059,15.973,16.177,14121915.1999999993
1651276800000,16.177,16.433,14.134,14.479,18882556.3000000007
1651363200000,14.479,15.511,14.471,15.332,16100677.4000000004
1651449600000,15.334,15.579,14.531,14.954,19434835.1000000015
1651536000000,14.954,15.237,14.495,14.719,13511369.5
1651622400000,14.72,16.34,14.65,16.318,21911201
1651708800000,16.319,16.443,13.98,14.569,28875688.3000000007
1651795200000,14.569,14.654,13.76,14.319,23579231
1651881600000,14.319,14.365,13.342,13.737,17058982
1651968000000,13.736,13.871,13.009,13.246,23048666.8999999985
1652054400000,13.246,13.48,10.47,10.613,69064860.099999994
1652140800000,10.612,12.437,10.29,11.34,69517563
1652227200000,11.34,11.639,7.888,9.068,102811577.299999997
1652313600000,9.067,9.51,7.243,8.692,91665751.099999994
1652400000000,8.69,11.787,8.545,10.456,65430387.6000000015
1652486400000,10.457,11.558,9.751,11.294,45806839.6000000015
1652572800000,11.292,11.848,10.556,11.797,34921473.299999997
1652659200000,11.795,11.802,10.352,10.62,35700630
1652745600000,10.621,11.332,10.406,11.024,27914685.1999999993
1652832000000,11.024,11.171,9.425,9.481,34308517.3999999985
1652918400000,9.482,10.399,9.207,10.022,34743177.1000000015
1653004800000,10.021,10.254,9.432,9.656,30124740.3999999985
1653091200000,9.657,10.096,9.457,9.982,17966724.6999999993
1653177600000,9.982,10.329,9.857,10.146,17842924
1653264000000,10.145,10.728,9.793,9.884,33885480.299999997
1653350400000,9.884,10.266,9.55,10.179,31514284.1999999993
1653436800000,10.178,10.327,9.76,9.864,25099242.8000000007
1653523200000,9.864,9.997,8.798,9.129,44392582.1000000015
1653609600000,9.128,10,8.557,9.116,70580135.400000006
1653696000000,9.116,9.8,8.951,9.639,30920430.1000000015
1653782400000,9.639,10.04,9.322,9.971,31934381.6999999993
1653868800000,9.972,10.794,9.897,10.459,34024125.6000000015
1653955200000,10.459,10.639,9.931,10.346,36904926.1000000015
1654041600000,10.347,10.743,9.25,9.45,46224441.6000000015
1654128000000,9.45,10.066,9.284,9.872,27042498.5
1654214400000,9.872,9.912,9.184,9.363,26849000.8999999985
1654300800000,9.364,9.555,9.088,9.441,16561150.5
1654387200000,9.439,9.546,9.236,9.342,15045399.8000000007
1654473600000,9.341,9.929,9.31,9.495,25605442.8000000007
1654560000000,9.495,9.503,8.825,9.216,33214665.1999999993
1654646400000,9.216,9.388,8.879,8.995,22225534.3000000007
1654732800000,8.995,9.462,8.9,9.227,24560754.6000000015
1654819200000,9.227,9.369,8.513,8.652,32312416.3000000007
1654905600000,8.653,8.844,7.893,8.032,31440977.8999999985
1654992000000,8.032,8.106,7.374,7.391,40457313.5
1655078400000,7.391,7.474,6.332,7.031,110112746.299999997
1655164800000,7.031,7.54,6.665,7.355,69398484.200000003
1655251200000,7.355,8.78,6.832,8.493,85362205.700000003
1655337600000,8.492,8.553,6.963,7.115,49839665.1000000015
1655424000000,7.115,7.452,7.026,7.27,33792426.6000000015
1655510400000,7.271,7.404,6.451,7.044,48563033.3999999985
1655596800000,7.044,7.648,6.761,7.511,36523211.5
1655683200000,7.512,8.02,7.159,7.864,36149615.799999997
1655769600000,7.864,8.278,7.661,7.756,30986429
1655856000000,7.757,7.812,7.344,7.385,26780683.6000000015
1655942400000,7.385,7.816,7.351,7.769,27654620
1656028800000,7.769,8.356,7.716,8.178,30584435.3999999985
1656115200000,8.178,8.366,7.779,8.127,21332226.1999999993
1656201600000,8.126,8.485,7.802,7.828,26137665.1000000015
1656288000000,7.827,8.198,7.671,7.737,26428920.1000000015
1656374400000,7.736,7.993,7.25,7.308,30859205.5
1656460800000,7.307,7.44,6.94,7.03,32915407.3999999985
1656547200000,7.03,7.099,6.628,7.057,37857437.3999999985
1656633600000,7.058,7.249,6.54,6.749,39466112
1656720000000,6.749,6.904,6.615,6.817,25018571.3000000007
1656806400000,6.818,6.98,6.602,6.846,23881230.6999999993
1656892800000,6.846,7.219,6.65,7.16,29054703.1999999993
1656979200000,7.159,7.22,6.572,6.832,45335355.700000003
1657065600000,6.833,7.007,6.673,6.919,34536202.3999999985
1657152000000,6.918,7.348,6.875,7.298,31059919.1999999993
1657238400000,7.299,7.461,6.931,7.032,34247729.5
1657324800000,7.031,7.359,7.025,7.25,21882152.3999999985
1657411200000,7.249,7.266,6.755,6.853,24172048.1000000015
1657497600000,6.853,6.907,6.481,6.521,33844010.8999999985
1657584000000,6.521,6.62,6.238,6.274,35288918.1000000015
1657670400000,6.272,6.558,5.94,6.458,41993867.1000000015
1657756800000,6.459,6.764,6.28,6.717,35323430.799999997
1657843200000,6.716,6.99,6.651,6.792,32699305.5
1657929600000,6.791,7.215,6.554,7.184,35438113.5
1658016000000,7.184,7.322,6.867,6.914,28962804.3999999985
1658102400000,6.914,7.721,6.896,7.647,49994927.3999999985
1658188800000,7.648,8.039,7.48,7.784,60777224.8999999985
1658275200000,7.784,8.078,7.355,7.46,46603606.200000003
1658361600000,7.461,7.588,7.168,7.523,36760666.5
1658448000000,7.522,7.846,7.254,7.285,38393531.3999999985
1658534400000,7.286,7.489,7.069,7.319,26928735.8000000007
1658620800000,7.32,7.579,7.3,7.392,30016692.6999999993
1658707200000,7.393,7.441,6.71,6.747,39615117.299999997
1658793600000,6.747,6.786,6.511,6.768,32039660.1999999993
1658880000000,6.769,7.705,6.641,7.67,38836358.5
1658966400000,7.67,8.074,7.45,7.85,52352051.3999999985
1659052800000,7.851,8.421,7.753,8.178,43608338
1659139200000,8.179,8.847,8.15,8.208,46461634.1000000015
1659225600000,8.207,9.206,8.073,8.616,51129159.8999999985
1659312000000,8.616,8.986,8,8.173,50289775.5
1659398400000,8.173,8.269,7.664,7.92,50382705.299999997
1659484800000,7.919,8.441,7.666,7.986,37310335.6000000015
1659571200000,7.986,8.27,7.876,8.087,33556489.700000003
1659657600000,8.085,8.837,8.063,8.8,39850531.8999999985
1659744000000,8.8,8.879,8.478,8.512,25274821.8999999985
1659830400000,8.513,8.937,8.326,8.646,25058444.3000000007
1659916800000,8.647,9.387,8.629,9.263,43405536.5
1660003200000,9.262,9.478,8.64,8.895,37175981.6000000015
1660089600000,8.894,9.648,8.537,9.52,50712051.700000003
1660176000000,9.521,9.645,9.118,9.189,37719831.5
1660262400000,9.19,9.494,9.022,9.471,28339779.6999999993
1660348800000,9.471,9.677,9.239,9.297,24441335.8000000007
1660435200000,9.297,9.556,8.815,8.949,29805504.1000000015
1660521600000,8.948,9.379,8.614,8.775,35527060.3999999985
1660608000000,8.775,8.959,8.624,8.829,27766702
1660694400000,8.829,9.164,8.31,8.371,37041657
1660780800000,8.371,8.596,7.915,8.074,29185584.6999999993
1660867200000,8.074,8.086,7.215,7.298,50356803.8999999985
1660953600000,7.298,7.513,7.023,7.218,33336678.1999999993
1661040000000,7.218,7.529,7.16,7.427,24608517.5
1661126400000,7.428,7.437,6.983,7.398,31436369.1000000015
1661212800000,7.398,7.71,7.177,7.634,31722825.5
1661299200000,7.634,7.769,7.407,7.559,24606061.1999999993
1661385600000,7.558,7.756,7.445,7.574,20765056.3999999985
1661472000000,7.575,7.677,6.853,6.917,37752028.8999999985
1661558400000,6.917,7.097,6.785,7.037,23950032.6000000015
1661644800000,7.036,7.147,6.803,6.854,22307625.1999999993
1661731200000,6.854,7.306,6.769,7.266,28593098.6999999993
1661817600000,7.266,7.376,6.872,7.003,25902084.1000000015
1661904000000,7.003,7.286,6.974,7.024,24609125
1661990400000,7.025,7.199,6.851,7.177,22952718.3000000007
1662076800000,7.178,7.564,7.115,7.293,29535478.6999999993
1662163200000,7.294,7.304,7.161,7.282,15320618.3000000007
1662249600000,7.282,7.421,7.136,7.369,20963795.5
1662336000000,7.369,7.635,7.249,7.365,37007105.799999997
1662422400000,7.364,7.689,6.8,6.872,46131916.200000003
1662508800000,6.872,7.294,6.736,7.195,30614772.8000000007
1662595200000,7.195,7.445,7.023,7.383,32005312.3000000007
1662681600000,7.383,7.944,7.352,7.751,32187833
1662768000000,7.751,7.873,7.576,7.766,22892975.5
1662854400000,7.767,7.9,7.533,7.694,18798782.1999999993
1662940800000,7.695,8.046,7.558,7.654,33770668.8999999985
1663027200000,7.655,7.959,7.025,7.062,35863203.6000000015
1663113600000,7.062,7.303,7.009,7.203,24433276.8999999985
1663200000000,7.201,7.236,6.864,6.924,30645989.6000000015
1663286400000,6.925,6.968,6.681,6.897,25536695.8000000007
1663372800000,6.896,7.158,6.896,7.053,16381526.8000000007
1663459200000,7.054,7.06,6.272,6.442,29661727.3000000007
1663545600000,6.441,6.551,6.098,6.381,35150291.799999997
1663632000000,6.38,6.412,6.161,6.282,31718909.6000000015
1663718400000,6.281,6.579,5.96,6.12,47102527.700000003
1663804800000,6.119,6.519,6.075,6.441,31184846.6000000015
1663891200000,6.442,6.65,6.184,6.429,38822017.200000003
1663977600000,6.427,6.506,6.228,6.266,20825560.8999999985
1664064000000,6.266,6.368,6.079,6.196,21562763.6999999993
1664150400000,6.197,6.577,6.15,6.553,46350978.1000000015
1664236800000,6.552,6.799,6.233,6.366,43437219.6000000015
1664323200000,6.366,6.468,6.165,6.386,32928235.1000000015
1664409600000,6.386,6.49,6.254,6.429,27374548.8999999985
1664496000000,6.429,6.565,6.212,6.315,32732734.5
1664582400000,6.315,6.33,6.208,6.267,15553756.5999999996
1664668800000,6.267,6.324,6.118,6.153,21893328.5
1664755200000,6.152,6.4,6.078,6.364,24646655.6999999993
1664841600000,6.364,6.53,6.34,6.489,19531280.1999999993
1664928000000,6.489,6.502,6.264,6.43,23916299.1999999993
1665014400000,6.431,6.519,6.308,6.339,23531427.3000000007
1665100800000,6.339,6.392,6.25,6.325,16693061.5
1665187200000,6.325,6.393,6.263,6.307,12105045.6999999993
1665273600000,6.307,6.492,6.277,6.476,19517885.5
1665360000000,6.475,6.544,6.23,6.249,27336408.3999999985
1665446400000,6.248,6.249,6.116,6.176,24856495.6999999993
1665532800000,6.175,6.243,6.117,6.168,17683483.5
1665619200000,6.169,6.178,5.575,6.104,53918742.200000003
1665705600000,6.104,6.269,6.009,6.037,25305811.6000000015
1665792000000,6.036,6.097,6.014,6.047,11920444.3000000007
1665878400000,6.046,6.245,6.042,6.177,15373705.5
1665964800000,6.177,6.297,6.121,6.25,18650452.3000000007
1666051200000,6.249,6.296,6.063,6.153,20837723.3000000007
1666137600000,6.152,6.251,6.057,6.096,22616659.1000000015
1666224000000,6.095,6.15,5.809,5.878,33217079.1000000015
1666310400000,5.878,5.896,5.717,5.832,42103984.299999997
1666396800000,5.832,5.869,5.763,5.841,17213825
1666483200000,5.842,5.974,5.743,5.959,21966807.1000000015
1666569600000,5.958,5.987,5.799,5.91,28418122.3000000007
1666656000000,5.911,6.624,5.891,6.432,63142927.700000003
1666742400000,6.432,6.607,6.406,6.461,37614523.8999999985
1666828800000,6.461,6.64,6.273,6.326,36322673.799999997
1666915200000,6.326,6.581,6.259,6.512,27745805.5
1667001600000,6.512,6.772,6.485,6.631,28910229.3000000007
1667088000000,6.631,6.739,6.512,6.648,19330802.8000000007
1667174400000,6.648,6.831,6.556,6.617,33886496.8999999985
1667260800000,6.618,6.712,6.443,6.45,20367511.8999999985
1667347200000,6.45,6.523,6.152,6.251,36804100.1000000015
1667433600000,6.251,6.529,6.222,6.416,27450757.6000000015
1667520000000,6.416,7.093,6.38,7.052,48664647.6000000015
1667606400000,7.052,7.246,6.934,7.022,28075336.3999999985
1667692800000,7.023,7.144,6.777,6.809,22452557.8000000007
1667779200000,6.808,7.413,6.65,7.119,48275782.6000000015
1667865600000,7.119,7.199,5.8,6.295,93470632
1667952000000,6.293,6.37,5.33,5.412,82232976.5
1668038400000,5.411,6.171,5.31,5.967,61280796.799999997
1668124800000,5.967,6,5.5,5.746,38105856.3999999985
1668211200000,5.747,5.874,5.548,5.776,23156708.1000000015
1668297600000,5.777,5.969,5.615,5.747,26664593.1000000015
1668384000000,5.747,5.896,5.435,5.864,29146442.3000000007
1668470400000,5.864,6.048,5.795,5.919,19000172.6000000015
1668556800000,5.919,5.99,5.607,5.701,19456687.8000000007
1668643200000,5.702,5.725,5.549,5.666,17581060.5
1668729600000,5.667,5.773,5.602,5.638,13996985.5
1668816000000,5.637,5.653,5.521,5.597,12446269.1999999993
1668902400000,5.597,5.662,5.246,5.288,21527377
1668988800000,5.287,5.293,5.055,5.184,33475131
1669075200000,5.185,5.314,4.957,5.279,34823528.700000003
1669161600000,5.28,5.482,5.245,5.43,24016628.6000000015
1669248000000,5.431,5.514,5.322,5.382,22165468.1000000015
1669334400000,5.383,5.386,5.234,5.262,21128322.6000000015
1669420800000,5.263,5.455,5.232,5.296,22565487.3000000007
1669507200000,5.297,5.432,5.248,5.294,17111278
1669593600000,5.294,5.312,5.046,5.125,35766917.8999999985
1669680000000,5.124,5.352,5.082,5.304,26799582.1000000015
1669766400000,5.305,5.505,5.29,5.462,33495555.3999999985
1669852800000,5.462,5.475,5.311,5.406,21177413
1669939200000,5.406,5.682,5.362,5.617,41526190.3999999985
1670025600000,5.618,5.705,5.474,5.491,20943228.5
1670112000000,5.491,5.607,5.484,5.585,15515853.6999999993
1670198400000,5.585,5.726,5.431,5.481,23417951.8999999985
1670284800000,5.482,5.511,5.415,5.497,16104517.9000000004
1670371200000,5.497,5.518,5.23,5.29,26220788
1670457600000,5.29,5.455,5.244,5.426,23055776.5
1670544000000,5.426,5.436,5.255,5.295,19378497.6000000015
1670630400000,5.295,5.321,5.253,5.272,10134710.5
1670716800000,5.273,5.319,5.11,5.158,17285094.5
1670803200000,5.157,5.203,5.005,5.174,25867072.1000000015
1670889600000,5.173,5.345,4.983,5.284,31833785.1000000015
1670976000000,5.284,5.357,5.132,5.213,37262264.799999997
1671062400000,5.213,5.254,5.112,5.227,23403227.6999999993
1671148800000,5.228,5.249,4.501,4.648,40579675.299999997
1671235200000,4.648,4.719,4.579,4.705,18303440.6999999993
1671321600000,4.705,4.712,4.613,4.653,12321167.9000000004
1671408000000,4.653,4.702,4.403,4.478,27823523.3999999985
1671494400000,4.478,4.652,4.456,4.602,20009063.1999999993
1671580800000,4.603,4.615,4.439,4.484,19699451.8000000007
1671667200000,4.483,4.535,4.365,4.53,23691441.3999999985
1671753600000,4.529,4.545,4.451,4.471,18650128.1999999993
1671840000000,4.472,4.489,4.427,4.448,9981106.9000000004
1671926400000,4.449,4.496,4.392,4.489,16919733.1999999993
1672012800000,4.489,4.576,4.463,4.57,16218142
1672099200000,4.57,4.583,4.449,4.476,19253026.1000000015
1672185600000,4.476,4.482,4.233,4.284,32350652.6000000015
1672272000000,4.283,4.352,4.216,4.305,20305692.1000000015
1672358400000,4.305,4.34,4.222,4.321,18181896.3999999985
1672444800000,4.322,4.391,4.296,4.306,12200124.4000000004
1672531200000,4.307,4.384,4.273,4.367,11034451.3000000007
1672617600000,4.367,4.539,4.312,4.49,26848963.6000000015
1672704000000,4.49,4.544,4.46,4.522,18611908.6999999993
1672790400000,4.522,4.687,4.521,4.627,28444421.3000000007
1672876800000,4.628,4.647,4.54,4.619,20315579.6000000015
1672963200000,4.62,4.706,4.548,4.683,30296860.6000000015
1673049600000,4.683,4.705,4.632,4.663,14014887
1673136000000,4.662,4.829,4.597,4.824,25051682.5
1673222400000,4.825,5.083,4.797,4.888,54939855.299999997
1673308800000,4.889,4.968,4.822,4.917,24859510.3000000007
1673395200000,4.918,5.138,4.825,5.129,33157938
1673481600000,5.129,5.259,5.006,5.229,47183860.6000000015
1673568000000,5.23,5.421,5.158,5.396,36512519.299999997
1673654400000,5.397,6.579,5.391,6.028,75430554.900000006
1673740800000,6.027,6.071,5.768,5.933,39761409.200000003
1673827200000,5.934,6.087,5.6,5.81,39334452.5
1673913600000,5.81,6.215,5.675,5.954,46878926.6000000015
1674000000000,5.955,6.215,5.562,5.642,57268430.799999997
1674086400000,5.642,5.839,5.638,5.796,21801627.3000000007
1674172800000,5.796,6.295,5.75,6.245,35015915.700000003
1674259200000,6.244,6.465,5.991,6.239,42055648.299999997
1674345600000,6.239,6.457,6.08,6.206,31026151.6000000015
1674432000000,6.206,6.814,6.197,6.561,56082981.3999999985
1674518400000,6.562,6.708,6.022,6.188,36820666.8999999985
1674604800000,6.188,6.559,6.003,6.395,42715842.799999997
1674691200000,6.396,6.558,6.296,6.469,32204638
1674777600000,6.47,6.619,6.258,6.581,25709851.8999999985
1674864000000,6.581,6.661,6.314,6.389,22245383.8000000007
1674950400000,6.389,6.697,6.321,6.611,24053520.1999999993
1675036800000,6.612,6.65,6,6.186,30034644
1675123200000,6.185,6.319,6.139,6.257,20043027.1999999993
1675209600000,6.257,6.489,6.018,6.463,31632483.5
1675296000000,6.464,6.919,6.444,6.541,45285513.700000003
1675382400000,6.541,7.125,6.501,7.005,47687047.299999997
1675468800000,7.006,7.073,6.811,6.868,22205951.1000000015
1675555200000,6.868,6.893,6.506,6.631,25224068.1000000015
1675641600000,6.631,6.786,6.407,6.489,29290873.8999999985
1675728000000,6.489,6.95,6.466,6.937,28364484.1000000015
1675814400000,6.937,7.024,6.613,6.75,27862697.6999999993
1675900800000,6.75,6.976,6.067,6.23,57262615.3999999985
1675987200000,6.231,6.304,6.113,6.178,28663816.6000000015
1676073600000,6.178,6.289,6.151,6.271,12722535.4000000004
1676160000000,6.271,6.377,6.06,6.175,16584598.0999999996
1676246400000,6.175,6.241,5.872,6.142,38786496.299999997
1676332800000,6.141,6.258,6,6.224,28653438.1000000015
1676419200000,6.225,6.615,6.153,6.61,30802155.6000000015
1676505600000,6.611,6.742,6.315,6.324,43765288
1676592000000,6.324,7.42,6.285,7.29,83728085
1676678400000,7.29,7.38,7.11,7.233,41168451.200000003
1676764800000,7.234,7.896,7.186,7.446,66803855.799999997
1676851200000,7.445,7.573,7.243,7.554,36404315.200000003
1676937600000,7.553,7.576,7.111,7.252,31968361.3000000007
1677024000000,7.251,7.273,6.882,7.183,36324932.6000000015
1677110400000,7.184,7.382,7.016,7.096,29729098.1999999993
1677196800000,7.097,7.148,6.463,6.609,40629307.8999999985
1677283200000,6.608,6.646,6.333,6.537,23084082.1999999993
1677369600000,6.538,6.724,6.497,6.685,15472732.1999999993
1677456000000,6.686,6.78,6.483,6.577,24597559.1000000015
1677542400000,6.578,6.595,6.268,6.344,24967464.1999999993
1677628800000,6.343,6.6,6.309,6.533,22866372.8999999985
1677715200000,6.534,6.562,6.218,6.331,20975343.6000000015
1677801600000,6.331,6.335,5.752,6.034,32501594.5
1677888000000,6.033,6.054,5.724,5.912,18494012.3000000007
1677974400000,5.913,6.06,5.881,5.971,17996907.3000000007
1678060800000,5.971,6.04,5.854,5.916,21712826.1000000015
1678147200000,5.916,6.017,5.73,5.843,26886124.8000000007
1678233600000,5.844,5.944,5.492,5.595,37067370.6000000015
1678320000000,5.594,5.797,5.223,5.38,43230258.6000000015
1678406400000,5.38,5.579,5.139,5.545,50201129.700000003
1678492800000,5.544,5.675,5.217,5.46,35955620.799999997
1678579200000,5.46,5.9,5.353,5.892,31592474.3000000007
1678665600000,5.892,6.14,5.699,6.096,43392778.3999999985
1678752000000,6.096,6.537,5.978,6.219,50086836.6000000015
1678838400000,6.219,6.37,5.771,5.871,46696951.200000003
1678924800000,5.871,6.138,5.749,6.084,31460189.3999999985
1679011200000,6.084,6.632,6.021,6.618,40673714.8999999985
1679097600000,6.617,6.7,6.279,6.311,32087054.3000000007
1679184000000,6.31,6.6,6.309,6.45,22240806
1679270400000,6.451,6.481,6.046,6.089,34500021.8999999985
1679356800000,6.088,6.458,5.993,6.36,35445552.6000000015
1679443200000,6.36,6.383,5.907,6.048,38850583.1000000015
1679529600000,6.047,6.419,5.987,6.317,26650489.8000000007
1679616000000,6.318,6.338,5.94,6.016,29852570.1999999993
1679702400000,6.015,6.076,5.823,5.9,16178515.6999999993
1679788800000,5.9,6.102,5.872,6.04,13803627.6999999993
1679875200000,6.041,6.115,5.737,5.864,26699388.6000000015
1679961600000,5.863,6.108,5.78,6.054,23463257.6999999993
1680048000000,6.055,6.283,6.043,6.179,21166574.6999999993
1680134400000,6.179,6.293,6.02,6.117,24886504
1680220800000,6.118,6.382,6.097,6.338,25721511
1680307200000,6.338,6.391,6.183,6.342,14276487.4000000004
1680393600000,6.343,6.445,6.167,6.261,21265502
1680480000000,6.261,6.502,6.08,6.415,32225216.1999999993
1680566400000,6.415,6.532,6.364,6.436,20505990.1999999993
1680652800000,6.436,6.586,6.31,6.402,19577787.6999999993
1680739200000,6.403,6.415,6.25,6.276,16584644.6999999993
1680825600000,6.276,6.316,6.131,6.172,13406995
1680912000000,6.172,6.232,6.078,6.124,10556659.9000000004
1680998400000,6.124,6.26,6.092,6.207,13890887
1681084800000,6.207,6.311,6.108,6.285,16541820.9000000004
1681171200000,6.286,6.491,6.272,6.413,21777707
1681257600000,6.413,6.465,6.202,6.401,26894448.3999999985
1681344000000,6.401,6.651,6.344,6.635,21368863.6000000015
1681430400000,6.634,6.849,6.537,6.732,32210178.8999999985
1681516800000,6.731,6.878,6.635,6.808,19168720.8999999985
1681603200000,6.807,6.884,6.674,6.828,18135344.3000000007
1681689600000,6.827,6.839,6.622,6.702,21896077
1681776000000,6.703,6.986,6.555,6.918,24310643.1999999993
1681862400000,6.917,6.923,6.19,6.305,31372161
1681948800000,6.305,6.436,6.056,6.107,26579717.3000000007
1682035200000,6.106,6.17,5.768,5.844,26063898.6000000015
1682121600000,5.843,5.974,5.816,5.942,11521020.4000000004
1682208000000,5.942,5.97,5.76,5.902,15081106
1682294400000,5.902,6.018,5.788,5.88,19085072.3999999985
1682380800000,5.88,6.01,5.772,5.996,16997334.6000000015
1682467200000,5.995,6.215,5.582,5.845,35123427.8999999985
1682553600000,5.845,6.049,5.826,5.966,24262306.3999999985
1682640000000,5.967,5.978,5.766,5.944,18903802
1682726400000,5.943,6.054,5.907,6.038,13022274.5999999996
1682812800000,6.037,6.082,5.84,5.873,18540519.6000000015
1682899200000,5.873,5.906,5.591,5.661,20882616.8000000007
1682985600000,5.661,5.755,5.615,5.709,14870355.4000000004
1683072000000,5.709,5.81,5.548,5.776,20552591.1999999993
1683158400000,5.776,5.794,5.614,5.667,14060961.0999999996
1683244800000,5.667,5.901,5.647,5.843,23623861.6999999993
1683331200000,5.844,5.895,5.553,5.629,19105807.3000000007
1683417600000,5.629,5.699,5.596,5.627,11923977.5999999996
1683504000000,5.625,5.645,5.148,5.365,30390170.6000000015
1683590400000,5.366,5.409,5.284,5.318,16102228.3000000007
1683676800000,5.318,5.52,5.2,5.459,26762908.8000000007
1683763200000,5.459,5.467,5.175,5.273,24047422.6000000015
1683849600000,5.273,5.348,5.1,5.338,24064912.3999999985
1683936000000,5.338,5.394,5.305,5.345,13132057.5
1684022400000,5.345,5.45,5.301,5.345,13444364.4000000004
1684108800000,5.346,5.428,5.261,5.311,19039641.3999999985
1684195200000,5.31,5.334,5.228,5.292,17589593.6999999993
1684281600000,5.292,5.438,5.216,5.418,27125413.6999999993
1684368000000,5.418,5.465,5.243,5.336,26196412.5
1684454400000,5.336,5.393,5.308,5.371,16487373
1684540800000,5.371,5.444,5.325,5.406,12740961.9000000004
1684627200000,5.406,5.431,5.23,5.271,14932054.9000000004
1684713600000,5.272,5.336,5.22,5.307,14653520.3000000007
1684800000000,5.308,5.449,5.285,5.398,16119799.6999999993
1684886400000,5.399,5.403,5.18,5.25,19935258.8000000007
1684972800000,5.249,5.296,5.133,5.243,15603022.8000000007
1685059200000,5.243,5.271,5.184,5.241,13047989.4000000004
1685145600000,5.241,5.375,5.228,5.333,14102170.1999999993
1685232000000,5.333,5.562,5.312,5.5,15730941.5
1685318400000,5.501,5.539,5.41,5.457,14177028.5999999996
1685404800000,5.458,5.528,5.406,5.44,13689012.9000000004
1685491200000,5.44,5.461,5.264,5.314,17021617.6000000015
1685577600000,5.313,5.334,5.182,5.203,16111100.3000000007
1685664000000,5.203,5.301,5.153,5.274,17011686.6000000015
1685750400000,5.275,5.341,5.235,5.339,9949190.6999999993
1685836800000,5.34,5.385,5.304,5.31,13798346.1999999993
1685923200000,5.31,5.32,4.854,5.061,31189057.1000000015
1686009600000,5.062,5.267,4.981,5.199,18965102.6999999993
1686096000000,5.199,5.211,4.969,5.021,18535425.6000000015
1686182400000,5.02,5.055,4.972,5.019,12136878.1999999993
1686268800000,5.02,5.069,4.925,4.978,15318471.6999999993
1686355200000,4.979,4.984,4.1,4.513,53563364.5
1686441600000,4.513,4.546,4.422,4.519,15900657.1999999993
1686528000000,4.519,4.553,4.405,4.53,18569001.6000000015
1686614400000,4.531,4.718,4.491,4.624,20125259.6999999993
1686700800000,4.624,4.798,4.501,4.567,26599498.5
1686787200000,4.567,4.617,4.27,4.373,32891709.8999999985
1686873600000,4.373,4.467,4.27,4.419,22589557.3999999985
1686960000000,4.418,4.562,4.391,4.527,16340568.8000000007
1687046400000,4.528,4.664,4.475,4.535,23380499.5
1687132800000,4.534,4.584,4.428,4.526,24160354.1000000015
1687219200000,4.526,4.675,4.368,4.659,27923404.6999999993
1687305600000,4.659,4.859,4.631,4.818,33286477.8999999985
1687392000000,4.818,4.973,4.742,4.822,33052965.6999999993
1687478400000,4.821,5.135,4.817,5.096,36059223
1687564800000,5.095,5.137,4.893,5.007,20708398.8999999985
1687651200000,5.006,5.243,4.997,5.189,27341285.3000000007
1687737600000,5.189,5.238,5.003,5.022,35596908.6000000015
1687824000000,5.022,5.152,4.993,5.091,18987952.6000000015
1687910400000,5.092,5.097,4.74,4.877,28454263
1687996800000,4.877,5.233,4.864,4.982,34601367.799999997
1688083200000,4.981,5.197,4.734,5.176,46655315.200000003
1688169600000,5.176,5.367,5.107,5.348,28577825.8999999985
1688256000000,5.348,5.535,5.221,5.494,30444286.1000000015
1688342400000,5.494,5.635,5.372,5.426,31948427
1688428800000,5.425,5.511,5.252,5.346,27771499.6999999993
1688515200000,5.346,5.378,5.111,5.204,25800481.6000000015
1688601600000,5.204,5.361,5.003,5.007,28660471.1999999993
1688688000000,5.007,5.175,4.968,5.114,21039412.3000000007
1688774400000,5.114,5.193,5.051,5.125,12798795.1999999993
1688860800000,5.124,5.158,5.055,5.077,11643790.5999999996
1688947200000,5.077,5.229,4.972,5.127,24584255.8000000007
1689033600000,5.127,5.213,5.084,5.211,14458532.1999999993
1689120000000,5.211,5.308,5.094,5.144,21698322
1689206400000,5.144,5.553,5.09,5.545,42027347.700000003
1689292800000,5.544,5.742,5.281,5.45,49977619.1000000015
1689379200000,5.45,5.563,5.381,5.429,13444002.4000000004
1689465600000,5.429,5.446,5.251,5.306,13883173.4000000004
1689552000000,5.305,5.415,5.16,5.299,23662242.6999999993
1689638400000,5.298,5.388,5.057,5.179,22469868.5
1689724800000,5.18,5.255,5.126,5.189,17340589.1000000015
1689811200000,5.189,5.487,5.181,5.351,28256860.3999999985
1689897600000,5.351,5.702,5.331,5.484,49731908.3999999985
1689984000000,5.483,5.515,5.25,5.31,19173786.5
1690070400000,5.31,5.486,5.269,5.387,18161639.8999999985
1690156800000,5.388,5.415,5.076,5.205,23459765.3000000007
1690243200000,5.206,5.252,5.121,5.171,15685198.8000000007
1690329600000,5.171,5.291,5.11,5.231,18296566.8000000007
1690416000000,5.232,5.334,5.175,5.235,16228788.5
1690502400000,5.235,5.271,5.156,5.215,12513385.4000000004
1690588800000,5.215,5.257,5.199,5.245,7589520.7000000002
1690675200000,5.245,5.274,5.078,5.18,15035058.5999999996
1690761600000,5.181,5.259,5.033,5.105,18244322.3000000007
1690848000000,5.104,5.204,4.932,5.204,20733275.3000000007
1690934400000,5.204,5.218,5.005,5.056,17623881.5
1691020800000,5.056,5.072,4.923,4.975,14838840.9000000004
1691107200000,4.974,5.042,4.933,4.99,12883886.1999999993
1691193600000,4.99,4.992,4.924,4.971,7517422.5
1691280000000,4.97,5.044,4.954,5.002,12354863.5
1691366400000,5.002,5.047,4.808,4.967,19103084.1000000015
1691452800000,4.967,5.098,4.929,5.056,14563210.5
1691539200000,5.057,5.105,4.989,5.057,11818622
1691625600000,5.058,5.066,4.97,5.004,10801771.8000000007
1691712000000,5.004,5.018,4.95,5.004,9526242.8000000007
1691798400000,5.004,5.041,4.992,5.037,5568177
1691884800000,5.037,5.042,4.96,4.982,8213650.5999999996
1691971200000,4.982,5.054,4.945,4.986,12218750.9000000004
1692057600000,4.987,4.996,4.601,4.812,18180958.3000000007
1692144000000,4.812,4.838,4.509,4.668,21647269
1692230400000,4.668,4.815,4.116,4.424,45912260.700000003
1692316800000,4.424,4.557,4.36,4.509,23477367
1692403200000,4.508,4.548,4.447,4.514,9075873.6999999993
1692489600000,4.514,4.528,4.459,4.515,7951536.7000000002
1692576000000,4.516,4.535,4.347,4.421,15597708.0999999996
1692662400000,4.422,4.447,4.21,4.421,18978746.6000000015
1692748800000,4.421,4.534,4.375,4.486,17266876.1999999993
1692835200000,4.486,4.514,4.36,4.421,14011763.4000000004
1692921600000,4.42,4.494,4.352,4.488,16737624.6999999993
1693008000000,4.487,4.51,4.472,4.502,8806353.5999999996
1693094400000,4.503,4.544,4.456,4.486,10383247
1693180800000,4.486,4.619,4.411,4.607,21542730.3999999985
1693267200000,4.607,4.808,4.535,4.674,37847734.200000003
1693353600000,4.673,4.676,4.5,4.53,16418574
1693440000000,4.531,4.531,4.214,4.268,29513631.1999999993
1693526400000,4.268,4.293,4.129,4.214,20928984.6999999993
1693612800000,4.214,4.27,4.196,4.258,9370304.9000000004
1693699200000,4.258,4.298,4.22,4.256,9063139.0999999996
1693785600000,4.256,4.318,4.186,4.258,14266180.4000000004
1693872000000,4.258,4.302,4.194,4.254,11689225.5
1693958400000,4.254,4.286,4.164,4.269,14711440.5
1694044800000,4.269,4.309,4.23,4.29,12670021.3000000007
1694131200000,4.291,4.33,4.197,4.249,13709104.9000000004
1694217600000,4.249,4.276,4.231,4.234,6522150.9000000004
1694304000000,4.235,4.235,4.085,4.145,19385916.1999999993
1694390400000,4.146,4.153,3.902,3.985,35730410.5
1694476800000,3.985,4.095,3.948,3.984,24656311.6999999993
1694563200000,3.984,4.101,3.946,3.995,20371245.6999999993
1694649600000,3.996,4.085,3.968,4.055,18726213.8999999985
1694736000000,4.055,4.17,4.043,4.135,15935504.5
1694822400000,4.135,4.223,4.128,4.181,12949753.6999999993
1694908800000,4.181,4.185,4.021,4.066,14638149.0999999996
1694995200000,4.067,4.216,3.999,4.103,19431369.3000000007
1695081600000,4.102,4.169,4.073,4.148,17500980
1695168000000,4.148,4.165,4.056,4.136,16793948.6999999993
1695254400000,4.135,4.164,3.991,4.007,16558544.8000000007
1695340800000,4.007,4.034,3.971,4.015,10701025.3000000007
1695427200000,4.015,4.037,3.995,4.03,7923234.0999999996
1695513600000,4.029,4.058,3.956,3.987,11150909.8000000007
1695600000000,3.987,4.087,3.939,4.066,17358155.1000000015
1695686400000,4.065,4.088,3.968,4.01,13873467.0999999996
1695772800000,4.011,4.073,3.963,3.989,20523892
1695859200000,3.99,4.099,3.979,4.07,19355081.3999999985
1695945600000,4.071,4.12,4.048,4.07,16148170.8000000007
1696032000000,4.071,4.116,4.067,4.101,9975712.0999999996
1696118400000,4.101,4.287,4.098,4.261,22517162
1696204800000,4.261,4.297,4.013,4.117,38714922.799999997
1696291200000,4.116,4.159,4.045,4.073,17169202.6000000015
1696377600000,4.073,4.073,3.947,4.038,22105988.6999999993
1696464000000,4.038,4.081,3.994,4.02,15167256.6999999993
1696550400000,4.02,4.092,3.988,4.065,13064467.5
1696636800000,4.065,4.111,4.04,4.048,8663931
1696723200000,4.048,4.069,3.993,4.008,11239823.4000000004
1696809600000,4.008,4.027,3.736,3.875,37421344
1696896000000,3.875,3.891,3.765,3.809,19706294
1696982400000,3.809,3.821,3.692,3.737,23567996.5
1697068800000,3.737,3.737,3.6,3.671,25697170.3999999985
1697155200000,3.672,3.787,3.664,3.718,16692674.5999999996
1697241600000,3.717,3.76,3.714,3.731,8565019.3000000007
1697328000000,3.731,3.774,3.703,3.751,13975122.8000000007
1697414400000,3.75,3.9,3.732,3.773,34606875.200000003
1697500800000,3.773,3.777,3.621,3.669,21458014
1697587200000,3.669,3.722,3.626,3.65,18340614.6999999993
1697673600000,3.65,3.659,3.551,3.646,22391305
1697760000000,3.646,3.803,3.635,3.714,30703875.8000000007
1697846400000,3.714,3.978,3.704,3.906,37302683.8999999985
1697932800000,3.905,3.97,3.8,3.965,37689055.6000000015
1698019200000,3.964,4.368,3.914,4.357,93545836.400000006
1698105600000,4.356,4.42,4.078,4.186,74169502.599999994
1698192000000,4.185,4.352,4.131,4.289,39085622.8999999985
1698278400000,4.289,4.451,4.14,4.234,52608206.299999997
1698364800000,4.233,4.237,4.017,4.134,41878043.5
1698451200000,4.134,4.223,4.129,4.179,20429227.5
1698537600000,4.18,4.353,4.122,4.313,26221948.1999999993
1698624000000,4.312,4.53,4.23,4.521,48257845.5
1698710400000,4.522,4.6,4.267,4.449,55598763.8999999985
1698796800000,4.449,4.812,4.321,4.732,61790260.5
1698883200000,4.732,4.804,4.516,4.633,54963897.3999999985
1698969600000,4.633,4.648,4.455,4.614,25553052.1000000015
1699056000000,4.614,4.784,4.587,4.687,20314001.5
1699142400000,4.687,4.912,4.654,4.762,39437682.6000000015
1699228800000,4.763,4.997,4.674,4.97,34746879.299999997
1699315200000,4.97,5.009,4.72,4.929,40686718.799999997
1699401600000,4.929,5.098,4.86,5.033,30935572.1999999993
1699488000000,5.034,5.269,4.371,5.093,61426120.200000003
1699574400000,5.093,5.321,4.97,5.303,35117734.700000003
1699660800000,5.302,5.684,5.086,5.56,47556163.799999997
1699747200000,5.56,5.86,5.345,5.712,50138524.5
1699833600000,5.712,5.895,5.328,5.352,45288979.5
1699920000000,5.353,5.526,4.96,5.2,41098408.299999997
1700006400000,5.2,5.642,5.186,5.567,32089103.8999999985
1700092800000,5.567,5.8,5.267,5.355,47197422.6000000015
1700179200000,5.355,5.489,5.052,5.245,36472992.5
1700265600000,5.244,5.294,4.988,5.292,24604872.8000000007
1700352000000,5.291,5.483,5.173,5.436,26407332.8999999985
1700438400000,5.436,5.572,5.251,5.302,33790082.3999999985
1700524800000,5.303,5.329,4.811,4.855,40553276
1700611200000,4.854,5.29,4.839,5.174,27814808.8999999985
1700697600000,5.174,5.22,5.081,5.138,15752701.8000000007
1700784000000,5.138,5.294,5.12,5.242,24604040.5
1700870400000,5.241,5.39,5.211,5.331,17258850.1999999993
1700956800000,5.331,5.417,5.14,5.329,27699227.6000000015
1701043200000,5.33,5.378,5.034,5.155,30350552.8999999985
1701129600000,5.155,5.315,5.103,5.275,28637912.3999999985
1701216000000,5.276,5.404,5.152,5.16,27027008.8999999985
1701302400000,5.161,5.575,5.118,5.475,43897080.3999999985
1701388800000,5.474,5.527,5.368,5.471,27420449.1000000015
1701475200000,5.47,5.607,5.452,5.564,20509731.3000000007
1701561600000,5.563,5.627,5.427,5.542,23795732.6999999993
1701648000000,5.542,5.725,5.374,5.638,42526786
1701734400000,5.637,5.949,5.511,5.908,48063498
1701820800000,5.909,6.203,5.766,6.05,61273883
1701907200000,6.05,6.311,5.903,6.247,43144936.5
1701993600000,6.247,6.922,6.172,6.846,50407264.3999999985
1702080000000,6.846,7.697,6.835,7.11,99685063.400000006
1702166400000,7.109,7.36,6.962,7.351,38743535.299999997
1702252800000,7.352,7.367,6.158,6.708,76137821.900000006
1702339200000,6.707,7.344,6.697,7.135,75784318.200000003
1702425600000,7.135,7.652,6.612,7.607,62511005.299999997
1702512000000,7.607,7.778,6.91,7.513,66577536.200000003
1702598400000,7.513,7.569,6.918,6.953,46306789.1000000015
1702684800000,6.953,7.358,6.863,7.09,36865494.3999999985
1702771200000,7.091,7.165,6.749,6.79,37485993.3999999985
1702857600000,6.79,6.886,6.375,6.883,38849048.8999999985
1702944000000,6.882,7.048,6.61,6.707,28972528.3999999985
1703030400000,6.707,7.143,6.618,6.959,33716891.3999999985
1703116800000,6.96,8.447,6.922,8.432,103845906.599999994
1703203200000,8.432,8.583,7.851,7.958,62150957.8999999985
1703289600000,7.959,8.448,7.584,8.333,41667081.8999999985
1703376000000,8.332,9.25,8.319,8.619,93526716
1703462400000,8.619,9.4,8.507,9.202,70914380.799999997
1703548800000,9.203,9.595,8.299,8.825,62617229.200000003
1703635200000,8.825,9.032,8.413,8.703,41125383.3999999985
1703721600000,8.704,8.923,8.272,8.435,38361018.8999999985
1703808000000,8.436,8.694,8.038,8.298,37467157.1000000015
1703894400000,8.297,8.496,8.101,8.355,21010776.1999999993
1703980800000,8.356,8.66,8.025,8.207,25468951.1999999993
1704067200000,8.208,8.676,8.068,8.607,18891378.5
1704153600000,8.608,8.819,8.321,8.418,28820161.3000000007
1704240000000,8.418,8.587,6.419,7.624,59130365.700000003
1704326400000,7.624,7.997,7.461,7.874,26375273
1704412800000,7.874,7.952,7.159,7.445,35728095.3999999985
1704499200000,7.446,7.447,6.94,7.134,23724799.1999999993
1704585600000,7.134,7.324,6.812,6.897,27199051.8000000007
1704672000000,6.897,7.502,6.504,7.481,39710390.8999999985
1704758400000,7.48,7.526,6.906,7.125,37368519.6000000015
1704844800000,7.126,8.089,6.791,7.988,39455653.799999997
1704931200000,7.988,8.58,7.854,8.149,49874099.799999997
1705017600000,8.149,8.219,7.291,7.566,40510552
1705104000000,7.566,7.752,7.368,7.614,19033249.5
1705190400000,7.614,7.7,7.314,7.321,20942719.8999999985
1705276800000,7.321,7.695,7.308,7.507,22395779.8999999985
1705363200000,7.507,7.698,7.336,7.488,21337559.1999999993
1705449600000,7.489,7.597,7.253,7.351,20415761
1705536000000,7.35,7.394,6.811,7.017,33320376.3999999985
1705622400000,7.017,7.052,6.566,6.89,30553133.6999999993
1705708800000,6.89,6.947,6.773,6.91,14306828
1705795200000,6.91,6.975,6.798,6.813,12083952
1705881600000,6.814,6.848,6.284,6.341,39258227.299999997
1705968000000,6.342,6.454,5.962,6.355,40142566.700000003
1706054400000,6.356,6.54,6.256,6.461,25701145.8999999985
1706140800000,6.461,6.57,6.346,6.44,19760057.3000000007
1706227200000,6.44,6.73,6.357,6.669,19250563.1000000015
1706313600000,6.668,6.754,6.526,6.668,14899278.0999999996
1706400000000,6.668,6.874,6.563,6.866,19626837.5
1706486400000,6.867,7.295,6.7,7.032,37399355
1706572800000,7.032,7.082,6.817,6.836,22475667.3000000007
1706659200000,6.836,6.885,6.581,6.651,26014331.3000000007
1706745600000,6.651,6.816,6.525,6.789,16850357.6999999993
1706832000000,6.789,7.025,6.762,6.945,16297558
1706918400000,6.944,7.008,6.81,6.825,10259323.5999999996
1707004800000,6.825,6.825,6.633,6.665,11789321
1707091200000,6.665,6.972,6.587,6.733,21463708
1707177600000,6.733,6.831,6.635,6.808,15120347.8000000007
1707264000000,6.808,6.964,6.668,6.939,16034949.0999999996
1707350400000,6.94,7.107,6.867,7.011,20879463.6999999993
1707436800000,7.011,7.329,6.957,7.192,26640713.3000000007
1707523200000,7.192,7.29,7.055,7.2,15472697.1999999993
1707609600000,7.2,7.343,7.075,7.098,17707930.1999999993
1707696000000,7.099,7.38,6.976,7.342,24626129
1707782400000,7.342,7.456,7.108,7.36,27067120.3000000007
1707868800000,7.359,7.715,7.279,7.653,30857393.1999999993
1707955200000,7.652,7.958,7.529,7.784,37476248.700000003
1708041600000,7.784,7.873,7.54,7.655,25501586.6000000015
1708128000000,7.655,7.718,7.341,7.712,22686512.8000000007
1708214400000,7.713,7.927,7.682,7.866,20385696.1000000015
1708300800000,7.866,8.155,7.654,8.037,33881060.5
1708387200000,8.037,8.126,7.35,7.735,45557129
1708473600000,7.735,7.737,7.23,7.474,29012765.1999999993
1708560000000,7.473,7.695,7.279,7.486,24198945.5
1708646400000,7.487,7.652,7.271,7.571,29869485.1999999993
1708732800000,7.571,7.896,7.438,7.826,22082905.6999999993
1708819200000,7.825,7.95,7.683,7.931,16477941.9000000004
1708905600000,7.931,8.128,7.591,8.119,27517790.5
1708992000000,8.119,8.456,8,8.376,32550934.1000000015
1709078400000,8.377,8.738,7.676,8.35,51682470.8999999985
1709164800000,8.35,8.918,8.033,8.27,46815625
1709251200000,8.27,8.685,8.27,8.672,25719985.1999999993
1709337600000,8.672,9.48,8.59,9.476,42613821.200000003
1709424000000,9.476,9.924,8.528,9.79,52072724.8999999985
1709510400000,9.791,10.324,9.583,9.878,70045888.400000006
1709596800000,9.878,10.789,8.05,9.32,103546868.599999994
1709683200000,9.321,10.57,8.931,10.552,60463466.5
1709769600000,10.552,11.009,10.243,10.415,42100631.6000000015
1709856000000,10.414,10.711,9.966,10.648,41937411.299999997
1709942400000,10.648,10.97,10.423,10.504,30263971.3999999985
1710028800000,10.505,10.585,9.968,10.268,26685074.5
1710115200000,10.269,11.262,9.76,11.062,52281525.700000003
1710201600000,11.062,11.167,10.053,10.747,44382649.200000003
1710288000000,10.748,11.402,10.648,11.385,34661127.8999999985
1710374400000,11.385,11.91,10.678,11.567,69010810.099999994
1710460800000,11.567,11.72,9.965,10.821,71009156.900000006
1710547200000,10.822,10.911,9.502,9.689,50637862.299999997
1710633600000,9.689,10.252,9.197,10.087,38607659.8999999985
1710720000000,10.087,10.455,9.605,9.911,51143971.299999997
1710806400000,9.911,10.003,8.606,8.769,72415325.299999997
1710892800000,8.769,9.575,8.49,9.489,55217826.299999997
1710979200000,9.489,9.589,9.076,9.185,34626559.6000000015
1711065600000,9.186,9.373,8.7,8.943,32571253.6000000015
1711152000000,8.942,9.23,8.858,8.976,18253822.8000000007
1711238400000,8.976,9.438,8.952,9.378,16522949.5999999996
1711324800000,9.378,9.84,9.293,9.746,22458401.8999999985
1711411200000,9.746,10.065,9.532,9.694,29820846.1000000015
1711497600000,9.695,9.823,9.316,9.457,28022651.8000000007
1711584000000,9.457,9.669,9.306,9.533,18754460.6999999993
1711670400000,9.534,9.822,9.35,9.611,23947594.6000000015
1711756800000,9.611,9.71,9.394,9.439,12180589
1711843200000,9.44,9.658,9.424,9.658,9918862.5999999996
1711929600000,9.657,9.756,8.93,9.153,29518092.3000000007
1712016000000,9.153,9.153,8.379,8.588,31357805.5
1712102400000,8.587,8.791,8.29,8.421,22763215.3000000007
1712188800000,8.421,8.716,8.268,8.492,20888397.6000000015
1712275200000,8.492,8.516,8.081,8.386,20410851.6000000015
1712361600000,8.385,8.561,8.335,8.5,11521626.3000000007
1712448000000,8.501,8.748,8.462,8.712,12473868.3000000007
1712534400000,8.712,9.103,8.574,9.05,17709300
1712620800000,9.049,9.115,8.638,8.665,27632311.8999999985
1712707200000,8.665,8.708,8.123,8.415,29195119
1712793600000,8.415,8.547,8.187,8.388,20628754.8999999985
1712880000000,8.387,8.497,6.446,7.234,65877045.8999999985
1712966400000,7.234,7.33,5.609,6.389,95138561.900000006
1713052800000,6.389,6.923,6.189,6.849,63910390.6000000015
1713139200000,6.849,7.205,6.432,6.704,57391305.3999999985
1713225600000,6.704,6.817,6.362,6.696,41069600.6000000015
1713312000000,6.695,6.773,6.319,6.576,36696483.799999997
1713398400000,6.577,6.826,6.442,6.779,29443456.3999999985
1713484800000,6.778,6.913,6.266,6.678,40158752.299999997
1713571200000,6.677,7.279,6.604,7.236,20541438.6000000015
1713657600000,7.237,7.284,6.956,7.134,15686527.6999999993
1713744000000,7.133,7.585,7.076,7.46,24741148.8000000007
1713830400000,7.461,7.536,7.2,7.238,21306806.3999999985
1713916800000,7.239,7.497,6.851,6.928,30721017.3000000007
1714003200000,6.928,6.998,6.699,6.855,26376726.1999999993
1714089600000,6.855,6.948,6.709,6.762,21702465
1714176000000,6.761,6.864,6.5,6.805,19742123.5
1714262400000,6.805,6.947,6.68,6.723,12989037.6999999993
1714348800000,6.723,6.821,6.463,6.583,21753124.3000000007
1714435200000,6.584,6.665,6.03,6.418,36747407.8999999985
1714521600000,6.417,6.932,6.124,6.894,53356320.8999999985
1714608000000,6.894,7.407,6.688,7.27,35673617.700000003
1714694400000,7.269,7.383,6.999,7.242,27219298
1714780800000,7.241,7.248,7.101,7.117,15748317.6999999993
1714867200000,7.118,7.398,7.009,7.298,18369437.1000000015
1714953600000,7.299,7.471,7.054,7.116,23540405.3999999985
1715040000000,7.116,7.292,6.977,6.987,17987116.6000000015
1715126400000,6.988,7.187,6.88,6.979,22289964.3999999985
1715212800000,6.98,7.086,6.777,7.044,18203337.3999999985
1715299200000,7.045,7.147,6.69,6.742,21084287.8999999985
1715385600000,6.742,6.806,6.63,6.657,12060075.9000000004
1715472000000,6.657,6.788,6.581,6.613,9371584.6999999993
1715558400000,6.612,6.822,6.427,6.666,19813107
1715644800000,6.666,6.694,6.465,6.482,16573526.9000000004
1715731200000,6.483,7.028,6.456,6.957,23073517.5
1715817600000,6.957,7.064,6.811,7.022,18053877.6999999993
1715904000000,7.023,7.298,6.995,7.195,19941733.5
1715990400000,7.195,7.227,7.06,7.155,9723241
1716076800000,7.155,7.179,6.883,6.928,11991808.8000000007
1716163200000,6.928,7.587,6.845,7.574,24139845.3000000007
1716249600000,7.573,7.672,7.431,7.613,22443037.3000000007
1716336000000,7.613,7.7,7.383,7.47,21079665.3999999985
1716422400000,7.47,7.61,6.837,7.203,37072679.5
1716508800000,7.203,7.387,7.02,7.248,18671056.1999999993
1716595200000,7.248,7.44,7.222,7.426,9119401.1999999993
1716681600000,7.425,7.642,7.368,7.561,18247710.6000000015
1716768000000,7.561,7.784,7.381,7.646,19725818.5
1716854400000,7.646,7.674,7.28,7.375,25720221.8000000007
1716940800000,7.375,7.569,7.143,7.181,21612082.1999999993
1717027200000,7.18,7.248,6.925,7.001,18913998.3999999985
1717113600000,7.001,7.063,6.804,6.988,17370811.8000000007
1717200000000,6.989,7.14,6.962,7.067,8988884.4000000004
1717286400000,7.067,7.132,6.92,6.993,12391688.5999999996
1717372800000,6.994,7.194,6.936,7.012,17749034.3000000007
1717459200000,7.012,7.24,6.944,7.186,16016307.4000000004
1717545600000,7.186,7.305,7.153,7.257,12671887.4000000004
1717632000000,7.257,7.295,7.058,7.15,12543420.4000000004
1717718400000,7.151,7.299,5.976,6.654,37956493.700000003
1717804800000,6.654,6.683,6.333,6.379,17374194.3000000007
1717891200000,6.379,6.536,6.37,6.523,11700879.6999999993
1717977600000,6.523,6.58,6.353,6.506,15754249.3000000007
1718064000000,6.506,6.526,6.205,6.375,26836990.5
1718150400000,6.374,6.925,6.27,6.734,28230067.5
1718236800000,6.735,6.741,6.334,6.357,19298090.3000000007
1718323200000,6.358,6.486,5.95,6.16,26973335.6000000015
1718409600000,6.16,6.256,6.104,6.219,10608792
1718496000000,6.22,6.422,6.144,6.393,12819503
1718582400000,6.393,6.415,5.976,6.065,24202883.8000000007
1718668800000,6.065,6.085,5.4,5.767,44292939.799999997
1718755200000,5.768,5.99,5.726,5.793,22366595.8999999985
1718841600000,5.793,5.971,5.593,5.639,25145437.8000000007
1718928000000,5.638,5.734,5.545,5.608,22785311.8000000007
1719014400000,5.608,5.8,5.537,5.748,13487497
1719100800000,5.749,5.814,5.562,5.649,13633941.5999999996
1719187200000,5.648,5.736,5.338,5.725,33163874.3000000007
1719273600000,5.725,5.97,5.702,5.839,16446296.8000000007
1719360000000,5.839,5.944,5.74,5.797,15298636.5999999996
1719446400000,5.796,6.376,5.702,6.285,28082793.3000000007
1719532800000,6.286,6.437,6.158,6.189,26024952.1999999993
1719619200000,6.189,6.305,6.062,6.08,11379913.6999999993
1719705600000,6.079,6.258,6.02,6.212,13517701.5
1719792000000,6.213,6.446,6.19,6.327,21023105.1999999993
1719878400000,6.327,6.605,6.311,6.528,34398632.1000000015
1719964800000,6.528,6.543,5.99,6.075,33474983.6999999993
1720051200000,6.076,6.132,5.529,5.555,39068628.299999997
1720137600000,5.556,5.914,4.888,5.683,81798330.900000006
1720224000000,5.683,6.304,5.625,6.237,42839607
1720310400000,6.238,6.311,5.88,5.907,28012799.8000000007
1720396800000,5.907,6.293,5.69,5.94,42322739.700000003
1720483200000,5.94,6.183,5.838,6.116,23464481
1720569600000,6.116,6.258,6.047,6.092,17164262.3000000007
1720656000000,6.092,6.246,5.891,5.9,16552834.1999999993
1720742400000,5.9,6.1,5.795,6.1,14712647.8000000007
1720828800000,6.1,6.303,6.072,6.231,12592198.4000000004
1720915200000,6.232,6.356,6.156,6.316,12726214.1999999993
1721001600000,6.316,6.536,6.289,6.483,21118547.6000000015
1721088000000,6.483,6.51,6.12,6.334,26337859.6000000015
1721174400000,6.333,6.531,6.238,6.25,19721137.6999999993
1721260800000,6.25,6.402,6.013,6.088,20597699.1999999993
1721347200000,6.089,6.348,5.97,6.336,17763171.3000000007
1721433600000,6.335,6.395,6.219,6.329,10778207.3000000007
1721520000000,6.329,6.444,6.092,6.427,15855983.5
1721606400000,6.428,6.473,6.075,6.092,17174396.1999999993
1721692800000,6.092,6.161,5.798,5.913,22380274.6999999993
1721779200000,5.912,5.993,5.645,5.742,15458392.8000000007
1721865600000,5.742,5.775,5.534,5.751,24401742.8999999985
1721952000000,5.752,5.887,5.723,5.862,14137734.6999999993
1722038400000,5.863,5.94,5.709,5.821,15237608.3000000007
1722124800000,5.821,5.841,5.667,5.716,9795812.6999999993
1722211200000,5.716,5.873,5.616,5.647,18003236.1000000015
1722297600000,5.647,5.722,5.477,5.516,15210283.5
1722384000000,5.517,5.556,5.33,5.386,18929782
1722470400000,5.385,5.421,5.02,5.338,31545127.1999999993
1722556800000,5.338,5.367,4.993,5.12,26914130.6000000015
1722643200000,5.12,5.206,4.852,5.041,25324517.3000000007
1722729600000,5.041,5.095,4.527,4.687,31217068
1722816000000,4.688,4.725,3.584,4.195,128295289.5
1722902400000,4.196,4.599,4.188,4.505,33197377
1722988800000,4.504,4.637,4.399,4.575,33942836.799999997
1723075200000,4.574,4.903,4.475,4.876,27882613.8999999985
1723161600000,4.877,4.92,4.727,4.781,16138690.8000000007
1723248000000,4.781,4.829,4.717,4.751,8992724
1723334400000,4.751,4.825,4.463,4.493,13458930.6999999993
1723420800000,4.492,4.677,4.446,4.584,18913627.8000000007
1723507200000,4.585,4.612,4.393,4.543,15533087.3000000007
1723593600000,4.542,4.552,4.345,4.38,16116343.6999999993
1723680000000,4.38,4.478,4.224,4.274,17183158.6999999993
1723766400000,4.275,4.384,4.208,4.289,15781682.0999999996
1723852800000,4.289,4.382,4.271,4.366,6623262.5
1723939200000,4.365,4.52,4.341,4.388,14276663.5
1724025600000,4.389,4.501,4.341,4.479,16442950
1724112000000,4.478,4.601,4.452,4.52,13645391.3000000007
1724198400000,4.521,4.745,4.487,4.661,16526468.9000000004
1724284800000,4.66,4.711,4.591,4.688,12502761.0999999996
1724371200000,4.688,4.951,4.679,4.89,18277377.8999999985
1724457600000,4.89,5.099,4.842,4.981,17730945.1000000015
1724544000000,4.981,4.992,4.742,4.816,15935994.6999999993
1724630400000,4.817,4.863,4.525,4.553,17898821.3999999985
1724716800000,4.554,4.655,4.236,4.374,23736376.8000000007
1724803200000,4.375,4.451,4.162,4.251,25486986.3000000007
1724889600000,4.252,4.401,4.174,4.249,14042183.1999999993
1724976000000,4.248,4.331,4.096,4.276,17152031.5
1725062400000,4.275,4.315,4.214,4.255,7099717.2999999998
1725148800000,4.256,4.256,4.028,4.065,15617285.5
1725235200000,4.065,4.232,4.048,4.206,15417729
1725321600000,4.205,4.283,4.051,4.059,15351641.0999999996
1725408000000,4.059,4.195,3.864,4.109,27469571.3999999985
1725494400000,4.11,4.126,3.969,4.019,18522266.8000000007
1725580800000,4.019,4.095,3.814,3.956,34166355.200000003
1725667200000,3.957,4.132,3.931,4.079,14225597.6999999993
1725753600000,4.079,4.205,4.055,4.162,11952157.6999999993
1725840000000,4.161,4.338,4.108,4.285,16671695.6999999993
1725926400000,4.285,4.287,4.194,4.248,12873290.6999999993
1726012800000,4.248,4.255,4.057,4.19,19459917.3999999985
1726099200000,4.19,4.297,4.186,4.293,13114925
1726185600000,4.293,4.469,4.269,4.418,17368446.6999999993
1726272000000,4.419,4.443,4.343,4.435,8941855.8000000007
1726358400000,4.435,4.555,4.348,4.392,16339129.0999999996
1726444800000,4.391,4.392,4.146,4.192,21923482.3000000007
1726531200000,4.192,4.285,4.125,4.154,19281983.1999999993
1726617600000,4.155,4.176,3.97,4.174,29032201.1000000015
1726704000000,4.175,4.348,4.175,4.252,25782719.6000000015
1726790400000,4.252,4.403,4.186,4.337,22299194.6000000015
1726876800000,4.337,4.476,4.281,4.46,13120272.4000000004
1726963200000,4.459,4.482,4.23,4.307,16184121.8000000007
1727049600000,4.308,4.46,4.228,4.455,20560265.6000000015
1727136000000,4.455,4.684,4.398,4.634,24679791.3000000007
1727222400000,4.633,4.772,4.589,4.635,20124086.5
1727308800000,4.635,4.875,4.562,4.812,18934946.8000000007
1727395200000,4.812,4.963,4.807,4.884,14717751.0999999996
1727481600000,4.883,4.93,4.741,4.794,12286277.1999999993
1727568000000,4.795,4.859,4.68,4.765,12042499.9000000004
1727654400000,4.765,4.769,4.396,4.429,22226676.8999999985
1727740800000,4.43,4.56,4.05,4.15,49208813.299999997
1727827200000,4.15,4.267,4.001,4.099,31493107.8999999985
1727913600000,4.098,4.171,3.986,4.128,28198234.3999999985
1728000000000,4.128,4.211,4.1,4.193,16639907.8000000007
1728086400000,4.192,4.231,4.073,4.135,12209098.5999999996
1728172800000,4.136,4.195,4.093,4.189,9249509.5999999996
1728259200000,4.19,4.269,4.122,4.128,25735969
1728345600000,4.129,4.182,4.041,4.102,21980353.1000000015
1728432000000,4.101,4.148,3.948,4.021,16526683.6999999993
1728518400000,4.022,4.076,3.96,4.071,16014896.5999999996
1728604800000,4.071,4.194,4.05,4.172,13298397.5
1728691200000,4.171,4.262,4.151,4.204,11110291.5999999996
1728777600000,4.203,4.215,4.083,4.161,11979325.8000000007
1728864000000,4.162,4.4,4.131,4.377,20787015.1999999993
1728950400000,4.377,4.535,4.291,4.407,32660262.6999999993
1729036800000,4.406,4.41,4.284,4.312,15620943.4000000004
1729123200000,4.312,4.35,4.143,4.19,18710893.6000000015
1729209600000,4.19,4.31,4.17,4.31,12488080.5999999996
1729296000000,4.31,4.482,4.308,4.429,15839510.6999999993
1729382400000,4.43,4.594,4.356,4.578,15004078.8000000007
1729468800000,4.577,4.617,4.333,4.376,17414835.3999999985
1729555200000,4.377,4.437,4.269,4.323,16266111.0999999996
1729641600000,4.323,4.332,4.101,4.208,20577304.8999999985
1729728000000,4.208,4.267,4.14,4.207,12441584.6999999993
1729814400000,4.206,4.219,3.836,3.993,27866892.3000000007
1729900800000,3.993,4.059,3.94,4.034,15349578.1999999993
1729987200000,4.034,4.132,4.004,4.126,12080588.4000000004
1730073600000,4.126,4.225,4.002,4.13,25687548.6000000015
1730160000000,4.131,4.252,4.119,4.195,24758491.3999999985
1730246400000,4.194,4.221,4.121,4.191,18422467.6000000015
1730332800000,4.192,4.217,3.9,3.957,28323113
1730419200000,3.958,3.995,3.843,3.908,26451091.6999999993
1730505600000,3.908,3.944,3.82,3.906,15963038.6999999993
1730592000000,3.907,3.929,3.663,3.783,30455110.8000000007
1730678400000,3.783,3.836,3.675,3.749,19968188.1999999993
1730764800000,3.75,3.918,3.742,3.855,19599832.6000000015
1730851200000,3.855,4.13,3.855,4.114,39586819.8999999985
1730937600000,4.113,4.201,4.047,4.166,34104461.3999999985
1731024000000,4.167,4.393,4.114,4.326,46984895.3999999985
1731110400000,4.326,4.644,4.263,4.635,31689303.8999999985
1731196800000,4.635,5.482,4.587,5.244,102813013.599999994
1731283200000,5.243,5.792,4.976,5.714,65696469.6000000015
1731369600000,5.713,5.848,5.125,5.312,85958498
1731456000000,5.312,5.434,4.913,5.078,70706549.400000006
1731542400000,5.078,5.219,4.69,4.78,51233065.6000000015
1731628800000,4.779,5.175,4.706,5.164,38679603.700000003
1731715200000,5.163,5.807,5.135,5.785,49285220.5
1731801600000,5.785,6.147,5.313,5.425,57277156.6000000015
1731888000000,5.426,6.097,5.395,6.009,53969617.700000003
1731974400000,6.01,6.049,5.662,5.807,32612278.6999999993
1732060800000,5.808,6.085,5.534,5.725,50830830.5
1732147200000,5.724,5.973,5.476,5.939,46373445.5
1732233600000,5.939,6.694,5.882,6.634,61095161.3999999985
1732320000000,6.635,9.448,6.586,8.523,200467951.6999999881
1732406400000,8.524,10.512,8.03,8.829,188408886.3000000119
1732492800000,8.831,9.369,8.12,8.242,78684200.400000006
1732579200000,8.24,8.476,7.555,8.072,67624118.700000003
1732665600000,8.072,8.576,7.843,8.462,47611081.299999997
1732752000000,8.461,8.759,8.008,8.622,42229774.299999997
1732838400000,8.622,9.085,8.443,9.031,42394944.1000000015
1732924800000,9.032,9.237,8.607,8.953,54258938
1733011200000,8.952,9.397,8.703,9.299,47515641.3999999985
1733097600000,9.299,10.21,8.461,10.022,97709025
1733184000000,10.022,10.403,9.063,9.783,86441808.299999997
1733270400000,9.786,11.666,9.669,10.526,105109970.299999997
1733356800000,10.526,11.247,9.901,10.381,80136872.599999994
1733443200000,10.381,10.889,10.024,10.682,46835274
1733529600000,10.683,10.945,10.314,10.604,34689521.3999999985
1733616000000,10.604,10.821,10.2,10.402,28459667.8000000007
1733702400000,10.402,10.406,7.546,8.467,95465340.099999994
1733788800000,8.468,8.717,7.586,8.389,80686878.299999997
1733875200000,8.389,9.264,8.027,8.992,45557214.299999997
1733961600000,8.991,9.671,8.907,9.06,55155826.6000000015
1734048000000,9.061,9.233,8.772,9.088,37762209.799999997
1734134400000,9.088,9.212,8.351,8.55,32090917.3999999985
1734220800000,8.55,9.26,8.362,9.027,42332535.799999997
1734307200000,9.026,9.202,8.582,8.754,37815231.3999999985
1734393600000,8.754,8.971,8.376,8.485,37297213.700000003
1734480000000,8.485,8.546,7.511,7.676,54370067.200000003
1734566400000,7.677,7.797,6.758,6.937,84648281.299999997
1734652800000,6.938,7.356,6.039,7.288,80819484.700000003
1734739200000,7.288,7.798,6.832,6.97,49169511.3999999985
1734825600000,6.97,7.262,6.681,6.839,38093529.200000003
1734912000000,6.838,7.565,6.651,7.38,40611216.799999997
1734998400000,7.379,7.636,7.15,7.547,27827789.3000000007
1735084800000,7.548,7.677,7.349,7.498,20199514.8999999985
1735171200000,7.499,7.59,6.877,6.93,28028600.6000000015
1735257600000,6.93,7.307,6.811,6.907,25442391.5
1735344000000,6.908,7.183,6.787,7.11,15427708.6999999993
1735430400000,7.111,7.151,6.803,6.862,15282312
1735516800000,6.862,7.108,6.532,6.701,34092700.5
1735603200000,6.701,6.927,6.56,6.637,22632659.6999999993
1735689600000,6.637,7.14,6.515,7.052,25994477.3000000007
1735776000000,7.052,7.358,7.05,7.175,25123774.1000000015
1735862400000,7.175,7.994,7.132,7.749,38825786
1735948800000,7.75,7.88,7.603,7.676,21243065
1736035200000,7.675,7.733,7.457,7.67,18110115.1999999993
1736121600000,7.671,7.989,7.536,7.768,30437078.6999999993
1736208000000,7.768,7.888,7.002,7.008,49782986.6000000015
1736294400000,7.009,7.131,6.415,6.755,50077990.3999999985
1736380800000,6.754,6.841,6.448,6.553,34057214.5
1736467200000,6.553,6.808,6.476,6.727,28351683.3999999985
1736553600000,6.728,6.877,6.582,6.738,12862998.5999999996
1736640000000,6.738,6.817,6.54,6.629,12609222.6999999993
1736726400000,6.629,6.808,5.97,6.392,46864383.6000000015
1736812800000,6.391,6.685,6.364,6.665,24537388.8000000007
1736899200000,6.665,7.194,6.554,7.161,37969657.6000000015
1736985600000,7.16,7.389,6.843,7.149,39783993
1737072000000,7.15,7.598,7.149,7.502,30026810.1000000015
1737158400000,7.502,7.587,6.831,7.039,36735857.6000000015
1737244800000,7.039,7.234,6.1,6.242,67737763.700000003
1737331200000,6.242,7.152,6.05,6.377,80381584.200000003
1737417600000,6.378,6.845,6.15,6.624,32486233.3999999985
1737504000000,6.624,6.698,6.41,6.447,18857381.5
1737590400000,6.446,6.502,6.191,6.35,31453205.6999999993
1737676800000,6.349,6.545,6.196,6.317,21845233.8999999985
1737763200000,6.318,6.407,6.241,6.321,14496865.6999999993
1737849600000,6.321,6.469,6.16,6.172,18302159.3000000007
1737936000000,6.172,6.209,5.477,5.949,52081222.200000003
1738022400000,5.949,6.034,5.596,5.646,22107454.8000000007
1738108800000,5.645,5.878,5.539,5.762,26174330.8999999985
1738195200000,5.762,6.254,5.716,6.123,21822405
1738281600000,6.123,6.498,6.026,6.318,39201685.700000003
1738368000000,6.318,6.491,5.856,5.904,30502017.1999999993
1738454400000,5.904,6.044,4.843,5.15,63050331.5
1738540800000,5.15,5.275,3.805,5.174,128483798.599999994
1738627200000,5.175,5.225,4.579,4.738,62603464.700000003
1738713600000,4.739,4.86,4.625,4.686,30664419.1999999993
1738800000000,4.685,4.835,4.431,4.487,30603966.8000000007
1738886400000,4.487,4.934,4.455,4.588,37567936.6000000015
1738972800000,4.588,4.763,4.494,4.741,21153794.8999999985
1739059200000,4.741,4.873,4.508,4.759,27122979.6000000015
1739145600000,4.758,4.919,4.604,4.842,26858579.5
1739232000000,4.842,5.208,4.745,4.806,34034801.6000000015
1739318400000,4.805,5.326,4.75,5.225,48975346
1739404800000,5.226,5.275,5.064,5.128,23810280.5
1739491200000,5.129,5.373,5.095,5.169,25414039
1739577600000,5.168,5.217,4.975,5.018,19781751.1000000015
1739664000000,5.018,5.044,4.822,4.875,18369373.1000000015
1739750400000,4.876,5.067,4.771,4.887,29026387.8000000007
1739836800000,4.887,4.915,4.557,4.766,34038222.299999997
1739923200000,4.766,4.903,4.695,4.881,19746147.3000000007
1740009600000,4.882,5.066,4.876,5.044,23629129.6999999993
1740096000000,5.045,5.337,4.947,5.058,38947376.3999999985
1740182400000,5.058,5.212,5.022,5.041,23452061
1740268800000,5.04,5.129,4.902,4.951,15677925.4000000004
1740355200000,4.951,4.978,4.328,4.412,39636561
1740441600000,4.412,4.755,4.133,4.638,69181950.799999997
1740528000000,4.638,4.93,4.59,4.753,44658794.1000000015
1740614400000,4.753,5.183,4.712,4.932,44455410
1740700800000,4.932,4.932,4.45,4.711,53073270.8999999985
1740787200000,4.711,4.817,4.521,4.661,26422209.1999999993
1740873600000,4.662,5.227,4.563,5.202,48825163.799999997
1740960000000,5.202,5.248,4.43,4.469,53702108.3999999985
1741046400000,4.469,4.512,4.011,4.326,62057139.3999999985
1741132800000,4.325,4.547,4.273,4.521,31262067.5
1741219200000,4.521,4.662,4.339,4.428,32930913.6999999993
1741305600000,4.428,4.678,4.208,4.41,49283731.799999997
1741392000000,4.409,4.443,4.256,4.287,22699072.8999999985
1741478400000,4.287,4.348,3.975,4.015,33933021.8999999985
1741564800000,4.015,4.283,3.77,3.866,50627376.5
1741651200000,3.867,4.121,3.65,4.041,48172881.700000003
1741737600000,4.041,4.097,3.844,3.966,36160417.1000000015
1741824000000,3.965,4.11,3.822,3.977,36134734.3999999985
1741910400000,3.978,4.225,3.965,4.184,30270222.3999999985
1741996800000,4.185,4.426,4.182,4.347,23788828.5
1742083200000,4.347,4.361,4.181,4.296,28457833.6000000015
1742169600000,4.296,4.465,4.294,4.369,24280737.1000000015
1742256000000,4.37,4.485,4.228,4.448,27621056.8999999985
1742342400000,4.448,4.595,4.434,4.535,33403325.6999999993
1742428800000,4.536,4.566,4.324,4.396,25665416.3999999985
1742515200000,4.396,4.584,4.376,4.497,26762176.6000000015
1742601600000,4.497,4.545,4.412,4.443,17041265.5
1742688000000,4.443,4.515,4.395,4.5,15845071.8000000007
1742774400000,4.501,4.773,4.466,4.619,27344878.5
1742860800000,4.619,4.719,4.581,4.635,18597737.8000000007
1742947200000,4.635,4.766,4.591,4.691,26095321.8000000007
1743033600000,4.692,4.757,4.492,4.621,26382466.1000000015
1743120000000,4.622,4.644,4.238,4.278,32895625.3000000007
1743206400000,4.279,4.301,3.992,4.047,26340519.1999999993
1743292800000,4.047,4.17,3.982,4.041,20811122.8999999985
1743379200000,4.041,4.09,3.945,4.019,22299698
1743465600000,4.019,4.28,4.011,4.169,25621770.3999999985
1743552000000,4.168,4.236,3.907,3.963,35398021.1000000015
1743638400000,3.962,4.106,3.842,4.057,28597825.5
1743724800000,4.058,4.129,3.943,4.031,33804131.8999999985
1743811200000,4.031,4.068,3.894,3.954,17217802.3999999985
1743897600000,3.953,3.974,3.597,3.681,39871119.8999999985
1743984000000,3.681,3.731,3.278,3.59,92664450.700000003
1744070400000,3.589,3.702,3.339,3.375,41017600.3999999985
1744156800000,3.374,3.75,3.246,3.641,64370302.799999997
1744243200000,3.641,3.648,3.389,3.461,47915638.799999997
1744329600000,3.461,3.597,3.448,3.555,28369883.8999999985
1744416000000,3.555,3.755,3.523,3.711,24591721
1744502400000,3.711,3.815,3.613,3.665,41633623.299999997
1744588800000,3.664,3.797,3.628,3.673,30292735.5
1744675200000,3.673,3.733,3.514,3.517,28182161.1000000015
1744761600000,3.517,3.617,3.466,3.555,30176037
1744848000000,3.555,3.697,3.537,3.633,25935198.3000000007
1744934400000,3.633,3.746,3.609,3.673,17786938.1999999993
1745020800000,3.672,3.89,3.642,3.878,20134535.8000000007
1745107200000,3.878,3.949,3.786,3.878,24911994.3999999985
1745193600000,3.878,3.983,3.767,3.776,27759346
1745280000000,3.777,4.038,3.686,4.008,44348298.799999997
1745366400000,4.008,4.198,3.997,4.093,37497095.1000000015
1745452800000,4.092,4.284,3.927,4.269,38941229.1000000015
1745539200000,4.269,4.372,4.213,4.251,30740851.6000000015
1745625600000,4.252,4.361,4.196,4.262,23527376.8999999985
1745712000000,4.262,4.289,4.053,4.086,30899691.1999999993
1745798400000,4.086,4.264,4.007,4.239,33135822.5
1745884800000,4.24,4.328,4.097,4.143,22663940
1745971200000,4.143,4.174,4.022,4.063,22009621.8000000007
1746057600000,4.063,4.222,4.061,4.174,20117522.5
1746144000000,4.174,4.286,4.122,4.159,19108356.3999999985
1746230400000,4.159,4.17,4.008,4.024,17757427.8999999985
1746316800000,4.024,4.049,3.894,3.917,26995581.1000000015
1746403200000,3.918,4.02,3.879,3.915,25558125.8000000007
1746489600000,3.915,3.975,3.821,3.968,27266153.8000000007
1746576000000,3.969,4.006,3.876,3.967,20289457.1000000015
1746662400000,3.966,4.491,3.963,4.455,45591401.5
1746748800000,4.455,4.862,4.432,4.8,50341004.700000003
1746835200000,4.8,5.32,4.796,5.306,50331782.299999997
1746921600000,5.306,5.361,4.952,5.095,39414147.8999999985
1747008000000,5.095,5.393,4.886,5.068,49951171.8999999985
1747094400000,5.068,5.271,4.82,5.19,36201577.8999999985
1747180800000,5.191,5.266,4.944,4.978,29546153.5
1747267200000,4.979,5.025,4.674,4.776,43386769.5
1747353600000,4.775,4.954,4.705,4.752,25773168.8999999985
1747440000000,4.751,4.767,4.553,4.61,28528063.3000000007
1747526400000,4.611,4.92,4.503,4.791,33425367.1000000015
1747612800000,4.791,4.819,4.41,4.593,31751498.6000000015
1747699200000,4.594,4.725,4.515,4.674,26526072.8000000007
1747785600000,4.674,4.876,4.61,4.736,40733718.299999997
1747872000000,4.737,4.976,4.728,4.946,29705505.1000000015
1747958400000,4.947,5.117,4.527,4.558,51086276.299999997
1748044800000,4.557,4.63,4.51,4.542,20622322.8000000007
1748131200000,4.542,4.562,4.346,4.521,24689960.1000000015
1748217600000,4.52,4.615,4.419,4.464,24755002.8000000007
1748304000000,4.465,4.613,4.368,4.532,27158129.6000000015
1748390400000,4.532,4.66,4.415,4.585,31850734.8000000007
1748476800000,4.586,4.68,4.328,4.331,35598963.700000003
1748563200000,4.33,4.355,4.003,4.047,52990871.3999999985
1748649600000,4.046,4.118,3.893,4.074,31488403.3999999985
1748736000000,4.074,4.099,3.967,4.063,18378505.3000000007
1748822400000,4.064,4.17,3.948,4.146,24483443.8000000007
1748908800000,4.146,4.221,4.09,4.136,23988009.8999999985
1748995200000,4.135,4.212,3.981,4.005,25095219.5
1749081600000,4.005,4.074,3.734,3.81,38757234.5
1749168000000,3.811,3.99,3.799,3.883,20234656.3000000007
1749254400000,3.884,4.057,3.865,4.029,15820115
1749340800000,4.028,4.11,3.972,4.022,18206799
1749427200000,4.023,4.16,3.96,4.151,33169601.8000000007
1749513600000,4.151,4.317,4.094,4.293,40883867.6000000015
1749600000000,4.292,4.343,4.142,4.186,34065719.1000000015
1749686400000,4.187,4.202,3.904,3.917,45166472.200000003
1749772800000,3.916,3.916,3.659,3.834,67440470.299999997
1749859200000,3.834,3.844,3.714,3.779,20384079.6000000015
1749945600000,3.779,3.832,3.732,3.819,19057835.6999999993
1750032000000,3.819,3.99,3.784,3.846,32098595.6999999993
1750118400000,3.846,3.896,3.66,3.715,39570089.200000003
1750204800000,3.716,3.784,3.571,3.621,40077026.700000003
1750291200000,3.621,3.656,3.493,3.546,35249925.1000000015
1750377600000,3.546,3.575,3.328,3.437,57677484
1750464000000,3.436,3.506,3.2,3.322,39976872.5
1750550400000,3.322,3.361,3.014,3.151,86035431
1750636800000,3.152,3.42,3.11,3.414,67381140
1750723200000,3.413,3.521,3.383,3.438,40878943.700000003
1750809600000,3.437,3.458,3.338,3.351,33379245.3000000007
1750896000000,3.351,3.432,3.268,3.297,36855052.700000003
1750982400000,3.296,3.397,3.271,3.358,33085601.3000000007
1751068800000,3.358,3.424,3.328,3.405,16842414.3000000007
1751155200000,3.405,3.582,3.377,3.541,23247269.3999999985
1751241600000,3.541,3.559,3.35,3.395,37047091.200000003
1751328000000,3.396,3.418,3.255,3.279,33263481.3999999985
1751414400000,3.278,3.625,3.24,3.545,50549121.5
1751500800000,3.544,3.665,3.496,3.538,38768625.200000003
1751587200000,3.538,3.561,3.31,3.355,48978978.6000000015
1751673600000,3.356,3.388,3.305,3.352,20706899.5
1751760000000,3.352,3.446,3.326,3.393,30436052.1000000015
1751846400000,3.393,3.437,3.321,3.367,27404572.1000000015
1751932800000,3.368,3.475,3.324,3.447,28892256.1000000015
1752019200000,3.446,3.658,3.415,3.619,41532672.799999997
1752105600000,3.619,3.894,3.588,3.88,52028269
1752192000000,3.88,4.111,3.811,3.906,81627703.900000006
1752278400000,3.906,4.066,3.793,3.89,52576513.5
1752364800000,3.891,4.075,3.875,3.983,41911629.5
1752451200000,3.983,4.195,3.9,3.949,55467891.700000003
1752537600000,3.949,4.099,3.8,4.082,53239925.6000000015
1752624000000,4.083,4.269,4.011,4.156,46835956.3999999985
1752710400000,4.156,4.305,4.065,4.26,59342973.299999997
1752796800000,4.259,4.627,4.137,4.229,83364359.599999994
1752883200000,4.228,4.453,4.132,4.408,39374223.3999999985
1752969600000,4.408,4.588,4.349,4.481,49216448.299999997
1753056000000,4.482,4.677,4.394,4.5,60659432.299999997
1753142400000,4.501,4.556,4.279,4.552,77935454.400000006
1753228800000,4.553,4.554,3.992,4.113,85130398.299999997
1753315200000,4.114,4.2,3.891,3.999,83725299.900000006
1753401600000,3.999,4.1,3.86,4.086,58667530.3999999985
1753488000000,4.087,4.195,4.067,4.123,25683921.6999999993
1753574400000,4.123,4.252,4.111,4.239,28797437.6000000015
1753660800000,4.239,4.31,3.927,3.963,53640523.700000003
1753747200000,3.963,4.079,3.817,3.902,55051249.6000000015
1753833600000,3.902,3.919,3.618,3.804,57267532.700000003
1753920000000,3.803,3.918,3.663,3.679,41790482.200000003
1754006400000,3.679,3.722,3.442,3.545,76121915.400000006
1754092800000,3.545,3.628,3.425,3.506,42368509.799999997
1754179200000,3.506,3.625,3.456,3.6,23869469.3000000007
1754265600000,3.6,3.755,3.595,3.718,29517408.3000000007
1754352000000,3.718,3.724,3.535,3.619,38353383.1000000015
1754438400000,3.619,3.696,3.55,3.673,27149432.5
1754524800000,3.672,3.872,3.642,3.864,33495759.1999999993
1754611200000,3.864,3.997,3.805,3.977,52332318.299999997
1754697600000,3.978,4.164,3.968,4.134,36548498.299999997
1754784000000,4.135,4.18,3.964,4.047,39304429.200000003
1754870400000,4.046,4.158,3.815,3.852,52918078.700000003
1754956800000,3.852,4.233,3.833,4.155,56021630.5
1755043200000,4.156,4.318,4.097,4.278,58564394.3999999985
1755129600000,4.277,4.37,3.901,3.983,93565734.599999994
1755216000000,3.983,4.1,3.816,3.892,59301317.700000003
1755302400000,3.892,3.995,3.886,3.963,25094100.5
1755388800000,3.963,4.192,3.923,4.05,37709885.1000000015
1755475200000,4.05,4.06,3.831,3.912,53510384.6000000015
1755561600000,3.912,3.959,3.709,3.717,52630425.6000000015
1755648000000,3.717,3.904,3.693,3.883,44994169.1000000015
1755734400000,3.883,3.923,3.771,3.796,32251630.1999999993
1755820800000,3.795,4.204,3.685,4.181,81002938.299999997
1755907200000,4.181,4.267,4.026,4.228,43816561.8999999985
1755993600000,4.227,4.284,4.013,4.11,66459232.700000003
1756080000000,4.11,4.147,3.686,3.73,74326027.700000003
1756166400000,3.731,3.922,3.704,3.886,48319038.1000000015
1756252800000,3.886,3.933,3.822,3.837,40608171.1000000015
1756339200000,3.836,4.021,3.806,3.979,42422804.299999997
1756425600000,3.979,4.002,3.72,3.771,60248690.700000003
1756512000000,3.772,3.823,3.709,3.808,24727528.1000000015
1756598400000,3.807,3.875,3.732,3.74,33013984.1999999993
1756684800000,3.739,3.889,3.608,3.691,64929898
1756771200000,3.691,3.825,3.674,3.818,42161542.5
1756857600000,3.819,3.905,3.783,3.866,25562416.5
1756944000000,3.866,3.876,3.722,3.762,28173173.3000000007
1757030400000,3.761,3.894,3.754,3.827,40845174.700000003
1757116800000,3.827,3.884,3.779,3.822,20103128.6000000015
1757203200000,3.822,4.087,3.819,3.993,45317710.8999999985
1757289600000,3.993,4.082,3.978,4.044,45639458.8999999985
1757376000000,4.045,4.183,4.001,4.137,54705705.799999997
1757462400000,4.138,4.226,4.054,4.217,40354251.8999999985
1757548800000,4.216,4.258,4.126,4.242,34393960.5
1757635200000,4.242,4.322,4.151,4.318,35918229.8999999985
1757721600000,4.318,4.625,4.302,4.492,58051086.1000000015
1757808000000,4.491,4.498,4.275,4.314,37665517.5
1757894400000,4.314,4.401,4.101,4.148,48905585.700000003
1757980800000,4.147,4.294,4.106,4.251,41967265.3999999985
1758067200000,4.251,4.431,4.13,4.402,47172021.3999999985
1758153600000,4.402,4.594,4.371,4.532,54266749.200000003
1758240000000,4.531,4.88,4.315,4.355,88690903.799999997
1758326400000,4.355,4.459,4.287,4.353,33476174.1000000015
1758412800000,4.353,4.385,4.233,4.259,24601681.1999999993
1758499200000,4.259,4.277,3.787,4.035,72157734.700000003
1758585600000,4.034,4.057,3.924,3.964,36637121.700000003
1758672000000,3.964,4.114,3.883,3.989,37294812.299999997
1758758400000,3.989,4.003,3.768,3.801,64753327.799999997
1758844800000,3.801,3.969,3.773,3.922,39677956.8999999985
1758931200000,3.923,3.925,3.848,3.887,18856772
1759017600000,3.887,4.028,3.79,3.994,30886725.8999999985
1759104000000,3.995,4.022,3.855,3.977,42191850.200000003
1759190400000,3.977,3.991,3.805,3.906,33024072.8999999985
1759276800000,3.906,4.123,3.882,4.122,38553919.200000003
1759363200000,4.122,4.339,4.097,4.306,48005501.799999997
1759449600000,4.306,4.382,4.177,4.319,44669922
1759536000000,4.32,4.328,4.133,4.188,30173206.1999999993
1759622400000,4.187,4.376,4.074,4.131,46314757.8999999985
1759708800000,4.131,4.439,4.106,4.398,50824138.1000000015
1759795200000,4.398,4.436,4.107,4.136,60167428.3999999985
1759881600000,4.137,4.241,4.06,4.192,35259465.3999999985
1759968000000,4.193,4.197,3.961,4.072,42499312.700000003
1760054400000,4.072,4.289,0.942,2.937,227100984.8000000119
1760140800000,2.937,3.314,2.849,2.994,132674538.799999997
1760227200000,2.995,3.306,2.906,3.238,78304988.400000006
1760313600000,3.238,3.442,3.19,3.373,92845891.700000003
1760400000000,3.373,3.396,3.063,3.246,95183429.099999994
1760486400000,3.245,3.339,3.076,3.134,54933358.700000003
1760572800000,3.135,3.204,2.958,3.014,67216076.200000003
1760659200000,3.015,3.058,2.768,2.889,81769646.599999994
1760745600000,2.888,2.968,2.886,2.929,25094391.3999999985
1760832000000,2.929,3.056,2.882,3.007,39598544.700000003
1760918400000,3.006,3.129,2.945,3.083,41162462.1000000015
1761004800000,3.083,3.188,2.946,3.004,60293429.8999999985
1761091200000,3.003,3.027,2.826,2.916,57585708.200000003
1761177600000,2.917,3.035,2.909,3.001,28791043.1999999993
1761264000000,3.001,3.134,2.989,3.076,30494511.1000000015
1761350400000,3.076,3.105,3.024,3.088,16162317.0999999996
1761436800000,3.089,3.238,3.055,3.193,28292077.8000000007
1761523200000,3.193,3.245,3.116,3.138,35476472.299999997
1761609600000,3.137,3.193,2.985,3.047,41535845.8999999985
1761696000000,3.047,3.175,3.021,3.077,47134824.299999997
1761782400000,3.077,3.117,2.778,2.869,80829115.099999994
1761868800000,2.868,2.923,2.823,2.881,39750450.8999999985
1761955200000,2.88,2.972,2.862,2.97,28292746.1000000015
1762041600000,2.969,3.013,2.861,2.984,34336109.299999997
1762128000000,2.983,2.992,2.45,2.582,100682033.099999994
1762214400000,2.582,2.661,2.341,2.506,112835791.900000006
1762300800000,2.507,2.675,2.382,2.667,55753360.1000000015
1762387200000,2.667,2.681,2.526,2.664,51584087.799999997
1762473600000,2.664,3.339,2.661,3.251,120845762.799999997
1762560000000,3.25,3.526,3.077,3.248,91160809
1762646400000,3.248,3.305,3.029,3.229,57575857.700000003
1762732800000,3.229,3.315,3.124,3.264,52505216.200000003
1762819200000,3.265,3.384,3.039,3.053,53460352
1762905600000,3.053,3.144,2.873,2.925,47773386.8999999985
1762992000000,2.925,3.046,2.76,2.851,53897153
1763078400000,2.851,2.92,2.748,2.811,58402498
1763164800000,2.812,2.949,2.81,2.83,27904070.8000000007
1763251200000,2.83,2.897,2.691,2.783,37075956
1763337600000,2.783,2.866,2.624,2.663,44752804.5
1763424000000,2.664,2.802,2.613,2.754,45003601.1000000015
1763510400000,2.753,2.766,2.566,2.69,40296641.3999999985
1763596800000,2.691,2.82,2.503,2.541,57061955.3999999985
1763683200000,2.542,2.592,2.246,2.345,102336337.900000006
1763769600000,2.345,2.355,2.255,2.308,40567985.700000003
1763856000000,2.308,2.368,2.243,2.257,31843140.6000000015
1763942400000,2.257,2.395,2.24,2.338,48717917.3999999985
1764028800000,2.338,2.348,2.175,2.294,56030656.799999997
1764115200000,2.294,2.37,2.238,2.343,41010782.8999999985
1764201600000,2.342,2.39,2.307,2.335,29751353.1000000015
1764288000000,2.335,2.376,2.258,2.282,44957227.1000000015
1764374400000,2.283,2.297,2.224,2.257,22637180.3000000007
1764460800000,2.257,2.292,2.201,2.206,22894423
1764547200000,2.206,2.208,1.96,2.039,86356307.700000003
1764633600000,2.039,2.286,2.03,2.248,62022142.1000000015
1764720000000,2.247,2.398,2.239,2.364,46838600.8999999985
1764806400000,2.364,2.373,2.243,2.27,33714208.3999999985
1764892800000,2.271,2.306,2.08,2.123,53239437.200000003
1764979200000,2.124,2.163,2.085,2.126,25162052.5
1765065600000,2.126,2.159,2.037,2.091,45490147.200000003
1765152000000,2.092,2.178,2.08,2.129,45931989
1765238400000,2.128,2.39,2.087,2.291,64409685.3999999985
1765324800000,2.292,2.316,2.18,2.189,52617416
1765411200000,2.189,2.191,2.006,2.065,66712815
1765497600000,2.064,2.095,1.943,2.01,57527361.299999997
1765584000000,2.01,2.056,2.007,2.037,21696589.8999999985
1765670400000,2.037,2.044,1.93,1.951,42490359.799999997
1765756800000,1.951,2.008,1.827,1.899,70641484.400000006
1765843200000,1.9,1.943,1.86,1.897,44635354.799999997
1765929600000,1.897,1.953,1.789,1.814,68085865.599999994
1766016000000,1.814,1.888,1.719,1.758,73008549.700000003
1766102400000,1.759,1.88,1.737,1.849,57094087.799999997
1766188800000,1.849,1.868,1.825,1.83,22283217
1766275200000,1.83,1.851,1.748,1.801,33861005.799999997
1766361600000,1.802,1.853,1.755,1.783,44614426.5
1766448000000,1.783,1.801,1.722,1.764,39193807.299999997
1766534400000,1.764,1.775,1.704,1.736,38183559.799999997
1766620800000,1.737,1.751,1.676,1.682,49778945.1000000015
1766707200000,1.682,1.753,1.651,1.723,59359515.3999999985
1766793600000,1.722,1.927,1.721,1.909,57747632.8999999985
1766880000000,1.909,1.915,1.827,1.85,31339964.8000000007
1766966400000,1.85,1.904,1.815,1.823,45201104.3999999985
1767052800000,1.823,1.846,1.791,1.809,29914161.3000000007
1767139200000,1.809,1.844,1.759,1.789,33215699.6000000015
1767225600000,1.789,2.033,1.764,1.997,129360196.200000003
1767312000000,1.998,2.169,1.967,2.164,77742933.5
1767398400000,2.163,2.218,2.107,2.124,37645282
1767484800000,2.124,2.179,2.114,2.141,36057609.6000000015
1767571200000,2.141,2.236,2.094,2.206,56544397.5
1767657600000,2.207,2.261,2.113,2.234,59148667.799999997
1767744000000,2.234,2.248,2.118,2.144,42785506
1767830400000,2.143,2.158,2.081,2.11,41100375.8999999985
1767916800000,2.11,2.143,2.047,2.083,48000139.3999999985
1768003200000,2.083,2.129,2.067,2.091,17054906.6000000015
1768089600000,2.091,2.125,2.032,2.07,22853081
1768176000000,2.069,2.152,2.02,2.052,44847785.299999997
1768262400000,2.053,2.343,2.05,2.282,85704161.700000003
1768348800000,2.283,2.299,2.193,2.223,48780830.299999997
1768435200000,2.223,2.237,2.095,2.116,49278474.700000003
1768521600000,2.116,2.154,2.053,2.118,40243591.5
1768608000000,2.119,2.235,2.112,2.177,34811371.799999997
1768694400000,2.176,2.202,2.059,2.064,38170587.8999999985
1768780800000,2.063,2.064,1.83,2.028,67961874.900000006
1768867200000,2.028,2.05,1.88,1.897,52386429.3999999985
1768953600000,1.897,1.999,1.871,1.953,52638179.299999997
1769040000000,1.953,1.981,1.902,1.925,29548038.1000000015
1769126400000,1.925,1.983,1.895,1.924,39379141.1000000015
1769212800000,1.924,1.939,1.897,1.929,18044932.3999999985
1769299200000,1.929,1.943,1.779,1.822,41573784.6000000015
1769385600000,1.823,1.898,1.816,1.875,39531571
1769472000000,1.874,1.899,1.826,1.875,32917769
1769558400000,1.876,1.895,1.828,1.87,33577306.799999997
1769644800000,1.87,1.875,1.695,1.735,61091011.299999997
1769731200000,1.735,1.747,1.65,1.689,79829085.099999994
1769817600000,1.688,1.69,1.395,1.546,130138638.400000006
1769904000000,1.546,1.559,1.457,1.494,62624760.8999999985
1769990400000,1.495,1.575,1.449,1.541,76866178.900000006
1770076800000,1.542,1.567,1.43,1.499,100553708.099999994
1770163200000,1.498,1.533,1.424,1.461,69651159.700000003
1770249600000,1.461,1.478,1.231,1.245,151728809.5
1770336000000,1.245,1.407,1.099,1.367,165349457.099999994
1770422400000,1.366,1.401,1.316,1.371,77476990.299999997
1770508800000,1.372,1.375,1.323,1.337,34666423.200000003
1770595200000,1.337,1.35,1.275,1.319,42876911.8999999985
1770681600000,1.319,1.327,1.263,1.282,38160450.799999997
1770768000000,1.283,1.296,1.223,1.255,52395329.299999997
1770854400000,1.254,1.303,1.247,1.282,49153787.6000000015
1770940800000,1.282,1.341,1.25,1.329,41772989.200000003
1771027200000,1.329,1.438,1.328,1.42,42743934.200000003
1771113600000,1.42,1.437,1.329,1.356,52418146.6000000015
1771200000000,1.357,1.389,1.331,1.375,46647421.8999999985
1771286400000,1.376,1.38,1.338,1.347,40963471.3999999985
1771372800000,1.346,1.372,1.298,1.31,44060052
1771459200000,1.31,1.321,1.258,1.285,49984552.799999997
1771545600000,1.286,1.364,1.272,1.34,66356061
1771632000000,1.34,1.397,1.327,1.357,49351456.299999997
1771718400000,1.358,1.364,1.3,1.311,39812604.799999997
1771804800000,1.31,1.312,1.235,1.264,83435260.400000006
1771891200000,1.263,1.279,1.222,1.236,59569175.799999997
1771977600000,1.237,1.752,1.233,1.662,281628584.6000000238
1772064000000,1.663,1.694,1.521,1.608,262713234.599999994
1772150400000,1.607,1.681,1.545,1.598,154821872.900000006
1772236800000,1.599,1.674,1.454,1.66,166254089.400000006
1772323200000,1.66,1.679,1.503,1.532,117153411.599999994
1772409600000,1.533,1.603,1.496,1.507,105138182.700000003
1772496000000,1.507,1.557,1.471,1.532,86798467.599999994
1772582400000,1.532,1.573,1.506,1.538,87255161.5
1772668800000,1.539,1.555,1.479,1.529,74242400.599999994
1772755200000,1.528,1.547,1.452,1.488,60835528
1772841600000,1.487,1.517,1.429,1.446,51121971.299999997
1772928000000,1.446,1.484,1.423,1.451,54044577.799999997
1773014400000,1.451,1.532,1.449,1.492,77815525.5
1773100800000,1.492,1.546,1.477,1.484,63148191.1000000015
1773187200000,1.485,1.554,1.471,1.522,64887327.8999999985
1773273600000,1.522,1.526,1.483,1.515,51649101.799999997
1773360000000,1.515,1.549,1.444,1.461,80376534.099999994
1773446400000,1.461,1.461,1.402,1.411,49345891.200000003
1773532800000,1.411,1.444,1.388,1.438,60676771.3999999985
1773619200000,1.438,1.662,1.429,1.64,166210765.1999999881
1773705600000,1.64,1.643,1.581,1.62,78467248.099999994
1773792000000,1.62,1.653,1.537,1.577,76356004.099999994
1773878400000,1.577,1.577,1.493,1.52,67781962.299999997
1773964800000,1.521,1.552,1.493,1.498,57100244.1000000015
1774051200000,1.498,1.515,1.454,1.465,45148833.700000003
1774137600000,1.465,1.483,1.392,1.41,65665453.799999997
1774224000000,1.41,1.492,1.402,1.418,114714299.400000006
1774310400000,1.418,1.428,1.357,1.4,102047943.099999994
1774396800000,1.4,1.411,1.342,1.359,87747470.700000003
1774483200000,1.36,1.366,1.299,1.321,94128230.599999994
1774569600000,1.321,1.339,1.269,1.289,82300757
1774656000000,1.29,1.305,1.252,1.257,67227032.700000003
1774742400000,1.258,1.275,1.218,1.26,64157036.3999999985
1774828800000,1.26,1.286,1.231,1.243,93662849.299999997
1774915200000,1.242,1.277,1.225,1.251,91358357.900000006
1775001600000,1.251,1.301,1.246,1.254,79411199.5
1775088000000,1.255,1.269,1.202,1.236,81852153.599999994
1775174400000,1.236,1.266,1.228,1.237,50694862.6000000015
1775260800000,1.237,1.265,1.232,1.253,32954421.6999999993
1775347200000,1.253,1.254,1.214,1.244,51430642
1775433600000,1.243,1.316,1.23,1.24,77364574.299999997
1775520000000,1.24,1.331,1.203,1.314,93021761.099999994
1775606400000,1.314,1.335,1.263,1.267,66771778.3999999985
1775692800000,1.268,1.36,1.233,1.299,82568396.799999997
1775779200000,1.299,1.326,1.281,1.305,55024024.700000003
1775865600000,1.305,1.315,1.263,1.286,49168464.299999997
1775952000000,1.285,1.287,1.212,1.223,67329924.099999994
1776038400000,1.223,1.239,1.141,1.226,200845425.6999999881
1776124800000,1.226,1.227,1.139,1.161,105205428.200000003
1776211200000,1.162,1.196,1.145,1.18,74336673.200000003
1776297600000,1.18,1.353,1.169,1.328,156450328.599999994
1776384000000,1.328,1.355,1.284,1.332,97492741.799999997
1776470400000,1.332,1.34,1.269,1.271,72900359.299999997
1776556800000,1.271,1.291,1.233,1.239,71162541.099999994
1776643200000,1.238,1.294,1.236,1.279,63981090.6000000015
1776729600000,1.28,1.291,1.255,1.278,50615129.8999999985
1776816000000,1.277,1.326,1.267,1.27,54674416.1000000015
1776902400000,1.271,1.277,1.211,1.24,64113619.700000003
1776988800000,1.24,1.269,1.224,1.253,52071516.1000000015
1777075200000,1.253,1.274,1.236,1.246,35034683.3999999985
1777161600000,1.245,1.274,1.235,1.259,34735981.8999999985
1777248000000,1.26,1.274,1.209,1.231,52010512
1777334400000,1.231,1.24,1.215,1.228,31508827.6000000015
1777420800000,1.228,1.26,1.176,1.211,63312701.299999997
1777507200000,1.21,1.225,1.195,1.203,35789029.799999997
1777593600000,1.204,1.228,1.191,1.204,52015975.200000003
1777680000000,1.203,1.24,1.193,1.227,33807530.1000000015
1777766400000,1.227,1.228,1.202,1.209,31603815.1000000015
1777852800000,1.208,1.263,1.196,1.228,66577330.6000000015
1777939200000,1.228,1.296,1.224,1.278,49108962.700000003
1778025600000,1.277,1.333,1.268,1.317,54377177
1778112000000,1.318,1.338,1.288,1.31,49539942.3999999985
1778198400000,1.31,1.39,1.292,1.374,50642663.799999997
1778284800000,1.374,1.392,1.337,1.345,29950811.3999999985
1778371200000,1.345,1.419,1.327,1.381,52074125.5
1778457600000,1.382,1.385,1.333,1.362,41848125.8999999985
1778544000000,1.361,1.368,1.302,1.334,42173702.5
1778630400000,1.334,1.438,1.314,1.328,73241925.700000003
1778716800000,1.328,1.422,1.312,1.363,53726567.299999997
1778803200000,1.364,1.375,1.287,1.314,48721041.3999999985
1778889600000,1.314,1.319,1.246,1.266,31084160.1000000015
1778976000000,1.267,1.292,1.212,1.25,35080612.6000000015
1779062400000,1.249,1.254,1.214,1.252,46677577.6000000015
1779148800000,1.252,1.26,1.217,1.224,26047463.6999999993
1779235200000,1.224,1.257,1.218,1.248,30791445.8999999985
1779321600000,1.247,1.309,1.243,1.292,56783177.6000000015
1779408000000,1.291,1.346,1.248,1.257,76891971.700000003
1779494400000,1.257,1.337,1.197,1.294,82034207.700000003
1779580800000,1.295,1.297,1.226,1.244,38434031.6000000015
1779667200000,1.244,1.295,1.238,1.26,38905712.299999997
1779753600000,1.26,1.309,1.233,1.249,55910803.6000000015
1779840000000,1.249,1.278,1.222,1.228,56045485.8999999985
1779926400000,1.228,1.234,1.175,1.211,58312903.700000003
1780012800000,1.211,1.234,1.176,1.192,55282464.799999997
1780099200000,1.193,1.22,1.182,1.189,37512246
1780185600000,1.189,1.202,1.156,1.188,45682219.1000000015
1780272000000,1.188,1.206,1.123,1.158,81597201.299999997
1780358400000,1.159,1.161,1.055,1.079,100312630.299999997
1780444800000,1.078,1.132,1.055,1.103,82454339.5
1780531200000,1.103,1.116,1.006,1.037,110412395.700000003
1780617600000,1.037,1.042,0.909,0.944,128225369.299999997
1780704000000,0.944,0.961,0.883,0.942,83161016.099999994
1780790400000,0.942,1,0.939,0.973,62641056.200000003
1780876800000,0.973,0.995,0.95,0.974,48217997.8999999985
1780963200000,0.974,0.978,0.927,0.955,60831970.8999999985
1781049600000,0.955,0.965,0.901,0.915,80221044.099999994
1781136000000,0.916,0.974,0.915,0.951,75807474.400000006
1781222400000,0.951,0.974,0.938,0.957,69589899.400000006
1781308800000,0.956,0.995,0.955,0.98,59824384.799999997
1781395200000,0.98,0.998,0.947,0.998,49125986.5
1781481600000,0.997,1.046,0.985,1.009,73515772.900000006
1781568000000,1.009,1.033,0.986,1.013,56830548.799999997
1781654400000,1.013,1.042,0.984,1.003,79051831.299999997
1781740800000,1.003,1.01,0.938,0.974,70176769
1781827200000,0.973,0.981,0.945,0.96,40177641.3999999985
1781913600000,0.96,0.976,0.948,0.968,34564026.299999997
1782000000000,0.969,0.975,0.939,0.94,32023493.1000000015
1782086400000,0.94,0.978,0.927,0.935,42705691
1782172800000,0.936,0.938,0.881,0.91,62025094.6000000015
1782259200000,0.91,0.919,0.841,0.888,93617240.299999997
1782345600000,0.888,0.898,0.816,0.843,98396049.799999997
1782432000000,0.843,0.865,0.802,0.853,92198834.400000006
1782518400000,0.852,0.86,0.806,0.815,45882849
1782604800000,0.814,0.821,0.795,0.811,63238940.3999999985
1782691200000,0.81,0.84,0.805,0.826,63747170.3999999985
1782777600000,0.825,0.828,0.8,0.822,49552690.5
1782864000000,0.822,0.85,0.805,0.827,62690612.799999997
1782950400000,0.827,0.868,0.823,0.841,62735400.6000000015
1783036800000,0.841,0.892,0.836,0.881,57552352.700000003
1783123200000,0.88,0.9,0.866,0.884,45607243.700000003
1783209600000,0.884,0.891,0.859,0.882,40132666.3999999985
1783296000000,0.882,0.908,0.847,0.885,59811933.1000000015
1783382400000,0.885,0.887,0.844,0.85,58929733.5
1783468800000,0.849,0.857,0.815,0.827,55726745.799999997
1783555200000,0.827,0.839,0.819,0.826,36082582.1000000015
1783641600000,0.825,0.895,0.82,0.877,84855734.299999997
1783728000000,0.877,0.887,0.849,0.854,40895577.799999997
1783814400000,0.853,0.859,0.832,0.843,37354471.3999999985
1783900800000,0.843,0.859,0.824,0.835,45202871.1000000015
1783987200000,0.836,0.86,0.827,0.851,47305569.8999999985
1784073600000,0.851,0.868,0.837,0.847,47717223.799999997
1784160000000,0.847,0.873,0.826,0.859,54932281.1000000015
1784246400000,0.858,0.87,0.833,0.848,64346516.799999997
1784332800000,0.849,0.853,0.829,0.838,29321408.5
1784419200000,0.837,0.841,0.805,0.819,46947252.5
1784505600000,0.819,0.832,0.799,0.826,63076050.700000003
1784592000000,0.827,0.868,0.824,0.8466,58437495.700000003
1784678400000,0.8466,0.8578,0.8285,0.835,42704347.3999999985
1784764800000,0.8351,0.8413,0.805,0.8145,41559054.299999997
1784851200000,0.8146,0.8193,0.7859,0.8084,42457434.200000003
1784937600000,0.8085,0.8245,0.8055,0.8131,36301170.799999997
1785024000000,0.8132,0.8315,0.8122,0.8275,32686089.3000000007
1785110400000,0.8275,0.8276,0.7472,0.7584,77592109.799999997
1785196800000,0.7584,0.7716,0.7472,0.7606,55985725.3999999985
1785283200000,0.7606,0.776,0.75,0.7632,48881699.3999999985
1785369600000,0.7632,0.7789,0.7602,0.7683,30154865.8999999985
1785456000000,0.7682,0.7742,0.7424,0.7585,36349654.799999997
