timestamp_ms,open,high,low,close,volume
1609459200000,737.18,750.4,714.55,729.77,1952291.25
1609545600000,729.7,788.71,715.6,775.02,4176508.5809999998
1609632000000,775.04,1022.51,769.19,980.24,9610267.8019999992
1609718400000,980.23,1173.94,890,1043.11,12057661.0669999998
1609804800000,1043.12,1138.92,974.23,1101.29,7526097.0930000003
1609891200000,1101.29,1218,1057.3,1212.64,6952861.5530000003
1609977600000,1212.98,1297.15,1150,1227.12,5807791.0099999998
1610064000000,1227.5,1279.06,1064.6,1218.39,6994773.2340000002
1610150400000,1218.55,1314,1173,1279.96,4157466.0150000001
1610236800000,1279.96,1354.66,1168.49,1257.96,5913298.3890000004
1610323200000,1257.95,1264.5,915.2,1086.94,11237262.7719999999
1610409600000,1086.84,1153.13,1007,1050.82,5531356.6050000004
1610496000000,1050.67,1138.63,987.21,1130.4,4029644.6460000002
1610582400000,1130.4,1249.32,1087.68,1234.86,4079502.4350000001
1610668800000,1234.5,1260,1070,1168.79,5020898.727
1610755200000,1168.65,1296.79,1152.13,1230.19,3980782.071
1610841600000,1230.32,1272.28,1165,1233.71,3396518.4389999998
1610928000000,1233.61,1265.96,1183.2,1262.99,2562805.077
1611014400000,1263,1444.05,1255.51,1367.51,6288844.3439999996
1611100800000,1367.38,1411.38,1236.35,1379.24,5844273.1979999999
1611187200000,1379.23,1391,1083.4,1111.23,6820207.5149999997
1611273600000,1111.82,1274.52,1041.13,1234.55,5475223.3810000001
1611360000000,1234.54,1274,1197,1235.66,2920417.5410000002
1611446400000,1235.65,1401.88,1221.51,1394.24,3768553.3339999998
1611532800000,1394.23,1481.46,1293,1318.61,5138109.2539999997
1611619200000,1318.53,1379.5,1244.87,1368.4,4868106.3439999996
1611705600000,1368.48,1377.9,1206,1238.55,5277115.8820000002
1611792000000,1238.55,1362.94,1217.28,1329.86,3463945.9210000001
1611878400000,1330.28,1443,1285.46,1381.99,5010264.4230000004
1611964800000,1382.14,1409.35,1328,1380.48,2364036.673
1612051200000,1380.42,1383.7,1281.96,1313.12,2091898.2849999999
1612137600000,1313.09,1379.73,1270,1376.48,2282184.9929999998
1612224000000,1376.74,1551.5,1363,1516.26,5098356.2410000004
1612310400000,1516.2,1672.76,1510.76,1666,4407760.7240000004
1612396800000,1666.1,1703.37,1557,1596,4966516.7570000002
1612483200000,1595.93,1767.19,1592.46,1721.16,3518469.1039999998
1612569600000,1721.03,1748.11,1647.09,1679.34,2991060.6850000001
1612656000000,1679.38,1695.5,1490.48,1611.99,4063794.0780000002
1612742400000,1612,1782.5,1566.22,1755.61,3884050.4350000001
1612828800000,1755.6,1830.47,1713.2,1770.79,3388435.7910000002
1612915200000,1770.99,1848,1680,1743.31,3442140.6499999999
1613001600000,1743.3,1827.07,1704.21,1789.32,2256762.199
1613088000000,1789.32,1872.86,1740.22,1843.08,2650816.264
1613174400000,1843.08,1878.88,1764.79,1818.02,2381458.551
1613260800000,1817.86,1857.67,1785.23,1803.59,1773668.237
1613347200000,1804,1839.63,1652,1781.34,3238695.8100000001
1613433600000,1781.34,1831.58,1726.01,1784.31,2536777.8739999998
1613520000000,1784.31,1864.26,1735.66,1849.86,2340915.2659999998
1613606400000,1849.87,1955,1849.37,1941.26,2447343.966
1613692800000,1941.12,1980,1894,1958.58,1943898.8700000001
1613779200000,1958.59,2048,1792,1914.58,3273599.6009999998
1613865600000,1914.51,1981.04,1885,1934.75,2039425.9169999999
1613952000000,1934.59,1938.5,1552.2,1778.3,4972903.8140000002
1614038400000,1778.22,1784.08,1348.17,1579.75,7089349.585
1614124800000,1579.75,1714.04,1501.09,1623.98,3593348.017
1614211200000,1623.94,1672.49,1458,1482.09,2955804.2609999999
1614297600000,1482.13,1563.66,1401.01,1445.28,3880051.0120000001
1614384000000,1445.36,1530.19,1425.5,1458.65,2530875.338
1614470400000,1458.64,1469.44,1292.8,1419.77,4109392.696
1614556800000,1419.96,1573.42,1411.1,1571.2,2727916.5099999998
1614643200000,1571.2,1604.85,1455.3,1486.28,2884922.074
1614729600000,1486.24,1664,1475,1568.63,3055043.878
1614816000000,1568.63,1626,1506.99,1540.69,3087612.2510000002
1614902400000,1540.7,1551,1441.57,1529.88,3051666.7549999999
1614988800000,1529.75,1674.02,1515.16,1651.73,2839191.5989999999
1615075200000,1651.9,1736.89,1631.59,1727.23,2570034.9759999998
1615161600000,1727.73,1844.57,1667.86,1834.3,3501989.878
1615248000000,1834.47,1873.86,1801,1873.31,2460568.2089999998
1615334400000,1873.37,1882.59,1760,1796.8,3413199.591
1615420800000,1796.8,1850.07,1725.96,1829,3061111.7659999998
1615507200000,1828.96,1846.59,1719.92,1767.44,2753218.247
1615593600000,1767.32,1948.75,1729.33,1924.94,2763730.3810000001
1615680000000,1924.94,1935.88,1836,1850.54,2244662.5809999998
1615766400000,1850.5,1896.3,1729.2,1794.89,3297299.6179999998
1615852800000,1795.09,1819.76,1712,1807.25,2500648.8059999999
1615939200000,1807.25,1841.86,1741.95,1825.77,2164536.182
1616025600000,1825.94,1853,1758.48,1777.54,1948941.621
1616112000000,1777.55,1844.32,1733.09,1811.04,1807873.0700000001
1616198400000,1811.04,1873.84,1802.5,1807.35,1400240.8600000001
1616284800000,1807.43,1818.61,1745.02,1784.67,1569940.1569999999
1616371200000,1784.78,1809.59,1653.67,1681.69,2062250.3840000001
1616457600000,1681.66,1722.52,1652.58,1669.33,1875276.2760000001
1616544000000,1669.33,1742.43,1540.22,1582.11,2657346.906
1616630400000,1582.01,1622.54,1548.56,1587.5,2454402.2059999998
1616716800000,1587.44,1701.19,1587.03,1699.13,1630204.7150000001
1616803200000,1699.21,1734.88,1668.3,1714.34,1412714.74
1616889600000,1714.14,1727.5,1662.54,1688.3,1167051.3759999999
1616976000000,1688.31,1845,1680.04,1818.44,1936361.8770000001
1617062400000,1818.43,1863.79,1788.3,1843.43,1627666.888
1617148800000,1843.43,1952.98,1771.85,1923.07,2721505.3539999998
1617235200000,1923.07,1989.11,1882.1,1969.74,2282765.6000000001
1617321600000,1969.75,2150,1949.94,2138.01,2782619.0019999999
1617408000000,2138.01,2144.17,2002,2012.63,2961945.6200000001
1617494400000,2012.64,2093.72,1980,2077.73,1628243.5919999999
1617580800000,2077.85,2138.61,2002.16,2110.35,2029400.2549999999
1617667200000,2110.39,2161.02,2043.89,2114.47,2216031.2930000001
1617753600000,2114.48,2133.02,1930.1,1965.4,3144081.5019999999
1617840000000,1965.4,2086.67,1950,2082.08,1653807.764
1617926400000,2082.02,2104.83,2052,2068.02,1237414.8289999999
1618012800000,2068.02,2211.94,2059.03,2135.96,2077350.3759999999
1618099200000,2135.99,2171.07,2115.56,2155.05,1290245.9750000001
1618185600000,2155.07,2209.99,2101.96,2139.25,1659510.1070000001
1618272000000,2139.24,2324,2137.21,2303.15,2311955.605
1618358400000,2303.15,2450,2286.04,2437.08,3370771.7960000001
1618444800000,2436.74,2548.6,2403.14,2519.85,2600911.5070000002
1618531200000,2519.85,2553,2298.23,2427.29,3505534.1719999998
1618617600000,2427.29,2499.26,2314.49,2319.8,2057149.939
1618704000000,2319.93,2341.91,1900,2235.32,4275573.2980000004
1618790400000,2235.32,2278.58,2079.12,2162.75,3029523.2239999999
1618876800000,2162.76,2347,2052.42,2329.96,3393046.281
1618963200000,2330.07,2470,2238.96,2358.9,3556266.0809999998
1619049600000,2359.41,2645.63,2305,2398.94,6698438.6569999997
1619136000000,2399.2,2443.66,2110,2368.67,6753400.8739999998
1619222400000,2368.66,2370.04,2156.58,2215.54,3424662.2280000001
1619308800000,2215.55,2357,2162.9,2320.71,3570867.7769999998
1619395200000,2320.71,2545.5,2303.42,2534.25,3507145.5329999998
1619481600000,2534.17,2683.42,2481.43,2668.39,2604067.0499999998
1619568000000,2668.28,2762.1,2562.83,2748.33,3857131.8829999999
1619654400000,2748.33,2798,2668.87,2759.14,2827431.929
1619740800000,2759.15,2803.55,2726.88,2773.15,1961665.845
1619827200000,2773.16,2958.91,2754.04,2947.01,2293998.8849999998
1619913600000,2947,2986.97,2856.7,2950.98,2080727.9469999999
1620000000000,2950.91,3459.8,2950.7,3433.36,5116980.5480000004
1620086400000,3433.7,3529.64,3160.01,3243.67,6940584.2050000001
1620172800000,3243.65,3552.74,3211,3528.49,3838631.9190000002
1620259200000,3528.74,3616,3380.25,3493.16,3041910.8250000002
1620345600000,3493.17,3592,3355,3480.98,2326172.0610000002
1620432000000,3480.98,3964.83,3451.74,3914.47,3128854.0329999998
1620518400000,3914.95,3985.55,3730,3928.01,3118238.2609999999
1620604800000,3927.83,4214.92,3658,3950.33,5052309.8820000002
1620691200000,3950.32,4183.52,3778.17,4175.91,3394479.287
1620777600000,4175.85,4379.18,3723.43,3828.99,4928002.0669999998
1620864000000,3829.89,4036.45,3491.53,3719.45,5852199.8130000001
1620950400000,3719.44,4175,3692.99,4079.99,3063526.2919999999
1621036800000,4079.98,4137.21,3634.44,3648.98,3321250.2069999999
1621123200000,3649.01,3882.76,3348,3581.39,4223938.1579999998
1621209600000,3581.39,3587,3125,3283.58,5745286.5999999996
1621296000000,3283.23,3570.27,3240.06,3376.35,3842243.27
1621382400000,3377.03,3446.24,1400.73,2442.98,10144417.2280000001
1621468800000,2444.02,2990.85,2150,2768.42,6097256.7400000002
1621555200000,2768.42,2940,2097.99,2431.01,6041584.1869999999
1621641600000,2431.24,2489.65,2151.63,2295.15,4564819.5209999997
1621728000000,2295.46,2383.41,1728.85,2096.63,7797669.6359999999
1621814400000,2096.62,2675,2079,2649.27,5714266.2759999996
1621900800000,2649.49,2750,2380.6,2706.83,5322472.943
1621987200000,2706.82,2913,2642.87,2884.27,4052111.7990000001
1622073600000,2884.16,2893.03,2634,2742.77,3441489.9339999999
1622160000000,2742.77,2763.57,2324.48,2411.66,4733066.7309999997
1622246400000,2411.65,2577.04,2208.04,2277.99,4468023.0640000002
1622332800000,2277.99,2476.83,2179.13,2386.11,3642984.3659999999
1622419200000,2386.11,2721.51,2271.46,2706.33,4203920.4129999997
1622505600000,2706.46,2741.45,2523.82,2634.63,3779985.27
1622592000000,2634.61,2804.04,2551.03,2707.22,3026897.821
1622678400000,2707.03,2892.23,2662,2858.34,3561113.2349999999
1622764800000,2858.34,2861.53,2540.61,2689.21,4343826.8820000002
1622851200000,2689.41,2817.43,2550.77,2627.45,3876375.6400000001
1622937600000,2627.44,2744,2613.11,2711.4,2719341.8849999998
1623024000000,2711.3,2849.65,2569.3,2592.96,4175255.7009999999
1623110400000,2592.51,2621.27,2305.5,2506.19,6567894.0860000001
1623196800000,2506.13,2627.38,2404.01,2610.2,5127988.2879999997
1623283200000,2610.2,2624.79,2423.36,2471.11,3151629.3149999999
1623369600000,2471.05,2497.94,2320,2354.25,2932342.3360000001
1623456000000,2354.25,2452.79,2255.42,2370.59,3349184.7859999998
1623542400000,2370.61,2548,2307.41,2508.71,2999871.7549999999
1623628800000,2508.56,2608.53,2460,2579.82,2592645.352
1623715200000,2579.8,2639.99,2506.81,2544.17,2609572.986
1623801600000,2544.28,2557.54,2350,2366.84,2715755.7889999999
1623888000000,2366.84,2459.77,2304.15,2372.51,2805257.77
1623974400000,2372.5,2376.94,2135.04,2231.68,3783368.6979999999
1624060800000,2231.68,2280,2160,2163.36,2905034.1120000002
1624147200000,2163.36,2277,2038.94,2242.7,4117443.3730000001
1624233600000,2242.7,2259.27,1864.36,1884.77,8408243.7579999994
1624320000000,1884.75,1997.8,1698.64,1878.46,7629543.3650000002
1624406400000,1878.46,2044.35,1820.3,1966.51,4071236.2620000001
1624492800000,1966.48,2036,1883.47,1989.5,3069218.0279999999
1624579200000,1989.5,2020,1790,1808,4807609.4469999997
1624665600000,1808,1852.95,1715,1828.88,4547442.9000000004
1624752000000,1828.86,1984.61,1805,1980.83,3643084.6349999998
1624838400000,1981,2146.91,1960.31,2083.56,5085737.2089999998
1624924800000,2083.55,2244.33,2073,2165.15,4249854.3679999998
1625011200000,2165.03,2290,2087.23,2275,4574440.1960000005
1625097600000,2274.99,2275.68,2066,2105.24,4469383.0279999999
1625184000000,2105.23,2160,2016.43,2152.64,3889555.8679999998
1625270400000,2152.64,2239,2112.03,2226.63,2965805.0649999999
1625356800000,2226.71,2390,2188,2321.95,3200803.9580000001
1625443200000,2322.13,2324.22,2155.04,2195.38,4496599.6330000004
1625529600000,2195.38,2349.92,2191.24,2322.04,4197100.4500000002
1625616000000,2321.82,2410,2292.94,2314.65,3113882.6740000001
1625702400000,2314.64,2326.58,2082.07,2114.88,4154305.4079999998
1625788800000,2114.81,2189.27,2045,2147.53,4166847.2969999998
1625875200000,2147.4,2195,2073,2111.14,2803372.98
1625961600000,2111.14,2175,2080,2140.27,2154716.1970000002
1626048000000,2140.26,2167.95,2003.4,2030.85,2941659.3730000001
1626134400000,2030.78,2048.97,1916,1940.32,3641617.7390000001
1626220800000,1940.31,2018.55,1862.32,1993.82,4274762.909
1626307200000,1993.82,2042.1,1880.29,1919.35,3891662.2560000001
1626393600000,1919.36,1965.85,1846,1876.1,3797831.4360000002
1626480000000,1876.09,1919,1841,1898.55,3169044.8450000002
1626566400000,1898.55,1994.26,1875,1890.66,3350134.6230000001
1626652800000,1890.8,1917.82,1801,1818.4,3317206.5729999999
1626739200000,1818.4,1841.34,1715,1785.04,4510417.8799999999
1626825600000,1785.2,2038,1752.35,1995.49,5466949.5120000001
1626912000000,1995.5,2046,1945,2023.55,3739570.52
1626998400000,2024,2131.96,1995.02,2124.33,3237000.8679999998
1627084800000,2124.34,2198,2105.4,2183.53,2900599.605
1627171200000,2183.54,2197,2106.12,2188.11,2654022.719
1627257600000,2188.15,2433.53,2170.03,2227.41,5648553.0049999999
1627344000000,2227.44,2319,2150,2298.04,4077823.7450000001
1627430400000,2298.05,2345.54,2242.2,2300.08,3309639.0019999999
1627516800000,2300.12,2406.44,2263.33,2382.45,2369811.378
1627603200000,2382.45,2473.99,2316.03,2461.72,3555703.0389999999
1627689600000,2461.52,2553.8,2421.76,2530.49,2363945.7039999999
1627776000000,2530.37,2699,2511.88,2554.71,4203633.648
1627862400000,2554.72,2666.91,2506.11,2607.09,3757454.702
1627948800000,2607.09,2633.27,2441,2506.87,4035094.3879999998
1628035200000,2506.5,2775.06,2456.83,2725,4639321.233
1628121600000,2725,2845.9,2527,2826.8,6430648.2089999998
1628208000000,2826.81,2948.36,2720.31,2892.3,3957430.1899999999
1628294400000,2892.29,3176,2865.45,3163.26,5211893.648
1628380800000,3163.26,3195.67,2950.45,3014.06,4207474
1628467200000,3014.06,3190.8,2890.03,3163.43,4997024.8550000004
1628553600000,3163.43,3239.13,3053.24,3143.98,4011325.6839999999
1628640000000,3143.97,3279.78,3120.69,3161.52,3248054.6889999998
1628726400000,3161.52,3241.57,2981,3046.74,3651234.966
1628812800000,3046.63,3332.88,3034.35,3324.12,3291401.8020000001
1628899200000,3324.12,3337.99,3210,3266.31,2307338.73
1628985600000,3266.31,3326,3109,3312.31,2863557.0249999999
1629072000000,3312.31,3343,3133.33,3146.83,2823441.625
1629158400000,3146.82,3294.23,2992,3014.64,3583054.432
1629244800000,3014.63,3125.92,2950,3014.25,2914764.091
1629331200000,3014.31,3194,2958.8,3186.8,2795287.6639999999
1629417600000,3186.76,3308.26,3180,3286.62,2223015.324
1629504000000,3286.65,3313.9,3207.12,3226.4,1838074.781
1629590400000,3226.39,3276.42,3124.35,3241.29,1773220.9169999999
1629676800000,3241.29,3383,3233.07,3323.01,2430852.9909999999
1629763200000,3323,3362,3145,3173.98,2520587.128
1629849600000,3173.99,3249,3078.52,3227.9,2405504.8160000001
1629936000000,3227.9,3254,3052,3093.77,2360877.6409999998
1630022400000,3093.81,3283,3061.44,3273.91,2227370.8790000002
1630108800000,3274.12,3288.22,3209.93,3247.29,1124796.3389999999
1630195200000,3247.47,3291.7,3150.5,3225.47,1642534.2919999999
1630281600000,3225.47,3350,3142.38,3230.43,2535431.8029999998
1630368000000,3230.42,3478,3187.85,3430.49,3605871.0869999998
1630454400000,3430.49,3849,3381.23,3831.44,3339812.3969999999
1630540800000,3831.42,3843.21,3723.87,3788.95,1997427.1799999999
1630627200000,3788.94,4036.44,3710.77,3942.79,2643680.21
1630713600000,3942.83,3976.59,3835,3889.71,1508907.058
1630800000000,3889.95,3991.25,3837,3952.56,1483337.9939999999
1630886400000,3952.56,3976.6,3864.27,3929,1471495.5859999999
1630972800000,3929.01,3952.53,2923,3435,4947996.7910000002
1631059200000,3435,3562.25,3217.01,3497.99,2986177.27
1631145600000,3497.68,3570.34,3390,3426.42,1980923.8999999999
1631232000000,3426.43,3517.91,3143.2,3209.84,2299854.9070000001
1631318400000,3209.85,3349.17,3199.26,3267.23,1413713.591
1631404800000,3267.28,3474.95,3230.84,3405.21,1518234.9110000001
1631491200000,3405.65,3432.12,3107.02,3284.41,2654865.2540000002
1631577600000,3284.17,3438,3269.25,3435.42,1536142.673
1631664000000,3435.29,3620,3358.08,3614.72,1652816.4820000001
1631750400000,3614.71,3678,3482,3570.46,1879717.9339999999
1631836800000,3570.46,3597.52,3350,3400.99,1665745.301
1631923200000,3401,3546,3370.25,3435.35,1392166.9480000001
1632009600000,3435.36,3459,3275,3328.72,1409270.892
1632096000000,3328.99,3347.99,2907.07,2978.34,3894855.8470000001
1632182400000,2978.34,3108.17,2647.8,2765.48,4287819.5939999996
1632268800000,2765.47,3088.88,2736.57,3076.62,2674294.1039999998
1632355200000,3076.62,3173.99,3032.77,3150.7,1943658.7779999999
1632441600000,3150.7,3157.5,2731,2926.37,3728806.9980000001
1632528000000,2926.36,2967.32,2800,2921.08,2234473.0559999999
1632614400000,2921.08,3116.84,2737.19,3057.63,2764303.9679999999
1632700800000,3057.62,3163.9,2920.22,2923.6,2027218.6189999999
1632787200000,2923.59,2969,2781,2803.5,2369096.7620000001
1632873600000,2803.34,2949,2780,2848.38,1856317.865
1632960000000,2848.38,3049.3,2835.29,2999.45,2159101.8969999999
1633046400000,2999.45,3331.56,2967.1,3308.58,2414202.176
1633132800000,3308.59,3471.58,3257.05,3387.25,1587338.885
1633219200000,3387.24,3489.22,3340,3418.25,1314004.6089999999
1633305600000,3418.21,3440,3268.81,3386.12,1961769.0870000001
1633392000000,3386.12,3549.9,3363.56,3517.64,1476768.1089999999
1633478400000,3517.64,3638,3339.67,3576.85,2134235.5660000001
1633564800000,3576.9,3659.98,3470.37,3589.85,1809003.003
1633651200000,3589.85,3675.41,3531,3563.81,1501949.8500000001
1633737600000,3563.82,3639,3538.1,3577.8,907875.164
1633824000000,3577.65,3607.55,3402.12,3415.01,1518799.4280000001
1633910400000,3415.01,3629,3368,3543.1,1874616.227
1633996800000,3543.09,3549.82,3404,3492.91,1986800.415
1634083200000,3492.9,3618,3412.29,3610.05,1635415.2039999999
1634169600000,3610.24,3830,3590.02,3794.19,1736537.6299999999
1634256000000,3794.18,3915,3737.13,3872.71,1828015.5859999999
1634342400000,3872.7,3980,3801.38,3833.3,1398494.2779999999
1634428800000,3833.29,3925.95,3634.32,3851.01,1611014.925
1634515200000,3851.17,3898.94,3675.5,3748.31,1768303.0249999999
1634601600000,3748.1,3893,3734.93,3881.48,1769755.5260000001
1634688000000,3881.49,4173.5,3830,4164.14,2278334.9619999998
1634774400000,4164.13,4389.6,4006.83,4057.26,3807814.1970000002
1634860800000,4057.26,4172.52,3888,3975.56,2113125.983
1634947200000,3975.55,4177.27,3940.6,4170.5,1494374.557
1635033600000,4170.5,4191.72,3962.86,4084.61,1501860.773
1635120000000,4084.6,4240.03,4071.37,4224.14,1389123.02
1635206400000,4224.13,4306.61,4092,4133.39,1665700.699
1635292800000,4133.37,4319,3900,3923.57,2642128.8509999998
1635379200000,3923.58,4300,3887.75,4288.96,2233903.4980000001
1635465600000,4288.91,4467.89,4269.16,4421.53,1862409.48
1635552000000,4421.53,4438.85,4230.55,4324.82,1145688.807
1635638400000,4324.82,4399.22,4161,4288.86,1308821.3149999999
1635724800000,4288.87,4385.57,4145,4322.72,1541230.7720000001
1635811200000,4322.72,4604.96,4286.67,4593.88,1477069.747
1635897600000,4593.17,4676,4456,4606.59,1476260.6980000001
1635984000000,4606.59,4611.23,4423.09,4535.37,1202357.8130000001
1636070400000,4535.38,4575,4445.1,4477.29,967384.995
1636156800000,4477.29,4538.29,4325.91,4521.4,1062427.875
1636243200000,4521.7,4642.76,4505.41,4616.5,832391.585
1636329600000,4616.51,4830.66,4615.21,4814.3,1214445.2390000001
1636416000000,4814.13,4844.97,4714.83,4734.98,1151973.219
1636502400000,4734.99,4877.54,4450,4632.21,1848828.004
1636588800000,4632.42,4783.12,4580.9,4721.19,1146003.8740000001
1636675200000,4721.19,4811,4508,4665.99,1671025.399
1636761600000,4665.99,4708,4585.11,4644.42,812743.8050000001
1636848000000,4644.42,4700,4515.84,4629.44,947148.676
1636934400000,4629.75,4771.83,4541.44,4567.01,1351110.6910000001
1637020800000,4567.01,4567.07,4077,4209.42,2734039.5430000001
1637107200000,4209.42,4300,4062,4287.99,1860601.9269999999
1637193600000,4288,4343.33,3957.96,3997.72,2286170.4670000002
1637280000000,3997.72,4309.04,3973.14,4293.44,1514406.5519999999
1637366400000,4293.44,4436.01,4202.24,4412.55,1143613.53
1637452800000,4412.37,4425.73,4242,4259.23,996488.568
1637539200000,4259.28,4327.75,4019.35,4086.57,1891091.9129999999
1637625600000,4086.41,4387,4059.55,4341.36,1636864.585
1637712000000,4341.36,4377,4170.38,4271.29,1365898.959
1637798400000,4271.29,4558.29,4250.34,4527.86,1247655.55
1637884800000,4528.2,4555,3911,4040.66,2657050.0690000001
1637971200000,4040.66,4182.66,4027.32,4095.33,1008009.177
1638057600000,4095.33,4301.07,3958.58,4296.6,1512818.3899999999
1638144000000,4297.01,4460,4280,4445.1,1432921.2080000001
1638230400000,4445.09,4757.8,4347.9,4631.51,2573876.2069999999
1638316800000,4631.43,4783.19,4528.5,4586.66,1861557.1629999999
1638403200000,4586.67,4636.86,4435.76,4514.32,1767131.692
1638489600000,4514.32,4658,4004,4213.66,2648380.1200000001
1638576000000,4213.67,4237.2,3388.15,4115.79,3531695.892
1638662400000,4115.79,4247.19,4033,4197.53,1909767.851
1638748800000,4197.52,4377.58,3920,4345.2,2601175.77
1638835200000,4345.44,4425,4255.27,4305.82,1388803.726
1638921600000,4305.83,4454.6,4224.98,4435.33,1443466.2949999999
1639008000000,4435.7,4490.97,4075,4103.8,1905332.5160000001
1639094400000,4103.8,4232,3882.84,3895.95,2123045.5060000001
1639180800000,3895.85,4094.82,3831.01,4089.81,1729754.9269999999
1639267200000,4088.86,4173.37,3985,4129,1044691.201
1639353600000,4129.16,4142,3668.34,3780.63,2252296.9139999999
1639440000000,3780.33,3879.13,3682,3856.66,1718001.4099999999
1639526400000,3856.67,4096,3639.39,4019.01,2415815.0669999998
1639612800000,4019.01,4118.47,3951.14,3958.67,1603846.8540000001
1639699200000,3958.7,3992.99,3694.2,3873.93,2112402.0410000002
1639785600000,3872.98,3997.39,3764.96,3957.64,1306368.673
1639872000000,3957.65,4034.99,3881.89,3922.51,1402356.037
1639958400000,3922.51,3981.48,3750,3943.48,1741509.419
1640044800000,3943.64,4063,3912.26,4014.38,1246421.469
1640131200000,4014.38,4074.99,3924.36,3978.62,1076095.044
1640217600000,3978.63,4153.71,3888.87,4111.3,1586935.899
1640304000000,4111.31,4133.38,4014.45,4045,1026594.079
1640390400000,4045.19,4138.47,4015,4093.87,890361.594
1640476800000,4093.88,4104.84,4002,4062.24,767517.751
1640563200000,4062.4,4126,4030.06,4037.36,837344.643
1640649600000,4037.35,4037.36,3756.26,3791.99,1675203.5319999999
1640736000000,3792,3825.91,3600.45,3628.55,1318187.7309999999
1640822400000,3628.49,3766.71,3580,3708.37,1023870.718
1640908800000,3708.45,3814.95,3621.32,3676.02,1343940.1740000001
1640995200000,3676.01,3776.33,3671.86,3763.06,755619.7929999999
1641081600000,3763.05,3860,3714.48,3826.21,740079.4300000001
1641168000000,3826.1,3850,3680,3764.07,999879.353
1641254400000,3764.07,3893.19,3711,3785.6,1253780.6899999999
1641340800000,3785.6,3847.18,3405,3537.71,1813981.9480000001
1641427200000,3537.81,3549.11,3292.31,3404.6,1840489.348
1641513600000,3404.61,3415.35,3040.77,3196.58,2855226.352
1641600000000,3196.58,3248.03,2996.45,3080.03,1859886.155
1641686400000,3079.86,3209.4,3057,3150,1230848.7919999999
1641772800000,3149.99,3179.16,2924.78,3081.31,2322294.5649999999
1641859200000,3081.25,3262.66,3050.58,3236.86,1533503.746
1641945600000,3236.86,3411,3203.85,3369.93,1435454.649
1642032000000,3369.92,3408.89,3230.97,3240.36,1374273.064
1642118400000,3240.32,3342.63,3181.2,3305.6,1309794.267
1642204800000,3305.61,3372,3257.59,3324.05,809020.133
1642291200000,3324.06,3394.62,3269.01,3345.49,934941.801
1642377600000,3345.5,3355.3,3139.37,3208.61,1440138.9339999999
1642464000000,3208.6,3243.95,3080.5,3159.32,1589444.6669999999
1642550400000,3159.31,3174.6,3045,3082.81,1668517.0819999999
1642636800000,3082.8,3272.24,2985,2999.92,1880719.4480000001
1642723200000,2999.92,3031.9,2460,2566.91,4517274.3590000002
1642809600000,2566.91,2625.6,2293.56,2410.96,4662398.8729999997
1642896000000,2410.57,2549,2368,2538.41,2371974.8679999998
1642982400000,2538.4,2539.59,2151,2438.13,4694300.2539999997
1643068800000,2437.87,2504.98,2349.6,2457.37,2325976.5619999999
1643155200000,2457.37,2720.06,2400.01,2461.61,3370868.3360000001
1643241600000,2461.62,2520,2314.33,2422.61,2706734.602
1643328000000,2422.61,2556.93,2357,2543.34,2394675.7880000002
1643414400000,2543.34,2658.41,2519.21,2599.94,1522389.395
1643500800000,2599.93,2644.93,2541.46,2600.45,1322236.477
1643587200000,2600.45,2706.47,2475.33,2685.34,2119778.986
1643673600000,2685.34,2812.94,2672.61,2786.38,2054796.845
1643760000000,2786.37,2810,2610.4,2678,2354857.0070000002
1643846400000,2678.47,2722.99,2572.64,2694.37,2171742.6409999998
1643932800000,2694.2,2995,2670.14,2993.65,2953883.898
1644019200000,2993.64,3059.91,2958.01,3011.59,1557391.5449999999
1644105600000,3011.58,3075,2948,3054.26,1151529.8489999999
1644192000000,3054.26,3185.99,2990.83,3138.55,1920591.9180000001
1644278400000,3138.55,3246.65,3023.28,3115.23,2122006.9819999998
1644364800000,3115.23,3269.16,3052.5,3241.82,1571485.3689999999
1644451200000,3241.79,3282.96,3055.24,3070.9,2672791.9709999999
1644537600000,3070.89,3136.55,2873.5,2926.04,2333468.4339999999
1644624000000,2926.03,2983.62,2855,2916.93,1869241.5260000001
1644710400000,2917.04,2952.66,2830.31,2870.32,1277486.6969999999
1644796800000,2870.33,2964.44,2829.8,2928.87,1815960.443
1644883200000,2928.87,3198,2911.85,3183.73,1856076.1170000001
1644969600000,3183.74,3186.79,3040.42,3121.8,1733462.4180000001
1645056000000,3121.8,3158.68,2850,2890.8,2632604.3859999999
1645142400000,2890.75,2941.94,2750,2778.46,2162941.4709999999
1645228800000,2778.46,2829.99,2691,2761.89,1546343.8859999999
1645315200000,2761.9,2762.89,2573.33,2620.72,2242471.273
1645401600000,2620.72,2758,2555.56,2566.88,3985389.094
1645488000000,2566.88,2670,2495,2635.57,3195802.7919999999
1645574400000,2635.57,2752.38,2573.39,2578.02,2704599.3149999999
1645660800000,2578.02,2777.33,2298.72,2595.47,6227786.3049999997
1645747200000,2595.47,2835,2571.68,2766.36,2936418.8820000002
1645833600000,2766.42,2882,2726,2778.15,1852287.1459999999
1645920000000,2778.15,2836.21,2553.68,2615.99,2948786.1570000001
1646006400000,2615.99,2966,2565,2920.1,3405929.7030000002
1646092800000,2920.05,3036,2852.2,2975.61,2903119.452
1646179200000,2975.61,3046.46,2912.96,2947.47,2628094.6039999998
1646265600000,2947.48,2970,2781.77,2832.97,2068430.4709999999
1646352000000,2832.98,2835.9,2570.65,2620.25,2431616.2030000002
1646438400000,2620.25,2684.87,2588,2663.55,1085460.5600000001
1646524800000,2663.55,2674.61,2529,2549.37,1394552.348
1646611200000,2549.36,2650,2431.62,2489.9,2690724.432
1646697600000,2489.84,2623,2478.35,2575.49,2643188.6880000001
1646784000000,2575.5,2773.17,2566.41,2726.37,2075382.6059999999
1646870400000,2726.37,2733.37,2546.83,2605.44,2036842.0870000001
1646956800000,2605.43,2676.2,2520.5,2555.89,2046135.5349999999
1647043200000,2555.9,2620,2552.22,2567.64,835243.91
1647129600000,2567.63,2604.13,2490.25,2514.07,1153034.412
1647216000000,2513.77,2609.32,2496.85,2588.96,1700607.0970000001
1647302400000,2588.96,2668.8,2504.5,2617.29,2010933.5900000001
1647388800000,2617.29,2789.86,2602.06,2772.78,2671403.5440000002
1647475200000,2772.78,2839,2745.33,2810.74,1388608.3289999999
1647561600000,2810.75,2984.72,2760,2938.02,2012338.3219999999
1647648000000,2938.03,2992,2890.6,2950,1138322.115
1647734400000,2949.9,2965,2817.49,2860.47,1437020.801
1647820800000,2860.53,2960,2830.5,2889.08,1686819.608
1647907200000,2889.07,3055.9,2885.49,2968.49,1797753.5730000001
1647993600000,2968.48,3043.69,2915.51,3035.55,1781378.7350000001
1648080000000,3035.54,3129.75,3001,3109.89,2081151.6440000001
1648166400000,3109.89,3195,3075,3101.37,2007262.8060000001
1648252800000,3101.37,3152.24,3084.03,3143.47,760414.286
1648339200000,3143.47,3299.33,3125.26,3295.01,1243196.7930000001
1648425600000,3295.01,3430,3274.3,3333.62,1780150.9550000001
1648512000000,3333.62,3480,3330.32,3399,1928941.55
1648598400000,3399,3447.74,3332,3385.1,1512369.419
1648684800000,3385.09,3444.6,3260.84,3281.43,1815474.754
1648771200000,3281.43,3483.12,3210.06,3454.33,2109764.1189999999
1648857600000,3454.33,3533,3430.2,3443.07,1652414.3600000001
1648944000000,3443.06,3580,3411.9,3520.76,1431228.504
1649030400000,3520.65,3551.55,3405.03,3518.96,1653737.507
1649116800000,3518.97,3554.99,3388.97,3405.04,1487565.105
1649203200000,3405.03,3406.08,3160.19,3166.78,2622721.98
1649289600000,3166.77,3267.58,3140.33,3225.15,1752183.226
1649376000000,3225,3315,3171.95,3191.26,1958267.702
1649462400000,3191.27,3269.62,3180.24,3257.53,909857.465
1649548800000,3257.54,3307.21,3187,3200.24,1000563.67
1649635200000,3200.24,3212,2945.08,2978.69,2565570.2059999998
1649721600000,2978.69,3082,2948.19,3026.3,1863628.9850000001
1649808000000,3026.31,3133,2995.23,3116.45,1652978.477
1649894400000,3116.53,3148,2973.47,3019.82,1505522.162
1649980800000,3019.82,3062.81,2990.06,3039.19,923299.874
1650067200000,3039.2,3090,3008.08,3057.99,652575.022
1650153600000,3058,3082.56,2980.6,2986.03,1075168.023
1650240000000,2986.02,3069,2875.87,3054.02,1815827.1950000001
1650326400000,3054.02,3129.43,3027.66,3100.42,1194169.0889999999
1650412800000,3100.43,3173.89,3031.48,3074.01,1393841.9299999999
1650499200000,3073.96,3180,2933.33,2981.31,1801732.0109999999
1650585600000,2981.31,3035.37,2930.26,2960.38,1476858.7690000001
1650672000000,2960.39,2976.82,2904.36,2930.28,615769.147
1650758400000,2930.28,2967.2,2908.99,2918.97,847760.075
1650844800000,2918.98,3026.02,2791.3,3006.11,2207537.517
1650931200000,3006.12,3043,2761.27,2807.88,2115673.3650000002
1651017600000,2807.89,2920,2792.27,2887.57,1889647.2760000001
1651104000000,2887.57,2979.76,2853.24,2935.39,1925868.923
1651190400000,2935.39,2946.29,2776,2815.37,1671919.811
1651276800000,2815.38,2841.04,2711.65,2725.1,1115770.2309999999
1651363200000,2725.1,2849,2714.5,2823.38,1217450.8910000001
1651449600000,2823.38,2882.15,2774.97,2855.16,1598694.1499999999
1651536000000,2855.15,2860.76,2753,2780.91,1170566.655
1651622400000,2780.92,2965,2770.08,2939.76,1716921.5120000001
1651708800000,2939.76,2955.79,2684.84,2746.37,2174369.003
1651795200000,2746.36,2757.28,2630,2691.59,1917392.8230000001
1651881600000,2691.6,2703.61,2581.89,2634.82,963077.904
1651968000000,2634.82,2641.11,2480,2518.9,1999269.1540000001
1652054400000,2519.03,2530.88,2222.46,2227.48,4531752.0480000004
1652140800000,2227.62,2455.88,2197.38,2340.86,4079487.7560000001
1652227200000,2340.85,2451.86,2002,2083.98,5826464.1409999998
1652313600000,2083.98,2193.7,1775.43,1959.78,5639772.9809999997
1652400000000,1959.79,2149.99,1939.33,2008.49,2799355.8760000002
1652486400000,2008.48,2068.6,1950.07,2055,1712302.9779999999
1652572800000,2054.99,2174.32,2000,2144.07,1621232.284
1652659200000,2144.06,2144.07,1976,2022.89,2642704.6690000002
1652745600000,2022.79,2124.1,2006.71,2090,1960680.703
1652832000000,2090,2110.89,1906.61,1914.2,2331823.162
1652918400000,1914.19,2039.3,1901.7,2019.46,2582771.9160000002
1653004800000,2019.45,2064.74,1922,1958.69,2606153.0559999999
1653091200000,1958.69,1990.75,1935.52,1973.94,1160939.76
1653177600000,1973.94,2056.73,1965.25,2042.63,1433318.9680000001
1653264000000,2042.63,2088.6,1955.01,1972.45,2340762.693
1653350400000,1972.45,1993.72,1911.38,1978.56,2077293.838
1653436800000,1978.56,2022.74,1933,1942,2151769.4929999998
1653523200000,1942.01,1965.28,1725,1791.02,4404820.8820000002
1653609600000,1790.99,1821.85,1694.97,1726.55,4743622.2079999996
1653696000000,1726.55,1809.33,1721.3,1791.74,2072895.7050000001
1653782400000,1791.75,1829,1755.25,1812.45,1640982.6310000001
1653868800000,1812.46,2013.56,1801.52,1997.87,3264009.122
1653955200000,1997.87,2016.77,1922,1941.68,2655076.6639999999
1654041600000,1941.68,1972.77,1758.52,1817.1,3499271.9870000002
1654128000000,1817.16,1852.99,1780.48,1833.37,2390879.5729999999
1654214400000,1833.37,1843.33,1733.01,1774.15,2363750.4580000001
1654300800000,1774.16,1815.48,1747.45,1803.71,1318917.8189999999
1654387200000,1803.7,1830,1772.19,1805.39,1432385.263
1654473600000,1805.4,1919.33,1803.52,1859.11,2917516.3300000001
1654560000000,1859.1,1875,1722,1812.61,4087315.102
1654646400000,1812.62,1840.13,1763.87,1791.02,2628755.9530000002
1654732800000,1791.01,1832.7,1776.32,1788.03,1839669.689
1654819200000,1788.03,1803.82,1650,1661.95,3608897.284
1654905600000,1661.95,1680.97,1498.93,1532.19,4960438.9759999998
1654992000000,1532.19,1548.81,1421,1434.35,6016472.4560000002
1655078400000,1434.35,1454.58,1162,1209.04,17351785.7580000013
1655164800000,1209.03,1268.9,1073,1208.32,12336657.7530000005
1655251200000,1208.32,1249.4,1012.42,1236.49,15639610.6359999999
1655337600000,1236.48,1257.29,1050.51,1067.77,8764835.4169999994
1655424000000,1067.77,1118,1050,1085.99,6582676.5810000002
1655510400000,1085.99,1097,878.04,994.09,11387513.1950000003
1655596800000,994.09,1162.98,935.5,1127.88,10406484.2180000003
1655683200000,1127.88,1174,1052.05,1127.83,8647003.1050000004
1655769600000,1127.82,1194,1108.63,1125.47,6719191.9519999996
1655856000000,1125.47,1126.81,1042,1049.4,6439701.6789999995
1655942400000,1049.41,1156.01,1044.16,1143.71,5945329.7079999996
1656028800000,1143.71,1244.94,1131.36,1224.42,6052742.3039999995
1656115200000,1224.42,1258,1179.03,1241.6,4537650.0449999999
1656201600000,1241.6,1280,1193.54,1197.21,4564404.5619999999
1656288000000,1197.2,1238.89,1172.14,1191.9,4630510.301
1656374400000,1191.89,1239.66,1135.65,1143.5,5830850.7189999996
1656460800000,1143.51,1156.76,1085.6,1099.32,6255310.5250000004
1656547200000,1099.33,1106.6,995,1070.85,8433372.4810000006
1656633600000,1070.9,1118.21,1032.65,1059.24,7465681.2709999997
1656720000000,1059.16,1078.98,1026.16,1066.53,3974288.5320000001
1656806400000,1066.53,1088,1040.01,1073.9,3749708.7629999998
1656892800000,1073.91,1160.68,1044.33,1150.23,5930747.625
1656979200000,1150.23,1176,1075,1131.8,7139408.6840000004
1657065600000,1131.81,1205.45,1111.03,1186.37,6534667.7390000001
1657152000000,1186.36,1254.82,1162.93,1236.92,5320583.1710000001
1657238400000,1236.91,1277,1192,1213.53,6498615.3669999996
1657324800000,1213.53,1236.87,1203.75,1216.48,2797190.0320000001
1657411200000,1216.49,1219.5,1152,1167.81,3568244.7919999999
1657497600000,1167.81,1170.97,1091.1,1095.95,4532538.3590000002
1657584000000,1095.88,1097.51,1032.09,1037.88,5644661.9210000001
1657670400000,1037.88,1120,1005,1114.19,8490574.1199999992
1657756800000,1114.18,1216.9,1070.57,1193.01,7455813.7989999996
1657843200000,1193.01,1294.99,1180.74,1230.58,7636816.2549999999
1657929600000,1230.59,1440.57,1191.41,1355.37,8366413.0630000001
1658016000000,1355.38,1387.92,1316,1338.27,6374217.8550000004
1658102400000,1338.28,1597.19,1335.49,1580.12,9898091.9199999999
1658188800000,1580.12,1640,1492.57,1541.39,9494246.9780000001
1658275200000,1541.4,1620,1477,1521.34,8184052.8389999997
1658361600000,1521.26,1607,1462.3,1575.39,7325264.216
1658448000000,1575.38,1646.3,1515.75,1534.53,6728238.2170000002
1658534400000,1534.53,1596.72,1485.53,1548.01,5150014.9380000001
1658620800000,1548.01,1664.9,1543.45,1597.77,6366445.9570000004
1658707200000,1597.77,1609.26,1433.2,1440.4,8130738.3760000002
1658793600000,1440.4,1455,1355,1448.27,7673932.8059999999
1658880000000,1448.28,1644.66,1420.22,1635.45,9108934.4379999992
1658966400000,1635.46,1784.5,1595,1723.82,9638750.2640000004
1659052800000,1723.83,1766.3,1656,1721.85,8322821.7609999999
1659139200000,1721.85,1744,1671,1696.68,4893669.3439999996
1659225600000,1696.68,1755.55,1666,1677.63,4341013.5880000005
1659312000000,1677.63,1704.32,1605.5,1629.45,5621692.0609999998
1659398400000,1629.45,1678,1557.8,1629.97,8048319.8200000003
1659484800000,1629.98,1685.91,1588.5,1617.37,5772165.2869999995
1659571200000,1617.37,1664.28,1580,1607.2,6186609.9029999999
1659657600000,1607.2,1743.4,1605,1737.13,7645714.7879999997
1659744000000,1737.12,1751,1685.03,1689.85,3673770.0959999999
1659830400000,1689.84,1729.39,1667,1699.25,3426181.9980000001
1659916800000,1699.25,1819.78,1693.15,1776.09,6333566.5860000001
1660003200000,1776.08,1790,1666.05,1702.04,6330296.5259999996
1660089600000,1702.04,1886.75,1655,1853.24,9215939.7630000003
1660176000000,1853.25,1943,1849.8,1879.35,7873808.7230000002
1660262400000,1879.35,1964.46,1852,1957.4,5535344.0889999997
1660348800000,1957.4,2019,1945.5,1982.8,5390461.7929999996
1660435200000,1982.79,2030,1905,1934.55,4960301.5020000003
1660521600000,1934.56,2012.94,1871,1898.56,7812767.1619999995
1660608000000,1898.55,1915,1850,1875.78,6218534.0159999998
1660694400000,1875.79,1957.7,1818.01,1833.55,8253584.1299999999
1660780800000,1833.55,1882,1820.11,1845.86,5330045.1469999999
1660867200000,1845.86,1847.65,1601.85,1608.29,10707278.7129999995
1660953600000,1608.29,1657,1520.64,1574.93,7333793.5240000002
1661040000000,1574.92,1648.7,1560,1617.17,6301946.9270000001
1661126400000,1617.17,1629,1528,1624.02,8702841.8460000008
1661212800000,1624.02,1680,1562.41,1664.19,8533214.7809999995
1661299200000,1664.19,1693.84,1605,1655.71,7245610.3260000004
1661385600000,1655.71,1722,1652.27,1694.16,5903160.6979999999
1661472000000,1694.15,1706,1485,1507.23,12030116.6640000008
1661558400000,1507.22,1517.4,1443.4,1490,7282986.9560000002
1661644800000,1490,1510,1423.1,1426.3,5691272.5070000002
1661731200000,1426.29,1559.79,1420.59,1550.67,9032669.023
1661817600000,1550.66,1605,1471.92,1523.48,12249570.3080000002
1661904000000,1523.49,1621.29,1523.26,1553.04,11937118.0089999996
1661990400000,1553.04,1599,1505,1585.4,9119984.9419999998
1662076800000,1585.4,1649.64,1545,1574.49,9144439.3650000002
1662163200000,1574.49,1582.02,1532.6,1556.41,3937946.105
1662249600000,1556.42,1586,1539.7,1578.14,3969402.0469999998
1662336000000,1578.14,1631.6,1555.72,1616.92,5810610.2570000002
1662422400000,1616.93,1686.75,1551.7,1558.23,11076502.2300000004
1662508800000,1558.23,1657.6,1486.16,1629.35,9094507.3289999999
1662595200000,1629.36,1666,1594,1634.22,8111052.5140000004
1662681600000,1634.23,1746.3,1629.25,1717.48,7591864.9199999999
1662768000000,1717.49,1788.98,1705,1773.05,4234258.2879999997
1662854400000,1773.04,1787.88,1718.02,1765.01,3909495.301
1662940800000,1765,1783.43,1691.28,1715.14,6512918.3890000004
1663027200000,1715.15,1762.88,1556.78,1571.9,9660861.4210000001
1663113600000,1571.91,1642.24,1548,1635.39,6491665.9570000004
1663200000000,1635.4,1657.8,1455,1471.93,12706158.9279999994
1663286400000,1471.94,1482.65,1403,1433.58,8136455.0839999998
1663372800000,1433.58,1475.15,1408.15,1467.96,4366994.5990000004
1663459200000,1467.96,1469,1320,1333.67,7139282.2290000003
1663545600000,1333.68,1394,1276.62,1375.05,10278329.8609999996
1663632000000,1375.05,1384.53,1311,1322.08,7850914.483
1663718400000,1322.09,1420,1218,1244.19,11244354.4590000007
1663804800000,1244.2,1349.84,1235.6,1325.73,9848169.8939999994
1663891200000,1325.73,1359.22,1260.75,1326.62,10875882.1889999993
1663977600000,1326.62,1348.84,1305.36,1316.19,4603413.8679999998
1664064000000,1316.18,1336.92,1268.19,1293.99,4839166.0350000001
1664150400000,1293.98,1340,1277.55,1335.25,8104991.5880000005
1664236800000,1335.25,1400,1303.02,1327.19,9686206.9269999992
1664323200000,1327.2,1355.76,1250,1336.43,10608737.2890000008
1664409600000,1336.43,1351.93,1287.24,1334.8,8973401.7039999999
1664496000000,1334.8,1373.34,1307.53,1327.78,8510622.6420000009
1664582400000,1327.78,1333.38,1301,1311.31,2763699.1510000001
1664668800000,1311.32,1317.7,1266.66,1275.96,4140053.8489999999
1664755200000,1275.95,1329,1260.48,1322.59,5798622.25
1664841600000,1322.58,1370,1318.06,1360.73,5536817.1179999998
1664928000000,1360.73,1364.75,1315.27,1351.61,5456174.6239999998
1665014400000,1351.6,1383.29,1344,1351.5,7101597.5750000002
1665100800000,1351.5,1361.21,1316.22,1330.41,5119226.3300000001
1665187200000,1330.42,1337.19,1302,1314.74,2182988.071
1665273600000,1314.75,1328.72,1306.41,1322.61,2303208.5789999999
1665360000000,1322.6,1337.93,1284.38,1289.56,4968203.9610000001
1665446400000,1289.57,1297.7,1265,1279.68,5514583.0489999996
1665532800000,1279.67,1306.6,1274.35,1294.02,4405169.2709999997
1665619200000,1294.02,1301,1176,1286.38,10523564.6370000001
1665705600000,1286.38,1343.36,1282.74,1295.35,7171699.6859999998
1665792000000,1295.34,1301.32,1262.12,1274.13,3049822.1099999999
1665878400000,1274.12,1315,1273.98,1305.51,3282852.8560000001
1665964800000,1305.52,1338.16,1295,1330.62,5154706.8899999997
1666051200000,1330.62,1342,1285.11,1309.93,6506270.3909999998
1666137600000,1309.93,1312.78,1275.56,1284.45,4389238.8360000001
1666224000000,1284.45,1310,1270,1282.2,5294962.9859999996
1666310400000,1282.19,1307,1248,1299.08,6030198.0520000001
1666396800000,1299.08,1320,1293.67,1313.19,2486638.7620000001
1666483200000,1313.18,1371,1298.22,1363.44,3682722.2990000001
1666569600000,1363.43,1370.4,1322.25,1342.72,5502275.0060000001
1666656000000,1342.73,1533.68,1334.16,1459.2,11473585.1769999992
1666742400000,1459.19,1595,1456.69,1565.45,10817326.8900000006
1666828800000,1565.45,1588,1500.46,1513.7,8021549.3420000002
1666915200000,1513.7,1574.8,1475,1553.79,7430625.3430000003
1667001600000,1553.8,1665,1546.71,1618.82,7454042.4740000004
1667088000000,1618.82,1639.87,1574.6,1589.89,3955450.8650000002
1667174400000,1589.88,1634.93,1543.72,1572.01,7113753.8300000001
1667260800000,1572,1613,1562.7,1577.88,4495232.8849999998
1667347200000,1577.88,1622.5,1501,1517.26,8956953.5649999995
1667433600000,1517.26,1558.14,1514.07,1530.27,4820992.8059999999
1667520000000,1530.27,1679.4,1527.78,1644.09,8773312.8029999994
1667606400000,1644.08,1666.8,1620.1,1626.11,3007552.1949999998
1667692800000,1626.11,1638.5,1561.32,1567.42,3810965.466
1667779200000,1567.42,1608,1544.94,1567.52,6311427.2589999996
1667865600000,1567.52,1580.54,1195.22,1333.4,20492980.8729999997
1667952000000,1333.4,1336.47,1071.14,1101.49,23279890.0379999988
1668038400000,1101.53,1350,1083.77,1298.21,15328692.9849999994
1668124800000,1298.3,1309.88,1199.57,1288.64,11730741.0219999999
1668211200000,1288.67,1291.69,1238,1256.82,4582467.3700000001
1668297600000,1256.85,1273.91,1200,1220.78,4739475.3030000003
1668384000000,1220.78,1290,1170.5,1242.89,9479256.4260000009
1668470400000,1242.9,1292,1232.52,1252.81,6157353.5779999997
1668556800000,1252.8,1268.2,1185.59,1215.78,6410929.2649999997
1668643200000,1215.72,1228.92,1181,1199.7,5819726.2249999996
1668729600000,1199.7,1235,1198.48,1212.04,3844518.7149999999
1668816000000,1212.05,1233.66,1196,1216.91,2150246.7280000001
1668902400000,1216.9,1226.5,1131.6,1141.57,5200695.8729999997
1668988800000,1141.53,1147.03,1077.32,1106.95,9738564.6699999999
1669075200000,1106.94,1142.96,1071.52,1139.11,7509599.6200000001
1669161600000,1139.11,1190,1127.01,1183.83,6642657.8930000002
1669248000000,1183.84,1216.71,1179.72,1202.92,5188015.3779999996
1669334400000,1202.93,1209.27,1170.99,1198.55,4268310.4879999999
1669420800000,1198.55,1238,1195.08,1204.84,3881430.5010000002
1669507200000,1205,1222.91,1186.58,1193.26,2990387.7519999999
1669593600000,1193.25,1198.8,1150.25,1167.21,5581193.574
1669680000000,1167.2,1228.75,1156.06,1215.74,5916426.6210000003
1669766400000,1215.75,1312.99,1211.53,1294.02,6987495.3760000002
1669852800000,1294.09,1300.51,1262,1275.7,4742584.148
1669939200000,1275.7,1297.24,1264.43,1295,4241223.5439999998
1670025600000,1294.99,1312,1235.17,1239.76,3733284.7230000002
1670112000000,1239.76,1287.99,1239.13,1278.82,3873239.9589999998
1670198400000,1278.82,1304.98,1246,1258.66,5401461.1100000003
1670284800000,1258.67,1274.42,1240.55,1270.72,4094634.4010000001
1670371200000,1270.72,1278.3,1217.02,1230.83,4598453.5060000001
1670457600000,1230.78,1294.31,1221,1279.73,5403214.2460000003
1670544000000,1279.72,1297.63,1254,1262.31,4410565.8389999997
1670630400000,1262.31,1283.92,1258.58,1265.88,2219440.1069999998
1670716800000,1265.87,1284.9,1255,1262.43,2427305.929
1670803200000,1262.43,1278.83,1238.5,1274.88,4101114.4739999999
1670889600000,1274.89,1350,1254.32,1321.06,7377534.3389999997
1670976000000,1321.05,1354.4,1300.17,1307.76,5647195.9419999998
1671062400000,1307.76,1311.86,1256.1,1266.26,4199459.8370000003
1671148800000,1266.26,1279.76,1154.7,1166.2,7218530.1890000002
1671235200000,1166.19,1190,1161.07,1186.45,3336484.3599999999
1671321600000,1186.44,1196,1171.12,1182.45,2877052.2110000001
1671408000000,1182.45,1194.86,1148,1167.21,4295030.5719999997
1671494400000,1167.21,1232,1162.5,1216.21,5778341.1859999998
1671580800000,1216.22,1226,1202.06,1213.21,2943786.9509999999
1671667200000,1213.21,1239.99,1182,1217.39,4400633.1380000003
1671753600000,1217.38,1234.25,1208.33,1219.5,3311152.4640000002
1671840000000,1219.5,1229,1214,1219.96,1200985.9850000001
1671926400000,1219.96,1225,1187.54,1217.96,2475907.6039999998
1672012800000,1217.97,1231.49,1210,1227.57,1928492.8119999999
1672099200000,1227.57,1233.97,1200,1211.29,3078179.6299999999
1672185600000,1211.29,1215.42,1177.5,1189.93,4121050.5989999999
1672272000000,1189.94,1207.97,1186.24,1200.35,3022857.1349999998
1672358400000,1200.36,1203,1180,1199.66,2868990.449
1672444800000,1199.67,1209,1190.26,1196.1,1688387.9399999999
1672531200000,1196.1,1204.79,1190.8,1199.96,1381763.4879999999
1672617600000,1199.96,1225,1191.5,1213.23,2831791.3190000001
1672704000000,1213.24,1219.5,1203.05,1214.23,2418195.0120000001
1672790400000,1214.22,1275,1212.16,1256.39,5329817.1950000003
1672876800000,1256.39,1260,1242.22,1251.08,2662864.9989999998
1672963200000,1251.08,1277.77,1233,1268.54,4156167.3629999999
1673049600000,1268.54,1270.66,1260.53,1263.65,1186947.058
1673136000000,1263.64,1296,1256.3,1289.65,2415068.3319999999
1673222400000,1289.64,1345,1284.81,1320.32,6326600.8320000004
1673308800000,1320.32,1348.7,1316.74,1335.3,3653151.6409999998
1673395200000,1335.29,1400,1319.52,1389.26,4603732.1610000003
1673481600000,1389.25,1439.36,1358,1415.84,8272496.4440000001
1673568000000,1415.85,1465.49,1400.7,1450.94,5096738.5
1673654400000,1450.95,1644.92,1448.7,1550.27,7348877.2640000004
1673740800000,1550.27,1570,1516.02,1553.47,3651240.3640000001
1673827200000,1553.48,1610.5,1520,1577.11,5395191.6679999996
1673913600000,1577.25,1609,1540,1565.84,4580613.2580000004
1674000000000,1565.83,1614.6,1501.21,1511.66,6932415.1119999997
1674086400000,1511.6,1565,1509.87,1551.11,3660939.0129999998
1674172800000,1551.11,1680,1541.6,1659.01,5324812.8629999999
1674259200000,1659.01,1682.44,1615.3,1627.63,4643566.5219999999
1674345600000,1627.63,1666,1603.39,1628.14,3827578.409
1674432000000,1628.13,1650,1585.21,1626.9,3969684.2289999998
1674518400000,1626.9,1641.89,1530,1555.99,4505754.932
1674604800000,1556,1641.18,1512.3,1611.41,6003304.4450000003
1674691200000,1611.44,1633,1575.66,1600.69,4235877.3289999999
1674777600000,1600.69,1621.46,1551.1,1597.08,4349734.1359999999
1674864000000,1597.08,1606.66,1555,1571.52,2478890.2540000002
1674950400000,1571.52,1663.68,1565.98,1645.67,5099573.5350000001
1675036800000,1645.67,1648.49,1529.04,1565.92,5031935.9970000004
1675123200000,1565.93,1605.67,1561.04,1585.02,3444437.7089999998
1675209600000,1585.02,1648.76,1554.57,1641.8,5095996.2790000001
1675296000000,1641.81,1717,1625,1643.81,6256821.466
1675382400000,1643.82,1677,1622,1663.68,4613666.2060000002
1675468800000,1663.69,1696.99,1645,1666.44,2708043.8169999998
1675555200000,1666.44,1674.59,1608,1628.98,3600230.2310000001
1675641600000,1628.98,1659,1602,1613.9,3905639.202
1675728000000,1613.89,1679.03,1612.49,1670.51,4525016.7089999998
1675814400000,1670.5,1699,1631,1650.26,4145086.4279999998
1675900800000,1650.26,1656.2,1522,1544.68,6604140.8470000001
1675987200000,1544.67,1554,1486.28,1512.26,4905464.6799999997
1676073600000,1512.25,1542.82,1502.83,1537.65,2103873.253
1676160000000,1537.64,1547.7,1491,1514.49,2649623.4109999998
1676246400000,1514.48,1526.1,1460,1504.85,5918159.2680000002
1676332800000,1504.86,1568.98,1470,1554.94,6535322.1619999995
1676419200000,1554.94,1684.1,1541.77,1675,5965469.2910000002
1676505600000,1674.99,1744.5,1634.02,1639,7811713.1830000002
1676592000000,1638.99,1722.62,1631.31,1694.12,5957429.0290000001
1676678400000,1694.1,1715,1679.13,1691.66,2188299.3139999998
1676764800000,1691.65,1729.58,1666,1680.31,3595633.4649999999
1676851200000,1680.46,1720.39,1650,1703.7,4212950.9419999998
1676937600000,1703.71,1716.99,1635,1659.2,4978504.5990000004
1677024000000,1659.2,1667.62,1591.17,1642.01,5674489.6150000002
1677110400000,1642.01,1678.56,1627.64,1649.69,5209103.3660000004
1677196800000,1649.68,1664.44,1572,1607.12,5126530.8109999998
1677283200000,1607.11,1608.34,1556.08,1593.59,2522137.1299999999
1677369600000,1593.6,1652.91,1586.35,1640.49,2823827.9219999998
1677456000000,1640.51,1664.97,1606.71,1632.6,4195083.6770000001
1677542400000,1632.61,1646.99,1595,1604.72,3664338.3190000001
1677628800000,1604.73,1670,1593.03,1664.46,4455452.375
1677715200000,1664.47,1677.74,1617.83,1647.29,3990138.3659999999
1677801600000,1647.29,1648.78,1534.85,1568.86,5211938.5939999996
1677888000000,1568.85,1577,1548,1566.05,1814800.844
1677974400000,1566.05,1588.08,1552.07,1564.06,2504148.446
1678060800000,1564.06,1583.19,1553.29,1565.17,2751818.4449999998
1678147200000,1565.17,1584,1524,1561.29,4147930.855
1678233600000,1561.3,1570,1520,1531.82,3963442.5959999999
1678320000000,1531.81,1545.78,1402.8,1436.42,6580693.1100000003
1678406400000,1436.42,1438.17,1367.51,1425.79,9938476.9330000002
1678492800000,1425.8,1478,1407.48,1471.03,7155608.693
1678579200000,1471.03,1597.29,1446.65,1579.26,6809861.0120000001
1678665600000,1579.26,1700,1564.18,1673.9,9437876.2149999999
1678752000000,1673.91,1779.05,1655,1699.93,9038833.8609999996
1678838400000,1699.93,1718.34,1611.63,1649.81,7616093.7010000004
1678924800000,1649.82,1693,1632,1672.56,4599500.477
1679011200000,1672.57,1801.22,1661.57,1789.21,6694758.7589999996
1679097600000,1789.21,1846.15,1745,1758.52,5475097.5029999996
1679184000000,1758.52,1841.96,1757.8,1779.99,4626069.9709999999
1679270400000,1779.98,1803.37,1722.1,1731.71,5373050.4450000003
1679356800000,1731.71,1836,1716,1800.14,5619744.4119999995
1679443200000,1800.13,1819.4,1709,1733.61,6034436.3159999996
1679529600000,1733.61,1860,1728.5,1813.27,5198586.1730000004
1679616000000,1813.26,1818.17,1720,1748.77,4912493.7520000003
1679702400000,1748.77,1763.7,1712.02,1741.02,2338463.5520000001
1679788800000,1741.02,1800,1738.29,1772.63,2889759.7439999999
1679875200000,1772.63,1779.79,1684,1714.35,4306582.4680000003
1679961600000,1714.34,1797.19,1700.55,1772.09,4167114.1230000001
1680048000000,1772.11,1828.58,1771.66,1791.89,3725356.7560000001
1680134400000,1791.89,1829.88,1760.84,1792.77,4163974.7179999999
1680220800000,1792.76,1848,1777,1820.81,3958210.5830000001
1680307200000,1820.81,1842.8,1805.5,1819.82,1675351.8200000001
1680393600000,1819.83,1824.6,1770,1793.56,2192606.0260000001
1680480000000,1793.55,1840,1761.25,1809.68,4518659.8200000003
1680566400000,1809.68,1895,1800.69,1869.11,4275707.7300000004
1680652800000,1869.11,1945,1863.69,1907.48,4197070.0719999997
1680739200000,1907.49,1908.84,1851.6,1871.33,3037614.773
1680825600000,1871.34,1881.94,1840,1862.87,2094298.392
1680912000000,1862.88,1878.81,1846,1848.02,1433874.915
1680998400000,1848.01,1873.7,1820.31,1857.84,2391096.7489999998
1681084800000,1857.84,1919.12,1845.04,1908.9,3082285.1200000001
1681171200000,1908.91,1938,1880.67,1888.89,3135834.5660000001
1681257600000,1888.89,1933,1850.38,1916.86,5177985.7510000002
1681344000000,1916.86,2025,1898.01,2011.8,5944851.5190000003
1681430400000,2011.8,2137.64,2009,2099.77,6908499.4000000004
1681516800000,2099.77,2113.28,2071,2091.2,2619968.9210000001
1681603200000,2091.2,2146.1,2072.4,2118.09,2905235.9780000001
1681689600000,2118.09,2120.64,2055.5,2074.49,3410289.3590000002
1681776000000,2074.49,2126.63,2047.64,2103.29,3542599.96
1681862400000,2103.29,2104.61,1921,1932.83,5712106.3650000002
1681948800000,1932.83,1983.22,1905.75,1942.11,4486102.176
1682035200000,1942.1,1956.82,1822.01,1848,5520829.3890000004
1682121600000,1848.01,1886.5,1839.26,1873.39,2233900.9309999999
1682208000000,1873.4,1882.11,1833.3,1861.3,2624859.0490000001
1682294400000,1861.3,1891.3,1806,1841.19,4637382.676
1682380800000,1841.19,1877.6,1797.98,1865.4,4166439.2859999998
1682467200000,1865.4,1964.7,1782.03,1865.02,7328089.2709999997
1682553600000,1865.03,1939.4,1858.55,1907.67,5486808.6189999999
1682640000000,1907.68,1923.63,1873,1890.13,3142216.7549999999
1682726400000,1890.13,1917.27,1881.1,1907.01,1593882.469
1682812800000,1907.01,1940,1863.9,1868.41,2977980.1669999999
1682899200000,1868.41,1885.56,1805.28,1829.97,3740379.5610000002
1682985600000,1829.97,1882.6,1821.25,1869.2,3065412.1179999998
1683072000000,1869.21,1917.29,1841.71,1904.74,4144638.5490000001
1683158400000,1904.74,1918.61,1865.72,1876.13,2639262.7519999999
1683244800000,1876.14,2004.99,1874.8,1992.56,5053850.5
1683331200000,1992.55,2023.66,1850,1895.29,4880833.9230000004
1683417600000,1895.3,1933,1865.32,1869.5,3198475.6669999999
1683504000000,1869.51,1883.17,1810,1846.54,4905366.6529999999
1683590400000,1846.54,1863,1830.05,1845.8,2509784.6069999998
1683676800000,1845.8,1887,1785.74,1839.86,4903103.4270000001
1683763200000,1839.86,1841.54,1768.42,1793.24,4005939.727
1683849600000,1793.25,1820,1735.37,1806.53,4274267.7120000003
1683936000000,1806.53,1816.24,1784,1794.44,1794108.348
1684022400000,1794.44,1825.27,1789.41,1798.25,2065119.6259999999
1684108800000,1798.26,1848,1783.51,1815.56,3062945.0980000002
1684195200000,1815.56,1832.93,1795,1823.53,2559941.6639999999
1684281600000,1823.52,1837.85,1781,1821.65,3158227.2069999999
1684368000000,1821.65,1831.46,1770,1799.69,3046459.3029999998
1684454400000,1799.69,1830,1795.72,1811.38,2142895
1684540800000,1811.38,1828.88,1805.96,1818.59,1031296.976
1684627200000,1818.59,1828.91,1794.45,1803.89,1397629.152
1684713600000,1803.9,1827.99,1790.76,1816.67,2270653.5430000001
1684800000000,1816.68,1874.23,1814.25,1853.36,2935200.6809999999
1684886400000,1853.37,1853.5,1775,1798.84,3607753.7969999998
1684972800000,1798.84,1819.93,1758,1804.65,2893039.6699999999
1685059200000,1804.65,1837.93,1795.99,1826.81,2175357.9210000001
1685145600000,1826.81,1835.7,1810.63,1828.85,1194937.504
1685232000000,1828.85,1930,1822.31,1908.36,2905772.6880000001
1685318400000,1908.36,1928.2,1872,1891.5,2477917.179
1685404800000,1891.51,1917,1880.02,1899.81,2207189.7599999998
1685491200000,1899.81,1906.57,1845,1872.84,2656970.7710000002
1685577600000,1872.85,1889.61,1837.94,1860.59,2605797.159
1685664000000,1860.59,1911,1846,1905.58,2646266.3900000001
1685750400000,1905.59,1907.09,1878.5,1890.91,1280350.7509999999
1685836800000,1890.9,1914.53,1883.19,1888.54,1547682.8230000001
1685923200000,1888.54,1890.01,1775,1810.03,4257292.0310000004
1686009600000,1810.03,1898,1796,1883.26,4333156.2680000002
1686096000000,1883.26,1897.2,1820,1831.31,3703943.6209999998
1686182400000,1831.32,1861.41,1827.42,1844.94,1833404.0390000001
1686268800000,1844.93,1854.77,1825,1839.61,1930535.7509999999
1686355200000,1839.61,1844.8,1712.08,1750.64,5551171.3320000004
1686441600000,1750.65,1778.36,1737.29,1751.8,2030813.5819999999
1686528000000,1751.8,1759.32,1717.5,1741.61,2615423.7910000002
1686614400000,1741.6,1766.53,1722.53,1739.24,2978916.8670000001
1686700800000,1739.24,1749.65,1625.5,1650.18,3962845.7620000001
1686787200000,1650.19,1680,1625.56,1665.64,3284979.3840000001
1686873600000,1665.64,1730,1644.65,1717.31,3099475.105
1686960000000,1717.31,1775,1713.38,1727.2,2161730.858
1687046400000,1727.19,1747.5,1710.77,1719.99,1638597.358
1687132800000,1719.99,1753,1689.29,1736.21,2591602.4070000001
1687219200000,1736.2,1796.84,1713.57,1791.37,3466422.9730000002
1687305600000,1791.37,1901.6,1786.56,1888.31,5330798.8310000002
1687392000000,1888.3,1933.7,1862,1871.36,3137860.4180000001
1687478400000,1871.37,1938.48,1859.96,1892.2,3405962.4330000002
1687564800000,1892.2,1905.6,1863,1874.48,1763224.8940000001
1687651200000,1874.47,1929.96,1867.84,1898.27,2781158.1359999999
1687737600000,1898.26,1909.32,1836,1858.14,3400509.1349999998
1687824000000,1858.14,1912.65,1854.14,1889.05,2829280.1239999998
1687910400000,1889.05,1889.65,1811.89,1827.26,3088158.0699999998
1687996800000,1827.26,1879.98,1827.02,1851.19,2244626.4909999999
1688083200000,1851.18,1947.31,1820,1933.41,5961506.2779999999
1688169600000,1933.42,1944.69,1908.55,1924.08,1584006.709
1688256000000,1924.08,1964,1883.55,1937.69,2602287.7650000001
1688342400000,1937.69,1978,1933.04,1955,2783862.1460000002
1688428800000,1955,1967.91,1930.37,1935.72,1913551.422
1688515200000,1935.72,1942.22,1892.9,1909.88,2290593.3190000001
1688601600000,1909.88,1957.94,1844.47,1844.82,4219617.3660000004
1688688000000,1844.81,1877.51,1823.74,1870,2150375.8810000001
1688774400000,1870,1873.1,1841.28,1864.45,1144653.7479999999
1688860800000,1864.45,1878.98,1855.2,1861.81,1315813.5290000001
1688947200000,1861.81,1904.96,1845.09,1879.34,2457486.7609999999
1689033600000,1879.35,1892.32,1861.1,1877.66,1690867.909
1689120000000,1877.66,1901.86,1863.15,1870.81,2514859.2740000002
1689206400000,1870.82,2014.8,1861.59,2004.78,5072952.7829999998
1689292800000,2004.77,2031.28,1896.8,1936.74,4202754.5800000001
1689379200000,1936.74,1945.89,1925.54,1930.4,1111948.993
1689465600000,1930.4,1942.78,1912.09,1920.97,1270216.2390000001
1689552000000,1920.97,1935.45,1872,1910.37,2551243.537
1689638400000,1910.37,1916.62,1875,1896.46,1989216.0449999999
1689724800000,1896.47,1925,1881,1887.55,2046151.3529999999
1689811200000,1887.55,1928.81,1875.6,1890.56,2682007.6400000001
1689897600000,1890.56,1905.97,1883.42,1890.84,1423334.683
1689984000000,1890.84,1896.85,1835.39,1865.6,1146954.9939999999
1690070400000,1865.6,1904.57,1856.68,1887.86,1545904.4439999999
1690156800000,1887.85,1890.2,1829,1849.04,2113287.4160000002
1690243200000,1849.04,1868.54,1844.5,1856.91,1320722.986
1690329600000,1856.91,1887.79,1846.9,1870.98,1946701.7560000001
1690416000000,1870.97,1885.57,1854,1860.28,1593279.389
1690502400000,1860.29,1883.76,1855.57,1873.39,1378048.23
1690588800000,1873.38,1886.19,1868.56,1879.85,749505.0429999999
1690675200000,1879.86,1885,1845.56,1860.76,1386061.233
1690761600000,1860.77,1876.73,1850.08,1855.39,1421399.8559999999
1690848000000,1855.4,1875.87,1808.47,1873.05,2857111.7570000002
1690934400000,1873.06,1879.27,1820,1839.07,2433052.5989999999
1691020800000,1839.07,1858.9,1825,1834.69,1708783.419
1691107200000,1834.69,1851,1808.77,1829.4,1914149.7050000001
1691193600000,1829.4,1838.62,1826.7,1835.5,649573.659
1691280000000,1835.5,1838.6,1825,1829.38,804165.426
1691366400000,1829.39,1846.86,1800,1828.18,2235036.6680000001
1691452800000,1828.18,1878,1825.35,1855.36,2299167.676
1691539200000,1855.36,1871.28,1845.18,1854.7,1405393.1159999999
1691625600000,1854.69,1865.38,1844.81,1851.42,1190359.595
1691712000000,1851.43,1857.99,1834.52,1848.04,1079579.8700000001
1691798400000,1848.04,1853.02,1845.35,1849.14,450661.209
1691884800000,1849.14,1861.93,1833.4,1840.09,841324.653
1691971200000,1840.09,1855.86,1834.28,1844.81,1283582.4450000001
1692057600000,1844.8,1846.75,1810.92,1828.28,1212865.7450000001
1692144000000,1828.27,1830.87,1791.11,1807.19,1557481.2749999999
1692230400000,1807.19,1809.66,1492.66,1681,5897283.8219999997
1692316800000,1681,1698.98,1638.48,1660.76,2961785.5320000001
1692403200000,1660.76,1696.14,1653.36,1668.69,1374954.3119999999
1692489600000,1668.7,1694.36,1660.22,1684.16,1165848.5800000001
1692576000000,1684.15,1687.78,1647.22,1666.79,1716607.6810000001
1692662400000,1666.8,1668.57,1575,1634.5,2628650.1600000001
1692748800000,1634.49,1703.85,1628.5,1678.8,2809971.1770000001
1692835200000,1678.79,1682.88,1631.66,1660.22,1739875.2390000001
1692921600000,1660.23,1676.73,1634.43,1653.24,1842552.274
1693008000000,1653.25,1654.77,1643.01,1646.28,499811.129
1693094400000,1646.29,1659.57,1645.38,1657.59,657340.273
1693180800000,1657.59,1663.88,1618,1652.51,1672402.9739999999
1693267200000,1652.5,1747.15,1639.01,1728.51,3479356.341
1693353600000,1728.52,1730.37,1688,1704.39,1539234.041
1693440000000,1704.39,1730,1628.3,1645.27,2488894.5389999999
1693526400000,1645.26,1653.89,1601.22,1628.19,2089554.942
1693612800000,1628.2,1644.99,1627.05,1636.24,754625.922
1693699200000,1636.24,1648.24,1623.93,1635.02,838943.974
1693785600000,1635.03,1644.5,1614.76,1630.09,1087824.165
1693872000000,1630.08,1648,1608.45,1633.63,1444381.953
1693958400000,1633.63,1680,1606.74,1632.33,1835281.753
1694044800000,1632.33,1659.7,1622.61,1647.27,1570880.608
1694131200000,1647.25,1658.77,1615,1635.78,1482115.7849999999
1694217600000,1635.77,1636.92,1629,1634.8,411166.927
1694304000000,1634.81,1635.05,1590,1616.47,1532646.8389999999
1694390400000,1616.46,1618.35,1528.61,1551.03,3273332.648
1694476800000,1551.02,1626.78,1548.7,1592.29,2987142.3569999998
1694563200000,1592.29,1620,1580.46,1606.68,1869877.5160000001
1694649600000,1606.69,1644.45,1606.02,1625.65,2118267.2710000002
1694736000000,1625.65,1653.91,1610,1640.67,1426966.202
1694822400000,1640.66,1652.97,1630.37,1633.68,778800.039
1694908800000,1633.68,1634.43,1610.81,1621.62,946075.6040000001
1694995200000,1621.63,1668.64,1598.58,1635.63,2369929.7119999998
1695081600000,1635.63,1660.69,1625.02,1642.49,1776617.676
1695168000000,1642.48,1648.68,1602,1621.6,1872818.8
1695254400000,1621.6,1624.81,1565.5,1583,2049732.6270000001
1695340800000,1583,1602.28,1575.46,1592.28,1121431.0419999999
1695427200000,1592.28,1597.6,1586.53,1592.97,512678.235
1695513600000,1592.97,1600.95,1568.28,1579.99,884404.7120000001
1695600000000,1579.99,1597.13,1562,1587.69,1624097.7790000001
1695686400000,1587.68,1599.4,1578.61,1593.3,1186689.0919999999
1695772800000,1593.3,1633.98,1582.64,1597.89,2305835.9100000001
1695859200000,1597.89,1668,1597.17,1652.13,2832920.0959999999
1695945600000,1652.13,1687.65,1647.5,1666.61,1996104.5049999999
1696032000000,1666.61,1694.11,1665.27,1670.18,1063587.3130000001
1696118400000,1670.17,1780,1666.69,1733.39,1762739.4280000001
1696204800000,1733.4,1743.99,1619.99,1661.49,3140059.122
1696291200000,1661.49,1669.94,1642.03,1656.18,1574186.817
1696377600000,1656.19,1657.05,1615,1645.75,1760659.358
1696464000000,1645.76,1655.13,1601.28,1611.23,1929063.8729999999
1696550400000,1611.24,1664.6,1610.59,1644.33,2078440.9450000001
1696636800000,1644.32,1647.16,1629.03,1633.18,729971.504
1696723200000,1633.17,1640.9,1615.19,1632.02,1153340.7120000001
1696809600000,1632.03,1635.81,1544.3,1579.4,2950124.0490000001
1696896000000,1579.39,1594.4,1545.6,1566.89,2076875.007
1696982400000,1566.89,1577.89,1541.78,1566.07,2381820.983
1697068800000,1566.08,1568.06,1514.5,1538.81,2299190.1230000001
1697155200000,1538.82,1575.53,1536.65,1551.55,1795481.4280000001
1697241600000,1551.55,1561.7,1543.83,1554.15,791727.302
1697328000000,1554.15,1567,1546.14,1557.25,1000513.27
1697414400000,1557.25,1642,1554.1,1598.61,3513907.3289999999
1697500800000,1598.61,1599.83,1541,1563.99,1821162.4809999999
1697587200000,1564,1584.9,1554.7,1562.65,1722717.852
1697673600000,1562.66,1574.34,1539,1565.89,1914194.811
1697760000000,1565.9,1630.01,1560.37,1603.14,2591313.6349999998
1697846400000,1603.15,1643.84,1591.25,1628.29,1630618.8089999999
1697932800000,1628.29,1667.5,1620,1662.83,1922557.976
1698019200000,1662.82,1803,1656.25,1766.35,5040484.6459999997
1698105600000,1766.35,1854.87,1755.28,1784.31,5148312.4950000001
1698192000000,1784.3,1818.55,1759.16,1786.71,2706185.9550000001
1698278400000,1786.7,1872.64,1757.25,1803.3,4046404.4300000002
1698364800000,1803.31,1803.92,1735.5,1780.02,2440107.9810000001
1698451200000,1780.03,1806.23,1767.37,1776.76,1074543.7239999999
1698537600000,1776.76,1813.1,1762.49,1795.49,1315116.4480000001
1698624000000,1795.48,1832.65,1776.94,1809.81,2334817.5040000002
1698710400000,1809.82,1820.91,1781,1815.67,2155865.1159999999
1698796800000,1815.66,1861.63,1782.73,1848.2,3596670.145
1698883200000,1848.2,1876.26,1784,1800.68,2902767.0660000001
1698969600000,1800.68,1834.32,1775.36,1832.49,2284646.929
1699056000000,1832.49,1870.68,1823.32,1856.08,1368734.648
1699142400000,1856.08,1914.96,1846.21,1892.49,3049000.645
1699228800000,1892.49,1916.8,1869.13,1901.71,2360118.5729999999
1699315200000,1901.72,1908.47,1850.1,1885.79,2747654.4739999999
1699401600000,1885.79,1906.2,1873.13,1888.42,1671720.477
1699488000000,1888.42,2134.3,1881.79,2122.92,8102128.4850000003
1699574400000,2122.92,2139.6,2066,2079.1,3645227.9079999998
1699660800000,2079.1,2091.97,2021,2054.52,2484048.9500000002
1699747200000,2054.53,2068.96,2011.5,2046.08,1719295.996
1699833600000,2046.07,2120,2030,2055.18,4007607.6570000001
1699920000000,2055.18,2066.39,1920,1980.11,3803937.0120000001
1700006400000,1980.11,2064.08,1967.85,2059.29,3044717.3640000001
1700092800000,2059.3,2093,1938.4,1962.13,4348334.6289999997
1700179200000,1962.14,1992.26,1903.81,1961.21,3228385.5180000002
1700265600000,1961.21,1972.06,1916,1963.19,1643154.159
1700352000000,1963.19,2016.45,1943.44,2012.46,1726269.5719999999
1700438400000,2012.45,2068.8,1981.96,2022.41,3280845.7949999999
1700524800000,2022.41,2036.06,1929.85,1933.44,4105107.0320000001
1700611200000,1933.44,2093.78,1928.74,2063.91,3525684.0920000002
1700697600000,2063.92,2089.75,2033.5,2062.68,2101282.327
1700784000000,2062.67,2135,2057.77,2081.16,3231969.8160000001
1700870400000,2081.16,2090.79,2065.59,2082.87,1027458.693
1700956800000,2082.87,2094.96,2035,2061.97,2265552.0499999998
1701043200000,2061.97,2071,1985,2027.57,2895401.4739999999
1701129600000,2027.57,2075.87,1994.85,2048.2,2601579.4470000002
1701216000000,2048.21,2077,2018.56,2028.41,2090299.2549999999
1701302400000,2028.41,2054.97,2020.4,2051.76,1702901.412
1701388800000,2051.77,2111.5,2044.35,2086.99,2908736.5520000001
1701475200000,2086.99,2199.99,2085.63,2165.28,2703872.7170000002
1701561600000,2165.26,2219.17,2148.17,2193.24,2138376.0290000001
1701648000000,2193.25,2276.84,2191.52,2243.66,3783378.8769999999
1701734400000,2243.67,2311.51,2186,2293.97,4121719.5600000001
1701820800000,2293.97,2314.98,2218.49,2233.29,2935176.9410000001
1701907200000,2233.32,2387.2,2222.08,2357.04,3592068.1460000002
1701993600000,2357.05,2397.44,2333.36,2360.82,2691981.2230000002
1702080000000,2360.82,2407.63,2328,2342.4,2422255.3700000001
1702166400000,2342.41,2379.98,2323,2353.97,1509788.7039999999
1702252800000,2353.99,2356.73,2114.63,2225.56,4715186.3799999999
1702339200000,2225.55,2245.37,2164.82,2204.7,2861907.892
1702425600000,2204.71,2285.91,2145.33,2261.44,3400818.7319999998
1702512000000,2261.45,2333.29,2212.04,2316.54,3279042.2919999999
1702598400000,2316.53,2319.32,2195.28,2221.71,2619585.0329999998
1702684800000,2221.71,2264.95,2211.16,2229.64,1615397.4539999999
1702771200000,2229.63,2251.24,2190,2197.93,1888776.25
1702857600000,2197.93,2226.52,2116.56,2220.48,3103789.9780000001
1702944000000,2220.49,2256.64,2135.03,2179.02,2922787.5249999999
1703030400000,2179.01,2269.56,2156,2203.95,3264604.3139999998
1703116800000,2203.95,2282.41,2184.9,2241.35,3165860.9810000001
1703203200000,2241.47,2345.95,2232.56,2326.53,4099057.645
1703289600000,2326.54,2332.75,2265,2309.86,1865910.4680000001
1703376000000,2309.86,2328.79,2241.2,2265.43,2062149.9820000001
1703462400000,2265.42,2308,2254.38,2273.07,1894335.7890000001
1703548800000,2273.08,2277.51,2178.84,2232.44,2717406.5619999999
1703635200000,2232.45,2395,2213.68,2380.31,3570723.0460000001
1703721600000,2380.32,2455.52,2336.02,2345.96,4260463.0580000002
1703808000000,2345.98,2388.74,2254.72,2300.6,3866751.9789999998
1703894400000,2300.61,2325,2269.15,2293.26,1809956.531
1703980800000,2293.26,2324.78,2258,2283.85,1671717.997
1704067200000,2283.84,2354.95,2266.67,2354.62,1658563.4180000001
1704153600000,2354.63,2434.49,2335,2356.93,3376173.73
1704240000000,2356.92,2387.48,2067.16,2210.39,4996919.6780000003
1704326400000,2210.39,2295.55,2202.1,2267.85,2512800.2560000001
1704412800000,2267.85,2278.16,2206,2268.93,2640741.9670000002
1704499200000,2268.92,2270.34,2215.56,2240.36,1201310.7439999999
1704585600000,2240.36,2257.98,2201.06,2220.87,1609796.6969999999
1704672000000,2220.87,2359.63,2165.43,2331.11,3478939.5159999998
1704758400000,2331.12,2377.36,2222.44,2344.44,4370510.9330000002
1704844800000,2344.33,2645.65,2336.28,2585.82,7740895.5959999999
1704931200000,2585.81,2691.9,2565.69,2618.59,5161427.0190000003
1705017600000,2618.6,2719.89,2458.38,2523.3,6484996.966
1705104000000,2523.3,2591.29,2497.79,2578.5,2509197.5869999998
1705190400000,2578.51,2579.13,2470,2474.36,2126298.8879999998
1705276800000,2474.3,2555,2472.04,2512.21,1818558.8389999999
1705363200000,2512.2,2613.8,2500,2587.4,2456630.0690000001
1705449600000,2587.4,2593.01,2505.76,2530.62,2299529.287
1705536000000,2530.61,2549.99,2428.22,2471.29,2928749.6499999999
1705622400000,2471.29,2505.16,2415.55,2492.46,2594474.7749999999
1705708800000,2492.46,2492.46,2453.79,2472.27,938896.162
1705795200000,2472.26,2482.7,2451,2457.02,708291.3689999999
1705881600000,2457.02,2466.46,2302.21,2314.33,3645112.9610000001
1705968000000,2314.33,2351.76,2167.5,2241.67,4379161.1940000001
1706054400000,2241.67,2264.44,2195,2234.62,2256073
1706140800000,2234.62,2242.55,2169.04,2218.02,2082826.7039999999
1706227200000,2218.01,2281.96,2195.15,2266.72,2261609.9470000002
1706313600000,2266.73,2283.35,2250.33,2266.99,944833.561
1706400000000,2267,2308,2236.56,2256,1596669.122
1706486400000,2256,2322.53,2232,2316.52,1959261.3899999999
1706572800000,2316.53,2392.84,2295.1,2341.95,2383935.8709999998
1706659200000,2341.96,2351.23,2261.88,2282,2607909.3679999998
1706745600000,2281.99,2311.51,2237,2303.33,1894237.423
1706832000000,2303.32,2324.9,2280.05,2307.99,1514215.851
1706918400000,2308,2330.45,2291,2295.42,938282.273
1707004800000,2295.41,2311,2261.51,2288.66,1193801.655
1707091200000,2288.66,2338,2267.62,2300.83,1689233.3640000001
1707177600000,2300.83,2392,2297.74,2371.74,2197507.8500000001
1707264000000,2371.74,2445,2352.06,2424.22,2154502.9530000002
1707350400000,2424.21,2463.28,2410.16,2418.76,1910078.8319999999
1707436800000,2418.77,2528.66,2418.26,2485.24,2908524.98
1707523200000,2485.24,2516.12,2470.04,2499.2,1320062.1880000001
1707609600000,2499.2,2539.2,2492.16,2506.1,1521963.675
1707696000000,2506.11,2667.74,2470.05,2660.91,3172400.2370000002
1707782400000,2660.91,2688.8,2585.7,2640.83,3319971.574
1707868800000,2640.88,2788.88,2619.12,2776.14,2845619.6430000002
1707955200000,2776.14,2870.98,2758.57,2824.54,3444416.8509999998
1708041600000,2824.53,2859.83,2732.7,2803.69,2736822.77
1708128000000,2803.7,2806.09,2718.35,2787.43,1776912.75
1708214400000,2787.44,2899,2764.8,2883.58,2111668.5189999999
1708300800000,2883.56,2988.22,2856.4,2946.55,2893244.9380000001
1708387200000,2946.55,3036.83,2873.6,3017.21,4598117.415
1708473600000,3017.22,3020,2867.87,2969.65,4069738.764
1708560000000,2969.65,3044,2907.16,2972.8,4052804.2549999999
1708646400000,2972.8,2996,2906.62,2923.35,2501284.4819999998
1708732800000,2923.36,3009.29,2907.16,2994.39,1450354.2180000001
1708819200000,2994.39,3131,2985.23,3115.24,2955696.5669999998
1708905600000,3115.24,3200,3037.25,3178.6,3828384.5159999998
1708992000000,3178.6,3295.57,3168.29,3244.98,3406593.0099999998
1709078400000,3244.99,3502.07,3152.94,3387.07,6595638.0839999998
1709164800000,3387.07,3531,3300.39,3343.15,4741266.9069999997
1709251200000,3343.16,3456,3342.18,3435.82,2297074.9989999998
1709337600000,3435.83,3475,3390,3424.43,1386240.615
1709424000000,3424.43,3496.78,3355.88,3491.77,1889236.5360000001
1709510400000,3491.78,3644.77,3420.22,3629.72,3908128.352
1709596800000,3629.72,3827.93,3205,3555.43,8430806.9419999998
1709683200000,3555.43,3906.42,3501,3822.36,4970650.2539999997
1709769600000,3822.35,3939,3736.44,3871.69,2852543.2009999999
1709856000000,3871.69,4003.33,3826.08,3886.04,3605867.534
1709942400000,3886.04,3945.88,3871.46,3908.15,1056996.9820000001
1710028800000,3908.16,3970.84,3791.19,3881.22,1817977.804
1710115200000,3881.32,4095.16,3719,4070.52,3797267.73
1710201600000,4070.52,4098.64,3831.95,3984.18,3641750.7540000002
1710288000000,3984.18,4091.65,3935,4008.76,2445801.4989999998
1710374400000,4008.76,4015.45,3725.03,3884.99,3822719.0060000001
1710460800000,3884.99,3938.16,3566,3745,5393474.7199999997
1710547200000,3745.01,3784.87,3468.84,3525.58,2737209.3530000001
1710633600000,3525.57,3682.95,3414.72,3646.99,2757553.8840000001
1710720000000,3646.99,3648.78,3454.72,3523.43,2802619.048
1710806400000,3523.44,3551.99,3153,3161,5894325.4529999997
1710892800000,3160.99,3539.16,3055,3517.8,7145176.2649999997
1710979200000,3517.8,3590.53,3414.06,3495.16,3449349.4569999999
1711065600000,3495.16,3545.36,3250.1,3339,3850579.1800000002
1711152000000,3338.99,3438,3271.38,3330.96,2065343.895
1711238400000,3330.96,3474.16,3301.46,3457.16,1864567.7120000001
1711324800000,3457.16,3665.1,3422.18,3592.94,2530891.1120000002
1711411200000,3592.94,3684.45,3545.63,3589.64,2433410.1060000001
1711497600000,3589.65,3671.94,3461.18,3504.99,2912358.9509999999
1711584000000,3504.99,3615.83,3466.97,3563.99,1973235.696
1711670400000,3564,3588.93,3475,3512.46,1730640.148
1711756800000,3512.47,3569.97,3486.51,3508.66,1258779.4580000001
1711843200000,3508.66,3661.08,3507.39,3648.79,1535402.0700000001
1711929600000,3648.8,3649.67,3413,3506.52,2754500.5090000001
1712016000000,3506.52,3508.44,3212,3280.76,3971713.0639999998
1712102400000,3280.67,3370,3203.12,3313.29,2660184.6719999998
1712188800000,3313.28,3446.48,3252.59,3329.65,2446555.0320000001
1712275200000,3329.65,3352.07,3208,3319.66,2617392.108
1712361600000,3319.66,3402.72,3308,3353.15,1131719.523
1712448000000,3353.16,3462.19,3345.51,3455.99,1444094.5379999999
1712534400000,3456,3735.31,3407.33,3697.6,2845934.6290000002
1712620800000,3697.59,3730,3452.3,3508.45,3448082.8369999998
1712707200000,3508.46,3567.18,3413.2,3547.64,2832357.3769999999
1712793600000,3547.64,3621.74,3475.03,3504.43,2234984.2409999999
1712880000000,3504.42,3555,3062.04,3238.3,3896865.8309999998
1712966400000,3238.31,3305.42,2791.61,3005.46,5308516.8169999998
1713052800000,3005.47,3173.32,2903,3153.16,3950204.7570000002
1713139200000,3153.16,3277.74,3022.08,3100.75,3855036.9309999999
1713225600000,3100.76,3127.41,2976.43,3082.85,3451959.497
1713312000000,3082.84,3123.12,2912.45,2983.25,3311729.7069999999
1713398400000,2983.26,3093.59,2949.54,3062.85,2675545.6200000001
1713484800000,3062.85,3128.52,2861.76,3054.91,4007802.7859999998
1713571200000,3054.91,3173.83,3016.4,3154.31,1625068.703
1713657600000,3154.3,3196.41,3114.15,3145.73,1575165.8389999999
1713744000000,3145.74,3235,3127.14,3198.66,2047440.862
1713830400000,3198.66,3266.91,3150.31,3218.04,1663106.378
1713916800000,3218.03,3293.38,3102.5,3138.84,2482827.2790000001
1714003200000,3138.84,3189.97,3070.16,3154.44,2448075.9180000001
1714089600000,3154.44,3167.2,3100.38,3129.98,1764316.1159999999
1714176000000,3129.98,3283.54,3062.8,3253.97,2199813.4870000002
1714262400000,3253.97,3365.69,3248.8,3262.28,1999881.264
1714348800000,3262.29,3286.29,3113.02,3215.27,2960135.3489999999
1714435200000,3215.28,3250,2918.33,3012.58,4278488.4359999998
1714521600000,3012.57,3021.94,2814.44,2970.61,4277387.307
1714608000000,2970.61,3016.38,2890,2984.8,2293012.7769999998
1714694400000,2984.8,3126.44,2956.86,3100.83,2355561.8319999999
1714780800000,3100.83,3167.45,3090.75,3115.46,1371653.97
1714867200000,3115.46,3171.15,3071.1,3135.24,1570278.517
1714953600000,3135.24,3221.95,3043.92,3061.5,2638707.0240000002
1715040000000,3061.5,3128.59,2996.53,3004.55,2201536.7059999998
1715126400000,3004.55,3037.52,2930.64,2972.93,2195609.5989999999
1715212800000,2972.94,3058.23,2949,3034.75,1709515.9739999999
1715299200000,3034.75,3053.52,2877,2908.85,2264167.4350000001
1715385600000,2908.85,2946.6,2884.6,2911.27,1115231.905
1715472000000,2911.27,2954.94,2898.97,2927.73,1003441.3810000001
1715558400000,2927.73,2996.44,2863.8,2949.71,2489504.7280000001
1715644800000,2949.72,2959.79,2858.14,2880.87,2087007.3430000001
1715731200000,2880.87,3039.52,2861.71,3030.66,2538941.3739999998
1715817600000,3030.67,3039.95,2920.93,2943.22,2031554.936
1715904000000,2943.22,3119,2931.36,3090.48,2573872.2379999999
1715990400000,3090.47,3146.36,3081.59,3121.59,1335509.5870000001
1716076800000,3121.6,3135.58,3051.3,3069.98,1348685.716
1716163200000,3069.98,3698.86,3045.06,3664.39,5394372.9670000002
1716249600000,3664.39,3849.26,3628,3792.32,5629142.2999999998
1716336000000,3792.33,3816.84,3655,3740.25,3626843.3709999998
1716422400000,3740.25,3952.89,3524.55,3784.8,7635174.3109999998
1716508800000,3784.79,3832,3627,3729.61,3215814.2289999998
1716595200000,3729.61,3782.82,3710.14,3751.15,1147234.2620000001
1716681600000,3751.16,3887.26,3732.06,3827.53,1903387.53
1716768000000,3827.54,3980,3824.7,3896.09,2765129.2829999998
1716854400000,3896.09,3934.42,3775.42,3847,2743469.0049999999
1716940800000,3847.01,3891.79,3746.41,3770,2322064.2170000002
1717027200000,3770.01,3828.74,3704.7,3750.39,2337573.4070000001
1717113600000,3750.38,3859.53,3725.16,3764.35,2245502.2510000002
1717200000000,3764.35,3837.2,3754.36,3817.49,990970.998
1717286400000,3817.49,3841.7,3753.8,3783.98,1399997.6040000001
1717372800000,3783.98,3854,3760,3769.15,1916780.125
1717459200000,3769.14,3835.11,3720,3813.12,1757510.3219999999
1717545600000,3813.11,3892.06,3778.91,3868.61,1939160.2620000001
1717632000000,3868.6,3881.99,3760,3815.76,1550761.493
1717718400000,3815.77,3844.32,3555.02,3679.82,2617598.7850000001
1717804800000,3679.82,3711.28,3659,3682.11,793561.955
1717891200000,3682.12,3724.73,3666.71,3707.67,715200.186
1717977600000,3707.67,3715.49,3642.6,3669.66,1149036.6640000001
1718064000000,3669.65,3675,3427.09,3498.16,3162055.1889999998
1718150400000,3498.17,3657.77,3462.09,3560.45,2861506.3820000002
1718236800000,3560.44,3562.33,3426.01,3469.18,2257441.3730000001
1718323200000,3469.18,3533.82,3361.05,3480.51,2523034.3840000001
1718409600000,3480.5,3594.99,3472.34,3567.87,1576530.0789999999
1718496000000,3567.88,3653.73,3540,3622.96,1335659.257
1718582400000,3622.96,3637.47,3464,3509.56,2934501.9249999998
1718668800000,3509.56,3515.87,3341.85,3482.34,3312942.2680000002
1718755200000,3482.33,3587.63,3463.91,3558.85,2344216.4279999998
1718841600000,3558.84,3625,3483.63,3511.26,2504170.932
1718928000000,3511.27,3546.66,3443.8,3517.18,2504862.7990000001
1719014400000,3517.18,3520,3472.57,3494.26,844082.802
1719100800000,3494.25,3519.7,3397.87,3419.38,1408148.716
1719187200000,3419.38,3434.75,3213,3352,4181333.5750000002
1719273600000,3351.99,3431.27,3335.58,3393.06,1973459.7930000001
1719360000000,3393.07,3425,3325.54,3370.76,1794812.97
1719446400000,3370.78,3476.6,3360.22,3450.34,1724674.6880000001
1719532800000,3450.34,3487.98,3362,3379.51,2082751.4569999999
1719619200000,3379.5,3407,3369.07,3377.62,735883.787
1719705600000,3377.63,3459.77,3348.5,3436.73,1174744.3670000001
1719792000000,3436.72,3524.16,3420,3440.46,1724896.3200000001
1719878400000,3440.47,3463.84,3399.22,3420.43,1214393.314
1719964800000,3420.43,3431.36,3250.1,3294.75,2520352.7349999999
1720051200000,3294.75,3312.59,3049.39,3059.31,3862044.9219999998
1720137600000,3059.3,3108.28,2800,2980.43,5753070.1940000001
1720224000000,2980.37,3080,2953.45,3065.5,1595818.824
1720310400000,3065.49,3072,2922,2930.24,1800470.608
1720396800000,2930.23,3098,2821.26,3017.51,4593820.1440000003
1720483200000,3017.51,3115.8,3002.56,3065.06,2220259.0449999999
1720569600000,3065.05,3150,3022.57,3099.12,2157373.2740000002
1720656000000,3099.12,3216.6,3052.75,3098.25,2601339.395
1720742400000,3098.24,3156.6,3044.51,3133.24,1932672.308
1720828800000,3133.24,3200.72,3112.12,3174.01,1049485.4369999999
1720915200000,3174,3268.66,3162.06,3243.56,1366714.817
1721001600000,3243.52,3493.94,3231.03,3481.62,2723612.9700000002
1721088000000,3481.62,3497.74,3345,3442.83,2845763.9160000002
1721174400000,3442.84,3517.14,3374.53,3386,2271175.0159999998
1721260800000,3386.01,3487.99,3364.62,3424.99,1913161.2309999999
1721347200000,3424.99,3539.38,3375.25,3502.18,2389303.4330000002
1721433600000,3502.18,3538.38,3478.01,3516.03,1048158.992
1721520000000,3516.03,3547.84,3408.13,3534.29,1758109.9339999999
1721606400000,3534.3,3562.33,3421,3438.08,1946040.3859999999
1721692800000,3438.09,3540.94,3384.61,3481.01,3985761.8670000001
1721779200000,3481.01,3486.73,3285.69,3334.24,2296300.341
1721865600000,3334.23,3342.02,3085.57,3173.67,4204282.8530000001
1721952000000,3173.67,3284.93,3169.14,3272.82,2257393.787
1722038400000,3272.81,3326.9,3188.89,3248.17,2181510.6600000001
1722124800000,3248.16,3284.57,3195.84,3268.03,1114442.469
1722211200000,3268.03,3396.07,3256.56,3316.87,2897273.3250000002
1722297600000,3316.86,3365,3230.1,3278.17,2000830.4750000001
1722384000000,3278.17,3348.74,3212.32,3231.48,2173585.0830000001
1722470400000,3231.49,3241.83,3078.4,3201.67,2840086.8480000002
1722556800000,3201.66,3217.06,2965.27,2988.11,3409297.3840000001
1722643200000,2988.1,3016.61,2855,2901.94,2621892.5789999999
1722729600000,2901.95,2934.66,2613.3,2687.6,3709293.7949999999
1722816000000,2687.6,2695.93,2112,2418.6,13557724.0969999991
1722902400000,2418.6,2558.24,2412.35,2459.87,4356686.9249999998
1722988800000,2459.86,2549.85,2307,2341.41,4906789.0449999999
1723075200000,2341.4,2723.77,2318.64,2681.59,4820970.3499999996
1723161600000,2681.59,2708.8,2551.23,2597.9,3151681.1540000001
1723248000000,2597.89,2644.43,2574.54,2608.76,1311479.4040000001
1723334400000,2608.77,2720.78,2537.76,2554.65,2629489.23
1723420800000,2554.66,2749.97,2506.13,2721.15,4126997.2200000002
1723507200000,2721.15,2737.38,2610.04,2701.01,3016449.602
1723593600000,2701.01,2788.88,2631,2659.82,3096528.693
1723680000000,2659.82,2674.17,2513.65,2568.73,3219267.7400000002
1723766400000,2568.73,2630.73,2549.15,2591.52,2666495.8560000001
1723852800000,2591.53,2628,2585.81,2613.18,820608.568
1723939200000,2613.18,2688.25,2593,2610.67,1615775.889
1724025600000,2610.67,2647.29,2560.9,2635.15,2122248.2850000001
1724112000000,2635.16,2694.96,2552.5,2571.51,2504509.4130000002
1724198400000,2571.51,2663.55,2533.51,2629.38,2414391.5750000002
1724284800000,2629.37,2644,2582.27,2622,1631635.639
1724371200000,2622,2798.88,2619.86,2761.58,3288873.6030000001
1724457600000,2761.58,2819.35,2729.15,2766.4,2124349.3169999998
1724544000000,2766.4,2791.66,2731.63,2744.47,1228055.898
1724630400000,2744.48,2760.97,2665,2679.25,1907712.0730000001
1724716800000,2679.26,2699.11,2388,2455.98,3836573.429
1724803200000,2455.98,2554.19,2416.56,2527.31,3674708.4360000002
1724889600000,2527.32,2594,2504.11,2526.28,2156748.7280000001
1724976000000,2526.28,2552.32,2431,2524.99,2705396.1310000001
1725062400000,2524.99,2533.29,2490.62,2511.91,785832.801
1725148800000,2511.91,2514.97,2397.23,2424.55,2295800.358
1725235200000,2424.55,2564.49,2421.8,2536.74,2289999.1189999999
1725321600000,2536.76,2552.55,2405.14,2424.05,2052035.733
1725408000000,2424.05,2489.34,2304.87,2449.67,3391129.7089999998
1725494400000,2449.67,2465.23,2346.05,2367.37,2611081.8259999999
1725580800000,2367.33,2409.34,2150,2223.7,5476018.4380000001
1725667200000,2223.7,2310,2220.76,2272.21,1832770.243
1725753600000,2272.21,2333.98,2238.88,2295.89,1933824.754
1725840000000,2295.9,2382.51,2271.22,2358.19,2933575.5180000002
1725926400000,2358.19,2399.99,2319.09,2387.63,2148101.375
1726012800000,2387.63,2388.39,2275.8,2339.22,3136148.1129999999
1726099200000,2339.18,2392,2313.16,2360.79,2141666.2110000001
1726185600000,2360.79,2463.77,2336.2,2438.15,2314979.037
1726272000000,2438.16,2439.61,2373.82,2416.65,1075037.0449999999
1726358400000,2416.65,2429.44,2282,2314.85,1664319.311
1726444800000,2314.85,2334.9,2251.06,2294.61,2822059.4249999998
1726531200000,2294.61,2392.62,2262,2340.59,2616421.5380000002
1726617600000,2340.59,2376,2275.25,2373.93,2861908.6830000002
1726704000000,2373.93,2494.68,2371.37,2464.56,2948555.003
1726790400000,2464.55,2572.18,2436.11,2560.29,3062258.1189999999
1726876800000,2560.3,2623.85,2527.69,2611.4,1505216.371
1726963200000,2611.4,2633.3,2522.57,2579.94,1969445.1939999999
1727049600000,2579.95,2702,2538.24,2645.84,3118835.1949999998
1727136000000,2645.84,2669.94,2590.1,2652,2718085.7080000001
1727222400000,2652,2673.06,2552.44,2578.9,2133334.523
1727308800000,2578.9,2666.17,2557.5,2631.11,2641065.1299999999
1727395200000,2631.16,2727.66,2614.22,2693.53,2373825.6230000001
1727481600000,2693.52,2703.3,2648.32,2673.9,1392948.05
1727568000000,2673.91,2683,2632.8,2656.3,1390536.3999999999
1727654400000,2656.3,2662.81,2572.82,2601.49,2859601.7429999998
1727740800000,2601.49,2658.63,2412.4,2446.85,4639427.4289999995
1727827200000,2446.85,2498,2350,2363,3570103.344
1727913600000,2363,2402.29,2308.09,2348.74,3190067.071
1728000000000,2348.74,2440,2338.27,2413.38,2533506.8339999998
1728086400000,2413.38,2427.94,2388.66,2413.42,1103480.476
1728172800000,2413.42,2457.11,2405.76,2438.77,1219434.7379999999
1728259200000,2438.76,2520.25,2401.08,2421.75,3345508.6120000002
1728345600000,2421.75,2466.63,2400.01,2439.84,2262736.2829999998
1728432000000,2439.84,2472.9,2350,2369.6,2689510.5929999999
1728518400000,2369.6,2421.5,2329.44,2385.24,2863209.676
1728604800000,2385.24,2470,2380.81,2438.46,2339315.6269999999
1728691200000,2438.45,2489.95,2433.2,2475.09,1118480.77
1728777600000,2475.08,2484,2435,2467.79,1294682.574
1728864000000,2467.79,2653.44,2442,2628.88,3677192.6200000001
1728950400000,2628.87,2688.76,2536.64,2606.53,3913137.3169999998
1729036800000,2606.54,2647.51,2588.01,2610.39,2129585.8859999999
1729123200000,2610.39,2647.9,2573.73,2605.01,2064665.138
1729209600000,2605.01,2675.12,2595.61,2641.11,2309322.0959999999
1729296000000,2641.11,2662.66,2630.05,2647.45,811419.456
1729382400000,2647.46,2759.62,2634.53,2746.98,1886789.344
1729468800000,2746.98,2770,2655.52,2666.63,2440964.2829999998
1729555200000,2666.62,2671.59,2606,2621.78,2231512.6209999998
1729641600000,2621.79,2629.51,2443.01,2523.84,3189122.4810000001
1729728000000,2523.85,2561.83,2506.27,2535.39,2024878.304
1729814400000,2535.39,2565.94,2380.63,2440.1,4024452.801
1729900800000,2440.1,2507.1,2429.34,2482.04,1570141.8470000001
1729987200000,2482.04,2527.25,2462.86,2507.22,1121169.2120000001
1730073600000,2507.21,2590.78,2470.41,2566.49,2899028.949
1730160000000,2566.48,2681.83,2560.3,2639.28,3011425.2799999998
1730246400000,2639.28,2724.65,2599.9,2659.36,3503151.7930000001
1730332800000,2659.35,2669.74,2502.5,2518.37,3205202.8300000001
1730419200000,2518.37,2587.86,2467.3,2511.57,3451022.6370000001
1730505600000,2511.57,2523.8,2467.1,2493.61,1213734.335
1730592000000,2493.61,2496.21,2410.35,2457.29,2927779.094
1730678400000,2457.3,2491,2356,2397.37,2683418.9909999999
1730764800000,2397.36,2479.6,2379.48,2421.42,2557859.2310000001
1730851200000,2421.41,2746.02,2419.2,2722.49,6240942.2699999996
1730937600000,2722.5,2916.56,2700.31,2895.76,5207698.3059999999
1731024000000,2895.76,2982.75,2886.47,2962.12,3870167.0079999999
1731110400000,2962.12,3158.66,2954.1,3127.03,3673317.2439999999
1731196800000,3127.02,3252.28,3073.86,3185.19,5615528.8839999996
1731283200000,3185.19,3392.06,3107.15,3375.02,6247550
1731369600000,3375.02,3449,3211.15,3245.98,6898960.4929999998
1731456000000,3245.99,3335,3120,3188.9,5945632.8870000001
1731542400000,3188.9,3242.31,3031.6,3061.03,4177386.7990000001
1731628800000,3061.04,3133.68,3016.11,3091.75,3517544.3640000001
1731715200000,3091.75,3222.69,3073.47,3134.72,2517322.736
1731801600000,3134.71,3164.8,3035,3078.09,3003350.3089999999
1731888000000,3078.09,3228,3051.5,3210.48,4140524.3689999999
1731974400000,3210.48,3224.83,3066.4,3109.34,3063837.6549999998
1732060800000,3109.33,3162.25,3030.5,3071.05,3143204.946
1732147200000,3071.05,3389.99,3033.32,3358.42,5993751.2599999998
1732233600000,3358.69,3429.99,3260.42,3330.05,3830379.3990000002
1732320000000,3330.04,3498.94,3315.28,3396.33,4091652.2820000001
1732406400000,3396.32,3453,3282.48,3362.98,3119510.2179999999
1732492800000,3362.98,3549.91,3301.96,3416.92,6242839.3449999997
1732579200000,3416.91,3464.95,3254.19,3327.17,4595675.477
1732665600000,3327.17,3688,3305,3655.88,4755415.7659999998
1732752000000,3655.89,3664.31,3531,3581.58,3330702.2259999998
1732838400000,3581.58,3649.28,3535.52,3594.5,2545976.9920000001
1732924800000,3594.51,3742.18,3570.2,3705.73,2866770.7390000001
1733011200000,3705.74,3750.67,3661.35,3711.24,2458452.7059999998
1733097600000,3711.22,3766,3557.61,3646.26,4609268.9210000001
1733184000000,3646.26,3673.9,3502.01,3616.82,3627143.7170000002
1733270400000,3616.83,3891,3616.82,3840.75,5709329.4249999998
1733356800000,3840.74,3960,3615,3787.31,6207399.4040000001
1733443200000,3787.3,4092.83,3780,4001.75,4645126.8430000003
1733529600000,4001.75,4028.69,3970,3999.79,1549576.9939999999
1733616000000,3999.8,4019.57,3926,4007.3,1787672.1270000001
1733702400000,4007.31,4010.67,3475,3712.55,6542091.0489999996
1733788800000,3712.55,3781.29,3512.71,3628.4,5674583.1919999998
1733875200000,3628.41,3846.95,3562.65,3830.44,3007758.4890000001
1733961600000,3830.44,3986.94,3795.25,3880.52,3937234.5329999998
1734048000000,3880.52,3967.96,3851.8,3905.6,2515017.0070000002
1734134400000,3905.59,3944.99,3822.37,3868.6,1893829.5959999999
1734220800000,3868.6,3973.67,3829,3958.5,1930757.605
1734307200000,3958.5,4109.99,3882.22,3984.76,4190982.5269999998
1734393600000,3984.76,4039.99,3844.59,3890.81,3370320.4360000002
1734480000000,3890.81,3908,3615.01,3625.4,4440453.1270000003
1734566400000,3625.41,3718.47,3322.2,3416.7,7030380.8820000002
1734652800000,3416.69,3496.54,3100,3470.88,7970055.665
1734739200000,3470.88,3553.76,3291.03,3337.6,3404611.2349999999
1734825600000,3337.61,3402.08,3219.59,3280.8,2966199.0559999999
1734912000000,3280.81,3465.75,3214.81,3420.74,3962458.3730000001
1734998400000,3420.75,3539.4,3356.01,3491.97,2605267.4709999999
1735084800000,3491.98,3547.01,3439,3495.72,1695270.2420000001
1735171200000,3495.73,3514.32,3302.73,3333.15,2522058.8480000002
1735257600000,3333.15,3444,3306,3332.09,2851118.8489999999
1735344000000,3332.1,3427.5,3320.92,3402.54,1144976.4580000001
1735430400000,3402.53,3413,3324.63,3355.46,1333521.0719999999
1735516800000,3355.46,3436.86,3302.2,3360.11,2953842.227
1735603200000,3360.1,3452,3313.96,3336.57,2093246.4310000001
1735689600000,3336.58,3374.14,3312.62,3359.36,1271279.8400000001
1735776000000,3359.35,3511.14,3353.5,3454.83,2410080.281
1735862400000,3454.83,3630,3421.56,3607.89,2490827.7740000002
1735948800000,3607.9,3670,3570.66,3655.99,1729182.6029999999
1736035200000,3655.98,3674.71,3592.14,3634.96,1270073.7050000001
1736121600000,3634.96,3744.28,3609,3685.72,2686061.9580000001
1736208000000,3685.72,3700.31,3353.59,3379.38,4062657.5070000002
1736294400000,3379.37,3413.55,3206.54,3325.38,3959258.6970000002
1736380800000,3325.38,3355.85,3156,3218.24,3639862.6469999999
1736467200000,3218.24,3323,3193.43,3265.52,2960794.5800000001
1736553600000,3265.51,3319.3,3217.36,3281.84,1182807.831
1736640000000,3281.85,3299,3222.4,3265.7,1348856.48
1736726400000,3265.7,3338.32,2900,3136.14,6106720.3300000001
1736812800000,3136.13,3255.84,3123.47,3223.99,2688757.6129999999
1736899200000,3223.99,3472.93,3185.09,3449.8,3291912.7680000002
1736985600000,3449.81,3458.99,3263.06,3306.94,3258757.747
1737072000000,3306.93,3524.85,3306.41,3472.38,3028696.4720000001
1737158400000,3472.38,3492.95,3225.65,3306.7,4090676.503
1737244800000,3306.71,3449.77,3129.63,3214.15,6927128.1050000004
1737331200000,3214.16,3455.76,3141.25,3283.2,6609534.8540000003
1737417600000,3283.21,3367.95,3203.5,3326.72,3033556.395
1737504000000,3326.71,3365.97,3220.82,3242,2024070.8629999999
1737590400000,3241.99,3347.7,3177,3337.88,3535707.1899999999
1737676800000,3337.87,3429.99,3273.94,3308.62,2912997.9279999998
1737763200000,3308.61,3349.8,3266.53,3317.91,1413725.645
1737849600000,3317.91,3363,3226.57,3230.5,1594638.892
1737936000000,3230.5,3253.19,3020.17,3180.99,4938995.2800000003
1738022400000,3181,3221.98,3038,3075.96,2591573.5389999999
1738108800000,3075.96,3180.93,3052.88,3112.55,2863466.6090000002
1738195200000,3112.54,3282.6,3089,3245.86,2475377.574
1738281600000,3245.86,3436.39,3212.31,3299.5,4130284.9139999999
1738368000000,3299.5,3330.82,3100.67,3116.22,2633608.7119999998
1738454400000,3116.23,3161.86,2736.01,2868.05,6388796.102
1738540800000,2868.06,2919.34,2080.19,2878.69,13603740.6380000003
1738627200000,2878.68,2888.8,2630.5,2730.03,6593771.0389999999
1738713600000,2730.06,2827.98,2697.95,2787,4064890.548
1738800000000,2787,2857.43,2650,2685.25,3677522.3539999998
1738886400000,2685.26,2796.12,2560.68,2620.66,4069680.2749999999
1738972800000,2620.66,2667.15,2587.05,2630.99,1942560.926
1739059200000,2630.99,2698,2518.12,2626.07,2482123.1770000001
1739145600000,2626.07,2692.99,2556.91,2659.99,2710643.4530000002
1739232000000,2659.99,2724.49,2552.88,2601.03,3346333.9539999999
1739318400000,2601.03,2794.99,2542.21,2737.14,4299721.8930000002
1739404800000,2737.14,2756.51,2610.72,2674.52,2864504.2170000002
1739491200000,2674.52,2791,2662.97,2724.74,2712685.9909999999
1739577600000,2724.75,2738,2655.31,2691.73,1286579.513
1739664000000,2691.74,2726.27,2643.75,2660,1494743.5900000001
1739750400000,2660.01,2848.76,2632.81,2743,4114492.1690000002
1739836800000,2742.99,2755.85,2604.18,2670.57,3579587.4819999998
1739923200000,2670.56,2736.12,2654.82,2714.06,2404564.4810000001
1740009600000,2714.06,2770.5,2705.64,2736.87,2363654.3020000001
1740096000000,2736.86,2845,2614.76,2660.85,6002308.0130000003
1740182400000,2660.86,2797.21,2651.24,2762.01,2505671.6949999998
1740268800000,2762,2860.9,2743.62,2818.54,3105005.7069999999
1740355200000,2818.54,2839,2466.34,2512.27,5891164.4610000001
1740441600000,2512.26,2532.89,2287.13,2494.45,8206583.6679999996
1740528000000,2494.46,2506.45,2252.78,2335.33,6596169.4780000001
1740614400000,2335.34,2381.44,2229,2306.66,4574087.7640000004
1740700800000,2306.65,2313.24,2070,2236.59,9311975.7440000009
1740787200000,2236.59,2279.75,2141.17,2216.6,3472964.0490000001
1740873600000,2216.59,2550,2170.09,2517.12,8185197.4819999998
1740960000000,2517.12,2522.84,2094.76,2148.22,7766111.1229999997
1741046400000,2148.21,2221.77,1979.99,2170.51,9151176.2019999996
1741132800000,2170.51,2272.94,2153.7,2240.45,4626954.9819999998
1741219200000,2240.44,2318.99,2175.5,2201.34,4574430.9220000003
1741305600000,2201.33,2259.34,2100.75,2140.72,6125675.5389999999
1741392000000,2140.72,2234.4,2103.07,2202.84,2667066.1349999998
1741478400000,2202.83,2211.27,1986.8,2019.2,4793159.949
1741564800000,2019.34,2152.99,1807.75,1864.51,9275180.1659999993
1741651200000,1864.52,1969.77,1752.5,1922.61,9136006.3959999997
1741737600000,1922.6,1955.9,1828.87,1907.24,7503776.8310000002
1741824000000,1907.23,1922,1820.2,1863.76,5305883.7999999998
1741910400000,1863.75,1945.62,1860.41,1910.79,3494472.929
1741996800000,1910.78,1957.68,1902.47,1936.27,1877714.3500000001
1742083200000,1936.26,1940,1857.08,1885.97,3167735.3960000002
1742169600000,1885.96,1951.76,1878.66,1925.37,3207773.0529999998
1742256000000,1925.36,1935.44,1871.14,1930.64,3234486.9369999999
1742342400000,1930.63,2069.69,1927.12,2055.21,6384300
1742428800000,2055.22,2067.15,1951.15,1982.72,4033783.537
1742515200000,1982.72,1995.8,1932,1964.81,2832280.4470000002
1742601600000,1964.81,2006,1963.41,1979.56,1718916.027
1742688000000,1979.55,2020,1975.51,2005,2158448.4759999998
1742774400000,2005,2104.24,1976.46,2080.41,4667944.5259999996
1742860800000,2080.4,2097.21,2036,2065.22,3242153.2680000002
1742947200000,2065.22,2077.7,1980.41,2008.69,3880044.9410000001
1743033600000,2008.69,2036.88,1985.71,2002.8,3264548.4530000002
1743120000000,2002.8,2015.09,1854.2,1896.02,5692204.6840000004
1743206400000,1896.03,1912.94,1796.13,1827.32,4384848.1849999996
1743292800000,1827.31,1848.08,1766.04,1806.99,3858562.0800000001
1743379200000,1806.99,1853.34,1775.92,1821.59,5212530.7130000005
1743465600000,1821.59,1927.79,1816.64,1904.21,4671744.6030000001
1743552000000,1904.21,1957.97,1780.52,1794.1,7079855.2029999997
1743638400000,1794.11,1844.97,1747.47,1816.48,5186368.3490000004
1743724800000,1816.48,1834.7,1757.52,1815.97,6221114.5020000003
1743811200000,1815.97,1826.63,1761.18,1805.15,2358927.1150000002
1743897600000,1805.14,1816.38,1535.27,1579.98,9388042.7650000006
1743984000000,1579.98,1638.47,1410,1552.44,17632071.3520000018
1744070400000,1552.44,1618,1441.62,1472.67,9197866.8300000001
1744156800000,1472.68,1688,1384,1668.69,16116570.6229999997
1744243200000,1668.7,1669.19,1470.84,1521.57,9945193.0409999993
1744329600000,1521.56,1590.88,1503.63,1565.96,6468082.6859999998
1744416000000,1565.97,1669.85,1545.06,1643.6,5604513.9869999997
1744502400000,1643.6,1649.2,1559.4,1596.92,6495362.4919999996
1744588800000,1596.93,1691.57,1594.73,1623.02,6972175.9299999997
1744675200000,1623.02,1660.68,1582.14,1588,5330097.5779999997
1744761600000,1588,1614.95,1537.56,1576.58,7222095.7819999997
1744848000000,1576.57,1616.81,1562.26,1582.84,4942514.5420000004
1744934400000,1582.84,1600,1572.65,1587.91,2400463.7370000002
1745020800000,1587.91,1632.29,1584.01,1612.44,2503971.1090000002
1745107200000,1612.45,1618.46,1564.69,1586.56,3100920.9870000002
1745193600000,1586.57,1658,1560.62,1578.64,7470078.3540000003
1745280000000,1578.63,1779.02,1535,1755.57,10307669.4550000001
1745366400000,1755.58,1838,1744.3,1794.46,8309523.1200000001
1745452800000,1794.45,1802.27,1721.22,1768.8,5247333.3710000003
1745539200000,1768.79,1826.91,1737.4,1783.77,5989110.176
1745625600000,1783.76,1841.49,1777.31,1820,3965587.8489999999
1745712000000,1819.99,1857,1780.25,1790.21,3619555.6060000001
1745798400000,1790.22,1826.71,1742.15,1799.22,6352728.6869999999
1745884800000,1799.21,1842.82,1779.36,1796.57,5315318.4450000003
1745971200000,1796.57,1816,1730.6,1792.71,5626543.4879999999
1746057600000,1792.71,1872.71,1791.55,1837.19,5360708.0379999997
1746144000000,1837.18,1871.06,1812,1841.22,4329970.3439999996
1746230400000,1841.22,1848,1807.75,1832.55,2801643.5600000001
1746316800000,1832.55,1849.53,1801.71,1807.87,3055757.3560000001
1746403200000,1807.87,1832.98,1780.02,1819.43,4641355.3650000002
1746489600000,1819.43,1820.3,1750,1816.22,5344191.5599999996
1746576000000,1816.23,1850,1786,1810.14,5769207.9630000005
1746662400000,1810.13,2227,1807.72,2206.54,13290171.7229999993
1746748800000,2206.53,2490.75,2183.59,2344.3,13924417.9370000008
1746835200000,2344.31,2600.76,2315.09,2581.91,9337754.7469999995
1746921600000,2581.9,2608,2434.89,2513.48,7493744.5609999998
1747008000000,2513.48,2624.84,2406.55,2494.16,9197060.8650000002
1747094400000,2494.16,2738.62,2414.36,2678.59,8696179.0069999993
1747180800000,2678.58,2724.96,2545,2608.74,6914278.1509999996
1747267200000,2608.75,2646.1,2475.61,2547.75,8115677.6220000004
1747353600000,2547.76,2648.68,2527.14,2535.72,5514825.1220000004
1747440000000,2535.71,2537.63,2442.65,2474.09,5088864.0199999996
1747526400000,2474.09,2587.52,2312.62,2496.98,8079064.2640000004
1747612800000,2496.98,2546.97,2346.99,2526.87,8872894.591
1747699200000,2526.87,2588,2438.39,2523.09,6945963.6320000002
1747785600000,2523.08,2615.46,2450.72,2550.26,10600046.7760000005
1747872000000,2550.26,2692.61,2543.37,2663.72,6985054.6849999996
1747958400000,2663.72,2734.3,2497,2525.39,9061544.8300000001
1748044800000,2525.38,2574.5,2511.13,2529.27,2752527.9479999999
1748131200000,2529.27,2553,2457.6,2550.03,4036746.5329999998
1748217600000,2550.03,2598.6,2521.29,2562.43,3750834.338
1748304000000,2562.42,2711.8,2508,2659.84,6941172.9129999997
1748390400000,2659.83,2689.13,2606,2680.4,5156133.4069999997
1748476800000,2680.4,2788.88,2617.11,2630.3,7588357.9550000001
1748563200000,2630.3,2648.42,2503.37,2529.63,6984847.3420000002
1748649600000,2529.62,2550,2474,2527.08,3446829.335
1748736000000,2527.08,2547,2465,2537.89,3484871.7289999998
1748822400000,2537.89,2614.2,2472.74,2606.48,5275446.3839999996
1748908800000,2606.49,2654.98,2563,2592.16,5191907.1799999997
1748995200000,2592.16,2679.64,2582.41,2606.62,5284587.5329999998
1749081600000,2606.62,2640,2390,2412.9,8492400.7200000007
1749168000000,2412.9,2529.67,2379.62,2475.38,5419019.5429999996
1749254400000,2475.38,2545,2455.85,2523.4,2692914.7609999999
1749340800000,2523.41,2548.02,2483.28,2508.32,2632952.5389999999
1749427200000,2508.31,2693.2,2475.83,2679.12,5572543.3059999999
1749513600000,2679.13,2827,2655,2815.74,8830157.5150000006
1749600000000,2815.74,2879,2742.57,2770.34,7913878.5690000001
1749686400000,2770.35,2783.9,2614.24,2641.38,7405894.267
1749772800000,2641.38,2644.32,2433.8,2578.09,11165882.9959999993
1749859200000,2578.1,2578.18,2486.68,2529.66,3565324.3829999999
1749945600000,2529.66,2559.76,2490.38,2546.32,3498181.6899999999
1750032000000,2546.32,2680,2513.38,2543.12,7101649.9960000003
1750118400000,2543.11,2617.74,2451.97,2508.99,8004120.9879999999
1750204800000,2508.99,2547.35,2465,2523.49,6693705.6679999996
1750291200000,2523.5,2546.29,2483.58,2520.18,3666746.6809999999
1750377600000,2520.17,2568.56,2363.88,2405.42,7724171.7869999995
1750464000000,2405.43,2447.96,2213.07,2294.63,6347781.449
1750550400000,2294.64,2312.96,2111,2226.33,10976426.3780000005
1750636800000,2226.33,2440,2187.01,2410.39,10119602.0370000005
1750723200000,2410.4,2481.28,2374.9,2447.58,6672609.9720000001
1750809600000,2447.58,2467.84,2388.23,2417.28,5000125.2130000005
1750896000000,2417.28,2520,2392.12,2414.54,5704994.5120000001
1750982400000,2414.59,2463.38,2377,2422.06,4375482.4939999999
1751068800000,2422.07,2447.42,2404.75,2434.8,1533911.7590000001
1751155200000,2434.8,2524.41,2406.45,2499.25,3066795.2000000002
1751241600000,2499.25,2523.43,2431.87,2484.3,5172486.7050000001
1751328000000,2484.3,2499.6,2383.33,2403.65,4506176.0300000003
1751414400000,2403.66,2618.2,2367.53,2569.37,6609066.7690000003
1751500800000,2569.37,2635,2555.25,2590.17,5268757.2439999999
1751587200000,2590.18,2601.96,2473.07,2506.86,5033671.7199999997
1751673600000,2506.87,2528.86,2486.31,2515.25,2011813.0109999999
1751760000000,2515.25,2607.08,2502.25,2569.14,3600165.1630000002
1751846400000,2569.14,2589.88,2505.37,2541.37,4567857.773
1751932800000,2541.36,2627.83,2522.07,2613.97,4474456.2439999999
1752019200000,2613.97,2795.73,2588.49,2767.7,7269179.7949999999
1752105600000,2767.69,3010.44,2754.08,2950.62,8576372.0820000004
1752192000000,2950.61,3040.95,2913.72,2956.93,8156318.6809999999
1752278400000,2956.94,2979,2902.8,2941.87,3279022.6499999999
1752364800000,2941.88,3019.52,2930,2970.37,3503115.926
1752451200000,2970.37,3083,2961.44,3012.26,6656768.6390000004
1752537600000,3012.26,3144.48,2930.99,3137.62,8695662.5370000005
1752624000000,3137.62,3423.47,3099.6,3370.55,9404285.6669999994
1752710400000,3370.54,3524,3311,3476.65,8831516.2990000006
1752796800000,3476.66,3674.43,3458,3546.36,9940209.8609999996
1752883200000,3546.36,3608,3505,3591.31,3451544.4169999999
1752969600000,3591.32,3826,3578.05,3755.67,7235342.352
1753056000000,3755.68,3857.82,3700.19,3760.96,6672579.3109999998
1753142400000,3760.95,3798.58,3616.53,3746.01,7931786.2060000002
1753228800000,3746.02,3764.08,3526.5,3627.49,6962184.3770000003
1753315200000,3627.5,3772.63,3505,3706.2,7785869.6150000002
1753401600000,3706.22,3746.42,3570.13,3724.17,7413357.2050000001
1753488000000,3724.18,3795.2,3694.56,3740,3327830.068
1753574400000,3740,3878.53,3728.36,3871.47,4061335.7579999999
1753660800000,3871.48,3940.81,3751.03,3796,6290790.926
1753747200000,3795.99,3885.43,3712.24,3791.55,6546244.159
1753833600000,3791.55,3832.61,3670,3808.67,5758788.7379999999
1753920000000,3808.67,3878,3682.23,3696.58,5397334.7560000001
1754006400000,3696.57,3722.9,3428.86,3486.42,9193572.2670000009
1754092800000,3486.41,3536.48,3366.5,3392.42,5424066.4900000002
1754179200000,3392.42,3520.97,3353.51,3495,3427531.227
1754265600000,3495.01,3735,3489.28,3719.42,5316512.3930000002
1754352000000,3719.41,3720.1,3542.58,3610.19,5815168.1459999997
1754438400000,3610.19,3697.39,3562.34,3681.21,4199037.1859999998
1754524800000,3681.21,3926.38,3645.78,3908.4,5937102.2259999998
1754611200000,3908.4,4070,3876.7,4009.05,6145342.8569999998
1754697600000,4009.04,4325.24,4005.02,4259.1,6548032.7300000004
1754784000000,4259.11,4331.99,4160,4248.77,4745124.6509999996
1754870400000,4248.77,4370,4164.23,4221.31,7280638.3449999997
1754956800000,4221.31,4640,4216.61,4589.31,8478717.1630000006
1755043200000,4589.31,4783.62,4562.59,4748.37,7960032.4850000003
1755129600000,4748.36,4794,4451,4545.26,10442559.6699999999
1755216000000,4545.26,4670.23,4364,4437.16,7420333.1409999998
1755302400000,4437.15,4488.33,4370,4420.22,3186954.8480000002
1755388800000,4420.22,4574.95,4392.45,4470.66,4146129.176
1755475200000,4470.66,4480,4224.1,4311.73,8232985.7589999996
1755561600000,4311.72,4354.22,4064.96,4073.94,7641112.1859999998
1755648000000,4073.93,4376.13,4060,4334.5,7670009.5099999998
1755734400000,4334.5,4338.94,4202,4223.7,4937369.3020000001
1755820800000,4223.69,4888.49,4206,4830.37,11984283.6329999994
1755907200000,4830.36,4830.37,4662.25,4777.26,3997279.6609999998
1755993600000,4777.25,4957.67,4702.47,4778.32,6361395.8509999998
1756080000000,4778.33,4796.8,4331.15,4374.25,9104476.9250000007
1756166400000,4374.25,4632.92,4310,4598.49,6833123.7149999999
1756252800000,4598.5,4662.5,4479.01,4504.84,5766618.7139999997
1756339200000,4504.86,4633.12,4425,4509.1,4426437.9189999998
1756425600000,4509.1,4514.66,4264.29,4358.65,6209654.1109999996
1756512000000,4358.65,4414.45,4254.97,4372,2942714.9920000001
1756598400000,4372,4498,4370.33,4389.58,3156027.534
1756684800000,4389.58,4490,4205.49,4313,5447493.8830000004
1756771200000,4313,4414.73,4254.33,4324.59,5122607.4939999999
1756857600000,4324.58,4488.36,4281,4448.22,3880391.1609999998
1756944000000,4448.22,4480.99,4263,4295.68,4894116.6859999998
1757030400000,4295.68,4494.45,4252.47,4305.71,6326357.4850000003
1757116800000,4305.71,4327,4220,4271.69,2147554.767
1757203200000,4271.68,4336.05,4267.44,4303.84,1711470.5519999999
1757289600000,4303.83,4382.75,4276.21,4303.98,3546410.6150000002
1757376000000,4303.97,4380.77,4275,4308.4,3523559.6150000002
1757462400000,4308.41,4453.56,4283,4347.83,4432223.4740000004
1757548800000,4347.83,4483.44,4328.88,4456.86,4235830.6370000001
1757635200000,4456.87,4750,4448.35,4710.83,4819201.2039999999
1757721600000,4710.82,4768,4603,4664.74,3171687.8149999999
1757808000000,4664.74,4691.3,4575,4602,2511259.9109999998
1757894400000,4602,4668,4463,4521.54,4176404.9920000001
1757980800000,4521.54,4536.31,4421.01,4499.41,3109858.7689999999
1758067200000,4499.41,4615.26,4404.08,4588.3,5124507.1529999999
1758153600000,4588.31,4642.6,4551.75,4585.31,2928393.6910000001
1758240000000,4585.32,4619.5,4433,4466.49,3411338.5299999998
1758326400000,4466.48,4506.75,4451.62,4478.27,1210096.976
1758412800000,4478.26,4497.01,4440.01,4443.01,1366255.5719999999
1758499200000,4443,4454.01,4000.88,4196.86,6100386.0779999997
1758585600000,4196.87,4230.06,4112.43,4162.25,3491189.5819999999
1758672000000,4162.25,4204.99,4070,4150.51,3047254.3659999999
1758758400000,4150.51,4158.95,3822,3873.1,8452019.7410000004
1758844800000,3873.1,4066.39,3866,4030.17,4740997.7350000003
1758931200000,4030.17,4038.62,3971.45,4017.01,1763090.139
1759017600000,4017.01,4143.05,3963.1,4139.55,2514830.2990000001
1759104000000,4139.54,4234.27,4080,4212.98,3781396.6860000002
1759190400000,4212.99,4246.87,4091,4142.75,3692892.9419999998
1759276800000,4142.75,4356.07,4120.61,4345.85,4436505.3569999998
1759363200000,4345.85,4516.65,4330.11,4481.7,4471666.2439999999
1759449600000,4481.7,4590.83,4426,4511.11,4421328.0719999997
1759536000000,4511.12,4515.8,4438,4484.79,1887541.368
1759622400000,4484.79,4618.44,4465.01,4512.34,3476365.7069999999
1759708800000,4512.35,4734.99,4486.05,4682.43,3988549.9730000002
1759795200000,4682.42,4754,4422.44,4445.76,5946456.6720000003
1759881600000,4445.77,4556.75,4408.69,4523.67,3755083.452
1759968000000,4523.66,4529.15,4262.55,4365.83,5102570.6560000004
1760054400000,4365.83,4392,3400,3819.99,12017119.0470000003
1760140800000,3820,3874.28,3640,3744.99,5215588.4680000003
1760227200000,3744.99,4200,3692.96,4149.99,9472267.3900000006
1760313600000,4150,4293.03,4034.12,4239.7,7867416.54
1760400000000,4239.7,4262,3885.09,4123.05,8470013.2740000002
1760486400000,4123.06,4216.12,3925,3983.81,5383244.0099999998
1760572800000,3983.8,4089.34,3822.5,3892.02,5731700.7790000001
1760659200000,3892.02,3948.06,3671,3829.99,6653715.8640000001
1760745600000,3830,3926,3817.21,3887.01,1938785.098
1760832000000,3887.01,4030,3810,3980.59,3378168.1710000001
1760918400000,3980.6,4085,3906.89,3977.54,3964193.7059999998
1761004800000,3977.54,4108.41,3838.21,3871.11,6065458.7510000002
1761091200000,3871.11,3887.45,3706.31,3803.93,5014922.8650000002
1761177600000,3803.94,3933.4,3794.89,3855.21,3703936.9160000002
1761264000000,3855.22,4026.48,3844.02,3933.19,3655431.4550000001
1761350400000,3933.2,3968.93,3910,3952.25,1294911.0789999999
1761436800000,3952.24,4179.27,3914.3,4156.37,2929386.8640000001
1761523200000,4156.36,4253,4090.61,4118.47,4177961.8020000001
1761609600000,4118.46,4174.08,3925.01,3977.56,4291976.2180000003
1761696000000,3977.56,4034.99,3836,3900.38,4458210.3339999998
1761782400000,3900.38,3947,3677.7,3802.8,5769173.9409999996
1761868800000,3802.8,3904.9,3794.13,3846.42,3815967.5219999999
1761955200000,3846.42,3907.61,3828.8,3872.14,1270485.0060000001
1762041600000,3872.14,3917,3837.04,3904.8,1816853.7890000001
1762128000000,3904.79,3913.34,3556,3602.15,6599474.4970000004
1762214400000,3602.15,3653.65,3055,3285.28,10678270.9959999993
1762300800000,3285.28,3479,3165.41,3423.06,5529908.9780000001
1762387200000,3423.06,3455,3245,3313.7,4923419.3959999997
1762473600000,3313.7,3472.23,3192.92,3434.36,5003943.4280000003
1762560000000,3434.37,3490,3353.31,3400.07,2663386.219
1762646400000,3400.08,3624.4,3356.74,3581.31,3242104.8489999999
1762732800000,3581.31,3658,3505.55,3566.38,3732092.7089999998
1762819200000,3566.38,3647.54,3403.02,3416.32,4510443.9440000001
1762905600000,3416.33,3587.24,3370,3413.46,4885053.4390000002
1762992000000,3413.45,3565,3152.49,3230.12,7753251.79
1763078400000,3230.13,3255.95,3068,3111.2,8107655.483
1763164800000,3111.2,3230.56,3109.16,3166.55,2382547.6150000002
1763251200000,3166.56,3248.5,3001.01,3094.05,5514051.7920000004
1763337600000,3094.04,3223.22,2958,3030.06,6720441.9790000003
1763424000000,3030.06,3169.28,2943.31,3122.2,6218662.8420000002
1763510400000,3122.2,3125.05,2873,3024.09,7755927.8669999996
1763596800000,3024.08,3063,2788.01,2832.97,8009557.1150000002
1763683200000,2832.96,2885.84,2620,2764.69,10727173.1040000003
1763769600000,2764.7,2798,2702.87,2769.06,2709820.8930000002
1763856000000,2769.06,2857,2766.87,2800.73,3288963.7170000002
1763942400000,2800.74,2986.98,2761.38,2952.19,6158375.1509999996
1764028800000,2952.18,2979.31,2855,2958.24,4774258.8739999998
1764115200000,2958.24,3044.46,2887.09,3025.02,4273427.784
1764201600000,3025.02,3070,2983.81,3013.8,2959023.537
1764288000000,3013.81,3099,2992.1,3029.8,3878973.6069999998
1764374400000,3029.8,3051.46,2960.01,2987.96,2258392.443
1764460800000,2987.96,3052.21,2974,2990.02,1978839.3
1764547200000,2990.02,2998.84,2718.07,2797.47,6741830.7199999997
1764633600000,2797.48,3034.94,2780.6,2994.63,5080990.8530000001
1764720000000,2994.63,3216.53,2983.76,3187.07,5461248.0539999995
1764806400000,3187.08,3239.27,3064.81,3132.01,5001099.1109999996
1764892800000,3132.01,3192.72,2978,3020.38,5378728.0099999998
1764979200000,3020.38,3068.58,3011,3036.53,1618613.1580000001
1765065600000,3036.53,3150,2903.75,3058.14,4316087.3250000002
1765152000000,3058.14,3179.99,3038.76,3123.14,4298631.7980000004
1765238400000,3123.15,3397.5,3089.01,3316.49,5589772.3650000002
1765324800000,3316.5,3446.12,3286.58,3322.79,4812014.0959999999
1765411200000,3322.8,3326.74,3142.92,3235.77,5182963.1050000004
1765497600000,3235.78,3264.78,3041.1,3083.34,4616717.6409999998
1765584000000,3083.34,3135,3075,3113.01,1450299.5209999999
1765670400000,3113,3128.65,3022.51,3062.02,2689994.3080000002
1765756800000,3062.01,3177,2890.51,2963.25,6080692.9720000001
1765843200000,2963.25,2982.1,2870,2960.84,4501415.7089999998
1765929600000,2960.83,3030,2789.52,2832,5886093.5650000004
1766016000000,2831.99,2997.05,2772.97,2827.3,6355841.5949999997
1766102400000,2827.32,3017.99,2806.15,2978.33,5024441.5420000004
1766188800000,2978.34,2992.97,2965.28,2976.54,1037932.071
1766275200000,2976.55,3011.99,2943,3000.62,1880938.477
1766361600000,3000.61,3077.99,2961,3008.49,4028005.767
1766448000000,3008.5,3035,2899.3,2963.29,4025936.1540000001
1766534400000,2963.29,2976.48,2886.75,2946.23,2622651.9300000002
1766620800000,2946.23,2969.99,2888.88,2902.32,1833895.8419999999
1766707200000,2902.32,2994,2892.72,2926.82,3511943.9589999998
1766793600000,2926.83,2959.84,2914.63,2947.61,899512.6949999999
1766880000000,2947.61,2959.99,2922.84,2949.6,1156340.6569999999
1766966400000,2949.6,3056,2908.58,2936.45,4975460.6859999998
1767052800000,2936.45,3008.67,2917.48,2972.22,3160478.0750000002
1767139200000,2972.23,3027.73,2957.59,2970.4,2411514.7969999998
1767225600000,2970.4,3008.56,2970,3002.49,1078103.9210000001
1767312000000,3002.5,3149,2990.67,3123.89,4632283.7249999996
1767398400000,3123.88,3135,3074.52,3125.47,1466597.6000000001
1767484800000,3125.46,3165.99,3115,3143.32,1887902.79
1767571200000,3143.33,3266,3131.47,3223.71,4530955.5
1767657600000,3223.72,3308,3180.71,3295.46,4587035.4809999997
1767744000000,3295.46,3295.79,3123.01,3167.52,4540326.148
1767830400000,3167.53,3183.68,3052.43,3105.45,4244975.4330000002
1767916800000,3105.44,3148,3056.79,3087.15,3688956.7850000001
1768003200000,3087.16,3102.75,3077.08,3085.47,690476.319
1768089600000,3085.47,3147,3083.23,3122,1514111.5830000001
1768176000000,3122,3170.88,3061.35,3093.84,3879346.7390000001
1768262400000,3093.85,3383.63,3090.18,3324.69,4721555.8169999998
1768348800000,3324.68,3403.77,3280,3353.27,4884153.8339999998
1768435200000,3353.28,3383.07,3266,3317,4131982.824
1768521600000,3317,3325.34,3251.42,3294.77,2550182.156
1768608000000,3294.77,3328.36,3282.39,3308.87,1148627.8570000001
1768694400000,3308.86,3367.98,3277.42,3282.77,1816518.47
1768780800000,3282.77,3283.2,3165,3188.01,3565887.7000000002
1768867200000,3188.01,3199.73,2910,2938.24,5863217.6179999998
1768953600000,2938.25,3069.34,2864.29,2980.66,6529694.517
1769040000000,2980.67,3037.49,2904.11,2951.21,3511036.2230000002
1769126400000,2951.21,3020.45,2890.2,2955.08,3421101.1660000002
1769212800000,2955.08,2968.75,2942,2952.09,782585.277
1769299200000,2952.09,2959.27,2784.15,2815.49,3639269.2069999999
1769385600000,2815.49,2950,2810.72,2928.9,5212624.5700000003
1769472000000,2928.89,3034.99,2898.89,3024.92,3892928.818
1769558400000,3024.92,3045,2981.7,3009.36,2975250.747
1769644800000,3009.36,3012.04,2752.5,2821,5756506.0070000002
1769731200000,2821,2827.27,2634.63,2705.66,7083805.9079999998
1769817600000,2705.66,2713.43,2202.4,2450.38,9597331.9250000007
1769904000000,2450.38,2474.98,2218,2269.04,7484600.3030000003
1769990400000,2269.03,2395.4,2156,2345.55,9776544.5840000007
1770076800000,2345.56,2358.6,2103.4,2232.23,10848208.477
1770163200000,2232.23,2295,2073.68,2147.01,10585464.6160000004
1770249600000,2147.01,2173,1813.44,1824.95,16655460.7410000004
1770336000000,1824.94,2095.1,1736.02,2062.54,12992141.9279999994
1770422400000,2062.55,2125,1993.34,2085.93,9242436.5010000002
1770508800000,2085.94,2152,2065.28,2088.6,4555179.2790000001
1770595200000,2088.59,2148,2008,2103.96,6112389.3810000001
1770681600000,2103.96,2123.7,1983.77,2021.51,5719539.7259999998
1770768000000,2021.51,2031,1901.22,1940.07,7001716.6069999998
1770854400000,1940.07,2000.9,1893.77,1947.15,5249452.1509999996
1770940800000,1947.15,2073,1923.29,2047.6,4756924.9400000004
1771027200000,2047.6,2107.02,2041,2085.43,2551809.818
1771113600000,2085.43,2102.73,1926.83,1965.47,5263088.682
1771200000000,1965.48,2023.3,1935.39,1997.35,4222483.6409999998
1771286400000,1997.36,2014.91,1940.01,1990.68,4415263.6619999995
1771372800000,1990.68,2038.27,1921.64,1954.77,4947193.4780000001
1771459200000,1954.77,1986.91,1905.5,1948.15,4169323.2030000002
1771545600000,1948.15,1980.73,1921.53,1967.85,4614697.3530000001
1771632000000,1967.85,1996.64,1955.07,1972.54,1952314.2779999999
1771718400000,1972.54,1982.83,1933,1957.01,2181545.1120000002
1771804800000,1957,1957.58,1836.06,1855.47,6596823.284
1771891200000,1855.47,1868.94,1796,1851.09,5451865.1849999996
1771977600000,1851.1,2149.95,1845.7,2056.5,8508406.3120000008
1772064000000,2056.51,2083.09,1973.49,2026.71,5317905.8420000002
1772150400000,2026.7,2063.71,1885,1928.5,5765278.2400000002
1772236800000,1928.51,1984.22,1834.06,1963.48,6413987.4979999997
1772323200000,1963.48,2054.67,1905.91,1938.57,6813284.7960000001
1772409600000,1938.58,2089,1916,2026.69,7122677.4560000002
1772496000000,2026.69,2041.22,1926.32,1981.85,6737214.335
1772582400000,1981.85,2199.47,1943.4,2125.98,8276703.7680000002
1772668800000,2125.97,2163,2053.3,2072.18,5635437.0039999997
1772755200000,2072.17,2092.39,1954.25,1977.66,5122007.5539999995
1772841600000,1977.66,1995.74,1946.87,1968.39,2177663.0830000001
1772928000000,1968.39,1979.03,1906.63,1935.97,4103521.4550000001
1773014400000,1935.98,2052.83,1928.2,1992.28,6267966.9060000004
1773100800000,1992.28,2088,1990.23,2035.39,6003913.7709999997
1773187200000,2035.38,2084.98,2005.9,2050.99,4590062.8099999996
1773273600000,2050.98,2094.57,2016.17,2072.6,5389229.449
1773360000000,2072.6,2209.49,2069.1,2091.01,7769112.8499999996
1773446400000,2091,2105.75,2060.09,2095.27,2147825.7239999999
1773532800000,2095.28,2202.87,2081.59,2177.73,3897654.3089999999
1773619200000,2177.73,2385.78,2163.32,2351.66,9230354.5299999993
1773705600000,2351.66,2377,2292.57,2316.45,5494951.3909999998
1773792000000,2316.45,2349.99,2150.7,2201.95,7125002.4249999998
1773878400000,2201.96,2232.64,2098.02,2136.56,6232708.9079999998
1773964800000,2136.56,2175.64,2114.2,2145.08,4465173.6509999996
1774051200000,2145.08,2168,2068.78,2083.37,1888068.5460000001
1774137600000,2083.37,2126.38,2024.11,2052.85,4214366.2980000004
1774224000000,2052.86,2199,2021.58,2151.01,8293509.2980000004
1774310400000,2151,2174.71,2102,2155.29,4711394.0959999999
1774396800000,2155.3,2200.11,2142.66,2168,4267494.0539999995
1774483200000,2168,2171.32,2033.22,2059.17,5445914.4510000004
1774569600000,2059.18,2076.43,1966.2,1991.58,5023322.3169999998
1774656000000,1991.57,2049.36,1981.52,1993.48,2477055.9279999998
1774742400000,1993.48,2019,1936.54,1983.44,2832513.2149999999
1774828800000,1983.45,2086.99,1978.7,2025.69,5457974.9680000003
1774915200000,2025.69,2124.51,2011.25,2104.49,6430786.3190000001
1775001600000,2104.48,2167.2,2081.19,2138.8,4726113.8059999999
1775088000000,2138.8,2158.42,2015.55,2055.96,5764960.3930000002
1775174400000,2055.97,2084.02,2038.35,2052.92,2137709.7969999998
1775260800000,2052.93,2083.36,2043,2064.43,1306192.46
1775347200000,2064.43,2123.23,2020.61,2109.35,3133077.4679999999
1775433600000,2109.36,2174.41,2086.29,2106.14,5140998.2589999996
1775520000000,2106.14,2273,2058.01,2239.14,6881146.1349999998
1775606400000,2239.14,2269.65,2177.77,2188.87,5066512.9199999999
1775692800000,2188.87,2246.15,2156,2188.92,4465511.3569999998
1775779200000,2188.92,2257.55,2173.81,2243.9,3764306.4780000001
1775865600000,2243.91,2329.99,2227.03,2283.85,2875158.1060000001
1775952000000,2283.86,2288.12,2173,2190.62,3705143.3139999998
1776038400000,2190.61,2395.85,2174.48,2368.8,5800599.8660000004
1776124800000,2368.8,2416.4,2301.6,2321.17,5431617.6909999996
1776211200000,2321.16,2384.67,2306.8,2358.87,3655704.3709999998
1776297600000,2358.86,2368.45,2282.7,2346.92,4527435.3370000003
1776384000000,2346.93,2463.86,2314.08,2417.66,5677626.227
1776470400000,2417.65,2426.62,2337,2348.99,3014437.0490000001
1776556800000,2348.99,2353.99,2250.91,2262.2,3734471.8990000002
1776643200000,2262.21,2346.84,2258.3,2312.59,4445143.2070000004
1776729600000,2312.59,2337.99,2280.82,2326.13,3918990.46
1776816000000,2326.12,2423,2311.41,2373.04,4859473.6679999996
1776902400000,2373.05,2381.85,2283.31,2328.94,4777287.6160000004
1776988800000,2328.94,2336.46,2298.44,2313.88,2903586.9309999999
1777075200000,2313.87,2322.22,2298.98,2318.21,1004359.218
1777161600000,2318.21,2379.99,2305.07,2368.32,2383954.122
1777248000000,2368.32,2403.99,2263.88,2302.28,4476437.7790000001
1777334400000,2302.28,2309.73,2256.03,2288.37,2716170.9419999998
1777420800000,2288.36,2346.48,2218.83,2251.52,5309541.8839999996
1777507200000,2251.53,2277.92,2230.1,2256.49,2590482.1779999998
1777593600000,2256.5,2324.64,2256.03,2294.34,3118171.392
1777680000000,2294.34,2342,2291.41,2315.9,1178697.0379999999
1777766400000,2315.91,2356.75,2296.01,2321.67,2083961.6640000001
1777852800000,2321.67,2398.88,2308.1,2346.11,5800734.8039999995
1777939200000,2346.12,2398.88,2344,2359.47,3684222.1570000001
1778025600000,2359.47,2422.52,2335.17,2349.7,5330786.0920000002
1778112000000,2349.69,2351.29,2278,2289.91,4332681.9819999998
1778198400000,2289.92,2320.66,2263.43,2306.17,3261671.0070000002
1778284800000,2306.17,2337.79,2296.66,2325.22,1891169.4069999999
1778371200000,2325.23,2381.88,2310.01,2370.21,3347356.503
1778457600000,2370.21,2373.91,2302.51,2338.61,3086413.7250000001
1778544000000,2338.62,2339.8,2255.15,2273.62,3420843.736
1778630400000,2273.61,2322.68,2233,2257.54,3628737.6949999998
1778716800000,2257.53,2318.6,2237.05,2282.06,4182483.27
1778803200000,2282.06,2299.36,2203.55,2223.66,4022665.0040000002
1778889600000,2223.65,2230.79,2160.5,2179.66,2383235.1469999999
1778976000000,2179.67,2197.63,2085,2129.88,2484872.2689999999
1779062400000,2129.88,2156.52,2074.26,2128.99,5104677.8820000002
1779148800000,2128.99,2146.99,2093.16,2111,3200971.162
1779235200000,2110.99,2148.6,2101.79,2128.6,2822259.6710000001
1779321600000,2128.59,2157,2103.51,2132.78,3350094.5299999998
1779408000000,2132.78,2140.75,2056.05,2064.98,3354098.5210000002
1779494400000,2064.99,2149.86,2007,2116.82,4770162.1169999996
1779580800000,2116.82,2131.1,2061.26,2098.99,2596642.5600000001
1779667200000,2098.99,2141.6,2090.84,2111.64,2330198.3939999999
1779753600000,2111.64,2139.66,2053,2072.99,4476452.1660000002
1779840000000,2073,2096.61,2013.98,2023.7,3921315.3390000002
1779926400000,2023.7,2029.5,1965.48,2008.92,5065678.3049999997
1780012800000,2008.92,2046,1975.37,2013.35,4404954.1030000001
1780099200000,2013.36,2031.51,2000.83,2021.58,1412352.8970000001
1780185600000,2021.59,2037.55,1992.84,2006.31,2117587.645
1780272000000,2006.3,2020.9,1954.42,2006,4936359.5920000002
1780358400000,2006.01,2006.44,1837.01,1858.96,7992886.5
1780444800000,1858.96,1892.39,1767.71,1812.46,7604044.983
1780531200000,1812.45,1819.9,1712.52,1769.86,8403867.3729999997
1780617600000,1769.85,1774.34,1538.13,1582.35,14318838.591
1780704000000,1582.35,1600.56,1503.6,1568.6,6539042.7970000003
1780790400000,1568.6,1721.57,1563,1689.66,6185207.432
1780876800000,1689.66,1714.22,1643.65,1689.21,5741075.199
1780963200000,1689.2,1696,1613.1,1638.64,5821248.6229999997
1781049600000,1638.64,1667.31,1602.05,1620.72,5574012.2769999998
1781136000000,1620.72,1693.38,1620.72,1672.57,5159676.4199999999
1781222400000,1672.57,1690.51,1651.17,1665.48,3688161.682
1781308800000,1665.49,1698.1,1661.2,1680.41,1848794.28
1781395200000,1680.42,1732,1653.36,1724.74,2885468.8599999999
1781481600000,1724.74,1848.78,1708.45,1795.16,6403694.7750000004
1781568000000,1795.15,1839.54,1757.36,1792.32,5345782.7949999999
1781654400000,1792.33,1809.67,1724.22,1749.56,5589345.0120000001
1781740800000,1749.57,1762.34,1670.56,1710.18,5095465.4570000004
1781827200000,1710.18,1718.83,1678.17,1710.31,2862860.2519999999
1781913600000,1710.3,1749.13,1703.13,1740,2703250.1290000002
1782000000000,1740,1740.68,1700.37,1706.31,2178356.4709999999
1782086400000,1706.3,1779,1706.1,1727.32,4317853.7510000002
1782172800000,1727.32,1735.63,1633.33,1666.4,4415668.1009999998
1782259200000,1666.4,1692,1551,1621.54,6395632.341
1782345600000,1621.55,1660.56,1530,1566.97,6905885.0530000003
1782432000000,1566.98,1594.89,1510.87,1577.86,6697526.6509999996
1782518400000,1577.85,1610.44,1561.69,1573.1,2256919.5780000002
1782604800000,1573.1,1588.27,1547,1571.1,2620011.3810000001
1782691200000,1571.11,1637.2,1549.08,1612.12,5502615.8640000001
1782777600000,1612.12,1613.56,1549.16,1571.47,3827647.3870000001
1782864000000,1571.48,1645.86,1552.03,1608.87,5439929.4060000004
1782950400000,1608.87,1725,1596.14,1699.9,6017445.2640000004
1783036800000,1699.89,1775.5,1693.68,1757.41,4211590.0279999999
1783123200000,1757.41,1808,1743.09,1779.94,2915139.4879999999
1783209600000,1779.94,1807.77,1747.27,1785.07,2751817.2259999998
1783296000000,1785.07,1833,1728.3,1798.84,5540382.9359999998
1783382400000,1798.84,1812.85,1756.62,1770.67,4370897.7889999999
1783468800000,1770.67,1784.16,1712.45,1742.68,4192853.4270000001
1783555200000,1742.67,1762.52,1720.53,1744.25,3052244.4559999998
1783641600000,1744.26,1811.23,1736.61,1796.03,3384049.1170000001
1783728000000,1796.03,1829.52,1785,1786.7,2361669.5260000001
1783814400000,1786.69,1826.2,1778.26,1805.92,2411677.0759999999
1783900800000,1805.92,1848,1748,1776,5083243.3490000004
1783987200000,1776,1896.86,1772.52,1891.12,5310465.0829999996
1784073600000,1891.12,1946.75,1863.32,1916.91,4752347.9579999996
1784160000000,1916.91,1928.69,1855.38,1863.73,4313799.4840000002
1784246400000,1863.73,1870.44,1802.46,1841.08,4278159.8389999997
1784332800000,1841.08,1867,1836.36,1861.75,1312675.9040000001
1784419200000,1861.75,1878.76,1850.95,1871.49,1944778.3559999999
1784505600000,1871.49,1917.92,1841.84,1903.5,4927740.7379999999
1784592000000,1903.51,1953.64,1899.44,1929.29,3487747.0210000002
1784678400000,1929.29,1958.75,1909.32,1933.31,3588085.0060000001
1784764800000,1933.31,1940.66,1868.18,1877.42,3473835.0550000002
1784851200000,1877.42,1909.32,1846.17,1860.57,3432295.1809999999
1784937600000,1860.58,1876.42,1850.26,1873.92,1096625.4199999999
1785024000000,1873.93,1966.97,1873,1953.79,2677956.8390000002
1785110400000,1953.8,1982,1881.16,1891.44,4750960.0329999998
1785196800000,1891.43,1928.9,1855.82,1921.13,4725347.5149999997
1785283200000,1921.13,1935,1870.26,1909.68,4781085.5159999998
1785369600000,1909.68,1936.57,1892.99,1917.31,3007123.8700000001
1785456000000,1917.31,1936,1847.28,1861.68,3994907.6329999999
