timestamp_ms,open,high,low,close,volume
1609459200000,24.357,25.054,21.813,22.233,2330773.8999999999
1609545600000,22.234,23.2,21.226,21.782,1595747.7
1609632000000,21.777,22.049,20.774,21.48,1869400.8999999999
1609718400000,21.486,23.045,20.939,21.415,3137369.8999999999
1609804800000,21.412,22.493,21,21.629,1567169.3999999999
1609891200000,21.631,22.678,21.504,21.986,1479141.5
1609977600000,21.986,23.152,21.784,22.101,2147655.5
1610064000000,22.084,22.335,21.155,21.657,1340007.8999999999
1610150400000,21.645,22.71,21.379,22.085,1129865
1610236800000,22.086,24.448,22.086,23.458,4002846.1000000001
1610323200000,23.453,23.593,20.878,21.684,2287179
1610409600000,21.674,21.945,20.903,21.013,1135955.3999999999
1610496000000,21.017,21.951,20.936,21.74,1039463.1
1610582400000,21.748,22.339,21.39,21.624,1221953.3999999999
1610668800000,21.629,22.302,21.226,21.561,1303510.1000000001
1610755200000,21.561,25.143,21.543,22.866,4191600.5
1610841600000,22.865,26.209,22.445,24.409,6618286.5999999996
1610928000000,24.394,24.999,23.508,23.822,2302781.2999999998
1611014400000,23.828,25.322,22.617,22.67,2727013.1000000001
1611100800000,22.685,23.179,21.677,22.38,2459951.7000000002
1611187200000,22.391,22.777,20.804,21.317,1924732.3
1611273600000,21.33,23.216,20.6,22.303,3955963.5
1611360000000,22.298,23.623,22.166,22.74,2895997.8999999999
1611446400000,22.739,23.19,22.388,22.725,1622248.1000000001
1611532800000,22.724,23.127,22.335,22.415,1312536.8
1611619200000,22.415,22.765,21.789,22.224,1069365.3
1611705600000,22.218,22.252,21.199,21.45,1219345.6000000001
1611792000000,21.444,22.132,21.328,21.933,977002.5
1611878400000,21.942,22.949,21.9,22.341,2109924.7999999998
1611964800000,22.344,22.636,21.98,22.098,1094229.8999999999
1612051200000,22.095,22.676,22.064,22.289,1449753.8999999999
1612137600000,22.289,24.178,22.05,22.656,4301069.7000000002
1612224000000,22.659,23.019,22.305,22.525,1249344.8999999999
1612310400000,22.521,23.59,22.469,23.117,1602857
1612396800000,23.119,23.367,22.441,22.93,1735079
1612483200000,22.921,25.71,22.823,24.545,4585538.5999999996
1612569600000,24.545,25.3,23.73,24.288,2755509.5
1612656000000,24.295,24.689,23.73,24.079,1992557.6000000001
1612742400000,24.085,29.073,23.831,27.753,6677826.4000000004
1612828800000,27.751,53.096,27.235,44.293,22016773.1000000015
1612915200000,44.24,46.415,34.4,39.9,16219908.4000000004
1613001600000,39.9,43.261,35.363,40.42,6116845.5
1613088000000,40.424,45,39.3,42.711,5871626.5
1613174400000,42.732,45.758,39.5,41.702,5497705.7999999998
1613260800000,41.719,52.596,41.39,47.202,9859137.0999999996
1613347200000,47.223,50.899,34.471,42.962,11884244.3000000007
1613433600000,43.005,45.962,40.125,41.955,4300789.2000000002
1613520000000,41.955,44.862,40.266,43.266,3328940.5
1613606400000,43.288,44.589,42.384,43.475,2621099.2999999998
1613692800000,43.493,43.92,41.303,43.274,3573546.6000000001
1613779200000,43.311,49.452,42,43.067,6868871.2000000002
1613865600000,43.083,46.05,42.501,44.695,3125664.7000000002
1613952000000,44.691,44.901,30.849,39.318,6902985.7000000002
1614038400000,39.325,39.436,30.443,35.479,5339196.2999999998
1614124800000,35.482,38.209,34.296,36.564,2563151.2999999998
1614211200000,36.583,37.472,34.634,34.89,2233005
1614297600000,34.881,36.518,33.194,35.133,1902498.1000000001
1614384000000,35.133,38.807,35.082,37.915,2506162.7000000002
1614470400000,37.895,38.388,34.653,35.942,1964773.3999999999
1614556800000,35.937,39.478,35.651,38.607,1923626.1000000001
1614643200000,38.605,39.045,37.192,38.229,1650467.8999999999
1614729600000,38.242,45,38.026,42.143,4122780.7000000002
1614816000000,42.143,43.366,39.853,40.795,2176125
1614902400000,40.809,40.848,37.081,40.468,1455589.7
1614988800000,40.47,40.924,38.957,40.421,1070784.6000000001
1615075200000,40.426,42.5,40.291,41.459,1219373.8
1615161600000,41.46,42,40.614,41.587,1206471.1000000001
1615248000000,41.591,42.63,41.258,42.014,1363052.6000000001
1615334400000,42.023,44.289,41.04,42.49,2347096
1615420800000,42.521,43.191,41.686,42.306,1552123.2
1615507200000,42.307,45.203,42.007,44.09,2913215.7999999998
1615593600000,44.086,52.216,43.508,49.531,4508779.2000000002
1615680000000,49.53,57.559,49.513,53.878,6470222.9000000004
1615766400000,53.869,56.794,51.97,53.38,3908644.8999999999
1615852800000,53.369,64.043,50.681,63.634,4670657.5999999996
1615939200000,63.671,96.57,62.687,88.563,17324082.8000000007
1616025600000,88.563,89.747,74.07,79.68,13150071.3000000007
1616112000000,79.629,86,75.768,83.081,5573377.0999999996
1616198400000,83.11,86.125,81.5,82.116,2474762.6000000001
1616284800000,82.119,83.38,80.169,80.684,2011222.3999999999
1616371200000,80.676,81.5,75.233,76.387,2401406.2000000002
1616457600000,76.388,85.371,73.133,82.585,4830696.7999999998
1616544000000,82.568,94.966,79.559,85.857,7416547.2999999998
1616630400000,85.854,96.305,84.869,90.905,8553508.1999999993
1616716800000,90.896,129.265,90.896,124.631,12704753.3000000007
1616803200000,124.643,139.56,120,132.395,15890505.8000000007
1616889600000,132.375,133.78,119.94,125.187,6944222.9000000004
1616976000000,125.193,130.612,123.701,127.521,4082356.6000000001
1617062400000,127.51,153.613,125,149.858,9683953.8000000007
1617148800000,149.864,198.427,144,190.997,21113337.3000000007
1617235200000,190.986,238.511,180,185.563,26279100
1617321600000,185.547,206,160.565,172.388,14570463.5
1617408000000,172.42,181.808,162.4,178.227,9438588.9000000004
1617494400000,178.228,193.961,175.343,183,7272455.5
1617580800000,183.03,187.293,170.2,176.608,3938084.1000000001
1617667200000,176.619,179.214,163.811,165.806,3100473.5
1617753600000,165.853,166.705,135.5,156.295,10137892.0999999996
1617840000000,156.313,158.979,146.363,154.216,4476548.5
1617926400000,154.213,175.996,153.035,172.343,6758986.0999999996
1618012800000,172.349,189.215,170.833,174.815,5608095.2000000002
1618099200000,174.822,185.104,173.093,179.507,2460324.7999999998
1618185600000,179.49,182.609,159.16,167.978,4355339.5
1618272000000,167.965,169.496,160.42,164.503,2921805.8999999999
1618358400000,164.522,179.85,160.088,168.54,4722518.2000000002
1618444800000,168.534,175.661,167.923,171.012,2691129.7999999998
1618531200000,170.999,196.465,170.956,182.932,7812454.7000000002
1618617600000,182.931,193.3,176.247,181.032,3725761.3999999999
1618704000000,181.061,183.537,127,156.234,6180975.7000000002
1618790400000,156.234,164.8,150.399,154.705,2742195.8999999999
1618876800000,154.703,157.581,144.306,153.935,2591932.1000000001
1618963200000,153.893,158.919,147,147.645,1967350.6000000001
1619049600000,147.667,157.948,144.273,145.926,2653532
1619136000000,145.927,148.038,129.859,138.641,3936109.1000000001
1619222400000,138.674,142.297,131.3,133.613,1800129.3999999999
1619308800000,133.674,137.041,131.8,134.126,1246661.8
1619395200000,134.15,155,133.517,154.274,2735681.8999999999
1619481600000,154.276,155.488,148.002,152.637,2070555.8999999999
1619568000000,152.642,156.231,146.382,151.098,1691746.2
1619654400000,151.09,152.397,147.386,149.895,1528780.7
1619740800000,149.895,165.591,149.837,164.071,3336302.3999999999
1619827200000,164.066,168,161.275,164.407,1785050
1619913600000,164.419,167,155.583,162.566,1802762.6000000001
1620000000000,162.566,164.31,158.587,160.412,1694745.7
1620086400000,160.451,160.764,134,140.83,3430750.2000000002
1620172800000,140.836,155.298,139.63,152.697,2650674.7999999998
1620259200000,152.677,165.607,149.947,153.821,3883773.2999999998
1620345600000,153.848,155.378,146.55,150.554,1907572.3999999999
1620432000000,150.56,154.683,146.091,148.299,1575315.1000000001
1620518400000,148.318,149.874,140.55,146.778,1848592.8
1620604800000,146.748,149.623,127.561,135.731,2686387
1620691200000,135.758,143.55,133.859,143.023,1864671
1620777600000,143.015,145.765,123,127.074,2511975.8999999999
1620864000000,126.949,128.013,89.005,117.847,8452312.1999999993
1620950400000,117.846,125,113.793,120.711,2817361.2000000002
1621036800000,120.725,122.968,109.765,110.539,2603908.1000000001
1621123200000,110.533,116.266,100.077,107.844,2915579.7000000002
1621209600000,107.867,107.979,93.153,99.512,3428853.7000000002
1621296000000,99.508,106.21,96.877,100.218,2301034.5
1621382400000,100.243,101.863,44.389,65.246,8612525.0999999996
1621468800000,65.245,95.381,60.917,88.681,10978336.8000000007
1621555200000,88.638,94.991,67.714,76.84,6477706.2000000002
1621641600000,76.865,77.422,66.389,72.187,4254110.9000000004
1621728000000,72.171,74.738,55,64.793,5312058.2999999998
1621814400000,64.795,75.099,62.186,74.733,5192254
1621900800000,74.717,79.722,65.699,72.197,4465244.9000000004
1621987200000,72.242,74.97,69.976,74.506,2816246.1000000001
1622073600000,74.485,74.532,68.677,71.402,2219396.8999999999
1622160000000,71.417,71.76,64.847,66.732,2371941
1622246400000,66.732,69.924,64.363,68.236,2302479.1000000001
1622332800000,68.245,69.471,65.19,68.345,2068784.8999999999
1622419200000,68.344,72.921,66.261,72.532,2864992.6000000001
1622505600000,72.522,73.051,68,69.171,2035516.1000000001
1622592000000,69.168,72.076,68.097,70.098,1644893.5
1622678400000,70.104,94.157,69.457,89.459,13524372.5999999996
1622764800000,89.451,97.815,84.71,88,19404912.3000000007
1622851200000,87.996,93.123,85.705,88.137,7429900.5999999996
1622937600000,88.137,89.072,85.974,87.008,3516511.6000000001
1623024000000,87.009,92.19,80.078,82.009,6828832.9000000004
1623110400000,82.01,83.763,70.39,76.015,8660174.3000000007
1623196800000,76.012,78.797,70.775,77.791,6083764.9000000004
1623283200000,77.797,79.222,71.58,73.329,3489419
1623369600000,73.334,74.13,69.437,70.756,2405724.6000000001
1623456000000,70.748,71.296,65.905,69.662,2548688.1000000001
1623542400000,69.664,73.69,68.53,73.085,1794960.3999999999
1623628800000,73.077,77.726,71.8,74.866,2791616.2000000002
1623715200000,74.89,75.907,71.508,72.562,2214415
1623801600000,72.563,72.563,68.513,69.701,2073910.3999999999
1623888000000,69.696,72.083,67,68.924,2039260.2
1623974400000,68.923,68.945,63.43,65.666,2143749.7999999998
1624060800000,65.65,66.832,64.203,64.659,1623388.3
1624147200000,64.663,64.949,59.843,63.133,2991462.3999999999
1624233600000,63.145,63.684,44.82,46.074,8644063.6999999993
1624320000000,46.077,51.999,42.388,49.344,9480877.0999999996
1624406400000,49.34,59.225,47.37,58.672,7360899.7999999998
1624492800000,58.682,59.322,54.134,57.089,4325075.2000000002
1624579200000,57.091,57.89,50.306,51.984,4602421.4000000004
1624665600000,51.981,53.278,49.937,53,3422979.7000000002
1624752000000,53.011,56.518,52.624,56.184,3245666.5
1624838400000,56.175,57.939,54.866,56.443,3036311.2999999998
1624924800000,56.447,66.398,56.161,64.611,5276203.7999999998
1625011200000,64.595,65.403,56.38,60.412,6034453.9000000004
1625097600000,60.409,60.449,55.145,56.603,3311479.2000000002
1625184000000,56.617,57.389,54.908,57.138,2134854.7000000002
1625270400000,57.131,60,56.6,58.897,1901410.8999999999
1625356800000,58.881,60.613,57.957,58.7,1588547.3999999999
1625443200000,58.701,58.701,54.691,56.039,2274881.7000000002
1625529600000,56.055,58.3,55.904,56.981,1963530.8
1625616000000,56.985,58.023,56.283,56.43,1525118.3
1625702400000,56.422,56.508,52.705,53.813,2322223.7000000002
1625788800000,53.815,55.533,52.64,55.249,1564155.8999999999
1625875200000,55.247,56.015,53.511,54.218,975873.6
1625961600000,54.217,55.791,53.851,55.117,900928.7
1626048000000,55.118,55.5,52.158,52.454,1261735
1626134400000,52.443,53.049,50.33,50.944,1518838.2
1626220800000,50.944,51.214,47.962,49.648,1960393.8
1626307200000,49.645,50.336,46.11,47.292,1919963.3999999999
1626393600000,47.292,48.34,45.717,45.772,1510589.1000000001
1626480000000,45.772,46.156,45.051,45.586,1260002.3999999999
1626566400000,45.594,47.441,45.501,46.794,1374577.8999999999
1626652800000,46.801,47.141,44.258,44.688,1640815.2
1626739200000,44.683,45.114,40.915,41.169,2578485.7000000002
1626825600000,41.201,47.857,40.018,46.233,4279336.5999999996
1626912000000,46.239,46.974,44.5,45.544,2268643.7999999998
1626998400000,45.548,47.505,44.842,47.354,2596869
1627084800000,47.363,51.396,46.365,49.552,4886721.5999999996
1627171200000,49.574,50.146,47.111,48.989,3346242
1627257600000,48.989,53,48.736,49.006,7393370.2999999998
1627344000000,49.011,49.928,47.253,49.513,3529709.7999999998
1627430400000,49.504,50.959,48.267,49.547,3486510.1000000001
1627516800000,49.54,49.784,48.416,49.376,1795581.2
1627603200000,49.38,51.399,48.6,51.311,2757593.3999999999
1627689600000,51.305,52.888,50.264,52.031,3674131.1000000001
1627776000000,52.027,58.327,51.577,53.804,8803192.6999999993
1627862400000,53.835,56.049,53.1,54.457,3480020.5
1627948800000,54.458,55.127,52.704,54.306,3059521
1628035200000,54.31,57.379,53.987,56.495,4212553.7000000002
1628121600000,56.485,58.25,55.003,57.883,3871984.8999999999
1628208000000,57.895,65,57.167,64.249,7232016.2000000002
1628294400000,64.25,70.931,63.681,69.295,9873012.0999999996
1628380800000,69.293,69.527,63.384,64.515,4819685.5
1628467200000,64.509,68.192,61.381,67.578,5129483
1628553600000,67.574,69.858,65.001,66.768,4791104.0999999996
1628640000000,66.775,74.129,66.711,71.819,7814094.5
1628726400000,71.813,75.252,66.063,68.37,6813198.2999999998
1628812800000,68.371,74.852,68.324,74.521,4893375.5
1628899200000,74.519,75.107,70.194,72.482,5362293.7000000002
1628985600000,72.479,74.624,70.02,73.17,4386037
1629072000000,73.163,76.304,72.434,73.302,6928993
1629158400000,73.299,74.8,69.005,69.455,6282655.4000000004
1629244800000,69.455,70.189,65.943,67.497,4690543.2999999998
1629331200000,67.491,70.6,66.311,70.533,3261449.3999999999
1629417600000,70.545,73.92,69.748,73.151,3793908.1000000001
1629504000000,73.155,79.348,71.436,78.542,7012474.5999999996
1629590400000,78.53,79.275,75.051,77.237,6086591.5
1629676800000,77.234,82.269,76.514,79.852,5286052.2000000002
1629763200000,79.851,80.451,71.2,74.393,4903399.7999999998
1629849600000,74.392,77.993,72.413,76.603,3563050.2999999998
1629936000000,76.615,78.883,71.312,72.282,4172337.1000000001
1630022400000,72.287,75.88,70.36,75.241,3467413.2999999998
1630108800000,75.246,75.53,72.913,74.019,2335623.2000000002
1630195200000,74.042,75.543,72.42,73.673,2492990.6000000001
1630281600000,73.672,74.292,70.936,71.245,2497639.2999999998
1630368000000,71.244,78,70.371,76.048,6309542.0999999996
1630454400000,76.037,78.931,75.343,78.784,5369230.7999999998
1630540800000,78.785,79.913,77.03,77.462,3386624.2000000002
1630627200000,77.478,79.106,75.78,77.757,3457778.8999999999
1630713600000,77.757,96.785,77.577,95.243,13365216.6999999993
1630800000000,95.246,120.502,92,113.787,29211290.3000000007
1630886400000,113.789,118.757,103.643,106.337,19006208.3999999985
1630972800000,106.334,111,64.534,84.524,27081780.6000000015
1631059200000,84.533,94.041,75.52,88.443,15995657.9000000004
1631145600000,88.407,94.262,85.124,88.721,10429297.4000000004
1631232000000,88.721,91.93,78.51,82.429,7347564
1631318400000,82.434,85.067,80.059,81.702,4731180.2999999998
1631404800000,81.684,87.084,80.688,83.684,5080222.2999999998
1631491200000,83.684,84.64,72.721,77.952,6679663.7000000002
1631577600000,77.963,81.9,77.456,80.825,3469694.2000000002
1631664000000,80.813,87.564,80.104,86.249,6549716.2000000002
1631750400000,86.24,90.746,82.029,84.738,7261842.5999999996
1631836800000,84.739,86.713,80.555,85.881,4892779.7000000002
1631923200000,85.888,87.484,82.55,84.322,4058926.2999999998
1632009600000,84.329,85.2,81.475,83.562,2916685.2000000002
1632096000000,83.582,83.74,71.24,74.428,8979971.5
1632182400000,74.438,76.584,67.931,69.498,6476806.0999999996
1632268800000,69.491,75,68.63,74.482,4378626.2000000002
1632355200000,74.491,75.571,71.704,74.63,3731698.8999999999
1632441600000,74.629,74.975,60.098,63.299,12709340.4000000004
1632528000000,63.298,63.876,58.738,60.374,8383986.7999999998
1632614400000,60.366,60.637,49.945,55.74,20492502.6000000015
1632700800000,55.742,62.973,54.649,58.954,15217384.8000000007
1632787200000,58.954,59.576,55.028,55.262,9401628
1632873600000,55.271,58.518,55.175,56.976,5835752.5
1632960000000,56.965,61.171,56.784,60.015,5701184.7000000002
1633046400000,60.027,73.343,59.562,71.449,9199619
1633132800000,71.463,74,68.326,69.679,9697907.0999999996
1633219200000,69.666,70.891,67.592,69.121,5784493.7000000002
1633305600000,69.119,70.714,65.594,69.808,7429143.2000000002
1633392000000,69.805,73.053,68.299,70.937,7305194.5
1633478400000,70.943,74.964,66.49,71.8,9293887.8000000007
1633564800000,71.801,74.178,68.933,71.544,7324573.0999999996
1633651200000,71.544,81.39,70.627,79.638,13623225.6999999993
1633737600000,79.637,80.7,75.327,77.065,6781953.9000000004
1633824000000,77.084,77.149,68.66,69.849,6755651.7000000002
1633910400000,69.85,74.752,69,73.551,8062058.2999999998
1633996800000,73.554,73.583,66.1,69.818,7995347.9000000004
1634083200000,69.806,70.767,60.251,68.307,12080447.6999999993
1634169600000,68.32,72,67.2,70.45,7378605.9000000004
1634256000000,70.439,70.462,65,67.377,7411493.0999999996
1634342400000,67.377,69.35,65.803,66.634,4314983.9000000004
1634428800000,66.628,67.229,61,63.951,5280603
1634515200000,63.951,65.163,61.419,63.526,4177633.1000000001
1634601600000,63.52,64.177,62.102,62.998,2827647.7999999998
1634688000000,62.999,68.357,62.566,67.152,7093905.0999999996
1634774400000,67.145,68.3,62.621,63.702,6247943.7000000002
1634860800000,63.692,67.042,63.68,66.056,5401952.2999999998
1634947200000,66.051,66.521,63.952,64.881,3117304.8999999999
1635033600000,64.877,65.215,61.268,62.648,4251301.2000000002
1635120000000,62.679,65.5,62.358,64.005,4150209.5
1635206400000,64.009,65.366,62.1,62.882,5005862.5999999996
1635292800000,62.888,63.296,50.3,55.466,10438257.3000000007
1635379200000,55.466,59.252,54.6,58.189,6101732.2000000002
1635465600000,58.172,62.935,57.845,60.276,5181777.2999999998
1635552000000,60.26,61.57,57.361,61.561,2828079.8999999999
1635638400000,61.56,66.899,59.133,64.488,10697251.3000000007
1635724800000,64.49,64.545,60.615,63.9,4530456.2999999998
1635811200000,63.911,66.575,63.476,64.723,5685212.4000000004
1635897600000,64.707,65.993,61.378,64.1,5148031.4000000004
1635984000000,64.1,64.592,61.1,62.518,3321190.7999999998
1636070400000,62.518,64.49,61.52,63.578,4246363.4000000004
1636156800000,63.579,63.774,57.745,61.926,5101660.5
1636243200000,61.937,62.659,61.165,62.615,2340242.7999999998
1636329600000,62.624,65.13,62.305,64.351,4586234.9000000004
1636416000000,64.351,69.316,63.5,66.786,10936494.5999999996
1636502400000,66.792,69.733,58,63.55,12304020.5
1636588800000,63.537,64.555,61.634,62.805,4885903.0999999996
1636675200000,62.8,65.564,60.962,62.94,6215959.2999999998
1636761600000,62.935,63.722,62.26,62.937,2175963.7000000002
1636848000000,62.941,63.54,61.052,62.604,2259574.2000000002
1636934400000,62.603,63.5,60,61.011,3372137
1637020800000,61.009,61.027,51.637,56.172,9357451.5999999996
1637107200000,56.171,56.858,54.021,56.147,4330809
1637193600000,56.148,58.16,48.5,51.715,12835646.5
1637280000000,51.726,54.495,51.121,53.745,4211067.7999999998
1637366400000,53.744,55.262,52.213,54.41,3444586.2999999998
1637452800000,54.411,54.536,53.01,53.172,2285149.2999999998
1637539200000,53.173,53.456,51.371,51.792,4103170.1000000001
1637625600000,51.793,52.173,50.286,51.748,3311904.6000000001
1637712000000,51.748,51.968,48.618,50.646,3634659.5
1637798400000,50.646,56.18,49.808,55.449,6498379.0999999996
1637884800000,55.45,59.524,50.313,52.8,13378896.4000000004
1637971200000,52.798,59.508,52.559,57.758,9462759
1638057600000,57.765,57.841,52.265,56.45,6525570.0999999996
1638144000000,56.456,57.216,53.849,54.663,3960964.3999999999
1638230400000,54.662,55.694,53.043,53.751,4932564
1638316800000,53.761,55.86,53.559,54.416,3844014.7999999998
1638403200000,54.424,54.426,52.587,53.744,2824976.8999999999
1638489600000,53.744,53.9,47.393,49.703,5462213
1638576000000,49.702,49.763,32.267,40.96,23861011
1638662400000,40.977,41.734,36.786,39.058,6204829.4000000004
1638748800000,39.066,39.101,35.5,38.704,6896774.9000000004
1638835200000,38.7,39.985,38.496,39.137,4638433.2999999998
1638921600000,39.137,43.6,38.771,41.373,9674510.5999999996
1639008000000,41.372,41.633,36.933,37.474,5089620.5999999996
1639094400000,37.47,41.373,37.386,39.812,8977709
1639180800000,39.824,40.486,38.623,40.402,4885182.4000000004
1639267200000,40.402,40.494,38.653,39.656,2910897
1639353600000,39.656,40.023,35.2,35.849,5436625.4000000004
1639440000000,35.839,37.293,35.21,36.715,4106613.7000000002
1639526400000,36.715,38.913,35.519,38.183,4786774.0999999996
1639612800000,38.174,38.53,36.924,37.189,2951364.6000000001
1639699200000,37.19,39,35.308,35.615,5497112.9000000004
1639785600000,35.624,36.765,35.228,36.33,2816067.3999999999
1639872000000,36.331,36.713,35.704,35.769,2241328.7000000002
1639958400000,35.767,35.936,33.778,34.835,3803248.3999999999
1640044800000,34.838,35.871,34.272,35.305,3693768.6000000001
1640131200000,35.305,36.46,35.067,35.628,5673320.9000000004
1640217600000,35.628,38.078,35.1,37.344,5827395.7000000002
1640304000000,37.342,37.753,35.8,36.453,4707206.2000000002
1640390400000,36.456,37.319,36.18,37,3459190.7000000002
1640476800000,37.007,37.722,35.351,37.295,5225441.9000000004
1640563200000,37.298,41.314,36.92,39.224,10804553.3000000007
1640649600000,39.233,39.849,35.766,36.226,10496769.1999999993
1640736000000,36.228,36.745,33.757,34.182,6025747.0999999996
1640822400000,34.191,35.843,33.176,34.949,6222676.2999999998
1640908800000,34.946,35.729,33.479,34.235,5665033.2000000002
1640995200000,34.239,35.978,34.239,35.882,2883085.7000000002
1641081600000,35.882,36.498,35.187,35.733,3587091.2999999998
1641168000000,35.73,35.758,34.351,35.089,4013929.8999999999
1641254400000,35.088,38.283,34.4,36.173,9109429.9000000004
1641340800000,36.17,38.5,31,33.125,10662981.1999999993
1641427200000,33.123,33.475,32,32.963,5366418.0999999996
1641513600000,32.959,33.059,29.5,31.532,7974724.4000000004
1641600000000,31.533,32.2,28.287,29.434,5331528.9000000004
1641686400000,29.435,31.08,29.252,30.206,4330746.7999999998
1641772800000,30.195,30.37,26.076,28.103,7983964.2000000002
1641859200000,28.106,29.246,27.769,28.862,4408044
1641945600000,28.863,30.878,28.461,30.75,5709408.0999999996
1642032000000,30.756,30.861,28.367,28.488,5601735.5999999996
1642118400000,28.494,29.862,28,29.686,4718420.9000000004
1642204800000,29.69,30.601,29.301,29.646,3817463.2999999998
1642291200000,29.65,31.488,29.564,30.376,4971610.2999999998
1642377600000,30.375,30.454,28.507,28.964,4734162.0999999996
1642464000000,28.967,29.327,27.64,28.462,4563030.4000000004
1642550400000,28.463,28.714,27.18,27.603,4109235.3999999999
1642636800000,27.603,28.694,25.97,26.177,4573788.7999999998
1642723200000,26.177,26.572,21,21.947,10946173.0999999996
1642809600000,21.935,22.618,16.936,18.987,16769436.3000000007
1642896000000,18.989,20.238,18.326,19.47,8023205.2999999998
1642982400000,19.471,19.483,16.786,18.395,11332007.5999999996
1643068800000,18.391,18.532,17.708,18.144,6530879.0999999996
1643155200000,18.146,20.434,17.978,19.262,10561454.4000000004
1643241600000,19.26,19.97,18.05,19.177,10794346.3000000007
1643328000000,19.183,19.867,18.471,19.601,6957159.4000000004
1643414400000,19.602,20.778,19.349,20.265,6988648.5999999996
1643500800000,20.263,20.877,19.446,19.799,5134287.5
1643587200000,19.795,21.563,18.92,21.279,7648594.9000000004
1643673600000,21.282,21.597,20.564,20.871,5239929.4000000004
1643760000000,20.875,21.443,19.912,20.154,6295266.5
1643846400000,20.16,20.552,19.5,20.346,5015364.9000000004
1643932800000,20.346,21.706,20.183,21.615,6193736.7000000002
1644019200000,21.625,22.798,21.339,21.967,5927350.9000000004
1644105600000,21.969,22.608,21.511,22.439,4344822.7999999998
1644192000000,22.448,24.695,22.026,24.496,8432920.6999999993
1644278400000,24.493,26.247,23.095,24.604,14480547.0999999996
1644364800000,24.607,24.833,23.412,24.277,6361459.7999999998
1644451200000,24.272,24.784,22.73,23.124,8907568.3000000007
1644537600000,23.131,23.38,20.796,21.077,6413768.2000000002
1644624000000,21.075,21.38,20.23,20.865,5671955.2999999998
1644710400000,20.863,21.185,20.391,20.546,3697997.6000000001
1644796800000,20.547,21.064,19.91,20.695,4725894.2000000002
1644883200000,20.697,22.52,20.65,22.336,5312643.5
1644969600000,22.342,23.587,21.48,23.067,9311033.6999999993
1645056000000,23.059,23.388,20.136,20.513,12849526.5999999996
1645142400000,20.516,21.338,20.15,21.005,7871239.7000000002
1645228800000,21.004,21.254,20.038,20.794,4950669.7000000002
1645315200000,20.792,20.859,19.33,19.784,5031967.2999999998
1645401600000,19.789,20.473,18.479,18.609,7199038.9000000004
1645488000000,18.606,19.237,18.018,19.16,5880943.7000000002
1645574400000,19.16,19.587,18.386,18.431,5210947.5
1645660800000,18.429,18.84,16.61,18.407,11290191.0999999996
1645747200000,18.409,19.2,18.078,18.902,6116173.2999999998
1646092800000,21.679,22.266,20.5,20.956,10280537.5999999996
1646179200000,20.954,21.687,20.17,20.739,9612475.9000000004
1646265600000,20.74,20.96,19.521,20.114,5868299.2999999998
1646352000000,20.117,20.285,18.438,18.801,6527106.2999999998
1646438400000,18.802,19.225,18.228,19.07,3289322.7999999998
1646524800000,19.071,19.286,18.309,18.432,3810884.3999999999
1646611200000,18.431,18.899,17.073,17.802,6235104.7000000002
1646697600000,17.805,18.323,17.641,18.02,4347289.5
1646784000000,18.025,19.27,17.948,18.813,5309201.2999999998
1646870400000,18.813,18.864,17.2,17.875,5238995.4000000004
1646956800000,17.876,18.056,17.141,17.358,4280807.2999999998
1647043200000,17.358,18.47,17.32,17.706,5892180.9000000004
1647129600000,17.704,18.06,16.942,17.226,3737978.7000000002
1647216000000,17.231,17.688,17.048,17.442,3927082.2999999998
1647302400000,17.445,17.506,16.366,16.795,5960610.5999999996
1647388800000,16.795,17.474,16.713,17.416,6489534
1647475200000,17.419,17.79,17.22,17.428,4460122
1647561600000,17.429,17.83,17.067,17.599,4310636.9000000004
1647648000000,17.597,18.406,17.551,18.207,6926616.5999999996
1647734400000,18.211,18.29,17.19,17.632,5647985.7999999998
1647820800000,17.637,17.967,17.315,17.825,5208119.9000000004
1647907200000,17.825,18.697,17.743,18.29,7798200.5
1647993600000,18.294,19.627,18.271,19.336,12601846.0999999996
1648080000000,19.339,19.827,18.866,19.598,9825326.5
1648166400000,19.599,19.69,18.31,18.838,7462139.2999999998
1648252800000,18.837,19.452,18.617,19.412,4603268.7999999998
1648339200000,19.413,24.103,18.909,23.697,24909507.6000000015
1648425600000,23.702,27.87,23.445,25.329,56735602.8999999985
1648512000000,25.33,28.175,24.859,26.361,39088387.5
1648598400000,26.362,26.613,24.66,25.925,20848523.8999999985
1648684800000,25.925,27.57,23.87,24.468,20000384.8999999985
1648944000000,23.933,25.914,23.57,25.446,10912067.5999999996
1649030400000,25.446,25.781,23.62,25.27,14981612.3000000007
1649116800000,25.268,26.583,24.5,24.875,23214878.1000000015
1649203200000,24.881,24.91,21.51,21.731,19053822.1999999993
1649289600000,21.731,22.685,21.398,22.455,9573994.5
1649376000000,22.452,22.922,20.968,21.281,11805352
1649462400000,21.284,21.75,21.139,21.7,4953608.7000000002
1649548800000,21.701,21.84,20.799,21.01,5551518
1649635200000,21.009,21.06,17.968,18.309,13876755.4000000004
1649721600000,18.308,19.702,18.253,19.443,10843746.5999999996
1649808000000,19.446,19.578,18.724,19.401,7329596.0999999996
1649894400000,19.4,19.782,18.437,18.679,7913234.2999999998
1649980800000,18.679,19.196,18.647,19.043,5939836.7999999998
1650067200000,19.044,22.173,18.823,21.66,23791127.6999999993
1650153600000,21.663,21.8,19.557,19.677,30263606.3000000007
1650240000000,19.678,19.93,18.315,19.626,16126114.5999999996
1650326400000,19.626,21.16,19.363,20.406,12839069.1999999993
1650412800000,20.41,20.716,19.323,19.611,11519592
1650499200000,19.609,20.258,18.443,18.837,10776734.6999999993
1650585600000,18.835,19.52,18.663,19.288,8839685.9000000004
1650672000000,19.287,19.557,18.729,18.909,12906144.5
1650758400000,18.91,19.387,18.61,18.903,10257356.1999999993
1650844800000,18.902,18.931,17.343,18.632,12121451.0999999996
1650931200000,18.632,18.769,16.951,17.282,8927048.4000000004
1651017600000,17.282,18.014,17.209,17.705,5302370.7000000002
1651104000000,17.705,18.506,17.476,18.076,8310306.7000000002
1651190400000,18.076,18.203,16.975,17.305,7735477.4000000004
1651276800000,17.304,18.027,11.669,14.217,23779265.8999999985
1651363200000,14.215,15.691,13.876,15.097,20387285.1000000015
1651449600000,15.097,15.27,14.098,14.618,12383633.6999999993
1651536000000,14.615,14.969,14.217,14.621,7385357.5999999996
1651622400000,14.621,15.957,14.522,15.713,10706685.6999999993
1651708800000,15.716,15.865,13.253,13.971,19430628.1999999993
1651795200000,13.97,14.141,13.322,13.862,10489305.4000000004
1651881600000,13.863,13.93,12.782,13.24,9571900.3000000007
1651968000000,13.239,13.45,12.818,13.098,10394205.0999999996
1652054400000,13.099,13.29,10.68,10.977,23780888.8000000007
1652140800000,10.977,12.527,10.515,11.36,27887659.5
1652227200000,11.36,11.565,8.167,8.598,41510269.6000000015
1652313600000,8.596,9.053,6.64,8.119,37499597.1000000015
1652400000000,8.12,9.47,7.877,8.732,20962205.8999999985
1652486400000,8.732,9.118,8.015,8.793,11495503.3000000007
1652572800000,8.794,9.246,8.461,9.153,8222792.2000000002
1652659200000,9.155,9.155,8.182,8.291,10473335.5999999996
1652745600000,8.292,8.904,8.171,8.568,8796171.6999999993
1652832000000,8.569,8.714,7.46,7.599,11920278.5
1652918400000,7.599,8.316,7.352,8.207,13941795.4000000004
1653004800000,8.208,8.338,7.665,7.918,9431900.5
1653091200000,7.92,8.34,7.732,8.171,7597560.4000000004
1653177600000,8.171,8.505,8.002,8.446,7698200.4000000004
1653264000000,8.444,9.51,7.995,8.167,31032347.8000000007
1653350400000,8.167,8.534,8.001,8.411,17229945.3999999985
1653436800000,8.41,8.596,8.05,8.171,13954585.9000000004
1653523200000,8.168,8.29,7.272,7.627,17976651.5
1653609600000,7.627,7.73,7.128,7.221,15773024
1653696000000,7.22,7.599,7.152,7.532,8511239.6999999993
1653782400000,7.532,7.797,7.316,7.617,8195151.7999999998
1653868800000,7.615,8.304,7.538,8.215,13794626.4000000004
1653955200000,8.214,8.361,7.805,8.086,13290887.1999999993
1654041600000,8.087,8.176,7.29,7.433,13232767.9000000004
1654128000000,7.435,7.807,7.297,7.728,8383462.7000000002
1654214400000,7.729,7.754,7.234,7.377,8977204.1999999993
1654300800000,7.378,7.516,7.2,7.46,5580411
1654387200000,7.459,7.564,7.239,7.362,5731123.9000000004
1654473600000,7.363,7.881,7.346,7.56,9828023.5
1654560000000,7.56,7.659,6.975,7.322,14993541.9000000004
1654646400000,7.32,7.455,7.13,7.18,9402235.5
1654732800000,7.18,7.325,7.065,7.216,6799451
1654819200000,7.218,7.248,6.709,6.817,12059678.1999999993
1654905600000,6.817,6.909,6.05,6.103,13498718.1999999993
1654992000000,6.104,6.177,5.578,5.672,16262100.6999999993
1655078400000,5.671,5.829,5.112,5.33,28153829
1655164800000,5.33,5.718,4.989,5.469,20098071
1655251200000,5.469,5.875,5.062,5.87,22444518.6999999993
1655337600000,5.871,5.939,5.2,5.302,13816650.6999999993
1655424000000,5.301,5.477,5.276,5.336,9491900.4000000004
1655510400000,5.337,5.415,4.783,5.109,18779186.6000000015
1655596800000,5.108,5.547,4.98,5.485,20410921.8999999985
1655683200000,5.483,5.688,5.284,5.458,17891635.5
1655769600000,5.458,6.394,5.393,5.967,33133838.3000000007
1655856000000,5.968,5.974,5.44,5.518,19710337.3999999985
1655942400000,5.518,5.92,5.504,5.789,14919946.6999999993
1656028800000,5.789,6.302,5.74,6.115,15354601.4000000004
1656115200000,6.115,6.299,5.84,6.066,10859699.4000000004
1656201600000,6.066,6.347,5.802,5.816,15569474.3000000007
1656288000000,5.816,6.11,5.64,5.779,13743962.5
1656374400000,5.779,5.967,5.418,5.512,14826640.9000000004
1656460800000,5.513,5.597,5.35,5.452,12111515.3000000007
1656547200000,5.453,5.502,5.079,5.393,14781790.0999999996
1656633600000,5.392,5.55,5.221,5.348,14754699.5
1656720000000,5.348,5.397,5.205,5.336,7311189.4000000004
1656806400000,5.337,5.391,5.183,5.306,8215718.9000000004
1656892800000,5.306,5.611,5.206,5.553,12342900.0999999996
1656979200000,5.551,5.632,5.306,5.48,16203530.4000000004
1657065600000,5.48,5.667,5.423,5.563,13464530.4000000004
1657152000000,5.563,5.866,5.523,5.797,12989135.1999999993
1657238400000,5.797,5.934,5.558,5.724,11839987.9000000004
1657324800000,5.725,5.905,5.68,5.798,8166740.4000000004
1657411200000,5.798,5.799,5.426,5.485,9847149.9000000004
1657497600000,5.485,5.486,5.131,5.187,11516515.0999999996
1657584000000,5.188,5.277,5.045,5.076,9679633.3000000007
1657670400000,5.075,5.314,4.968,5.287,14404788.5
1657756800000,5.286,5.415,5.15,5.358,10684077.3000000007
1657843200000,5.359,5.46,5.201,5.225,13006965.0999999996
1657929600000,5.224,5.445,5.153,5.39,11643570.5999999996
1658016000000,5.39,5.976,5.364,5.688,28146257.3999999985
1658102400000,5.688,6.154,5.616,5.939,34292966.1000000015
1658188800000,5.936,6.269,5.631,6.043,28597376.3999999985
1658275200000,6.042,6.179,5.456,5.583,26384186.8000000007
1658361600000,5.582,5.733,5.367,5.622,20858292.8999999985
1658448000000,5.622,5.802,5.413,5.482,18783687.1000000015
1658534400000,5.483,5.656,5.392,5.57,12182902.5
1658620800000,5.569,5.911,5.54,5.639,18278159.6000000015
1658707200000,5.639,5.689,5.2,5.233,15136689.4000000004
1658793600000,5.233,5.322,5.09,5.308,16127091.0999999996
1658880000000,5.309,5.656,5.213,5.652,15403768.4000000004
1658966400000,5.651,6.063,5.546,5.926,25497840
1659052800000,5.927,6.22,5.76,5.96,23901404.8000000007
1659139200000,5.959,8.9,5.952,8.038,158384752.6999999881
1659225600000,8.039,10.736,7.915,9.779,247436452
1659312000000,9.78,11.4,8.354,8.78,230912809
1659398400000,8.782,8.872,7.668,8.195,164651211.599999994
1659484800000,8.196,8.768,7.91,8.083,87896956
1659571200000,8.083,8.63,7.85,8.085,67155913.5
1659657600000,8.085,8.42,8.039,8.341,43440617
1659744000000,8.34,9.55,8.16,9.443,129712052.400000006
1659830400000,9.442,9.45,8.648,8.781,66162521.299999997
1659916800000,8.782,9.397,8.5,8.725,62155572.700000003
1660003200000,8.726,8.836,7.778,8.036,60037710
1660089600000,8.035,8.536,7.705,8.295,59584270.5
1660176000000,8.295,9.01,8.222,8.345,54766029.299999997
1660262400000,8.345,8.817,8.153,8.752,42509488.5
1660348800000,8.755,8.883,8.229,8.368,36328549.8999999985
1660435200000,8.368,8.797,7.947,8.224,37092351.299999997
1660521600000,8.227,8.589,7.997,8.418,37518845.799999997
1660608000000,8.418,8.828,8.141,8.421,64850850.1000000015
1660694400000,8.421,8.9,7.948,8.19,54978792.3999999985
1660780800000,8.19,8.289,6.528,7.473,42726724.6000000015
1660867200000,7.474,7.568,6.263,6.457,84290198
1660953600000,6.457,6.73,6.041,6.241,50715612.5
1661040000000,6.24,6.576,6.206,6.411,33745741.8999999985
1661126400000,6.411,6.423,6.021,6.319,39351880.1000000015
1661212800000,6.32,6.446,6.112,6.378,31624313.3999999985
1661299200000,6.379,6.599,6.166,6.272,38822625.1000000015
1661385600000,6.271,6.489,6.244,6.351,25896108.6999999993
1661472000000,6.352,6.358,5.546,5.658,52776380.1000000015
1661558400000,5.657,5.867,5.579,5.824,29863312.8000000007
1661644800000,5.824,5.885,5.578,5.639,23434160.6999999993
1661731200000,5.638,6.054,5.514,6.009,27546171.5
1661817600000,6.008,6.104,5.565,5.713,29862627.8000000007
1661904000000,5.712,5.888,5.671,5.742,21841117.8999999985
1661990400000,5.743,5.809,5.586,5.771,20000085.5
1662076800000,5.771,5.988,5.68,5.822,23002738.8999999985
1662163200000,5.823,6.654,5.792,6.507,119559919.799999997
1662249600000,6.508,6.65,6.128,6.263,48235086.8999999985
1662336000000,6.262,6.337,5.917,6.138,34762608.200000003
1662422400000,6.137,6.299,5.5,5.595,50280012.6000000015
1662508800000,5.595,5.94,5.512,5.853,27055015.1999999993
1662595200000,5.853,5.952,5.698,5.859,26368328.8999999985
1662681600000,5.858,6.487,5.85,6.379,43031832.8999999985
1662768000000,6.38,6.563,6.191,6.352,28718700.1999999993
1662854400000,6.352,6.99,6.13,6.406,48196707
1662940800000,6.406,6.8,6.319,6.547,54151444.8999999985
1663027200000,6.547,6.552,5.804,5.863,38987298.700000003
1663113600000,5.863,6.025,5.735,5.953,24518656.8999999985
1663200000000,5.953,5.973,5.63,5.719,25900727.3000000007
1663286400000,5.721,5.856,5.641,5.825,18133140.8000000007
1663372800000,5.825,5.959,5.788,5.907,12212273.1999999993
1663459200000,5.908,5.915,4.98,5.252,27740803.6999999993
1663545600000,5.252,5.519,5.12,5.47,25520354.6999999993
1663632000000,5.471,5.513,5.262,5.308,18297817.3999999985
1663718400000,5.309,5.703,5.089,5.238,34153678.799999997
1663804800000,5.238,5.567,5.224,5.519,22177009.3999999985
1663891200000,5.518,5.83,5.316,5.695,31272408.6000000015
1663977600000,5.694,5.802,5.5,5.57,21097438.1999999993
1664064000000,5.569,5.906,5.504,5.714,25106737.3999999985
1664150400000,5.712,5.806,5.51,5.691,27153950.1000000015
1664236800000,5.691,6.161,5.589,5.72,39472576.200000003
1664323200000,5.722,6.056,5.544,5.851,31182724.1999999993
1664409600000,5.852,5.95,5.661,5.777,22837642
1664496000000,5.777,5.84,5.6,5.681,23307419.1999999993
1664582400000,5.682,5.697,5.459,5.515,13819144
1664668800000,5.515,5.57,5.323,5.376,16396771.9000000004
1664755200000,5.376,5.547,5.28,5.516,16034788
1664841600000,5.515,5.652,5.483,5.602,16771573.6999999993
1664928000000,5.601,5.654,5.429,5.585,17270292.6999999993
1665014400000,5.585,5.65,5.456,5.481,17315536.6000000015
1665100800000,5.481,5.531,5.388,5.468,12195954.6999999993
1665187200000,5.468,5.505,5.343,5.395,8294325.7000000002
1665273600000,5.395,5.484,5.376,5.425,9315372.5999999996
1665360000000,5.426,5.481,5.046,5.148,20522595.1999999993
1665446400000,5.148,5.229,4.956,5.132,23283016.6999999993
1665532800000,5.133,5.224,5.098,5.143,12971158.5
1665619200000,5.143,5.179,4.707,5.136,44807721.200000003
1665705600000,5.135,5.324,4.99,5.062,24198205.6000000015
1665792000000,5.062,5.284,4.963,5.191,26464822.6000000015
1665878400000,5.192,5.281,5.088,5.152,16075818.5
1665964800000,5.152,5.275,5.084,5.254,18597992.1000000015
1666051200000,5.254,5.277,5.047,5.128,21368305.8000000007
1666137600000,5.127,5.142,4.904,4.976,18895871.1999999993
1666224000000,4.976,5.093,4.9,4.937,19822666.1999999993
1666310400000,4.938,4.99,4.787,4.955,20892854.1000000015
1666396800000,4.955,4.996,4.896,4.954,9587794.4000000004
1666483200000,4.953,5.181,4.937,5.119,22273506.3999999985
1666569600000,5.119,5.149,4.906,4.943,17976810.3999999985
1666656000000,4.943,5.318,4.904,5.175,30557495.6000000015
1666742400000,5.176,5.362,5.173,5.254,28056022.8000000007
1666828800000,5.254,5.5,5.204,5.231,32427358.1000000015
1666915200000,5.231,5.474,5.108,5.362,31333785.8999999985
1667001600000,5.362,5.902,5.335,5.71,42065197.5
1667088000000,5.71,5.753,5.273,5.388,28078422.3000000007
1667174400000,5.387,5.517,5.295,5.424,24232402.3999999985
1667260800000,5.423,5.508,5.321,5.362,20413815.5
1667347200000,5.362,5.431,5.082,5.223,29030918.8999999985
1667433600000,5.222,6.244,5.209,5.783,86899989.299999997
1667520000000,5.782,6.3,5.738,6.144,49865386.1000000015
1667606400000,6.145,6.559,6.01,6.166,35185801.700000003
1667692800000,6.165,6.394,5.766,5.827,33762807
1667779200000,5.826,5.946,5.589,5.731,26887951
1667865600000,5.731,5.854,4.101,4.778,70360769.700000003
1667952000000,4.778,4.861,3.948,4.138,67921988
1668038400000,4.137,4.79,4.072,4.631,45333505.1000000015
1668124800000,4.632,4.68,4.182,4.478,26757033.8000000007
1668211200000,4.479,4.491,4.214,4.27,16657316.5
1668297600000,4.27,4.451,4.204,4.282,27936495.6999999993
1668384000000,4.282,4.406,4.054,4.332,27696736.8000000007
1668470400000,4.331,4.507,4.271,4.389,18708141.5
1668556800000,4.39,4.55,4.254,4.33,24730997.8999999985
1668643200000,4.33,4.392,4.215,4.314,15459989.0999999996
1668729600000,4.315,4.417,4.274,4.342,12736980.8000000007
1668816000000,4.343,4.43,4.243,4.383,12640606.0999999996
1668902400000,4.384,4.465,4.079,4.161,19396551.3000000007
1668988800000,4.161,4.228,4.027,4.165,25731664.6000000015
1669075200000,4.165,4.363,4.09,4.323,22969078.6999999993
1669161600000,4.323,4.491,4.292,4.446,18878404.8999999985
1669248000000,4.445,4.46,4.343,4.394,15109257.0999999996
1669334400000,4.394,4.402,4.246,4.296,14421227.9000000004
1669420800000,4.296,4.404,4.268,4.305,12246945.1999999993
1669507200000,4.305,4.512,4.276,4.34,25337282.8999999985
1669593600000,4.34,4.385,4.124,4.252,23924922.6000000015
1669680000000,4.251,4.408,4.213,4.348,20749302.3000000007
1669766400000,4.348,4.506,4.21,4.415,23214017.3000000007
1669852800000,4.416,4.481,4.341,4.391,17399182.1000000015
1669939200000,4.391,4.703,4.336,4.641,37169176.1000000015
1670025600000,4.642,4.69,4.37,4.422,15797695.8000000007
1670112000000,4.422,4.599,4.416,4.571,10994722.0999999996
1670198400000,4.57,4.62,4.46,4.519,19478653.5
1670284800000,4.519,4.628,4.49,4.588,21070604
1670371200000,4.589,4.6,4.156,4.344,23481109
1670457600000,4.345,4.438,4.3,4.389,16265263.3000000007
1670544000000,4.39,4.463,4.37,4.437,13582259.4000000004
1670630400000,4.437,4.448,4.359,4.378,7471284.7000000002
1670716800000,4.377,4.416,4.231,4.278,9162355.5
1670803200000,4.277,4.285,4.15,4.256,13281179.8000000007
1670889600000,4.256,4.362,4.108,4.324,15731045.8000000007
1670976000000,4.324,4.371,4.171,4.224,16645550
1671062400000,4.224,4.241,4.083,4.15,12662563.9000000004
1671148800000,4.15,4.182,2.329,3.015,83500644.200000003
1671235200000,3.014,3.399,2.853,3.191,117694755.200000003
1671321600000,3.192,3.203,3.019,3.044,45347732.6000000015
1671408000000,3.044,3.106,2.65,2.811,64669022
1671494400000,2.81,3.118,2.798,2.971,53490402.200000003
1671580800000,2.971,3.005,2.863,2.977,31071217.3000000007
1671667200000,2.977,3.008,2.882,2.992,27646009.3999999985
1671753600000,2.992,3.035,2.94,2.965,18569438.8000000007
1671840000000,2.965,2.99,2.914,2.93,9881023.0999999996
1671926400000,2.931,2.968,2.893,2.962,14404511.3000000007
1672012800000,2.961,3.006,2.94,3.001,11949677.4000000004
1672099200000,3.002,3.294,2.953,3.068,81149467
1672185600000,3.069,3.099,2.902,2.99,42654129.3999999985
1672272000000,2.991,3.043,2.912,2.975,26513212.1000000015
1672358400000,2.975,2.996,2.913,2.977,18237996.3000000007
1672444800000,2.978,3.117,2.958,3.008,21503642.6999999993
1672531200000,3.009,3.148,2.988,3.106,26281207.5
1672617600000,3.106,3.219,3.031,3.149,28038540.8000000007
1672704000000,3.15,3.193,3.024,3.089,34076833.200000003
1672790400000,3.09,3.499,3.085,3.353,63333359
1672876800000,3.354,3.361,3.224,3.286,29729042.3000000007
1672963200000,3.287,3.355,3.198,3.34,27566150.3000000007
1673049600000,3.34,3.399,3.273,3.296,19960373.8000000007
1673136000000,3.297,3.462,3.269,3.444,32840493.6999999993
1673222400000,3.444,3.957,3.43,3.776,76862652.099999994
1673308800000,3.777,3.865,3.65,3.76,33747563.799999997
1673395200000,3.761,3.784,3.534,3.732,31376913.3999999985
1673481600000,3.732,3.878,3.577,3.854,43357617.299999997
1673568000000,3.853,4.114,3.739,4.02,38396292
1673654400000,4.021,4.88,3.927,4.816,80699726.200000003
1673740800000,4.816,4.999,4.454,4.703,85444021.299999997
1673827200000,4.704,4.866,4.405,4.574,44883757.200000003
1673913600000,4.574,4.898,4.421,4.629,46673845.5
1674000000000,4.63,4.745,4.203,4.252,44893289.3999999985
1674086400000,4.252,4.438,4.246,4.405,22757741.6000000015
1674172800000,4.404,4.786,4.334,4.743,27134308.1999999993
1674259200000,4.744,5.199,4.688,4.954,57926845.299999997
1674345600000,4.955,5.798,4.901,5.429,75414970.299999997
1674432000000,5.429,5.787,5.142,5.424,60743088.1000000015
1674518400000,5.425,5.562,4.838,4.995,38296592.200000003
1674604800000,4.994,5.707,4.781,5.455,62326519.6000000015
1674691200000,5.456,5.668,5.17,5.436,42536146.200000003
1674777600000,5.437,5.49,5.179,5.393,27979448.1999999993
1674864000000,5.394,5.614,5.164,5.274,26659683.5
1674950400000,5.274,5.575,5.254,5.483,25686261.6999999993
1675036800000,5.484,5.537,4.805,5.098,34252033.700000003
1675123200000,5.099,5.443,5.005,5.233,27305632.1000000015
1675209600000,5.233,5.798,5.039,5.694,51267953.5
1675296000000,5.695,5.883,5.446,5.477,48034398
1675382400000,5.479,5.79,5.414,5.68,31101180.3999999985
1675468800000,5.681,5.733,5.457,5.526,18612455.8000000007
1675555200000,5.526,5.556,5.115,5.301,25263630.6000000015
1675641600000,5.3,5.41,5.068,5.127,24590163.8999999985
1675728000000,5.126,5.569,5.119,5.541,31324198.3999999985
1675814400000,5.541,5.717,5.258,5.448,47608646.5
1675900800000,5.448,5.521,4.594,4.787,46976799
1675987200000,4.786,5.007,4.714,4.844,34636636.299999997
1676073600000,4.844,5.12,4.832,5.098,25055067.6999999993
1676160000000,5.099,5.154,4.841,4.916,18338794.6000000015
1676246400000,4.917,4.962,4.67,4.863,29392719.1000000015
1676332800000,4.863,5.103,4.747,5.089,27933553.1000000015
1676419200000,5.089,5.5,5.004,5.481,27793748.8999999985
1676505600000,5.482,6,5.353,5.403,61318413
1676592000000,5.403,7.9,5.397,7.595,348319312.3000000119
1676678400000,7.59,7.996,7.268,7.526,159670369
1676764800000,7.526,9.55,7.526,8.47,336895449.8999999762
1676851200000,8.471,8.73,8.033,8.539,140175706.8000000119
1676937600000,8.54,8.693,7.7,8.188,117373619.700000003
1677024000000,8.188,9.186,7.526,8.029,197324516.599999994
1677110400000,8.029,8.27,7.593,7.852,94372589.599999994
1677196800000,7.851,8.053,6.6,6.849,124952946.5
1677283200000,6.849,6.997,6.338,6.701,77677748.900000006
1677369600000,6.702,6.99,6.638,6.899,51119722
1677456000000,6.899,7.27,6.66,6.849,65087790.200000003
1677542400000,6.848,6.879,6.303,6.483,50002375.299999997
1677628800000,6.483,7.29,6.406,7.25,88675824.799999997
1677715200000,7.25,7.39,6.64,6.904,64948161.1000000015
1677801600000,6.904,6.976,5.82,6.254,66190072.5
1677888000000,6.254,6.324,5.68,5.911,40656182.200000003
1677974400000,5.911,6.277,5.873,6.136,47176269.6000000015
1678060800000,6.135,6.24,6.002,6.094,34572977.200000003
1678147200000,6.093,6.194,5.755,5.972,48149403.700000003
1678233600000,5.971,6.104,5.585,5.779,67379016
1678320000000,5.779,6.197,5.275,5.506,138352089.5
1678406400000,5.505,5.524,5.096,5.308,123858732.099999994
1678492800000,5.308,5.51,4.651,4.951,120777619.200000003
1678579200000,4.951,5.779,4.8,5.715,95769742.5
1678665600000,5.714,6.59,5.64,6.378,200031776.099999994
1678752000000,6.379,7.59,6.128,6.756,176688129.1999999881
1678838400000,6.756,7.049,5.31,5.604,202234074.5
1678924800000,5.603,5.935,5.504,5.8,136487861
1679011200000,5.8,6.487,5.692,6.392,133302603.700000003
1679097600000,6.391,6.565,5.823,5.879,101940735.900000006
1679184000000,5.88,6.525,5.851,6.281,76327230.400000006
1679270400000,6.281,6.456,5.65,5.717,94467648.700000003
1679356800000,5.716,6.091,5.619,5.923,67616128.299999997
1679443200000,5.922,5.977,5.3,5.645,78518538.900000006
1679529600000,5.645,5.972,5.605,5.923,48814579.6000000015
1679616000000,5.923,6.059,5.437,5.55,62327442
1679702400000,5.55,5.623,5.248,5.375,37381754.3999999985
1679788800000,5.374,5.743,5.349,5.678,34973820.700000003
1679875200000,5.679,5.7,5.191,5.343,47026709.8999999985
1679961600000,5.342,5.628,5.262,5.554,40520713.299999997
1680048000000,5.554,5.824,5.538,5.728,39550037.8999999985
1680134400000,5.728,5.886,5.422,5.56,48591419.299999997
1680220800000,5.56,5.736,5.438,5.685,32514320.5
1680307200000,5.685,5.8,5.509,5.761,30449788.1000000015
1680393600000,5.76,5.795,5.429,5.545,26341430.8000000007
1680480000000,5.545,5.683,5.328,5.57,39943940
1680566400000,5.569,5.667,5.5,5.613,23276391.5
1680652800000,5.613,5.79,5.537,5.667,32072639.8999999985
1680739200000,5.668,5.683,5.51,5.597,20275317.8999999985
1680825600000,5.598,6.019,5.501,5.785,64915768.6000000015
1680912000000,5.785,5.918,5.725,5.763,42374573.8999999985
1680998400000,5.764,5.889,5.607,5.744,30754264
1681084800000,5.745,6.239,5.666,6.171,50666516.3999999985
1681171200000,6.172,6.182,5.945,6.111,51747487.700000003
1681257600000,6.11,6.127,5.761,5.962,53144256.200000003
1681344000000,5.961,6.145,5.902,6.078,32761337.8999999985
1681430400000,6.079,6.329,5.924,6.23,60043068.8999999985
1681516800000,6.229,6.445,6.072,6.303,44726658
1681603200000,6.304,6.396,6.19,6.341,35780621.5
1681689600000,6.342,6.373,6.023,6.122,38736043.8999999985
1681776000000,6.122,6.32,6.025,6.265,29950093.8000000007
1681862400000,6.265,6.313,5.35,5.692,53145669.700000003
1681948800000,5.691,5.816,5.453,5.56,40656711.299999997
1682035200000,5.56,5.633,5.117,5.256,39779356.299999997
1682121600000,5.255,5.34,5.2,5.325,20266336.1000000015
1682208000000,5.324,5.386,5.124,5.268,25615156.8999999985
1682294400000,5.267,5.349,5.149,5.253,26146811.3999999985
1682380800000,5.252,5.381,5.137,5.346,25667853.3999999985
1682467200000,5.347,5.555,4.974,5.247,47473307.1000000015
1682553600000,5.248,5.485,5.196,5.386,36513616.6000000015
1682640000000,5.387,5.528,5.249,5.505,27980705.8000000007
1682726400000,5.504,5.665,5.411,5.568,35543385.200000003
1682812800000,5.568,5.612,5.36,5.414,26700040.8999999985
1682899200000,5.414,5.46,5.183,5.299,25397108
1682985600000,5.299,5.322,5.208,5.278,18193939.1999999993
1683072000000,5.279,5.383,5.15,5.344,27801141.1000000015
1683158400000,5.343,5.364,5.223,5.263,14527527.4000000004
1683244800000,5.264,5.326,5.055,5.262,25885626.1999999993
1683331200000,5.262,5.295,4.924,5.044,24176517.8999999985
1683417600000,5.044,5.129,5,5.031,15933976.5999999996
1683504000000,5.03,5.073,4.32,4.532,49055006.299999997
1683590400000,4.532,4.601,4.484,4.543,21013280
1683676800000,4.542,4.735,4.35,4.595,39393762.5
1683763200000,4.595,4.601,4.204,4.35,36891607.3999999985
1683849600000,4.35,4.444,4.19,4.436,27264306.1999999993
1683936000000,4.435,4.44,4.326,4.382,12958605.1999999993
1684022400000,4.382,4.49,4.32,4.448,13763651.6999999993
1684108800000,4.448,4.539,4.363,4.449,21820349.6000000015
1684195200000,4.45,4.491,4.365,4.424,21452936.5
1684281600000,4.425,4.608,4.378,4.541,42820233.1000000015
1684368000000,4.542,4.681,4.384,4.457,30064733.1999999993
1684454400000,4.457,4.512,4.42,4.493,16431712
1684540800000,4.492,4.532,4.448,4.508,10306087
1684627200000,4.508,4.527,4.32,4.376,14861296.9000000004
1684713600000,4.375,4.437,4.294,4.407,17486279.6999999993
1684800000000,4.408,4.528,4.391,4.52,19204038.6999999993
1684886400000,4.521,4.529,4.3,4.458,24341565
1684972800000,4.459,4.474,4.327,4.415,16975470.8999999985
1685059200000,4.415,4.459,4.368,4.438,13497350.1999999993
1685145600000,4.437,4.513,4.405,4.477,10655147.8000000007
1685232000000,4.478,4.712,4.467,4.658,20024517.1000000015
1685318400000,4.657,4.721,4.584,4.634,15545927.0999999996
1685404800000,4.634,4.908,4.596,4.821,37621416.200000003
1685491200000,4.822,4.884,4.572,4.69,28090718.8000000007
1685577600000,4.689,4.756,4.604,4.695,18139122.8999999985
1685664000000,4.695,5.028,4.669,4.96,46402076.8999999985
1685750400000,4.961,4.974,4.801,4.853,20009081
1685836800000,4.853,4.894,4.611,4.659,24369832.1999999993
1685923200000,4.659,4.659,3.934,4.213,54092575.8999999985
1686009600000,4.213,4.441,4.135,4.398,28613605.6000000015
1686096000000,4.399,4.399,4.044,4.135,29273709.6999999993
1686182400000,4.134,4.177,4.074,4.09,17968397.6000000015
1686268800000,4.09,4.144,3.951,4.032,27021868
1686355200000,4.031,4.04,2.539,3.481,149732899
1686441600000,3.481,3.498,3.342,3.425,39096592.200000003
1686528000000,3.425,3.608,3.283,3.526,42862745.200000003
1686614400000,3.526,3.744,3.489,3.656,58848323.8999999985
1686700800000,3.655,3.758,3.444,3.561,37973481.8999999985
1686787200000,3.561,3.719,3.465,3.66,37090748.6000000015
1686873600000,3.66,3.749,3.53,3.69,25763332.8000000007
1686960000000,3.691,3.846,3.655,3.704,20395745.6000000015
1687046400000,3.705,3.755,3.62,3.679,17704885.1999999993
1687132800000,3.68,3.7,3.573,3.686,19312071.8000000007
1687219200000,3.686,3.814,3.585,3.783,25249894.6999999993
1687305600000,3.783,3.973,3.744,3.919,43402817.5
1687392000000,3.918,4.088,3.823,3.918,35227685.6000000015
1687478400000,3.919,4.15,3.917,4.042,32379983.8999999985
1687564800000,4.041,4.07,3.8,3.925,30355640.1000000015
1687651200000,3.926,4.273,3.91,4.117,42514719.6000000015
1687737600000,4.118,4.154,3.884,3.956,33294464.5
1687824000000,3.956,4.079,3.939,4.026,19134008.1000000015
1687910400000,4.027,4.039,3.633,3.768,33263215.6000000015
1687996800000,3.768,3.894,3.76,3.829,20211801.6000000015
1688083200000,3.83,4.04,3.519,3.946,49229844.299999997
1688169600000,3.946,4.257,3.901,4.104,38911732
1688256000000,4.105,4.129,3.935,4.109,35364335.3999999985
1688342400000,4.109,4.949,4.072,4.739,208366245.900000006
1688428800000,4.739,4.768,4.412,4.548,62913835.1000000015
1688515200000,4.547,4.832,4.308,4.598,114037348
1688601600000,4.598,4.686,4.303,4.314,63864701.8999999985
1688688000000,4.315,4.456,4.238,4.401,32842704.5
1688774400000,4.401,4.433,4.213,4.335,22876685.8000000007
1688860800000,4.335,4.428,4.312,4.333,20588040.8999999985
1688947200000,4.333,4.417,4.133,4.318,40563326
1689033600000,4.317,4.345,4.211,4.294,20421841.3999999985
1689120000000,4.294,4.36,4.17,4.235,27483819.6000000015
1689206400000,4.235,4.732,4.178,4.673,56669700.6000000015
1689292800000,4.673,4.745,4.284,4.436,62209343.6000000015
1689379200000,4.436,4.506,4.374,4.435,19745588.8000000007
1689465600000,4.434,4.466,4.3,4.352,24136388.5
1689552000000,4.352,4.478,4.2,4.345,38759960.6000000015
1689638400000,4.345,4.388,4.15,4.279,26950486.3000000007
1689724800000,4.278,4.395,4.212,4.256,23076112.3999999985
1689811200000,4.256,4.585,4.234,4.439,59130115.299999997
1689897600000,4.438,4.55,4.392,4.473,44675582.8999999985
1689984000000,4.474,4.571,4.37,4.456,33791109.1000000015
1690070400000,4.455,4.673,4.431,4.558,41082330.1000000015
1690156800000,4.558,4.596,4.266,4.52,43718787.799999997
1690243200000,4.52,4.549,4.368,4.397,31194811
1690329600000,4.397,4.402,4.241,4.328,38212385.8999999985
1690416000000,4.328,4.433,4.304,4.428,27663019.8999999985
1690502400000,4.429,4.485,4.368,4.391,22967557
1690588800000,4.392,4.444,4.373,4.418,14492366
1690675200000,4.418,4.441,4.17,4.311,23994394.5
1690761600000,4.312,4.363,4.195,4.256,23423839.3999999985
1690848000000,4.255,4.289,4.064,4.279,25834803.1999999993
1690934400000,4.279,4.328,4.19,4.259,28762701.8000000007
1691020800000,4.259,4.295,4.05,4.106,26336236.8999999985
1691107200000,4.105,4.157,4.03,4.093,21692136.6000000015
1691193600000,4.093,4.131,4.022,4.101,16043180.8000000007
1691280000000,4.1,4.178,4.093,4.163,14053648.5
1691366400000,4.164,4.219,3.97,4.106,24937863.6999999993
1691452800000,4.106,4.218,4.066,4.142,19317084.6999999993
1691539200000,4.143,4.2,4.102,4.151,15431398.1999999993
1691625600000,4.151,4.162,4.088,4.14,13492212.5999999996
1691712000000,4.139,4.16,4.089,4.108,10263368.1999999993
1691798400000,4.109,4.14,4.093,4.128,8008422
1691884800000,4.129,4.176,4.056,4.093,14144052.5999999996
1691971200000,4.093,4.124,4.037,4.074,13616535.0999999996
1692057600000,4.074,4.082,3.603,3.853,35190046.299999997
1692144000000,3.852,3.865,3.604,3.727,28421233.8999999985
1692230400000,3.726,3.79,3,3.435,46136842.799999997
1692316800000,3.434,3.527,3.415,3.499,24323823.1000000015
1692403200000,3.499,3.616,3.488,3.566,12312436
1692489600000,3.567,3.589,3.513,3.563,9865656.0999999996
1692576000000,3.563,3.577,3.34,3.412,21890199.8000000007
1692662400000,3.412,3.424,3.2,3.391,23840439.3000000007
1692748800000,3.391,3.488,3.361,3.45,19953332.8000000007
1692835200000,3.45,3.466,3.251,3.298,23859109.3999999985
1692921600000,3.298,3.299,3.178,3.236,24444500.3000000007
1693008000000,3.236,3.281,3.218,3.257,10605654.3000000007
1693094400000,3.258,3.318,3.213,3.315,15416894.0999999996
1693180800000,3.314,3.394,3.267,3.393,37425171.700000003
1693267200000,3.394,3.585,3.292,3.498,37412178.3999999985
1693353600000,3.497,3.502,3.356,3.415,16478591.4000000004
1693440000000,3.414,3.443,3.088,3.214,35776845.799999997
1693526400000,3.214,3.233,3.101,3.172,23137487.8000000007
1693612800000,3.171,3.237,3.128,3.187,15839819.8000000007
1693699200000,3.187,3.194,3.103,3.166,11791126.8000000007
1693785600000,3.165,3.314,3.114,3.174,21208495.3000000007
1693872000000,3.175,3.263,3.139,3.235,16152163.5
1693958400000,3.235,3.331,3.169,3.244,19413778.3999999985
1694044800000,3.244,3.283,3.2,3.265,13120226
1694131200000,3.265,3.286,3.169,3.225,14802865.8000000007
1694217600000,3.225,3.27,3.21,3.239,8171671
1694304000000,3.238,3.245,2.978,3.111,35289922.5
1694390400000,3.112,3.125,2.938,3.023,32991936.3000000007
1694476800000,3.023,3.196,3.015,3.086,25528514.1999999993
1694563200000,3.086,3.229,3.072,3.173,24552939.8999999985
1694649600000,3.172,3.249,3.151,3.231,16410011.3000000007
1694736000000,3.23,3.387,3.215,3.365,22504980.6000000015
1694822400000,3.365,3.459,3.302,3.32,21443476.3000000007
1694908800000,3.321,3.412,3.23,3.326,25165241.6999999993
1694995200000,3.327,3.429,3.279,3.329,32161416.1999999993
1695081600000,3.329,3.41,3.304,3.368,21973345.5
1695168000000,3.367,3.412,3.309,3.363,11836920.5
1695254400000,3.364,3.388,3.178,3.211,24964372.6999999993
1695340800000,3.211,3.24,3.181,3.222,13074080.3000000007
1695427200000,3.223,3.248,3.189,3.24,10592867.9000000004
1695513600000,3.239,3.267,3.167,3.208,14348192.8000000007
1695600000000,3.208,3.245,3.16,3.21,14536433.8000000007
1695686400000,3.21,3.227,3.1,3.169,13684905.0999999996
1695772800000,3.17,3.285,3.167,3.21,21113510.6999999993
1695859200000,3.21,3.314,3.207,3.31,20927726.8000000007
1695945600000,3.31,3.37,3.275,3.335,20779248.6999999993
1696032000000,3.334,3.379,3.303,3.352,13203230.8000000007
1696118400000,3.352,3.477,3.335,3.464,21626357.1000000015
1696204800000,3.464,3.467,3.279,3.33,25333822.1000000015
1696291200000,3.33,3.361,3.279,3.306,14019435.8000000007
1696377600000,3.307,3.329,3.203,3.308,16690944.6999999993
1696464000000,3.309,3.327,3.242,3.256,12224779
1696550400000,3.256,3.37,3.241,3.333,12316883.8000000007
1696636800000,3.334,3.449,3.318,3.446,19635375
1696723200000,3.446,3.448,3.37,3.393,21960829.8000000007
1696809600000,3.393,3.427,3.145,3.224,35924908.1000000015
1696896000000,3.224,3.235,3.162,3.193,14982483.5
1696982400000,3.193,3.208,3.095,3.175,16357301.1999999993
1697068800000,3.175,3.239,3.121,3.209,15933402.8000000007
1697155200000,3.208,3.244,3.17,3.206,12696726.8000000007
1697241600000,3.207,3.234,3.198,3.211,6119091.4000000004
1697328000000,3.211,3.237,3.191,3.223,7481809.0999999996
1697414400000,3.224,3.369,3.205,3.248,26661703.6999999993
1697500800000,3.248,3.258,3.113,3.204,17298128.6000000015
1697587200000,3.203,3.238,3.153,3.171,12451974.4000000004
1697673600000,3.171,3.199,3.123,3.19,13413320.3000000007
1697760000000,3.19,3.289,3.171,3.211,17386474.8000000007
1697846400000,3.211,3.379,3.201,3.34,20279618.1000000015
1697932800000,3.34,3.451,3.302,3.422,26785659.1000000015
1698019200000,3.421,3.95,3.395,3.861,74748972
1698105600000,3.86,3.987,3.668,3.834,76563179.799999997
1698192000000,3.834,3.982,3.684,3.771,45884308.1000000015
1698278400000,3.771,3.88,3.574,3.735,39783025.799999997
1698364800000,3.735,3.74,3.507,3.591,26321774.1999999993
1698451200000,3.592,3.754,3.587,3.737,18794103.1999999993
1698537600000,3.737,3.844,3.635,3.795,27356776.5
1698624000000,3.795,3.879,3.726,3.859,27374956.5
1698710400000,3.86,3.95,3.683,3.831,34375276.700000003
1698796800000,3.831,4.003,3.706,3.942,36779883.8999999985
1698883200000,3.942,4.192,3.776,4.095,58973302.299999997
1698969600000,4.096,4.1,3.837,3.926,44162400.5
1699056000000,3.926,4.031,3.893,4.006,18408944.3000000007
1699142400000,4.005,4.16,3.982,4.114,29276206.8000000007
1699228800000,4.114,4.406,4.059,4.345,37142971
1699315200000,4.344,4.354,4.075,4.239,33675064.700000003
1699401600000,4.24,4.478,4.215,4.436,22093775.6000000015
1699488000000,4.436,4.701,4.127,4.504,54024650.8999999985
1699574400000,4.505,4.656,4.373,4.587,32662399.5
1699660800000,4.586,4.906,4.451,4.743,47390544.5
1699747200000,4.742,5.274,4.541,5.147,53978322.8999999985
1699833600000,5.147,5.678,4.998,5.014,127010070.700000003
1699920000000,5.014,5.164,4.559,4.794,66088008.299999997
1700006400000,4.794,5.291,4.776,5.221,53539097.200000003
1700092800000,5.222,5.427,4.75,4.852,57249864.3999999985
1700179200000,4.852,4.977,4.519,4.738,43225747.8999999985
1700265600000,4.738,4.745,4.383,4.718,34272227.8999999985
1700352000000,4.718,4.921,4.603,4.886,27247267.8000000007
1700438400000,4.886,4.906,4.615,4.69,32754659
1700524800000,4.69,4.745,4.143,4.193,50400436.1000000015
1700611200000,4.194,4.545,4.183,4.473,31639000.6999999993
1700697600000,4.473,4.565,4.413,4.487,19865064.8000000007
1700784000000,4.488,4.714,4.481,4.644,24284300.8999999985
1700870400000,4.643,4.786,4.609,4.78,18891589.3999999985
1700956800000,4.781,4.818,4.446,4.597,27935704
1701043200000,4.598,4.648,4.418,4.542,31747230.6000000015
1701129600000,4.543,4.589,4.371,4.536,27784764.1999999993
1701216000000,4.536,4.6,4.409,4.436,24926099.6000000015
1701302400000,4.435,4.454,4.33,4.387,22739354.6999999993
1701388800000,4.387,4.558,4.349,4.51,23573751.6000000015
1701475200000,4.509,4.737,4.497,4.666,26901107.6000000015
1701561600000,4.666,4.727,4.435,4.577,32884638.1000000015
1701648000000,4.578,4.858,4.33,4.738,56845224.700000003
1701734400000,4.738,4.862,4.551,4.79,48923522.200000003
1701820800000,4.791,4.855,4.62,4.743,43431004.5
1701907200000,4.743,5.085,4.733,5.033,61679027.8999999985
1701993600000,5.034,5.26,4.938,5.226,38851821.1000000015
1702080000000,5.226,5.494,5.06,5.132,58785729.299999997
1702166400000,5.132,5.235,4.975,5.155,32188167.3000000007
1702252800000,5.155,5.206,4.353,4.616,80332134.799999997
1702339200000,4.616,4.769,4.5,4.654,47652949.299999997
1702425600000,4.653,4.774,4.413,4.727,44314007.200000003
1702512000000,4.728,4.894,4.56,4.865,39069219.5
1702598400000,4.866,4.986,4.673,4.81,55035824.8999999985
1702684800000,4.811,6.199,4.701,5.704,181582553.599999994
1702771200000,5.703,5.798,5.243,5.287,127398360.799999997
1702857600000,5.287,5.411,4.864,5.306,92450805.299999997
1702944000000,5.306,5.453,5.04,5.11,50638991.8999999985
1703030400000,5.11,5.397,5.069,5.333,44373912.700000003
1703116800000,5.333,5.55,5.269,5.504,46047200.700000003
1703203200000,5.504,5.8,5.427,5.535,57570719.299999997
1703289600000,5.535,5.653,5.279,5.649,35005759.6000000015
1703376000000,5.648,5.777,5.421,5.642,55201003.799999997
1703462400000,5.642,5.9,5.577,5.795,49888265.3999999985
1703548800000,5.796,5.827,5.218,5.766,63026582.700000003
1703635200000,5.765,6.1,5.503,5.937,61236460.299999997
1703721600000,5.938,6.311,5.8,6.255,89800583.799999997
1703808000000,6.255,6.317,5.66,5.816,81969988.400000006
1703894400000,5.816,6.105,5.732,6.011,41561251.299999997
1703980800000,6.012,7.47,5.931,6.925,153975840.3000000119
1704067200000,6.926,8.14,6.738,7.577,178500618.1999999881
1704153600000,7.578,7.903,7.111,7.182,112037397.799999997
1704240000000,7.182,7.75,5.6,6.288,151905665.6999999881
1704326400000,6.288,6.646,6.156,6.496,60653239.200000003
1704412800000,6.497,6.551,5.716,6.151,75854895.799999997
1704499200000,6.151,6.291,5.721,5.889,65548825.200000003
1704585600000,5.889,6.148,5.5,5.619,56270411.5
1704672000000,5.62,5.895,5.055,5.855,84121287.299999997
1704758400000,5.856,5.898,5.214,5.489,68937453.299999997
1704844800000,5.488,6.092,5.259,5.947,62748291.3999999985
1704931200000,5.947,6.505,5.88,6.461,79619322.5
1705017600000,6.461,6.491,5.766,5.977,71037189.799999997
1705104000000,5.976,6.162,5.71,6.031,35939105.5
1705190400000,6.03,6.265,5.789,5.815,46032943.3999999985
1705276800000,5.814,6.141,5.81,5.926,39165722.5
1705363200000,5.926,5.997,5.726,5.858,37884138.700000003
1705449600000,5.857,5.91,5.61,5.791,40982004.1000000015
1705536000000,5.791,5.978,5.471,5.616,60168608.5
1705622400000,5.617,5.635,5.125,5.479,54868847
1705708800000,5.479,5.553,5.386,5.516,22230296
1705795200000,5.515,5.568,5.36,5.366,20188624.1999999993
1705881600000,5.366,5.409,5.01,5.049,54152777.700000003
1705968000000,5.049,5.14,4.612,4.891,66039466.200000003
1706054400000,4.892,5.03,4.793,5.009,32199596.8999999985
1706140800000,5.009,5.036,4.823,4.967,25994058.5
1706227200000,4.968,5.233,4.907,5.176,25953650.6999999993
1706313600000,5.175,5.397,5.11,5.33,22553180
1706400000000,5.329,5.413,5.124,5.199,25290008.6000000015
1706486400000,5.198,5.371,5.107,5.336,24362510.6999999993
1706572800000,5.336,5.387,5.126,5.156,27230653.6000000015
1706659200000,5.157,5.18,4.888,4.959,36586059.799999997
1706745600000,4.96,5.005,4.85,4.972,28122936.3000000007
1706832000000,4.973,5.082,4.934,5.045,25337736.1000000015
1706918400000,5.044,5.315,5.022,5.062,41451382.299999997
1707004800000,5.061,5.067,4.89,4.926,24901072.6999999993
1707091200000,4.925,5.044,4.852,4.996,22865228.1000000015
1707177600000,4.997,5.148,4.93,5.072,22399971.6999999993
1707264000000,5.071,5.198,4.977,5.187,24099914.6999999993
1707350400000,5.187,5.274,5.14,5.225,26157663.1999999993
1707436800000,5.225,5.552,5.215,5.474,50238153.200000003
1707523200000,5.474,5.501,5.28,5.354,25847924.5
1707609600000,5.354,5.448,5.26,5.311,21866246.8000000007
1707696000000,5.31,5.5,5.208,5.456,32771854.3000000007
1707782400000,5.457,5.549,5.334,5.493,42873481.6000000015
1707868800000,5.493,5.67,5.446,5.597,31952071
1707955200000,5.597,5.943,5.596,5.874,45408350.8999999985
1708041600000,5.873,6,5.645,5.794,44230726.6000000015
1708128000000,5.794,6.402,5.707,6.217,100938312.900000006
1708214400000,6.216,6.445,6.067,6.284,64564474.3999999985
1708300800000,6.284,7.816,6.223,7.408,130700348.400000006
1708387200000,7.408,8.016,7.026,7.717,220669856.5
1708473600000,7.718,7.757,6.822,7.245,120469324
1708560000000,7.246,8.487,7.08,8.078,146847418.3000000119
1708646400000,8.078,8.586,7.803,8.013,148307821.400000006
1708732800000,8.014,8.243,7.706,8.095,65563059.799999997
1708819200000,8.095,8.633,7.971,8.125,89534841.700000003
1708905600000,8.124,8.332,7.816,8.149,70465530
1708992000000,8.149,8.329,7.449,7.672,78235526.5
1709078400000,7.673,8.186,6.678,7.717,119073892.700000003
1709164800000,7.717,8.897,7.562,8.155,116465189.900000006
1709251200000,8.156,8.51,7.95,8.208,61874892.200000003
1709337600000,8.208,9.52,8.084,9.327,105302380.400000006
1709424000000,9.328,10.9,8.501,10.53,137039609.6999999881
1709510400000,10.529,10.836,9.734,10.03,96337146
1709596800000,10.029,10.544,7.604,8.885,131837398.599999994
1709683200000,8.884,10.235,8.497,10.068,85886852.200000003
1709769600000,10.068,10.32,9.568,9.938,54435317.6000000015
1709856000000,9.938,11.824,9.569,11.47,104290721.799999997
1709942400000,11.47,11.88,10.908,11.07,53601797.5
1710028800000,11.071,11.31,10.313,10.693,48887865
1710115200000,10.692,11.399,9.939,11.199,58128728.700000003
1710201600000,11.2,11.221,10,10.918,64652260.8999999985
1710288000000,10.919,11.194,10.28,10.635,44155723.8999999985
1710374400000,10.636,10.78,9.816,10.518,68798134.900000006
1710460800000,10.518,10.645,8.91,9.78,85464969.299999997
1710547200000,9.781,9.9,8.621,8.844,63368693.200000003
1710633600000,8.844,9.365,8.295,9.182,53436440.200000003
1710720000000,9.182,9.655,8.622,8.879,64151643.3999999985
1710806400000,8.879,8.977,7.86,8.004,84175055.400000006
1710892800000,8.004,8.746,7.683,8.644,78491525.299999997
1710979200000,8.643,9.311,8.565,9.029,62730210.700000003
1711065600000,9.03,9.286,8.402,8.732,58358144.200000003
1711152000000,8.732,8.967,8.5,8.633,35503827.8999999985
1711238400000,8.633,8.99,8.518,8.923,27265520.3000000007
1711324800000,8.922,9.555,8.835,9.383,41296070.700000003
1711411200000,9.384,9.742,9.182,9.448,49648005.8999999985
1711497600000,9.448,9.636,8.905,9.132,51130538.799999997
1711584000000,9.131,9.384,8.974,9.311,28445633.1999999993
1711670400000,9.311,10.262,9.204,9.658,68385992.200000003
1711756800000,9.659,9.969,9.405,9.448,35635040.8999999985
1711843200000,9.448,9.996,9.409,9.971,24546566
1711929600000,9.972,10.423,9.032,9.383,71011206.200000003
1712016000000,9.384,9.385,8.469,8.582,62534462.200000003
1712102400000,8.582,8.8,8.255,8.426,46945349.200000003
1712188800000,8.427,8.845,8.212,8.639,35717567.5
1712275200000,8.639,8.665,8.093,8.4,36746466.700000003
1712361600000,8.399,8.69,8.346,8.588,19235134.3000000007
1712448000000,8.588,8.9,8.566,8.84,20481990.6999999993
1712534400000,8.84,9.356,8.664,9.316,28487929.8999999985
1712620800000,9.316,9.347,8.61,8.665,45005603.299999997
1712707200000,8.665,8.725,8.183,8.499,43127159.1000000015
1712793600000,8.498,8.612,7.964,8.057,39071269.200000003
1712880000000,8.057,8.228,5.45,6.608,86872662.299999997
1712966400000,6.607,6.73,4.912,5.718,149490145.3000000119
1713052800000,5.718,6.239,5.461,6.149,107012791.5
1713139200000,6.15,6.538,5.657,6.002,88013688.099999994
1713225600000,6.003,6.125,5.691,6.072,70923700.799999997
1713312000000,6.073,6.109,5.594,5.841,62605715.6000000015
1713398400000,5.841,6.05,5.704,5.992,45950092.299999997
1713484800000,5.993,6.286,5.522,6.143,62368660.6000000015
1713571200000,6.143,6.695,6.055,6.645,36108006.3999999985
1713657600000,6.645,6.76,6.327,6.475,37357173.6000000015
1713744000000,6.474,6.724,6.405,6.567,36903147.200000003
1713830400000,6.567,6.659,6.327,6.384,35035627.1000000015
1713916800000,6.385,6.537,5.971,6.046,57338920.700000003
1714003200000,6.045,6.114,5.822,5.99,44564643.5
1714089600000,5.991,6.114,5.821,6.004,33367340.8000000007
1714176000000,6.003,6.023,5.662,5.92,41842780.299999997
1714262400000,5.92,6.127,5.857,5.897,26409694.6000000015
1714348800000,5.897,5.988,5.72,5.92,41254007.1000000015
1714435200000,5.92,5.995,5.417,5.622,58698635.8999999985
1714521600000,5.622,5.778,5.194,5.713,64510662.1000000015
1714608000000,5.713,6.028,5.546,5.926,37302435.799999997
1714694400000,5.927,6.143,5.826,6.042,29868836.3000000007
1714780800000,6.042,6.212,5.992,6.054,24415376.5
1714867200000,6.054,6.299,5.942,6.153,29853263.8999999985
1714953600000,6.152,6.418,6.011,6.024,41273629.8999999985
1715040000000,6.025,6.133,5.76,5.77,35785154.8999999985
1715126400000,5.77,5.816,5.6,5.702,37812512.200000003
1715212800000,5.701,5.933,5.681,5.917,28888657.1999999993
1715299200000,5.917,5.974,5.559,5.62,39970341.799999997
1715385600000,5.619,5.686,5.539,5.607,21579221.5
1715472000000,5.607,5.696,5.552,5.603,17114608.3000000007
1715558400000,5.602,5.713,5.361,5.601,37470523
1715644800000,5.601,5.621,5.315,5.347,29745279
1715731200000,5.347,5.841,5.27,5.783,33593359.5
1715817600000,5.783,5.938,5.615,5.75,30917311.8000000007
1715904000000,5.75,5.988,5.682,5.88,22414048.1999999993
1715990400000,5.879,5.986,5.802,5.848,18474835.3999999985
1716076800000,5.847,5.963,5.475,5.549,30942689
1716163200000,5.549,6.206,5.479,6.171,50780481.200000003
1716249600000,6.17,6.36,6.055,6.24,42503008.1000000015
1716336000000,6.24,6.302,5.963,6.122,36701425
1716422400000,6.122,6.24,5.495,5.797,59710968.700000003
1716508800000,5.797,5.899,5.655,5.823,32188554.8000000007
1716595200000,5.823,6.052,5.811,6.009,21576987.5
1716681600000,6.009,6.046,5.811,5.858,23688380
1716768000000,5.857,6.25,5.841,6.119,28167404.1000000015
1716854400000,6.12,6.136,5.826,5.945,33108808.6999999993
1716940800000,5.944,6.054,5.757,5.788,33628185.700000003
1717027200000,5.788,5.934,5.634,5.813,31207532.1999999993
1717113600000,5.813,5.859,5.642,5.737,25689565.1000000015
1717200000000,5.738,5.822,5.71,5.8,11775016.8000000007
1717286400000,5.799,5.874,5.694,5.812,22141914
1717372800000,5.812,5.964,5.747,5.79,24853305.1000000015
1717459200000,5.791,6.057,5.713,5.965,28294496.8999999985
1717545600000,5.965,6.107,5.946,6.08,24803452.6000000015
1717632000000,6.08,6.099,5.843,5.961,25277752.3999999985
1717718400000,5.961,6.757,5.69,6.118,113155087.099999994
1717804800000,6.118,6.473,5.963,6.053,91925438.900000006
1717891200000,6.053,6.37,6.01,6.128,49700887.8999999985
1717977600000,6.128,6.153,5.72,5.793,53253558.6000000015
1718064000000,5.793,5.819,5.283,5.383,61110658.799999997
1718150400000,5.383,5.753,5.212,5.654,62128448.799999997
1718236800000,5.654,5.697,5.288,5.383,39433302.799999997
1718323200000,5.383,5.468,4.939,5.09,45927778.799999997
1718409600000,5.09,5.363,5.082,5.227,29264594.1999999993
1718496000000,5.227,5.294,5.126,5.24,18872142
1718582400000,5.24,5.278,4.698,4.926,52681214.6000000015
1718668800000,4.927,4.943,4.025,4.348,94963181.099999994
1718755200000,4.348,4.495,4.292,4.438,34045700.5
1718841600000,4.438,4.618,4.312,4.407,36248933.6000000015
1718928000000,4.406,4.449,4.267,4.398,36975788.200000003
1719014400000,4.398,4.445,4.341,4.377,15712918.0999999996
1719100800000,4.377,4.476,4.218,4.285,27395902.8999999985
1719187200000,4.285,4.412,3.994,4.397,63200666.200000003
1719273600000,4.397,4.521,4.357,4.443,24895119.6000000015
1719360000000,4.443,4.498,4.308,4.395,22718880.1999999993
1719446400000,4.395,4.53,4.28,4.504,23933666
1719532800000,4.504,4.582,4.377,4.381,26669741.8000000007
1719619200000,4.381,4.45,4.318,4.347,15086349.8000000007
1719705600000,4.348,4.502,4.296,4.477,19889353.5
1719792000000,4.478,4.559,4.322,4.326,28424143.3999999985
1719878400000,4.326,4.461,4.303,4.418,22754529.1000000015
1719964800000,4.418,4.438,4.036,4.102,44043490.3999999985
1720051200000,4.102,4.133,3.763,3.779,62185641.1000000015
1720137600000,3.779,3.789,3.237,3.54,103611542
1720224000000,3.54,4.017,3.501,3.976,40915679.700000003
1720310400000,3.976,3.976,3.607,3.634,43242024.1000000015
1720396800000,3.635,3.942,3.448,3.815,69764872.599999994
1720483200000,3.815,3.96,3.749,3.91,30398730.5
1720569600000,3.91,3.993,3.833,3.969,29905443.1999999993
1720656000000,3.97,4.234,3.936,4.08,52307553.6000000015
1720742400000,4.08,4.146,3.951,4.121,42332468.299999997
1720828800000,4.121,4.316,4.085,4.281,32159643.1000000015
1720915200000,4.282,4.347,4.181,4.271,23303560.5
1721001600000,4.27,4.461,4.204,4.44,40993286.700000003
1721088000000,4.441,4.624,4.232,4.532,61358429
1721174400000,4.532,4.838,4.48,4.552,55370510.299999997
1721260800000,4.553,4.655,4.304,4.384,42082010
1721347200000,4.384,4.708,4.286,4.653,42686392.799999997
1721433600000,4.653,4.783,4.57,4.707,29472712.3000000007
1721520000000,4.707,4.799,4.487,4.776,33774744.200000003
1721606400000,4.776,4.821,4.477,4.506,37179010.200000003
1721692800000,4.507,4.603,4.329,4.451,37876616.200000003
1721779200000,4.45,4.543,4.205,4.265,28680181.6000000015
1721865600000,4.265,4.287,4.035,4.197,47318920.6000000015
1721952000000,4.197,4.71,4.184,4.643,34478608.799999997
1722038400000,4.643,4.671,4.514,4.574,27909129.6000000015
1722124800000,4.574,4.645,4.391,4.441,18243618.5
1722211200000,4.441,4.646,4.4,4.439,32756920.1999999993
1722297600000,4.44,4.534,4.235,4.329,29110492.1999999993
1722384000000,4.33,4.376,4.165,4.206,28085700.5
1722470400000,4.207,4.296,3.861,4.161,56168984.5
1722556800000,4.161,4.196,3.815,3.869,54609574.8999999985
1722643200000,3.869,3.954,3.589,3.687,48639077.200000003
1722729600000,3.686,3.772,3.362,3.53,50072498.5
1722816000000,3.53,3.566,2.855,3.235,177729375.599999994
1722902400000,3.235,3.588,3.228,3.497,58323315.299999997
1722988800000,3.496,3.564,3.313,3.353,50728264.3999999985
1723075200000,3.353,3.833,3.296,3.831,49157838.799999997
1723161600000,3.831,3.858,3.691,3.762,31379222.3999999985
1723248000000,3.762,3.821,3.725,3.776,18178738.6999999993
1723334400000,3.775,3.851,3.446,3.487,33679582.700000003
1723420800000,3.487,3.793,3.467,3.732,43655005.299999997
1723507200000,3.732,3.772,3.591,3.704,33338616.1999999993
1723593600000,3.703,3.731,3.531,3.581,27369436.5
1723680000000,3.581,3.678,3.427,3.499,35109907.1000000015
1723766400000,3.5,3.581,3.405,3.498,33576301.1000000015
1723852800000,3.498,3.584,3.482,3.567,12804704.0999999996
1723939200000,3.567,3.628,3.506,3.546,17153587.6999999993
1724025600000,3.546,3.635,3.527,3.622,22387744.5
1724112000000,3.622,3.703,3.55,3.649,25441804.3999999985
1724198400000,3.649,3.836,3.605,3.792,30427691.8000000007
1724284800000,3.793,3.953,3.756,3.945,25225060.8999999985
1724371200000,3.945,4.29,3.94,4.225,38609286.799999997
1724457600000,4.224,4.336,4.165,4.242,24940990.3000000007
1724544000000,4.241,4.262,4.053,4.157,28748280.3000000007
1724630400000,4.157,4.191,3.881,3.927,35402684.8999999985
1724716800000,3.927,4.046,3.613,3.717,42687978.3999999985
1724803200000,3.717,3.827,3.551,3.643,47614864.700000003
1724889600000,3.642,3.797,3.589,3.641,25588807.6999999993
1724976000000,3.641,3.71,3.45,3.638,31374010.1999999993
1725062400000,3.639,3.669,3.529,3.566,14405215.3000000007
1725148800000,3.566,3.579,3.303,3.358,38113375.200000003
1725235200000,3.357,3.522,3.312,3.488,37898526.5
1725321600000,3.489,3.555,3.34,3.351,28920529
1725408000000,3.351,3.468,3.16,3.391,39571438.799999997
1725494400000,3.391,3.426,3.312,3.356,25077756.5
1725580800000,3.357,3.416,3.141,3.271,52337033.3999999985
1725667200000,3.271,3.372,3.267,3.347,16866278.3000000007
1725753600000,3.348,3.442,3.317,3.405,18386462.6999999993
1725840000000,3.405,3.675,3.366,3.599,33792774.6000000015
1725926400000,3.599,3.691,3.538,3.657,22672864
1726012800000,3.657,3.663,3.481,3.6,31680598.8999999985
1726099200000,3.599,3.681,3.573,3.655,22041776
1726185600000,3.655,3.769,3.618,3.724,27119704.8999999985
1726272000000,3.724,3.743,3.634,3.66,16523441
1726358400000,3.659,3.684,3.407,3.445,28213755.5
1726444800000,3.445,3.477,3.357,3.412,26796072.6999999993
1726531200000,3.411,3.531,3.383,3.462,22321032.3000000007
1726617600000,3.462,3.618,3.36,3.614,30449376
1726704000000,3.614,3.754,3.613,3.685,27324561.1999999993
1726790400000,3.686,3.839,3.651,3.775,29341373.8000000007
1726876800000,3.776,3.882,3.695,3.863,18717099.1000000015
1726963200000,3.863,3.873,3.601,3.72,29153600.3999999985
1727049600000,3.72,3.809,3.653,3.757,30667586.1999999993
1727136000000,3.757,3.88,3.693,3.854,31400843.1000000015
1727222400000,3.854,4.044,3.85,3.939,36147406
1727308800000,3.94,4.146,3.877,4.1,38584307.700000003
1727395200000,4.101,4.291,4.093,4.195,32203871.1000000015
1727481600000,4.195,4.223,4.017,4.124,23215471
1727568000000,4.125,4.156,4.01,4.081,18733088.6000000015
1727654400000,4.081,4.098,3.776,3.809,38406364.1000000015
1727740800000,3.809,3.94,3.428,3.553,56524837.5
1727827200000,3.554,3.684,3.441,3.534,34300129.299999997
1727913600000,3.534,3.653,3.42,3.572,41401752.1000000015
1728000000000,3.572,3.654,3.543,3.644,20214979.6999999993
1728086400000,3.645,3.677,3.553,3.613,15204792.9000000004
1728172800000,3.614,3.713,3.603,3.698,14589123.5
1728259200000,3.698,3.813,3.681,3.71,28535875.3000000007
1728345600000,3.71,3.776,3.586,3.626,25984439.5
1728432000000,3.626,3.676,3.454,3.499,24587230.6000000015
1728518400000,3.498,3.539,3.431,3.535,23551768.1999999993
1728604800000,3.536,3.615,3.502,3.585,19871496.8999999985
1728691200000,3.585,3.655,3.571,3.611,15868492.5
1728777600000,3.611,3.626,3.475,3.566,20295787.8000000007
1728864000000,3.567,3.9,3.528,3.856,32183407.6000000015
1728950400000,3.857,3.933,3.686,3.802,43902307.700000003
1729036800000,3.802,3.828,3.694,3.75,20582423.5
1729123200000,3.75,3.77,3.6,3.64,26407905.8000000007
1729209600000,3.64,3.781,3.622,3.775,18859282
1729296000000,3.776,3.822,3.7,3.766,14373201.4000000004
1729382400000,3.766,4.017,3.708,3.983,26321681.6999999993
1729468800000,3.983,4.021,3.779,3.85,26381661.1000000015
1729555200000,3.85,3.911,3.726,3.804,24214053
1729641600000,3.803,3.813,3.602,3.692,21739391
1729728000000,3.692,3.77,3.647,3.739,14815838.5
1729814400000,3.738,3.75,3.268,3.439,36124561.200000003
1729900800000,3.439,3.488,3.371,3.467,19292281
1729987200000,3.467,3.603,3.452,3.563,13081543.8000000007
1730073600000,3.563,3.67,3.483,3.624,24529651.6000000015
1730160000000,3.623,3.743,3.603,3.708,21535382.6999999993
1730246400000,3.708,3.791,3.663,3.723,21741298.3000000007
1730332800000,3.723,3.741,3.487,3.533,23846197.6999999993
1730419200000,3.533,3.587,3.421,3.469,24467063.3000000007
1730505600000,3.469,3.508,3.388,3.43,13152380.9000000004
1730592000000,3.429,3.438,3.236,3.339,26693202
1730678400000,3.338,3.406,3.197,3.273,22842231.3000000007
1730764800000,3.272,3.432,3.267,3.389,21971007.8999999985
1730851200000,3.39,3.754,3.389,3.711,38754924.3999999985
1730937600000,3.711,3.829,3.671,3.771,25029034.6999999993
1731024000000,3.771,3.968,3.68,3.915,44395717
1731110400000,3.916,4.08,3.787,4.054,32544530.6999999993
1731196800000,4.054,4.427,3.997,4.27,62470441.700000003
1731283200000,4.27,4.419,4.118,4.415,54173800.5
1731369600000,4.415,4.66,4.097,4.225,77981412
1731456000000,4.225,4.299,3.854,4.079,76289551.799999997
1731542400000,4.08,4.216,3.801,3.859,47608222.299999997
1731628800000,3.859,4.26,3.782,4.204,52225509.799999997
1731715200000,4.203,4.828,4.152,4.75,66047022.1000000015
1731801600000,4.75,4.883,4.253,4.347,65293922.1000000015
1731888000000,4.348,4.656,4.321,4.538,59680431.8999999985
1731974400000,4.539,4.591,4.286,4.436,37047280.1000000015
1732060800000,4.435,4.535,4.118,4.246,46737232.200000003
1732147200000,4.247,4.671,4.078,4.535,59538350.8999999985
1732233600000,4.535,4.973,4.457,4.938,62023446.6000000015
1732320000000,4.939,5.674,4.839,5.374,113130113
1732406400000,5.374,6.141,5.183,5.726,126850340.900000006
1732492800000,5.727,5.865,5.353,5.459,83989342.599999994
1732579200000,5.458,5.772,5.161,5.437,72294339.099999994
1732665600000,5.437,5.852,5.293,5.815,55141683.700000003
1732752000000,5.815,5.904,5.513,5.814,48321484.6000000015
1732838400000,5.814,6.175,5.626,6.146,48258292.200000003
1732924800000,6.147,7.33,6.068,7.081,92822080.200000003
1733011200000,7.08,7.1,6.654,6.87,64185249.6000000015
1733097600000,6.869,7.499,6.624,7.288,130340586.099999994
1733184000000,7.288,7.65,6.685,7.313,117331197.099999994
1733270400000,7.314,8.436,7.301,8.091,130822156.099999994
1733356800000,8.092,8.289,7.447,7.699,95825091.099999994
1733443200000,7.699,8.308,7.589,8.082,65800843
1733529600000,8.082,8.094,7.708,7.83,41119818.1000000015
1733616000000,7.829,7.96,7.581,7.878,34775281.6000000015
1733702400000,7.878,7.879,5.444,6.267,113817052.599999994
1733788800000,6.267,6.475,5.679,6.2,93958065.400000006
1733875200000,6.2,6.787,5.943,6.68,48974416
1733961600000,6.681,7.152,6.61,6.732,56378876
1734048000000,6.733,6.854,6.514,6.75,39723627.1000000015
1734134400000,6.75,6.852,6.26,6.432,37356043.700000003
1734220800000,6.433,6.786,6.313,6.737,35784064.799999997
1734307200000,6.736,6.944,6.445,6.532,44672095.299999997
1734393600000,6.532,6.659,6.216,6.288,44122288.5
1734480000000,6.289,6.341,5.518,5.646,71141262.099999994
1734566400000,5.646,5.736,4.92,5.083,98925889.400000006
1734652800000,5.084,5.32,4.378,5.208,104325253.200000003
1734739200000,5.207,5.479,4.843,4.917,66880049.1000000015
1734825600000,4.918,5.058,4.689,4.83,49396031.700000003
1734912000000,4.83,5.26,4.718,5.195,51146142.799999997
1734998400000,5.194,5.57,5.037,5.46,38948735.200000003
1735084800000,5.46,5.499,5.227,5.292,28398193.3000000007
1735171200000,5.292,5.362,4.901,4.976,38553891.700000003
1735257600000,4.975,5.201,4.888,4.95,35983072.700000003
1735344000000,4.95,5.283,4.902,5.21,26157792.8999999985
1735430400000,5.21,5.239,4.912,4.954,24852020.5
1735516800000,4.954,5.184,4.749,4.925,44471457.8999999985
1735603200000,4.926,5.137,4.805,4.952,26981628.1000000015
1735689600000,4.952,5.196,4.846,5.121,29494074.8999999985
1735776000000,5.121,5.368,5.12,5.305,31523610.1999999993
1735862400000,5.306,5.754,5.239,5.664,36572652.799999997
1735948800000,5.664,5.733,5.561,5.639,22893691.1999999993
1736035200000,5.639,5.972,5.5,5.911,30240521.1999999993
1736121600000,5.911,6.295,5.783,5.983,71120069.700000003
1736208000000,5.984,6.105,5.328,5.349,58746927.700000003
1736294400000,5.35,5.486,4.885,5.107,59363113.3999999985
1736380800000,5.106,5.188,4.907,5.05,44740037.6000000015
1736467200000,5.05,5.262,5.009,5.208,37053764.700000003
1736553600000,5.207,5.314,5.1,5.201,17519730.3000000007
1736640000000,5.201,5.235,5.014,5.086,18141345.8999999985
1736726400000,5.086,5.229,4.6,4.918,60173926.8999999985
1736812800000,4.918,5.247,4.902,5.21,28218166.3999999985
1736899200000,5.21,5.676,5.11,5.653,43171399
1736985600000,5.653,5.789,5.386,5.615,47638303.5
1737072000000,5.616,5.953,5.615,5.83,34037048.5
1737158400000,5.83,5.87,5.32,5.444,47212642.6000000015
1737244800000,5.443,5.617,4.83,4.978,71455169.599999994
1737331200000,4.977,5.495,4.825,5.104,81472918.599999994
1737417600000,5.104,5.349,4.882,5.255,37240156.1000000015
1737504000000,5.255,5.306,4.96,5,24197702.8999999985
1737590400000,4.999,5.146,4.858,5.061,34296211.5
1737676800000,5.062,5.201,4.894,5.013,26748647.3000000007
1737763200000,5.013,5.078,4.923,4.981,17551556.8999999985
1737849600000,4.981,5.188,4.849,4.858,21916186.1000000015
1737936000000,4.858,4.863,4.337,4.657,67535079.099999994
1738022400000,4.657,4.724,4.322,4.384,31596058.3000000007
1738108800000,4.384,4.647,4.363,4.511,29694280.8000000007
1738195200000,4.511,4.897,4.472,4.807,23410494.6999999993
1738281600000,4.806,4.961,4.679,4.811,29311856.1000000015
1738368000000,4.811,4.874,4.325,4.37,26763025.6000000015
1738454400000,4.37,4.463,3.3,3.6,93627692.400000006
1738540800000,3.601,3.602,2.58,3.505,164622688.099999994
1738627200000,3.505,3.522,3.116,3.333,76832623
1738713600000,3.333,3.382,3.188,3.24,37478844.200000003
1738800000000,3.239,3.355,3.081,3.118,49633425.200000003
1738886400000,3.118,3.381,3.071,3.185,48473955.6000000015
1738972800000,3.184,3.325,3.144,3.302,25215868.1000000015
1739059200000,3.302,3.386,3.154,3.308,29174177.6999999993
1739145600000,3.309,3.468,3.187,3.427,36313566.8999999985
1739232000000,3.427,3.535,3.264,3.336,34498352.5
1739318400000,3.337,3.53,3.171,3.477,45222788.8999999985
1739404800000,3.477,3.51,3.341,3.401,29450176.1999999993
1739491200000,3.402,3.628,3.384,3.526,29346908.5
1739577600000,3.526,3.568,3.377,3.414,20024751.1999999993
1739664000000,3.413,3.487,3.356,3.396,23814112.6999999993
1739750400000,3.396,3.512,3.309,3.434,35048694.700000003
1739836800000,3.434,3.437,3.129,3.228,51631052
1739923200000,3.228,3.343,3.189,3.323,28671412.8000000007
1740009600000,3.324,3.527,3.313,3.492,34334049
1740096000000,3.493,3.606,3.251,3.319,51804611.299999997
1740182400000,3.318,3.454,3.299,3.431,24691425
1740268800000,3.432,3.506,3.372,3.411,23489993.6000000015
1740355200000,3.411,3.436,2.934,3.014,63174096.3999999985
1740441600000,3.014,3.179,2.798,3.14,99699831.900000006
1740528000000,3.141,3.221,3.005,3.147,55126799.799999997
1740614400000,3.147,3.344,3.126,3.261,41771676.799999997
1740700800000,3.26,3.329,2.992,3.249,73008707.599999994
1740787200000,3.249,3.297,3.134,3.241,28157514.8000000007
1740873600000,3.241,3.596,3.18,3.564,54134747
1740960000000,3.563,3.584,2.996,3.068,75752278.200000003
1741046400000,3.068,3.084,2.764,3.014,92875681.200000003
1741132800000,3.014,3.18,2.973,3.134,37411369.8999999985
1741219200000,3.134,3.201,3.041,3.085,33282314.1999999993
1741305600000,3.085,3.224,2.905,3.114,56305793.1000000015
1741392000000,3.115,3.163,3.031,3.101,26330321.1999999993
1741478400000,3.102,3.123,2.736,2.785,51224139.1000000015
1741564800000,2.786,2.974,2.589,2.642,66177182.6000000015
1741651200000,2.642,2.806,2.436,2.741,74702895.400000006
1741737600000,2.741,2.868,2.67,2.787,43935163
1741824000000,2.786,2.838,2.663,2.747,37692007.8999999985
1741910400000,2.747,2.916,2.737,2.883,28177569.5
1741996800000,2.883,2.979,2.856,2.947,19531758.6000000015
1742083200000,2.947,2.954,2.812,2.833,30929604.1000000015
1742169600000,2.832,3.081,2.831,3.021,33205826.8999999985
1742256000000,3.021,3.03,2.817,2.923,52745324.6000000015
1742342400000,2.923,3.095,2.915,3.086,37149740.299999997
1742428800000,3.086,3.105,2.972,3.047,32339658
1742515200000,3.048,3.069,2.867,2.916,29502781.1999999993
1742601600000,2.916,3.057,2.911,2.989,23723795.8000000007
1742688000000,2.988,3.03,2.963,3.025,16837393.6999999993
1742774400000,3.024,3.21,2.994,3.127,36549114.1000000015
1742860800000,3.127,3.156,3.086,3.13,21708584.3999999985
1742947200000,3.13,3.209,3.001,3.025,35284662.6000000015
1743033600000,3.026,3.109,2.956,3.02,28802578.3999999985
1743120000000,3.02,3.047,2.777,2.827,39968701.299999997
1743206400000,2.826,2.851,2.695,2.743,33155728.3999999985
1743292800000,2.744,2.796,2.701,2.753,24425655.1000000015
1743379200000,2.754,2.811,2.696,2.776,31028303.3999999985
1743465600000,2.777,2.942,2.773,2.836,37581939.1000000015
1743552000000,2.836,2.906,2.644,2.699,53057022.200000003
1743638400000,2.699,2.783,2.603,2.73,39640259.299999997
1743724800000,2.731,3.463,2.682,2.765,154792887.3000000119
1743811200000,2.764,2.776,2.652,2.695,36325981.299999997
1743897600000,2.696,2.708,2.323,2.374,91276692.400000006
1743984000000,2.374,2.467,2.111,2.368,160502864
1744070400000,2.368,2.42,2.242,2.263,62948817.200000003
1744156800000,2.264,2.535,2.173,2.473,90370029.5
1744243200000,2.472,2.481,2.301,2.346,51637791.3999999985
1744329600000,2.346,2.471,2.33,2.452,36597157.5
1744416000000,2.453,2.586,2.416,2.56,34922521.8999999985
1744502400000,2.559,2.574,2.438,2.492,41523825.299999997
1744588800000,2.492,2.6,2.485,2.53,52520120.3999999985
1744675200000,2.529,2.538,2.4,2.414,41266474.5
1744761600000,2.415,2.443,2.346,2.386,55679276.3999999985
1744848000000,2.386,2.422,2.322,2.381,35934399.299999997
1744934400000,2.382,2.492,2.364,2.453,29831912.6000000015
1745020800000,2.453,2.659,2.45,2.636,32733017.6999999993
1745107200000,2.636,2.686,2.567,2.647,35896341.700000003
1745193600000,2.647,2.716,2.58,2.608,35254806.700000003
1745280000000,2.609,2.724,2.48,2.711,71258205.200000003
1745366400000,2.712,2.817,2.672,2.789,63306902.3999999985
1745452800000,2.789,2.861,2.659,2.858,55418254.700000003
1745539200000,2.858,2.909,2.796,2.857,51271466.700000003
1745625600000,2.857,2.928,2.813,2.86,35028200.3999999985
1745712000000,2.86,2.886,2.667,2.704,54476297
1745798400000,2.704,2.807,2.644,2.765,53906843.200000003
1745884800000,2.766,2.838,2.702,2.739,37306756.799999997
1745971200000,2.739,2.809,2.667,2.767,34380832.3999999985
1746057600000,2.767,2.863,2.745,2.839,32038851.6999999993
1746144000000,2.839,2.899,2.755,2.802,31703697
1746230400000,2.801,2.806,2.608,2.648,43031131.5
1746316800000,2.647,2.682,2.604,2.628,26054794.6000000015
1746403200000,2.629,2.688,2.566,2.61,32444834.6999999993
1746489600000,2.61,2.627,2.48,2.586,38593041.8999999985
1746576000000,2.586,2.616,2.517,2.584,35051416.200000003
1746662400000,2.585,2.955,2.58,2.929,51203527.6000000015
1746748800000,2.929,3.091,2.923,3.022,57913807.799999997
1746835200000,3.022,3.26,2.993,3.243,53381223.1000000015
1746921600000,3.243,3.307,3.077,3.14,56354030.799999997
1747008000000,3.14,3.299,2.988,3.138,71652628.900000006
1747094400000,3.138,3.262,2.941,3.218,57355201
1747180800000,3.217,3.289,3.021,3.049,48362172.700000003
1747267200000,3.049,3.081,2.876,2.935,68111763.299999997
1747353600000,2.935,3.022,2.844,2.876,43399495.799999997
1747440000000,2.876,2.888,2.737,2.783,54551655.8999999985
1747526400000,2.783,2.985,2.722,2.911,63979242.8999999985
1747612800000,2.91,2.932,2.727,2.859,56629986.1000000015
1747699200000,2.859,2.924,2.759,2.863,42588370.6000000015
1747785600000,2.863,3.001,2.812,2.942,58140269.700000003
1747872000000,2.943,3.096,2.94,3.085,41505620.299999997
1747958400000,3.084,3.157,2.825,2.844,61367998.3999999985
1748044800000,2.844,2.887,2.8,2.823,29464911.6000000015
1748131200000,2.822,2.833,2.717,2.813,39999377.700000003
1748217600000,2.813,2.861,2.754,2.788,34693705.1000000015
1748304000000,2.788,2.921,2.73,2.882,40482984.3999999985
1748390400000,2.883,2.909,2.755,2.86,46589251.6000000015
1748476800000,2.861,2.949,2.746,2.763,50199765
1748563200000,2.762,2.78,2.487,2.51,85256998
1748649600000,2.509,2.62,2.433,2.594,53934819.799999997
1748736000000,2.595,2.596,2.504,2.568,28320355.5
1748822400000,2.568,2.648,2.507,2.641,40419962.200000003
1748908800000,2.641,2.686,2.589,2.626,42781255.200000003
1748995200000,2.625,2.674,2.538,2.561,38793576.8999999985
1749081600000,2.561,2.601,2.317,2.364,72394083.299999997
1749168000000,2.364,2.465,2.359,2.409,37946651
1749254400000,2.408,2.525,2.396,2.506,25072586.6000000015
1749340800000,2.507,2.543,2.469,2.486,29338797.6999999993
1749427200000,2.487,2.614,2.453,2.601,40083974.3999999985
1749513600000,2.601,2.748,2.566,2.73,54558412.6000000015
1749600000000,2.73,2.771,2.662,2.689,46579779.5
1749686400000,2.69,2.702,2.48,2.503,52595403.700000003
1749772800000,2.503,2.505,2.333,2.458,94747344.700000003
1749859200000,2.459,2.459,2.378,2.417,31417769.1999999993
1749945600000,2.418,2.447,2.365,2.42,32749798.3999999985
1750032000000,2.42,2.57,2.395,2.463,44286732.6000000015
1750118400000,2.463,2.496,2.338,2.392,65635153.299999997
1750204800000,2.391,2.415,2.311,2.388,52878190.6000000015
1750291200000,2.388,2.416,2.314,2.344,34537914.5
1750377600000,2.345,2.386,2.18,2.258,68358027
1750464000000,2.259,2.301,2.126,2.189,51866411.6000000015
1750550400000,2.189,2.22,1.96,2.066,111199775.099999994
1750636800000,2.066,2.27,2.047,2.253,77904285
1750723200000,2.253,2.356,2.225,2.297,47680727
1750809600000,2.297,2.313,2.229,2.252,35788931
1750896000000,2.253,2.301,2.174,2.197,45132801.8999999985
1750982400000,2.197,2.224,2.138,2.21,47671049.1000000015
1751068800000,2.21,2.282,2.18,2.267,25971799.3999999985
1751155200000,2.267,2.419,2.246,2.387,33962880
1751241600000,2.387,2.398,2.271,2.3,46240287.700000003
1751328000000,2.3,2.318,2.175,2.201,44971519.8999999985
1751414400000,2.201,2.436,2.178,2.371,58545266.700000003
1751500800000,2.37,2.444,2.353,2.397,48068796.200000003
1751587200000,2.396,2.407,2.226,2.261,50253020.3999999985
1751673600000,2.261,2.279,2.209,2.251,31195770.8999999985
1751760000000,2.252,2.33,2.229,2.291,28409979.1999999993
1751846400000,2.291,2.32,2.246,2.277,34058750.8999999985
1751932800000,2.278,2.332,2.236,2.312,33838367.799999997
1752019200000,2.312,2.471,2.282,2.438,48850975.299999997
1752105600000,2.439,2.607,2.42,2.589,47089439.5
1752192000000,2.588,2.678,2.511,2.562,67864447.299999997
1752278400000,2.562,2.605,2.46,2.534,47924860.8999999985
1752364800000,2.534,2.628,2.517,2.559,36202606.700000003
1752451200000,2.559,2.691,2.52,2.573,58510384.6000000015
1752537600000,2.574,2.651,2.461,2.645,72342695.200000003
1752624000000,2.646,2.74,2.589,2.652,52821228.6000000015
1752710400000,2.653,2.748,2.592,2.707,67480344.099999994
1752796800000,2.708,2.912,2.686,2.754,95010232.799999997
1752883200000,2.754,2.838,2.666,2.802,56093354.3999999985
1752969600000,2.802,3.026,2.771,2.889,79591604.700000003
1753056000000,2.89,2.989,2.823,2.92,70174989.799999997
1753142400000,2.921,2.939,2.756,2.934,95504127.700000003
1753228800000,2.934,2.944,2.55,2.64,104566588.700000003
1753315200000,2.641,2.684,2.468,2.582,90587740.200000003
1753401600000,2.582,2.651,2.498,2.65,67404337.799999997
1753488000000,2.65,2.702,2.623,2.664,27029584
1753574400000,2.663,2.764,2.654,2.758,29960753.8999999985
1753660800000,2.758,2.809,2.576,2.606,58096989.6000000015
1753747200000,2.607,2.671,2.513,2.569,54482689.799999997
1753833600000,2.569,2.586,2.312,2.491,69781631.400000006
1753920000000,2.491,2.549,2.381,2.39,56125961.200000003
1754006400000,2.39,2.397,2.215,2.295,94563051.400000006
1754092800000,2.295,2.334,2.222,2.27,51429884.5
1754179200000,2.271,2.353,2.234,2.342,24604812.1000000015
1754265600000,2.341,2.439,2.337,2.426,30621836.3999999985
1754352000000,2.426,2.432,2.279,2.331,51146906.6000000015
1754438400000,2.331,2.394,2.278,2.377,35113646.700000003
1754524800000,2.376,2.49,2.367,2.488,43219967.799999997
1754611200000,2.489,2.557,2.435,2.545,68780044.299999997
1754697600000,2.545,2.664,2.536,2.63,41843797.700000003
1754784000000,2.631,2.661,2.537,2.623,47624361.700000003
1754870400000,2.623,2.682,2.446,2.468,71896151.5
1754956800000,2.467,2.662,2.443,2.63,57479268.3999999985
1755043200000,2.631,2.762,2.6,2.734,57773046.299999997
1755129600000,2.734,2.759,2.45,2.504,85303655.299999997
1755216000000,2.505,2.554,2.401,2.464,52657552.5
1755302400000,2.463,2.539,2.459,2.53,27958042
1755388800000,2.531,2.629,2.511,2.558,35110450.799999997
1755475200000,2.558,2.562,2.416,2.467,57183065.200000003
1755561600000,2.467,2.498,2.348,2.358,57086166.6000000015
1755648000000,2.357,2.45,2.333,2.435,48358285.6000000015
1755734400000,2.435,2.463,2.371,2.392,31090604.5
1755820800000,2.392,2.614,2.302,2.579,89886252.900000006
1755907200000,2.579,2.586,2.484,2.527,40915622.700000003
1755993600000,2.527,2.547,2.385,2.425,87007958.799999997
1756080000000,2.425,2.447,2.134,2.183,115824138.799999997
1756166400000,2.183,2.356,2.171,2.324,66609873.1000000015
1756252800000,2.324,2.351,2.287,2.309,51203532.299999997
1756339200000,2.309,2.401,2.285,2.382,49002441.799999997
1756425600000,2.382,2.399,2.226,2.269,68592945
1756512000000,2.269,2.305,2.229,2.29,29512505.1999999993
1756598400000,2.289,2.342,2.264,2.268,35965109.3999999985
1756684800000,2.269,2.515,2.217,2.285,151877496.900000006
1756771200000,2.284,2.303,2.214,2.268,80865691.799999997
1756857600000,2.269,2.358,2.254,2.329,42328763.799999997
1756944000000,2.329,2.336,2.229,2.262,55334942.1000000015
1757030400000,2.263,2.382,2.261,2.345,63736303.1000000015
1757116800000,2.345,2.355,2.298,2.325,33640413.799999997
1757203200000,2.325,2.434,2.323,2.393,44647880.299999997
1757289600000,2.394,2.466,2.379,2.439,55754711.200000003
1757376000000,2.438,2.504,2.408,2.451,57304498.799999997
1757462400000,2.452,2.51,2.431,2.492,39412910.299999997
1757548800000,2.491,2.542,2.459,2.536,42958165.299999997
1757635200000,2.537,2.575,2.469,2.561,45373335.6000000015
1757721600000,2.562,2.65,2.543,2.621,49480254.1000000015
1757808000000,2.621,2.625,2.472,2.513,60751555.8999999985
1757894400000,2.514,2.555,2.368,2.411,75431975.799999997
1757980800000,2.411,2.65,2.371,2.557,74065045.299999997
1758067200000,2.556,2.588,2.454,2.569,76641489.799999997
1758153600000,2.57,2.589,2.529,2.577,47655168.200000003
1758240000000,2.577,2.613,2.425,2.445,62990878.200000003
1758326400000,2.446,2.478,2.426,2.443,28059948.1000000015
1758412800000,2.442,2.474,2.389,2.395,35365451.5
1758499200000,2.395,2.41,2.155,2.259,95409536.599999994
1758585600000,2.259,2.286,2.21,2.237,42890131.200000003
1758672000000,2.237,2.295,2.198,2.225,45684980.799999997
1758758400000,2.226,2.238,2.083,2.119,94353178.700000003
1758844800000,2.119,2.202,2.094,2.193,53687754.6000000015
1758931200000,2.194,2.21,2.163,2.188,26091289.6000000015
1759017600000,2.188,2.22,2.123,2.213,37236767.3999999985
1759104000000,2.214,2.232,2.143,2.21,39759656.299999997
1759190400000,2.209,2.211,2.127,2.187,42555423.8999999985
1759276800000,2.187,2.3,2.162,2.295,47818016.8999999985
1759363200000,2.296,2.398,2.289,2.384,50145381.700000003
1759449600000,2.384,2.432,2.312,2.39,53660002.3999999985
1759536000000,2.391,2.405,2.267,2.312,45239494.8999999985
1759622400000,2.313,2.417,2.293,2.33,53359358
1759708800000,2.33,2.43,2.308,2.407,51766427
1759795200000,2.406,2.416,2.268,2.279,68883469
1759881600000,2.279,2.42,2.246,2.365,49308978.3999999985
1759968000000,2.365,2.368,2.216,2.297,66878507.700000003
1760054400000,2.297,2.448,1.381,1.668,257970077.5
1760140800000,1.668,1.755,1.493,1.563,182517980.8000000119
1760227200000,1.562,1.694,1.492,1.657,148425667.099999994
1760313600000,1.658,1.739,1.593,1.728,107942149.799999997
1760400000000,1.728,1.738,1.554,1.674,125144103.799999997
1760486400000,1.674,1.712,1.575,1.602,87485307.200000003
1760572800000,1.603,1.616,1.461,1.491,134788857.400000006
1760659200000,1.492,1.514,1.375,1.464,129756362.700000003
1760745600000,1.463,1.511,1.461,1.493,51550376.799999997
1760832000000,1.494,1.556,1.467,1.532,61028885.6000000015
1760918400000,1.532,1.628,1.499,1.579,66923119
1761004800000,1.579,1.652,1.515,1.56,112774532
1761091200000,1.56,1.575,1.457,1.518,104031490.799999997
1761177600000,1.519,1.578,1.515,1.555,48236398.6000000015
1761264000000,1.555,1.596,1.53,1.569,55584992.299999997
1761350400000,1.568,1.578,1.54,1.559,34194101.8999999985
1761436800000,1.56,1.673,1.543,1.652,56608948.5
1761523200000,1.652,1.685,1.601,1.639,74956807.799999997
1761609600000,1.639,1.651,1.528,1.556,76710220.799999997
1761696000000,1.556,1.643,1.538,1.582,86480112
1761782400000,1.583,1.609,1.396,1.462,121824527.599999994
1761868800000,1.463,1.528,1.455,1.515,77020714.5
1761955200000,1.515,1.715,1.506,1.67,110219217.5
1762041600000,1.67,1.794,1.61,1.666,128442204.700000003
1762128000000,1.665,1.667,1.4,1.44,191257735.6999999881
1762214400000,1.441,1.557,1.267,1.366,245319372.3000000119
1762300800000,1.366,1.416,1.295,1.397,130063831.200000003
1762387200000,1.397,1.938,1.321,1.891,385701306.6999999881
1762473600000,1.892,3.974,1.862,3.374,1193012320.0999999046
1762560000000,3.374,3.617,2.737,2.956,711371420.8999999762
1762646400000,2.956,2.998,2.493,2.781,402857333.5
1762732800000,2.78,2.923,2.462,2.554,248392596.6999999881
1762819200000,2.554,2.681,2.187,2.227,237966949.8000000119
1762905600000,2.227,2.36,2.081,2.196,169879314.099999994
1762992000000,2.195,2.235,1.993,2.067,134455864.1999999881
1763078400000,2.067,2.17,1.929,1.996,170408821.1999999881
1763164800000,1.997,2.199,1.973,2.033,147825845.8000000119
1763251200000,2.033,2.135,1.871,1.959,134635566.400000006
1763337600000,1.958,2.168,1.916,2.019,171844170
1763424000000,2.018,2.205,1.89,1.985,235685146.5
1763510400000,1.985,2.023,1.758,1.88,160663661.099999994
1763596800000,1.88,1.905,1.753,1.82,106734996.299999997
1763683200000,1.82,1.867,1.533,1.658,174722467
1763769600000,1.659,1.668,1.567,1.613,74076062.599999994
1763856000000,1.613,1.684,1.601,1.61,59660881.700000003
1763942400000,1.609,1.68,1.587,1.641,84620495.599999994
1764028800000,1.641,1.738,1.565,1.67,107182820
1764115200000,1.67,1.702,1.596,1.674,81948683
1764201600000,1.674,1.7,1.609,1.615,55908061.8999999985
1764288000000,1.616,1.674,1.581,1.616,76129545.299999997
1764374400000,1.616,1.636,1.572,1.603,50839167.6000000015
1764460800000,1.603,1.642,1.556,1.569,59212067.200000003
1764547200000,1.568,1.573,1.427,1.48,121929259.099999994
1764633600000,1.48,1.576,1.452,1.531,73573268.200000003
1764720000000,1.53,1.621,1.523,1.596,68981877.799999997
1764806400000,1.595,1.614,1.513,1.543,58642363.5
1764892800000,1.544,1.576,1.438,1.484,74799234.799999997
1764979200000,1.485,1.498,1.466,1.49,31474395
1765065600000,1.49,1.507,1.41,1.453,71165824.099999994
1765152000000,1.453,1.529,1.447,1.503,55357260.799999997
1765238400000,1.502,1.595,1.464,1.544,75154084.099999994
1765324800000,1.543,1.553,1.456,1.465,89824863.799999997
1765411200000,1.466,1.468,1.348,1.378,115309719.299999997
1765497600000,1.378,1.414,1.298,1.344,108004894.5
1765584000000,1.344,1.352,1.328,1.349,41670438.1000000015
1765670400000,1.349,1.358,1.294,1.314,60007202.799999997
1765756800000,1.313,1.348,1.222,1.263,108455430.099999994
1765843200000,1.264,1.292,1.236,1.287,71133542.200000003
1765929600000,1.287,1.32,1.206,1.224,115679227.400000006
1766016000000,1.224,1.266,1.159,1.186,110513622
1766102400000,1.187,1.357,1.177,1.308,93396803.5
1766188800000,1.308,1.388,1.292,1.372,49215747.299999997
1766275200000,1.373,1.377,1.255,1.277,82731834.799999997
1766361600000,1.277,1.331,1.269,1.298,72919100.400000006
1766448000000,1.298,1.353,1.268,1.31,79665562.799999997
1766534400000,1.31,1.317,1.262,1.27,62591978.200000003
1766620800000,1.271,1.297,1.197,1.212,68852722.700000003
1766707200000,1.212,1.258,1.205,1.226,64114246.700000003
1766793600000,1.226,1.331,1.22,1.316,76112459.200000003
1766880000000,1.315,1.378,1.297,1.333,108865694.5
1766966400000,1.334,1.376,1.309,1.317,111135570.700000003
1767052800000,1.317,1.341,1.284,1.321,73254453.400000006
1767139200000,1.321,1.353,1.257,1.297,85351648.299999997
1767225600000,1.297,1.552,1.276,1.484,228407320.1999999881
1767312000000,1.484,1.506,1.416,1.504,176061525.3000000119
1767398400000,1.504,1.576,1.45,1.492,115500546.099999994
1767484800000,1.492,1.524,1.461,1.492,112417319.200000003
1767571200000,1.492,1.688,1.458,1.567,212194515.099999994
1767657600000,1.568,1.611,1.517,1.591,124917510.700000003
1767744000000,1.592,1.605,1.493,1.518,119439555.400000006
1767830400000,1.518,1.529,1.45,1.495,103971155.299999997
1767916800000,1.496,1.533,1.471,1.488,77723294.200000003
1768003200000,1.488,1.509,1.457,1.48,44114916.8999999985
1768089600000,1.481,1.515,1.427,1.455,61277107.3999999985
1768176000000,1.455,1.51,1.432,1.46,85624002.5
1768262400000,1.459,1.599,1.455,1.576,124407886.099999994
1768348800000,1.576,1.648,1.552,1.589,118887856.400000006
1768435200000,1.59,1.682,1.455,1.502,150083661
1768521600000,1.502,1.567,1.473,1.519,81893292.299999997
1768608000000,1.519,1.596,1.499,1.549,80706241
1768694400000,1.55,1.571,1.443,1.448,85713430.799999997
1768780800000,1.448,1.448,1.255,1.382,118944266.400000006
1768867200000,1.383,1.388,1.286,1.31,102860115.200000003
1768953600000,1.311,1.376,1.297,1.348,86987249.099999994
1769040000000,1.348,1.36,1.303,1.318,55401908.200000003
1769126400000,1.317,1.368,1.294,1.311,80038237.900000006
1769212800000,1.311,1.324,1.295,1.314,36718562.700000003
1769299200000,1.314,1.329,1.209,1.251,87120964.599999994
1769385600000,1.251,1.29,1.244,1.267,60460571.8999999985
1769472000000,1.267,1.293,1.244,1.271,69692352.799999997
1769558400000,1.272,1.29,1.253,1.28,57443693.5
1769644800000,1.28,1.284,1.155,1.193,115896132
1769731200000,1.193,1.199,1.127,1.174,117206559.099999994
1769817600000,1.174,1.177,0.943,1.052,201666100.099999994
1769904000000,1.052,1.076,1.01,1.034,109724140.700000003
1769990400000,1.035,1.093,1.003,1.081,116979245.5
1770076800000,1.082,1.112,1.014,1.066,131394605.099999994
1770163200000,1.066,1.1,1.027,1.05,116587214.099999994
1770249600000,1.05,1.062,0.871,0.882,247694987.8000000119
1770336000000,0.883,0.988,0.774,0.975,274652028.3999999762
1770422400000,0.975,0.999,0.943,0.975,141246196.599999994
1770508800000,0.975,0.98,0.918,0.932,104569652.700000003
1770595200000,0.933,0.947,0.891,0.936,108647860.599999994
1770681600000,0.936,0.943,0.878,0.9,106540793.299999997
1770768000000,0.901,0.905,0.851,0.879,120249628.5
1770854400000,0.879,0.933,0.878,0.913,94252414.200000003
1770940800000,0.913,0.969,0.884,0.958,78262539.5
1771027200000,0.957,1.031,0.947,1.014,89659247.799999997
1771113600000,1.014,1.029,0.943,0.962,111815532.200000003
1771200000000,0.963,0.99,0.946,0.978,87203318.700000003
1771286400000,0.977,0.982,0.937,0.959,76449618.5
1771372800000,0.959,0.971,0.916,0.927,84783502.799999997
1771459200000,0.927,0.94,0.893,0.914,90803318.799999997
1771545600000,0.915,0.964,0.897,0.956,109414702.099999994
1771632000000,0.956,1.02,0.947,0.969,87026109.599999994
1771718400000,0.969,0.969,0.916,0.929,76926014.900000006
1771804800000,0.929,0.93,0.872,0.89,124837027.599999994
1771891200000,0.89,0.901,0.862,0.878,101360729.099999994
1771977600000,0.879,1.108,0.876,1.062,300350434.3999999762
1772064000000,1.062,1.065,0.976,1.024,215489516.900000006
1772150400000,1.025,1.044,0.967,0.993,148240337.400000006
1772236800000,0.993,1.013,0.92,1.005,154661668.8000000119
1772323200000,1.004,1.033,0.94,0.964,146540988.400000006
1772409600000,0.964,1.028,0.961,0.987,138201375.900000006
1772496000000,0.987,1.012,0.97,0.999,141445949.3000000119
1772582400000,0.999,1.036,0.991,1.023,157837553.900000006
1772668800000,1.024,1.043,0.992,1.011,150926314.3000000119
1772755200000,1.011,1.022,0.963,0.976,116378225.700000003
1772841600000,0.976,0.983,0.943,0.951,61791448.299999997
1772928000000,0.952,0.957,0.918,0.933,99200186.200000003
1773014400000,0.933,0.98,0.93,0.937,121388220.299999997
1773100800000,0.937,0.955,0.851,0.864,187102904.099999994
1773187200000,0.864,0.913,0.843,0.877,172528811.5
1773273600000,0.876,0.88,0.849,0.877,132915971.700000003
1773360000000,0.877,0.905,0.86,0.868,135241921.5
1773446400000,0.867,0.913,0.86,0.882,91520754
1773532800000,0.881,0.902,0.865,0.894,80829182.5
1773619200000,0.895,1.015,0.887,0.989,218839393.6999999881
1773705600000,0.989,0.992,0.952,0.968,102331891.400000006
1773792000000,0.968,0.987,0.901,0.924,143919170.400000006
1773878400000,0.923,0.938,0.875,0.894,106884496.700000003
1773964800000,0.893,0.915,0.889,0.901,93483395.099999994
1774051200000,0.9,0.974,0.866,0.879,133658612.5
1774137600000,0.879,0.892,0.836,0.846,124877697.900000006
1774224000000,0.847,0.942,0.836,0.923,161880562.599999994
1774310400000,0.922,0.948,0.901,0.924,130985309.200000003
1774396800000,0.923,0.938,0.909,0.928,77612316.599999994
1774483200000,0.927,0.932,0.861,0.869,110858676.799999997
1774569600000,0.868,0.88,0.83,0.838,106142929.599999994
1774656000000,0.838,0.841,0.792,0.799,91332221
1774742400000,0.799,0.817,0.773,0.8,73824103.400000006
1774828800000,0.8,0.863,0.799,0.816,126992135.299999997
1774915200000,0.815,0.843,0.811,0.832,101472581.200000003
1775001600000,0.831,0.857,0.821,0.837,71922501.200000003
1775088000000,0.837,0.845,0.797,0.816,109812119.099999994
1775174400000,0.816,0.853,0.815,0.834,66564353.3999999985
1775260800000,0.834,0.855,0.832,0.838,53669138.200000003
1775347200000,0.837,0.854,0.811,0.843,73008844.5
1775433600000,0.843,0.907,0.839,0.858,133797454.5
1775520000000,0.857,0.929,0.841,0.915,124227837.700000003
1775606400000,0.916,0.922,0.88,0.883,91707244.099999994
1775692800000,0.882,0.926,0.871,0.904,74597747.200000003
1775779200000,0.904,0.918,0.893,0.913,73065145.5
1775865600000,0.914,0.924,0.885,0.899,75317021.200000003
1775952000000,0.899,0.9,0.852,0.856,99167919
1776038400000,0.857,0.928,0.855,0.919,92558037.200000003
1776124800000,0.918,0.92,0.876,0.882,74789386.400000006
1776211200000,0.883,0.923,0.883,0.917,61293957.799999997
1776297600000,0.917,1.021,0.908,0.997,167090890.3000000119
1776384000000,0.997,1.013,0.969,0.981,124289542.099999994
1776470400000,0.981,0.994,0.937,0.941,80049080.799999997
1776556800000,0.942,0.943,0.898,0.906,88175477.400000006
1776643200000,0.906,0.935,0.905,0.922,78845601
1776729600000,0.922,0.937,0.905,0.925,84332145
1776816000000,0.926,0.963,0.923,0.926,88283120.799999997
1776902400000,0.926,0.935,0.903,0.929,94201386.599999994
1776988800000,0.929,0.953,0.92,0.939,70153904.700000003
1777075200000,0.94,0.957,0.928,0.936,59485336.6000000015
1777161600000,0.936,0.957,0.93,0.942,52022982.1000000015
1777248000000,0.943,0.957,0.897,0.921,74280310.099999994
1777334400000,0.922,0.932,0.905,0.919,53099399.1000000015
1777420800000,0.918,0.991,0.871,0.915,140088715.6999999881
1777507200000,0.915,0.938,0.908,0.921,69830265.299999997
1777593600000,0.922,0.939,0.911,0.918,60494133.200000003
1777680000000,0.917,0.941,0.912,0.932,32421320.3999999985
1777766400000,0.932,0.936,0.913,0.922,38278720.5
1777852800000,0.922,0.975,0.913,0.933,104883808.900000006
1777939200000,0.934,0.999,0.931,0.974,86473260.5
1778025600000,0.974,1.16,0.97,1.114,546599525
1778112000000,1.115,1.125,1.045,1.098,258744599.6999999881
1778198400000,1.098,1.322,1.069,1.285,339917219.6999999881
1778284800000,1.286,1.319,1.19,1.199,188718691.6999999881
1778371200000,1.199,1.207,1.105,1.146,168862733.599999994
1778457600000,1.146,1.158,1.117,1.126,118727419.099999994
1778544000000,1.126,1.131,1.067,1.091,121778754.299999997
1778630400000,1.092,1.113,1.027,1.047,115919113.700000003
1778716800000,1.047,1.068,1.022,1.054,93521820.599999994
1778803200000,1.054,1.066,0.977,1.009,116773036.5
1778889600000,1.01,1.021,0.947,0.97,82552923.299999997
1778976000000,0.97,0.981,0.901,0.941,66154473.200000003
1779062400000,0.941,0.962,0.924,0.96,86044804.900000006
1779148800000,0.96,0.968,0.929,0.936,56064895.299999997
1779235200000,0.936,0.974,0.933,0.969,62518152.700000003
1779321600000,0.97,1.022,0.965,1.008,97791762.200000003
1779408000000,1.007,1.038,0.951,0.96,133832055.400000006
1779494400000,0.96,1.013,0.909,0.982,122565629.799999997
1779580800000,0.982,0.983,0.931,0.955,72969529.900000006
1779667200000,0.955,1.006,0.95,0.982,75521523.799999997
1779753600000,0.982,1.051,0.966,1.008,158104679.599999994
1779840000000,1.008,1.099,0.973,1.029,286775035.6000000238
1779926400000,1.029,1.059,0.928,0.959,205460388.3000000119
1780012800000,0.959,0.99,0.922,0.955,128938215.599999994
1780099200000,0.956,1.016,0.954,0.972,98189794.400000006
1780185600000,0.973,0.985,0.911,0.936,81390816.799999997
1780272000000,0.937,0.974,0.891,0.956,125059192.400000006
1780358400000,0.955,0.958,0.841,0.861,177907297.900000006
1780444800000,0.862,0.999,0.848,0.925,221154867.599999994
1780531200000,0.926,0.937,0.825,0.866,249208238.8000000119
1780617600000,0.865,0.875,0.697,0.733,478988670.3999999762
1780704000000,0.734,0.748,0.668,0.731,156403666.099999994
1780790400000,0.73,0.802,0.727,0.772,130703697.400000006
1780876800000,0.772,0.792,0.754,0.774,95845018.200000003
1780963200000,0.774,0.782,0.739,0.761,125956192.5
1781049600000,0.762,0.77,0.719,0.734,179872581.400000006
1781136000000,0.733,0.775,0.733,0.757,129977193
1781222400000,0.757,0.764,0.739,0.748,135997387.6999999881
1781308800000,0.748,0.799,0.747,0.784,134571071.8000000119
1781395200000,0.784,0.797,0.752,0.794,109781694.799999997
1781481600000,0.794,0.824,0.784,0.795,127325652.900000006
1781568000000,0.794,0.82,0.773,0.808,133204696.599999994
1781654400000,0.807,0.832,0.775,0.798,175144472
1781740800000,0.798,0.808,0.754,0.798,128072995.599999994
1781827200000,0.799,0.808,0.761,0.791,112412707.400000006
1781913600000,0.792,0.798,0.773,0.787,52511196.3999999985
1782000000000,0.787,0.826,0.778,0.782,73463849.5
1782086400000,0.781,0.82,0.778,0.787,81707888.799999997
1782172800000,0.788,0.806,0.736,0.788,106881376.299999997
1782259200000,0.788,0.795,0.697,0.749,128332877.599999994
1782345600000,0.75,0.773,0.685,0.736,121814587.299999997
1782432000000,0.737,0.758,0.7,0.744,136017486.400000006
1782518400000,0.743,0.755,0.723,0.726,56922100.700000003
1782604800000,0.726,0.739,0.7,0.716,61011789.6000000015
1782691200000,0.716,0.747,0.705,0.731,103181835.700000003
1782777600000,0.732,0.743,0.703,0.718,74136809
1782864000000,0.718,0.756,0.7,0.736,81847015.099999994
1782950400000,0.736,0.789,0.731,0.773,75204445
1783036800000,0.773,0.815,0.77,0.806,60809895.700000003
1783123200000,0.805,0.817,0.789,0.796,43300439.1000000015
1783209600000,0.797,0.807,0.774,0.799,44563456.299999997
1783296000000,0.8,0.815,0.758,0.794,66867591.700000003
1783382400000,0.795,0.802,0.769,0.773,50379832.700000003
1783468800000,0.774,0.783,0.7426,0.7646,82092749.099999994
1783555200000,0.7646,0.7995,0.7603,0.7801,60574279.8999999985
1783641600000,0.7801,0.816,0.774,0.7868,59983870
1783728000000,0.7868,0.7997,0.7682,0.7706,38200323.200000003
1783814400000,0.7706,0.791,0.7651,0.7715,44605711.1000000015
1783900800000,0.7715,0.7865,0.733,0.7489,79613187.400000006
1783987200000,0.7489,0.7878,0.7481,0.7846,57409296.200000003
1784073600000,0.7847,0.8062,0.7767,0.7887,45959321.3999999985
1784160000000,0.7886,0.7916,0.7629,0.7692,42790471.3999999985
1784246400000,0.7692,0.779,0.7504,0.7642,45415804.5
1784332800000,0.7643,0.7674,0.7347,0.749,28998808.3999999985
1784419200000,0.7491,0.7543,0.7095,0.7194,57877522
1784505600000,0.7194,0.742,0.7,0.7351,76684814.700000003
1784592000000,0.735,0.7839,0.731,0.7692,69684866.799999997
1784678400000,0.7692,0.7806,0.7554,0.762,46520893.5
1784764800000,0.7619,0.7649,0.7216,0.7274,56344878.3999999985
1784851200000,0.7274,0.7387,0.7102,0.7189,40133914.799999997
1784937600000,0.7188,0.7409,0.7135,0.7359,30430128.3999999985
1785024000000,0.7358,0.7531,0.7308,0.7446,44910077.700000003
1785110400000,0.7446,0.7559,0.6872,0.6938,70007890.200000003
1785196800000,0.6937,0.7077,0.6835,0.7062,51183488.799999997
1785283200000,0.7061,0.7113,0.6531,0.6782,78341134.799999997
1785369600000,0.6782,0.7295,0.6746,0.7128,61628714.6000000015
1785456000000,0.7128,0.727,0.7057,0.7151,52263238.5
