symbol,timestamp_ms,funding_rate
OPUSDT,1654070400011,0.0001
OPUSDT,1654099200000,-0.0000365
OPUSDT,1654128000000,0.0001
OPUSDT,1654156800006,0.00009202
OPUSDT,1654185600021,-0.00006937
OPUSDT,1654214400016,-0.00022651
OPUSDT,1654243200016,-0.00003766
OPUSDT,1654272000012,-0.00032651
OPUSDT,1654300800005,-0.00003121
OPUSDT,1654329600000,-0.00022773
OPUSDT,1654358400007,-0.00013293
OPUSDT,1654387200005,0.0001
OPUSDT,1654416000015,0.00002105
OPUSDT,1654444800000,-0.00001132
OPUSDT,1654473600000,0.0001
OPUSDT,1654502400017,0.0001
OPUSDT,1654531200000,0.0001
OPUSDT,1654560000000,0.0001
OPUSDT,1654588800011,0.0001
OPUSDT,1654617600000,0.0001
OPUSDT,1654646400008,0.0001
OPUSDT,1654675200020,0.00005571
OPUSDT,1654704000012,0.0001
OPUSDT,1654732800000,-0.00006404
OPUSDT,1654761600000,-0.0003681
OPUSDT,1654790400000,0.00002012
OPUSDT,1654819200009,-0.00010077
OPUSDT,1654848000000,0.00002936
OPUSDT,1654876800006,-0.00147874
OPUSDT,1654905600018,-0.00034845
OPUSDT,1654934400014,0.00001846
OPUSDT,1654963200000,0.00007783
OPUSDT,1654992000015,0.0000223
OPUSDT,1655020800019,-0.00020399
OPUSDT,1655049600010,-0.00007202
OPUSDT,1655078400009,-0.00005175
OPUSDT,1655107200000,-0.00002246
OPUSDT,1655136000007,-0.00020773
OPUSDT,1655164800013,0.00000818
OPUSDT,1655193600008,-0.00000149
OPUSDT,1655222400006,0.00001612
OPUSDT,1655251200000,-0.0000616
OPUSDT,1655280000016,0.0001
OPUSDT,1655308800008,-0.00008325
OPUSDT,1655337600009,-0.0000521
OPUSDT,1655366400016,0.0001
OPUSDT,1655395200000,-0.00011542
OPUSDT,1655424000008,-0.00012889
OPUSDT,1655452800003,0.00002607
OPUSDT,1655481600000,0.0001
OPUSDT,1655510400020,0.0001
OPUSDT,1655539200025,0.0001
OPUSDT,1655568000014,0.00008407
OPUSDT,1655596800012,-0.00031308
OPUSDT,1655625600012,0.0001
OPUSDT,1655654400008,0.0001
OPUSDT,1655683200016,0.0001
OPUSDT,1655712000000,0.0001
OPUSDT,1655740800013,0.0001
OPUSDT,1655769600012,0.0001
OPUSDT,1655798400018,0.0001
OPUSDT,1655827200010,0.0001
OPUSDT,1655856000000,0.0001
OPUSDT,1655884800001,0.0001
OPUSDT,1655913600012,0.00004084
OPUSDT,1655942400000,-0.00010713
OPUSDT,1655971200000,0.0001
OPUSDT,1656000000016,0.00006867
OPUSDT,1656028800005,0.00008671
OPUSDT,1656057600004,0.0001
OPUSDT,1656086400018,0.0001
OPUSDT,1656115200001,0.0001
OPUSDT,1656144000010,0.0001
OPUSDT,1656172800000,0.0001
OPUSDT,1656201600002,0.0001
OPUSDT,1656230400016,0.0001
OPUSDT,1656259200006,0.0001
OPUSDT,1656288000008,0.0001
OPUSDT,1656316800000,0.0001
OPUSDT,1656345600016,0.0001
OPUSDT,1656374400016,0.0001
OPUSDT,1656403200001,0.0001
OPUSDT,1656432000005,0.0001
OPUSDT,1656460800000,0.00008955
OPUSDT,1656489600013,0.0001
OPUSDT,1656518400000,-0.00017402
OPUSDT,1656547200000,-0.00007981
OPUSDT,1656576000000,-0.0000977
OPUSDT,1656604800000,0.00006567
OPUSDT,1656633600001,-0.00028194
OPUSDT,1656662400017,0.00006988
OPUSDT,1656691200005,-0.00005685
OPUSDT,1656720000000,-0.00033208
OPUSDT,1656748800000,0.00007
OPUSDT,1656777600008,0.00006455
OPUSDT,1656806400015,-0.00025349
OPUSDT,1656835200004,-0.00008783
OPUSDT,1656864000005,0.00002465
OPUSDT,1656892800021,-0.00007742
OPUSDT,1656921600001,0.0000104
OPUSDT,1656950400000,-0.00024502
OPUSDT,1656979200000,0.0001
OPUSDT,1657008000000,0.00003774
OPUSDT,1657036800015,-0.00012067
OPUSDT,1657065600006,0.0000595
OPUSDT,1657094400000,-0.00012466
OPUSDT,1657123200000,-0.00003429
OPUSDT,1657152000010,-0.00005751
OPUSDT,1657180800010,0.0001
OPUSDT,1657209600011,0.0001
OPUSDT,1657238400008,0.00002729
OPUSDT,1657267200009,0.0001
OPUSDT,1657296000000,0.0001
OPUSDT,1657324800000,0.0001
OPUSDT,1657353600000,0.00006981
OPUSDT,1657382400009,0.0001
OPUSDT,1657411200001,0.00009645
OPUSDT,1657440000002,0.0001
OPUSDT,1657468800001,0.0001
OPUSDT,1657497600000,0.0001
OPUSDT,1657526400003,0.00003175
OPUSDT,1657555200001,0.00004731
OPUSDT,1657584000000,-0.0001455
OPUSDT,1657612800021,0.00005329
OPUSDT,1657641600000,-0.00011181
OPUSDT,1657670400012,-0.000111
OPUSDT,1657699200022,-0.00012604
OPUSDT,1657728000005,-0.00018309
OPUSDT,1657756800017,-0.0000673
OPUSDT,1657785600001,0.00002785
OPUSDT,1657814400000,-0.00014598
OPUSDT,1657843200004,0.0001
OPUSDT,1657872000019,0.0001
OPUSDT,1657900800017,0.0001
OPUSDT,1657929600021,0.00008982
OPUSDT,1657958400014,0.00000458
OPUSDT,1657987200005,0.00007052
OPUSDT,1658016000000,-0.00014871
OPUSDT,1658044800003,-0.00045959
OPUSDT,1658073600007,0.00007108
OPUSDT,1658102400001,-0.00004969
OPUSDT,1658131200004,-0.00124591
OPUSDT,1658160000019,-0.00069387
OPUSDT,1658188800000,-0.00008582
OPUSDT,1658217600000,0.0001
OPUSDT,1658246400001,0.0001
OPUSDT,1658275200004,0.0001
OPUSDT,1658304000000,0.00009408
OPUSDT,1658332800003,0.00002647
OPUSDT,1658361600000,0.0001
OPUSDT,1658390400018,0.0001
OPUSDT,1658419200011,0.0001
OPUSDT,1658448000014,0.00006773
OPUSDT,1658476800000,0.00004632
OPUSDT,1658505600000,0.00003285
OPUSDT,1658534400004,0.00002338
OPUSDT,1658563200002,-0.00010423
OPUSDT,1658592000001,0.00003444
OPUSDT,1658620800000,-0.00010155
OPUSDT,1658649600011,-0.00020429
OPUSDT,1658678400000,-0.00023064
OPUSDT,1658707200000,-0.00007969
OPUSDT,1658736000014,0.0001
OPUSDT,1658764800006,0.0001
OPUSDT,1658793600010,0.0001
OPUSDT,1658822400000,0.00009601
OPUSDT,1658851200000,0.0001
OPUSDT,1658880000008,0.00005198
OPUSDT,1658908800000,-0.00004924
OPUSDT,1658937600003,0.00007967
OPUSDT,1658966400009,0.0001
OPUSDT,1658995200008,0.0001
OPUSDT,1659024000013,-0.0000289
OPUSDT,1659052800000,0.0001
OPUSDT,1659081600000,0.0001
OPUSDT,1659110400000,0.0001
OPUSDT,1659139200005,0.0001
OPUSDT,1659168000009,0.0001
OPUSDT,1659196800000,0.0001
OPUSDT,1659225600022,0.0001
OPUSDT,1659254400011,0.0001
OPUSDT,1659283200019,0.0001
OPUSDT,1659312000010,0.0001
OPUSDT,1659340800019,0.0001
OPUSDT,1659369600017,0.0001
OPUSDT,1659398400000,0.0001
OPUSDT,1659427200007,0.0001
OPUSDT,1659456000014,0.0001
OPUSDT,1659484800001,-0.00003168
OPUSDT,1659513600020,-0.00012564
OPUSDT,1659542400008,-0.00004448
OPUSDT,1659571200001,-0.00003934
OPUSDT,1659600000009,-0.00045429
OPUSDT,1659628800015,0.0001
OPUSDT,1659657600005,0.0001
OPUSDT,1659686400000,0.00002791
OPUSDT,1659715200000,0.0001
OPUSDT,1659744000021,0.0001
OPUSDT,1659772800000,0.0001
OPUSDT,1659801600015,0.00000361
OPUSDT,1659830400013,0.0001
OPUSDT,1659859200000,0.00000024
OPUSDT,1659888000014,0.00002525
OPUSDT,1659916800009,-0.00005653
OPUSDT,1659945600006,-0.00006595
OPUSDT,1659974400000,0.0001
OPUSDT,1660003200020,-0.00002316
OPUSDT,1660032000000,-0.00007174
OPUSDT,1660060800000,0.0001
OPUSDT,1660089600000,0.0001
OPUSDT,1660118400016,0.0001
OPUSDT,1660147200018,0.00003842
OPUSDT,1660176000012,0.0001
OPUSDT,1660204800000,0.0001
OPUSDT,1660233600000,0.0001
OPUSDT,1660262400006,0.0001
OPUSDT,1660291200000,0.0001
OPUSDT,1660320000005,0.0001
OPUSDT,1660348800012,0.0001
OPUSDT,1660377600006,0.0001
OPUSDT,1660406400018,0.0001
OPUSDT,1660435200000,0.0001
OPUSDT,1660464000000,0.0001
OPUSDT,1660492800000,0.0001
OPUSDT,1660521600010,0.0001
OPUSDT,1660550400002,0.0001
OPUSDT,1660579200010,0.0001
OPUSDT,1660608000010,0.0001
OPUSDT,1660636800002,0.0001
OPUSDT,1660665600000,0.0001
OPUSDT,1660694400020,0.0001
OPUSDT,1660723200016,0.0001
OPUSDT,1660752000001,0.0001
OPUSDT,1660780800005,0.0001
OPUSDT,1660809600012,0.0001
OPUSDT,1660838400013,0.0001
OPUSDT,1660867200000,0.0001
OPUSDT,1660896000000,0.0001
OPUSDT,1660924800009,0.0001
OPUSDT,1660953600000,0.0001
OPUSDT,1660982400005,0.0001
OPUSDT,1661011200000,0.0001
OPUSDT,1661040000010,0.0001
OPUSDT,1661068800013,0.0001
OPUSDT,1661097600000,0.00005575
OPUSDT,1661126400011,0.0001
OPUSDT,1661155200005,0.0000928
OPUSDT,1661184000005,0.0001
OPUSDT,1661212800000,0.00008184
OPUSDT,1661241600021,0.0001
OPUSDT,1661270400005,-0.00005056
OPUSDT,1661299200017,-0.00024603
OPUSDT,1661328000021,-0.00008292
OPUSDT,1661356800000,-0.0000682
OPUSDT,1661385600003,-0.0000674
OPUSDT,1661414400000,-0.00005088
OPUSDT,1661443200004,-0.00001393
OPUSDT,1661472000001,-0.00000592
OPUSDT,1661500800004,0.0001
OPUSDT,1661529600000,-0.00002222
OPUSDT,1661558400010,0.00008977
OPUSDT,1661587200007,-0.000012
OPUSDT,1661616000008,0.00006473
OPUSDT,1661644800019,-0.00018165
OPUSDT,1661673600000,-0.00012126
OPUSDT,1661702400000,-0.00004667
OPUSDT,1661731200000,-0.00002768
OPUSDT,1661760000000,-0.00054743
OPUSDT,1661788800001,-0.00016619
OPUSDT,1661817600001,-0.00024902
OPUSDT,1661846400005,-0.0004361
OPUSDT,1661875200010,0.00005376
OPUSDT,1661904000000,-0.00000061
OPUSDT,1661932800005,-0.00004276
OPUSDT,1661961600013,-0.00005662
OPUSDT,1661990400012,0.00004065
OPUSDT,1662019200000,-0.00000721
OPUSDT,1662048000013,-0.000011
OPUSDT,1662076800002,-0.00004652
OPUSDT,1662105600013,0.00005828
OPUSDT,1662134400000,-0.0002119
OPUSDT,1662163200000,0.00002893
OPUSDT,1662192000002,-0.00009103
OPUSDT,1662220800007,-0.0000581
OPUSDT,1662249600008,-0.00010859
OPUSDT,1662278400009,-0.00001923
OPUSDT,1662307200000,-0.00022783
OPUSDT,1662336000015,-0.00033532
OPUSDT,1662364800013,-0.00010272
OPUSDT,1662393600007,-0.00002186
OPUSDT,1662422400018,-0.00010892
OPUSDT,1662451200020,-0.00004875
OPUSDT,1662480000028,0.00001245
OPUSDT,1662508800013,-0.00012645
OPUSDT,1662537600022,-0.0000458
OPUSDT,1662566400021,-0.00015221
OPUSDT,1662595200010,0.00003045
OPUSDT,1662624000000,-0.0000256
OPUSDT,1662652800003,0.00005521
OPUSDT,1662681600011,0.0001
OPUSDT,1662710400000,0.0001
OPUSDT,1662739200000,0.0001
OPUSDT,1662768000003,0.0001
OPUSDT,1662796800000,0.0001
OPUSDT,1662825600012,0.0001
OPUSDT,1662854400009,0.0001
OPUSDT,1662883200012,0.0001
OPUSDT,1662912000005,0.0001
OPUSDT,1662940800007,0.0001
OPUSDT,1662969600013,0.0001
OPUSDT,1662998400000,0.00005989
OPUSDT,1663027200004,0.0001
OPUSDT,1663056000000,0.00009655
OPUSDT,1663084800000,0.00000873
OPUSDT,1663113600000,0.00001577
OPUSDT,1663142400000,-0.00017895
OPUSDT,1663171200000,-0.00006205
OPUSDT,1663200000019,-0.00010359
OPUSDT,1663228800012,-0.00004285
OPUSDT,1663257600007,-0.00002911
OPUSDT,1663286400000,-0.00001647
OPUSDT,1663315200000,-0.00004764
OPUSDT,1663344000000,-0.00007975
OPUSDT,1663372800000,0.0000781
OPUSDT,1663401600012,0.00008845
OPUSDT,1663430400017,-0.00009751
OPUSDT,1663459200000,0.000025
OPUSDT,1663488000004,0.0001
OPUSDT,1663516800000,0.00009146
OPUSDT,1663545600018,-0.00018935
OPUSDT,1663574400006,-0.00011796
OPUSDT,1663603200010,-0.00022812
OPUSDT,1663632000007,0.00004974
OPUSDT,1663660800001,0.00002101
OPUSDT,1663689600000,0.00002837
OPUSDT,1663718400001,0.0001
OPUSDT,1663747200005,-0.00005101
OPUSDT,1663776000000,-0.00006791
OPUSDT,1663804800000,-0.00012107
OPUSDT,1663833600000,-0.0001087
OPUSDT,1663862400011,0.00006395
OPUSDT,1663891200023,0.00004647
OPUSDT,1663920000004,-0.0000078
OPUSDT,1663948800005,-0.00005409
OPUSDT,1663977600000,0.00009331
OPUSDT,1664006400005,0.0001
OPUSDT,1664035200000,-0.0000377
OPUSDT,1664064000010,-0.00006426
OPUSDT,1664092800000,0.0001
OPUSDT,1664121600003,0.00006641
OPUSDT,1664150400001,-0.00014488
OPUSDT,1664179200006,0.00000035
OPUSDT,1664208000000,0.00001065
OPUSDT,1664236800026,-0.00005018
OPUSDT,1664265600004,0.0001
OPUSDT,1664294400006,0.00007049
OPUSDT,1664323200011,-0.00003412
OPUSDT,1664352000000,-0.00024954
OPUSDT,1664380800000,-0.00027053
OPUSDT,1664409600010,0.00005461
OPUSDT,1664438400000,0.0001
OPUSDT,1664467200000,0.00008211
OPUSDT,1664496000006,0.0001
OPUSDT,1664524800002,0.0001
OPUSDT,1664553600007,0.00003842
OPUSDT,1664582400008,0.0001
OPUSDT,1664611200011,0.0001
OPUSDT,1664640000000,0.0001
OPUSDT,1664668800000,0.0001
OPUSDT,1664697600000,0.0001
OPUSDT,1664726400006,0.00009943
OPUSDT,1664755200000,0.00003182
OPUSDT,1664784000014,0.00009946
OPUSDT,1664812800010,0.00009326
OPUSDT,1664841600006,0.00008412
OPUSDT,1664870400004,0.0001
OPUSDT,1664899200013,0.0001
OPUSDT,1664928000000,0.0001
OPUSDT,1664956800000,0.00009625
OPUSDT,1664985600012,-0.0000042
OPUSDT,1665014400008,0.00006758
OPUSDT,1665043200002,0.0001
OPUSDT,1665072000006,0.00004889
OPUSDT,1665100800000,0.0001
OPUSDT,1665129600000,0.00004692
OPUSDT,1665158400007,0.0001
OPUSDT,1665187200010,0.0001
OPUSDT,1665216000004,0.0001
OPUSDT,1665244800018,0.0001
OPUSDT,1665273600000,0.0001
OPUSDT,1665302400007,0.0000483
OPUSDT,1665331200011,0.0001
OPUSDT,1665360000018,0.0001
OPUSDT,1665388800000,0.0001
OPUSDT,1665417600026,0.0001
OPUSDT,1665446400020,0.0001
OPUSDT,1665475200027,0.00007329
OPUSDT,1665504000000,0.00003582
OPUSDT,1665532800014,0.00001259
OPUSDT,1665561600000,-0.00000974
OPUSDT,1665590400000,0.0001
OPUSDT,1665619200013,0.0001
OPUSDT,1665648000016,0.00002804
OPUSDT,1665676800009,-0.0000474
OPUSDT,1665705600020,0.0001
OPUSDT,1665734400000,0.0001
OPUSDT,1665763200009,0.00007892
OPUSDT,1665792000001,0.0001
OPUSDT,1665820800005,0.00008771
OPUSDT,1665849600004,0.00003627
OPUSDT,1665878400012,-0.00001932
OPUSDT,1665907200000,0.00000682
OPUSDT,1665936000010,0.00005193
OPUSDT,1665964800012,0.0000298
OPUSDT,1665993600010,-0.00001183
OPUSDT,1666022400017,-0.00000768
OPUSDT,1666051200010,-0.00004227
OPUSDT,1666080000008,-0.00004045
OPUSDT,1666108800000,0.0001
OPUSDT,1666137600007,0.0001
OPUSDT,1666166400022,0.0001
OPUSDT,1666195200016,0.0001
OPUSDT,1666224000000,0.0001
OPUSDT,1666252800013,0.00001731
OPUSDT,1666281600000,0.00004612
OPUSDT,1666310400005,0.00005779
OPUSDT,1666339200018,-0.00013148
OPUSDT,1666368000000,-0.00003237
OPUSDT,1666396800000,0.0001
OPUSDT,1666425600015,0.00004782
OPUSDT,1666454400000,0.00007292
OPUSDT,1666483200025,-0.00008062
OPUSDT,1666512000000,0.00000442
OPUSDT,1666540800004,-0.00003
OPUSDT,1666569600009,0.0001
OPUSDT,1666598400012,0.00000478
OPUSDT,1666627200002,-0.00009337
OPUSDT,1666656000013,-0.00005957
OPUSDT,1666684800013,-0.00005436
OPUSDT,1666713600000,-0.00000004
OPUSDT,1666742400006,0.0001
OPUSDT,1666771200013,-0.00002309
OPUSDT,1666800000000,-0.00003472
OPUSDT,1666828800009,-0.00003725
OPUSDT,1666857600006,0.0001
OPUSDT,1666886400009,0.0001
OPUSDT,1666915200000,0.0001
OPUSDT,1666944000000,0.0001
OPUSDT,1666972800007,0.0001
OPUSDT,1667001600000,0.00007544
OPUSDT,1667030400003,0.0001
OPUSDT,1667059200010,0.0001
OPUSDT,1667088000000,0.0001
OPUSDT,1667116800013,0.0001
OPUSDT,1667145600009,0.0001
OPUSDT,1667174400012,0.0001
OPUSDT,1667203200000,0.0001
OPUSDT,1667232000010,0.0001
OPUSDT,1667260800000,0.0001
OPUSDT,1667289600000,0.0001
OPUSDT,1667318400000,0.0001
OPUSDT,1667347200000,0.0001
OPUSDT,1667376000000,0.0001
OPUSDT,1667404800019,0.0001
OPUSDT,1667433600011,0.0001
OPUSDT,1667462400016,0.0001
OPUSDT,1667491200005,0.00009879
OPUSDT,1667520000000,0.0001
OPUSDT,1667548800004,0.0001
OPUSDT,1667577600020,0.00006669
OPUSDT,1667606400009,0.00008923
OPUSDT,1667635200007,0.0001
OPUSDT,1667664000018,0.0001
OPUSDT,1667692800009,0.0001
OPUSDT,1667721600000,0.0001
OPUSDT,1667750400010,0.00008058
OPUSDT,1667779200012,0.0001
OPUSDT,1667808000014,0.0001
OPUSDT,1667836800006,0.0001
OPUSDT,1667865600000,0.0001
OPUSDT,1667894400001,0.00007114
OPUSDT,1667923200005,0.0001
OPUSDT,1667952000000,-0.00018159
OPUSDT,1667980800013,-0.00005785
OPUSDT,1668009600004,0.0001
OPUSDT,1668038400006,-0.0000573
OPUSDT,1668067200000,0.0001
OPUSDT,1668096000015,0.0001
OPUSDT,1668124800000,0.0001
OPUSDT,1668153600015,0.0001
OPUSDT,1668182400027,0.0001
OPUSDT,1668211200007,0.0001
OPUSDT,1668240000016,0.0001
OPUSDT,1668268800000,0.0001
OPUSDT,1668297600004,0.0001
OPUSDT,1668326400000,0.0001
OPUSDT,1668355200017,0.0001
OPUSDT,1668384000000,0.0001
OPUSDT,1668412800000,0.0001
OPUSDT,1668441600000,0.0001
OPUSDT,1668470400014,0.0001
OPUSDT,1668499200009,0.0001
OPUSDT,1668528000010,0.0001
OPUSDT,1668556800011,0.0001
OPUSDT,1668585600004,0.0001
OPUSDT,1668614400008,0.0001
OPUSDT,1668643200000,0.0001
OPUSDT,1668672000000,0.0001
OPUSDT,1668700800006,0.0001
OPUSDT,1668729600004,0.0001
OPUSDT,1668758400016,0.0001
OPUSDT,1668787200000,0.0001
OPUSDT,1668816000000,0.0001
OPUSDT,1668844800004,0.0001
OPUSDT,1668873600024,0.0001
OPUSDT,1668902400015,0.0001
OPUSDT,1668931200004,0.0001
OPUSDT,1668960000000,0.0001
OPUSDT,1668988800006,0.0001
OPUSDT,1669017600015,0.0000547
OPUSDT,1669046400000,0.0001
OPUSDT,1669075200000,0.0001
OPUSDT,1669104000000,0.0001
OPUSDT,1669132800000,0.0001
OPUSDT,1669161600000,0.00001687
OPUSDT,1669190400011,0.00004546
OPUSDT,1669219200014,0.0001
OPUSDT,1669248000007,0.0001
OPUSDT,1669276800014,0.00009889
OPUSDT,1669305600013,0.0001
OPUSDT,1669334400004,0.0001
OPUSDT,1669363200015,0.00008336
OPUSDT,1669392000000,0.00007131
OPUSDT,1669420800011,0.00001338
OPUSDT,1669449600000,0.0001
OPUSDT,1669478400000,0.00002631
OPUSDT,1669507200012,-0.00003184
OPUSDT,1669536000000,0.00000287
OPUSDT,1669564800003,0.00003993
OPUSDT,1669593600015,0.00006754
OPUSDT,1669622400004,-0.00022054
OPUSDT,1669651200011,0.00003333
OPUSDT,1669680000000,-0.00000376
OPUSDT,1669708800015,0.0001
OPUSDT,1669737600000,0.0001
OPUSDT,1669766400007,0.00001971
OPUSDT,1669795200000,0.0001
OPUSDT,1669824000015,0.0001
OPUSDT,1669852800001,-0.00009069
OPUSDT,1669881600006,0.0001
OPUSDT,1669910400000,0.0001
OPUSDT,1669939200001,0.00001573
OPUSDT,1669968000016,0.0001
OPUSDT,1669996800017,0.00004707
OPUSDT,1670025600006,0.00002027
OPUSDT,1670054400000,0.0000771
OPUSDT,1670083200011,0.00004087
OPUSDT,1670112000006,0.0001
OPUSDT,1670140800000,0.0001
OPUSDT,1670169600006,0.00009986
OPUSDT,1670198400002,0.00008468
OPUSDT,1670227200011,0.00004235
OPUSDT,1670256000008,0.0001
OPUSDT,1670284800014,0.00003566
OPUSDT,1670313600027,0.00001751
OPUSDT,1670342400009,0.00009566
OPUSDT,1670371200000,-0.00000435
OPUSDT,1670400000000,0.00006069
OPUSDT,1670428800000,0.0001
OPUSDT,1670457600006,0.00003208
OPUSDT,1670486400000,0.00003577
OPUSDT,1670515200014,0.00002835
OPUSDT,1670544000017,0.00007616
OPUSDT,1670572800005,0.00002092
OPUSDT,1670601600000,0.0001
OPUSDT,1670630400009,0.00005029
OPUSDT,1670659200010,0.00003872
OPUSDT,1670688000001,0.00000046
OPUSDT,1670716800011,0.00009078
OPUSDT,1670745600007,0.0001
OPUSDT,1670774400011,-0.00003687
OPUSDT,1670803200000,0.00006118
OPUSDT,1670832000004,0.0000143
OPUSDT,1670860800000,0.0001
OPUSDT,1670889600000,-0.00002032
OPUSDT,1670918400018,0.0000371
OPUSDT,1670947200011,0.0000729
OPUSDT,1670976000010,-0.00000334
OPUSDT,1671004800015,-0.0000658
OPUSDT,1671033600004,0.00003488
OPUSDT,1671062400000,0.0001
OPUSDT,1671091200023,0.0001
OPUSDT,1671120000010,0.0001
OPUSDT,1671148800016,0.00001353
OPUSDT,1671177600011,-0.00001505
OPUSDT,1671206400001,0.0001
OPUSDT,1671235200001,0.00008884
OPUSDT,1671264000011,0.00005547
OPUSDT,1671292800011,0.0001
OPUSDT,1671321600008,-0.00009033
OPUSDT,1671350400001,0.00004465
OPUSDT,1671379200012,0.0001
OPUSDT,1671408000000,0.00008854
OPUSDT,1671436800000,0.00001344
OPUSDT,1671465600000,0.0000968
OPUSDT,1671494400005,0.0001
OPUSDT,1671523200016,-0.00006311
OPUSDT,1671552000000,0.00006427
OPUSDT,1671580800007,-0.00014542
OPUSDT,1671609600012,-0.00000271
OPUSDT,1671638400017,0.00004704
OPUSDT,1671667200004,0.0001
OPUSDT,1671696000000,0.00008535
OPUSDT,1671724800001,0.00003122
OPUSDT,1671753600018,0.00001933
OPUSDT,1671782400000,0.00007136
OPUSDT,1671811200000,0.00006471
OPUSDT,1671840000001,0.00006069
OPUSDT,1671868800007,0.0001
OPUSDT,1671897600008,0.00002231
OPUSDT,1671926400000,0.00004299
OPUSDT,1671955200013,0.0001
OPUSDT,1671984000000,0.00007329
OPUSDT,1672012800001,0.0001
OPUSDT,1672041600000,0.00007291
OPUSDT,1672070400005,0.0001
OPUSDT,1672099200005,0.0001
OPUSDT,1672128000010,0.00004888
OPUSDT,1672156800006,0.00004097
OPUSDT,1672185600010,0.0001
OPUSDT,1672214400010,-0.00005208
OPUSDT,1672243200010,-0.00009585
OPUSDT,1672272000011,0.0001
OPUSDT,1672300800000,-0.00000032
OPUSDT,1672329600008,-0.00002307
OPUSDT,1672358400000,-0.00001811
OPUSDT,1672387200000,-0.00002285
OPUSDT,1672416000000,0.00001595
OPUSDT,1672444800014,0.00003232
OPUSDT,1672473600000,0.00009628
OPUSDT,1672502400000,0.0000897
OPUSDT,1672531200000,0.0001
OPUSDT,1672560000008,0.0001
OPUSDT,1672588800000,0.0001
OPUSDT,1672617600000,0.0001
OPUSDT,1672646400008,0.00007735
OPUSDT,1672675200015,0.00007332
OPUSDT,1672704000003,0.00000305
OPUSDT,1672732800018,-0.00003868
OPUSDT,1672761600000,0.0001
OPUSDT,1672790400000,0.0001
OPUSDT,1672819200016,0.00003192
OPUSDT,1672848000011,0.0001
OPUSDT,1672876800009,0.00001978
OPUSDT,1672905600011,0.0001
OPUSDT,1672934400000,0.0001
OPUSDT,1672963200005,0.00001636
OPUSDT,1672992000001,0.0001
OPUSDT,1673020800000,0.0001
OPUSDT,1673049600006,0.00004333
OPUSDT,1673078400017,0.0001
OPUSDT,1673107200000,0.00001881
OPUSDT,1673136000015,-0.00013219
OPUSDT,1673164800000,-0.00006032
OPUSDT,1673193600010,-0.00011744
OPUSDT,1673222400003,0.00008674
OPUSDT,1673251200000,0.0001
OPUSDT,1673280000006,0.0001
OPUSDT,1673308800003,0.0001
OPUSDT,1673337600021,0.0001
OPUSDT,1673366400000,0.0001
OPUSDT,1673395200011,0.0001
OPUSDT,1673424000006,0.0001
OPUSDT,1673452800004,0.0001
OPUSDT,1673481600000,0.0001
OPUSDT,1673510400000,0.0001
OPUSDT,1673539200000,0.0001
OPUSDT,1673568000004,0.0001
OPUSDT,1673596800000,0.0001
OPUSDT,1673625600018,0.0001
OPUSDT,1673654400000,0.0001
OPUSDT,1673683200001,0.00037991
OPUSDT,1673712000000,0.00026798
OPUSDT,1673740800010,0.00023792
OPUSDT,1673769600002,0.00028168
OPUSDT,1673798400000,0.00057502
OPUSDT,1673827200010,0.00022922
OPUSDT,1673856000007,0.00016529
OPUSDT,1673884800000,0.0001
OPUSDT,1673913600004,0.0001
OPUSDT,1673942400005,0.0001
OPUSDT,1673971200001,0.0001
OPUSDT,1674000000008,0.0001
OPUSDT,1674028800009,0.0001
OPUSDT,1674057600017,0.00016452
OPUSDT,1674086400000,0.00013554
OPUSDT,1674115200015,0.00019608
OPUSDT,1674144000012,0.0001
OPUSDT,1674172800000,0.0001
OPUSDT,1674201600000,0.0001
OPUSDT,1674230400000,0.0001
OPUSDT,1674259200013,0.0001
OPUSDT,1674288000001,0.00033015
OPUSDT,1674316800016,0.0002577
OPUSDT,1674345600000,0.00017282
OPUSDT,1674374400000,0.00014954
OPUSDT,1674403200023,0.0001
OPUSDT,1674432000014,0.00022666
OPUSDT,1674460800014,0.0001
OPUSDT,1674489600016,0.00034696
OPUSDT,1674518400008,0.00010966
OPUSDT,1674547200008,0.00028458
OPUSDT,1674576000000,0.0001
OPUSDT,1674604800012,0.0001
OPUSDT,1674633600000,0.0001
OPUSDT,1674662400010,0.0001
OPUSDT,1674691200010,0.0001
OPUSDT,1674720000003,0.0001
OPUSDT,1674748800020,0.0001
OPUSDT,1674777600008,0.0001
OPUSDT,1674806400000,0.0001
OPUSDT,1674835200000,0.0001
OPUSDT,1674864000009,0.0001
OPUSDT,1674892800018,0.0001
OPUSDT,1674921600005,0.0001
OPUSDT,1674950400011,0.0001
OPUSDT,1674979200000,0.0001
OPUSDT,1675008000008,0.0001
OPUSDT,1675036800001,0.00022702
OPUSDT,1675065600000,0.00022315
OPUSDT,1675094400000,0.0001
OPUSDT,1675123200005,0.0001
OPUSDT,1675152000000,0.0001
OPUSDT,1675180800007,0.0001
OPUSDT,1675209600013,0.0001
OPUSDT,1675238400000,0.0001
OPUSDT,1675267200012,0.00018773
OPUSDT,1675296000004,0.00040101
OPUSDT,1675324800023,0.00052371
OPUSDT,1675353600003,0.00040192
OPUSDT,1675382400010,0.00035142
OPUSDT,1675411200000,0.0003819
OPUSDT,1675440000000,0.0001
OPUSDT,1675468800010,0.00028536
OPUSDT,1675497600000,0.00043813
OPUSDT,1675526400000,0.0001
OPUSDT,1675555200016,0.00021979
OPUSDT,1675584000009,0.00019375
OPUSDT,1675612800018,0.00013783
OPUSDT,1675641600001,0.00033874
OPUSDT,1675670400000,0.0001
OPUSDT,1675699200012,0.00019497
OPUSDT,1675728000004,0.0001
OPUSDT,1675756800011,0.0001
OPUSDT,1675785600018,0.0001
OPUSDT,1675814400009,0.0001
OPUSDT,1675843200010,0.0001
OPUSDT,1675872000000,0.0001
OPUSDT,1675900800014,0.0001
OPUSDT,1675929600006,0.0001
OPUSDT,1675958400001,0.0001
OPUSDT,1675987200012,0.0001
OPUSDT,1676016000005,0.0001
OPUSDT,1676044800020,0.0001
OPUSDT,1676073600007,-0.00002308
OPUSDT,1676102400002,0.0001
OPUSDT,1676131200021,-0.00001544
OPUSDT,1676160000004,-0.00007132
OPUSDT,1676188800000,0.00001445
OPUSDT,1676217600002,0.00002016
OPUSDT,1676246400006,0.00007005
OPUSDT,1676275200008,0.00008211
OPUSDT,1676304000002,0.00007031
OPUSDT,1676332800013,0.0000249
OPUSDT,1676361600014,0.0000851
OPUSDT,1676390400016,-0.0000527
OPUSDT,1676419200011,-0.00000086
OPUSDT,1676448000000,0.0001
OPUSDT,1676476800005,-0.00006396
OPUSDT,1676505600019,0.0001
OPUSDT,1676534400000,0.0001
OPUSDT,1676563200001,0.0001
OPUSDT,1676592000003,0.0001
OPUSDT,1676620800016,0.0001
OPUSDT,1676649600000,0.0001
OPUSDT,1676678400011,0.0001
OPUSDT,1676707200000,0.0001
OPUSDT,1676736000007,0.0001
OPUSDT,1676764800019,0.0001
OPUSDT,1676793600005,0.0001
OPUSDT,1676822400003,0.0001
OPUSDT,1676851200006,0.0001
OPUSDT,1676880000008,0.0001
OPUSDT,1676908800006,0.0001
OPUSDT,1676937600001,0.0001
OPUSDT,1676966400004,0.0001
OPUSDT,1676995200011,0.0001
OPUSDT,1677024000009,0.0001
OPUSDT,1677052800010,0.0001
OPUSDT,1677081600000,0.0001
OPUSDT,1677110400006,0.0001
OPUSDT,1677139200005,0.0001
OPUSDT,1677168000002,0.00003217
OPUSDT,1677196800015,-0.00029065
OPUSDT,1677225600011,-0.00042585
OPUSDT,1677254400014,0.0001
OPUSDT,1677283200015,-0.00048018
OPUSDT,1677312000015,0.0001
OPUSDT,1677340800015,0.0001
OPUSDT,1677369600007,-0.00007383
OPUSDT,1677398400012,-0.00020622
OPUSDT,1677427200000,-0.00020826
OPUSDT,1677456000011,-0.00046226
OPUSDT,1677484800003,-0.00008063
OPUSDT,1677513600000,-0.0000732
OPUSDT,1677542400011,-0.0000705
OPUSDT,1677571200018,-0.00000404
OPUSDT,1677600000005,-0.00023721
OPUSDT,1677628800016,-0.00009631
OPUSDT,1677657600000,-0.00039131
OPUSDT,1677686400008,-0.0000191
OPUSDT,1677715200009,-0.00003466
OPUSDT,1677744000013,-0.00010349
OPUSDT,1677772800000,-0.0000306
OPUSDT,1677801600000,-0.00028875
OPUSDT,1677830400013,-0.0003564
OPUSDT,1677859200000,-0.00028347
OPUSDT,1677888000001,0.00004843
OPUSDT,1677916800008,-0.00005218
OPUSDT,1677945600012,-0.00006941
OPUSDT,1677974400000,-0.00024971
OPUSDT,1678003200000,-0.00031197
OPUSDT,1678032000015,-0.00036052
OPUSDT,1678060800007,-0.00015282
OPUSDT,1678089600017,-0.0001135
OPUSDT,1678118400000,-0.00023178
OPUSDT,1678147200009,-0.00008691
OPUSDT,1678176000016,-0.00003264
OPUSDT,1678204800017,-0.00002401
OPUSDT,1678233600000,-0.0000029
OPUSDT,1678262400014,-0.00002544
OPUSDT,1678291200021,-0.00008467
OPUSDT,1678320000010,0.00003845
OPUSDT,1678348800013,0.00007841
OPUSDT,1678377600002,0.00005657
OPUSDT,1678406400000,-0.00000348
OPUSDT,1678435200000,-0.00000848
OPUSDT,1678464000005,-0.00034661
OPUSDT,1678492800011,-0.00036629
OPUSDT,1678521600003,-0.00006382
OPUSDT,1678550400011,-0.0002112
OPUSDT,1678579200001,-0.00096822
OPUSDT,1678608000000,-0.00039725
OPUSDT,1678636800005,-0.00059206
OPUSDT,1678665600010,-0.00040015
OPUSDT,1678694400018,-0.00003687
OPUSDT,1678723200003,-0.00011332
OPUSDT,1678752000010,0.0001
OPUSDT,1678780800009,0.00008732
OPUSDT,1678809600010,0.0001
OPUSDT,1678838400011,0.00018035
OPUSDT,1678867200000,0.0001
OPUSDT,1678896000012,0.0001
OPUSDT,1678924800004,-0.00145816
OPUSDT,1678953600018,-0.00037412
OPUSDT,1678982400005,-0.00029767
OPUSDT,1679011200017,-0.00033882
OPUSDT,1679040000010,-0.00032882
OPUSDT,1679068800003,-0.00028582
OPUSDT,1679097600012,-0.00008308
OPUSDT,1679126400000,0.00004758
OPUSDT,1679155200016,0.0001
OPUSDT,1679184000013,-0.00002293
OPUSDT,1679212800024,0.0001
OPUSDT,1679241600000,-0.00012652
OPUSDT,1679270400005,-0.00026288
OPUSDT,1679299200012,-0.00012334
OPUSDT,1679328000015,-0.0000714
OPUSDT,1679356800006,-0.0003072
OPUSDT,1679385600004,-0.00034701
OPUSDT,1679414400003,-0.00034802
OPUSDT,1679443200000,-0.00015402
OPUSDT,1679472000003,-0.0002408
OPUSDT,1679500800000,-0.00009608
OPUSDT,1679529600016,-0.00009129
OPUSDT,1679558400001,-0.00010193
OPUSDT,1679587200013,0.00008208
OPUSDT,1679616000013,-0.00008369
OPUSDT,1679644800012,-0.00003761
OPUSDT,1679673600027,-0.00004542
OPUSDT,1679702400015,-0.00034785
OPUSDT,1679731200011,-0.00018883
OPUSDT,1679760000011,-0.00011942
OPUSDT,1679788800000,-0.0003608
OPUSDT,1679817600015,-0.00027655
OPUSDT,1679846400000,-0.0002512
OPUSDT,1679875200019,-0.0001246
OPUSDT,1679904000009,-0.0001381
OPUSDT,1679932800000,-0.0002652
OPUSDT,1679961600007,-0.00031741
OPUSDT,1679990400000,-0.00018507
OPUSDT,1680019200013,-0.00014297
OPUSDT,1680048000010,-0.0000343
OPUSDT,1680076800006,-0.00008739
OPUSDT,1680105600014,-0.00000016
OPUSDT,1680134400000,0.00002269
OPUSDT,1680163200000,-0.00007804
OPUSDT,1680192000006,-0.00005756
OPUSDT,1680220800003,-0.00016574
OPUSDT,1680249600006,-0.00011368
OPUSDT,1680278400011,-0.00018785
OPUSDT,1680307200000,-0.00001667
OPUSDT,1680336000000,-0.00002345
OPUSDT,1680364800018,0.00005431
OPUSDT,1680393600013,0.00009088
OPUSDT,1680422400014,0.00007548
OPUSDT,1680451200001,0.00004907
OPUSDT,1680480000000,-0.0000093
OPUSDT,1680508800013,-0.00004392
OPUSDT,1680537600011,-0.00014134
OPUSDT,1680566400002,-0.00003498
OPUSDT,1680595200017,-0.00004739
OPUSDT,1680624000008,0.00007899
OPUSDT,1680652800000,0.00004905
OPUSDT,1680681600016,0.0001
OPUSDT,1680710400004,0.0001
OPUSDT,1680739200000,-0.00007718
OPUSDT,1680768000011,0.00000523
OPUSDT,1680796800000,-0.00003501
OPUSDT,1680825600006,-0.00004739
OPUSDT,1680854400005,0.00005418
OPUSDT,1680883200000,-0.0001059
OPUSDT,1680912000000,-0.0000712
OPUSDT,1680940800014,-0.00009356
OPUSDT,1680969600018,0.00000012
OPUSDT,1680998400013,-0.0000672
OPUSDT,1681027200024,0.00006223
OPUSDT,1681056000010,0.00007377
OPUSDT,1681084800000,0.0001
OPUSDT,1681113600010,-0.00010036
OPUSDT,1681142400006,0.00005063
OPUSDT,1681171200008,-0.00002537
OPUSDT,1681200000007,0.00009959
OPUSDT,1681228800016,0.0001
OPUSDT,1681257600006,0.0001
OPUSDT,1681286400008,-0.00022787
OPUSDT,1681315200014,-0.00020608
OPUSDT,1681344000027,0.00001462
OPUSDT,1681372800010,0.00004752
OPUSDT,1681401600000,0.0001
OPUSDT,1681430400001,0.0001
OPUSDT,1681459200008,0.0001
OPUSDT,1681488000007,0.00017235
OPUSDT,1681516800007,0.00015521
OPUSDT,1681545600007,0.00024835
OPUSDT,1681574400011,0.00030972
OPUSDT,1681603200014,0.00052268
OPUSDT,1681632000007,0.00044631
OPUSDT,1681660800002,0.00030876
OPUSDT,1681689600017,0.00033692
OPUSDT,1681718400006,0.00041602
OPUSDT,1681747200000,0.0002569
OPUSDT,1681776000013,0.00019021
OPUSDT,1681804800017,0.00035402
OPUSDT,1681833600000,0.00016152
OPUSDT,1681862400022,0.0001
OPUSDT,1681891200014,0.00020481
OPUSDT,1681920000000,0.0001
OPUSDT,1681948800010,0.0001
OPUSDT,1681977600012,0.0001
OPUSDT,1682006400012,0.0001
OPUSDT,1682035200009,0.00004873
OPUSDT,1682064000009,0.0001
OPUSDT,1682092800003,0.0001
OPUSDT,1682121600000,0.0001
OPUSDT,1682150400000,0.00003078
OPUSDT,1682179200016,0.00008177
OPUSDT,1682208000009,0.00000575
OPUSDT,1682236800020,0.000066
OPUSDT,1682265600007,0.0001
OPUSDT,1682294400000,0.00005103
OPUSDT,1682323200008,0.00007594
OPUSDT,1682352000006,0.0001
OPUSDT,1682380800014,0.0001
OPUSDT,1682409600009,0.00005341
OPUSDT,1682438400015,0.0000741
OPUSDT,1682467200015,0.0001
OPUSDT,1682496000013,-0.00001599
OPUSDT,1682524800001,0.00003106
OPUSDT,1682553600014,-0.0000321
OPUSDT,1682582400008,-0.00006823
OPUSDT,1682611200005,-0.0000516
OPUSDT,1682640000011,-0.00006894
OPUSDT,1682668800007,-0.00000643
OPUSDT,1682697600006,-0.00002061
OPUSDT,1682726400004,0.00001719
OPUSDT,1682755200016,0.00004969
OPUSDT,1682784000001,0.0000207
OPUSDT,1682812800008,0.0000728
OPUSDT,1682841600000,0.00003379
OPUSDT,1682870400010,0.0000669
OPUSDT,1682899200004,0.0000281
OPUSDT,1682928000008,0.00009848
OPUSDT,1682956800014,0.00004909
OPUSDT,1682985600015,-0.00009729
OPUSDT,1683014400018,0.00005646
OPUSDT,1683043200000,0.00009066
OPUSDT,1683072000009,0.0000221
OPUSDT,1683100800003,0.00009004
OPUSDT,1683129600011,0.0001
OPUSDT,1683158400000,0.0001
OPUSDT,1683187200000,0.00000202
OPUSDT,1683216000011,0.00006643
OPUSDT,1683244800002,-0.00000835
OPUSDT,1683273600000,0.00003311
OPUSDT,1683302400000,0.00005919
OPUSDT,1683331200009,-0.00005833
OPUSDT,1683360000000,0.00009374
OPUSDT,1683388800000,0.00001628
OPUSDT,1683417600000,0.00005133
OPUSDT,1683446400000,0.0001
OPUSDT,1683475200006,0.00009744
OPUSDT,1683504000000,0.00009974
OPUSDT,1683532800007,0.00002044
OPUSDT,1683561600015,0.0001
OPUSDT,1683590400015,0.00000221
OPUSDT,1683619200000,0.00007538
OPUSDT,1683648000000,0.0000512
OPUSDT,1683676800007,-0.00009875
OPUSDT,1683705600003,-0.00002822
OPUSDT,1683734400000,-0.00011465
OPUSDT,1683763200011,0.00001788
OPUSDT,1683792000000,-0.00007491
OPUSDT,1683820800005,-0.0000916
OPUSDT,1683849600020,-0.00005318
OPUSDT,1683878400001,0.00006283
OPUSDT,1683907200010,0.00007245
OPUSDT,1683936000000,0.00004902
OPUSDT,1683964800000,0.00008878
OPUSDT,1683993600026,0.0001
OPUSDT,1684022400029,0.00005865
OPUSDT,1684051200010,0.0000993
OPUSDT,1684080000008,0.00006291
OPUSDT,1684108800006,0.00006666
OPUSDT,1684137600005,0.00008819
OPUSDT,1684166400008,0.00004316
OPUSDT,1684195200021,0.00003098
OPUSDT,1684224000000,0.00000795
OPUSDT,1684252800000,0.0000031
OPUSDT,1684281600010,0.00006748
OPUSDT,1684310400000,0.0001
OPUSDT,1684339200001,0.0001
OPUSDT,1684368000000,0.0001
OPUSDT,1684396800026,-0.00005143
OPUSDT,1684425600019,-0.00004357
OPUSDT,1684454400000,0.0001
OPUSDT,1684483200002,0.0000577
OPUSDT,1684512000000,0.0001
OPUSDT,1684540800005,-0.00001446
OPUSDT,1684569600014,0.00006875
OPUSDT,1684598400020,0.00007583
OPUSDT,1684627200014,0.00007302
OPUSDT,1684656000001,0.0000997
OPUSDT,1684684800015,0.0001
OPUSDT,1684713600028,0.00004715
OPUSDT,1684742400000,0.0001
OPUSDT,1684771200012,0.0001
OPUSDT,1684800000006,0.00008236
OPUSDT,1684828800014,0.0001
OPUSDT,1684857600008,0.00002074
OPUSDT,1684886400000,0.0001
OPUSDT,1684915200025,0.0001
OPUSDT,1684944000008,0.0001
OPUSDT,1684972800000,0.00003605
OPUSDT,1685001600025,0.00006843
OPUSDT,1685030400016,0.0000346
OPUSDT,1685059200000,0.00008901
OPUSDT,1685088000024,0.00008306
OPUSDT,1685116800012,0.0001
OPUSDT,1685145600012,0.0001
OPUSDT,1685174400018,0.0001
OPUSDT,1685203200008,0.0001
OPUSDT,1685232000017,0.0001
OPUSDT,1685260800015,0.00002043
OPUSDT,1685289600000,0.0001
OPUSDT,1685318400000,0.0001
OPUSDT,1685347200020,0.0001
OPUSDT,1685376000011,0.0001
OPUSDT,1685404800003,0.0001
OPUSDT,1685433600000,0.00007459
OPUSDT,1685462400003,-0.00002108
OPUSDT,1685491200013,0.0001
OPUSDT,1685520000000,0.0000607
OPUSDT,1685548800000,0.0001
OPUSDT,1685577600008,0.0001
OPUSDT,1685606400012,0.0001
OPUSDT,1685635200000,0.0001
OPUSDT,1685664000000,0.0001
OPUSDT,1685692800006,0.0001
OPUSDT,1685721600012,0.0001
OPUSDT,1685750400000,0.0001
OPUSDT,1685779200011,0.0001
OPUSDT,1685808000003,0.0001
OPUSDT,1685836800000,0.0001
OPUSDT,1685865600000,0.0001
OPUSDT,1685894400000,0.0001
OPUSDT,1685923200005,0.0001
OPUSDT,1685952000000,0.0001
OPUSDT,1685980800000,0.0001
OPUSDT,1686009600000,0.00006088
OPUSDT,1686038400009,0.00005172
OPUSDT,1686067200013,0.0001
OPUSDT,1686096000000,0.0001
OPUSDT,1686124800016,0.0001
OPUSDT,1686153600000,0.00006494
OPUSDT,1686182400006,0.0001
OPUSDT,1686211200000,0.00008496
OPUSDT,1686240000000,0.0001
OPUSDT,1686268800000,0.0001
OPUSDT,1686297600000,0.0001
OPUSDT,1686326400000,0.0001
OPUSDT,1686355200000,0.0001
OPUSDT,1686384000000,-0.00012323
OPUSDT,1686412800000,-0.00009319
OPUSDT,1686441600001,-0.00016076
OPUSDT,1686470400000,-0.00006137
OPUSDT,1686499200000,0.0000099
OPUSDT,1686528000000,0.00003965
OPUSDT,1686556800000,0.0001
OPUSDT,1686585600001,0.0001
OPUSDT,1686614400000,0.00005467
OPUSDT,1686643200000,0.00007475
OPUSDT,1686672000000,0.00005896
OPUSDT,1686700800000,0.00008335
OPUSDT,1686729600000,0.00007892
OPUSDT,1686758400000,0.00009596
OPUSDT,1686787200000,0.00008322
OPUSDT,1686816000000,0.000092
OPUSDT,1686844800000,0.0001
OPUSDT,1686873600000,0.0000783
OPUSDT,1686902400000,0.0001
OPUSDT,1686931200000,0.00009692
OPUSDT,1686960000000,0.0001
OPUSDT,1686988800000,0.0001
OPUSDT,1687017600000,0.0001
OPUSDT,1687046400000,0.0001
OPUSDT,1687075200000,0.0001
OPUSDT,1687104000000,0.00008731
OPUSDT,1687132800000,0.00003249
OPUSDT,1687161600000,0.00001866
OPUSDT,1687190400000,0.00008585
OPUSDT,1687219200001,0.0001
OPUSDT,1687248000000,0.00002724
OPUSDT,1687276800000,0.00005039
OPUSDT,1687305600000,0.0001
OPUSDT,1687334400000,0.0001
OPUSDT,1687363200000,0.00009229
OPUSDT,1687392000000,0.0001
OPUSDT,1687420800001,0.0001
OPUSDT,1687449600000,0.0001
OPUSDT,1687478400000,0.0001
OPUSDT,1687507200000,0.0001
OPUSDT,1687536000000,0.0001
OPUSDT,1687564800000,0.0001
OPUSDT,1687593600000,0.0001
OPUSDT,1687622400000,0.0001
OPUSDT,1687651200000,0.0001
OPUSDT,1687680000000,0.0001
OPUSDT,1687708800000,0.0001
OPUSDT,1687737600000,0.0001
OPUSDT,1687766400000,0.0001
OPUSDT,1687795200000,0.0001
OPUSDT,1687824000000,0.000095
OPUSDT,1687852800000,0.0001
OPUSDT,1687881600000,0.0001
OPUSDT,1687910400000,0.0001
OPUSDT,1687939200000,0.0001
OPUSDT,1687968000000,0.0001
OPUSDT,1687996800000,0.00003376
OPUSDT,1688025600000,0.0001
OPUSDT,1688054400000,0.0001
OPUSDT,1688083200000,0.0001
OPUSDT,1688112000000,0.0001
OPUSDT,1688140800001,0.0001
OPUSDT,1688169600000,0.0001
OPUSDT,1688198400000,0.0001
OPUSDT,1688227200000,0.0001
OPUSDT,1688256000000,0.0001
OPUSDT,1688284800000,0.0001
OPUSDT,1688313600001,0.0001
OPUSDT,1688342400000,0.0001
OPUSDT,1688371200000,0.0001
OPUSDT,1688400000000,0.0001
OPUSDT,1688428800001,0.0001
OPUSDT,1688457600000,0.0001
OPUSDT,1688486400000,0.0001
OPUSDT,1688515200000,0.0001
OPUSDT,1688544000000,0.0001
OPUSDT,1688572800000,0.0001
OPUSDT,1688601600000,0.00001485
OPUSDT,1688630400000,0.00006408
OPUSDT,1688659200000,0.00005068
OPUSDT,1688688000000,0.00005229
OPUSDT,1688716800000,0.00006348
OPUSDT,1688745600000,0.00001205
OPUSDT,1688774400000,0.00008381
OPUSDT,1688803200000,0.0001
OPUSDT,1688832000000,0.0001
OPUSDT,1688860800000,0.0001
OPUSDT,1688889600000,0.0001
OPUSDT,1688918400000,0.0001
OPUSDT,1688947200000,0.0001
OPUSDT,1688976000000,0.00005598
OPUSDT,1689004800000,0.00007882
OPUSDT,1689033600000,0.0001
OPUSDT,1689062400000,0.0001
OPUSDT,1689091200000,0.0001
OPUSDT,1689120000000,0.0001
OPUSDT,1689148800000,0.0001
OPUSDT,1689177600000,0.0001
OPUSDT,1689206400000,0.00008883
OPUSDT,1689235200000,0.0001
OPUSDT,1689264000000,0.0001
OPUSDT,1689292800000,0.0001
OPUSDT,1689321600000,0.0001
OPUSDT,1689350400000,0.0001
OPUSDT,1689379200000,0.0001
OPUSDT,1689408000000,0.0001
OPUSDT,1689436800000,0.0001
OPUSDT,1689465600001,0.0001
OPUSDT,1689494400000,0.0001
OPUSDT,1689523200000,0.0001
OPUSDT,1689552000000,0.0001
OPUSDT,1689580800000,0.0001
OPUSDT,1689609600000,0.0001
OPUSDT,1689638400000,0.0001
OPUSDT,1689667200000,0.0001
OPUSDT,1689696000000,0.0001
OPUSDT,1689724800000,0.0001
OPUSDT,1689753600000,0.0001
OPUSDT,1689782400001,0.0001
OPUSDT,1689811200000,0.0001
OPUSDT,1689840000000,0.0001
OPUSDT,1689868800000,0.0001
OPUSDT,1689897600001,0.0001
OPUSDT,1689926400000,0.0001
OPUSDT,1689955200000,0.0001
OPUSDT,1689984000000,0.0001
OPUSDT,1690012800000,0.0001
OPUSDT,1690041600000,0.0001
OPUSDT,1690070400000,0.0001
OPUSDT,1690099200000,0.0001
OPUSDT,1690128000000,0.0001
OPUSDT,1690156800000,0.0001
OPUSDT,1690185600000,0.0001
OPUSDT,1690214400000,0.0001
OPUSDT,1690243200000,0.0001
OPUSDT,1690272000000,0.0001
OPUSDT,1690300800000,0.00005598
OPUSDT,1690329600000,0.0001
OPUSDT,1690358400001,0.0001
OPUSDT,1690387200000,0.0001
OPUSDT,1690416000000,0.0001
OPUSDT,1690444800000,0.0001
OPUSDT,1690473600001,0.0001
OPUSDT,1690502400000,0.0001
OPUSDT,1690531200000,-0.00000328
OPUSDT,1690560000000,-0.00001721
OPUSDT,1690588800000,-0.00003082
OPUSDT,1690617600000,0.00001832
OPUSDT,1690646400001,0.0001
OPUSDT,1690675200000,0.0001
OPUSDT,1690704000000,0.0001
OPUSDT,1690732800000,0.0001
OPUSDT,1690761600000,0.0001
OPUSDT,1690790400000,0.0001
OPUSDT,1690819200001,0.0001
OPUSDT,1690848000000,0.0001
OPUSDT,1690876800000,0.00006016
OPUSDT,1690905600000,0.00005899
OPUSDT,1690934400000,0.00002971
OPUSDT,1690963200000,0.00006965
OPUSDT,1690992000000,0.0001
OPUSDT,1691020800000,0.00002426
OPUSDT,1691049600000,0.0001
OPUSDT,1691078400001,-0.00001203
OPUSDT,1691107200000,0.00003333
OPUSDT,1691136000000,0.00007791
OPUSDT,1691164800000,0.00006046
OPUSDT,1691193600000,0.0001
OPUSDT,1691222400000,0.00008907
OPUSDT,1691251200001,0.0001
OPUSDT,1691280000000,0.0001
OPUSDT,1691308800001,0.0000803
OPUSDT,1691337600005,0.0001
OPUSDT,1691366400000,0.0001
OPUSDT,1691395200000,0.0001
OPUSDT,1691424000000,0.0000904
OPUSDT,1691452800000,0.0001
OPUSDT,1691481600000,0.0001
OPUSDT,1691510400000,-0.00001164
OPUSDT,1691539200000,0.00001278
OPUSDT,1691568000000,0.00004862
OPUSDT,1691596800000,0.0001
OPUSDT,1691625600001,-0.00007163
OPUSDT,1691654400000,-0.00004157
OPUSDT,1691683200000,-0.00004255
OPUSDT,1691712000000,-0.00002311
OPUSDT,1691740800000,0.00002773
OPUSDT,1691769600000,0.00004876
OPUSDT,1691798400000,0.0001
OPUSDT,1691827200000,0.0001
OPUSDT,1691856000000,0.0001
OPUSDT,1691884800000,0.0001
OPUSDT,1691913600000,0.0001
OPUSDT,1691942400000,0.0001
OPUSDT,1691971200001,0.000094
OPUSDT,1692000000000,0.00007784
OPUSDT,1692028800000,0.00001485
OPUSDT,1692057600001,0.00004376
OPUSDT,1692086400000,0.0001
OPUSDT,1692115200000,0.0001
OPUSDT,1692144000000,-0.00012276
OPUSDT,1692172800001,0.00009806
OPUSDT,1692201600000,0.00003257
OPUSDT,1692230400000,-0.00000626
OPUSDT,1692259200000,0.00004004
OPUSDT,1692288000000,0.00002605
OPUSDT,1692316800000,-0.000287
OPUSDT,1692345600000,-0.00001044
OPUSDT,1692374400000,0.00004418
OPUSDT,1692403200000,-0.00003382
OPUSDT,1692432000000,0.00006315
OPUSDT,1692460800000,0.00004612
OPUSDT,1692489600000,-0.00005608
OPUSDT,1692518400000,-0.00002722
OPUSDT,1692547200000,-0.00000062
OPUSDT,1692576000000,-0.00004234
OPUSDT,1692604800000,0.0001
OPUSDT,1692633600000,-0.00006576
OPUSDT,1692662400000,0.00004523
OPUSDT,1692691200000,0.00002269
OPUSDT,1692720000000,0.00007657
OPUSDT,1692748800000,0.00001629
OPUSDT,1692777600000,0.00008473
OPUSDT,1692806400000,0.00001361
OPUSDT,1692835200000,-0.00003664
OPUSDT,1692864000000,0.00000086
OPUSDT,1692892800000,0.00009537
OPUSDT,1692921600000,0.0001
OPUSDT,1692950400000,0.00004179
OPUSDT,1692979200000,-0.00000349
OPUSDT,1693008000000,0.0001
OPUSDT,1693036800000,0.0001
OPUSDT,1693065600000,0.0001
OPUSDT,1693094400000,0.00007454
OPUSDT,1693123200000,0.0001
OPUSDT,1693152000000,0.00005164
OPUSDT,1693180800000,0.00003257
OPUSDT,1693209600001,0.00008892
OPUSDT,1693238400001,-0.00004848
OPUSDT,1693267200000,-0.0000379
OPUSDT,1693296000000,0.00000864
OPUSDT,1693324800000,-0.00029245
OPUSDT,1693353600000,0.0001
OPUSDT,1693382400000,-0.00008541
OPUSDT,1693411200000,0.00000899
OPUSDT,1693440000000,0.00009793
OPUSDT,1693468800000,0.00004039
OPUSDT,1693497600000,0.00007879
OPUSDT,1693526400000,-0.00007383
OPUSDT,1693555200000,-0.00003659
OPUSDT,1693584000001,-0.00004808
OPUSDT,1693612800000,0.00006627
OPUSDT,1693641600000,-0.00002735
OPUSDT,1693670400000,0.00003827
OPUSDT,1693699200000,0.0000287
OPUSDT,1693728000000,-0.00001242
OPUSDT,1693756800000,0.0001
OPUSDT,1693785600000,-0.00004561
OPUSDT,1693814400000,0.00008057
OPUSDT,1693843200000,0.0000618
OPUSDT,1693872000000,0.00005454
OPUSDT,1693900800000,0.00004532
OPUSDT,1693929600000,0.00005079
OPUSDT,1693958400000,0.00009648
OPUSDT,1693987200000,0.00003083
OPUSDT,1694016000001,0.0001
OPUSDT,1694044800000,0.0001
OPUSDT,1694073600000,0.0001
OPUSDT,1694102400000,0.00005937
OPUSDT,1694131200000,0.0000578
OPUSDT,1694160000000,0.0001
OPUSDT,1694188800000,-0.0000562
OPUSDT,1694217600000,0.00003069
OPUSDT,1694246400000,0.00005829
OPUSDT,1694275200000,0.00009957
OPUSDT,1694304000000,0.0001
OPUSDT,1694332800000,0.00003453
OPUSDT,1694361600000,0.00003642
OPUSDT,1694390400000,0.00004056
OPUSDT,1694419200000,0.00004601
OPUSDT,1694448000001,0.000029
OPUSDT,1694476800000,0.00001606
OPUSDT,1694505600000,-0.00000982
OPUSDT,1694534400000,0.00006413
OPUSDT,1694563200000,0.00001378
OPUSDT,1694592000000,0.00008577
OPUSDT,1694620800000,-0.00006688
OPUSDT,1694649600000,-0.00001896
OPUSDT,1694678400001,0.00001654
OPUSDT,1694707200000,-0.00007175
OPUSDT,1694736000000,0.00006108
OPUSDT,1694764800000,0.00006806
OPUSDT,1694793600000,0.0001
OPUSDT,1694822400000,0.0000325
OPUSDT,1694851200000,0.00009641
OPUSDT,1694880000000,0.00003199
OPUSDT,1694908800000,0.00004314
OPUSDT,1694937600000,-0.00002119
OPUSDT,1694966400000,0.00004971
OPUSDT,1694995200000,0.0001
OPUSDT,1695024000000,0.0001
OPUSDT,1695052800000,0.0001
OPUSDT,1695081600000,0.00000334
OPUSDT,1695110400001,0.0001
OPUSDT,1695139200000,-0.00000092
OPUSDT,1695168000000,0.00002592
OPUSDT,1695196800000,0.00008246
OPUSDT,1695225600000,0.0000762
OPUSDT,1695254400001,0.0001
OPUSDT,1695283200000,0.0001
OPUSDT,1695312000000,-0.00002803
OPUSDT,1695340800000,-0.00003791
OPUSDT,1695369600000,0.00009473
OPUSDT,1695398400000,0.0000694
OPUSDT,1695427200000,0.00003502
OPUSDT,1695456000000,0.00005718
OPUSDT,1695484800000,0.0001
OPUSDT,1695513600000,0.00009685
OPUSDT,1695542400000,0.0001
OPUSDT,1695571200000,0.00006589
OPUSDT,1695600000000,0.0001
OPUSDT,1695628800000,0.00004781
OPUSDT,1695657600000,0.00001438
OPUSDT,1695686400000,-0.00004733
OPUSDT,1695715200000,-0.00000391
OPUSDT,1695744000000,0.00004172
OPUSDT,1695772800000,0.0001
OPUSDT,1695801600001,0.0001
OPUSDT,1695830400000,0.00009564
OPUSDT,1695859200000,-0.00000825
OPUSDT,1695888000000,0.00000174
OPUSDT,1695916800000,0.00002154
OPUSDT,1695945600000,0.00005223
OPUSDT,1695974400000,0.00009504
OPUSDT,1696003200000,0.0001
OPUSDT,1696032000000,0.00006028
OPUSDT,1696060800000,0.0001
OPUSDT,1696089600000,0.00003976
OPUSDT,1696118400000,0.0001
OPUSDT,1696147200000,0.00003132
OPUSDT,1696176000000,0.00008976
OPUSDT,1696204800000,0.0001
OPUSDT,1696233600000,0.00004045
OPUSDT,1696262400000,0.00004524
OPUSDT,1696291200000,0.00006795
OPUSDT,1696320000000,0.0001
OPUSDT,1696348800000,0.0001
OPUSDT,1696377600000,0.00002665
OPUSDT,1696406400000,0.00001189
OPUSDT,1696435200000,0.00004941
OPUSDT,1696464000000,0.00003833
OPUSDT,1696492800000,0.0001
OPUSDT,1696521600001,0.00004713
OPUSDT,1696550400000,0.00005457
OPUSDT,1696579200000,0.00009782
OPUSDT,1696608000000,0.00005517
OPUSDT,1696636800000,0.00003015
OPUSDT,1696665600000,0.0001
OPUSDT,1696694400000,0.00004034
OPUSDT,1696723200000,0.0001
OPUSDT,1696752000001,0.0001
OPUSDT,1696780800000,0.00005603
OPUSDT,1696809600000,0.00005079
OPUSDT,1696838400000,0.0001
OPUSDT,1696867200000,-0.00012671
OPUSDT,1696896000000,-0.00001088
OPUSDT,1696924800000,-0.00003192
OPUSDT,1696953600000,-0.0000275
OPUSDT,1696982400000,-0.00000159
OPUSDT,1697011200000,0.00006357
OPUSDT,1697040000000,-0.00002605
OPUSDT,1697068800000,-0.00005052
OPUSDT,1697097600000,0.00001941
OPUSDT,1697126400000,0.00001851
OPUSDT,1697155200000,-0.0000438
OPUSDT,1697184000000,-0.00014419
OPUSDT,1697212800000,-0.00004689
OPUSDT,1697241600000,-0.00001795
OPUSDT,1697270400000,-0.00005442
OPUSDT,1697299200000,0.00008065
OPUSDT,1697328000000,0.0000799
OPUSDT,1697356800000,0.0001
OPUSDT,1697385600000,0.000043
OPUSDT,1697414400000,0.0001
OPUSDT,1697443200000,0.00009621
OPUSDT,1697472000000,-0.00000967
OPUSDT,1697500800000,0.0001
OPUSDT,1697529600000,0.0000469
OPUSDT,1697558400000,0.00004146
OPUSDT,1697587200000,-0.00004767
OPUSDT,1697616000000,0.00005009
OPUSDT,1697644800000,0.00005863
OPUSDT,1697673600000,0.00001015
OPUSDT,1697702400001,-0.00002792
OPUSDT,1697731200000,-0.00000518
OPUSDT,1697760000000,0.00007812
OPUSDT,1697788800005,0.00004821
OPUSDT,1697817600000,0.00007666
OPUSDT,1697846400000,0.00003541
OPUSDT,1697875200000,0.00008041
OPUSDT,1697904000000,0.0001
OPUSDT,1697932800000,0.0001
OPUSDT,1697961600000,0.0001
OPUSDT,1697990400000,0.0001
OPUSDT,1698019200000,0.0001
OPUSDT,1698048000001,0.0001
OPUSDT,1698076800001,0.0001
OPUSDT,1698105600000,0.0001
OPUSDT,1698134400000,0.0001
OPUSDT,1698163200000,0.0001
OPUSDT,1698192000000,0.0001
OPUSDT,1698220800000,0.0001
OPUSDT,1698249600001,0.0001
OPUSDT,1698278400001,0.0001
OPUSDT,1698307200000,0.0001
OPUSDT,1698336000000,0.0001
OPUSDT,1698364800000,0.0001
OPUSDT,1698393600000,0.0001
OPUSDT,1698422400000,0.0001
OPUSDT,1698451200000,0.0001
OPUSDT,1698480000001,0.0001
OPUSDT,1698508800000,0.0001
OPUSDT,1698537600000,0.0001
OPUSDT,1698566400000,0.0001
OPUSDT,1698595200000,0.0001
OPUSDT,1698624000000,0.0001
OPUSDT,1698652800000,0.0001
OPUSDT,1698681600000,0.00025416
OPUSDT,1698710400001,0.0002283
OPUSDT,1698739200000,0.0001
OPUSDT,1698768000000,0.0001
OPUSDT,1698796800000,0.0001
OPUSDT,1698825600000,0.0001
OPUSDT,1698854400000,0.0001
OPUSDT,1698883200001,0.00035941
OPUSDT,1698912000000,0.00042509
OPUSDT,1698940800000,0.00010281
OPUSDT,1698969600000,0.0001
OPUSDT,1698998400000,0.0001
OPUSDT,1699027200000,0.0001
OPUSDT,1699056000000,0.00014842
OPUSDT,1699084800000,0.000257
OPUSDT,1699113600000,0.0002161
OPUSDT,1699142400000,0.00022944
OPUSDT,1699171200000,0.00015678
OPUSDT,1699200000000,0.0002845
OPUSDT,1699228800000,0.0003424
OPUSDT,1699257600001,0.00033369
OPUSDT,1699286400000,0.00020456
OPUSDT,1699315200001,0.00039746
OPUSDT,1699344000000,0.00031712
OPUSDT,1699372800000,0.00030439
OPUSDT,1699401600000,0.00017712
OPUSDT,1699430400000,0.00019349
OPUSDT,1699459200000,0.0001
OPUSDT,1699488000000,0.00028223
OPUSDT,1699516800000,0.00027814
OPUSDT,1699545600000,0.00040848
OPUSDT,1699574400000,0.0001
OPUSDT,1699603200000,0.00043628
OPUSDT,1699632000000,0.0002634
OPUSDT,1699660800000,0.0001
OPUSDT,1699689600000,0.00018813
OPUSDT,1699718400000,0.00039628
OPUSDT,1699747200000,0.00024023
OPUSDT,1699776000000,0.00020455
OPUSDT,1699804800001,0.00024209
OPUSDT,1699833600000,0.00034242
OPUSDT,1699862400000,0.0003352
OPUSDT,1699891200000,0.00042705
OPUSDT,1699920000000,0.00037185
OPUSDT,1699948800000,0.00030503
OPUSDT,1699977600001,0.00026123
OPUSDT,1700006400000,0.00028602
OPUSDT,1700035200000,0.00030177
OPUSDT,1700064000000,0.00018493
OPUSDT,1700092800000,0.0001123
OPUSDT,1700121600000,0.0003887
OPUSDT,1700150400001,0.00026732
OPUSDT,1700179200000,0.0001
OPUSDT,1700208000001,0.00011613
OPUSDT,1700236800001,0.0001
OPUSDT,1700265600000,0.0001
OPUSDT,1700294400000,0.0001
OPUSDT,1700323200000,0.00011451
OPUSDT,1700352000000,0.00013146
OPUSDT,1700380800000,0.0001
OPUSDT,1700409600000,0.00015882
OPUSDT,1700438400000,0.00014282
OPUSDT,1700467200000,0.00018111
OPUSDT,1700496000000,0.00013884
OPUSDT,1700524800000,0.0001
OPUSDT,1700553600000,0.0001
OPUSDT,1700582400000,0.0001
OPUSDT,1700611200000,0.0001
OPUSDT,1700640000000,0.0001
OPUSDT,1700668800000,0.0001
OPUSDT,1700697600000,0.0001
OPUSDT,1700726400000,0.0001
OPUSDT,1700755200001,0.0001
OPUSDT,1700784000000,0.0001
OPUSDT,1700812800000,0.0001
OPUSDT,1700841600000,0.0001
OPUSDT,1700870400000,0.0001
OPUSDT,1700899200000,0.0001
OPUSDT,1700928000000,0.0001
OPUSDT,1700956800000,0.0001
OPUSDT,1700985600000,0.0001
OPUSDT,1701014400000,0.0001
OPUSDT,1701043200000,0.0001
OPUSDT,1701072000001,0.0001
OPUSDT,1701100800000,0.0001
OPUSDT,1701129600000,0.0001
OPUSDT,1701158400000,0.0001
OPUSDT,1701187200000,0.0001
OPUSDT,1701216000001,0.0001
OPUSDT,1701244800000,0.0001
OPUSDT,1701273600000,0.0001
OPUSDT,1701302400000,0.0001
OPUSDT,1701331200000,0.0001
OPUSDT,1701360000000,0.0001
OPUSDT,1701388800000,0.0001
OPUSDT,1701417600000,0.0001
OPUSDT,1701446400000,0.0001
OPUSDT,1701475200000,0.0001
OPUSDT,1701504000000,0.000192
OPUSDT,1701532800000,0.00016537
OPUSDT,1701561600000,0.0003755
OPUSDT,1701590400000,0.00033939
OPUSDT,1701619200000,0.00021555
OPUSDT,1701648000000,0.00032407
OPUSDT,1701676800000,0.00042717
OPUSDT,1701705600000,0.00019965
OPUSDT,1701734400000,0.00027646
OPUSDT,1701763200000,0.00022671
OPUSDT,1701792000000,0.0001
OPUSDT,1701820800000,0.00042189
OPUSDT,1701849600000,0.00032705
OPUSDT,1701878400000,0.00012658
OPUSDT,1701907200000,0.0001
OPUSDT,1701936000000,0.00025195
OPUSDT,1701964800000,0.00023985
OPUSDT,1701993600000,0.0004574
OPUSDT,1702022400000,0.00042193
OPUSDT,1702051200000,0.00049512
OPUSDT,1702080000000,0.00037388
OPUSDT,1702108800000,0.00052788
OPUSDT,1702137600000,0.00030071
OPUSDT,1702166400000,0.0002008
OPUSDT,1702195200000,0.00022522
OPUSDT,1702224000000,0.00029394
OPUSDT,1702252800000,0.00029217
OPUSDT,1702281600000,0.00011737
OPUSDT,1702310400000,0.00014832
OPUSDT,1702339200000,0.0001
OPUSDT,1702368000000,0.00025415
OPUSDT,1702396800000,0.0003183
OPUSDT,1702425600000,0.00030632
OPUSDT,1702454400000,0.00025838
OPUSDT,1702483200001,0.0001
OPUSDT,1702512000000,0.00018386
OPUSDT,1702540800000,0.00023271
OPUSDT,1702569600000,0.00025405
OPUSDT,1702598400000,0.00045684
OPUSDT,1702627200000,0.00040893
OPUSDT,1702656000000,0.00047381
OPUSDT,1702684800000,0.00027978
OPUSDT,1702713600000,0.00022712
OPUSDT,1702742400001,0.00031982
OPUSDT,1702771200000,0.00024141
OPUSDT,1702800000000,0.00018126
OPUSDT,1702828800000,0.0003292
OPUSDT,1702857600000,0.00022464
OPUSDT,1702886400001,0.00027084
OPUSDT,1702915200000,0.0002309
OPUSDT,1702944000000,0.00030847
OPUSDT,1702972800000,0.00022827
OPUSDT,1703001600000,0.00023024
OPUSDT,1703030400000,0.00013926
OPUSDT,1703059200000,0.00033065
OPUSDT,1703088000000,0.00035201
OPUSDT,1703116800000,0.00039394
OPUSDT,1703145600000,0.00045305
OPUSDT,1703174400000,0.00038009
OPUSDT,1703203200000,0.00052328
OPUSDT,1703232000000,0.00047095
OPUSDT,1703260800000,0.00078331
OPUSDT,1703289600000,0.00063843
OPUSDT,1703318400001,0.00055037
OPUSDT,1703347200000,0.00041676
OPUSDT,1703376000000,0.00056992
OPUSDT,1703404800000,0.00038386
OPUSDT,1703433600000,0.0004546
OPUSDT,1703462400000,0.00034539
OPUSDT,1703491200000,0.00043543
OPUSDT,1703520000000,0.00056271
OPUSDT,1703548800000,0.00047393
OPUSDT,1703577600000,0.00051507
OPUSDT,1703606400000,0.00069992
OPUSDT,1703635200000,0.00022438
OPUSDT,1703664000000,0.00047466
OPUSDT,1703692800000,0.0008679
OPUSDT,1703721600000,0.0010342
OPUSDT,1703750400000,0.0008028
OPUSDT,1703779200000,0.00065591
OPUSDT,1703808000001,0.00056053
OPUSDT,1703836800000,0.00037399
OPUSDT,1703865600000,0.00054378
OPUSDT,1703894400001,0.00042286
OPUSDT,1703923200000,0.00052082
OPUSDT,1703952000000,0.00036296
OPUSDT,1703980800000,0.00036678
OPUSDT,1704009600001,0.00060067
OPUSDT,1704038400000,0.00045814
OPUSDT,1704067200000,0.00054777
OPUSDT,1704096000000,0.00038569
OPUSDT,1704124800000,0.00069552
OPUSDT,1704153600000,0.00094587
OPUSDT,1704182400000,0.00041312
OPUSDT,1704211200000,0.00076649
OPUSDT,1704240000000,0.00040319
OPUSDT,1704268800000,0.00054489
OPUSDT,1704297600000,0.0001
OPUSDT,1704326400000,0.0001
OPUSDT,1704355200000,0.0001
OPUSDT,1704384000000,0.0001
OPUSDT,1704412800001,0.0001
OPUSDT,1704441600000,0.0001
OPUSDT,1704470400000,0.0001
OPUSDT,1704499200000,0.0001
OPUSDT,1704528000000,0.0001
OPUSDT,1704556800000,0.0001
OPUSDT,1704585600000,0.0001
OPUSDT,1704614400001,0.0001
OPUSDT,1704643200001,0.0001
OPUSDT,1704672000000,0.0001
OPUSDT,1704700800000,0.0001
OPUSDT,1704729600000,0.0001
OPUSDT,1704758400001,0.0001
OPUSDT,1704787200000,0.0001
OPUSDT,1704816000000,0.0001
OPUSDT,1704844800000,0.0001
OPUSDT,1704873600000,0.0001
OPUSDT,1704902400000,0.0001
OPUSDT,1704931200000,0.0001
OPUSDT,1704960000000,0.0001
OPUSDT,1704988800000,0.0001
OPUSDT,1705017600001,0.0001
OPUSDT,1705046400000,0.0001
OPUSDT,1705075200000,0.0001
OPUSDT,1705104000000,0.0001
OPUSDT,1705132800000,0.0001
OPUSDT,1705161600001,0.0001
OPUSDT,1705190400000,0.0001
OPUSDT,1705219200000,0.0001
OPUSDT,1705248000001,0.0001
OPUSDT,1705276800000,0.0001
OPUSDT,1705305600000,0.0001
OPUSDT,1705334400000,0.0001
OPUSDT,1705363200000,0.0001
OPUSDT,1705392000000,0.0001
OPUSDT,1705420800001,0.0001
OPUSDT,1705449600000,0.0001
OPUSDT,1705478400000,0.0001
OPUSDT,1705507200000,0.0001
OPUSDT,1705536000001,0.0001
OPUSDT,1705564800000,0.0001
OPUSDT,1705593600000,0.0001
OPUSDT,1705622400000,0.0001
OPUSDT,1705651200000,0.0001
OPUSDT,1705680000002,0.0001
OPUSDT,1705708800000,0.0001
OPUSDT,1705737600003,0.0001
OPUSDT,1705766400000,0.0001
OPUSDT,1705795200000,0.0001
OPUSDT,1705824000000,0.0001
OPUSDT,1705852800000,0.0001
OPUSDT,1705881600000,0.0001
OPUSDT,1705910400000,0.0001
OPUSDT,1705939200000,0.0001
OPUSDT,1705968000000,0.0001
OPUSDT,1705996800000,0.0001
OPUSDT,1706025600000,0.0001
OPUSDT,1706054400000,0.0001
OPUSDT,1706083200000,0.0001
OPUSDT,1706112000000,0.0001
OPUSDT,1706140800000,0.0001
OPUSDT,1706169600001,0.0001
OPUSDT,1706198400000,0.0001
OPUSDT,1706227200001,0.0001
OPUSDT,1706256000000,0.0001
OPUSDT,1706284800000,0.0001
OPUSDT,1706313600000,0.0001
OPUSDT,1706342400000,0.0001
OPUSDT,1706371200000,0.0001
OPUSDT,1706400000000,0.0001
OPUSDT,1706428800000,0.0001
OPUSDT,1706457600000,0.0001
OPUSDT,1706486400000,0.0001
OPUSDT,1706515200001,0.0001
OPUSDT,1706544000000,0.0001
OPUSDT,1706572800000,0.0001
OPUSDT,1706601600000,0.0001
OPUSDT,1706630400001,0.0001
OPUSDT,1706659200000,0.0001
OPUSDT,1706688000000,0.0001
OPUSDT,1706716800000,0.0001
OPUSDT,1706745600000,0.0001
OPUSDT,1706774400000,0.0001
OPUSDT,1706803200002,0.0001
OPUSDT,1706832000000,0.0001
OPUSDT,1706860800000,0.0001
OPUSDT,1706889600000,0.0001
OPUSDT,1706918400000,0.0001
OPUSDT,1706947200000,0.0001
OPUSDT,1706976000001,0.0001
OPUSDT,1707004800000,0.0001
OPUSDT,1707033600004,0.0001
OPUSDT,1707062400000,0.0001
OPUSDT,1707091200000,0.0001
OPUSDT,1707120000000,0.0001
OPUSDT,1707148800000,0.0001
OPUSDT,1707177600000,0.0001
OPUSDT,1707206400001,0.0001
OPUSDT,1707235200000,0.0001
OPUSDT,1707264000000,0.0001
OPUSDT,1707292800000,0.0001
OPUSDT,1707321600000,0.0001
OPUSDT,1707350400000,0.0001
OPUSDT,1707379200000,0.0001
OPUSDT,1707408000000,0.0001
OPUSDT,1707436800000,0.0001
OPUSDT,1707465600000,0.0001
OPUSDT,1707494400001,0.0001
OPUSDT,1707523200001,0.0001
OPUSDT,1707552000000,0.0001
OPUSDT,1707580800000,0.0001
OPUSDT,1707609600000,0.0001
OPUSDT,1707638400001,0.0001
OPUSDT,1707667200000,0.0001
OPUSDT,1707696000000,0.0001
OPUSDT,1707724800000,0.0001
OPUSDT,1707753600000,0.00021518
OPUSDT,1707782400000,0.00040218
OPUSDT,1707811200000,0.00024701
OPUSDT,1707840000000,0.00020659
OPUSDT,1707868800000,0.00013702
OPUSDT,1707897600000,0.00024952
OPUSDT,1707926400000,0.00026227
OPUSDT,1707955200000,0.00025835
OPUSDT,1707984000000,0.00034933
OPUSDT,1708012800000,0.00031809
OPUSDT,1708041600000,0.00029282
OPUSDT,1708070400000,0.00029787
OPUSDT,1708099200000,0.00020703
OPUSDT,1708128000000,0.00011976
OPUSDT,1708156800000,0.00035113
OPUSDT,1708185600000,0.00036173
OPUSDT,1708214400000,0.0001975
OPUSDT,1708243200000,0.00035313
OPUSDT,1708272000000,0.00040303
OPUSDT,1708300800000,0.00047557
OPUSDT,1708329600000,0.0004354
OPUSDT,1708358400000,0.00044792
OPUSDT,1708387200000,0.00054608
OPUSDT,1708416000000,0.00029372
OPUSDT,1708444800000,0.00047785
OPUSDT,1708473600000,0.00037733
OPUSDT,1708502400000,0.0001
OPUSDT,1708531200000,0.00015338
OPUSDT,1708560000001,0.00014069
OPUSDT,1708588800001,0.00022349
OPUSDT,1708617600000,0.00030707
OPUSDT,1708646400000,0.00018192
OPUSDT,1708675200000,0.00021532
OPUSDT,1708704000000,0.00034502
OPUSDT,1708732800000,0.00032704
OPUSDT,1708761600001,0.00023012
OPUSDT,1708790400000,0.00017209
OPUSDT,1708819200001,0.00029624
OPUSDT,1708848000000,0.0003622
OPUSDT,1708876800000,0.00025187
OPUSDT,1708905600000,0.00053587
OPUSDT,1708934400000,0.00060435
OPUSDT,1708963200000,0.00046301
OPUSDT,1708992000000,0.00055309
OPUSDT,1709020800000,0.00073428
OPUSDT,1709049600000,0.00047405
OPUSDT,1709078400000,0.00035745
OPUSDT,1709107200000,0.00058993
OPUSDT,1709136000000,0.00068892
OPUSDT,1709164800000,0.00052152
OPUSDT,1709193600000,0.00078406
OPUSDT,1709222400000,0.00076107
OPUSDT,1709251200000,0.00043174
OPUSDT,1709280000000,0.00069804
OPUSDT,1709308800000,0.00067727
OPUSDT,1709337600000,0.00087066
OPUSDT,1709366400001,0.0010391
OPUSDT,1709395200000,0.00099514
OPUSDT,1709424000000,0.00105986
OPUSDT,1709452800000,0.00101056
OPUSDT,1709481600000,0.00062625
OPUSDT,1709510400000,0.00057703
OPUSDT,1709539200000,0.0009395
OPUSDT,1709568000000,0.00070509
OPUSDT,1709596800000,0.00076398
OPUSDT,1709625600000,0.00202586
OPUSDT,1709654400000,0.00118336
OPUSDT,1709683200000,0.00016656
OPUSDT,1709712000001,0.0004198
OPUSDT,1709740800000,0.00048141
OPUSDT,1709769600000,0.00039759
OPUSDT,1709798400000,0.00057712
OPUSDT,1709827200000,0.00055269
OPUSDT,1709856000000,0.00060765
OPUSDT,1709884800000,0.00057377
OPUSDT,1709913600000,0.00050543
OPUSDT,1709942400000,0.00055439
OPUSDT,1709971200001,0.00077281
OPUSDT,1710000000000,0.00076204
OPUSDT,1710028800000,0.00058541
OPUSDT,1710057600000,0.00063266
OPUSDT,1710086400000,0.00051802
OPUSDT,1710115200000,0.0004645
OPUSDT,1710144000000,0.00061908
OPUSDT,1710172800000,0.00070546
OPUSDT,1710201600000,0.00080134
OPUSDT,1710230400000,0.00066144
OPUSDT,1710259200000,0.00053296
OPUSDT,1710288000000,0.00060591
OPUSDT,1710316800001,0.00068618
OPUSDT,1710345600000,0.00071121
OPUSDT,1710374400001,0.00055128
OPUSDT,1710403200000,0.0007368
OPUSDT,1710432000000,0.00059766
OPUSDT,1710460800000,0.00059199
OPUSDT,1710489600000,0.00029842
OPUSDT,1710518400000,0.00019247
OPUSDT,1710547200000,0.00026209
OPUSDT,1710576000000,0.00026671
OPUSDT,1710604800000,0.00022686
OPUSDT,1710633600000,0.0001
OPUSDT,1710662400000,0.00013952
OPUSDT,1710691200000,0.00018721
OPUSDT,1710720000000,0.00025674
OPUSDT,1710748800000,0.00028043
OPUSDT,1710777600001,0.00030754
OPUSDT,1710806400000,0.00029227
OPUSDT,1710835200000,0.00012972
OPUSDT,1710864000001,0.0001
OPUSDT,1710892800000,0.0001
OPUSDT,1710921600004,0.00014638
OPUSDT,1710950400000,0.00010799
OPUSDT,1710979200000,0.00022143
OPUSDT,1711008000000,0.0002555
OPUSDT,1711036800000,0.0002527
OPUSDT,1711065600000,0.00030624
OPUSDT,1711094400000,0.00030195
OPUSDT,1711123200000,0.00020783
OPUSDT,1711152000000,0.00020522
OPUSDT,1711180800000,0.00017495
OPUSDT,1711209600000,0.00019058
OPUSDT,1711238400000,0.00026253
OPUSDT,1711267200000,0.00021037
OPUSDT,1711296000000,0.00023017
OPUSDT,1711324800000,0.00018931
OPUSDT,1711353600001,0.00015362
OPUSDT,1711382400000,0.00013397
OPUSDT,1711411200000,0.00030343
OPUSDT,1711440000000,0.00025071
OPUSDT,1711468800000,0.0003779
OPUSDT,1711497600000,0.00041857
OPUSDT,1711526400001,0.0004245
OPUSDT,1711555200000,0.00036635
OPUSDT,1711584000000,0.00045965
OPUSDT,1711612800000,0.00049523
OPUSDT,1711641600000,0.00045753
OPUSDT,1711670400000,0.00048696
OPUSDT,1711699200000,0.00043961
OPUSDT,1711728000000,0.00040733
OPUSDT,1711756800000,0.00054842
OPUSDT,1711785600000,0.0006411
OPUSDT,1711814400000,0.00054752
OPUSDT,1711843200000,0.00052041
OPUSDT,1711872000000,0.0006092
OPUSDT,1711900800001,0.00050308
OPUSDT,1711929600000,0.00070739
OPUSDT,1711958400000,0.00038099
OPUSDT,1711987200000,0.00033147
OPUSDT,1712016000007,0.0004176
OPUSDT,1712044800015,0.00017025
OPUSDT,1712073600000,0.00010735
OPUSDT,1712102400000,0.0001
OPUSDT,1712131200000,0.00011262
OPUSDT,1712160000000,0.00013067
OPUSDT,1712188800000,0.00019561
OPUSDT,1712217600000,0.00022055
OPUSDT,1712246400000,0.00010764
OPUSDT,1712275200000,0.00021323
OPUSDT,1712304000000,0.0001
OPUSDT,1712332800000,0.0001
OPUSDT,1712361600000,0.00017966
OPUSDT,1712390400000,0.0001
OPUSDT,1712419200000,0.0001
OPUSDT,1712448000000,0.00010234
OPUSDT,1712476800000,0.0001
OPUSDT,1712505600000,0.0001
OPUSDT,1712534400001,0.0001
OPUSDT,1712563200000,0.0001
OPUSDT,1712592000006,0.00015865
OPUSDT,1712620800000,0.00010121
OPUSDT,1712649600001,0.00022674
OPUSDT,1712678400001,0.00022495
OPUSDT,1712707200000,0.00018512
OPUSDT,1712736000001,0.00015011
OPUSDT,1712764800000,0.00014305
OPUSDT,1712793600000,0.0001
OPUSDT,1712822400000,0.00019017
OPUSDT,1712851200000,0.00021608
OPUSDT,1712880000000,0.00030672
OPUSDT,1712908800001,0.00023881
OPUSDT,1712937600000,0.00021161
OPUSDT,1712966400000,0.0001
OPUSDT,1712995200000,0.0001
OPUSDT,1713024000001,0.0001
OPUSDT,1713052800000,0.00005726
OPUSDT,1713081600000,0.0001
OPUSDT,1713110400000,0.0001
OPUSDT,1713139200000,-0.00007306
OPUSDT,1713168000001,0.0001
OPUSDT,1713196800000,0.00003842
OPUSDT,1713225600001,0.00009531
OPUSDT,1713254400000,0.0001
OPUSDT,1713283200000,0.00000819
OPUSDT,1713312000000,0.00002064
OPUSDT,1713340800000,-0.00001056
OPUSDT,1713369600000,0.00008874
OPUSDT,1713398400000,0.00005561
OPUSDT,1713427200000,0.0000654
OPUSDT,1713456000000,0.00005011
OPUSDT,1713484800001,0.0001
OPUSDT,1713513600000,0.00006578
OPUSDT,1713542400000,0.0001
OPUSDT,1713571200000,0.00008458
OPUSDT,1713600000000,0.00007436
OPUSDT,1713628800000,0.00001841
OPUSDT,1713657600000,0.00001624
OPUSDT,1713686400000,0.00003432
OPUSDT,1713715200000,0.00009611
OPUSDT,1713744000000,0.00005221
OPUSDT,1713772800000,-0.00007347
OPUSDT,1713801600000,0.00006286
OPUSDT,1713830400000,-0.00001513
OPUSDT,1713859200000,0.0001
OPUSDT,1713888000001,0.0001
OPUSDT,1713916800000,0.0001
OPUSDT,1713945600000,0.0000087
OPUSDT,1713974400000,0.00007667
OPUSDT,1714003200000,-0.00000345
OPUSDT,1714032000000,0.00006324
OPUSDT,1714060800010,0.00009676
OPUSDT,1714089600001,0.00004844
OPUSDT,1714118400000,0.0000519
OPUSDT,1714147200000,0.0000377
OPUSDT,1714176000000,0.0001
OPUSDT,1714204800001,0.0001
OPUSDT,1714233600000,0.00004918
OPUSDT,1714262400000,0.00003454
OPUSDT,1714291200000,0.00003474
OPUSDT,1714320000000,0.0000058
OPUSDT,1714348800000,0.00003633
OPUSDT,1714377600000,0.0001
OPUSDT,1714406400000,-0.00005969
OPUSDT,1714435200000,-0.00003484
OPUSDT,1714464000000,0.00001638
OPUSDT,1714492800000,0.00000772
OPUSDT,1714521600000,-0.000119
OPUSDT,1714550400000,0.00002937
OPUSDT,1714579200000,0.00005315
OPUSDT,1714608000000,-0.0000737
OPUSDT,1714636800000,0.00004053
OPUSDT,1714665600002,-0.00010046
OPUSDT,1714694400000,0.00002376
OPUSDT,1714723200000,0.0001
OPUSDT,1714752000000,0.00003565
OPUSDT,1714780800000,-0.00000676
OPUSDT,1714809600000,0.00006297
OPUSDT,1714838400000,0.0001
OPUSDT,1714867200000,0.00006828
OPUSDT,1714896000000,0.0001
OPUSDT,1714924800000,-0.00000451
OPUSDT,1714953600000,0.00000851
OPUSDT,1714982400000,-0.00001658
OPUSDT,1715011200000,0.00005294
OPUSDT,1715040000000,0.0001
OPUSDT,1715068800000,0.0001
OPUSDT,1715097600000,0.00005938
OPUSDT,1715126400000,0.0001
OPUSDT,1715155200000,0.0001
OPUSDT,1715184000000,0.0001
OPUSDT,1715212800000,0.0001
OPUSDT,1715241600000,0.0000348
OPUSDT,1715270400000,0.0001
OPUSDT,1715299200000,0.0000113
OPUSDT,1715328000000,0.0001
OPUSDT,1715356800000,0.0001
OPUSDT,1715385600000,0.00000126
OPUSDT,1715414400000,0.0001
OPUSDT,1715443200000,0.0001
OPUSDT,1715472000000,0.0001
OPUSDT,1715500800000,0.00006511
OPUSDT,1715529600000,0.0001
OPUSDT,1715558400001,0.0001
OPUSDT,1715587200001,0.00009109
OPUSDT,1715616000000,0.0001
OPUSDT,1715644800000,0.0001
OPUSDT,1715673600000,0.0001
OPUSDT,1715702400000,0.0001
OPUSDT,1715731200000,0.0001
OPUSDT,1715760000000,0.0001
OPUSDT,1715788800000,-0.00000094
OPUSDT,1715817600004,-0.00000643
OPUSDT,1715846400000,0.00005326
OPUSDT,1715875200000,0.0001
OPUSDT,1715904000000,0.00009682
OPUSDT,1715932800000,0.00003861
OPUSDT,1715961600000,0.0001
OPUSDT,1715990400000,0.0001
OPUSDT,1716019200000,0.00004668
OPUSDT,1716048000000,0.0001
OPUSDT,1716076800000,0.00009576
OPUSDT,1716105600000,0.00006913
OPUSDT,1716134400000,0.0001
OPUSDT,1716163200000,0.00003252
OPUSDT,1716192000000,0.00008174
OPUSDT,1716220800003,0.00009011
OPUSDT,1716249600000,0.0001
OPUSDT,1716278400001,0.0001
OPUSDT,1716307200000,0.0001
OPUSDT,1716336000000,0.00022038
OPUSDT,1716364800000,0.0001323
OPUSDT,1716393600000,0.0001
OPUSDT,1716422400000,0.00012684
OPUSDT,1716451200000,0.00022786
OPUSDT,1716480000000,0.0001
OPUSDT,1716508800000,0.0001
OPUSDT,1716537600000,0.0001
OPUSDT,1716566400000,0.0001
OPUSDT,1716595200000,0.0001
OPUSDT,1716624000000,0.0001
OPUSDT,1716652800000,0.00011207
OPUSDT,1716681600000,0.00015891
OPUSDT,1716710400000,0.00012219
OPUSDT,1716739200000,0.0001
OPUSDT,1716768000000,0.0001
OPUSDT,1716796800000,0.00010764
OPUSDT,1716825600000,0.0001474
OPUSDT,1716854400000,0.0001
OPUSDT,1716883200000,0.0001
OPUSDT,1716912000000,0.00017229
OPUSDT,1716940800001,0.00027559
OPUSDT,1716969600000,0.00026747
OPUSDT,1716998400000,0.00016993
OPUSDT,1717027200000,0.00022693
OPUSDT,1717056000000,0.0001
OPUSDT,1717084800000,0.0001
OPUSDT,1717113600000,0.00011305
OPUSDT,1717142400000,0.00023652
OPUSDT,1717171200000,0.00011256
OPUSDT,1717200000000,0.00022715
OPUSDT,1717228800000,0.0001
OPUSDT,1717257600001,0.00013887
OPUSDT,1717286400000,0.0001
OPUSDT,1717315200000,0.0001
OPUSDT,1717344000000,0.0001
OPUSDT,1717372800000,0.0001
OPUSDT,1717401600000,0.0001
OPUSDT,1717430400000,0.00011362
OPUSDT,1717459200000,0.00010486
OPUSDT,1717488000000,0.00017836
OPUSDT,1717516800000,0.00014321
OPUSDT,1717545600000,0.00019297
OPUSDT,1717574400000,0.00024973
OPUSDT,1717603200000,0.0001495
OPUSDT,1717632000000,0.00021701
OPUSDT,1717660800008,0.00015193
OPUSDT,1717689600000,0.00019231
OPUSDT,1717718400000,0.00021644
OPUSDT,1717747200000,0.0001955
OPUSDT,1717776000000,0.0003035
OPUSDT,1717804800000,0.0001
OPUSDT,1717833600000,0.0001
OPUSDT,1717862400000,0.0001
OPUSDT,1717891200000,0.0001
OPUSDT,1717920000000,0.0001
OPUSDT,1717948800001,0.0001
OPUSDT,1717977600000,0.0001
OPUSDT,1718006400000,0.0001
OPUSDT,1718035200001,0.0001
OPUSDT,1718064000001,0.0001
OPUSDT,1718092800000,0.0001
OPUSDT,1718121600000,0.0001
OPUSDT,1718150400000,0.0001
OPUSDT,1718179200000,0.0001
OPUSDT,1718208000000,0.0001
OPUSDT,1718236800000,0.0001
OPUSDT,1718265600001,0.0001
OPUSDT,1718294400000,0.0001
OPUSDT,1718323200000,0.0001
OPUSDT,1718352000000,0.0001
OPUSDT,1718380800000,0.0001
OPUSDT,1718409600000,0.00007435
OPUSDT,1718438400000,0.0001
OPUSDT,1718467200000,0.0001
OPUSDT,1718496000001,0.0001
OPUSDT,1718524800000,0.0001
OPUSDT,1718553600000,0.00006337
OPUSDT,1718582400000,0.0001
OPUSDT,1718611200000,0.0001
OPUSDT,1718640000000,0.0001
OPUSDT,1718668800000,0.0001
OPUSDT,1718697600000,-0.00007127
OPUSDT,1718726400000,0.0001
OPUSDT,1718755200001,0.0001
OPUSDT,1718784000001,0.00007322
OPUSDT,1718812800000,0.00003687
OPUSDT,1718841600000,0.00004073
OPUSDT,1718870400000,0.0001
OPUSDT,1718899200000,0.0001
OPUSDT,1718928000000,0.00004261
OPUSDT,1718956800000,0.00001632
OPUSDT,1718985600000,0.00002945
OPUSDT,1719014400000,0.0001
OPUSDT,1719043200000,0.00006609
OPUSDT,1719072000000,-0.0000029
OPUSDT,1719100800000,0.00001804
OPUSDT,1719129600000,-0.00007931
OPUSDT,1719158400000,0.0001
OPUSDT,1719187200002,0.00007717
OPUSDT,1719216000000,0.00007524
OPUSDT,1719244800000,0.00004627
OPUSDT,1719273600000,0.0001
OPUSDT,1719302400000,0.0001
OPUSDT,1719331200000,0.0001
OPUSDT,1719360000002,0.00007324
OPUSDT,1719388800000,0.0000844
OPUSDT,1719417600000,0.0001
OPUSDT,1719446400000,0.0001
OPUSDT,1719475200001,0.0001
OPUSDT,1719504000000,0.0001
OPUSDT,1719532800000,0.0001
OPUSDT,1719561600000,0.0001
OPUSDT,1719590400000,0.0001
OPUSDT,1719619200001,0.00001884
OPUSDT,1719648000000,0.0001
OPUSDT,1719676800000,0.0001
OPUSDT,1719705600000,0.00004837
OPUSDT,1719734400000,0.0001
OPUSDT,1719763200000,0.00003107
OPUSDT,1719792000000,0.0001
OPUSDT,1719820800000,0.0001
OPUSDT,1719849600001,0.0001
OPUSDT,1719878400000,0.0001
OPUSDT,1719907200000,0.0001
OPUSDT,1719936000000,0.0001
OPUSDT,1719964800000,0.0001
OPUSDT,1719993600001,0.0001
OPUSDT,1720022400000,0.0001
OPUSDT,1720051200000,0.00004493
OPUSDT,1720080000000,0.0000573
OPUSDT,1720108800000,0.00005021
OPUSDT,1720137600000,0.00004717
OPUSDT,1720166400000,0.0000148
OPUSDT,1720195200000,0.00000996
OPUSDT,1720224000000,-0.00001358
OPUSDT,1720252800000,0.00008686
OPUSDT,1720281600000,-0.00000589
OPUSDT,1720310400001,0.00006997
OPUSDT,1720339200000,0.0001
OPUSDT,1720368000000,0.0001
OPUSDT,1720396800000,0.00001574
OPUSDT,1720425600000,0.00005709
OPUSDT,1720454400000,0.00007242
OPUSDT,1720483200000,-0.00005246
OPUSDT,1720512000001,-0.00003183
OPUSDT,1720540800000,0.00005953
OPUSDT,1720569600000,-0.00009682
OPUSDT,1720598400000,0.0001
OPUSDT,1720627200000,0.0001
OPUSDT,1720656000002,0.00005611
OPUSDT,1720684800002,0.0001
OPUSDT,1720713600004,0.00008406
OPUSDT,1720742400000,0.0001
OPUSDT,1720771200000,0.0001
OPUSDT,1720800000000,-0.0000356
OPUSDT,1720828800000,-0.00001856
OPUSDT,1720857600000,0.0000503
OPUSDT,1720886400000,0.00001331
OPUSDT,1720915200000,0.00009798
OPUSDT,1720944000000,0.0001
OPUSDT,1720972800000,0.0001
OPUSDT,1721001600000,0.0001
OPUSDT,1721030400000,0.00001268
OPUSDT,1721059200000,0.00000275
OPUSDT,1721088000000,0.0001
OPUSDT,1721116800000,0.0001
OPUSDT,1721145600000,0.00008392
OPUSDT,1721174400000,0.0001
OPUSDT,1721203200001,0.0001
OPUSDT,1721232000000,0.0001
OPUSDT,1721260800000,0.0001
OPUSDT,1721289600000,0.0001
OPUSDT,1721318400000,0.0001
OPUSDT,1721347200000,0.0001
OPUSDT,1721376000000,0.00006784
OPUSDT,1721404800000,0.0001
OPUSDT,1721433600001,0.0001
OPUSDT,1721462400000,0.0001
OPUSDT,1721491200000,0.0001
OPUSDT,1721520000000,0.0001
OPUSDT,1721548800000,0.0001
OPUSDT,1721577600000,0.00005716
OPUSDT,1721606400000,0.0001
OPUSDT,1721635200000,0.0001
OPUSDT,1721664000000,0.00004878
OPUSDT,1721692800000,0.0001
OPUSDT,1721721600000,0.0001
OPUSDT,1721750400000,0.0001
OPUSDT,1721779200000,0.0001
OPUSDT,1721808000000,-0.00004325
OPUSDT,1721836800000,0.00009581
OPUSDT,1721865600000,-0.00000176
OPUSDT,1721894400000,0.00003295
OPUSDT,1721923200000,0.00006365
OPUSDT,1721952000000,-0.00000859
OPUSDT,1721980800000,0.00009997
OPUSDT,1722009600000,0.00005862
OPUSDT,1722038400000,0.00006432
OPUSDT,1722067200000,0.0001
OPUSDT,1722096000000,0.0001
OPUSDT,1722124800000,0.0001
OPUSDT,1722153600000,0.00007601
OPUSDT,1722182400001,0.0000731
OPUSDT,1722211200001,0.00003299
OPUSDT,1722240000000,0.00007296
OPUSDT,1722268800001,0.0001
OPUSDT,1722297600000,0.00006368
OPUSDT,1722326400001,0.00007647
OPUSDT,1722355200000,0.0001
OPUSDT,1722384000000,0.00005261
OPUSDT,1722412800000,0.0001
OPUSDT,1722441600000,-0.00004708
OPUSDT,1722470400000,0.00004699
OPUSDT,1722499200000,0.00006193
OPUSDT,1722528000000,0.00002854
OPUSDT,1722556800000,0.00006554
OPUSDT,1722585600001,-0.00000279
OPUSDT,1722614400000,0.00006363
OPUSDT,1722643200000,0.00008439
OPUSDT,1722672000000,0.00007102
OPUSDT,1722700800001,0.00006161
OPUSDT,1722729600000,0.00006351
OPUSDT,1722758400000,0.00001203
OPUSDT,1722787200000,0.00000931
OPUSDT,1722816000000,-0.00003308
OPUSDT,1722844800000,-0.00011562
OPUSDT,1722873600000,0.0000048
OPUSDT,1722902400000,-0.00007625
OPUSDT,1722931200000,-0.0001638
OPUSDT,1722960000000,0.0000737
OPUSDT,1722988800000,0.00006948
OPUSDT,1723017600001,0.00006098
OPUSDT,1723046400000,0.0001
OPUSDT,1723075200001,0.0001
OPUSDT,1723104000000,0.00001801
OPUSDT,1723132800000,0.00007007
OPUSDT,1723161600000,0.0001
OPUSDT,1723190400000,0.00006807
OPUSDT,1723219200000,0.0001
OPUSDT,1723248000000,-0.00000415
OPUSDT,1723276800000,0.00003549
OPUSDT,1723305600000,0.00006465
OPUSDT,1723334400000,-0.00002936
OPUSDT,1723363200000,-0.00001627
OPUSDT,1723392000001,0.00006495
OPUSDT,1723420800000,0.00000537
OPUSDT,1723449600000,0.00007501
OPUSDT,1723478400000,0.00004892
OPUSDT,1723507200000,0.00007871
OPUSDT,1723536000000,0.0000012
OPUSDT,1723564800000,-0.00000929
OPUSDT,1723593600000,-0.00002466
OPUSDT,1723622400000,0.0000427
OPUSDT,1723651200000,0.00002665
OPUSDT,1723680000000,0.00004886
OPUSDT,1723708800000,0.00006914
OPUSDT,1723737600000,-0.00000232
OPUSDT,1723766400000,-0.00008067
OPUSDT,1723795200000,-0.00002646
OPUSDT,1723824000000,0.00006844
OPUSDT,1723852800000,-0.00000431
OPUSDT,1723881600000,-0.0000322
OPUSDT,1723910400000,-0.00000235
OPUSDT,1723939200000,-0.000014
OPUSDT,1723968000000,0.0001
OPUSDT,1723996800000,0.00007606
OPUSDT,1724025600000,0.0001
OPUSDT,1724054400000,0.0000991
OPUSDT,1724083200002,0.00003478
OPUSDT,1724112000000,0.00008141
OPUSDT,1724140800000,0.0001
OPUSDT,1724169600001,0.00004744
OPUSDT,1724198400001,0.0001
OPUSDT,1724227200000,0.0001
OPUSDT,1724256000001,0.0001
OPUSDT,1724284800000,0.000031
OPUSDT,1724313600000,0.0001
OPUSDT,1724342400008,0.0001
OPUSDT,1724371200000,0.00004914
OPUSDT,1724400000000,0.00009804
OPUSDT,1724428800000,0.0001
OPUSDT,1724457600000,0.00009184
OPUSDT,1724486400005,0.00006001
OPUSDT,1724515200000,0.0001
OPUSDT,1724544000000,0.0001
OPUSDT,1724572800000,0.0001
OPUSDT,1724601600000,0.0001
OPUSDT,1724630400000,0.00006421
OPUSDT,1724659200001,0.0001
OPUSDT,1724688000000,0.0001
OPUSDT,1724716800001,0.00004029
OPUSDT,1724745600000,0.00006185
OPUSDT,1724774400000,0.0001
OPUSDT,1724803200000,0.00002164
OPUSDT,1724832000000,0.00008573
OPUSDT,1724860800001,0.00006162
OPUSDT,1724889600000,0.00004193
OPUSDT,1724918400001,-0.00001829
OPUSDT,1724947200000,0.00005015
OPUSDT,1724976000000,0.00001558
OPUSDT,1725004800000,0.0001
OPUSDT,1725033600000,0.00002881
OPUSDT,1725062400000,0.00000109
OPUSDT,1725091200000,0.00003829
OPUSDT,1725120000000,0.00001512
OPUSDT,1725148800000,-0.00008377
OPUSDT,1725177600001,0.00007892
OPUSDT,1725206400000,0.00006687
OPUSDT,1725235200001,0.00002907
OPUSDT,1725264000001,0.00002294
OPUSDT,1725292800000,0.00003215
OPUSDT,1725321600000,0.0000687
OPUSDT,1725350400001,0.0001
OPUSDT,1725379200000,0.00004353
OPUSDT,1725408000000,0.00004695
OPUSDT,1725436800000,0.00003666
OPUSDT,1725465600000,0.00002298
OPUSDT,1725494400000,0.00003312
OPUSDT,1725523200000,0.00006032
OPUSDT,1725552000005,0.0000435
OPUSDT,1725580800000,-0.00000089
OPUSDT,1725609600001,0.00006401
OPUSDT,1725638400000,0.00007033
OPUSDT,1725667200000,0.00003037
OPUSDT,1725696000000,0.00009261
OPUSDT,1725724800000,0.00005929
OPUSDT,1725753600000,0.0001
OPUSDT,1725782400000,0.00000853
OPUSDT,1725811200000,0.0000151
OPUSDT,1725840000000,0.00001873
OPUSDT,1725868800000,0.0001
OPUSDT,1725897600001,0.0001
OPUSDT,1725926400000,0.0000812
OPUSDT,1725955200000,0.0001
OPUSDT,1725984000000,0.0001
OPUSDT,1726012800000,0.00002442
OPUSDT,1726041600000,0.0001
OPUSDT,1726070400000,0.00007918
OPUSDT,1726099200000,0.00001042
OPUSDT,1726128000000,0.00001445
OPUSDT,1726156800000,-0.00005237
OPUSDT,1726185600000,0.00000301
OPUSDT,1726214400001,0.00005739
OPUSDT,1726243200001,0.00003011
OPUSDT,1726272000000,0.0000738
OPUSDT,1726300800000,0.00007019
OPUSDT,1726329600001,0.0001
OPUSDT,1726358400000,0.00009496
OPUSDT,1726387200000,0.0001
OPUSDT,1726416000000,0.0001
OPUSDT,1726444800000,0.00005595
OPUSDT,1726473600001,-0.00001253
OPUSDT,1726502400000,-0.00000043
OPUSDT,1726531200001,-0.00002623
OPUSDT,1726560000000,0.00005824
OPUSDT,1726588800000,-0.00008771
OPUSDT,1726617600000,-0.00004263
OPUSDT,1726646400000,-0.00004263
OPUSDT,1726675200004,0.00004797
OPUSDT,1726704000000,0.0001
OPUSDT,1726732800000,0.0001
OPUSDT,1726761600001,0.0001
OPUSDT,1726790400000,0.0001
OPUSDT,1726819200001,0.0001
OPUSDT,1726848000000,0.0001
OPUSDT,1726876800001,0.0001
OPUSDT,1726905600000,0.0001
OPUSDT,1726934400000,0.0001
OPUSDT,1726963200000,0.00007535
OPUSDT,1726992000000,0.00008173
OPUSDT,1727020800000,0.0001
OPUSDT,1727049600000,0.00008509
OPUSDT,1727078400000,0.0001
OPUSDT,1727107200000,0.00008868
OPUSDT,1727136000000,0.00009805
OPUSDT,1727164800000,0.0000988
OPUSDT,1727193600001,0.00004063
OPUSDT,1727222400000,0.0001
OPUSDT,1727251200003,0.0001
OPUSDT,1727280000000,0.0001
OPUSDT,1727308800005,0.0001
OPUSDT,1727337600000,0.0001
OPUSDT,1727366400000,0.0001
OPUSDT,1727395200000,0.0001
OPUSDT,1727424000000,0.0001
OPUSDT,1727452800000,0.0001
OPUSDT,1727481600000,0.0001
OPUSDT,1727510400001,0.0001
OPUSDT,1727539200000,0.0001
OPUSDT,1727568000001,0.0001
OPUSDT,1727596800000,0.0001
OPUSDT,1727625600000,0.0001
OPUSDT,1727654400000,0.0001
OPUSDT,1727683200001,0.0001
OPUSDT,1727712000000,0.0001
OPUSDT,1727740800000,0.00007047
OPUSDT,1727769600000,0.0001
OPUSDT,1727798400001,0.0001
OPUSDT,1727827200000,0.0000919
OPUSDT,1727856000000,0.00009103
OPUSDT,1727884800000,0.0001
OPUSDT,1727913600000,0.00006676
OPUSDT,1727942400000,0.0000548
OPUSDT,1727971200000,-0.0000217
OPUSDT,1728000000000,-0.00008151
OPUSDT,1728028800000,0.00003382
OPUSDT,1728057600001,0.00000857
OPUSDT,1728086400000,-0.00003072
OPUSDT,1728115200000,0.00003447
OPUSDT,1728144000000,0.00008874
OPUSDT,1728172800000,0.0001
OPUSDT,1728201600001,0.00009895
OPUSDT,1728230400000,0.0001
OPUSDT,1728259200000,0.0001
OPUSDT,1728288000000,0.0001
OPUSDT,1728316800001,0.0001
OPUSDT,1728345600000,0.00005229
OPUSDT,1728374400000,0.0001
OPUSDT,1728403200000,0.0001
OPUSDT,1728432000000,0.0001
OPUSDT,1728460800000,0.00008718
OPUSDT,1728489600000,0.0001
OPUSDT,1728518400000,0.0001
OPUSDT,1728547200000,0.00004531
OPUSDT,1728576000000,0.0001
OPUSDT,1728604800000,0.00009147
OPUSDT,1728633600000,0.0001
OPUSDT,1728662400001,0.0001
OPUSDT,1728691200000,0.0001
OPUSDT,1728720000001,0.0001
OPUSDT,1728748800000,0.0001
OPUSDT,1728777600000,0.00009139
OPUSDT,1728806400000,0.0001
OPUSDT,1728835200000,0.0001
OPUSDT,1728864000000,0.0001
OPUSDT,1728892800000,0.0001
OPUSDT,1728921600000,0.000066
OPUSDT,1728950400000,0.0001
OPUSDT,1728979200000,0.0001
OPUSDT,1729008000000,0.0001
OPUSDT,1729036800000,0.0001
OPUSDT,1729065600001,0.0001
OPUSDT,1729094400000,0.0001
OPUSDT,1729123200000,0.0001
OPUSDT,1729152000000,0.0001
OPUSDT,1729180800001,0.00006059
OPUSDT,1729209600010,0.0001
OPUSDT,1729238400001,0.0001
OPUSDT,1729267200000,0.0001
OPUSDT,1729296000000,0.0001
OPUSDT,1729324800000,0.0001
OPUSDT,1729353600000,0.0001
OPUSDT,1729382400000,0.0001
OPUSDT,1729411200000,0.0001
OPUSDT,1729440000000,0.0001
OPUSDT,1729468800000,0.0001
OPUSDT,1729497600000,0.0001
OPUSDT,1729526400000,0.0001
OPUSDT,1729555200000,0.0001
OPUSDT,1729584000000,0.0001
OPUSDT,1729612800000,0.0001
OPUSDT,1729641600000,0.0001
OPUSDT,1729670400000,0.0001
OPUSDT,1729699200000,0.00008422
OPUSDT,1729728000000,0.00005286
OPUSDT,1729756800000,0.0001
OPUSDT,1729785600000,0.0001
OPUSDT,1729814400000,0.0001
OPUSDT,1729843200000,0.0001
OPUSDT,1729872000000,0.0001
OPUSDT,1729900800000,-0.00010659
OPUSDT,1729929600001,-0.00020698
OPUSDT,1729958400000,-0.00001282
OPUSDT,1729987200000,-0.00000115
OPUSDT,1730016000000,0.00002587
OPUSDT,1730044800000,0.00006107
OPUSDT,1730073600000,0.00003008
OPUSDT,1730102400001,0.00006228
OPUSDT,1730131200000,-0.0000829
OPUSDT,1730160000000,0.0001
OPUSDT,1730188800000,0.0001
OPUSDT,1730217600004,0.0001
OPUSDT,1730246400000,0.0001
OPUSDT,1730275200000,0.0001
OPUSDT,1730304000013,0.0001
OPUSDT,1730332800000,0.0001
OPUSDT,1730361600000,0.0001
OPUSDT,1730390400000,0.0001
OPUSDT,1730419200000,0.0001
OPUSDT,1730448000000,0.0001
OPUSDT,1730476800000,0.0001
OPUSDT,1730505600000,0.0001
OPUSDT,1730534400000,0.0001
OPUSDT,1730563200000,0.00007631
OPUSDT,1730592000000,0.0001
OPUSDT,1730620800000,0.0001
OPUSDT,1730649600000,0.00009917
OPUSDT,1730678400000,0.00003608
OPUSDT,1730707200000,0.0001
OPUSDT,1730736000000,0.0001
OPUSDT,1730764800000,0.00000342
OPUSDT,1730793600003,0.0000914
OPUSDT,1730822400001,-0.00000201
OPUSDT,1730851200000,0.00003397
OPUSDT,1730880000000,0.0001
OPUSDT,1730908800000,0.0001
OPUSDT,1730937600000,0.0001
OPUSDT,1730966400000,0.00011597
OPUSDT,1730995200000,0.0001
OPUSDT,1731024000000,0.0001
OPUSDT,1731052800000,0.0001
OPUSDT,1731081600000,0.0001
OPUSDT,1731110400000,0.0001
OPUSDT,1731139200000,0.0001
OPUSDT,1731168000000,0.0001
OPUSDT,1731196800000,0.0001
OPUSDT,1731225600000,0.00037182
OPUSDT,1731254400000,0.00027147
OPUSDT,1731283200001,0.00012795
OPUSDT,1731312000000,0.00020219
OPUSDT,1731340800000,0.0001541
OPUSDT,1731369600002,0.00032079
OPUSDT,1731398400000,0.00054657
OPUSDT,1731427200000,0.00022717
OPUSDT,1731456000000,0.00020698
OPUSDT,1731484800010,0.0001
OPUSDT,1731513600000,0.0001
OPUSDT,1731542400001,0.00021412
OPUSDT,1731571200000,0.0001823
OPUSDT,1731600000000,0.0001
OPUSDT,1731628800000,0.00011399
OPUSDT,1731657600000,0.0001
OPUSDT,1731686400000,0.0001
OPUSDT,1731715200001,0.0001
OPUSDT,1731744000001,0.0001
OPUSDT,1731772800000,0.0002309
OPUSDT,1731801600000,0.00024443
OPUSDT,1731830400000,0.00013944
OPUSDT,1731859200001,0.0001
OPUSDT,1731888000000,0.00013775
OPUSDT,1731916800000,0.00034325
OPUSDT,1731945600000,0.00020638
OPUSDT,1731974400000,0.00026643
OPUSDT,1732003200000,0.00024499
OPUSDT,1732032000000,0.00013953
OPUSDT,1732060800003,0.0001
OPUSDT,1732089600000,0.00013348
OPUSDT,1732118400000,0.0001
OPUSDT,1732147200001,0.0001
OPUSDT,1732176000000,0.0001
OPUSDT,1732204800001,0.00017201
OPUSDT,1732233600000,0.00023114
OPUSDT,1732262400000,0.00024528
OPUSDT,1732291200001,0.0001
OPUSDT,1732320000000,0.0001
OPUSDT,1732348800000,0.00027922
OPUSDT,1732377600000,0.00035766
OPUSDT,1732406400001,0.00033579
OPUSDT,1732435200000,0.00034445
OPUSDT,1732464000000,0.0001
OPUSDT,1732492800000,0.0001
OPUSDT,1732521600000,0.00025688
OPUSDT,1732550400000,0.00028208
OPUSDT,1732579200000,0.0001719
OPUSDT,1732608000000,0.0001
OPUSDT,1732636800000,0.0001
OPUSDT,1732665600000,0.0001
OPUSDT,1732694400000,0.00010836
OPUSDT,1732723200001,0.0001
OPUSDT,1732752000000,0.00016239
OPUSDT,1732780800000,0.00019005
OPUSDT,1732809600000,0.0001
OPUSDT,1732838400000,0.00012876
OPUSDT,1732867200000,0.00017205
OPUSDT,1732896000000,0.00014816
OPUSDT,1732924800000,0.00032701
OPUSDT,1732953600000,0.0002128
OPUSDT,1732982400000,0.00023706
OPUSDT,1733011200000,0.00027623
OPUSDT,1733040000000,0.00029095
OPUSDT,1733068800000,0.00037277
OPUSDT,1733097600001,0.0004466
OPUSDT,1733126400001,0.00031124
OPUSDT,1733155200000,0.00028596
OPUSDT,1733184000000,0.00044038
OPUSDT,1733212800000,0.00048718
OPUSDT,1733241600000,0.0003469
OPUSDT,1733270400000,0.00045927
OPUSDT,1733299200000,0.00056254
OPUSDT,1733328000000,0.0005035
OPUSDT,1733356800001,0.00031383
OPUSDT,1733385600000,0.0005726
OPUSDT,1733414400000,0.00065933
OPUSDT,1733443200000,0.00041977
OPUSDT,1733472000000,0.00047836
OPUSDT,1733500800000,0.00010927
OPUSDT,1733529600000,0.00042684
OPUSDT,1733558400000,0.00019149
OPUSDT,1733587200000,0.00034305
OPUSDT,1733616000000,0.00047761
OPUSDT,1733644800000,0.00038311
OPUSDT,1733673600000,0.00030547
OPUSDT,1733702400000,0.00029511
OPUSDT,1733731200000,0.00026234
OPUSDT,1733760000001,0.0001
OPUSDT,1733788800007,0.0001
OPUSDT,1733817600000,0.0001
OPUSDT,1733846400000,0.0001
OPUSDT,1733875200000,0.0001
OPUSDT,1733904000000,0.0001
OPUSDT,1733932800001,0.0001
OPUSDT,1733961600001,0.0001
OPUSDT,1733990400000,0.0001
OPUSDT,1734019200001,0.0001
OPUSDT,1734048000000,0.0001
OPUSDT,1734076800000,0.0001
OPUSDT,1734105600001,0.0001
OPUSDT,1734134400000,0.0001
OPUSDT,1734163200000,0.0001
OPUSDT,1734192000000,0.0001
OPUSDT,1734220800000,0.0001
OPUSDT,1734249600000,0.0001
OPUSDT,1734278400000,0.0001
OPUSDT,1734307200000,0.0001
OPUSDT,1734336000001,0.0001
OPUSDT,1734364800000,0.0001
OPUSDT,1734393600000,0.0001
OPUSDT,1734422400000,0.0001
OPUSDT,1734451200000,0.0001
OPUSDT,1734480000000,0.0001
OPUSDT,1734508800000,0.00009106
OPUSDT,1734537600000,0.0001
OPUSDT,1734566400000,0.00004658
OPUSDT,1734595200000,0.00006312
OPUSDT,1734624000000,0.00000827
OPUSDT,1734652800000,-0.00015148
OPUSDT,1734681600001,0.0001
OPUSDT,1734710400014,-0.00003472
OPUSDT,1734739200000,0.0001
OPUSDT,1734768000000,0.0001
OPUSDT,1734796800001,-0.00004056
OPUSDT,1734825600000,0.00005661
OPUSDT,1734854400000,0.0001
OPUSDT,1734883200000,0.00000614
OPUSDT,1734912000000,0.00008668
OPUSDT,1734940800000,0.0001
OPUSDT,1734969600001,0.0001
OPUSDT,1734998400000,0.0001
OPUSDT,1735027200000,0.0001
OPUSDT,1735056000001,0.0001
OPUSDT,1735084800001,0.0001
OPUSDT,1735113600000,0.0001
OPUSDT,1735142400000,0.0001
OPUSDT,1735171200000,0.0001
OPUSDT,1735200000000,0.0001
OPUSDT,1735228800000,0.0001
OPUSDT,1735257600000,0.0001
OPUSDT,1735286400000,0.0001
OPUSDT,1735315200000,0.00004518
OPUSDT,1735344000001,0.0001
OPUSDT,1735372800000,0.0001
OPUSDT,1735401600000,0.0001
OPUSDT,1735430400000,0.0001
OPUSDT,1735459200000,0.0001
OPUSDT,1735488000000,0.0001
OPUSDT,1735516800000,0.0001
OPUSDT,1735545600001,0.0001
OPUSDT,1735574400000,0.00006001
OPUSDT,1735603200000,0.0001
OPUSDT,1735632000000,0.00004015
OPUSDT,1735660800000,0.0001
OPUSDT,1735689600015,0.0001
OPUSDT,1735718400000,0.00007641
OPUSDT,1735747200001,0.0001
OPUSDT,1735776000000,0.0001
OPUSDT,1735804800006,0.0001
OPUSDT,1735833600000,0.0001
OPUSDT,1735862400000,0.0001
OPUSDT,1735891200000,0.0001
OPUSDT,1735920000000,0.0001
OPUSDT,1735948800000,0.0001
OPUSDT,1735977600000,0.0001
OPUSDT,1736006400000,0.0001
OPUSDT,1736035200000,0.0001
OPUSDT,1736064000000,0.0001
OPUSDT,1736092800000,0.0001
OPUSDT,1736121600000,0.0001
OPUSDT,1736150400001,0.0001
OPUSDT,1736179200000,0.0001
OPUSDT,1736208000000,0.0001
OPUSDT,1736236800000,0.0001
OPUSDT,1736265600008,0.0001
OPUSDT,1736294400001,0.00000846
OPUSDT,1736323200000,0.0001
OPUSDT,1736352000000,0.00000877
OPUSDT,1736380800000,-0.00001198
OPUSDT,1736409600000,0.0001
OPUSDT,1736438400000,0.0001
OPUSDT,1736467200000,0.00009635
OPUSDT,1736496000000,0.0001
OPUSDT,1736524800000,0.0001
OPUSDT,1736553600000,0.0001
OPUSDT,1736582400000,0.00009184
OPUSDT,1736611200000,0.00004588
OPUSDT,1736640000000,0.00004139
OPUSDT,1736668800000,0.00004255
OPUSDT,1736697600000,0.00004209
OPUSDT,1736726400000,0.00002493
OPUSDT,1736755200000,-0.00003644
OPUSDT,1736784000000,0.00003864
OPUSDT,1736812800000,0.00005308
OPUSDT,1736841600000,0.00002768
OPUSDT,1736870400000,0.0001
OPUSDT,1736899200000,0.0001
OPUSDT,1736928000000,0.0001
OPUSDT,1736956800000,0.0001
OPUSDT,1736985600000,0.0001
OPUSDT,1737014400000,0.0001
OPUSDT,1737043200000,0.0001
OPUSDT,1737072000004,0.0001
OPUSDT,1737100800000,0.0001
OPUSDT,1737129600008,0.0001
OPUSDT,1737158400000,0.0001
OPUSDT,1737187200007,0.0001
OPUSDT,1737216000000,0.00009636
OPUSDT,1737244800000,0.0001
OPUSDT,1737273600000,0.0001
OPUSDT,1737302400000,0.0001
OPUSDT,1737331200000,0.0001
OPUSDT,1737360000009,0.0001
OPUSDT,1737388800000,0.0001
OPUSDT,1737417600000,0.0001
OPUSDT,1737446400000,0.00009491
OPUSDT,1737475200000,0.0001
OPUSDT,1737504000000,0.0001
OPUSDT,1737532800000,0.0001
OPUSDT,1737561600000,0.0001
OPUSDT,1737590400001,0.0001
OPUSDT,1737619200000,0.0001
OPUSDT,1737648000000,0.0001
OPUSDT,1737676800000,0.0001
OPUSDT,1737705600000,0.0001
OPUSDT,1737734400000,0.0001
OPUSDT,1737763200000,0.0001
OPUSDT,1737792000000,0.0001
OPUSDT,1737820800001,0.0001
OPUSDT,1737849600000,0.00007933
OPUSDT,1737878400000,0.0001
OPUSDT,1737907200000,0.0001
OPUSDT,1737936000000,0.0001
OPUSDT,1737964800000,0.00000468
OPUSDT,1737993600000,-0.00000395
OPUSDT,1738022400000,0.0000579
OPUSDT,1738051200000,0.0001
OPUSDT,1738080000000,0.0000762
OPUSDT,1738108800000,0.00005338
OPUSDT,1738137600000,0.00009702
OPUSDT,1738166400000,0.0001
OPUSDT,1738195200000,-0.00000715
OPUSDT,1738224000000,0.0001
OPUSDT,1738252800000,0.0001
OPUSDT,1738281600000,0.0001
OPUSDT,1738310400000,0.0001
OPUSDT,1738339200000,0.0001
OPUSDT,1738368000000,0.0001
OPUSDT,1738396800000,0.0001
OPUSDT,1738425600000,0.0001
OPUSDT,1738454400001,0.0000516
OPUSDT,1738483200000,0.00005293
OPUSDT,1738512000000,0.00005697
OPUSDT,1738540800000,-0.00008857
OPUSDT,1738569600000,-0.0004918
OPUSDT,1738598400000,0.00004676
OPUSDT,1738627200000,0.0001
OPUSDT,1738656000001,0.0001
OPUSDT,1738684800000,-0.00005779
OPUSDT,1738713600001,-0.00000564
OPUSDT,1738742400001,0.00004835
OPUSDT,1738771200000,0.00006305
OPUSDT,1738800000001,0.00000084
OPUSDT,1738828800001,-0.00001328
OPUSDT,1738857600000,-0.00006618
OPUSDT,1738886400000,0.00000571
OPUSDT,1738915200000,0.00005672
OPUSDT,1738944000000,0.00000215
OPUSDT,1738972800000,-0.00000507
OPUSDT,1739001600000,0.00004073
OPUSDT,1739030400000,0.00002999
OPUSDT,1739059200000,0.0001
OPUSDT,1739088000000,0.0001
OPUSDT,1739116800000,0.0001
OPUSDT,1739145600000,0.00008864
OPUSDT,1739174400000,0.00009664
OPUSDT,1739203200000,0.0001
OPUSDT,1739232000000,-0.00003516
OPUSDT,1739260800000,0.0001
OPUSDT,1739289600000,0.00004998
OPUSDT,1739318400000,-0.00007988
OPUSDT,1739347200000,-0.00000322
OPUSDT,1739376000001,0.00005857
OPUSDT,1739404800001,0.0001
OPUSDT,1739433600000,0.0001
OPUSDT,1739462400001,0.00009161
OPUSDT,1739491200000,-0.00007142
OPUSDT,1739520000001,0.00009512
OPUSDT,1739548800000,0.00001936
OPUSDT,1739577600000,0.00000462
OPUSDT,1739606400000,0.00001844
OPUSDT,1739635200000,-0.00000677
OPUSDT,1739664000000,0.00007597
OPUSDT,1739692800000,-0.0000437
OPUSDT,1739721600000,0.0000255
OPUSDT,1739750400000,0.00002162
OPUSDT,1739779200000,0.00002325
OPUSDT,1739808000000,0.00001347
OPUSDT,1739836800000,0.00005061
OPUSDT,1739865600000,-0.00007144
OPUSDT,1739894400000,-0.00007033
OPUSDT,1739923200000,0.00005259
OPUSDT,1739952000000,0.00007972
OPUSDT,1739980800000,0.0001
OPUSDT,1740009600000,0.0001
OPUSDT,1740038400000,0.00009785
OPUSDT,1740067200000,0.0001
OPUSDT,1740096000001,0.00009718
OPUSDT,1740124800000,0.00006409
OPUSDT,1740153600000,0.00005942
OPUSDT,1740182400000,0.0001
OPUSDT,1740211200000,0.0001
OPUSDT,1740240000000,0.0001
OPUSDT,1740268800000,0.0001
OPUSDT,1740297600000,0.0001
OPUSDT,1740326400000,0.00008138
OPUSDT,1740355200000,0.00006617
OPUSDT,1740384000000,0.0000092
OPUSDT,1740412800000,0.00000578
OPUSDT,1740441600000,-0.00001486
OPUSDT,1740470400000,0.00001837
OPUSDT,1740499200000,0.00005008
OPUSDT,1740528000000,0.00006629
OPUSDT,1740556800000,0.0001
OPUSDT,1740585600000,0.0001
OPUSDT,1740614400001,0.0001
OPUSDT,1740643200000,0.0001
OPUSDT,1740672000000,0.0001
OPUSDT,1740700800001,-0.00003247
OPUSDT,1740729600000,0.00006393
OPUSDT,1740758400000,-0.00000727
OPUSDT,1740787200000,0.0001
OPUSDT,1740816000000,0.00009406
OPUSDT,1740844800001,-0.00006803
OPUSDT,1740873600000,-0.00005805
OPUSDT,1740902400000,-0.00005024
OPUSDT,1740931200000,0.00003017
OPUSDT,1740960000001,0.0001
OPUSDT,1740988800000,0.0001
OPUSDT,1741017600000,0.00002422
OPUSDT,1741046400001,-0.00018335
OPUSDT,1741075200005,-0.00001691
OPUSDT,1741104000000,-0.00000787
OPUSDT,1741132800000,0.00004681
OPUSDT,1741161600000,0.00002674
OPUSDT,1741190400000,-0.00002485
OPUSDT,1741219200000,-0.00002203
OPUSDT,1741248000001,0.00000556
OPUSDT,1741276800000,0.00002195
OPUSDT,1741305600000,-0.00008471
OPUSDT,1741334400001,0.00005109
OPUSDT,1741363200000,0.00008211
OPUSDT,1741392000000,0.0001
OPUSDT,1741420800001,-0.00000609
OPUSDT,1741449600001,0.0000281
OPUSDT,1741478400001,0.00002806
OPUSDT,1741507200000,0.00008327
OPUSDT,1741536000000,0.00001297
OPUSDT,1741564800000,-0.00000927
OPUSDT,1741593600000,0.00006487
OPUSDT,1741622400000,0.0001
OPUSDT,1741651200000,-0.00013804
OPUSDT,1741680000000,0.00000703
OPUSDT,1741708800001,0.0001
OPUSDT,1741737600000,0.00003305
OPUSDT,1741766400000,0.00000288
OPUSDT,1741795200001,0.0000919
OPUSDT,1741824000000,0.0001
OPUSDT,1741852800000,0.00008229
OPUSDT,1741881600000,0.00007791
OPUSDT,1741910400000,-0.00011284
OPUSDT,1741939200000,0.0001
OPUSDT,1741968000000,0.00005289
OPUSDT,1741996800000,0.00007503
OPUSDT,1742025600000,0.0001
OPUSDT,1742054400000,0.00002332
OPUSDT,1742083200000,0.00007249
OPUSDT,1742112000000,0.00009147
OPUSDT,1742140800000,-0.00006593
OPUSDT,1742169600000,-0.00001232
OPUSDT,1742198400000,0.0001
OPUSDT,1742227200000,0.00006738
OPUSDT,1742256000000,0.00007264
OPUSDT,1742284800000,0.00006864
OPUSDT,1742313600000,0.00001419
OPUSDT,1742342400000,-0.00000457
OPUSDT,1742371200000,0.00003083
OPUSDT,1742400000000,0.00004678
OPUSDT,1742428800000,-0.00000935
OPUSDT,1742457600000,0.0001
OPUSDT,1742486400000,0.0001
OPUSDT,1742515200000,0.00002406
OPUSDT,1742544000000,0.0001
OPUSDT,1742572800000,-0.00004849
OPUSDT,1742601600000,-0.00005472
OPUSDT,1742630400004,0.00003295
OPUSDT,1742659200000,0.00008575
OPUSDT,1742688000000,0.00005581
OPUSDT,1742716800000,0.00004484
OPUSDT,1742745600000,0.00001534
OPUSDT,1742774400000,-0.00000325
OPUSDT,1742803200000,0.0001
OPUSDT,1742832000000,0.0001
OPUSDT,1742860800001,0.0001
OPUSDT,1742889600000,0.0001
OPUSDT,1742918400000,0.00004173
OPUSDT,1742947200000,0.00004742
OPUSDT,1742976000000,0.0001
OPUSDT,1743004800001,0.00005846
OPUSDT,1743033600001,0.00008698
OPUSDT,1743062400001,0.00003239
OPUSDT,1743091200002,0.00006358
OPUSDT,1743120000001,0.00003909
OPUSDT,1743148800001,-0.00000352
OPUSDT,1743177600000,-0.00012057
OPUSDT,1743206400000,-0.00008532
OPUSDT,1743235200000,0.00000555
OPUSDT,1743264000000,-0.00009146
OPUSDT,1743292800000,-0.00007135
OPUSDT,1743321600000,-0.00013269
OPUSDT,1743350400000,-0.00014863
OPUSDT,1743379200000,-0.00009208
OPUSDT,1743408000000,-0.00001971
OPUSDT,1743436800000,-0.00005384
OPUSDT,1743465600000,0.00004567
OPUSDT,1743494400001,0.00003664
OPUSDT,1743523200000,0.0001
OPUSDT,1743552000001,-0.00000499
OPUSDT,1743580800000,0.0001
OPUSDT,1743609600000,0.00008452
OPUSDT,1743638400000,-0.0001436
OPUSDT,1743667200000,-0.0000953
OPUSDT,1743696000000,-0.00005671
OPUSDT,1743724800000,-0.00005306
OPUSDT,1743753600000,0.00001249
OPUSDT,1743782400000,-0.00001921
OPUSDT,1743811200000,0.0000842
OPUSDT,1743840000000,0.0001
OPUSDT,1743868800000,0.00004695
OPUSDT,1743897600000,0.0001
OPUSDT,1743926400000,-0.00001077
OPUSDT,1743955200002,-0.00004919
OPUSDT,1743984000000,0.00002436
OPUSDT,1744012800000,0.0000115
OPUSDT,1744041600000,0.00003636
OPUSDT,1744070400000,-0.00007324
OPUSDT,1744099200000,-0.00001524
OPUSDT,1744128000000,0.00005469
OPUSDT,1744156800000,0.00002184
OPUSDT,1744185600001,0.00009804
OPUSDT,1744214400000,0.0001
OPUSDT,1744243200000,0.0001
OPUSDT,1744272000000,0.0001
OPUSDT,1744300800000,0.0001
OPUSDT,1744329600001,0.0001
OPUSDT,1744358400000,0.0000142
OPUSDT,1744387200000,0.0001
OPUSDT,1744416000000,0.0001
OPUSDT,1744444800001,0.00006249
OPUSDT,1744473600000,0.00009761
OPUSDT,1744502400000,0.00003072
OPUSDT,1744531200000,0.0001
OPUSDT,1744560000000,0.00007263
OPUSDT,1744588800000,0.0001
OPUSDT,1744617600000,0.00002147
OPUSDT,1744646400000,-0.00003889
OPUSDT,1744675200000,-0.00000606
OPUSDT,1744704000000,0.00001504
OPUSDT,1744732800001,0.0001
OPUSDT,1744761600000,0.0001
OPUSDT,1744790400000,-0.00004638
OPUSDT,1744819200000,-0.00001774
OPUSDT,1744848000001,-0.00010228
OPUSDT,1744876800000,0.0001
OPUSDT,1744905600001,0.00004587
OPUSDT,1744934400000,0.00000609
OPUSDT,1744963200000,0.0001
OPUSDT,1744992000000,-0.00001324
OPUSDT,1745020800000,0.00002255
OPUSDT,1745049600000,0.00005915
OPUSDT,1745078400000,0.0001
OPUSDT,1745107200000,0.0001
OPUSDT,1745136000000,0.0001
OPUSDT,1745164800000,0.0001
OPUSDT,1745193600000,0.0001
OPUSDT,1745222400005,0.00003527
OPUSDT,1745251200003,0.0001
OPUSDT,1745280000008,0.0001
OPUSDT,1745308800000,-0.00001278
OPUSDT,1745337600000,0.00002743
OPUSDT,1745366400000,0.00007903
OPUSDT,1745395200002,0.00007677
OPUSDT,1745424000000,0.0001
OPUSDT,1745452800000,0.0001
OPUSDT,1745481600001,0.00004645
OPUSDT,1745510400001,0.00008532
OPUSDT,1745539200007,-0.00000888
OPUSDT,1745568000002,0.00007934
OPUSDT,1745596800003,0.00009605
OPUSDT,1745625600002,0.00005732
OPUSDT,1745654400000,0.00000343
OPUSDT,1745683200002,0.00008638
OPUSDT,1745712000001,-0.00003034
OPUSDT,1745740800000,0.00000843
OPUSDT,1745769600000,0.0001
OPUSDT,1745798400001,0.0001
OPUSDT,1745827200003,0.0001
OPUSDT,1745856000005,0.00003213
OPUSDT,1745884800000,0.00005172
OPUSDT,1745913600000,0.00008591
OPUSDT,1745942400010,0.00004932
OPUSDT,1745971200001,0.00005166
OPUSDT,1746000000000,-0.00004267
OPUSDT,1746028800003,-0.00004463
OPUSDT,1746057600000,-0.0000236
OPUSDT,1746086400000,0.00004474
OPUSDT,1746115200001,-0.00013811
OPUSDT,1746144000000,0.0001
OPUSDT,1746172800000,-0.00006522
OPUSDT,1746201600003,-0.00003688
OPUSDT,1746230400000,0.0001
OPUSDT,1746259200000,0.0000796
OPUSDT,1746288000000,-0.00014364
OPUSDT,1746316800001,-0.00008044
OPUSDT,1746345600001,0.00004928
OPUSDT,1746374400002,0.00000329
OPUSDT,1746403200000,0.0001
OPUSDT,1746432000000,0.0001
OPUSDT,1746460800006,0.00003677
OPUSDT,1746489600002,0.00002506
OPUSDT,1746518400005,0.00001652
OPUSDT,1746547200000,0.00003068
OPUSDT,1746576000002,0.00001302
OPUSDT,1746604800000,0.0000734
OPUSDT,1746633600006,-0.00011579
OPUSDT,1746662400000,-0.00000183
OPUSDT,1746691200001,-0.00003736
OPUSDT,1746720000002,0.00007416
OPUSDT,1746748800001,0.0001
OPUSDT,1746777600006,0.0001
OPUSDT,1746806400000,0.0001
OPUSDT,1746835200001,0.0001
OPUSDT,1746864000000,0.0001
OPUSDT,1746892800001,0.0001
OPUSDT,1746921600000,0.0001
OPUSDT,1746950400001,0.0001
OPUSDT,1746979200001,0.0001
OPUSDT,1747008000004,0.0001
OPUSDT,1747036800000,0.0001
OPUSDT,1747065600000,0.0001
OPUSDT,1747094400000,0.0001
OPUSDT,1747123200008,0.0001
OPUSDT,1747152000001,0.0001
OPUSDT,1747180800007,0.0001
OPUSDT,1747209600000,0.0001
OPUSDT,1747238400002,0.0001
OPUSDT,1747267200000,0.0001
OPUSDT,1747296000003,0.0001
OPUSDT,1747324800000,0.00005089
OPUSDT,1747353600001,0.00000547
OPUSDT,1747382400000,0.00005898
OPUSDT,1747411200000,0.00006248
OPUSDT,1747440000000,0.00007225
OPUSDT,1747468800001,-0.00003075
OPUSDT,1747497600004,0.00003741
OPUSDT,1747526400000,-0.00006236
OPUSDT,1747555200000,-0.00010604
OPUSDT,1747584000000,0.00004618
OPUSDT,1747612800000,0.00000287
OPUSDT,1747641600006,0.00000107
OPUSDT,1747670400010,-0.00005403
OPUSDT,1747699200000,0.0001
OPUSDT,1747728000002,0.00006642
OPUSDT,1747756800000,0.00001299
OPUSDT,1747785600000,0.000056
OPUSDT,1747814400001,0.00007523
OPUSDT,1747843200004,0.00003054
OPUSDT,1747872000001,0.0001
OPUSDT,1747900800000,0.0001
OPUSDT,1747929600002,0.0001
OPUSDT,1747958400006,0.0001
OPUSDT,1747987200000,0.0001
OPUSDT,1748016000007,0.0001
OPUSDT,1748044800010,0.0001
OPUSDT,1748073600000,0.0000454
OPUSDT,1748102400003,0.00005259
OPUSDT,1748131200004,0.000085
OPUSDT,1748160000000,-0.00003245
OPUSDT,1748188800000,-0.0000504
OPUSDT,1748217600000,0.00005433
OPUSDT,1748246400000,0.0001
OPUSDT,1748275200002,0.0001
OPUSDT,1748304000003,0.0000319
OPUSDT,1748332800001,0.00003309
OPUSDT,1748361600005,0.00006188
OPUSDT,1748390400002,-0.00005153
OPUSDT,1748419200003,0.00000875
OPUSDT,1748448000002,0.0001
OPUSDT,1748476800000,0.00008915
OPUSDT,1748505600006,0.00002046
OPUSDT,1748534400000,-0.00002524
OPUSDT,1748563200003,-0.00010191
OPUSDT,1748592000003,-0.00019111
OPUSDT,1748620800000,-0.00013138
OPUSDT,1748649600000,-0.00013861
OPUSDT,1748678400000,-0.00017313
OPUSDT,1748707200000,-0.00004848
OPUSDT,1748736000001,-0.00004011
OPUSDT,1748764800002,-0.00003857
OPUSDT,1748793600000,0.00004236
OPUSDT,1748822400001,-0.00002699
OPUSDT,1748851200000,-0.00007359
OPUSDT,1748880000000,0.0001
OPUSDT,1748908800000,0.00006359
OPUSDT,1748937600000,0.0001
OPUSDT,1748966400001,0.00009534
OPUSDT,1748995200000,0.00004763
OPUSDT,1749024000000,0.0001
OPUSDT,1749052800000,0.0001
OPUSDT,1749081600016,0.00007618
OPUSDT,1749110400000,0.0001
OPUSDT,1749139200000,0.00006353
OPUSDT,1749168000002,-0.00017719
OPUSDT,1749196800000,-0.00011116
OPUSDT,1749225600006,-0.00001464
OPUSDT,1749254400000,0.00000083
OPUSDT,1749283200000,0.00005546
OPUSDT,1749312000002,0.0001
OPUSDT,1749340800000,0.0001
OPUSDT,1749369600000,0.0000361
OPUSDT,1749398400000,0.00005382
OPUSDT,1749427200000,0.00003172
OPUSDT,1749456000001,0.0001
OPUSDT,1749484800001,0.0001
OPUSDT,1749513600000,0.0001
OPUSDT,1749542400001,0.0001
OPUSDT,1749571200003,0.0001
OPUSDT,1749600000000,0.0001
OPUSDT,1749628800000,0.00003045
OPUSDT,1749657600010,0.00008076
OPUSDT,1749686400002,0.0001
OPUSDT,1749715200003,-0.00001634
OPUSDT,1749744000001,-0.00002987
OPUSDT,1749772800000,-0.00004946
OPUSDT,1749801600001,-0.0003141
OPUSDT,1749830400004,-0.00011194
OPUSDT,1749859200000,-0.0001416
OPUSDT,1749888000000,-0.00003765
OPUSDT,1749916800000,-0.00009552
OPUSDT,1749945600005,-0.00003879
OPUSDT,1749974400009,-0.00021858
OPUSDT,1750003200000,-0.00006361
OPUSDT,1750032000000,-0.00005732
OPUSDT,1750060800000,0.0001
OPUSDT,1750089600003,0.00005878
OPUSDT,1750118400000,0.00007731
OPUSDT,1750147200006,0.0001
OPUSDT,1750176000001,-0.00004366
OPUSDT,1750204800001,0.0001
OPUSDT,1750233600001,-0.00002915
OPUSDT,1750262400001,-0.00001646
OPUSDT,1750291200005,0.0001
OPUSDT,1750320000003,0.00000966
OPUSDT,1750348800000,0.00004578
OPUSDT,1750377600000,-0.00020573
OPUSDT,1750406400002,0.00000505
OPUSDT,1750435200001,-0.000086
OPUSDT,1750464000002,0.00005485
OPUSDT,1750492800005,-0.00002178
OPUSDT,1750521600000,-0.00006156
OPUSDT,1750550400005,-0.00005932
OPUSDT,1750579200000,-0.0000369
OPUSDT,1750608000003,-0.00001272
OPUSDT,1750636800000,-0.00007104
OPUSDT,1750665600004,-0.00003476
OPUSDT,1750694400013,-0.00004192
OPUSDT,1750723200003,0.00009647
OPUSDT,1750752000000,0.0001
OPUSDT,1750780800000,0.0001
OPUSDT,1750809600005,-0.00014847
OPUSDT,1750838400000,-0.00002478
OPUSDT,1750867200005,0.0001
OPUSDT,1750896000000,0.0001
OPUSDT,1750924800006,0.00002907
OPUSDT,1750953600007,-0.00001525
OPUSDT,1750982400000,-0.00005358
OPUSDT,1751011200000,-0.00000706
OPUSDT,1751040000009,-0.00001561
OPUSDT,1751068800001,0.0001
OPUSDT,1751097600002,-0.00008632
OPUSDT,1751126400000,-0.00001935
OPUSDT,1751155200004,0.00002597
OPUSDT,1751184000001,0.0001
OPUSDT,1751212800001,-0.00005169
OPUSDT,1751241600000,0.00006634
OPUSDT,1751270400005,0.00005732
OPUSDT,1751299200002,0.00000195
OPUSDT,1751328000007,-0.00004684
OPUSDT,1751356800002,0.00002515
OPUSDT,1751385600000,-0.00005553
OPUSDT,1751414400001,-0.00008507
OPUSDT,1751443200000,-0.00002983
OPUSDT,1751472000003,-0.00003116
OPUSDT,1751500800006,0.0001
OPUSDT,1751529600003,0.0001
OPUSDT,1751558400003,0.0001
OPUSDT,1751587200005,0.0001
OPUSDT,1751616000003,0.0001
OPUSDT,1751644800001,-0.0000452
OPUSDT,1751673600004,-0.00014486
OPUSDT,1751702400009,-0.00010675
OPUSDT,1751731200006,-0.00001072
OPUSDT,1751760000001,-0.00001531
OPUSDT,1751788800002,0.00008168
OPUSDT,1751817600004,0.0001
OPUSDT,1751846400000,0.00009707
OPUSDT,1751875200007,0.0001
OPUSDT,1751904000000,0.0001
OPUSDT,1751932800010,0.0001
OPUSDT,1751961600003,0.00002674
OPUSDT,1751990400000,0.00002485
OPUSDT,1752019200002,0.00008134
OPUSDT,1752048000006,0.0001
OPUSDT,1752076800001,0.0001
OPUSDT,1752105600003,0.0001
OPUSDT,1752134400000,0.0001
OPUSDT,1752163200004,0.0001
OPUSDT,1752192000004,0.0001
OPUSDT,1752220800007,0.0001
OPUSDT,1752249600001,0.0001
OPUSDT,1752278400000,0.0001
OPUSDT,1752307200001,0.0001
OPUSDT,1752336000002,0.0001
OPUSDT,1752364800006,0.0001
OPUSDT,1752393600001,0.0001
OPUSDT,1752422400003,0.0001
OPUSDT,1752451200000,0.0001
OPUSDT,1752480000000,0.0001
OPUSDT,1752508800000,0.0001
OPUSDT,1752537600002,0.0001
OPUSDT,1752566400000,0.0001
OPUSDT,1752595200000,0.0001
OPUSDT,1752624000000,0.0001
OPUSDT,1752652800000,0.0001
OPUSDT,1752681600008,0.0001
OPUSDT,1752710400003,0.0001
OPUSDT,1752739200000,0.0001
OPUSDT,1752768000000,0.0001
OPUSDT,1752796800004,0.0001
OPUSDT,1752825600000,0.00019366
OPUSDT,1752854400000,0.0001
OPUSDT,1752883200009,0.0001
OPUSDT,1752912000000,0.0001
OPUSDT,1752940800002,0.0001
OPUSDT,1752969600000,0.0001
OPUSDT,1752998400000,0.0001
OPUSDT,1753027200000,0.0001
OPUSDT,1753056000001,0.0001
OPUSDT,1753084800000,0.0001
OPUSDT,1753113600001,0.0001
OPUSDT,1753142400000,0.00011324
OPUSDT,1753171200010,0.0001
OPUSDT,1753200000007,0.0001
OPUSDT,1753228800000,0.0001
OPUSDT,1753257600004,0.0001
OPUSDT,1753286400002,0.0001
OPUSDT,1753315200000,0.00003079
OPUSDT,1753344000001,0.0000723
OPUSDT,1753372800000,0.0001
OPUSDT,1753401600000,0.00000239
OPUSDT,1753430400000,-0.00000707
OPUSDT,1753459200000,0.0001
OPUSDT,1753488000001,0.0001
OPUSDT,1753516800005,0.0001
OPUSDT,1753545600001,0.0001
OPUSDT,1753574400001,0.0001
OPUSDT,1753603200000,0.00007541
OPUSDT,1753632000008,0.0001
OPUSDT,1753660800005,0.0001
OPUSDT,1753689600000,-0.00037776
OPUSDT,1753718400000,0.00001125
OPUSDT,1753747200001,-0.00027571
OPUSDT,1753776000000,-0.00010301
OPUSDT,1753804800000,0.00008539
OPUSDT,1753833600011,0.00008809
OPUSDT,1753862400000,-0.00002692
OPUSDT,1753891200008,-0.00007173
OPUSDT,1753920000000,0.00001661
OPUSDT,1753948800009,-0.00007597
OPUSDT,1753977600000,-0.00006334
OPUSDT,1754006400001,-0.00001918
OPUSDT,1754035200003,-0.0000584
OPUSDT,1754064000000,-0.00006466
OPUSDT,1754092800004,-0.00006166
OPUSDT,1754121600000,-0.00008894
OPUSDT,1754150400000,-0.00004003
OPUSDT,1754179200000,-0.00008419
OPUSDT,1754208000000,0.00000787
OPUSDT,1754236800003,0.00006481
OPUSDT,1754265600004,-0.00001665
OPUSDT,1754294400000,0.0001
OPUSDT,1754323200002,-0.00004817
OPUSDT,1754352000000,0.0001
OPUSDT,1754380800000,0.0001
OPUSDT,1754409600000,0.0001
OPUSDT,1754438400005,0.0001
OPUSDT,1754467200000,0.00004377
OPUSDT,1754496000000,0.00002503
OPUSDT,1754524800003,0.0001
OPUSDT,1754553600002,0.0001
OPUSDT,1754582400002,0.0001
OPUSDT,1754611200002,0.0001
OPUSDT,1754640000004,0.0001
OPUSDT,1754668800000,0.0001
OPUSDT,1754697600005,0.0001
OPUSDT,1754726400000,0.0001
OPUSDT,1754755200007,0.0001
OPUSDT,1754784000003,0.0001
OPUSDT,1754812800005,0.0001
OPUSDT,1754841600002,0.0001
OPUSDT,1754870400000,0.0001
OPUSDT,1754899200000,0.0001
OPUSDT,1754928000000,0.0001
OPUSDT,1754956800000,0.00008871
OPUSDT,1754985600001,0.00009357
OPUSDT,1755014400005,0.00009904
OPUSDT,1755043200000,0.0001
OPUSDT,1755072000002,0.0001
OPUSDT,1755100800006,0.0001
OPUSDT,1755129600002,0.0001
OPUSDT,1755158400003,0.0001
OPUSDT,1755187200000,0.0001
OPUSDT,1755216000000,-0.00004474
OPUSDT,1755244800000,-0.00009279
OPUSDT,1755273600000,0.0001
OPUSDT,1755302400004,-0.0001409
OPUSDT,1755331200000,0.00001753
OPUSDT,1755360000002,-0.00002042
OPUSDT,1755388800000,-0.0001193
OPUSDT,1755417600001,0.00006334
OPUSDT,1755446400007,0.0001
OPUSDT,1755475200000,0.0001
OPUSDT,1755504000001,0.00004394
OPUSDT,1755532800002,-0.00003652
OPUSDT,1755561600000,-0.00021437
OPUSDT,1755590400001,-0.00008239
OPUSDT,1755619200000,0.0000669
OPUSDT,1755648000000,-0.00012316
OPUSDT,1755676800000,-0.00005636
OPUSDT,1755705600000,0.0001
OPUSDT,1755734400006,0.00003128
OPUSDT,1755763200000,0.00008847
OPUSDT,1755792000003,0.00004518
OPUSDT,1755820800010,-0.00012614
OPUSDT,1755849600007,0.00008828
OPUSDT,1755878400001,-0.00005724
OPUSDT,1755907200004,0.0001
OPUSDT,1755936000006,0.0001
OPUSDT,1755964800000,0.0001
OPUSDT,1755993600001,0.0001
OPUSDT,1756022400002,0.0001
OPUSDT,1756051200001,0.0001
OPUSDT,1756080000000,0.0001
OPUSDT,1756108800002,0.0001
OPUSDT,1756137600002,0.00000959
OPUSDT,1756166400000,-0.00015109
OPUSDT,1756195200000,-0.00025798
OPUSDT,1756224000000,-0.00010859
OPUSDT,1756252800003,0.00001786
OPUSDT,1756281600000,0.0000817
OPUSDT,1756310400009,-0.00002519
OPUSDT,1756339200000,0.0001
OPUSDT,1756368000005,0.00002124
OPUSDT,1756396800004,0.0001
OPUSDT,1756425600000,0.00006962
OPUSDT,1756454400000,0.00008636
OPUSDT,1756483200005,-0.00024832
OPUSDT,1756512000000,-0.00025212
OPUSDT,1756540800002,0.0001
OPUSDT,1756569600003,0.0001
OPUSDT,1756598400016,0.0001
OPUSDT,1756627200000,0.00005683
OPUSDT,1756656000001,0.0001
OPUSDT,1756684800000,0.0001
OPUSDT,1756713600000,-0.00009589
OPUSDT,1756742400001,0.0001
OPUSDT,1756771200000,-0.00007541
OPUSDT,1756800000005,-0.00002219
OPUSDT,1756828800007,0.0001
OPUSDT,1756857600006,0.0001
OPUSDT,1756886400002,0.0001
OPUSDT,1756915200002,0.0001
OPUSDT,1756944000002,0.0001
OPUSDT,1756972800000,0.0001
OPUSDT,1757001600000,-0.00000296
OPUSDT,1757030400001,-0.00002114
OPUSDT,1757059200006,0.00009238
OPUSDT,1757088000000,0.0001
OPUSDT,1757116800000,0.0001
OPUSDT,1757145600005,0.00008915
OPUSDT,1757174400000,0.0001
OPUSDT,1757203200000,0.0001
OPUSDT,1757232000000,-0.00001855
OPUSDT,1757260800000,0.0001
OPUSDT,1757289600007,0.0001
OPUSDT,1757318400000,0.0001
OPUSDT,1757347200000,0.0001
OPUSDT,1757376000000,0.0001
OPUSDT,1757404800000,0.0001
OPUSDT,1757433600000,0.0001
OPUSDT,1757462400000,0.00005352
OPUSDT,1757491200002,0.0001
OPUSDT,1757520000000,0.0001
OPUSDT,1757548800000,0.0001
OPUSDT,1757577600000,0.0001
OPUSDT,1757606400001,0.0001
OPUSDT,1757635200002,0.0001
OPUSDT,1757664000001,0.0001
OPUSDT,1757692800005,0.0001
OPUSDT,1757721600005,0.0001
OPUSDT,1757750400002,0.0001
OPUSDT,1757779200000,0.0001
OPUSDT,1757808000006,0.0001
OPUSDT,1757836800000,0.0001
OPUSDT,1757865600001,0.0001
OPUSDT,1757894400006,0.0001
OPUSDT,1757923200002,0.0001
OPUSDT,1757952000001,-0.00005875
OPUSDT,1757980800001,0.00006696
OPUSDT,1758009600000,0.0000652
OPUSDT,1758038400000,0.0001
OPUSDT,1758067200001,0.0001
OPUSDT,1758096000000,0.0001
OPUSDT,1758124800003,0.0001
OPUSDT,1758153600006,0.0001
OPUSDT,1758182400002,0.0001
OPUSDT,1758211200000,0.0001
OPUSDT,1758240000000,0.0001
OPUSDT,1758268800005,0.0001
OPUSDT,1758297600000,0.0001
OPUSDT,1758326400000,0.0001
OPUSDT,1758355200000,-0.00002805
OPUSDT,1758384000002,0.00008625
OPUSDT,1758412800000,0.00009009
OPUSDT,1758441600000,0.0001
OPUSDT,1758470400000,0.00009123
OPUSDT,1758499200005,0.0001
OPUSDT,1758528000003,-0.00015479
OPUSDT,1758556800000,-0.00003593
OPUSDT,1758585600000,0.00000939
OPUSDT,1758614400001,-0.00000081
OPUSDT,1758643200000,-0.00009455
OPUSDT,1758672000003,0.0001
OPUSDT,1758700800001,0.00001555
OPUSDT,1758729600002,0.00002351
OPUSDT,1758758400000,0.00009113
OPUSDT,1758787200001,-0.00003674
OPUSDT,1758816000000,0.00005085
OPUSDT,1758844800000,0.00004133
OPUSDT,1758873600000,0.00009123
OPUSDT,1758902400008,-0.00002637
OPUSDT,1758931200000,0.00005003
OPUSDT,1758960000010,-0.0000295
OPUSDT,1758988800003,0.0001
OPUSDT,1759017600000,0.00005444
OPUSDT,1759046400000,0.00004192
OPUSDT,1759075200000,0.0001
OPUSDT,1759104000000,0.00004311
OPUSDT,1759132800002,0.00008779
OPUSDT,1759161600001,-0.00008476
OPUSDT,1759190400002,0.00004731
OPUSDT,1759219200005,0.0001
OPUSDT,1759248000000,-0.00001034
OPUSDT,1759276800000,0.00003774
OPUSDT,1759305600000,0.00002533
OPUSDT,1759334400000,0.0001
OPUSDT,1759363200000,0.0001
OPUSDT,1759392000013,0.0001
OPUSDT,1759420800000,0.0001
OPUSDT,1759449600006,0.0001
OPUSDT,1759478400006,0.0001
OPUSDT,1759507200000,0.0001
OPUSDT,1759536000001,0.0001
OPUSDT,1759564800000,-0.00000853
OPUSDT,1759593600000,0.0001
OPUSDT,1759622400000,0.00003149
OPUSDT,1759651200003,0.0001
OPUSDT,1759680000009,0.0001
OPUSDT,1759708800004,0.0001
OPUSDT,1759737600002,0.0001
OPUSDT,1759766400004,0.0001
OPUSDT,1759795200000,0.0001
OPUSDT,1759824000003,0.0001
OPUSDT,1759852800000,0.0000977
OPUSDT,1759881600000,-0.00004414
OPUSDT,1759910400006,0.00008176
OPUSDT,1759939200002,0.0001
OPUSDT,1759968000001,0.0001
OPUSDT,1759996800000,0.0001
OPUSDT,1760025600000,0.0001
OPUSDT,1760054400005,0.00001442
OPUSDT,1760083200002,-0.00000735
OPUSDT,1760112000014,0.0001
OPUSDT,1760140800000,-0.00004105
OPUSDT,1760169600003,0.00003698
OPUSDT,1760198400000,0.00005136
OPUSDT,1760227200004,0.0001
OPUSDT,1760256000002,0.00003415
OPUSDT,1760284800000,0.0001
OPUSDT,1760313600003,0.00000675
OPUSDT,1760342400002,-0.00002654
OPUSDT,1760371200003,-0.00007102
OPUSDT,1760400000000,-0.00017488
OPUSDT,1760428800000,0.00001073
OPUSDT,1760457600000,-0.00004927
OPUSDT,1760486400006,0.00000048
OPUSDT,1760515200002,0.00003348
OPUSDT,1760544000000,-0.00005353
OPUSDT,1760572800000,0.00006075
OPUSDT,1760601600003,0.0001
OPUSDT,1760630400002,-0.00004057
OPUSDT,1760659200001,-0.00002479
OPUSDT,1760688000005,-0.00013917
OPUSDT,1760716800003,-0.00014214
OPUSDT,1760745600000,-0.00010997
OPUSDT,1760774400002,0.0001
OPUSDT,1760803200001,-0.00016393
OPUSDT,1760832000001,-0.00019478
OPUSDT,1760860800001,-0.00018887
OPUSDT,1760889600001,-0.00011823
OPUSDT,1760918400004,0.0001
OPUSDT,1760947200001,0.0001
OPUSDT,1760976000000,-0.00018266
OPUSDT,1761004800009,0.00002026
OPUSDT,1761033600000,0.00004483
OPUSDT,1761062400000,0.00007406
OPUSDT,1761091200004,-0.00010796
OPUSDT,1761120000000,-0.00004761
OPUSDT,1761148800000,0.0001
OPUSDT,1761177600000,-0.00011087
OPUSDT,1761206400001,0.0001
OPUSDT,1761235200004,0.00007054
OPUSDT,1761264000000,-0.00008206
OPUSDT,1761292800000,0.0001
OPUSDT,1761321600009,-0.00008471
OPUSDT,1761350400000,0.0001
OPUSDT,1761379200001,-0.0000577
OPUSDT,1761408000001,0.0001
OPUSDT,1761436800001,-0.00045305
OPUSDT,1761465600001,0.0001
OPUSDT,1761494400000,-0.00001773
OPUSDT,1761523200000,0.0001
OPUSDT,1761552000005,0.00008773
OPUSDT,1761580800000,-0.00007939
OPUSDT,1761609600000,-0.00009636
OPUSDT,1761638400000,-0.0001336
OPUSDT,1761667200004,0.0001
OPUSDT,1761696000004,0.0001
OPUSDT,1761724800005,-0.00040498
OPUSDT,1761753600000,0.00009636
OPUSDT,1761782400004,-0.00001905
OPUSDT,1761811200008,0.0001
OPUSDT,1761840000001,-0.00035932
OPUSDT,1761868800000,-0.00013743
OPUSDT,1761897600008,-0.00021625
OPUSDT,1761926400007,0.00000471
OPUSDT,1761955200001,0.0001
OPUSDT,1761984000000,0.0001
OPUSDT,1762012800000,-0.0001318
OPUSDT,1762041600007,-0.00012495
OPUSDT,1762070400000,0.0001
OPUSDT,1762099200001,-0.00012055
OPUSDT,1762128000000,0.00003509
OPUSDT,1762156800010,-0.00011017
OPUSDT,1762185600000,-0.00008802
OPUSDT,1762214400002,-0.00010576
OPUSDT,1762243200004,0.00006578
OPUSDT,1762272000000,0.0000064
OPUSDT,1762300800000,-0.00001748
OPUSDT,1762329600000,0.0001
OPUSDT,1762358400004,-0.00000173
OPUSDT,1762387200001,-0.00017642
OPUSDT,1762416000000,-0.00000778
OPUSDT,1762444800001,-0.00005191
OPUSDT,1762473600005,-0.00002223
OPUSDT,1762502400003,0.0001
OPUSDT,1762531200005,-0.00006944
OPUSDT,1762560000011,-0.00013566
OPUSDT,1762588800015,0.00004972
OPUSDT,1762617600001,0.00004068
OPUSDT,1762646400004,-0.00002951
OPUSDT,1762675200000,0.00004394
OPUSDT,1762704000005,-0.00006411
OPUSDT,1762732800000,0.00006836
OPUSDT,1762761600000,-0.00019915
OPUSDT,1762790400003,0.00008885
OPUSDT,1762819200007,0.00003271
OPUSDT,1762848000000,-0.00015062
OPUSDT,1762876800009,0.0001
OPUSDT,1762905600000,0.0001
OPUSDT,1762934400002,0.0001
OPUSDT,1762963200000,0.00009006
OPUSDT,1762992000002,-0.00010357
OPUSDT,1763020800000,0.00009056
OPUSDT,1763049600001,0.00000507
OPUSDT,1763078400000,0.00008365
OPUSDT,1763107200000,0.00004483
OPUSDT,1763136000001,0.00004534
OPUSDT,1763164800005,-0.00013695
OPUSDT,1763193600000,-0.0000991
OPUSDT,1763222400001,-0.0001137
OPUSDT,1763251200001,-0.0000698
OPUSDT,1763280000000,-0.00018093
OPUSDT,1763308800000,-0.00007042
OPUSDT,1763337600003,0.00005588
OPUSDT,1763366400003,0.0001
OPUSDT,1763395200000,-0.00000328
OPUSDT,1763424000002,-0.00007839
OPUSDT,1763452800004,0.0001
OPUSDT,1763481600000,0.00005752
OPUSDT,1763510400000,0.0001
OPUSDT,1763539200000,0.00007636
OPUSDT,1763568000008,-0.00005424
OPUSDT,1763596800000,-0.00005389
OPUSDT,1763625600000,0.0001
OPUSDT,1763654400000,0.0001
OPUSDT,1763683200001,-0.00043055
OPUSDT,1763712000000,-0.00009259
OPUSDT,1763740800001,-0.00012259
OPUSDT,1763769600004,-0.00015938
OPUSDT,1763798400000,-0.00014949
OPUSDT,1763827200000,-0.00023889
OPUSDT,1763856000000,-0.00017985
OPUSDT,1763884800008,-0.00021167
OPUSDT,1763913600003,-0.00002318
OPUSDT,1763942400004,-0.0002956
OPUSDT,1763971200000,-0.00000343
OPUSDT,1764000000006,0.00002504
OPUSDT,1764028800000,0.0001
OPUSDT,1764057600009,-0.00014212
OPUSDT,1764086400007,-0.00001798
OPUSDT,1764115200001,-0.00005498
OPUSDT,1764144000001,-0.00006257
OPUSDT,1764172800000,0.00004706
OPUSDT,1764201600013,-0.00008783
OPUSDT,1764230400000,0.00002731
OPUSDT,1764259200004,0.0000123
OPUSDT,1764288000008,0.00006298
OPUSDT,1764316800000,0.00009226
OPUSDT,1764345600008,-0.0000605
OPUSDT,1764374400000,-0.00006224
OPUSDT,1764403200005,-0.00008935
OPUSDT,1764432000001,-0.00011586
OPUSDT,1764460800003,0.00009119
OPUSDT,1764489600000,-0.00040198
OPUSDT,1764518400004,-0.00017315
OPUSDT,1764547200000,-0.00034708
OPUSDT,1764576000004,0.00002442
OPUSDT,1764604800000,-0.00005154
OPUSDT,1764633600004,0.00001652
OPUSDT,1764662400000,0.0001
OPUSDT,1764691200000,0.0001
OPUSDT,1764720000000,0.0001
OPUSDT,1764748800000,0.00002406
OPUSDT,1764777600005,0.0001
OPUSDT,1764806400012,0.00007768
OPUSDT,1764835200000,0.0001
OPUSDT,1764864000011,-0.00003237
OPUSDT,1764892800000,-0.0002112
OPUSDT,1764921600000,0.00001226
OPUSDT,1764950400010,-0.00005588
OPUSDT,1764979200001,0.00000208
OPUSDT,1765008000001,-0.00003824
OPUSDT,1765036800008,-0.00019723
OPUSDT,1765065600000,-0.00002988
OPUSDT,1765094400004,-0.00022407
OPUSDT,1765123200000,-0.00004553
OPUSDT,1765152000000,-0.00002874
OPUSDT,1765180800000,0.0001
OPUSDT,1765209600001,-0.00001369
OPUSDT,1765238400001,0.0000518
OPUSDT,1765267200001,0.0001
OPUSDT,1765296000007,0.0001
OPUSDT,1765324800007,0.0001
OPUSDT,1765353600002,-0.00045783
OPUSDT,1765382400012,0.0001
OPUSDT,1765411200001,0.00000975
OPUSDT,1765440000000,-0.00011938
OPUSDT,1765468800000,-0.00000756
OPUSDT,1765497600005,0.0001
OPUSDT,1765526400007,0.0001
OPUSDT,1765555200002,0.00006989
OPUSDT,1765584000001,0.00005486
OPUSDT,1765612800006,0.00006501
OPUSDT,1765641600000,-0.0000063
OPUSDT,1765670400000,0.00005684
OPUSDT,1765699200003,-0.00063116
OPUSDT,1765728000005,0.0001
OPUSDT,1765756800000,0.00001567
OPUSDT,1765785600000,0.0001
OPUSDT,1765814400000,-0.00001972
OPUSDT,1765843200002,-0.00010358
OPUSDT,1765872000000,-0.00018178
OPUSDT,1765900800002,-0.00004522
OPUSDT,1765929600004,-0.00036129
OPUSDT,1765958400000,0.0001
OPUSDT,1765987200000,0.00008574
OPUSDT,1766016000005,-0.00030908
OPUSDT,1766044800007,0.0001
OPUSDT,1766073600001,0.0001
OPUSDT,1766102400000,-0.00000498
OPUSDT,1766131200001,0.00001738
OPUSDT,1766160000000,-0.00004342
OPUSDT,1766188800005,-0.0001137
OPUSDT,1766217600000,-0.00009289
OPUSDT,1766246400002,0.0001
OPUSDT,1766275200000,-0.00008101
OPUSDT,1766304000009,0.00008907
OPUSDT,1766332800000,-0.00009575
OPUSDT,1766361600000,-0.00020977
OPUSDT,1766390400005,-0.00000732
OPUSDT,1766419200009,0.0001
OPUSDT,1766448000000,-0.00006397
OPUSDT,1766476800000,0.00005198
OPUSDT,1766505600001,-0.00009045
OPUSDT,1766534400001,-0.00007219
OPUSDT,1766563200001,-0.00006208
OPUSDT,1766592000000,0.0001
OPUSDT,1766620800000,0.0001
OPUSDT,1766649600001,-0.0000323
OPUSDT,1766678400005,0.00006403
OPUSDT,1766707200004,0.00001982
OPUSDT,1766736000001,0.0001
OPUSDT,1766764800007,0.0001
OPUSDT,1766793600000,0.0000463
OPUSDT,1766822400000,0.0001
OPUSDT,1766851200011,-0.00051722
OPUSDT,1766880000008,0.0001
OPUSDT,1766908800000,0.0001
OPUSDT,1766937600000,0.00008713
OPUSDT,1766966400016,0.0001
OPUSDT,1766995200001,0.0001
OPUSDT,1767024000000,-0.00002105
OPUSDT,1767052800005,0.00004766
OPUSDT,1767081600001,0.0001
OPUSDT,1767110400003,0.00002066
OPUSDT,1767139200004,0.0001
OPUSDT,1767168000001,0.00002472
OPUSDT,1767196800001,0.00005404
OPUSDT,1767225600008,0.0001
OPUSDT,1767254400002,0.0001
OPUSDT,1767283200001,0.0001
OPUSDT,1767312000006,-0.00008356
OPUSDT,1767340800007,0.00004045
OPUSDT,1767369600000,0.00006722
OPUSDT,1767398400001,0.0001
OPUSDT,1767427200000,0.0001
OPUSDT,1767456000000,-0.00001307
OPUSDT,1767484800000,0.00000531
OPUSDT,1767513600000,-0.00001547
OPUSDT,1767542400001,0.0001
OPUSDT,1767571200000,0.0001
OPUSDT,1767600000000,0.0001
OPUSDT,1767628800000,0.0001
OPUSDT,1767657600010,0.0001
OPUSDT,1767686400000,-0.00002523
OPUSDT,1767715200000,-0.0000044
OPUSDT,1767744000001,0.00006097
OPUSDT,1767772800001,0.0001
OPUSDT,1767801600001,-0.00007235
OPUSDT,1767830400001,0.0001
OPUSDT,1767859200000,0.0001
OPUSDT,1767888000000,0.00003963
OPUSDT,1767916800003,0.0001
OPUSDT,1767945600000,0.00009136
OPUSDT,1767974400001,0.00001899
OPUSDT,1768003200000,0.00005974
OPUSDT,1768032000002,0.00007407
OPUSDT,1768060800001,0.00006356
OPUSDT,1768089600003,-0.0001609
OPUSDT,1768118400006,0.0001
OPUSDT,1768147200000,-0.00024915
OPUSDT,1768176000005,-0.00048246
OPUSDT,1768204800000,-0.00024271
OPUSDT,1768233600000,0.0001
OPUSDT,1768262400007,0.00005629
OPUSDT,1768291200009,0.0001
OPUSDT,1768320000002,0.0001
OPUSDT,1768348800000,0.0001
OPUSDT,1768377600001,0.0001
OPUSDT,1768406400004,0.0001
OPUSDT,1768435200000,0.0001
OPUSDT,1768464000004,0.0001
OPUSDT,1768492800002,-0.00016929
OPUSDT,1768521600000,0.0001
OPUSDT,1768550400000,-0.00002417
OPUSDT,1768579200001,0.00004895
OPUSDT,1768608000000,0.0001
OPUSDT,1768636800000,0.0001
OPUSDT,1768665600002,-0.00005186
OPUSDT,1768694400001,0.00001941
OPUSDT,1768723200000,0.0001
OPUSDT,1768752000000,0.0001
OPUSDT,1768780800007,-0.00012583
OPUSDT,1768809600007,0.00005434
OPUSDT,1768838400007,-0.00002398
OPUSDT,1768867200005,0.0001
OPUSDT,1768896000001,-0.00000386
OPUSDT,1768924800009,-0.00007846
OPUSDT,1768953600001,0.0001
OPUSDT,1768982400011,-0.00007772
OPUSDT,1769011200011,0.00007989
OPUSDT,1769040000010,-0.00002621
OPUSDT,1769068800003,0.0001
OPUSDT,1769097600005,0.00008294
OPUSDT,1769126400005,0.00003509
OPUSDT,1769155200000,0.00008791
OPUSDT,1769184000011,-0.00016748
OPUSDT,1769212800011,0.0001
OPUSDT,1769241600002,0.00008006
OPUSDT,1769270400001,0.0001
OPUSDT,1769299200002,0.0001
OPUSDT,1769328000011,0.0001
OPUSDT,1769356800005,-0.00005941
OPUSDT,1769385600000,0.0001
OPUSDT,1769414400003,-0.00019052
OPUSDT,1769443200000,-0.00006431
OPUSDT,1769472000002,0.0001
OPUSDT,1769500800000,0.00002299
OPUSDT,1769529600000,-0.0000407
OPUSDT,1769558400000,0.00008057
OPUSDT,1769587200000,-0.00011231
OPUSDT,1769616000000,-0.00019332
OPUSDT,1769644800000,0.0001
OPUSDT,1769673600009,-0.00048326
OPUSDT,1769702400000,0.0001
OPUSDT,1769731200008,-0.00004924
OPUSDT,1769760000000,0.0001
OPUSDT,1769788800001,0.0000436
OPUSDT,1769817600000,-0.00001509
OPUSDT,1769846400001,0.00009762
OPUSDT,1769875200009,-0.00002865
OPUSDT,1769904000001,0.00001126
OPUSDT,1769932800004,0.0001
OPUSDT,1769961600000,-0.00008633
OPUSDT,1769990400000,-0.00000471
OPUSDT,1770019200014,-0.00005769
OPUSDT,1770048000000,-0.00002304
OPUSDT,1770076800000,-0.0000127
OPUSDT,1770105600007,0.00007723
OPUSDT,1770134400000,-0.00005065
OPUSDT,1770163200002,-0.00001097
OPUSDT,1770192000007,0.00008069
OPUSDT,1770220800000,0.00006024
OPUSDT,1770249600011,-0.00000982
OPUSDT,1770278400000,-0.00004965
OPUSDT,1770307200007,0.00002188
OPUSDT,1770336000000,0.0001
OPUSDT,1770364800001,-0.00004567
OPUSDT,1770393600000,0.00009896
OPUSDT,1770422400003,0.00007979
OPUSDT,1770451200000,0.00005991
OPUSDT,1770480000010,0.0001
OPUSDT,1770508800003,-0.00001706
OPUSDT,1770537600000,-0.00001353
OPUSDT,1770566400000,0.00000702
OPUSDT,1770595200002,0.0001
OPUSDT,1770624000001,-0.0001164
OPUSDT,1770652800007,-0.00000062
OPUSDT,1770681600000,-0.00002993
OPUSDT,1770710400007,0.0000467
OPUSDT,1770739200000,-0.00004067
OPUSDT,1770768000000,0.00009161
OPUSDT,1770796800006,-0.00011919
OPUSDT,1770825600000,0.0000015
OPUSDT,1770854400000,0.00003629
OPUSDT,1770883200001,0.0001
OPUSDT,1770912000001,-0.00019717
OPUSDT,1770940800007,0.00008773
OPUSDT,1770969600003,0.0001
OPUSDT,1770998400005,0.00000529
OPUSDT,1771027200002,0.0001
OPUSDT,1771056000004,0.0000063
OPUSDT,1771084800002,0.0001
OPUSDT,1771113600000,-0.00015398
OPUSDT,1771142400002,0.00007521
OPUSDT,1771171200000,-0.00010836
OPUSDT,1771200000001,0.00003584
OPUSDT,1771228800003,-0.00002835
OPUSDT,1771257600000,-0.00007704
OPUSDT,1771286400008,-0.00003392
OPUSDT,1771315200001,0.0001
OPUSDT,1771344000002,-0.00000447
OPUSDT,1771372800000,0.00004038
OPUSDT,1771401600000,-0.0000404
OPUSDT,1771430400011,0.00004979
OPUSDT,1771459200013,-0.00025421
OPUSDT,1771488000000,-0.00106265
OPUSDT,1771516800003,-0.00155404
OPUSDT,1771545600000,-0.00354675
OPUSDT,1771574400000,-0.00124332
OPUSDT,1771603200000,-0.00084546
OPUSDT,1771632000004,-0.00030766
OPUSDT,1771660800000,-0.00015024
OPUSDT,1771689600005,-0.00016105
OPUSDT,1771718400001,-0.0005253
OPUSDT,1771747200004,-0.00070616
OPUSDT,1771776000000,-0.00046078
OPUSDT,1771804800001,0.00000677
OPUSDT,1771833600000,0.00004405
OPUSDT,1771862400000,-0.00016562
OPUSDT,1771891200007,0.00006791
OPUSDT,1771920000000,-0.00001868
OPUSDT,1771948800001,0.00000097
OPUSDT,1771977600001,0.00001333
OPUSDT,1772006400007,-0.0001282
OPUSDT,1772035200000,-0.0001036
OPUSDT,1772064000000,0.00008096
OPUSDT,1772092800006,0.00006666
OPUSDT,1772121600002,0.0001
OPUSDT,1772150400007,0.0001
OPUSDT,1772179200000,0.00000836
OPUSDT,1772208000001,-0.00001314
OPUSDT,1772236800000,0.00000306
OPUSDT,1772265600000,-0.00034611
OPUSDT,1772294400004,-0.0001936
OPUSDT,1772323200005,0.0001
OPUSDT,1772352000000,0.0001
OPUSDT,1772380800002,0.0000677
OPUSDT,1772409600001,0.0001
OPUSDT,1772438400007,-0.00001509
OPUSDT,1772467200000,-0.0001201
OPUSDT,1772496000000,-0.00009232
OPUSDT,1772524800000,0.0001
OPUSDT,1772553600007,0.00009681
OPUSDT,1772582400001,0.0001
OPUSDT,1772611200005,-0.0000727
OPUSDT,1772640000000,-0.00009005
OPUSDT,1772668800000,0.0001
OPUSDT,1772697600000,0.0001
OPUSDT,1772726400004,-0.00013102
OPUSDT,1772755200001,0.0001
OPUSDT,1772784000001,0.0001
OPUSDT,1772812800004,-0.0000395
OPUSDT,1772841600001,-0.00030131
OPUSDT,1772870400012,-0.00004471
OPUSDT,1772899200001,0.00008545
OPUSDT,1772928000001,-0.00008028
OPUSDT,1772956800000,-0.00001989
OPUSDT,1772985600002,-0.0004244
OPUSDT,1773014400000,0.00000197
OPUSDT,1773043200004,0.0001
OPUSDT,1773072000003,-0.00005805
OPUSDT,1773100800012,0.0001
OPUSDT,1773129600002,0.00004779
OPUSDT,1773158400001,-0.00005991
OPUSDT,1773187200000,-0.0000813
OPUSDT,1773216000007,0.0001
OPUSDT,1773244800010,0.0001
OPUSDT,1773273600000,0.0001
OPUSDT,1773302400000,-0.00012989
OPUSDT,1773331200000,-0.00006798
OPUSDT,1773360000006,-0.00017512
OPUSDT,1773388800001,0.0001
OPUSDT,1773417600000,0.0001
OPUSDT,1773446400001,0.00005667
OPUSDT,1773475200000,0.00007399
OPUSDT,1773504000007,-0.00006469
OPUSDT,1773532800000,-0.00020495
OPUSDT,1773561600000,0.00008497
OPUSDT,1773590400000,-0.00002388
OPUSDT,1773619200000,0.0000275
OPUSDT,1773648000010,0.00006081
OPUSDT,1773676800000,0.00005319
OPUSDT,1773705600000,0.000066
OPUSDT,1773734400002,0.0001
OPUSDT,1773763200011,0.0001
OPUSDT,1773792000002,0.00002524
OPUSDT,1773820800002,-0.00001261
OPUSDT,1773849600005,-0.00005308
OPUSDT,1773878400000,-0.00001481
OPUSDT,1773907200003,-0.0001605
OPUSDT,1773936000003,-0.00012115
OPUSDT,1773964800002,0.00005912
OPUSDT,1773993600000,-0.00000478
OPUSDT,1774022400000,-0.00001189
OPUSDT,1774051200000,-0.00003737
OPUSDT,1774080000000,-0.00015325
OPUSDT,1774108800014,-0.00021554
OPUSDT,1774137600012,-0.00021705
OPUSDT,1774166400007,0.0001
OPUSDT,1774195200002,-0.00018404
OPUSDT,1774224000000,0.0001
OPUSDT,1774252800003,-0.00014232
OPUSDT,1774281600002,-0.00024806
OPUSDT,1774310400000,-0.00036537
OPUSDT,1774339200000,-0.0002922
OPUSDT,1774368000003,-0.00003502
OPUSDT,1774396800000,-0.00010504
OPUSDT,1774425600000,-0.00013523
OPUSDT,1774454400013,-0.00008428
OPUSDT,1774483200001,-0.0002019
OPUSDT,1774512000001,0.00009417
OPUSDT,1774540800000,-0.00047904
OPUSDT,1774569600006,-0.00007904
OPUSDT,1774598400000,0.0001
OPUSDT,1774627200000,0.00009347
OPUSDT,1774656000005,-0.00005484
OPUSDT,1774684800005,-0.00010129
OPUSDT,1774713600000,-0.00037816
OPUSDT,1774742400003,0.000007
OPUSDT,1774771200001,-0.00000754
OPUSDT,1774800000000,-0.00033774
OPUSDT,1774828800000,0.0001
OPUSDT,1774857600005,0.0001
OPUSDT,1774886400000,0.0001
OPUSDT,1774915200000,-0.00002418
OPUSDT,1774944000000,-0.00008657
OPUSDT,1774972800000,-0.00006951
OPUSDT,1775001600000,-0.0005122
OPUSDT,1775030400000,-0.00001197
OPUSDT,1775059200000,0.0001
OPUSDT,1775088000003,0.0001
OPUSDT,1775116800001,-0.00001024
OPUSDT,1775145600001,0.0001
OPUSDT,1775174400000,0.0001
OPUSDT,1775203200008,0.0001
OPUSDT,1775232000008,0.00004754
OPUSDT,1775260800000,-0.00003151
OPUSDT,1775289600003,-0.00002084
OPUSDT,1775318400000,0.00002652
OPUSDT,1775347200008,0.0001
OPUSDT,1775376000000,-0.00012941
OPUSDT,1775404800001,0.0001
OPUSDT,1775433600004,-0.00016018
OPUSDT,1775462400001,0.0001
OPUSDT,1775491200003,0.0001
OPUSDT,1775520000000,-0.0000169
OPUSDT,1775548800000,0.00004591
OPUSDT,1775577600000,-0.00006325
OPUSDT,1775606400000,0.0001
OPUSDT,1775635200000,0.00009678
OPUSDT,1775664000006,0.0000319
OPUSDT,1775692800000,-0.00012988
OPUSDT,1775721600010,0.0001
OPUSDT,1775750400001,-0.00000714
OPUSDT,1775779200000,0.0001
OPUSDT,1775808000005,0.00007779
OPUSDT,1775836800000,0.0001
OPUSDT,1775865600000,-0.00006626
OPUSDT,1775894400000,-0.00013602
OPUSDT,1775923200003,-0.00011303
OPUSDT,1775952000000,0.0001
OPUSDT,1775980800000,-0.0002397
OPUSDT,1776009600000,-0.00015576
OPUSDT,1776038400011,-0.00023869
OPUSDT,1776067200006,-0.00002029
OPUSDT,1776096000000,-0.00008506
OPUSDT,1776124800005,0.0001
OPUSDT,1776153600003,0.0001
OPUSDT,1776182400001,0.0001
OPUSDT,1776211200000,0.0001
OPUSDT,1776240000000,-0.00003057
OPUSDT,1776268800000,0.0001
OPUSDT,1776297600013,0.0000649
OPUSDT,1776326400000,0.0001
OPUSDT,1776355200000,0.00004828
OPUSDT,1776384000001,0.0001
OPUSDT,1776412800011,0.0000761
OPUSDT,1776441600001,-0.00002798
OPUSDT,1776470400001,0.0001
OPUSDT,1776499200006,0.0001
OPUSDT,1776528000000,0.0001
OPUSDT,1776556800002,0.00003344
OPUSDT,1776585600010,0.00006313
OPUSDT,1776614400001,-0.00012445
OPUSDT,1776643200000,-0.000054
OPUSDT,1776672000000,0.00004844
OPUSDT,1776700800001,-0.0002782
OPUSDT,1776729600000,-0.00018488
OPUSDT,1776758400004,0.00009452
OPUSDT,1776787200004,0.00008946
OPUSDT,1776816000004,0.0001
OPUSDT,1776844800000,0.00003106
OPUSDT,1776873600000,0.00002413
OPUSDT,1776902400000,-0.00002263
OPUSDT,1776931200000,0.0001
OPUSDT,1776960000004,0.00008467
OPUSDT,1776988800006,0.0001
OPUSDT,1777017600000,0.0001
OPUSDT,1777046400000,0.0001
OPUSDT,1777075200000,0.00008528
OPUSDT,1777104000002,0.0001
OPUSDT,1777132800002,-0.00005994
OPUSDT,1777161600003,0.0001
OPUSDT,1777190400007,0.0000637
OPUSDT,1777219200004,-0.00001109
OPUSDT,1777248000004,-0.00003705
OPUSDT,1777276800000,-0.00001706
OPUSDT,1777305600002,-0.00006828
OPUSDT,1777334400001,0.0001
OPUSDT,1777363200000,-0.00038078
OPUSDT,1777392000004,0.0001
OPUSDT,1777420800006,-0.00002121
OPUSDT,1777449600011,0.00002062
OPUSDT,1777478400003,-0.00001504
OPUSDT,1777507200002,-0.00017834
OPUSDT,1777536000000,0.00008704
OPUSDT,1777564800000,-0.00009888
OPUSDT,1777593600000,0.00001413
OPUSDT,1777622400005,0.0001
OPUSDT,1777651200000,0.00004734
OPUSDT,1777680000006,-0.00003673
OPUSDT,1777708800000,0.0001
OPUSDT,1777737600010,0.0001
OPUSDT,1777766400005,0.0001
OPUSDT,1777795200003,0.000096
OPUSDT,1777824000000,-0.00014853
OPUSDT,1777852800000,0.00009699
OPUSDT,1777881600000,0.0001
OPUSDT,1777910400003,0.00003251
OPUSDT,1777939200000,0.00005657
OPUSDT,1777968000011,0.0001
OPUSDT,1777996800000,-0.00005104
OPUSDT,1778025600010,0.0001
OPUSDT,1778054400000,0.0000824
OPUSDT,1778083200002,0.0001
OPUSDT,1778112000000,0.00004935
OPUSDT,1778140800000,-0.00012687
OPUSDT,1778169600004,0.0001
OPUSDT,1778198400003,0.0001
OPUSDT,1778227200002,0.0001
OPUSDT,1778256000003,0.0000942
OPUSDT,1778284800000,0.00005838
OPUSDT,1778313600001,0.0001
OPUSDT,1778342400002,0.00007407
OPUSDT,1778371200003,0.0001
OPUSDT,1778400000000,0.0001
OPUSDT,1778428800000,-0.00000392
OPUSDT,1778457600000,0.00002281
OPUSDT,1778486400000,0.0001
OPUSDT,1778515200000,0.0001
OPUSDT,1778544000002,0.0001
OPUSDT,1778572800008,0.0001
OPUSDT,1778601600000,0.0001
OPUSDT,1778630400010,-0.00006278
OPUSDT,1778659200003,-0.00000619
OPUSDT,1778688000001,0.00001201
OPUSDT,1778716800005,0.00004401
OPUSDT,1778745600000,-0.00002998
OPUSDT,1778774400000,0.00001273
OPUSDT,1778803200000,-0.00004374
OPUSDT,1778832000016,0.00003402
OPUSDT,1778860800012,0.00002077
OPUSDT,1778889600005,0.00002059
OPUSDT,1778918400000,0.00002786
OPUSDT,1778947200005,-0.00007382
OPUSDT,1778976000000,0.00006433
OPUSDT,1779004800010,0.00009944
OPUSDT,1779033600009,-0.00003586
OPUSDT,1779062400007,0.00006041
OPUSDT,1779091200002,0.0001
OPUSDT,1779120000007,0.0001
OPUSDT,1779148800001,0.00003727
OPUSDT,1779177600001,0.00008714
OPUSDT,1779206400009,-0.00003475
OPUSDT,1779235200001,0.00004226
OPUSDT,1779264000006,0.00005975
OPUSDT,1779292800000,-0.00001204
OPUSDT,1779321600001,-0.00007038
OPUSDT,1779350400000,-0.00011196
OPUSDT,1779379200000,0.0001
OPUSDT,1779408000000,0.00008568
OPUSDT,1779436800004,-0.00007651
OPUSDT,1779465600001,0.0001
OPUSDT,1779494400009,0.0000123
OPUSDT,1779523200001,0.00002348
OPUSDT,1779552000003,-0.0001616
OPUSDT,1779580800011,-0.00001171
OPUSDT,1779609600008,-0.00007078
OPUSDT,1779638400000,-0.00001876
OPUSDT,1779667200001,0.00005987
OPUSDT,1779696000001,0.00002224
OPUSDT,1779724800001,0.00003601
OPUSDT,1779753600000,0.00009492
OPUSDT,1779782400003,0.00002245
OPUSDT,1779811200000,0.00009079
OPUSDT,1779840000000,0.0001
OPUSDT,1779868800004,0.00008115
OPUSDT,1779897600009,0.0001
OPUSDT,1779926400001,0.00003641
OPUSDT,1779955200000,-0.00010762
OPUSDT,1779984000001,-0.00024687
OPUSDT,1780012800000,-0.0001624
OPUSDT,1780041600001,-0.00015401
OPUSDT,1780070400008,-0.00007501
OPUSDT,1780099200000,-0.00003451
OPUSDT,1780128000001,0.00008849
OPUSDT,1780156800000,-0.00014284
OPUSDT,1780185600000,-0.00002741
OPUSDT,1780214400000,0.00009647
OPUSDT,1780243200004,0.0001
OPUSDT,1780272000001,0.0001
OPUSDT,1780300800001,-0.00012888
OPUSDT,1780329600000,0.00002707
OPUSDT,1780358400000,0.0000386
OPUSDT,1780387200000,0.0000716
OPUSDT,1780416000000,-0.00013644
OPUSDT,1780444800013,-0.00020722
OPUSDT,1780473600000,0.0001
OPUSDT,1780502400001,0.0001
OPUSDT,1780531200009,0.0001
OPUSDT,1780560000000,-0.00043926
OPUSDT,1780588800003,-0.00036622
OPUSDT,1780617600000,-0.00006759
OPUSDT,1780646400004,-0.00011723
OPUSDT,1780675200009,-0.00009739
OPUSDT,1780704000000,-0.00024603
OPUSDT,1780732800000,-0.00038226
OPUSDT,1780761600000,-0.00014411
OPUSDT,1780790400001,-0.00024565
OPUSDT,1780819200000,-0.00023897
OPUSDT,1780848000000,-0.00013587
OPUSDT,1780876800000,-0.00031075
OPUSDT,1780905600005,-0.00014241
OPUSDT,1780934400004,0.00002315
OPUSDT,1780963200000,-0.00006108
OPUSDT,1780992000000,-0.00007977
OPUSDT,1781020800001,-0.00006413
OPUSDT,1781049600001,-0.00003108
OPUSDT,1781078400011,-0.00001697
OPUSDT,1781107200009,0.00002937
OPUSDT,1781136000000,-0.00019172
OPUSDT,1781164800004,-0.00008211
OPUSDT,1781193600000,-0.00009657
OPUSDT,1781222400000,0.00005525
OPUSDT,1781251200000,0.00004805
OPUSDT,1781280000000,0.000082
OPUSDT,1781308800000,0.00008124
OPUSDT,1781337600007,-0.00001166
OPUSDT,1781366400002,0.0000471
OPUSDT,1781395200005,0.0001
OPUSDT,1781424000009,0.00005255
OPUSDT,1781452800000,0.0001
OPUSDT,1781481600013,0.00003123
OPUSDT,1781510400013,0.00004947
OPUSDT,1781539200004,-0.00021845
OPUSDT,1781568000000,-0.00009386
OPUSDT,1781596800000,-0.00004624
OPUSDT,1781625600001,-0.00032538
OPUSDT,1781654400012,-0.0000382
OPUSDT,1781683200000,-0.00005872
OPUSDT,1781712000000,0.00005677
OPUSDT,1781740800002,-0.00004871
OPUSDT,1781769600000,-0.00003519
OPUSDT,1781798400001,-0.00006462
OPUSDT,1781827200005,0.0000737
OPUSDT,1781856000001,-0.00015207
OPUSDT,1781884800001,-0.00002653
OPUSDT,1781913600001,-0.00001589
OPUSDT,1781942400000,-0.00005669
OPUSDT,1781971200001,-0.00020356
OPUSDT,1782000000000,-0.00010662
OPUSDT,1782028800000,0.00006429
OPUSDT,1782057600000,0.00000385
OPUSDT,1782086400000,0.00001059
OPUSDT,1782115200000,0.00009079
OPUSDT,1782144000002,0.0001
OPUSDT,1782172800003,0.00003063
OPUSDT,1782201600005,0.00008583
OPUSDT,1782230400002,0.00006358
OPUSDT,1782259200005,0.00002077
OPUSDT,1782288000005,0.00007379
OPUSDT,1782316800003,-0.00000112
OPUSDT,1782345600000,0.00003364
OPUSDT,1782374400000,0.00004376
OPUSDT,1782403200000,0.00001804
OPUSDT,1782432000010,0.00002435
OPUSDT,1782460800002,0.0001
OPUSDT,1782489600000,0.0000175
OPUSDT,1782518400000,0.0000046
OPUSDT,1782547200000,0.00009809
OPUSDT,1782576000009,0.00002326
OPUSDT,1782604800000,0.00006292
OPUSDT,1782633600013,0.00003731
OPUSDT,1782662400000,-0.00001071
OPUSDT,1782691200006,0.0001
OPUSDT,1782720000013,0.0001
OPUSDT,1782748800004,0.00009175
OPUSDT,1782777600000,0.00004942
OPUSDT,1782806400000,-0.0000245
OPUSDT,1782835200005,-0.00011788
OPUSDT,1782864000000,-0.00004239
OPUSDT,1782892800000,-0.00019258
OPUSDT,1782921600000,-0.00001824
OPUSDT,1782950400000,-0.000158
OPUSDT,1782979200000,0.00006773
OPUSDT,1783008000000,0.0001
OPUSDT,1783036800000,0.0001
OPUSDT,1783065600007,0.0001
OPUSDT,1783094400000,0.0001
OPUSDT,1783123200000,0.0001
OPUSDT,1783152000000,0.0001
OPUSDT,1783180800007,0.0001
OPUSDT,1783209600003,0.0001
OPUSDT,1783238400001,0.0001
OPUSDT,1783267200000,0.0001
OPUSDT,1783296000000,0.0001
OPUSDT,1783324800000,0.0001
OPUSDT,1783353600000,0.0001
OPUSDT,1783382400000,0.0001
OPUSDT,1783411200000,0.0001
OPUSDT,1783440000000,0.00006779
OPUSDT,1783468800000,0.00007616
OPUSDT,1783497600000,0.00005666
OPUSDT,1783526400000,0.00003154
OPUSDT,1783555200000,-0.00000428
OPUSDT,1783584000001,0.0001
OPUSDT,1783612800001,0.0001
OPUSDT,1783641600000,0.0001
OPUSDT,1783670400005,0.0001
OPUSDT,1783699200005,0.0001
OPUSDT,1783728000000,0.0001
OPUSDT,1783756800000,0.0001
OPUSDT,1783785600000,-0.00001579
OPUSDT,1783814400000,0.0001
OPUSDT,1783843200003,0.00003044
OPUSDT,1783872000000,0.00009319
OPUSDT,1783900800000,0.0000159
OPUSDT,1783929600001,0.0000192
OPUSDT,1783958400004,0.00006968
OPUSDT,1783987200000,-0.00009816
OPUSDT,1784016000002,-0.00007908
OPUSDT,1784044800001,0.0000561
OPUSDT,1784073600005,0.0001
OPUSDT,1784102400002,0.00004901
OPUSDT,1784131200000,0.0001
OPUSDT,1784160000000,0.0001
OPUSDT,1784188800003,0.00006879
OPUSDT,1784217600002,0.00002942
OPUSDT,1784246400000,-0.00004953
OPUSDT,1784275200010,-0.00003656
OPUSDT,1784304000004,-0.00002846
OPUSDT,1784332800000,-0.00014
OPUSDT,1784361600000,0.0001
OPUSDT,1784390400001,0.00000554
OPUSDT,1784419200003,-0.00002925
OPUSDT,1784448000000,-0.00004303
OPUSDT,1784476800001,-0.00005766
OPUSDT,1784505600000,0.0001
OPUSDT,1784534400001,0.0001
OPUSDT,1784563200004,-0.00010269
OPUSDT,1784592000001,-0.00019661
OPUSDT,1784620800000,-0.0001216
OPUSDT,1784649600002,0.0001
OPUSDT,1784678400000,0.0001
OPUSDT,1784707200000,0.0001
OPUSDT,1784736000001,0.0001
OPUSDT,1784764800000,0.0001
OPUSDT,1784793600000,0.0001
OPUSDT,1784822400000,0.00008382
OPUSDT,1784851200000,-0.00012415
OPUSDT,1784880000000,0.00004515
OPUSDT,1784908800008,-0.00010937
OPUSDT,1784937600002,0.00004259
OPUSDT,1784966400000,-0.00004279
OPUSDT,1784995200000,-0.00002901
OPUSDT,1785024000000,0.0001
OPUSDT,1785052800002,0.00006372
OPUSDT,1785081600000,0.00005595
OPUSDT,1785110400010,0.00002037
OPUSDT,1785139200000,0.0001
OPUSDT,1785168000001,0.0001
OPUSDT,1785196800000,-0.00019773
OPUSDT,1785225600000,-0.00025701
OPUSDT,1785254400000,0.00004775
OPUSDT,1785283200000,0.0001
OPUSDT,1785312000002,-0.00008147
OPUSDT,1785340800000,-0.00010257
OPUSDT,1785369600000,0.0000558
OPUSDT,1785398400000,0.00009569
OPUSDT,1785427200000,0.0001
OPUSDT,1785456000003,0.00007802
OPUSDT,1785484800000,0.00001378
OPUSDT,1785513600000,-0.00000187
