symbol,timestamp_ms,funding_rate
LTCUSDT,1609459200002,0.00033709
LTCUSDT,1609488000006,0.00083389
LTCUSDT,1609516800003,0.00071869
LTCUSDT,1609545600000,0.00033903
LTCUSDT,1609574400000,0.00040482
LTCUSDT,1609603200006,0.0006868
LTCUSDT,1609632000018,0.00088601
LTCUSDT,1609660800000,0.00092887
LTCUSDT,1609689600002,0.00230285
LTCUSDT,1609718400000,0.00261413
LTCUSDT,1609747200000,0.00245032
LTCUSDT,1609776000000,0.00036695
LTCUSDT,1609804800020,0.00079845
LTCUSDT,1609833600003,0.00061721
LTCUSDT,1609862400003,0.00067597
LTCUSDT,1609891200010,0.00141642
LTCUSDT,1609920000003,0.0013033
LTCUSDT,1609948800000,0.00215912
LTCUSDT,1609977600007,0.00088681
LTCUSDT,1610006400000,0.00153222
LTCUSDT,1610035200004,0.00164173
LTCUSDT,1610064000000,0.00159229
LTCUSDT,1610092800000,0.00062764
LTCUSDT,1610121600000,0.00144367
LTCUSDT,1610150400009,0.00071493
LTCUSDT,1610179200004,0.00109919
LTCUSDT,1610208000000,0.00140771
LTCUSDT,1610236800000,0.00231006
LTCUSDT,1610265600005,0.00221082
LTCUSDT,1610294400000,0.00097807
LTCUSDT,1610323200000,0.00086421
LTCUSDT,1610352000012,0.0001
LTCUSDT,1610380800000,0.0001937
LTCUSDT,1610409600000,0.0001
LTCUSDT,1610438400000,0.00047675
LTCUSDT,1610467200008,0.00023066
LTCUSDT,1610496000001,0.0001
LTCUSDT,1610524800000,0.000215
LTCUSDT,1610553600003,0.00037761
LTCUSDT,1610582400000,0.00033954
LTCUSDT,1610611200012,0.00041809
LTCUSDT,1610640000000,0.00086241
LTCUSDT,1610668800002,0.00045552
LTCUSDT,1610697600000,0.00073099
LTCUSDT,1610726400004,0.00053754
LTCUSDT,1610755200000,0.0001
LTCUSDT,1610784000008,0.00022197
LTCUSDT,1610812800000,0.00093247
LTCUSDT,1610841600009,0.00046875
LTCUSDT,1610870400000,0.0002722
LTCUSDT,1610899200001,0.0002966
LTCUSDT,1610928000000,0.00066897
LTCUSDT,1610956800004,0.00051355
LTCUSDT,1610985600000,0.00114871
LTCUSDT,1611014400000,0.00099437
LTCUSDT,1611043200005,0.00147864
LTCUSDT,1611072000012,0.00158999
LTCUSDT,1611100800012,0.000866
LTCUSDT,1611129600001,0.00042659
LTCUSDT,1611158400001,0.00044091
LTCUSDT,1611187200000,0.00032927
LTCUSDT,1611216000000,0.00058177
LTCUSDT,1611244800004,0.00011607
LTCUSDT,1611273600012,0.0001
LTCUSDT,1611302400003,0.0001
LTCUSDT,1611331200001,0.00020293
LTCUSDT,1611360000000,0.0001
LTCUSDT,1611388800002,0.0001
LTCUSDT,1611417600000,0.00049693
LTCUSDT,1611446400001,0.0003605
LTCUSDT,1611475200011,0.00026554
LTCUSDT,1611504000005,0.00051503
LTCUSDT,1611532800007,0.00020681
LTCUSDT,1611561600012,0.00069035
LTCUSDT,1611590400000,0.00073041
LTCUSDT,1611619200007,0.0003803
LTCUSDT,1611648000000,0.00023016
LTCUSDT,1611676800000,0.0001
LTCUSDT,1611705600000,0.0001
LTCUSDT,1611734400011,0.00014042
LTCUSDT,1611763200003,0.0001
LTCUSDT,1611792000000,0.0001
LTCUSDT,1611820800000,0.0001
LTCUSDT,1611849600000,0.00018491
LTCUSDT,1611878400009,0.0001
LTCUSDT,1611907200000,0.00047495
LTCUSDT,1611936000000,0.00128866
LTCUSDT,1611964800000,0.00027184
LTCUSDT,1611993600000,0.00019264
LTCUSDT,1612022400000,0.0001503
LTCUSDT,1612051200009,0.00023511
LTCUSDT,1612080000000,0.00050116
LTCUSDT,1612108800000,0.00042287
LTCUSDT,1612137600001,0.00015568
LTCUSDT,1612166400014,0.00049154
LTCUSDT,1612195200000,0.00068381
LTCUSDT,1612224000000,0.00039644
LTCUSDT,1612252800006,0.00060308
LTCUSDT,1612281600000,0.0017367
LTCUSDT,1612310400009,0.00174116
LTCUSDT,1612339200006,0.00194027
LTCUSDT,1612368000006,0.00242419
LTCUSDT,1612396800005,0.00200839
LTCUSDT,1612425600000,0.00165361
LTCUSDT,1612454400011,0.00130949
LTCUSDT,1612483200009,0.00147478
LTCUSDT,1612512000004,0.00153243
LTCUSDT,1612540800000,0.0021535
LTCUSDT,1612569600008,0.00147859
LTCUSDT,1612598400009,0.00150822
LTCUSDT,1612627200000,0.0014857
LTCUSDT,1612656000000,0.00176913
LTCUSDT,1612684800005,0.00100383
LTCUSDT,1612713600001,0.00115135
LTCUSDT,1612742400000,0.00089844
LTCUSDT,1612771200001,0.00084823
LTCUSDT,1612800000000,0.0025342
LTCUSDT,1612828800010,0.00207569
LTCUSDT,1612857600006,0.00252287
LTCUSDT,1612886400007,0.00152728
LTCUSDT,1612915200009,0.00201754
LTCUSDT,1612944000014,0.00260575
LTCUSDT,1612972800005,0.00135302
LTCUSDT,1613001600000,0.00120385
LTCUSDT,1613030400000,0.00100753
LTCUSDT,1613059200000,0.00206256
LTCUSDT,1613088000000,0.00108832
LTCUSDT,1613116800000,0.00138126
LTCUSDT,1613145600000,0.00261485
LTCUSDT,1613174400001,0.00315958
LTCUSDT,1613203200003,0.00273697
LTCUSDT,1613232000000,0.00120895
LTCUSDT,1613260800013,0.0015995
LTCUSDT,1613289600000,0.00207456
LTCUSDT,1613318400008,0.00185736
LTCUSDT,1613347200000,0.00101492
LTCUSDT,1613376000006,0.0001872
LTCUSDT,1613404800000,0.00067762
LTCUSDT,1613433600001,0.00089249
LTCUSDT,1613462400000,0.00119503
LTCUSDT,1613491200010,0.00110329
LTCUSDT,1613520000005,0.00059185
LTCUSDT,1613548800010,0.00066878
LTCUSDT,1613577600008,0.00200817
LTCUSDT,1613606400012,0.0019024
LTCUSDT,1613635200000,0.00225619
LTCUSDT,1613664000009,0.00200941
LTCUSDT,1613692800010,0.00164551
LTCUSDT,1613721600002,0.00163006
LTCUSDT,1613750400008,0.00266546
LTCUSDT,1613779200000,0.00197886
LTCUSDT,1613808000009,0.0021457
LTCUSDT,1613836800000,0.00209545
LTCUSDT,1613865600007,0.00046022
LTCUSDT,1613894400012,0.00099408
LTCUSDT,1613923200001,0.00131861
LTCUSDT,1613952000006,0.00091718
LTCUSDT,1613980800002,0.00078038
LTCUSDT,1614009600000,0.0002362
LTCUSDT,1614038400000,0.0001
LTCUSDT,1614067200006,0.0001
LTCUSDT,1614096000000,0.0001
LTCUSDT,1614124800012,0.0001
LTCUSDT,1614153600016,0.0001
LTCUSDT,1614182400011,0.00022105
LTCUSDT,1614211200007,0.0001
LTCUSDT,1614240000000,0.0001
LTCUSDT,1614268800010,0.00060192
LTCUSDT,1614297600000,0.00033087
LTCUSDT,1614326400025,0.0001
LTCUSDT,1614355200010,0.0001
LTCUSDT,1614384000001,0.0001
LTCUSDT,1614412800000,0.00020654
LTCUSDT,1614441600000,0.0001
LTCUSDT,1614470400021,0.0001
LTCUSDT,1614499200009,0.0001
LTCUSDT,1614528000000,0.00010125
LTCUSDT,1614556800000,0.00025052
LTCUSDT,1614585600003,0.00021524
LTCUSDT,1614614400001,0.0001
LTCUSDT,1614643200000,0.0001
LTCUSDT,1614672000000,0.0001
LTCUSDT,1614700800004,0.00036008
LTCUSDT,1614729600000,0.00017249
LTCUSDT,1614758400016,0.0001
LTCUSDT,1614787200000,0.00041146
LTCUSDT,1614816000000,0.0002364
LTCUSDT,1614844800015,0.0001
LTCUSDT,1614873600001,0.00015913
LTCUSDT,1614902400000,0.0001
LTCUSDT,1614931200002,0.0001
LTCUSDT,1614960000008,0.0001
LTCUSDT,1614988800000,0.0001
LTCUSDT,1615017600000,0.0001
LTCUSDT,1615046400000,0.00033826
LTCUSDT,1615075200006,0.0001857
LTCUSDT,1615104000005,0.00039066
LTCUSDT,1615132800008,0.00069564
LTCUSDT,1615161600000,0.00028872
LTCUSDT,1615190400000,0.00051949
LTCUSDT,1615219200006,0.00025158
LTCUSDT,1615248000000,0.00058148
LTCUSDT,1615276800000,0.00096404
LTCUSDT,1615305600000,0.00124389
LTCUSDT,1615334400009,0.00074196
LTCUSDT,1615363200006,0.00042892
LTCUSDT,1615392000008,0.00058175
LTCUSDT,1615420800000,0.00074691
LTCUSDT,1615449600000,0.00067705
LTCUSDT,1615478400014,0.00069539
LTCUSDT,1615507200002,0.00082423
LTCUSDT,1615536000005,0.00066777
LTCUSDT,1615564800011,0.00024594
LTCUSDT,1615593600000,0.00034565
LTCUSDT,1615622400002,0.00032061
LTCUSDT,1615651200000,0.00084514
LTCUSDT,1615680000011,0.00034707
LTCUSDT,1615708800000,0.00067456
LTCUSDT,1615737600000,0.00077243
LTCUSDT,1615766400012,0.00071781
LTCUSDT,1615795200016,0.00076067
LTCUSDT,1615824000030,0.00014926
LTCUSDT,1615852800005,0.00018171
LTCUSDT,1615881600008,0.0001
LTCUSDT,1615910400012,0.00014578
LTCUSDT,1615939200010,0.00029007
LTCUSDT,1615968000000,0.00042782
LTCUSDT,1615996800009,0.00029956
LTCUSDT,1616025600001,0.00034963
LTCUSDT,1616054400000,0.00061116
LTCUSDT,1616083200000,0.0009493
LTCUSDT,1616112000011,0.00034055
LTCUSDT,1616140800001,0.00028471
LTCUSDT,1616169600000,0.00061167
LTCUSDT,1616198400000,0.00064977
LTCUSDT,1616227200000,0.00079839
LTCUSDT,1616256000007,0.00126344
LTCUSDT,1616284800000,0.00074544
LTCUSDT,1616313600000,0.00057381
LTCUSDT,1616342400000,0.00046956
LTCUSDT,1616371200007,0.00058748
LTCUSDT,1616400000001,0.00071256
LTCUSDT,1616428800000,0.00058339
LTCUSDT,1616457600000,0.00024012
LTCUSDT,1616486400010,0.00020663
LTCUSDT,1616515200023,0.00022303
LTCUSDT,1616544000002,0.00031015
LTCUSDT,1616572800000,0.00031073
LTCUSDT,1616601600000,0.00056492
LTCUSDT,1616630400000,0.00018394
LTCUSDT,1616659200000,0.0001
LTCUSDT,1616688000000,0.0001
LTCUSDT,1616716800008,0.00012492
LTCUSDT,1616745600000,0.00036865
LTCUSDT,1616774400012,0.00023449
LTCUSDT,1616803200018,0.00028323
LTCUSDT,1616832000000,0.00029321
LTCUSDT,1616860800001,0.00023072
LTCUSDT,1616889600000,0.00038983
LTCUSDT,1616918400000,0.00050387
LTCUSDT,1616947200005,0.00047236
LTCUSDT,1616976000003,0.00012585
LTCUSDT,1617004800000,0.00014077
LTCUSDT,1617033600000,0.00048571
LTCUSDT,1617062400018,0.0003969
LTCUSDT,1617091200012,0.00099785
LTCUSDT,1617120000001,0.0011808
LTCUSDT,1617148800000,0.00085414
LTCUSDT,1617177600000,0.00099045
LTCUSDT,1617206400000,0.00072264
LTCUSDT,1617235200025,0.00113054
LTCUSDT,1617264000011,0.00141054
LTCUSDT,1617292800004,0.0013712
LTCUSDT,1617321600000,0.00106211
LTCUSDT,1617350400000,0.00183714
LTCUSDT,1617379200000,0.00144901
LTCUSDT,1617408000003,0.00145744
LTCUSDT,1617436800000,0.00180357
LTCUSDT,1617465600000,0.00216302
LTCUSDT,1617494400000,0.00076585
LTCUSDT,1617523200000,0.00099183
LTCUSDT,1617552000016,0.00068942
LTCUSDT,1617580800000,0.00107903
LTCUSDT,1617609600001,0.00133861
LTCUSDT,1617638400001,0.00182999
LTCUSDT,1617667200010,0.00222428
LTCUSDT,1617696000000,0.00191904
LTCUSDT,1617724800003,0.00144487
LTCUSDT,1617753600000,0.00142999
LTCUSDT,1617782400006,0.00089732
LTCUSDT,1617811200004,0.00056964
LTCUSDT,1617840000013,0.00064948
LTCUSDT,1617868800003,0.00098774
LTCUSDT,1617897600005,0.00095022
LTCUSDT,1617926400000,0.00074293
LTCUSDT,1617955200004,0.00096809
LTCUSDT,1617984000004,0.00099972
LTCUSDT,1618012800011,0.00068031
LTCUSDT,1618041600005,0.00201953
LTCUSDT,1618070400000,0.00183849
LTCUSDT,1618099200004,0.00184635
LTCUSDT,1618128000000,0.0019349
LTCUSDT,1618156800000,0.00161509
LTCUSDT,1618185600001,0.00152078
LTCUSDT,1618214400001,0.00182778
LTCUSDT,1618243200008,0.00113575
LTCUSDT,1618272000003,0.00138341
LTCUSDT,1618300800008,0.0022695
LTCUSDT,1618329600008,0.002644
LTCUSDT,1618358400008,0.00218744
LTCUSDT,1618387200000,0.00310068
LTCUSDT,1618416000012,0.0011641
LTCUSDT,1618444800006,0.00136666
LTCUSDT,1618473600000,0.00191155
LTCUSDT,1618502400008,0.00155758
LTCUSDT,1618531200008,0.0022966
LTCUSDT,1618560000000,0.0017896
LTCUSDT,1618588800002,0.00110532
LTCUSDT,1618617600008,0.00169921
LTCUSDT,1618646400000,0.00126384
LTCUSDT,1618675200001,0.00098917
LTCUSDT,1618704000006,0.00122838
LTCUSDT,1618732800004,0.0001
LTCUSDT,1618761600000,0.0002035
LTCUSDT,1618790400000,0.00011488
LTCUSDT,1618819200000,0.00028168
LTCUSDT,1618848000009,0.0003376
LTCUSDT,1618876800004,0.00039003
LTCUSDT,1618905600000,0.0001
LTCUSDT,1618934400001,0.00010412
LTCUSDT,1618963200013,0.00039216
LTCUSDT,1618992000001,0.0001
LTCUSDT,1619020800002,0.00032151
LTCUSDT,1619049600000,0.00045175
LTCUSDT,1619078400000,0.00021731
LTCUSDT,1619107200001,0.00022975
LTCUSDT,1619136000002,0.0001
LTCUSDT,1619164800009,0.0001
LTCUSDT,1619193600001,0.0001
LTCUSDT,1619222400019,0.0001
LTCUSDT,1619251200001,0.0001
LTCUSDT,1619280000011,0.0001
LTCUSDT,1619308800000,0.0001515
LTCUSDT,1619337600010,0.00011627
LTCUSDT,1619366400000,0.0001
LTCUSDT,1619395200003,0.0001
LTCUSDT,1619424000002,0.0001
LTCUSDT,1619452800004,0.00025811
LTCUSDT,1619481600000,0.0001
LTCUSDT,1619510400000,0.0001
LTCUSDT,1619539200009,0.00042408
LTCUSDT,1619568000000,0.00013153
LTCUSDT,1619596800000,0.00028894
LTCUSDT,1619625600001,0.00037735
LTCUSDT,1619654400004,0.00014961
LTCUSDT,1619683200013,0.00017839
LTCUSDT,1619712000003,0.00034726
LTCUSDT,1619740800004,0.00017274
LTCUSDT,1619769600019,0.00042798
LTCUSDT,1619798400003,0.0005285
LTCUSDT,1619827200002,0.00040045
LTCUSDT,1619856000006,0.00059196
LTCUSDT,1619884800000,0.00056818
LTCUSDT,1619913600010,0.00059488
LTCUSDT,1619942400011,0.0005652
LTCUSDT,1619971200007,0.00071338
LTCUSDT,1620000000003,0.00049534
LTCUSDT,1620028800000,0.00080531
LTCUSDT,1620057600043,0.0007568
LTCUSDT,1620086400004,0.00086152
LTCUSDT,1620115200003,0.00038066
LTCUSDT,1620144000011,0.0009113
LTCUSDT,1620172800001,0.00017625
LTCUSDT,1620201600007,0.00102024
LTCUSDT,1620230400001,0.00084265
LTCUSDT,1620259200003,0.00126165
LTCUSDT,1620288000001,0.0015213
LTCUSDT,1620316800000,0.0014461
LTCUSDT,1620345600000,0.00022709
LTCUSDT,1620374400000,0.0006354
LTCUSDT,1620403200001,0.00095201
LTCUSDT,1620432000006,0.00083192
LTCUSDT,1620460800000,0.00133597
LTCUSDT,1620489600000,0.0011254
LTCUSDT,1620518400005,0.00109198
LTCUSDT,1620547200016,0.00069057
LTCUSDT,1620576000000,0.0002762
LTCUSDT,1620604800004,0.00076051
LTCUSDT,1620633600000,0.00091029
LTCUSDT,1620662400013,0.00079475
LTCUSDT,1620691200000,0.0001
LTCUSDT,1620720000000,0.00012179
LTCUSDT,1620748800002,0.00019723
LTCUSDT,1620777600004,0.00019651
LTCUSDT,1620806400007,0.00045045
LTCUSDT,1620835200012,0.00048088
LTCUSDT,1620864000016,0.0001
LTCUSDT,1620892800000,0.0001
LTCUSDT,1620921600008,0.0001
LTCUSDT,1620950400007,0.0001
LTCUSDT,1620979200001,0.0001
LTCUSDT,1621008000004,0.0001
LTCUSDT,1621036800022,0.00026013
LTCUSDT,1621065600014,0.00036037
LTCUSDT,1621094400002,0.0003139
LTCUSDT,1621123200000,0.00025603
LTCUSDT,1621152000003,0.00027465
LTCUSDT,1621180800002,0.00053089
LTCUSDT,1621209600005,0.00010448
LTCUSDT,1621238400001,0.0001832
LTCUSDT,1621267200000,0.00054631
LTCUSDT,1621296000019,0.00024357
LTCUSDT,1621324800001,0.0001
LTCUSDT,1621353600006,0.00053482
LTCUSDT,1621382400000,0.00018574
LTCUSDT,1621411200003,0.00028246
LTCUSDT,1621440000018,-0.004875
LTCUSDT,1621468800005,0.0001
LTCUSDT,1621497600000,0.0001
LTCUSDT,1621526400005,0.0001
LTCUSDT,1621555200000,0.0001
LTCUSDT,1621584000000,0.0001
LTCUSDT,1621612800001,0.0001
LTCUSDT,1621641600001,0.0001
LTCUSDT,1621670400002,0.0001
LTCUSDT,1621699200005,0.0001
LTCUSDT,1621728000006,0.0001
LTCUSDT,1621756800004,0.0001
LTCUSDT,1621785600002,0.00007176
LTCUSDT,1621814400007,-0.000074
LTCUSDT,1621843200005,0.0001
LTCUSDT,1621872000005,0.0001
LTCUSDT,1621900800000,0.0001
LTCUSDT,1621929600014,0.0001
LTCUSDT,1621958400000,0.0001
LTCUSDT,1621987200022,0.0001
LTCUSDT,1622016000018,0.0001
LTCUSDT,1622044800004,0.0001
LTCUSDT,1622073600000,0.0001
LTCUSDT,1622102400017,0.0001
LTCUSDT,1622131200000,0.0001
LTCUSDT,1622160000005,0.0001
LTCUSDT,1622188800009,0.0001
LTCUSDT,1622217600000,0.0001
LTCUSDT,1622246400006,0.0001
LTCUSDT,1622275200000,0.0001
LTCUSDT,1622304000000,0.0001
LTCUSDT,1622332800003,0.0001
LTCUSDT,1622361600004,0.0001
LTCUSDT,1622390400018,0.0001
LTCUSDT,1622419200002,0.0001
LTCUSDT,1622448000000,0.0001
LTCUSDT,1622476800000,0.0001
LTCUSDT,1622505600001,0.0001
LTCUSDT,1622534400010,0.0001
LTCUSDT,1622563200010,0.0001
LTCUSDT,1622592000008,0.0001
LTCUSDT,1622620800000,0.0001
LTCUSDT,1622649600007,0.0001
LTCUSDT,1622678400019,0.0001
LTCUSDT,1622707200002,0.0001
LTCUSDT,1622736000003,0.0001
LTCUSDT,1622764800003,0.0001
LTCUSDT,1622793600006,0.0001
LTCUSDT,1622822400002,0.0001
LTCUSDT,1622851200000,0.0001
LTCUSDT,1622880000004,0.0001
LTCUSDT,1622908800020,0.0001
LTCUSDT,1622937600000,0.0001
LTCUSDT,1622966400004,0.0001
LTCUSDT,1622995200000,0.0001
LTCUSDT,1623024000007,0.0001
LTCUSDT,1623052800007,0.0001
LTCUSDT,1623081600003,0.0001
LTCUSDT,1623110400000,0.0001
LTCUSDT,1623139200000,0.0001
LTCUSDT,1623168000002,0.0001
LTCUSDT,1623196800009,0.00002009
LTCUSDT,1623225600002,-0.00001696
LTCUSDT,1623254400000,-0.00018919
LTCUSDT,1623283200007,-0.00002714
LTCUSDT,1623312000003,0.0001
LTCUSDT,1623340800000,0.0001
LTCUSDT,1623369600010,0.00008717
LTCUSDT,1623398400007,0.0001
LTCUSDT,1623427200006,0.0001
LTCUSDT,1623456000005,0.0001
LTCUSDT,1623484800000,0.0001
LTCUSDT,1623513600018,0.0001
LTCUSDT,1623542400002,0.0001
LTCUSDT,1623571200000,0.0001
LTCUSDT,1623600000003,0.0001
LTCUSDT,1623628800000,0.0001
LTCUSDT,1623657600015,0.0001
LTCUSDT,1623686400000,0.0001
LTCUSDT,1623715200000,0.0001
LTCUSDT,1623744000000,0.0001
LTCUSDT,1623772800004,0.0001
LTCUSDT,1623801600004,0.0001
LTCUSDT,1623830400001,0.0001
LTCUSDT,1623859200000,0.0001
LTCUSDT,1623888000004,0.0001
LTCUSDT,1623916800000,0.00004719
LTCUSDT,1623945600002,0.0001
LTCUSDT,1623974400009,-0.00003106
LTCUSDT,1624003200014,0.0001
LTCUSDT,1624032000007,0.0001
LTCUSDT,1624060800003,0.00007594
LTCUSDT,1624089600001,0.0001
LTCUSDT,1624118400000,0.0001
LTCUSDT,1624147200005,0.0001
LTCUSDT,1624176000000,0.0001
LTCUSDT,1624204800002,-0.00010355
LTCUSDT,1624233600019,0.0001
LTCUSDT,1624262400000,0.0001
LTCUSDT,1624291200024,-0.00011341
LTCUSDT,1624320000008,0.0001
LTCUSDT,1624348800009,-0.00001492
LTCUSDT,1624377600001,-0.0000908
LTCUSDT,1624406400003,-0.00018589
LTCUSDT,1624435200000,-0.00021598
LTCUSDT,1624464000000,-0.00008977
LTCUSDT,1624492800009,-0.0001111
LTCUSDT,1624521600018,-0.00005387
LTCUSDT,1624550400001,-0.00002605
LTCUSDT,1624579200009,-0.0000432
LTCUSDT,1624608000004,-0.00009276
LTCUSDT,1624636800000,-0.00002963
LTCUSDT,1624665600007,-0.00002557
LTCUSDT,1624694400000,-0.00007825
LTCUSDT,1624723200002,-0.00014809
LTCUSDT,1624752000005,-0.0002781
LTCUSDT,1624780800010,-0.00023595
LTCUSDT,1624809600001,-0.00009376
LTCUSDT,1624838400025,-0.00003636
LTCUSDT,1624867200017,0.0001
LTCUSDT,1624896000007,0.0001
LTCUSDT,1624924800008,0.0001
LTCUSDT,1624953600000,0.0001
LTCUSDT,1624982400000,0.0001
LTCUSDT,1625011200011,0.0001
LTCUSDT,1625040000044,0.0001
LTCUSDT,1625068800005,0.0001
LTCUSDT,1625097600000,-0.00006515
LTCUSDT,1625126400004,0.0001
LTCUSDT,1625155200028,-0.00000769
LTCUSDT,1625184000002,0.00004562
LTCUSDT,1625212800016,0.0001
LTCUSDT,1625241600007,-0.0000183
LTCUSDT,1625270400008,-0.00001224
LTCUSDT,1625299200000,0.00003527
LTCUSDT,1625328000004,0.00001212
LTCUSDT,1625356800012,0.0001
LTCUSDT,1625385600002,0.0001
LTCUSDT,1625414400003,0.0001
LTCUSDT,1625443200004,0.0001
LTCUSDT,1625472000000,0.0001
LTCUSDT,1625500800009,0.00009514
LTCUSDT,1625529600008,0.00002441
LTCUSDT,1625558400019,0.00009147
LTCUSDT,1625587200000,0.00009856
LTCUSDT,1625616000007,0.00006967
LTCUSDT,1625644800001,0.0001
LTCUSDT,1625673600008,0.0001
LTCUSDT,1625702400002,0.0001
LTCUSDT,1625731200010,0.00008656
LTCUSDT,1625760000003,-0.00000104
LTCUSDT,1625788800000,0.00007528
LTCUSDT,1625817600006,0.0001
LTCUSDT,1625846400000,0.00003515
LTCUSDT,1625875200002,-0.00005717
LTCUSDT,1625904000000,0.00000316
LTCUSDT,1625932800001,0.00003128
LTCUSDT,1625961600001,0.0001
LTCUSDT,1625990400025,0.0001
LTCUSDT,1626019200006,-0.00000143
LTCUSDT,1626048000000,0.00007316
LTCUSDT,1626076800021,0.0001
LTCUSDT,1626105600000,0.0001
LTCUSDT,1626134400000,0.00000706
LTCUSDT,1626163200013,0.00008707
LTCUSDT,1626192000005,0.00003584
LTCUSDT,1626220800000,0.0001
LTCUSDT,1626249600000,0.00002293
LTCUSDT,1626278400005,-0.00010864
LTCUSDT,1626307200005,0.0001
LTCUSDT,1626336000001,0.0001
LTCUSDT,1626364800000,0.00004887
LTCUSDT,1626393600000,0.00008093
LTCUSDT,1626422400000,0.0001
LTCUSDT,1626451200001,-0.00001151
LTCUSDT,1626480000004,0.0001
LTCUSDT,1626508800009,0.0001
LTCUSDT,1626537600006,0.00003242
LTCUSDT,1626566400000,0.0001
LTCUSDT,1626595200001,-0.00002396
LTCUSDT,1626624000003,-0.00001214
LTCUSDT,1626652800002,0.0001
LTCUSDT,1626681600006,0.0001
LTCUSDT,1626710400006,-0.00013195
LTCUSDT,1626739200002,-0.00014514
LTCUSDT,1626768000011,-0.00008357
LTCUSDT,1626796800001,-0.00006733
LTCUSDT,1626825600022,-0.0001115
LTCUSDT,1626854400000,-0.00002445
LTCUSDT,1626883200018,-0.00024771
LTCUSDT,1626912000002,0.00003646
LTCUSDT,1626940800006,0.0001
LTCUSDT,1626969600010,0.00006253
LTCUSDT,1626998400013,0.0001
LTCUSDT,1627027200000,0.00005169
LTCUSDT,1627056000005,0.0001
LTCUSDT,1627084800000,0.0001
LTCUSDT,1627113600002,0.0001
LTCUSDT,1627142400001,0.0001
LTCUSDT,1627171200003,-0.00004906
LTCUSDT,1627200000015,0.0001
LTCUSDT,1627228800000,0.0001
LTCUSDT,1627257600000,0.0001
LTCUSDT,1627286400000,0.0001
LTCUSDT,1627315200000,0.0001
LTCUSDT,1627344000046,0.0001
LTCUSDT,1627372800014,0.0001
LTCUSDT,1627401600007,0.00007557
LTCUSDT,1627430400000,0.0001
LTCUSDT,1627459200002,0.0001
LTCUSDT,1627488000005,0.0001
LTCUSDT,1627516800004,0.0001
LTCUSDT,1627545600000,0.0001
LTCUSDT,1627574400007,0.0001
LTCUSDT,1627603200004,0.0001
LTCUSDT,1627632000000,0.0001
LTCUSDT,1627660800000,0.0001
LTCUSDT,1627689600000,0.0001
LTCUSDT,1627718400014,0.0001
LTCUSDT,1627747200003,0.0001
LTCUSDT,1627776000005,0.0001
LTCUSDT,1627804800016,0.0001
LTCUSDT,1627833600001,0.0001
LTCUSDT,1627862400000,0.0001
LTCUSDT,1627891200014,0.0001
LTCUSDT,1627920000021,0.0001
LTCUSDT,1627948800000,0.0001
LTCUSDT,1627977600000,0.0001
LTCUSDT,1628006400009,0.0001
LTCUSDT,1628035200000,0.0001
LTCUSDT,1628064000000,0.0001
LTCUSDT,1628092800003,0.0001
LTCUSDT,1628121600000,0.0001
LTCUSDT,1628150400000,0.0001
LTCUSDT,1628179200001,0.0001
LTCUSDT,1628208000000,0.0001
LTCUSDT,1628236800004,0.0001
LTCUSDT,1628265600003,0.0001
LTCUSDT,1628294400015,0.0001
LTCUSDT,1628323200001,0.0001
LTCUSDT,1628352000002,0.0001
LTCUSDT,1628380800000,0.0001
LTCUSDT,1628409600002,0.0001
LTCUSDT,1628438400018,0.0001
LTCUSDT,1628467200000,0.0001
LTCUSDT,1628496000000,0.0001
LTCUSDT,1628524800002,0.0001
LTCUSDT,1628553600000,0.0001
LTCUSDT,1628582400003,0.00019225
LTCUSDT,1628611200000,0.0001
LTCUSDT,1628640000006,0.00011395
LTCUSDT,1628668800003,0.0001
LTCUSDT,1628697600000,0.00015608
LTCUSDT,1628726400013,0.0001
LTCUSDT,1628755200001,0.0001
LTCUSDT,1628784000000,0.00020676
LTCUSDT,1628812800000,0.0001
LTCUSDT,1628841600000,0.0001
LTCUSDT,1628870400002,0.00043554
LTCUSDT,1628899200006,0.0001
LTCUSDT,1628928000000,0.0001
LTCUSDT,1628956800000,0.0001
LTCUSDT,1628985600003,0.0001
LTCUSDT,1629014400000,0.0001
LTCUSDT,1629043200007,0.0001
LTCUSDT,1629072000012,0.00014894
LTCUSDT,1629100800003,0.00045562
LTCUSDT,1629129600010,0.00033289
LTCUSDT,1629158400018,0.0001
LTCUSDT,1629187200015,0.00010995
LTCUSDT,1629216000006,0.0001
LTCUSDT,1629244800000,0.0001
LTCUSDT,1629273600000,0.0001
LTCUSDT,1629302400011,0.0001
LTCUSDT,1629331200000,0.0001
LTCUSDT,1629360000014,0.0001
LTCUSDT,1629388800000,0.0001
LTCUSDT,1629417600000,0.0001
LTCUSDT,1629446400001,0.00029638
LTCUSDT,1629475200001,0.0001
LTCUSDT,1629504000005,0.00014594
LTCUSDT,1629532800001,0.0005266
LTCUSDT,1629561600000,0.00030864
LTCUSDT,1629590400005,0.00035478
LTCUSDT,1629619200007,0.00041617
LTCUSDT,1629648000002,0.00050846
LTCUSDT,1629676800003,0.0001
LTCUSDT,1629705600005,0.0006587
LTCUSDT,1629734400002,0.00050389
LTCUSDT,1629763200006,0.00038191
LTCUSDT,1629792000004,0.00041315
LTCUSDT,1629820800000,0.0004115
LTCUSDT,1629849600015,0.0001
LTCUSDT,1629878400000,0.0001
LTCUSDT,1629907200000,0.0001
LTCUSDT,1629936000001,0.0001
LTCUSDT,1629964800016,0.0001
LTCUSDT,1629993600004,0.0001
LTCUSDT,1630022400013,0.0001
LTCUSDT,1630051200001,0.0001
LTCUSDT,1630080000004,0.0001
LTCUSDT,1630108800000,0.0001
LTCUSDT,1630137600000,0.00019774
LTCUSDT,1630166400000,0.00012079
LTCUSDT,1630195200000,0.00012193
LTCUSDT,1630224000002,0.00018409
LTCUSDT,1630252800005,0.0001
LTCUSDT,1630281600013,0.0001
LTCUSDT,1630310400008,0.0001
LTCUSDT,1630339200000,0.00010356
LTCUSDT,1630368000000,0.00021502
LTCUSDT,1630396800007,0.0001
LTCUSDT,1630425600003,0.00028249
LTCUSDT,1630454400000,0.00032583
LTCUSDT,1630483200006,0.00024472
LTCUSDT,1630512000000,0.00039141
LTCUSDT,1630540800009,0.00047977
LTCUSDT,1630569600006,0.00054915
LTCUSDT,1630598400007,0.00040706
LTCUSDT,1630627200011,0.00042188
LTCUSDT,1630656000000,0.00072817
LTCUSDT,1630684800002,0.00069577
LTCUSDT,1630713600003,0.00094477
LTCUSDT,1630742400008,0.00074017
LTCUSDT,1630771200009,0.00050445
LTCUSDT,1630800000002,0.00065958
LTCUSDT,1630828800002,0.00026352
LTCUSDT,1630857600000,0.00020193
LTCUSDT,1630886400003,0.00033248
LTCUSDT,1630915200008,0.00059166
LTCUSDT,1630944000009,0.00042745
LTCUSDT,1630972800004,0.00073865
LTCUSDT,1631001600002,0.00060512
LTCUSDT,1631030400001,-0.00034305
LTCUSDT,1631059200005,0.0001
LTCUSDT,1631088000000,0.0001
LTCUSDT,1631116800000,0.0001
LTCUSDT,1631145600006,0.0001
LTCUSDT,1631174400014,0.0001
LTCUSDT,1631203200002,0.0001
LTCUSDT,1631232000001,0.0001
LTCUSDT,1631260800018,0.0001
LTCUSDT,1631289600006,0.0001
LTCUSDT,1631318400000,0.0001
LTCUSDT,1631347200001,0.0001
LTCUSDT,1631376000000,0.0001
LTCUSDT,1631404800000,0.0001
LTCUSDT,1631433600002,0.0001
LTCUSDT,1631462400000,0.0001
LTCUSDT,1631491200000,0.0001
LTCUSDT,1631520000007,0.0001
LTCUSDT,1631548800005,-0.00065482
LTCUSDT,1631577600002,0.0001
LTCUSDT,1631606400000,0.0001
LTCUSDT,1631635200007,0.0001
LTCUSDT,1631664000012,0.0001
LTCUSDT,1631692800003,0.0001
LTCUSDT,1631721600006,0.0001
LTCUSDT,1631750400008,0.0001
LTCUSDT,1631779200005,0.00012765
LTCUSDT,1631808000002,0.0001
LTCUSDT,1631836800000,0.0001
LTCUSDT,1631865600047,0.0001
LTCUSDT,1631894400013,0.0001
LTCUSDT,1631923200000,0.0001
LTCUSDT,1631952000010,0.0001
LTCUSDT,1631980800005,0.0001
LTCUSDT,1632009600006,0.0001
LTCUSDT,1632038400015,0.0001
LTCUSDT,1632067200007,0.0001
LTCUSDT,1632096000018,0.0001
LTCUSDT,1632124800000,0.0001
LTCUSDT,1632153600005,0.0001
LTCUSDT,1632182400005,0.0001
LTCUSDT,1632211200007,0.0001
LTCUSDT,1632240000000,0.0001
LTCUSDT,1632268800005,0.0001
LTCUSDT,1632297600006,0.0001
LTCUSDT,1632326400000,0.0001
LTCUSDT,1632355200003,0.0001
LTCUSDT,1632384000000,0.0001
LTCUSDT,1632412800007,0.0001
LTCUSDT,1632441600000,0.0001
LTCUSDT,1632470400017,0.0001
LTCUSDT,1632499200000,0.0001
LTCUSDT,1632528000007,0.00009102
LTCUSDT,1632556800002,0.0001
LTCUSDT,1632585600004,0.0001
LTCUSDT,1632614400013,0.0001
LTCUSDT,1632643200000,0.00005467
LTCUSDT,1632672000005,0.00006771
LTCUSDT,1632700800000,0.00009317
LTCUSDT,1632729600001,0.00003363
LTCUSDT,1632758400000,0.00006877
LTCUSDT,1632787200000,-0.00019401
LTCUSDT,1632816000014,-0.00009423
LTCUSDT,1632844800000,-0.00010868
LTCUSDT,1632873600000,-0.0001797
LTCUSDT,1632902400002,-0.00011437
LTCUSDT,1632931200000,-0.00008947
LTCUSDT,1632960000000,-0.00010134
LTCUSDT,1632988800004,0.00009441
LTCUSDT,1633017600005,0.0001
LTCUSDT,1633046400012,0.00002664
LTCUSDT,1633075200008,-0.0000077
LTCUSDT,1633104000000,0.0001
LTCUSDT,1633132800000,0.0001
LTCUSDT,1633161600002,0.0001
LTCUSDT,1633190400011,0.0001
LTCUSDT,1633219200019,0.0001
LTCUSDT,1633248000011,0.0001
LTCUSDT,1633276800004,0.0001
LTCUSDT,1633305600004,0.0001
LTCUSDT,1633334400000,0.0001
LTCUSDT,1633363200000,0.0001
LTCUSDT,1633392000007,0.0001
LTCUSDT,1633420800007,0.0001
LTCUSDT,1633449600004,0.0001
LTCUSDT,1633478400002,0.0001
LTCUSDT,1633507200000,0.0001
LTCUSDT,1633536000003,0.0001
LTCUSDT,1633564800007,0.00019977
LTCUSDT,1633593600002,0.0001
LTCUSDT,1633622400000,0.00031535
LTCUSDT,1633651200011,0.0001425
LTCUSDT,1633680000003,0.0001
LTCUSDT,1633708800002,0.00017545
LTCUSDT,1633737600006,0.0001
LTCUSDT,1633766400003,0.0001
LTCUSDT,1633795200000,0.0001
LTCUSDT,1633824000000,0.0001
LTCUSDT,1633852800008,0.00031384
LTCUSDT,1633881600000,0.0001
LTCUSDT,1633910400002,0.0001
LTCUSDT,1633939200001,0.0001
LTCUSDT,1633968000006,0.00020009
LTCUSDT,1633996800008,0.0001
LTCUSDT,1634025600013,0.0001
LTCUSDT,1634054400003,0.0001
LTCUSDT,1634083200003,0.0001
LTCUSDT,1634112000015,0.0001
LTCUSDT,1634140800000,0.0001
LTCUSDT,1634169600011,0.0001
LTCUSDT,1634198400017,0.0003076
LTCUSDT,1634227200000,0.00027653
LTCUSDT,1634256000005,0.00045277
LTCUSDT,1634284800002,0.00046016
LTCUSDT,1634313600005,0.00015926
LTCUSDT,1634342400009,0.00062436
LTCUSDT,1634371200000,0.00052528
LTCUSDT,1634400000003,0.00042099
LTCUSDT,1634428800001,0.00036402
LTCUSDT,1634457600002,0.00026987
LTCUSDT,1634486400002,0.00014857
LTCUSDT,1634515200006,0.0001
LTCUSDT,1634544000004,0.00029405
LTCUSDT,1634572800001,0.0001
LTCUSDT,1634601600002,0.0001
LTCUSDT,1634630400000,0.00048798
LTCUSDT,1634659200000,0.00036698
LTCUSDT,1634688000017,0.00010722
LTCUSDT,1634716800004,0.00036909
LTCUSDT,1634745600020,0.00058738
LTCUSDT,1634774400000,0.00067133
LTCUSDT,1634803200000,0.00059019
LTCUSDT,1634832000008,0.00069677
LTCUSDT,1634860800005,0.00025784
LTCUSDT,1634889600005,0.00025348
LTCUSDT,1634918400018,0.00016111
LTCUSDT,1634947200005,0.00036656
LTCUSDT,1634976000001,0.0001
LTCUSDT,1635004800004,0.0001
LTCUSDT,1635033600006,0.0001
LTCUSDT,1635062400012,0.00028349
LTCUSDT,1635091200001,0.00046846
LTCUSDT,1635120000012,0.0001
LTCUSDT,1635148800002,0.00020553
LTCUSDT,1635177600022,0.00021818
LTCUSDT,1635206400005,0.00048472
LTCUSDT,1635235200016,0.00072542
LTCUSDT,1635264000000,0.00055348
LTCUSDT,1635292800004,0.00010562
LTCUSDT,1635321600000,0.00060434
LTCUSDT,1635350400002,0.0001
LTCUSDT,1635379200002,0.0001
LTCUSDT,1635408000000,0.0001
LTCUSDT,1635436800005,0.0001
LTCUSDT,1635465600000,0.0001
LTCUSDT,1635494400007,0.0001
LTCUSDT,1635523200001,0.0001
LTCUSDT,1635552000000,0.0001
LTCUSDT,1635580800001,0.00032483
LTCUSDT,1635609600013,0.0001
LTCUSDT,1635638400008,0.00019841
LTCUSDT,1635667200010,0.00024109
LTCUSDT,1635696000001,0.0001
LTCUSDT,1635724800009,0.00016248
LTCUSDT,1635753600014,0.00011157
LTCUSDT,1635782400001,0.00040462
LTCUSDT,1635811200000,0.00016877
LTCUSDT,1635840000007,0.00046707
LTCUSDT,1635868800010,0.00064117
LTCUSDT,1635897600019,0.00062638
LTCUSDT,1635926400000,0.0004439
LTCUSDT,1635955200005,0.00024456
LTCUSDT,1635984000006,0.00041877
LTCUSDT,1636012800004,0.00061675
LTCUSDT,1636041600004,0.00033136
LTCUSDT,1636070400000,0.00029502
LTCUSDT,1636099200013,0.0004903
LTCUSDT,1636128000016,0.00033387
LTCUSDT,1636156800010,0.0003119
LTCUSDT,1636185600000,0.0003432
LTCUSDT,1636214400007,0.0001
LTCUSDT,1636243200013,0.0001
LTCUSDT,1636272000005,0.00030048
LTCUSDT,1636300800004,0.00034585
LTCUSDT,1636329600001,0.00038711
LTCUSDT,1636358400000,0.00062586
LTCUSDT,1636387200000,0.00063689
LTCUSDT,1636416000000,0.00064457
LTCUSDT,1636444800014,0.00052193
LTCUSDT,1636473600001,0.0001
LTCUSDT,1636502400000,0.00029846
LTCUSDT,1636531200003,0.00031383
LTCUSDT,1636560000001,0.00020996
LTCUSDT,1636588800008,0.0001
LTCUSDT,1636617600012,0.0001018
LTCUSDT,1636646400007,0.0001092
LTCUSDT,1636675200000,0.0001
LTCUSDT,1636704000000,0.00025074
LTCUSDT,1636732800004,0.00024815
LTCUSDT,1636761600000,0.0001
LTCUSDT,1636790400004,0.00022253
LTCUSDT,1636819200006,0.0001
LTCUSDT,1636848000010,0.0001
LTCUSDT,1636876800001,0.00028405
LTCUSDT,1636905600000,0.00013205
LTCUSDT,1636934400008,0.0001
LTCUSDT,1636963200000,0.0003721
LTCUSDT,1636992000000,0.00027123
LTCUSDT,1637020800000,0.0001
LTCUSDT,1637049600001,0.0001
LTCUSDT,1637078400018,0.0001
LTCUSDT,1637107200005,0.0001
LTCUSDT,1637136000007,0.0001
LTCUSDT,1637164800003,0.0001
LTCUSDT,1637193600017,0.0001
LTCUSDT,1637222400007,0.0001
LTCUSDT,1637251200011,0.0001
LTCUSDT,1637280000000,0.0001
LTCUSDT,1637308800000,0.0001
LTCUSDT,1637337600005,0.0001
LTCUSDT,1637366400012,0.0001
LTCUSDT,1637395200000,0.0001
LTCUSDT,1637424000007,0.0001
LTCUSDT,1637452800000,0.0001
LTCUSDT,1637481600006,0.0001
LTCUSDT,1637510400000,0.0001
LTCUSDT,1637539200004,0.0001
LTCUSDT,1637568000000,0.0001
LTCUSDT,1637596800000,0.0001
LTCUSDT,1637625600004,0.0001
LTCUSDT,1637654400010,0.0001
LTCUSDT,1637683200005,0.0001
LTCUSDT,1637712000001,0.0001
LTCUSDT,1637740800003,0.00010796
LTCUSDT,1637769600010,0.0001517
LTCUSDT,1637798400000,0.00011982
LTCUSDT,1637827200010,0.00028156
LTCUSDT,1637856000000,0.00022138
LTCUSDT,1637884800000,0.00037037
LTCUSDT,1637913600000,0.00021108
LTCUSDT,1637942400016,0.0001
LTCUSDT,1637971200005,0.0001
LTCUSDT,1638000000008,0.0001
LTCUSDT,1638028800007,0.0001
LTCUSDT,1638057600018,0.0001
LTCUSDT,1638086400000,0.0001
LTCUSDT,1638115200004,0.0001
LTCUSDT,1638144000002,0.0001
LTCUSDT,1638172800004,0.0001
LTCUSDT,1638201600000,0.0001
LTCUSDT,1638230400000,0.0001
LTCUSDT,1638259200006,0.0001
LTCUSDT,1638288000000,0.0001
LTCUSDT,1638316800000,0.0001
LTCUSDT,1638345600000,0.0001
LTCUSDT,1638374400001,0.0001
LTCUSDT,1638403200000,0.0001
LTCUSDT,1638432000007,0.0001
LTCUSDT,1638460800008,0.0001
LTCUSDT,1638489600004,0.0001
LTCUSDT,1638518400002,0.0001
LTCUSDT,1638547200006,0.0001
LTCUSDT,1638576000006,0.0001
LTCUSDT,1638604800004,0.00001923
LTCUSDT,1638633600000,-0.00002443
LTCUSDT,1638662400003,0.00003361
LTCUSDT,1638691200008,0.0001
LTCUSDT,1638720000007,0.0001
LTCUSDT,1638748800009,0.0000748
LTCUSDT,1638777600001,0.0001
LTCUSDT,1638806400000,0.0001
LTCUSDT,1638835200018,-0.00009905
LTCUSDT,1638864000000,-0.00002183
LTCUSDT,1638892800000,0.00001746
LTCUSDT,1638921600000,0.00002494
LTCUSDT,1638950400018,0.0001
LTCUSDT,1638979200010,0.0001
LTCUSDT,1639008000010,0.00005206
LTCUSDT,1639036800000,0.00008729
LTCUSDT,1639065600000,0.0000466
LTCUSDT,1639094400000,-0.000068
LTCUSDT,1639123200008,-0.00001627
LTCUSDT,1639152000012,-0.00006481
LTCUSDT,1639180800009,-0.00005593
LTCUSDT,1639209600008,0.00003083
LTCUSDT,1639238400000,-0.00004489
LTCUSDT,1639267200001,0.00001612
LTCUSDT,1639296000015,0.00009894
LTCUSDT,1639324800011,-0.00001121
LTCUSDT,1639353600006,0.0001
LTCUSDT,1639382400019,-0.00005857
LTCUSDT,1639411200000,0.00008149
LTCUSDT,1639440000004,-0.00002121
LTCUSDT,1639468800000,-0.00009255
LTCUSDT,1639497600015,0.0001
LTCUSDT,1639526400000,0.00004465
LTCUSDT,1639555200008,0.00001858
LTCUSDT,1639584000005,0.0001
LTCUSDT,1639612800006,0.0001
LTCUSDT,1639641600009,0.0001
LTCUSDT,1639670400000,0.0001
LTCUSDT,1639699200000,0.0001
LTCUSDT,1639728000005,0.00006783
LTCUSDT,1639756800006,-0.00011849
LTCUSDT,1639785600014,0.0001
LTCUSDT,1639814400012,0.00006312
LTCUSDT,1639843200000,0.0001
LTCUSDT,1639872000031,0.0001
LTCUSDT,1639900800000,0.0001
LTCUSDT,1639929600003,0.0001
LTCUSDT,1639958400015,0.0001
LTCUSDT,1639987200007,0.0001
LTCUSDT,1640016000005,0.0001
LTCUSDT,1640044800003,0.0001
LTCUSDT,1640073600012,0.0001
LTCUSDT,1640102400005,0.0001
LTCUSDT,1640131200000,0.0001
LTCUSDT,1640160000001,0.0001
LTCUSDT,1640188800006,0.0001
LTCUSDT,1640217600011,0.0001
LTCUSDT,1640246400000,0.0001
LTCUSDT,1640275200000,0.0001
LTCUSDT,1640304000005,0.0001
LTCUSDT,1640332800000,0.0001
LTCUSDT,1640361600011,0.0001
LTCUSDT,1640390400000,0.0001
LTCUSDT,1640419200001,0.0001
LTCUSDT,1640448000005,0.0001
LTCUSDT,1640476800004,0.0001
LTCUSDT,1640505600002,0.0001
LTCUSDT,1640534400000,0.0001
LTCUSDT,1640563200002,0.0001
LTCUSDT,1640592000005,0.0001
LTCUSDT,1640620800000,0.0001
LTCUSDT,1640649600000,0.0001
LTCUSDT,1640678400012,0.00006773
LTCUSDT,1640707200000,0.0001
LTCUSDT,1640736000006,0.0001
LTCUSDT,1640764800003,0.0001
LTCUSDT,1640793600004,0.0001
LTCUSDT,1640822400003,0.0001
LTCUSDT,1640851200001,0.0001
LTCUSDT,1640880000017,0.0001
LTCUSDT,1640908800006,0.0001
LTCUSDT,1640937600009,0.0001
LTCUSDT,1640966400000,0.0001
LTCUSDT,1640995200006,0.0001
LTCUSDT,1641024000009,0.0001
LTCUSDT,1641052800000,0.0001
LTCUSDT,1641081600028,0.0001
LTCUSDT,1641110400000,0.0001
LTCUSDT,1641139200000,0.0001
LTCUSDT,1641168000010,0.0001
LTCUSDT,1641196800013,0.0001
LTCUSDT,1641225600018,0.0001
LTCUSDT,1641254400000,0.0001
LTCUSDT,1641283200010,0.0001
LTCUSDT,1641312000002,0.0001
LTCUSDT,1641340800001,0.0001
LTCUSDT,1641369600017,0.0001
LTCUSDT,1641398400000,0.0001
LTCUSDT,1641427200002,0.0001
LTCUSDT,1641456000021,0.0000687
LTCUSDT,1641484800006,0.0001
LTCUSDT,1641513600005,0.0001
LTCUSDT,1641542400000,0.0001
LTCUSDT,1641571200001,0.00008625
LTCUSDT,1641600000014,0.0001
LTCUSDT,1641628800013,0.0001
LTCUSDT,1641657600000,0.0001
LTCUSDT,1641686400003,0.00008676
LTCUSDT,1641715200000,0.0001
LTCUSDT,1641744000000,0.0001
LTCUSDT,1641772800000,0.0001
LTCUSDT,1641801600010,0.0001
LTCUSDT,1641830400007,0.00006487
LTCUSDT,1641859200013,0.00002323
LTCUSDT,1641888000004,0.0001
LTCUSDT,1641916800000,0.0001
LTCUSDT,1641945600012,0.00002042
LTCUSDT,1641974400015,0.0001
LTCUSDT,1642003200000,0.00002149
LTCUSDT,1642032000007,0.0001
LTCUSDT,1642060800000,0.0001
LTCUSDT,1642089600014,0.0001
LTCUSDT,1642118400000,0.0001
LTCUSDT,1642147200006,0.0001
LTCUSDT,1642176000014,0.0001
LTCUSDT,1642204800000,0.0001
LTCUSDT,1642233600002,-0.00000068
LTCUSDT,1642262400000,0.0001
LTCUSDT,1642291200000,0.0001
LTCUSDT,1642320000017,0.0001
LTCUSDT,1642348800011,0.0001
LTCUSDT,1642377600005,0.0001
LTCUSDT,1642406400006,0.0001
LTCUSDT,1642435200012,0.0001
LTCUSDT,1642464000020,0.0001
LTCUSDT,1642492800000,0.00004942
LTCUSDT,1642521600013,0.00004336
LTCUSDT,1642550400001,-0.0000411
LTCUSDT,1642579200000,-0.00000279
LTCUSDT,1642608000000,-0.00001878
LTCUSDT,1642636800015,0.00007075
LTCUSDT,1642665600000,0.0001
LTCUSDT,1642694400000,0.0001
LTCUSDT,1642723200007,-0.00002484
LTCUSDT,1642752000015,-0.00013578
LTCUSDT,1642780800000,-0.00000949
LTCUSDT,1642809600017,0.0001
LTCUSDT,1642838400003,0.00006792
LTCUSDT,1642867200021,0.00004815
LTCUSDT,1642896000026,0.0001
LTCUSDT,1642924800010,0.00008336
LTCUSDT,1642953600009,-0.00013191
LTCUSDT,1642982400010,0.00007158
LTCUSDT,1643011200000,0.00005625
LTCUSDT,1643040000021,0.00005966
LTCUSDT,1643068800000,-0.00000802
LTCUSDT,1643097600000,0.0001
LTCUSDT,1643126400012,0.0001
LTCUSDT,1643155200000,0.0001
LTCUSDT,1643184000001,0.0001
LTCUSDT,1643212800005,0.0000311
LTCUSDT,1643241600004,0.00009913
LTCUSDT,1643270400004,-0.00011666
LTCUSDT,1643299200019,0.0000568
LTCUSDT,1643328000000,0.00000018
LTCUSDT,1643356800000,0.0001
LTCUSDT,1643385600025,-0.00002676
LTCUSDT,1643414400017,0.0001
LTCUSDT,1643443200000,0.00006689
LTCUSDT,1643472000013,0.00004391
LTCUSDT,1643500800025,0.00006475
LTCUSDT,1643529600009,0.00003201
LTCUSDT,1643558400000,0.00004128
LTCUSDT,1643587200000,-0.00023645
LTCUSDT,1643616000000,-0.00044347
LTCUSDT,1643644800000,-0.00028917
LTCUSDT,1643673600010,-0.00005083
LTCUSDT,1643702400000,-0.0000932
LTCUSDT,1643731200004,-0.00002339
LTCUSDT,1643760000004,-0.00010469
LTCUSDT,1643788800000,0.00005833
LTCUSDT,1643817600002,0.00000236
LTCUSDT,1643846400002,-0.00019854
LTCUSDT,1643875200000,-0.0002534
LTCUSDT,1643904000000,-0.00016155
LTCUSDT,1643932800018,-0.00014401
LTCUSDT,1643961600005,-0.00001688
LTCUSDT,1643990400010,0.0001
LTCUSDT,1644019200014,0.00008008
LTCUSDT,1644048000000,0.0001
LTCUSDT,1644076800000,0.0000903
LTCUSDT,1644105600000,0.0001
LTCUSDT,1644134400000,0.0001
LTCUSDT,1644163200000,0.0001
LTCUSDT,1644192000003,-0.00001257
LTCUSDT,1644220800014,-0.00000687
LTCUSDT,1644249600003,-0.0000722
LTCUSDT,1644278400001,0.0001
LTCUSDT,1644307200003,0.00002119
LTCUSDT,1644336000002,0.0001
LTCUSDT,1644364800000,-0.00005039
LTCUSDT,1644393600005,-0.00007075
LTCUSDT,1644422400001,0.00007894
LTCUSDT,1644451200012,-0.00001346
LTCUSDT,1644480000000,0.00008935
LTCUSDT,1644508800006,-0.00000044
LTCUSDT,1644537600000,0.00001922
LTCUSDT,1644566400009,-0.0001408
LTCUSDT,1644595200015,-0.00004294
LTCUSDT,1644624000020,0.0001
LTCUSDT,1644652800001,-0.00005873
LTCUSDT,1644681600007,-0.00003918
LTCUSDT,1644710400022,-0.00021626
LTCUSDT,1644739200001,0.0000037
LTCUSDT,1644768000007,-0.0001003
LTCUSDT,1644796800005,0.00003975
LTCUSDT,1644825600013,-0.00008744
LTCUSDT,1644854400019,0.00000536
LTCUSDT,1644883200012,0.00002376
LTCUSDT,1644912000005,-0.00005634
LTCUSDT,1644940800011,0.0000668
LTCUSDT,1644969600009,0.0001
LTCUSDT,1644998400001,0.0001
LTCUSDT,1645027200014,0.0001
LTCUSDT,1645056000018,-0.00011466
LTCUSDT,1645084800000,-0.00010386
LTCUSDT,1645113600010,0.00002984
LTCUSDT,1645142400000,-0.0000209
LTCUSDT,1645171200002,-0.00003682
LTCUSDT,1645200000000,0.00000625
LTCUSDT,1645228800007,0.00007954
LTCUSDT,1645257600000,-0.00006097
LTCUSDT,1645286400023,-0.00002722
LTCUSDT,1645315200001,-0.00000216
LTCUSDT,1645344000003,-0.00005386
LTCUSDT,1645372800001,-0.00016859
LTCUSDT,1645401600000,-0.00010268
LTCUSDT,1645430400001,-0.00002581
LTCUSDT,1645459200005,-0.00012251
LTCUSDT,1645488000005,-0.00024444
LTCUSDT,1645516800000,0.00000399
LTCUSDT,1645545600000,-0.00005689
LTCUSDT,1645574400002,-0.00004677
LTCUSDT,1645603200005,-0.0001714
LTCUSDT,1645632000010,-0.0000073
LTCUSDT,1645660800008,-0.00005606
LTCUSDT,1645689600003,-0.00020846
LTCUSDT,1645718400001,-0.00012437
LTCUSDT,1645747200000,0.00002452
LTCUSDT,1645776000006,0.00006644
LTCUSDT,1645804800001,-0.00013969
LTCUSDT,1645833600004,-0.00017322
LTCUSDT,1645862400004,0.0001
LTCUSDT,1645891200007,0.0001
LTCUSDT,1645920000012,0.00003501
LTCUSDT,1645948800000,-0.00006018
LTCUSDT,1645977600000,-0.00001568
LTCUSDT,1646006400000,-0.00003062
LTCUSDT,1646035200001,-0.00017147
LTCUSDT,1646064000002,-0.00008658
LTCUSDT,1646092800002,0.00001751
LTCUSDT,1646121600001,0.0001
LTCUSDT,1646150400000,0.00006538
LTCUSDT,1646179200000,0.0001
LTCUSDT,1646208000000,0.00003452
LTCUSDT,1646236800002,-0.0000409
LTCUSDT,1646265600000,-0.00029695
LTCUSDT,1646294400000,-0.00008557
LTCUSDT,1646323200005,-0.00013097
LTCUSDT,1646352000018,-0.00033432
LTCUSDT,1646380800000,-0.00024127
LTCUSDT,1646409600000,-0.00027269
LTCUSDT,1646438400006,-0.00029756
LTCUSDT,1646467200004,-0.00063506
LTCUSDT,1646496000000,-0.00026838
LTCUSDT,1646524800004,-0.00017552
LTCUSDT,1646553600000,-0.0001244
LTCUSDT,1646582400013,-0.00025747
LTCUSDT,1646611200008,-0.00029361
LTCUSDT,1646640000006,-0.00028071
LTCUSDT,1646668800000,-0.00021698
LTCUSDT,1646697600008,-0.00017267
LTCUSDT,1646726400002,-0.00017751
LTCUSDT,1646755200000,0.00001367
LTCUSDT,1646784000008,-0.00000789
LTCUSDT,1646812800000,-0.00004254
LTCUSDT,1646841600004,0.0001
LTCUSDT,1646870400000,0.0001
LTCUSDT,1646899200017,-0.00001808
LTCUSDT,1646928000000,-0.00032069
LTCUSDT,1646956800008,-0.00016225
LTCUSDT,1646985600000,-0.00018904
LTCUSDT,1647014400001,-0.00008036
LTCUSDT,1647043200010,-0.00017785
LTCUSDT,1647072000001,0.00005172
LTCUSDT,1647100800002,0.00008985
LTCUSDT,1647129600008,-0.00002651
LTCUSDT,1647158400000,0.0001
LTCUSDT,1647187200002,-0.0000226
LTCUSDT,1647216000014,-0.00000894
LTCUSDT,1647244800005,-0.00003191
LTCUSDT,1647273600002,0.0001
LTCUSDT,1647302400008,-0.00004887
LTCUSDT,1647331200000,0.00005069
LTCUSDT,1647360000006,-0.00002008
LTCUSDT,1647388800013,0.0001
LTCUSDT,1647417600000,0.0001
LTCUSDT,1647446400008,-0.00010545
LTCUSDT,1647475200004,0.00000851
LTCUSDT,1647504000000,0.0001
LTCUSDT,1647532800004,-0.00000032
LTCUSDT,1647561600000,0.0001
LTCUSDT,1647590400000,0.00008178
LTCUSDT,1647619200017,0.00007392
LTCUSDT,1647648000008,0.0001
LTCUSDT,1647676800015,0.0001
LTCUSDT,1647705600000,0.00005098
LTCUSDT,1647734400000,0.00006193
LTCUSDT,1647763200001,0.00005602
LTCUSDT,1647792000002,0.00001875
LTCUSDT,1647820800013,-0.00005934
LTCUSDT,1647849600004,0.0001
LTCUSDT,1647878400010,0.0001
LTCUSDT,1647907200012,0.00009108
LTCUSDT,1647936000001,0.0001
LTCUSDT,1647964800022,0.0001
LTCUSDT,1647993600007,0.00008504
LTCUSDT,1648022400000,0.00008411
LTCUSDT,1648051200006,0.00002886
LTCUSDT,1648080000013,0.00003229
LTCUSDT,1648108800006,0.0001
LTCUSDT,1648137600020,0.0001
LTCUSDT,1648166400010,0.0001
LTCUSDT,1648195200001,0.0001
LTCUSDT,1648224000014,0.0001
LTCUSDT,1648252800020,0.0001
LTCUSDT,1648281600006,0.0001
LTCUSDT,1648310400000,0.0001
LTCUSDT,1648339200004,0.00004653
LTCUSDT,1648368000001,0.00002784
LTCUSDT,1648396800006,0.00006661
LTCUSDT,1648425600012,0.00008434
LTCUSDT,1648454400007,0.0001
LTCUSDT,1648483200000,0.0001
LTCUSDT,1648512000000,0.0001
LTCUSDT,1648540800015,0.0001
LTCUSDT,1648569600000,0.0001
LTCUSDT,1648598400000,0.0001
LTCUSDT,1648627200002,0.0001
LTCUSDT,1648656000028,0.0001
LTCUSDT,1648684800017,0.0001
LTCUSDT,1648713600000,0.0001
LTCUSDT,1648742400015,0.0001
LTCUSDT,1648771200000,0.0001
LTCUSDT,1648800000000,0.0001
LTCUSDT,1648828800018,0.0001
LTCUSDT,1648857600000,0.0001
LTCUSDT,1648886400002,0.0001
LTCUSDT,1648915200006,0.0001
LTCUSDT,1648944000018,0.0001
LTCUSDT,1648972800018,0.0001
LTCUSDT,1649001600015,0.0001
LTCUSDT,1649030400006,0.0001
LTCUSDT,1649059200000,0.0001
LTCUSDT,1649088000016,0.0001
LTCUSDT,1649116800000,0.0001
LTCUSDT,1649145600010,0.0001
LTCUSDT,1649174400008,0.0001
LTCUSDT,1649203200001,0.00008034
LTCUSDT,1649232000021,-0.00000574
LTCUSDT,1649260800000,0.0001
LTCUSDT,1649289600009,-0.00005916
LTCUSDT,1649318400000,-0.00003466
LTCUSDT,1649347200000,-0.00008545
LTCUSDT,1649376000000,0.00004961
LTCUSDT,1649404800004,-0.00004683
LTCUSDT,1649433600008,0.00009351
LTCUSDT,1649462400008,-0.00004428
LTCUSDT,1649491200000,0.00009119
LTCUSDT,1649520000001,0.0001
LTCUSDT,1649548800004,0.00006965
LTCUSDT,1649577600007,0.0001
LTCUSDT,1649606400016,0.00000045
LTCUSDT,1649635200000,0.00001688
LTCUSDT,1649664000000,-0.00004801
LTCUSDT,1649692800009,-0.00007904
LTCUSDT,1649721600000,-0.00005773
LTCUSDT,1649750400006,-0.00011138
LTCUSDT,1649779200013,-0.00004937
LTCUSDT,1649808000005,-0.00003929
LTCUSDT,1649836800008,-0.00006096
LTCUSDT,1649865600013,-0.0001187
LTCUSDT,1649894400007,0.00009815
LTCUSDT,1649923200000,0.0001
LTCUSDT,1649952000006,0.0001
LTCUSDT,1649980800008,-0.00005127
LTCUSDT,1650009600002,0.0001
LTCUSDT,1650038400000,0.0001
LTCUSDT,1650067200011,0.0001
LTCUSDT,1650096000007,0.0001
LTCUSDT,1650124800007,0.00009725
LTCUSDT,1650153600000,0.00001484
LTCUSDT,1650182400004,0.0001
LTCUSDT,1650211200000,0.0001
LTCUSDT,1650240000008,-0.00004718
LTCUSDT,1650268800012,0.00002555
LTCUSDT,1650297600000,-0.00009498
LTCUSDT,1650326400021,0.0001
LTCUSDT,1650355200031,0.0001
LTCUSDT,1650384000000,0.0001
LTCUSDT,1650412800025,0.0001
LTCUSDT,1650441600003,0.0001
LTCUSDT,1650470400000,0.0001
LTCUSDT,1650499200000,0.0001
LTCUSDT,1650528000000,0.0001
LTCUSDT,1650556800024,0.0001
LTCUSDT,1650585600008,0.00002411
LTCUSDT,1650614400008,-0.00019448
LTCUSDT,1650643200008,0.0001
LTCUSDT,1650672000000,0.0001
LTCUSDT,1650700800000,-0.00013107
LTCUSDT,1650729600012,0.00009999
LTCUSDT,1650758400004,-0.00003885
LTCUSDT,1650787200003,0.00004378
LTCUSDT,1650816000000,0.00005087
LTCUSDT,1650844800008,0.00001991
LTCUSDT,1650873600018,-0.0000523
LTCUSDT,1650902400000,-0.00015254
LTCUSDT,1650931200014,0.0001
LTCUSDT,1650960000000,0.0001
LTCUSDT,1650988800017,0.00007933
LTCUSDT,1651017600012,-0.00009351
LTCUSDT,1651046400000,-0.00007994
LTCUSDT,1651075200002,0.0001
LTCUSDT,1651104000000,0.0001
LTCUSDT,1651132800004,0.0001
LTCUSDT,1651161600030,-0.0000125
LTCUSDT,1651190400000,0.00006389
LTCUSDT,1651219200016,0.0001
LTCUSDT,1651248000010,0.00003674
LTCUSDT,1651276800000,0.00002326
LTCUSDT,1651305600005,0.0001
LTCUSDT,1651334400015,0.0001
LTCUSDT,1651363200000,-0.0001097
LTCUSDT,1651392000000,-0.00004513
LTCUSDT,1651420800010,-0.000039
LTCUSDT,1651449600018,0.0001
LTCUSDT,1651478400007,0.00004332
LTCUSDT,1651507200000,0.00005776
LTCUSDT,1651536000006,0.00009506
LTCUSDT,1651564800000,0.0001
LTCUSDT,1651593600021,0.0001
LTCUSDT,1651622400007,-0.00002859
LTCUSDT,1651651200011,0.0001
LTCUSDT,1651680000000,0.0001
LTCUSDT,1651708800005,0.0001
LTCUSDT,1651737600019,0.0001
LTCUSDT,1651766400005,0.0001
LTCUSDT,1651795200005,-0.0000385
LTCUSDT,1651824000001,-0.00003668
LTCUSDT,1651852800010,0.00004415
LTCUSDT,1651881600004,-0.00003543
LTCUSDT,1651910400016,0.00004453
LTCUSDT,1651939200011,0.00004973
LTCUSDT,1651968000000,0.0000065
LTCUSDT,1651996800007,0.00007988
LTCUSDT,1652025600015,0.0001
LTCUSDT,1652054400000,0.00005664
LTCUSDT,1652083200001,0.00002384
LTCUSDT,1652112000000,0.00004016
LTCUSDT,1652140800000,-0.00010049
LTCUSDT,1652169600007,0.00006474
LTCUSDT,1652198400008,0.00007771
LTCUSDT,1652227200004,0.00003753
LTCUSDT,1652256000007,-0.000059
LTCUSDT,1652284800008,-0.00035992
LTCUSDT,1652313600014,-0.00023669
LTCUSDT,1652342400000,-0.00078346
LTCUSDT,1652371200007,-0.00025215
LTCUSDT,1652400000014,-0.0002523
LTCUSDT,1652428800001,-0.00001062
LTCUSDT,1652457600000,0.00001591
LTCUSDT,1652486400000,0.00004581
LTCUSDT,1652515200000,0.00004415
LTCUSDT,1652544000001,-0.00008451
LTCUSDT,1652572800000,0.00003879
LTCUSDT,1652601600000,0.00001135
LTCUSDT,1652630400000,-0.00006771
LTCUSDT,1652659200021,-0.0000325
LTCUSDT,1652688000013,-0.00014354
LTCUSDT,1652716800006,0.00001421
LTCUSDT,1652745600000,-0.00007902
LTCUSDT,1652774400010,-0.00004563
LTCUSDT,1652803200023,0.00004035
LTCUSDT,1652832000003,-0.00001871
LTCUSDT,1652860800024,0.00009149
LTCUSDT,1652889600014,-0.00009202
LTCUSDT,1652918400000,-0.00011121
LTCUSDT,1652947200008,0.00000248
LTCUSDT,1652976000015,0.00002085
LTCUSDT,1653004800001,0.0001
LTCUSDT,1653033600003,-0.00004721
LTCUSDT,1653062400012,-0.00010644
LTCUSDT,1653091200008,-0.00017992
LTCUSDT,1653120000001,-0.00006545
LTCUSDT,1653148800007,-0.00003214
LTCUSDT,1653177600003,0.00000076
LTCUSDT,1653206400016,-0.0000499
LTCUSDT,1653235200000,0.0001
LTCUSDT,1653264000011,-0.00001877
LTCUSDT,1653292800000,0.00008955
LTCUSDT,1653321600023,0.00005301
LTCUSDT,1653350400011,-0.0001657
LTCUSDT,1653379200000,-0.00009521
LTCUSDT,1653408000009,-0.00005845
LTCUSDT,1653436800001,-0.00005
LTCUSDT,1653465600000,0.00005062
LTCUSDT,1653494400015,0.00000379
LTCUSDT,1653523200005,0.00002168
LTCUSDT,1653552000001,-0.00008127
LTCUSDT,1653580800000,-0.00009717
LTCUSDT,1653609600007,-0.00017737
LTCUSDT,1653638400008,-0.00006686
LTCUSDT,1653667200000,-0.00007883
LTCUSDT,1653696000018,-0.00001573
LTCUSDT,1653724800016,-0.00003307
LTCUSDT,1653753600013,-0.00011017
LTCUSDT,1653782400000,-0.00005968
LTCUSDT,1653811200025,-0.00006489
LTCUSDT,1653840000002,-0.00002258
LTCUSDT,1653868800000,0.00002146
LTCUSDT,1653897600013,0.00005167
LTCUSDT,1653926400005,0.0001
LTCUSDT,1653955200016,0.0001
LTCUSDT,1653984000000,0.0001
LTCUSDT,1654012800000,0.0001
LTCUSDT,1654041600000,0.0001
LTCUSDT,1654070400011,0.0001
LTCUSDT,1654099200000,0.0001
LTCUSDT,1654128000000,-0.0000111
LTCUSDT,1654156800006,-0.00002331
LTCUSDT,1654185600021,-0.00003554
LTCUSDT,1654214400016,-0.00002548
LTCUSDT,1654243200016,-0.00001642
LTCUSDT,1654272000012,-0.00007623
LTCUSDT,1654300800005,-0.00007073
LTCUSDT,1654329600000,-0.00001301
LTCUSDT,1654358400007,0.00003888
LTCUSDT,1654387200005,0.000009
LTCUSDT,1654416000015,0.00002174
LTCUSDT,1654444800000,0.00000927
LTCUSDT,1654473600000,0.00000577
LTCUSDT,1654502400017,0.0001
LTCUSDT,1654531200000,0.0001
LTCUSDT,1654560000000,0.00001847
LTCUSDT,1654588800011,-0.00013578
LTCUSDT,1654617600000,-0.00017988
LTCUSDT,1654646400008,0.0001
LTCUSDT,1654675200020,-0.00000802
LTCUSDT,1654704000012,-0.00003103
LTCUSDT,1654732800000,-0.00006504
LTCUSDT,1654761600000,0.0001
LTCUSDT,1654790400000,0.00007708
LTCUSDT,1654819200009,-0.00015666
LTCUSDT,1654848000000,-0.00009614
LTCUSDT,1654876800006,-0.00016714
LTCUSDT,1654905600018,-0.0001455
LTCUSDT,1654934400014,-0.00012106
LTCUSDT,1654963200000,-0.00011527
LTCUSDT,1654992000015,0.00001414
LTCUSDT,1655020800019,-0.0002632
LTCUSDT,1655049600010,-0.00016638
LTCUSDT,1655078400009,-0.00008926
LTCUSDT,1655107200000,-0.00029178
LTCUSDT,1655136000007,-0.00021534
LTCUSDT,1655164800013,-0.00032337
LTCUSDT,1655193600008,0.00003528
LTCUSDT,1655222400006,0.00000631
LTCUSDT,1655251200000,-0.00003146
LTCUSDT,1655280000016,-0.00018084
LTCUSDT,1655308800008,0.00000901
LTCUSDT,1655337600009,0.0001
LTCUSDT,1655366400016,0.0001
LTCUSDT,1655395200000,0.0001
LTCUSDT,1655424000008,0.0001
LTCUSDT,1655452800003,0.0001
LTCUSDT,1655481600000,0.0001
LTCUSDT,1655510400020,-0.00004024
LTCUSDT,1655539200025,-0.0000371
LTCUSDT,1655568000014,-0.00001193
LTCUSDT,1655596800012,-0.00009001
LTCUSDT,1655625600012,0.00008824
LTCUSDT,1655654400008,-0.00002643
LTCUSDT,1655683200016,0.0001
LTCUSDT,1655712000000,0.0001
LTCUSDT,1655740800013,0.0001
LTCUSDT,1655769600012,0.00003929
LTCUSDT,1655798400018,0.00008816
LTCUSDT,1655827200010,0.00006298
LTCUSDT,1655856000000,-0.00002166
LTCUSDT,1655884800001,0.0001
LTCUSDT,1655913600012,0.00007054
LTCUSDT,1655942400000,0.00006606
LTCUSDT,1655971200000,0.0001
LTCUSDT,1656000000016,0.00009552
LTCUSDT,1656028800005,0.0001
LTCUSDT,1656057600004,0.00002787
LTCUSDT,1656086400018,0.00004713
LTCUSDT,1656115200001,0.00000269
LTCUSDT,1656144000010,0.00006378
LTCUSDT,1656172800000,-0.00006934
LTCUSDT,1656201600002,0.0001
LTCUSDT,1656230400016,0.0001
LTCUSDT,1656259200006,-0.00000803
LTCUSDT,1656288000008,-0.00004959
LTCUSDT,1656316800000,-0.00000969
LTCUSDT,1656345600016,0.0000692
LTCUSDT,1656374400016,-0.00002318
LTCUSDT,1656403200001,-0.00006894
LTCUSDT,1656432000005,0.00000347
LTCUSDT,1656460800000,-0.00007321
LTCUSDT,1656489600013,0.00000299
LTCUSDT,1656518400000,0.00000555
LTCUSDT,1656547200000,-0.00003412
LTCUSDT,1656576000000,-0.00003104
LTCUSDT,1656604800000,-0.00008701
LTCUSDT,1656633600001,0.00000034
LTCUSDT,1656662400017,0.00007314
LTCUSDT,1656691200005,0.000049
LTCUSDT,1656720000000,0.00001166
LTCUSDT,1656748800000,0.00009836
LTCUSDT,1656777600008,0.00007593
LTCUSDT,1656806400015,0.00002533
LTCUSDT,1656835200004,0.00005744
LTCUSDT,1656864000005,0.0000511
LTCUSDT,1656892800021,0.0000561
LTCUSDT,1656921600001,0.00001323
LTCUSDT,1656950400000,0.00006376
LTCUSDT,1656979200000,0.00009577
LTCUSDT,1657008000000,0.0001
LTCUSDT,1657036800015,0.00008733
LTCUSDT,1657065600006,0.00005652
LTCUSDT,1657094400000,0.0001
LTCUSDT,1657123200000,0.0000885
LTCUSDT,1657152000010,0.0001
LTCUSDT,1657180800010,0.0001
LTCUSDT,1657209600011,0.0001
LTCUSDT,1657238400008,0.0001
LTCUSDT,1657267200009,0.0001
LTCUSDT,1657296000000,0.0001
LTCUSDT,1657324800000,0.0001
LTCUSDT,1657353600000,0.00009628
LTCUSDT,1657382400009,0.0001
LTCUSDT,1657411200001,0.0001
LTCUSDT,1657440000002,0.0001
LTCUSDT,1657468800001,0.0001
LTCUSDT,1657497600000,0.00006818
LTCUSDT,1657526400003,0.00007766
LTCUSDT,1657555200001,0.00005321
LTCUSDT,1657584000000,-0.00001472
LTCUSDT,1657612800021,-0.00003713
LTCUSDT,1657641600000,-0.00009659
LTCUSDT,1657670400012,-0.00007485
LTCUSDT,1657699200022,-0.00009035
LTCUSDT,1657728000005,-0.00009888
LTCUSDT,1657756800017,-0.0000039
LTCUSDT,1657785600001,0.00000076
LTCUSDT,1657814400000,0.00002523
LTCUSDT,1657843200004,0.00007097
LTCUSDT,1657872000019,0.0001
LTCUSDT,1657900800017,0.0001
LTCUSDT,1657929600021,0.0001
LTCUSDT,1657958400014,0.0001
LTCUSDT,1657987200005,0.0001
LTCUSDT,1658016000000,0.0001
LTCUSDT,1658044800003,0.0001
LTCUSDT,1658073600007,0.0001
LTCUSDT,1658102400001,0.0001
LTCUSDT,1658131200004,0.0001
LTCUSDT,1658160000019,0.0001
LTCUSDT,1658188800000,0.0001
LTCUSDT,1658217600000,0.0001
LTCUSDT,1658246400001,0.0001
LTCUSDT,1658275200004,0.0001
LTCUSDT,1658304000000,0.0001
LTCUSDT,1658332800003,0.0001
LTCUSDT,1658361600000,0.0001
LTCUSDT,1658390400018,0.0001
LTCUSDT,1658419200011,0.0001
LTCUSDT,1658448000014,0.0001
LTCUSDT,1658476800000,0.0001
LTCUSDT,1658505600000,0.0001
LTCUSDT,1658534400004,0.0001
LTCUSDT,1658563200002,0.00008997
LTCUSDT,1658592000001,-0.00000826
LTCUSDT,1658620800000,0.0001
LTCUSDT,1658649600011,0.0001
LTCUSDT,1658678400000,0.0001
LTCUSDT,1658707200000,0.0001
LTCUSDT,1658736000014,0.00004133
LTCUSDT,1658764800006,0.00006011
LTCUSDT,1658793600010,-0.00001402
LTCUSDT,1658822400000,-0.00003087
LTCUSDT,1658851200000,0.00000112
LTCUSDT,1658880000008,-0.00003923
LTCUSDT,1658908800000,0.00003766
LTCUSDT,1658937600003,0.00005662
LTCUSDT,1658966400009,0.0001
LTCUSDT,1658995200008,0.0001
LTCUSDT,1659024000013,0.0001
LTCUSDT,1659052800000,0.0001
LTCUSDT,1659081600000,0.0001
LTCUSDT,1659110400000,0.0001
LTCUSDT,1659139200005,0.0001
LTCUSDT,1659168000009,0.0001
LTCUSDT,1659196800000,0.0001
LTCUSDT,1659225600022,0.0001
LTCUSDT,1659254400011,0.0001
LTCUSDT,1659283200019,0.0001
LTCUSDT,1659312000010,0.0001
LTCUSDT,1659340800019,0.0001
LTCUSDT,1659369600017,0.0001
LTCUSDT,1659398400000,0.00003147
LTCUSDT,1659427200007,-0.00008875
LTCUSDT,1659456000014,0.00008449
LTCUSDT,1659484800001,0.00001702
LTCUSDT,1659513600020,0.0001
LTCUSDT,1659542400008,0.0001
LTCUSDT,1659571200001,0.00002795
LTCUSDT,1659600000009,0.00009266
LTCUSDT,1659628800015,0.00003983
LTCUSDT,1659657600005,0.00003723
LTCUSDT,1659686400000,0.0001
LTCUSDT,1659715200000,0.0001
LTCUSDT,1659744000021,0.0001
LTCUSDT,1659772800000,0.0001
LTCUSDT,1659801600015,0.0001
LTCUSDT,1659830400013,0.0001
LTCUSDT,1659859200000,0.0001
LTCUSDT,1659888000014,0.0001
LTCUSDT,1659916800009,0.0001
LTCUSDT,1659945600006,0.0001
LTCUSDT,1659974400000,0.0001
LTCUSDT,1660003200020,0.0001
LTCUSDT,1660032000000,0.0001
LTCUSDT,1660060800000,0.00000483
LTCUSDT,1660089600000,-0.00005734
LTCUSDT,1660118400016,-0.0000164
LTCUSDT,1660147200018,0.0001
LTCUSDT,1660176000012,0.0001
LTCUSDT,1660204800000,0.0001
LTCUSDT,1660233600000,0.0001
LTCUSDT,1660262400006,0.0001
LTCUSDT,1660291200000,0.0001
LTCUSDT,1660320000005,0.00005119
LTCUSDT,1660348800012,0.00009612
LTCUSDT,1660377600006,0.0001
LTCUSDT,1660406400018,0.0001
LTCUSDT,1660435200000,0.0001
LTCUSDT,1660464000000,0.0001
LTCUSDT,1660492800000,0.0001
LTCUSDT,1660521600010,0.00004568
LTCUSDT,1660550400002,0.00005886
LTCUSDT,1660579200010,0.00000111
LTCUSDT,1660608000010,0.00002457
LTCUSDT,1660636800002,0.0000997
LTCUSDT,1660665600000,-0.00002544
LTCUSDT,1660694400020,0.00004303
LTCUSDT,1660723200016,0.0001
LTCUSDT,1660752000001,0.00008825
LTCUSDT,1660780800005,0.00000089
LTCUSDT,1660809600012,0.00001441
LTCUSDT,1660838400013,0.00008198
LTCUSDT,1660867200000,0.00005022
LTCUSDT,1660896000000,-0.00003574
LTCUSDT,1660924800009,-0.00020603
LTCUSDT,1660953600000,-0.00019687
LTCUSDT,1660982400005,-0.00007994
LTCUSDT,1661011200000,0.00005575
LTCUSDT,1661040000010,0.00000225
LTCUSDT,1661068800013,-0.00005084
LTCUSDT,1661097600000,-0.00000682
LTCUSDT,1661126400011,-0.00009981
LTCUSDT,1661155200005,0.0001
LTCUSDT,1661184000005,-0.00004856
LTCUSDT,1661212800000,0.0001
LTCUSDT,1661241600021,0.0001
LTCUSDT,1661270400005,0.00005188
LTCUSDT,1661299200017,0.0001
LTCUSDT,1661328000021,0.00004357
LTCUSDT,1661356800000,0.00004027
LTCUSDT,1661385600003,0.00002667
LTCUSDT,1661414400000,0.00001674
LTCUSDT,1661443200004,0.00002368
LTCUSDT,1661472000001,0.00007875
LTCUSDT,1661500800004,-0.00000645
LTCUSDT,1661529600000,0.00004449
LTCUSDT,1661558400010,-0.00013227
LTCUSDT,1661587200007,-0.00002044
LTCUSDT,1661616000008,-0.00009266
LTCUSDT,1661644800019,-0.00001584
LTCUSDT,1661673600000,0.00008313
LTCUSDT,1661702400000,-0.00000649
LTCUSDT,1661731200000,-0.00003128
LTCUSDT,1661760000000,0.00002327
LTCUSDT,1661788800001,0.00003902
LTCUSDT,1661817600001,0.00003759
LTCUSDT,1661846400005,0.0001
LTCUSDT,1661875200010,0.00003318
LTCUSDT,1661904000000,-0.00002581
LTCUSDT,1661932800005,0.0001
LTCUSDT,1661961600013,0.00008931
LTCUSDT,1661990400012,0.00007614
LTCUSDT,1662019200000,0.00000521
LTCUSDT,1662048000013,0.0001
LTCUSDT,1662076800002,0.0001
LTCUSDT,1662105600013,-0.00002546
LTCUSDT,1662134400000,-0.00003366
LTCUSDT,1662163200000,0.00008199
LTCUSDT,1662192000002,-0.0000005
LTCUSDT,1662220800007,0.00008429
LTCUSDT,1662249600008,0.00006187
LTCUSDT,1662278400009,-0.00005988
LTCUSDT,1662307200000,0.00004016
LTCUSDT,1662336000015,0.00003515
LTCUSDT,1662364800013,-0.00000287
LTCUSDT,1662393600007,0.00009862
LTCUSDT,1662422400018,0.00005798
LTCUSDT,1662451200020,0.00001988
LTCUSDT,1662480000028,-0.00004209
LTCUSDT,1662508800013,-0.00009521
LTCUSDT,1662537600022,-0.00009874
LTCUSDT,1662566400021,-0.0001283
LTCUSDT,1662595200010,-0.00006389
LTCUSDT,1662624000000,-0.00012898
LTCUSDT,1662652800003,-0.0000246
LTCUSDT,1662681600011,-0.00004332
LTCUSDT,1662710400000,0.0001
LTCUSDT,1662739200000,0.0001
LTCUSDT,1662768000003,0.0001
LTCUSDT,1662796800000,0.0001
LTCUSDT,1662825600012,0.0001
LTCUSDT,1662854400009,0.0001
LTCUSDT,1662883200012,0.00007105
LTCUSDT,1662912000005,0.0001
LTCUSDT,1662940800007,0.00008321
LTCUSDT,1662969600013,0.00002635
LTCUSDT,1662998400000,0.00003962
LTCUSDT,1663027200004,0.00005199
LTCUSDT,1663056000000,0.0000768
LTCUSDT,1663084800000,0.0001
LTCUSDT,1663113600000,-0.00006058
LTCUSDT,1663142400000,-0.00007945
LTCUSDT,1663171200000,0.00001394
LTCUSDT,1663200000019,0.00006762
LTCUSDT,1663228800012,-0.0000523
LTCUSDT,1663257600007,0.00001707
LTCUSDT,1663286400000,0.00002156
LTCUSDT,1663315200000,0.0000683
LTCUSDT,1663344000000,0.0000112
LTCUSDT,1663372800000,0.00004433
LTCUSDT,1663401600012,-0.00007138
LTCUSDT,1663430400017,-0.00013654
LTCUSDT,1663459200000,0.00008051
LTCUSDT,1663488000004,0.00004395
LTCUSDT,1663516800000,-0.00008131
LTCUSDT,1663545600018,-0.00010462
LTCUSDT,1663574400006,-0.00008
LTCUSDT,1663603200010,-0.00005396
LTCUSDT,1663632000007,-0.00009678
LTCUSDT,1663660800001,-0.00001783
LTCUSDT,1663689600000,-0.00000156
LTCUSDT,1663718400001,0.00000597
LTCUSDT,1663747200005,-0.00002296
LTCUSDT,1663776000000,0.0000117
LTCUSDT,1663804800000,-0.00013511
LTCUSDT,1663833600000,-0.00009672
LTCUSDT,1663862400011,0.0000814
LTCUSDT,1663891200023,0.00007757
LTCUSDT,1663920000004,0.0001
LTCUSDT,1663948800005,-0.00007265
LTCUSDT,1663977600000,0.0001
LTCUSDT,1664006400005,0.0001
LTCUSDT,1664035200000,0.0001
LTCUSDT,1664064000010,0.0001
LTCUSDT,1664092800000,0.0001
LTCUSDT,1664121600003,0.00003184
LTCUSDT,1664150400001,0.00005414
LTCUSDT,1664179200006,0.00000983
LTCUSDT,1664208000000,0.00002646
LTCUSDT,1664236800026,0.00002222
LTCUSDT,1664265600004,0.0001
LTCUSDT,1664294400006,0.0001
LTCUSDT,1664323200011,-0.00012505
LTCUSDT,1664352000000,-0.00004391
LTCUSDT,1664380800000,-0.00000831
LTCUSDT,1664409600010,0.00006959
LTCUSDT,1664438400000,0.0001
LTCUSDT,1664467200000,0.00008529
LTCUSDT,1664496000006,0.0001
LTCUSDT,1664524800002,0.0001
LTCUSDT,1664553600007,0.0001
LTCUSDT,1664582400008,0.00003337
LTCUSDT,1664611200011,-0.00001176
LTCUSDT,1664640000000,0.00002761
LTCUSDT,1664668800000,-0.00003777
LTCUSDT,1664697600000,0.00006495
LTCUSDT,1664726400006,-0.00005271
LTCUSDT,1664755200000,-0.00000771
LTCUSDT,1664784000014,0.00007663
LTCUSDT,1664812800010,0.0001
LTCUSDT,1664841600006,0.0001
LTCUSDT,1664870400004,0.00006649
LTCUSDT,1664899200013,0.0000748
LTCUSDT,1664928000000,0.00005357
LTCUSDT,1664956800000,0.00006529
LTCUSDT,1664985600012,0.00000196
LTCUSDT,1665014400008,0.00005316
LTCUSDT,1665043200002,0.0001
LTCUSDT,1665072000006,0.00001659
LTCUSDT,1665100800000,-0.00000235
LTCUSDT,1665129600000,0.00003077
LTCUSDT,1665158400007,0.00001373
LTCUSDT,1665187200010,0.00001541
LTCUSDT,1665216000004,0.00005703
LTCUSDT,1665244800018,0.0001
LTCUSDT,1665273600000,0.00007835
LTCUSDT,1665302400007,0.0000366
LTCUSDT,1665331200011,0.0001
LTCUSDT,1665360000018,0.0001
LTCUSDT,1665388800000,0.0001
LTCUSDT,1665417600026,0.00000992
LTCUSDT,1665446400020,0.00007032
LTCUSDT,1665475200027,-0.00000162
LTCUSDT,1665504000000,0.00004404
LTCUSDT,1665532800014,0.00008025
LTCUSDT,1665561600000,0.00005198
LTCUSDT,1665590400000,0.00009863
LTCUSDT,1665619200013,0.00007608
LTCUSDT,1665648000016,0.0000441
LTCUSDT,1665676800009,-0.00003113
LTCUSDT,1665705600020,0.00004529
LTCUSDT,1665734400000,0.0001
LTCUSDT,1665763200009,0.00005907
LTCUSDT,1665792000001,-0.00004108
LTCUSDT,1665820800005,-0.0001052
LTCUSDT,1665849600004,-0.00000904
LTCUSDT,1665878400012,0.00001189
LTCUSDT,1665907200000,-0.00000106
LTCUSDT,1665936000010,-0.00008184
LTCUSDT,1665964800012,-0.00003892
LTCUSDT,1665993600010,0.00006717
LTCUSDT,1666022400017,0.0001
LTCUSDT,1666051200010,0.00007237
LTCUSDT,1666080000008,0.00006592
LTCUSDT,1666108800000,0.00007533
LTCUSDT,1666137600007,0.0000134
LTCUSDT,1666166400022,0.0001
LTCUSDT,1666195200016,0.0000455
LTCUSDT,1666224000000,-0.00001437
LTCUSDT,1666252800013,0.00007983
LTCUSDT,1666281600000,0.00004706
LTCUSDT,1666310400005,0.00008441
LTCUSDT,1666339200018,0.00002629
LTCUSDT,1666368000000,-0.00002947
LTCUSDT,1666396800000,0.00007175
LTCUSDT,1666425600015,0.00003607
LTCUSDT,1666454400000,0.00005679
LTCUSDT,1666483200025,0.00006579
LTCUSDT,1666512000000,0.00007958
LTCUSDT,1666540800004,0.0001
LTCUSDT,1666569600009,0.0001
LTCUSDT,1666598400012,0.0001
LTCUSDT,1666627200002,0.00005212
LTCUSDT,1666656000013,0.00003778
LTCUSDT,1666684800013,0.0001
LTCUSDT,1666713600000,0.00003266
LTCUSDT,1666742400006,0.0001
LTCUSDT,1666771200013,0.0001
LTCUSDT,1666800000000,0.00008819
LTCUSDT,1666828800009,0.0000395
LTCUSDT,1666857600006,0.0001
LTCUSDT,1666886400009,0.00009194
LTCUSDT,1666915200000,0.00004359
LTCUSDT,1666944000000,0.00006725
LTCUSDT,1666972800007,0.00001188
LTCUSDT,1667001600000,0.00008779
LTCUSDT,1667030400003,0.00006943
LTCUSDT,1667059200010,0.0001
LTCUSDT,1667088000000,0.00009454
LTCUSDT,1667116800013,0.0001
LTCUSDT,1667145600009,0.0001
LTCUSDT,1667174400012,0.00007181
LTCUSDT,1667203200000,0.0001
LTCUSDT,1667232000010,0.00006529
LTCUSDT,1667260800000,0.00007563
LTCUSDT,1667289600000,0.0001
LTCUSDT,1667318400000,0.00007209
LTCUSDT,1667347200000,0.00008323
LTCUSDT,1667376000000,0.00002141
LTCUSDT,1667404800019,0.00004726
LTCUSDT,1667433600011,0.00000313
LTCUSDT,1667462400016,0.00009361
LTCUSDT,1667491200005,0.0001
LTCUSDT,1667520000000,0.00007379
LTCUSDT,1667548800004,0.00008161
LTCUSDT,1667577600020,0.0001
LTCUSDT,1667606400009,0.00008356
LTCUSDT,1667635200007,0.00008944
LTCUSDT,1667664000018,0.0001
LTCUSDT,1667692800009,0.00007052
LTCUSDT,1667721600000,-0.00000046
LTCUSDT,1667750400010,-0.00002142
LTCUSDT,1667779200012,0.00002714
LTCUSDT,1667808000014,0.0001
LTCUSDT,1667836800006,0.0001
LTCUSDT,1667865600000,0.00006039
LTCUSDT,1667894400001,-0.0000207
LTCUSDT,1667923200005,0.0000697
LTCUSDT,1667952000000,-0.00020103
LTCUSDT,1667980800013,0.0001
LTCUSDT,1668009600004,-0.00001891
LTCUSDT,1668038400006,-0.00029964
LTCUSDT,1668067200000,-0.00003839
LTCUSDT,1668096000015,0.0001
LTCUSDT,1668124800000,0.0001
LTCUSDT,1668153600015,0.0001
LTCUSDT,1668182400027,0.0001
LTCUSDT,1668211200007,0.0001
LTCUSDT,1668240000016,0.0001
LTCUSDT,1668268800000,0.0001
LTCUSDT,1668297600004,0.0001
LTCUSDT,1668326400000,0.00009461
LTCUSDT,1668355200017,0.00008858
LTCUSDT,1668384000000,0.0001
LTCUSDT,1668412800000,0.00003581
LTCUSDT,1668441600000,0.0001
LTCUSDT,1668470400014,0.00003781
LTCUSDT,1668499200009,0.00009925
LTCUSDT,1668528000010,0.00008647
LTCUSDT,1668556800011,0.00005423
LTCUSDT,1668585600004,0.00006324
LTCUSDT,1668614400008,-0.00000393
LTCUSDT,1668643200000,-0.00001841
LTCUSDT,1668672000000,0.00001845
LTCUSDT,1668700800006,0.00008795
LTCUSDT,1668729600004,0.00004335
LTCUSDT,1668758400016,0.00009173
LTCUSDT,1668787200000,0.0001
LTCUSDT,1668816000000,0.0001
LTCUSDT,1668844800004,0.00008075
LTCUSDT,1668873600024,-0.00003663
LTCUSDT,1668902400015,-0.00002431
LTCUSDT,1668931200004,-0.00004868
LTCUSDT,1668960000000,0.00000468
LTCUSDT,1668988800006,0.00006931
LTCUSDT,1669017600015,0.00004887
LTCUSDT,1669046400000,0.00001904
LTCUSDT,1669075200000,0.00006098
LTCUSDT,1669104000000,0.0001
LTCUSDT,1669132800000,0.0001
LTCUSDT,1669161600000,0.0001
LTCUSDT,1669190400011,0.0001
LTCUSDT,1669219200014,0.0001
LTCUSDT,1669248000007,0.0001
LTCUSDT,1669276800014,0.0001
LTCUSDT,1669305600013,0.0001
LTCUSDT,1669334400004,0.0001
LTCUSDT,1669363200015,0.00009662
LTCUSDT,1669392000000,0.0001
LTCUSDT,1669420800011,0.0001
LTCUSDT,1669449600000,0.00008417
LTCUSDT,1669478400000,0.0001
LTCUSDT,1669507200012,0.0000285
LTCUSDT,1669536000000,0.0000188
LTCUSDT,1669564800003,0.00001578
LTCUSDT,1669593600015,-0.00002425
LTCUSDT,1669622400004,0.00004672
LTCUSDT,1669651200011,0.00006505
LTCUSDT,1669680000000,0.00009117
LTCUSDT,1669708800015,0.00008004
LTCUSDT,1669737600000,0.00006157
LTCUSDT,1669766400007,0.00004038
LTCUSDT,1669795200000,0.00003059
LTCUSDT,1669824000015,0.0000826
LTCUSDT,1669852800001,0.00001781
LTCUSDT,1669881600006,0.00003874
LTCUSDT,1669910400000,0.00003105
LTCUSDT,1669939200001,0.0001
LTCUSDT,1669968000016,0.00003528
LTCUSDT,1669996800017,0.00001831
LTCUSDT,1670025600006,0.00004006
LTCUSDT,1670054400000,-0.00000236
LTCUSDT,1670083200011,0.0000005
LTCUSDT,1670112000006,-0.00000555
LTCUSDT,1670140800000,0.00002144
LTCUSDT,1670169600006,0.00003636
LTCUSDT,1670198400002,0.00003729
LTCUSDT,1670227200011,0.00007612
LTCUSDT,1670256000008,0.00007444
LTCUSDT,1670284800014,0.00003595
LTCUSDT,1670313600027,0.00008262
LTCUSDT,1670342400009,0.00006232
LTCUSDT,1670371200000,0.00001471
LTCUSDT,1670400000000,0.00002382
LTCUSDT,1670428800000,-0.0000074
LTCUSDT,1670457600006,0.00000333
LTCUSDT,1670486400000,-0.00001922
LTCUSDT,1670515200014,0.00000473
LTCUSDT,1670544000017,0.00002443
LTCUSDT,1670572800005,0.00005632
LTCUSDT,1670601600000,0.00003524
LTCUSDT,1670630400009,0.00006899
LTCUSDT,1670659200010,0.00006565
LTCUSDT,1670688000001,0.00003838
LTCUSDT,1670716800011,0.00004866
LTCUSDT,1670745600007,0.00005839
LTCUSDT,1670774400011,0.00001031
LTCUSDT,1670803200000,0.00006124
LTCUSDT,1670832000004,0.00002996
LTCUSDT,1670860800000,0.00001664
LTCUSDT,1670889600000,-0.00000062
LTCUSDT,1670918400018,0.00009004
LTCUSDT,1670947200011,0.0001
LTCUSDT,1670976000010,0.0001
LTCUSDT,1671004800015,0.0001
LTCUSDT,1671033600004,0.0001
LTCUSDT,1671062400000,0.0001
LTCUSDT,1671091200023,0.0001
LTCUSDT,1671120000010,0.0001
LTCUSDT,1671148800016,0.00008027
LTCUSDT,1671177600011,0.00007794
LTCUSDT,1671206400001,0.00007141
LTCUSDT,1671235200001,-0.00002998
LTCUSDT,1671264000011,0.00000174
LTCUSDT,1671292800011,0.00003421
LTCUSDT,1671321600008,-0.00011322
LTCUSDT,1671350400001,-0.00007574
LTCUSDT,1671379200012,0.0001
LTCUSDT,1671408000000,0.00003021
LTCUSDT,1671436800000,0.00008644
LTCUSDT,1671465600000,0.0001
LTCUSDT,1671494400005,0.00006359
LTCUSDT,1671523200016,0.00008685
LTCUSDT,1671552000000,0.00008975
LTCUSDT,1671580800007,-0.00007212
LTCUSDT,1671609600012,-0.00001198
LTCUSDT,1671638400017,0.00001995
LTCUSDT,1671667200004,0.00005512
LTCUSDT,1671696000000,-0.000052
LTCUSDT,1671724800001,-0.00001998
LTCUSDT,1671753600018,0.00001936
LTCUSDT,1671782400000,0.00007221
LTCUSDT,1671811200000,0.00008162
LTCUSDT,1671840000001,0.0001
LTCUSDT,1671868800007,-0.00000587
LTCUSDT,1671897600008,0.00001822
LTCUSDT,1671926400000,-0.00003914
LTCUSDT,1671955200013,0.00007186
LTCUSDT,1671984000000,0.00001311
LTCUSDT,1672012800001,-0.00008802
LTCUSDT,1672041600000,0.00002079
LTCUSDT,1672070400005,-0.00006537
LTCUSDT,1672099200005,0.00004181
LTCUSDT,1672128000010,0.00003136
LTCUSDT,1672156800006,0.0001
LTCUSDT,1672185600010,0.00000138
LTCUSDT,1672214400010,0.0001
LTCUSDT,1672243200010,0.0001
LTCUSDT,1672272000011,0.00001424
LTCUSDT,1672300800000,0.00008719
LTCUSDT,1672329600008,-0.0000451
LTCUSDT,1672358400000,0.0001
LTCUSDT,1672387200000,0.00009122
LTCUSDT,1672416000000,0.00000386
LTCUSDT,1672444800014,-0.00003616
LTCUSDT,1672473600000,0.00003167
LTCUSDT,1672502400000,0.0001
LTCUSDT,1672531200000,0.00007413
LTCUSDT,1672560000008,0.0001
LTCUSDT,1672588800000,-0.00001686
LTCUSDT,1672617600000,-0.00020637
LTCUSDT,1672646400008,-0.00003778
LTCUSDT,1672675200015,0.00002398
LTCUSDT,1672704000003,0.00005285
LTCUSDT,1672732800018,0.00003001
LTCUSDT,1672761600000,0.0001
LTCUSDT,1672790400000,0.0001
LTCUSDT,1672819200016,0.0001
LTCUSDT,1672848000011,0.00006439
LTCUSDT,1672876800009,0.00006098
LTCUSDT,1672905600011,0.0001
LTCUSDT,1672934400000,0.0001
LTCUSDT,1672963200005,0.0001
LTCUSDT,1672992000001,0.0001
LTCUSDT,1673020800000,0.0001
LTCUSDT,1673049600006,-0.00003285
LTCUSDT,1673078400017,0.00009156
LTCUSDT,1673107200000,0.0001
LTCUSDT,1673136000015,0.00003663
LTCUSDT,1673164800000,0.0001
LTCUSDT,1673193600010,0.0001
LTCUSDT,1673222400003,0.0001
LTCUSDT,1673251200000,0.0001
LTCUSDT,1673280000006,0.0001
LTCUSDT,1673308800003,0.0001
LTCUSDT,1673337600021,0.0001
LTCUSDT,1673366400000,0.0001
LTCUSDT,1673395200011,0.0001
LTCUSDT,1673424000006,0.0001
LTCUSDT,1673452800004,0.0001
LTCUSDT,1673481600000,0.0001
LTCUSDT,1673510400000,0.0001
LTCUSDT,1673539200000,0.0001
LTCUSDT,1673568000004,0.0001
LTCUSDT,1673596800000,0.0001
LTCUSDT,1673625600018,0.0001
LTCUSDT,1673654400000,0.0001
LTCUSDT,1673683200001,0.00023834
LTCUSDT,1673712000000,0.0001
LTCUSDT,1673740800010,0.0001
LTCUSDT,1673769600002,0.0001
LTCUSDT,1673798400000,0.0001
LTCUSDT,1673827200010,0.0001
LTCUSDT,1673856000007,0.0001
LTCUSDT,1673884800000,0.0001
LTCUSDT,1673913600004,0.0001
LTCUSDT,1673942400005,0.0001
LTCUSDT,1673971200001,0.0001
LTCUSDT,1674000000008,0.0001
LTCUSDT,1674028800009,0.0001
LTCUSDT,1674057600017,0.0001
LTCUSDT,1674086400000,0.0001
LTCUSDT,1674115200015,0.0001
LTCUSDT,1674144000012,0.0001
LTCUSDT,1674172800000,0.0001
LTCUSDT,1674201600000,0.0001
LTCUSDT,1674230400000,0.0001
LTCUSDT,1674259200013,0.0001
LTCUSDT,1674288000001,0.00013743
LTCUSDT,1674316800016,0.0001
LTCUSDT,1674345600000,0.0001
LTCUSDT,1674374400000,0.0001
LTCUSDT,1674403200023,0.0001
LTCUSDT,1674432000014,0.0001
LTCUSDT,1674460800014,0.0001
LTCUSDT,1674489600016,0.0001
LTCUSDT,1674518400008,0.0001
LTCUSDT,1674547200008,0.0001
LTCUSDT,1674576000000,0.0001
LTCUSDT,1674604800012,0.0001
LTCUSDT,1674633600000,0.0001
LTCUSDT,1674662400010,0.0001
LTCUSDT,1674691200010,0.0001
LTCUSDT,1674720000003,0.0001
LTCUSDT,1674748800020,0.0001
LTCUSDT,1674777600008,0.0001
LTCUSDT,1674806400000,0.0001
LTCUSDT,1674835200000,0.0001
LTCUSDT,1674864000009,0.0001
LTCUSDT,1674892800018,0.0001
LTCUSDT,1674921600005,0.0001
LTCUSDT,1674950400011,0.0001
LTCUSDT,1674979200000,0.0001
LTCUSDT,1675008000008,0.00010462
LTCUSDT,1675036800001,0.00012
LTCUSDT,1675065600000,0.0001
LTCUSDT,1675094400000,0.0001
LTCUSDT,1675123200005,0.0001
LTCUSDT,1675152000000,0.0001
LTCUSDT,1675180800007,0.0001
LTCUSDT,1675209600013,0.0001
LTCUSDT,1675238400000,0.0001
LTCUSDT,1675267200012,0.0001
LTCUSDT,1675296000004,0.0001
LTCUSDT,1675324800023,0.0001
LTCUSDT,1675353600003,0.00011211
LTCUSDT,1675382400010,0.0001
LTCUSDT,1675411200000,0.0001
LTCUSDT,1675440000000,0.0001
LTCUSDT,1675468800010,0.0001
LTCUSDT,1675497600000,0.0001
LTCUSDT,1675526400000,0.0001
LTCUSDT,1675555200016,0.0001
LTCUSDT,1675584000009,0.0001
LTCUSDT,1675612800018,0.0001
LTCUSDT,1675641600001,0.0001
LTCUSDT,1675670400000,0.0001
LTCUSDT,1675699200012,0.0001
LTCUSDT,1675728000004,0.0001
LTCUSDT,1675756800011,0.0001
LTCUSDT,1675785600018,0.0001
LTCUSDT,1675814400009,0.0001
LTCUSDT,1675843200010,0.0001
LTCUSDT,1675872000000,0.0001
LTCUSDT,1675900800014,0.0001
LTCUSDT,1675929600006,0.0001
LTCUSDT,1675958400001,0.0001
LTCUSDT,1675987200012,0.0001
LTCUSDT,1676016000005,0.00008439
LTCUSDT,1676044800020,0.0001
LTCUSDT,1676073600007,0.0001
LTCUSDT,1676102400002,0.0000967
LTCUSDT,1676131200021,0.00008039
LTCUSDT,1676160000004,0.00005924
LTCUSDT,1676188800000,0.00006509
LTCUSDT,1676217600002,0.00005262
LTCUSDT,1676246400006,-0.00001006
LTCUSDT,1676275200008,0.0001
LTCUSDT,1676304000002,0.0001
LTCUSDT,1676332800013,0.0001
LTCUSDT,1676361600014,0.00005379
LTCUSDT,1676390400016,0.0000589
LTCUSDT,1676419200011,0.0001
LTCUSDT,1676448000000,0.00002997
LTCUSDT,1676476800005,0.0001
LTCUSDT,1676505600019,0.0001
LTCUSDT,1676534400000,0.0001
LTCUSDT,1676563200001,0.0001
LTCUSDT,1676592000003,0.0001
LTCUSDT,1676620800016,0.0001
LTCUSDT,1676649600000,0.0001
LTCUSDT,1676678400011,0.0001
LTCUSDT,1676707200000,0.0001
LTCUSDT,1676736000007,0.0001
LTCUSDT,1676764800019,0.0001
LTCUSDT,1676793600005,0.0001
LTCUSDT,1676822400003,0.0001
LTCUSDT,1676851200006,0.0001
LTCUSDT,1676880000008,0.0001
LTCUSDT,1676908800006,0.0001
LTCUSDT,1676937600001,0.0001
LTCUSDT,1676966400004,0.0001
LTCUSDT,1676995200011,0.0001
LTCUSDT,1677024000009,0.0001
LTCUSDT,1677052800010,0.0001
LTCUSDT,1677081600000,0.0001
LTCUSDT,1677110400006,0.0001
LTCUSDT,1677139200005,0.0001
LTCUSDT,1677168000002,0.0001
LTCUSDT,1677196800015,0.0001
LTCUSDT,1677225600011,0.0001
LTCUSDT,1677254400014,0.0001
LTCUSDT,1677283200015,0.0001
LTCUSDT,1677312000015,0.0001
LTCUSDT,1677340800015,0.0001
LTCUSDT,1677369600007,0.0001
LTCUSDT,1677398400012,0.0001
LTCUSDT,1677427200000,0.0001
LTCUSDT,1677456000011,0.0001
LTCUSDT,1677484800003,0.0001
LTCUSDT,1677513600000,0.0001
LTCUSDT,1677542400011,0.00009311
LTCUSDT,1677571200018,0.0001
LTCUSDT,1677600000005,0.0001
LTCUSDT,1677628800016,0.0001
LTCUSDT,1677657600000,0.0001
LTCUSDT,1677686400008,0.0001
LTCUSDT,1677715200009,0.0001
LTCUSDT,1677744000013,0.0001
LTCUSDT,1677772800000,0.0001
LTCUSDT,1677801600000,0.0001
LTCUSDT,1677830400013,-0.00000412
LTCUSDT,1677859200000,0.00006098
LTCUSDT,1677888000001,0.00007029
LTCUSDT,1677916800008,0.00006238
LTCUSDT,1677945600012,0.00006888
LTCUSDT,1677974400000,0.00001585
LTCUSDT,1678003200000,0.00006557
LTCUSDT,1678032000015,0.0000949
LTCUSDT,1678060800007,0.0001
LTCUSDT,1678089600017,0.0001
LTCUSDT,1678118400000,0.00000378
LTCUSDT,1678147200009,0.00006999
LTCUSDT,1678176000016,0.00007311
LTCUSDT,1678204800017,0.00003253
LTCUSDT,1678233600000,0.00009687
LTCUSDT,1678262400014,0.0000977
LTCUSDT,1678291200021,0.00005771
LTCUSDT,1678320000010,0.00007494
LTCUSDT,1678348800013,0.0001
LTCUSDT,1678377600002,0.0001
LTCUSDT,1678406400000,-0.00002076
LTCUSDT,1678435200000,0.0001
LTCUSDT,1678464000005,-0.00003844
LTCUSDT,1678492800011,-0.00003884
LTCUSDT,1678521600003,0.00004966
LTCUSDT,1678550400011,-0.00000306
LTCUSDT,1678579200001,0.0001
LTCUSDT,1678608000000,0.0001
LTCUSDT,1678636800005,-0.00019737
LTCUSDT,1678665600010,-0.00015686
LTCUSDT,1678694400018,0.0001
LTCUSDT,1678723200003,0.00004129
LTCUSDT,1678752000010,0.0001
LTCUSDT,1678780800009,0.00005448
LTCUSDT,1678809600010,0.0001
LTCUSDT,1678838400011,0.0001
LTCUSDT,1678867200000,0.0001
LTCUSDT,1678896000012,0.0001
LTCUSDT,1678924800004,0.0001
LTCUSDT,1678953600018,0.0001
LTCUSDT,1678982400005,0.0001
LTCUSDT,1679011200017,0.0001
LTCUSDT,1679040000010,0.00003476
LTCUSDT,1679068800003,0.0001
LTCUSDT,1679097600012,0.0001
LTCUSDT,1679126400000,0.0001
LTCUSDT,1679155200016,0.0001
LTCUSDT,1679184000013,0.0001
LTCUSDT,1679212800024,0.0001
LTCUSDT,1679241600000,0.0001
LTCUSDT,1679270400005,0.0001
LTCUSDT,1679299200012,0.0001
LTCUSDT,1679328000015,0.0001
LTCUSDT,1679356800006,0.00001483
LTCUSDT,1679385600004,-0.00000377
LTCUSDT,1679414400003,0.0001
LTCUSDT,1679443200000,0.0001
LTCUSDT,1679472000003,0.0001
LTCUSDT,1679500800000,0.0001
LTCUSDT,1679529600016,0.0001
LTCUSDT,1679558400001,0.0001
LTCUSDT,1679587200013,0.0001
LTCUSDT,1679616000013,0.0001
LTCUSDT,1679644800012,0.0001
LTCUSDT,1679673600027,0.0001
LTCUSDT,1679702400015,0.0001
LTCUSDT,1679731200011,0.0001
LTCUSDT,1679760000011,0.0001
LTCUSDT,1679788800000,0.00007855
LTCUSDT,1679817600015,0.00008506
LTCUSDT,1679846400000,0.00006958
LTCUSDT,1679875200019,0.00003884
LTCUSDT,1679904000009,0.0000621
LTCUSDT,1679932800000,0.0000907
LTCUSDT,1679961600007,-0.00002074
LTCUSDT,1679990400000,-0.00000732
LTCUSDT,1680019200013,0.00000138
LTCUSDT,1680048000010,-0.00002429
LTCUSDT,1680076800006,0.00002877
LTCUSDT,1680105600014,0.0001
LTCUSDT,1680134400000,0.0001
LTCUSDT,1680163200000,0.0000617
LTCUSDT,1680192000006,-0.00004794
LTCUSDT,1680220800003,-0.00004227
LTCUSDT,1680249600006,0.00002031
LTCUSDT,1680278400011,0.00004215
LTCUSDT,1680307200000,0.00006887
LTCUSDT,1680336000000,0.0001
LTCUSDT,1680364800018,0.0001
LTCUSDT,1680393600013,0.0001
LTCUSDT,1680422400014,0.0001
LTCUSDT,1680451200001,0.0001
LTCUSDT,1680480000000,0.00008463
LTCUSDT,1680508800013,0.00008651
LTCUSDT,1680537600011,0.00007662
LTCUSDT,1680566400002,0.0001
LTCUSDT,1680595200017,0.0001
LTCUSDT,1680624000008,0.0001
LTCUSDT,1680652800000,0.0001
LTCUSDT,1680681600016,0.0001
LTCUSDT,1680710400004,0.0001
LTCUSDT,1680739200000,0.00000027
LTCUSDT,1680768000011,0.00008934
LTCUSDT,1680796800000,-0.00001499
LTCUSDT,1680825600006,0.0000068
LTCUSDT,1680854400005,0.0000134
LTCUSDT,1680883200000,0.00008014
LTCUSDT,1680912000000,0.0001
LTCUSDT,1680940800014,0.0001
LTCUSDT,1680969600018,0.00008959
LTCUSDT,1680998400013,0.0001
LTCUSDT,1681027200024,0.00008541
LTCUSDT,1681056000010,0.0001
LTCUSDT,1681084800000,0.0001
LTCUSDT,1681113600010,0.0001
LTCUSDT,1681142400006,0.00005712
LTCUSDT,1681171200008,0.0001
LTCUSDT,1681200000007,0.0001
LTCUSDT,1681228800016,0.0001
LTCUSDT,1681257600006,0.0001
LTCUSDT,1681286400008,0.00002081
LTCUSDT,1681315200014,0.00008236
LTCUSDT,1681344000027,0.00006047
LTCUSDT,1681372800010,0.00007689
LTCUSDT,1681401600000,0.0001
LTCUSDT,1681430400001,0.0001
LTCUSDT,1681459200008,0.0001
LTCUSDT,1681488000007,0.0001
LTCUSDT,1681516800007,0.0001
LTCUSDT,1681545600007,0.0001
LTCUSDT,1681574400011,0.0001
LTCUSDT,1681603200014,0.0001
LTCUSDT,1681632000007,0.0001
LTCUSDT,1681660800002,0.0001
LTCUSDT,1681689600017,0.0002706
LTCUSDT,1681718400006,0.0001
LTCUSDT,1681747200000,0.0001
LTCUSDT,1681776000013,0.0001
LTCUSDT,1681804800017,0.0001
LTCUSDT,1681833600000,0.0001
LTCUSDT,1681862400022,0.0001
LTCUSDT,1681891200014,0.0001
LTCUSDT,1681920000000,0.0001
LTCUSDT,1681948800010,0.0001
LTCUSDT,1681977600012,0.00003948
LTCUSDT,1682006400012,0.0001
LTCUSDT,1682035200009,0.00002721
LTCUSDT,1682064000009,0.0001
LTCUSDT,1682092800003,0.00004007
LTCUSDT,1682121600000,0.00003216
LTCUSDT,1682150400000,-0.00003475
LTCUSDT,1682179200016,0.00002207
LTCUSDT,1682208000009,-0.00000081
LTCUSDT,1682236800020,0.00006907
LTCUSDT,1682265600007,0.00007276
LTCUSDT,1682294400000,0.00007577
LTCUSDT,1682323200008,0.0001
LTCUSDT,1682352000006,0.0001
LTCUSDT,1682380800014,0.00008434
LTCUSDT,1682409600009,0.00006474
LTCUSDT,1682438400015,0.00007405
LTCUSDT,1682467200015,0.0001
LTCUSDT,1682496000013,-0.00002085
LTCUSDT,1682524800001,0.0000824
LTCUSDT,1682553600014,0.00000576
LTCUSDT,1682582400008,0.00005009
LTCUSDT,1682611200005,0.00005846
LTCUSDT,1682640000011,0.0001
LTCUSDT,1682668800007,0.00007493
LTCUSDT,1682697600006,0.0001
LTCUSDT,1682726400004,0.0001
LTCUSDT,1682755200016,0.0001
LTCUSDT,1682784000001,0.0001
LTCUSDT,1682812800008,0.0001
LTCUSDT,1682841600000,0.00005043
LTCUSDT,1682870400010,0.00008105
LTCUSDT,1682899200004,-0.00007847
LTCUSDT,1682928000008,0.00005403
LTCUSDT,1682956800014,0.00008313
LTCUSDT,1682985600015,0.0001
LTCUSDT,1683014400018,0.00007974
LTCUSDT,1683043200000,0.00009045
LTCUSDT,1683072000009,0.00006355
LTCUSDT,1683100800003,0.00007908
LTCUSDT,1683129600011,-0.00002036
LTCUSDT,1683158400000,0.0001
LTCUSDT,1683187200000,0.0001
LTCUSDT,1683216000011,0.0001
LTCUSDT,1683244800002,0.00008685
LTCUSDT,1683273600000,0.0001
LTCUSDT,1683302400000,0.00007275
LTCUSDT,1683331200009,0.0001
LTCUSDT,1683360000000,0.00005772
LTCUSDT,1683388800000,0.00004804
LTCUSDT,1683417600000,0.00001603
LTCUSDT,1683446400000,0.00002019
LTCUSDT,1683475200006,0.00002095
LTCUSDT,1683504000000,0.00007854
LTCUSDT,1683532800007,0.00007532
LTCUSDT,1683561600015,0.00009075
LTCUSDT,1683590400015,-0.00005678
LTCUSDT,1683619200000,0.00005444
LTCUSDT,1683648000000,0.00005115
LTCUSDT,1683676800007,0.00003554
LTCUSDT,1683705600003,0.00006205
LTCUSDT,1683734400000,0.00002271
LTCUSDT,1683763200011,0.00007267
LTCUSDT,1683792000000,0.00005746
LTCUSDT,1683820800005,0.00008499
LTCUSDT,1683849600020,0.0001
LTCUSDT,1683878400001,0.0001
LTCUSDT,1683907200010,0.0000372
LTCUSDT,1683936000000,0.00007806
LTCUSDT,1683964800000,0.0001
LTCUSDT,1683993600026,0.00004837
LTCUSDT,1684022400029,0.00005997
LTCUSDT,1684051200010,0.0001
LTCUSDT,1684080000008,0.00004315
LTCUSDT,1684108800006,-0.00000682
LTCUSDT,1684137600005,0.00005447
LTCUSDT,1684166400008,0.00003208
LTCUSDT,1684195200021,0.0000359
LTCUSDT,1684224000000,0.00006145
LTCUSDT,1684252800000,0.000051
LTCUSDT,1684281600010,0.00000462
LTCUSDT,1684310400000,0.0001
LTCUSDT,1684339200001,0.0001
LTCUSDT,1684368000000,0.00002939
LTCUSDT,1684396800026,0.00009879
LTCUSDT,1684425600019,0.0001
LTCUSDT,1684454400000,0.00009038
LTCUSDT,1684483200002,0.0001
LTCUSDT,1684512000000,0.0000435
LTCUSDT,1684540800005,0.00005866
LTCUSDT,1684569600014,0.00007868
LTCUSDT,1684598400020,0.00004844
LTCUSDT,1684627200014,0.00004943
LTCUSDT,1684656000001,0.00007539
LTCUSDT,1684684800015,0.0000836
LTCUSDT,1684713600028,0.0000544
LTCUSDT,1684742400000,0.00009772
LTCUSDT,1684771200012,0.0001
LTCUSDT,1684800000006,0.00007235
LTCUSDT,1684828800014,0.0001
LTCUSDT,1684857600008,0.0001
LTCUSDT,1684886400000,0.0001
LTCUSDT,1684915200025,0.0001
LTCUSDT,1684944000008,0.0001
LTCUSDT,1684972800000,0.00002594
LTCUSDT,1685001600025,0.0001
LTCUSDT,1685030400016,0.0001
LTCUSDT,1685059200000,0.00006956
LTCUSDT,1685088000024,0.0001
LTCUSDT,1685116800012,0.0001
LTCUSDT,1685145600012,0.0001
LTCUSDT,1685174400018,0.00009321
LTCUSDT,1685203200008,0.0001
LTCUSDT,1685232000017,0.0001
LTCUSDT,1685260800015,0.0001
LTCUSDT,1685289600000,0.0001
LTCUSDT,1685318400000,0.0001
LTCUSDT,1685347200020,0.0001
LTCUSDT,1685376000011,0.0001
LTCUSDT,1685404800003,0.0001
LTCUSDT,1685433600000,0.0001
LTCUSDT,1685462400003,0.0001
LTCUSDT,1685491200013,0.00009199
LTCUSDT,1685520000000,0.0001
LTCUSDT,1685548800000,0.00008509
LTCUSDT,1685577600008,0.00000316
LTCUSDT,1685606400012,0.0001
LTCUSDT,1685635200000,0.0001
LTCUSDT,1685664000000,0.0001
LTCUSDT,1685692800006,0.0001
LTCUSDT,1685721600012,0.0001
LTCUSDT,1685750400000,0.0001
LTCUSDT,1685779200011,0.0001
LTCUSDT,1685808000003,0.0001
LTCUSDT,1685836800000,0.0001
LTCUSDT,1685865600000,0.0001
LTCUSDT,1685894400000,0.0001
LTCUSDT,1685923200005,0.0001
LTCUSDT,1685952000000,0.0001
LTCUSDT,1685980800000,0.0001
LTCUSDT,1686009600000,0.00004424
LTCUSDT,1686038400009,0.00006806
LTCUSDT,1686067200013,0.00005441
LTCUSDT,1686096000000,0.0001
LTCUSDT,1686124800016,0.0001
LTCUSDT,1686153600000,0.00009678
LTCUSDT,1686182400006,0.00003667
LTCUSDT,1686211200000,0.00009165
LTCUSDT,1686240000000,0.0000504
LTCUSDT,1686268800000,0.0001
LTCUSDT,1686297600000,0.00008258
LTCUSDT,1686326400000,0.0001
LTCUSDT,1686355200000,0.0001
LTCUSDT,1686384000000,0.0001
LTCUSDT,1686412800000,-0.00001151
LTCUSDT,1686441600001,-0.00006938
LTCUSDT,1686470400000,-0.00003021
LTCUSDT,1686499200000,0.00001184
LTCUSDT,1686528000000,0.00002816
LTCUSDT,1686556800000,0.00005782
LTCUSDT,1686585600001,0.00005443
LTCUSDT,1686614400000,0.00003383
LTCUSDT,1686643200000,0.00003877
LTCUSDT,1686672000000,0.00006845
LTCUSDT,1686700800000,0.00004863
LTCUSDT,1686729600000,0.00003124
LTCUSDT,1686758400000,0.00005077
LTCUSDT,1686787200000,-0.00007087
LTCUSDT,1686816000000,0.00004837
LTCUSDT,1686844800000,0.0000104
LTCUSDT,1686873600000,0.00000762
LTCUSDT,1686902400000,0.00002891
LTCUSDT,1686931200000,0.00004175
LTCUSDT,1686960000000,0.00004458
LTCUSDT,1686988800000,0.00002601
LTCUSDT,1687017600000,-0.00000454
LTCUSDT,1687046400000,-0.00000777
LTCUSDT,1687075200000,0.00007841
LTCUSDT,1687104000000,0.00009616
LTCUSDT,1687132800000,0.00008054
LTCUSDT,1687161600000,0.0001
LTCUSDT,1687190400000,0.00004208
LTCUSDT,1687219200001,0.00001097
LTCUSDT,1687248000000,0.00006541
LTCUSDT,1687276800000,0.00003472
LTCUSDT,1687305600000,0.0001
LTCUSDT,1687334400000,0.00008751
LTCUSDT,1687363200000,0.00009263
LTCUSDT,1687392000000,0.0001
LTCUSDT,1687420800001,0.00006118
LTCUSDT,1687449600000,0.0000937
LTCUSDT,1687478400000,0.0001
LTCUSDT,1687507200000,0.0001
LTCUSDT,1687536000000,0.0001
LTCUSDT,1687564800000,0.0001
LTCUSDT,1687593600000,0.0001
LTCUSDT,1687622400000,0.0001
LTCUSDT,1687651200000,0.0001
LTCUSDT,1687680000000,0.0001
LTCUSDT,1687708800000,0.0001
LTCUSDT,1687737600000,0.0001
LTCUSDT,1687766400000,0.0001
LTCUSDT,1687795200000,0.0001
LTCUSDT,1687824000000,0.0001
LTCUSDT,1687852800000,0.0001
LTCUSDT,1687881600000,0.0001
LTCUSDT,1687910400000,0.0001
LTCUSDT,1687939200000,0.00006091
LTCUSDT,1687968000000,0.00009328
LTCUSDT,1687996800000,0.00004119
LTCUSDT,1688025600000,0.00005499
LTCUSDT,1688054400000,0.00009419
LTCUSDT,1688083200000,0.00008154
LTCUSDT,1688112000000,0.0001
LTCUSDT,1688140800001,0.0001
LTCUSDT,1688169600000,0.0001
LTCUSDT,1688198400000,0.0001
LTCUSDT,1688227200000,0.0001
LTCUSDT,1688256000000,0.0001
LTCUSDT,1688284800000,0.0001
LTCUSDT,1688313600001,0.0001
LTCUSDT,1688342400000,0.0001
LTCUSDT,1688371200000,0.0001
LTCUSDT,1688400000000,0.00015537
LTCUSDT,1688428800001,0.0001
LTCUSDT,1688457600000,0.0001
LTCUSDT,1688486400000,0.0001
LTCUSDT,1688515200000,0.0001
LTCUSDT,1688544000000,0.0001
LTCUSDT,1688572800000,0.0001
LTCUSDT,1688601600000,0.0001
LTCUSDT,1688630400000,0.0001
LTCUSDT,1688659200000,0.00003495
LTCUSDT,1688688000000,0.00003135
LTCUSDT,1688716800000,0.00009342
LTCUSDT,1688745600000,0.00004318
LTCUSDT,1688774400000,0.00005219
LTCUSDT,1688803200000,0.0001
LTCUSDT,1688832000000,0.00004571
LTCUSDT,1688860800000,0.00007159
LTCUSDT,1688889600000,0.00005727
LTCUSDT,1688918400000,0.00004744
LTCUSDT,1688947200000,0.00007379
LTCUSDT,1688976000000,0.00007525
LTCUSDT,1689004800000,-0.00000051
LTCUSDT,1689033600000,0.00000316
LTCUSDT,1689062400000,0.00004923
LTCUSDT,1689091200000,0.0001
LTCUSDT,1689120000000,0.0000305
LTCUSDT,1689148800000,0.00004445
LTCUSDT,1689177600000,0.00004611
LTCUSDT,1689206400000,0.00000233
LTCUSDT,1689235200000,0.00002694
LTCUSDT,1689264000000,-0.0000751
LTCUSDT,1689292800000,0.0001
LTCUSDT,1689321600000,0.0001
LTCUSDT,1689350400000,0.0001
LTCUSDT,1689379200000,-0.00004704
LTCUSDT,1689408000000,0.0001
LTCUSDT,1689436800000,0.0001
LTCUSDT,1689465600001,0.00009
LTCUSDT,1689494400000,0.0001
LTCUSDT,1689523200000,0.00005972
LTCUSDT,1689552000000,0.00000041
LTCUSDT,1689580800000,0.0001
LTCUSDT,1689609600000,0.00005101
LTCUSDT,1689638400000,0.00008929
LTCUSDT,1689667200000,0.0001
LTCUSDT,1689696000000,0.0001
LTCUSDT,1689724800000,0.0001
LTCUSDT,1689753600000,0.0001
LTCUSDT,1689782400001,0.0001
LTCUSDT,1689811200000,0.00006851
LTCUSDT,1689840000000,0.0001
LTCUSDT,1689868800000,0.00002833
LTCUSDT,1689897600001,0.0001
LTCUSDT,1689926400000,0.00006584
LTCUSDT,1689955200000,0.00009562
LTCUSDT,1689984000000,0.00008399
LTCUSDT,1690012800000,0.0001
LTCUSDT,1690041600000,0.00004954
LTCUSDT,1690070400000,0.0000946
LTCUSDT,1690099200000,0.0001
LTCUSDT,1690128000000,0.0001
LTCUSDT,1690156800000,0.00002617
LTCUSDT,1690185600000,0.00009007
LTCUSDT,1690214400000,0.00006198
LTCUSDT,1690243200000,-0.00000945
LTCUSDT,1690272000000,0.0000313
LTCUSDT,1690300800000,-0.00002385
LTCUSDT,1690329600000,0.00003462
LTCUSDT,1690358400001,0.00005554
LTCUSDT,1690387200000,0.00004724
LTCUSDT,1690416000000,-0.00000254
LTCUSDT,1690444800000,0.00008529
LTCUSDT,1690473600001,0.00003238
LTCUSDT,1690502400000,0.0001
LTCUSDT,1690531200000,0.0001
LTCUSDT,1690560000000,0.00009511
LTCUSDT,1690588800000,0.00008153
LTCUSDT,1690617600000,0.00009199
LTCUSDT,1690646400001,0.0001
LTCUSDT,1690675200000,0.00009982
LTCUSDT,1690704000000,0.0001
LTCUSDT,1690732800000,0.0001
LTCUSDT,1690761600000,0.000078
LTCUSDT,1690790400000,0.00008268
LTCUSDT,1690819200001,0.00007383
LTCUSDT,1690848000000,0.0001
LTCUSDT,1690876800000,0.00006896
LTCUSDT,1690905600000,0.0001
LTCUSDT,1690934400000,0.0001
LTCUSDT,1690963200000,0.0001
LTCUSDT,1690992000000,0.00004844
LTCUSDT,1691020800000,-0.0000193
LTCUSDT,1691049600000,0.0001
LTCUSDT,1691078400001,0.0001
LTCUSDT,1691107200000,0.00003479
LTCUSDT,1691136000000,0.00004275
LTCUSDT,1691164800000,0.00001033
LTCUSDT,1691193600000,0.0001
LTCUSDT,1691222400000,0.0001
LTCUSDT,1691251200001,0.0001
LTCUSDT,1691280000000,0.00009683
LTCUSDT,1691308800001,0.00005058
LTCUSDT,1691337600005,0.0001
LTCUSDT,1691366400000,0.0001
LTCUSDT,1691395200000,0.0001
LTCUSDT,1691424000000,0.0001
LTCUSDT,1691452800000,0.0001
LTCUSDT,1691481600000,0.00009635
LTCUSDT,1691510400000,0.00009795
LTCUSDT,1691539200000,0.0000175
LTCUSDT,1691568000000,0.00005034
LTCUSDT,1691596800000,0.00006065
LTCUSDT,1691625600001,0.0001
LTCUSDT,1691654400000,0.0001
LTCUSDT,1691683200000,0.00005699
LTCUSDT,1691712000000,0.00007407
LTCUSDT,1691740800000,0.00004399
LTCUSDT,1691769600000,0.00005708
LTCUSDT,1691798400000,0.0001
LTCUSDT,1691827200000,0.00004863
LTCUSDT,1691856000000,0.0001
LTCUSDT,1691884800000,0.0001
LTCUSDT,1691913600000,0.0000214
LTCUSDT,1691942400000,0.0000982
LTCUSDT,1691971200001,0.00009657
LTCUSDT,1692000000000,0.0001
LTCUSDT,1692028800000,0.0000503
LTCUSDT,1692057600001,0.0001
LTCUSDT,1692086400000,0.0001
LTCUSDT,1692115200000,0.0001
LTCUSDT,1692144000000,-0.00016057
LTCUSDT,1692172800001,0.00002749
LTCUSDT,1692201600000,0.00004437
LTCUSDT,1692230400000,-0.00002882
LTCUSDT,1692259200000,-0.00001298
LTCUSDT,1692288000000,-0.00000958
LTCUSDT,1692316800000,0.00007791
LTCUSDT,1692345600000,-0.0000301
LTCUSDT,1692374400000,-0.00008104
LTCUSDT,1692403200000,-0.00017824
LTCUSDT,1692432000000,-0.00011766
LTCUSDT,1692460800000,-0.00026395
LTCUSDT,1692489600000,-0.00023846
LTCUSDT,1692518400000,-0.00019863
LTCUSDT,1692547200000,-0.0001288
LTCUSDT,1692576000000,-0.0001819
LTCUSDT,1692604800000,-0.00007715
LTCUSDT,1692633600000,-0.00012923
LTCUSDT,1692662400000,-0.00020397
LTCUSDT,1692691200000,-0.00002077
LTCUSDT,1692720000000,0.00002582
LTCUSDT,1692748800000,0.00001394
LTCUSDT,1692777600000,0.0000493
LTCUSDT,1692806400000,0.00004
LTCUSDT,1692835200000,0.00007645
LTCUSDT,1692864000000,0.00000207
LTCUSDT,1692892800000,-0.00006112
LTCUSDT,1692921600000,-0.00001888
LTCUSDT,1692950400000,0.00002248
LTCUSDT,1692979200000,0.00006404
LTCUSDT,1693008000000,0.0001
LTCUSDT,1693036800000,0.00008147
LTCUSDT,1693065600000,0.00008943
LTCUSDT,1693094400000,0.0001
LTCUSDT,1693123200000,0.00008839
LTCUSDT,1693152000000,0.00009521
LTCUSDT,1693180800000,0.00007085
LTCUSDT,1693209600001,0.00001891
LTCUSDT,1693238400001,0.0000965
LTCUSDT,1693267200000,0.0001
LTCUSDT,1693296000000,0.0001
LTCUSDT,1693324800000,-0.00005112
LTCUSDT,1693353600000,0.0001
LTCUSDT,1693382400000,0.00009646
LTCUSDT,1693411200000,0.00009772
LTCUSDT,1693440000000,0.00002619
LTCUSDT,1693468800000,0.0001
LTCUSDT,1693497600000,0.00008091
LTCUSDT,1693526400000,-0.00004608
LTCUSDT,1693555200000,-0.00001931
LTCUSDT,1693584000001,-0.00000672
LTCUSDT,1693612800000,-0.00004194
LTCUSDT,1693641600000,-0.00005942
LTCUSDT,1693670400000,-0.00005263
LTCUSDT,1693699200000,0.00003758
LTCUSDT,1693728000000,-0.00006229
LTCUSDT,1693756800000,0.0000554
LTCUSDT,1693785600000,0.00004644
LTCUSDT,1693814400000,-0.00001758
LTCUSDT,1693843200000,0.0000477
LTCUSDT,1693872000000,0.00000146
LTCUSDT,1693900800000,0.00005613
LTCUSDT,1693929600000,0.00006738
LTCUSDT,1693958400000,0.00006445
LTCUSDT,1693987200000,0.00000549
LTCUSDT,1694016000001,0.00001422
LTCUSDT,1694044800000,-0.0000098
LTCUSDT,1694073600000,0.00004228
LTCUSDT,1694102400000,0.00007058
LTCUSDT,1694131200000,0.0000864
LTCUSDT,1694160000000,0.00000917
LTCUSDT,1694188800000,-0.00006873
LTCUSDT,1694217600000,-0.00005545
LTCUSDT,1694246400000,-0.00004531
LTCUSDT,1694275200000,-0.00002474
LTCUSDT,1694304000000,0.00002373
LTCUSDT,1694332800000,-0.00000924
LTCUSDT,1694361600000,-0.00004127
LTCUSDT,1694390400000,-0.0000195
LTCUSDT,1694419200000,0.00006078
LTCUSDT,1694448000001,0.0000379
LTCUSDT,1694476800000,0.00000372
LTCUSDT,1694505600000,-0.00001144
LTCUSDT,1694534400000,-0.00001374
LTCUSDT,1694563200000,0.0000615
LTCUSDT,1694592000000,-0.00003603
LTCUSDT,1694620800000,0.0000641
LTCUSDT,1694649600000,0.0000374
LTCUSDT,1694678400001,0.00004208
LTCUSDT,1694707200000,0.00004425
LTCUSDT,1694736000000,0.00002251
LTCUSDT,1694764800000,0.00003706
LTCUSDT,1694793600000,0.00008682
LTCUSDT,1694822400000,0.00007666
LTCUSDT,1694851200000,0.0001
LTCUSDT,1694880000000,0.00008892
LTCUSDT,1694908800000,0.00003976
LTCUSDT,1694937600000,0.00009348
LTCUSDT,1694966400000,0.00003325
LTCUSDT,1694995200000,0.00007898
LTCUSDT,1695024000000,0.0000358
LTCUSDT,1695052800000,0.00005214
LTCUSDT,1695081600000,0.00004028
LTCUSDT,1695110400001,-0.00002189
LTCUSDT,1695139200000,0.0000623
LTCUSDT,1695168000000,0.00001568
LTCUSDT,1695196800000,0.00007411
LTCUSDT,1695225600000,0.0001
LTCUSDT,1695254400001,0.00001962
LTCUSDT,1695283200000,0.00006305
LTCUSDT,1695312000000,0.00001152
LTCUSDT,1695340800000,-0.00005259
LTCUSDT,1695369600000,0.00006691
LTCUSDT,1695398400000,0.00005357
LTCUSDT,1695427200000,0.0000586
LTCUSDT,1695456000000,0.00002157
LTCUSDT,1695484800000,-0.00000243
LTCUSDT,1695513600000,-0.00000345
LTCUSDT,1695542400000,0.00008521
LTCUSDT,1695571200000,0.00000141
LTCUSDT,1695600000000,0.00002381
LTCUSDT,1695628800000,0.00008597
LTCUSDT,1695657600000,0.0001
LTCUSDT,1695686400000,0.0001
LTCUSDT,1695715200000,0.00006102
LTCUSDT,1695744000000,0.0001
LTCUSDT,1695772800000,0.0001
LTCUSDT,1695801600001,0.00008885
LTCUSDT,1695830400000,0.00009767
LTCUSDT,1695859200000,0.00006484
LTCUSDT,1695888000000,0.00008757
LTCUSDT,1695916800000,0.0001
LTCUSDT,1695945600000,0.00007128
LTCUSDT,1695974400000,0.00008352
LTCUSDT,1696003200000,0.00009245
LTCUSDT,1696032000000,0.0000986
LTCUSDT,1696060800000,0.00003504
LTCUSDT,1696089600000,0.00005797
LTCUSDT,1696118400000,0.0001
LTCUSDT,1696147200000,0.0001
LTCUSDT,1696176000000,0.0001
LTCUSDT,1696204800000,0.0001
LTCUSDT,1696233600000,0.00006896
LTCUSDT,1696262400000,0.00002805
LTCUSDT,1696291200000,0.00005859
LTCUSDT,1696320000000,0.00005019
LTCUSDT,1696348800000,0.0001
LTCUSDT,1696377600000,0.00003412
LTCUSDT,1696406400000,0.00003496
LTCUSDT,1696435200000,0.0000486
LTCUSDT,1696464000000,0.00005889
LTCUSDT,1696492800000,0.00003764
LTCUSDT,1696521600001,0.00000697
LTCUSDT,1696550400000,0.00002416
LTCUSDT,1696579200000,0.00000909
LTCUSDT,1696608000000,0.00005524
LTCUSDT,1696636800000,0.0000365
LTCUSDT,1696665600000,0.00003175
LTCUSDT,1696694400000,-0.00000972
LTCUSDT,1696723200000,0.00002961
LTCUSDT,1696752000001,0.000061
LTCUSDT,1696780800000,0.0001
LTCUSDT,1696809600000,0.00000917
LTCUSDT,1696838400000,0.0001
LTCUSDT,1696867200000,0.0001
LTCUSDT,1696896000000,0.00005059
LTCUSDT,1696924800000,0.00007661
LTCUSDT,1696953600000,0.00009899
LTCUSDT,1696982400000,0.00002513
LTCUSDT,1697011200000,0.00006913
LTCUSDT,1697040000000,0.00003079
LTCUSDT,1697068800000,0.0001
LTCUSDT,1697097600000,0.00006023
LTCUSDT,1697126400000,0.00007078
LTCUSDT,1697155200000,-0.00001943
LTCUSDT,1697184000000,0.00000942
LTCUSDT,1697212800000,-0.00000743
LTCUSDT,1697241600000,-0.0000249
LTCUSDT,1697270400000,0.00005952
LTCUSDT,1697299200000,0.00002763
LTCUSDT,1697328000000,-0.00003818
LTCUSDT,1697356800000,0.00009269
LTCUSDT,1697385600000,0.00005457
LTCUSDT,1697414400000,0.00003437
LTCUSDT,1697443200000,0.00004626
LTCUSDT,1697472000000,0.00007121
LTCUSDT,1697500800000,0.0001
LTCUSDT,1697529600000,0.00006831
LTCUSDT,1697558400000,0.00009126
LTCUSDT,1697587200000,0.0000894
LTCUSDT,1697616000000,0.00008456
LTCUSDT,1697644800000,0.0001
LTCUSDT,1697673600000,0.00000388
LTCUSDT,1697702400001,-0.00001579
LTCUSDT,1697731200000,-0.0000325
LTCUSDT,1697760000000,0.00008884
LTCUSDT,1697788800005,0.00000568
LTCUSDT,1697817600000,0.0001
LTCUSDT,1697846400000,-0.00000714
LTCUSDT,1697875200000,0.00005364
LTCUSDT,1697904000000,0.00001179
LTCUSDT,1697932800000,0.0001
LTCUSDT,1697961600000,0.00006867
LTCUSDT,1697990400000,0.00007788
LTCUSDT,1698019200000,0.0001
LTCUSDT,1698048000001,0.00007992
LTCUSDT,1698076800001,0.00002154
LTCUSDT,1698105600000,0.0001
LTCUSDT,1698134400000,0.0001
LTCUSDT,1698163200000,0.0001
LTCUSDT,1698192000000,0.0001
LTCUSDT,1698220800000,0.0001
LTCUSDT,1698249600001,0.0001
LTCUSDT,1698278400001,0.0001
LTCUSDT,1698307200000,0.0001
LTCUSDT,1698336000000,0.0001
LTCUSDT,1698364800000,0.0001
LTCUSDT,1698393600000,0.0001
LTCUSDT,1698422400000,0.0001
LTCUSDT,1698451200000,0.0001
LTCUSDT,1698480000001,0.0001
LTCUSDT,1698508800000,0.0001
LTCUSDT,1698537600000,0.0001
LTCUSDT,1698566400000,0.0001
LTCUSDT,1698595200000,0.0001
LTCUSDT,1698624000000,0.0001
LTCUSDT,1698652800000,0.0001
LTCUSDT,1698681600000,0.0001
LTCUSDT,1698710400001,0.0001
LTCUSDT,1698739200000,0.0001
LTCUSDT,1698768000000,0.0001
LTCUSDT,1698796800000,0.00018222
LTCUSDT,1698825600000,0.0001
LTCUSDT,1698854400000,0.0001
LTCUSDT,1698883200001,0.00022961
LTCUSDT,1698912000000,0.00030292
LTCUSDT,1698940800000,0.00016724
LTCUSDT,1698969600000,0.0001
LTCUSDT,1698998400000,0.0001
LTCUSDT,1699027200000,0.0001
LTCUSDT,1699056000000,0.0001
LTCUSDT,1699084800000,0.0001
LTCUSDT,1699113600000,0.0001
LTCUSDT,1699142400000,0.0001
LTCUSDT,1699171200000,0.0001
LTCUSDT,1699200000000,0.0001
LTCUSDT,1699228800000,0.0001
LTCUSDT,1699257600001,0.0001
LTCUSDT,1699286400000,0.0001
LTCUSDT,1699315200001,0.0001
LTCUSDT,1699344000000,0.0001
LTCUSDT,1699372800000,0.0001
LTCUSDT,1699401600000,0.0001
LTCUSDT,1699430400000,0.0001
LTCUSDT,1699459200000,0.0001
LTCUSDT,1699488000000,0.0001
LTCUSDT,1699516800000,0.0001
LTCUSDT,1699545600000,0.0002294
LTCUSDT,1699574400000,0.0001
LTCUSDT,1699603200000,0.0001
LTCUSDT,1699632000000,0.0001
LTCUSDT,1699660800000,0.0001
LTCUSDT,1699689600000,0.0001
LTCUSDT,1699718400000,0.00036229
LTCUSDT,1699747200000,0.00026945
LTCUSDT,1699776000000,0.00016155
LTCUSDT,1699804800001,0.0002472
LTCUSDT,1699833600000,0.00024903
LTCUSDT,1699862400000,0.00016867
LTCUSDT,1699891200000,0.00019629
LTCUSDT,1699920000000,0.00010385
LTCUSDT,1699948800000,0.00016449
LTCUSDT,1699977600001,0.0001
LTCUSDT,1700006400000,0.0001
LTCUSDT,1700035200000,0.00015491
LTCUSDT,1700064000000,0.00016066
LTCUSDT,1700092800000,0.00010654
LTCUSDT,1700121600000,0.00018161
LTCUSDT,1700150400001,0.0001
LTCUSDT,1700179200000,0.0001
LTCUSDT,1700208000001,0.0001
LTCUSDT,1700236800001,0.0001
LTCUSDT,1700265600000,0.0001
LTCUSDT,1700294400000,0.0001
LTCUSDT,1700323200000,0.0001
LTCUSDT,1700352000000,0.0001
LTCUSDT,1700380800000,0.0001
LTCUSDT,1700409600000,0.0001
LTCUSDT,1700438400000,0.0001
LTCUSDT,1700467200000,0.0001
LTCUSDT,1700496000000,0.0001
LTCUSDT,1700524800000,0.0001
LTCUSDT,1700553600000,0.0001
LTCUSDT,1700582400000,0.0001
LTCUSDT,1700611200000,0.0001
LTCUSDT,1700640000000,0.0001
LTCUSDT,1700668800000,0.0001
LTCUSDT,1700697600000,0.0001
LTCUSDT,1700726400000,0.0001
LTCUSDT,1700755200001,0.0001
LTCUSDT,1700784000000,0.0001
LTCUSDT,1700812800000,0.0001
LTCUSDT,1700841600000,0.0001
LTCUSDT,1700870400000,0.0001
LTCUSDT,1700899200000,0.0001
LTCUSDT,1700928000000,0.0001
LTCUSDT,1700956800000,0.0001
LTCUSDT,1700985600000,0.0001
LTCUSDT,1701014400000,0.0001
LTCUSDT,1701043200000,0.0001
LTCUSDT,1701072000001,0.0001
LTCUSDT,1701100800000,0.0001
LTCUSDT,1701129600000,0.0001
LTCUSDT,1701158400000,0.0001
LTCUSDT,1701187200000,0.0001
LTCUSDT,1701216000001,0.0001
LTCUSDT,1701244800000,0.0001
LTCUSDT,1701273600000,0.0001
LTCUSDT,1701302400000,0.0001
LTCUSDT,1701331200000,0.0001
LTCUSDT,1701360000000,0.0001
LTCUSDT,1701388800000,0.0001
LTCUSDT,1701417600000,0.0001
LTCUSDT,1701446400000,0.0001
LTCUSDT,1701475200000,0.0001
LTCUSDT,1701504000000,0.0001
LTCUSDT,1701532800000,0.0001
LTCUSDT,1701561600000,0.0001
LTCUSDT,1701590400000,0.0001
LTCUSDT,1701619200000,0.0001
LTCUSDT,1701648000000,0.0001
LTCUSDT,1701676800000,0.00040564
LTCUSDT,1701705600000,0.0001
LTCUSDT,1701734400000,0.00013068
LTCUSDT,1701763200000,0.00011268
LTCUSDT,1701792000000,0.0001
LTCUSDT,1701820800000,0.00017046
LTCUSDT,1701849600000,0.00020132
LTCUSDT,1701878400000,0.00018179
LTCUSDT,1701907200000,0.00011593
LTCUSDT,1701936000000,0.00015851
LTCUSDT,1701964800000,0.00021086
LTCUSDT,1701993600000,0.0003514
LTCUSDT,1702022400000,0.0002412
LTCUSDT,1702051200000,0.0001
LTCUSDT,1702080000000,0.00022345
LTCUSDT,1702108800000,0.00030544
LTCUSDT,1702137600000,0.00021519
LTCUSDT,1702166400000,0.00011922
LTCUSDT,1702195200000,0.0001686
LTCUSDT,1702224000000,0.00014388
LTCUSDT,1702252800000,0.00014381
LTCUSDT,1702281600000,0.0001
LTCUSDT,1702310400000,0.0001
LTCUSDT,1702339200000,0.0001
LTCUSDT,1702368000000,0.0001
LTCUSDT,1702396800000,0.0001
LTCUSDT,1702425600000,0.0001
LTCUSDT,1702454400000,0.0001
LTCUSDT,1702483200001,0.0001
LTCUSDT,1702512000000,0.0001
LTCUSDT,1702540800000,0.0001
LTCUSDT,1702569600000,0.00014028
LTCUSDT,1702598400000,0.00013896
LTCUSDT,1702627200000,0.00024857
LTCUSDT,1702656000000,0.00015683
LTCUSDT,1702684800000,0.0001
LTCUSDT,1702713600000,0.00013525
LTCUSDT,1702742400001,0.00014327
LTCUSDT,1702771200000,0.00012339
LTCUSDT,1702800000000,0.00011304
LTCUSDT,1702828800000,0.00017689
LTCUSDT,1702857600000,0.00013087
LTCUSDT,1702886400001,0.0001
LTCUSDT,1702915200000,0.00010474
LTCUSDT,1702944000000,0.0001
LTCUSDT,1702972800000,0.0001
LTCUSDT,1703001600000,0.0001
LTCUSDT,1703030400000,0.0001
LTCUSDT,1703059200000,0.00012974
LTCUSDT,1703088000000,0.00029416
LTCUSDT,1703116800000,0.00031871
LTCUSDT,1703145600000,0.00019267
LTCUSDT,1703174400000,0.00034671
LTCUSDT,1703203200000,0.00048297
LTCUSDT,1703232000000,0.00045587
LTCUSDT,1703260800000,0.00045107
LTCUSDT,1703289600000,0.00026883
LTCUSDT,1703318400001,0.00023068
LTCUSDT,1703347200000,0.00030988
LTCUSDT,1703376000000,0.00025569
LTCUSDT,1703404800000,0.00036256
LTCUSDT,1703433600000,0.00039348
LTCUSDT,1703462400000,0.00022047
LTCUSDT,1703491200000,0.0002096
LTCUSDT,1703520000000,0.00037992
LTCUSDT,1703548800000,0.00046459
LTCUSDT,1703577600000,0.00037768
LTCUSDT,1703606400000,0.00044375
LTCUSDT,1703635200000,0.00029115
LTCUSDT,1703664000000,0.00038217
LTCUSDT,1703692800000,0.00048946
LTCUSDT,1703721600000,0.00035158
LTCUSDT,1703750400000,0.00055607
LTCUSDT,1703779200000,0.00053237
LTCUSDT,1703808000001,0.00044194
LTCUSDT,1703836800000,0.00050835
LTCUSDT,1703865600000,0.00044124
LTCUSDT,1703894400001,0.00022163
LTCUSDT,1703923200000,0.00029885
LTCUSDT,1703952000000,0.00030346
LTCUSDT,1703980800000,0.00027077
LTCUSDT,1704009600001,0.00031065
LTCUSDT,1704038400000,0.00028167
LTCUSDT,1704067200000,0.00023442
LTCUSDT,1704096000000,0.00020678
LTCUSDT,1704124800000,0.00036814
LTCUSDT,1704153600000,0.00056726
LTCUSDT,1704182400000,0.0005683
LTCUSDT,1704211200000,0.00067419
LTCUSDT,1704240000000,0.00028764
LTCUSDT,1704268800000,0.00030571
LTCUSDT,1704297600000,0.0001
LTCUSDT,1704326400000,0.0001
LTCUSDT,1704355200000,0.0001
LTCUSDT,1704384000000,0.0001
LTCUSDT,1704412800001,0.0001
LTCUSDT,1704441600000,0.0001
LTCUSDT,1704470400000,0.0001
LTCUSDT,1704499200000,0.0001
LTCUSDT,1704528000000,0.0001
LTCUSDT,1704556800000,0.0001
LTCUSDT,1704585600000,0.0001
LTCUSDT,1704614400001,0.0001
LTCUSDT,1704643200001,0.0001
LTCUSDT,1704672000000,0.0001
LTCUSDT,1704700800000,0.0001
LTCUSDT,1704729600000,0.0001
LTCUSDT,1704758400001,0.0001
LTCUSDT,1704787200000,0.0001
LTCUSDT,1704816000000,0.0001
LTCUSDT,1704844800000,0.0001
LTCUSDT,1704873600000,0.0001
LTCUSDT,1704902400000,0.0001
LTCUSDT,1704931200000,0.0001
LTCUSDT,1704960000000,0.0001
LTCUSDT,1704988800000,0.0001
LTCUSDT,1705017600001,0.0001
LTCUSDT,1705046400000,0.0001
LTCUSDT,1705075200000,0.0001
LTCUSDT,1705104000000,0.0001
LTCUSDT,1705132800000,0.0001
LTCUSDT,1705161600001,0.0001
LTCUSDT,1705190400000,0.0001
LTCUSDT,1705219200000,0.0001
LTCUSDT,1705248000001,0.0001
LTCUSDT,1705276800000,0.0001
LTCUSDT,1705305600000,0.0001
LTCUSDT,1705334400000,0.0001
LTCUSDT,1705363200000,0.0001
LTCUSDT,1705392000000,0.0001
LTCUSDT,1705420800001,0.0001
LTCUSDT,1705449600000,0.0001
LTCUSDT,1705478400000,0.0001
LTCUSDT,1705507200000,0.0001
LTCUSDT,1705536000001,0.0001
LTCUSDT,1705564800000,0.0001
LTCUSDT,1705593600000,0.0001
LTCUSDT,1705622400000,0.0001
LTCUSDT,1705651200000,0.0001
LTCUSDT,1705680000002,0.0001
LTCUSDT,1705708800000,0.0001
LTCUSDT,1705737600003,0.0001
LTCUSDT,1705766400000,0.0001
LTCUSDT,1705795200000,0.0001
LTCUSDT,1705824000000,0.0001
LTCUSDT,1705852800000,0.0001
LTCUSDT,1705881600000,0.0001
LTCUSDT,1705910400000,0.0001
LTCUSDT,1705939200000,0.0001
LTCUSDT,1705968000000,0.0001
LTCUSDT,1705996800000,0.0001
LTCUSDT,1706025600000,0.0001
LTCUSDT,1706054400000,0.0001
LTCUSDT,1706083200000,0.0001
LTCUSDT,1706112000000,0.0001
LTCUSDT,1706140800000,0.0001
LTCUSDT,1706169600001,0.0001
LTCUSDT,1706198400000,0.0001
LTCUSDT,1706227200001,0.0001
LTCUSDT,1706256000000,0.0001
LTCUSDT,1706284800000,0.0001
LTCUSDT,1706313600000,0.0001
LTCUSDT,1706342400000,0.0001
LTCUSDT,1706371200000,0.0001
LTCUSDT,1706400000000,0.0001
LTCUSDT,1706428800000,0.0001
LTCUSDT,1706457600000,0.0001
LTCUSDT,1706486400000,0.0001
LTCUSDT,1706515200001,0.0001
LTCUSDT,1706544000000,0.0001
LTCUSDT,1706572800000,0.0001
LTCUSDT,1706601600000,0.0001
LTCUSDT,1706630400001,0.0001
LTCUSDT,1706659200000,0.0001
LTCUSDT,1706688000000,0.0001
LTCUSDT,1706716800000,0.0001
LTCUSDT,1706745600000,0.0001
LTCUSDT,1706774400000,0.0001
LTCUSDT,1706803200002,0.0001
LTCUSDT,1706832000000,0.0001
LTCUSDT,1706860800000,0.0001
LTCUSDT,1706889600000,0.0001
LTCUSDT,1706918400000,0.0001
LTCUSDT,1706947200000,0.0001
LTCUSDT,1706976000001,0.0001
LTCUSDT,1707004800000,0.0001
LTCUSDT,1707033600004,0.0001
LTCUSDT,1707062400000,0.0001
LTCUSDT,1707091200000,0.0001
LTCUSDT,1707120000000,0.0001
LTCUSDT,1707148800000,0.0001
LTCUSDT,1707177600000,0.0001
LTCUSDT,1707206400001,0.0001
LTCUSDT,1707235200000,0.0001
LTCUSDT,1707264000000,0.0001
LTCUSDT,1707292800000,0.0001
LTCUSDT,1707321600000,0.0001
LTCUSDT,1707350400000,0.0001
LTCUSDT,1707379200000,0.0001
LTCUSDT,1707408000000,0.0001
LTCUSDT,1707436800000,0.0001
LTCUSDT,1707465600000,0.0001
LTCUSDT,1707494400001,0.0001
LTCUSDT,1707523200001,0.0001
LTCUSDT,1707552000000,0.0001
LTCUSDT,1707580800000,0.0001
LTCUSDT,1707609600000,0.0001
LTCUSDT,1707638400001,0.0001
LTCUSDT,1707667200000,0.0001
LTCUSDT,1707696000000,0.0001
LTCUSDT,1707724800000,0.0001
LTCUSDT,1707753600000,0.0001
LTCUSDT,1707782400000,0.0001
LTCUSDT,1707811200000,0.0001
LTCUSDT,1707840000000,0.0001
LTCUSDT,1707868800000,0.0001
LTCUSDT,1707897600000,0.0001
LTCUSDT,1707926400000,0.0001
LTCUSDT,1707955200000,0.00013782
LTCUSDT,1707984000000,0.0001762
LTCUSDT,1708012800000,0.00012831
LTCUSDT,1708041600000,0.00028063
LTCUSDT,1708070400000,0.00029203
LTCUSDT,1708099200000,0.00023103
LTCUSDT,1708128000000,0.00017861
LTCUSDT,1708156800000,0.00020856
LTCUSDT,1708185600000,0.0001
LTCUSDT,1708214400000,0.00012617
LTCUSDT,1708243200000,0.00013618
LTCUSDT,1708272000000,0.00021222
LTCUSDT,1708300800000,0.00028549
LTCUSDT,1708329600000,0.00023242
LTCUSDT,1708358400000,0.00024488
LTCUSDT,1708387200000,0.00041283
LTCUSDT,1708416000000,0.00035016
LTCUSDT,1708444800000,0.00019409
LTCUSDT,1708473600000,0.0001
LTCUSDT,1708502400000,0.0001
LTCUSDT,1708531200000,0.0001
LTCUSDT,1708560000001,0.0001
LTCUSDT,1708588800001,0.00014015
LTCUSDT,1708617600000,0.00017456
LTCUSDT,1708646400000,0.00025672
LTCUSDT,1708675200000,0.0002057
LTCUSDT,1708704000000,0.00022016
LTCUSDT,1708732800000,0.00021946
LTCUSDT,1708761600001,0.00040356
LTCUSDT,1708790400000,0.00031824
LTCUSDT,1708819200001,0.00037621
LTCUSDT,1708848000000,0.00037198
LTCUSDT,1708876800000,0.00040901
LTCUSDT,1708905600000,0.00051676
LTCUSDT,1708934400000,0.00040888
LTCUSDT,1708963200000,0.00044825
LTCUSDT,1708992000000,0.00065619
LTCUSDT,1709020800000,0.00075141
LTCUSDT,1709049600000,0.00049201
LTCUSDT,1709078400000,0.0004002
LTCUSDT,1709107200000,0.000429
LTCUSDT,1709136000000,0.00059392
LTCUSDT,1709164800000,0.0004766
LTCUSDT,1709193600000,0.00095188
LTCUSDT,1709222400000,0.00080852
LTCUSDT,1709251200000,0.00056605
LTCUSDT,1709280000000,0.00058233
LTCUSDT,1709308800000,0.00065838
LTCUSDT,1709337600000,0.00061068
LTCUSDT,1709366400001,0.00095507
LTCUSDT,1709395200000,0.00070639
LTCUSDT,1709424000000,0.00074736
LTCUSDT,1709452800000,0.00064844
LTCUSDT,1709481600000,0.00045238
LTCUSDT,1709510400000,0.00065655
LTCUSDT,1709539200000,0.00063302
LTCUSDT,1709568000000,0.00055919
LTCUSDT,1709596800000,0.00062845
LTCUSDT,1709625600000,0.00109604
LTCUSDT,1709654400000,0.00074114
LTCUSDT,1709683200000,0.0001
LTCUSDT,1709712000001,0.00013573
LTCUSDT,1709740800000,0.00039312
LTCUSDT,1709769600000,0.00024676
LTCUSDT,1709798400000,0.00027066
LTCUSDT,1709827200000,0.00046433
LTCUSDT,1709856000000,0.00050997
LTCUSDT,1709884800000,0.0005764
LTCUSDT,1709913600000,0.00053129
LTCUSDT,1709942400000,0.00046869
LTCUSDT,1709971200001,0.00047308
LTCUSDT,1710000000000,0.00056664
LTCUSDT,1710028800000,0.00055618
LTCUSDT,1710057600000,0.00070569
LTCUSDT,1710086400000,0.00041199
LTCUSDT,1710115200000,0.00039854
LTCUSDT,1710144000000,0.00054096
LTCUSDT,1710172800000,0.00080601
LTCUSDT,1710201600000,0.00105457
LTCUSDT,1710230400000,0.00064749
LTCUSDT,1710259200000,0.00041496
LTCUSDT,1710288000000,0.00037652
LTCUSDT,1710316800001,0.00055134
LTCUSDT,1710345600000,0.00056568
LTCUSDT,1710374400001,0.00043036
LTCUSDT,1710403200000,0.00064097
LTCUSDT,1710432000000,0.00049019
LTCUSDT,1710460800000,0.00049907
LTCUSDT,1710489600000,0.00028017
LTCUSDT,1710518400000,0.0001627
LTCUSDT,1710547200000,0.00013581
LTCUSDT,1710576000000,0.00028393
LTCUSDT,1710604800000,0.00016294
LTCUSDT,1710633600000,0.0001
LTCUSDT,1710662400000,0.0001291
LTCUSDT,1710691200000,0.00018907
LTCUSDT,1710720000000,0.00013952
LTCUSDT,1710748800000,0.00022149
LTCUSDT,1710777600001,0.00024065
LTCUSDT,1710806400000,0.00018895
LTCUSDT,1710835200000,0.00012388
LTCUSDT,1710864000001,0.00012987
LTCUSDT,1710892800000,0.0001
LTCUSDT,1710921600004,0.00015392
LTCUSDT,1710950400000,0.0001
LTCUSDT,1710979200000,0.00017559
LTCUSDT,1711008000000,0.00020137
LTCUSDT,1711036800000,0.00016875
LTCUSDT,1711065600000,0.00021512
LTCUSDT,1711094400000,0.00015029
LTCUSDT,1711123200000,0.0001
LTCUSDT,1711152000000,0.00010793
LTCUSDT,1711180800000,0.00015
LTCUSDT,1711209600000,0.00018245
LTCUSDT,1711238400000,0.00016817
LTCUSDT,1711267200000,0.00011896
LTCUSDT,1711296000000,0.0001
LTCUSDT,1711324800000,0.00014055
LTCUSDT,1711353600001,0.00017983
LTCUSDT,1711382400000,0.00023002
LTCUSDT,1711411200000,0.00029759
LTCUSDT,1711440000000,0.00023058
LTCUSDT,1711468800000,0.0003477
LTCUSDT,1711497600000,0.000429
LTCUSDT,1711526400001,0.00039398
LTCUSDT,1711555200000,0.00030654
LTCUSDT,1711584000000,0.00033496
LTCUSDT,1711612800000,0.00034574
LTCUSDT,1711641600000,0.00038635
LTCUSDT,1711670400000,0.00033165
LTCUSDT,1711699200000,0.00040067
LTCUSDT,1711728000000,0.0008937
LTCUSDT,1711756800000,0.00065982
LTCUSDT,1711785600000,0.00052909
LTCUSDT,1711814400000,0.00069322
LTCUSDT,1711843200000,0.00049339
LTCUSDT,1711872000000,0.00045463
LTCUSDT,1711900800001,0.00049541
LTCUSDT,1711929600000,0.00067981
LTCUSDT,1711958400000,0.00067976
LTCUSDT,1711987200000,0.00030328
LTCUSDT,1712016000007,0.0001
LTCUSDT,1712044800015,0.00012188
LTCUSDT,1712073600000,0.0002379
LTCUSDT,1712102400000,0.00016173
LTCUSDT,1712131200000,0.0001
LTCUSDT,1712160000000,0.0001
LTCUSDT,1712188800000,0.0001
LTCUSDT,1712217600000,0.00015096
LTCUSDT,1712246400000,0.0001
LTCUSDT,1712275200000,0.0001
LTCUSDT,1712304000000,0.0001
LTCUSDT,1712332800000,0.0001
LTCUSDT,1712361600000,0.00011328
LTCUSDT,1712390400000,0.0001
LTCUSDT,1712419200000,0.00013303
LTCUSDT,1712448000000,0.0001
LTCUSDT,1712476800000,0.00013973
LTCUSDT,1712505600000,0.0001
LTCUSDT,1712534400001,0.0001103
LTCUSDT,1712563200000,0.00013843
LTCUSDT,1712592000006,0.00014741
LTCUSDT,1712620800000,0.00010941
LTCUSDT,1712649600001,0.0001
LTCUSDT,1712678400001,0.0001
LTCUSDT,1712707200000,0.0001
LTCUSDT,1712736000001,0.00010563
LTCUSDT,1712764800000,0.00010277
LTCUSDT,1712793600000,0.0001
LTCUSDT,1712822400000,0.0001
LTCUSDT,1712851200000,0.00015128
LTCUSDT,1712880000000,0.00013696
LTCUSDT,1712908800001,0.00013862
LTCUSDT,1712937600000,0.00014877
LTCUSDT,1712966400000,0.0001
LTCUSDT,1712995200000,0.0001
LTCUSDT,1713024000001,0.0001
LTCUSDT,1713052800000,0.0001
LTCUSDT,1713081600000,0.0001
LTCUSDT,1713110400000,0.0001
LTCUSDT,1713139200000,0.0001
LTCUSDT,1713168000001,0.0001
LTCUSDT,1713196800000,0.0001
LTCUSDT,1713225600001,0.0001
LTCUSDT,1713254400000,0.00001647
LTCUSDT,1713283200000,0.0001
LTCUSDT,1713312000000,0.00009758
LTCUSDT,1713340800000,0.00003766
LTCUSDT,1713369600000,0.00003089
LTCUSDT,1713398400000,0.0001
LTCUSDT,1713427200000,0.0001
LTCUSDT,1713456000000,0.00001194
LTCUSDT,1713484800001,0.0001
LTCUSDT,1713513600000,0.00006663
LTCUSDT,1713542400000,0.00009531
LTCUSDT,1713571200000,0.0001
LTCUSDT,1713600000000,0.00005945
LTCUSDT,1713628800000,0.00002224
LTCUSDT,1713657600000,0.0001
LTCUSDT,1713686400000,0.00002912
LTCUSDT,1713715200000,0.0001
LTCUSDT,1713744000000,0.0001
LTCUSDT,1713772800000,0.00007658
LTCUSDT,1713801600000,-0.00000324
LTCUSDT,1713830400000,0.0000805
LTCUSDT,1713859200000,0.00006172
LTCUSDT,1713888000001,-0.00005929
LTCUSDT,1713916800000,0.00008297
LTCUSDT,1713945600000,0.00003595
LTCUSDT,1713974400000,0.0001
LTCUSDT,1714003200000,0.0001
LTCUSDT,1714032000000,0.00006815
LTCUSDT,1714060800010,0.0001
LTCUSDT,1714089600001,0.0001
LTCUSDT,1714118400000,0.00000604
LTCUSDT,1714147200000,0.00005432
LTCUSDT,1714176000000,0.00008512
LTCUSDT,1714204800001,0.00009306
LTCUSDT,1714233600000,0.00002672
LTCUSDT,1714262400000,-0.00006135
LTCUSDT,1714291200000,-0.0000088
LTCUSDT,1714320000000,0.00003837
LTCUSDT,1714348800000,0.0001
LTCUSDT,1714377600000,0.00009805
LTCUSDT,1714406400000,0.00007397
LTCUSDT,1714435200000,0.0001
LTCUSDT,1714464000000,0.000069
LTCUSDT,1714492800000,0.00007135
LTCUSDT,1714521600000,0.00002073
LTCUSDT,1714550400000,0.0001
LTCUSDT,1714579200000,0.0001
LTCUSDT,1714608000000,0.0001
LTCUSDT,1714636800000,0.0001
LTCUSDT,1714665600002,0.00007421
LTCUSDT,1714694400000,0.00008022
LTCUSDT,1714723200000,0.00004869
LTCUSDT,1714752000000,0.00007276
LTCUSDT,1714780800000,0.0001
LTCUSDT,1714809600000,0.00004197
LTCUSDT,1714838400000,0.00004438
LTCUSDT,1714867200000,0.0001
LTCUSDT,1714896000000,0.0000621
LTCUSDT,1714924800000,0.0000274
LTCUSDT,1714953600000,0.00003317
LTCUSDT,1714982400000,0.00009889
LTCUSDT,1715011200000,0.0001
LTCUSDT,1715040000000,-0.00005662
LTCUSDT,1715068800000,0.00004071
LTCUSDT,1715097600000,0.00007977
LTCUSDT,1715126400000,0.0001
LTCUSDT,1715155200000,0.00003857
LTCUSDT,1715184000000,0.00009975
LTCUSDT,1715212800000,0.0001
LTCUSDT,1715241600000,0.00009714
LTCUSDT,1715270400000,0.0001
LTCUSDT,1715299200000,0.0001
LTCUSDT,1715328000000,0.0001
LTCUSDT,1715356800000,0.0001
LTCUSDT,1715385600000,0.00009872
LTCUSDT,1715414400000,0.00007434
LTCUSDT,1715443200000,0.0001
LTCUSDT,1715472000000,0.0001
LTCUSDT,1715500800000,0.00007457
LTCUSDT,1715529600000,0.0001
LTCUSDT,1715558400001,0.0001
LTCUSDT,1715587200001,0.0001
LTCUSDT,1715616000000,0.0001
LTCUSDT,1715644800000,0.0001
LTCUSDT,1715673600000,0.00005271
LTCUSDT,1715702400000,0.00007097
LTCUSDT,1715731200000,-0.00001571
LTCUSDT,1715760000000,0.00008981
LTCUSDT,1715788800000,0.00006862
LTCUSDT,1715817600004,0.0001
LTCUSDT,1715846400000,0.0001
LTCUSDT,1715875200000,0.0001
LTCUSDT,1715904000000,0.0001
LTCUSDT,1715932800000,0.0001
LTCUSDT,1715961600000,0.0001
LTCUSDT,1715990400000,0.0001
LTCUSDT,1716019200000,0.0001
LTCUSDT,1716048000000,0.0001
LTCUSDT,1716076800000,0.0001
LTCUSDT,1716105600000,0.0001
LTCUSDT,1716134400000,0.0001
LTCUSDT,1716163200000,0.0001
LTCUSDT,1716192000000,0.00008802
LTCUSDT,1716220800003,0.0001
LTCUSDT,1716249600000,0.0001
LTCUSDT,1716278400001,0.0001
LTCUSDT,1716307200000,0.0001
LTCUSDT,1716336000000,0.0001
LTCUSDT,1716364800000,0.0001
LTCUSDT,1716393600000,0.0001
LTCUSDT,1716422400000,0.0001
LTCUSDT,1716451200000,0.0001
LTCUSDT,1716480000000,0.0001
LTCUSDT,1716508800000,0.0001
LTCUSDT,1716537600000,0.0001
LTCUSDT,1716566400000,0.0001
LTCUSDT,1716595200000,0.0001
LTCUSDT,1716624000000,0.0001
LTCUSDT,1716652800000,0.0001
LTCUSDT,1716681600000,0.0001
LTCUSDT,1716710400000,0.0001
LTCUSDT,1716739200000,0.0001
LTCUSDT,1716768000000,0.0001
LTCUSDT,1716796800000,0.0001
LTCUSDT,1716825600000,0.0001
LTCUSDT,1716854400000,0.0001
LTCUSDT,1716883200000,0.0001
LTCUSDT,1716912000000,0.0001
LTCUSDT,1716940800001,0.0001
LTCUSDT,1716969600000,0.0001
LTCUSDT,1716998400000,0.00012767
LTCUSDT,1717027200000,0.00010102
LTCUSDT,1717056000000,0.00013036
LTCUSDT,1717084800000,0.0001
LTCUSDT,1717113600000,0.0001
LTCUSDT,1717142400000,0.0001
LTCUSDT,1717171200000,0.0001
LTCUSDT,1717200000000,0.0001
LTCUSDT,1717228800000,0.0001
LTCUSDT,1717257600001,0.00018328
LTCUSDT,1717286400000,0.0001
LTCUSDT,1717315200000,0.00015294
LTCUSDT,1717344000000,0.0001
LTCUSDT,1717372800000,0.0001
LTCUSDT,1717401600000,0.00016558
LTCUSDT,1717430400000,0.00013014
LTCUSDT,1717459200000,0.0001
LTCUSDT,1717488000000,0.0001
LTCUSDT,1717516800000,0.0001
LTCUSDT,1717545600000,0.0001
LTCUSDT,1717574400000,0.00021008
LTCUSDT,1717603200000,0.00016306
LTCUSDT,1717632000000,0.00018662
LTCUSDT,1717660800008,0.00021757
LTCUSDT,1717689600000,0.00013844
LTCUSDT,1717718400000,0.0001552
LTCUSDT,1717747200000,0.00016982
LTCUSDT,1717776000000,0.000148
LTCUSDT,1717804800000,0.0001
LTCUSDT,1717833600000,0.0001
LTCUSDT,1717862400000,0.0001
LTCUSDT,1717891200000,0.0001
LTCUSDT,1717920000000,0.0001
LTCUSDT,1717948800001,0.0001
LTCUSDT,1717977600000,0.0001
LTCUSDT,1718006400000,0.0001
LTCUSDT,1718035200001,0.0001
LTCUSDT,1718064000001,0.0001
LTCUSDT,1718092800000,0.0001
LTCUSDT,1718121600000,0.0001
LTCUSDT,1718150400000,0.0001
LTCUSDT,1718179200000,0.0001
LTCUSDT,1718208000000,0.0001
LTCUSDT,1718236800000,0.0001
LTCUSDT,1718265600001,0.0001
LTCUSDT,1718294400000,0.0001
LTCUSDT,1718323200000,0.0001
LTCUSDT,1718352000000,0.0001
LTCUSDT,1718380800000,0.0001
LTCUSDT,1718409600000,0.0001
LTCUSDT,1718438400000,0.0001
LTCUSDT,1718467200000,0.0001
LTCUSDT,1718496000001,0.0001
LTCUSDT,1718524800000,0.0001
LTCUSDT,1718553600000,0.0001
LTCUSDT,1718582400000,0.0001
LTCUSDT,1718611200000,0.0001
LTCUSDT,1718640000000,0.0001
LTCUSDT,1718668800000,0.0001
LTCUSDT,1718697600000,-0.00003287
LTCUSDT,1718726400000,-0.00003884
LTCUSDT,1718755200001,-0.00000379
LTCUSDT,1718784000001,0.00009106
LTCUSDT,1718812800000,0.00006244
LTCUSDT,1718841600000,0.0001
LTCUSDT,1718870400000,0.0001
LTCUSDT,1718899200000,0.0000306
LTCUSDT,1718928000000,-0.00005214
LTCUSDT,1718956800000,0.0001
LTCUSDT,1718985600000,0.0001
LTCUSDT,1719014400000,0.0001
LTCUSDT,1719043200000,0.0001
LTCUSDT,1719072000000,0.0001
LTCUSDT,1719100800000,0.0001
LTCUSDT,1719129600000,0.0001
LTCUSDT,1719158400000,0.0001
LTCUSDT,1719187200002,0.0001
LTCUSDT,1719216000000,0.0001
LTCUSDT,1719244800000,0.0000541
LTCUSDT,1719273600000,-0.0000335
LTCUSDT,1719302400000,0.00009115
LTCUSDT,1719331200000,0.00009646
LTCUSDT,1719360000002,0.00008082
LTCUSDT,1719388800000,0.0001
LTCUSDT,1719417600000,0.0001
LTCUSDT,1719446400000,0.00009991
LTCUSDT,1719475200001,0.0001
LTCUSDT,1719504000000,0.0001
LTCUSDT,1719532800000,0.0001
LTCUSDT,1719561600000,0.0001
LTCUSDT,1719590400000,0.0001
LTCUSDT,1719619200001,0.0001
LTCUSDT,1719648000000,0.00009517
LTCUSDT,1719676800000,0.00006011
LTCUSDT,1719705600000,0.00003034
LTCUSDT,1719734400000,-0.00003937
LTCUSDT,1719763200000,0.00008511
LTCUSDT,1719792000000,0.0001
LTCUSDT,1719820800000,0.0001
LTCUSDT,1719849600001,0.0001
LTCUSDT,1719878400000,0.0001
LTCUSDT,1719907200000,0.0001
LTCUSDT,1719936000000,0.0001
LTCUSDT,1719964800000,0.0001
LTCUSDT,1719993600001,0.0001
LTCUSDT,1720022400000,0.0001
LTCUSDT,1720051200000,0.0001
LTCUSDT,1720080000000,0.00008322
LTCUSDT,1720108800000,0.00007724
LTCUSDT,1720137600000,0.0000611
LTCUSDT,1720166400000,-0.0000979
LTCUSDT,1720195200000,-0.00000147
LTCUSDT,1720224000000,-0.00003415
LTCUSDT,1720252800000,-0.00005333
LTCUSDT,1720281600000,0.000002
LTCUSDT,1720310400001,0.0000345
LTCUSDT,1720339200000,0.00008823
LTCUSDT,1720368000000,0.00006837
LTCUSDT,1720396800000,-0.00000078
LTCUSDT,1720425600000,0.00006795
LTCUSDT,1720454400000,0.00003977
LTCUSDT,1720483200000,0.00004282
LTCUSDT,1720512000001,-0.00005329
LTCUSDT,1720540800000,0.0000278
LTCUSDT,1720569600000,0.00009102
LTCUSDT,1720598400000,0.00001312
LTCUSDT,1720627200000,0.00003678
LTCUSDT,1720656000002,0.00007949
LTCUSDT,1720684800002,0.0000637
LTCUSDT,1720713600004,0.00004014
LTCUSDT,1720742400000,0.00007714
LTCUSDT,1720771200000,-0.00000649
LTCUSDT,1720800000000,0.0000155
LTCUSDT,1720828800000,0.00003879
LTCUSDT,1720857600000,0.00007145
LTCUSDT,1720886400000,-0.00000511
LTCUSDT,1720915200000,0.00005691
LTCUSDT,1720944000000,-0.00001229
LTCUSDT,1720972800000,0.00002171
LTCUSDT,1721001600000,0.00002305
LTCUSDT,1721030400000,0.00004008
LTCUSDT,1721059200000,-0.00008096
LTCUSDT,1721088000000,0.00004503
LTCUSDT,1721116800000,0.00005515
LTCUSDT,1721145600000,0.00005513
LTCUSDT,1721174400000,-0.00000899
LTCUSDT,1721203200001,0.0001
LTCUSDT,1721232000000,0.00002087
LTCUSDT,1721260800000,0.00006884
LTCUSDT,1721289600000,0.00006173
LTCUSDT,1721318400000,0.0001
LTCUSDT,1721347200000,0.00009808
LTCUSDT,1721376000000,0.00002606
LTCUSDT,1721404800000,0.00006759
LTCUSDT,1721433600001,-0.00004716
LTCUSDT,1721462400000,0.0001
LTCUSDT,1721491200000,-0.0000434
LTCUSDT,1721520000000,0.00005958
LTCUSDT,1721548800000,-0.0000339
LTCUSDT,1721577600000,-0.00007573
LTCUSDT,1721606400000,0.0001
LTCUSDT,1721635200000,0.00007308
LTCUSDT,1721664000000,0.0001
LTCUSDT,1721692800000,0.00006414
LTCUSDT,1721721600000,-0.00000104
LTCUSDT,1721750400000,0.00005777
LTCUSDT,1721779200000,0.00007822
LTCUSDT,1721808000000,0.00002543
LTCUSDT,1721836800000,0.0001
LTCUSDT,1721865600000,0.0000989
LTCUSDT,1721894400000,0.00003635
LTCUSDT,1721923200000,0.00002823
LTCUSDT,1721952000000,0.00008518
LTCUSDT,1721980800000,0.0000436
LTCUSDT,1722009600000,0.0001
LTCUSDT,1722038400000,0.0001
LTCUSDT,1722067200000,0.0001
LTCUSDT,1722096000000,0.0001
LTCUSDT,1722124800000,0.0001
LTCUSDT,1722153600000,0.0001
LTCUSDT,1722182400001,0.00008749
LTCUSDT,1722211200001,0.0001
LTCUSDT,1722240000000,0.00003874
LTCUSDT,1722268800001,0.0001
LTCUSDT,1722297600000,0.0001
LTCUSDT,1722326400001,0.00005933
LTCUSDT,1722355200000,0.0001
LTCUSDT,1722384000000,0.0001
LTCUSDT,1722412800000,0.0001
LTCUSDT,1722441600000,0.00008868
LTCUSDT,1722470400000,0.0000986
LTCUSDT,1722499200000,0.00002173
LTCUSDT,1722528000000,0.00008101
LTCUSDT,1722556800000,0.00003857
LTCUSDT,1722585600001,0.00003152
LTCUSDT,1722614400000,0.0001
LTCUSDT,1722643200000,0.00008603
LTCUSDT,1722672000000,0.0001
LTCUSDT,1722700800001,0.00003017
LTCUSDT,1722729600000,0.00005579
LTCUSDT,1722758400000,0.00000582
LTCUSDT,1722787200000,0.00002413
LTCUSDT,1722816000000,0.00007163
LTCUSDT,1722844800000,0.00003919
LTCUSDT,1722873600000,0.00005394
LTCUSDT,1722902400000,-0.00000251
LTCUSDT,1722931200000,0.00002183
LTCUSDT,1722960000000,-0.00003829
LTCUSDT,1722988800000,0.00006069
LTCUSDT,1723017600001,0.00001563
LTCUSDT,1723046400000,0.00001695
LTCUSDT,1723075200001,0.000054
LTCUSDT,1723104000000,-0.00003926
LTCUSDT,1723132800000,-0.00005594
LTCUSDT,1723161600000,0.00007697
LTCUSDT,1723190400000,-0.00005777
LTCUSDT,1723219200000,0.0000659
LTCUSDT,1723248000000,0.0001
LTCUSDT,1723276800000,0.00007331
LTCUSDT,1723305600000,0.00005223
LTCUSDT,1723334400000,0.0001
LTCUSDT,1723363200000,0.00001757
LTCUSDT,1723392000001,0.0001
LTCUSDT,1723420800000,0.0001
LTCUSDT,1723449600000,0.00008346
LTCUSDT,1723478400000,0.00006453
LTCUSDT,1723507200000,0.0001
LTCUSDT,1723536000000,0.00001085
LTCUSDT,1723564800000,0.00005265
LTCUSDT,1723593600000,0.00007234
LTCUSDT,1723622400000,0.00001479
LTCUSDT,1723651200000,0.0000442
LTCUSDT,1723680000000,0.00005745
LTCUSDT,1723708800000,0.0001
LTCUSDT,1723737600000,0.00002641
LTCUSDT,1723766400000,0.00004278
LTCUSDT,1723795200000,0.00001742
LTCUSDT,1723824000000,0.00002066
LTCUSDT,1723852800000,0.00009626
LTCUSDT,1723881600000,0.0000742
LTCUSDT,1723910400000,0.00000807
LTCUSDT,1723939200000,0.00001046
LTCUSDT,1723968000000,0.00000736
LTCUSDT,1723996800000,0.00000309
LTCUSDT,1724025600000,0.00006158
LTCUSDT,1724054400000,0.00006298
LTCUSDT,1724083200002,0.00007259
LTCUSDT,1724112000000,0.00007216
LTCUSDT,1724140800000,0.00002422
LTCUSDT,1724169600001,0.00004443
LTCUSDT,1724198400001,0.00003644
LTCUSDT,1724227200000,0.00007906
LTCUSDT,1724256000001,-0.00000801
LTCUSDT,1724284800000,-0.00002263
LTCUSDT,1724313600000,0.00006929
LTCUSDT,1724342400008,0.00005263
LTCUSDT,1724371200000,-0.00003333
LTCUSDT,1724400000000,0.00005199
LTCUSDT,1724428800000,0.00007423
LTCUSDT,1724457600000,0.00006493
LTCUSDT,1724486400005,0.00003794
LTCUSDT,1724515200000,0.00006847
LTCUSDT,1724544000000,0.0001
LTCUSDT,1724572800000,0.00004484
LTCUSDT,1724601600000,0.00006233
LTCUSDT,1724630400000,-0.00001226
LTCUSDT,1724659200001,0.00000845
LTCUSDT,1724688000000,0.00003277
LTCUSDT,1724716800001,0.00004811
LTCUSDT,1724745600000,0.00003419
LTCUSDT,1724774400000,0.00007411
LTCUSDT,1724803200000,-0.00006216
LTCUSDT,1724832000000,-0.00003199
LTCUSDT,1724860800001,0.0000808
LTCUSDT,1724889600000,-0.00000182
LTCUSDT,1724918400001,-0.00002994
LTCUSDT,1724947200000,0.00007045
LTCUSDT,1724976000000,0.00001855
LTCUSDT,1725004800000,0.00004287
LTCUSDT,1725033600000,0.00004191
LTCUSDT,1725062400000,-0.00000152
LTCUSDT,1725091200000,0.00004855
LTCUSDT,1725120000000,0.0001
LTCUSDT,1725148800000,0.00006578
LTCUSDT,1725177600001,0.00009457
LTCUSDT,1725206400000,0.00004473
LTCUSDT,1725235200001,0.00001693
LTCUSDT,1725264000001,0.0001
LTCUSDT,1725292800000,-0.00004484
LTCUSDT,1725321600000,0.00008869
LTCUSDT,1725350400001,0.0000424
LTCUSDT,1725379200000,0.00005565
LTCUSDT,1725408000000,0.00005105
LTCUSDT,1725436800000,0.00003793
LTCUSDT,1725465600000,0.00002429
LTCUSDT,1725494400000,0.00008727
LTCUSDT,1725523200000,0.00006401
LTCUSDT,1725552000005,0.0000523
LTCUSDT,1725580800000,0.00001595
LTCUSDT,1725609600001,0.00006306
LTCUSDT,1725638400000,0.00000793
LTCUSDT,1725667200000,-0.00002117
LTCUSDT,1725696000000,0.00003504
LTCUSDT,1725724800000,0.0000406
LTCUSDT,1725753600000,-0.00007593
LTCUSDT,1725782400000,0.00003194
LTCUSDT,1725811200000,-0.0000077
LTCUSDT,1725840000000,-0.00001101
LTCUSDT,1725868800000,-0.00004361
LTCUSDT,1725897600001,-0.0000241
LTCUSDT,1725926400000,0.0000202
LTCUSDT,1725955200000,0.00001161
LTCUSDT,1725984000000,-0.00000387
LTCUSDT,1726012800000,0.00005337
LTCUSDT,1726041600000,0.00005806
LTCUSDT,1726070400000,-0.00002595
LTCUSDT,1726099200000,0.00000405
LTCUSDT,1726128000000,0.00002149
LTCUSDT,1726156800000,-0.00004024
LTCUSDT,1726185600000,0.00002911
LTCUSDT,1726214400001,0.000024
LTCUSDT,1726243200001,0.00001749
LTCUSDT,1726272000000,0.00002023
LTCUSDT,1726300800000,0.00002333
LTCUSDT,1726329600001,0.00004075
LTCUSDT,1726358400000,0.00008839
LTCUSDT,1726387200000,0.00000163
LTCUSDT,1726416000000,0.00001734
LTCUSDT,1726444800000,0.00001907
LTCUSDT,1726473600001,-0.00000336
LTCUSDT,1726502400000,0.00002528
LTCUSDT,1726531200001,0.00002753
LTCUSDT,1726560000000,-0.00001455
LTCUSDT,1726588800000,-0.0000711
LTCUSDT,1726617600000,-0.00002737
LTCUSDT,1726646400000,-0.00000678
LTCUSDT,1726675200004,0.00003345
LTCUSDT,1726704000000,0.00006997
LTCUSDT,1726732800000,0.00004471
LTCUSDT,1726761600001,0.0000815
LTCUSDT,1726790400000,0.0001
LTCUSDT,1726819200001,0.00007963
LTCUSDT,1726848000000,0.0001
LTCUSDT,1726876800001,0.0000757
LTCUSDT,1726905600000,0.0001
LTCUSDT,1726934400000,0.00002772
LTCUSDT,1726963200000,0.0001
LTCUSDT,1726992000000,-0.00000459
LTCUSDT,1727020800000,0.0001
LTCUSDT,1727049600000,0.00007699
LTCUSDT,1727078400000,0.00008916
LTCUSDT,1727107200000,0.00005189
LTCUSDT,1727136000000,0.0001
LTCUSDT,1727164800000,0.0001
LTCUSDT,1727193600001,0.00004424
LTCUSDT,1727222400000,0.00003104
LTCUSDT,1727251200003,0.00000926
LTCUSDT,1727280000000,0.00006374
LTCUSDT,1727308800005,0.0001
LTCUSDT,1727337600000,0.0001
LTCUSDT,1727366400000,0.0001
LTCUSDT,1727395200000,0.0001
LTCUSDT,1727424000000,0.0001
LTCUSDT,1727452800000,0.0001
LTCUSDT,1727481600000,0.0001
LTCUSDT,1727510400001,0.0001
LTCUSDT,1727539200000,0.0001
LTCUSDT,1727568000001,0.0001
LTCUSDT,1727596800000,0.0001
LTCUSDT,1727625600000,0.0001
LTCUSDT,1727654400000,0.0001
LTCUSDT,1727683200001,0.0001
LTCUSDT,1727712000000,0.0001
LTCUSDT,1727740800000,0.00004895
LTCUSDT,1727769600000,0.0001
LTCUSDT,1727798400001,0.0001
LTCUSDT,1727827200000,0.00001828
LTCUSDT,1727856000000,0.0000517
LTCUSDT,1727884800000,0.00003246
LTCUSDT,1727913600000,0.0000526
LTCUSDT,1727942400000,0.0001
LTCUSDT,1727971200000,0.00004008
LTCUSDT,1728000000000,0.00008147
LTCUSDT,1728028800000,0.00006546
LTCUSDT,1728057600001,0.00003846
LTCUSDT,1728086400000,0.00000598
LTCUSDT,1728115200000,0.00004807
LTCUSDT,1728144000000,0.0001
LTCUSDT,1728172800000,0.0001
LTCUSDT,1728201600001,0.0001
LTCUSDT,1728230400000,0.0000921
LTCUSDT,1728259200000,0.00009799
LTCUSDT,1728288000000,0.00004964
LTCUSDT,1728316800001,0.0001
LTCUSDT,1728345600000,0.0001
LTCUSDT,1728374400000,0.0001
LTCUSDT,1728403200000,0.0001
LTCUSDT,1728432000000,0.0001
LTCUSDT,1728460800000,0.0001
LTCUSDT,1728489600000,0.0001
LTCUSDT,1728518400000,0.0001
LTCUSDT,1728547200000,0.00007632
LTCUSDT,1728576000000,0.00005798
LTCUSDT,1728604800000,0.00006106
LTCUSDT,1728633600000,0.00006661
LTCUSDT,1728662400001,0.00004354
LTCUSDT,1728691200000,0.00006242
LTCUSDT,1728720000001,0.00006727
LTCUSDT,1728748800000,0.00008401
LTCUSDT,1728777600000,0.00009584
LTCUSDT,1728806400000,0.0001
LTCUSDT,1728835200000,0.00002467
LTCUSDT,1728864000000,0.00009993
LTCUSDT,1728892800000,0.00008251
LTCUSDT,1728921600000,0.0001
LTCUSDT,1728950400000,0.0001
LTCUSDT,1728979200000,0.0001
LTCUSDT,1729008000000,0.0001
LTCUSDT,1729036800000,0.0001
LTCUSDT,1729065600001,0.0001
LTCUSDT,1729094400000,0.0001
LTCUSDT,1729123200000,0.0001
LTCUSDT,1729152000000,0.0001
LTCUSDT,1729180800001,0.0001
LTCUSDT,1729209600010,0.0001
LTCUSDT,1729238400001,0.0001
LTCUSDT,1729267200000,0.0001
LTCUSDT,1729296000000,0.0001
LTCUSDT,1729324800000,0.0001
LTCUSDT,1729353600000,0.0001
LTCUSDT,1729382400000,0.0001
LTCUSDT,1729411200000,0.0001
LTCUSDT,1729440000000,0.0001
LTCUSDT,1729468800000,0.0001
LTCUSDT,1729497600000,0.0001
LTCUSDT,1729526400000,0.0001
LTCUSDT,1729555200000,0.0001
LTCUSDT,1729584000000,0.0001
LTCUSDT,1729612800000,0.0001
LTCUSDT,1729641600000,0.0001
LTCUSDT,1729670400000,0.0001
LTCUSDT,1729699200000,0.00009648
LTCUSDT,1729728000000,0.0001
LTCUSDT,1729756800000,0.0001
LTCUSDT,1729785600000,0.0001
LTCUSDT,1729814400000,0.0001
LTCUSDT,1729843200000,0.0001
LTCUSDT,1729872000000,0.0001
LTCUSDT,1729900800000,0.0001
LTCUSDT,1729929600001,0.00005446
LTCUSDT,1729958400000,0.0000398
LTCUSDT,1729987200000,0.00004161
LTCUSDT,1730016000000,0.00002831
LTCUSDT,1730044800000,0.0001
LTCUSDT,1730073600000,0.0001
LTCUSDT,1730102400001,0.0001
LTCUSDT,1730131200000,0.0001
LTCUSDT,1730160000000,0.0001
LTCUSDT,1730188800000,0.0001
LTCUSDT,1730217600004,0.0001
LTCUSDT,1730246400000,0.0001
LTCUSDT,1730275200000,0.0001
LTCUSDT,1730304000013,0.0001
LTCUSDT,1730332800000,0.0001
LTCUSDT,1730361600000,0.0001
LTCUSDT,1730390400000,0.0001
LTCUSDT,1730419200000,0.0001
LTCUSDT,1730448000000,0.0001
LTCUSDT,1730476800000,0.0001
LTCUSDT,1730505600000,0.0001
LTCUSDT,1730534400000,0.0001
LTCUSDT,1730563200000,0.0001
LTCUSDT,1730592000000,0.0001
LTCUSDT,1730620800000,0.0001
LTCUSDT,1730649600000,0.0001
LTCUSDT,1730678400000,0.0001
LTCUSDT,1730707200000,0.0001
LTCUSDT,1730736000000,0.0001
LTCUSDT,1730764800000,0.0001
LTCUSDT,1730793600003,0.0001
LTCUSDT,1730822400001,0.0001
LTCUSDT,1730851200000,0.0001
LTCUSDT,1730880000000,0.0001
LTCUSDT,1730908800000,0.0001
LTCUSDT,1730937600000,0.0001
LTCUSDT,1730966400000,0.0001
LTCUSDT,1730995200000,0.0001
LTCUSDT,1731024000000,0.0001
LTCUSDT,1731052800000,0.0001
LTCUSDT,1731081600000,0.0001
LTCUSDT,1731110400000,0.0001
LTCUSDT,1731139200000,0.0001
LTCUSDT,1731168000000,0.0001
LTCUSDT,1731196800000,0.0001
LTCUSDT,1731225600000,0.00016619
LTCUSDT,1731254400000,0.00030059
LTCUSDT,1731283200001,0.0001913
LTCUSDT,1731312000000,0.00020847
LTCUSDT,1731340800000,0.00013497
LTCUSDT,1731369600002,0.00037967
LTCUSDT,1731398400000,0.00047785
LTCUSDT,1731427200000,0.00035606
LTCUSDT,1731456000000,0.00027525
LTCUSDT,1731484800010,0.0001
LTCUSDT,1731513600000,0.00020912
LTCUSDT,1731542400001,0.00013545
LTCUSDT,1731571200000,0.0001
LTCUSDT,1731600000000,0.0001
LTCUSDT,1731628800000,0.0001
LTCUSDT,1731657600000,0.0001
LTCUSDT,1731686400000,0.0001
LTCUSDT,1731715200001,0.0001
LTCUSDT,1731744000001,0.0001
LTCUSDT,1731772800000,0.0001
LTCUSDT,1731801600000,0.00018837
LTCUSDT,1731830400000,0.0001
LTCUSDT,1731859200001,0.0001
LTCUSDT,1731888000000,0.0001
LTCUSDT,1731916800000,0.00017325
LTCUSDT,1731945600000,0.0001
LTCUSDT,1731974400000,0.00015265
LTCUSDT,1732003200000,0.00015237
LTCUSDT,1732032000000,0.00013221
LTCUSDT,1732060800003,0.00011302
LTCUSDT,1732089600000,0.0001
LTCUSDT,1732118400000,0.0001
LTCUSDT,1732147200001,0.0001
LTCUSDT,1732176000000,0.0001
LTCUSDT,1732204800001,0.0001
LTCUSDT,1732233600000,0.00017677
LTCUSDT,1732262400000,0.00016496
LTCUSDT,1732291200001,0.00016244
LTCUSDT,1732320000000,0.00016041
LTCUSDT,1732348800000,0.00057097
LTCUSDT,1732377600000,0.00042825
LTCUSDT,1732406400001,0.00018834
LTCUSDT,1732435200000,0.00030186
LTCUSDT,1732464000000,0.00019646
LTCUSDT,1732492800000,0.00012374
LTCUSDT,1732521600000,0.00023054
LTCUSDT,1732550400000,0.00017133
LTCUSDT,1732579200000,0.00017012
LTCUSDT,1732608000000,0.00015905
LTCUSDT,1732636800000,0.0001
LTCUSDT,1732665600000,0.00017919
LTCUSDT,1732694400000,0.00017996
LTCUSDT,1732723200001,0.00025728
LTCUSDT,1732752000000,0.00028453
LTCUSDT,1732780800000,0.00014389
LTCUSDT,1732809600000,0.0001
LTCUSDT,1732838400000,0.00014813
LTCUSDT,1732867200000,0.00020769
LTCUSDT,1732896000000,0.00025606
LTCUSDT,1732924800000,0.00034168
LTCUSDT,1732953600000,0.00017834
LTCUSDT,1732982400000,0.0002029
LTCUSDT,1733011200000,0.0002444
LTCUSDT,1733040000000,0.00022414
LTCUSDT,1733068800000,0.00032851
LTCUSDT,1733097600001,0.00058787
LTCUSDT,1733126400001,0.0002226
LTCUSDT,1733155200000,0.00017643
LTCUSDT,1733184000000,0.00034892
LTCUSDT,1733212800000,0.00047181
LTCUSDT,1733241600000,0.00033067
LTCUSDT,1733270400000,0.00042263
LTCUSDT,1733299200000,0.00041041
LTCUSDT,1733328000000,0.00042323
LTCUSDT,1733356800001,0.00031589
LTCUSDT,1733385600000,0.00062247
LTCUSDT,1733414400000,0.0006991
LTCUSDT,1733443200000,0.00036856
LTCUSDT,1733472000000,0.00035263
LTCUSDT,1733500800000,0.00012061
LTCUSDT,1733529600000,0.00041892
LTCUSDT,1733558400000,0.00044986
LTCUSDT,1733587200000,0.00035767
LTCUSDT,1733616000000,0.00028075
LTCUSDT,1733644800000,0.00019845
LTCUSDT,1733673600000,0.00020362
LTCUSDT,1733702400000,0.00031296
LTCUSDT,1733731200000,0.0001831
LTCUSDT,1733760000001,0.0001
LTCUSDT,1733788800007,0.0001
LTCUSDT,1733817600000,0.0001
LTCUSDT,1733846400000,0.0001
LTCUSDT,1733875200000,0.0001
LTCUSDT,1733904000000,0.0001
LTCUSDT,1733932800001,0.0001
LTCUSDT,1733961600001,0.0001
LTCUSDT,1733990400000,0.0001
LTCUSDT,1734019200001,0.0001
LTCUSDT,1734048000000,0.0001
LTCUSDT,1734076800000,0.0001
LTCUSDT,1734105600001,0.0001
LTCUSDT,1734134400000,0.0001
LTCUSDT,1734163200000,0.0001
LTCUSDT,1734192000000,0.0001
LTCUSDT,1734220800000,0.0001
LTCUSDT,1734249600000,0.0001
LTCUSDT,1734278400000,0.0001
LTCUSDT,1734307200000,0.0001
LTCUSDT,1734336000001,0.0001
LTCUSDT,1734364800000,0.0001
LTCUSDT,1734393600000,0.0001
LTCUSDT,1734422400000,0.0001
LTCUSDT,1734451200000,0.0001
LTCUSDT,1734480000000,0.0001
LTCUSDT,1734508800000,0.0001
LTCUSDT,1734537600000,0.0001
LTCUSDT,1734566400000,0.0001
LTCUSDT,1734595200000,0.0001
LTCUSDT,1734624000000,0.0001
LTCUSDT,1734652800000,0.0001
LTCUSDT,1734681600001,0.0001
LTCUSDT,1734710400014,0.0001
LTCUSDT,1734739200000,0.00008266
LTCUSDT,1734768000000,0.0001
LTCUSDT,1734796800001,0.0001
LTCUSDT,1734825600000,0.00004747
LTCUSDT,1734854400000,0.0001
LTCUSDT,1734883200000,0.0001
LTCUSDT,1734912000000,0.0001
LTCUSDT,1734940800000,0.0001
LTCUSDT,1734969600001,0.0001
LTCUSDT,1734998400000,0.0001
LTCUSDT,1735027200000,0.0001
LTCUSDT,1735056000001,0.0001
LTCUSDT,1735084800001,0.0001
LTCUSDT,1735113600000,0.0001
LTCUSDT,1735142400000,0.0001
LTCUSDT,1735171200000,0.00009146
LTCUSDT,1735200000000,0.0001
LTCUSDT,1735228800000,0.0001
LTCUSDT,1735257600000,0.0001
LTCUSDT,1735286400000,0.0001
LTCUSDT,1735315200000,0.0001
LTCUSDT,1735344000001,0.0001
LTCUSDT,1735372800000,0.00002068
LTCUSDT,1735401600000,0.00001529
LTCUSDT,1735430400000,0.000051
LTCUSDT,1735459200000,0.00003658
LTCUSDT,1735488000000,0.00007345
LTCUSDT,1735516800000,0.00009108
LTCUSDT,1735545600001,0.00006367
LTCUSDT,1735574400000,0.0001
LTCUSDT,1735603200000,0.0001
LTCUSDT,1735632000000,0.00006834
LTCUSDT,1735660800000,0.0001
LTCUSDT,1735689600015,0.0001
LTCUSDT,1735718400000,0.00008487
LTCUSDT,1735747200001,0.0001
LTCUSDT,1735776000000,0.0001
LTCUSDT,1735804800006,0.0001
LTCUSDT,1735833600000,0.0001
LTCUSDT,1735862400000,0.0001
LTCUSDT,1735891200000,0.0001
LTCUSDT,1735920000000,0.0001
LTCUSDT,1735948800000,0.0001
LTCUSDT,1735977600000,0.0001
LTCUSDT,1736006400000,0.0001
LTCUSDT,1736035200000,0.0001
LTCUSDT,1736064000000,0.0001
LTCUSDT,1736092800000,0.0001
LTCUSDT,1736121600000,0.0001
LTCUSDT,1736150400001,0.0001
LTCUSDT,1736179200000,0.0001
LTCUSDT,1736208000000,0.0001
LTCUSDT,1736236800000,0.0001
LTCUSDT,1736265600008,0.0001
LTCUSDT,1736294400001,0.00003145
LTCUSDT,1736323200000,0.0001
LTCUSDT,1736352000000,0.0001
LTCUSDT,1736380800000,0.00003611
LTCUSDT,1736409600000,0.0001
LTCUSDT,1736438400000,0.00008644
LTCUSDT,1736467200000,0.0001
LTCUSDT,1736496000000,0.0001
LTCUSDT,1736524800000,0.0001
LTCUSDT,1736553600000,0.0001
LTCUSDT,1736582400000,0.00009277
LTCUSDT,1736611200000,-0.00001825
LTCUSDT,1736640000000,-0.00010728
LTCUSDT,1736668800000,0.00008311
LTCUSDT,1736697600000,0.00001285
LTCUSDT,1736726400000,-0.00001513
LTCUSDT,1736755200000,-0.00003491
LTCUSDT,1736784000000,-0.00003644
LTCUSDT,1736812800000,0.00002097
LTCUSDT,1736841600000,0.00006466
LTCUSDT,1736870400000,-0.00002824
LTCUSDT,1736899200000,0.00009571
LTCUSDT,1736928000000,0.0001
LTCUSDT,1736956800000,0.0001
LTCUSDT,1736985600000,0.0001
LTCUSDT,1737014400000,0.0001
LTCUSDT,1737043200000,0.0001
LTCUSDT,1737072000004,0.0001
LTCUSDT,1737100800000,0.0001
LTCUSDT,1737129600008,0.0001
LTCUSDT,1737158400000,0.0001
LTCUSDT,1737187200007,0.0001
LTCUSDT,1737216000000,0.0001
LTCUSDT,1737244800000,0.0001
LTCUSDT,1737273600000,0.0001
LTCUSDT,1737302400000,0.0001
LTCUSDT,1737331200000,0.0001
LTCUSDT,1737360000009,0.0001
LTCUSDT,1737388800000,0.0001
LTCUSDT,1737417600000,0.0001
LTCUSDT,1737446400000,0.0001
LTCUSDT,1737475200000,0.0001
LTCUSDT,1737504000000,0.0001
LTCUSDT,1737532800000,0.0001
LTCUSDT,1737561600000,0.00007465
LTCUSDT,1737590400001,0.0001
LTCUSDT,1737619200000,0.0001
LTCUSDT,1737648000000,0.0001
LTCUSDT,1737676800000,0.0001
LTCUSDT,1737705600000,0.0001
LTCUSDT,1737734400000,0.00006771
LTCUSDT,1737763200000,0.00006817
LTCUSDT,1737792000000,0.00008675
LTCUSDT,1737820800001,0.00005402
LTCUSDT,1737849600000,0.0001
LTCUSDT,1737878400000,0.0001
LTCUSDT,1737907200000,0.0001
LTCUSDT,1737936000000,0.0001
LTCUSDT,1737964800000,-0.00001583
LTCUSDT,1737993600000,-0.00003389
LTCUSDT,1738022400000,0.0001
LTCUSDT,1738051200000,0.00004825
LTCUSDT,1738080000000,0.0001
LTCUSDT,1738108800000,0.0001
LTCUSDT,1738137600000,0.00003336
LTCUSDT,1738166400000,0.0001
LTCUSDT,1738195200000,0.00006971
LTCUSDT,1738224000000,0.0001
LTCUSDT,1738252800000,0.0001
LTCUSDT,1738281600000,0.0001
LTCUSDT,1738310400000,0.0001
LTCUSDT,1738339200000,0.0001
LTCUSDT,1738368000000,0.0001
LTCUSDT,1738396800000,0.0001
LTCUSDT,1738425600000,0.0001
LTCUSDT,1738454400001,0.0001
LTCUSDT,1738483200000,0.0001
LTCUSDT,1738512000000,0.00002648
LTCUSDT,1738540800000,0.00003757
LTCUSDT,1738569600000,-0.00010707
LTCUSDT,1738598400000,0.00002976
LTCUSDT,1738627200000,0.00007677
LTCUSDT,1738656000001,-0.00002864
LTCUSDT,1738684800000,0.00002027
LTCUSDT,1738713600001,0.00004213
LTCUSDT,1738742400001,0.00005574
LTCUSDT,1738771200000,0.00001826
LTCUSDT,1738800000001,0.00004038
LTCUSDT,1738828800001,-0.0000089
LTCUSDT,1738857600000,0.0001
LTCUSDT,1738886400000,-0.00001808
LTCUSDT,1738915200000,0.00002226
LTCUSDT,1738944000000,0.0001
LTCUSDT,1738972800000,0.00007416
LTCUSDT,1739001600000,0.0000789
LTCUSDT,1739030400000,0.0001
LTCUSDT,1739059200000,0.0001
LTCUSDT,1739088000000,0.0001
LTCUSDT,1739116800000,0.0001
LTCUSDT,1739145600000,0.00008742
LTCUSDT,1739174400000,0.00007962
LTCUSDT,1739203200000,0.0001
LTCUSDT,1739232000000,0.0001
LTCUSDT,1739260800000,0.0001
LTCUSDT,1739289600000,0.0001
LTCUSDT,1739318400000,0.0001
LTCUSDT,1739347200000,0.0001
LTCUSDT,1739376000001,0.0000458
LTCUSDT,1739404800001,0.00004576
LTCUSDT,1739433600000,0.0001
LTCUSDT,1739462400001,-0.00000512
LTCUSDT,1739491200000,0.0001
LTCUSDT,1739520000001,0.00009246
LTCUSDT,1739548800000,0.00009045
LTCUSDT,1739577600000,0.00009551
LTCUSDT,1739606400000,0.0001
LTCUSDT,1739635200000,0.0001
LTCUSDT,1739664000000,0.00004247
LTCUSDT,1739692800000,0.00006578
LTCUSDT,1739721600000,0.00004713
LTCUSDT,1739750400000,0.00002435
LTCUSDT,1739779200000,0.00003215
LTCUSDT,1739808000000,0.00006255
LTCUSDT,1739836800000,0.00005268
LTCUSDT,1739865600000,0.00005344
LTCUSDT,1739894400000,0.00004877
LTCUSDT,1739923200000,0.0001
LTCUSDT,1739952000000,0.0001
LTCUSDT,1739980800000,0.0001
LTCUSDT,1740009600000,0.0001
LTCUSDT,1740038400000,0.00006084
LTCUSDT,1740067200000,0.00004316
LTCUSDT,1740096000001,-0.00007509
LTCUSDT,1740124800000,0.0000919
LTCUSDT,1740153600000,0.00001303
LTCUSDT,1740182400000,0.0001
LTCUSDT,1740211200000,0.0000216
LTCUSDT,1740240000000,0.00002646
LTCUSDT,1740268800000,0.00004918
LTCUSDT,1740297600000,-0.00004434
LTCUSDT,1740326400000,0.00007077
LTCUSDT,1740355200000,0.00000282
LTCUSDT,1740384000000,-0.00000133
LTCUSDT,1740412800000,0.00001512
LTCUSDT,1740441600000,-0.00005916
LTCUSDT,1740470400000,-0.00004579
LTCUSDT,1740499200000,-0.00000293
LTCUSDT,1740528000000,-0.00006149
LTCUSDT,1740556800000,-0.00003957
LTCUSDT,1740585600000,0.0001
LTCUSDT,1740614400001,0.0001
LTCUSDT,1740643200000,0.0001
LTCUSDT,1740672000000,0.0001
LTCUSDT,1740700800001,0.00004549
LTCUSDT,1740729600000,0.00007645
LTCUSDT,1740758400000,-0.00002674
LTCUSDT,1740787200000,0.0001
LTCUSDT,1740816000000,0.0001
LTCUSDT,1740844800001,0.0001
LTCUSDT,1740873600000,0.00003025
LTCUSDT,1740902400000,-0.00003215
LTCUSDT,1740931200000,-0.00009643
LTCUSDT,1740960000001,0.00005065
LTCUSDT,1740988800000,-0.00002138
LTCUSDT,1741017600000,-0.00015283
LTCUSDT,1741046400001,-0.00014663
LTCUSDT,1741075200005,0.00002847
LTCUSDT,1741104000000,0.00000592
LTCUSDT,1741132800000,-0.00007971
LTCUSDT,1741161600000,-0.00003888
LTCUSDT,1741190400000,-0.0000144
LTCUSDT,1741219200000,-0.0001095
LTCUSDT,1741248000001,0.00004167
LTCUSDT,1741276800000,-0.00000675
LTCUSDT,1741305600000,-0.00009355
LTCUSDT,1741334400001,0.00003138
LTCUSDT,1741363200000,0.0001
LTCUSDT,1741392000000,0.00003051
LTCUSDT,1741420800001,0.00004478
LTCUSDT,1741449600001,0.00004362
LTCUSDT,1741478400001,0.00000758
LTCUSDT,1741507200000,0.00004768
LTCUSDT,1741536000000,0.00000168
LTCUSDT,1741564800000,0.00003931
LTCUSDT,1741593600000,0.00006624
LTCUSDT,1741622400000,0.0000165
LTCUSDT,1741651200000,0.00007274
LTCUSDT,1741680000000,0.00007883
LTCUSDT,1741708800001,0.00004265
LTCUSDT,1741737600000,0.00002203
LTCUSDT,1741766400000,0.00002699
LTCUSDT,1741795200001,0.00003589
LTCUSDT,1741824000000,0.0001
LTCUSDT,1741852800000,0.00006704
LTCUSDT,1741881600000,-0.00000623
LTCUSDT,1741910400000,0.00003296
LTCUSDT,1741939200000,0.00009122
LTCUSDT,1741968000000,0.00007961
LTCUSDT,1741996800000,0.00001857
LTCUSDT,1742025600000,0.00006566
LTCUSDT,1742054400000,0.00004439
LTCUSDT,1742083200000,0.00000786
LTCUSDT,1742112000000,-0.00002583
LTCUSDT,1742140800000,-0.0000294
LTCUSDT,1742169600000,0.00009802
LTCUSDT,1742198400000,0.0001
LTCUSDT,1742227200000,0.00008461
LTCUSDT,1742256000000,0.00001365
LTCUSDT,1742284800000,-0.00003488
LTCUSDT,1742313600000,-0.0000532
LTCUSDT,1742342400000,0.00002047
LTCUSDT,1742371200000,0.0001
LTCUSDT,1742400000000,0.0001
LTCUSDT,1742428800000,0.0001
LTCUSDT,1742457600000,0.0001
LTCUSDT,1742486400000,0.00003286
LTCUSDT,1742515200000,0.0001
LTCUSDT,1742544000000,0.0001
LTCUSDT,1742572800000,0.00005724
LTCUSDT,1742601600000,-0.00003025
LTCUSDT,1742630400004,-0.00011728
LTCUSDT,1742659200000,-0.0000577
LTCUSDT,1742688000000,0.0001
LTCUSDT,1742716800000,0.00007205
LTCUSDT,1742745600000,0.00005394
LTCUSDT,1742774400000,0.00001185
LTCUSDT,1742803200000,0.0001
LTCUSDT,1742832000000,0.0001
LTCUSDT,1742860800001,0.0001
LTCUSDT,1742889600000,0.00001618
LTCUSDT,1742918400000,0.00005758
LTCUSDT,1742947200000,0.0001
LTCUSDT,1742976000000,0.0001
LTCUSDT,1743004800001,0.00005366
LTCUSDT,1743033600001,-0.00007575
LTCUSDT,1743062400001,0.00008625
LTCUSDT,1743091200002,0.00005047
LTCUSDT,1743120000001,0.00006315
LTCUSDT,1743148800001,-0.00006276
LTCUSDT,1743177600000,-0.00008558
LTCUSDT,1743206400000,-0.00007747
LTCUSDT,1743235200000,0.00002072
LTCUSDT,1743264000000,0.00005748
LTCUSDT,1743292800000,0.00002399
LTCUSDT,1743321600000,-0.00001431
LTCUSDT,1743350400000,0.00000467
LTCUSDT,1743379200000,0.00003919
LTCUSDT,1743408000000,-0.00000992
LTCUSDT,1743436800000,-0.00002286
LTCUSDT,1743465600000,0.00000719
LTCUSDT,1743494400001,0.00007388
LTCUSDT,1743523200000,0.00007737
LTCUSDT,1743552000001,0.00004946
LTCUSDT,1743580800000,-0.00004258
LTCUSDT,1743609600000,0.00004547
LTCUSDT,1743638400000,0.0000742
LTCUSDT,1743667200000,0.00004195
LTCUSDT,1743696000000,0.00001435
LTCUSDT,1743724800000,0.0001
LTCUSDT,1743753600000,0.0001
LTCUSDT,1743782400000,0.00006546
LTCUSDT,1743811200000,0.0001
LTCUSDT,1743840000000,0.0001
LTCUSDT,1743868800000,0.000029
LTCUSDT,1743897600000,-0.00001134
LTCUSDT,1743926400000,0.0001
LTCUSDT,1743955200002,-0.00013622
LTCUSDT,1743984000000,-0.00008358
LTCUSDT,1744012800000,0.00002923
LTCUSDT,1744041600000,0.00007016
LTCUSDT,1744070400000,0.00007678
LTCUSDT,1744099200000,0.00005288
LTCUSDT,1744128000000,0.00009518
LTCUSDT,1744156800000,0.00009147
LTCUSDT,1744185600001,0.00007646
LTCUSDT,1744214400000,0.0001
LTCUSDT,1744243200000,0.0001
LTCUSDT,1744272000000,0.0000723
LTCUSDT,1744300800000,0.00006559
LTCUSDT,1744329600001,0.00000469
LTCUSDT,1744358400000,0.00009555
LTCUSDT,1744387200000,0.00007067
LTCUSDT,1744416000000,0.0001
LTCUSDT,1744444800001,0.00000464
LTCUSDT,1744473600000,0.00001377
LTCUSDT,1744502400000,0.00009055
LTCUSDT,1744531200000,0.00004726
LTCUSDT,1744560000000,0.00006836
LTCUSDT,1744588800000,0.00005708
LTCUSDT,1744617600000,-0.00001614
LTCUSDT,1744646400000,-0.00002839
LTCUSDT,1744675200000,0.000019
LTCUSDT,1744704000000,0.00007592
LTCUSDT,1744732800001,0.00003026
LTCUSDT,1744761600000,-0.00001201
LTCUSDT,1744790400000,0.00006276
LTCUSDT,1744819200000,0.00001586
LTCUSDT,1744848000001,0.00004367
LTCUSDT,1744876800000,0.00007954
LTCUSDT,1744905600001,-0.00002126
LTCUSDT,1744934400000,0.00006869
LTCUSDT,1744963200000,0.00008975
LTCUSDT,1744992000000,0.0001
LTCUSDT,1745020800000,0.00009426
LTCUSDT,1745049600000,0.00004348
LTCUSDT,1745078400000,-0.00003641
LTCUSDT,1745107200000,0.00006623
LTCUSDT,1745136000000,0.00009834
LTCUSDT,1745164800000,0.0001
LTCUSDT,1745193600000,0.00008058
LTCUSDT,1745222400005,0.0001
LTCUSDT,1745251200003,0.0001
LTCUSDT,1745280000008,0.0001
LTCUSDT,1745308800000,-0.00004315
LTCUSDT,1745337600000,0.00005691
LTCUSDT,1745366400000,0.0001
LTCUSDT,1745395200002,0.00007992
LTCUSDT,1745424000000,0.00004354
LTCUSDT,1745452800000,0.00007547
LTCUSDT,1745481600001,0.0001
LTCUSDT,1745510400001,0.00008956
LTCUSDT,1745539200007,0.0001
LTCUSDT,1745568000002,0.0001
LTCUSDT,1745596800003,0.00005107
LTCUSDT,1745625600002,0.00009862
LTCUSDT,1745654400000,0.0000221
LTCUSDT,1745683200002,0.00006109
LTCUSDT,1745712000001,0.0000791
LTCUSDT,1745740800000,0.00001042
LTCUSDT,1745769600000,0.00003925
LTCUSDT,1745798400001,0.00002905
LTCUSDT,1745827200003,0.00008874
LTCUSDT,1745856000005,-0.00001083
LTCUSDT,1745884800000,0.00000552
LTCUSDT,1745913600000,0.0000649
LTCUSDT,1745942400010,0.00001362
LTCUSDT,1745971200001,-0.00002609
LTCUSDT,1746000000000,0.00001778
LTCUSDT,1746028800003,-0.0000344
LTCUSDT,1746057600000,0.00006676
LTCUSDT,1746086400000,0.00006753
LTCUSDT,1746115200001,0.0001
LTCUSDT,1746144000000,0.0001
LTCUSDT,1746172800000,0.00003098
LTCUSDT,1746201600003,-0.00005326
LTCUSDT,1746230400000,0.00003254
LTCUSDT,1746259200000,0.00002219
LTCUSDT,1746288000000,-0.00002813
LTCUSDT,1746316800001,-0.00004726
LTCUSDT,1746345600001,-0.00005661
LTCUSDT,1746374400002,-0.00003603
LTCUSDT,1746403200000,-0.00001888
LTCUSDT,1746432000000,0.0000724
LTCUSDT,1746460800006,0.00001679
LTCUSDT,1746489600002,-0.00016366
LTCUSDT,1746518400005,-0.00005614
LTCUSDT,1746547200000,-0.00002471
LTCUSDT,1746576000002,0.0001
LTCUSDT,1746604800000,0.0001
LTCUSDT,1746633600006,0.0001
LTCUSDT,1746662400000,0.00004916
LTCUSDT,1746691200001,0.0001
LTCUSDT,1746720000002,0.0001
LTCUSDT,1746748800001,0.0001
LTCUSDT,1746777600006,0.0001
LTCUSDT,1746806400000,0.0001
LTCUSDT,1746835200001,0.0001
LTCUSDT,1746864000000,0.0001
LTCUSDT,1746892800001,0.0001
LTCUSDT,1746921600000,0.0001
LTCUSDT,1746950400001,0.0001
LTCUSDT,1746979200001,0.00001565
LTCUSDT,1747008000004,0.0001
LTCUSDT,1747036800000,0.0001
LTCUSDT,1747065600000,0.0001
LTCUSDT,1747094400000,0.0001
LTCUSDT,1747123200008,0.0001
LTCUSDT,1747152000001,0.0001
LTCUSDT,1747180800007,0.0001
LTCUSDT,1747209600000,0.0001
LTCUSDT,1747238400002,-0.00002092
LTCUSDT,1747267200000,0.00007952
LTCUSDT,1747296000003,0.0001
LTCUSDT,1747324800000,0.00004163
LTCUSDT,1747353600001,0.00006053
LTCUSDT,1747382400000,0.0001
LTCUSDT,1747411200000,0.0001
LTCUSDT,1747440000000,0.0001
LTCUSDT,1747468800001,0.0001
LTCUSDT,1747497600004,0.00001214
LTCUSDT,1747526400000,-0.0000255
LTCUSDT,1747555200000,0.00009092
LTCUSDT,1747584000000,0.0001
LTCUSDT,1747612800000,0.00006696
LTCUSDT,1747641600006,-0.00006281
LTCUSDT,1747670400010,0.00004442
LTCUSDT,1747699200000,0.0001
LTCUSDT,1747728000002,0.00001634
LTCUSDT,1747756800000,-0.00017607
LTCUSDT,1747785600000,-0.00002126
LTCUSDT,1747814400001,0.00005215
LTCUSDT,1747843200004,0.00009133
LTCUSDT,1747872000001,0.0001
LTCUSDT,1747900800000,0.0001
LTCUSDT,1747929600002,0.0001
LTCUSDT,1747958400006,0.0001
LTCUSDT,1747987200000,0.0001
LTCUSDT,1748016000007,0.0001
LTCUSDT,1748044800010,0.00006597
LTCUSDT,1748073600000,-0.00002786
LTCUSDT,1748102400003,-0.00004744
LTCUSDT,1748131200004,-0.00001169
LTCUSDT,1748160000000,-0.00001146
LTCUSDT,1748188800000,-0.00002337
LTCUSDT,1748217600000,-0.0000036
LTCUSDT,1748246400000,0.0000732
LTCUSDT,1748275200002,0.0001
LTCUSDT,1748304000003,0.00002165
LTCUSDT,1748332800001,0.00004652
LTCUSDT,1748361600005,0.0001
LTCUSDT,1748390400002,0.0001
LTCUSDT,1748419200003,0.0001
LTCUSDT,1748448000002,0.00006471
LTCUSDT,1748476800000,0.00001685
LTCUSDT,1748505600006,0.0001
LTCUSDT,1748534400000,0.0001
LTCUSDT,1748563200003,-0.00001066
LTCUSDT,1748592000003,-0.0000354
LTCUSDT,1748620800000,0.00004087
LTCUSDT,1748649600000,-0.00000936
LTCUSDT,1748678400000,-0.00003925
LTCUSDT,1748707200000,0.00000003
LTCUSDT,1748736000001,0.00005547
LTCUSDT,1748764800002,0.00004739
LTCUSDT,1748793600000,0.00004365
LTCUSDT,1748822400001,0.00004351
LTCUSDT,1748851200000,0.00003459
LTCUSDT,1748880000000,0.00008828
LTCUSDT,1748908800000,0.0001
LTCUSDT,1748937600000,0.00007223
LTCUSDT,1748966400001,0.00003138
LTCUSDT,1748995200000,0.0001
LTCUSDT,1749024000000,0.0001
LTCUSDT,1749052800000,0.00004785
LTCUSDT,1749081600016,0.00002507
LTCUSDT,1749110400000,0.0000614
LTCUSDT,1749139200000,0.00001757
LTCUSDT,1749168000002,-0.00003664
LTCUSDT,1749196800000,0.00006182
LTCUSDT,1749225600006,0.00003071
LTCUSDT,1749254400000,0.0000848
LTCUSDT,1749283200000,0.00006601
LTCUSDT,1749312000002,0.00009784
LTCUSDT,1749340800000,0.0001
LTCUSDT,1749369600000,0.0001
LTCUSDT,1749398400000,0.00000235
LTCUSDT,1749427200000,0.00004776
LTCUSDT,1749456000001,0.00005052
LTCUSDT,1749484800001,0.00006561
LTCUSDT,1749513600000,0.00009588
LTCUSDT,1749542400001,0.0001
LTCUSDT,1749571200003,0.0001
LTCUSDT,1749600000000,0.0001
LTCUSDT,1749628800000,0.0001
LTCUSDT,1749657600010,0.0001
LTCUSDT,1749686400002,0.0001
LTCUSDT,1749715200003,0.00004718
LTCUSDT,1749744000001,-0.00001048
LTCUSDT,1749772800000,-0.0000112
LTCUSDT,1749801600001,-0.00008904
LTCUSDT,1749830400004,0.0000015
LTCUSDT,1749859200000,0.00002137
LTCUSDT,1749888000000,0.00008484
LTCUSDT,1749916800000,0.0001
LTCUSDT,1749945600005,0.00005097
LTCUSDT,1749974400009,0.00003231
LTCUSDT,1750003200000,0.00006109
LTCUSDT,1750032000000,0.00006226
LTCUSDT,1750060800000,0.0000074
LTCUSDT,1750089600003,0.00009486
LTCUSDT,1750118400000,0.0001
LTCUSDT,1750147200006,0.0001
LTCUSDT,1750176000001,0.00003991
LTCUSDT,1750204800001,0.00000854
LTCUSDT,1750233600001,0.0000514
LTCUSDT,1750262400001,-0.00004378
LTCUSDT,1750291200005,0.00004748
LTCUSDT,1750320000003,0.00006477
LTCUSDT,1750348800000,0.00004338
LTCUSDT,1750377600000,0.0001
LTCUSDT,1750406400002,0.00007357
LTCUSDT,1750435200001,0.00002569
LTCUSDT,1750464000002,-0.00000472
LTCUSDT,1750492800005,0.00002894
LTCUSDT,1750521600000,-0.00001361
LTCUSDT,1750550400005,0.00000174
LTCUSDT,1750579200000,0.00001145
LTCUSDT,1750608000003,-0.00001793
LTCUSDT,1750636800000,-0.00003065
LTCUSDT,1750665600004,0.00004566
LTCUSDT,1750694400013,0.00004745
LTCUSDT,1750723200003,0.0001
LTCUSDT,1750752000000,0.0001
LTCUSDT,1750780800000,0.00003956
LTCUSDT,1750809600005,0.00008597
LTCUSDT,1750838400000,0.00005865
LTCUSDT,1750867200005,0.0001
LTCUSDT,1750896000000,0.00004773
LTCUSDT,1750924800006,0.00002437
LTCUSDT,1750953600007,0.000008
LTCUSDT,1750982400000,-0.00000499
LTCUSDT,1751011200000,0.00001609
LTCUSDT,1751040000009,-0.00006103
LTCUSDT,1751068800001,0.00004961
LTCUSDT,1751097600002,-0.00000249
LTCUSDT,1751126400000,0.00008044
LTCUSDT,1751155200004,0.0001
LTCUSDT,1751184000001,0.00005352
LTCUSDT,1751212800001,-0.00000632
LTCUSDT,1751241600000,0.0001
LTCUSDT,1751270400005,0.0001
LTCUSDT,1751299200002,-0.00000342
LTCUSDT,1751328000007,0.00007127
LTCUSDT,1751356800002,0.0001
LTCUSDT,1751385600000,0.00000868
LTCUSDT,1751414400001,-0.00009632
LTCUSDT,1751443200000,0.0000343
LTCUSDT,1751472000003,0.0001
LTCUSDT,1751500800006,0.0001
LTCUSDT,1751529600003,0.0001
LTCUSDT,1751558400003,0.0001
LTCUSDT,1751587200005,0.0001
LTCUSDT,1751616000003,0.00009129
LTCUSDT,1751644800001,0.00004768
LTCUSDT,1751673600004,0.00004316
LTCUSDT,1751702400009,-0.00003398
LTCUSDT,1751731200006,-0.00002108
LTCUSDT,1751760000001,0.00003138
LTCUSDT,1751788800002,0.00007465
LTCUSDT,1751817600004,0.00002891
LTCUSDT,1751846400000,0.00009838
LTCUSDT,1751875200007,0.00008221
LTCUSDT,1751904000000,0.00001253
LTCUSDT,1751932800010,0.00002146
LTCUSDT,1751961600003,0.00006581
LTCUSDT,1751990400000,0.00004291
LTCUSDT,1752019200002,0.0001
LTCUSDT,1752048000006,0.0001
LTCUSDT,1752076800001,0.0001
LTCUSDT,1752105600003,0.0001
LTCUSDT,1752134400000,0.0001
LTCUSDT,1752163200004,0.0001
LTCUSDT,1752192000004,0.0001
LTCUSDT,1752220800007,0.0001
LTCUSDT,1752249600001,0.0001
LTCUSDT,1752278400000,0.0001
LTCUSDT,1752307200001,0.0001
LTCUSDT,1752336000002,0.0001
LTCUSDT,1752364800006,0.0001
LTCUSDT,1752393600001,0.00000672
LTCUSDT,1752422400003,0.00009688
LTCUSDT,1752451200000,0.0001
LTCUSDT,1752480000000,0.0001
LTCUSDT,1752508800000,0.0001
LTCUSDT,1752537600002,0.0001
LTCUSDT,1752566400000,0.0001
LTCUSDT,1752595200000,0.00006728
LTCUSDT,1752624000000,0.0001
LTCUSDT,1752652800000,0.0001
LTCUSDT,1752681600008,0.0001
LTCUSDT,1752710400003,0.0001
LTCUSDT,1752739200000,0.0001
LTCUSDT,1752768000000,0.0001
LTCUSDT,1752796800004,0.0001
LTCUSDT,1752825600000,0.0001
LTCUSDT,1752854400000,0.0001
LTCUSDT,1752883200009,0.0001
LTCUSDT,1752912000000,0.0001
LTCUSDT,1752940800002,0.0001
LTCUSDT,1752969600000,0.0001
LTCUSDT,1752998400000,0.0001
LTCUSDT,1753027200000,0.0001
LTCUSDT,1753056000001,0.0001
LTCUSDT,1753084800000,0.0001
LTCUSDT,1753113600001,0.0001
LTCUSDT,1753142400000,0.0001
LTCUSDT,1753171200010,0.0001
LTCUSDT,1753200000007,0.0001
LTCUSDT,1753228800000,0.0001
LTCUSDT,1753257600004,0.0001
LTCUSDT,1753286400002,0.0001
LTCUSDT,1753315200000,0.0001
LTCUSDT,1753344000001,0.0001
LTCUSDT,1753372800000,0.0001
LTCUSDT,1753401600000,0.0001
LTCUSDT,1753430400000,0.0001
LTCUSDT,1753459200000,0.0001
LTCUSDT,1753488000001,0.0001
LTCUSDT,1753516800005,0.0001
LTCUSDT,1753545600001,0.0001
LTCUSDT,1753574400001,0.0001
LTCUSDT,1753603200000,0.0001
LTCUSDT,1753632000008,0.0001
LTCUSDT,1753660800005,0.0001
LTCUSDT,1753689600000,0.0001
LTCUSDT,1753718400000,0.0001
LTCUSDT,1753747200001,0.00009599
LTCUSDT,1753776000000,0.00007954
LTCUSDT,1753804800000,0.00006511
LTCUSDT,1753833600011,0.00008914
LTCUSDT,1753862400000,0.0000765
LTCUSDT,1753891200008,0.00007802
LTCUSDT,1753920000000,0.00008846
LTCUSDT,1753948800009,0.00007627
LTCUSDT,1753977600000,-0.00000262
LTCUSDT,1754006400001,-0.00001227
LTCUSDT,1754035200003,-0.00001217
LTCUSDT,1754064000000,0.00004437
LTCUSDT,1754092800004,0.00007754
LTCUSDT,1754121600000,0.0001
LTCUSDT,1754150400000,0.0001
LTCUSDT,1754179200000,0.00009945
LTCUSDT,1754208000000,0.00002567
LTCUSDT,1754236800003,0.00006324
LTCUSDT,1754265600004,0.00004434
LTCUSDT,1754294400000,0.0001
LTCUSDT,1754323200002,0.0001
LTCUSDT,1754352000000,0.0001
LTCUSDT,1754380800000,0.0001
LTCUSDT,1754409600000,0.0001
LTCUSDT,1754438400005,0.0001
LTCUSDT,1754467200000,0.0001
LTCUSDT,1754496000000,0.0000597
LTCUSDT,1754524800003,0.0001
LTCUSDT,1754553600002,0.00003438
LTCUSDT,1754582400002,0.0001
LTCUSDT,1754611200002,0.0001
LTCUSDT,1754640000004,0.00007322
LTCUSDT,1754668800000,0.0001
LTCUSDT,1754697600005,0.0001
LTCUSDT,1754726400000,0.0001
LTCUSDT,1754755200007,0.00005359
LTCUSDT,1754784000003,0.00008285
LTCUSDT,1754812800005,0.00005105
LTCUSDT,1754841600002,0.0001
LTCUSDT,1754870400000,0.0001
LTCUSDT,1754899200000,0.0001
LTCUSDT,1754928000000,0.0001
LTCUSDT,1754956800000,0.00005838
LTCUSDT,1754985600001,0.00003741
LTCUSDT,1755014400005,0.00005934
LTCUSDT,1755043200000,0.0001
LTCUSDT,1755072000002,0.0001
LTCUSDT,1755100800006,0.0001
LTCUSDT,1755129600002,0.0001
LTCUSDT,1755158400003,0.0001
LTCUSDT,1755187200000,0.0001
LTCUSDT,1755216000000,0.00005011
LTCUSDT,1755244800000,0.00002015
LTCUSDT,1755273600000,0.0001
LTCUSDT,1755302400004,0.00001621
LTCUSDT,1755331200000,0.0001
LTCUSDT,1755360000002,0.00002619
LTCUSDT,1755388800000,-0.00003217
LTCUSDT,1755417600001,0.00004978
LTCUSDT,1755446400007,0.00008001
LTCUSDT,1755475200000,0.0001
LTCUSDT,1755504000001,0.00004124
LTCUSDT,1755532800002,0.00000122
LTCUSDT,1755561600000,0.00004697
LTCUSDT,1755590400001,0.00008886
LTCUSDT,1755619200000,0.00005103
LTCUSDT,1755648000000,0.0001
LTCUSDT,1755676800000,0.00000965
LTCUSDT,1755705600000,0.00001226
LTCUSDT,1755734400006,0.00006044
LTCUSDT,1755763200000,0.00009032
LTCUSDT,1755792000003,0.00003507
LTCUSDT,1755820800010,0.00006932
LTCUSDT,1755849600007,0.00004249
LTCUSDT,1755878400001,0.00005833
LTCUSDT,1755907200004,0.0001
LTCUSDT,1755936000006,0.0001
LTCUSDT,1755964800000,0.0001
LTCUSDT,1755993600001,0.0001
LTCUSDT,1756022400002,0.0001
LTCUSDT,1756051200001,0.0001
LTCUSDT,1756080000000,0.0001
LTCUSDT,1756108800002,0.0001
LTCUSDT,1756137600002,-0.00004595
LTCUSDT,1756166400000,-0.00006408
LTCUSDT,1756195200000,-0.00002649
LTCUSDT,1756224000000,0.00006431
LTCUSDT,1756252800003,0.0001
LTCUSDT,1756281600000,0.0001
LTCUSDT,1756310400009,0.00007026
LTCUSDT,1756339200000,0.0001
LTCUSDT,1756368000005,0.0001
LTCUSDT,1756396800004,0.00003266
LTCUSDT,1756425600000,0.00008433
LTCUSDT,1756454400000,0.0001
LTCUSDT,1756483200005,0.0000172
LTCUSDT,1756512000000,0.00009096
LTCUSDT,1756540800002,0.0001
LTCUSDT,1756569600003,0.0001
LTCUSDT,1756598400016,0.00005213
LTCUSDT,1756627200000,0.00008606
LTCUSDT,1756656000001,0.00009647
LTCUSDT,1756684800000,0.00006286
LTCUSDT,1756713600000,0.00006626
LTCUSDT,1756742400001,0.0001
LTCUSDT,1756771200000,0.00005247
LTCUSDT,1756800000005,0.00004923
LTCUSDT,1756828800007,0.00008823
LTCUSDT,1756857600006,0.00002044
LTCUSDT,1756886400002,0.0001
LTCUSDT,1756915200002,0.0001
LTCUSDT,1756944000002,0.0001
LTCUSDT,1756972800000,0.00005075
LTCUSDT,1757001600000,0.00006087
LTCUSDT,1757030400001,-0.00001689
LTCUSDT,1757059200006,0.0001
LTCUSDT,1757088000000,0.0001
LTCUSDT,1757116800000,0.0001
LTCUSDT,1757145600005,0.00005491
LTCUSDT,1757174400000,0.00003452
LTCUSDT,1757203200000,0.0001
LTCUSDT,1757232000000,0.0001
LTCUSDT,1757260800000,0.0001
LTCUSDT,1757289600007,0.0001
LTCUSDT,1757318400000,-0.00004876
LTCUSDT,1757347200000,-0.00004528
LTCUSDT,1757376000000,-0.00004493
LTCUSDT,1757404800000,0.0001
LTCUSDT,1757433600000,0.00009906
LTCUSDT,1757462400000,-0.00003953
LTCUSDT,1757491200002,0.00009253
LTCUSDT,1757520000000,0.0001
LTCUSDT,1757548800000,0.0001
LTCUSDT,1757577600000,0.0001
LTCUSDT,1757606400001,0.00004416
LTCUSDT,1757635200002,-0.00000099
LTCUSDT,1757664000001,0.0001
LTCUSDT,1757692800005,0.0000979
LTCUSDT,1757721600005,0.0001
LTCUSDT,1757750400002,0.0001
LTCUSDT,1757779200000,0.0001
LTCUSDT,1757808000006,0.0001
LTCUSDT,1757836800000,0.0001
LTCUSDT,1757865600001,-0.00004891
LTCUSDT,1757894400006,0.00001163
LTCUSDT,1757923200002,0.0000947
LTCUSDT,1757952000001,0.00004412
LTCUSDT,1757980800001,0.00000934
LTCUSDT,1758009600000,0.00004382
LTCUSDT,1758038400000,0.0001
LTCUSDT,1758067200001,0.0001
LTCUSDT,1758096000000,0.00005495
LTCUSDT,1758124800003,0.00003975
LTCUSDT,1758153600006,0.0001
LTCUSDT,1758182400002,0.0001
LTCUSDT,1758211200000,-0.00000939
LTCUSDT,1758240000000,0.0001
LTCUSDT,1758268800005,0.00009189
LTCUSDT,1758297600000,0.00002587
LTCUSDT,1758326400000,0.00001904
LTCUSDT,1758355200000,-0.0000223
LTCUSDT,1758384000002,-0.00004396
LTCUSDT,1758412800000,0.00000251
LTCUSDT,1758441600000,0.00006358
LTCUSDT,1758470400000,0.00000258
LTCUSDT,1758499200005,-0.00005656
LTCUSDT,1758528000003,-0.00000302
LTCUSDT,1758556800000,-0.00005273
LTCUSDT,1758585600000,-0.00002976
LTCUSDT,1758614400001,0.00006263
LTCUSDT,1758643200000,0.00002595
LTCUSDT,1758672000003,0.00004192
LTCUSDT,1758700800001,0.0001
LTCUSDT,1758729600002,0.0000119
LTCUSDT,1758758400000,-0.00002236
LTCUSDT,1758787200001,-0.0000258
LTCUSDT,1758816000000,0.00000657
LTCUSDT,1758844800000,0.00005455
LTCUSDT,1758873600000,0.00001003
LTCUSDT,1758902400008,0.00003672
LTCUSDT,1758931200000,0.00004207
LTCUSDT,1758960000010,0.0001
LTCUSDT,1758988800003,0.00009333
LTCUSDT,1759017600000,0.0001
LTCUSDT,1759046400000,0.00006135
LTCUSDT,1759075200000,0.0000669
LTCUSDT,1759104000000,0.0001
LTCUSDT,1759132800002,0.0001
LTCUSDT,1759161600001,0.00007355
LTCUSDT,1759190400002,0.0001
LTCUSDT,1759219200005,0.0001
LTCUSDT,1759248000000,0.00003778
LTCUSDT,1759276800000,0.0001
LTCUSDT,1759305600000,0.00007848
LTCUSDT,1759334400000,0.0001
LTCUSDT,1759363200000,0.0001
LTCUSDT,1759392000013,0.0001
LTCUSDT,1759420800000,0.0001
LTCUSDT,1759449600006,0.0001
LTCUSDT,1759478400006,0.0001
LTCUSDT,1759507200000,0.00008877
LTCUSDT,1759536000001,0.0001
LTCUSDT,1759564800000,0.0001
LTCUSDT,1759593600000,0.0000833
LTCUSDT,1759622400000,0.00007059
LTCUSDT,1759651200003,0.0001
LTCUSDT,1759680000009,0.0001
LTCUSDT,1759708800004,0.00008977
LTCUSDT,1759737600002,0.00007555
LTCUSDT,1759766400004,0.00005508
LTCUSDT,1759795200000,0.00004592
LTCUSDT,1759824000003,0.00007721
LTCUSDT,1759852800000,0.0001
LTCUSDT,1759881600000,0.00005695
LTCUSDT,1759910400006,0.0001
LTCUSDT,1759939200002,0.0001
LTCUSDT,1759968000001,0.00009806
LTCUSDT,1759996800000,0.0001
LTCUSDT,1760025600000,0.00004991
LTCUSDT,1760054400005,0.0001
LTCUSDT,1760083200002,0.0001
LTCUSDT,1760112000014,0.0001
LTCUSDT,1760140800000,0.00057432
LTCUSDT,1760169600003,-0.00000802
LTCUSDT,1760198400000,0.00003329
LTCUSDT,1760227200004,-0.00004668
LTCUSDT,1760256000002,-0.00005636
LTCUSDT,1760284800000,-0.00001282
LTCUSDT,1760313600003,0.00003797
LTCUSDT,1760342400002,-0.00001788
LTCUSDT,1760371200003,-0.00001914
LTCUSDT,1760400000000,-0.00003336
LTCUSDT,1760428800000,0.00000233
LTCUSDT,1760457600000,-0.00004918
LTCUSDT,1760486400006,-0.00009405
LTCUSDT,1760515200002,0.000016
LTCUSDT,1760544000000,0.0000673
LTCUSDT,1760572800000,-0.00008084
LTCUSDT,1760601600003,-0.00002325
LTCUSDT,1760630400002,-0.00002321
LTCUSDT,1760659200001,-0.00005261
LTCUSDT,1760688000005,0.00002704
LTCUSDT,1760716800003,-0.00003349
LTCUSDT,1760745600000,-0.00010082
LTCUSDT,1760774400002,-0.00002362
LTCUSDT,1760803200001,0.00006034
LTCUSDT,1760832000001,0.00001933
LTCUSDT,1760860800001,-0.0000222
LTCUSDT,1760889600001,-0.00003395
LTCUSDT,1760918400004,0.0000404
LTCUSDT,1760947200001,-0.00001355
LTCUSDT,1760976000000,0.00000515
LTCUSDT,1761004800009,0.00002521
LTCUSDT,1761033600000,0.00003563
LTCUSDT,1761062400000,0.00005514
LTCUSDT,1761091200004,0.0001
LTCUSDT,1761120000000,-0.00003509
LTCUSDT,1761148800000,0.00001503
LTCUSDT,1761177600000,0.00006431
LTCUSDT,1761206400001,0.00006034
LTCUSDT,1761235200004,0.00004127
LTCUSDT,1761264000000,0.00001241
LTCUSDT,1761292800000,0.00004064
LTCUSDT,1761321600009,0.00006405
LTCUSDT,1761350400000,0.00009798
LTCUSDT,1761379200001,-0.00002559
LTCUSDT,1761408000001,0.00001732
LTCUSDT,1761436800001,-0.00001453
LTCUSDT,1761465600001,0.00007004
LTCUSDT,1761494400000,0.0001
LTCUSDT,1761523200000,0.0001
LTCUSDT,1761552000005,0.00007243
LTCUSDT,1761580800000,0.0001
LTCUSDT,1761609600000,0.0000556
LTCUSDT,1761638400000,0.00000533
LTCUSDT,1761667200004,-0.00020355
LTCUSDT,1761696000004,-0.00008218
LTCUSDT,1761724800005,-0.0000605
LTCUSDT,1761753600000,0.0001
LTCUSDT,1761782400004,0.00005287
LTCUSDT,1761811200008,0.00004647
LTCUSDT,1761840000001,0.00001073
LTCUSDT,1761868800000,-0.00009413
LTCUSDT,1761897600008,0.00006403
LTCUSDT,1761926400007,0.0000668
LTCUSDT,1761955200001,0.00007897
LTCUSDT,1761984000000,0.00004299
LTCUSDT,1762012800000,0.00007862
LTCUSDT,1762041600007,0.00002691
LTCUSDT,1762070400000,0.00003847
LTCUSDT,1762099200001,0.0000824
LTCUSDT,1762128000000,0.00004957
LTCUSDT,1762156800010,-0.00003575
LTCUSDT,1762185600000,-0.00013799
LTCUSDT,1762214400002,-0.00010215
LTCUSDT,1762243200004,0.0000473
LTCUSDT,1762272000000,-0.00000518
LTCUSDT,1762300800000,-0.00003802
LTCUSDT,1762329600000,0.0000303
LTCUSDT,1762358400004,-0.00007658
LTCUSDT,1762387200001,-0.00013515
LTCUSDT,1762416000000,0.00005039
LTCUSDT,1762444800001,-0.0000126
LTCUSDT,1762473600005,0.0000398
LTCUSDT,1762502400003,0.00008782
LTCUSDT,1762531200005,0.00003631
LTCUSDT,1762560000011,0.0001
LTCUSDT,1762588800015,0.0001
LTCUSDT,1762617600001,0.00009825
LTCUSDT,1762646400004,0.00002154
LTCUSDT,1762675200000,0.00002119
LTCUSDT,1762704000005,0.00004777
LTCUSDT,1762732800000,0.00005449
LTCUSDT,1762761600000,0.00003721
LTCUSDT,1762790400003,0.00002546
LTCUSDT,1762819200007,0.00009526
LTCUSDT,1762848000000,0.00008625
LTCUSDT,1762876800009,0.00009754
LTCUSDT,1762905600000,0.0001
LTCUSDT,1762934400002,0.0001
LTCUSDT,1762963200000,0.00005074
LTCUSDT,1762992000002,0.00003207
LTCUSDT,1763020800000,0.00003358
LTCUSDT,1763049600001,0.00002579
LTCUSDT,1763078400000,-0.0000273
LTCUSDT,1763107200000,0.0001
LTCUSDT,1763136000001,0.0001
LTCUSDT,1763164800005,0.00002672
LTCUSDT,1763193600000,0.0001
LTCUSDT,1763222400001,0.0001
LTCUSDT,1763251200001,0.00000951
LTCUSDT,1763280000000,0.00003958
LTCUSDT,1763308800000,0.00003786
LTCUSDT,1763337600003,-0.00001665
LTCUSDT,1763366400003,-0.0000054
LTCUSDT,1763395200000,-0.00000087
LTCUSDT,1763424000002,-0.00003415
LTCUSDT,1763452800004,0.0000463
LTCUSDT,1763481600000,0.00002823
LTCUSDT,1763510400000,0.00005514
LTCUSDT,1763539200000,0.00001245
LTCUSDT,1763568000008,0.00001254
LTCUSDT,1763596800000,-0.00001865
LTCUSDT,1763625600000,0.0001
LTCUSDT,1763654400000,0.0001
LTCUSDT,1763683200001,-0.0001578
LTCUSDT,1763712000000,0.00007522
LTCUSDT,1763740800001,0.00003424
LTCUSDT,1763769600004,0.0000109
LTCUSDT,1763798400000,0.000076
LTCUSDT,1763827200000,-0.00000452
LTCUSDT,1763856000000,0.00003615
LTCUSDT,1763884800008,-0.0000978
LTCUSDT,1763913600003,-0.00003088
LTCUSDT,1763942400004,-0.00002792
LTCUSDT,1763971200000,-0.00000572
LTCUSDT,1764000000006,0.00004943
LTCUSDT,1764028800000,-0.00001986
LTCUSDT,1764057600009,0.00000613
LTCUSDT,1764086400007,-0.00005005
LTCUSDT,1764115200001,0.00007979
LTCUSDT,1764144000001,0.00002941
LTCUSDT,1764172800000,-0.00007432
LTCUSDT,1764201600013,0.00009463
LTCUSDT,1764230400000,0.00005873
LTCUSDT,1764259200004,-0.0000665
LTCUSDT,1764288000008,0.00004299
LTCUSDT,1764316800000,-0.00001809
LTCUSDT,1764345600008,-0.00001096
LTCUSDT,1764374400000,-0.00001591
LTCUSDT,1764403200005,0.00001103
LTCUSDT,1764432000001,-0.00001574
LTCUSDT,1764460800003,-0.00001553
LTCUSDT,1764489600000,0.00006586
LTCUSDT,1764518400004,-0.00002414
LTCUSDT,1764547200000,-0.00006376
LTCUSDT,1764576000004,-0.00008228
LTCUSDT,1764604800000,-0.00003995
LTCUSDT,1764633600004,-0.00015238
LTCUSDT,1764662400000,0.00001174
LTCUSDT,1764691200000,-0.00004984
LTCUSDT,1764720000000,-0.00007158
LTCUSDT,1764748800000,0.00002691
LTCUSDT,1764777600005,0.0001
LTCUSDT,1764806400012,0.00009214
LTCUSDT,1764835200000,0.0001
LTCUSDT,1764864000011,0.0001
LTCUSDT,1764892800000,0.0001
LTCUSDT,1764921600000,0.00009294
LTCUSDT,1764950400010,0.00000596
LTCUSDT,1764979200001,-0.00002349
LTCUSDT,1765008000001,-0.00007247
LTCUSDT,1765036800008,0.00001203
LTCUSDT,1765065600000,0.00005328
LTCUSDT,1765094400004,0.00001846
LTCUSDT,1765123200000,0.00001119
LTCUSDT,1765152000000,-0.00000988
LTCUSDT,1765180800000,0.00002536
LTCUSDT,1765209600001,0.0000855
LTCUSDT,1765238400001,0.00006152
LTCUSDT,1765267200001,0.00007112
LTCUSDT,1765296000007,-0.0000067
LTCUSDT,1765324800007,0.0001
LTCUSDT,1765353600002,0.00000928
LTCUSDT,1765382400012,0.00004426
LTCUSDT,1765411200001,0.00006699
LTCUSDT,1765440000000,-0.00004902
LTCUSDT,1765468800000,-0.00003454
LTCUSDT,1765497600005,0.00007853
LTCUSDT,1765526400007,0.0001
LTCUSDT,1765555200002,0.00002447
LTCUSDT,1765584000001,0.00003614
LTCUSDT,1765612800006,0.0000386
LTCUSDT,1765641600000,0.0000031
LTCUSDT,1765670400000,0.00009021
LTCUSDT,1765699200003,0.00002836
LTCUSDT,1765728000005,-0.00001665
LTCUSDT,1765756800000,-0.00001431
LTCUSDT,1765785600000,0.00001761
LTCUSDT,1765814400000,0.00002815
LTCUSDT,1765843200002,-0.00002574
LTCUSDT,1765872000000,-0.00000212
LTCUSDT,1765900800002,0.00001404
LTCUSDT,1765929600004,0.00000003
LTCUSDT,1765958400000,0.00005023
LTCUSDT,1765987200000,0.00002307
LTCUSDT,1766016000005,-0.00003369
LTCUSDT,1766044800007,-0.00001396
LTCUSDT,1766073600001,-0.00000746
LTCUSDT,1766102400000,-0.00002601
LTCUSDT,1766131200001,0.00005538
LTCUSDT,1766160000000,0.0001
LTCUSDT,1766188800005,0.00009022
LTCUSDT,1766217600000,0.00003933
LTCUSDT,1766246400002,0.00007723
LTCUSDT,1766275200000,0.00007345
LTCUSDT,1766304000009,0.00006384
LTCUSDT,1766332800000,-0.00004889
LTCUSDT,1766361600000,0.00002744
LTCUSDT,1766390400005,0.00004834
LTCUSDT,1766419200009,0.00009503
LTCUSDT,1766448000000,0.0001
LTCUSDT,1766476800000,0.00001442
LTCUSDT,1766505600001,-0.00000205
LTCUSDT,1766534400001,0.00000679
LTCUSDT,1766563200001,-0.00008013
LTCUSDT,1766592000000,0.00000974
LTCUSDT,1766620800000,0.00005958
LTCUSDT,1766649600001,0.00006071
LTCUSDT,1766678400005,0.00007288
LTCUSDT,1766707200004,0.00004371
LTCUSDT,1766736000001,0.00004849
LTCUSDT,1766764800007,0.00003685
LTCUSDT,1766793600000,0.0001
LTCUSDT,1766822400000,0.0001
LTCUSDT,1766851200011,0.0001
LTCUSDT,1766880000008,0.0001
LTCUSDT,1766908800000,0.0001
LTCUSDT,1766937600000,0.00004956
LTCUSDT,1766966400016,0.0001
LTCUSDT,1766995200001,-0.00000366
LTCUSDT,1767024000000,-0.00001282
LTCUSDT,1767052800005,0.00001826
LTCUSDT,1767081600001,0.00005293
LTCUSDT,1767110400003,0.0001
LTCUSDT,1767139200004,0.00004611
LTCUSDT,1767168000001,0.00006597
LTCUSDT,1767196800001,0.00008448
LTCUSDT,1767225600008,0.000043
LTCUSDT,1767254400002,0.00009071
LTCUSDT,1767283200001,0.0001
LTCUSDT,1767312000006,0.0001
LTCUSDT,1767340800007,0.0001
LTCUSDT,1767369600000,0.00006094
LTCUSDT,1767398400001,0.0001
LTCUSDT,1767427200000,0.00008646
LTCUSDT,1767456000000,0.00007367
LTCUSDT,1767484800000,0.0000656
LTCUSDT,1767513600000,0.00002008
LTCUSDT,1767542400001,0.0000184
LTCUSDT,1767571200000,0.00004214
LTCUSDT,1767600000000,0.00002032
LTCUSDT,1767628800000,0.00009361
LTCUSDT,1767657600010,0.0001
LTCUSDT,1767686400000,0.00007572
LTCUSDT,1767715200000,0.00003418
LTCUSDT,1767744000001,0.0001
LTCUSDT,1767772800001,-0.00003648
LTCUSDT,1767801600001,-0.00001101
LTCUSDT,1767830400001,0.00002697
LTCUSDT,1767859200000,0.00003137
LTCUSDT,1767888000000,0.00002764
LTCUSDT,1767916800003,0.00000345
LTCUSDT,1767945600000,0.00004386
LTCUSDT,1767974400001,0.00002723
LTCUSDT,1768003200000,0.00008566
LTCUSDT,1768032000002,0.00005394
LTCUSDT,1768060800001,0.0001
LTCUSDT,1768089600003,0.00003688
LTCUSDT,1768118400006,0.0001
LTCUSDT,1768147200000,0.0001
LTCUSDT,1768176000005,0.00009991
LTCUSDT,1768204800000,0.00000214
LTCUSDT,1768233600000,0.00004422
LTCUSDT,1768262400007,0.00005729
LTCUSDT,1768291200009,0.0001
LTCUSDT,1768320000002,0.00005037
LTCUSDT,1768348800000,0.00008807
LTCUSDT,1768377600001,0.0001
LTCUSDT,1768406400004,0.0001
LTCUSDT,1768435200000,0.0001
LTCUSDT,1768464000004,-0.00006864
LTCUSDT,1768492800002,0.00006289
LTCUSDT,1768521600000,-0.00001847
LTCUSDT,1768550400000,0.00004208
LTCUSDT,1768579200001,-0.0000273
LTCUSDT,1768608000000,0.000052
LTCUSDT,1768636800000,0.00003639
LTCUSDT,1768665600002,-0.00002262
LTCUSDT,1768694400001,0.00007421
LTCUSDT,1768723200000,0.00004126
LTCUSDT,1768752000000,0.00007729
LTCUSDT,1768780800007,-0.00001732
LTCUSDT,1768809600007,-0.00001356
LTCUSDT,1768838400007,-0.00002473
LTCUSDT,1768867200005,0.0000599
LTCUSDT,1768896000001,0.0001
LTCUSDT,1768924800009,-0.00004574
LTCUSDT,1768953600001,0.00000852
LTCUSDT,1768982400011,0.00006116
LTCUSDT,1769011200011,-0.00004328
LTCUSDT,1769040000010,0.00008059
LTCUSDT,1769068800003,0.00005387
LTCUSDT,1769097600005,-0.00005304
LTCUSDT,1769126400005,0.00000232
LTCUSDT,1769155200000,0.00007305
LTCUSDT,1769184000011,-0.00002595
LTCUSDT,1769212800011,-0.00003665
LTCUSDT,1769241600002,0.00005168
LTCUSDT,1769270400001,0.00001336
LTCUSDT,1769299200002,0.00002201
LTCUSDT,1769328000011,-0.00001369
LTCUSDT,1769356800005,0.00000282
LTCUSDT,1769385600000,-0.00000756
LTCUSDT,1769414400003,0.00007321
LTCUSDT,1769443200000,0.0001
LTCUSDT,1769472000002,0.00007457
LTCUSDT,1769500800000,0.0001
LTCUSDT,1769529600000,-0.00000634
LTCUSDT,1769558400000,0.00005444
LTCUSDT,1769587200000,0.00007667
LTCUSDT,1769616000000,-0.00006607
LTCUSDT,1769644800000,0.0000615
LTCUSDT,1769673600009,0.00001058
LTCUSDT,1769702400000,-0.00007431
LTCUSDT,1769731200008,-0.00004062
LTCUSDT,1769760000000,0.0000677
LTCUSDT,1769788800001,0.00001978
LTCUSDT,1769817600000,-0.00001269
LTCUSDT,1769846400001,0.00000344
LTCUSDT,1769875200009,-0.00010308
LTCUSDT,1769904000001,-0.00010607
LTCUSDT,1769932800004,0.00002507
LTCUSDT,1769961600000,0.00001421
LTCUSDT,1769990400000,-0.00001263
LTCUSDT,1770019200014,0.0000555
LTCUSDT,1770048000000,-0.00003195
LTCUSDT,1770076800000,0.00003863
LTCUSDT,1770105600007,0.00000458
LTCUSDT,1770134400000,-0.00000523
LTCUSDT,1770163200002,-0.00003171
LTCUSDT,1770192000007,0.00002969
LTCUSDT,1770220800000,-0.00000523
LTCUSDT,1770249600011,-0.00002722
LTCUSDT,1770278400000,0.00001129
LTCUSDT,1770307200007,-0.00006399
LTCUSDT,1770336000000,-0.00002074
LTCUSDT,1770364800001,-0.00002558
LTCUSDT,1770393600000,-0.00002394
LTCUSDT,1770422400003,0.00000593
LTCUSDT,1770451200000,0.0000411
LTCUSDT,1770480000010,0.00003279
LTCUSDT,1770508800003,0.00004392
LTCUSDT,1770537600000,-0.00005573
LTCUSDT,1770566400000,-0.00007491
LTCUSDT,1770595200002,0.00002153
LTCUSDT,1770624000001,0.00000129
LTCUSDT,1770652800007,-0.00004513
LTCUSDT,1770681600000,0.00001324
LTCUSDT,1770710400007,0.00000263
LTCUSDT,1770739200000,-0.00005494
LTCUSDT,1770768000000,-0.00001183
LTCUSDT,1770796800006,-0.00001418
LTCUSDT,1770825600000,-0.00005962
LTCUSDT,1770854400000,0.00001726
LTCUSDT,1770883200001,0.00003961
LTCUSDT,1770912000001,0.00002851
LTCUSDT,1770940800007,0.00006529
LTCUSDT,1770969600003,0.00005248
LTCUSDT,1770998400005,0.0000367
LTCUSDT,1771027200002,0.00009138
LTCUSDT,1771056000004,0.00001745
LTCUSDT,1771084800002,-0.00000793
LTCUSDT,1771113600000,0.00000515
LTCUSDT,1771142400002,0.00004087
LTCUSDT,1771171200000,0.00004857
LTCUSDT,1771200000001,0.00005494
LTCUSDT,1771228800003,0.00006873
LTCUSDT,1771257600000,0.00003435
LTCUSDT,1771286400008,0.000071
LTCUSDT,1771315200001,0.00006486
LTCUSDT,1771344000002,0.00002673
LTCUSDT,1771372800000,-0.00002339
LTCUSDT,1771401600000,0.00001049
LTCUSDT,1771430400011,0.00003612
LTCUSDT,1771459200013,-0.00005329
LTCUSDT,1771488000000,-0.0000266
LTCUSDT,1771516800003,-0.00007942
LTCUSDT,1771545600000,-0.00001051
LTCUSDT,1771574400000,0.0000321
LTCUSDT,1771603200000,0.00007079
LTCUSDT,1771632000004,0.00005047
LTCUSDT,1771660800000,-0.00007203
LTCUSDT,1771689600005,-0.0000868
LTCUSDT,1771718400001,-0.000024
LTCUSDT,1771747200004,-0.00010907
LTCUSDT,1771776000000,0.0000033
LTCUSDT,1771804800001,-0.00001406
LTCUSDT,1771833600000,-0.00008019
LTCUSDT,1771862400000,-0.00006372
LTCUSDT,1771891200007,-0.00002267
LTCUSDT,1771920000000,-0.00002267
LTCUSDT,1771948800001,-0.00003421
LTCUSDT,1771977600001,-0.00001029
LTCUSDT,1772006400007,-0.00008139
LTCUSDT,1772035200000,0.0001
LTCUSDT,1772064000000,0.0001
LTCUSDT,1772092800006,-0.00002061
LTCUSDT,1772121600002,-0.00001255
LTCUSDT,1772150400007,0.00005838
LTCUSDT,1772179200000,0.0000033
LTCUSDT,1772208000001,0.0000234
LTCUSDT,1772236800000,-0.00002014
LTCUSDT,1772265600000,-0.00006349
LTCUSDT,1772294400004,-0.00004766
LTCUSDT,1772323200005,-0.00000343
LTCUSDT,1772352000000,-0.00005261
LTCUSDT,1772380800002,-0.00000498
LTCUSDT,1772409600001,0.00007252
LTCUSDT,1772438400007,0.00000597
LTCUSDT,1772467200000,0.00004858
LTCUSDT,1772496000000,0.00004425
LTCUSDT,1772524800000,-0.00006164
LTCUSDT,1772553600007,-0.00004232
LTCUSDT,1772582400001,0.00004078
LTCUSDT,1772611200005,0.000065
LTCUSDT,1772640000000,0.00003291
LTCUSDT,1772668800000,0.00001027
LTCUSDT,1772697600000,0.0001
LTCUSDT,1772726400004,-0.00002258
LTCUSDT,1772755200001,0.0001
LTCUSDT,1772784000001,-0.00001258
LTCUSDT,1772812800004,-0.00002312
LTCUSDT,1772841600001,-0.00009076
LTCUSDT,1772870400012,0.00001589
LTCUSDT,1772899200001,-0.00007633
LTCUSDT,1772928000001,-0.00009555
LTCUSDT,1772956800000,-0.00005878
LTCUSDT,1772985600002,-0.00010422
LTCUSDT,1773014400000,-0.000035
LTCUSDT,1773043200004,0.00006905
LTCUSDT,1773072000003,0.00002036
LTCUSDT,1773100800012,-0.00000809
LTCUSDT,1773129600002,0.00007617
LTCUSDT,1773158400001,0.00002327
LTCUSDT,1773187200000,-0.00011837
LTCUSDT,1773216000007,-0.00004595
LTCUSDT,1773244800010,0.00006215
LTCUSDT,1773273600000,0.0001
LTCUSDT,1773302400000,0.00007606
LTCUSDT,1773331200000,-0.00009564
LTCUSDT,1773360000006,0.0001
LTCUSDT,1773388800001,0.0001
LTCUSDT,1773417600000,0.0001
LTCUSDT,1773446400001,0.00009763
LTCUSDT,1773475200000,0.00003542
LTCUSDT,1773504000007,-0.00003704
LTCUSDT,1773532800000,-0.00007218
LTCUSDT,1773561600000,0.00008708
LTCUSDT,1773590400000,0.00008243
LTCUSDT,1773619200000,0.0000638
LTCUSDT,1773648000010,0.0001
LTCUSDT,1773676800000,0.0001
LTCUSDT,1773705600000,0.0001
LTCUSDT,1773734400002,0.00005036
LTCUSDT,1773763200011,0.00005683
LTCUSDT,1773792000002,0.00000872
LTCUSDT,1773820800002,0.0000435
LTCUSDT,1773849600005,-0.00004668
LTCUSDT,1773878400000,0.00000392
LTCUSDT,1773907200003,0.00001801
LTCUSDT,1773936000003,0.00004539
LTCUSDT,1773964800002,0.00001619
LTCUSDT,1773993600000,0.00004888
LTCUSDT,1774022400000,-0.00002084
LTCUSDT,1774051200000,-0.00005614
LTCUSDT,1774080000000,0.00002652
LTCUSDT,1774108800014,-0.00004699
LTCUSDT,1774137600012,-0.00000822
LTCUSDT,1774166400007,-0.00008335
LTCUSDT,1774195200002,-0.0000581
LTCUSDT,1774224000000,-0.00000611
LTCUSDT,1774252800003,-0.0000571
LTCUSDT,1774281600002,0.00004355
LTCUSDT,1774310400000,0.00008859
LTCUSDT,1774339200000,0.00005287
LTCUSDT,1774368000003,0.00008478
LTCUSDT,1774396800000,0.00004492
LTCUSDT,1774425600000,0.00007904
LTCUSDT,1774454400013,0.00005942
LTCUSDT,1774483200001,0.00000895
LTCUSDT,1774512000001,0.00001316
LTCUSDT,1774540800000,-0.00004911
LTCUSDT,1774569600006,-0.00000815
LTCUSDT,1774598400000,0.00000168
LTCUSDT,1774627200000,-0.00005927
LTCUSDT,1774656000005,-0.00009319
LTCUSDT,1774684800005,-0.00008444
LTCUSDT,1774713600000,-0.00001102
LTCUSDT,1774742400003,-0.00001379
LTCUSDT,1774771200001,0.000006
LTCUSDT,1774800000000,-0.0000544
LTCUSDT,1774828800000,-0.00000192
LTCUSDT,1774857600005,0.0001
LTCUSDT,1774886400000,0.0000045
LTCUSDT,1774915200000,0.00008545
LTCUSDT,1774944000000,0.00003216
LTCUSDT,1774972800000,0.0000248
LTCUSDT,1775001600000,0.0001
LTCUSDT,1775030400000,0.0001
LTCUSDT,1775059200000,-0.00002771
LTCUSDT,1775088000003,-0.00005242
LTCUSDT,1775116800001,-0.00006943
LTCUSDT,1775145600001,-0.00007943
LTCUSDT,1775174400000,-0.00006502
LTCUSDT,1775203200008,0.0001
LTCUSDT,1775232000008,0.00005232
LTCUSDT,1775260800000,-0.00000943
LTCUSDT,1775289600003,0.00004011
LTCUSDT,1775318400000,0.00006901
LTCUSDT,1775347200008,-0.00002717
LTCUSDT,1775376000000,0.00003665
LTCUSDT,1775404800001,-0.00004669
LTCUSDT,1775433600004,-0.00001328
LTCUSDT,1775462400001,0.00009535
LTCUSDT,1775491200003,0.0001
LTCUSDT,1775520000000,-0.00003514
LTCUSDT,1775548800000,0.00003813
LTCUSDT,1775577600000,-0.00001111
LTCUSDT,1775606400000,0.0001
LTCUSDT,1775635200000,0.00008136
LTCUSDT,1775664000006,0.00000601
LTCUSDT,1775692800000,-0.00001112
LTCUSDT,1775721600010,-0.00001015
LTCUSDT,1775750400001,-0.00002514
LTCUSDT,1775779200000,0.00005707
LTCUSDT,1775808000005,-0.00003271
LTCUSDT,1775836800000,0.00008442
LTCUSDT,1775865600000,0.00007898
LTCUSDT,1775894400000,-0.00008177
LTCUSDT,1775923200003,-0.00005191
LTCUSDT,1775952000000,0.00007591
LTCUSDT,1775980800000,-0.0000966
LTCUSDT,1776009600000,-0.00009794
LTCUSDT,1776038400011,-0.0000444
LTCUSDT,1776067200006,0.00003871
LTCUSDT,1776096000000,-0.00009696
LTCUSDT,1776124800005,0.00006515
LTCUSDT,1776153600003,0.0001
LTCUSDT,1776182400001,0.0001
LTCUSDT,1776211200000,0.00005607
LTCUSDT,1776240000000,-0.00004006
LTCUSDT,1776268800000,0.00005945
LTCUSDT,1776297600013,0.00002354
LTCUSDT,1776326400000,0.00000095
LTCUSDT,1776355200000,0.0001
LTCUSDT,1776384000001,0.00009473
LTCUSDT,1776412800011,0.00004273
LTCUSDT,1776441600001,0.00006056
LTCUSDT,1776470400001,0.00006651
LTCUSDT,1776499200006,-0.00005092
LTCUSDT,1776528000000,0.00003088
LTCUSDT,1776556800002,-0.00001303
LTCUSDT,1776585600010,-0.00002098
LTCUSDT,1776614400001,-0.00000505
LTCUSDT,1776643200000,0.00002404
LTCUSDT,1776672000000,0.00008444
LTCUSDT,1776700800001,0.0000667
LTCUSDT,1776729600000,0.00008413
LTCUSDT,1776758400004,0.00000513
LTCUSDT,1776787200004,0.00007885
LTCUSDT,1776816000004,0.00003848
LTCUSDT,1776844800000,0.0000887
LTCUSDT,1776873600000,0.00006117
LTCUSDT,1776902400000,0.00002803
LTCUSDT,1776931200000,-0.00008212
LTCUSDT,1776960000004,0.0000564
LTCUSDT,1776988800006,0.00005999
LTCUSDT,1777017600000,0.00006968
LTCUSDT,1777046400000,0.0001
LTCUSDT,1777075200000,0.00005814
LTCUSDT,1777104000002,0.00001851
LTCUSDT,1777132800002,-0.00001546
LTCUSDT,1777161600003,-0.00004377
LTCUSDT,1777190400007,-0.00001423
LTCUSDT,1777219200004,0.00003512
LTCUSDT,1777248000004,0.00001288
LTCUSDT,1777276800000,-0.00003114
LTCUSDT,1777305600002,0.0000596
LTCUSDT,1777334400001,-0.00005693
LTCUSDT,1777363200000,0.00002323
LTCUSDT,1777392000004,0.0001
LTCUSDT,1777420800006,0.00003567
LTCUSDT,1777449600011,0.0001
LTCUSDT,1777478400003,0.00001657
LTCUSDT,1777507200002,-0.00002708
LTCUSDT,1777536000000,-0.00001561
LTCUSDT,1777564800000,0.00005023
LTCUSDT,1777593600000,-0.00003336
LTCUSDT,1777622400005,-0.00001845
LTCUSDT,1777651200000,-0.0000163
LTCUSDT,1777680000006,0.00003523
LTCUSDT,1777708800000,0.00000988
LTCUSDT,1777737600010,0.00000339
LTCUSDT,1777766400005,0.00000826
LTCUSDT,1777795200003,-0.00010504
LTCUSDT,1777824000000,-0.00001616
LTCUSDT,1777852800000,0.00001851
LTCUSDT,1777881600000,0.0001
LTCUSDT,1777910400003,-0.00002
LTCUSDT,1777939200000,0.00007838
LTCUSDT,1777968000011,-0.00003977
LTCUSDT,1777996800000,0.0001
LTCUSDT,1778025600010,0.00008723
LTCUSDT,1778054400000,0.00001282
LTCUSDT,1778083200002,0.0001
LTCUSDT,1778112000000,0.00003247
LTCUSDT,1778140800000,0.00009173
LTCUSDT,1778169600004,0.00004394
LTCUSDT,1778198400003,0.0000111
LTCUSDT,1778227200002,0.00002865
LTCUSDT,1778256000003,0.00006506
LTCUSDT,1778284800000,0.0001
LTCUSDT,1778313600001,0.0001
LTCUSDT,1778342400002,0.00000399
LTCUSDT,1778371200003,-0.00002533
LTCUSDT,1778400000000,0.00003399
LTCUSDT,1778428800000,0.0001
LTCUSDT,1778457600000,0.00004478
LTCUSDT,1778486400000,0.00006609
LTCUSDT,1778515200000,0.00006345
LTCUSDT,1778544000002,-0.00000296
LTCUSDT,1778572800008,-0.00001721
LTCUSDT,1778601600000,0.00003909
LTCUSDT,1778630400010,0.00005444
LTCUSDT,1778659200003,0.00007858
LTCUSDT,1778688000001,-0.00004309
LTCUSDT,1778716800005,0.00000477
LTCUSDT,1778745600000,0.00004498
LTCUSDT,1778774400000,0.00004869
LTCUSDT,1778803200000,0.00001749
LTCUSDT,1778832000016,0.00000061
LTCUSDT,1778860800012,-0.00004087
LTCUSDT,1778889600005,0.00002026
LTCUSDT,1778918400000,-0.00004367
LTCUSDT,1778947200005,0.00001378
LTCUSDT,1778976000000,0.00000552
LTCUSDT,1779004800010,0.00006037
LTCUSDT,1779033600009,-0.00001723
LTCUSDT,1779062400007,-0.00005536
LTCUSDT,1779091200002,-0.00001824
LTCUSDT,1779120000007,-0.00005782
LTCUSDT,1779148800001,-0.0000182
LTCUSDT,1779177600001,-0.00002608
LTCUSDT,1779206400009,0.00002558
LTCUSDT,1779235200001,-0.00004963
LTCUSDT,1779264000006,0.00005433
LTCUSDT,1779292800000,0.00008731
LTCUSDT,1779321600001,0.00003532
LTCUSDT,1779350400000,-0.00004171
LTCUSDT,1779379200000,-0.00001569
LTCUSDT,1779408000000,-0.00002101
LTCUSDT,1779436800004,0.00008385
LTCUSDT,1779465600001,-0.00002266
LTCUSDT,1779494400009,0.00003622
LTCUSDT,1779523200001,-0.00002227
LTCUSDT,1779552000003,-0.00004276
LTCUSDT,1779580800011,0.00003387
LTCUSDT,1779609600008,-0.00006165
LTCUSDT,1779638400000,0.00002261
LTCUSDT,1779667200001,-0.00003974
LTCUSDT,1779696000001,0.00004423
LTCUSDT,1779724800001,0.0001
LTCUSDT,1779753600000,-0.00005673
LTCUSDT,1779782400003,0.00001604
LTCUSDT,1779811200000,0.00004852
LTCUSDT,1779840000000,-0.00002783
LTCUSDT,1779868800004,-0.00003948
LTCUSDT,1779897600009,0.00005393
LTCUSDT,1779926400001,-0.00000219
LTCUSDT,1779955200000,-0.00002695
LTCUSDT,1779984000001,0.00000128
LTCUSDT,1780012800000,0.00006351
LTCUSDT,1780041600001,0.0001
LTCUSDT,1780070400008,0.00004033
LTCUSDT,1780099200000,0.00007849
LTCUSDT,1780128000001,-0.0000266
LTCUSDT,1780156800000,0.00003947
LTCUSDT,1780185600000,-0.00006006
LTCUSDT,1780214400000,-0.00000361
LTCUSDT,1780243200004,-0.00003646
LTCUSDT,1780272000001,0.00002725
LTCUSDT,1780300800001,0.00006309
LTCUSDT,1780329600000,0.00007945
LTCUSDT,1780358400000,0.00002889
LTCUSDT,1780387200000,-0.00002884
LTCUSDT,1780416000000,-0.00002845
LTCUSDT,1780444800013,0.0000001
LTCUSDT,1780473600000,-0.00001453
LTCUSDT,1780502400001,0.00004525
LTCUSDT,1780531200009,-0.0000251
LTCUSDT,1780560000000,-0.00002348
LTCUSDT,1780588800003,-0.00002464
LTCUSDT,1780617600000,0.00002365
LTCUSDT,1780646400004,-0.00000323
LTCUSDT,1780675200009,0.00002166
LTCUSDT,1780704000000,-0.00000051
LTCUSDT,1780732800000,0.00005775
LTCUSDT,1780761600000,0.00004422
LTCUSDT,1780790400001,-0.00001067
LTCUSDT,1780819200000,0.00004157
LTCUSDT,1780848000000,-0.00007423
LTCUSDT,1780876800000,0.0000337
LTCUSDT,1780905600005,-0.00002033
LTCUSDT,1780934400004,0.00005826
LTCUSDT,1780963200000,-0.00000542
LTCUSDT,1780992000000,-0.00002314
LTCUSDT,1781020800001,-0.00006413
LTCUSDT,1781049600001,-0.00001252
LTCUSDT,1781078400011,0.00004559
LTCUSDT,1781107200009,-0.0000006
LTCUSDT,1781136000000,-0.00003729
LTCUSDT,1781164800004,0.00004053
LTCUSDT,1781193600000,0.0000155
LTCUSDT,1781222400000,-0.0000346
LTCUSDT,1781251200000,-0.00002628
LTCUSDT,1781280000000,0.00003648
LTCUSDT,1781308800000,-0.00002814
LTCUSDT,1781337600007,0.00007698
LTCUSDT,1781366400002,-0.00001872
LTCUSDT,1781395200005,-0.00004615
LTCUSDT,1781424000009,-0.00000678
LTCUSDT,1781452800000,-0.00003278
LTCUSDT,1781481600013,-0.00001683
LTCUSDT,1781510400013,0.00007946
LTCUSDT,1781539200004,0.00009538
LTCUSDT,1781568000000,0.00001387
LTCUSDT,1781596800000,0.00003963
LTCUSDT,1781625600001,0.00001998
LTCUSDT,1781654400012,0.00003664
LTCUSDT,1781683200000,0.00007695
LTCUSDT,1781712000000,0.00002742
LTCUSDT,1781740800002,0.00002109
LTCUSDT,1781769600000,-0.00000644
LTCUSDT,1781798400001,-0.00002617
LTCUSDT,1781827200005,0.00001999
LTCUSDT,1781856000001,-0.00004107
LTCUSDT,1781884800001,-0.00004341
LTCUSDT,1781913600001,0.0000544
LTCUSDT,1781942400000,-0.00007906
LTCUSDT,1781971200001,-0.00003775
LTCUSDT,1782000000000,-0.00005221
LTCUSDT,1782028800000,-0.00007852
LTCUSDT,1782057600000,0.00006487
LTCUSDT,1782086400000,0.00006907
LTCUSDT,1782115200000,-0.00000806
LTCUSDT,1782144000002,0.00004281
LTCUSDT,1782172800003,-0.00002679
LTCUSDT,1782201600005,0.00004679
LTCUSDT,1782230400002,-0.00003464
LTCUSDT,1782259200005,-0.00007671
LTCUSDT,1782288000005,0.00002085
LTCUSDT,1782316800003,-0.0000139
LTCUSDT,1782345600000,-0.00007351
LTCUSDT,1782374400000,-0.00002829
LTCUSDT,1782403200000,0.00003132
LTCUSDT,1782432000010,-0.00007995
LTCUSDT,1782460800002,0.00005244
LTCUSDT,1782489600000,0.00007633
LTCUSDT,1782518400000,-0.00008057
LTCUSDT,1782547200000,-0.00000799
LTCUSDT,1782576000009,-0.000029
LTCUSDT,1782604800000,0.00006024
LTCUSDT,1782633600013,-0.00005331
LTCUSDT,1782662400000,-0.00000228
LTCUSDT,1782691200006,0.00000648
LTCUSDT,1782720000013,0.00004126
LTCUSDT,1782748800004,0.00005566
LTCUSDT,1782777600000,0.0000768
LTCUSDT,1782806400000,0.00002502
LTCUSDT,1782835200005,0.00006925
LTCUSDT,1782864000000,0.00002708
LTCUSDT,1782892800000,0.00007005
LTCUSDT,1782921600000,0.00005206
LTCUSDT,1782950400000,0.00004302
LTCUSDT,1782979200000,0.0001
LTCUSDT,1783008000000,0.0001
LTCUSDT,1783036800000,0.0001
LTCUSDT,1783065600007,0.00005003
LTCUSDT,1783094400000,0.0001
LTCUSDT,1783123200000,0.00006922
LTCUSDT,1783152000000,0.00007488
LTCUSDT,1783180800007,0.0001
LTCUSDT,1783209600003,0.00002234
LTCUSDT,1783238400001,0.00001892
LTCUSDT,1783267200000,0.00003408
LTCUSDT,1783296000000,0.00003649
LTCUSDT,1783324800000,0.00009368
LTCUSDT,1783353600000,0.00007359
LTCUSDT,1783382400000,0.00008478
LTCUSDT,1783411200000,-0.00002157
LTCUSDT,1783440000000,0.0001
LTCUSDT,1783468800000,0.00001856
LTCUSDT,1783497600000,0.00002762
LTCUSDT,1783526400000,0.00006672
LTCUSDT,1783555200000,-0.0000105
LTCUSDT,1783584000001,0.0001
LTCUSDT,1783612800001,0.0001
LTCUSDT,1783641600000,0.00004591
LTCUSDT,1783670400005,0.00001056
LTCUSDT,1783699200005,0.00006594
LTCUSDT,1783728000000,0.00000959
LTCUSDT,1783756800000,0.00007774
LTCUSDT,1783785600000,0.00007468
LTCUSDT,1783814400000,0.00000954
LTCUSDT,1783843200003,0.00000471
LTCUSDT,1783872000000,0.000086
LTCUSDT,1783900800000,-0.00002742
LTCUSDT,1783929600001,-0.00003898
LTCUSDT,1783958400004,0.00001487
LTCUSDT,1783987200000,-0.0000849
LTCUSDT,1784016000002,0.0001
LTCUSDT,1784044800001,0.00002102
LTCUSDT,1784073600005,0.0000101
LTCUSDT,1784102400002,0.0001
LTCUSDT,1784131200000,0.0001
LTCUSDT,1784160000000,-0.00005364
LTCUSDT,1784188800003,-0.00000668
LTCUSDT,1784217600002,0.00006611
LTCUSDT,1784246400000,0.00009579
LTCUSDT,1784275200010,0.00006005
LTCUSDT,1784304000004,0.0001
LTCUSDT,1784332800000,0.00000257
LTCUSDT,1784361600000,0.00006611
LTCUSDT,1784390400001,0.00007043
LTCUSDT,1784419200003,0.00007052
LTCUSDT,1784448000000,0.00001289
LTCUSDT,1784476800001,0.00008985
LTCUSDT,1784505600000,-0.00000292
LTCUSDT,1784534400001,0.00009696
LTCUSDT,1784563200004,0.0001
LTCUSDT,1784592000001,0.00002846
LTCUSDT,1784620800000,0.0001
LTCUSDT,1784649600002,0.00009635
LTCUSDT,1784678400000,0.00005228
LTCUSDT,1784707200000,-0.00000147
LTCUSDT,1784736000001,0.00004575
LTCUSDT,1784764800000,0.00003587
LTCUSDT,1784793600000,-0.00000467
LTCUSDT,1784822400000,0.00002513
LTCUSDT,1784851200000,-0.00000037
LTCUSDT,1784880000000,0.00003715
LTCUSDT,1784908800008,0.0001
LTCUSDT,1784937600002,0.00002468
LTCUSDT,1784966400000,0.00006338
LTCUSDT,1784995200000,0.00004817
LTCUSDT,1785024000000,0.0000374
LTCUSDT,1785052800002,0.00000383
LTCUSDT,1785081600000,0.0001
LTCUSDT,1785110400010,0.00006444
LTCUSDT,1785139200000,0.0001
LTCUSDT,1785168000001,-0.00003441
LTCUSDT,1785196800000,0.00002325
LTCUSDT,1785225600000,0.00000005
LTCUSDT,1785254400000,0.0001
LTCUSDT,1785283200000,0.00003179
LTCUSDT,1785312000002,0.00006149
LTCUSDT,1785340800000,0.00009094
LTCUSDT,1785369600000,-0.0000012
LTCUSDT,1785398400000,0.00001835
LTCUSDT,1785427200000,0.00000558
LTCUSDT,1785456000003,-0.00003671
LTCUSDT,1785484800000,0.00005177
LTCUSDT,1785513600000,0.00000521
