symbol,timestamp_ms,funding_rate
NEARUSDT,1609459200002,0.0001
NEARUSDT,1609488000006,0.0001
NEARUSDT,1609516800003,0.0001
NEARUSDT,1609545600000,0.0001
NEARUSDT,1609574400000,0.0001
NEARUSDT,1609603200006,0.0001
NEARUSDT,1609632000018,0.0001
NEARUSDT,1609660800000,0.00018896
NEARUSDT,1609689600002,0.00146168
NEARUSDT,1609718400000,0.00143541
NEARUSDT,1609747200000,0.0026509
NEARUSDT,1609776000000,0.00023088
NEARUSDT,1609804800020,0.00024235
NEARUSDT,1609833600003,0.0001
NEARUSDT,1609862400003,0.00021489
NEARUSDT,1609891200010,0.00058875
NEARUSDT,1609920000003,0.0012593
NEARUSDT,1609948800000,0.00266159
NEARUSDT,1609977600007,0.00141171
NEARUSDT,1610006400000,0.00249618
NEARUSDT,1610035200004,0.00181115
NEARUSDT,1610064000000,0.00068591
NEARUSDT,1610092800000,0.0001
NEARUSDT,1610121600000,0.00116429
NEARUSDT,1610150400009,0.00029992
NEARUSDT,1610179200004,0.00010236
NEARUSDT,1610208000000,0.00081679
NEARUSDT,1610236800000,0.00203307
NEARUSDT,1610265600005,0.00248636
NEARUSDT,1610294400000,0.0001
NEARUSDT,1610323200000,0.0005776
NEARUSDT,1610352000012,0.0001
NEARUSDT,1610380800000,0.0001
NEARUSDT,1610409600000,0.0001
NEARUSDT,1610438400000,0.0001
NEARUSDT,1610467200008,0.0001
NEARUSDT,1610496000001,0.0001
NEARUSDT,1610524800000,0.0001
NEARUSDT,1610553600003,0.0001
NEARUSDT,1610582400000,0.0001
NEARUSDT,1610611200012,0.0001
NEARUSDT,1610640000000,0.0008289
NEARUSDT,1610668800002,0.00038366
NEARUSDT,1610697600000,0.00033929
NEARUSDT,1610726400004,0.00028112
NEARUSDT,1610755200000,0.0001
NEARUSDT,1610784000008,0.0001
NEARUSDT,1610812800000,0.00032725
NEARUSDT,1610841600009,0.00031692
NEARUSDT,1610870400000,0.0001
NEARUSDT,1610899200001,0.0001
NEARUSDT,1610928000000,0.00073391
NEARUSDT,1610956800004,0.0004167
NEARUSDT,1610985600000,0.00041762
NEARUSDT,1611014400000,0.00060239
NEARUSDT,1611043200005,0.00180993
NEARUSDT,1611072000012,0.00149901
NEARUSDT,1611100800012,0.00068064
NEARUSDT,1611129600001,0.0001
NEARUSDT,1611158400001,0.0001
NEARUSDT,1611187200000,0.0001
NEARUSDT,1611216000000,0.0001
NEARUSDT,1611244800004,0.0001
NEARUSDT,1611273600012,0.0001
NEARUSDT,1611302400003,0.0001
NEARUSDT,1611331200001,0.0001
NEARUSDT,1611360000000,0.00013926
NEARUSDT,1611388800002,0.00017938
NEARUSDT,1611417600000,0.0001
NEARUSDT,1611446400001,0.0001
NEARUSDT,1611475200011,0.0001
NEARUSDT,1611504000005,0.00049024
NEARUSDT,1611532800007,0.00031991
NEARUSDT,1611561600012,0.00038742
NEARUSDT,1611590400000,0.00031158
NEARUSDT,1611619200007,0.00032074
NEARUSDT,1611648000000,0.0001
NEARUSDT,1611676800000,0.0001
NEARUSDT,1611705600000,0.0001
NEARUSDT,1611734400011,0.00023867
NEARUSDT,1611763200003,0.0001
NEARUSDT,1611792000000,0.0001
NEARUSDT,1611820800000,0.0001
NEARUSDT,1611849600000,0.0001
NEARUSDT,1611878400009,0.0001
NEARUSDT,1611907200000,0.0001
NEARUSDT,1611936000000,0.00042087
NEARUSDT,1611964800000,0.00010075
NEARUSDT,1611993600000,0.0001
NEARUSDT,1612022400000,0.00042443
NEARUSDT,1612051200009,0.00032914
NEARUSDT,1612080000000,0.00021606
NEARUSDT,1612108800000,0.00029273
NEARUSDT,1612137600001,0.0001
NEARUSDT,1612166400014,0.0001
NEARUSDT,1612195200000,0.0001
NEARUSDT,1612224000000,0.00035503
NEARUSDT,1612252800006,0.0002876
NEARUSDT,1612281600000,0.00152357
NEARUSDT,1612310400009,0.00119736
NEARUSDT,1612339200006,0.0021053
NEARUSDT,1612368000006,0.00171597
NEARUSDT,1612396800005,0.00148409
NEARUSDT,1612425600000,0.00161677
NEARUSDT,1612454400011,0.00038037
NEARUSDT,1612483200009,0.00114043
NEARUSDT,1612512000004,0.00237347
NEARUSDT,1612540800000,0.00283141
NEARUSDT,1612569600008,0.00181044
NEARUSDT,1612598400009,0.00115539
NEARUSDT,1612627200000,0.00157535
NEARUSDT,1612656000000,0.0020707
NEARUSDT,1612684800005,0.00053952
NEARUSDT,1612713600001,0.00074208
NEARUSDT,1612742400000,0.00030974
NEARUSDT,1612771200001,0.0008192
NEARUSDT,1612800000000,0.00232767
NEARUSDT,1612828800010,0.00118765
NEARUSDT,1612857600006,0.00255682
NEARUSDT,1612886400007,0.0013809
NEARUSDT,1612915200009,0.00207736
NEARUSDT,1612944000014,0.00531804
NEARUSDT,1612972800005,0.00213849
NEARUSDT,1613001600000,0.00158674
NEARUSDT,1613030400000,0.00088513
NEARUSDT,1613059200000,0.00291667
NEARUSDT,1613088000000,0.00112451
NEARUSDT,1613116800000,0.00168272
NEARUSDT,1613145600000,0.0014193
NEARUSDT,1613174400001,0.00363518
NEARUSDT,1613203200003,0.00559178
NEARUSDT,1613232000000,0.0007366
NEARUSDT,1613260800013,0.00236816
NEARUSDT,1613289600000,0.00332888
NEARUSDT,1613318400008,0.0033733
NEARUSDT,1613347200000,0.00228156
NEARUSDT,1613376000006,0.0001
NEARUSDT,1613404800000,0.0001
NEARUSDT,1613433600001,0.0001
NEARUSDT,1613462400000,0.0001
NEARUSDT,1613491200010,0.00010755
NEARUSDT,1613520000005,0.0001
NEARUSDT,1613548800010,0.0001
NEARUSDT,1613577600008,0.00146203
NEARUSDT,1613606400012,0.00106293
NEARUSDT,1613635200000,0.00167541
NEARUSDT,1613664000009,0.00159078
NEARUSDT,1613692800010,0.00104126
NEARUSDT,1613721600002,0.00140184
NEARUSDT,1613750400008,0.0029922
NEARUSDT,1613779200000,0.00163319
NEARUSDT,1613808000009,0.00276087
NEARUSDT,1613836800000,0.00240947
NEARUSDT,1613865600007,0.0002313
NEARUSDT,1613894400012,0.0001
NEARUSDT,1613923200001,0.00061277
NEARUSDT,1613952000006,0.00032006
NEARUSDT,1613980800002,0.00035746
NEARUSDT,1614009600000,0.0001
NEARUSDT,1614038400000,0.0001
NEARUSDT,1614067200006,0.0001
NEARUSDT,1614096000000,0.0001
NEARUSDT,1614124800012,-0.00000617
NEARUSDT,1614153600016,0.0001
NEARUSDT,1614182400011,0.0001
NEARUSDT,1614211200007,0.0001
NEARUSDT,1614240000000,0.0001
NEARUSDT,1614268800010,0.0001
NEARUSDT,1614297600000,0.0001
NEARUSDT,1614326400025,0.0001
NEARUSDT,1614355200010,0.0001
NEARUSDT,1614384000001,0.0001
NEARUSDT,1614412800000,0.0001
NEARUSDT,1614441600000,0.0001
NEARUSDT,1614470400021,0.0001
NEARUSDT,1614499200009,0.0001
NEARUSDT,1614528000000,0.0001
NEARUSDT,1614556800000,0.0001
NEARUSDT,1614585600003,0.0001
NEARUSDT,1614614400001,0.0001
NEARUSDT,1614643200000,0.0001
NEARUSDT,1614672000000,0.0001
NEARUSDT,1614700800004,0.0001
NEARUSDT,1614729600000,0.0001
NEARUSDT,1614758400016,0.0001
NEARUSDT,1614787200000,0.0001
NEARUSDT,1614816000000,0.0001
NEARUSDT,1614844800015,0.0001
NEARUSDT,1614873600001,0.0001
NEARUSDT,1614902400000,0.0001
NEARUSDT,1614931200002,0.0001
NEARUSDT,1614960000008,0.0001
NEARUSDT,1614988800000,0.0001
NEARUSDT,1615017600000,0.0001
NEARUSDT,1615046400000,0.0001
NEARUSDT,1615075200006,0.0001
NEARUSDT,1615104000005,0.0001
NEARUSDT,1615132800008,0.0001
NEARUSDT,1615161600000,0.00051728
NEARUSDT,1615190400000,0.00019901
NEARUSDT,1615219200006,0.00050244
NEARUSDT,1615248000000,0.00016379
NEARUSDT,1615276800000,0.00054929
NEARUSDT,1615305600000,0.00060907
NEARUSDT,1615334400009,0.00150266
NEARUSDT,1615363200006,0.00032499
NEARUSDT,1615392000008,0.00076602
NEARUSDT,1615420800000,0.0005123
NEARUSDT,1615449600000,0.00014202
NEARUSDT,1615478400014,0.0001
NEARUSDT,1615507200002,0.00033302
NEARUSDT,1615536000005,0.00018823
NEARUSDT,1615564800011,0.00032522
NEARUSDT,1615593600000,0.00016716
NEARUSDT,1615622400002,0.0005005
NEARUSDT,1615651200000,0.00074947
NEARUSDT,1615680000011,0.00090937
NEARUSDT,1615708800000,0.00053197
NEARUSDT,1615737600000,0.00068576
NEARUSDT,1615766400012,0.00043273
NEARUSDT,1615795200016,0.00071207
NEARUSDT,1615824000030,0.00020337
NEARUSDT,1615852800005,0.00047575
NEARUSDT,1615881600008,0.0001
NEARUSDT,1615910400012,0.0001
NEARUSDT,1615939200010,0.00027417
NEARUSDT,1615968000000,0.00018578
NEARUSDT,1615996800009,0.00025208
NEARUSDT,1616025600001,0.0003736
NEARUSDT,1616054400000,0.00068374
NEARUSDT,1616083200000,0.00090602
NEARUSDT,1616112000011,0.0007851
NEARUSDT,1616140800001,0.00053132
NEARUSDT,1616169600000,0.00070998
NEARUSDT,1616198400000,0.00085505
NEARUSDT,1616227200000,0.00093321
NEARUSDT,1616256000007,0.00173995
NEARUSDT,1616284800000,0.00049786
NEARUSDT,1616313600000,0.00046494
NEARUSDT,1616342400000,0.00061333
NEARUSDT,1616371200007,0.00060459
NEARUSDT,1616400000001,0.00100719
NEARUSDT,1616428800000,0.00130654
NEARUSDT,1616457600000,0.00045822
NEARUSDT,1616486400010,0.0001
NEARUSDT,1616515200023,0.00044543
NEARUSDT,1616544000002,0.00021301
NEARUSDT,1616572800000,0.00035683
NEARUSDT,1616601600000,0.00032949
NEARUSDT,1616630400000,0.0001
NEARUSDT,1616659200000,0.0001
NEARUSDT,1616688000000,0.0001
NEARUSDT,1616716800008,0.0001
NEARUSDT,1616745600000,0.0001
NEARUSDT,1616774400012,0.0001
NEARUSDT,1616803200018,0.0001
NEARUSDT,1616832000000,0.0001
NEARUSDT,1616860800001,0.0001
NEARUSDT,1616889600000,0.0001
NEARUSDT,1616918400000,0.00016322
NEARUSDT,1616947200005,0.00011796
NEARUSDT,1616976000003,0.00054947
NEARUSDT,1617004800000,0.00041578
NEARUSDT,1617033600000,0.00035699
NEARUSDT,1617062400018,0.00030662
NEARUSDT,1617091200012,0.00084118
NEARUSDT,1617120000001,0.00174943
NEARUSDT,1617148800000,0.00129172
NEARUSDT,1617177600000,0.00118465
NEARUSDT,1617206400000,0.00013823
NEARUSDT,1617235200025,0.0012834
NEARUSDT,1617264000011,0.00117243
NEARUSDT,1617292800004,0.00138346
NEARUSDT,1617321600000,0.0007899
NEARUSDT,1617350400000,0.00209851
NEARUSDT,1617379200000,0.00156238
NEARUSDT,1617408000003,0.00177389
NEARUSDT,1617436800000,0.00159757
NEARUSDT,1617465600000,0.00240961
NEARUSDT,1617494400000,0.00038801
NEARUSDT,1617523200000,0.00035799
NEARUSDT,1617552000016,0.00066182
NEARUSDT,1617580800000,0.00061872
NEARUSDT,1617609600001,0.00090228
NEARUSDT,1617638400001,0.00167599
NEARUSDT,1617667200010,0.00177709
NEARUSDT,1617696000000,0.00176282
NEARUSDT,1617724800003,0.00141266
NEARUSDT,1617753600000,0.00121231
NEARUSDT,1617782400006,0.00119349
NEARUSDT,1617811200004,0.00015356
NEARUSDT,1617840000013,0.00016274
NEARUSDT,1617868800003,0.00094826
NEARUSDT,1617897600005,0.00046625
NEARUSDT,1617926400000,0.00063116
NEARUSDT,1617955200004,0.0011876
NEARUSDT,1617984000004,0.0007661
NEARUSDT,1618012800011,0.00058074
NEARUSDT,1618041600005,0.00156759
NEARUSDT,1618070400000,0.00139834
NEARUSDT,1618099200004,0.00094585
NEARUSDT,1618128000000,0.00112918
NEARUSDT,1618156800000,0.001437
NEARUSDT,1618185600001,0.00170461
NEARUSDT,1618214400001,0.00137302
NEARUSDT,1618243200008,0.00117707
NEARUSDT,1618272000003,0.00128138
NEARUSDT,1618300800008,0.0013463
NEARUSDT,1618329600008,0.00257032
NEARUSDT,1618358400008,0.00271275
NEARUSDT,1618387200000,0.00312993
NEARUSDT,1618416000012,0.00099656
NEARUSDT,1618444800006,0.00155632
NEARUSDT,1618473600000,0.00117963
NEARUSDT,1618502400008,0.00220869
NEARUSDT,1618531200008,0.00213311
NEARUSDT,1618560000000,0.0021042
NEARUSDT,1618588800002,0.00156314
NEARUSDT,1618617600008,0.00274864
NEARUSDT,1618646400000,0.00257357
NEARUSDT,1618675200001,0.00190036
NEARUSDT,1618704000006,0.00127107
NEARUSDT,1618732800004,0.0001
NEARUSDT,1618761600000,0.0001
NEARUSDT,1618790400000,0.0001
NEARUSDT,1618819200000,0.0001
NEARUSDT,1618848000009,0.0001
NEARUSDT,1618876800004,0.0001
NEARUSDT,1618905600000,-0.00008939
NEARUSDT,1618934400001,0.0001
NEARUSDT,1618963200013,0.0001
NEARUSDT,1618992000001,0.0001
NEARUSDT,1619020800002,0.0001
NEARUSDT,1619049600000,0.0001
NEARUSDT,1619078400000,0.0001
NEARUSDT,1619107200001,0.0001
NEARUSDT,1619136000002,0.0001
NEARUSDT,1619164800009,0.0001
NEARUSDT,1619193600001,0.0001
NEARUSDT,1619222400019,0.0001
NEARUSDT,1619251200001,0.0001
NEARUSDT,1619280000011,0.0001
NEARUSDT,1619308800000,0.0001
NEARUSDT,1619337600010,0.0001
NEARUSDT,1619366400000,0.0001
NEARUSDT,1619395200003,0.0001
NEARUSDT,1619424000002,0.0001
NEARUSDT,1619452800004,0.0001
NEARUSDT,1619481600000,0.0001
NEARUSDT,1619510400000,0.0001
NEARUSDT,1619539200009,0.0001
NEARUSDT,1619568000000,0.0001
NEARUSDT,1619596800000,0.00013955
NEARUSDT,1619625600001,0.0001
NEARUSDT,1619654400004,0.0001
NEARUSDT,1619683200013,0.00017666
NEARUSDT,1619712000003,0.0001
NEARUSDT,1619740800004,0.00017415
NEARUSDT,1619769600019,0.00021153
NEARUSDT,1619798400003,0.00034346
NEARUSDT,1619827200002,0.00027558
NEARUSDT,1619856000006,0.00058825
NEARUSDT,1619884800000,0.00024203
NEARUSDT,1619913600010,0.0001
NEARUSDT,1619942400011,0.00025619
NEARUSDT,1619971200007,0.00057739
NEARUSDT,1620000000003,0.00023694
NEARUSDT,1620028800000,0.00066422
NEARUSDT,1620057600043,0.00048051
NEARUSDT,1620086400004,0.00052702
NEARUSDT,1620115200003,0.0001
NEARUSDT,1620144000011,0.00027229
NEARUSDT,1620172800001,0.0001
NEARUSDT,1620201600007,0.00019465
NEARUSDT,1620230400001,0.00013855
NEARUSDT,1620259200003,0.00041357
NEARUSDT,1620288000001,0.00089323
NEARUSDT,1620316800000,0.00098012
NEARUSDT,1620345600000,0.00058241
NEARUSDT,1620374400000,0.00048318
NEARUSDT,1620403200001,0.00089059
NEARUSDT,1620432000006,0.00065657
NEARUSDT,1620460800000,0.00114988
NEARUSDT,1620489600000,0.00083933
NEARUSDT,1620518400005,0.00054266
NEARUSDT,1620547200016,0.00020225
NEARUSDT,1620576000000,0.00029871
NEARUSDT,1620604800004,0.00045667
NEARUSDT,1620633600000,0.00037299
NEARUSDT,1620662400013,0.00058442
NEARUSDT,1620691200000,0.0001
NEARUSDT,1620720000000,0.0001
NEARUSDT,1620748800002,0.0001
NEARUSDT,1620777600004,0.0001
NEARUSDT,1620806400007,0.00021715
NEARUSDT,1620835200012,0.00039261
NEARUSDT,1620864000016,0.0001
NEARUSDT,1620892800000,0.0001
NEARUSDT,1620921600008,0.0001
NEARUSDT,1620950400007,0.0001
NEARUSDT,1620979200001,0.0001
NEARUSDT,1621008000004,0.0001
NEARUSDT,1621036800022,0.0001
NEARUSDT,1621065600014,0.0001
NEARUSDT,1621094400002,0.00033603
NEARUSDT,1621123200000,0.0001
NEARUSDT,1621152000003,0.0001
NEARUSDT,1621180800002,0.0001
NEARUSDT,1621209600005,0.0001
NEARUSDT,1621238400001,0.0001
NEARUSDT,1621267200000,0.0001
NEARUSDT,1621296000019,0.0001
NEARUSDT,1621324800001,0.0001
NEARUSDT,1621353600006,0.0001
NEARUSDT,1621382400000,0.0001
NEARUSDT,1621411200003,0.0001
NEARUSDT,1621440000018,-0.00384187
NEARUSDT,1621468800005,0.0001
NEARUSDT,1621497600000,0.0001
NEARUSDT,1621526400005,0.0001
NEARUSDT,1621555200000,0.0001
NEARUSDT,1621584000000,0.0001
NEARUSDT,1621612800001,0.0001
NEARUSDT,1621641600001,0.0001
NEARUSDT,1621670400002,0.0001
NEARUSDT,1621699200005,0.0001
NEARUSDT,1621728000006,0.0001
NEARUSDT,1621756800004,0.0001
NEARUSDT,1621785600002,0.0001
NEARUSDT,1621814400007,0.0001
NEARUSDT,1621843200005,0.0001
NEARUSDT,1621872000005,0.0001
NEARUSDT,1621900800000,0.0001
NEARUSDT,1621929600014,0.0001
NEARUSDT,1621958400000,0.0001
NEARUSDT,1621987200022,0.0001
NEARUSDT,1622016000018,0.0001
NEARUSDT,1622044800004,0.0001
NEARUSDT,1622073600000,0.0001
NEARUSDT,1622102400017,0.0001
NEARUSDT,1622131200000,0.0001
NEARUSDT,1622160000005,0.0001
NEARUSDT,1622188800009,0.0001
NEARUSDT,1622217600000,0.0001
NEARUSDT,1622246400006,0.0001
NEARUSDT,1622275200000,0.0001
NEARUSDT,1622304000000,0.0001
NEARUSDT,1622332800003,0.0001
NEARUSDT,1622361600004,-0.00002358
NEARUSDT,1622390400018,0.0001
NEARUSDT,1622419200002,0.0001
NEARUSDT,1622448000000,0.0001
NEARUSDT,1622476800000,0.0001
NEARUSDT,1622505600001,0.0001
NEARUSDT,1622534400010,0.0001
NEARUSDT,1622563200010,0.0001
NEARUSDT,1622592000008,0.0001
NEARUSDT,1622620800000,0.0001
NEARUSDT,1622649600007,0.0001
NEARUSDT,1622678400019,0.0001
NEARUSDT,1622707200002,0.0001
NEARUSDT,1622736000003,0.0001
NEARUSDT,1622764800003,0.0001
NEARUSDT,1622793600006,0.0001
NEARUSDT,1622822400002,0.0001
NEARUSDT,1622851200000,0.0001
NEARUSDT,1622880000004,0.0001
NEARUSDT,1622908800020,0.0001
NEARUSDT,1622937600000,0.0001
NEARUSDT,1622966400004,0.0001
NEARUSDT,1622995200000,0.0001
NEARUSDT,1623024000007,0.0001
NEARUSDT,1623052800007,0.0001
NEARUSDT,1623081600003,0.0001
NEARUSDT,1623110400000,0.00004516
NEARUSDT,1623139200000,0.00009036
NEARUSDT,1623168000002,0.0001
NEARUSDT,1623196800009,0.0001
NEARUSDT,1623225600002,0.0001
NEARUSDT,1623254400000,-0.00006889
NEARUSDT,1623283200007,0.0001
NEARUSDT,1623312000003,0.0001
NEARUSDT,1623340800000,0.0001
NEARUSDT,1623369600010,0.0001
NEARUSDT,1623398400007,0.0001
NEARUSDT,1623427200006,0.0001
NEARUSDT,1623456000005,0.0001
NEARUSDT,1623484800000,0.00009352
NEARUSDT,1623513600018,-0.00000622
NEARUSDT,1623542400002,0.00002521
NEARUSDT,1623571200000,-0.00002219
NEARUSDT,1623600000003,0.0001
NEARUSDT,1623628800000,0.0001
NEARUSDT,1623657600015,0.0001
NEARUSDT,1623686400000,0.0001
NEARUSDT,1623715200000,0.0001
NEARUSDT,1623744000000,0.0001
NEARUSDT,1623772800004,0.0001
NEARUSDT,1623801600004,0.0001
NEARUSDT,1623830400001,0.0001
NEARUSDT,1623859200000,0.0001
NEARUSDT,1623888000004,0.0001
NEARUSDT,1623916800000,0.0001
NEARUSDT,1623945600002,0.0001
NEARUSDT,1623974400009,0.0001
NEARUSDT,1624003200014,0.0001
NEARUSDT,1624032000007,0.0001
NEARUSDT,1624060800003,0.0001
NEARUSDT,1624089600001,0.0001
NEARUSDT,1624118400000,0.0001
NEARUSDT,1624147200005,0.0001
NEARUSDT,1624176000000,0.0001
NEARUSDT,1624204800002,-0.00028616
NEARUSDT,1624233600019,0.00000352
NEARUSDT,1624262400000,0.0001
NEARUSDT,1624291200024,-0.00016864
NEARUSDT,1624320000008,-0.00018817
NEARUSDT,1624348800009,-0.00002804
NEARUSDT,1624377600001,0.0001
NEARUSDT,1624406400003,0.0001
NEARUSDT,1624435200000,0.0001
NEARUSDT,1624464000000,0.0001
NEARUSDT,1624492800009,0.0001
NEARUSDT,1624521600018,0.0001
NEARUSDT,1624550400001,0.0001
NEARUSDT,1624579200009,0.00009896
NEARUSDT,1624608000004,0.0001
NEARUSDT,1624636800000,0.0001
NEARUSDT,1624665600007,0.0001
NEARUSDT,1624694400000,0.0001
NEARUSDT,1624723200002,-0.00009408
NEARUSDT,1624752000005,-0.000137
NEARUSDT,1624780800010,-0.00015016
NEARUSDT,1624809600001,-0.00019362
NEARUSDT,1624838400025,-0.00026332
NEARUSDT,1624867200017,0.0001
NEARUSDT,1624896000007,0.0001
NEARUSDT,1624924800008,0.00009241
NEARUSDT,1624953600000,0.0001
NEARUSDT,1624982400000,0.0001
NEARUSDT,1625011200011,0.0001
NEARUSDT,1625040000044,0.0001
NEARUSDT,1625068800005,0.00009738
NEARUSDT,1625097600000,-0.00025414
NEARUSDT,1625126400004,-0.00032171
NEARUSDT,1625155200028,-0.00018662
NEARUSDT,1625184000002,0.0001
NEARUSDT,1625212800016,0.0001
NEARUSDT,1625241600007,-0.0004135
NEARUSDT,1625270400008,-0.00033316
NEARUSDT,1625299200000,-0.00017829
NEARUSDT,1625328000004,-0.00008874
NEARUSDT,1625356800012,-0.00016756
NEARUSDT,1625385600002,0.00009016
NEARUSDT,1625414400003,0.00008438
NEARUSDT,1625443200004,-0.00005434
NEARUSDT,1625472000000,-0.00000213
NEARUSDT,1625500800009,-0.00042659
NEARUSDT,1625529600008,-0.00027261
NEARUSDT,1625558400019,0.00004364
NEARUSDT,1625587200000,-0.00027064
NEARUSDT,1625616000007,0.0001
NEARUSDT,1625644800001,0.0001
NEARUSDT,1625673600008,0.0001
NEARUSDT,1625702400002,0.00002009
NEARUSDT,1625731200010,0.0001
NEARUSDT,1625760000003,0.00008627
NEARUSDT,1625788800000,0.0001
NEARUSDT,1625817600006,0.0001
NEARUSDT,1625846400000,0.0001
NEARUSDT,1625875200002,0.0001
NEARUSDT,1625904000000,0.0001
NEARUSDT,1625932800001,0.00005274
NEARUSDT,1625961600001,-0.00002725
NEARUSDT,1625990400025,0.00004182
NEARUSDT,1626019200006,0.0001
NEARUSDT,1626048000000,0.00002709
NEARUSDT,1626076800021,0.0001
NEARUSDT,1626105600000,0.00005013
NEARUSDT,1626134400000,-0.00013058
NEARUSDT,1626163200013,0.0001
NEARUSDT,1626192000005,0.0001
NEARUSDT,1626220800000,0.0001
NEARUSDT,1626249600000,0.00002117
NEARUSDT,1626278400005,0.0001
NEARUSDT,1626307200005,-0.0000407
NEARUSDT,1626336000001,0.00002058
NEARUSDT,1626364800000,0.0001
NEARUSDT,1626393600000,0.00005565
NEARUSDT,1626422400000,0.0001
NEARUSDT,1626451200001,-0.0001361
NEARUSDT,1626480000004,-0.00014609
NEARUSDT,1626508800009,-0.00049042
NEARUSDT,1626537600006,-0.00010776
NEARUSDT,1626566400000,0.00003042
NEARUSDT,1626595200001,-0.00001378
NEARUSDT,1626624000003,0.0000265
NEARUSDT,1626652800002,-0.00000505
NEARUSDT,1626681600006,-0.0001247
NEARUSDT,1626710400006,-0.0000682
NEARUSDT,1626739200002,0.00007094
NEARUSDT,1626768000011,-0.0000183
NEARUSDT,1626796800001,-0.00022211
NEARUSDT,1626825600022,-0.00026444
NEARUSDT,1626854400000,-0.00037256
NEARUSDT,1626883200018,-0.00013731
NEARUSDT,1626912000002,-0.00015326
NEARUSDT,1626940800006,-0.00037953
NEARUSDT,1626969600010,-0.00009779
NEARUSDT,1626998400013,-0.00017182
NEARUSDT,1627027200000,0.00005338
NEARUSDT,1627056000005,-0.0000426
NEARUSDT,1627084800000,0.0001
NEARUSDT,1627113600002,0.00003696
NEARUSDT,1627142400001,0.0001
NEARUSDT,1627171200003,0.0001
NEARUSDT,1627200000015,0.0001
NEARUSDT,1627228800000,0.0001
NEARUSDT,1627257600000,0.0001
NEARUSDT,1627286400000,0.0001
NEARUSDT,1627315200000,0.0001
NEARUSDT,1627344000046,0.0001
NEARUSDT,1627372800014,0.0001
NEARUSDT,1627401600007,0.0001
NEARUSDT,1627430400000,0.0001
NEARUSDT,1627459200002,0.0001
NEARUSDT,1627488000005,0.0001
NEARUSDT,1627516800004,0.0001
NEARUSDT,1627545600000,0.0001
NEARUSDT,1627574400007,0.0001
NEARUSDT,1627603200004,0.0001
NEARUSDT,1627632000000,0.0001
NEARUSDT,1627660800000,0.00008104
NEARUSDT,1627689600000,-0.00003938
NEARUSDT,1627718400014,0.0001
NEARUSDT,1627747200003,0.0001
NEARUSDT,1627776000005,0.0001
NEARUSDT,1627804800016,0.0001
NEARUSDT,1627833600001,0.0001
NEARUSDT,1627862400000,0.0001
NEARUSDT,1627891200014,0.0001
NEARUSDT,1627920000021,0.0001
NEARUSDT,1627948800000,0.0001
NEARUSDT,1627977600000,0.0001
NEARUSDT,1628006400009,0.0001
NEARUSDT,1628035200000,0.0001
NEARUSDT,1628064000000,0.0001
NEARUSDT,1628092800003,0.0001
NEARUSDT,1628121600000,0.0001
NEARUSDT,1628150400000,0.0001
NEARUSDT,1628179200001,0.0001
NEARUSDT,1628208000000,0.0001
NEARUSDT,1628236800004,0.0001
NEARUSDT,1628265600003,0.0001
NEARUSDT,1628294400015,0.0001
NEARUSDT,1628323200001,0.00041728
NEARUSDT,1628352000002,0.00023033
NEARUSDT,1628380800000,0.0001
NEARUSDT,1628409600002,0.0001
NEARUSDT,1628438400018,0.0001
NEARUSDT,1628467200000,0.0001
NEARUSDT,1628496000000,0.0001
NEARUSDT,1628524800002,0.0001
NEARUSDT,1628553600000,0.0001
NEARUSDT,1628582400003,0.0001
NEARUSDT,1628611200000,0.0001
NEARUSDT,1628640000006,0.0001
NEARUSDT,1628668800003,0.00014929
NEARUSDT,1628697600000,0.00026294
NEARUSDT,1628726400013,0.0001
NEARUSDT,1628755200001,0.00011273
NEARUSDT,1628784000000,0.00026056
NEARUSDT,1628812800000,0.0001
NEARUSDT,1628841600000,0.0001
NEARUSDT,1628870400002,0.00011362
NEARUSDT,1628899200006,0.0001
NEARUSDT,1628928000000,0.00027615
NEARUSDT,1628956800000,0.00046383
NEARUSDT,1628985600003,0.00046307
NEARUSDT,1629014400000,0.00066315
NEARUSDT,1629043200007,0.00047245
NEARUSDT,1629072000012,0.00062517
NEARUSDT,1629100800003,0.00018789
NEARUSDT,1629129600010,0.00043306
NEARUSDT,1629158400018,0.00018612
NEARUSDT,1629187200015,0.00023915
NEARUSDT,1629216000006,0.00018237
NEARUSDT,1629244800000,0.0001
NEARUSDT,1629273600000,0.0001
NEARUSDT,1629302400011,0.0001
NEARUSDT,1629331200000,0.0001
NEARUSDT,1629360000014,0.0001
NEARUSDT,1629388800000,0.0001
NEARUSDT,1629417600000,0.0001
NEARUSDT,1629446400001,0.00032451
NEARUSDT,1629475200001,0.00023947
NEARUSDT,1629504000005,0.00022844
NEARUSDT,1629532800001,0.00072257
NEARUSDT,1629561600000,0.00045424
NEARUSDT,1629590400005,0.00047123
NEARUSDT,1629619200007,0.00077815
NEARUSDT,1629648000002,0.00071792
NEARUSDT,1629676800003,0.00059827
NEARUSDT,1629705600005,0.00076552
NEARUSDT,1629734400002,0.00075861
NEARUSDT,1629763200006,0.00067825
NEARUSDT,1629792000004,0.0007839
NEARUSDT,1629820800000,0.00036461
NEARUSDT,1629849600015,0.0001
NEARUSDT,1629878400000,0.0001
NEARUSDT,1629907200000,0.0001
NEARUSDT,1629936000001,0.0001
NEARUSDT,1629964800016,0.00012263
NEARUSDT,1629993600004,0.0001
NEARUSDT,1630022400013,0.0001
NEARUSDT,1630051200001,0.0001
NEARUSDT,1630080000004,0.0001
NEARUSDT,1630108800000,0.0001
NEARUSDT,1630137600000,0.00021998
NEARUSDT,1630166400000,0.00021412
NEARUSDT,1630195200000,0.00042464
NEARUSDT,1630224000002,0.00019788
NEARUSDT,1630252800005,0.00038234
NEARUSDT,1630281600013,0.00039614
NEARUSDT,1630310400008,0.00058878
NEARUSDT,1630339200000,0.00019149
NEARUSDT,1630368000000,0.00045047
NEARUSDT,1630396800007,0.00013002
NEARUSDT,1630425600003,0.0001
NEARUSDT,1630454400000,0.0001
NEARUSDT,1630483200006,0.00041939
NEARUSDT,1630512000000,0.00019064
NEARUSDT,1630540800009,0.00017297
NEARUSDT,1630569600006,0.00100524
NEARUSDT,1630598400007,0.00084767
NEARUSDT,1630627200011,0.00041116
NEARUSDT,1630656000000,0.00067375
NEARUSDT,1630684800002,0.000843
NEARUSDT,1630713600003,0.0009247
NEARUSDT,1630742400008,0.00102962
NEARUSDT,1630771200009,0.00101469
NEARUSDT,1630800000002,0.00120088
NEARUSDT,1630828800002,0.0009358
NEARUSDT,1630857600000,0.00113349
NEARUSDT,1630886400003,0.00094653
NEARUSDT,1630915200008,0.00074046
NEARUSDT,1630944000009,0.00022672
NEARUSDT,1630972800004,0.00038744
NEARUSDT,1631001600002,0.00045341
NEARUSDT,1631030400001,-0.00481102
NEARUSDT,1631059200005,0.00030635
NEARUSDT,1631088000000,0.00015879
NEARUSDT,1631116800000,0.00017317
NEARUSDT,1631145600006,0.0001
NEARUSDT,1631174400014,0.0001
NEARUSDT,1631203200002,0.0001
NEARUSDT,1631232000001,0.0002442
NEARUSDT,1631260800018,0.0001
NEARUSDT,1631289600006,0.0001
NEARUSDT,1631318400000,0.0001
NEARUSDT,1631347200001,0.0001
NEARUSDT,1631376000000,0.0001
NEARUSDT,1631404800000,0.0001
NEARUSDT,1631433600002,0.0001
NEARUSDT,1631462400000,0.0001
NEARUSDT,1631491200000,0.0001
NEARUSDT,1631520000007,0.0001
NEARUSDT,1631548800005,0.0001
NEARUSDT,1631577600002,0.0001
NEARUSDT,1631606400000,0.0001
NEARUSDT,1631635200007,0.0001
NEARUSDT,1631664000012,0.0001
NEARUSDT,1631692800003,0.0001
NEARUSDT,1631721600006,0.0001
NEARUSDT,1631750400008,0.0001
NEARUSDT,1631779200005,0.0001
NEARUSDT,1631808000002,0.0001
NEARUSDT,1631836800000,0.0001
NEARUSDT,1631865600047,0.0001
NEARUSDT,1631894400013,0.0001
NEARUSDT,1631923200000,0.00010829
NEARUSDT,1631952000010,0.0001
NEARUSDT,1631980800005,0.0001
NEARUSDT,1632009600006,0.00034182
NEARUSDT,1632038400015,0.0001
NEARUSDT,1632067200007,0.0001
NEARUSDT,1632096000018,0.00024607
NEARUSDT,1632124800000,0.0001
NEARUSDT,1632153600005,0.0001
NEARUSDT,1632182400005,0.0001
NEARUSDT,1632211200007,0.0001
NEARUSDT,1632240000000,0.0001
NEARUSDT,1632268800005,0.0001
NEARUSDT,1632297600006,0.0001
NEARUSDT,1632326400000,0.0001
NEARUSDT,1632355200003,0.00009227
NEARUSDT,1632384000000,0.0001
NEARUSDT,1632412800007,0.0001
NEARUSDT,1632441600000,0.0001
NEARUSDT,1632470400017,0.0001
NEARUSDT,1632499200000,0.0001
NEARUSDT,1632528000007,-0.00014578
NEARUSDT,1632556800002,0.0001
NEARUSDT,1632585600004,0.0001
NEARUSDT,1632614400013,-0.00004302
NEARUSDT,1632643200000,0.0001
NEARUSDT,1632672000005,0.0001
NEARUSDT,1632700800000,0.0001
NEARUSDT,1632729600001,0.0001
NEARUSDT,1632758400000,0.0001
NEARUSDT,1632787200000,0.0001
NEARUSDT,1632816000014,0.0001
NEARUSDT,1632844800000,0.0001
NEARUSDT,1632873600000,0.0001
NEARUSDT,1632902400002,0.0001
NEARUSDT,1632931200000,0.0001
NEARUSDT,1632960000000,0.0001
NEARUSDT,1632988800004,0.0001
NEARUSDT,1633017600005,0.0001
NEARUSDT,1633046400012,0.0001
NEARUSDT,1633075200008,0.0001
NEARUSDT,1633104000000,0.0001
NEARUSDT,1633132800000,0.0001
NEARUSDT,1633161600002,0.0001
NEARUSDT,1633190400011,0.0001
NEARUSDT,1633219200019,0.0001
NEARUSDT,1633248000011,0.0001
NEARUSDT,1633276800004,0.0001
NEARUSDT,1633305600004,0.0001
NEARUSDT,1633334400000,0.0001
NEARUSDT,1633363200000,0.0001
NEARUSDT,1633392000007,0.0001
NEARUSDT,1633420800007,0.0001
NEARUSDT,1633449600004,0.00023008
NEARUSDT,1633478400002,0.0001
NEARUSDT,1633507200000,0.0001
NEARUSDT,1633536000003,0.0001
NEARUSDT,1633564800007,0.0001
NEARUSDT,1633593600002,0.00042509
NEARUSDT,1633622400000,0.00055631
NEARUSDT,1633651200011,0.00020035
NEARUSDT,1633680000003,0.0003753
NEARUSDT,1633708800002,0.00058362
NEARUSDT,1633737600006,0.00045497
NEARUSDT,1633766400003,0.00040898
NEARUSDT,1633795200000,0.00046632
NEARUSDT,1633824000000,0.00042914
NEARUSDT,1633852800008,0.00028587
NEARUSDT,1633881600000,0.00045848
NEARUSDT,1633910400002,0.0001
NEARUSDT,1633939200001,0.00013384
NEARUSDT,1633968000006,0.0001
NEARUSDT,1633996800008,0.0001
NEARUSDT,1634025600013,0.0001
NEARUSDT,1634054400003,0.0001
NEARUSDT,1634083200003,0.0001
NEARUSDT,1634112000015,0.0001
NEARUSDT,1634140800000,0.0001
NEARUSDT,1634169600011,0.0001
NEARUSDT,1634198400017,0.00011031
NEARUSDT,1634227200000,0.00025235
NEARUSDT,1634256000005,0.0001
NEARUSDT,1634284800002,0.00018457
NEARUSDT,1634313600005,0.00019186
NEARUSDT,1634342400009,0.00033653
NEARUSDT,1634371200000,0.0006633
NEARUSDT,1634400000003,0.00053482
NEARUSDT,1634428800001,0.00032752
NEARUSDT,1634457600002,0.00058343
NEARUSDT,1634486400002,0.00051454
NEARUSDT,1634515200006,0.0001
NEARUSDT,1634544000004,0.00030395
NEARUSDT,1634572800001,0.00014085
NEARUSDT,1634601600002,0.00033958
NEARUSDT,1634630400000,0.00042949
NEARUSDT,1634659200000,0.00024365
NEARUSDT,1634688000017,0.00017598
NEARUSDT,1634716800004,0.00025275
NEARUSDT,1634745600020,0.0005605
NEARUSDT,1634774400000,0.00070243
NEARUSDT,1634803200000,0.00071909
NEARUSDT,1634832000008,0.00087793
NEARUSDT,1634860800005,0.00017348
NEARUSDT,1634889600005,0.0003506
NEARUSDT,1634918400018,0.00034292
NEARUSDT,1634947200005,0.00046745
NEARUSDT,1634976000001,0.00052487
NEARUSDT,1635004800004,0.0005686
NEARUSDT,1635033600006,0.00045145
NEARUSDT,1635062400012,0.0004151
NEARUSDT,1635091200001,0.00029781
NEARUSDT,1635120000012,0.00019271
NEARUSDT,1635148800002,0.00056946
NEARUSDT,1635177600022,0.00055175
NEARUSDT,1635206400005,0.0007639
NEARUSDT,1635235200016,0.00084874
NEARUSDT,1635264000000,0.00087472
NEARUSDT,1635292800004,0.00089254
NEARUSDT,1635321600000,0.00111936
NEARUSDT,1635350400002,0.0001
NEARUSDT,1635379200002,0.0001
NEARUSDT,1635408000000,0.00012897
NEARUSDT,1635436800005,0.0001
NEARUSDT,1635465600000,0.0001
NEARUSDT,1635494400007,0.0001
NEARUSDT,1635523200001,0.00012033
NEARUSDT,1635552000000,0.0001
NEARUSDT,1635580800001,0.00040326
NEARUSDT,1635609600013,0.00034355
NEARUSDT,1635638400008,0.00032061
NEARUSDT,1635667200010,0.0007151
NEARUSDT,1635696000001,0.00024776
NEARUSDT,1635724800009,0.00021229
NEARUSDT,1635753600014,0.0001
NEARUSDT,1635782400001,0.00036516
NEARUSDT,1635811200000,0.00050803
NEARUSDT,1635840000007,0.00052071
NEARUSDT,1635868800010,0.00061859
NEARUSDT,1635897600019,0.00061485
NEARUSDT,1635926400000,0.00049222
NEARUSDT,1635955200005,0.00047735
NEARUSDT,1635984000006,0.00032235
NEARUSDT,1636012800004,0.00053268
NEARUSDT,1636041600004,0.00062094
NEARUSDT,1636070400000,0.00041242
NEARUSDT,1636099200013,0.00043988
NEARUSDT,1636128000016,0.00050078
NEARUSDT,1636156800010,0.0003882
NEARUSDT,1636185600000,0.00056602
NEARUSDT,1636214400007,0.00017367
NEARUSDT,1636243200013,0.00029066
NEARUSDT,1636272000005,0.00050219
NEARUSDT,1636300800004,0.00054727
NEARUSDT,1636329600001,0.00071335
NEARUSDT,1636358400000,0.00083566
NEARUSDT,1636387200000,0.00069831
NEARUSDT,1636416000000,0.00038339
NEARUSDT,1636444800014,0.00090347
NEARUSDT,1636473600001,0.00048687
NEARUSDT,1636502400000,0.00056152
NEARUSDT,1636531200003,0.00047654
NEARUSDT,1636560000001,0.0005891
NEARUSDT,1636588800008,0.0001
NEARUSDT,1636617600012,0.0001
NEARUSDT,1636646400007,0.00037069
NEARUSDT,1636675200000,0.0001
NEARUSDT,1636704000000,0.00028141
NEARUSDT,1636732800004,0.00017588
NEARUSDT,1636761600000,0.0001
NEARUSDT,1636790400004,0.00036613
NEARUSDT,1636819200006,0.0001
NEARUSDT,1636848000010,0.0001
NEARUSDT,1636876800001,0.0001
NEARUSDT,1636905600000,0.0001
NEARUSDT,1636934400008,0.0004458
NEARUSDT,1636963200000,0.00052507
NEARUSDT,1636992000000,0.00065501
NEARUSDT,1637020800000,0.00059047
NEARUSDT,1637049600001,0.00021138
NEARUSDT,1637078400018,0.0001
NEARUSDT,1637107200005,0.0001
NEARUSDT,1637136000007,0.0001
NEARUSDT,1637164800003,0.0001
NEARUSDT,1637193600017,0.0001
NEARUSDT,1637222400007,0.0001
NEARUSDT,1637251200011,0.0001
NEARUSDT,1637280000000,0.0001
NEARUSDT,1637308800000,0.00011053
NEARUSDT,1637337600005,0.0001
NEARUSDT,1637366400012,0.0001
NEARUSDT,1637395200000,0.0001
NEARUSDT,1637424000007,0.00012423
NEARUSDT,1637452800000,0.00016486
NEARUSDT,1637481600006,0.0001
NEARUSDT,1637510400000,0.00030696
NEARUSDT,1637539200004,0.00025942
NEARUSDT,1637568000000,0.0001
NEARUSDT,1637596800000,0.0001
NEARUSDT,1637625600004,0.0001
NEARUSDT,1637654400010,0.0001
NEARUSDT,1637683200005,0.00026692
NEARUSDT,1637712000001,0.00044604
NEARUSDT,1637740800003,0.00035845
NEARUSDT,1637769600010,0.0001
NEARUSDT,1637798400000,0.0001
NEARUSDT,1637827200010,0.00036591
NEARUSDT,1637856000000,0.00025281
NEARUSDT,1637884800000,0.00052688
NEARUSDT,1637913600000,0.00044006
NEARUSDT,1637942400016,0.0001
NEARUSDT,1637971200005,0.0001
NEARUSDT,1638000000008,0.00017159
NEARUSDT,1638028800007,0.0001
NEARUSDT,1638057600018,0.0001
NEARUSDT,1638086400000,0.0001
NEARUSDT,1638115200004,0.0001
NEARUSDT,1638144000002,0.0001
NEARUSDT,1638172800004,0.0001
NEARUSDT,1638201600000,0.0001
NEARUSDT,1638230400000,0.0001
NEARUSDT,1638259200006,0.0001
NEARUSDT,1638288000000,0.0001
NEARUSDT,1638316800000,0.0001
NEARUSDT,1638345600000,0.00018952
NEARUSDT,1638374400001,0.00014541
NEARUSDT,1638403200000,0.00024463
NEARUSDT,1638432000007,0.00020715
NEARUSDT,1638460800008,0.00017431
NEARUSDT,1638489600004,0.0001
NEARUSDT,1638518400002,0.0001
NEARUSDT,1638547200006,0.0001
NEARUSDT,1638576000006,0.0001
NEARUSDT,1638604800004,0.0001
NEARUSDT,1638633600000,0.0001
NEARUSDT,1638662400003,0.0001
NEARUSDT,1638691200008,0.0001
NEARUSDT,1638720000007,0.0001
NEARUSDT,1638748800009,0.0001
NEARUSDT,1638777600001,0.0001
NEARUSDT,1638806400000,0.0001
NEARUSDT,1638835200018,0.0001
NEARUSDT,1638864000000,0.0001
NEARUSDT,1638892800000,0.0001
NEARUSDT,1638921600000,0.0001
NEARUSDT,1638950400018,0.0001
NEARUSDT,1638979200010,0.0001
NEARUSDT,1639008000010,0.0001
NEARUSDT,1639036800000,0.0001
NEARUSDT,1639065600000,0.0001
NEARUSDT,1639094400000,0.0001
NEARUSDT,1639123200008,0.0001
NEARUSDT,1639152000012,0.0001
NEARUSDT,1639180800009,0.0001
NEARUSDT,1639209600008,0.0001
NEARUSDT,1639238400000,0.0001
NEARUSDT,1639267200001,0.0001
NEARUSDT,1639296000015,0.0001
NEARUSDT,1639324800011,0.0001
NEARUSDT,1639353600006,0.0001
NEARUSDT,1639382400019,0.0001
NEARUSDT,1639411200000,0.0001
NEARUSDT,1639440000004,0.0001
NEARUSDT,1639468800000,0.0001
NEARUSDT,1639497600015,0.0001
NEARUSDT,1639526400000,0.0001
NEARUSDT,1639555200008,0.0001
NEARUSDT,1639584000005,0.0001
NEARUSDT,1639612800006,0.0001
NEARUSDT,1639641600009,0.0001
NEARUSDT,1639670400000,0.0001
NEARUSDT,1639699200000,0.0001
NEARUSDT,1639728000005,0.0001
NEARUSDT,1639756800006,0.0001
NEARUSDT,1639785600014,0.0001
NEARUSDT,1639814400012,0.0001
NEARUSDT,1639843200000,0.0001
NEARUSDT,1639872000031,0.0001
NEARUSDT,1639900800000,0.0001
NEARUSDT,1639929600003,0.0001
NEARUSDT,1639958400015,0.0001
NEARUSDT,1639987200007,0.0001
NEARUSDT,1640016000005,0.0001
NEARUSDT,1640044800003,0.0001
NEARUSDT,1640073600012,0.0001
NEARUSDT,1640102400005,0.0001
NEARUSDT,1640131200000,0.0001
NEARUSDT,1640160000001,0.0001
NEARUSDT,1640188800006,0.0001
NEARUSDT,1640217600011,0.0001
NEARUSDT,1640246400000,0.0001
NEARUSDT,1640275200000,0.0001
NEARUSDT,1640304000005,0.0001
NEARUSDT,1640332800000,0.0001
NEARUSDT,1640361600011,0.0001
NEARUSDT,1640390400000,0.0001
NEARUSDT,1640419200001,0.0001
NEARUSDT,1640448000005,0.0001
NEARUSDT,1640476800004,0.0001
NEARUSDT,1640505600002,0.0001
NEARUSDT,1640534400000,0.0001
NEARUSDT,1640563200002,0.0001
NEARUSDT,1640592000005,0.0000227
NEARUSDT,1640620800000,0.00002721
NEARUSDT,1640649600000,0.0000308
NEARUSDT,1640678400012,0.0001
NEARUSDT,1640707200000,0.0001
NEARUSDT,1640736000006,0.0001
NEARUSDT,1640764800003,0.0001
NEARUSDT,1640793600004,0.0001
NEARUSDT,1640822400003,0.0001
NEARUSDT,1640851200001,0.0001
NEARUSDT,1640880000017,0.00000972
NEARUSDT,1640908800006,0.00009285
NEARUSDT,1640937600009,0.0001
NEARUSDT,1640966400000,-0.00003459
NEARUSDT,1640995200006,-0.00004974
NEARUSDT,1641024000009,-0.00012047
NEARUSDT,1641052800000,-0.00010763
NEARUSDT,1641081600028,0.0001
NEARUSDT,1641110400000,0.0001
NEARUSDT,1641139200000,0.0001
NEARUSDT,1641168000010,0.0001
NEARUSDT,1641196800013,0.0001
NEARUSDT,1641225600018,0.0001
NEARUSDT,1641254400000,0.0001
NEARUSDT,1641283200010,0.0001
NEARUSDT,1641312000002,-0.00008842
NEARUSDT,1641340800001,0.0001
NEARUSDT,1641369600017,0.0001
NEARUSDT,1641398400000,0.0001
NEARUSDT,1641427200002,0.0001
NEARUSDT,1641456000021,-0.0001471
NEARUSDT,1641484800006,0.0001
NEARUSDT,1641513600005,-0.00006462
NEARUSDT,1641542400000,0.00004904
NEARUSDT,1641571200001,0.0001
NEARUSDT,1641600000014,0.0001
NEARUSDT,1641628800013,0.0001
NEARUSDT,1641657600000,0.0001
NEARUSDT,1641686400003,-0.00001457
NEARUSDT,1641715200000,0.0001
NEARUSDT,1641744000000,0.0001
NEARUSDT,1641772800000,-0.00000652
NEARUSDT,1641801600010,0.00002551
NEARUSDT,1641830400007,0.0001
NEARUSDT,1641859200013,0.00004445
NEARUSDT,1641888000004,0.00002978
NEARUSDT,1641916800000,-0.00005177
NEARUSDT,1641945600012,-0.00014461
NEARUSDT,1641974400015,0.0001
NEARUSDT,1642003200000,0.0001
NEARUSDT,1642032000007,0.0001
NEARUSDT,1642060800000,0.0001
NEARUSDT,1642089600014,0.0001
NEARUSDT,1642118400000,0.0001
NEARUSDT,1642147200006,0.0001
NEARUSDT,1642176000014,0.0001
NEARUSDT,1642204800000,0.00003793
NEARUSDT,1642233600002,0.0000843
NEARUSDT,1642262400000,0.00003602
NEARUSDT,1642291200000,0.00003268
NEARUSDT,1642320000017,0.0001
NEARUSDT,1642348800011,0.0001
NEARUSDT,1642377600005,0.0001
NEARUSDT,1642406400006,0.0001
NEARUSDT,1642435200012,0.0001
NEARUSDT,1642464000020,0.0001
NEARUSDT,1642492800000,0.00001867
NEARUSDT,1642521600013,0.0001
NEARUSDT,1642550400001,0.00001367
NEARUSDT,1642579200000,-0.00040212
NEARUSDT,1642608000000,-0.00012589
NEARUSDT,1642636800015,0.0001
NEARUSDT,1642665600000,-0.00019957
NEARUSDT,1642694400000,0.00000728
NEARUSDT,1642723200007,-0.00002964
NEARUSDT,1642752000015,0.00003463
NEARUSDT,1642780800000,0.0001
NEARUSDT,1642809600017,0.0001
NEARUSDT,1642838400003,-0.00015708
NEARUSDT,1642867200021,-0.00032533
NEARUSDT,1642896000026,-0.00020781
NEARUSDT,1642924800010,-0.0004986
NEARUSDT,1642953600009,-0.0003177
NEARUSDT,1642982400010,-0.00009741
NEARUSDT,1643011200000,-0.00023338
NEARUSDT,1643040000021,-0.00032006
NEARUSDT,1643068800000,-0.00031792
NEARUSDT,1643097600000,-0.00023445
NEARUSDT,1643126400012,-0.00038743
NEARUSDT,1643155200000,-0.00024668
NEARUSDT,1643184000001,-0.00026722
NEARUSDT,1643212800005,-0.00068876
NEARUSDT,1643241600004,-0.00057653
NEARUSDT,1643270400004,-0.00073607
NEARUSDT,1643299200019,-0.00101767
NEARUSDT,1643328000000,-0.00002578
NEARUSDT,1643356800000,-0.00005244
NEARUSDT,1643385600025,0.00004174
NEARUSDT,1643414400017,-0.00006378
NEARUSDT,1643443200000,-0.00012242
NEARUSDT,1643472000013,0.0001
NEARUSDT,1643500800025,0.000074
NEARUSDT,1643529600009,0.0001
NEARUSDT,1643558400000,0.0001
NEARUSDT,1643587200000,-0.00003169
NEARUSDT,1643616000000,0.0001
NEARUSDT,1643644800000,0.00006784
NEARUSDT,1643673600010,0.00005659
NEARUSDT,1643702400000,0.0001
NEARUSDT,1643731200004,0.0001
NEARUSDT,1643760000004,0.0001
NEARUSDT,1643788800000,0.0001
NEARUSDT,1643817600002,0.0001
NEARUSDT,1643846400002,0.0001
NEARUSDT,1643875200000,-0.00000159
NEARUSDT,1643904000000,0.00006749
NEARUSDT,1643932800018,-0.00011242
NEARUSDT,1643961600005,0.00009869
NEARUSDT,1643990400010,0.0001
NEARUSDT,1644019200014,0.0001
NEARUSDT,1644048000000,0.0001
NEARUSDT,1644076800000,0.0001
NEARUSDT,1644105600000,0.0001
NEARUSDT,1644134400000,0.0001
NEARUSDT,1644163200000,0.0001
NEARUSDT,1644192000003,0.00003702
NEARUSDT,1644220800014,0.0001
NEARUSDT,1644249600003,0.00004444
NEARUSDT,1644278400001,-0.00003571
NEARUSDT,1644307200003,0.0001
NEARUSDT,1644336000002,0.0001
NEARUSDT,1644364800000,-0.00006448
NEARUSDT,1644393600005,0.0001
NEARUSDT,1644422400001,-0.00005003
NEARUSDT,1644451200012,-0.00012257
NEARUSDT,1644480000000,0.0001
NEARUSDT,1644508800006,-0.00013426
NEARUSDT,1644537600000,-0.00008753
NEARUSDT,1644566400009,0.00001965
NEARUSDT,1644595200015,0.00008349
NEARUSDT,1644624000020,-0.00014092
NEARUSDT,1644652800001,0.0001
NEARUSDT,1644681600007,0.00003872
NEARUSDT,1644710400022,-0.0000505
NEARUSDT,1644739200001,-0.00011828
NEARUSDT,1644768000007,0.00002578
NEARUSDT,1644796800005,-0.00018488
NEARUSDT,1644825600013,0.0001
NEARUSDT,1644854400019,0.00009543
NEARUSDT,1644883200012,-0.00009024
NEARUSDT,1644912000005,-0.00011165
NEARUSDT,1644940800011,-0.00028363
NEARUSDT,1644969600009,-0.00016213
NEARUSDT,1644998400001,0.0001
NEARUSDT,1645027200014,0.0001
NEARUSDT,1645056000018,0.0001
NEARUSDT,1645084800000,0.0001
NEARUSDT,1645113600010,-0.00002795
NEARUSDT,1645142400000,-0.00044133
NEARUSDT,1645171200002,-0.00016885
NEARUSDT,1645200000000,0.0000745
NEARUSDT,1645228800007,0.00000387
NEARUSDT,1645257600000,0.0001
NEARUSDT,1645286400023,0.0001
NEARUSDT,1645315200001,0.00003741
NEARUSDT,1645344000003,-0.00000088
NEARUSDT,1645372800001,0.00005007
NEARUSDT,1645401600000,-0.00000572
NEARUSDT,1645430400001,-0.00018729
NEARUSDT,1645459200005,0.00000188
NEARUSDT,1645488000005,-0.00018273
NEARUSDT,1645516800000,-0.00037748
NEARUSDT,1645545600000,-0.00033883
NEARUSDT,1645574400002,-0.00017521
NEARUSDT,1645603200005,-0.00030779
NEARUSDT,1645632000010,-0.0002051
NEARUSDT,1645660800008,-0.00017351
NEARUSDT,1645689600003,-0.0000822
NEARUSDT,1645718400001,-0.00012707
NEARUSDT,1645747200000,-0.00000145
NEARUSDT,1645776000006,0.00001592
NEARUSDT,1645804800001,0.00008439
NEARUSDT,1645833600004,0.00005873
NEARUSDT,1645862400004,0.00009273
NEARUSDT,1645891200007,0.00008435
NEARUSDT,1645920000012,0.0001
NEARUSDT,1645948800000,-0.00000179
NEARUSDT,1645977600000,0.00001819
NEARUSDT,1646006400000,-0.00016547
NEARUSDT,1646035200001,-0.00013583
NEARUSDT,1646064000002,0.00008286
NEARUSDT,1646092800002,0.0001
NEARUSDT,1646121600001,0.0001
NEARUSDT,1646150400000,0.0001
NEARUSDT,1646179200000,0.0001
NEARUSDT,1646208000000,0.0001
NEARUSDT,1646236800002,0.0001
NEARUSDT,1646265600000,0.0001
NEARUSDT,1646294400000,0.0001
NEARUSDT,1646323200005,0.0001
NEARUSDT,1646352000018,0.0001
NEARUSDT,1646380800000,0.0001
NEARUSDT,1646409600000,0.0001
NEARUSDT,1646438400006,-0.00007622
NEARUSDT,1646467200004,-0.00020317
NEARUSDT,1646496000000,-0.00009931
NEARUSDT,1646524800004,-0.00007778
NEARUSDT,1646553600000,0.00008145
NEARUSDT,1646582400013,0.00008913
NEARUSDT,1646611200008,-0.00009008
NEARUSDT,1646640000006,-0.0000218
NEARUSDT,1646668800000,-0.0000425
NEARUSDT,1646697600008,0.00002985
NEARUSDT,1646726400002,-0.00002028
NEARUSDT,1646755200000,0.00006423
NEARUSDT,1646784000008,-0.00004014
NEARUSDT,1646812800000,-0.00007589
NEARUSDT,1646841600004,0.0001
NEARUSDT,1646870400000,0.0001
NEARUSDT,1646899200017,0.0001
NEARUSDT,1646928000000,0.0001
NEARUSDT,1646956800008,0.00004527
NEARUSDT,1646985600000,-0.00017148
NEARUSDT,1647014400001,0.0001
NEARUSDT,1647043200010,-0.00047078
NEARUSDT,1647072000001,-0.00019871
NEARUSDT,1647100800002,-0.00006858
NEARUSDT,1647129600008,-0.00017602
NEARUSDT,1647158400000,-0.00014232
NEARUSDT,1647187200002,0.00008142
NEARUSDT,1647216000014,-0.00001729
NEARUSDT,1647244800005,-0.00035187
NEARUSDT,1647273600002,0.00007663
NEARUSDT,1647302400008,0.00001124
NEARUSDT,1647331200000,0.00006548
NEARUSDT,1647360000006,0.0001
NEARUSDT,1647388800013,0.00009522
NEARUSDT,1647417600000,-0.0000354
NEARUSDT,1647446400008,-0.00033211
NEARUSDT,1647475200004,-0.0000138
NEARUSDT,1647504000000,0.0001
NEARUSDT,1647532800004,0.0001
NEARUSDT,1647561600000,0.00002139
NEARUSDT,1647590400000,0.0001
NEARUSDT,1647619200017,0.00004155
NEARUSDT,1647648000008,0.0001
NEARUSDT,1647676800015,0.0001
NEARUSDT,1647705600000,0.0001
NEARUSDT,1647734400000,0.0001
NEARUSDT,1647763200001,0.0001
NEARUSDT,1647792000002,0.0001
NEARUSDT,1647820800013,0.0001
NEARUSDT,1647849600004,0.00006031
NEARUSDT,1647878400010,0.0001
NEARUSDT,1647907200012,0.00007419
NEARUSDT,1647936000001,0.0001
NEARUSDT,1647964800022,0.0001
NEARUSDT,1647993600007,0.00006145
NEARUSDT,1648022400000,0.0001
NEARUSDT,1648051200006,0.0001
NEARUSDT,1648080000013,0.0001
NEARUSDT,1648108800006,0.0001
NEARUSDT,1648137600020,0.0001
NEARUSDT,1648166400010,0.0001
NEARUSDT,1648195200001,0.0001
NEARUSDT,1648224000014,0.00009476
NEARUSDT,1648252800020,0.0001
NEARUSDT,1648281600006,0.0001
NEARUSDT,1648310400000,0.0001
NEARUSDT,1648339200004,0.0001
NEARUSDT,1648368000001,0.0001
NEARUSDT,1648396800006,0.00009925
NEARUSDT,1648425600012,0.00006525
NEARUSDT,1648454400007,0.0001
NEARUSDT,1648483200000,0.0001
NEARUSDT,1648512000000,0.0001
NEARUSDT,1648540800015,0.0001
NEARUSDT,1648569600000,0.0001
NEARUSDT,1648598400000,0.0001
NEARUSDT,1648627200002,0.0001
NEARUSDT,1648656000028,0.0001
NEARUSDT,1648684800017,0.0001
NEARUSDT,1648713600000,0.0001
NEARUSDT,1648742400015,0.0001
NEARUSDT,1648771200000,0.0001
NEARUSDT,1648800000000,0.0001
NEARUSDT,1648828800018,0.0001
NEARUSDT,1648857600000,0.0001
NEARUSDT,1648886400002,0.0001
NEARUSDT,1648915200006,0.0003165
NEARUSDT,1648944000018,0.0001
NEARUSDT,1648972800018,0.0001
NEARUSDT,1649001600015,0.0001
NEARUSDT,1649030400006,0.0001
NEARUSDT,1649059200000,0.0001
NEARUSDT,1649088000016,0.0001
NEARUSDT,1649116800000,0.0001
NEARUSDT,1649145600010,0.0001
NEARUSDT,1649174400008,0.0001
NEARUSDT,1649203200001,0.0001
NEARUSDT,1649232000021,0.0001
NEARUSDT,1649260800000,0.0001
NEARUSDT,1649289600009,-0.0000089
NEARUSDT,1649318400000,-0.00016086
NEARUSDT,1649347200000,0.0001
NEARUSDT,1649376000000,0.00009856
NEARUSDT,1649404800004,-0.00036976
NEARUSDT,1649433600008,0.0001
NEARUSDT,1649462400008,0.0001
NEARUSDT,1649491200000,0.0001
NEARUSDT,1649520000001,0.0001
NEARUSDT,1649548800004,-0.00015723
NEARUSDT,1649577600007,0.0001
NEARUSDT,1649606400016,0.0001
NEARUSDT,1649635200000,-0.00008482
NEARUSDT,1649664000000,0.00003575
NEARUSDT,1649692800009,0.0001
NEARUSDT,1649721600000,0.00009731
NEARUSDT,1649750400006,0.0001
NEARUSDT,1649779200013,0.0001
NEARUSDT,1649808000005,-0.00007896
NEARUSDT,1649836800008,0.0001
NEARUSDT,1649865600013,-0.00001172
NEARUSDT,1649894400007,0.0001
NEARUSDT,1649923200000,0.0001
NEARUSDT,1649952000006,0.0001
NEARUSDT,1649980800008,-0.00010741
NEARUSDT,1650009600002,0.0001
NEARUSDT,1650038400000,0.00005503
NEARUSDT,1650067200011,0.0001
NEARUSDT,1650096000007,0.00004087
NEARUSDT,1650124800007,0.0001
NEARUSDT,1650153600000,0.0001
NEARUSDT,1650182400004,0.0001
NEARUSDT,1650211200000,0.0001
NEARUSDT,1650240000008,0.0001
NEARUSDT,1650268800012,0.0001
NEARUSDT,1650297600000,0.0001
NEARUSDT,1650326400021,0.0001
NEARUSDT,1650355200031,0.0001
NEARUSDT,1650384000000,0.0001
NEARUSDT,1650412800025,0.0001
NEARUSDT,1650441600003,0.0001
NEARUSDT,1650470400000,0.0001
NEARUSDT,1650499200000,0.0001
NEARUSDT,1650528000000,0.0001
NEARUSDT,1650556800024,0.0001
NEARUSDT,1650585600008,0.0001
NEARUSDT,1650614400008,0.0001
NEARUSDT,1650643200008,0.0001
NEARUSDT,1650672000000,0.0001
NEARUSDT,1650700800000,0.0001
NEARUSDT,1650729600012,0.0001
NEARUSDT,1650758400004,0.0001
NEARUSDT,1650787200003,0.0001
NEARUSDT,1650816000000,0.0001
NEARUSDT,1650844800008,0.0001
NEARUSDT,1650873600018,0.0001
NEARUSDT,1650902400000,0.00003359
NEARUSDT,1650931200014,-0.00000899
NEARUSDT,1650960000000,0.0001
NEARUSDT,1650988800017,0.0001
NEARUSDT,1651017600012,-0.00005248
NEARUSDT,1651046400000,-0.00027009
NEARUSDT,1651075200002,-0.00019622
NEARUSDT,1651104000000,-0.00022309
NEARUSDT,1651132800004,0.0001
NEARUSDT,1651161600030,-0.00014981
NEARUSDT,1651190400000,-0.00023248
NEARUSDT,1651219200016,0.00004901
NEARUSDT,1651248000010,0.00007696
NEARUSDT,1651276800000,-0.00001279
NEARUSDT,1651305600005,-0.00000395
NEARUSDT,1651334400015,0.00001204
NEARUSDT,1651363200000,-0.00031691
NEARUSDT,1651392000000,-0.00052957
NEARUSDT,1651420800010,-0.00059121
NEARUSDT,1651449600018,-0.00016381
NEARUSDT,1651478400007,-0.00036809
NEARUSDT,1651507200000,-0.00057471
NEARUSDT,1651536000006,-0.00023623
NEARUSDT,1651564800000,-0.00013817
NEARUSDT,1651593600021,-0.00012386
NEARUSDT,1651622400007,-0.00018406
NEARUSDT,1651651200011,-0.00011385
NEARUSDT,1651680000000,-0.00019179
NEARUSDT,1651708800005,-0.00000936
NEARUSDT,1651737600019,0.0001
NEARUSDT,1651766400005,0.0001
NEARUSDT,1651795200005,-0.00016254
NEARUSDT,1651824000001,-0.00002087
NEARUSDT,1651852800010,-0.00011189
NEARUSDT,1651881600004,-0.00016607
NEARUSDT,1651910400016,-0.00008805
NEARUSDT,1651939200011,-0.00024194
NEARUSDT,1651968000000,-0.0001569
NEARUSDT,1651996800007,-0.00006329
NEARUSDT,1652025600015,0.00005189
NEARUSDT,1652054400000,0.00004321
NEARUSDT,1652083200001,-0.0003551
NEARUSDT,1652112000000,0.0001
NEARUSDT,1652140800000,-0.00010116
NEARUSDT,1652169600007,-0.00023113
NEARUSDT,1652198400008,0.00000018
NEARUSDT,1652227200004,-0.00011544
NEARUSDT,1652256000007,-0.00030054
NEARUSDT,1652284800008,-0.00465909
NEARUSDT,1652313600014,-0.00162133
NEARUSDT,1652342400000,-0.00458897
NEARUSDT,1652371200007,-0.00074073
NEARUSDT,1652400000014,-0.00023089
NEARUSDT,1652428800001,-0.00049644
NEARUSDT,1652457600000,-0.00039268
NEARUSDT,1652486400000,-0.00098482
NEARUSDT,1652515200000,-0.00094569
NEARUSDT,1652544000001,-0.00082233
NEARUSDT,1652572800000,-0.00064262
NEARUSDT,1652601600000,-0.00028466
NEARUSDT,1652630400000,-0.0005813
NEARUSDT,1652659200021,-0.00016229
NEARUSDT,1652688000013,-0.00024903
NEARUSDT,1652716800006,-0.0004082
NEARUSDT,1652745600000,-0.00067519
NEARUSDT,1652774400010,-0.00030257
NEARUSDT,1652803200023,-0.00036117
NEARUSDT,1652832000003,-0.00071907
NEARUSDT,1652860800024,-0.00034153
NEARUSDT,1652889600014,-0.00015893
NEARUSDT,1652918400000,-0.0002647
NEARUSDT,1652947200008,-0.00012432
NEARUSDT,1652976000015,-0.00015705
NEARUSDT,1653004800001,0.0001
NEARUSDT,1653033600003,-0.00005241
NEARUSDT,1653062400012,-0.00015272
NEARUSDT,1653091200008,-0.00031219
NEARUSDT,1653120000001,-0.00024734
NEARUSDT,1653148800007,-0.000179
NEARUSDT,1653177600003,-0.00016246
NEARUSDT,1653206400016,-0.00013805
NEARUSDT,1653235200000,-0.00004254
NEARUSDT,1653264000011,-0.00015965
NEARUSDT,1653292800000,-0.00001985
NEARUSDT,1653321600023,-0.00010041
NEARUSDT,1653350400011,-0.0002646
NEARUSDT,1653379200000,-0.00020169
NEARUSDT,1653408000009,-0.00026851
NEARUSDT,1653436800001,-0.00017578
NEARUSDT,1653465600000,-0.00006775
NEARUSDT,1653494400015,-0.00015769
NEARUSDT,1653523200005,-0.000235
NEARUSDT,1653552000001,-0.00017574
NEARUSDT,1653580800000,-0.00024677
NEARUSDT,1653609600007,-0.00026842
NEARUSDT,1653638400008,-0.00034673
NEARUSDT,1653667200000,-0.00027253
NEARUSDT,1653696000018,-0.00044739
NEARUSDT,1653724800016,-0.0004041
NEARUSDT,1653753600013,-0.00018241
NEARUSDT,1653782400000,-0.0004581
NEARUSDT,1653811200025,-0.00036606
NEARUSDT,1653840000002,-0.00026367
NEARUSDT,1653868800000,-0.00016425
NEARUSDT,1653897600013,-0.00039568
NEARUSDT,1653926400005,-0.00005111
NEARUSDT,1653955200016,-0.00031153
NEARUSDT,1653984000000,0.0001
NEARUSDT,1654012800000,0.00007613
NEARUSDT,1654041600000,-0.00012399
NEARUSDT,1654070400011,0.0001
NEARUSDT,1654099200000,-0.00000896
NEARUSDT,1654128000000,-0.00007836
NEARUSDT,1654156800006,-0.00029683
NEARUSDT,1654185600021,-0.00011637
NEARUSDT,1654214400016,-0.0001697
NEARUSDT,1654243200016,-0.00006732
NEARUSDT,1654272000012,-0.00027581
NEARUSDT,1654300800005,-0.00008369
NEARUSDT,1654329600000,-0.000109
NEARUSDT,1654358400007,-0.00016511
NEARUSDT,1654387200005,-0.0001104
NEARUSDT,1654416000015,-0.00001174
NEARUSDT,1654444800000,-0.00006274
NEARUSDT,1654473600000,-0.00016979
NEARUSDT,1654502400017,0.0000832
NEARUSDT,1654531200000,0.0000769
NEARUSDT,1654560000000,0.00002161
NEARUSDT,1654588800011,-0.00013299
NEARUSDT,1654617600000,-0.00005389
NEARUSDT,1654646400008,0.00005278
NEARUSDT,1654675200020,0.00004017
NEARUSDT,1654704000012,0.0001
NEARUSDT,1654732800000,0.0001
NEARUSDT,1654761600000,-0.00003738
NEARUSDT,1654790400000,0.00009894
NEARUSDT,1654819200009,0.00008117
NEARUSDT,1654848000000,0.0001
NEARUSDT,1654876800006,-0.00028185
NEARUSDT,1654905600018,-0.00018648
NEARUSDT,1654934400014,-0.00025922
NEARUSDT,1654963200000,-0.00004509
NEARUSDT,1654992000015,-0.00028812
NEARUSDT,1655020800019,-0.00022618
NEARUSDT,1655049600010,-0.00026892
NEARUSDT,1655078400009,-0.00031185
NEARUSDT,1655107200000,-0.00046413
NEARUSDT,1655136000007,-0.00075657
NEARUSDT,1655164800013,-0.00015282
NEARUSDT,1655193600008,-0.00018961
NEARUSDT,1655222400006,-0.00015588
NEARUSDT,1655251200000,-0.00028584
NEARUSDT,1655280000016,-0.0006747
NEARUSDT,1655308800008,-0.00023338
NEARUSDT,1655337600009,-0.00019325
NEARUSDT,1655366400016,0.00008889
NEARUSDT,1655395200000,-0.00033039
NEARUSDT,1655424000008,-0.00037734
NEARUSDT,1655452800003,-0.00087284
NEARUSDT,1655481600000,-0.00098291
NEARUSDT,1655510400020,-0.00037679
NEARUSDT,1655539200025,-0.0008647
NEARUSDT,1655568000014,-0.00061813
NEARUSDT,1655596800012,-0.00123454
NEARUSDT,1655625600012,-0.0003402
NEARUSDT,1655654400008,-0.00037846
NEARUSDT,1655683200016,-0.00057625
NEARUSDT,1655712000000,-0.00039787
NEARUSDT,1655740800013,0.00000676
NEARUSDT,1655769600012,-0.00002353
NEARUSDT,1655798400018,0.0000212
NEARUSDT,1655827200010,-0.00006747
NEARUSDT,1655856000000,-0.00013542
NEARUSDT,1655884800001,-0.00008246
NEARUSDT,1655913600012,-0.00012311
NEARUSDT,1655942400000,-0.00017384
NEARUSDT,1655971200000,-0.0000394
NEARUSDT,1656000000016,-0.00002194
NEARUSDT,1656028800005,0.0000443
NEARUSDT,1656057600004,0.00005826
NEARUSDT,1656086400018,0.00001032
NEARUSDT,1656115200001,0.00002064
NEARUSDT,1656144000010,-0.00015614
NEARUSDT,1656172800000,0.0001
NEARUSDT,1656201600002,-0.00020691
NEARUSDT,1656230400016,-0.00018559
NEARUSDT,1656259200006,-0.00035081
NEARUSDT,1656288000008,-0.00038828
NEARUSDT,1656316800000,-0.0003473
NEARUSDT,1656345600016,-0.0000747
NEARUSDT,1656374400016,-0.00022979
NEARUSDT,1656403200001,-0.0000481
NEARUSDT,1656432000005,-0.00006146
NEARUSDT,1656460800000,-0.00025499
NEARUSDT,1656489600013,-0.00009697
NEARUSDT,1656518400000,-0.00012375
NEARUSDT,1656547200000,-0.00002692
NEARUSDT,1656576000000,-0.00007149
NEARUSDT,1656604800000,-0.00026534
NEARUSDT,1656633600001,-0.00006758
NEARUSDT,1656662400017,-0.00026268
NEARUSDT,1656691200005,-0.0002355
NEARUSDT,1656720000000,-0.00011729
NEARUSDT,1656748800000,-0.00019368
NEARUSDT,1656777600008,-0.00016298
NEARUSDT,1656806400015,-0.00017529
NEARUSDT,1656835200004,-0.00032998
NEARUSDT,1656864000005,-0.00018782
NEARUSDT,1656892800021,0.00001208
NEARUSDT,1656921600001,-0.00013701
NEARUSDT,1656950400000,-0.0000085
NEARUSDT,1656979200000,0.00001417
NEARUSDT,1657008000000,0.0001
NEARUSDT,1657036800015,0.00005555
NEARUSDT,1657065600006,0.00003234
NEARUSDT,1657094400000,-0.0000758
NEARUSDT,1657123200000,-0.00007116
NEARUSDT,1657152000010,-0.00003686
NEARUSDT,1657180800010,0.0001
NEARUSDT,1657209600011,0.0000375
NEARUSDT,1657238400008,0.00006926
NEARUSDT,1657267200009,0.0001
NEARUSDT,1657296000000,-0.00016519
NEARUSDT,1657324800000,-0.00014092
NEARUSDT,1657353600000,0.00002065
NEARUSDT,1657382400009,0.0001
NEARUSDT,1657411200001,0.00007171
NEARUSDT,1657440000002,0.0001
NEARUSDT,1657468800001,0.0001
NEARUSDT,1657497600000,-0.00002796
NEARUSDT,1657526400003,0.00003435
NEARUSDT,1657555200001,-0.00017788
NEARUSDT,1657584000000,-0.00010364
NEARUSDT,1657612800021,-0.00032037
NEARUSDT,1657641600000,-0.00029799
NEARUSDT,1657670400012,-0.00021671
NEARUSDT,1657699200022,-0.00027501
NEARUSDT,1657728000005,-0.00053046
NEARUSDT,1657756800017,-0.00028683
NEARUSDT,1657785600001,-0.00019433
NEARUSDT,1657814400000,-0.00031342
NEARUSDT,1657843200004,-0.00019127
NEARUSDT,1657872000019,-0.00006702
NEARUSDT,1657900800017,-0.00016318
NEARUSDT,1657929600021,0.00000356
NEARUSDT,1657958400014,0.00006229
NEARUSDT,1657987200005,-0.00024716
NEARUSDT,1658016000000,-0.0000955
NEARUSDT,1658044800003,-0.00001976
NEARUSDT,1658073600007,0.00004693
NEARUSDT,1658102400001,0.0000431
NEARUSDT,1658131200004,-0.00013807
NEARUSDT,1658160000019,0.00008608
NEARUSDT,1658188800000,0.0001
NEARUSDT,1658217600000,0.0001
NEARUSDT,1658246400001,0.0001
NEARUSDT,1658275200004,-0.0000228
NEARUSDT,1658304000000,0.00007309
NEARUSDT,1658332800003,-0.00006596
NEARUSDT,1658361600000,0.0000989
NEARUSDT,1658390400018,0.0001
NEARUSDT,1658419200011,0.00008025
NEARUSDT,1658448000014,-0.00002267
NEARUSDT,1658476800000,0.00004822
NEARUSDT,1658505600000,0.00006192
NEARUSDT,1658534400004,-0.00007156
NEARUSDT,1658563200002,-0.00013914
NEARUSDT,1658592000001,0.00008405
NEARUSDT,1658620800000,-0.00013922
NEARUSDT,1658649600011,-0.00005637
NEARUSDT,1658678400000,-0.00016259
NEARUSDT,1658707200000,-0.00004387
NEARUSDT,1658736000014,-0.00017552
NEARUSDT,1658764800006,-0.00008397
NEARUSDT,1658793600010,0.00004814
NEARUSDT,1658822400000,0.0001
NEARUSDT,1658851200000,-0.00017322
NEARUSDT,1658880000008,-0.00009834
NEARUSDT,1658908800000,-0.00026732
NEARUSDT,1658937600003,-0.00018608
NEARUSDT,1658966400009,-0.00019366
NEARUSDT,1658995200008,-0.00007343
NEARUSDT,1659024000013,-0.00008152
NEARUSDT,1659052800000,0.00006104
NEARUSDT,1659081600000,0.0001
NEARUSDT,1659110400000,0.00008507
NEARUSDT,1659139200005,0.00009138
NEARUSDT,1659168000009,-0.00012757
NEARUSDT,1659196800000,0.0001
NEARUSDT,1659225600022,0.00001659
NEARUSDT,1659254400011,-0.0002511
NEARUSDT,1659283200019,-0.00003921
NEARUSDT,1659312000010,-0.0000873
NEARUSDT,1659340800019,-0.00003596
NEARUSDT,1659369600017,-0.00018216
NEARUSDT,1659398400000,-0.00027114
NEARUSDT,1659427200007,-0.00023117
NEARUSDT,1659456000014,-0.00009498
NEARUSDT,1659484800001,-0.00002464
NEARUSDT,1659513600020,0.0000066
NEARUSDT,1659542400008,-0.00024546
NEARUSDT,1659571200001,0.00005256
NEARUSDT,1659600000009,0.0001
NEARUSDT,1659628800015,0.0001
NEARUSDT,1659657600005,0.00000001
NEARUSDT,1659686400000,-0.0001398
NEARUSDT,1659715200000,0.00009219
NEARUSDT,1659744000021,0.0001
NEARUSDT,1659772800000,0.0001
NEARUSDT,1659801600015,0.0001
NEARUSDT,1659830400013,0.0001
NEARUSDT,1659859200000,0.0001
NEARUSDT,1659888000014,0.00002982
NEARUSDT,1659916800009,-0.00009347
NEARUSDT,1659945600006,-0.00019252
NEARUSDT,1659974400000,0.00002204
NEARUSDT,1660003200020,0.0001
NEARUSDT,1660032000000,0.00003096
NEARUSDT,1660060800000,0.0001
NEARUSDT,1660089600000,0.00000035
NEARUSDT,1660118400016,-0.00001781
NEARUSDT,1660147200018,-0.00043056
NEARUSDT,1660176000012,-0.00022496
NEARUSDT,1660204800000,-0.0002337
NEARUSDT,1660233600000,-0.00026972
NEARUSDT,1660262400006,0.00004487
NEARUSDT,1660291200000,0.00009146
NEARUSDT,1660320000005,0.0001
NEARUSDT,1660348800012,-0.00000389
NEARUSDT,1660377600006,-0.00011822
NEARUSDT,1660406400018,-0.00002248
NEARUSDT,1660435200000,0.0001
NEARUSDT,1660464000000,0.00004273
NEARUSDT,1660492800000,-0.00020448
NEARUSDT,1660521600010,-0.00024092
NEARUSDT,1660550400002,0.00003029
NEARUSDT,1660579200010,0.00006911
NEARUSDT,1660608000010,0.0000789
NEARUSDT,1660636800002,0.0001
NEARUSDT,1660665600000,0.0001
NEARUSDT,1660694400020,0.0001
NEARUSDT,1660723200016,0.0001
NEARUSDT,1660752000001,0.0001
NEARUSDT,1660780800005,0.0001
NEARUSDT,1660809600012,0.0001
NEARUSDT,1660838400013,0.00007618
NEARUSDT,1660867200000,0.00008526
NEARUSDT,1660896000000,-0.00003187
NEARUSDT,1660924800009,0.00008702
NEARUSDT,1660953600000,0.00009692
NEARUSDT,1660982400005,0.0001
NEARUSDT,1661011200000,0.0001
NEARUSDT,1661040000010,-0.00004304
NEARUSDT,1661068800013,0.00001418
NEARUSDT,1661097600000,-0.00008374
NEARUSDT,1661126400011,0.0000666
NEARUSDT,1661155200005,0.0001
NEARUSDT,1661184000005,0.0001
NEARUSDT,1661212800000,0.0001
NEARUSDT,1661241600021,0.00007272
NEARUSDT,1661270400005,0.0001
NEARUSDT,1661299200017,0.0001
NEARUSDT,1661328000021,0.0001
NEARUSDT,1661356800000,0.00009547
NEARUSDT,1661385600003,0.0001
NEARUSDT,1661414400000,0.0001
NEARUSDT,1661443200004,0.0001
NEARUSDT,1661472000001,0.0001
NEARUSDT,1661500800004,0.0001
NEARUSDT,1661529600000,0.0001
NEARUSDT,1661558400010,0.00003479
NEARUSDT,1661587200007,0.00007131
NEARUSDT,1661616000008,0.0001
NEARUSDT,1661644800019,0.0001
NEARUSDT,1661673600000,0.0001
NEARUSDT,1661702400000,0.00009076
NEARUSDT,1661731200000,0.0000083
NEARUSDT,1661760000000,-0.00000342
NEARUSDT,1661788800001,-0.00002137
NEARUSDT,1661817600001,0.00000757
NEARUSDT,1661846400005,0.00000608
NEARUSDT,1661875200010,0.0001
NEARUSDT,1661904000000,0.00004916
NEARUSDT,1661932800005,0.00004182
NEARUSDT,1661961600013,-0.00004325
NEARUSDT,1661990400012,-0.00000387
NEARUSDT,1662019200000,0.0001
NEARUSDT,1662048000013,0.0001
NEARUSDT,1662076800002,0.0001
NEARUSDT,1662105600013,0.0001
NEARUSDT,1662134400000,0.00000096
NEARUSDT,1662163200000,0.00001037
NEARUSDT,1662192000002,0.0001
NEARUSDT,1662220800007,0.0001
NEARUSDT,1662249600008,0.0001
NEARUSDT,1662278400009,0.0001
NEARUSDT,1662307200000,0.0001
NEARUSDT,1662336000015,0.0000448
NEARUSDT,1662364800013,0.0001
NEARUSDT,1662393600007,0.00001284
NEARUSDT,1662422400018,-0.0000247
NEARUSDT,1662451200020,0.0001
NEARUSDT,1662480000028,0.0001
NEARUSDT,1662508800013,0.00003555
NEARUSDT,1662537600022,0.0001
NEARUSDT,1662566400021,0.00003634
NEARUSDT,1662595200010,0.00009709
NEARUSDT,1662624000000,0.0001
NEARUSDT,1662652800003,0.0001
NEARUSDT,1662681600011,0.0001
NEARUSDT,1662710400000,0.0001
NEARUSDT,1662739200000,0.00007728
NEARUSDT,1662768000003,0.0000877
NEARUSDT,1662796800000,0.0001
NEARUSDT,1662825600012,0.0001
NEARUSDT,1662854400009,0.0001
NEARUSDT,1662883200012,0.0001
NEARUSDT,1662912000005,0.0001
NEARUSDT,1662940800007,0.0001
NEARUSDT,1662969600013,0.0001
NEARUSDT,1662998400000,0.0001
NEARUSDT,1663027200004,0.00008275
NEARUSDT,1663056000000,0.0001
NEARUSDT,1663084800000,0.00009612
NEARUSDT,1663113600000,0.00004985
NEARUSDT,1663142400000,0.00006475
NEARUSDT,1663171200000,-0.00000192
NEARUSDT,1663200000019,0.00008027
NEARUSDT,1663228800012,0.00009034
NEARUSDT,1663257600007,0.00003188
NEARUSDT,1663286400000,-0.00004145
NEARUSDT,1663315200000,-0.00001228
NEARUSDT,1663344000000,0.00009733
NEARUSDT,1663372800000,-0.00004016
NEARUSDT,1663401600012,-0.00001491
NEARUSDT,1663430400017,-0.00004633
NEARUSDT,1663459200000,0.00007242
NEARUSDT,1663488000004,0.00008498
NEARUSDT,1663516800000,0.00007901
NEARUSDT,1663545600018,0.00002963
NEARUSDT,1663574400006,-0.00008206
NEARUSDT,1663603200010,-0.00016203
NEARUSDT,1663632000007,0.00003698
NEARUSDT,1663660800001,0.00007624
NEARUSDT,1663689600000,0.00007409
NEARUSDT,1663718400001,-0.00003433
NEARUSDT,1663747200005,-0.0000055
NEARUSDT,1663776000000,-0.00005434
NEARUSDT,1663804800000,-0.00039532
NEARUSDT,1663833600000,-0.00024272
NEARUSDT,1663862400011,-0.00006917
NEARUSDT,1663891200023,-0.00012054
NEARUSDT,1663920000004,0.00009915
NEARUSDT,1663948800005,-0.00007187
NEARUSDT,1663977600000,-0.00026424
NEARUSDT,1664006400005,-0.00003019
NEARUSDT,1664035200000,-0.00007482
NEARUSDT,1664064000010,-0.00004111
NEARUSDT,1664092800000,-0.00018206
NEARUSDT,1664121600003,-0.00007788
NEARUSDT,1664150400001,-0.00005144
NEARUSDT,1664179200006,-0.00009194
NEARUSDT,1664208000000,-0.00007096
NEARUSDT,1664236800026,0.0001
NEARUSDT,1664265600004,-0.00000942
NEARUSDT,1664294400006,0.0000401
NEARUSDT,1664323200011,-0.00022436
NEARUSDT,1664352000000,-0.00008646
NEARUSDT,1664380800000,-0.00018916
NEARUSDT,1664409600010,0.00008079
NEARUSDT,1664438400000,0.0001
NEARUSDT,1664467200000,0.0001
NEARUSDT,1664496000006,0.0001
NEARUSDT,1664524800002,0.0001
NEARUSDT,1664553600007,0.00007807
NEARUSDT,1664582400008,0.00008008
NEARUSDT,1664611200011,0.0001
NEARUSDT,1664640000000,0.0001
NEARUSDT,1664668800000,0.0001
NEARUSDT,1664697600000,0.0001
NEARUSDT,1664726400006,0.0001
NEARUSDT,1664755200000,0.0001
NEARUSDT,1664784000014,-0.00000831
NEARUSDT,1664812800010,0.00004002
NEARUSDT,1664841600006,0.00002716
NEARUSDT,1664870400004,0.0001
NEARUSDT,1664899200013,0.0001
NEARUSDT,1664928000000,0.000095
NEARUSDT,1664956800000,0.0001
NEARUSDT,1664985600012,0.00003498
NEARUSDT,1665014400008,-0.00004853
NEARUSDT,1665043200002,0.0001
NEARUSDT,1665072000006,-0.00004912
NEARUSDT,1665100800000,0.0001
NEARUSDT,1665129600000,0.0001
NEARUSDT,1665158400007,0.00009541
NEARUSDT,1665187200010,0.00003569
NEARUSDT,1665216000004,0.0001
NEARUSDT,1665244800018,0.0001
NEARUSDT,1665273600000,0.0001
NEARUSDT,1665302400007,0.0001
NEARUSDT,1665331200011,0.0001
NEARUSDT,1665360000018,0.0001
NEARUSDT,1665388800000,0.0001
NEARUSDT,1665417600026,0.0001
NEARUSDT,1665446400020,0.0001
NEARUSDT,1665475200027,0.00001884
NEARUSDT,1665504000000,0.00005793
NEARUSDT,1665532800014,0.0001
NEARUSDT,1665561600000,0.0001
NEARUSDT,1665590400000,0.0001
NEARUSDT,1665619200013,0.0001
NEARUSDT,1665648000016,0.0001
NEARUSDT,1665676800009,-0.00035939
NEARUSDT,1665705600020,-0.00007322
NEARUSDT,1665734400000,-0.00004522
NEARUSDT,1665763200009,-0.00003388
NEARUSDT,1665792000001,-0.00004108
NEARUSDT,1665820800005,0.00003191
NEARUSDT,1665849600004,0.0001
NEARUSDT,1665878400012,0.00009741
NEARUSDT,1665907200000,0.0001
NEARUSDT,1665936000010,0.0001
NEARUSDT,1665964800012,0.00003179
NEARUSDT,1665993600010,0.0001
NEARUSDT,1666022400017,0.0000831
NEARUSDT,1666051200010,0.0001
NEARUSDT,1666080000008,0.0001
NEARUSDT,1666108800000,0.0001
NEARUSDT,1666137600007,0.00005599
NEARUSDT,1666166400022,0.0001
NEARUSDT,1666195200016,0.0000603
NEARUSDT,1666224000000,-0.00002103
NEARUSDT,1666252800013,0.00008149
NEARUSDT,1666281600000,-0.00000821
NEARUSDT,1666310400005,0.0001
NEARUSDT,1666339200018,0.00007892
NEARUSDT,1666368000000,0.00002885
NEARUSDT,1666396800000,0.0001
NEARUSDT,1666425600015,0.0001
NEARUSDT,1666454400000,0.0001
NEARUSDT,1666483200025,0.0001
NEARUSDT,1666512000000,0.0001
NEARUSDT,1666540800004,0.0001
NEARUSDT,1666569600009,0.00004322
NEARUSDT,1666598400012,0.0001
NEARUSDT,1666627200002,0.00006576
NEARUSDT,1666656000013,0.00008759
NEARUSDT,1666684800013,0.0001
NEARUSDT,1666713600000,0.00001306
NEARUSDT,1666742400006,0.0001
NEARUSDT,1666771200013,0.00003275
NEARUSDT,1666800000000,0.00002494
NEARUSDT,1666828800009,0.00008885
NEARUSDT,1666857600006,0.0001
NEARUSDT,1666886400009,0.0001
NEARUSDT,1666915200000,0.0001
NEARUSDT,1666944000000,0.00007416
NEARUSDT,1666972800007,0.00000634
NEARUSDT,1667001600000,0.0001
NEARUSDT,1667030400003,0.0001
NEARUSDT,1667059200010,0.0001
NEARUSDT,1667088000000,0.0001
NEARUSDT,1667116800013,0.0001
NEARUSDT,1667145600009,0.0001
NEARUSDT,1667174400012,0.0001
NEARUSDT,1667203200000,0.0001
NEARUSDT,1667232000010,0.0000908
NEARUSDT,1667260800000,0.00004617
NEARUSDT,1667289600000,0.00001558
NEARUSDT,1667318400000,0.0001
NEARUSDT,1667347200000,0.00006902
NEARUSDT,1667376000000,-0.00002593
NEARUSDT,1667404800019,-0.00007415
NEARUSDT,1667433600011,-0.00012785
NEARUSDT,1667462400016,-0.00004871
NEARUSDT,1667491200005,0.0001
NEARUSDT,1667520000000,0.0001
NEARUSDT,1667548800004,0.00002321
NEARUSDT,1667577600020,0.00005289
NEARUSDT,1667606400009,-0.00002499
NEARUSDT,1667635200007,0.00006015
NEARUSDT,1667664000018,-0.00002351
NEARUSDT,1667692800009,0.00003289
NEARUSDT,1667721600000,0.0001
NEARUSDT,1667750400010,0.0001
NEARUSDT,1667779200012,0.0001
NEARUSDT,1667808000014,0.00002264
NEARUSDT,1667836800006,-0.00000293
NEARUSDT,1667865600000,-0.00003841
NEARUSDT,1667894400001,-0.00024116
NEARUSDT,1667923200005,-0.00015866
NEARUSDT,1667952000000,-0.00144243
NEARUSDT,1667980800013,-0.00008904
NEARUSDT,1668009600004,-0.00178755
NEARUSDT,1668038400006,-0.00227294
NEARUSDT,1668067200000,-0.00144677
NEARUSDT,1668096000015,-0.00039791
NEARUSDT,1668124800000,-0.00079247
NEARUSDT,1668153600015,-0.00038183
NEARUSDT,1668182400027,-0.00009495
NEARUSDT,1668211200007,0.00004119
NEARUSDT,1668240000016,0.00005801
NEARUSDT,1668268800000,0.00001655
NEARUSDT,1668297600004,0.0001
NEARUSDT,1668326400000,0.0001
NEARUSDT,1668355200017,0.0001
NEARUSDT,1668384000000,0.0001
NEARUSDT,1668412800000,0.0001
NEARUSDT,1668441600000,0.0001
NEARUSDT,1668470400014,0.0001
NEARUSDT,1668499200009,0.0001
NEARUSDT,1668528000010,0.0001
NEARUSDT,1668556800011,0.0001
NEARUSDT,1668585600004,0.0001
NEARUSDT,1668614400008,0.0001
NEARUSDT,1668643200000,0.0001
NEARUSDT,1668672000000,0.0001
NEARUSDT,1668700800006,0.0001
NEARUSDT,1668729600004,-0.00000517
NEARUSDT,1668758400016,0.0001
NEARUSDT,1668787200000,0.0001
NEARUSDT,1668816000000,0.00008034
NEARUSDT,1668844800004,0.0001
NEARUSDT,1668873600024,0.0001
NEARUSDT,1668902400015,0.0001
NEARUSDT,1668931200004,0.0001
NEARUSDT,1668960000000,0.00007259
NEARUSDT,1668988800006,0.00003539
NEARUSDT,1669017600015,0.00003325
NEARUSDT,1669046400000,0.00003626
NEARUSDT,1669075200000,-0.00000668
NEARUSDT,1669104000000,0.0001
NEARUSDT,1669132800000,0.0001
NEARUSDT,1669161600000,0.00006795
NEARUSDT,1669190400011,0.0000825
NEARUSDT,1669219200014,0.0000752
NEARUSDT,1669248000007,-0.00000428
NEARUSDT,1669276800014,0.0001
NEARUSDT,1669305600013,0.0001
NEARUSDT,1669334400004,0.0001
NEARUSDT,1669363200015,0.0001
NEARUSDT,1669392000000,0.0001
NEARUSDT,1669420800011,0.0001
NEARUSDT,1669449600000,0.0001
NEARUSDT,1669478400000,0.0001
NEARUSDT,1669507200012,0.0000061
NEARUSDT,1669536000000,0.0001
NEARUSDT,1669564800003,-0.00005043
NEARUSDT,1669593600015,0.0001
NEARUSDT,1669622400004,-0.00021664
NEARUSDT,1669651200011,0.00000558
NEARUSDT,1669680000000,0.0001
NEARUSDT,1669708800015,0.0001
NEARUSDT,1669737600000,0.0001
NEARUSDT,1669766400007,0.0001
NEARUSDT,1669795200000,0.0001
NEARUSDT,1669824000015,0.0001
NEARUSDT,1669852800001,0.00007431
NEARUSDT,1669881600006,0.0001
NEARUSDT,1669910400000,0.00009875
NEARUSDT,1669939200001,0.00003663
NEARUSDT,1669968000016,0.0001
NEARUSDT,1669996800017,0.0001
NEARUSDT,1670025600006,0.00001797
NEARUSDT,1670054400000,0.0001
NEARUSDT,1670083200011,0.0001
NEARUSDT,1670112000006,-0.00008755
NEARUSDT,1670140800000,0.00007369
NEARUSDT,1670169600006,0.000087
NEARUSDT,1670198400002,0.00002977
NEARUSDT,1670227200011,0.0001
NEARUSDT,1670256000008,0.0001
NEARUSDT,1670284800014,0.0000843
NEARUSDT,1670313600027,0.0001
NEARUSDT,1670342400009,0.00002368
NEARUSDT,1670371200000,0.00005366
NEARUSDT,1670400000000,0.0001
NEARUSDT,1670428800000,0.00007623
NEARUSDT,1670457600006,-0.00004925
NEARUSDT,1670486400000,0.00003863
NEARUSDT,1670515200014,-0.00011878
NEARUSDT,1670544000017,-0.00001772
NEARUSDT,1670572800005,0.0001
NEARUSDT,1670601600000,0.00001933
NEARUSDT,1670630400009,0.0001
NEARUSDT,1670659200010,0.0001
NEARUSDT,1670688000001,-0.00000449
NEARUSDT,1670716800011,0.0001
NEARUSDT,1670745600007,0.00004656
NEARUSDT,1670774400011,0.0001
NEARUSDT,1670803200000,0.0001
NEARUSDT,1670832000004,-0.00001609
NEARUSDT,1670860800000,0.00001272
NEARUSDT,1670889600000,-0.00020739
NEARUSDT,1670918400018,0.00003076
NEARUSDT,1670947200011,0.0001
NEARUSDT,1670976000010,0.0001
NEARUSDT,1671004800015,0.0001
NEARUSDT,1671033600004,0.0001
NEARUSDT,1671062400000,0.0001
NEARUSDT,1671091200023,0.0001
NEARUSDT,1671120000010,0.0001
NEARUSDT,1671148800016,0.0001
NEARUSDT,1671177600011,0.0001
NEARUSDT,1671206400001,0.00005658
NEARUSDT,1671235200001,-0.00019009
NEARUSDT,1671264000011,-0.00017395
NEARUSDT,1671292800011,-0.00010438
NEARUSDT,1671321600008,-0.00024918
NEARUSDT,1671350400001,-0.00005538
NEARUSDT,1671379200012,-0.00002485
NEARUSDT,1671408000000,-0.00001167
NEARUSDT,1671436800000,-0.00019799
NEARUSDT,1671465600000,-0.00001587
NEARUSDT,1671494400005,0.0001
NEARUSDT,1671523200016,0.0001
NEARUSDT,1671552000000,0.00001993
NEARUSDT,1671580800007,-0.00013285
NEARUSDT,1671609600012,0.0001
NEARUSDT,1671638400017,-0.0000033
NEARUSDT,1671667200004,0.00009949
NEARUSDT,1671696000000,0.0001
NEARUSDT,1671724800001,0.0001
NEARUSDT,1671753600018,0.0001
NEARUSDT,1671782400000,0.00009304
NEARUSDT,1671811200000,0.00003891
NEARUSDT,1671840000001,0.0001
NEARUSDT,1671868800007,0.0001
NEARUSDT,1671897600008,0.0001
NEARUSDT,1671926400000,0.00002678
NEARUSDT,1671955200013,0.0001
NEARUSDT,1671984000000,0.0001
NEARUSDT,1672012800001,0.0001
NEARUSDT,1672041600000,-0.00011048
NEARUSDT,1672070400005,0.00002896
NEARUSDT,1672099200005,0.00002338
NEARUSDT,1672128000010,0.0001
NEARUSDT,1672156800006,0.00006027
NEARUSDT,1672185600010,0.0001
NEARUSDT,1672214400010,0.0001
NEARUSDT,1672243200010,0.0001
NEARUSDT,1672272000011,0.0001
NEARUSDT,1672300800000,0.0001
NEARUSDT,1672329600008,0.0001
NEARUSDT,1672358400000,0.00004197
NEARUSDT,1672387200000,0.0001
NEARUSDT,1672416000000,-0.00013439
NEARUSDT,1672444800014,0.00000389
NEARUSDT,1672473600000,0.00009434
NEARUSDT,1672502400000,-0.00007481
NEARUSDT,1672531200000,0.00003809
NEARUSDT,1672560000008,-0.00020445
NEARUSDT,1672588800000,-0.00016405
NEARUSDT,1672617600000,-0.00035913
NEARUSDT,1672646400008,0.00003581
NEARUSDT,1672675200015,0.00001899
NEARUSDT,1672704000003,0.00002969
NEARUSDT,1672732800018,0.0001
NEARUSDT,1672761600000,0.0001
NEARUSDT,1672790400000,-0.00010693
NEARUSDT,1672819200016,-0.00000891
NEARUSDT,1672848000011,-0.00195869
NEARUSDT,1672876800009,-0.0002473
NEARUSDT,1672905600011,0.00003269
NEARUSDT,1672934400000,0.00008999
NEARUSDT,1672963200005,0.0001
NEARUSDT,1672992000001,0.0001
NEARUSDT,1673020800000,0.0001
NEARUSDT,1673049600006,0.00003438
NEARUSDT,1673078400017,0.0001
NEARUSDT,1673107200000,0.00001973
NEARUSDT,1673136000015,0.00000042
NEARUSDT,1673164800000,0.0001
NEARUSDT,1673193600010,-0.00000284
NEARUSDT,1673222400003,0.0001
NEARUSDT,1673251200000,0.0001
NEARUSDT,1673280000006,0.0001
NEARUSDT,1673308800003,0.0001
NEARUSDT,1673337600021,0.0001
NEARUSDT,1673366400000,0.0001
NEARUSDT,1673395200011,0.0001
NEARUSDT,1673424000006,0.0001
NEARUSDT,1673452800004,0.0001
NEARUSDT,1673481600000,0.0001
NEARUSDT,1673510400000,0.0001
NEARUSDT,1673539200000,0.0001
NEARUSDT,1673568000004,0.0001
NEARUSDT,1673596800000,0.0001
NEARUSDT,1673625600018,0.0001
NEARUSDT,1673654400000,0.0001
NEARUSDT,1673683200001,0.00064288
NEARUSDT,1673712000000,0.0001
NEARUSDT,1673740800010,0.00015785
NEARUSDT,1673769600002,0.00040907
NEARUSDT,1673798400000,0.00016012
NEARUSDT,1673827200010,0.0001
NEARUSDT,1673856000007,0.0003007
NEARUSDT,1673884800000,0.0001
NEARUSDT,1673913600004,0.0001
NEARUSDT,1673942400005,0.0001
NEARUSDT,1673971200001,0.0001
NEARUSDT,1674000000008,0.0001
NEARUSDT,1674028800009,0.0001
NEARUSDT,1674057600017,0.0001
NEARUSDT,1674086400000,0.0001
NEARUSDT,1674115200015,0.0001
NEARUSDT,1674144000012,0.0001
NEARUSDT,1674172800000,0.0001
NEARUSDT,1674201600000,0.0001
NEARUSDT,1674230400000,0.0001
NEARUSDT,1674259200013,0.0001
NEARUSDT,1674288000001,0.00037171
NEARUSDT,1674316800016,0.0001
NEARUSDT,1674345600000,0.0001
NEARUSDT,1674374400000,0.0001
NEARUSDT,1674403200023,0.0001
NEARUSDT,1674432000014,0.0001
NEARUSDT,1674460800014,0.0001
NEARUSDT,1674489600016,0.0001
NEARUSDT,1674518400008,0.0001
NEARUSDT,1674547200008,0.0001
NEARUSDT,1674576000000,0.0001
NEARUSDT,1674604800012,0.0001
NEARUSDT,1674633600000,0.0001
NEARUSDT,1674662400010,0.0001
NEARUSDT,1674691200010,0.0001
NEARUSDT,1674720000003,0.0001
NEARUSDT,1674748800020,0.0001
NEARUSDT,1674777600008,0.0001
NEARUSDT,1674806400000,0.00014762
NEARUSDT,1674835200000,0.0001
NEARUSDT,1674864000009,0.00025825
NEARUSDT,1674892800018,0.00028041
NEARUSDT,1674921600005,0.0001
NEARUSDT,1674950400011,0.0001
NEARUSDT,1674979200000,0.0001
NEARUSDT,1675008000008,0.0001
NEARUSDT,1675036800001,0.0001
NEARUSDT,1675065600000,0.0001
NEARUSDT,1675094400000,0.0001
NEARUSDT,1675123200005,0.0001
NEARUSDT,1675152000000,0.0001
NEARUSDT,1675180800007,0.0001
NEARUSDT,1675209600013,0.0001
NEARUSDT,1675238400000,0.0001
NEARUSDT,1675267200012,0.0001
NEARUSDT,1675296000004,0.0001
NEARUSDT,1675324800023,0.00011363
NEARUSDT,1675353600003,0.0001
NEARUSDT,1675382400010,0.0001
NEARUSDT,1675411200000,0.0001
NEARUSDT,1675440000000,0.0001
NEARUSDT,1675468800010,0.0001
NEARUSDT,1675497600000,0.0001
NEARUSDT,1675526400000,0.0001
NEARUSDT,1675555200016,0.0001
NEARUSDT,1675584000009,0.0001
NEARUSDT,1675612800018,0.0001
NEARUSDT,1675641600001,0.0001
NEARUSDT,1675670400000,0.0001
NEARUSDT,1675699200012,0.0001
NEARUSDT,1675728000004,0.0001
NEARUSDT,1675756800011,0.0001
NEARUSDT,1675785600018,0.0001
NEARUSDT,1675814400009,0.0001
NEARUSDT,1675843200010,0.0001
NEARUSDT,1675872000000,0.0001
NEARUSDT,1675900800014,0.0001
NEARUSDT,1675929600006,0.0001
NEARUSDT,1675958400001,0.0001
NEARUSDT,1675987200012,0.0001
NEARUSDT,1676016000005,-0.00008042
NEARUSDT,1676044800020,0.0001
NEARUSDT,1676073600007,0.00000194
NEARUSDT,1676102400002,-0.00001516
NEARUSDT,1676131200021,0.00007474
NEARUSDT,1676160000004,-0.00002535
NEARUSDT,1676188800000,0.00009285
NEARUSDT,1676217600002,0.0001
NEARUSDT,1676246400006,0.00009781
NEARUSDT,1676275200008,0.0001
NEARUSDT,1676304000002,0.0001
NEARUSDT,1676332800013,0.0001
NEARUSDT,1676361600014,0.0001
NEARUSDT,1676390400016,0.00005431
NEARUSDT,1676419200011,0.0001
NEARUSDT,1676448000000,0.0001
NEARUSDT,1676476800005,-0.00002829
NEARUSDT,1676505600019,0.0001
NEARUSDT,1676534400000,0.0001
NEARUSDT,1676563200001,0.00015658
NEARUSDT,1676592000003,0.0001
NEARUSDT,1676620800016,0.0001
NEARUSDT,1676649600000,0.0001
NEARUSDT,1676678400011,0.0001
NEARUSDT,1676707200000,0.0001
NEARUSDT,1676736000007,0.0001
NEARUSDT,1676764800019,0.0001
NEARUSDT,1676793600005,0.0001
NEARUSDT,1676822400003,0.0001
NEARUSDT,1676851200006,0.0001
NEARUSDT,1676880000008,0.0001
NEARUSDT,1676908800006,0.0001
NEARUSDT,1676937600001,0.0001
NEARUSDT,1676966400004,0.0001
NEARUSDT,1676995200011,0.0001
NEARUSDT,1677024000009,0.0001
NEARUSDT,1677052800010,0.0001
NEARUSDT,1677081600000,0.0001
NEARUSDT,1677110400006,0.0001
NEARUSDT,1677139200005,0.0001
NEARUSDT,1677168000002,0.0001
NEARUSDT,1677196800015,0.0001
NEARUSDT,1677225600011,0.0001
NEARUSDT,1677254400014,0.0001
NEARUSDT,1677283200015,0.00006578
NEARUSDT,1677312000015,0.0001
NEARUSDT,1677340800015,0.0001
NEARUSDT,1677369600007,-0.00008156
NEARUSDT,1677398400012,0.00001181
NEARUSDT,1677427200000,0.0001
NEARUSDT,1677456000011,0.0001
NEARUSDT,1677484800003,0.0001
NEARUSDT,1677513600000,0.0001
NEARUSDT,1677542400011,0.0001
NEARUSDT,1677571200018,0.0001
NEARUSDT,1677600000005,0.0001
NEARUSDT,1677628800016,0.0001
NEARUSDT,1677657600000,0.0001
NEARUSDT,1677686400008,0.0001
NEARUSDT,1677715200009,0.0001
NEARUSDT,1677744000013,0.0001
NEARUSDT,1677772800000,0.0001
NEARUSDT,1677801600000,0.0001
NEARUSDT,1677830400013,-0.00020486
NEARUSDT,1677859200000,0.0001
NEARUSDT,1677888000001,0.0001
NEARUSDT,1677916800008,-0.00012777
NEARUSDT,1677945600012,-0.00017185
NEARUSDT,1677974400000,-0.00011567
NEARUSDT,1678003200000,-0.00000707
NEARUSDT,1678032000015,-0.00004143
NEARUSDT,1678060800007,-0.0000888
NEARUSDT,1678089600017,-0.00005307
NEARUSDT,1678118400000,0.00008538
NEARUSDT,1678147200009,0.00003864
NEARUSDT,1678176000016,0.0001
NEARUSDT,1678204800017,0.00003983
NEARUSDT,1678233600000,0.00006537
NEARUSDT,1678262400014,0.00007851
NEARUSDT,1678291200021,-0.00018731
NEARUSDT,1678320000010,-0.0002946
NEARUSDT,1678348800013,0.00002383
NEARUSDT,1678377600002,-0.00008831
NEARUSDT,1678406400000,-0.00036621
NEARUSDT,1678435200000,-0.0001115
NEARUSDT,1678464000005,0.00006743
NEARUSDT,1678492800011,-0.00023928
NEARUSDT,1678521600003,-0.00013712
NEARUSDT,1678550400011,-0.0003955
NEARUSDT,1678579200001,-0.00037992
NEARUSDT,1678608000000,-0.00019918
NEARUSDT,1678636800005,-0.00010336
NEARUSDT,1678665600010,-0.00020125
NEARUSDT,1678694400018,0.0001
NEARUSDT,1678723200003,0.0001
NEARUSDT,1678752000010,0.00001396
NEARUSDT,1678780800009,0.0001
NEARUSDT,1678809600010,0.0001
NEARUSDT,1678838400011,0.0001
NEARUSDT,1678867200000,0.0001
NEARUSDT,1678896000012,0.0001
NEARUSDT,1678924800004,0.0001
NEARUSDT,1678953600018,0.0001
NEARUSDT,1678982400005,0.0000008
NEARUSDT,1679011200017,0.00007684
NEARUSDT,1679040000010,0.00001511
NEARUSDT,1679068800003,0.0001
NEARUSDT,1679097600012,0.00007638
NEARUSDT,1679126400000,0.0001
NEARUSDT,1679155200016,0.0001
NEARUSDT,1679184000013,0.0001
NEARUSDT,1679212800024,0.0001
NEARUSDT,1679241600000,0.0001
NEARUSDT,1679270400005,0.0001
NEARUSDT,1679299200012,0.0001
NEARUSDT,1679328000015,0.0001
NEARUSDT,1679356800006,-0.000053
NEARUSDT,1679385600004,0.0001
NEARUSDT,1679414400003,0.0001
NEARUSDT,1679443200000,0.0001
NEARUSDT,1679472000003,0.0001
NEARUSDT,1679500800000,0.0001
NEARUSDT,1679529600016,-0.0002308
NEARUSDT,1679558400001,0.0001
NEARUSDT,1679587200013,0.0001
NEARUSDT,1679616000013,0.0001
NEARUSDT,1679644800012,0.0001
NEARUSDT,1679673600027,0.0001
NEARUSDT,1679702400015,-0.00001877
NEARUSDT,1679731200011,0.00007226
NEARUSDT,1679760000011,-0.00019384
NEARUSDT,1679788800000,-0.00022101
NEARUSDT,1679817600015,0.00007713
NEARUSDT,1679846400000,0.0001
NEARUSDT,1679875200019,0.0001
NEARUSDT,1679904000009,0.0001
NEARUSDT,1679932800000,-0.00007899
NEARUSDT,1679961600007,0.00004547
NEARUSDT,1679990400000,0.0001
NEARUSDT,1680019200013,0.0001
NEARUSDT,1680048000010,0.0001
NEARUSDT,1680076800006,0.0001
NEARUSDT,1680105600014,-0.00004696
NEARUSDT,1680134400000,-0.00003184
NEARUSDT,1680163200000,0.0001
NEARUSDT,1680192000006,0.0001
NEARUSDT,1680220800003,0.0001
NEARUSDT,1680249600006,0.0001
NEARUSDT,1680278400011,0.0001
NEARUSDT,1680307200000,0.0001
NEARUSDT,1680336000000,0.0001
NEARUSDT,1680364800018,0.0001
NEARUSDT,1680393600013,0.0001
NEARUSDT,1680422400014,0.0001
NEARUSDT,1680451200001,0.0001
NEARUSDT,1680480000000,0.0001
NEARUSDT,1680508800013,0.00002535
NEARUSDT,1680537600011,0.00001793
NEARUSDT,1680566400002,0.0001
NEARUSDT,1680595200017,0.00009786
NEARUSDT,1680624000008,0.0001
NEARUSDT,1680652800000,0.0001
NEARUSDT,1680681600016,0.0001
NEARUSDT,1680710400004,0.0001
NEARUSDT,1680739200000,0.0001
NEARUSDT,1680768000011,0.0001
NEARUSDT,1680796800000,0.0001
NEARUSDT,1680825600006,0.0001
NEARUSDT,1680854400005,0.0001
NEARUSDT,1680883200000,0.0001
NEARUSDT,1680912000000,0.0001
NEARUSDT,1680940800014,0.0001
NEARUSDT,1680969600018,0.0001
NEARUSDT,1680998400013,0.00002586
NEARUSDT,1681027200024,0.0001
NEARUSDT,1681056000010,0.0001
NEARUSDT,1681084800000,0.0001
NEARUSDT,1681113600010,0.0001
NEARUSDT,1681142400006,0.0001
NEARUSDT,1681171200008,0.0001
NEARUSDT,1681200000007,0.0001
NEARUSDT,1681228800016,0.0001
NEARUSDT,1681257600006,0.0001
NEARUSDT,1681286400008,0.0001
NEARUSDT,1681315200014,0.0001
NEARUSDT,1681344000027,-0.00006935
NEARUSDT,1681372800010,0.0001
NEARUSDT,1681401600000,0.0001
NEARUSDT,1681430400001,0.0001
NEARUSDT,1681459200008,0.0001
NEARUSDT,1681488000007,0.0001
NEARUSDT,1681516800007,0.0001
NEARUSDT,1681545600007,0.0001
NEARUSDT,1681574400011,0.0001
NEARUSDT,1681603200014,0.0001
NEARUSDT,1681632000007,0.0001
NEARUSDT,1681660800002,0.0001
NEARUSDT,1681689600017,0.0001
NEARUSDT,1681718400006,0.0001
NEARUSDT,1681747200000,0.0001
NEARUSDT,1681776000013,0.0001
NEARUSDT,1681804800017,0.00015774
NEARUSDT,1681833600000,0.0001
NEARUSDT,1681862400022,0.0001
NEARUSDT,1681891200014,0.0001
NEARUSDT,1681920000000,0.0001
NEARUSDT,1681948800010,0.0001
NEARUSDT,1681977600012,0.0001
NEARUSDT,1682006400012,0.0001
NEARUSDT,1682035200009,0.0001
NEARUSDT,1682064000009,0.0001
NEARUSDT,1682092800003,0.0001
NEARUSDT,1682121600000,0.0001
NEARUSDT,1682150400000,0.00003964
NEARUSDT,1682179200016,0.0001
NEARUSDT,1682208000009,-0.00009008
NEARUSDT,1682236800020,0.00000311
NEARUSDT,1682265600007,0.00007774
NEARUSDT,1682294400000,0.0001
NEARUSDT,1682323200008,0.0001
NEARUSDT,1682352000006,0.0001
NEARUSDT,1682380800014,0.0001
NEARUSDT,1682409600009,0.0001
NEARUSDT,1682438400015,0.00002192
NEARUSDT,1682467200015,0.0001
NEARUSDT,1682496000013,0.0001
NEARUSDT,1682524800001,0.0001
NEARUSDT,1682553600014,-0.00004906
NEARUSDT,1682582400008,0.0001
NEARUSDT,1682611200005,0.00006045
NEARUSDT,1682640000011,0.0001
NEARUSDT,1682668800007,0.0001
NEARUSDT,1682697600006,-0.00003344
NEARUSDT,1682726400004,0.00007348
NEARUSDT,1682755200016,0.0001
NEARUSDT,1682784000001,0.00008404
NEARUSDT,1682812800008,0.0001
NEARUSDT,1682841600000,-0.0001327
NEARUSDT,1682870400010,0.0001
NEARUSDT,1682899200004,0.00007127
NEARUSDT,1682928000008,0.0001
NEARUSDT,1682956800014,0.0001
NEARUSDT,1682985600015,0.0001
NEARUSDT,1683014400018,0.0001
NEARUSDT,1683043200000,0.0001
NEARUSDT,1683072000009,0.0001
NEARUSDT,1683100800003,0.0001
NEARUSDT,1683129600011,-0.00001873
NEARUSDT,1683158400000,0.0001
NEARUSDT,1683187200000,0.0001
NEARUSDT,1683216000011,-0.00001251
NEARUSDT,1683244800002,0.0001
NEARUSDT,1683273600000,0.0001
NEARUSDT,1683302400000,0.0001
NEARUSDT,1683331200009,0.0001
NEARUSDT,1683360000000,0.00004421
NEARUSDT,1683388800000,0.00003875
NEARUSDT,1683417600000,0.00008712
NEARUSDT,1683446400000,0.0001
NEARUSDT,1683475200006,0.0001
NEARUSDT,1683504000000,0.0001
NEARUSDT,1683532800007,0.0001
NEARUSDT,1683561600015,0.0001
NEARUSDT,1683590400015,0.00002183
NEARUSDT,1683619200000,0.00007496
NEARUSDT,1683648000000,0.00003949
NEARUSDT,1683676800007,0.00001544
NEARUSDT,1683705600003,-0.0000562
NEARUSDT,1683734400000,0.0001
NEARUSDT,1683763200011,0.00008002
NEARUSDT,1683792000000,0.000027
NEARUSDT,1683820800005,-0.00000705
NEARUSDT,1683849600020,0.00008854
NEARUSDT,1683878400001,0.0001
NEARUSDT,1683907200010,-0.00033027
NEARUSDT,1683936000000,-0.00001906
NEARUSDT,1683964800000,0.00005073
NEARUSDT,1683993600026,0.00006448
NEARUSDT,1684022400029,-0.0003306
NEARUSDT,1684051200010,-0.00010999
NEARUSDT,1684080000008,0.00001601
NEARUSDT,1684108800006,0.0001
NEARUSDT,1684137600005,0.0001
NEARUSDT,1684166400008,0.0001
NEARUSDT,1684195200021,0.0001
NEARUSDT,1684224000000,0.0001
NEARUSDT,1684252800000,0.0001
NEARUSDT,1684281600010,0.0001
NEARUSDT,1684310400000,0.0001
NEARUSDT,1684339200001,0.0001
NEARUSDT,1684368000000,0.0001
NEARUSDT,1684396800026,0.00008184
NEARUSDT,1684425600019,0.0001
NEARUSDT,1684454400000,0.00008462
NEARUSDT,1684483200002,0.0001
NEARUSDT,1684512000000,0.0001
NEARUSDT,1684540800005,0.0001
NEARUSDT,1684569600014,0.0001
NEARUSDT,1684598400020,0.00009223
NEARUSDT,1684627200014,0.00005638
NEARUSDT,1684656000001,0.0000014
NEARUSDT,1684684800015,-0.00001897
NEARUSDT,1684713600028,0.0001
NEARUSDT,1684742400000,0.00008007
NEARUSDT,1684771200012,0.0001
NEARUSDT,1684800000006,0.0001
NEARUSDT,1684828800014,0.0001
NEARUSDT,1684857600008,0.0001
NEARUSDT,1684886400000,0.0001
NEARUSDT,1684915200025,0.00007286
NEARUSDT,1684944000008,0.00005574
NEARUSDT,1684972800000,-0.0000364
NEARUSDT,1685001600025,-0.00010475
NEARUSDT,1685030400016,0.00008597
NEARUSDT,1685059200000,0.00003359
NEARUSDT,1685088000024,-0.00000128
NEARUSDT,1685116800012,-0.00002381
NEARUSDT,1685145600012,0.00005362
NEARUSDT,1685174400018,0.00008499
NEARUSDT,1685203200008,0.0001
NEARUSDT,1685232000017,0.0001
NEARUSDT,1685260800015,0.0001
NEARUSDT,1685289600000,0.0001
NEARUSDT,1685318400000,0.0001
NEARUSDT,1685347200020,0.0001
NEARUSDT,1685376000011,0.0001
NEARUSDT,1685404800003,0.0001
NEARUSDT,1685433600000,0.0001
NEARUSDT,1685462400003,0.0001
NEARUSDT,1685491200013,0.0001
NEARUSDT,1685520000000,-0.00000875
NEARUSDT,1685548800000,0.00002299
NEARUSDT,1685577600008,0.0000657
NEARUSDT,1685606400012,0.00001991
NEARUSDT,1685635200000,0.00005688
NEARUSDT,1685664000000,0.00005167
NEARUSDT,1685692800006,0.0001
NEARUSDT,1685721600012,0.0001
NEARUSDT,1685750400000,0.0001
NEARUSDT,1685779200011,0.0001
NEARUSDT,1685808000003,0.0001
NEARUSDT,1685836800000,0.0001
NEARUSDT,1685865600000,0.0001
NEARUSDT,1685894400000,0.0001
NEARUSDT,1685923200005,0.0001
NEARUSDT,1685952000000,0.0001
NEARUSDT,1685980800000,0.0001
NEARUSDT,1686009600000,-0.00050708
NEARUSDT,1686038400009,-0.00019053
NEARUSDT,1686067200013,0.0001
NEARUSDT,1686096000000,-0.00000891
NEARUSDT,1686124800016,0.0001
NEARUSDT,1686153600000,0.00001318
NEARUSDT,1686182400006,0.0001
NEARUSDT,1686211200000,0.00005563
NEARUSDT,1686240000000,0.0001
NEARUSDT,1686268800000,0.00006492
NEARUSDT,1686297600000,0.0001
NEARUSDT,1686326400000,0.0001
NEARUSDT,1686355200000,0.0001
NEARUSDT,1686384000000,-0.00033343
NEARUSDT,1686412800000,-0.00005047
NEARUSDT,1686441600001,-0.00017482
NEARUSDT,1686470400000,-0.00038157
NEARUSDT,1686499200000,-0.0002421
NEARUSDT,1686528000000,-0.00020132
NEARUSDT,1686556800000,0.0000091
NEARUSDT,1686585600001,0.00006135
NEARUSDT,1686614400000,0.00000118
NEARUSDT,1686643200000,-0.00019302
NEARUSDT,1686672000000,0.00007057
NEARUSDT,1686700800000,0.0001
NEARUSDT,1686729600000,0.00000232
NEARUSDT,1686758400000,-0.0002004
NEARUSDT,1686787200000,-0.00020381
NEARUSDT,1686816000000,-0.00017765
NEARUSDT,1686844800000,-0.00003024
NEARUSDT,1686873600000,0.0000848
NEARUSDT,1686902400000,-0.00011438
NEARUSDT,1686931200000,-0.00032872
NEARUSDT,1686960000000,0.0001
NEARUSDT,1686988800000,-0.00017262
NEARUSDT,1687017600000,-0.00021512
NEARUSDT,1687046400000,0.00006269
NEARUSDT,1687075200000,0.0001
NEARUSDT,1687104000000,0.00004195
NEARUSDT,1687132800000,-0.00024456
NEARUSDT,1687161600000,-0.0000186
NEARUSDT,1687190400000,0.0001
NEARUSDT,1687219200001,0.00006985
NEARUSDT,1687248000000,0.00006671
NEARUSDT,1687276800000,0.00007877
NEARUSDT,1687305600000,0.0001
NEARUSDT,1687334400000,-0.00003291
NEARUSDT,1687363200000,-0.00035943
NEARUSDT,1687392000000,-0.00021035
NEARUSDT,1687420800001,-0.00018482
NEARUSDT,1687449600000,0.0001
NEARUSDT,1687478400000,0.0001
NEARUSDT,1687507200000,0.0001
NEARUSDT,1687536000000,0.00000638
NEARUSDT,1687564800000,0.0001
NEARUSDT,1687593600000,-0.00021806
NEARUSDT,1687622400000,-0.0000467
NEARUSDT,1687651200000,0.00000385
NEARUSDT,1687680000000,-0.00005726
NEARUSDT,1687708800000,0.00004538
NEARUSDT,1687737600000,-0.0000326
NEARUSDT,1687766400000,-0.00069329
NEARUSDT,1687795200000,-0.00025225
NEARUSDT,1687824000000,-0.0000576
NEARUSDT,1687852800000,0.00001895
NEARUSDT,1687881600000,-0.00008669
NEARUSDT,1687910400000,0.00004392
NEARUSDT,1687939200000,0.0001
NEARUSDT,1687968000000,0.0001
NEARUSDT,1687996800000,-0.00008371
NEARUSDT,1688025600000,0.0000947
NEARUSDT,1688054400000,-0.00021167
NEARUSDT,1688083200000,0.00001678
NEARUSDT,1688112000000,0.0001
NEARUSDT,1688140800001,0.0001
NEARUSDT,1688169600000,0.00000632
NEARUSDT,1688198400000,0.0001
NEARUSDT,1688227200000,-0.00000155
NEARUSDT,1688256000000,-0.00024153
NEARUSDT,1688284800000,-0.000063
NEARUSDT,1688313600001,0.00003973
NEARUSDT,1688342400000,0.00006618
NEARUSDT,1688371200000,0.0001
NEARUSDT,1688400000000,0.0001
NEARUSDT,1688428800001,0.00007179
NEARUSDT,1688457600000,0.0001
NEARUSDT,1688486400000,0.0001
NEARUSDT,1688515200000,0.0001
NEARUSDT,1688544000000,0.0001
NEARUSDT,1688572800000,0.00003023
NEARUSDT,1688601600000,0.00001643
NEARUSDT,1688630400000,0.0000272
NEARUSDT,1688659200000,-0.0001593
NEARUSDT,1688688000000,-0.00023328
NEARUSDT,1688716800000,-0.00012842
NEARUSDT,1688745600000,-0.00012392
NEARUSDT,1688774400000,0.0001
NEARUSDT,1688803200000,-0.00007258
NEARUSDT,1688832000000,-0.00031865
NEARUSDT,1688860800000,-0.00007456
NEARUSDT,1688889600000,0.0001
NEARUSDT,1688918400000,0.00008027
NEARUSDT,1688947200000,-0.00022224
NEARUSDT,1688976000000,-0.0000558
NEARUSDT,1689004800000,-0.00010504
NEARUSDT,1689033600000,0.0000071
NEARUSDT,1689062400000,0.0001
NEARUSDT,1689091200000,0.0001
NEARUSDT,1689120000000,0.0001
NEARUSDT,1689148800000,0.00000215
NEARUSDT,1689177600000,0.00006632
NEARUSDT,1689206400000,0.00008758
NEARUSDT,1689235200000,0.0001
NEARUSDT,1689264000000,0.00008844
NEARUSDT,1689292800000,0.0001
NEARUSDT,1689321600000,0.0001
NEARUSDT,1689350400000,0.0001
NEARUSDT,1689379200000,0.0001
NEARUSDT,1689408000000,0.0001
NEARUSDT,1689436800000,0.0001
NEARUSDT,1689465600001,0.0001
NEARUSDT,1689494400000,0.0001
NEARUSDT,1689523200000,0.0001
NEARUSDT,1689552000000,0.0001
NEARUSDT,1689580800000,0.0001
NEARUSDT,1689609600000,0.0001
NEARUSDT,1689638400000,0.0001
NEARUSDT,1689667200000,0.0001
NEARUSDT,1689696000000,0.0001
NEARUSDT,1689724800000,0.0001
NEARUSDT,1689753600000,0.0001
NEARUSDT,1689782400001,0.0001
NEARUSDT,1689811200000,0.0001
NEARUSDT,1689840000000,0.0001
NEARUSDT,1689868800000,0.0001
NEARUSDT,1689897600001,0.0001
NEARUSDT,1689926400000,0.0001
NEARUSDT,1689955200000,0.0001
NEARUSDT,1689984000000,0.0001
NEARUSDT,1690012800000,0.0001
NEARUSDT,1690041600000,0.00007923
NEARUSDT,1690070400000,0.0001
NEARUSDT,1690099200000,0.0001
NEARUSDT,1690128000000,0.0001
NEARUSDT,1690156800000,0.00008834
NEARUSDT,1690185600000,0.0001
NEARUSDT,1690214400000,0.00009308
NEARUSDT,1690243200000,0.0001
NEARUSDT,1690272000000,0.0001
NEARUSDT,1690300800000,-0.00009298
NEARUSDT,1690329600000,-0.00000137
NEARUSDT,1690358400001,0.0001
NEARUSDT,1690387200000,0.00004758
NEARUSDT,1690416000000,-0.00003488
NEARUSDT,1690444800000,-0.00005213
NEARUSDT,1690473600001,0.0001
NEARUSDT,1690502400000,0.00002319
NEARUSDT,1690531200000,0.0001
NEARUSDT,1690560000000,0.0001
NEARUSDT,1690588800000,0.0001
NEARUSDT,1690617600000,0.00008552
NEARUSDT,1690646400001,0.0001
NEARUSDT,1690675200000,0.0001
NEARUSDT,1690704000000,0.0001
NEARUSDT,1690732800000,0.0001
NEARUSDT,1690761600000,0.0001
NEARUSDT,1690790400000,0.0001
NEARUSDT,1690819200001,0.0001
NEARUSDT,1690848000000,0.0001
NEARUSDT,1690876800000,0.0001
NEARUSDT,1690905600000,0.0001
NEARUSDT,1690934400000,0.0001
NEARUSDT,1690963200000,0.0001
NEARUSDT,1690992000000,0.00009744
NEARUSDT,1691020800000,0.00009276
NEARUSDT,1691049600000,0.00009925
NEARUSDT,1691078400001,0.0001
NEARUSDT,1691107200000,0.0001
NEARUSDT,1691136000000,0.00001146
NEARUSDT,1691164800000,-0.00005179
NEARUSDT,1691193600000,-0.00009594
NEARUSDT,1691222400000,0.00000032
NEARUSDT,1691251200001,0.00004274
NEARUSDT,1691280000000,0.00005816
NEARUSDT,1691308800001,0.0001
NEARUSDT,1691337600005,0.0001
NEARUSDT,1691366400000,0.0001
NEARUSDT,1691395200000,0.0001
NEARUSDT,1691424000000,0.0001
NEARUSDT,1691452800000,-0.00003058
NEARUSDT,1691481600000,0.0001
NEARUSDT,1691510400000,0.0001
NEARUSDT,1691539200000,0.0001
NEARUSDT,1691568000000,0.0001
NEARUSDT,1691596800000,0.0001
NEARUSDT,1691625600001,0.0001
NEARUSDT,1691654400000,0.0001
NEARUSDT,1691683200000,0.0001
NEARUSDT,1691712000000,0.0001
NEARUSDT,1691740800000,0.0001
NEARUSDT,1691769600000,0.0001
NEARUSDT,1691798400000,0.0001
NEARUSDT,1691827200000,0.0001
NEARUSDT,1691856000000,0.00001565
NEARUSDT,1691884800000,0.0001
NEARUSDT,1691913600000,0.0001
NEARUSDT,1691942400000,0.0001
NEARUSDT,1691971200001,0.0001
NEARUSDT,1692000000000,0.0001
NEARUSDT,1692028800000,0.0001
NEARUSDT,1692057600001,0.00007459
NEARUSDT,1692086400000,0.0001
NEARUSDT,1692115200000,0.0001
NEARUSDT,1692144000000,-0.0000858
NEARUSDT,1692172800001,0.00000769
NEARUSDT,1692201600000,0.0000818
NEARUSDT,1692230400000,0.00000769
NEARUSDT,1692259200000,0.00004346
NEARUSDT,1692288000000,-0.00000675
NEARUSDT,1692316800000,-0.00065845
NEARUSDT,1692345600000,-0.00035479
NEARUSDT,1692374400000,-0.00004018
NEARUSDT,1692403200000,-0.00009217
NEARUSDT,1692432000000,0.00008075
NEARUSDT,1692460800000,-0.00049211
NEARUSDT,1692489600000,-0.00013157
NEARUSDT,1692518400000,-0.00023267
NEARUSDT,1692547200000,-0.00030213
NEARUSDT,1692576000000,-0.00001749
NEARUSDT,1692604800000,0.0001
NEARUSDT,1692633600000,-0.0000198
NEARUSDT,1692662400000,0.0001
NEARUSDT,1692691200000,-0.00004833
NEARUSDT,1692720000000,-0.00062123
NEARUSDT,1692748800000,-0.00090373
NEARUSDT,1692777600000,-0.00029645
NEARUSDT,1692806400000,-0.00015113
NEARUSDT,1692835200000,-0.00013047
NEARUSDT,1692864000000,-0.00027849
NEARUSDT,1692892800000,-0.00007014
NEARUSDT,1692921600000,-0.00004975
NEARUSDT,1692950400000,-0.00003804
NEARUSDT,1692979200000,-0.00017239
NEARUSDT,1693008000000,-0.00000518
NEARUSDT,1693036800000,-0.0000247
NEARUSDT,1693065600000,0.00006963
NEARUSDT,1693094400000,0.00000722
NEARUSDT,1693123200000,-0.00009757
NEARUSDT,1693152000000,-0.0004384
NEARUSDT,1693180800000,-0.00032405
NEARUSDT,1693209600001,-0.00013103
NEARUSDT,1693238400001,0.00004764
NEARUSDT,1693267200000,0.00009154
NEARUSDT,1693296000000,0.00007697
NEARUSDT,1693324800000,-0.00017025
NEARUSDT,1693353600000,0.0001
NEARUSDT,1693382400000,0.00001952
NEARUSDT,1693411200000,0.00004506
NEARUSDT,1693440000000,0.0001
NEARUSDT,1693468800000,0.0001
NEARUSDT,1693497600000,0.00004713
NEARUSDT,1693526400000,-0.00020989
NEARUSDT,1693555200000,-0.00001647
NEARUSDT,1693584000001,-0.00010062
NEARUSDT,1693612800000,-0.00002797
NEARUSDT,1693641600000,-0.0003022
NEARUSDT,1693670400000,-0.0003412
NEARUSDT,1693699200000,-0.00030322
NEARUSDT,1693728000000,-0.00026337
NEARUSDT,1693756800000,-0.00020506
NEARUSDT,1693785600000,-0.00002742
NEARUSDT,1693814400000,-0.00017856
NEARUSDT,1693843200000,-0.000227
NEARUSDT,1693872000000,-0.00007829
NEARUSDT,1693900800000,0.0001
NEARUSDT,1693929600000,0.00004082
NEARUSDT,1693958400000,0.0001
NEARUSDT,1693987200000,-0.00022015
NEARUSDT,1694016000001,-0.00015766
NEARUSDT,1694044800000,0.0001
NEARUSDT,1694073600000,-0.00002771
NEARUSDT,1694102400000,0.0001
NEARUSDT,1694131200000,0.0001
NEARUSDT,1694160000000,0.00003924
NEARUSDT,1694188800000,0.00005694
NEARUSDT,1694217600000,0.00006031
NEARUSDT,1694246400000,0.00005296
NEARUSDT,1694275200000,-0.00011691
NEARUSDT,1694304000000,-0.00005749
NEARUSDT,1694332800000,-0.00000931
NEARUSDT,1694361600000,-0.00002165
NEARUSDT,1694390400000,-0.00009328
NEARUSDT,1694419200000,0.00007902
NEARUSDT,1694448000001,-0.00010677
NEARUSDT,1694476800000,0.00004619
NEARUSDT,1694505600000,0.0001
NEARUSDT,1694534400000,0.0001
NEARUSDT,1694563200000,-0.00010804
NEARUSDT,1694592000000,0.00002475
NEARUSDT,1694620800000,-0.00013078
NEARUSDT,1694649600000,0.0001
NEARUSDT,1694678400001,-0.00004719
NEARUSDT,1694707200000,-0.00013211
NEARUSDT,1694736000000,-0.0000538
NEARUSDT,1694764800000,0.0001
NEARUSDT,1694793600000,0.0001
NEARUSDT,1694822400000,0.00008031
NEARUSDT,1694851200000,0.0001
NEARUSDT,1694880000000,0.00003187
NEARUSDT,1694908800000,0.0001
NEARUSDT,1694937600000,0.0001
NEARUSDT,1694966400000,0.00001332
NEARUSDT,1694995200000,0.00004376
NEARUSDT,1695024000000,-0.00000956
NEARUSDT,1695052800000,0.0000988
NEARUSDT,1695081600000,0.00007609
NEARUSDT,1695110400001,0.00007384
NEARUSDT,1695139200000,0.00007734
NEARUSDT,1695168000000,0.0001
NEARUSDT,1695196800000,0.0001
NEARUSDT,1695225600000,0.00008904
NEARUSDT,1695254400001,0.0001
NEARUSDT,1695283200000,-0.00008587
NEARUSDT,1695312000000,-0.00027374
NEARUSDT,1695340800000,-0.00016432
NEARUSDT,1695369600000,0.0001
NEARUSDT,1695398400000,0.00007387
NEARUSDT,1695427200000,-0.00021698
NEARUSDT,1695456000000,0.00004497
NEARUSDT,1695484800000,0.00001888
NEARUSDT,1695513600000,0.00008251
NEARUSDT,1695542400000,0.0001
NEARUSDT,1695571200000,-0.00006379
NEARUSDT,1695600000000,-0.00001142
NEARUSDT,1695628800000,0.0001
NEARUSDT,1695657600000,0.0001
NEARUSDT,1695686400000,0.00009077
NEARUSDT,1695715200000,-0.00019379
NEARUSDT,1695744000000,-0.00004255
NEARUSDT,1695772800000,-0.00003145
NEARUSDT,1695801600001,-0.00041373
NEARUSDT,1695830400000,-0.00018653
NEARUSDT,1695859200000,-0.00016881
NEARUSDT,1695888000000,0.00009284
NEARUSDT,1695916800000,0.0001
NEARUSDT,1695945600000,0.0001
NEARUSDT,1695974400000,0.0001
NEARUSDT,1696003200000,0.0001
NEARUSDT,1696032000000,0.0001
NEARUSDT,1696060800000,0.0001
NEARUSDT,1696089600000,0.0001
NEARUSDT,1696118400000,0.0001
NEARUSDT,1696147200000,0.0001
NEARUSDT,1696176000000,0.0001
NEARUSDT,1696204800000,0.0001
NEARUSDT,1696233600000,0.0001
NEARUSDT,1696262400000,0.0001
NEARUSDT,1696291200000,0.00008101
NEARUSDT,1696320000000,0.0001
NEARUSDT,1696348800000,0.0001
NEARUSDT,1696377600000,-0.00002786
NEARUSDT,1696406400000,0.00009209
NEARUSDT,1696435200000,-0.00012649
NEARUSDT,1696464000000,-0.00015055
NEARUSDT,1696492800000,-0.00007154
NEARUSDT,1696521600001,-0.00013515
NEARUSDT,1696550400000,-0.00018712
NEARUSDT,1696579200000,-0.00012635
NEARUSDT,1696608000000,-0.0000741
NEARUSDT,1696636800000,-0.00033302
NEARUSDT,1696665600000,-0.00019286
NEARUSDT,1696694400000,-0.00008817
NEARUSDT,1696723200000,-0.00014214
NEARUSDT,1696752000001,-0.00007213
NEARUSDT,1696780800000,-0.00012102
NEARUSDT,1696809600000,0.00005628
NEARUSDT,1696838400000,0.0001
NEARUSDT,1696867200000,-0.00012081
NEARUSDT,1696896000000,-0.00027384
NEARUSDT,1696924800000,-0.00034354
NEARUSDT,1696953600000,-0.00005113
NEARUSDT,1696982400000,0.0001
NEARUSDT,1697011200000,0.00004944
NEARUSDT,1697040000000,-0.00001048
NEARUSDT,1697068800000,0.0000898
NEARUSDT,1697097600000,0.0001
NEARUSDT,1697126400000,0.0001
NEARUSDT,1697155200000,0.0001
NEARUSDT,1697184000000,0.0001
NEARUSDT,1697212800000,0.0001
NEARUSDT,1697241600000,0.0001
NEARUSDT,1697270400000,0.0001
NEARUSDT,1697299200000,0.0001
NEARUSDT,1697328000000,0.0001
NEARUSDT,1697356800000,0.0001
NEARUSDT,1697385600000,0.0001
NEARUSDT,1697414400000,0.0001
NEARUSDT,1697443200000,0.0001
NEARUSDT,1697472000000,0.0001
NEARUSDT,1697500800000,0.0001
NEARUSDT,1697529600000,0.0001
NEARUSDT,1697558400000,0.0001
NEARUSDT,1697587200000,0.0001
NEARUSDT,1697616000000,0.0001
NEARUSDT,1697644800000,0.0001
NEARUSDT,1697673600000,0.0001
NEARUSDT,1697702400001,0.0001
NEARUSDT,1697731200000,0.0001
NEARUSDT,1697760000000,0.0001
NEARUSDT,1697788800005,0.0001
NEARUSDT,1697817600000,0.0001
NEARUSDT,1697846400000,0.0001
NEARUSDT,1697875200000,0.0001
NEARUSDT,1697904000000,0.0001
NEARUSDT,1697932800000,0.0001
NEARUSDT,1697961600000,0.0001
NEARUSDT,1697990400000,0.0001
NEARUSDT,1698019200000,0.0001
NEARUSDT,1698048000001,0.0001
NEARUSDT,1698076800001,0.0001
NEARUSDT,1698105600000,0.0001
NEARUSDT,1698134400000,0.0001
NEARUSDT,1698163200000,0.0001
NEARUSDT,1698192000000,0.0001
NEARUSDT,1698220800000,0.0001
NEARUSDT,1698249600001,0.0001
NEARUSDT,1698278400001,0.0001
NEARUSDT,1698307200000,0.0001
NEARUSDT,1698336000000,0.0001
NEARUSDT,1698364800000,0.0001
NEARUSDT,1698393600000,0.0001
NEARUSDT,1698422400000,0.0001
NEARUSDT,1698451200000,0.0001
NEARUSDT,1698480000001,0.0001
NEARUSDT,1698508800000,0.0001
NEARUSDT,1698537600000,0.0001
NEARUSDT,1698566400000,0.0001
NEARUSDT,1698595200000,0.0001
NEARUSDT,1698624000000,0.0001
NEARUSDT,1698652800000,0.0001
NEARUSDT,1698681600000,0.00023093
NEARUSDT,1698710400001,0.0001
NEARUSDT,1698739200000,0.00015887
NEARUSDT,1698768000000,0.00016408
NEARUSDT,1698796800000,0.0001
NEARUSDT,1698825600000,0.0001
NEARUSDT,1698854400000,0.0001
NEARUSDT,1698883200001,0.00025666
NEARUSDT,1698912000000,0.00041791
NEARUSDT,1698940800000,0.0001
NEARUSDT,1698969600000,0.0001
NEARUSDT,1698998400000,0.0001
NEARUSDT,1699027200000,0.0001
NEARUSDT,1699056000000,0.0001
NEARUSDT,1699084800000,0.0001
NEARUSDT,1699113600000,0.0001
NEARUSDT,1699142400000,0.0001
NEARUSDT,1699171200000,0.00023655
NEARUSDT,1699200000000,0.00025485
NEARUSDT,1699228800000,0.00023549
NEARUSDT,1699257600001,0.0002396
NEARUSDT,1699286400000,0.00023832
NEARUSDT,1699315200001,0.00019308
NEARUSDT,1699344000000,0.00035303
NEARUSDT,1699372800000,0.0001
NEARUSDT,1699401600000,0.0001
NEARUSDT,1699430400000,0.0001
NEARUSDT,1699459200000,0.0001
NEARUSDT,1699488000000,0.0001
NEARUSDT,1699516800000,0.0001
NEARUSDT,1699545600000,0.0001
NEARUSDT,1699574400000,0.0001
NEARUSDT,1699603200000,0.0001
NEARUSDT,1699632000000,0.0001
NEARUSDT,1699660800000,0.00013221
NEARUSDT,1699689600000,0.0001
NEARUSDT,1699718400000,0.00033983
NEARUSDT,1699747200000,0.00037383
NEARUSDT,1699776000000,0.00043596
NEARUSDT,1699804800001,0.00027496
NEARUSDT,1699833600000,0.0001
NEARUSDT,1699862400000,0.00016433
NEARUSDT,1699891200000,0.00017276
NEARUSDT,1699920000000,0.00023011
NEARUSDT,1699948800000,0.0001
NEARUSDT,1699977600001,0.0001
NEARUSDT,1700006400000,0.0001
NEARUSDT,1700035200000,0.0001
NEARUSDT,1700064000000,0.00025025
NEARUSDT,1700092800000,0.00023808
NEARUSDT,1700121600000,0.00022882
NEARUSDT,1700150400001,0.00027417
NEARUSDT,1700179200000,0.0001
NEARUSDT,1700208000001,0.0001
NEARUSDT,1700236800001,0.0001
NEARUSDT,1700265600000,0.0001
NEARUSDT,1700294400000,0.0001
NEARUSDT,1700323200000,0.0001
NEARUSDT,1700352000000,0.0001
NEARUSDT,1700380800000,0.0001
NEARUSDT,1700409600000,0.0001
NEARUSDT,1700438400000,0.0001
NEARUSDT,1700467200000,0.0001
NEARUSDT,1700496000000,0.0001
NEARUSDT,1700524800000,0.0001
NEARUSDT,1700553600000,0.0001
NEARUSDT,1700582400000,0.0001
NEARUSDT,1700611200000,0.0001
NEARUSDT,1700640000000,0.0001
NEARUSDT,1700668800000,0.0001
NEARUSDT,1700697600000,0.0001
NEARUSDT,1700726400000,0.0001
NEARUSDT,1700755200001,0.0001
NEARUSDT,1700784000000,0.0001
NEARUSDT,1700812800000,0.0001
NEARUSDT,1700841600000,0.0001
NEARUSDT,1700870400000,0.0001
NEARUSDT,1700899200000,0.0001
NEARUSDT,1700928000000,0.0001
NEARUSDT,1700956800000,0.0001
NEARUSDT,1700985600000,0.0001
NEARUSDT,1701014400000,0.0001
NEARUSDT,1701043200000,0.0001
NEARUSDT,1701072000001,0.0001
NEARUSDT,1701100800000,0.0001
NEARUSDT,1701129600000,0.0001
NEARUSDT,1701158400000,0.0001
NEARUSDT,1701187200000,0.0001
NEARUSDT,1701216000001,0.0001
NEARUSDT,1701244800000,0.0001
NEARUSDT,1701273600000,0.0001
NEARUSDT,1701302400000,0.0001
NEARUSDT,1701331200000,0.0001
NEARUSDT,1701360000000,0.0001
NEARUSDT,1701388800000,0.0001
NEARUSDT,1701417600000,0.0001
NEARUSDT,1701446400000,0.0001
NEARUSDT,1701475200000,0.0001
NEARUSDT,1701504000000,0.0001
NEARUSDT,1701532800000,0.0001
NEARUSDT,1701561600000,0.0001
NEARUSDT,1701590400000,0.00012987
NEARUSDT,1701619200000,0.00020998
NEARUSDT,1701648000000,0.0001581
NEARUSDT,1701676800000,0.00034174
NEARUSDT,1701705600000,0.00013127
NEARUSDT,1701734400000,0.0001
NEARUSDT,1701763200000,0.00031015
NEARUSDT,1701792000000,0.0001
NEARUSDT,1701820800000,0.00019809
NEARUSDT,1701849600000,0.0001
NEARUSDT,1701878400000,0.0001
NEARUSDT,1701907200000,0.0001
NEARUSDT,1701936000000,0.00026497
NEARUSDT,1701964800000,0.0001
NEARUSDT,1701993600000,0.00048595
NEARUSDT,1702022400000,0.00037804
NEARUSDT,1702051200000,0.000362
NEARUSDT,1702080000000,0.00042369
NEARUSDT,1702108800000,0.00060313
NEARUSDT,1702137600000,0.00048436
NEARUSDT,1702166400000,0.00029426
NEARUSDT,1702195200000,0.00019617
NEARUSDT,1702224000000,0.00014763
NEARUSDT,1702252800000,0.0002112
NEARUSDT,1702281600000,0.00014161
NEARUSDT,1702310400000,0.0001
NEARUSDT,1702339200000,0.0001
NEARUSDT,1702368000000,0.0001
NEARUSDT,1702396800000,0.00022981
NEARUSDT,1702425600000,0.0001
NEARUSDT,1702454400000,0.0001
NEARUSDT,1702483200001,0.0001
NEARUSDT,1702512000000,0.0001
NEARUSDT,1702540800000,0.00010996
NEARUSDT,1702569600000,0.000162
NEARUSDT,1702598400000,0.00025571
NEARUSDT,1702627200000,0.00026796
NEARUSDT,1702656000000,0.00029999
NEARUSDT,1702684800000,0.00017922
NEARUSDT,1702713600000,0.00030226
NEARUSDT,1702742400001,0.00015937
NEARUSDT,1702771200000,0.00025017
NEARUSDT,1702800000000,0.00030305
NEARUSDT,1702828800000,0.00035728
NEARUSDT,1702857600000,0.0001633
NEARUSDT,1702886400001,0.0001
NEARUSDT,1702915200000,0.0001
NEARUSDT,1702944000000,0.0001
NEARUSDT,1702972800000,0.00021543
NEARUSDT,1703001600000,0.00028201
NEARUSDT,1703030400000,0.00011997
NEARUSDT,1703059200000,0.00013037
NEARUSDT,1703088000000,0.00030532
NEARUSDT,1703116800000,0.0001385
NEARUSDT,1703145600000,0.0001
NEARUSDT,1703174400000,0.00025777
NEARUSDT,1703203200000,0.0004127
NEARUSDT,1703232000000,0.00033808
NEARUSDT,1703260800000,0.00055088
NEARUSDT,1703289600000,0.00046896
NEARUSDT,1703318400001,0.00013867
NEARUSDT,1703347200000,0.00015902
NEARUSDT,1703376000000,0.00031845
NEARUSDT,1703404800000,0.00029781
NEARUSDT,1703433600000,0.00015072
NEARUSDT,1703462400000,0.00013486
NEARUSDT,1703491200000,0.0002589
NEARUSDT,1703520000000,0.00021254
NEARUSDT,1703548800000,0.00049447
NEARUSDT,1703577600000,0.00025946
NEARUSDT,1703606400000,0.00051613
NEARUSDT,1703635200000,0.00014069
NEARUSDT,1703664000000,0.0003005
NEARUSDT,1703692800000,0.00035173
NEARUSDT,1703721600000,0.00044201
NEARUSDT,1703750400000,0.00048401
NEARUSDT,1703779200000,0.00041324
NEARUSDT,1703808000001,0.00041341
NEARUSDT,1703836800000,0.00026523
NEARUSDT,1703865600000,0.00050961
NEARUSDT,1703894400001,0.00048019
NEARUSDT,1703923200000,0.00030561
NEARUSDT,1703952000000,0.00044866
NEARUSDT,1703980800000,0.00044418
NEARUSDT,1704009600001,0.00049032
NEARUSDT,1704038400000,0.00045872
NEARUSDT,1704067200000,0.00038585
NEARUSDT,1704096000000,0.00050639
NEARUSDT,1704124800000,0.00041879
NEARUSDT,1704153600000,0.00074378
NEARUSDT,1704182400000,0.00031138
NEARUSDT,1704211200000,0.00092199
NEARUSDT,1704240000000,0.00013981
NEARUSDT,1704268800000,0.00016729
NEARUSDT,1704297600000,0.0001
NEARUSDT,1704326400000,0.0001
NEARUSDT,1704355200000,0.0001
NEARUSDT,1704384000000,0.0001
NEARUSDT,1704412800001,0.0001
NEARUSDT,1704441600000,0.0001
NEARUSDT,1704470400000,0.0001
NEARUSDT,1704499200000,0.0001
NEARUSDT,1704528000000,0.0001
NEARUSDT,1704556800000,0.0001
NEARUSDT,1704585600000,0.0001
NEARUSDT,1704614400001,0.0001
NEARUSDT,1704643200001,0.0001
NEARUSDT,1704672000000,0.0001
NEARUSDT,1704700800000,0.0001
NEARUSDT,1704729600000,0.0001
NEARUSDT,1704758400001,0.0001
NEARUSDT,1704787200000,0.0001
NEARUSDT,1704816000000,0.0001
NEARUSDT,1704844800000,0.0001
NEARUSDT,1704873600000,0.0001
NEARUSDT,1704902400000,0.0001
NEARUSDT,1704931200000,0.0001
NEARUSDT,1704960000000,0.0001
NEARUSDT,1704988800000,0.0001
NEARUSDT,1705017600001,0.0001
NEARUSDT,1705046400000,0.0001
NEARUSDT,1705075200000,0.0001
NEARUSDT,1705104000000,0.0001
NEARUSDT,1705132800000,0.0001
NEARUSDT,1705161600001,0.0001
NEARUSDT,1705190400000,0.0001
NEARUSDT,1705219200000,0.0001
NEARUSDT,1705248000001,0.0001
NEARUSDT,1705276800000,0.0001
NEARUSDT,1705305600000,0.0001
NEARUSDT,1705334400000,0.0001
NEARUSDT,1705363200000,0.0001
NEARUSDT,1705392000000,0.0001
NEARUSDT,1705420800001,0.0001
NEARUSDT,1705449600000,0.0001
NEARUSDT,1705478400000,0.0001
NEARUSDT,1705507200000,0.0001
NEARUSDT,1705536000001,0.0001
NEARUSDT,1705564800000,0.0001
NEARUSDT,1705593600000,0.0001
NEARUSDT,1705622400000,0.0001
NEARUSDT,1705651200000,0.0001
NEARUSDT,1705680000002,0.0001
NEARUSDT,1705708800000,0.0001
NEARUSDT,1705737600003,0.0001
NEARUSDT,1705766400000,0.0001
NEARUSDT,1705795200000,0.0001
NEARUSDT,1705824000000,0.0001
NEARUSDT,1705852800000,0.0001
NEARUSDT,1705881600000,0.0001
NEARUSDT,1705910400000,0.0001
NEARUSDT,1705939200000,0.0001
NEARUSDT,1705968000000,0.0001
NEARUSDT,1705996800000,0.0001
NEARUSDT,1706025600000,0.0001
NEARUSDT,1706054400000,0.0001
NEARUSDT,1706083200000,0.0001
NEARUSDT,1706112000000,0.0001
NEARUSDT,1706140800000,0.0001
NEARUSDT,1706169600001,0.0001
NEARUSDT,1706198400000,0.0001
NEARUSDT,1706227200001,0.0001
NEARUSDT,1706256000000,0.0001
NEARUSDT,1706284800000,0.0001
NEARUSDT,1706313600000,0.00007273
NEARUSDT,1706342400000,0.0001
NEARUSDT,1706371200000,0.0001
NEARUSDT,1706400000000,0.0001
NEARUSDT,1706428800000,0.0001
NEARUSDT,1706457600000,0.0001
NEARUSDT,1706486400000,0.0001
NEARUSDT,1706515200001,0.0001
NEARUSDT,1706544000000,0.0001
NEARUSDT,1706572800000,0.0001
NEARUSDT,1706601600000,0.0001
NEARUSDT,1706630400001,0.0001
NEARUSDT,1706659200000,0.0001
NEARUSDT,1706688000000,0.0001
NEARUSDT,1706716800000,0.0001
NEARUSDT,1706745600000,0.0001
NEARUSDT,1706774400000,0.0001
NEARUSDT,1706803200002,0.0001
NEARUSDT,1706832000000,0.0001
NEARUSDT,1706860800000,0.0001
NEARUSDT,1706889600000,0.0001
NEARUSDT,1706918400000,0.0001
NEARUSDT,1706947200000,0.0001
NEARUSDT,1706976000001,0.0001
NEARUSDT,1707004800000,0.0001
NEARUSDT,1707033600004,0.0001
NEARUSDT,1707062400000,0.0001
NEARUSDT,1707091200000,0.0001
NEARUSDT,1707120000000,0.0001
NEARUSDT,1707148800000,0.0001
NEARUSDT,1707177600000,0.0001
NEARUSDT,1707206400001,0.0001
NEARUSDT,1707235200000,0.0001
NEARUSDT,1707264000000,0.0001
NEARUSDT,1707292800000,0.0001
NEARUSDT,1707321600000,0.0001
NEARUSDT,1707350400000,0.0001
NEARUSDT,1707379200000,0.0001
NEARUSDT,1707408000000,0.0001
NEARUSDT,1707436800000,0.0001
NEARUSDT,1707465600000,0.0001
NEARUSDT,1707494400001,0.0001
NEARUSDT,1707523200001,0.0001
NEARUSDT,1707552000000,0.0001
NEARUSDT,1707580800000,0.0001
NEARUSDT,1707609600000,0.0001
NEARUSDT,1707638400001,0.0001
NEARUSDT,1707667200000,0.0001
NEARUSDT,1707696000000,0.0001
NEARUSDT,1707724800000,0.0001
NEARUSDT,1707753600000,0.0001
NEARUSDT,1707782400000,0.0001
NEARUSDT,1707811200000,0.0001
NEARUSDT,1707840000000,0.0001
NEARUSDT,1707868800000,0.0001
NEARUSDT,1707897600000,0.0001
NEARUSDT,1707926400000,0.00014505
NEARUSDT,1707955200000,0.0001
NEARUSDT,1707984000000,0.0001
NEARUSDT,1708012800000,0.00023226
NEARUSDT,1708041600000,0.00025584
NEARUSDT,1708070400000,0.00034222
NEARUSDT,1708099200000,0.0001
NEARUSDT,1708128000000,0.0001
NEARUSDT,1708156800000,0.00011548
NEARUSDT,1708185600000,0.00030471
NEARUSDT,1708214400000,0.00035785
NEARUSDT,1708243200000,0.00044763
NEARUSDT,1708272000000,0.00040834
NEARUSDT,1708300800000,0.00038684
NEARUSDT,1708329600000,0.00027407
NEARUSDT,1708358400000,0.00038817
NEARUSDT,1708387200000,0.00045272
NEARUSDT,1708416000000,0.00041025
NEARUSDT,1708444800000,0.00027706
NEARUSDT,1708473600000,0.0002673
NEARUSDT,1708502400000,0.0002658
NEARUSDT,1708531200000,0.00013723
NEARUSDT,1708560000001,0.0001
NEARUSDT,1708588800001,0.00030298
NEARUSDT,1708617600000,0.00023869
NEARUSDT,1708646400000,0.00028148
NEARUSDT,1708675200000,0.00035489
NEARUSDT,1708704000000,0.00034183
NEARUSDT,1708732800000,0.00020882
NEARUSDT,1708761600001,0.00012504
NEARUSDT,1708790400000,0.00031931
NEARUSDT,1708819200001,0.00038545
NEARUSDT,1708848000000,0.00030998
NEARUSDT,1708876800000,0.00038584
NEARUSDT,1708905600000,0.00035427
NEARUSDT,1708934400000,0.00033662
NEARUSDT,1708963200000,0.00034636
NEARUSDT,1708992000000,0.00058443
NEARUSDT,1709020800000,0.00066158
NEARUSDT,1709049600000,0.00034951
NEARUSDT,1709078400000,0.00039881
NEARUSDT,1709107200000,0.00038358
NEARUSDT,1709136000000,0.00051613
NEARUSDT,1709164800000,0.00012582
NEARUSDT,1709193600000,0.00065988
NEARUSDT,1709222400000,0.00070838
NEARUSDT,1709251200000,0.00047459
NEARUSDT,1709280000000,0.00071943
NEARUSDT,1709308800000,0.00060497
NEARUSDT,1709337600000,0.00057342
NEARUSDT,1709366400001,0.0009419
NEARUSDT,1709395200000,0.00103354
NEARUSDT,1709424000000,0.00091644
NEARUSDT,1709452800000,0.00089371
NEARUSDT,1709481600000,0.00043626
NEARUSDT,1709510400000,0.00054986
NEARUSDT,1709539200000,0.0006564
NEARUSDT,1709568000000,0.0006846
NEARUSDT,1709596800000,0.00061323
NEARUSDT,1709625600000,0.00130046
NEARUSDT,1709654400000,0.0011737
NEARUSDT,1709683200000,0.0001
NEARUSDT,1709712000001,0.00049011
NEARUSDT,1709740800000,0.00051958
NEARUSDT,1709769600000,0.00079809
NEARUSDT,1709798400000,0.00070242
NEARUSDT,1709827200000,0.00066787
NEARUSDT,1709856000000,0.0006131
NEARUSDT,1709884800000,0.00074941
NEARUSDT,1709913600000,0.00070343
NEARUSDT,1709942400000,0.0003745
NEARUSDT,1709971200001,0.00069425
NEARUSDT,1710000000000,0.00116482
NEARUSDT,1710028800000,0.00086057
NEARUSDT,1710057600000,0.00089235
NEARUSDT,1710086400000,0.00063812
NEARUSDT,1710115200000,0.00065738
NEARUSDT,1710144000000,0.00098172
NEARUSDT,1710172800000,0.00090109
NEARUSDT,1710201600000,0.00081982
NEARUSDT,1710230400000,0.00050258
NEARUSDT,1710259200000,0.00060808
NEARUSDT,1710288000000,0.00070206
NEARUSDT,1710316800001,0.00090423
NEARUSDT,1710345600000,0.00068719
NEARUSDT,1710374400001,0.0005488
NEARUSDT,1710403200000,0.00069779
NEARUSDT,1710432000000,0.00087709
NEARUSDT,1710460800000,0.00095543
NEARUSDT,1710489600000,0.0008146
NEARUSDT,1710518400000,0.00018899
NEARUSDT,1710547200000,0.0001598
NEARUSDT,1710576000000,0.00029843
NEARUSDT,1710604800000,0.00040021
NEARUSDT,1710633600000,0.00012737
NEARUSDT,1710662400000,0.00021541
NEARUSDT,1710691200000,0.00027397
NEARUSDT,1710720000000,0.00029669
NEARUSDT,1710748800000,0.00034817
NEARUSDT,1710777600001,0.0001
NEARUSDT,1710806400000,0.0001
NEARUSDT,1710835200000,0.0001
NEARUSDT,1710864000001,0.0001
NEARUSDT,1710892800000,0.0001
NEARUSDT,1710921600004,0.0001
NEARUSDT,1710950400000,0.0001
NEARUSDT,1710979200000,0.00022916
NEARUSDT,1711008000000,0.0001409
NEARUSDT,1711036800000,0.0001
NEARUSDT,1711065600000,0.00016172
NEARUSDT,1711094400000,0.00010588
NEARUSDT,1711123200000,0.00011246
NEARUSDT,1711152000000,0.00011808
NEARUSDT,1711180800000,0.00011653
NEARUSDT,1711209600000,0.0001
NEARUSDT,1711238400000,0.0001
NEARUSDT,1711267200000,0.0001
NEARUSDT,1711296000000,0.0001
NEARUSDT,1711324800000,0.00020808
NEARUSDT,1711353600001,0.00025527
NEARUSDT,1711382400000,0.00019718
NEARUSDT,1711411200000,0.00036054
NEARUSDT,1711440000000,0.00035113
NEARUSDT,1711468800000,0.00045976
NEARUSDT,1711497600000,0.00053015
NEARUSDT,1711526400001,0.00046375
NEARUSDT,1711555200000,0.00037952
NEARUSDT,1711584000000,0.00025971
NEARUSDT,1711612800000,0.00038595
NEARUSDT,1711641600000,0.00046839
NEARUSDT,1711670400000,0.00035319
NEARUSDT,1711699200000,0.000393
NEARUSDT,1711728000000,0.00049192
NEARUSDT,1711756800000,0.00066345
NEARUSDT,1711785600000,0.00039447
NEARUSDT,1711814400000,0.00054624
NEARUSDT,1711843200000,0.00039063
NEARUSDT,1711872000000,0.00054704
NEARUSDT,1711900800001,0.00051336
NEARUSDT,1711929600000,0.0006878
NEARUSDT,1711958400000,0.000365
NEARUSDT,1711987200000,0.00025286
NEARUSDT,1712016000007,0.00014736
NEARUSDT,1712044800015,0.0001
NEARUSDT,1712073600000,0.0001
NEARUSDT,1712102400000,0.00012991
NEARUSDT,1712131200000,0.0001
NEARUSDT,1712160000000,0.0001357
NEARUSDT,1712188800000,0.0001
NEARUSDT,1712217600000,0.0001
NEARUSDT,1712246400000,0.00018402
NEARUSDT,1712275200000,0.00011087
NEARUSDT,1712304000000,0.0001
NEARUSDT,1712332800000,0.00011867
NEARUSDT,1712361600000,0.00019767
NEARUSDT,1712390400000,0.0001131
NEARUSDT,1712419200000,0.00012989
NEARUSDT,1712448000000,0.00010673
NEARUSDT,1712476800000,0.0001
NEARUSDT,1712505600000,0.0001
NEARUSDT,1712534400001,0.00014127
NEARUSDT,1712563200000,0.0001
NEARUSDT,1712592000006,0.00025777
NEARUSDT,1712620800000,0.00033218
NEARUSDT,1712649600001,0.00017065
NEARUSDT,1712678400001,0.00027591
NEARUSDT,1712707200000,0.00016017
NEARUSDT,1712736000001,0.00012987
NEARUSDT,1712764800000,0.00010465
NEARUSDT,1712793600000,0.0001
NEARUSDT,1712822400000,0.00010968
NEARUSDT,1712851200000,0.00015869
NEARUSDT,1712880000000,0.0001
NEARUSDT,1712908800001,0.0001
NEARUSDT,1712937600000,0.00017194
NEARUSDT,1712966400000,0.0001
NEARUSDT,1712995200000,0.0001
NEARUSDT,1713024000001,0.0001
NEARUSDT,1713052800000,-0.00005011
NEARUSDT,1713081600000,0.0001
NEARUSDT,1713110400000,0.0001
NEARUSDT,1713139200000,0.00001037
NEARUSDT,1713168000001,0.00000158
NEARUSDT,1713196800000,-0.000043
NEARUSDT,1713225600001,-0.00014889
NEARUSDT,1713254400000,0.00000896
NEARUSDT,1713283200000,0.00003888
NEARUSDT,1713312000000,-0.00007026
NEARUSDT,1713340800000,0.00002599
NEARUSDT,1713369600000,0.0001
NEARUSDT,1713398400000,0.00002484
NEARUSDT,1713427200000,-0.00002053
NEARUSDT,1713456000000,0.00005035
NEARUSDT,1713484800001,-0.00004269
NEARUSDT,1713513600000,0.0000821
NEARUSDT,1713542400000,-0.00006115
NEARUSDT,1713571200000,0.00003238
NEARUSDT,1713600000000,0.00000659
NEARUSDT,1713628800000,0.00005966
NEARUSDT,1713657600000,0.0001
NEARUSDT,1713686400000,0.00009254
NEARUSDT,1713715200000,0.0001
NEARUSDT,1713744000000,0.00004705
NEARUSDT,1713772800000,0.00004003
NEARUSDT,1713801600000,0.0001
NEARUSDT,1713830400000,0.00008055
NEARUSDT,1713859200000,0.0001
NEARUSDT,1713888000001,0.00002776
NEARUSDT,1713916800000,0.0001
NEARUSDT,1713945600000,0.00004706
NEARUSDT,1713974400000,0.0001
NEARUSDT,1714003200000,0.0001
NEARUSDT,1714032000000,0.0001
NEARUSDT,1714060800010,0.0001
NEARUSDT,1714089600001,0.0001
NEARUSDT,1714118400000,0.00009714
NEARUSDT,1714147200000,0.00006909
NEARUSDT,1714176000000,0.00006652
NEARUSDT,1714204800001,0.0001
NEARUSDT,1714233600000,0.0001
NEARUSDT,1714262400000,0.0001
NEARUSDT,1714291200000,0.00005845
NEARUSDT,1714320000000,0.0001
NEARUSDT,1714348800000,0.00005152
NEARUSDT,1714377600000,0.00008179
NEARUSDT,1714406400000,0.00003354
NEARUSDT,1714435200000,-0.00000407
NEARUSDT,1714464000000,0.00001291
NEARUSDT,1714492800000,0.0001
NEARUSDT,1714521600000,-0.00002421
NEARUSDT,1714550400000,0.0001
NEARUSDT,1714579200000,0.0001
NEARUSDT,1714608000000,0.00004996
NEARUSDT,1714636800000,0.0001
NEARUSDT,1714665600002,-0.00002259
NEARUSDT,1714694400000,0.00009745
NEARUSDT,1714723200000,0.00004638
NEARUSDT,1714752000000,0.0001
NEARUSDT,1714780800000,0.0001
NEARUSDT,1714809600000,0.0001
NEARUSDT,1714838400000,0.00005369
NEARUSDT,1714867200000,0.0001
NEARUSDT,1714896000000,0.0001
NEARUSDT,1714924800000,0.0001
NEARUSDT,1714953600000,0.0001
NEARUSDT,1714982400000,0.0001
NEARUSDT,1715011200000,0.0001
NEARUSDT,1715040000000,0.0001
NEARUSDT,1715068800000,0.0001
NEARUSDT,1715097600000,0.0001
NEARUSDT,1715126400000,0.0001
NEARUSDT,1715155200000,0.0001
NEARUSDT,1715184000000,0.0001
NEARUSDT,1715212800000,0.0001
NEARUSDT,1715241600000,0.0001
NEARUSDT,1715270400000,0.0001
NEARUSDT,1715299200000,0.0001
NEARUSDT,1715328000000,0.0001
NEARUSDT,1715356800000,0.0001
NEARUSDT,1715385600000,0.00008904
NEARUSDT,1715414400000,0.00008243
NEARUSDT,1715443200000,0.00006928
NEARUSDT,1715472000000,0.00005776
NEARUSDT,1715500800000,0.00004211
NEARUSDT,1715529600000,0.00001768
NEARUSDT,1715558400001,0.0000801
NEARUSDT,1715587200001,0.00009062
NEARUSDT,1715616000000,0.00003561
NEARUSDT,1715644800000,0.0001
NEARUSDT,1715673600000,0.0001
NEARUSDT,1715702400000,0.0001
NEARUSDT,1715731200000,0.00004399
NEARUSDT,1715760000000,0.00004406
NEARUSDT,1715788800000,0.0001
NEARUSDT,1715817600004,0.0001
NEARUSDT,1715846400000,0.0001
NEARUSDT,1715875200000,0.0001
NEARUSDT,1715904000000,0.0001
NEARUSDT,1715932800000,0.0001
NEARUSDT,1715961600000,0.0000368
NEARUSDT,1715990400000,0.00001724
NEARUSDT,1716019200000,0.0001
NEARUSDT,1716048000000,0.0001
NEARUSDT,1716076800000,0.0001
NEARUSDT,1716105600000,0.00009544
NEARUSDT,1716134400000,0.0001
NEARUSDT,1716163200000,0.0001
NEARUSDT,1716192000000,0.00002934
NEARUSDT,1716220800003,0.00006148
NEARUSDT,1716249600000,0.0001
NEARUSDT,1716278400001,0.0001
NEARUSDT,1716307200000,0.0001
NEARUSDT,1716336000000,0.0001
NEARUSDT,1716364800000,0.0001
NEARUSDT,1716393600000,0.0001
NEARUSDT,1716422400000,0.0001
NEARUSDT,1716451200000,0.0001
NEARUSDT,1716480000000,0.0001
NEARUSDT,1716508800000,0.0001
NEARUSDT,1716537600000,0.0001
NEARUSDT,1716566400000,0.0001
NEARUSDT,1716595200000,0.0001
NEARUSDT,1716624000000,0.0001
NEARUSDT,1716652800000,0.0001
NEARUSDT,1716681600000,0.00019278
NEARUSDT,1716710400000,0.00010539
NEARUSDT,1716739200000,0.0001
NEARUSDT,1716768000000,0.0001
NEARUSDT,1716796800000,0.0001
NEARUSDT,1716825600000,0.0001
NEARUSDT,1716854400000,0.0001
NEARUSDT,1716883200000,0.0001
NEARUSDT,1716912000000,0.0001
NEARUSDT,1716940800001,0.0001
NEARUSDT,1716969600000,0.0001
NEARUSDT,1716998400000,0.0001
NEARUSDT,1717027200000,0.0001
NEARUSDT,1717056000000,0.0001
NEARUSDT,1717084800000,0.0001
NEARUSDT,1717113600000,0.0001
NEARUSDT,1717142400000,0.0001
NEARUSDT,1717171200000,0.0001
NEARUSDT,1717200000000,0.0001
NEARUSDT,1717228800000,0.00012931
NEARUSDT,1717257600001,0.0001
NEARUSDT,1717286400000,0.00016629
NEARUSDT,1717315200000,0.00014574
NEARUSDT,1717344000000,0.00014976
NEARUSDT,1717372800000,0.0001
NEARUSDT,1717401600000,0.00016179
NEARUSDT,1717430400000,0.0001266
NEARUSDT,1717459200000,0.0001
NEARUSDT,1717488000000,0.0001
NEARUSDT,1717516800000,0.00019671
NEARUSDT,1717545600000,0.00019639
NEARUSDT,1717574400000,0.0001409
NEARUSDT,1717603200000,0.00013324
NEARUSDT,1717632000000,0.0001
NEARUSDT,1717660800008,0.00025951
NEARUSDT,1717689600000,0.00020278
NEARUSDT,1717718400000,0.0001
NEARUSDT,1717747200000,0.0001
NEARUSDT,1717776000000,0.000125
NEARUSDT,1717804800000,0.0001
NEARUSDT,1717833600000,0.0001
NEARUSDT,1717862400000,0.0001
NEARUSDT,1717891200000,0.0001
NEARUSDT,1717920000000,0.0001
NEARUSDT,1717948800001,0.0001
NEARUSDT,1717977600000,0.0001
NEARUSDT,1718006400000,0.0001
NEARUSDT,1718035200001,0.0001
NEARUSDT,1718064000001,0.0001
NEARUSDT,1718092800000,0.0001
NEARUSDT,1718121600000,0.0001
NEARUSDT,1718150400000,0.0001
NEARUSDT,1718179200000,0.0001
NEARUSDT,1718208000000,0.0001
NEARUSDT,1718236800000,0.0001
NEARUSDT,1718265600001,0.0001
NEARUSDT,1718294400000,0.0001
NEARUSDT,1718323200000,0.0001
NEARUSDT,1718352000000,0.0001
NEARUSDT,1718380800000,0.0001
NEARUSDT,1718409600000,-0.00000643
NEARUSDT,1718438400000,0.00007059
NEARUSDT,1718467200000,0.00000121
NEARUSDT,1718496000001,0.0001
NEARUSDT,1718524800000,0.0001
NEARUSDT,1718553600000,0.0000878
NEARUSDT,1718582400000,0.0001
NEARUSDT,1718611200000,0.0001
NEARUSDT,1718640000000,0.0001
NEARUSDT,1718668800000,0.0001
NEARUSDT,1718697600000,0.00001887
NEARUSDT,1718726400000,0.0001
NEARUSDT,1718755200001,-0.00002676
NEARUSDT,1718784000001,-0.0000931
NEARUSDT,1718812800000,0.0001
NEARUSDT,1718841600000,0.00008535
NEARUSDT,1718870400000,0.0000289
NEARUSDT,1718899200000,0.0001
NEARUSDT,1718928000000,0.0001
NEARUSDT,1718956800000,0.0000171
NEARUSDT,1718985600000,0.0001
NEARUSDT,1719014400000,0.00007174
NEARUSDT,1719043200000,-0.00001917
NEARUSDT,1719072000000,0.0001
NEARUSDT,1719100800000,0.00005586
NEARUSDT,1719129600000,0.0001
NEARUSDT,1719158400000,0.0001
NEARUSDT,1719187200002,0.00003001
NEARUSDT,1719216000000,0.00007878
NEARUSDT,1719244800000,0.0001
NEARUSDT,1719273600000,0.00006623
NEARUSDT,1719302400000,0.00005476
NEARUSDT,1719331200000,0.0001
NEARUSDT,1719360000002,-0.00002873
NEARUSDT,1719388800000,0.0001
NEARUSDT,1719417600000,0.00002586
NEARUSDT,1719446400000,-0.00006308
NEARUSDT,1719475200001,0.0001
NEARUSDT,1719504000000,0.00006473
NEARUSDT,1719532800000,0.00009179
NEARUSDT,1719561600000,-0.00003066
NEARUSDT,1719590400000,0.0001
NEARUSDT,1719619200001,0.0001
NEARUSDT,1719648000000,0.0001
NEARUSDT,1719676800000,0.00003232
NEARUSDT,1719705600000,0.0001
NEARUSDT,1719734400000,0.0001
NEARUSDT,1719763200000,0.0001
NEARUSDT,1719792000000,0.0001
NEARUSDT,1719820800000,0.0001
NEARUSDT,1719849600001,0.0001
NEARUSDT,1719878400000,0.0001
NEARUSDT,1719907200000,0.0001
NEARUSDT,1719936000000,0.0001
NEARUSDT,1719964800000,0.0001
NEARUSDT,1719993600001,0.0001
NEARUSDT,1720022400000,0.0001
NEARUSDT,1720051200000,0.0001
NEARUSDT,1720080000000,0.0001
NEARUSDT,1720108800000,0.0001
NEARUSDT,1720137600000,0.0001
NEARUSDT,1720166400000,-0.0001183
NEARUSDT,1720195200000,-0.0001691
NEARUSDT,1720224000000,0.00003479
NEARUSDT,1720252800000,-0.0000319
NEARUSDT,1720281600000,-0.00015202
NEARUSDT,1720310400001,0.0000814
NEARUSDT,1720339200000,0.0001
NEARUSDT,1720368000000,0.0001
NEARUSDT,1720396800000,0.0001
NEARUSDT,1720425600000,0.0000317
NEARUSDT,1720454400000,0.0001
NEARUSDT,1720483200000,0.0001
NEARUSDT,1720512000001,0.00003086
NEARUSDT,1720540800000,0.000024
NEARUSDT,1720569600000,0.0001
NEARUSDT,1720598400000,0.0001
NEARUSDT,1720627200000,0.0001
NEARUSDT,1720656000002,0.0001
NEARUSDT,1720684800002,0.0001
NEARUSDT,1720713600004,0.00007379
NEARUSDT,1720742400000,0.00006395
NEARUSDT,1720771200000,0.00009256
NEARUSDT,1720800000000,0.00009368
NEARUSDT,1720828800000,0.00005312
NEARUSDT,1720857600000,0.0001
NEARUSDT,1720886400000,0.00005263
NEARUSDT,1720915200000,0.0001
NEARUSDT,1720944000000,0.00004861
NEARUSDT,1720972800000,0.0001
NEARUSDT,1721001600000,0.0001
NEARUSDT,1721030400000,0.0001
NEARUSDT,1721059200000,0.0000838
NEARUSDT,1721088000000,0.0001
NEARUSDT,1721116800000,0.0001
NEARUSDT,1721145600000,0.00008063
NEARUSDT,1721174400000,0.0001
NEARUSDT,1721203200001,0.0001
NEARUSDT,1721232000000,0.00007613
NEARUSDT,1721260800000,0.0001
NEARUSDT,1721289600000,0.0001
NEARUSDT,1721318400000,0.0001
NEARUSDT,1721347200000,0.0001
NEARUSDT,1721376000000,0.0001
NEARUSDT,1721404800000,0.00004969
NEARUSDT,1721433600001,0.0001
NEARUSDT,1721462400000,0.0001
NEARUSDT,1721491200000,0.0001
NEARUSDT,1721520000000,0.0001
NEARUSDT,1721548800000,0.0001
NEARUSDT,1721577600000,0.0001
NEARUSDT,1721606400000,0.0001
NEARUSDT,1721635200000,0.0001
NEARUSDT,1721664000000,0.00009409
NEARUSDT,1721692800000,0.00005355
NEARUSDT,1721721600000,0.00004644
NEARUSDT,1721750400000,0.00000475
NEARUSDT,1721779200000,0.0001
NEARUSDT,1721808000000,-0.00000947
NEARUSDT,1721836800000,0.0001
NEARUSDT,1721865600000,-0.00007275
NEARUSDT,1721894400000,0.0000385
NEARUSDT,1721923200000,0.0001
NEARUSDT,1721952000000,-0.00006046
NEARUSDT,1721980800000,0.00003099
NEARUSDT,1722009600000,0.00007058
NEARUSDT,1722038400000,-0.00002006
NEARUSDT,1722067200000,-0.00002358
NEARUSDT,1722096000000,0.0001
NEARUSDT,1722124800000,-0.00000894
NEARUSDT,1722153600000,0.00001349
NEARUSDT,1722182400001,0.00008711
NEARUSDT,1722211200001,-0.00002462
NEARUSDT,1722240000000,0.00001612
NEARUSDT,1722268800001,0.0000697
NEARUSDT,1722297600000,-0.00002098
NEARUSDT,1722326400001,0.00005893
NEARUSDT,1722355200000,0.0001
NEARUSDT,1722384000000,-0.00009851
NEARUSDT,1722412800000,0.0001
NEARUSDT,1722441600000,0.00006788
NEARUSDT,1722470400000,0.00009753
NEARUSDT,1722499200000,0.00001424
NEARUSDT,1722528000000,0.00006683
NEARUSDT,1722556800000,0.00004482
NEARUSDT,1722585600001,0.0000806
NEARUSDT,1722614400000,0.00005625
NEARUSDT,1722643200000,0.0001
NEARUSDT,1722672000000,-0.00002409
NEARUSDT,1722700800001,0.0001
NEARUSDT,1722729600000,-0.00015771
NEARUSDT,1722758400000,0.00000865
NEARUSDT,1722787200000,-0.00000908
NEARUSDT,1722816000000,0.00003485
NEARUSDT,1722844800000,0.00000479
NEARUSDT,1722873600000,0.00001663
NEARUSDT,1722902400000,-0.00025592
NEARUSDT,1722931200000,-0.00019953
NEARUSDT,1722960000000,-0.00009859
NEARUSDT,1722988800000,-0.00010619
NEARUSDT,1723017600001,-0.00010361
NEARUSDT,1723046400000,-0.00008736
NEARUSDT,1723075200001,-0.00028715
NEARUSDT,1723104000000,-0.00019686
NEARUSDT,1723132800000,-0.00005425
NEARUSDT,1723161600000,-0.0000776
NEARUSDT,1723190400000,-0.00013408
NEARUSDT,1723219200000,0.00005285
NEARUSDT,1723248000000,-0.00024951
NEARUSDT,1723276800000,-0.00004079
NEARUSDT,1723305600000,-0.00030347
NEARUSDT,1723334400000,-0.00030629
NEARUSDT,1723363200000,-0.00009765
NEARUSDT,1723392000001,-0.00006536
NEARUSDT,1723420800000,-0.00030501
NEARUSDT,1723449600000,-0.00006119
NEARUSDT,1723478400000,0.00001745
NEARUSDT,1723507200000,-0.00015384
NEARUSDT,1723536000000,-0.00005841
NEARUSDT,1723564800000,0.00004144
NEARUSDT,1723593600000,0.00003277
NEARUSDT,1723622400000,-0.00005275
NEARUSDT,1723651200000,-0.00009558
NEARUSDT,1723680000000,-0.00002312
NEARUSDT,1723708800000,0.0001
NEARUSDT,1723737600000,-0.00001059
NEARUSDT,1723766400000,-0.00022301
NEARUSDT,1723795200000,-0.00006037
NEARUSDT,1723824000000,-0.00007234
NEARUSDT,1723852800000,-0.00000263
NEARUSDT,1723881600000,0.00007337
NEARUSDT,1723910400000,-0.00008146
NEARUSDT,1723939200000,0.00000546
NEARUSDT,1723968000000,-0.00009181
NEARUSDT,1723996800000,-0.00003111
NEARUSDT,1724025600000,-0.00003273
NEARUSDT,1724054400000,-0.00022414
NEARUSDT,1724083200002,0.00005806
NEARUSDT,1724112000000,0.00008567
NEARUSDT,1724140800000,0.00007568
NEARUSDT,1724169600001,0.00007787
NEARUSDT,1724198400001,0.00004014
NEARUSDT,1724227200000,0.00007005
NEARUSDT,1724256000001,0.00003083
NEARUSDT,1724284800000,0.00005728
NEARUSDT,1724313600000,0.0001
NEARUSDT,1724342400008,0.00005514
NEARUSDT,1724371200000,0.0001
NEARUSDT,1724400000000,0.00007261
NEARUSDT,1724428800000,0.00007041
NEARUSDT,1724457600000,0.0001
NEARUSDT,1724486400005,0.0001
NEARUSDT,1724515200000,0.0001
NEARUSDT,1724544000000,0.0001
NEARUSDT,1724572800000,0.0001
NEARUSDT,1724601600000,0.0000923
NEARUSDT,1724630400000,0.0001
NEARUSDT,1724659200001,0.0001
NEARUSDT,1724688000000,0.0001
NEARUSDT,1724716800001,0.0001
NEARUSDT,1724745600000,0.0001
NEARUSDT,1724774400000,0.0001
NEARUSDT,1724803200000,0.00002202
NEARUSDT,1724832000000,0.00007907
NEARUSDT,1724860800001,0.0000462
NEARUSDT,1724889600000,-0.00007177
NEARUSDT,1724918400001,0.000003
NEARUSDT,1724947200000,-0.00008214
NEARUSDT,1724976000000,0.00000653
NEARUSDT,1725004800000,0.00005674
NEARUSDT,1725033600000,0.0000188
NEARUSDT,1725062400000,0.00005121
NEARUSDT,1725091200000,-0.00002766
NEARUSDT,1725120000000,0.00006261
NEARUSDT,1725148800000,0.00007615
NEARUSDT,1725177600001,0.0001
NEARUSDT,1725206400000,0.00008425
NEARUSDT,1725235200001,0.00002923
NEARUSDT,1725264000001,0.00009309
NEARUSDT,1725292800000,0.00002634
NEARUSDT,1725321600000,-0.00000787
NEARUSDT,1725350400001,-0.0000359
NEARUSDT,1725379200000,-0.00004101
NEARUSDT,1725408000000,-0.00008815
NEARUSDT,1725436800000,0.0000168
NEARUSDT,1725465600000,-0.00010148
NEARUSDT,1725494400000,-0.00009528
NEARUSDT,1725523200000,0.0001
NEARUSDT,1725552000005,0.00001813
NEARUSDT,1725580800000,0.0001
NEARUSDT,1725609600001,0.0001
NEARUSDT,1725638400000,0.000062
NEARUSDT,1725667200000,0.00001766
NEARUSDT,1725696000000,0.00004238
NEARUSDT,1725724800000,0.00009532
NEARUSDT,1725753600000,0.0001
NEARUSDT,1725782400000,0.0001
NEARUSDT,1725811200000,0.0001
NEARUSDT,1725840000000,0.00005022
NEARUSDT,1725868800000,0.0001
NEARUSDT,1725897600001,0.0001
NEARUSDT,1725926400000,0.0001
NEARUSDT,1725955200000,0.0001
NEARUSDT,1725984000000,0.0001
NEARUSDT,1726012800000,0.00009129
NEARUSDT,1726041600000,0.0001
NEARUSDT,1726070400000,0.00005008
NEARUSDT,1726099200000,0.0001
NEARUSDT,1726128000000,-0.00000702
NEARUSDT,1726156800000,0.00005921
NEARUSDT,1726185600000,0.0001
NEARUSDT,1726214400001,0.0001
NEARUSDT,1726243200001,0.00008544
NEARUSDT,1726272000000,-0.00000185
NEARUSDT,1726300800000,0.0001
NEARUSDT,1726329600001,-0.00002485
NEARUSDT,1726358400000,0.0001
NEARUSDT,1726387200000,0.00008801
NEARUSDT,1726416000000,0.00007875
NEARUSDT,1726444800000,0.0001
NEARUSDT,1726473600001,0.00002467
NEARUSDT,1726502400000,0.00006712
NEARUSDT,1726531200001,0.00002943
NEARUSDT,1726560000000,0.00004658
NEARUSDT,1726588800000,0.0000435
NEARUSDT,1726617600000,0.0001
NEARUSDT,1726646400000,0.00007022
NEARUSDT,1726675200004,0.00008716
NEARUSDT,1726704000000,0.0001
NEARUSDT,1726732800000,0.0001
NEARUSDT,1726761600001,0.00009977
NEARUSDT,1726790400000,0.0001
NEARUSDT,1726819200001,0.0001
NEARUSDT,1726848000000,0.0001
NEARUSDT,1726876800001,0.0001
NEARUSDT,1726905600000,0.0001
NEARUSDT,1726934400000,0.0001
NEARUSDT,1726963200000,0.0001
NEARUSDT,1726992000000,0.0001
NEARUSDT,1727020800000,0.0001
NEARUSDT,1727049600000,0.0001
NEARUSDT,1727078400000,0.0001
NEARUSDT,1727107200000,0.0001
NEARUSDT,1727136000000,0.0001
NEARUSDT,1727164800000,0.00008179
NEARUSDT,1727193600001,0.0001
NEARUSDT,1727222400000,0.0001
NEARUSDT,1727251200003,0.0001
NEARUSDT,1727280000000,0.0001
NEARUSDT,1727308800005,0.0001
NEARUSDT,1727337600000,0.0001
NEARUSDT,1727366400000,0.0001
NEARUSDT,1727395200000,0.0001
NEARUSDT,1727424000000,0.00003319
NEARUSDT,1727452800000,0.00009814
NEARUSDT,1727481600000,0.0001
NEARUSDT,1727510400001,0.0001
NEARUSDT,1727539200000,0.0001
NEARUSDT,1727568000001,0.0001
NEARUSDT,1727596800000,0.0001
NEARUSDT,1727625600000,0.0001
NEARUSDT,1727654400000,0.0001
NEARUSDT,1727683200001,0.0001
NEARUSDT,1727712000000,0.00002049
NEARUSDT,1727740800000,0.00005691
NEARUSDT,1727769600000,0.0001
NEARUSDT,1727798400001,0.00003174
NEARUSDT,1727827200000,-0.00006171
NEARUSDT,1727856000000,0.0001
NEARUSDT,1727884800000,0.0001
NEARUSDT,1727913600000,0.00001814
NEARUSDT,1727942400000,0.0001
NEARUSDT,1727971200000,0.0001
NEARUSDT,1728000000000,0.00003509
NEARUSDT,1728028800000,0.0001
NEARUSDT,1728057600001,0.00004744
NEARUSDT,1728086400000,0.00009554
NEARUSDT,1728115200000,0.0001
NEARUSDT,1728144000000,0.00009089
NEARUSDT,1728172800000,0.0001
NEARUSDT,1728201600001,0.0001
NEARUSDT,1728230400000,0.0001
NEARUSDT,1728259200000,0.0001
NEARUSDT,1728288000000,0.0001
NEARUSDT,1728316800001,0.00008174
NEARUSDT,1728345600000,0.0001
NEARUSDT,1728374400000,0.0001
NEARUSDT,1728403200000,0.0001
NEARUSDT,1728432000000,0.0001
NEARUSDT,1728460800000,0.0001
NEARUSDT,1728489600000,0.0001
NEARUSDT,1728518400000,0.00001369
NEARUSDT,1728547200000,0.00007658
NEARUSDT,1728576000000,0.00003107
NEARUSDT,1728604800000,-0.00001945
NEARUSDT,1728633600000,0.00008146
NEARUSDT,1728662400001,0.00005423
NEARUSDT,1728691200000,0.0001
NEARUSDT,1728720000001,0.0001
NEARUSDT,1728748800000,0.0001
NEARUSDT,1728777600000,0.0001
NEARUSDT,1728806400000,0.0001
NEARUSDT,1728835200000,0.0001
NEARUSDT,1728864000000,0.0001
NEARUSDT,1728892800000,0.0001
NEARUSDT,1728921600000,0.0001
NEARUSDT,1728950400000,0.0001
NEARUSDT,1728979200000,0.0001
NEARUSDT,1729008000000,0.0001
NEARUSDT,1729036800000,0.0001
NEARUSDT,1729065600001,0.0001
NEARUSDT,1729094400000,0.0001
NEARUSDT,1729123200000,0.0001
NEARUSDT,1729152000000,0.0001
NEARUSDT,1729180800001,0.0001
NEARUSDT,1729209600010,0.0001
NEARUSDT,1729238400001,0.0001
NEARUSDT,1729267200000,0.00004244
NEARUSDT,1729296000000,0.0001
NEARUSDT,1729324800000,0.0001
NEARUSDT,1729353600000,0.0001
NEARUSDT,1729382400000,0.00006185
NEARUSDT,1729411200000,0.0001
NEARUSDT,1729440000000,0.0001
NEARUSDT,1729468800000,0.0001
NEARUSDT,1729497600000,0.0001
NEARUSDT,1729526400000,0.0001
NEARUSDT,1729555200000,0.0001
NEARUSDT,1729584000000,0.0001
NEARUSDT,1729612800000,0.0001
NEARUSDT,1729641600000,0.0001
NEARUSDT,1729670400000,0.00005847
NEARUSDT,1729699200000,0.0001
NEARUSDT,1729728000000,0.0000423
NEARUSDT,1729756800000,0.0001
NEARUSDT,1729785600000,0.0001
NEARUSDT,1729814400000,-0.00000013
NEARUSDT,1729843200000,0.0001
NEARUSDT,1729872000000,0.0001
NEARUSDT,1729900800000,-0.0000115
NEARUSDT,1729929600001,-0.00011142
NEARUSDT,1729958400000,0.00008324
NEARUSDT,1729987200000,0.00008874
NEARUSDT,1730016000000,0.00006615
NEARUSDT,1730044800000,0.00001559
NEARUSDT,1730073600000,-0.00019397
NEARUSDT,1730102400001,0.00008966
NEARUSDT,1730131200000,-0.00007456
NEARUSDT,1730160000000,0.00005185
NEARUSDT,1730188800000,0.00004414
NEARUSDT,1730217600004,0.00007744
NEARUSDT,1730246400000,0.0001
NEARUSDT,1730275200000,0.0001
NEARUSDT,1730304000013,0.0001
NEARUSDT,1730332800000,0.0001
NEARUSDT,1730361600000,0.0001
NEARUSDT,1730390400000,0.00008717
NEARUSDT,1730419200000,-0.0000047
NEARUSDT,1730448000000,0.0001
NEARUSDT,1730476800000,0.00004071
NEARUSDT,1730505600000,0.00008632
NEARUSDT,1730534400000,-0.00015046
NEARUSDT,1730563200000,0.0001
NEARUSDT,1730592000000,-0.00001404
NEARUSDT,1730620800000,-0.00004832
NEARUSDT,1730649600000,-0.00003318
NEARUSDT,1730678400000,-0.00010017
NEARUSDT,1730707200000,0.00001573
NEARUSDT,1730736000000,0.00002306
NEARUSDT,1730764800000,0.0001
NEARUSDT,1730793600003,0.0001
NEARUSDT,1730822400001,-0.00002797
NEARUSDT,1730851200000,0.0001
NEARUSDT,1730880000000,0.0001
NEARUSDT,1730908800000,0.0001
NEARUSDT,1730937600000,0.0001
NEARUSDT,1730966400000,0.0001
NEARUSDT,1730995200000,0.0001
NEARUSDT,1731024000000,0.0001
NEARUSDT,1731052800000,0.0001
NEARUSDT,1731081600000,0.0001
NEARUSDT,1731110400000,0.0001
NEARUSDT,1731139200000,0.0001
NEARUSDT,1731168000000,0.0001
NEARUSDT,1731196800000,0.0001
NEARUSDT,1731225600000,0.00010809
NEARUSDT,1731254400000,0.0001992
NEARUSDT,1731283200001,0.0001
NEARUSDT,1731312000000,0.00011496
NEARUSDT,1731340800000,0.00010752
NEARUSDT,1731369600002,0.00026205
NEARUSDT,1731398400000,0.00033865
NEARUSDT,1731427200000,0.00045869
NEARUSDT,1731456000000,0.00012085
NEARUSDT,1731484800010,0.00014746
NEARUSDT,1731513600000,0.0001
NEARUSDT,1731542400001,0.0001
NEARUSDT,1731571200000,0.00023329
NEARUSDT,1731600000000,0.0001
NEARUSDT,1731628800000,0.0001
NEARUSDT,1731657600000,0.0001
NEARUSDT,1731686400000,0.0001
NEARUSDT,1731715200001,0.0001
NEARUSDT,1731744000001,0.00018961
NEARUSDT,1731772800000,0.00019225
NEARUSDT,1731801600000,0.0001
NEARUSDT,1731830400000,0.0001
NEARUSDT,1731859200001,0.0001
NEARUSDT,1731888000000,0.0001
NEARUSDT,1731916800000,0.0001
NEARUSDT,1731945600000,0.0001
NEARUSDT,1731974400000,0.0001
NEARUSDT,1732003200000,0.0001
NEARUSDT,1732032000000,0.0001
NEARUSDT,1732060800003,0.0001
NEARUSDT,1732089600000,0.0001
NEARUSDT,1732118400000,0.0001
NEARUSDT,1732147200001,0.0001
NEARUSDT,1732176000000,0.0001
NEARUSDT,1732204800001,0.0001
NEARUSDT,1732233600000,0.00015949
NEARUSDT,1732262400000,0.00011584
NEARUSDT,1732291200001,0.00011162
NEARUSDT,1732320000000,0.00028268
NEARUSDT,1732348800000,0.00037083
NEARUSDT,1732377600000,0.00018185
NEARUSDT,1732406400001,0.00015261
NEARUSDT,1732435200000,0.00022388
NEARUSDT,1732464000000,0.0001
NEARUSDT,1732492800000,0.00010878
NEARUSDT,1732521600000,0.00014674
NEARUSDT,1732550400000,0.00020766
NEARUSDT,1732579200000,0.00036763
NEARUSDT,1732608000000,0.00029589
NEARUSDT,1732636800000,0.0001
NEARUSDT,1732665600000,0.0001
NEARUSDT,1732694400000,0.00017937
NEARUSDT,1732723200001,0.00015501
NEARUSDT,1732752000000,0.00020693
NEARUSDT,1732780800000,0.0001655
NEARUSDT,1732809600000,0.0001
NEARUSDT,1732838400000,0.00021003
NEARUSDT,1732867200000,0.0001675
NEARUSDT,1732896000000,0.0001
NEARUSDT,1732924800000,0.0001611
NEARUSDT,1732953600000,0.00027538
NEARUSDT,1732982400000,0.00031661
NEARUSDT,1733011200000,0.00034367
NEARUSDT,1733040000000,0.0001
NEARUSDT,1733068800000,0.0001
NEARUSDT,1733097600001,0.0002388
NEARUSDT,1733126400001,0.00025994
NEARUSDT,1733155200000,0.0001
NEARUSDT,1733184000000,0.00044688
NEARUSDT,1733212800000,0.00043103
NEARUSDT,1733241600000,0.00022644
NEARUSDT,1733270400000,0.00024836
NEARUSDT,1733299200000,0.00047788
NEARUSDT,1733328000000,0.00034994
NEARUSDT,1733356800001,0.0003364
NEARUSDT,1733385600000,0.00060433
NEARUSDT,1733414400000,0.00058194
NEARUSDT,1733443200000,0.00043205
NEARUSDT,1733472000000,0.00050333
NEARUSDT,1733500800000,0.0001
NEARUSDT,1733529600000,0.00039738
NEARUSDT,1733558400000,0.00023582
NEARUSDT,1733587200000,0.00017713
NEARUSDT,1733616000000,0.00027644
NEARUSDT,1733644800000,0.0001
NEARUSDT,1733673600000,0.0001
NEARUSDT,1733702400000,0.0001
NEARUSDT,1733731200000,0.0001
NEARUSDT,1733760000001,0.0001
NEARUSDT,1733788800007,0.0001
NEARUSDT,1733817600000,0.0001
NEARUSDT,1733846400000,0.0001
NEARUSDT,1733875200000,0.0001
NEARUSDT,1733904000000,0.0001
NEARUSDT,1733932800001,-0.00001716
NEARUSDT,1733961600001,0.0001
NEARUSDT,1733990400000,0.00006836
NEARUSDT,1734019200001,0.0001
NEARUSDT,1734048000000,0.0001
NEARUSDT,1734076800000,0.0001
NEARUSDT,1734105600001,0.0001
NEARUSDT,1734134400000,0.0001
NEARUSDT,1734163200000,0.0001
NEARUSDT,1734192000000,0.0001
NEARUSDT,1734220800000,0.00003497
NEARUSDT,1734249600000,0.00006751
NEARUSDT,1734278400000,0.00005276
NEARUSDT,1734307200000,0.0001
NEARUSDT,1734336000001,0.0001
NEARUSDT,1734364800000,0.0001
NEARUSDT,1734393600000,0.0001
NEARUSDT,1734422400000,0.00006492
NEARUSDT,1734451200000,0.0001
NEARUSDT,1734480000000,0.0001
NEARUSDT,1734508800000,0.00007076
NEARUSDT,1734537600000,-0.00000045
NEARUSDT,1734566400000,-0.00001175
NEARUSDT,1734595200000,-0.00013991
NEARUSDT,1734624000000,-0.00007915
NEARUSDT,1734652800000,-0.00017205
NEARUSDT,1734681600001,0.00008586
NEARUSDT,1734710400014,-0.00010194
NEARUSDT,1734739200000,-0.00000018
NEARUSDT,1734768000000,0.00005597
NEARUSDT,1734796800001,0.0001
NEARUSDT,1734825600000,-0.00009445
NEARUSDT,1734854400000,0.0001
NEARUSDT,1734883200000,0.00005697
NEARUSDT,1734912000000,0.00004933
NEARUSDT,1734940800000,0.00004511
NEARUSDT,1734969600001,-0.00001774
NEARUSDT,1734998400000,-0.00003418
NEARUSDT,1735027200000,-0.00029846
NEARUSDT,1735056000001,-0.0000587
NEARUSDT,1735084800001,-0.00000895
NEARUSDT,1735113600000,0.0001
NEARUSDT,1735142400000,0.0001
NEARUSDT,1735171200000,0.0001
NEARUSDT,1735200000000,0.0001
NEARUSDT,1735228800000,0.00009109
NEARUSDT,1735257600000,-0.00011811
NEARUSDT,1735286400000,0.0000568
NEARUSDT,1735315200000,-0.00010155
NEARUSDT,1735344000001,0.00001258
NEARUSDT,1735372800000,-0.00024185
NEARUSDT,1735401600000,-0.0000888
NEARUSDT,1735430400000,0.00002158
NEARUSDT,1735459200000,0.00007664
NEARUSDT,1735488000000,0.0001
NEARUSDT,1735516800000,0.0001
NEARUSDT,1735545600001,0.0001
NEARUSDT,1735574400000,0.00008013
NEARUSDT,1735603200000,0.0001
NEARUSDT,1735632000000,-0.00001964
NEARUSDT,1735660800000,0.0001
NEARUSDT,1735689600015,0.0001
NEARUSDT,1735718400000,-0.00002437
NEARUSDT,1735747200001,0.0001
NEARUSDT,1735776000000,0.0001
NEARUSDT,1735804800006,0.0001
NEARUSDT,1735833600000,0.0001
NEARUSDT,1735862400000,0.0001
NEARUSDT,1735891200000,0.0001
NEARUSDT,1735920000000,0.0001
NEARUSDT,1735948800000,0.0001
NEARUSDT,1735977600000,0.0001
NEARUSDT,1736006400000,0.0001
NEARUSDT,1736035200000,0.0001
NEARUSDT,1736064000000,0.0001
NEARUSDT,1736092800000,0.0001
NEARUSDT,1736121600000,0.0001
NEARUSDT,1736150400001,0.0001
NEARUSDT,1736179200000,0.0001
NEARUSDT,1736208000000,0.0001
NEARUSDT,1736236800000,0.0001
NEARUSDT,1736265600008,0.0001
NEARUSDT,1736294400001,-0.00003099
NEARUSDT,1736323200000,0.0001
NEARUSDT,1736352000000,-0.00005626
NEARUSDT,1736380800000,-0.00034833
NEARUSDT,1736409600000,0.0001
NEARUSDT,1736438400000,0.00001263
NEARUSDT,1736467200000,-0.00000285
NEARUSDT,1736496000000,-0.00001019
NEARUSDT,1736524800000,0.0001
NEARUSDT,1736553600000,0.0001
NEARUSDT,1736582400000,0.0001
NEARUSDT,1736611200000,0.00008218
NEARUSDT,1736640000000,0.0001
NEARUSDT,1736668800000,-0.00000076
NEARUSDT,1736697600000,0.00005008
NEARUSDT,1736726400000,0.00009
NEARUSDT,1736755200000,-0.00021231
NEARUSDT,1736784000000,-0.00032853
NEARUSDT,1736812800000,-0.00022548
NEARUSDT,1736841600000,-0.00000951
NEARUSDT,1736870400000,-0.00005465
NEARUSDT,1736899200000,-0.00009553
NEARUSDT,1736928000000,-0.000003
NEARUSDT,1736956800000,-0.00006258
NEARUSDT,1736985600000,-0.00000785
NEARUSDT,1737014400000,-0.00003589
NEARUSDT,1737043200000,0.000016
NEARUSDT,1737072000004,0.0001
NEARUSDT,1737100800000,0.0001
NEARUSDT,1737129600008,0.00002998
NEARUSDT,1737158400000,0.0000848
NEARUSDT,1737187200007,0.0001
NEARUSDT,1737216000000,0.00003003
NEARUSDT,1737244800000,0.00007223
NEARUSDT,1737273600000,-0.00000808
NEARUSDT,1737302400000,0.00005288
NEARUSDT,1737331200000,0.0001
NEARUSDT,1737360000009,-0.00004061
NEARUSDT,1737388800000,0.0001
NEARUSDT,1737417600000,0.0001
NEARUSDT,1737446400000,-0.00014487
NEARUSDT,1737475200000,0.0001
NEARUSDT,1737504000000,0.0001
NEARUSDT,1737532800000,0.0001
NEARUSDT,1737561600000,0.0001
NEARUSDT,1737590400001,0.0001
NEARUSDT,1737619200000,0.0001
NEARUSDT,1737648000000,0.0001
NEARUSDT,1737676800000,0.0001
NEARUSDT,1737705600000,0.0001
NEARUSDT,1737734400000,0.0001
NEARUSDT,1737763200000,0.00006167
NEARUSDT,1737792000000,0.00002841
NEARUSDT,1737820800001,-0.00004557
NEARUSDT,1737849600000,0.00008109
NEARUSDT,1737878400000,0.0001
NEARUSDT,1737907200000,0.0001
NEARUSDT,1737936000000,-0.00007467
NEARUSDT,1737964800000,-0.00011004
NEARUSDT,1737993600000,-0.00015436
NEARUSDT,1738022400000,0.0001
NEARUSDT,1738051200000,0.00001853
NEARUSDT,1738080000000,-0.00004961
NEARUSDT,1738108800000,-0.00002436
NEARUSDT,1738137600000,-0.00003232
NEARUSDT,1738166400000,-0.00000073
NEARUSDT,1738195200000,0.0000548
NEARUSDT,1738224000000,0.0001
NEARUSDT,1738252800000,0.0001
NEARUSDT,1738281600000,0.0001
NEARUSDT,1738310400000,0.0001
NEARUSDT,1738339200000,0.0001
NEARUSDT,1738368000000,0.0001
NEARUSDT,1738396800000,0.0001
NEARUSDT,1738425600000,0.0000748
NEARUSDT,1738454400001,-0.00004007
NEARUSDT,1738483200000,-0.00006224
NEARUSDT,1738512000000,-0.00001211
NEARUSDT,1738540800000,-0.0002485
NEARUSDT,1738569600000,-0.00034477
NEARUSDT,1738598400000,-0.00016098
NEARUSDT,1738627200000,-0.00017183
NEARUSDT,1738656000001,-0.00018252
NEARUSDT,1738684800000,-0.00028177
NEARUSDT,1738713600001,-0.00001286
NEARUSDT,1738742400001,0.0000036
NEARUSDT,1738771200000,-0.000024
NEARUSDT,1738800000001,-0.00000406
NEARUSDT,1738828800001,-0.0000942
NEARUSDT,1738857600000,-0.00016399
NEARUSDT,1738886400000,0.00005111
NEARUSDT,1738915200000,-0.00009461
NEARUSDT,1738944000000,-0.00015987
NEARUSDT,1738972800000,-0.00002112
NEARUSDT,1739001600000,-0.00001266
NEARUSDT,1739030400000,-0.00002963
NEARUSDT,1739059200000,-0.00022992
NEARUSDT,1739088000000,-0.00004497
NEARUSDT,1739116800000,0.0001
NEARUSDT,1739145600000,0.0000061
NEARUSDT,1739174400000,0.00002366
NEARUSDT,1739203200000,0.0001
NEARUSDT,1739232000000,0.0001
NEARUSDT,1739260800000,0.00005233
NEARUSDT,1739289600000,0.0000703
NEARUSDT,1739318400000,-0.00009361
NEARUSDT,1739347200000,-0.00012288
NEARUSDT,1739376000001,0.0000111
NEARUSDT,1739404800001,0.0000268
NEARUSDT,1739433600000,0.0001
NEARUSDT,1739462400001,0.00000127
NEARUSDT,1739491200000,-0.00012154
NEARUSDT,1739520000001,-0.00015317
NEARUSDT,1739548800000,0.00004329
NEARUSDT,1739577600000,-0.00014748
NEARUSDT,1739606400000,0.00003244
NEARUSDT,1739635200000,-0.00004506
NEARUSDT,1739664000000,0.00002942
NEARUSDT,1739692800000,-0.00028672
NEARUSDT,1739721600000,-0.00015554
NEARUSDT,1739750400000,-0.00023857
NEARUSDT,1739779200000,-0.00012123
NEARUSDT,1739808000000,0.0001
NEARUSDT,1739836800000,0.0001
NEARUSDT,1739865600000,0.00004206
NEARUSDT,1739894400000,0.00003329
NEARUSDT,1739923200000,0.000046
NEARUSDT,1739952000000,-0.00007562
NEARUSDT,1739980800000,-0.00008581
NEARUSDT,1740009600000,-0.00015884
NEARUSDT,1740038400000,-0.00015853
NEARUSDT,1740067200000,-0.00006791
NEARUSDT,1740096000001,0.0001
NEARUSDT,1740124800000,0.0001
NEARUSDT,1740153600000,0.0001
NEARUSDT,1740182400000,0.0001
NEARUSDT,1740211200000,0.00007946
NEARUSDT,1740240000000,0.0001
NEARUSDT,1740268800000,0.00007942
NEARUSDT,1740297600000,0.0001
NEARUSDT,1740326400000,0.00001492
NEARUSDT,1740355200000,-0.00010362
NEARUSDT,1740384000000,-0.00004905
NEARUSDT,1740412800000,0.00001414
NEARUSDT,1740441600000,0.00001719
NEARUSDT,1740470400000,-0.00017496
NEARUSDT,1740499200000,-0.00020314
NEARUSDT,1740528000000,-0.00036277
NEARUSDT,1740556800000,-0.00016722
NEARUSDT,1740585600000,0.00002467
NEARUSDT,1740614400001,0.0001
NEARUSDT,1740643200000,0.00006698
NEARUSDT,1740672000000,0.00008731
NEARUSDT,1740700800001,0.00008743
NEARUSDT,1740729600000,0.00001041
NEARUSDT,1740758400000,0.00001895
NEARUSDT,1740787200000,0.0001
NEARUSDT,1740816000000,0.00009019
NEARUSDT,1740844800001,0.00008484
NEARUSDT,1740873600000,0.0001
NEARUSDT,1740902400000,0.00000614
NEARUSDT,1740931200000,0.00008645
NEARUSDT,1740960000001,0.0001
NEARUSDT,1740988800000,0.0001
NEARUSDT,1741017600000,0.00006482
NEARUSDT,1741046400001,-0.00023048
NEARUSDT,1741075200005,-0.00011621
NEARUSDT,1741104000000,-0.00007359
NEARUSDT,1741132800000,-0.00024603
NEARUSDT,1741161600000,-0.00020559
NEARUSDT,1741190400000,-0.00005991
NEARUSDT,1741219200000,-0.00023834
NEARUSDT,1741248000001,0.00003546
NEARUSDT,1741276800000,-0.00007559
NEARUSDT,1741305600000,0.00006441
NEARUSDT,1741334400001,-0.00004988
NEARUSDT,1741363200000,0.00006035
NEARUSDT,1741392000000,0.0000768
NEARUSDT,1741420800001,0.00005298
NEARUSDT,1741449600001,0.00003472
NEARUSDT,1741478400001,0.00000754
NEARUSDT,1741507200000,-0.00004312
NEARUSDT,1741536000000,0.00008864
NEARUSDT,1741564800000,-0.0001361
NEARUSDT,1741593600000,-0.00012412
NEARUSDT,1741622400000,-0.00006152
NEARUSDT,1741651200000,-0.00017466
NEARUSDT,1741680000000,-0.00041601
NEARUSDT,1741708800001,0.00002726
NEARUSDT,1741737600000,0.0000543
NEARUSDT,1741766400000,0.00004674
NEARUSDT,1741795200001,-0.00005172
NEARUSDT,1741824000000,0.00004221
NEARUSDT,1741852800000,0.00006976
NEARUSDT,1741881600000,0.0001
NEARUSDT,1741910400000,-0.00000245
NEARUSDT,1741939200000,0.00005831
NEARUSDT,1741968000000,0.00006694
NEARUSDT,1741996800000,0.00002527
NEARUSDT,1742025600000,0.0001
NEARUSDT,1742054400000,0.0001
NEARUSDT,1742083200000,0.0001
NEARUSDT,1742112000000,0.0001
NEARUSDT,1742140800000,0.00006133
NEARUSDT,1742169600000,-0.00000219
NEARUSDT,1742198400000,0.00007336
NEARUSDT,1742227200000,0.00001844
NEARUSDT,1742256000000,0.0001
NEARUSDT,1742284800000,0.00000298
NEARUSDT,1742313600000,-0.00002001
NEARUSDT,1742342400000,0.00002472
NEARUSDT,1742371200000,0.00003522
NEARUSDT,1742400000000,0.0001
NEARUSDT,1742428800000,0.0001
NEARUSDT,1742457600000,0.00008795
NEARUSDT,1742486400000,0.0001
NEARUSDT,1742515200000,0.0001
NEARUSDT,1742544000000,0.00003027
NEARUSDT,1742572800000,0.0001
NEARUSDT,1742601600000,0.00008622
NEARUSDT,1742630400004,-0.00003447
NEARUSDT,1742659200000,-0.00001345
NEARUSDT,1742688000000,0.00002121
NEARUSDT,1742716800000,0.00007952
NEARUSDT,1742745600000,-0.00000037
NEARUSDT,1742774400000,0.00003409
NEARUSDT,1742803200000,0.00008705
NEARUSDT,1742832000000,-0.00002048
NEARUSDT,1742860800001,0.0001
NEARUSDT,1742889600000,0.00007298
NEARUSDT,1742918400000,-0.00000978
NEARUSDT,1742947200000,0.0001
NEARUSDT,1742976000000,0.0001
NEARUSDT,1743004800001,0.0001
NEARUSDT,1743033600001,-0.00004127
NEARUSDT,1743062400001,0.00002814
NEARUSDT,1743091200002,-0.00012956
NEARUSDT,1743120000001,-0.00000494
NEARUSDT,1743148800001,0.00009355
NEARUSDT,1743177600000,-0.00007782
NEARUSDT,1743206400000,-0.00008022
NEARUSDT,1743235200000,-0.00003902
NEARUSDT,1743264000000,-0.00007802
NEARUSDT,1743292800000,-0.00015774
NEARUSDT,1743321600000,-0.0000866
NEARUSDT,1743350400000,-0.00001491
NEARUSDT,1743379200000,-0.0000099
NEARUSDT,1743408000000,0.00004156
NEARUSDT,1743436800000,-0.00001383
NEARUSDT,1743465600000,0.0001
NEARUSDT,1743494400001,0.00006735
NEARUSDT,1743523200000,0.0001
NEARUSDT,1743552000001,0.00000794
NEARUSDT,1743580800000,0.00008226
NEARUSDT,1743609600000,-0.00006475
NEARUSDT,1743638400000,0.00002852
NEARUSDT,1743667200000,0.00008507
NEARUSDT,1743696000000,-0.00006699
NEARUSDT,1743724800000,-0.00012396
NEARUSDT,1743753600000,0.00001381
NEARUSDT,1743782400000,0.00003208
NEARUSDT,1743811200000,0.0001
NEARUSDT,1743840000000,0.0001
NEARUSDT,1743868800000,-0.00004231
NEARUSDT,1743897600000,0.00001006
NEARUSDT,1743926400000,0.00001314
NEARUSDT,1743955200002,-0.00003267
NEARUSDT,1743984000000,0.0000736
NEARUSDT,1744012800000,0.0000442
NEARUSDT,1744041600000,-0.00020291
NEARUSDT,1744070400000,-0.00030351
NEARUSDT,1744099200000,-0.00025704
NEARUSDT,1744128000000,-0.00053012
NEARUSDT,1744156800000,-0.00018966
NEARUSDT,1744185600001,-0.00003523
NEARUSDT,1744214400000,-0.00010295
NEARUSDT,1744243200000,0.00000649
NEARUSDT,1744272000000,0.00001338
NEARUSDT,1744300800000,0.00004168
NEARUSDT,1744329600001,0.00007148
NEARUSDT,1744358400000,0.00003569
NEARUSDT,1744387200000,-0.00010727
NEARUSDT,1744416000000,0.00007634
NEARUSDT,1744444800001,0.00000443
NEARUSDT,1744473600000,-0.00005982
NEARUSDT,1744502400000,-0.00001664
NEARUSDT,1744531200000,0.00007421
NEARUSDT,1744560000000,0.0001
NEARUSDT,1744588800000,0.0001
NEARUSDT,1744617600000,-0.00018511
NEARUSDT,1744646400000,0.00000432
NEARUSDT,1744675200000,0.00008077
NEARUSDT,1744704000000,-0.00009649
NEARUSDT,1744732800001,-0.00021216
NEARUSDT,1744761600000,-0.00020471
NEARUSDT,1744790400000,-0.00020614
NEARUSDT,1744819200000,-0.00016805
NEARUSDT,1744848000001,0.00009453
NEARUSDT,1744876800000,-0.00005949
NEARUSDT,1744905600001,-0.00011051
NEARUSDT,1744934400000,0.00009011
NEARUSDT,1744963200000,0.00005629
NEARUSDT,1744992000000,0.00003937
NEARUSDT,1745020800000,0.00002396
NEARUSDT,1745049600000,0.0001
NEARUSDT,1745078400000,-0.00008972
NEARUSDT,1745107200000,0.0001
NEARUSDT,1745136000000,0.0001
NEARUSDT,1745164800000,0.0001
NEARUSDT,1745193600000,0.0001
NEARUSDT,1745222400005,0.00006544
NEARUSDT,1745251200003,0.0001
NEARUSDT,1745280000008,0.0001
NEARUSDT,1745308800000,-0.00017443
NEARUSDT,1745337600000,-0.0001148
NEARUSDT,1745366400000,0.00008907
NEARUSDT,1745395200002,-0.00004797
NEARUSDT,1745424000000,0.0001
NEARUSDT,1745452800000,0.0001
NEARUSDT,1745481600001,0.0001
NEARUSDT,1745510400001,0.0001
NEARUSDT,1745539200007,0.0001
NEARUSDT,1745568000002,0.00008672
NEARUSDT,1745596800003,0.00005112
NEARUSDT,1745625600002,0.0001
NEARUSDT,1745654400000,0.00004691
NEARUSDT,1745683200002,0.0001
NEARUSDT,1745712000001,-0.00011986
NEARUSDT,1745740800000,0.00000685
NEARUSDT,1745769600000,0.0001
NEARUSDT,1745798400001,0.00005249
NEARUSDT,1745827200003,-0.00010942
NEARUSDT,1745856000005,0.00000639
NEARUSDT,1745884800000,-0.00002085
NEARUSDT,1745913600000,-0.00000623
NEARUSDT,1745942400010,-0.00004915
NEARUSDT,1745971200001,-0.00005126
NEARUSDT,1746000000000,-0.0000733
NEARUSDT,1746028800003,-0.00004626
NEARUSDT,1746057600000,0.00008406
NEARUSDT,1746086400000,0.00006028
NEARUSDT,1746115200001,0.0001
NEARUSDT,1746144000000,0.0001
NEARUSDT,1746172800000,0.00007188
NEARUSDT,1746201600003,0.00009842
NEARUSDT,1746230400000,0.00009476
NEARUSDT,1746259200000,-0.00001467
NEARUSDT,1746288000000,-0.00013604
NEARUSDT,1746316800001,-0.0001372
NEARUSDT,1746345600001,-0.00014282
NEARUSDT,1746374400002,0.0000136
NEARUSDT,1746403200000,-0.00004327
NEARUSDT,1746432000000,-0.00007391
NEARUSDT,1746460800006,-0.0000233
NEARUSDT,1746489600002,-0.00003437
NEARUSDT,1746518400005,-0.00004165
NEARUSDT,1746547200000,-0.00002814
NEARUSDT,1746576000002,0.00004305
NEARUSDT,1746604800000,-0.00002308
NEARUSDT,1746633600006,-0.000102
NEARUSDT,1746662400000,0.00005958
NEARUSDT,1746691200001,0.0001
NEARUSDT,1746720000002,0.0001
NEARUSDT,1746748800001,0.0001
NEARUSDT,1746777600006,0.0001
NEARUSDT,1746806400000,0.0001
NEARUSDT,1746835200001,0.0001
NEARUSDT,1746864000000,0.0001
NEARUSDT,1746892800001,0.0001
NEARUSDT,1746921600000,0.00008474
NEARUSDT,1746950400001,0.0001
NEARUSDT,1746979200001,0.00002577
NEARUSDT,1747008000004,0.0001
NEARUSDT,1747036800000,0.0001
NEARUSDT,1747065600000,-0.00005724
NEARUSDT,1747094400000,0.0001
NEARUSDT,1747123200008,0.0001
NEARUSDT,1747152000001,-0.00000541
NEARUSDT,1747180800007,0.0001
NEARUSDT,1747209600000,0.00007481
NEARUSDT,1747238400002,0.00009369
NEARUSDT,1747267200000,-0.00004102
NEARUSDT,1747296000003,0.0001
NEARUSDT,1747324800000,0.00002483
NEARUSDT,1747353600001,-0.00002325
NEARUSDT,1747382400000,0.00000196
NEARUSDT,1747411200000,0.0001
NEARUSDT,1747440000000,0.00004798
NEARUSDT,1747468800001,-0.00007657
NEARUSDT,1747497600004,0.0000846
NEARUSDT,1747526400000,0.00006415
NEARUSDT,1747555200000,-0.00004513
NEARUSDT,1747584000000,-0.00008433
NEARUSDT,1747612800000,-0.00004364
NEARUSDT,1747641600006,-0.00016623
NEARUSDT,1747670400010,-0.00009222
NEARUSDT,1747699200000,0.00002365
NEARUSDT,1747728000002,0.00005942
NEARUSDT,1747756800000,-0.00007277
NEARUSDT,1747785600000,0.00001009
NEARUSDT,1747814400001,0.0001
NEARUSDT,1747843200004,-0.00001157
NEARUSDT,1747872000001,0.00006483
NEARUSDT,1747900800000,0.0001
NEARUSDT,1747929600002,0.0001
NEARUSDT,1747958400006,0.0001
NEARUSDT,1747987200000,0.0001
NEARUSDT,1748016000007,0.0001
NEARUSDT,1748044800010,0.0001
NEARUSDT,1748073600000,-0.00010941
NEARUSDT,1748102400003,-0.00013709
NEARUSDT,1748131200004,-0.0001339
NEARUSDT,1748160000000,-0.00009838
NEARUSDT,1748188800000,-0.00024359
NEARUSDT,1748217600000,-0.00016208
NEARUSDT,1748246400000,-0.00001885
NEARUSDT,1748275200002,0.00007537
NEARUSDT,1748304000003,0.00004048
NEARUSDT,1748332800001,0.00009656
NEARUSDT,1748361600005,0.0001
NEARUSDT,1748390400002,0.0001
NEARUSDT,1748419200003,0.00003475
NEARUSDT,1748448000002,0.00009869
NEARUSDT,1748476800000,0.00004971
NEARUSDT,1748505600006,0.00008466
NEARUSDT,1748534400000,0.00005914
NEARUSDT,1748563200003,-0.00010473
NEARUSDT,1748592000003,-0.00031717
NEARUSDT,1748620800000,-0.00003052
NEARUSDT,1748649600000,-0.0002582
NEARUSDT,1748678400000,-0.00028474
NEARUSDT,1748707200000,-0.00012507
NEARUSDT,1748736000001,-0.00003158
NEARUSDT,1748764800002,-0.00009185
NEARUSDT,1748793600000,-0.00001843
NEARUSDT,1748822400001,-0.0000292
NEARUSDT,1748851200000,0.00002024
NEARUSDT,1748880000000,0.00007878
NEARUSDT,1748908800000,0.0001
NEARUSDT,1748937600000,0.0001
NEARUSDT,1748966400001,0.00007815
NEARUSDT,1748995200000,0.0001
NEARUSDT,1749024000000,0.0001
NEARUSDT,1749052800000,0.00000028
NEARUSDT,1749081600016,0.00005684
NEARUSDT,1749110400000,0.00004197
NEARUSDT,1749139200000,-0.00003836
NEARUSDT,1749168000002,-0.00019732
NEARUSDT,1749196800000,0.00000706
NEARUSDT,1749225600006,-0.00004272
NEARUSDT,1749254400000,0.0000778
NEARUSDT,1749283200000,0.0001
NEARUSDT,1749312000002,0.0001
NEARUSDT,1749340800000,0.0001
NEARUSDT,1749369600000,0.0001
NEARUSDT,1749398400000,0.0001
NEARUSDT,1749427200000,0.0001
NEARUSDT,1749456000001,0.0001
NEARUSDT,1749484800001,0.0001
NEARUSDT,1749513600000,0.0001
NEARUSDT,1749542400001,0.0001
NEARUSDT,1749571200003,0.0001
NEARUSDT,1749600000000,0.0001
NEARUSDT,1749628800000,0.0001
NEARUSDT,1749657600010,0.0001
NEARUSDT,1749686400002,0.0001
NEARUSDT,1749715200003,-0.0000106
NEARUSDT,1749744000001,-0.00000834
NEARUSDT,1749772800000,-0.00009987
NEARUSDT,1749801600001,-0.0004474
NEARUSDT,1749830400004,-0.00003593
NEARUSDT,1749859200000,0.00001195
NEARUSDT,1749888000000,-0.00008313
NEARUSDT,1749916800000,-0.00007409
NEARUSDT,1749945600005,0.00009153
NEARUSDT,1749974400009,0.00008688
NEARUSDT,1750003200000,0.0001
NEARUSDT,1750032000000,0.00005949
NEARUSDT,1750060800000,0.0001
NEARUSDT,1750089600003,0.0001
NEARUSDT,1750118400000,0.0001
NEARUSDT,1750147200006,0.0001
NEARUSDT,1750176000001,0.0001
NEARUSDT,1750204800001,0.00005669
NEARUSDT,1750233600001,0.00004863
NEARUSDT,1750262400001,-0.00009251
NEARUSDT,1750291200005,0.00003202
NEARUSDT,1750320000003,0.00001184
NEARUSDT,1750348800000,0.00004836
NEARUSDT,1750377600000,-0.00016804
NEARUSDT,1750406400002,0.0001
NEARUSDT,1750435200001,0.00005268
NEARUSDT,1750464000002,-0.00012254
NEARUSDT,1750492800005,0.00004242
NEARUSDT,1750521600000,-0.00006008
NEARUSDT,1750550400005,0.00002203
NEARUSDT,1750579200000,0.000057
NEARUSDT,1750608000003,0.00000303
NEARUSDT,1750636800000,-0.00011661
NEARUSDT,1750665600004,-0.00008116
NEARUSDT,1750694400013,-0.00021477
NEARUSDT,1750723200003,-0.00003952
NEARUSDT,1750752000000,0.0001
NEARUSDT,1750780800000,0.00008253
NEARUSDT,1750809600005,0.0001
NEARUSDT,1750838400000,0.0000549
NEARUSDT,1750867200005,0.00008877
NEARUSDT,1750896000000,0.00009405
NEARUSDT,1750924800006,-0.00009052
NEARUSDT,1750953600007,0.0001
NEARUSDT,1750982400000,0.00000162
NEARUSDT,1751011200000,-0.00003395
NEARUSDT,1751040000009,0.00007756
NEARUSDT,1751068800001,-0.00001008
NEARUSDT,1751097600002,0.00004229
NEARUSDT,1751126400000,0.0001
NEARUSDT,1751155200004,0.00007512
NEARUSDT,1751184000001,0.0001
NEARUSDT,1751212800001,0.0001
NEARUSDT,1751241600000,0.0001
NEARUSDT,1751270400005,0.0001
NEARUSDT,1751299200002,-0.00006381
NEARUSDT,1751328000007,0.0000173
NEARUSDT,1751356800002,-0.00012289
NEARUSDT,1751385600000,-0.00002429
NEARUSDT,1751414400001,0.00008845
NEARUSDT,1751443200000,-0.0001969
NEARUSDT,1751472000003,0.0001
NEARUSDT,1751500800006,0.0001
NEARUSDT,1751529600003,0.0001
NEARUSDT,1751558400003,0.0001
NEARUSDT,1751587200005,0.0001
NEARUSDT,1751616000003,0.0001
NEARUSDT,1751644800001,-0.00004557
NEARUSDT,1751673600004,-0.00033432
NEARUSDT,1751702400009,-0.00026989
NEARUSDT,1751731200006,-0.00018744
NEARUSDT,1751760000001,-0.00014404
NEARUSDT,1751788800002,0.00003544
NEARUSDT,1751817600004,0.0001
NEARUSDT,1751846400000,0.00009683
NEARUSDT,1751875200007,0.0001
NEARUSDT,1751904000000,0.0001
NEARUSDT,1751932800010,0.0001
NEARUSDT,1751961600003,-0.00012272
NEARUSDT,1751990400000,0.00006735
NEARUSDT,1752019200002,0.0001
NEARUSDT,1752048000006,0.0001
NEARUSDT,1752076800001,0.0001
NEARUSDT,1752105600003,0.0001
NEARUSDT,1752134400000,0.0001
NEARUSDT,1752163200004,0.0001
NEARUSDT,1752192000004,0.0001
NEARUSDT,1752220800007,0.0001
NEARUSDT,1752249600001,0.0001
NEARUSDT,1752278400000,0.0001
NEARUSDT,1752307200001,0.0001
NEARUSDT,1752336000002,0.0001
NEARUSDT,1752364800006,0.0001
NEARUSDT,1752393600001,0.0001
NEARUSDT,1752422400003,0.0001
NEARUSDT,1752451200000,0.0001
NEARUSDT,1752480000000,0.0001
NEARUSDT,1752508800000,0.0001
NEARUSDT,1752537600002,0.00007864
NEARUSDT,1752566400000,0.0001
NEARUSDT,1752595200000,0.00003684
NEARUSDT,1752624000000,0.0001
NEARUSDT,1752652800000,0.0001
NEARUSDT,1752681600008,0.0001
NEARUSDT,1752710400003,0.0001
NEARUSDT,1752739200000,0.0001
NEARUSDT,1752768000000,0.0001
NEARUSDT,1752796800004,0.0001
NEARUSDT,1752825600000,0.0001
NEARUSDT,1752854400000,0.0001
NEARUSDT,1752883200009,0.0001
NEARUSDT,1752912000000,0.00004526
NEARUSDT,1752940800002,0.0001
NEARUSDT,1752969600000,0.00006832
NEARUSDT,1752998400000,0.0001
NEARUSDT,1753027200000,0.0001
NEARUSDT,1753056000001,0.0001
NEARUSDT,1753084800000,0.0001
NEARUSDT,1753113600001,0.0001
NEARUSDT,1753142400000,0.0001
NEARUSDT,1753171200010,0.00007391
NEARUSDT,1753200000007,0.0001
NEARUSDT,1753228800000,0.0001
NEARUSDT,1753257600004,0.0001
NEARUSDT,1753286400002,0.00003963
NEARUSDT,1753315200000,-0.00001392
NEARUSDT,1753344000001,-0.00005903
NEARUSDT,1753372800000,0.00002832
NEARUSDT,1753401600000,-0.00014096
NEARUSDT,1753430400000,0.00001844
NEARUSDT,1753459200000,0.00008828
NEARUSDT,1753488000001,0.0001
NEARUSDT,1753516800005,0.0001
NEARUSDT,1753545600001,0.0001
NEARUSDT,1753574400001,0.0001
NEARUSDT,1753603200000,0.0001
NEARUSDT,1753632000008,0.0001
NEARUSDT,1753660800005,0.0001
NEARUSDT,1753689600000,0.0001
NEARUSDT,1753718400000,0.0001
NEARUSDT,1753747200001,-0.00009342
NEARUSDT,1753776000000,-0.00011873
NEARUSDT,1753804800000,-0.00010371
NEARUSDT,1753833600011,-0.00017711
NEARUSDT,1753862400000,-0.00014973
NEARUSDT,1753891200008,0.00005202
NEARUSDT,1753920000000,-0.00005528
NEARUSDT,1753948800009,0.00006326
NEARUSDT,1753977600000,0.00005175
NEARUSDT,1754006400001,0.00005823
NEARUSDT,1754035200003,-0.00007939
NEARUSDT,1754064000000,0.00000878
NEARUSDT,1754092800004,0.00005985
NEARUSDT,1754121600000,-0.0000277
NEARUSDT,1754150400000,0.00005176
NEARUSDT,1754179200000,0.0001
NEARUSDT,1754208000000,-0.00006095
NEARUSDT,1754236800003,0.00002054
NEARUSDT,1754265600004,0.00000559
NEARUSDT,1754294400000,0.0001
NEARUSDT,1754323200002,-0.00000292
NEARUSDT,1754352000000,0.0001
NEARUSDT,1754380800000,0.0001
NEARUSDT,1754409600000,-0.0003637
NEARUSDT,1754438400005,0.00009594
NEARUSDT,1754467200000,-0.00004746
NEARUSDT,1754496000000,-0.00015697
NEARUSDT,1754524800003,0.00009244
NEARUSDT,1754553600002,0.0001
NEARUSDT,1754582400002,0.0001
NEARUSDT,1754611200002,0.0001
NEARUSDT,1754640000004,0.00007976
NEARUSDT,1754668800000,0.0001
NEARUSDT,1754697600005,0.00009134
NEARUSDT,1754726400000,0.0001
NEARUSDT,1754755200007,0.0001
NEARUSDT,1754784000003,0.00006922
NEARUSDT,1754812800005,0.0001
NEARUSDT,1754841600002,0.0001
NEARUSDT,1754870400000,0.0001
NEARUSDT,1754899200000,0.00003035
NEARUSDT,1754928000000,0.0001
NEARUSDT,1754956800000,0.0000438
NEARUSDT,1754985600001,0.00005733
NEARUSDT,1755014400005,-0.00001058
NEARUSDT,1755043200000,0.0001
NEARUSDT,1755072000002,0.0001
NEARUSDT,1755100800006,0.0001
NEARUSDT,1755129600002,0.0001
NEARUSDT,1755158400003,0.0001
NEARUSDT,1755187200000,0.0001
NEARUSDT,1755216000000,-0.00000357
NEARUSDT,1755244800000,-0.00012609
NEARUSDT,1755273600000,-0.00007885
NEARUSDT,1755302400004,-0.00018435
NEARUSDT,1755331200000,-0.00006444
NEARUSDT,1755360000002,0.00000467
NEARUSDT,1755388800000,0.0001
NEARUSDT,1755417600001,0.0001
NEARUSDT,1755446400007,0.0001
NEARUSDT,1755475200000,0.0001
NEARUSDT,1755504000001,-0.00024829
NEARUSDT,1755532800002,-0.00035446
NEARUSDT,1755561600000,-0.00005825
NEARUSDT,1755590400001,-0.00007947
NEARUSDT,1755619200000,0.0001
NEARUSDT,1755648000000,0.0001
NEARUSDT,1755676800000,-0.00019118
NEARUSDT,1755705600000,0.00001705
NEARUSDT,1755734400006,0.0001
NEARUSDT,1755763200000,0.0001
NEARUSDT,1755792000003,0.0001
NEARUSDT,1755820800010,0.0001
NEARUSDT,1755849600007,0.0001
NEARUSDT,1755878400001,0.00008935
NEARUSDT,1755907200004,0.0001
NEARUSDT,1755936000006,0.0001
NEARUSDT,1755964800000,0.0001
NEARUSDT,1755993600001,0.0001
NEARUSDT,1756022400002,0.0001
NEARUSDT,1756051200001,0.00004761
NEARUSDT,1756080000000,0.0001
NEARUSDT,1756108800002,-0.00000364
NEARUSDT,1756137600002,0.00004161
NEARUSDT,1756166400000,-0.00029246
NEARUSDT,1756195200000,-0.0003203
NEARUSDT,1756224000000,-0.0000777
NEARUSDT,1756252800003,0.0001
NEARUSDT,1756281600000,0.0001
NEARUSDT,1756310400009,0.00000442
NEARUSDT,1756339200000,0.0001
NEARUSDT,1756368000005,0.0001
NEARUSDT,1756396800004,0.000061
NEARUSDT,1756425600000,0.0001
NEARUSDT,1756454400000,0.0001
NEARUSDT,1756483200005,0.00004699
NEARUSDT,1756512000000,0.00003881
NEARUSDT,1756540800002,0.00007036
NEARUSDT,1756569600003,0.00002544
NEARUSDT,1756598400016,0.00001847
NEARUSDT,1756627200000,0.0001
NEARUSDT,1756656000001,0.0001
NEARUSDT,1756684800000,-0.00015969
NEARUSDT,1756713600000,-0.00008817
NEARUSDT,1756742400001,0.0001
NEARUSDT,1756771200000,0.0001
NEARUSDT,1756800000005,0.0001
NEARUSDT,1756828800007,0.00007608
NEARUSDT,1756857600006,0.0001
NEARUSDT,1756886400002,0.0001
NEARUSDT,1756915200002,0.0001
NEARUSDT,1756944000002,0.0001
NEARUSDT,1756972800000,0.0001
NEARUSDT,1757001600000,0.00002825
NEARUSDT,1757030400001,0.00003128
NEARUSDT,1757059200006,0.00000881
NEARUSDT,1757088000000,0.0001
NEARUSDT,1757116800000,0.0001
NEARUSDT,1757145600005,0.0001
NEARUSDT,1757174400000,0.0001
NEARUSDT,1757203200000,0.0001
NEARUSDT,1757232000000,0.0001
NEARUSDT,1757260800000,0.0001
NEARUSDT,1757289600007,0.0001
NEARUSDT,1757318400000,0.0001
NEARUSDT,1757347200000,0.0001
NEARUSDT,1757376000000,0.0001
NEARUSDT,1757404800000,0.0001
NEARUSDT,1757433600000,0.0001
NEARUSDT,1757462400000,0.0001
NEARUSDT,1757491200002,0.00007857
NEARUSDT,1757520000000,0.0001
NEARUSDT,1757548800000,0.0001
NEARUSDT,1757577600000,0.0001
NEARUSDT,1757606400001,0.0001
NEARUSDT,1757635200002,0.0001
NEARUSDT,1757664000001,0.0001
NEARUSDT,1757692800005,0.0001
NEARUSDT,1757721600005,0.0001
NEARUSDT,1757750400002,0.0001
NEARUSDT,1757779200000,0.0001
NEARUSDT,1757808000006,0.0001
NEARUSDT,1757836800000,0.0001
NEARUSDT,1757865600001,0.0001
NEARUSDT,1757894400006,0.00000669
NEARUSDT,1757923200002,-0.00000756
NEARUSDT,1757952000001,0.00001456
NEARUSDT,1757980800001,0.0000132
NEARUSDT,1758009600000,-0.00001323
NEARUSDT,1758038400000,0.0000982
NEARUSDT,1758067200001,0.00004906
NEARUSDT,1758096000000,-0.0000186
NEARUSDT,1758124800003,0.00009386
NEARUSDT,1758153600006,0.0001
NEARUSDT,1758182400002,0.0001
NEARUSDT,1758211200000,0.0001
NEARUSDT,1758240000000,0.0001
NEARUSDT,1758268800005,0.00009545
NEARUSDT,1758297600000,0.0001
NEARUSDT,1758326400000,0.00000046
NEARUSDT,1758355200000,0.00008361
NEARUSDT,1758384000002,-0.000007
NEARUSDT,1758412800000,0.00001361
NEARUSDT,1758441600000,0.0001
NEARUSDT,1758470400000,0.00003018
NEARUSDT,1758499200005,0.00001565
NEARUSDT,1758528000003,0.00000728
NEARUSDT,1758556800000,0.00001226
NEARUSDT,1758585600000,0.00004473
NEARUSDT,1758614400001,0.00006576
NEARUSDT,1758643200000,0.00005091
NEARUSDT,1758672000003,0.00008709
NEARUSDT,1758700800001,-0.00002029
NEARUSDT,1758729600002,0.0001
NEARUSDT,1758758400000,0.0001
NEARUSDT,1758787200001,-0.00006965
NEARUSDT,1758816000000,0.0001
NEARUSDT,1758844800000,0.0001
NEARUSDT,1758873600000,0.00004203
NEARUSDT,1758902400008,-0.00001851
NEARUSDT,1758931200000,0.00003941
NEARUSDT,1758960000010,0.0001
NEARUSDT,1758988800003,0.00001789
NEARUSDT,1759017600000,0.0001
NEARUSDT,1759046400000,0.0001
NEARUSDT,1759075200000,0.0001
NEARUSDT,1759104000000,0.0001
NEARUSDT,1759132800002,0.00008713
NEARUSDT,1759161600001,0.00001443
NEARUSDT,1759190400002,0.00003346
NEARUSDT,1759219200005,-0.00000196
NEARUSDT,1759248000000,-0.00002907
NEARUSDT,1759276800000,-0.00008385
NEARUSDT,1759305600000,0.0001
NEARUSDT,1759334400000,0.0001
NEARUSDT,1759363200000,0.0001
NEARUSDT,1759392000013,-0.00004145
NEARUSDT,1759420800000,0.0001
NEARUSDT,1759449600006,0.00004119
NEARUSDT,1759478400006,0.0001
NEARUSDT,1759507200000,0.00005068
NEARUSDT,1759536000001,0.0001
NEARUSDT,1759564800000,0.0001
NEARUSDT,1759593600000,0.00008802
NEARUSDT,1759622400000,0.00001828
NEARUSDT,1759651200003,0.00004096
NEARUSDT,1759680000009,0.00008427
NEARUSDT,1759708800004,-0.00004699
NEARUSDT,1759737600002,-0.00005772
NEARUSDT,1759766400004,0.00006716
NEARUSDT,1759795200000,0.0001
NEARUSDT,1759824000003,0.0001
NEARUSDT,1759852800000,0.00006413
NEARUSDT,1759881600000,0.00008598
NEARUSDT,1759910400006,0.00006086
NEARUSDT,1759939200002,0.0001
NEARUSDT,1759968000001,0.0001
NEARUSDT,1759996800000,-0.00006759
NEARUSDT,1760025600000,-0.00000674
NEARUSDT,1760054400005,0.0001
NEARUSDT,1760083200002,0.0001
NEARUSDT,1760112000014,0.0001
NEARUSDT,1760140800000,0.0001
NEARUSDT,1760169600003,0.00000237
NEARUSDT,1760198400000,-0.00000987
NEARUSDT,1760227200004,-0.00002445
NEARUSDT,1760256000002,-0.00015439
NEARUSDT,1760284800000,-0.00011035
NEARUSDT,1760313600003,-0.00000391
NEARUSDT,1760342400002,-0.00011546
NEARUSDT,1760371200003,-0.00015843
NEARUSDT,1760400000000,-0.00005048
NEARUSDT,1760428800000,0.0001
NEARUSDT,1760457600000,-0.00001539
NEARUSDT,1760486400006,0.0001
NEARUSDT,1760515200002,0.00001239
NEARUSDT,1760544000000,-0.00023342
NEARUSDT,1760572800000,-0.00045353
NEARUSDT,1760601600003,-0.0002934
NEARUSDT,1760630400002,-0.0001467
NEARUSDT,1760659200001,0.00007885
NEARUSDT,1760688000005,-0.00021112
NEARUSDT,1760716800003,-0.00004024
NEARUSDT,1760745600000,0.00001103
NEARUSDT,1760774400002,0.0001
NEARUSDT,1760803200001,0.00000778
NEARUSDT,1760832000001,0.00001128
NEARUSDT,1760860800001,-0.00007218
NEARUSDT,1760889600001,-0.0004006
NEARUSDT,1760918400004,-0.00052248
NEARUSDT,1760947200001,-0.00009607
NEARUSDT,1760976000000,-0.00012914
NEARUSDT,1761004800009,0.0001
NEARUSDT,1761033600000,0.0001
NEARUSDT,1761062400000,0.0001
NEARUSDT,1761091200004,0.0001
NEARUSDT,1761120000000,-0.00010637
NEARUSDT,1761148800000,-0.00011303
NEARUSDT,1761177600000,0.0001
NEARUSDT,1761206400001,0.00000182
NEARUSDT,1761235200004,0.0001
NEARUSDT,1761264000000,0.0001
NEARUSDT,1761292800000,0.0001
NEARUSDT,1761321600009,0.0001
NEARUSDT,1761350400000,0.0001
NEARUSDT,1761379200001,0.00005439
NEARUSDT,1761408000001,0.0000406
NEARUSDT,1761436800001,0.00005369
NEARUSDT,1761465600001,-0.0000152
NEARUSDT,1761494400000,0.0001
NEARUSDT,1761523200000,0.0001
NEARUSDT,1761552000005,0.00003447
NEARUSDT,1761580800000,0.0001
NEARUSDT,1761609600000,0.0000674
NEARUSDT,1761638400000,0.00000576
NEARUSDT,1761667200004,0.00003008
NEARUSDT,1761696000004,-0.00006406
NEARUSDT,1761724800005,-0.00012684
NEARUSDT,1761753600000,0.0001
NEARUSDT,1761782400004,0.0001
NEARUSDT,1761811200008,-0.00003101
NEARUSDT,1761840000001,-0.00007833
NEARUSDT,1761868800000,-0.0000277
NEARUSDT,1761897600008,-0.00003969
NEARUSDT,1761926400007,0.00001272
NEARUSDT,1761955200001,0.00002808
NEARUSDT,1761984000000,0.00002545
NEARUSDT,1762012800000,0.0001
NEARUSDT,1762041600007,-0.00001119
NEARUSDT,1762070400000,0.00003132
NEARUSDT,1762099200001,0.00004337
NEARUSDT,1762128000000,0.0001
NEARUSDT,1762156800010,-0.00012705
NEARUSDT,1762185600000,-0.00006634
NEARUSDT,1762214400002,0.0001
NEARUSDT,1762243200004,0.00005935
NEARUSDT,1762272000000,0.00008308
NEARUSDT,1762300800000,0.0001
NEARUSDT,1762329600000,0.0001
NEARUSDT,1762358400004,0.00001643
NEARUSDT,1762387200001,0.00004413
NEARUSDT,1762416000000,0.0001
NEARUSDT,1762444800001,-0.00006588
NEARUSDT,1762473600005,-0.00030488
NEARUSDT,1762502400003,-0.00076454
NEARUSDT,1762531200005,-0.00051413
NEARUSDT,1762560000011,-0.00004306
NEARUSDT,1762588800015,0.0000084
NEARUSDT,1762617600001,-0.0000552
NEARUSDT,1762646400004,-0.00030104
NEARUSDT,1762675200000,0.0000444
NEARUSDT,1762704000005,-0.00002205
NEARUSDT,1762732800000,0.00000068
NEARUSDT,1762761600000,-0.00002818
NEARUSDT,1762790400003,0.00000507
NEARUSDT,1762819200007,0.0001
NEARUSDT,1762848000000,0.00008047
NEARUSDT,1762876800009,0.00004653
NEARUSDT,1762905600000,0.0001
NEARUSDT,1762934400002,-0.00003332
NEARUSDT,1762963200000,0.0000605
NEARUSDT,1762992000002,0.00006183
NEARUSDT,1763020800000,-0.00008413
NEARUSDT,1763049600001,0.000009
NEARUSDT,1763078400000,0.00000357
NEARUSDT,1763107200000,0.0001
NEARUSDT,1763136000001,0.0001
NEARUSDT,1763164800005,0.0001
NEARUSDT,1763193600000,-0.00013798
NEARUSDT,1763222400001,-0.00021076
NEARUSDT,1763251200001,0.00005405
NEARUSDT,1763280000000,-0.00003882
NEARUSDT,1763308800000,0.0001
NEARUSDT,1763337600003,0.00002359
NEARUSDT,1763366400003,0.0001
NEARUSDT,1763395200000,0.0000929
NEARUSDT,1763424000002,0.0001
NEARUSDT,1763452800004,0.0001
NEARUSDT,1763481600000,0.0001
NEARUSDT,1763510400000,0.0001
NEARUSDT,1763539200000,0.0001
NEARUSDT,1763568000008,0.0001
NEARUSDT,1763596800000,0.0001
NEARUSDT,1763625600000,0.0001
NEARUSDT,1763654400000,0.0001
NEARUSDT,1763683200001,-0.00003664
NEARUSDT,1763712000000,0.0001
NEARUSDT,1763740800001,0.0001
NEARUSDT,1763769600004,0.00001755
NEARUSDT,1763798400000,0.0001
NEARUSDT,1763827200000,0.00005445
NEARUSDT,1763856000000,0.00000956
NEARUSDT,1763884800008,0.00001539
NEARUSDT,1763913600003,-0.00005212
NEARUSDT,1763942400004,-0.0001115
NEARUSDT,1763971200000,0.00004375
NEARUSDT,1764000000006,-0.00010249
NEARUSDT,1764028800000,-0.00008968
NEARUSDT,1764057600009,0.00002066
NEARUSDT,1764086400007,-0.00016822
NEARUSDT,1764115200001,0.0001
NEARUSDT,1764144000001,0.0001
NEARUSDT,1764172800000,0.0001
NEARUSDT,1764201600013,-0.00001278
NEARUSDT,1764230400000,0.0001
NEARUSDT,1764259200004,0.0001
NEARUSDT,1764288000008,0.0001
NEARUSDT,1764316800000,0.00002172
NEARUSDT,1764345600008,0.00001311
NEARUSDT,1764374400000,0.0001
NEARUSDT,1764403200005,-0.0001835
NEARUSDT,1764432000001,0.00003743
NEARUSDT,1764460800003,0.00004211
NEARUSDT,1764489600000,0.00001937
NEARUSDT,1764518400004,0.00003909
NEARUSDT,1764547200000,-0.00021666
NEARUSDT,1764576000004,0.0001
NEARUSDT,1764604800000,0.0001
NEARUSDT,1764633600004,-0.00004662
NEARUSDT,1764662400000,-0.00006202
NEARUSDT,1764691200000,0.0000541
NEARUSDT,1764720000000,0.0001
NEARUSDT,1764748800000,-0.00001373
NEARUSDT,1764777600005,0.0001
NEARUSDT,1764806400012,0.00007256
NEARUSDT,1764835200000,0.0001
NEARUSDT,1764864000011,0.0001
NEARUSDT,1764892800000,0.0001
NEARUSDT,1764921600000,0.0001
NEARUSDT,1764950400010,0.0000508
NEARUSDT,1764979200001,-0.00004795
NEARUSDT,1765008000001,-0.00012526
NEARUSDT,1765036800008,0.00001044
NEARUSDT,1765065600000,0.0001
NEARUSDT,1765094400004,-0.00009361
NEARUSDT,1765123200000,0.00008521
NEARUSDT,1765152000000,0.00003892
NEARUSDT,1765180800000,0.0001
NEARUSDT,1765209600001,0.0001
NEARUSDT,1765238400001,0.0001
NEARUSDT,1765267200001,-0.00004477
NEARUSDT,1765296000007,0.0000841
NEARUSDT,1765324800007,0.0001
NEARUSDT,1765353600002,-0.00003898
NEARUSDT,1765382400012,0.0001
NEARUSDT,1765411200001,0.00000711
NEARUSDT,1765440000000,-0.00009766
NEARUSDT,1765468800000,-0.00002815
NEARUSDT,1765497600005,0.00000422
NEARUSDT,1765526400007,-0.00000435
NEARUSDT,1765555200002,0.0001
NEARUSDT,1765584000001,-0.00002826
NEARUSDT,1765612800006,0.0001
NEARUSDT,1765641600000,0.0001
NEARUSDT,1765670400000,0.0001
NEARUSDT,1765699200003,-0.00008183
NEARUSDT,1765728000005,0.00000645
NEARUSDT,1765756800000,-0.00018813
NEARUSDT,1765785600000,0.0001
NEARUSDT,1765814400000,0.0001
NEARUSDT,1765843200002,-0.00034796
NEARUSDT,1765872000000,-0.00002816
NEARUSDT,1765900800002,0.0001
NEARUSDT,1765929600004,0.0001
NEARUSDT,1765958400000,0.00007063
NEARUSDT,1765987200000,0.00003095
NEARUSDT,1766016000005,-0.00007295
NEARUSDT,1766044800007,0.00002984
NEARUSDT,1766073600001,0.0001
NEARUSDT,1766102400000,0.0001
NEARUSDT,1766131200001,0.00007074
NEARUSDT,1766160000000,0.0001
NEARUSDT,1766188800005,0.0001
NEARUSDT,1766217600000,0.0001
NEARUSDT,1766246400002,0.0001
NEARUSDT,1766275200000,0.00006642
NEARUSDT,1766304000009,0.00005448
NEARUSDT,1766332800000,-0.00006656
NEARUSDT,1766361600000,0.0001
NEARUSDT,1766390400005,0.00005494
NEARUSDT,1766419200009,0.00006654
NEARUSDT,1766448000000,0.00001296
NEARUSDT,1766476800000,-0.00003509
NEARUSDT,1766505600001,-0.00012783
NEARUSDT,1766534400001,0.0001
NEARUSDT,1766563200001,-0.00031013
NEARUSDT,1766592000000,-0.00004394
NEARUSDT,1766620800000,-0.00006464
NEARUSDT,1766649600001,0.0001
NEARUSDT,1766678400005,0.0001
NEARUSDT,1766707200004,0.00000351
NEARUSDT,1766736000001,0.0001
NEARUSDT,1766764800007,0.0001
NEARUSDT,1766793600000,0.00007287
NEARUSDT,1766822400000,0.00009822
NEARUSDT,1766851200011,0.00002679
NEARUSDT,1766880000008,0.0001
NEARUSDT,1766908800000,0.0001
NEARUSDT,1766937600000,0.0001
NEARUSDT,1766966400016,0.00000778
NEARUSDT,1766995200001,0.0001
NEARUSDT,1767024000000,-0.00029313
NEARUSDT,1767052800005,0.00004184
NEARUSDT,1767081600001,0.0001
NEARUSDT,1767110400003,0.0001
NEARUSDT,1767139200004,-0.00000249
NEARUSDT,1767168000001,0.0001
NEARUSDT,1767196800001,0.0001
NEARUSDT,1767225600008,0.00007552
NEARUSDT,1767254400002,0.0001
NEARUSDT,1767283200001,0.0001
NEARUSDT,1767312000006,0.0001
NEARUSDT,1767340800007,0.0001
NEARUSDT,1767369600000,0.0001
NEARUSDT,1767398400001,0.00005752
NEARUSDT,1767427200000,0.00008277
NEARUSDT,1767456000000,0.0001
NEARUSDT,1767484800000,0.0001
NEARUSDT,1767513600000,0.0001
NEARUSDT,1767542400001,0.0001
NEARUSDT,1767571200000,0.0000336
NEARUSDT,1767600000000,-0.00005215
NEARUSDT,1767628800000,0.00003431
NEARUSDT,1767657600010,0.00005345
NEARUSDT,1767686400000,0.00008814
NEARUSDT,1767715200000,-0.00012
NEARUSDT,1767744000001,-0.00003812
NEARUSDT,1767772800001,-0.00005356
NEARUSDT,1767801600001,-0.00001812
NEARUSDT,1767830400001,0.0001
NEARUSDT,1767859200000,0.00006448
NEARUSDT,1767888000000,0.0001
NEARUSDT,1767916800003,0.0001
NEARUSDT,1767945600000,0.0001
NEARUSDT,1767974400001,0.00006566
NEARUSDT,1768003200000,-0.0000392
NEARUSDT,1768032000002,-0.00009268
NEARUSDT,1768060800001,0.0001
NEARUSDT,1768089600003,-0.00005169
NEARUSDT,1768118400006,0.0001
NEARUSDT,1768147200000,0.0000988
NEARUSDT,1768176000005,-0.00006936
NEARUSDT,1768204800000,0.00002886
NEARUSDT,1768233600000,0.00002146
NEARUSDT,1768262400007,-0.00014375
NEARUSDT,1768291200009,0.0001
NEARUSDT,1768320000002,0.0001
NEARUSDT,1768348800000,0.0001
NEARUSDT,1768377600001,0.0001
NEARUSDT,1768406400004,0.00004763
NEARUSDT,1768435200000,0.00002608
NEARUSDT,1768464000004,0.00005415
NEARUSDT,1768492800002,0.00000361
NEARUSDT,1768521600000,-0.00006318
NEARUSDT,1768550400000,-0.00013052
NEARUSDT,1768579200001,0.00002504
NEARUSDT,1768608000000,0.00007701
NEARUSDT,1768636800000,0.0001
NEARUSDT,1768665600002,0.0001
NEARUSDT,1768694400001,0.0001
NEARUSDT,1768723200000,-0.00018221
NEARUSDT,1768752000000,-0.00004386
NEARUSDT,1768780800007,-0.00010435
NEARUSDT,1768809600007,-0.00002444
NEARUSDT,1768838400007,0.0001
NEARUSDT,1768867200005,0.0001
NEARUSDT,1768896000001,0.0001
NEARUSDT,1768924800009,0.00007808
NEARUSDT,1768953600001,-0.00005551
NEARUSDT,1768982400011,0.00003743
NEARUSDT,1769011200011,0.0000429
NEARUSDT,1769040000010,0.00006391
NEARUSDT,1769068800003,-0.0000478
NEARUSDT,1769097600005,0.0001
NEARUSDT,1769126400005,0.0001
NEARUSDT,1769155200000,0.00006584
NEARUSDT,1769184000011,-0.00000848
NEARUSDT,1769212800011,-0.00003212
NEARUSDT,1769241600002,-0.00003733
NEARUSDT,1769270400001,0.00000724
NEARUSDT,1769299200002,-0.00018918
NEARUSDT,1769328000011,0.0001
NEARUSDT,1769356800005,-0.00001814
NEARUSDT,1769385600000,0.0000768
NEARUSDT,1769414400003,-0.00003649
NEARUSDT,1769443200000,-0.00010228
NEARUSDT,1769472000002,0.0001
NEARUSDT,1769500800000,0.00002949
NEARUSDT,1769529600000,-0.00001932
NEARUSDT,1769558400000,0.0001
NEARUSDT,1769587200000,0.0001
NEARUSDT,1769616000000,0.0001
NEARUSDT,1769644800000,0.0001
NEARUSDT,1769673600009,-0.00002243
NEARUSDT,1769702400000,-0.00007951
NEARUSDT,1769731200008,0.00002723
NEARUSDT,1769760000000,0.0001
NEARUSDT,1769788800001,0.00009256
NEARUSDT,1769817600000,0.0001
NEARUSDT,1769846400001,-0.0000379
NEARUSDT,1769875200009,0.00002722
NEARUSDT,1769904000001,-0.00005045
NEARUSDT,1769932800004,-0.00008101
NEARUSDT,1769961600000,0.0000578
NEARUSDT,1769990400000,0.00005448
NEARUSDT,1770019200014,-0.00002173
NEARUSDT,1770048000000,-0.00005036
NEARUSDT,1770076800000,0.0001
NEARUSDT,1770105600007,0.00008746
NEARUSDT,1770134400000,0.00005132
NEARUSDT,1770163200002,0.0001
NEARUSDT,1770192000007,0.00004338
NEARUSDT,1770220800000,0.00007475
NEARUSDT,1770249600011,0.00008727
NEARUSDT,1770278400000,0.00003548
NEARUSDT,1770307200007,0.0001
NEARUSDT,1770336000000,-0.00000513
NEARUSDT,1770364800001,0.00003367
NEARUSDT,1770393600000,-0.00002205
NEARUSDT,1770422400003,0.0001
NEARUSDT,1770451200000,0.0001
NEARUSDT,1770480000010,0.00009789
NEARUSDT,1770508800003,0.0001
NEARUSDT,1770537600000,-0.00001645
NEARUSDT,1770566400000,-0.00008797
NEARUSDT,1770595200002,0.00007963
NEARUSDT,1770624000001,0.00000856
NEARUSDT,1770652800007,0.0001
NEARUSDT,1770681600000,0.00003943
NEARUSDT,1770710400007,0.00008055
NEARUSDT,1770739200000,0.00008296
NEARUSDT,1770768000000,0.0000517
NEARUSDT,1770796800006,-0.00000534
NEARUSDT,1770825600000,-0.00006354
NEARUSDT,1770854400000,0.00004713
NEARUSDT,1770883200001,0.0001
NEARUSDT,1770912000001,-0.00002034
NEARUSDT,1770940800007,0.0001
NEARUSDT,1770969600003,-0.00021003
NEARUSDT,1770998400005,0.0001
NEARUSDT,1771027200002,0.00009707
NEARUSDT,1771056000004,0.0000298
NEARUSDT,1771084800002,0.00009534
NEARUSDT,1771113600000,0.00003299
NEARUSDT,1771142400002,0.0001
NEARUSDT,1771171200000,0.0001
NEARUSDT,1771200000001,0.0001
NEARUSDT,1771228800003,0.00001263
NEARUSDT,1771257600000,-0.00002286
NEARUSDT,1771286400008,0.00006085
NEARUSDT,1771315200001,0.00004783
NEARUSDT,1771344000002,-0.00005924
NEARUSDT,1771372800000,0.00002263
NEARUSDT,1771401600000,0.0001
NEARUSDT,1771430400011,-0.00010004
NEARUSDT,1771459200013,0.00001656
NEARUSDT,1771488000000,0.0000839
NEARUSDT,1771516800003,-0.00011123
NEARUSDT,1771545600000,0.00002603
NEARUSDT,1771574400000,-0.00010204
NEARUSDT,1771603200000,0.0001
NEARUSDT,1771632000004,0.0001
NEARUSDT,1771660800000,0.0001
NEARUSDT,1771689600005,-0.00014488
NEARUSDT,1771718400001,-0.00003429
NEARUSDT,1771747200004,-0.00010115
NEARUSDT,1771776000000,-0.0000074
NEARUSDT,1771804800001,0.0000276
NEARUSDT,1771833600000,-0.00001916
NEARUSDT,1771862400000,-0.00016245
NEARUSDT,1771891200007,0.00004344
NEARUSDT,1771920000000,0.00000628
NEARUSDT,1771948800001,-0.0000712
NEARUSDT,1771977600001,0.0001
NEARUSDT,1772006400007,-0.00003268
NEARUSDT,1772035200000,0.0001
NEARUSDT,1772064000000,0.00002212
NEARUSDT,1772092800006,0.0001
NEARUSDT,1772121600002,0.00001076
NEARUSDT,1772150400007,-0.00021323
NEARUSDT,1772179200000,-0.00009115
NEARUSDT,1772208000001,0.0001
NEARUSDT,1772236800000,0.0001
NEARUSDT,1772265600000,0.00008105
NEARUSDT,1772294400004,-0.00001314
NEARUSDT,1772323200005,-0.0002918
NEARUSDT,1772352000000,0.0001
NEARUSDT,1772380800002,-0.00007039
NEARUSDT,1772409600001,0.0001
NEARUSDT,1772438400007,-0.00007306
NEARUSDT,1772467200000,-0.00025037
NEARUSDT,1772496000000,0.00003853
NEARUSDT,1772524800000,-0.00000805
NEARUSDT,1772553600007,-0.00009253
NEARUSDT,1772582400001,-0.00011318
NEARUSDT,1772611200005,0.00004586
NEARUSDT,1772640000000,-0.00007261
NEARUSDT,1772668800000,0.0001
NEARUSDT,1772697600000,-0.00012796
NEARUSDT,1772726400004,0.00008235
NEARUSDT,1772755200001,0.0001
NEARUSDT,1772784000001,-0.00007643
NEARUSDT,1772812800004,0.0001
NEARUSDT,1772841600001,0.0001
NEARUSDT,1772870400012,0.00000908
NEARUSDT,1772899200001,-0.00009201
NEARUSDT,1772928000001,-0.00012007
NEARUSDT,1772956800000,-0.00002081
NEARUSDT,1772985600002,-0.00051825
NEARUSDT,1773014400000,-0.00041414
NEARUSDT,1773043200004,-0.00047239
NEARUSDT,1773072000003,-0.00013006
NEARUSDT,1773100800012,-0.00013051
NEARUSDT,1773129600002,-0.00006402
NEARUSDT,1773158400001,-0.00009156
NEARUSDT,1773187200000,0.0001
NEARUSDT,1773216000007,0.00009467
NEARUSDT,1773244800010,0.00008155
NEARUSDT,1773273600000,0.0001
NEARUSDT,1773302400000,-0.00013089
NEARUSDT,1773331200000,-0.00013636
NEARUSDT,1773360000006,-0.00007413
NEARUSDT,1773388800001,0.0001
NEARUSDT,1773417600000,0.00005006
NEARUSDT,1773446400001,0.0001
NEARUSDT,1773475200000,0.0001
NEARUSDT,1773504000007,0.0001
NEARUSDT,1773532800000,0.0001
NEARUSDT,1773561600000,0.00000425
NEARUSDT,1773590400000,0.0000791
NEARUSDT,1773619200000,-0.00000896
NEARUSDT,1773648000010,0.0001
NEARUSDT,1773676800000,0.0001
NEARUSDT,1773705600000,0.0001
NEARUSDT,1773734400002,0.0001
NEARUSDT,1773763200011,0.0001
NEARUSDT,1773792000002,0.0001
NEARUSDT,1773820800002,0.00003157
NEARUSDT,1773849600005,-0.00005685
NEARUSDT,1773878400000,0.0001
NEARUSDT,1773907200003,0.0001
NEARUSDT,1773936000003,0.0001
NEARUSDT,1773964800002,0.00006926
NEARUSDT,1773993600000,0.00000133
NEARUSDT,1774022400000,0.00003283
NEARUSDT,1774051200000,0.00008549
NEARUSDT,1774080000000,0.00008884
NEARUSDT,1774108800014,0.00007594
NEARUSDT,1774137600012,0.00003626
NEARUSDT,1774166400007,0.0000824
NEARUSDT,1774195200002,0.0001
NEARUSDT,1774224000000,-0.00005405
NEARUSDT,1774252800003,0.00004049
NEARUSDT,1774281600002,-0.00017435
NEARUSDT,1774310400000,0.00005065
NEARUSDT,1774339200000,0.0001
NEARUSDT,1774368000003,0.00004266
NEARUSDT,1774396800000,0.00002961
NEARUSDT,1774425600000,-0.00019244
NEARUSDT,1774454400013,-0.00017882
NEARUSDT,1774483200001,0.0001
NEARUSDT,1774512000001,0.00004872
NEARUSDT,1774540800000,0.0001
NEARUSDT,1774569600006,0.0001
NEARUSDT,1774598400000,0.00008857
NEARUSDT,1774627200000,0.0001
NEARUSDT,1774656000005,0.0001
NEARUSDT,1774684800005,0.00003513
NEARUSDT,1774713600000,-0.00007393
NEARUSDT,1774742400003,0.00004691
NEARUSDT,1774771200001,0.0001
NEARUSDT,1774800000000,0.0001
NEARUSDT,1774828800000,0.0001
NEARUSDT,1774857600005,0.0001
NEARUSDT,1774886400000,-0.00000087
NEARUSDT,1774915200000,0.0001
NEARUSDT,1774944000000,-0.00014302
NEARUSDT,1774972800000,0.00001396
NEARUSDT,1775001600000,0.00003062
NEARUSDT,1775030400000,0.00008758
NEARUSDT,1775059200000,-0.00006061
NEARUSDT,1775088000003,-0.00001414
NEARUSDT,1775116800001,0.00005489
NEARUSDT,1775145600001,0.0001
NEARUSDT,1775174400000,0.00000375
NEARUSDT,1775203200008,0.0001
NEARUSDT,1775232000008,0.0000554
NEARUSDT,1775260800000,0.00004875
NEARUSDT,1775289600003,0.00005122
NEARUSDT,1775318400000,0.0001
NEARUSDT,1775347200008,0.00006476
NEARUSDT,1775376000000,0.00004772
NEARUSDT,1775404800001,0.00004187
NEARUSDT,1775433600004,-0.00008036
NEARUSDT,1775462400001,0.00002401
NEARUSDT,1775491200003,0.0001
NEARUSDT,1775520000000,0.00006802
NEARUSDT,1775548800000,-0.00002093
NEARUSDT,1775577600000,0.0001
NEARUSDT,1775606400000,0.00007652
NEARUSDT,1775635200000,0.0000464
NEARUSDT,1775664000006,0.0001
NEARUSDT,1775692800000,-0.00007873
NEARUSDT,1775721600010,0.00005948
NEARUSDT,1775750400001,0.0001
NEARUSDT,1775779200000,-0.00005769
NEARUSDT,1775808000005,0.00008148
NEARUSDT,1775836800000,0.00009197
NEARUSDT,1775865600000,-0.00019899
NEARUSDT,1775894400000,-0.0002162
NEARUSDT,1775923200003,0.0001
NEARUSDT,1775952000000,0.0001
NEARUSDT,1775980800000,0.0001
NEARUSDT,1776009600000,0.0001
NEARUSDT,1776038400011,0.0001
NEARUSDT,1776067200006,0.00003371
NEARUSDT,1776096000000,0.00007339
NEARUSDT,1776124800005,-0.00003101
NEARUSDT,1776153600003,-0.00003073
NEARUSDT,1776182400001,-0.00003264
NEARUSDT,1776211200000,0.0001
NEARUSDT,1776240000000,-0.00003763
NEARUSDT,1776268800000,0.00001694
NEARUSDT,1776297600013,0.0001
NEARUSDT,1776326400000,0.00005652
NEARUSDT,1776355200000,0.0001
NEARUSDT,1776384000001,0.00006644
NEARUSDT,1776412800011,-0.00002376
NEARUSDT,1776441600001,0.0001
NEARUSDT,1776470400001,0.0001
NEARUSDT,1776499200006,-0.00003949
NEARUSDT,1776528000000,0.00000313
NEARUSDT,1776556800002,-0.00001321
NEARUSDT,1776585600010,0.0001
NEARUSDT,1776614400001,-0.00012364
NEARUSDT,1776643200000,0.0001
NEARUSDT,1776672000000,0.0001
NEARUSDT,1776700800001,-0.00009963
NEARUSDT,1776729600000,-0.00004873
NEARUSDT,1776758400004,0.00007969
NEARUSDT,1776787200004,0.0001
NEARUSDT,1776816000004,0.0000291
NEARUSDT,1776844800000,-0.00005468
NEARUSDT,1776873600000,-0.00000848
NEARUSDT,1776902400000,0.00003624
NEARUSDT,1776931200000,0.00006775
NEARUSDT,1776960000004,-0.00000145
NEARUSDT,1776988800006,0.00003932
NEARUSDT,1777017600000,0.00009466
NEARUSDT,1777046400000,0.0001
NEARUSDT,1777075200000,-0.0000684
NEARUSDT,1777104000002,-0.00003702
NEARUSDT,1777132800002,0.00005091
NEARUSDT,1777161600003,0.0001
NEARUSDT,1777190400007,0.0000955
NEARUSDT,1777219200004,0.0001
NEARUSDT,1777248000004,-0.00002769
NEARUSDT,1777276800000,0.0001
NEARUSDT,1777305600002,0.0001
NEARUSDT,1777334400001,0.0001
NEARUSDT,1777363200000,0.0001
NEARUSDT,1777392000004,0.0001
NEARUSDT,1777420800006,-0.00001741
NEARUSDT,1777449600011,0.00002564
NEARUSDT,1777478400003,0.00009127
NEARUSDT,1777507200002,0.0001
NEARUSDT,1777536000000,0.00002574
NEARUSDT,1777564800000,0.00003478
NEARUSDT,1777593600000,0.00005755
NEARUSDT,1777622400005,-0.00012613
NEARUSDT,1777651200000,-0.00000987
NEARUSDT,1777680000006,0.0001
NEARUSDT,1777708800000,-0.00001875
NEARUSDT,1777737600010,-0.00007492
NEARUSDT,1777766400005,0.00004448
NEARUSDT,1777795200003,0.00004387
NEARUSDT,1777824000000,-0.00007899
NEARUSDT,1777852800000,0.00000349
NEARUSDT,1777881600000,0.00007155
NEARUSDT,1777910400003,-0.00017467
NEARUSDT,1777939200000,0.00008018
NEARUSDT,1777968000011,-0.00015264
NEARUSDT,1777996800000,0.00006071
NEARUSDT,1778025600010,0.00007898
NEARUSDT,1778054400000,0.0001
NEARUSDT,1778083200002,0.0001
NEARUSDT,1778112000000,0.00007241
NEARUSDT,1778140800000,0.00009347
NEARUSDT,1778169600004,0.0001
NEARUSDT,1778198400003,0.0001
NEARUSDT,1778227200002,0.0000277
NEARUSDT,1778256000003,-0.00005071
NEARUSDT,1778284800000,-0.00006752
NEARUSDT,1778313600001,0.00001906
NEARUSDT,1778342400002,0.00006895
NEARUSDT,1778371200003,-0.00000961
NEARUSDT,1778400000000,0.00009163
NEARUSDT,1778428800000,0.00005061
NEARUSDT,1778457600000,-0.000021
NEARUSDT,1778486400000,-0.00001464
NEARUSDT,1778515200000,0.00007064
NEARUSDT,1778544000002,-0.00006998
NEARUSDT,1778572800008,-0.00010546
NEARUSDT,1778601600000,-0.00006632
NEARUSDT,1778630400010,-0.00019112
NEARUSDT,1778659200003,-0.00002712
NEARUSDT,1778688000001,0.00001911
NEARUSDT,1778716800005,0.0001
NEARUSDT,1778745600000,-0.00001461
NEARUSDT,1778774400000,0.00008945
NEARUSDT,1778803200000,0.00004865
NEARUSDT,1778832000016,0.00007108
NEARUSDT,1778860800012,0.00002677
NEARUSDT,1778889600005,0.00007512
NEARUSDT,1778918400000,0.00000615
NEARUSDT,1778947200005,0.00000973
NEARUSDT,1778976000000,0.00001033
NEARUSDT,1779004800010,0.00006842
NEARUSDT,1779033600009,0.0001
NEARUSDT,1779062400007,0.00001706
NEARUSDT,1779091200002,0.00007723
NEARUSDT,1779120000007,-0.00007327
NEARUSDT,1779148800001,-0.00008626
NEARUSDT,1779177600001,0.00005151
NEARUSDT,1779206400009,-0.00002605
NEARUSDT,1779235200001,0.0001
NEARUSDT,1779264000006,0.0001
NEARUSDT,1779292800000,0.00005106
NEARUSDT,1779321600001,-0.00000996
NEARUSDT,1779350400000,-0.00005657
NEARUSDT,1779379200000,0.00007628
NEARUSDT,1779408000000,0.00009556
NEARUSDT,1779436800004,0.00007216
NEARUSDT,1779465600001,0.0001
NEARUSDT,1779494400009,0.0001
NEARUSDT,1779523200001,0.0001
NEARUSDT,1779552000003,-0.0000721
NEARUSDT,1779580800011,0.00008222
NEARUSDT,1779609600008,0.0001
NEARUSDT,1779638400000,0.00000513
NEARUSDT,1779667200001,0.00007598
NEARUSDT,1779696000001,0.00002388
NEARUSDT,1779724800001,0.00007939
NEARUSDT,1779753600000,-0.00004244
NEARUSDT,1779782400003,-0.00010463
NEARUSDT,1779811200000,-0.0001436
NEARUSDT,1779840000000,0.0001
NEARUSDT,1779868800004,0.0001
NEARUSDT,1779897600009,0.0001
NEARUSDT,1779926400001,0.0001
NEARUSDT,1779955200000,0.0001
NEARUSDT,1779984000001,0.0001
NEARUSDT,1780012800000,0.00001232
NEARUSDT,1780041600001,0.00003929
NEARUSDT,1780070400008,0.0001
NEARUSDT,1780099200000,0.0001
NEARUSDT,1780128000001,0.0001
NEARUSDT,1780156800000,0.0001
NEARUSDT,1780185600000,0.0001
NEARUSDT,1780214400000,-0.00003207
NEARUSDT,1780243200004,0.00005942
NEARUSDT,1780272000001,0.00007756
NEARUSDT,1780300800001,-0.00007079
NEARUSDT,1780329600000,-0.00000015
NEARUSDT,1780358400000,-0.00003849
NEARUSDT,1780387200000,0.0001
NEARUSDT,1780416000000,0.00001766
NEARUSDT,1780444800013,-0.00000493
NEARUSDT,1780473600000,0.00002088
NEARUSDT,1780502400001,-0.00005487
NEARUSDT,1780531200009,0.00002641
NEARUSDT,1780560000000,0.00005967
NEARUSDT,1780588800003,-0.00001968
NEARUSDT,1780617600000,0.0001
NEARUSDT,1780646400004,0.0001
NEARUSDT,1780675200009,0.00004878
NEARUSDT,1780704000000,-0.0000646
NEARUSDT,1780732800000,0.00003146
NEARUSDT,1780761600000,0.0001
NEARUSDT,1780790400001,0.0001
NEARUSDT,1780819200000,0.00001896
NEARUSDT,1780848000000,-0.00006212
NEARUSDT,1780876800000,-0.00006148
NEARUSDT,1780905600005,-0.00008138
NEARUSDT,1780934400004,-0.00009048
NEARUSDT,1780963200000,0.00004137
NEARUSDT,1780992000000,0.0000212
NEARUSDT,1781020800001,0.00003044
NEARUSDT,1781049600001,0.00003509
NEARUSDT,1781078400011,0.00002322
NEARUSDT,1781107200009,-0.00001528
NEARUSDT,1781136000000,0.00008909
NEARUSDT,1781164800004,0.00005871
NEARUSDT,1781193600000,0.0001
NEARUSDT,1781222400000,0.00002388
NEARUSDT,1781251200000,0.0001
NEARUSDT,1781280000000,-0.00000971
NEARUSDT,1781308800000,0.00006653
NEARUSDT,1781337600007,0.00000744
NEARUSDT,1781366400002,0.00006147
NEARUSDT,1781395200005,0.0001
NEARUSDT,1781424000009,0.00004602
NEARUSDT,1781452800000,0.00007517
NEARUSDT,1781481600013,0.00002632
NEARUSDT,1781510400013,-0.00002173
NEARUSDT,1781539200004,-0.00000457
NEARUSDT,1781568000000,0.0001
NEARUSDT,1781596800000,-0.00005828
NEARUSDT,1781625600001,0.00006556
NEARUSDT,1781654400012,-0.00008428
NEARUSDT,1781683200000,-0.00006174
NEARUSDT,1781712000000,-0.00006181
NEARUSDT,1781740800002,0.00007171
NEARUSDT,1781769600000,-0.00000864
NEARUSDT,1781798400001,-0.00002033
NEARUSDT,1781827200005,0.00006558
NEARUSDT,1781856000001,-0.00006646
NEARUSDT,1781884800001,-0.00004996
NEARUSDT,1781913600001,0.00001176
NEARUSDT,1781942400000,-0.00002072
NEARUSDT,1781971200001,-0.00006934
NEARUSDT,1782000000000,-0.00003695
NEARUSDT,1782028800000,-0.00000651
NEARUSDT,1782057600000,-0.00011018
NEARUSDT,1782086400000,-0.00007573
NEARUSDT,1782115200000,0.00007688
NEARUSDT,1782144000002,-0.00002375
NEARUSDT,1782172800003,0.00007873
NEARUSDT,1782201600005,0.00005791
NEARUSDT,1782230400002,0.00007325
NEARUSDT,1782259200005,0.0001
NEARUSDT,1782288000005,0.00005344
NEARUSDT,1782316800003,0.00003296
NEARUSDT,1782345600000,0.00000543
NEARUSDT,1782374400000,-0.00000102
NEARUSDT,1782403200000,0.0001
NEARUSDT,1782432000010,0.0001
NEARUSDT,1782460800002,0.0001
NEARUSDT,1782489600000,0.00006803
NEARUSDT,1782518400000,0.0001
NEARUSDT,1782547200000,0.0001
NEARUSDT,1782576000009,-0.00002028
NEARUSDT,1782604800000,-0.00010329
NEARUSDT,1782633600013,-0.00002818
NEARUSDT,1782662400000,0.0001
NEARUSDT,1782691200006,0.0001
NEARUSDT,1782720000013,0.0001
NEARUSDT,1782748800004,0.0001
NEARUSDT,1782777600000,0.0001
NEARUSDT,1782806400000,0.0001
NEARUSDT,1782835200005,0.0001
NEARUSDT,1782864000000,0.0001
NEARUSDT,1782892800000,0.0001
NEARUSDT,1782921600000,0.0001
NEARUSDT,1782950400000,0.00001485
NEARUSDT,1782979200000,0.0001
NEARUSDT,1783008000000,0.00009236
NEARUSDT,1783036800000,0.0001
NEARUSDT,1783065600007,0.0001
NEARUSDT,1783094400000,0.00001894
NEARUSDT,1783123200000,-0.00009432
NEARUSDT,1783152000000,0.0001
NEARUSDT,1783180800007,-0.00000416
NEARUSDT,1783209600003,0.00000888
NEARUSDT,1783238400001,0.0001
NEARUSDT,1783267200000,0.00005211
NEARUSDT,1783296000000,0.00006141
NEARUSDT,1783324800000,0.00000309
NEARUSDT,1783353600000,0.0001
NEARUSDT,1783382400000,0.00000264
NEARUSDT,1783411200000,-0.00000742
NEARUSDT,1783440000000,0.0001
NEARUSDT,1783468800000,0.0001
NEARUSDT,1783497600000,-0.00000755
NEARUSDT,1783526400000,-0.00008913
NEARUSDT,1783555200000,-0.00012107
NEARUSDT,1783584000001,0.0001
NEARUSDT,1783612800001,0.0001
NEARUSDT,1783641600000,0.0001
NEARUSDT,1783670400005,0.0001
NEARUSDT,1783699200005,0.00009722
NEARUSDT,1783728000000,0.00002434
NEARUSDT,1783756800000,0.00004749
NEARUSDT,1783785600000,0.0001
NEARUSDT,1783814400000,0.0001
NEARUSDT,1783843200003,0.00009298
NEARUSDT,1783872000000,0.00001988
NEARUSDT,1783900800000,0.0001
NEARUSDT,1783929600001,0.0001
NEARUSDT,1783958400004,0.0001
NEARUSDT,1783987200000,0.0000707
NEARUSDT,1784016000002,0.00002426
NEARUSDT,1784044800001,-0.00010911
NEARUSDT,1784073600005,0.0001
NEARUSDT,1784102400002,-0.0000155
NEARUSDT,1784131200000,0.0000081
NEARUSDT,1784160000000,0.00000861
NEARUSDT,1784188800003,0.00002682
NEARUSDT,1784217600002,0.00004141
NEARUSDT,1784246400000,0.00004958
NEARUSDT,1784275200010,0.0001
NEARUSDT,1784304000004,-0.00002609
NEARUSDT,1784332800000,0.00000174
NEARUSDT,1784361600000,0.00002771
NEARUSDT,1784390400001,-0.00006199
NEARUSDT,1784419200003,0.00002785
NEARUSDT,1784448000000,0.00006492
NEARUSDT,1784476800001,0.00003102
NEARUSDT,1784505600000,0.0001
NEARUSDT,1784534400001,0.00006404
NEARUSDT,1784563200004,0.00003365
NEARUSDT,1784592000001,0.0001
NEARUSDT,1784620800000,0.0001
NEARUSDT,1784649600002,-0.00005187
NEARUSDT,1784678400000,-0.00003531
NEARUSDT,1784707200000,0.00003693
NEARUSDT,1784736000001,-0.00018836
NEARUSDT,1784764800000,0.00000452
NEARUSDT,1784793600000,-0.00006394
NEARUSDT,1784822400000,0.0001
NEARUSDT,1784851200000,0.0001
NEARUSDT,1784880000000,0.0001
NEARUSDT,1784908800008,0.00008922
NEARUSDT,1784937600002,-0.00001128
NEARUSDT,1784966400000,0.0001
NEARUSDT,1784995200000,-0.00005614
NEARUSDT,1785024000000,-0.00006161
NEARUSDT,1785052800002,-0.0000385
NEARUSDT,1785081600000,0.00005523
NEARUSDT,1785110400010,0.0001
NEARUSDT,1785139200000,0.0001
NEARUSDT,1785168000001,0.0001
NEARUSDT,1785196800000,0.00007148
NEARUSDT,1785225600000,0.00000296
NEARUSDT,1785254400000,0.00005144
NEARUSDT,1785283200000,0.0001
NEARUSDT,1785312000002,0.0001
NEARUSDT,1785340800000,0.00004585
NEARUSDT,1785369600000,0.00002979
NEARUSDT,1785398400000,-0.00003354
NEARUSDT,1785427200000,0.000016
NEARUSDT,1785456000003,0.00002075
NEARUSDT,1785484800000,0.0001
NEARUSDT,1785513600000,-0.00014729
