symbol,timestamp_ms,funding_rate
BNBUSDT,1609459200002,0.0005917
BNBUSDT,1609488000006,0.00056828
BNBUSDT,1609516800003,0.00087348
BNBUSDT,1609545600000,0.00011634
BNBUSDT,1609574400000,0.00033705
BNBUSDT,1609603200006,0.00067125
BNBUSDT,1609632000018,0.00062325
BNBUSDT,1609660800000,0.00137736
BNBUSDT,1609689600002,0.00189349
BNBUSDT,1609718400000,0.00287483
BNBUSDT,1609747200000,0.00343153
BNBUSDT,1609776000000,0.00112134
BNBUSDT,1609804800020,0.00089558
BNBUSDT,1609833600003,0.00039534
BNBUSDT,1609862400003,0.00088404
BNBUSDT,1609891200010,0.00124305
BNBUSDT,1609920000003,0.00257128
BNBUSDT,1609948800000,0.00282457
BNBUSDT,1609977600007,0.00138368
BNBUSDT,1610006400000,0.00157182
BNBUSDT,1610035200004,0.00183982
BNBUSDT,1610064000000,0.00136268
BNBUSDT,1610092800000,0.00021238
BNBUSDT,1610121600000,0.00065217
BNBUSDT,1610150400009,0.00030532
BNBUSDT,1610179200004,0.00011567
BNBUSDT,1610208000000,0.00023037
BNBUSDT,1610236800000,0.00139198
BNBUSDT,1610265600005,0.0009064
BNBUSDT,1610294400000,0.0000378
BNBUSDT,1610323200000,0
BNBUSDT,1610352000012,0
BNBUSDT,1610380800000,0
BNBUSDT,1610409600000,0
BNBUSDT,1610438400000,0
BNBUSDT,1610467200008,0
BNBUSDT,1610496000001,0
BNBUSDT,1610524800000,0.00015524
BNBUSDT,1610553600003,0.00043853
BNBUSDT,1610582400000,0.00027043
BNBUSDT,1610611200012,0.00084769
BNBUSDT,1610640000000,0.00092805
BNBUSDT,1610668800002,0.00054411
BNBUSDT,1610697600000,0.0007094
BNBUSDT,1610726400004,0.00078102
BNBUSDT,1610755200000,0.00030613
BNBUSDT,1610784000008,0.00063134
BNBUSDT,1610812800000,0.00117698
BNBUSDT,1610841600009,0.00117036
BNBUSDT,1610870400000,0.00073946
BNBUSDT,1610899200001,0.00083505
BNBUSDT,1610928000000,0.00037017
BNBUSDT,1610956800004,0.00127435
BNBUSDT,1610985600000,0.00172842
BNBUSDT,1611014400000,0.00126416
BNBUSDT,1611043200005,0.00227175
BNBUSDT,1611072000012,0.00118764
BNBUSDT,1611100800012,0
BNBUSDT,1611129600001,0
BNBUSDT,1611158400001,0
BNBUSDT,1611187200000,0.00022178
BNBUSDT,1611216000000,0.00020751
BNBUSDT,1611244800004,0.00001846
BNBUSDT,1611273600012,0.00030046
BNBUSDT,1611302400003,0
BNBUSDT,1611331200001,0
BNBUSDT,1611360000000,0
BNBUSDT,1611388800002,-0.00015448
BNBUSDT,1611417600000,0
BNBUSDT,1611446400001,0.00029714
BNBUSDT,1611475200011,0.00012677
BNBUSDT,1611504000005,0.00069247
BNBUSDT,1611532800007,0.00039638
BNBUSDT,1611561600012,0.00079754
BNBUSDT,1611590400000,0.00056007
BNBUSDT,1611619200007,0.00061107
BNBUSDT,1611648000000,0.00014018
BNBUSDT,1611676800000,0.00026739
BNBUSDT,1611705600000,0.00010778
BNBUSDT,1611734400011,0
BNBUSDT,1611763200003,0.00038909
BNBUSDT,1611792000000,0.00006272
BNBUSDT,1611820800000,0.00025273
BNBUSDT,1611849600000,0
BNBUSDT,1611878400009,-0.00071147
BNBUSDT,1611907200000,0
BNBUSDT,1611936000000,0.00150672
BNBUSDT,1611964800000,0
BNBUSDT,1611993600000,0
BNBUSDT,1612022400000,-0.00038647
BNBUSDT,1612051200009,0
BNBUSDT,1612080000000,-0.00021993
BNBUSDT,1612108800000,-0.00009557
BNBUSDT,1612137600001,0
BNBUSDT,1612166400014,0
BNBUSDT,1612195200000,-0.00210508
BNBUSDT,1612224000000,0
BNBUSDT,1612252800006,0.00028841
BNBUSDT,1612281600000,-0.00140269
BNBUSDT,1612310400009,-0.00137817
BNBUSDT,1612339200006,0
BNBUSDT,1612368000006,-0.00000341
BNBUSDT,1612396800005,-0.00018986
BNBUSDT,1612425600000,0
BNBUSDT,1612454400011,-0.00028705
BNBUSDT,1612483200009,-0.00007679
BNBUSDT,1612512000004,0.00018485
BNBUSDT,1612540800000,0.00028044
BNBUSDT,1612569600008,-0.00057475
BNBUSDT,1612598400009,0
BNBUSDT,1612627200000,0.00071564
BNBUSDT,1612656000000,-0.0002485
BNBUSDT,1612684800005,-0.000665
BNBUSDT,1612713600001,-0.00015453
BNBUSDT,1612742400000,-0.00033902
BNBUSDT,1612771200001,-0.00177124
BNBUSDT,1612800000000,0.00319303
BNBUSDT,1612828800010,0.0007417
BNBUSDT,1612857600006,0.00326459
BNBUSDT,1612886400007,0.00147289
BNBUSDT,1612915200009,0.00336062
BNBUSDT,1612944000014,0.00259611
BNBUSDT,1612972800005,0.00269911
BNBUSDT,1613001600000,0.00131536
BNBUSDT,1613030400000,0.00142378
BNBUSDT,1613059200000,0.0030064
BNBUSDT,1613088000000,0.00255821
BNBUSDT,1613116800000,0.00221925
BNBUSDT,1613145600000,0.00253196
BNBUSDT,1613174400001,0.00205233
BNBUSDT,1613203200003,0.00226669
BNBUSDT,1613232000000,0.0003426
BNBUSDT,1613260800013,0.0023488
BNBUSDT,1613289600000,0.00291102
BNBUSDT,1613318400008,0.00171654
BNBUSDT,1613347200000,0.00210067
BNBUSDT,1613376000006,0
BNBUSDT,1613404800000,0
BNBUSDT,1613433600001,0.00001485
BNBUSDT,1613462400000,0.00075155
BNBUSDT,1613491200010,0.00098132
BNBUSDT,1613520000005,0.0004757
BNBUSDT,1613548800010,0.00050673
BNBUSDT,1613577600008,0.00173046
BNBUSDT,1613606400012,0.00190499
BNBUSDT,1613635200000,0.00167118
BNBUSDT,1613664000009,0.00144754
BNBUSDT,1613692800010,0.00090562
BNBUSDT,1613721600002,0.00201514
BNBUSDT,1613750400008,0.00397817
BNBUSDT,1613779200000,0.002824
BNBUSDT,1613808000009,0.00240137
BNBUSDT,1613836800000,0.00441898
BNBUSDT,1613865600007,0.00201279
BNBUSDT,1613894400012,0.0006923
BNBUSDT,1613923200001,0.00043311
BNBUSDT,1613952000006,0.00076508
BNBUSDT,1613980800002,0.00121046
BNBUSDT,1614009600000,0
BNBUSDT,1614038400000,0.00029882
BNBUSDT,1614067200006,0
BNBUSDT,1614096000000,-0.00044901
BNBUSDT,1614124800012,-0.00014344
BNBUSDT,1614153600016,-0.00089659
BNBUSDT,1614182400011,0
BNBUSDT,1614211200007,0
BNBUSDT,1614240000000,0.00028644
BNBUSDT,1614268800010,0.00013543
BNBUSDT,1614297600000,0
BNBUSDT,1614326400025,-0.00059456
BNBUSDT,1614355200010,0
BNBUSDT,1614384000001,0
BNBUSDT,1614412800000,0.00009595
BNBUSDT,1614441600000,0
BNBUSDT,1614470400021,0
BNBUSDT,1614499200009,0
BNBUSDT,1614528000000,0.0001051
BNBUSDT,1614556800000,0
BNBUSDT,1614585600003,0
BNBUSDT,1614614400001,0.00003391
BNBUSDT,1614643200000,0
BNBUSDT,1614672000000,0
BNBUSDT,1614700800004,0.00034725
BNBUSDT,1614729600000,0
BNBUSDT,1614758400016,0
BNBUSDT,1614787200000,0.0004679
BNBUSDT,1614816000000,0.00033678
BNBUSDT,1614844800015,0.00002204
BNBUSDT,1614873600001,0.0001561
BNBUSDT,1614902400000,0
BNBUSDT,1614931200002,0
BNBUSDT,1614960000008,0
BNBUSDT,1614988800000,0
BNBUSDT,1615017600000,0
BNBUSDT,1615046400000,0
BNBUSDT,1615075200006,0
BNBUSDT,1615104000005,0.00012207
BNBUSDT,1615132800008,0.00085147
BNBUSDT,1615161600000,0.00061761
BNBUSDT,1615190400000,0.00024577
BNBUSDT,1615219200006,0.00084219
BNBUSDT,1615248000000,0.00060021
BNBUSDT,1615276800000,0.00108241
BNBUSDT,1615305600000,0.00156346
BNBUSDT,1615334400009,0.0009945
BNBUSDT,1615363200006,0.00019159
BNBUSDT,1615392000008,0.00095313
BNBUSDT,1615420800000,0.00021756
BNBUSDT,1615449600000,0.00072803
BNBUSDT,1615478400014,0.0018102
BNBUSDT,1615507200002,0.00184398
BNBUSDT,1615536000005,0.00108321
BNBUSDT,1615564800011,0.00048915
BNBUSDT,1615593600000,0.00063652
BNBUSDT,1615622400002,0.00026329
BNBUSDT,1615651200000,0.00151595
BNBUSDT,1615680000011,0.00121028
BNBUSDT,1615708800000,0.00113247
BNBUSDT,1615737600000,0.00101075
BNBUSDT,1615766400012,0.00111632
BNBUSDT,1615795200016,0.00120751
BNBUSDT,1615824000030,0.00017538
BNBUSDT,1615852800005,0.00075049
BNBUSDT,1615881600008,0
BNBUSDT,1615910400012,0.00032876
BNBUSDT,1615939200010,0.00069949
BNBUSDT,1615968000000,0.00077658
BNBUSDT,1615996800009,0.0008253
BNBUSDT,1616025600001,0.00068787
BNBUSDT,1616054400000,0.00033243
BNBUSDT,1616083200000,0.00101434
BNBUSDT,1616112000011,0.00044185
BNBUSDT,1616140800001,0.0005089
BNBUSDT,1616169600000,0.00078686
BNBUSDT,1616198400000,0.0006074
BNBUSDT,1616227200000,0.00082919
BNBUSDT,1616256000007,0.00174
BNBUSDT,1616284800000,0.00087788
BNBUSDT,1616313600000,0.00054596
BNBUSDT,1616342400000,0.00035663
BNBUSDT,1616371200007,0.00071726
BNBUSDT,1616400000001,0.00064104
BNBUSDT,1616428800000,0.00085694
BNBUSDT,1616457600000,0.00016046
BNBUSDT,1616486400010,0.00006827
BNBUSDT,1616515200023,0.00002292
BNBUSDT,1616544000002,0.00027494
BNBUSDT,1616572800000,0.00013666
BNBUSDT,1616601600000,0
BNBUSDT,1616630400000,0
BNBUSDT,1616659200000,0
BNBUSDT,1616688000000,-0.00042256
BNBUSDT,1616716800008,0
BNBUSDT,1616745600000,0
BNBUSDT,1616774400012,-0.00054376
BNBUSDT,1616803200018,0
BNBUSDT,1616832000000,-0.00032468
BNBUSDT,1616860800001,0
BNBUSDT,1616889600000,0.00008039
BNBUSDT,1616918400000,0.00021146
BNBUSDT,1616947200005,0.00015098
BNBUSDT,1616976000003,0.0001046
BNBUSDT,1617004800000,0.00010607
BNBUSDT,1617033600000,0.00065241
BNBUSDT,1617062400018,0.00030035
BNBUSDT,1617091200012,0.00067628
BNBUSDT,1617120000001,0.00098543
BNBUSDT,1617148800000,0.00053492
BNBUSDT,1617177600000,0.00079309
BNBUSDT,1617206400000,0.00039337
BNBUSDT,1617235200025,0.00038678
BNBUSDT,1617264000011,0.00063875
BNBUSDT,1617292800004,0.00083402
BNBUSDT,1617321600000,0.00041167
BNBUSDT,1617350400000,0.00147709
BNBUSDT,1617379200000,0.00125716
BNBUSDT,1617408000003,0.00117138
BNBUSDT,1617436800000,0.00141924
BNBUSDT,1617465600000,0.00054845
BNBUSDT,1617494400000,0.00010345
BNBUSDT,1617523200000,0.00022305
BNBUSDT,1617552000016,0.00041287
BNBUSDT,1617580800000,0.00015106
BNBUSDT,1617609600001,0.00002577
BNBUSDT,1617638400001,0.00164929
BNBUSDT,1617667200010,0.00073497
BNBUSDT,1617696000000,0.00195528
BNBUSDT,1617724800003,0.00031634
BNBUSDT,1617753600000,0.00071335
BNBUSDT,1617782400006,0.00000712
BNBUSDT,1617811200004,0.00049727
BNBUSDT,1617840000013,0.00010663
BNBUSDT,1617868800003,0.00061145
BNBUSDT,1617897600005,0.00022063
BNBUSDT,1617926400000,0.00068515
BNBUSDT,1617955200004,0.00046039
BNBUSDT,1617984000004,0.00010097
BNBUSDT,1618012800011,0
BNBUSDT,1618041600005,0.00143481
BNBUSDT,1618070400000,0.00121535
BNBUSDT,1618099200004,0.00165386
BNBUSDT,1618128000000,0.00142916
BNBUSDT,1618156800000,0.00123461
BNBUSDT,1618185600001,0.00070132
BNBUSDT,1618214400001,0.00225006
BNBUSDT,1618243200008,0.00127767
BNBUSDT,1618272000003,0.00135657
BNBUSDT,1618300800008,0.00252418
BNBUSDT,1618329600008,0.00240702
BNBUSDT,1618358400008,0.00265731
BNBUSDT,1618387200000,0.00292519
BNBUSDT,1618416000012,0.00138875
BNBUSDT,1618444800006,0.00154067
BNBUSDT,1618473600000,0.00153437
BNBUSDT,1618502400008,0.0016646
BNBUSDT,1618531200008,0.00294158
BNBUSDT,1618560000000,0.00202932
BNBUSDT,1618588800002,0.00203238
BNBUSDT,1618617600008,0.00135713
BNBUSDT,1618646400000,0.00156647
BNBUSDT,1618675200001,0.00088307
BNBUSDT,1618704000006,0.00067694
BNBUSDT,1618732800004,-0.00030474
BNBUSDT,1618761600000,0
BNBUSDT,1618790400000,0
BNBUSDT,1618819200000,0.00044766
BNBUSDT,1618848000009,0.00047664
BNBUSDT,1618876800004,0
BNBUSDT,1618905600000,0
BNBUSDT,1618934400001,0
BNBUSDT,1618963200013,0.0006092
BNBUSDT,1618992000001,0.00032157
BNBUSDT,1619020800002,0.0004063
BNBUSDT,1619049600000,0.00047857
BNBUSDT,1619078400000,0.00061757
BNBUSDT,1619107200001,0.00048198
BNBUSDT,1619136000002,0.00009468
BNBUSDT,1619164800009,0.00059952
BNBUSDT,1619193600001,0.00003041
BNBUSDT,1619222400019,0
BNBUSDT,1619251200001,0.00005065
BNBUSDT,1619280000011,0.00020691
BNBUSDT,1619308800000,0
BNBUSDT,1619337600010,0
BNBUSDT,1619366400000,0
BNBUSDT,1619395200003,0.00033529
BNBUSDT,1619424000002,0.00015626
BNBUSDT,1619452800004,0.00025275
BNBUSDT,1619481600000,0
BNBUSDT,1619510400000,0
BNBUSDT,1619539200009,0.00046534
BNBUSDT,1619568000000,0.00038386
BNBUSDT,1619596800000,0.00037287
BNBUSDT,1619625600001,0.00038748
BNBUSDT,1619654400004,0.00012761
BNBUSDT,1619683200013,0
BNBUSDT,1619712000003,0.00066704
BNBUSDT,1619740800004,0.00024164
BNBUSDT,1619769600019,0.00075987
BNBUSDT,1619798400003,0.00013237
BNBUSDT,1619827200002,0.00067731
BNBUSDT,1619856000006,0.00081693
BNBUSDT,1619884800000,0.00044737
BNBUSDT,1619913600010,0.00084511
BNBUSDT,1619942400011,0.00037474
BNBUSDT,1619971200007,0.00006867
BNBUSDT,1620000000003,0.00012795
BNBUSDT,1620028800000,0.00079033
BNBUSDT,1620057600043,0.00073129
BNBUSDT,1620086400004,0.00075259
BNBUSDT,1620115200003,0.000091
BNBUSDT,1620144000011,0.00075677
BNBUSDT,1620172800001,0.00003701
BNBUSDT,1620201600007,0.0005597
BNBUSDT,1620230400001,0.00030604
BNBUSDT,1620259200003,0.00099213
BNBUSDT,1620288000001,0.00081318
BNBUSDT,1620316800000,0.0018025
BNBUSDT,1620345600000,0.00050626
BNBUSDT,1620374400000,0.00122283
BNBUSDT,1620403200001,0.00037155
BNBUSDT,1620432000006,0.00066409
BNBUSDT,1620460800000,0.00063567
BNBUSDT,1620489600000,0.00082358
BNBUSDT,1620518400005,0.00046777
BNBUSDT,1620547200016,0.00014449
BNBUSDT,1620576000000,0.00074994
BNBUSDT,1620604800004,0.00056994
BNBUSDT,1620633600000,0.00039864
BNBUSDT,1620662400013,0.00082189
BNBUSDT,1620691200000,0
BNBUSDT,1620720000000,0
BNBUSDT,1620748800002,0
BNBUSDT,1620777600004,-0.00024352
BNBUSDT,1620806400007,0
BNBUSDT,1620835200012,0.00021819
BNBUSDT,1620864000016,0.00046965
BNBUSDT,1620892800000,0
BNBUSDT,1620921600008,0.00004765
BNBUSDT,1620950400007,0
BNBUSDT,1620979200001,0
BNBUSDT,1621008000004,0.00025001
BNBUSDT,1621036800022,0.00046237
BNBUSDT,1621065600014,0.00065366
BNBUSDT,1621094400002,0.00031982
BNBUSDT,1621123200000,0.000223
BNBUSDT,1621152000003,0.00045998
BNBUSDT,1621180800002,0.00046329
BNBUSDT,1621209600005,0.00024769
BNBUSDT,1621238400001,0.000206
BNBUSDT,1621267200000,0.00045626
BNBUSDT,1621296000019,0.00042337
BNBUSDT,1621324800001,0.0000471
BNBUSDT,1621353600006,0.00072366
BNBUSDT,1621382400000,0.00011351
BNBUSDT,1621411200003,0.00027662
BNBUSDT,1621440000018,-0.00303109
BNBUSDT,1621468800005,0
BNBUSDT,1621497600000,0
BNBUSDT,1621526400005,-0.00087888
BNBUSDT,1621555200000,0
BNBUSDT,1621584000000,-0.0004058
BNBUSDT,1621612800001,0
BNBUSDT,1621641600001,-0.00043913
BNBUSDT,1621670400002,0
BNBUSDT,1621699200005,0
BNBUSDT,1621728000006,0
BNBUSDT,1621756800004,0
BNBUSDT,1621785600002,-0.00019009
BNBUSDT,1621814400007,-0.00176447
BNBUSDT,1621843200005,-0.00017363
BNBUSDT,1621872000005,-0.00060706
BNBUSDT,1621900800000,-0.0002195
BNBUSDT,1621929600014,0
BNBUSDT,1621958400000,0
BNBUSDT,1621987200022,0.00013767
BNBUSDT,1622016000018,0
BNBUSDT,1622044800004,0.00030765
BNBUSDT,1622073600000,0
BNBUSDT,1622102400017,-0.00001668
BNBUSDT,1622131200000,0
BNBUSDT,1622160000005,0
BNBUSDT,1622188800009,-0.00039361
BNBUSDT,1622217600000,-0.0005446
BNBUSDT,1622246400006,0
BNBUSDT,1622275200000,0
BNBUSDT,1622304000000,0
BNBUSDT,1622332800003,-0.00083951
BNBUSDT,1622361600004,-0.00115648
BNBUSDT,1622390400018,0
BNBUSDT,1622419200002,0
BNBUSDT,1622448000000,-0.00066724
BNBUSDT,1622476800000,0
BNBUSDT,1622505600001,0
BNBUSDT,1622534400010,0
BNBUSDT,1622563200010,-0.00007534
BNBUSDT,1622592000008,0
BNBUSDT,1622620800000,-0.00000831
BNBUSDT,1622649600007,0
BNBUSDT,1622678400019,0
BNBUSDT,1622707200002,-0.00013549
BNBUSDT,1622736000003,0
BNBUSDT,1622764800003,0
BNBUSDT,1622793600006,0
BNBUSDT,1622822400002,0
BNBUSDT,1622851200000,0
BNBUSDT,1622880000004,0
BNBUSDT,1622908800020,0
BNBUSDT,1622937600000,0
BNBUSDT,1622966400004,0
BNBUSDT,1622995200000,0
BNBUSDT,1623024000007,0
BNBUSDT,1623052800007,0
BNBUSDT,1623081600003,0
BNBUSDT,1623110400000,0
BNBUSDT,1623139200000,0
BNBUSDT,1623168000002,0
BNBUSDT,1623196800009,0
BNBUSDT,1623225600002,0
BNBUSDT,1623254400000,-0.00006007
BNBUSDT,1623283200007,0
BNBUSDT,1623312000003,0
BNBUSDT,1623340800000,0
BNBUSDT,1623369600010,0
BNBUSDT,1623398400007,0
BNBUSDT,1623427200006,0
BNBUSDT,1623456000005,0
BNBUSDT,1623484800000,-0.00001534
BNBUSDT,1623513600018,0
BNBUSDT,1623542400002,0
BNBUSDT,1623571200000,0
BNBUSDT,1623600000003,0
BNBUSDT,1623628800000,0
BNBUSDT,1623657600015,0
BNBUSDT,1623686400000,0
BNBUSDT,1623715200000,0
BNBUSDT,1623744000000,0
BNBUSDT,1623772800004,0
BNBUSDT,1623801600004,0
BNBUSDT,1623830400001,0
BNBUSDT,1623859200000,0
BNBUSDT,1623888000004,0
BNBUSDT,1623916800000,-0.00008312
BNBUSDT,1623945600002,0
BNBUSDT,1623974400009,-0.00000725
BNBUSDT,1624003200014,0
BNBUSDT,1624032000007,0
BNBUSDT,1624060800003,-0.00035235
BNBUSDT,1624089600001,0
BNBUSDT,1624118400000,0
BNBUSDT,1624147200005,-0.00010304
BNBUSDT,1624176000000,-0.00009143
BNBUSDT,1624204800002,-0.00040332
BNBUSDT,1624233600019,0
BNBUSDT,1624262400000,0
BNBUSDT,1624291200024,-0.00030215
BNBUSDT,1624320000008,-0.00016777
BNBUSDT,1624348800009,-0.00041554
BNBUSDT,1624377600001,-0.00121365
BNBUSDT,1624406400003,-0.00033586
BNBUSDT,1624435200000,-0.00048865
BNBUSDT,1624464000000,-0.00003264
BNBUSDT,1624492800009,-0.00050795
BNBUSDT,1624521600018,-0.00012498
BNBUSDT,1624550400001,0
BNBUSDT,1624579200009,-0.00000647
BNBUSDT,1624608000004,-0.00005346
BNBUSDT,1624636800000,0
BNBUSDT,1624665600007,0
BNBUSDT,1624694400000,-0.00008996
BNBUSDT,1624723200002,-0.00002297
BNBUSDT,1624752000005,-0.00030894
BNBUSDT,1624780800010,0
BNBUSDT,1624809600001,-0.00044564
BNBUSDT,1624838400025,-0.00038173
BNBUSDT,1624867200017,0
BNBUSDT,1624896000007,0
BNBUSDT,1624924800008,0
BNBUSDT,1624953600000,0
BNBUSDT,1624982400000,0
BNBUSDT,1625011200011,0
BNBUSDT,1625040000044,-0.00014264
BNBUSDT,1625068800005,0
BNBUSDT,1625097600000,-0.0002592
BNBUSDT,1625126400004,0
BNBUSDT,1625155200028,-0.0003286
BNBUSDT,1625184000002,-0.00023488
BNBUSDT,1625212800016,-0.00052655
BNBUSDT,1625241600007,-0.00092227
BNBUSDT,1625270400008,-0.0004581
BNBUSDT,1625299200000,-0.0002612
BNBUSDT,1625328000004,0
BNBUSDT,1625356800012,0
BNBUSDT,1625385600002,0
BNBUSDT,1625414400003,-0.00000251
BNBUSDT,1625443200004,0
BNBUSDT,1625472000000,-0.00017506
BNBUSDT,1625500800009,-0.0000773
BNBUSDT,1625529600008,-0.0001273
BNBUSDT,1625558400019,0
BNBUSDT,1625587200000,-0.00010615
BNBUSDT,1625616000007,-0.00019932
BNBUSDT,1625644800001,-0.00023745
BNBUSDT,1625673600008,-0.0002231
BNBUSDT,1625702400002,-0.00003055
BNBUSDT,1625731200010,-0.00008925
BNBUSDT,1625760000003,0
BNBUSDT,1625788800000,-0.00017712
BNBUSDT,1625817600006,-0.00002713
BNBUSDT,1625846400000,-0.00038104
BNBUSDT,1625875200002,-0.00039217
BNBUSDT,1625904000000,-0.00034065
BNBUSDT,1625932800001,-0.00070106
BNBUSDT,1625961600001,-0.00030641
BNBUSDT,1625990400025,-0.00028462
BNBUSDT,1626019200006,-0.00034069
BNBUSDT,1626048000000,-0.00014834
BNBUSDT,1626076800021,-0.00028756
BNBUSDT,1626105600000,-0.00017111
BNBUSDT,1626134400000,-0.00109129
BNBUSDT,1626163200013,-0.00018288
BNBUSDT,1626192000005,0
BNBUSDT,1626220800000,0
BNBUSDT,1626249600000,0
BNBUSDT,1626278400005,-0.00037142
BNBUSDT,1626307200005,0
BNBUSDT,1626336000001,-0.0001495
BNBUSDT,1626364800000,-0.00071658
BNBUSDT,1626393600000,-0.0009896
BNBUSDT,1626422400000,-0.00074238
BNBUSDT,1626451200001,-0.00086301
BNBUSDT,1626480000004,-0.000081
BNBUSDT,1626508800009,-0.00117845
BNBUSDT,1626537600006,-0.00085262
BNBUSDT,1626566400000,-0.00075486
BNBUSDT,1626595200001,-0.00084031
BNBUSDT,1626624000003,-0.00073448
BNBUSDT,1626652800002,-0.00044604
BNBUSDT,1626681600006,-0.00034509
BNBUSDT,1626710400006,-0.00077746
BNBUSDT,1626739200002,-0.00014526
BNBUSDT,1626768000011,-0.00113106
BNBUSDT,1626796800001,-0.00051948
BNBUSDT,1626825600022,-0.00024253
BNBUSDT,1626854400000,-0.00076601
BNBUSDT,1626883200018,-0.00046886
BNBUSDT,1626912000002,0
BNBUSDT,1626940800006,0
BNBUSDT,1626969600010,0
BNBUSDT,1626998400013,-0.0003805
BNBUSDT,1627027200000,-0.00060895
BNBUSDT,1627056000005,0
BNBUSDT,1627084800000,0
BNBUSDT,1627113600002,0
BNBUSDT,1627142400001,0
BNBUSDT,1627171200003,-0.00013077
BNBUSDT,1627200000015,0
BNBUSDT,1627228800000,0
BNBUSDT,1627257600000,-0.00024538
BNBUSDT,1627286400000,0
BNBUSDT,1627315200000,0
BNBUSDT,1627344000046,-0.00007105
BNBUSDT,1627372800014,-0.00029762
BNBUSDT,1627401600007,0
BNBUSDT,1627430400000,0
BNBUSDT,1627459200002,0
BNBUSDT,1627488000005,0
BNBUSDT,1627516800004,0
BNBUSDT,1627545600000,0
BNBUSDT,1627574400007,0
BNBUSDT,1627603200004,0
BNBUSDT,1627632000000,0
BNBUSDT,1627660800000,-0.00016185
BNBUSDT,1627689600000,0
BNBUSDT,1627718400014,0
BNBUSDT,1627747200003,0
BNBUSDT,1627776000005,0
BNBUSDT,1627804800016,0
BNBUSDT,1627833600001,0
BNBUSDT,1627862400000,0
BNBUSDT,1627891200014,0
BNBUSDT,1627920000021,0
BNBUSDT,1627948800000,0
BNBUSDT,1627977600000,0
BNBUSDT,1628006400009,0
BNBUSDT,1628035200000,0
BNBUSDT,1628064000000,0
BNBUSDT,1628092800003,0
BNBUSDT,1628121600000,0
BNBUSDT,1628150400000,0
BNBUSDT,1628179200001,0
BNBUSDT,1628208000000,0
BNBUSDT,1628236800004,0
BNBUSDT,1628265600003,0
BNBUSDT,1628294400015,0
BNBUSDT,1628323200001,0.00019655
BNBUSDT,1628352000002,0.00005519
BNBUSDT,1628380800000,0
BNBUSDT,1628409600002,0
BNBUSDT,1628438400018,0.00005377
BNBUSDT,1628467200000,0
BNBUSDT,1628496000000,0
BNBUSDT,1628524800002,0
BNBUSDT,1628553600000,0
BNBUSDT,1628582400003,0
BNBUSDT,1628611200000,0.00015928
BNBUSDT,1628640000006,0.00003839
BNBUSDT,1628668800003,0
BNBUSDT,1628697600000,0.00017826
BNBUSDT,1628726400013,0.00062829
BNBUSDT,1628755200001,0.00042907
BNBUSDT,1628784000000,0.00031064
BNBUSDT,1628812800000,0.00004053
BNBUSDT,1628841600000,0.00016258
BNBUSDT,1628870400002,0.00028382
BNBUSDT,1628899200006,0.00012725
BNBUSDT,1628928000000,0.00037961
BNBUSDT,1628956800000,0.00046486
BNBUSDT,1628985600003,0
BNBUSDT,1629014400000,0.00011936
BNBUSDT,1629043200007,0
BNBUSDT,1629072000012,0.00021688
BNBUSDT,1629100800003,0.0004423
BNBUSDT,1629129600010,0.00053165
BNBUSDT,1629158400018,0.000167
BNBUSDT,1629187200015,0.00035571
BNBUSDT,1629216000006,0.00029456
BNBUSDT,1629244800000,0
BNBUSDT,1629273600000,0
BNBUSDT,1629302400011,0.0001167
BNBUSDT,1629331200000,0
BNBUSDT,1629360000014,0
BNBUSDT,1629388800000,0
BNBUSDT,1629417600000,0.00002627
BNBUSDT,1629446400001,0
BNBUSDT,1629475200001,0.00033569
BNBUSDT,1629504000005,0.00041808
BNBUSDT,1629532800001,0.00054738
BNBUSDT,1629561600000,0.00043634
BNBUSDT,1629590400005,0.00057623
BNBUSDT,1629619200007,0.00044363
BNBUSDT,1629648000002,0.00022649
BNBUSDT,1629676800003,0.00018494
BNBUSDT,1629705600005,0.0008496
BNBUSDT,1629734400002,0.00054251
BNBUSDT,1629763200006,0.00026917
BNBUSDT,1629792000004,0.00074689
BNBUSDT,1629820800000,0.0005905
BNBUSDT,1629849600015,0.00016288
BNBUSDT,1629878400000,0.00017896
BNBUSDT,1629907200000,0.00036777
BNBUSDT,1629936000001,0.00027002
BNBUSDT,1629964800016,0.0003879
BNBUSDT,1629993600004,0.00003328
BNBUSDT,1630022400013,0
BNBUSDT,1630051200001,0
BNBUSDT,1630080000004,0
BNBUSDT,1630108800000,0
BNBUSDT,1630137600000,0.00030431
BNBUSDT,1630166400000,0.00042497
BNBUSDT,1630195200000,0.00062404
BNBUSDT,1630224000002,0.00029155
BNBUSDT,1630252800005,0.00021999
BNBUSDT,1630281600013,0.00026235
BNBUSDT,1630310400008,0.00061558
BNBUSDT,1630339200000,0.00055705
BNBUSDT,1630368000000,0.00051061
BNBUSDT,1630396800007,0.00030399
BNBUSDT,1630425600003,0.00021071
BNBUSDT,1630454400000,0.00054552
BNBUSDT,1630483200006,0.00035795
BNBUSDT,1630512000000,0.00051031
BNBUSDT,1630540800009,0.00008513
BNBUSDT,1630569600006,0.00058676
BNBUSDT,1630598400007,0.00023242
BNBUSDT,1630627200011,0.00044367
BNBUSDT,1630656000000,0.00042711
BNBUSDT,1630684800002,0.00025233
BNBUSDT,1630713600003,0.00049804
BNBUSDT,1630742400008,0.00056228
BNBUSDT,1630771200009,0.00083205
BNBUSDT,1630800000002,0.00083872
BNBUSDT,1630828800002,0.00038216
BNBUSDT,1630857600000,0.00067472
BNBUSDT,1630886400003,0.00087994
BNBUSDT,1630915200008,0.00110313
BNBUSDT,1630944000009,0.00018174
BNBUSDT,1630972800004,0.00039914
BNBUSDT,1631001600002,0.00070154
BNBUSDT,1631030400001,-0.00141569
BNBUSDT,1631059200005,-0.00041319
BNBUSDT,1631088000000,0
BNBUSDT,1631116800000,0
BNBUSDT,1631145600006,0
BNBUSDT,1631174400014,0
BNBUSDT,1631203200002,0
BNBUSDT,1631232000001,0
BNBUSDT,1631260800018,0
BNBUSDT,1631289600006,0
BNBUSDT,1631318400000,0
BNBUSDT,1631347200001,0
BNBUSDT,1631376000000,0
BNBUSDT,1631404800000,0
BNBUSDT,1631433600002,0
BNBUSDT,1631462400000,0
BNBUSDT,1631491200000,0
BNBUSDT,1631520000007,0
BNBUSDT,1631548800005,0
BNBUSDT,1631577600002,0
BNBUSDT,1631606400000,0
BNBUSDT,1631635200007,0
BNBUSDT,1631664000012,0
BNBUSDT,1631692800003,0
BNBUSDT,1631721600006,0
BNBUSDT,1631750400008,0
BNBUSDT,1631779200005,0
BNBUSDT,1631808000002,0
BNBUSDT,1631836800000,0.00014813
BNBUSDT,1631865600047,0.00008261
BNBUSDT,1631894400013,0
BNBUSDT,1631923200000,0.00002763
BNBUSDT,1631952000010,0
BNBUSDT,1631980800005,0
BNBUSDT,1632009600006,0
BNBUSDT,1632038400015,0
BNBUSDT,1632067200007,0.00010744
BNBUSDT,1632096000018,0
BNBUSDT,1632124800000,0
BNBUSDT,1632153600005,0
BNBUSDT,1632182400005,0
BNBUSDT,1632211200007,0
BNBUSDT,1632240000000,0
BNBUSDT,1632268800005,0
BNBUSDT,1632297600006,-0.00018317
BNBUSDT,1632326400000,0
BNBUSDT,1632355200003,-0.00043523
BNBUSDT,1632384000000,-0.00007308
BNBUSDT,1632412800007,0
BNBUSDT,1632441600000,-0.0000882
BNBUSDT,1632470400017,-0.00016961
BNBUSDT,1632499200000,0
BNBUSDT,1632528000007,-0.00006607
BNBUSDT,1632556800002,0
BNBUSDT,1632585600004,-0.00006666
BNBUSDT,1632614400013,-0.00024844
BNBUSDT,1632643200000,-0.00042273
BNBUSDT,1632672000005,-0.0000551
BNBUSDT,1632700800000,0
BNBUSDT,1632729600001,0
BNBUSDT,1632758400000,0
BNBUSDT,1632787200000,-0.00007669
BNBUSDT,1632816000014,0
BNBUSDT,1632844800000,0
BNBUSDT,1632873600000,0
BNBUSDT,1632902400002,0
BNBUSDT,1632931200000,-0.00040927
BNBUSDT,1632960000000,-0.00100209
BNBUSDT,1632988800004,-0.00050155
BNBUSDT,1633017600005,-0.00063287
BNBUSDT,1633046400012,-0.00132805
BNBUSDT,1633075200008,-0.00050562
BNBUSDT,1633104000000,-0.00010282
BNBUSDT,1633132800000,-0.00098666
BNBUSDT,1633161600002,-0.00017296
BNBUSDT,1633190400011,-0.00007472
BNBUSDT,1633219200019,-0.00002145
BNBUSDT,1633248000011,-0.00059484
BNBUSDT,1633276800004,-0.00095523
BNBUSDT,1633305600004,-0.00020598
BNBUSDT,1633334400000,-0.00029886
BNBUSDT,1633363200000,-0.00051603
BNBUSDT,1633392000007,-0.00002176
BNBUSDT,1633420800007,-0.00026348
BNBUSDT,1633449600004,-0.00000607
BNBUSDT,1633478400002,-0.00058585
BNBUSDT,1633507200000,-0.00052793
BNBUSDT,1633536000003,-0.0001896
BNBUSDT,1633564800007,0
BNBUSDT,1633593600002,-0.00000146
BNBUSDT,1633622400000,0
BNBUSDT,1633651200011,0
BNBUSDT,1633680000003,-0.00015581
BNBUSDT,1633708800002,0.00049807
BNBUSDT,1633737600006,0.00002603
BNBUSDT,1633766400003,0
BNBUSDT,1633795200000,0.00007305
BNBUSDT,1633824000000,0.00006252
BNBUSDT,1633852800008,0.00035215
BNBUSDT,1633881600000,0.00035668
BNBUSDT,1633910400002,0
BNBUSDT,1633939200001,0.00019149
BNBUSDT,1633968000006,0.00024432
BNBUSDT,1633996800008,0
BNBUSDT,1634025600013,0
BNBUSDT,1634054400003,0
BNBUSDT,1634083200003,0.00013415
BNBUSDT,1634112000015,0.00022324
BNBUSDT,1634140800000,0
BNBUSDT,1634169600011,-0.00003305
BNBUSDT,1634198400017,-0.00051909
BNBUSDT,1634227200000,-0.00010645
BNBUSDT,1634256000005,-0.00005124
BNBUSDT,1634284800002,0
BNBUSDT,1634313600005,-0.00030906
BNBUSDT,1634342400009,-0.00032721
BNBUSDT,1634371200000,-0.00020611
BNBUSDT,1634400000003,-0.0004658
BNBUSDT,1634428800001,-0.0007323
BNBUSDT,1634457600002,-0.00061497
BNBUSDT,1634486400002,-0.00046742
BNBUSDT,1634515200006,-0.00155446
BNBUSDT,1634544000004,-0.00021453
BNBUSDT,1634572800001,-0.00002043
BNBUSDT,1634601600002,-0.00078657
BNBUSDT,1634630400000,-0.00002352
BNBUSDT,1634659200000,-0.00081327
BNBUSDT,1634688000017,-0.00065641
BNBUSDT,1634716800004,-0.00042888
BNBUSDT,1634745600020,-0.00019455
BNBUSDT,1634774400000,-0.00022341
BNBUSDT,1634803200000,-0.00088283
BNBUSDT,1634832000008,0.00094894
BNBUSDT,1634860800005,0.00018106
BNBUSDT,1634889600005,0.00020044
BNBUSDT,1634918400018,0.00060124
BNBUSDT,1634947200005,0.00044424
BNBUSDT,1634976000001,0.0002304
BNBUSDT,1635004800004,0.00032033
BNBUSDT,1635033600006,0.00039286
BNBUSDT,1635062400012,0.00029372
BNBUSDT,1635091200001,0.00052865
BNBUSDT,1635120000012,0.00031655
BNBUSDT,1635148800002,0.00044234
BNBUSDT,1635177600022,0.00036856
BNBUSDT,1635206400005,0.00045264
BNBUSDT,1635235200016,0.00052636
BNBUSDT,1635264000000,0.00042621
BNBUSDT,1635292800004,0.00024036
BNBUSDT,1635321600000,0.00042998
BNBUSDT,1635350400002,0
BNBUSDT,1635379200002,0
BNBUSDT,1635408000000,0
BNBUSDT,1635436800005,0
BNBUSDT,1635465600000,0
BNBUSDT,1635494400007,0
BNBUSDT,1635523200001,0
BNBUSDT,1635552000000,0.00035782
BNBUSDT,1635580800001,0.00020281
BNBUSDT,1635609600013,0.00014993
BNBUSDT,1635638400008,0
BNBUSDT,1635667200010,0
BNBUSDT,1635696000001,0
BNBUSDT,1635724800009,-0.00036528
BNBUSDT,1635753600014,0
BNBUSDT,1635782400001,0
BNBUSDT,1635811200000,0
BNBUSDT,1635840000007,-0.00001756
BNBUSDT,1635868800010,0
BNBUSDT,1635897600019,0
BNBUSDT,1635926400000,0
BNBUSDT,1635955200005,0
BNBUSDT,1635984000006,0
BNBUSDT,1636012800004,0
BNBUSDT,1636041600004,0
BNBUSDT,1636070400000,0
BNBUSDT,1636099200013,0.00023238
BNBUSDT,1636128000016,0
BNBUSDT,1636156800010,-0.0001515
BNBUSDT,1636185600000,-0.00045138
BNBUSDT,1636214400007,0
BNBUSDT,1636243200013,-0.00062379
BNBUSDT,1636272000005,0
BNBUSDT,1636300800004,0
BNBUSDT,1636329600001,0
BNBUSDT,1636358400000,0.00001202
BNBUSDT,1636387200000,0
BNBUSDT,1636416000000,0
BNBUSDT,1636444800014,0
BNBUSDT,1636473600001,0.00003602
BNBUSDT,1636502400000,0.0003217
BNBUSDT,1636531200003,0.00019369
BNBUSDT,1636560000001,0
BNBUSDT,1636588800008,-0.0003087
BNBUSDT,1636617600012,-0.00011674
BNBUSDT,1636646400007,-0.0000511
BNBUSDT,1636675200000,-0.00043283
BNBUSDT,1636704000000,-0.00035834
BNBUSDT,1636732800004,-0.00034697
BNBUSDT,1636761600000,-0.00066347
BNBUSDT,1636790400004,-0.00045186
BNBUSDT,1636819200006,-0.00013015
BNBUSDT,1636848000010,-0.00056032
BNBUSDT,1636876800001,-0.00010145
BNBUSDT,1636905600000,-0.00045547
BNBUSDT,1636934400008,-0.00007715
BNBUSDT,1636963200000,0
BNBUSDT,1636992000000,0
BNBUSDT,1637020800000,0
BNBUSDT,1637049600001,-0.00037642
BNBUSDT,1637078400018,0
BNBUSDT,1637107200005,0
BNBUSDT,1637136000007,0.00012726
BNBUSDT,1637164800003,0
BNBUSDT,1637193600017,0
BNBUSDT,1637222400007,0
BNBUSDT,1637251200011,0.00003624
BNBUSDT,1637280000000,0
BNBUSDT,1637308800000,0
BNBUSDT,1637337600005,0
BNBUSDT,1637366400012,0
BNBUSDT,1637395200000,0
BNBUSDT,1637424000007,0.00000046
BNBUSDT,1637452800000,0
BNBUSDT,1637481600006,0.00010463
BNBUSDT,1637510400000,0.00000097
BNBUSDT,1637539200004,0
BNBUSDT,1637568000000,0.00015492
BNBUSDT,1637596800000,0
BNBUSDT,1637625600004,0
BNBUSDT,1637654400010,0
BNBUSDT,1637683200005,0.00015094
BNBUSDT,1637712000001,0.00019831
BNBUSDT,1637740800003,0.00006496
BNBUSDT,1637769600010,0.0001357
BNBUSDT,1637798400000,0.00010036
BNBUSDT,1637827200010,0.00035203
BNBUSDT,1637856000000,0.00057619
BNBUSDT,1637884800000,0.00029279
BNBUSDT,1637913600000,0.0002718
BNBUSDT,1637942400016,0
BNBUSDT,1637971200005,0
BNBUSDT,1638000000008,0
BNBUSDT,1638028800007,0
BNBUSDT,1638057600018,0.00013471
BNBUSDT,1638086400000,0
BNBUSDT,1638115200004,0.00011508
BNBUSDT,1638144000002,0
BNBUSDT,1638172800004,0.00002349
BNBUSDT,1638201600000,0.00005117
BNBUSDT,1638230400000,0
BNBUSDT,1638259200006,0.00004117
BNBUSDT,1638288000000,0.00003202
BNBUSDT,1638316800000,0
BNBUSDT,1638345600000,0.00001348
BNBUSDT,1638374400001,0.00001416
BNBUSDT,1638403200000,0.00011406
BNBUSDT,1638432000007,0
BNBUSDT,1638460800008,0.00010252
BNBUSDT,1638489600004,0.00003977
BNBUSDT,1638518400002,0
BNBUSDT,1638547200006,0
BNBUSDT,1638576000006,0
BNBUSDT,1638604800004,-0.00006161
BNBUSDT,1638633600000,-0.0001964
BNBUSDT,1638662400003,-0.00026037
BNBUSDT,1638691200008,0
BNBUSDT,1638720000007,0
BNBUSDT,1638748800009,0
BNBUSDT,1638777600001,0
BNBUSDT,1638806400000,-0.00009407
BNBUSDT,1638835200018,-0.0005325
BNBUSDT,1638864000000,-0.00081513
BNBUSDT,1638892800000,-0.00076752
BNBUSDT,1638921600000,-0.00063789
BNBUSDT,1638950400018,-0.00045824
BNBUSDT,1638979200010,-0.00011763
BNBUSDT,1639008000010,-0.0004996
BNBUSDT,1639036800000,-0.00020967
BNBUSDT,1639065600000,-0.00035578
BNBUSDT,1639094400000,-0.00043999
BNBUSDT,1639123200008,-0.00046336
BNBUSDT,1639152000012,-0.00093486
BNBUSDT,1639180800009,-0.00020823
BNBUSDT,1639209600008,-0.00040625
BNBUSDT,1639238400000,-0.00050253
BNBUSDT,1639267200001,-0.00049651
BNBUSDT,1639296000015,-0.0004758
BNBUSDT,1639324800011,-0.00035172
BNBUSDT,1639353600006,-0.00049297
BNBUSDT,1639382400019,-0.00026124
BNBUSDT,1639411200000,-0.00030003
BNBUSDT,1639440000004,-0.00035707
BNBUSDT,1639468800000,-0.00016492
BNBUSDT,1639497600015,0
BNBUSDT,1639526400000,0
BNBUSDT,1639555200008,0
BNBUSDT,1639584000005,0
BNBUSDT,1639612800006,0
BNBUSDT,1639641600009,0
BNBUSDT,1639670400000,0
BNBUSDT,1639699200000,0
BNBUSDT,1639728000005,0
BNBUSDT,1639756800006,0
BNBUSDT,1639785600014,0
BNBUSDT,1639814400012,0
BNBUSDT,1639843200000,0
BNBUSDT,1639872000031,0
BNBUSDT,1639900800000,0
BNBUSDT,1639929600003,0
BNBUSDT,1639958400015,0
BNBUSDT,1639987200007,0
BNBUSDT,1640016000005,0
BNBUSDT,1640044800003,0
BNBUSDT,1640073600012,0
BNBUSDT,1640102400005,0
BNBUSDT,1640131200000,0
BNBUSDT,1640160000001,0
BNBUSDT,1640188800006,0
BNBUSDT,1640217600011,0
BNBUSDT,1640246400000,0
BNBUSDT,1640275200000,0
BNBUSDT,1640304000005,0
BNBUSDT,1640332800000,0
BNBUSDT,1640361600011,0
BNBUSDT,1640390400000,0
BNBUSDT,1640419200001,0
BNBUSDT,1640448000005,0
BNBUSDT,1640476800004,0
BNBUSDT,1640505600002,0
BNBUSDT,1640534400000,0
BNBUSDT,1640563200002,0
BNBUSDT,1640592000005,0
BNBUSDT,1640620800000,0
BNBUSDT,1640649600000,0
BNBUSDT,1640678400012,0
BNBUSDT,1640707200000,0
BNBUSDT,1640736000006,0
BNBUSDT,1640764800003,0
BNBUSDT,1640793600004,0
BNBUSDT,1640822400003,0
BNBUSDT,1640851200001,0
BNBUSDT,1640880000017,0
BNBUSDT,1640908800006,0
BNBUSDT,1640937600009,0
BNBUSDT,1640966400000,0
BNBUSDT,1640995200006,0
BNBUSDT,1641024000009,0
BNBUSDT,1641052800000,0
BNBUSDT,1641081600028,0
BNBUSDT,1641110400000,0
BNBUSDT,1641139200000,0
BNBUSDT,1641168000010,0
BNBUSDT,1641196800013,0
BNBUSDT,1641225600018,0
BNBUSDT,1641254400000,0.00007356
BNBUSDT,1641283200010,0
BNBUSDT,1641312000002,0
BNBUSDT,1641340800001,0
BNBUSDT,1641369600017,0
BNBUSDT,1641398400000,0
BNBUSDT,1641427200002,0
BNBUSDT,1641456000021,0
BNBUSDT,1641484800006,0
BNBUSDT,1641513600005,0
BNBUSDT,1641542400000,0
BNBUSDT,1641571200001,0
BNBUSDT,1641600000014,0
BNBUSDT,1641628800013,0
BNBUSDT,1641657600000,0
BNBUSDT,1641686400003,-0.00017817
BNBUSDT,1641715200000,-0.00010275
BNBUSDT,1641744000000,0
BNBUSDT,1641772800000,-0.00035535
BNBUSDT,1641801600010,-0.00010057
BNBUSDT,1641830400007,0
BNBUSDT,1641859200013,0
BNBUSDT,1641888000004,0
BNBUSDT,1641916800000,-0.0002741
BNBUSDT,1641945600012,-0.00124953
BNBUSDT,1641974400015,-0.0005687
BNBUSDT,1642003200000,-0.00108975
BNBUSDT,1642032000007,-0.00158912
BNBUSDT,1642060800000,-0.00064833
BNBUSDT,1642089600014,-0.00079825
BNBUSDT,1642118400000,-0.00079953
BNBUSDT,1642147200006,-0.00047792
BNBUSDT,1642176000014,-0.00138791
BNBUSDT,1642204800000,-0.00075342
BNBUSDT,1642233600002,-0.00077696
BNBUSDT,1642262400000,-0.00087986
BNBUSDT,1642291200000,-0.00126663
BNBUSDT,1642320000017,-0.00052259
BNBUSDT,1642348800011,-0.00099898
BNBUSDT,1642377600005,-0.00128685
BNBUSDT,1642406400006,-0.00067301
BNBUSDT,1642435200012,-0.00060939
BNBUSDT,1642464000020,-0.0005153
BNBUSDT,1642492800000,-0.00058499
BNBUSDT,1642521600013,-0.00038108
BNBUSDT,1642550400001,-0.00066342
BNBUSDT,1642579200000,-0.00069935
BNBUSDT,1642608000000,-0.00051438
BNBUSDT,1642636800015,-0.00052222
BNBUSDT,1642665600000,-0.00037769
BNBUSDT,1642694400000,0
BNBUSDT,1642723200007,0
BNBUSDT,1642752000015,0
BNBUSDT,1642780800000,0
BNBUSDT,1642809600017,0
BNBUSDT,1642838400003,-0.00007151
BNBUSDT,1642867200021,-0.00026144
BNBUSDT,1642896000026,0
BNBUSDT,1642924800010,0
BNBUSDT,1642953600009,-0.00012949
BNBUSDT,1642982400010,0
BNBUSDT,1643011200000,-0.00007805
BNBUSDT,1643040000021,0
BNBUSDT,1643068800000,-0.00011132
BNBUSDT,1643097600000,0
BNBUSDT,1643126400012,-0.00001041
BNBUSDT,1643155200000,-0.00013818
BNBUSDT,1643184000001,-0.00008717
BNBUSDT,1643212800005,-0.0000718
BNBUSDT,1643241600004,-0.00012189
BNBUSDT,1643270400004,-0.0002612
BNBUSDT,1643299200019,-0.0002404
BNBUSDT,1643328000000,-0.00027472
BNBUSDT,1643356800000,-0.00001656
BNBUSDT,1643385600025,-0.00016179
BNBUSDT,1643414400017,0
BNBUSDT,1643443200000,-0.00000663
BNBUSDT,1643472000013,-0.00001465
BNBUSDT,1643500800025,-0.00015692
BNBUSDT,1643529600009,0
BNBUSDT,1643558400000,0
BNBUSDT,1643587200000,-0.00023536
BNBUSDT,1643616000000,-0.00005941
BNBUSDT,1643644800000,0
BNBUSDT,1643673600010,0
BNBUSDT,1643702400000,0
BNBUSDT,1643731200004,-0.0000512
BNBUSDT,1643760000004,0
BNBUSDT,1643788800000,0
BNBUSDT,1643817600002,-0.00003712
BNBUSDT,1643846400002,-0.00013032
BNBUSDT,1643875200000,-0.00008246
BNBUSDT,1643904000000,0
BNBUSDT,1643932800018,0
BNBUSDT,1643961600005,-0.00010614
BNBUSDT,1643990400010,0
BNBUSDT,1644019200014,0
BNBUSDT,1644048000000,-0.0003478
BNBUSDT,1644076800000,0
BNBUSDT,1644105600000,-0.00010182
BNBUSDT,1644134400000,-0.0000458
BNBUSDT,1644163200000,-0.00006134
BNBUSDT,1644192000003,-0.00003128
BNBUSDT,1644220800014,-0.00004468
BNBUSDT,1644249600003,-0.0002096
BNBUSDT,1644278400001,-0.0000765
BNBUSDT,1644307200003,0
BNBUSDT,1644336000002,0
BNBUSDT,1644364800000,0
BNBUSDT,1644393600005,0
BNBUSDT,1644422400001,0
BNBUSDT,1644451200012,-0.0000575
BNBUSDT,1644480000000,-0.0000647
BNBUSDT,1644508800006,0
BNBUSDT,1644537600000,0
BNBUSDT,1644566400009,-0.00012609
BNBUSDT,1644595200015,-0.0001024
BNBUSDT,1644624000020,0
BNBUSDT,1644652800001,0
BNBUSDT,1644681600007,0
BNBUSDT,1644710400022,0
BNBUSDT,1644739200001,0
BNBUSDT,1644768000007,0
BNBUSDT,1644796800005,0
BNBUSDT,1644825600013,0
BNBUSDT,1644854400019,0
BNBUSDT,1644883200012,0
BNBUSDT,1644912000005,0
BNBUSDT,1644940800011,0
BNBUSDT,1644969600009,0
BNBUSDT,1644998400001,-0.00001311
BNBUSDT,1645027200014,0
BNBUSDT,1645056000018,-0.00023939
BNBUSDT,1645084800000,0
BNBUSDT,1645113600010,0
BNBUSDT,1645142400000,-0.0001889
BNBUSDT,1645171200002,-0.00015659
BNBUSDT,1645200000000,-0.00003328
BNBUSDT,1645228800007,-0.00016833
BNBUSDT,1645257600000,-0.00016878
BNBUSDT,1645286400023,0
BNBUSDT,1645315200001,-0.00017806
BNBUSDT,1645344000003,-0.00027941
BNBUSDT,1645372800001,-0.00028431
BNBUSDT,1645401600000,-0.00009596
BNBUSDT,1645430400001,-0.00032626
BNBUSDT,1645459200005,0
BNBUSDT,1645488000005,-0.00022337
BNBUSDT,1645516800000,0
BNBUSDT,1645545600000,-0.00006405
BNBUSDT,1645574400002,-0.00003262
BNBUSDT,1645603200005,-0.00002415
BNBUSDT,1645632000010,0
BNBUSDT,1645660800008,0
BNBUSDT,1645689600003,-0.00003529
BNBUSDT,1645718400001,-0.00020486
BNBUSDT,1645747200000,-0.00011321
BNBUSDT,1645776000006,-0.00002775
BNBUSDT,1645804800001,-0.00023451
BNBUSDT,1645833600004,-0.00002515
BNBUSDT,1645862400004,0
BNBUSDT,1645891200007,0
BNBUSDT,1645920000012,-0.00000341
BNBUSDT,1645948800000,-0.00000389
BNBUSDT,1645977600000,0
BNBUSDT,1646006400000,0
BNBUSDT,1646035200001,-0.00000848
BNBUSDT,1646064000002,0
BNBUSDT,1646092800002,0
BNBUSDT,1646121600001,0
BNBUSDT,1646150400000,0
BNBUSDT,1646179200000,0
BNBUSDT,1646208000000,-0.00013979
BNBUSDT,1646236800002,-0.00013356
BNBUSDT,1646265600000,-0.00009498
BNBUSDT,1646294400000,0
BNBUSDT,1646323200005,-0.00014664
BNBUSDT,1646352000018,-0.00012499
BNBUSDT,1646380800000,-0.00023376
BNBUSDT,1646409600000,-0.00027034
BNBUSDT,1646438400006,-0.0002238
BNBUSDT,1646467200004,-0.00071402
BNBUSDT,1646496000000,-0.00017122
BNBUSDT,1646524800004,-0.00043414
BNBUSDT,1646553600000,-0.00027293
BNBUSDT,1646582400013,-0.00044034
BNBUSDT,1646611200008,-0.0004385
BNBUSDT,1646640000006,-0.00030887
BNBUSDT,1646668800000,-0.00034382
BNBUSDT,1646697600008,-0.00044868
BNBUSDT,1646726400002,-0.00021034
BNBUSDT,1646755200000,-0.00021489
BNBUSDT,1646784000008,-0.00034539
BNBUSDT,1646812800000,-0.00003886
BNBUSDT,1646841600004,0
BNBUSDT,1646870400000,0
BNBUSDT,1646899200017,-0.00002639
BNBUSDT,1646928000000,0
BNBUSDT,1646956800008,-0.00017397
BNBUSDT,1646985600000,-0.00003005
BNBUSDT,1647014400001,-0.00006194
BNBUSDT,1647043200010,0
BNBUSDT,1647072000001,0
BNBUSDT,1647100800002,0
BNBUSDT,1647129600008,0
BNBUSDT,1647158400000,-0.00005366
BNBUSDT,1647187200002,-0.00005308
BNBUSDT,1647216000014,-0.00024568
BNBUSDT,1647244800005,-0.00005074
BNBUSDT,1647273600002,0
BNBUSDT,1647302400008,0
BNBUSDT,1647331200000,-0.00013892
BNBUSDT,1647360000006,-0.00008191
BNBUSDT,1647388800013,0
BNBUSDT,1647417600000,0
BNBUSDT,1647446400008,0
BNBUSDT,1647475200004,0
BNBUSDT,1647504000000,0
BNBUSDT,1647532800004,0
BNBUSDT,1647561600000,0
BNBUSDT,1647590400000,-0.00005118
BNBUSDT,1647619200017,0
BNBUSDT,1647648000008,0
BNBUSDT,1647676800015,0
BNBUSDT,1647705600000,0
BNBUSDT,1647734400000,0
BNBUSDT,1647763200001,0
BNBUSDT,1647792000002,0
BNBUSDT,1647820800013,0
BNBUSDT,1647849600004,0
BNBUSDT,1647878400010,0
BNBUSDT,1647907200012,0
BNBUSDT,1647936000001,0
BNBUSDT,1647964800022,0
BNBUSDT,1647993600007,0
BNBUSDT,1648022400000,0
BNBUSDT,1648051200006,0
BNBUSDT,1648080000013,0
BNBUSDT,1648108800006,0
BNBUSDT,1648137600020,0
BNBUSDT,1648166400010,0
BNBUSDT,1648195200001,0
BNBUSDT,1648224000014,0
BNBUSDT,1648252800020,0
BNBUSDT,1648281600006,0
BNBUSDT,1648310400000,0
BNBUSDT,1648339200004,0
BNBUSDT,1648368000001,0
BNBUSDT,1648396800006,0
BNBUSDT,1648425600012,0
BNBUSDT,1648454400007,0
BNBUSDT,1648483200000,0
BNBUSDT,1648512000000,0
BNBUSDT,1648540800015,0
BNBUSDT,1648569600000,0
BNBUSDT,1648598400000,0
BNBUSDT,1648627200002,0
BNBUSDT,1648656000028,0.00008729
BNBUSDT,1648684800017,0
BNBUSDT,1648713600000,0
BNBUSDT,1648742400015,0
BNBUSDT,1648771200000,0
BNBUSDT,1648800000000,0
BNBUSDT,1648828800018,0
BNBUSDT,1648857600000,0
BNBUSDT,1648886400002,0
BNBUSDT,1648915200006,0
BNBUSDT,1648944000018,0
BNBUSDT,1648972800018,0
BNBUSDT,1649001600015,0
BNBUSDT,1649030400006,0
BNBUSDT,1649059200000,0
BNBUSDT,1649088000016,0
BNBUSDT,1649116800000,0
BNBUSDT,1649145600010,0
BNBUSDT,1649174400008,0
BNBUSDT,1649203200001,0
BNBUSDT,1649232000021,0
BNBUSDT,1649260800000,0
BNBUSDT,1649289600009,-0.00002025
BNBUSDT,1649318400000,-0.00000742
BNBUSDT,1649347200000,0
BNBUSDT,1649376000000,0
BNBUSDT,1649404800004,0
BNBUSDT,1649433600008,0
BNBUSDT,1649462400008,0
BNBUSDT,1649491200000,0
BNBUSDT,1649520000001,0
BNBUSDT,1649548800004,0
BNBUSDT,1649577600007,0
BNBUSDT,1649606400016,0
BNBUSDT,1649635200000,0
BNBUSDT,1649664000000,-0.00002485
BNBUSDT,1649692800009,0
BNBUSDT,1649721600000,-0.0000102
BNBUSDT,1649750400006,-0.0000203
BNBUSDT,1649779200013,-0.00002025
BNBUSDT,1649808000005,0
BNBUSDT,1649836800008,-0.00012415
BNBUSDT,1649865600013,0
BNBUSDT,1649894400007,-0.00011454
BNBUSDT,1649923200000,-0.0001157
BNBUSDT,1649952000006,-0.00008813
BNBUSDT,1649980800008,0
BNBUSDT,1650009600002,0
BNBUSDT,1650038400000,0
BNBUSDT,1650067200011,-0.00003331
BNBUSDT,1650096000007,0
BNBUSDT,1650124800007,-0.00006356
BNBUSDT,1650153600000,0
BNBUSDT,1650182400004,0
BNBUSDT,1650211200000,0
BNBUSDT,1650240000008,-0.00006225
BNBUSDT,1650268800012,-0.00001491
BNBUSDT,1650297600000,-0.00009688
BNBUSDT,1650326400021,0
BNBUSDT,1650355200031,0
BNBUSDT,1650384000000,0
BNBUSDT,1650412800025,0
BNBUSDT,1650441600003,0
BNBUSDT,1650470400000,0
BNBUSDT,1650499200000,0
BNBUSDT,1650528000000,0
BNBUSDT,1650556800024,0
BNBUSDT,1650585600008,0
BNBUSDT,1650614400008,-0.00002719
BNBUSDT,1650643200008,0
BNBUSDT,1650672000000,0
BNBUSDT,1650700800000,-0.00008577
BNBUSDT,1650729600012,0
BNBUSDT,1650758400004,0
BNBUSDT,1650787200003,-0.00011321
BNBUSDT,1650816000000,0
BNBUSDT,1650844800008,0
BNBUSDT,1650873600018,-0.00000416
BNBUSDT,1650902400000,-0.00024334
BNBUSDT,1650931200014,0
BNBUSDT,1650960000000,0
BNBUSDT,1650988800017,0
BNBUSDT,1651017600012,-0.00004547
BNBUSDT,1651046400000,-0.00006832
BNBUSDT,1651075200002,0
BNBUSDT,1651104000000,0
BNBUSDT,1651132800004,-0.00008404
BNBUSDT,1651161600030,0
BNBUSDT,1651190400000,-0.00001589
BNBUSDT,1651219200016,-0.00004099
BNBUSDT,1651248000010,-0.00015241
BNBUSDT,1651276800000,-0.0001572
BNBUSDT,1651305600005,0
BNBUSDT,1651334400015,0
BNBUSDT,1651363200000,-0.00024762
BNBUSDT,1651392000000,-0.00035999
BNBUSDT,1651420800010,-0.00006449
BNBUSDT,1651449600018,-0.0001044
BNBUSDT,1651478400007,-0.00022186
BNBUSDT,1651507200000,-0.00019242
BNBUSDT,1651536000006,-0.00013821
BNBUSDT,1651564800000,0
BNBUSDT,1651593600021,-0.00026598
BNBUSDT,1651622400007,-0.0003764
BNBUSDT,1651651200011,0
BNBUSDT,1651680000000,0
BNBUSDT,1651708800005,0
BNBUSDT,1651737600019,0
BNBUSDT,1651766400005,0
BNBUSDT,1651795200005,-0.00051691
BNBUSDT,1651824000001,-0.00018277
BNBUSDT,1651852800010,0
BNBUSDT,1651881600004,0
BNBUSDT,1651910400016,0
BNBUSDT,1651939200011,0
BNBUSDT,1651968000000,0
BNBUSDT,1651996800007,-0.00009014
BNBUSDT,1652025600015,0
BNBUSDT,1652054400000,0
BNBUSDT,1652083200001,0
BNBUSDT,1652112000000,-0.00009253
BNBUSDT,1652140800000,-0.00035049
BNBUSDT,1652169600007,-0.0002248
BNBUSDT,1652198400008,-0.00041261
BNBUSDT,1652227200004,-0.00040555
BNBUSDT,1652256000007,-0.00040598
BNBUSDT,1652284800008,-0.00041958
BNBUSDT,1652313600014,-0.00050801
BNBUSDT,1652342400000,-0.00200781
BNBUSDT,1652371200007,-0.00087795
BNBUSDT,1652400000014,-0.00046326
BNBUSDT,1652428800001,-0.00033023
BNBUSDT,1652457600000,-0.00041998
BNBUSDT,1652486400000,-0.00061404
BNBUSDT,1652515200000,-0.00033375
BNBUSDT,1652544000001,-0.00051401
BNBUSDT,1652572800000,-0.00041385
BNBUSDT,1652601600000,-0.00040211
BNBUSDT,1652630400000,-0.00021402
BNBUSDT,1652659200021,-0.0004266
BNBUSDT,1652688000013,-0.00052839
BNBUSDT,1652716800006,-0.00031439
BNBUSDT,1652745600000,-0.00042037
BNBUSDT,1652774400010,-0.00038058
BNBUSDT,1652803200023,-0.00028335
BNBUSDT,1652832000003,-0.00072083
BNBUSDT,1652860800024,-0.00042482
BNBUSDT,1652889600014,-0.00043799
BNBUSDT,1652918400000,-0.00049541
BNBUSDT,1652947200008,-0.00033308
BNBUSDT,1652976000015,-0.00040023
BNBUSDT,1653004800001,-0.0002726
BNBUSDT,1653033600003,-0.00022742
BNBUSDT,1653062400012,-0.0003131
BNBUSDT,1653091200008,-0.00043872
BNBUSDT,1653120000001,-0.00032275
BNBUSDT,1653148800007,-0.00006067
BNBUSDT,1653177600003,-0.00020817
BNBUSDT,1653206400016,-0.00007724
BNBUSDT,1653235200000,-0.00004143
BNBUSDT,1653264000011,-0.00022355
BNBUSDT,1653292800000,-0.00002302
BNBUSDT,1653321600023,-0.00005216
BNBUSDT,1653350400011,-0.00025547
BNBUSDT,1653379200000,-0.00030131
BNBUSDT,1653408000009,-0.00041352
BNBUSDT,1653436800001,0
BNBUSDT,1653465600000,0
BNBUSDT,1653494400015,-0.00024618
BNBUSDT,1653523200005,-0.00027993
BNBUSDT,1653552000001,-0.00054127
BNBUSDT,1653580800000,-0.00036566
BNBUSDT,1653609600007,-0.00015153
BNBUSDT,1653638400008,-0.00035435
BNBUSDT,1653667200000,-0.00030543
BNBUSDT,1653696000018,-0.00022821
BNBUSDT,1653724800016,-0.00026664
BNBUSDT,1653753600013,-0.00012842
BNBUSDT,1653782400000,-0.00008242
BNBUSDT,1653811200025,-0.00033464
BNBUSDT,1653840000002,0
BNBUSDT,1653868800000,-0.00001633
BNBUSDT,1653897600013,0
BNBUSDT,1653926400005,0
BNBUSDT,1653955200016,0
BNBUSDT,1653984000000,0
BNBUSDT,1654012800000,-0.00005989
BNBUSDT,1654041600000,0
BNBUSDT,1654070400011,0
BNBUSDT,1654099200000,0
BNBUSDT,1654128000000,-0.00018644
BNBUSDT,1654156800006,-0.00008944
BNBUSDT,1654185600021,0
BNBUSDT,1654214400016,-0.00000833
BNBUSDT,1654243200016,0
BNBUSDT,1654272000012,-0.00023935
BNBUSDT,1654300800005,-0.00019683
BNBUSDT,1654329600000,-0.00004397
BNBUSDT,1654358400007,-0.0000391
BNBUSDT,1654387200005,-0.00001407
BNBUSDT,1654416000015,-0.00023072
BNBUSDT,1654444800000,-0.00015784
BNBUSDT,1654473600000,0
BNBUSDT,1654502400017,0
BNBUSDT,1654531200000,0
BNBUSDT,1654560000000,-0.00034496
BNBUSDT,1654588800011,-0.00035567
BNBUSDT,1654617600000,-0.000146
BNBUSDT,1654646400008,0
BNBUSDT,1654675200020,-0.00015306
BNBUSDT,1654704000012,-0.00018711
BNBUSDT,1654732800000,-0.0001229
BNBUSDT,1654761600000,-0.00002809
BNBUSDT,1654790400000,-0.00002586
BNBUSDT,1654819200009,-0.00025878
BNBUSDT,1654848000000,0
BNBUSDT,1654876800006,-0.00035067
BNBUSDT,1654905600018,-0.0002948
BNBUSDT,1654934400014,-0.00005073
BNBUSDT,1654963200000,-0.00029442
BNBUSDT,1654992000015,-0.00037884
BNBUSDT,1655020800019,-0.00025545
BNBUSDT,1655049600010,-0.00030561
BNBUSDT,1655078400009,-0.00010959
BNBUSDT,1655107200000,-0.00025385
BNBUSDT,1655136000007,-0.00018928
BNBUSDT,1655164800013,-0.0000366
BNBUSDT,1655193600008,0
BNBUSDT,1655222400006,0
BNBUSDT,1655251200000,0
BNBUSDT,1655280000016,-0.00033673
BNBUSDT,1655308800008,-0.00011689
BNBUSDT,1655337600009,0
BNBUSDT,1655366400016,0
BNBUSDT,1655395200000,-0.00004671
BNBUSDT,1655424000008,-0.00010868
BNBUSDT,1655452800003,0
BNBUSDT,1655481600000,-0.00008487
BNBUSDT,1655510400020,-0.00011676
BNBUSDT,1655539200025,-0.00036897
BNBUSDT,1655568000014,-0.00022303
BNBUSDT,1655596800012,-0.00062237
BNBUSDT,1655625600012,-0.00003268
BNBUSDT,1655654400008,-0.00013012
BNBUSDT,1655683200016,-0.00011545
BNBUSDT,1655712000000,-0.00022425
BNBUSDT,1655740800013,-0.00013949
BNBUSDT,1655769600012,-0.00005546
BNBUSDT,1655798400018,-0.00009008
BNBUSDT,1655827200010,-0.00011405
BNBUSDT,1655856000000,-0.00021005
BNBUSDT,1655884800001,-0.00031961
BNBUSDT,1655913600012,-0.00022236
BNBUSDT,1655942400000,-0.00014812
BNBUSDT,1655971200000,-0.00010648
BNBUSDT,1656000000016,-0.00019147
BNBUSDT,1656028800005,-0.00013465
BNBUSDT,1656057600004,-0.00004643
BNBUSDT,1656086400018,0
BNBUSDT,1656115200001,-0.00010626
BNBUSDT,1656144000010,-0.00015322
BNBUSDT,1656172800000,-0.00011261
BNBUSDT,1656201600002,-0.00013445
BNBUSDT,1656230400016,0
BNBUSDT,1656259200006,-0.00009825
BNBUSDT,1656288000008,-0.00024522
BNBUSDT,1656316800000,-0.00015208
BNBUSDT,1656345600016,-0.00015886
BNBUSDT,1656374400016,-0.00022449
BNBUSDT,1656403200001,-0.00009105
BNBUSDT,1656432000005,0
BNBUSDT,1656460800000,-0.00032369
BNBUSDT,1656489600013,-0.00003475
BNBUSDT,1656518400000,-0.00025433
BNBUSDT,1656547200000,-0.00013455
BNBUSDT,1656576000000,0
BNBUSDT,1656604800000,-0.00029998
BNBUSDT,1656633600001,-0.00017896
BNBUSDT,1656662400017,-0.00001794
BNBUSDT,1656691200005,0
BNBUSDT,1656720000000,-0.00016329
BNBUSDT,1656748800000,-0.00013258
BNBUSDT,1656777600008,-0.00003906
BNBUSDT,1656806400015,-0.00005174
BNBUSDT,1656835200004,-0.0000427
BNBUSDT,1656864000005,-0.0001864
BNBUSDT,1656892800021,0
BNBUSDT,1656921600001,-0.00023629
BNBUSDT,1656950400000,0
BNBUSDT,1656979200000,0
BNBUSDT,1657008000000,-0.0001103
BNBUSDT,1657036800015,-0.00013791
BNBUSDT,1657065600006,-0.00011221
BNBUSDT,1657094400000,0
BNBUSDT,1657123200000,-0.00007686
BNBUSDT,1657152000010,-0.00007188
BNBUSDT,1657180800010,-0.0000447
BNBUSDT,1657209600011,-0.0000813
BNBUSDT,1657238400008,-0.00002841
BNBUSDT,1657267200009,0
BNBUSDT,1657296000000,-0.00014862
BNBUSDT,1657324800000,0
BNBUSDT,1657353600000,0
BNBUSDT,1657382400009,-0.00011787
BNBUSDT,1657411200001,-0.00001536
BNBUSDT,1657440000002,-0.00009812
BNBUSDT,1657468800001,-0.00005106
BNBUSDT,1657497600000,-0.00010599
BNBUSDT,1657526400003,0
BNBUSDT,1657555200001,-0.00003501
BNBUSDT,1657584000000,-0.00016301
BNBUSDT,1657612800021,-0.00015961
BNBUSDT,1657641600000,-0.00025585
BNBUSDT,1657670400012,-0.00009412
BNBUSDT,1657699200022,-0.00016626
BNBUSDT,1657728000005,-0.00011396
BNBUSDT,1657756800017,-0.00013749
BNBUSDT,1657785600001,0
BNBUSDT,1657814400000,-0.0001166
BNBUSDT,1657843200004,0
BNBUSDT,1657872000019,0
BNBUSDT,1657900800017,-0.00000842
BNBUSDT,1657929600021,0
BNBUSDT,1657958400014,0
BNBUSDT,1657987200005,-0.00002607
BNBUSDT,1658016000000,0
BNBUSDT,1658044800003,0
BNBUSDT,1658073600007,0
BNBUSDT,1658102400001,0
BNBUSDT,1658131200004,0
BNBUSDT,1658160000019,0
BNBUSDT,1658188800000,0
BNBUSDT,1658217600000,0
BNBUSDT,1658246400001,0
BNBUSDT,1658275200004,0
BNBUSDT,1658304000000,0
BNBUSDT,1658332800003,-0.00000738
BNBUSDT,1658361600000,0
BNBUSDT,1658390400018,0
BNBUSDT,1658419200011,0
BNBUSDT,1658448000014,0
BNBUSDT,1658476800000,0
BNBUSDT,1658505600000,0
BNBUSDT,1658534400004,0
BNBUSDT,1658563200002,0
BNBUSDT,1658592000001,0
BNBUSDT,1658620800000,-0.00018212
BNBUSDT,1658649600011,0
BNBUSDT,1658678400000,0
BNBUSDT,1658707200000,0
BNBUSDT,1658736000014,-0.00022869
BNBUSDT,1658764800006,0
BNBUSDT,1658793600010,-0.00002488
BNBUSDT,1658822400000,-0.0001947
BNBUSDT,1658851200000,-0.00010802
BNBUSDT,1658880000008,-0.00009596
BNBUSDT,1658908800000,0
BNBUSDT,1658937600003,0
BNBUSDT,1658966400009,0
BNBUSDT,1658995200008,0
BNBUSDT,1659024000013,0
BNBUSDT,1659052800000,0
BNBUSDT,1659081600000,0
BNBUSDT,1659110400000,0
BNBUSDT,1659139200005,0.00004073
BNBUSDT,1659168000009,0
BNBUSDT,1659196800000,0
BNBUSDT,1659225600022,0
BNBUSDT,1659254400011,0
BNBUSDT,1659283200019,0
BNBUSDT,1659312000010,0
BNBUSDT,1659340800019,0
BNBUSDT,1659369600017,0
BNBUSDT,1659398400000,0
BNBUSDT,1659427200007,0
BNBUSDT,1659456000014,0
BNBUSDT,1659484800001,0
BNBUSDT,1659513600020,0
BNBUSDT,1659542400008,0
BNBUSDT,1659571200001,0
BNBUSDT,1659600000009,0
BNBUSDT,1659628800015,0
BNBUSDT,1659657600005,0
BNBUSDT,1659686400000,0
BNBUSDT,1659715200000,0
BNBUSDT,1659744000021,0
BNBUSDT,1659772800000,0
BNBUSDT,1659801600015,0
BNBUSDT,1659830400013,0
BNBUSDT,1659859200000,0
BNBUSDT,1659888000014,0
BNBUSDT,1659916800009,0
BNBUSDT,1659945600006,0
BNBUSDT,1659974400000,0
BNBUSDT,1660003200020,-0.00001892
BNBUSDT,1660032000000,-0.00003567
BNBUSDT,1660060800000,-0.00004608
BNBUSDT,1660089600000,0
BNBUSDT,1660118400016,0
BNBUSDT,1660147200018,0
BNBUSDT,1660176000012,0
BNBUSDT,1660204800000,0
BNBUSDT,1660233600000,-0.00010494
BNBUSDT,1660262400006,-0.00012899
BNBUSDT,1660291200000,0
BNBUSDT,1660320000005,0
BNBUSDT,1660348800012,0
BNBUSDT,1660377600006,0
BNBUSDT,1660406400018,0
BNBUSDT,1660435200000,-0.00007018
BNBUSDT,1660464000000,0
BNBUSDT,1660492800000,-0.0001024
BNBUSDT,1660521600010,-0.00010191
BNBUSDT,1660550400002,0
BNBUSDT,1660579200010,-0.00002291
BNBUSDT,1660608000010,0
BNBUSDT,1660636800002,0
BNBUSDT,1660665600000,0
BNBUSDT,1660694400020,-0.0000747
BNBUSDT,1660723200016,0
BNBUSDT,1660752000001,0
BNBUSDT,1660780800005,-0.00006488
BNBUSDT,1660809600012,0
BNBUSDT,1660838400013,0
BNBUSDT,1660867200000,0
BNBUSDT,1660896000000,-0.00011474
BNBUSDT,1660924800009,-0.00012774
BNBUSDT,1660953600000,-0.00001924
BNBUSDT,1660982400005,-0.00022728
BNBUSDT,1661011200000,-0.000166
BNBUSDT,1661040000010,-0.00013636
BNBUSDT,1661068800013,-0.00014148
BNBUSDT,1661097600000,-0.00014032
BNBUSDT,1661126400011,-0.00013977
BNBUSDT,1661155200005,0
BNBUSDT,1661184000005,0
BNBUSDT,1661212800000,0
BNBUSDT,1661241600021,-0.00014627
BNBUSDT,1661270400005,-0.00009462
BNBUSDT,1661299200017,-0.00004807
BNBUSDT,1661328000021,-0.00004245
BNBUSDT,1661356800000,-0.00015685
BNBUSDT,1661385600003,0
BNBUSDT,1661414400000,0
BNBUSDT,1661443200004,0
BNBUSDT,1661472000001,-0.0000776
BNBUSDT,1661500800004,-0.00016224
BNBUSDT,1661529600000,-0.00019433
BNBUSDT,1661558400010,-0.00028892
BNBUSDT,1661587200007,-0.00017703
BNBUSDT,1661616000008,-0.00008358
BNBUSDT,1661644800019,-0.00007405
BNBUSDT,1661673600000,-0.00012025
BNBUSDT,1661702400000,-0.00003464
BNBUSDT,1661731200000,-0.00018805
BNBUSDT,1661760000000,-0.00011708
BNBUSDT,1661788800001,-0.00006241
BNBUSDT,1661817600001,-0.00007165
BNBUSDT,1661846400005,-0.00007661
BNBUSDT,1661875200010,0
BNBUSDT,1661904000000,-0.00019462
BNBUSDT,1661932800005,0
BNBUSDT,1661961600013,0
BNBUSDT,1661990400012,-0.000167
BNBUSDT,1662019200000,-0.00003463
BNBUSDT,1662048000013,-0.00019065
BNBUSDT,1662076800002,-0.00022746
BNBUSDT,1662105600013,-0.00000639
BNBUSDT,1662134400000,0
BNBUSDT,1662163200000,-0.00021426
BNBUSDT,1662192000002,-0.00006499
BNBUSDT,1662220800007,-0.00001442
BNBUSDT,1662249600008,0
BNBUSDT,1662278400009,-0.00004283
BNBUSDT,1662307200000,-0.00006369
BNBUSDT,1662336000015,-0.00001282
BNBUSDT,1662364800013,-0.00010529
BNBUSDT,1662393600007,-0.000093
BNBUSDT,1662422400018,-0.00001297
BNBUSDT,1662451200020,0
BNBUSDT,1662480000028,0
BNBUSDT,1662508800013,-0.00054733
BNBUSDT,1662537600022,-0.0003075
BNBUSDT,1662566400021,-0.00007979
BNBUSDT,1662595200010,0
BNBUSDT,1662624000000,0
BNBUSDT,1662652800003,0
BNBUSDT,1662681600011,0
BNBUSDT,1662710400000,0
BNBUSDT,1662739200000,0
BNBUSDT,1662768000003,0
BNBUSDT,1662796800000,0
BNBUSDT,1662825600012,0
BNBUSDT,1662854400009,0
BNBUSDT,1662883200012,0
BNBUSDT,1662912000005,0
BNBUSDT,1662940800007,0
BNBUSDT,1662969600013,-0.0000007
BNBUSDT,1662998400000,0
BNBUSDT,1663027200004,-0.00002993
BNBUSDT,1663056000000,-0.00000419
BNBUSDT,1663084800000,-0.00005975
BNBUSDT,1663113600000,-0.00022918
BNBUSDT,1663142400000,-0.00009042
BNBUSDT,1663171200000,-0.00004776
BNBUSDT,1663200000019,-0.00008768
BNBUSDT,1663228800012,-0.00014425
BNBUSDT,1663257600007,-0.00020751
BNBUSDT,1663286400000,-0.0001216
BNBUSDT,1663315200000,-0.0000839
BNBUSDT,1663344000000,-0.00006916
BNBUSDT,1663372800000,-0.00011341
BNBUSDT,1663401600012,-0.00003768
BNBUSDT,1663430400017,-0.00005159
BNBUSDT,1663459200000,-0.00016986
BNBUSDT,1663488000004,-0.00015136
BNBUSDT,1663516800000,-0.00007379
BNBUSDT,1663545600018,-0.00015207
BNBUSDT,1663574400006,-0.00029681
BNBUSDT,1663603200010,-0.00017649
BNBUSDT,1663632000007,-0.00008278
BNBUSDT,1663660800001,-0.00004635
BNBUSDT,1663689600000,-0.00002216
BNBUSDT,1663718400001,-0.00001148
BNBUSDT,1663747200005,-0.00002202
BNBUSDT,1663776000000,0
BNBUSDT,1663804800000,-0.00027637
BNBUSDT,1663833600000,-0.00017379
BNBUSDT,1663862400011,0
BNBUSDT,1663891200023,-0.00005383
BNBUSDT,1663920000004,-0.00008149
BNBUSDT,1663948800005,0
BNBUSDT,1663977600000,-0.00000965
BNBUSDT,1664006400005,0
BNBUSDT,1664035200000,0
BNBUSDT,1664064000010,0
BNBUSDT,1664092800000,-0.0000667
BNBUSDT,1664121600003,0
BNBUSDT,1664150400001,-0.00010467
BNBUSDT,1664179200006,-0.00001654
BNBUSDT,1664208000000,0
BNBUSDT,1664236800026,0
BNBUSDT,1664265600004,0
BNBUSDT,1664294400006,0
BNBUSDT,1664323200011,-0.00031512
BNBUSDT,1664352000000,-0.00006869
BNBUSDT,1664380800000,-0.00004871
BNBUSDT,1664409600010,0
BNBUSDT,1664438400000,0
BNBUSDT,1664467200000,0
BNBUSDT,1664496000006,0
BNBUSDT,1664524800002,0
BNBUSDT,1664553600007,0
BNBUSDT,1664582400008,0
BNBUSDT,1664611200011,0
BNBUSDT,1664640000000,0
BNBUSDT,1664668800000,-0.00006003
BNBUSDT,1664697600000,-0.00005527
BNBUSDT,1664726400006,-0.00002465
BNBUSDT,1664755200000,0
BNBUSDT,1664784000014,0
BNBUSDT,1664812800010,0
BNBUSDT,1664841600006,-0.00001955
BNBUSDT,1664870400004,0
BNBUSDT,1664899200013,0
BNBUSDT,1664928000000,-0.00002347
BNBUSDT,1664956800000,0
BNBUSDT,1664985600012,0
BNBUSDT,1665014400008,0
BNBUSDT,1665043200002,0
BNBUSDT,1665072000006,0
BNBUSDT,1665100800000,-0.00003379
BNBUSDT,1665129600000,-0.00010927
BNBUSDT,1665158400007,0
BNBUSDT,1665187200010,0
BNBUSDT,1665216000004,0
BNBUSDT,1665244800018,0
BNBUSDT,1665273600000,0
BNBUSDT,1665302400007,0
BNBUSDT,1665331200011,0
BNBUSDT,1665360000018,0
BNBUSDT,1665388800000,0
BNBUSDT,1665417600026,0
BNBUSDT,1665446400020,0
BNBUSDT,1665475200027,0
BNBUSDT,1665504000000,0
BNBUSDT,1665532800014,0
BNBUSDT,1665561600000,0
BNBUSDT,1665590400000,0
BNBUSDT,1665619200013,0
BNBUSDT,1665648000016,0
BNBUSDT,1665676800009,-0.00017328
BNBUSDT,1665705600020,-0.00001116
BNBUSDT,1665734400000,0
BNBUSDT,1665763200009,-0.00002648
BNBUSDT,1665792000001,-0.00000723
BNBUSDT,1665820800005,-0.0000433
BNBUSDT,1665849600004,-0.00002775
BNBUSDT,1665878400012,0
BNBUSDT,1665907200000,-0.00009323
BNBUSDT,1665936000010,0
BNBUSDT,1665964800012,-0.00001764
BNBUSDT,1665993600010,0
BNBUSDT,1666022400017,-0.00007816
BNBUSDT,1666051200010,0
BNBUSDT,1666080000008,-0.00000361
BNBUSDT,1666108800000,-0.000087
BNBUSDT,1666137600007,0
BNBUSDT,1666166400022,0
BNBUSDT,1666195200016,0
BNBUSDT,1666224000000,0
BNBUSDT,1666252800013,0
BNBUSDT,1666281600000,0
BNBUSDT,1666310400005,-0.00000672
BNBUSDT,1666339200018,-0.00008495
BNBUSDT,1666368000000,-0.00013025
BNBUSDT,1666396800000,-0.00004594
BNBUSDT,1666425600015,-0.00011472
BNBUSDT,1666454400000,-0.00018136
BNBUSDT,1666483200025,0
BNBUSDT,1666512000000,-0.00015971
BNBUSDT,1666540800004,-0.00000887
BNBUSDT,1666569600009,0
BNBUSDT,1666598400012,0
BNBUSDT,1666627200002,-0.00005435
BNBUSDT,1666656000013,0
BNBUSDT,1666684800013,0
BNBUSDT,1666713600000,-0.00000774
BNBUSDT,1666742400006,0
BNBUSDT,1666771200013,0
BNBUSDT,1666800000000,-0.00007773
BNBUSDT,1666828800009,-0.00003774
BNBUSDT,1666857600006,0
BNBUSDT,1666886400009,0
BNBUSDT,1666915200000,-0.00002242
BNBUSDT,1666944000000,0
BNBUSDT,1666972800007,0
BNBUSDT,1667001600000,0
BNBUSDT,1667030400003,0
BNBUSDT,1667059200010,0
BNBUSDT,1667088000000,0
BNBUSDT,1667116800013,0
BNBUSDT,1667145600009,0
BNBUSDT,1667174400012,0
BNBUSDT,1667203200000,0
BNBUSDT,1667232000010,0
BNBUSDT,1667260800000,-0.00022122
BNBUSDT,1667289600000,-0.00007476
BNBUSDT,1667318400000,-0.00001068
BNBUSDT,1667347200000,-0.00015035
BNBUSDT,1667376000000,-0.00018741
BNBUSDT,1667404800019,-0.00010047
BNBUSDT,1667433600011,-0.00024064
BNBUSDT,1667462400016,0
BNBUSDT,1667491200005,0
BNBUSDT,1667520000000,-0.00026514
BNBUSDT,1667548800004,-0.00015694
BNBUSDT,1667577600020,0
BNBUSDT,1667606400009,-0.00011505
BNBUSDT,1667635200007,-0.00033461
BNBUSDT,1667664000018,0
BNBUSDT,1667692800009,-0.00013208
BNBUSDT,1667721600000,-0.00001095
BNBUSDT,1667750400010,0
BNBUSDT,1667779200012,0
BNBUSDT,1667808000014,0
BNBUSDT,1667836800006,0
BNBUSDT,1667865600000,0
BNBUSDT,1667894400001,-0.00086736
BNBUSDT,1667923200005,-0.00009108
BNBUSDT,1667952000000,-0.00038784
BNBUSDT,1667980800013,-0.0002085
BNBUSDT,1668009600004,-0.00016051
BNBUSDT,1668038400006,-0.00075379
BNBUSDT,1668067200000,-0.00108601
BNBUSDT,1668096000015,-0.00101303
BNBUSDT,1668124800000,-0.00006721
BNBUSDT,1668153600015,-0.00012043
BNBUSDT,1668182400027,0
BNBUSDT,1668211200007,0
BNBUSDT,1668240000016,-0.00049627
BNBUSDT,1668268800000,0
BNBUSDT,1668297600004,-0.00020827
BNBUSDT,1668326400000,-0.00024517
BNBUSDT,1668355200017,0
BNBUSDT,1668384000000,0
BNBUSDT,1668412800000,-0.00005498
BNBUSDT,1668441600000,0
BNBUSDT,1668470400014,-0.00001388
BNBUSDT,1668499200009,0
BNBUSDT,1668528000010,0
BNBUSDT,1668556800011,0
BNBUSDT,1668585600004,0
BNBUSDT,1668614400008,0
BNBUSDT,1668643200000,0
BNBUSDT,1668672000000,0
BNBUSDT,1668700800006,0
BNBUSDT,1668729600004,0
BNBUSDT,1668758400016,-0.00008914
BNBUSDT,1668787200000,-0.00003688
BNBUSDT,1668816000000,0
BNBUSDT,1668844800004,0
BNBUSDT,1668873600024,0
BNBUSDT,1668902400015,0
BNBUSDT,1668931200004,0
BNBUSDT,1668960000000,-0.00003401
BNBUSDT,1668988800006,0
BNBUSDT,1669017600015,0
BNBUSDT,1669046400000,0
BNBUSDT,1669075200000,-0.00008432
BNBUSDT,1669104000000,0
BNBUSDT,1669132800000,0
BNBUSDT,1669161600000,0
BNBUSDT,1669190400011,0
BNBUSDT,1669219200014,-0.00089682
BNBUSDT,1669248000007,-0.00100198
BNBUSDT,1669276800014,-0.00107431
BNBUSDT,1669305600013,-0.00101344
BNBUSDT,1669334400004,-0.00105799
BNBUSDT,1669363200015,-0.0008592
BNBUSDT,1669392000000,-0.0014554
BNBUSDT,1669420800011,-0.00124842
BNBUSDT,1669449600000,-0.00019936
BNBUSDT,1669478400000,-0.00032896
BNBUSDT,1669507200012,-0.00062761
BNBUSDT,1669536000000,-0.00055863
BNBUSDT,1669564800003,-0.00064417
BNBUSDT,1669593600015,-0.00083112
BNBUSDT,1669622400004,-0.00081517
BNBUSDT,1669651200011,-0.00092201
BNBUSDT,1669680000000,-0.00036103
BNBUSDT,1669708800015,-0.00016312
BNBUSDT,1669737600000,-0.00021615
BNBUSDT,1669766400007,-0.00022113
BNBUSDT,1669795200000,-0.00066434
BNBUSDT,1669824000015,-0.00079031
BNBUSDT,1669852800001,-0.00094938
BNBUSDT,1669881600006,-0.00149717
BNBUSDT,1669910400000,-0.0002155
BNBUSDT,1669939200001,0
BNBUSDT,1669968000016,0
BNBUSDT,1669996800017,0
BNBUSDT,1670025600006,0
BNBUSDT,1670054400000,0
BNBUSDT,1670083200011,0
BNBUSDT,1670112000006,0
BNBUSDT,1670140800000,0
BNBUSDT,1670169600006,0
BNBUSDT,1670198400002,0
BNBUSDT,1670227200011,0
BNBUSDT,1670256000008,0
BNBUSDT,1670284800014,0
BNBUSDT,1670313600027,0
BNBUSDT,1670342400009,0
BNBUSDT,1670371200000,0
BNBUSDT,1670400000000,0
BNBUSDT,1670428800000,0
BNBUSDT,1670457600006,0
BNBUSDT,1670486400000,0
BNBUSDT,1670515200014,0
BNBUSDT,1670544000017,0
BNBUSDT,1670572800005,0
BNBUSDT,1670601600000,0
BNBUSDT,1670630400009,0
BNBUSDT,1670659200010,0
BNBUSDT,1670688000001,0
BNBUSDT,1670716800011,0
BNBUSDT,1670745600007,0
BNBUSDT,1670774400011,0
BNBUSDT,1670803200000,0
BNBUSDT,1670832000004,0
BNBUSDT,1670860800000,0
BNBUSDT,1670889600000,0
BNBUSDT,1670918400018,0
BNBUSDT,1670947200011,0
BNBUSDT,1670976000010,0.0000288
BNBUSDT,1671004800015,0.0000356
BNBUSDT,1671033600004,0
BNBUSDT,1671062400000,0
BNBUSDT,1671091200023,0
BNBUSDT,1671120000010,0
BNBUSDT,1671148800016,0
BNBUSDT,1671177600011,0
BNBUSDT,1671206400001,-0.00002001
BNBUSDT,1671235200001,-0.00073517
BNBUSDT,1671264000011,-0.00115398
BNBUSDT,1671292800011,-0.00078563
BNBUSDT,1671321600008,-0.0002971
BNBUSDT,1671350400001,-0.0010605
BNBUSDT,1671379200012,-0.00035846
BNBUSDT,1671408000000,-0.00083635
BNBUSDT,1671436800000,-0.00062904
BNBUSDT,1671465600000,-0.00037954
BNBUSDT,1671494400005,-0.00001126
BNBUSDT,1671523200016,-0.00014553
BNBUSDT,1671552000000,-0.00018714
BNBUSDT,1671580800007,-0.0001895
BNBUSDT,1671609600012,-0.00016441
BNBUSDT,1671638400017,-0.00009578
BNBUSDT,1671667200004,-0.00020175
BNBUSDT,1671696000000,-0.00037556
BNBUSDT,1671724800001,-0.00018387
BNBUSDT,1671753600018,-0.00006874
BNBUSDT,1671782400000,0
BNBUSDT,1671811200000,-0.0001583
BNBUSDT,1671840000001,-0.00008702
BNBUSDT,1671868800007,-0.00019326
BNBUSDT,1671897600008,-0.00017502
BNBUSDT,1671926400000,-0.00027056
BNBUSDT,1671955200013,-0.00021289
BNBUSDT,1671984000000,-0.00023132
BNBUSDT,1672012800001,-0.00001749
BNBUSDT,1672041600000,0
BNBUSDT,1672070400005,-0.00003502
BNBUSDT,1672099200005,0
BNBUSDT,1672128000010,0
BNBUSDT,1672156800006,0
BNBUSDT,1672185600010,0
BNBUSDT,1672214400010,-0.00006104
BNBUSDT,1672243200010,-0.00008213
BNBUSDT,1672272000011,-0.00003707
BNBUSDT,1672300800000,-0.00003846
BNBUSDT,1672329600008,0
BNBUSDT,1672358400000,-0.00003597
BNBUSDT,1672387200000,-0.00010921
BNBUSDT,1672416000000,-0.00002319
BNBUSDT,1672444800014,0
BNBUSDT,1672473600000,0
BNBUSDT,1672502400000,0
BNBUSDT,1672531200000,-0.0000105
BNBUSDT,1672560000008,0
BNBUSDT,1672588800000,0
BNBUSDT,1672617600000,0
BNBUSDT,1672646400008,0
BNBUSDT,1672675200015,-0.00007526
BNBUSDT,1672704000003,-0.00009889
BNBUSDT,1672732800018,-0.00005595
BNBUSDT,1672761600000,0
BNBUSDT,1672790400000,0
BNBUSDT,1672819200016,0
BNBUSDT,1672848000011,0
BNBUSDT,1672876800009,-0.00042886
BNBUSDT,1672905600011,-0.00041485
BNBUSDT,1672934400000,-0.00034445
BNBUSDT,1672963200005,-0.00035232
BNBUSDT,1672992000001,-0.00014715
BNBUSDT,1673020800000,-0.00021562
BNBUSDT,1673049600006,-0.00022972
BNBUSDT,1673078400017,-0.00019772
BNBUSDT,1673107200000,-0.00023691
BNBUSDT,1673136000015,-0.00042242
BNBUSDT,1673164800000,-0.00011035
BNBUSDT,1673193600010,0
BNBUSDT,1673222400003,-0.0000551
BNBUSDT,1673251200000,0
BNBUSDT,1673280000006,0
BNBUSDT,1673308800003,0
BNBUSDT,1673337600021,0
BNBUSDT,1673366400000,-0.00001944
BNBUSDT,1673395200011,-0.00033078
BNBUSDT,1673424000006,-0.00010219
BNBUSDT,1673452800004,-0.00009478
BNBUSDT,1673481600000,-0.00000773
BNBUSDT,1673510400000,0
BNBUSDT,1673539200000,0
BNBUSDT,1673568000004,-0.00030273
BNBUSDT,1673596800000,-0.00013437
BNBUSDT,1673625600018,-0.00009937
BNBUSDT,1673654400000,0
BNBUSDT,1673683200001,0.00035334
BNBUSDT,1673712000000,0.0001184
BNBUSDT,1673740800010,0.00009249
BNBUSDT,1673769600002,0
BNBUSDT,1673798400000,0
BNBUSDT,1673827200010,0
BNBUSDT,1673856000007,0
BNBUSDT,1673884800000,0
BNBUSDT,1673913600004,0
BNBUSDT,1673942400005,0
BNBUSDT,1673971200001,0
BNBUSDT,1674000000008,0
BNBUSDT,1674028800009,0
BNBUSDT,1674057600017,0
BNBUSDT,1674086400000,-0.00009679
BNBUSDT,1674115200015,-0.00021146
BNBUSDT,1674144000012,0
BNBUSDT,1674172800000,-0.00000795
BNBUSDT,1674201600000,0
BNBUSDT,1674230400000,0
BNBUSDT,1674259200013,0.00005639
BNBUSDT,1674288000001,0.000182
BNBUSDT,1674316800016,0.00005417
BNBUSDT,1674345600000,0
BNBUSDT,1674374400000,0.00015982
BNBUSDT,1674403200023,0.00010198
BNBUSDT,1674432000014,0.00005355
BNBUSDT,1674460800014,0.00008039
BNBUSDT,1674489600016,0.00007383
BNBUSDT,1674518400008,0.00015492
BNBUSDT,1674547200008,0.00022386
BNBUSDT,1674576000000,0.00017116
BNBUSDT,1674604800012,0
BNBUSDT,1674633600000,0
BNBUSDT,1674662400010,0
BNBUSDT,1674691200010,0
BNBUSDT,1674720000003,0
BNBUSDT,1674748800020,0
BNBUSDT,1674777600008,0
BNBUSDT,1674806400000,0
BNBUSDT,1674835200000,0
BNBUSDT,1674864000009,0
BNBUSDT,1674892800018,0
BNBUSDT,1674921600005,0
BNBUSDT,1674950400011,0
BNBUSDT,1674979200000,0
BNBUSDT,1675008000008,0
BNBUSDT,1675036800001,0
BNBUSDT,1675065600000,0.00002222
BNBUSDT,1675094400000,0
BNBUSDT,1675123200005,0
BNBUSDT,1675152000000,0
BNBUSDT,1675180800007,0
BNBUSDT,1675209600013,0
BNBUSDT,1675238400000,0
BNBUSDT,1675267200012,0
BNBUSDT,1675296000004,0.00003463
BNBUSDT,1675324800023,0.00054212
BNBUSDT,1675353600003,0.00017099
BNBUSDT,1675382400010,0.00014265
BNBUSDT,1675411200000,0.00007717
BNBUSDT,1675440000000,0.00004762
BNBUSDT,1675468800010,0
BNBUSDT,1675497600000,0.00006947
BNBUSDT,1675526400000,0.00004705
BNBUSDT,1675555200016,0
BNBUSDT,1675584000009,0
BNBUSDT,1675612800018,0
BNBUSDT,1675641600001,0
BNBUSDT,1675670400000,0
BNBUSDT,1675699200012,0
BNBUSDT,1675728000004,0
BNBUSDT,1675756800011,0
BNBUSDT,1675785600018,0
BNBUSDT,1675814400009,0
BNBUSDT,1675843200010,0
BNBUSDT,1675872000000,0
BNBUSDT,1675900800014,0
BNBUSDT,1675929600006,0
BNBUSDT,1675958400001,0
BNBUSDT,1675987200012,0
BNBUSDT,1676016000005,0
BNBUSDT,1676044800020,-0.00007142
BNBUSDT,1676073600007,-0.00023045
BNBUSDT,1676102400002,-0.00025716
BNBUSDT,1676131200021,-0.00017915
BNBUSDT,1676160000004,-0.00010795
BNBUSDT,1676188800000,-0.00030295
BNBUSDT,1676217600002,-0.0002616
BNBUSDT,1676246400006,-0.00009963
BNBUSDT,1676275200008,-0.00011284
BNBUSDT,1676304000002,-0.00029629
BNBUSDT,1676332800013,-0.0001924
BNBUSDT,1676361600014,-0.00001819
BNBUSDT,1676390400016,-0.00007739
BNBUSDT,1676419200011,-0.00021143
BNBUSDT,1676448000000,-0.00009915
BNBUSDT,1676476800005,-0.00007066
BNBUSDT,1676505600019,0
BNBUSDT,1676534400000,0
BNBUSDT,1676563200001,0.00005284
BNBUSDT,1676592000003,0
BNBUSDT,1676620800016,-0.00000897
BNBUSDT,1676649600000,0
BNBUSDT,1676678400011,0
BNBUSDT,1676707200000,0
BNBUSDT,1676736000007,0
BNBUSDT,1676764800019,0
BNBUSDT,1676793600005,0
BNBUSDT,1676822400003,0
BNBUSDT,1676851200006,0
BNBUSDT,1676880000008,0
BNBUSDT,1676908800006,0
BNBUSDT,1676937600001,0
BNBUSDT,1676966400004,-0.00003791
BNBUSDT,1676995200011,-0.00004808
BNBUSDT,1677024000009,0
BNBUSDT,1677052800010,-0.00000336
BNBUSDT,1677081600000,-0.00012206
BNBUSDT,1677110400006,0
BNBUSDT,1677139200005,0
BNBUSDT,1677168000002,0
BNBUSDT,1677196800015,-0.00007966
BNBUSDT,1677225600011,0
BNBUSDT,1677254400014,0
BNBUSDT,1677283200015,-0.00004132
BNBUSDT,1677312000015,-0.00008665
BNBUSDT,1677340800015,-0.00007937
BNBUSDT,1677369600007,-0.00014702
BNBUSDT,1677398400012,-0.00014221
BNBUSDT,1677427200000,-0.00012253
BNBUSDT,1677456000011,0
BNBUSDT,1677484800003,-0.00002797
BNBUSDT,1677513600000,0
BNBUSDT,1677542400011,-0.00011827
BNBUSDT,1677571200018,-0.00009561
BNBUSDT,1677600000005,0
BNBUSDT,1677628800016,-0.00025319
BNBUSDT,1677657600000,0
BNBUSDT,1677686400008,0
BNBUSDT,1677715200009,0
BNBUSDT,1677744000013,-0.00023545
BNBUSDT,1677772800000,-0.00028051
BNBUSDT,1677801600000,-0.00002961
BNBUSDT,1677830400013,-0.00008625
BNBUSDT,1677859200000,-0.00002007
BNBUSDT,1677888000001,-0.00003295
BNBUSDT,1677916800008,-0.00009138
BNBUSDT,1677945600012,-0.00019281
BNBUSDT,1677974400000,-0.00009205
BNBUSDT,1678003200000,0
BNBUSDT,1678032000015,0
BNBUSDT,1678060800007,-0.00003967
BNBUSDT,1678089600017,0
BNBUSDT,1678118400000,-0.00012179
BNBUSDT,1678147200009,-0.0002088
BNBUSDT,1678176000016,-0.00001876
BNBUSDT,1678204800017,-0.00021496
BNBUSDT,1678233600000,0
BNBUSDT,1678262400014,0
BNBUSDT,1678291200021,0
BNBUSDT,1678320000010,0
BNBUSDT,1678348800013,0
BNBUSDT,1678377600002,0
BNBUSDT,1678406400000,-0.00027317
BNBUSDT,1678435200000,-0.00025155
BNBUSDT,1678464000005,-0.00018076
BNBUSDT,1678492800011,-0.0001812
BNBUSDT,1678521600003,-0.0006044
BNBUSDT,1678550400011,-0.0003423
BNBUSDT,1678579200001,0
BNBUSDT,1678608000000,0
BNBUSDT,1678636800005,-0.00008385
BNBUSDT,1678665600010,0
BNBUSDT,1678694400018,0
BNBUSDT,1678723200003,0
BNBUSDT,1678752000010,0
BNBUSDT,1678780800009,0
BNBUSDT,1678809600010,0.00007236
BNBUSDT,1678838400011,0.00012216
BNBUSDT,1678867200000,0.00010347
BNBUSDT,1678896000012,0
BNBUSDT,1678924800004,0
BNBUSDT,1678953600018,0.00009329
BNBUSDT,1678982400005,0
BNBUSDT,1679011200017,-0.00117649
BNBUSDT,1679040000010,-0.00059238
BNBUSDT,1679068800003,-0.00094597
BNBUSDT,1679097600012,-0.00129796
BNBUSDT,1679126400000,-0.00099191
BNBUSDT,1679155200016,-0.00071668
BNBUSDT,1679184000013,-0.00200114
BNBUSDT,1679212800024,-0.00122518
BNBUSDT,1679241600000,-0.00132398
BNBUSDT,1679270400005,-0.00208684
BNBUSDT,1679299200012,-0.00172668
BNBUSDT,1679328000015,-0.00096625
BNBUSDT,1679356800006,-0.00074486
BNBUSDT,1679385600004,-0.00138266
BNBUSDT,1679414400003,-0.00128311
BNBUSDT,1679443200000,-0.00197057
BNBUSDT,1679472000003,-0.00162299
BNBUSDT,1679500800000,-0.00005565
BNBUSDT,1679529600016,-0.00013572
BNBUSDT,1679558400001,0
BNBUSDT,1679587200013,-0.00007012
BNBUSDT,1679616000013,-0.00048065
BNBUSDT,1679644800012,-0.00022313
BNBUSDT,1679673600027,0
BNBUSDT,1679702400015,-0.00010615
BNBUSDT,1679731200011,-0.0001152
BNBUSDT,1679760000011,-0.00002817
BNBUSDT,1679788800000,-0.0001002
BNBUSDT,1679817600015,0
BNBUSDT,1679846400000,0
BNBUSDT,1679875200019,-0.00007754
BNBUSDT,1679904000009,-0.00022919
BNBUSDT,1679932800000,-0.00051772
BNBUSDT,1679961600007,-0.00070515
BNBUSDT,1679990400000,-0.00010119
BNBUSDT,1680019200013,0
BNBUSDT,1680048000010,-0.00006976
BNBUSDT,1680076800006,0
BNBUSDT,1680105600014,-0.00002235
BNBUSDT,1680134400000,0
BNBUSDT,1680163200000,-0.00004867
BNBUSDT,1680192000006,-0.00012381
BNBUSDT,1680220800003,-0.00035389
BNBUSDT,1680249600006,-0.00038577
BNBUSDT,1680278400011,-0.00014589
BNBUSDT,1680307200000,-0.00079807
BNBUSDT,1680336000000,-0.00018883
BNBUSDT,1680364800018,-0.00004123
BNBUSDT,1680393600013,-0.00029164
BNBUSDT,1680422400014,-0.00021911
BNBUSDT,1680451200001,-0.00014268
BNBUSDT,1680480000000,-0.0004329
BNBUSDT,1680508800013,-0.00002311
BNBUSDT,1680537600011,-0.00020305
BNBUSDT,1680566400002,-0.00067885
BNBUSDT,1680595200017,-0.00007503
BNBUSDT,1680624000008,0
BNBUSDT,1680652800000,0
BNBUSDT,1680681600016,0
BNBUSDT,1680710400004,0
BNBUSDT,1680739200000,0
BNBUSDT,1680768000011,0
BNBUSDT,1680796800000,0
BNBUSDT,1680825600006,-0.0001102
BNBUSDT,1680854400005,-0.00034537
BNBUSDT,1680883200000,-0.00005462
BNBUSDT,1680912000000,-0.00005522
BNBUSDT,1680940800014,0
BNBUSDT,1680969600018,0
BNBUSDT,1680998400013,0
BNBUSDT,1681027200024,0
BNBUSDT,1681056000010,0
BNBUSDT,1681084800000,0
BNBUSDT,1681113600010,0
BNBUSDT,1681142400006,0
BNBUSDT,1681171200008,-0.00012022
BNBUSDT,1681200000007,0.00007404
BNBUSDT,1681228800016,0.0000276
BNBUSDT,1681257600006,0
BNBUSDT,1681286400008,0
BNBUSDT,1681315200014,0
BNBUSDT,1681344000027,0
BNBUSDT,1681372800010,0
BNBUSDT,1681401600000,0.00001014
BNBUSDT,1681430400001,0.00001185
BNBUSDT,1681459200008,0.0002423
BNBUSDT,1681488000007,0.00005877
BNBUSDT,1681516800007,0
BNBUSDT,1681545600007,0.0000035
BNBUSDT,1681574400011,0.00030622
BNBUSDT,1681603200014,0.00006872
BNBUSDT,1681632000007,0.00009232
BNBUSDT,1681660800002,0.00045468
BNBUSDT,1681689600017,0.0002929
BNBUSDT,1681718400006,0.000243
BNBUSDT,1681747200000,0.00023012
BNBUSDT,1681776000013,0.00023453
BNBUSDT,1681804800017,0.00007434
BNBUSDT,1681833600000,0
BNBUSDT,1681862400022,0
BNBUSDT,1681891200014,0
BNBUSDT,1681920000000,0
BNBUSDT,1681948800010,0
BNBUSDT,1681977600012,0
BNBUSDT,1682006400012,0
BNBUSDT,1682035200009,0
BNBUSDT,1682064000009,0
BNBUSDT,1682092800003,-0.00010197
BNBUSDT,1682121600000,-0.0001808
BNBUSDT,1682150400000,-0.00039367
BNBUSDT,1682179200016,-0.00008421
BNBUSDT,1682208000009,-0.00047608
BNBUSDT,1682236800020,-0.00050601
BNBUSDT,1682265600007,-0.00073647
BNBUSDT,1682294400000,-0.00032731
BNBUSDT,1682323200008,-0.00079834
BNBUSDT,1682352000006,-0.00089166
BNBUSDT,1682380800014,-0.00079578
BNBUSDT,1682409600009,-0.00102839
BNBUSDT,1682438400015,-0.00083442
BNBUSDT,1682467200015,-0.00065033
BNBUSDT,1682496000013,-0.0005485
BNBUSDT,1682524800001,-0.0005203
BNBUSDT,1682553600014,-0.00116648
BNBUSDT,1682582400008,-0.00064239
BNBUSDT,1682611200005,-0.00070822
BNBUSDT,1682640000011,-0.00101999
BNBUSDT,1682668800007,-0.00194664
BNBUSDT,1682697600006,0
BNBUSDT,1682726400004,-0.00011978
BNBUSDT,1682755200016,0
BNBUSDT,1682784000001,-0.00018576
BNBUSDT,1682812800008,-0.00012369
BNBUSDT,1682841600000,0
BNBUSDT,1682870400010,0
BNBUSDT,1682899200004,-0.00105825
BNBUSDT,1682928000008,-0.00094339
BNBUSDT,1682956800014,-0.00120421
BNBUSDT,1682985600015,-0.00149947
BNBUSDT,1683014400018,-0.00126006
BNBUSDT,1683043200000,-0.00119084
BNBUSDT,1683072000009,-0.00146523
BNBUSDT,1683100800003,0
BNBUSDT,1683129600011,0
BNBUSDT,1683158400000,0
BNBUSDT,1683187200000,0
BNBUSDT,1683216000011,-0.00002435
BNBUSDT,1683244800002,0
BNBUSDT,1683273600000,-0.00004602
BNBUSDT,1683302400000,0
BNBUSDT,1683331200009,-0.00008753
BNBUSDT,1683360000000,-0.00006943
BNBUSDT,1683388800000,-0.00027804
BNBUSDT,1683417600000,-0.00007751
BNBUSDT,1683446400000,-0.00004936
BNBUSDT,1683475200006,-0.00010733
BNBUSDT,1683504000000,-0.00010221
BNBUSDT,1683532800007,-0.00035917
BNBUSDT,1683561600015,-0.00025582
BNBUSDT,1683590400015,-0.00022409
BNBUSDT,1683619200000,-0.00036709
BNBUSDT,1683648000000,-0.00032443
BNBUSDT,1683676800007,-0.00008759
BNBUSDT,1683705600003,-0.00004315
BNBUSDT,1683734400000,-0.00058032
BNBUSDT,1683763200011,-0.00003111
BNBUSDT,1683792000000,0
BNBUSDT,1683820800005,-0.00028224
BNBUSDT,1683849600020,-0.00036925
BNBUSDT,1683878400001,0
BNBUSDT,1683907200010,-0.00008151
BNBUSDT,1683936000000,-0.00007953
BNBUSDT,1683964800000,0
BNBUSDT,1683993600026,-0.00002203
BNBUSDT,1684022400029,0
BNBUSDT,1684051200010,0
BNBUSDT,1684080000008,0
BNBUSDT,1684108800006,-0.00018597
BNBUSDT,1684137600005,0
BNBUSDT,1684166400008,0
BNBUSDT,1684195200021,-0.00004595
BNBUSDT,1684224000000,-0.00001285
BNBUSDT,1684252800000,-0.00006776
BNBUSDT,1684281600010,-0.00004674
BNBUSDT,1684310400000,0
BNBUSDT,1684339200001,-0.00001822
BNBUSDT,1684368000000,0
BNBUSDT,1684396800026,0
BNBUSDT,1684425600019,0
BNBUSDT,1684454400000,0
BNBUSDT,1684483200002,0
BNBUSDT,1684512000000,0
BNBUSDT,1684540800005,-0.00000592
BNBUSDT,1684569600014,0
BNBUSDT,1684598400020,0
BNBUSDT,1684627200014,0
BNBUSDT,1684656000001,0
BNBUSDT,1684684800015,0
BNBUSDT,1684713600028,0
BNBUSDT,1684742400000,0
BNBUSDT,1684771200012,0
BNBUSDT,1684800000006,0
BNBUSDT,1684828800014,0
BNBUSDT,1684857600008,0.00000433
BNBUSDT,1684886400000,0
BNBUSDT,1684915200025,0
BNBUSDT,1684944000008,0
BNBUSDT,1684972800000,0
BNBUSDT,1685001600025,0
BNBUSDT,1685030400016,0
BNBUSDT,1685059200000,0
BNBUSDT,1685088000024,0
BNBUSDT,1685116800012,0
BNBUSDT,1685145600012,0
BNBUSDT,1685174400018,0
BNBUSDT,1685203200008,0
BNBUSDT,1685232000017,0
BNBUSDT,1685260800015,0
BNBUSDT,1685289600000,0
BNBUSDT,1685318400000,0
BNBUSDT,1685347200020,0.00005509
BNBUSDT,1685376000011,0.00018433
BNBUSDT,1685404800003,0.00013253
BNBUSDT,1685433600000,0.00020674
BNBUSDT,1685462400003,0.00010472
BNBUSDT,1685491200013,0
BNBUSDT,1685520000000,0
BNBUSDT,1685548800000,0
BNBUSDT,1685577600008,0
BNBUSDT,1685606400012,0.00008187
BNBUSDT,1685635200000,0
BNBUSDT,1685664000000,0
BNBUSDT,1685692800006,0.00004057
BNBUSDT,1685721600012,0
BNBUSDT,1685750400000,0.00007832
BNBUSDT,1685779200011,0.00004591
BNBUSDT,1685808000003,0.00000943
BNBUSDT,1685836800000,0.00000017
BNBUSDT,1685865600000,0.00003122
BNBUSDT,1685894400000,0.00016004
BNBUSDT,1685923200005,0.00010125
BNBUSDT,1685952000000,0
BNBUSDT,1685980800000,0
BNBUSDT,1686009600000,0
BNBUSDT,1686038400009,0
BNBUSDT,1686067200013,0
BNBUSDT,1686096000000,0
BNBUSDT,1686124800016,0
BNBUSDT,1686153600000,0
BNBUSDT,1686182400006,0
BNBUSDT,1686211200000,0
BNBUSDT,1686240000000,0
BNBUSDT,1686268800000,0
BNBUSDT,1686297600000,0
BNBUSDT,1686326400000,0
BNBUSDT,1686355200000,0.00002811
BNBUSDT,1686384000000,-0.00036574
BNBUSDT,1686412800000,-0.00002163
BNBUSDT,1686441600001,0
BNBUSDT,1686470400000,-0.00018089
BNBUSDT,1686499200000,-0.00028735
BNBUSDT,1686528000000,0
BNBUSDT,1686556800000,-0.00070002
BNBUSDT,1686585600001,-0.00006726
BNBUSDT,1686614400000,0
BNBUSDT,1686643200000,-0.0000627
BNBUSDT,1686672000000,-0.00034303
BNBUSDT,1686700800000,-0.00000398
BNBUSDT,1686729600000,-0.00044698
BNBUSDT,1686758400000,-0.0004527
BNBUSDT,1686787200000,-0.00031629
BNBUSDT,1686816000000,-0.00007324
BNBUSDT,1686844800000,0
BNBUSDT,1686873600000,-0.00005371
BNBUSDT,1686902400000,-0.00005605
BNBUSDT,1686931200000,-0.00017727
BNBUSDT,1686960000000,0
BNBUSDT,1686988800000,0
BNBUSDT,1687017600000,0
BNBUSDT,1687046400000,0
BNBUSDT,1687075200000,0
BNBUSDT,1687104000000,0
BNBUSDT,1687132800000,0
BNBUSDT,1687161600000,0
BNBUSDT,1687190400000,0
BNBUSDT,1687219200001,0
BNBUSDT,1687248000000,0
BNBUSDT,1687276800000,0
BNBUSDT,1687305600000,0
BNBUSDT,1687334400000,0
BNBUSDT,1687363200000,0
BNBUSDT,1687392000000,0
BNBUSDT,1687420800001,0
BNBUSDT,1687449600000,0
BNBUSDT,1687478400000,0
BNBUSDT,1687507200000,0
BNBUSDT,1687536000000,0
BNBUSDT,1687564800000,0.00001262
BNBUSDT,1687593600000,0
BNBUSDT,1687622400000,0
BNBUSDT,1687651200000,0
BNBUSDT,1687680000000,0
BNBUSDT,1687708800000,0
BNBUSDT,1687737600000,0
BNBUSDT,1687766400000,0
BNBUSDT,1687795200000,0
BNBUSDT,1687824000000,0
BNBUSDT,1687852800000,0.00007353
BNBUSDT,1687881600000,0.00004009
BNBUSDT,1687910400000,0
BNBUSDT,1687939200000,0
BNBUSDT,1687968000000,0
BNBUSDT,1687996800000,0
BNBUSDT,1688025600000,0
BNBUSDT,1688054400000,0
BNBUSDT,1688083200000,0
BNBUSDT,1688112000000,0
BNBUSDT,1688140800001,0
BNBUSDT,1688169600000,0.00005352
BNBUSDT,1688198400000,0.00005349
BNBUSDT,1688227200000,0.00014546
BNBUSDT,1688256000000,0.00014716
BNBUSDT,1688284800000,0.00002679
BNBUSDT,1688313600001,0.00023805
BNBUSDT,1688342400000,0.00009255
BNBUSDT,1688371200000,0.0001912
BNBUSDT,1688400000000,0.00009428
BNBUSDT,1688428800001,0
BNBUSDT,1688457600000,0
BNBUSDT,1688486400000,0
BNBUSDT,1688515200000,0
BNBUSDT,1688544000000,0
BNBUSDT,1688572800000,0
BNBUSDT,1688601600000,0
BNBUSDT,1688630400000,0
BNBUSDT,1688659200000,0
BNBUSDT,1688688000000,-0.00046009
BNBUSDT,1688716800000,-0.00016651
BNBUSDT,1688745600000,-0.00009253
BNBUSDT,1688774400000,-0.00009236
BNBUSDT,1688803200000,-0.00007741
BNBUSDT,1688832000000,0
BNBUSDT,1688860800000,-0.00000491
BNBUSDT,1688889600000,0
BNBUSDT,1688918400000,-0.00008229
BNBUSDT,1688947200000,-0.00012524
BNBUSDT,1688976000000,-0.00000439
BNBUSDT,1689004800000,-0.00012535
BNBUSDT,1689033600000,-0.00025923
BNBUSDT,1689062400000,-0.00074001
BNBUSDT,1689091200000,-0.00074761
BNBUSDT,1689120000000,-0.00035487
BNBUSDT,1689148800000,-0.0006544
BNBUSDT,1689177600000,-0.00059837
BNBUSDT,1689206400000,-0.00108561
BNBUSDT,1689235200000,-0.00074145
BNBUSDT,1689264000000,-0.00082611
BNBUSDT,1689292800000,0
BNBUSDT,1689321600000,-0.00042246
BNBUSDT,1689350400000,-0.00049717
BNBUSDT,1689379200000,-0.00116654
BNBUSDT,1689408000000,-0.00054039
BNBUSDT,1689436800000,-0.000673
BNBUSDT,1689465600001,-0.00082346
BNBUSDT,1689494400000,-0.00077424
BNBUSDT,1689523200000,-0.00076813
BNBUSDT,1689552000000,-0.00180248
BNBUSDT,1689580800000,-0.00025688
BNBUSDT,1689609600000,-0.00034131
BNBUSDT,1689638400000,-0.00013206
BNBUSDT,1689667200000,-0.00037172
BNBUSDT,1689696000000,0
BNBUSDT,1689724800000,0
BNBUSDT,1689753600000,0.00014002
BNBUSDT,1689782400001,0.00010374
BNBUSDT,1689811200000,0.00004559
BNBUSDT,1689840000000,0.00013033
BNBUSDT,1689868800000,0
BNBUSDT,1689897600001,0.00007509
BNBUSDT,1689926400000,0.00002789
BNBUSDT,1689955200000,0.0002497
BNBUSDT,1689984000000,0.00013559
BNBUSDT,1690012800000,0.00006965
BNBUSDT,1690041600000,0
BNBUSDT,1690070400000,0
BNBUSDT,1690099200000,0.00008296
BNBUSDT,1690128000000,0.00007037
BNBUSDT,1690156800000,0
BNBUSDT,1690185600000,0.00001192
BNBUSDT,1690214400000,0
BNBUSDT,1690243200000,0
BNBUSDT,1690272000000,0.00008855
BNBUSDT,1690300800000,0
BNBUSDT,1690329600000,0
BNBUSDT,1690358400001,0.00000189
BNBUSDT,1690387200000,0
BNBUSDT,1690416000000,0
BNBUSDT,1690444800000,0.00004979
BNBUSDT,1690473600001,0.00002458
BNBUSDT,1690502400000,0.000016
BNBUSDT,1690531200000,0
BNBUSDT,1690560000000,0.00005712
BNBUSDT,1690588800000,0
BNBUSDT,1690617600000,0
BNBUSDT,1690646400001,0.0000995
BNBUSDT,1690675200000,0.00004905
BNBUSDT,1690704000000,0.00008003
BNBUSDT,1690732800000,0.00011335
BNBUSDT,1690761600000,0.00009227
BNBUSDT,1690790400000,0.00007364
BNBUSDT,1690819200001,0.0000411
BNBUSDT,1690848000000,0
BNBUSDT,1690876800000,0.00007317
BNBUSDT,1690905600000,0.00006759
BNBUSDT,1690934400000,0
BNBUSDT,1690963200000,0
BNBUSDT,1690992000000,0
BNBUSDT,1691020800000,0
BNBUSDT,1691049600000,0
BNBUSDT,1691078400001,0
BNBUSDT,1691107200000,0
BNBUSDT,1691136000000,0
BNBUSDT,1691164800000,0
BNBUSDT,1691193600000,0
BNBUSDT,1691222400000,0
BNBUSDT,1691251200001,0
BNBUSDT,1691280000000,0
BNBUSDT,1691308800001,0.00001099
BNBUSDT,1691337600005,0
BNBUSDT,1691366400000,0
BNBUSDT,1691395200000,0
BNBUSDT,1691424000000,0
BNBUSDT,1691452800000,0
BNBUSDT,1691481600000,0
BNBUSDT,1691510400000,0
BNBUSDT,1691539200000,0.00015375
BNBUSDT,1691568000000,0
BNBUSDT,1691596800000,0
BNBUSDT,1691625600001,0
BNBUSDT,1691654400000,0
BNBUSDT,1691683200000,0
BNBUSDT,1691712000000,-0.00015036
BNBUSDT,1691740800000,-0.00026946
BNBUSDT,1691769600000,-0.00023724
BNBUSDT,1691798400000,-0.00022644
BNBUSDT,1691827200000,-0.00015777
BNBUSDT,1691856000000,-0.00020833
BNBUSDT,1691884800000,-0.00029203
BNBUSDT,1691913600000,-0.00019929
BNBUSDT,1691942400000,-0.00000614
BNBUSDT,1691971200001,-0.00003892
BNBUSDT,1692000000000,-0.00004676
BNBUSDT,1692028800000,-0.00000805
BNBUSDT,1692057600001,-0.00009711
BNBUSDT,1692086400000,-0.00020066
BNBUSDT,1692115200000,0
BNBUSDT,1692144000000,-0.00044204
BNBUSDT,1692172800001,-0.0001621
BNBUSDT,1692201600000,-0.000444
BNBUSDT,1692230400000,-0.00027077
BNBUSDT,1692259200000,0
BNBUSDT,1692288000000,-0.00018279
BNBUSDT,1692316800000,-0.00074175
BNBUSDT,1692345600000,-0.0000581
BNBUSDT,1692374400000,-0.00011733
BNBUSDT,1692403200000,-0.00029585
BNBUSDT,1692432000000,-0.00035101
BNBUSDT,1692460800000,-0.00012321
BNBUSDT,1692489600000,-0.00001186
BNBUSDT,1692518400000,-0.00012416
BNBUSDT,1692547200000,-0.00026855
BNBUSDT,1692576000000,0
BNBUSDT,1692604800000,-0.00034238
BNBUSDT,1692633600000,-0.00073843
BNBUSDT,1692662400000,-0.00011188
BNBUSDT,1692691200000,-0.00008858
BNBUSDT,1692720000000,-0.00084222
BNBUSDT,1692748800000,-0.0005188
BNBUSDT,1692777600000,0
BNBUSDT,1692806400000,-0.00006038
BNBUSDT,1692835200000,-0.00023809
BNBUSDT,1692864000000,0
BNBUSDT,1692892800000,0
BNBUSDT,1692921600000,0
BNBUSDT,1692950400000,0
BNBUSDT,1692979200000,0
BNBUSDT,1693008000000,0
BNBUSDT,1693036800000,0
BNBUSDT,1693065600000,0
BNBUSDT,1693094400000,0
BNBUSDT,1693123200000,0
BNBUSDT,1693152000000,0
BNBUSDT,1693180800000,0
BNBUSDT,1693209600001,0
BNBUSDT,1693238400001,0
BNBUSDT,1693267200000,0
BNBUSDT,1693296000000,0
BNBUSDT,1693324800000,0
BNBUSDT,1693353600000,0
BNBUSDT,1693382400000,0
BNBUSDT,1693411200000,0
BNBUSDT,1693440000000,0
BNBUSDT,1693468800000,0
BNBUSDT,1693497600000,0
BNBUSDT,1693526400000,0
BNBUSDT,1693555200000,0
BNBUSDT,1693584000001,0
BNBUSDT,1693612800000,0
BNBUSDT,1693641600000,0
BNBUSDT,1693670400000,0
BNBUSDT,1693699200000,0
BNBUSDT,1693728000000,0
BNBUSDT,1693756800000,0
BNBUSDT,1693785600000,0
BNBUSDT,1693814400000,0
BNBUSDT,1693843200000,0
BNBUSDT,1693872000000,0
BNBUSDT,1693900800000,0
BNBUSDT,1693929600000,0
BNBUSDT,1693958400000,0
BNBUSDT,1693987200000,0
BNBUSDT,1694016000001,0
BNBUSDT,1694044800000,0
BNBUSDT,1694073600000,0
BNBUSDT,1694102400000,0
BNBUSDT,1694131200000,0
BNBUSDT,1694160000000,0
BNBUSDT,1694188800000,0
BNBUSDT,1694217600000,0
BNBUSDT,1694246400000,0
BNBUSDT,1694275200000,0
BNBUSDT,1694304000000,0
BNBUSDT,1694332800000,0
BNBUSDT,1694361600000,0
BNBUSDT,1694390400000,0
BNBUSDT,1694419200000,0
BNBUSDT,1694448000001,0
BNBUSDT,1694476800000,0
BNBUSDT,1694505600000,0
BNBUSDT,1694534400000,0
BNBUSDT,1694563200000,0
BNBUSDT,1694592000000,0
BNBUSDT,1694620800000,0
BNBUSDT,1694649600000,0
BNBUSDT,1694678400001,0
BNBUSDT,1694707200000,0
BNBUSDT,1694736000000,0
BNBUSDT,1694764800000,-0.00005152
BNBUSDT,1694793600000,0
BNBUSDT,1694822400000,0
BNBUSDT,1694851200000,0
BNBUSDT,1694880000000,0
BNBUSDT,1694908800000,0
BNBUSDT,1694937600000,0
BNBUSDT,1694966400000,0
BNBUSDT,1694995200000,0
BNBUSDT,1695024000000,0
BNBUSDT,1695052800000,0
BNBUSDT,1695081600000,0
BNBUSDT,1695110400001,0
BNBUSDT,1695139200000,0.0000255
BNBUSDT,1695168000000,0
BNBUSDT,1695196800000,0
BNBUSDT,1695225600000,0
BNBUSDT,1695254400001,0
BNBUSDT,1695283200000,0
BNBUSDT,1695312000000,0
BNBUSDT,1695340800000,0
BNBUSDT,1695369600000,0
BNBUSDT,1695398400000,0
BNBUSDT,1695427200000,0
BNBUSDT,1695456000000,0
BNBUSDT,1695484800000,0
BNBUSDT,1695513600000,0
BNBUSDT,1695542400000,0
BNBUSDT,1695571200000,0
BNBUSDT,1695600000000,0
BNBUSDT,1695628800000,0
BNBUSDT,1695657600000,0
BNBUSDT,1695686400000,0
BNBUSDT,1695715200000,0.00004495
BNBUSDT,1695744000000,0.00005343
BNBUSDT,1695772800000,0.00002201
BNBUSDT,1695801600001,0.00005011
BNBUSDT,1695830400000,0
BNBUSDT,1695859200000,0.00007853
BNBUSDT,1695888000000,0.00002381
BNBUSDT,1695916800000,0
BNBUSDT,1695945600000,0.00000545
BNBUSDT,1695974400000,0
BNBUSDT,1696003200000,0
BNBUSDT,1696032000000,0
BNBUSDT,1696060800000,0
BNBUSDT,1696089600000,0
BNBUSDT,1696118400000,0
BNBUSDT,1696147200000,0.00007729
BNBUSDT,1696176000000,0.00009797
BNBUSDT,1696204800000,0.0000597
BNBUSDT,1696233600000,0.00002968
BNBUSDT,1696262400000,0.00003182
BNBUSDT,1696291200000,0
BNBUSDT,1696320000000,0
BNBUSDT,1696348800000,0
BNBUSDT,1696377600000,0
BNBUSDT,1696406400000,0
BNBUSDT,1696435200000,0
BNBUSDT,1696464000000,0
BNBUSDT,1696492800000,0.00005114
BNBUSDT,1696521600001,0
BNBUSDT,1696550400000,0
BNBUSDT,1696579200000,0.00005307
BNBUSDT,1696608000000,0
BNBUSDT,1696636800000,0
BNBUSDT,1696665600000,0.00005017
BNBUSDT,1696694400000,0
BNBUSDT,1696723200000,0.00005667
BNBUSDT,1696752000001,0.00010022
BNBUSDT,1696780800000,0
BNBUSDT,1696809600000,0
BNBUSDT,1696838400000,0
BNBUSDT,1696867200000,0
BNBUSDT,1696896000000,0
BNBUSDT,1696924800000,0
BNBUSDT,1696953600000,0
BNBUSDT,1696982400000,0
BNBUSDT,1697011200000,0
BNBUSDT,1697040000000,0
BNBUSDT,1697068800000,0
BNBUSDT,1697097600000,0
BNBUSDT,1697126400000,0
BNBUSDT,1697155200000,0
BNBUSDT,1697184000000,0
BNBUSDT,1697212800000,0
BNBUSDT,1697241600000,0
BNBUSDT,1697270400000,0
BNBUSDT,1697299200000,0
BNBUSDT,1697328000000,0
BNBUSDT,1697356800000,0
BNBUSDT,1697385600000,0
BNBUSDT,1697414400000,0
BNBUSDT,1697443200000,0
BNBUSDT,1697472000000,0.00001842
BNBUSDT,1697500800000,0.00007755
BNBUSDT,1697529600000,0.00010058
BNBUSDT,1697558400000,0
BNBUSDT,1697587200000,0
BNBUSDT,1697616000000,0
BNBUSDT,1697644800000,0
BNBUSDT,1697673600000,0
BNBUSDT,1697702400001,0
BNBUSDT,1697731200000,0
BNBUSDT,1697760000000,0.00006957
BNBUSDT,1697788800005,0.00011408
BNBUSDT,1697817600000,0.00004644
BNBUSDT,1697846400000,0
BNBUSDT,1697875200000,0.00004906
BNBUSDT,1697904000000,0.00013226
BNBUSDT,1697932800000,0.00014634
BNBUSDT,1697961600000,0.00005499
BNBUSDT,1697990400000,0.00010372
BNBUSDT,1698019200000,0.00016356
BNBUSDT,1698048000001,0.00016456
BNBUSDT,1698076800001,0
BNBUSDT,1698105600000,0.00018908
BNBUSDT,1698134400000,0.00012343
BNBUSDT,1698163200000,0.0000884
BNBUSDT,1698192000000,0.00009778
BNBUSDT,1698220800000,0.00007814
BNBUSDT,1698249600001,0.00028079
BNBUSDT,1698278400001,0.00016568
BNBUSDT,1698307200000,0.0003727
BNBUSDT,1698336000000,0.00008304
BNBUSDT,1698364800000,0.0000869
BNBUSDT,1698393600000,0.00020316
BNBUSDT,1698422400000,0.00016698
BNBUSDT,1698451200000,0.00005912
BNBUSDT,1698480000001,0.00005005
BNBUSDT,1698508800000,0
BNBUSDT,1698537600000,0.00001209
BNBUSDT,1698566400000,0.00002392
BNBUSDT,1698595200000,0.00011465
BNBUSDT,1698624000000,0.00011571
BNBUSDT,1698652800000,0
BNBUSDT,1698681600000,0.00021025
BNBUSDT,1698710400001,0.0001924
BNBUSDT,1698739200000,0.00009373
BNBUSDT,1698768000000,0.00006436
BNBUSDT,1698796800000,0.0000332
BNBUSDT,1698825600000,0.00009291
BNBUSDT,1698854400000,0.00000657
BNBUSDT,1698883200001,0.00045291
BNBUSDT,1698912000000,0.0002308
BNBUSDT,1698940800000,0.00018876
BNBUSDT,1698969600000,0.00031866
BNBUSDT,1698998400000,0.00015085
BNBUSDT,1699027200000,0
BNBUSDT,1699056000000,0.00014468
BNBUSDT,1699084800000,0.00011035
BNBUSDT,1699113600000,0.00020234
BNBUSDT,1699142400000,0.00003718
BNBUSDT,1699171200000,0.00011953
BNBUSDT,1699200000000,0
BNBUSDT,1699228800000,0.0001156
BNBUSDT,1699257600001,0.00012608
BNBUSDT,1699286400000,0.00028825
BNBUSDT,1699315200001,0.00036433
BNBUSDT,1699344000000,0.00012425
BNBUSDT,1699372800000,0.00018195
BNBUSDT,1699401600000,0.00024655
BNBUSDT,1699430400000,0.00032454
BNBUSDT,1699459200000,0.00015094
BNBUSDT,1699488000000,0.00002084
BNBUSDT,1699516800000,0.00026824
BNBUSDT,1699545600000,0.0002366
BNBUSDT,1699574400000,0
BNBUSDT,1699603200000,0.00034888
BNBUSDT,1699632000000,0.00001874
BNBUSDT,1699660800000,0.0002068
BNBUSDT,1699689600000,0.00028954
BNBUSDT,1699718400000,0.00030396
BNBUSDT,1699747200000,0.00004515
BNBUSDT,1699776000000,0
BNBUSDT,1699804800001,0.00013559
BNBUSDT,1699833600000,0.0002285
BNBUSDT,1699862400000,0.00014417
BNBUSDT,1699891200000,0.00020254
BNBUSDT,1699920000000,0.00008527
BNBUSDT,1699948800000,0.0002848
BNBUSDT,1699977600001,0.0001391
BNBUSDT,1700006400000,0.0001202
BNBUSDT,1700035200000,0.00010922
BNBUSDT,1700064000000,0.00020872
BNBUSDT,1700092800000,0.00021605
BNBUSDT,1700121600000,0.00034375
BNBUSDT,1700150400001,0.00004184
BNBUSDT,1700179200000,0.00011211
BNBUSDT,1700208000001,0
BNBUSDT,1700236800001,0
BNBUSDT,1700265600000,0.00009828
BNBUSDT,1700294400000,0.00000073
BNBUSDT,1700323200000,0.00010103
BNBUSDT,1700352000000,0.0000412
BNBUSDT,1700380800000,0.00008239
BNBUSDT,1700409600000,0
BNBUSDT,1700438400000,0
BNBUSDT,1700467200000,0.00015667
BNBUSDT,1700496000000,0.00027553
BNBUSDT,1700524800000,0.00031647
BNBUSDT,1700553600000,0.00027205
BNBUSDT,1700582400000,0.00016938
BNBUSDT,1700611200000,0.0001286
BNBUSDT,1700640000000,0.00011204
BNBUSDT,1700668800000,0
BNBUSDT,1700697600000,0.00002091
BNBUSDT,1700726400000,0.0000143
BNBUSDT,1700755200001,0.00016511
BNBUSDT,1700784000000,0
BNBUSDT,1700812800000,0.00019691
BNBUSDT,1700841600000,0.00002427
BNBUSDT,1700870400000,0
BNBUSDT,1700899200000,0.00025756
BNBUSDT,1700928000000,0.00014545
BNBUSDT,1700956800000,0.0001503
BNBUSDT,1700985600000,0.00007223
BNBUSDT,1701014400000,0
BNBUSDT,1701043200000,0
BNBUSDT,1701072000001,0.00015847
BNBUSDT,1701100800000,0.00020207
BNBUSDT,1701129600000,0.00013513
BNBUSDT,1701158400000,0
BNBUSDT,1701187200000,0.00020157
BNBUSDT,1701216000001,0.00026042
BNBUSDT,1701244800000,0.0000664
BNBUSDT,1701273600000,0.00013501
BNBUSDT,1701302400000,0.00018377
BNBUSDT,1701331200000,0.00017534
BNBUSDT,1701360000000,0.00026077
BNBUSDT,1701388800000,0.00025738
BNBUSDT,1701417600000,0.00010274
BNBUSDT,1701446400000,0.00008002
BNBUSDT,1701475200000,0.00016693
BNBUSDT,1701504000000,0.00013631
BNBUSDT,1701532800000,0.00017616
BNBUSDT,1701561600000,0.00019017
BNBUSDT,1701590400000,0.00022044
BNBUSDT,1701619200000,0.00016106
BNBUSDT,1701648000000,0.00032083
BNBUSDT,1701676800000,0.00035922
BNBUSDT,1701705600000,0.00005577
BNBUSDT,1701734400000,0.00018187
BNBUSDT,1701763200000,0
BNBUSDT,1701792000000,0.00009039
BNBUSDT,1701820800000,0.00019828
BNBUSDT,1701849600000,0.00023706
BNBUSDT,1701878400000,0.00020088
BNBUSDT,1701907200000,0.00019185
BNBUSDT,1701936000000,0.00031347
BNBUSDT,1701964800000,0.00027723
BNBUSDT,1701993600000,0.00038437
BNBUSDT,1702022400000,0.00044477
BNBUSDT,1702051200000,0.00040557
BNBUSDT,1702080000000,0.00056478
BNBUSDT,1702108800000,0.00046081
BNBUSDT,1702137600000,0.00034844
BNBUSDT,1702166400000,0.00030973
BNBUSDT,1702195200000,0.00025556
BNBUSDT,1702224000000,0.00026895
BNBUSDT,1702252800000,0.00033978
BNBUSDT,1702281600000,0.00009472
BNBUSDT,1702310400000,0.0000878
BNBUSDT,1702339200000,0
BNBUSDT,1702368000000,0
BNBUSDT,1702396800000,0
BNBUSDT,1702425600000,-0.00052326
BNBUSDT,1702454400000,-0.00022655
BNBUSDT,1702483200001,-0.00050377
BNBUSDT,1702512000000,-0.00061075
BNBUSDT,1702540800000,-0.00017671
BNBUSDT,1702569600000,-0.00057153
BNBUSDT,1702598400000,0
BNBUSDT,1702627200000,-0.00012952
BNBUSDT,1702656000000,-0.0003711
BNBUSDT,1702684800000,-0.00062037
BNBUSDT,1702713600000,-0.00029789
BNBUSDT,1702742400001,-0.00017219
BNBUSDT,1702771200000,-0.00038977
BNBUSDT,1702800000000,0
BNBUSDT,1702828800000,0
BNBUSDT,1702857600000,0
BNBUSDT,1702886400001,0.00014795
BNBUSDT,1702915200000,0.00012657
BNBUSDT,1702944000000,0.0000811
BNBUSDT,1702972800000,0.00013199
BNBUSDT,1703001600000,0
BNBUSDT,1703030400000,-0.00128946
BNBUSDT,1703059200000,-0.00001369
BNBUSDT,1703088000000,-0.00036193
BNBUSDT,1703116800000,-0.00094659
BNBUSDT,1703145600000,-0.00059303
BNBUSDT,1703174400000,-0.0001517
BNBUSDT,1703203200000,-0.00052916
BNBUSDT,1703232000000,-0.00046821
BNBUSDT,1703260800000,-0.00005726
BNBUSDT,1703289600000,-0.00016143
BNBUSDT,1703318400001,-0.00021826
BNBUSDT,1703347200000,-0.00101472
BNBUSDT,1703376000000,-0.0006357
BNBUSDT,1703404800000,-0.00004087
BNBUSDT,1703433600000,-0.00011773
BNBUSDT,1703462400000,-0.0005857
BNBUSDT,1703491200000,-0.00016186
BNBUSDT,1703520000000,0
BNBUSDT,1703548800000,0
BNBUSDT,1703577600000,0
BNBUSDT,1703606400000,0
BNBUSDT,1703635200000,0
BNBUSDT,1703664000000,0
BNBUSDT,1703692800000,-0.00082735
BNBUSDT,1703721600000,-0.0010039
BNBUSDT,1703750400000,-0.00047746
BNBUSDT,1703779200000,-0.00114629
BNBUSDT,1703808000001,-0.00073016
BNBUSDT,1703836800000,-0.00043385
BNBUSDT,1703865600000,-0.00055142
BNBUSDT,1703894400001,-0.00047138
BNBUSDT,1703923200000,-0.00067585
BNBUSDT,1703952000000,-0.00064912
BNBUSDT,1703980800000,-0.0012624
BNBUSDT,1704009600001,-0.00099242
BNBUSDT,1704038400000,-0.00075371
BNBUSDT,1704067200000,-0.00115565
BNBUSDT,1704096000000,-0.00043985
BNBUSDT,1704124800000,-0.00021335
BNBUSDT,1704153600000,-0.00004388
BNBUSDT,1704182400000,-0.00001968
BNBUSDT,1704211200000,0
BNBUSDT,1704240000000,-0.00040129
BNBUSDT,1704268800000,0
BNBUSDT,1704297600000,-0.00038446
BNBUSDT,1704326400000,-0.00036362
BNBUSDT,1704355200000,-0.000126
BNBUSDT,1704384000000,-0.00019163
BNBUSDT,1704412800001,-0.00073744
BNBUSDT,1704441600000,-0.00058221
BNBUSDT,1704470400000,-0.00096824
BNBUSDT,1704499200000,-0.00118881
BNBUSDT,1704528000000,-0.00082243
BNBUSDT,1704556800000,-0.00088029
BNBUSDT,1704585600000,-0.0009864
BNBUSDT,1704614400001,-0.00098181
BNBUSDT,1704643200001,-0.00075307
BNBUSDT,1704672000000,-0.00087928
BNBUSDT,1704700800000,-0.00046829
BNBUSDT,1704729600000,-0.00044893
BNBUSDT,1704758400001,-0.00008596
BNBUSDT,1704787200000,0
BNBUSDT,1704816000000,0
BNBUSDT,1704844800000,0
BNBUSDT,1704873600000,0
BNBUSDT,1704902400000,0
BNBUSDT,1704931200000,0
BNBUSDT,1704960000000,0
BNBUSDT,1704988800000,0
BNBUSDT,1705017600001,0.00003989
BNBUSDT,1705046400000,0.00003803
BNBUSDT,1705075200000,0.00000654
BNBUSDT,1705104000000,0
BNBUSDT,1705132800000,0
BNBUSDT,1705161600001,0.00008384
BNBUSDT,1705190400000,0
BNBUSDT,1705219200000,0.00012056
BNBUSDT,1705248000001,0
BNBUSDT,1705276800000,0.00005667
BNBUSDT,1705305600000,0.00016931
BNBUSDT,1705334400000,0
BNBUSDT,1705363200000,-0.00033116
BNBUSDT,1705392000000,-0.00050321
BNBUSDT,1705420800001,-0.0003672
BNBUSDT,1705449600000,-0.00049143
BNBUSDT,1705478400000,-0.00002361
BNBUSDT,1705507200000,-0.000561
BNBUSDT,1705536000001,-0.00048308
BNBUSDT,1705564800000,0
BNBUSDT,1705593600000,-0.00051549
BNBUSDT,1705622400000,-0.00045823
BNBUSDT,1705651200000,-0.00055553
BNBUSDT,1705680000002,-0.00041823
BNBUSDT,1705708800000,-0.00040077
BNBUSDT,1705737600003,-0.00028879
BNBUSDT,1705766400000,-0.00045503
BNBUSDT,1705795200000,-0.00022406
BNBUSDT,1705824000000,-0.00023041
BNBUSDT,1705852800000,-0.00038554
BNBUSDT,1705881600000,-0.00018874
BNBUSDT,1705910400000,-0.00052527
BNBUSDT,1705939200000,-0.00063548
BNBUSDT,1705968000000,-0.0003538
BNBUSDT,1705996800000,-0.00048935
BNBUSDT,1706025600000,-0.0000659
BNBUSDT,1706054400000,-0.00036932
BNBUSDT,1706083200000,0
BNBUSDT,1706112000000,-0.00009307
BNBUSDT,1706140800000,0
BNBUSDT,1706169600001,0
BNBUSDT,1706198400000,0
BNBUSDT,1706227200001,0
BNBUSDT,1706256000000,0
BNBUSDT,1706284800000,0
BNBUSDT,1706313600000,0
BNBUSDT,1706342400000,0
BNBUSDT,1706371200000,0
BNBUSDT,1706400000000,0
BNBUSDT,1706428800000,0
BNBUSDT,1706457600000,0
BNBUSDT,1706486400000,0
BNBUSDT,1706515200001,0
BNBUSDT,1706544000000,0
BNBUSDT,1706572800000,0
BNBUSDT,1706601600000,0
BNBUSDT,1706630400001,0
BNBUSDT,1706659200000,0
BNBUSDT,1706688000000,0
BNBUSDT,1706716800000,0
BNBUSDT,1706745600000,0
BNBUSDT,1706774400000,0
BNBUSDT,1706803200002,0
BNBUSDT,1706832000000,0
BNBUSDT,1706860800000,0
BNBUSDT,1706889600000,0
BNBUSDT,1706918400000,0
BNBUSDT,1706947200000,0
BNBUSDT,1706976000001,0
BNBUSDT,1707004800000,0
BNBUSDT,1707033600004,0
BNBUSDT,1707062400000,0
BNBUSDT,1707091200000,0
BNBUSDT,1707120000000,0
BNBUSDT,1707148800000,-0.00005372
BNBUSDT,1707177600000,0
BNBUSDT,1707206400001,0
BNBUSDT,1707235200000,0
BNBUSDT,1707264000000,0
BNBUSDT,1707292800000,0
BNBUSDT,1707321600000,0
BNBUSDT,1707350400000,0
BNBUSDT,1707379200000,-0.00032307
BNBUSDT,1707408000000,-0.00078676
BNBUSDT,1707436800000,-0.00127869
BNBUSDT,1707465600000,-0.00061724
BNBUSDT,1707494400001,-0.00053458
BNBUSDT,1707523200001,-0.00052153
BNBUSDT,1707552000000,-0.00071137
BNBUSDT,1707580800000,-0.00063224
BNBUSDT,1707609600000,-0.00061914
BNBUSDT,1707638400001,-0.0005555
BNBUSDT,1707667200000,-0.00056837
BNBUSDT,1707696000000,-0.00066055
BNBUSDT,1707724800000,-0.00057236
BNBUSDT,1707753600000,-0.00035404
BNBUSDT,1707782400000,-0.00126582
BNBUSDT,1707811200000,-0.00008124
BNBUSDT,1707840000000,-0.00053432
BNBUSDT,1707868800000,-0.00058355
BNBUSDT,1707897600000,-0.00040106
BNBUSDT,1707926400000,-0.00001939
BNBUSDT,1707955200000,-0.00028452
BNBUSDT,1707984000000,-0.00010744
BNBUSDT,1708012800000,0
BNBUSDT,1708041600000,0
BNBUSDT,1708070400000,0
BNBUSDT,1708099200000,-0.00011609
BNBUSDT,1708128000000,0
BNBUSDT,1708156800000,-0.00010731
BNBUSDT,1708185600000,0
BNBUSDT,1708214400000,-0.00015626
BNBUSDT,1708243200000,-0.00023614
BNBUSDT,1708272000000,-0.00007972
BNBUSDT,1708300800000,0
BNBUSDT,1708329600000,0.00035989
BNBUSDT,1708358400000,0.00019102
BNBUSDT,1708387200000,0.00034939
BNBUSDT,1708416000000,0.00035868
BNBUSDT,1708444800000,0.00007065
BNBUSDT,1708473600000,0.00002817
BNBUSDT,1708502400000,0.0001159
BNBUSDT,1708531200000,-0.00048781
BNBUSDT,1708560000001,-0.00052198
BNBUSDT,1708588800001,-0.00107399
BNBUSDT,1708617600000,-0.00089242
BNBUSDT,1708646400000,-0.00034341
BNBUSDT,1708675200000,-0.00084438
BNBUSDT,1708704000000,-0.00045563
BNBUSDT,1708732800000,-0.00071438
BNBUSDT,1708761600001,-0.00055304
BNBUSDT,1708790400000,-0.00081788
BNBUSDT,1708819200001,-0.00096796
BNBUSDT,1708848000000,-0.00076198
BNBUSDT,1708876800000,-0.00028782
BNBUSDT,1708905600000,-0.00017368
BNBUSDT,1708934400000,-0.00031171
BNBUSDT,1708963200000,-0.00001649
BNBUSDT,1708992000000,0
BNBUSDT,1709020800000,-0.00022191
BNBUSDT,1709049600000,-0.00042917
BNBUSDT,1709078400000,-0.00062227
BNBUSDT,1709107200000,-0.00064429
BNBUSDT,1709136000000,0
BNBUSDT,1709164800000,0
BNBUSDT,1709193600000,0.00059364
BNBUSDT,1709222400000,0.00062688
BNBUSDT,1709251200000,0.0002258
BNBUSDT,1709280000000,0.00056193
BNBUSDT,1709308800000,0.00029595
BNBUSDT,1709337600000,0.00045091
BNBUSDT,1709366400001,0.00060239
BNBUSDT,1709395200000,0.00060028
BNBUSDT,1709424000000,0.00062465
BNBUSDT,1709452800000,0.00056194
BNBUSDT,1709481600000,0.00059759
BNBUSDT,1709510400000,0.00052271
BNBUSDT,1709539200000,0.00066328
BNBUSDT,1709568000000,0.00048318
BNBUSDT,1709596800000,0.00045848
BNBUSDT,1709625600000,0.00100171
BNBUSDT,1709654400000,0.00068298
BNBUSDT,1709683200000,0
BNBUSDT,1709712000001,0.00021672
BNBUSDT,1709740800000,0.00003112
BNBUSDT,1709769600000,0
BNBUSDT,1709798400000,0.00017842
BNBUSDT,1709827200000,0.00001547
BNBUSDT,1709856000000,0
BNBUSDT,1709884800000,0
BNBUSDT,1709913600000,-0.00001113
BNBUSDT,1709942400000,-0.00012383
BNBUSDT,1709971200001,-0.00019497
BNBUSDT,1710000000000,-0.00023847
BNBUSDT,1710028800000,-0.00006201
BNBUSDT,1710057600000,0
BNBUSDT,1710086400000,0.00036256
BNBUSDT,1710115200000,0
BNBUSDT,1710144000000,0.00002344
BNBUSDT,1710172800000,0.00007373
BNBUSDT,1710201600000,0.00019661
BNBUSDT,1710230400000,0.0005555
BNBUSDT,1710259200000,0.00006989
BNBUSDT,1710288000000,0.00034905
BNBUSDT,1710316800001,0.00064319
BNBUSDT,1710345600000,0.0006775
BNBUSDT,1710374400001,0.00035646
BNBUSDT,1710403200000,0.00044008
BNBUSDT,1710432000000,0.0006029
BNBUSDT,1710460800000,0.00011662
BNBUSDT,1710489600000,0.00012984
BNBUSDT,1710518400000,0
BNBUSDT,1710547200000,0.00013785
BNBUSDT,1710576000000,0.00024537
BNBUSDT,1710604800000,0.00016812
BNBUSDT,1710633600000,0.00009557
BNBUSDT,1710662400000,0
BNBUSDT,1710691200000,0
BNBUSDT,1710720000000,0
BNBUSDT,1710748800000,0.00015708
BNBUSDT,1710777600001,0
BNBUSDT,1710806400000,0.00010433
BNBUSDT,1710835200000,0.00019074
BNBUSDT,1710864000001,0.00023778
BNBUSDT,1710892800000,0.00021487
BNBUSDT,1710921600004,0.00022256
BNBUSDT,1710950400000,0.00009585
BNBUSDT,1710979200000,0.00002546
BNBUSDT,1711008000000,0.00013122
BNBUSDT,1711036800000,0
BNBUSDT,1711065600000,0.00017388
BNBUSDT,1711094400000,0.00006837
BNBUSDT,1711123200000,0.00014159
BNBUSDT,1711152000000,0.00014453
BNBUSDT,1711180800000,0.00016838
BNBUSDT,1711209600000,0
BNBUSDT,1711238400000,0
BNBUSDT,1711267200000,0.00021139
BNBUSDT,1711296000000,0.00020733
BNBUSDT,1711324800000,0.00021885
BNBUSDT,1711353600001,0.00024982
BNBUSDT,1711382400000,0.00025865
BNBUSDT,1711411200000,0.00029097
BNBUSDT,1711440000000,0.00037308
BNBUSDT,1711468800000,0.00039806
BNBUSDT,1711497600000,0.00031573
BNBUSDT,1711526400001,0.00036491
BNBUSDT,1711555200000,0.00033014
BNBUSDT,1711584000000,0.00042862
BNBUSDT,1711612800000,0.00051984
BNBUSDT,1711641600000,0.00039289
BNBUSDT,1711670400000,0.00036592
BNBUSDT,1711699200000,0.000413
BNBUSDT,1711728000000,0.0002539
BNBUSDT,1711756800000,0
BNBUSDT,1711785600000,-0.00007709
BNBUSDT,1711814400000,-0.00037404
BNBUSDT,1711843200000,-0.00005921
BNBUSDT,1711872000000,-0.0003908
BNBUSDT,1711900800001,0
BNBUSDT,1711929600000,0
BNBUSDT,1711958400000,0
BNBUSDT,1711987200000,-0.00013645
BNBUSDT,1712016000007,0
BNBUSDT,1712044800015,0.00025814
BNBUSDT,1712073600000,0.00030588
BNBUSDT,1712102400000,0.00025462
BNBUSDT,1712131200000,0.00012544
BNBUSDT,1712160000000,0.00020227
BNBUSDT,1712188800000,0.00020277
BNBUSDT,1712217600000,0
BNBUSDT,1712246400000,0
BNBUSDT,1712275200000,-0.00042037
BNBUSDT,1712304000000,-0.00021433
BNBUSDT,1712332800000,-0.00038341
BNBUSDT,1712361600000,-0.00062922
BNBUSDT,1712390400000,-0.00027748
BNBUSDT,1712419200000,-0.00025256
BNBUSDT,1712448000000,-0.00033926
BNBUSDT,1712476800000,-0.00059616
BNBUSDT,1712505600000,-0.00049569
BNBUSDT,1712534400001,-0.00019057
BNBUSDT,1712563200000,-0.00038431
BNBUSDT,1712592000006,0
BNBUSDT,1712620800000,0.00015382
BNBUSDT,1712649600001,0.00016132
BNBUSDT,1712678400001,0
BNBUSDT,1712707200000,0.00024813
BNBUSDT,1712736000001,0.00019449
BNBUSDT,1712764800000,0.0001725
BNBUSDT,1712793600000,0.00037974
BNBUSDT,1712822400000,0.00008875
BNBUSDT,1712851200000,0.0002061
BNBUSDT,1712880000000,0.00021027
BNBUSDT,1712908800001,0.00000166
BNBUSDT,1712937600000,-0.00022562
BNBUSDT,1712966400000,-0.00042828
BNBUSDT,1712995200000,-0.00086248
BNBUSDT,1713024000001,-0.00056549
BNBUSDT,1713052800000,-0.00088593
BNBUSDT,1713081600000,-0.00045375
BNBUSDT,1713110400000,-0.00042313
BNBUSDT,1713139200000,-0.00044113
BNBUSDT,1713168000001,-0.00040679
BNBUSDT,1713196800000,-0.00046815
BNBUSDT,1713225600001,-0.0009491
BNBUSDT,1713254400000,-0.0007775
BNBUSDT,1713283200000,-0.000567
BNBUSDT,1713312000000,-0.00023045
BNBUSDT,1713340800000,0
BNBUSDT,1713369600000,0
BNBUSDT,1713398400000,0
BNBUSDT,1713427200000,0
BNBUSDT,1713456000000,-0.00034552
BNBUSDT,1713484800001,0
BNBUSDT,1713513600000,-0.00017776
BNBUSDT,1713542400000,0
BNBUSDT,1713571200000,0
BNBUSDT,1713600000000,0
BNBUSDT,1713628800000,0
BNBUSDT,1713657600000,-0.00000772
BNBUSDT,1713686400000,-0.00005246
BNBUSDT,1713715200000,-0.0001
BNBUSDT,1713744000000,0
BNBUSDT,1713772800000,0
BNBUSDT,1713801600000,0
BNBUSDT,1713830400000,0
BNBUSDT,1713859200000,0
BNBUSDT,1713888000001,-0.00026818
BNBUSDT,1713916800000,-0.00033543
BNBUSDT,1713945600000,-0.00041956
BNBUSDT,1713974400000,-0.00040741
BNBUSDT,1714003200000,-0.00001528
BNBUSDT,1714032000000,-0.00011575
BNBUSDT,1714060800010,-0.00050741
BNBUSDT,1714089600001,-0.00057117
BNBUSDT,1714118400000,-0.00065053
BNBUSDT,1714147200000,-0.0004789
BNBUSDT,1714176000000,-0.00045974
BNBUSDT,1714204800001,-0.00063467
BNBUSDT,1714233600000,-0.00021197
BNBUSDT,1714262400000,-0.00061995
BNBUSDT,1714291200000,-0.00078809
BNBUSDT,1714320000000,-0.00079187
BNBUSDT,1714348800000,-0.00084938
BNBUSDT,1714377600000,-0.00087166
BNBUSDT,1714406400000,-0.00065653
BNBUSDT,1714435200000,-0.00042184
BNBUSDT,1714464000000,-0.00015559
BNBUSDT,1714492800000,-0.00070745
BNBUSDT,1714521600000,-0.00022922
BNBUSDT,1714550400000,-0.00017534
BNBUSDT,1714579200000,-0.00017136
BNBUSDT,1714608000000,-0.00025289
BNBUSDT,1714636800000,-0.00001565
BNBUSDT,1714665600002,-0.0002526
BNBUSDT,1714694400000,-0.00012686
BNBUSDT,1714723200000,-0.00001017
BNBUSDT,1714752000000,-0.00032785
BNBUSDT,1714780800000,-0.000114
BNBUSDT,1714809600000,-0.00015609
BNBUSDT,1714838400000,-0.0002685
BNBUSDT,1714867200000,-0.00071748
BNBUSDT,1714896000000,-0.00031949
BNBUSDT,1714924800000,-0.0004005
BNBUSDT,1714953600000,-0.00008052
BNBUSDT,1714982400000,-0.0000937
BNBUSDT,1715011200000,-0.00026489
BNBUSDT,1715040000000,0
BNBUSDT,1715068800000,-0.00008607
BNBUSDT,1715097600000,0
BNBUSDT,1715126400000,0
BNBUSDT,1715155200000,0
BNBUSDT,1715184000000,0
BNBUSDT,1715212800000,0
BNBUSDT,1715241600000,0
BNBUSDT,1715270400000,0
BNBUSDT,1715299200000,-0.00001814
BNBUSDT,1715328000000,-0.00013856
BNBUSDT,1715356800000,-0.00023606
BNBUSDT,1715385600000,-0.00007794
BNBUSDT,1715414400000,0
BNBUSDT,1715443200000,0
BNBUSDT,1715472000000,0
BNBUSDT,1715500800000,0
BNBUSDT,1715529600000,-0.00002601
BNBUSDT,1715558400001,-0.00017911
BNBUSDT,1715587200001,-0.0000847
BNBUSDT,1715616000000,-0.00033836
BNBUSDT,1715644800000,-0.00001301
BNBUSDT,1715673600000,-0.00036204
BNBUSDT,1715702400000,-0.00129616
BNBUSDT,1715731200000,-0.00101022
BNBUSDT,1715760000000,-0.00069557
BNBUSDT,1715788800000,-0.00114578
BNBUSDT,1715817600004,-0.00065658
BNBUSDT,1715846400000,0
BNBUSDT,1715875200000,-0.00017077
BNBUSDT,1715904000000,-0.00053276
BNBUSDT,1715932800000,-0.00017804
BNBUSDT,1715961600000,0
BNBUSDT,1715990400000,0
BNBUSDT,1716019200000,0
BNBUSDT,1716048000000,0
BNBUSDT,1716076800000,0
BNBUSDT,1716105600000,0
BNBUSDT,1716134400000,0
BNBUSDT,1716163200000,0
BNBUSDT,1716192000000,-0.00006392
BNBUSDT,1716220800003,-0.00008546
BNBUSDT,1716249600000,0
BNBUSDT,1716278400001,0.00019002
BNBUSDT,1716307200000,0.00009749
BNBUSDT,1716336000000,0.00016951
BNBUSDT,1716364800000,0.00015829
BNBUSDT,1716393600000,0.0001546
BNBUSDT,1716422400000,0.00010082
BNBUSDT,1716451200000,0.00014596
BNBUSDT,1716480000000,0
BNBUSDT,1716508800000,0
BNBUSDT,1716537600000,0.00000449
BNBUSDT,1716566400000,0
BNBUSDT,1716595200000,0
BNBUSDT,1716624000000,0
BNBUSDT,1716652800000,0
BNBUSDT,1716681600000,0
BNBUSDT,1716710400000,0.00008753
BNBUSDT,1716739200000,0
BNBUSDT,1716768000000,0.00007614
BNBUSDT,1716796800000,0.0001094
BNBUSDT,1716825600000,0.00019809
BNBUSDT,1716854400000,0.00017805
BNBUSDT,1716883200000,0
BNBUSDT,1716912000000,0
BNBUSDT,1716940800001,0.00007405
BNBUSDT,1716969600000,0.00005977
BNBUSDT,1716998400000,0.00008769
BNBUSDT,1717027200000,0
BNBUSDT,1717056000000,0
BNBUSDT,1717084800000,0
BNBUSDT,1717113600000,0.00002222
BNBUSDT,1717142400000,0
BNBUSDT,1717171200000,0.00007882
BNBUSDT,1717200000000,0.00019589
BNBUSDT,1717228800000,0.00023411
BNBUSDT,1717257600001,0.00013223
BNBUSDT,1717286400000,0.00036939
BNBUSDT,1717315200000,0.00022554
BNBUSDT,1717344000000,0.00011225
BNBUSDT,1717372800000,0.0002004
BNBUSDT,1717401600000,0.00028495
BNBUSDT,1717430400000,0.00013785
BNBUSDT,1717459200000,0.00012196
BNBUSDT,1717488000000,0.00013176
BNBUSDT,1717516800000,0.00019423
BNBUSDT,1717545600000,0.00015839
BNBUSDT,1717574400000,0.00016022
BNBUSDT,1717603200000,0.00020097
BNBUSDT,1717632000000,0.00020144
BNBUSDT,1717660800008,0.00017035
BNBUSDT,1717689600000,0.00008066
BNBUSDT,1717718400000,0.00004266
BNBUSDT,1717747200000,0
BNBUSDT,1717776000000,0
BNBUSDT,1717804800000,0
BNBUSDT,1717833600000,0
BNBUSDT,1717862400000,0
BNBUSDT,1717891200000,0
BNBUSDT,1717920000000,0
BNBUSDT,1717948800001,0
BNBUSDT,1717977600000,0
BNBUSDT,1718006400000,0
BNBUSDT,1718035200001,0
BNBUSDT,1718064000001,0
BNBUSDT,1718092800000,0
BNBUSDT,1718121600000,0
BNBUSDT,1718150400000,0
BNBUSDT,1718179200000,0
BNBUSDT,1718208000000,-0.00000899
BNBUSDT,1718236800000,0
BNBUSDT,1718265600001,0
BNBUSDT,1718294400000,0
BNBUSDT,1718323200000,0
BNBUSDT,1718352000000,0
BNBUSDT,1718380800000,0
BNBUSDT,1718409600000,0
BNBUSDT,1718438400000,0
BNBUSDT,1718467200000,0
BNBUSDT,1718496000001,0
BNBUSDT,1718524800000,0
BNBUSDT,1718553600000,0
BNBUSDT,1718582400000,0
BNBUSDT,1718611200000,0
BNBUSDT,1718640000000,0
BNBUSDT,1718668800000,0
BNBUSDT,1718697600000,0
BNBUSDT,1718726400000,0
BNBUSDT,1718755200001,0
BNBUSDT,1718784000001,0
BNBUSDT,1718812800000,0
BNBUSDT,1718841600000,0
BNBUSDT,1718870400000,0
BNBUSDT,1718899200000,0
BNBUSDT,1718928000000,0
BNBUSDT,1718956800000,0
BNBUSDT,1718985600000,0
BNBUSDT,1719014400000,0
BNBUSDT,1719043200000,0
BNBUSDT,1719072000000,0
BNBUSDT,1719100800000,0
BNBUSDT,1719129600000,0
BNBUSDT,1719158400000,0
BNBUSDT,1719187200002,0
BNBUSDT,1719216000000,0
BNBUSDT,1719244800000,0
BNBUSDT,1719273600000,0
BNBUSDT,1719302400000,0
BNBUSDT,1719331200000,0
BNBUSDT,1719360000002,0
BNBUSDT,1719388800000,0
BNBUSDT,1719417600000,0
BNBUSDT,1719446400000,0
BNBUSDT,1719475200001,0
BNBUSDT,1719504000000,0
BNBUSDT,1719532800000,0
BNBUSDT,1719561600000,0
BNBUSDT,1719590400000,0
BNBUSDT,1719619200001,0
BNBUSDT,1719648000000,0
BNBUSDT,1719676800000,0
BNBUSDT,1719705600000,0
BNBUSDT,1719734400000,0
BNBUSDT,1719763200000,0
BNBUSDT,1719792000000,0
BNBUSDT,1719820800000,0.00001551
BNBUSDT,1719849600001,0
BNBUSDT,1719878400000,0
BNBUSDT,1719907200000,0.00003136
BNBUSDT,1719936000000,0.00000397
BNBUSDT,1719964800000,0.00012485
BNBUSDT,1719993600001,0.00001476
BNBUSDT,1720022400000,0
BNBUSDT,1720051200000,0
BNBUSDT,1720080000000,0
BNBUSDT,1720108800000,0
BNBUSDT,1720137600000,0
BNBUSDT,1720166400000,0
BNBUSDT,1720195200000,0
BNBUSDT,1720224000000,0
BNBUSDT,1720252800000,0
BNBUSDT,1720281600000,0
BNBUSDT,1720310400001,0
BNBUSDT,1720339200000,0
BNBUSDT,1720368000000,0
BNBUSDT,1720396800000,0
BNBUSDT,1720425600000,0
BNBUSDT,1720454400000,0
BNBUSDT,1720483200000,0
BNBUSDT,1720512000001,0
BNBUSDT,1720540800000,0
BNBUSDT,1720569600000,0
BNBUSDT,1720598400000,0
BNBUSDT,1720627200000,0
BNBUSDT,1720656000002,0
BNBUSDT,1720684800002,0
BNBUSDT,1720713600004,0
BNBUSDT,1720742400000,0
BNBUSDT,1720771200000,0
BNBUSDT,1720800000000,0
BNBUSDT,1720828800000,0
BNBUSDT,1720857600000,0
BNBUSDT,1720886400000,0
BNBUSDT,1720915200000,0
BNBUSDT,1720944000000,0
BNBUSDT,1720972800000,0
BNBUSDT,1721001600000,0
BNBUSDT,1721030400000,0
BNBUSDT,1721059200000,0
BNBUSDT,1721088000000,0
BNBUSDT,1721116800000,0
BNBUSDT,1721145600000,0
BNBUSDT,1721174400000,0
BNBUSDT,1721203200001,0
BNBUSDT,1721232000000,0
BNBUSDT,1721260800000,0
BNBUSDT,1721289600000,0
BNBUSDT,1721318400000,0
BNBUSDT,1721347200000,0
BNBUSDT,1721376000000,0
BNBUSDT,1721404800000,0
BNBUSDT,1721433600001,0
BNBUSDT,1721462400000,0
BNBUSDT,1721491200000,0
BNBUSDT,1721520000000,0
BNBUSDT,1721548800000,0
BNBUSDT,1721577600000,0
BNBUSDT,1721606400000,0
BNBUSDT,1721635200000,0
BNBUSDT,1721664000000,0
BNBUSDT,1721692800000,0
BNBUSDT,1721721600000,0
BNBUSDT,1721750400000,0
BNBUSDT,1721779200000,0
BNBUSDT,1721808000000,0
BNBUSDT,1721836800000,0
BNBUSDT,1721865600000,0
BNBUSDT,1721894400000,0
BNBUSDT,1721923200000,0
BNBUSDT,1721952000000,0
BNBUSDT,1721980800000,0
BNBUSDT,1722009600000,0
BNBUSDT,1722038400000,0
BNBUSDT,1722067200000,0
BNBUSDT,1722096000000,0
BNBUSDT,1722124800000,0
BNBUSDT,1722153600000,0
BNBUSDT,1722182400001,0
BNBUSDT,1722211200001,0
BNBUSDT,1722240000000,0.00001232
BNBUSDT,1722268800001,0.00005116
BNBUSDT,1722297600000,0
BNBUSDT,1722326400001,0
BNBUSDT,1722355200000,0
BNBUSDT,1722384000000,0
BNBUSDT,1722412800000,0.00002973
BNBUSDT,1722441600000,0.00000657
BNBUSDT,1722470400000,0.00000024
BNBUSDT,1722499200000,0
BNBUSDT,1722528000000,0.00001797
BNBUSDT,1722556800000,0
BNBUSDT,1722585600001,0.00001397
BNBUSDT,1722614400000,0
BNBUSDT,1722643200000,0
BNBUSDT,1722672000000,0
BNBUSDT,1722700800001,0
BNBUSDT,1722729600000,0
BNBUSDT,1722758400000,0
BNBUSDT,1722787200000,0
BNBUSDT,1722816000000,0
BNBUSDT,1722844800000,0
BNBUSDT,1722873600000,0
BNBUSDT,1722902400000,0
BNBUSDT,1722931200000,-0.00010267
BNBUSDT,1722960000000,0
BNBUSDT,1722988800000,0
BNBUSDT,1723017600001,0
BNBUSDT,1723046400000,0
BNBUSDT,1723075200001,0
BNBUSDT,1723104000000,0
BNBUSDT,1723132800000,0
BNBUSDT,1723161600000,0
BNBUSDT,1723190400000,0
BNBUSDT,1723219200000,0
BNBUSDT,1723248000000,0
BNBUSDT,1723276800000,0
BNBUSDT,1723305600000,0
BNBUSDT,1723334400000,0
BNBUSDT,1723363200000,0
BNBUSDT,1723392000001,0
BNBUSDT,1723420800000,0
BNBUSDT,1723449600000,0
BNBUSDT,1723478400000,0
BNBUSDT,1723507200000,0
BNBUSDT,1723536000000,0
BNBUSDT,1723564800000,0
BNBUSDT,1723593600000,0
BNBUSDT,1723622400000,0
BNBUSDT,1723651200000,0
BNBUSDT,1723680000000,0
BNBUSDT,1723708800000,0
BNBUSDT,1723737600000,0
BNBUSDT,1723766400000,0
BNBUSDT,1723795200000,0
BNBUSDT,1723824000000,-0.00006462
BNBUSDT,1723852800000,-0.00001124
BNBUSDT,1723881600000,0
BNBUSDT,1723910400000,0
BNBUSDT,1723939200000,0
BNBUSDT,1723968000000,0
BNBUSDT,1723996800000,0
BNBUSDT,1724025600000,0
BNBUSDT,1724054400000,0
BNBUSDT,1724083200002,0
BNBUSDT,1724112000000,0
BNBUSDT,1724140800000,0
BNBUSDT,1724169600001,0
BNBUSDT,1724198400001,0
BNBUSDT,1724227200000,0
BNBUSDT,1724256000001,0
BNBUSDT,1724284800000,-0.00008055
BNBUSDT,1724313600000,0
BNBUSDT,1724342400008,0
BNBUSDT,1724371200000,-0.00020609
BNBUSDT,1724400000000,-0.00016127
BNBUSDT,1724428800000,-0.00025172
BNBUSDT,1724457600000,-0.00033776
BNBUSDT,1724486400005,0
BNBUSDT,1724515200000,-0.00025018
BNBUSDT,1724544000000,-0.00017985
BNBUSDT,1724572800000,-0.00018285
BNBUSDT,1724601600000,0
BNBUSDT,1724630400000,-0.00000066
BNBUSDT,1724659200001,0
BNBUSDT,1724688000000,0
BNBUSDT,1724716800001,0
BNBUSDT,1724745600000,0
BNBUSDT,1724774400000,0
BNBUSDT,1724803200000,0
BNBUSDT,1724832000000,0
BNBUSDT,1724860800001,0
BNBUSDT,1724889600000,0
BNBUSDT,1724918400001,0
BNBUSDT,1724947200000,0
BNBUSDT,1724976000000,0
BNBUSDT,1725004800000,0
BNBUSDT,1725033600000,0
BNBUSDT,1725062400000,0
BNBUSDT,1725091200000,0
BNBUSDT,1725120000000,0
BNBUSDT,1725148800000,0
BNBUSDT,1725177600001,0
BNBUSDT,1725206400000,-0.00005365
BNBUSDT,1725235200001,0
BNBUSDT,1725264000001,0
BNBUSDT,1725292800000,0
BNBUSDT,1725321600000,0
BNBUSDT,1725350400001,0
BNBUSDT,1725379200000,0
BNBUSDT,1725408000000,0
BNBUSDT,1725436800000,0
BNBUSDT,1725465600000,0
BNBUSDT,1725494400000,0
BNBUSDT,1725523200000,0
BNBUSDT,1725552000005,0
BNBUSDT,1725580800000,0
BNBUSDT,1725609600001,0
BNBUSDT,1725638400000,0
BNBUSDT,1725667200000,0
BNBUSDT,1725696000000,0
BNBUSDT,1725724800000,0
BNBUSDT,1725753600000,0
BNBUSDT,1725782400000,0
BNBUSDT,1725811200000,0
BNBUSDT,1725840000000,0
BNBUSDT,1725868800000,0
BNBUSDT,1725897600001,0
BNBUSDT,1725926400000,0.00000394
BNBUSDT,1725955200000,0
BNBUSDT,1725984000000,0
BNBUSDT,1726012800000,0
BNBUSDT,1726041600000,0
BNBUSDT,1726070400000,0
BNBUSDT,1726099200000,0
BNBUSDT,1726128000000,0
BNBUSDT,1726156800000,0
BNBUSDT,1726185600000,0
BNBUSDT,1726214400001,0
BNBUSDT,1726243200001,0
BNBUSDT,1726272000000,0
BNBUSDT,1726300800000,0
BNBUSDT,1726329600001,0
BNBUSDT,1726358400000,0
BNBUSDT,1726387200000,0
BNBUSDT,1726416000000,0
BNBUSDT,1726444800000,0
BNBUSDT,1726473600001,-0.00014697
BNBUSDT,1726502400000,-0.00003343
BNBUSDT,1726531200001,-0.00015539
BNBUSDT,1726560000000,-0.00000955
BNBUSDT,1726588800000,-0.00012454
BNBUSDT,1726617600000,-0.00011651
BNBUSDT,1726646400000,-0.00012655
BNBUSDT,1726675200004,-0.00003002
BNBUSDT,1726704000000,-0.00002078
BNBUSDT,1726732800000,0
BNBUSDT,1726761600001,-0.00035746
BNBUSDT,1726790400000,-0.0000739
BNBUSDT,1726819200001,0
BNBUSDT,1726848000000,0
BNBUSDT,1726876800001,0
BNBUSDT,1726905600000,0
BNBUSDT,1726934400000,0
BNBUSDT,1726963200000,0
BNBUSDT,1726992000000,0
BNBUSDT,1727020800000,0
BNBUSDT,1727049600000,0
BNBUSDT,1727078400000,0
BNBUSDT,1727107200000,0
BNBUSDT,1727136000000,0.00006712
BNBUSDT,1727164800000,0
BNBUSDT,1727193600001,0
BNBUSDT,1727222400000,0
BNBUSDT,1727251200003,0
BNBUSDT,1727280000000,0
BNBUSDT,1727308800005,0
BNBUSDT,1727337600000,0
BNBUSDT,1727366400000,0
BNBUSDT,1727395200000,0
BNBUSDT,1727424000000,0
BNBUSDT,1727452800000,0
BNBUSDT,1727481600000,0
BNBUSDT,1727510400001,0.00005223
BNBUSDT,1727539200000,0
BNBUSDT,1727568000001,0
BNBUSDT,1727596800000,0
BNBUSDT,1727625600000,0
BNBUSDT,1727654400000,0
BNBUSDT,1727683200001,0
BNBUSDT,1727712000000,0
BNBUSDT,1727740800000,0
BNBUSDT,1727769600000,0
BNBUSDT,1727798400001,0
BNBUSDT,1727827200000,-0.00002629
BNBUSDT,1727856000000,0
BNBUSDT,1727884800000,0
BNBUSDT,1727913600000,0
BNBUSDT,1727942400000,0
BNBUSDT,1727971200000,-0.00013994
BNBUSDT,1728000000000,0
BNBUSDT,1728028800000,0
BNBUSDT,1728057600001,0
BNBUSDT,1728086400000,0
BNBUSDT,1728115200000,0
BNBUSDT,1728144000000,0
BNBUSDT,1728172800000,0
BNBUSDT,1728201600001,0
BNBUSDT,1728230400000,0
BNBUSDT,1728259200000,0
BNBUSDT,1728288000000,0
BNBUSDT,1728316800001,0
BNBUSDT,1728345600000,0
BNBUSDT,1728374400000,0
BNBUSDT,1728403200000,0
BNBUSDT,1728432000000,-0.00037285
BNBUSDT,1728460800000,-0.00055575
BNBUSDT,1728489600000,-0.00031397
BNBUSDT,1728518400000,-0.00007384
BNBUSDT,1728547200000,-0.0000986
BNBUSDT,1728576000000,-0.0001291
BNBUSDT,1728604800000,-0.00015143
BNBUSDT,1728633600000,0
BNBUSDT,1728662400001,0
BNBUSDT,1728691200000,0
BNBUSDT,1728720000001,0
BNBUSDT,1728748800000,0
BNBUSDT,1728777600000,0
BNBUSDT,1728806400000,0
BNBUSDT,1728835200000,0
BNBUSDT,1728864000000,0
BNBUSDT,1728892800000,0
BNBUSDT,1728921600000,0
BNBUSDT,1728950400000,0
BNBUSDT,1728979200000,0.0000646
BNBUSDT,1729008000000,0.00001914
BNBUSDT,1729036800000,0.00006645
BNBUSDT,1729065600001,0.00003157
BNBUSDT,1729094400000,0
BNBUSDT,1729123200000,0
BNBUSDT,1729152000000,0
BNBUSDT,1729180800001,0
BNBUSDT,1729209600010,0
BNBUSDT,1729238400001,0
BNBUSDT,1729267200000,0
BNBUSDT,1729296000000,0
BNBUSDT,1729324800000,0
BNBUSDT,1729353600000,0
BNBUSDT,1729382400000,0
BNBUSDT,1729411200000,0
BNBUSDT,1729440000000,0
BNBUSDT,1729468800000,0
BNBUSDT,1729497600000,0.00016124
BNBUSDT,1729526400000,0
BNBUSDT,1729555200000,0
BNBUSDT,1729584000000,0
BNBUSDT,1729612800000,0
BNBUSDT,1729641600000,0
BNBUSDT,1729670400000,0
BNBUSDT,1729699200000,0
BNBUSDT,1729728000000,0
BNBUSDT,1729756800000,0
BNBUSDT,1729785600000,0
BNBUSDT,1729814400000,0
BNBUSDT,1729843200000,0
BNBUSDT,1729872000000,0
BNBUSDT,1729900800000,0
BNBUSDT,1729929600001,0
BNBUSDT,1729958400000,0
BNBUSDT,1729987200000,0
BNBUSDT,1730016000000,0
BNBUSDT,1730044800000,0
BNBUSDT,1730073600000,0
BNBUSDT,1730102400001,0
BNBUSDT,1730131200000,0
BNBUSDT,1730160000000,0
BNBUSDT,1730188800000,0.00004545
BNBUSDT,1730217600004,0
BNBUSDT,1730246400000,0.0002239
BNBUSDT,1730275200000,0.00014298
BNBUSDT,1730304000013,0
BNBUSDT,1730332800000,0.00007648
BNBUSDT,1730361600000,0.00003528
BNBUSDT,1730390400000,0
BNBUSDT,1730419200000,0
BNBUSDT,1730448000000,0
BNBUSDT,1730476800000,0
BNBUSDT,1730505600000,0
BNBUSDT,1730534400000,0
BNBUSDT,1730563200000,0
BNBUSDT,1730592000000,0
BNBUSDT,1730620800000,0
BNBUSDT,1730649600000,0
BNBUSDT,1730678400000,0
BNBUSDT,1730707200000,0
BNBUSDT,1730736000000,0
BNBUSDT,1730764800000,0
BNBUSDT,1730793600003,0
BNBUSDT,1730822400001,0
BNBUSDT,1730851200000,0
BNBUSDT,1730880000000,0.00002834
BNBUSDT,1730908800000,0.00007705
BNBUSDT,1730937600000,0.0000419
BNBUSDT,1730966400000,0.00027164
BNBUSDT,1730995200000,0.00009543
BNBUSDT,1731024000000,0.00013806
BNBUSDT,1731052800000,0.00012525
BNBUSDT,1731081600000,0.00012741
BNBUSDT,1731110400000,0.00014585
BNBUSDT,1731139200000,0.00018785
BNBUSDT,1731168000000,0.00015914
BNBUSDT,1731196800000,0.00009947
BNBUSDT,1731225600000,0.00029165
BNBUSDT,1731254400000,0.00039432
BNBUSDT,1731283200001,0.00025293
BNBUSDT,1731312000000,0.00019878
BNBUSDT,1731340800000,0.00021978
BNBUSDT,1731369600002,0.0004155
BNBUSDT,1731398400000,0.00042666
BNBUSDT,1731427200000,0.00029213
BNBUSDT,1731456000000,0.00015032
BNBUSDT,1731484800010,0.00009601
BNBUSDT,1731513600000,0.0001672
BNBUSDT,1731542400001,0.00010701
BNBUSDT,1731571200000,0.00015621
BNBUSDT,1731600000000,0
BNBUSDT,1731628800000,0.00002259
BNBUSDT,1731657600000,0
BNBUSDT,1731686400000,0
BNBUSDT,1731715200001,0
BNBUSDT,1731744000001,0.00014634
BNBUSDT,1731772800000,0.00011027
BNBUSDT,1731801600000,0.00010792
BNBUSDT,1731830400000,0
BNBUSDT,1731859200001,0.00000684
BNBUSDT,1731888000000,0
BNBUSDT,1731916800000,0.0000074
BNBUSDT,1731945600000,0
BNBUSDT,1731974400000,0.00010006
BNBUSDT,1732003200000,0.00020322
BNBUSDT,1732032000000,0.00021252
BNBUSDT,1732060800003,0.00017739
BNBUSDT,1732089600000,0.00015552
BNBUSDT,1732118400000,0.00013045
BNBUSDT,1732147200001,0.0000761
BNBUSDT,1732176000000,0.0001129
BNBUSDT,1732204800001,0.00018601
BNBUSDT,1732233600000,0.00026039
BNBUSDT,1732262400000,0.00022074
BNBUSDT,1732291200001,0.00025697
BNBUSDT,1732320000000,0.00025849
BNBUSDT,1732348800000,0.00031409
BNBUSDT,1732377600000,0.00026825
BNBUSDT,1732406400001,0.00027182
BNBUSDT,1732435200000,0.00023194
BNBUSDT,1732464000000,0.00027586
BNBUSDT,1732492800000,0.00016463
BNBUSDT,1732521600000,0.00023382
BNBUSDT,1732550400000,0.00017218
BNBUSDT,1732579200000,0.00019876
BNBUSDT,1732608000000,0.00021015
BNBUSDT,1732636800000,0.00013059
BNBUSDT,1732665600000,0.00014198
BNBUSDT,1732694400000,0.0001679
BNBUSDT,1732723200001,0.00018095
BNBUSDT,1732752000000,0.00025048
BNBUSDT,1732780800000,0.00029079
BNBUSDT,1732809600000,0.00016874
BNBUSDT,1732838400000,0.00025917
BNBUSDT,1732867200000,0.00017784
BNBUSDT,1732896000000,0.00023522
BNBUSDT,1732924800000,0.00025161
BNBUSDT,1732953600000,0.00028198
BNBUSDT,1732982400000,0.00017695
BNBUSDT,1733011200000,0.00020315
BNBUSDT,1733040000000,0.00023081
BNBUSDT,1733068800000,0.00025892
BNBUSDT,1733097600001,0.00034152
BNBUSDT,1733126400001,0.00025785
BNBUSDT,1733155200000,0.00031152
BNBUSDT,1733184000000,0.00036686
BNBUSDT,1733212800000,0.00043533
BNBUSDT,1733241600000,0.0002647
BNBUSDT,1733270400000,0.00027322
BNBUSDT,1733299200000,0.00025819
BNBUSDT,1733328000000,0.00030723
BNBUSDT,1733356800001,0.00042947
BNBUSDT,1733385600000,0.00038805
BNBUSDT,1733414400000,0.00034913
BNBUSDT,1733443200000,0.00028199
BNBUSDT,1733472000000,0.00024535
BNBUSDT,1733500800000,0.00018233
BNBUSDT,1733529600000,0.00033562
BNBUSDT,1733558400000,0.00024332
BNBUSDT,1733587200000,0.00029675
BNBUSDT,1733616000000,0.00019104
BNBUSDT,1733644800000,0.00025929
BNBUSDT,1733673600000,0.00012175
BNBUSDT,1733702400000,0.0002588
BNBUSDT,1733731200000,0.00017589
BNBUSDT,1733760000001,0.00021516
BNBUSDT,1733788800007,0
BNBUSDT,1733817600000,0.00009225
BNBUSDT,1733846400000,0.00005529
BNBUSDT,1733875200000,0.00007477
BNBUSDT,1733904000000,0.0000603
BNBUSDT,1733932800001,0.00007029
BNBUSDT,1733961600001,0.00008003
BNBUSDT,1733990400000,0.00003327
BNBUSDT,1734019200001,0.0000134
BNBUSDT,1734048000000,0.00008474
BNBUSDT,1734076800000,0.00010016
BNBUSDT,1734105600001,0
BNBUSDT,1734134400000,0
BNBUSDT,1734163200000,0
BNBUSDT,1734192000000,0
BNBUSDT,1734220800000,0
BNBUSDT,1734249600000,0
BNBUSDT,1734278400000,0
BNBUSDT,1734307200000,0
BNBUSDT,1734336000001,0.0001529
BNBUSDT,1734364800000,0.00010698
BNBUSDT,1734393600000,0.00013724
BNBUSDT,1734422400000,0.00006707
BNBUSDT,1734451200000,0.0000789
BNBUSDT,1734480000000,0.000022
BNBUSDT,1734508800000,0
BNBUSDT,1734537600000,0.00001563
BNBUSDT,1734566400000,0
BNBUSDT,1734595200000,0
BNBUSDT,1734624000000,0
BNBUSDT,1734652800000,0
BNBUSDT,1734681600001,0
BNBUSDT,1734710400014,-0.000011
BNBUSDT,1734739200000,0
BNBUSDT,1734768000000,0
BNBUSDT,1734796800001,0
BNBUSDT,1734825600000,0
BNBUSDT,1734854400000,0
BNBUSDT,1734883200000,0
BNBUSDT,1734912000000,0
BNBUSDT,1734940800000,0
BNBUSDT,1734969600001,-0.00011832
BNBUSDT,1734998400000,-0.00024217
BNBUSDT,1735027200000,-0.00012634
BNBUSDT,1735056000001,0
BNBUSDT,1735084800001,-0.00008695
BNBUSDT,1735113600000,0
BNBUSDT,1735142400000,0
BNBUSDT,1735171200000,-0.00000885
BNBUSDT,1735200000000,0
BNBUSDT,1735228800000,-0.00031562
BNBUSDT,1735257600000,-0.00016697
BNBUSDT,1735286400000,-0.00011848
BNBUSDT,1735315200000,0
BNBUSDT,1735344000001,0
BNBUSDT,1735372800000,0
BNBUSDT,1735401600000,0
BNBUSDT,1735430400000,0
BNBUSDT,1735459200000,0
BNBUSDT,1735488000000,0
BNBUSDT,1735516800000,0
BNBUSDT,1735545600001,-0.00007761
BNBUSDT,1735574400000,0
BNBUSDT,1735603200000,0
BNBUSDT,1735632000000,-0.00001412
BNBUSDT,1735660800000,-0.00003674
BNBUSDT,1735689600015,0
BNBUSDT,1735718400000,0
BNBUSDT,1735747200001,0
BNBUSDT,1735776000000,-0.0001709
BNBUSDT,1735804800006,0
BNBUSDT,1735833600000,0
BNBUSDT,1735862400000,0
BNBUSDT,1735891200000,0
BNBUSDT,1735920000000,0
BNBUSDT,1735948800000,0
BNBUSDT,1735977600000,0
BNBUSDT,1736006400000,0
BNBUSDT,1736035200000,0
BNBUSDT,1736064000000,0
BNBUSDT,1736092800000,0
BNBUSDT,1736121600000,0
BNBUSDT,1736150400001,0
BNBUSDT,1736179200000,0
BNBUSDT,1736208000000,0.00009183
BNBUSDT,1736236800000,0
BNBUSDT,1736265600008,-0.00007515
BNBUSDT,1736294400001,-0.00097361
BNBUSDT,1736323200000,-0.00038843
BNBUSDT,1736352000000,-0.00005393
BNBUSDT,1736380800000,-0.00020205
BNBUSDT,1736409600000,-0.00002644
BNBUSDT,1736438400000,-0.00006041
BNBUSDT,1736467200000,-0.00046329
BNBUSDT,1736496000000,-0.00028026
BNBUSDT,1736524800000,0
BNBUSDT,1736553600000,0
BNBUSDT,1736582400000,0
BNBUSDT,1736611200000,0
BNBUSDT,1736640000000,0
BNBUSDT,1736668800000,0
BNBUSDT,1736697600000,-0.0000564
BNBUSDT,1736726400000,0
BNBUSDT,1736755200000,-0.00038994
BNBUSDT,1736784000000,-0.00056181
BNBUSDT,1736812800000,0
BNBUSDT,1736841600000,0
BNBUSDT,1736870400000,0
BNBUSDT,1736899200000,0
BNBUSDT,1736928000000,0
BNBUSDT,1736956800000,0
BNBUSDT,1736985600000,0
BNBUSDT,1737014400000,0
BNBUSDT,1737043200000,0
BNBUSDT,1737072000004,0
BNBUSDT,1737100800000,0.00003588
BNBUSDT,1737129600008,0
BNBUSDT,1737158400000,0
BNBUSDT,1737187200007,0
BNBUSDT,1737216000000,0
BNBUSDT,1737244800000,0
BNBUSDT,1737273600000,0.00014009
BNBUSDT,1737302400000,0.00007785
BNBUSDT,1737331200000,0.00003183
BNBUSDT,1737360000009,0.00012056
BNBUSDT,1737388800000,0.00010734
BNBUSDT,1737417600000,0.00000884
BNBUSDT,1737446400000,0.00005365
BNBUSDT,1737475200000,0.00009555
BNBUSDT,1737504000000,0.00011414
BNBUSDT,1737532800000,0
BNBUSDT,1737561600000,0
BNBUSDT,1737590400001,0.00007186
BNBUSDT,1737619200000,0.00000316
BNBUSDT,1737648000000,0
BNBUSDT,1737676800000,0
BNBUSDT,1737705600000,0.00008366
BNBUSDT,1737734400000,0
BNBUSDT,1737763200000,0
BNBUSDT,1737792000000,0
BNBUSDT,1737820800001,0.00008692
BNBUSDT,1737849600000,0.00007393
BNBUSDT,1737878400000,0
BNBUSDT,1737907200000,0
BNBUSDT,1737936000000,0
BNBUSDT,1737964800000,-0.00011806
BNBUSDT,1737993600000,0
BNBUSDT,1738022400000,0
BNBUSDT,1738051200000,0
BNBUSDT,1738080000000,0
BNBUSDT,1738108800000,0
BNBUSDT,1738137600000,0
BNBUSDT,1738166400000,0
BNBUSDT,1738195200000,0
BNBUSDT,1738224000000,0
BNBUSDT,1738252800000,0
BNBUSDT,1738281600000,0
BNBUSDT,1738310400000,0
BNBUSDT,1738339200000,0
BNBUSDT,1738368000000,0
BNBUSDT,1738396800000,0.00006065
BNBUSDT,1738425600000,0
BNBUSDT,1738454400001,0
BNBUSDT,1738483200000,0
BNBUSDT,1738512000000,0
BNBUSDT,1738540800000,0
BNBUSDT,1738569600000,0
BNBUSDT,1738598400000,0
BNBUSDT,1738627200000,0
BNBUSDT,1738656000001,0
BNBUSDT,1738684800000,0
BNBUSDT,1738713600001,0
BNBUSDT,1738742400001,0
BNBUSDT,1738771200000,0
BNBUSDT,1738800000001,0
BNBUSDT,1738828800001,0
BNBUSDT,1738857600000,-0.00001062
BNBUSDT,1738886400000,-0.00007517
BNBUSDT,1738915200000,-0.00009676
BNBUSDT,1738944000000,0
BNBUSDT,1738972800000,0
BNBUSDT,1739001600000,0
BNBUSDT,1739030400000,0
BNBUSDT,1739059200000,-0.00004891
BNBUSDT,1739088000000,-0.00035055
BNBUSDT,1739116800000,-0.00004112
BNBUSDT,1739145600000,0
BNBUSDT,1739174400000,0
BNBUSDT,1739203200000,0
BNBUSDT,1739232000000,0
BNBUSDT,1739260800000,0
BNBUSDT,1739289600000,0
BNBUSDT,1739318400000,-0.00014838
BNBUSDT,1739347200000,0
BNBUSDT,1739376000001,0
BNBUSDT,1739404800001,0
BNBUSDT,1739433600000,0
BNBUSDT,1739462400001,-0.00055066
BNBUSDT,1739491200000,0
BNBUSDT,1739520000001,0
BNBUSDT,1739548800000,-0.00005277
BNBUSDT,1739577600000,-0.00010519
BNBUSDT,1739606400000,0
BNBUSDT,1739635200000,-0.00008377
BNBUSDT,1739664000000,0
BNBUSDT,1739692800000,-0.00004157
BNBUSDT,1739721600000,-0.00035333
BNBUSDT,1739750400000,-0.00014472
BNBUSDT,1739779200000,0
BNBUSDT,1739808000000,-0.0001797
BNBUSDT,1739836800000,-0.00004687
BNBUSDT,1739865600000,-0.00007162
BNBUSDT,1739894400000,-0.00007734
BNBUSDT,1739923200000,0
BNBUSDT,1739952000000,0
BNBUSDT,1739980800000,-0.00018423
BNBUSDT,1740009600000,0
BNBUSDT,1740038400000,-0.00002058
BNBUSDT,1740067200000,-0.00010928
BNBUSDT,1740096000001,0
BNBUSDT,1740124800000,-0.00011679
BNBUSDT,1740153600000,-0.00040529
BNBUSDT,1740182400000,-0.00036429
BNBUSDT,1740211200000,-0.00009168
BNBUSDT,1740240000000,-0.00008452
BNBUSDT,1740268800000,-0.00007381
BNBUSDT,1740297600000,-0.00020784
BNBUSDT,1740326400000,-0.00008545
BNBUSDT,1740355200000,-0.00052382
BNBUSDT,1740384000000,-0.00010661
BNBUSDT,1740412800000,0
BNBUSDT,1740441600000,-0.00001384
BNBUSDT,1740470400000,0
BNBUSDT,1740499200000,-0.00003019
BNBUSDT,1740528000000,-0.00033883
BNBUSDT,1740556800000,-0.00017781
BNBUSDT,1740585600000,-0.0000369
BNBUSDT,1740614400001,0
BNBUSDT,1740643200000,0
BNBUSDT,1740672000000,0
BNBUSDT,1740700800001,-0.00004567
BNBUSDT,1740729600000,-0.00000634
BNBUSDT,1740758400000,-0.00010522
BNBUSDT,1740787200000,0
BNBUSDT,1740816000000,-0.00018016
BNBUSDT,1740844800001,-0.00036277
BNBUSDT,1740873600000,-0.00025537
BNBUSDT,1740902400000,-0.00001752
BNBUSDT,1740931200000,0
BNBUSDT,1740960000001,0
BNBUSDT,1740988800000,0
BNBUSDT,1741017600000,-0.00027543
BNBUSDT,1741046400001,-0.00018834
BNBUSDT,1741075200005,-0.00005518
BNBUSDT,1741104000000,0
BNBUSDT,1741132800000,0
BNBUSDT,1741161600000,-0.00009954
BNBUSDT,1741190400000,0
BNBUSDT,1741219200000,0
BNBUSDT,1741248000001,0
BNBUSDT,1741276800000,0
BNBUSDT,1741305600000,0
BNBUSDT,1741334400001,0
BNBUSDT,1741363200000,0
BNBUSDT,1741392000000,0
BNBUSDT,1741420800001,0
BNBUSDT,1741449600001,0
BNBUSDT,1741478400001,0
BNBUSDT,1741507200000,-0.00009932
BNBUSDT,1741536000000,-0.00003136
BNBUSDT,1741564800000,-0.00010786
BNBUSDT,1741593600000,0
BNBUSDT,1741622400000,0
BNBUSDT,1741651200000,-0.00006362
BNBUSDT,1741680000000,-0.00006049
BNBUSDT,1741708800001,0
BNBUSDT,1741737600000,0
BNBUSDT,1741766400000,-0.00001423
BNBUSDT,1741795200001,0
BNBUSDT,1741824000000,0
BNBUSDT,1741852800000,0
BNBUSDT,1741881600000,0
BNBUSDT,1741910400000,0
BNBUSDT,1741939200000,-0.00004742
BNBUSDT,1741968000000,-0.00001454
BNBUSDT,1741996800000,-0.00002856
BNBUSDT,1742025600000,-0.00000731
BNBUSDT,1742054400000,0
BNBUSDT,1742083200000,0
BNBUSDT,1742112000000,0
BNBUSDT,1742140800000,0
BNBUSDT,1742169600000,0
BNBUSDT,1742198400000,0
BNBUSDT,1742227200000,0
BNBUSDT,1742256000000,-0.00003807
BNBUSDT,1742284800000,0
BNBUSDT,1742313600000,0
BNBUSDT,1742342400000,-0.00010693
BNBUSDT,1742371200000,-0.00010256
BNBUSDT,1742400000000,-0.00015238
BNBUSDT,1742428800000,-0.00047322
BNBUSDT,1742457600000,-0.00000586
BNBUSDT,1742486400000,-0.00012553
BNBUSDT,1742515200000,-0.00031252
BNBUSDT,1742544000000,-0.00055149
BNBUSDT,1742572800000,-0.00034207
BNBUSDT,1742601600000,-0.00033579
BNBUSDT,1742630400004,-0.000331
BNBUSDT,1742659200000,-0.00037452
BNBUSDT,1742688000000,-0.00029912
BNBUSDT,1742716800000,-0.0003243
BNBUSDT,1742745600000,-0.00048595
BNBUSDT,1742774400000,-0.00019082
BNBUSDT,1742803200000,-0.00027641
BNBUSDT,1742832000000,-0.00018556
BNBUSDT,1742860800001,-0.0001407
BNBUSDT,1742889600000,-0.00032595
BNBUSDT,1742918400000,0
BNBUSDT,1742947200000,0
BNBUSDT,1742976000000,0
BNBUSDT,1743004800001,0
BNBUSDT,1743033600001,0
BNBUSDT,1743062400001,0
BNBUSDT,1743091200002,-0.0000232
BNBUSDT,1743120000001,-0.00023061
BNBUSDT,1743148800001,-0.00019365
BNBUSDT,1743177600000,-0.00003604
BNBUSDT,1743206400000,-0.00026164
BNBUSDT,1743235200000,-0.0002202
BNBUSDT,1743264000000,-0.00026952
BNBUSDT,1743292800000,-0.00025764
BNBUSDT,1743321600000,-0.00045028
BNBUSDT,1743350400000,-0.00033423
BNBUSDT,1743379200000,-0.00022809
BNBUSDT,1743408000000,-0.0000504
BNBUSDT,1743436800000,-0.00004323
BNBUSDT,1743465600000,0
BNBUSDT,1743494400001,0
BNBUSDT,1743523200000,-0.00079717
BNBUSDT,1743552000001,0
BNBUSDT,1743580800000,0
BNBUSDT,1743609600000,-0.00008386
BNBUSDT,1743638400000,-0.0002478
BNBUSDT,1743667200000,-0.00045003
BNBUSDT,1743696000000,0
BNBUSDT,1743724800000,0
BNBUSDT,1743753600000,0
BNBUSDT,1743782400000,0
BNBUSDT,1743811200000,0
BNBUSDT,1743840000000,0
BNBUSDT,1743868800000,0
BNBUSDT,1743897600000,0
BNBUSDT,1743926400000,0
BNBUSDT,1743955200002,0
BNBUSDT,1743984000000,0
BNBUSDT,1744012800000,0
BNBUSDT,1744041600000,0
BNBUSDT,1744070400000,0
BNBUSDT,1744099200000,0
BNBUSDT,1744128000000,0
BNBUSDT,1744156800000,0
BNBUSDT,1744185600001,0
BNBUSDT,1744214400000,0
BNBUSDT,1744243200000,0
BNBUSDT,1744272000000,0
BNBUSDT,1744300800000,0
BNBUSDT,1744329600001,0
BNBUSDT,1744358400000,0
BNBUSDT,1744387200000,0
BNBUSDT,1744416000000,0
BNBUSDT,1744444800001,-0.00015552
BNBUSDT,1744473600000,-0.00017994
BNBUSDT,1744502400000,0
BNBUSDT,1744531200000,0
BNBUSDT,1744560000000,-0.00005726
BNBUSDT,1744588800000,-0.0000486
BNBUSDT,1744617600000,0
BNBUSDT,1744646400000,-0.00013678
BNBUSDT,1744675200000,-0.00009005
BNBUSDT,1744704000000,0
BNBUSDT,1744732800001,0
BNBUSDT,1744761600000,-0.00022781
BNBUSDT,1744790400000,0
BNBUSDT,1744819200000,0
BNBUSDT,1744848000001,0
BNBUSDT,1744876800000,0
BNBUSDT,1744905600001,0
BNBUSDT,1744934400000,0
BNBUSDT,1744963200000,-0.00022317
BNBUSDT,1744992000000,-0.00005807
BNBUSDT,1745020800000,0
BNBUSDT,1745049600000,-0.000347
BNBUSDT,1745078400000,-0.00041186
BNBUSDT,1745107200000,0
BNBUSDT,1745136000000,0
BNBUSDT,1745164800000,0
BNBUSDT,1745193600000,-0.00021758
BNBUSDT,1745222400005,0
BNBUSDT,1745251200003,0
BNBUSDT,1745280000008,-0.00023365
BNBUSDT,1745308800000,-0.00010438
BNBUSDT,1745337600000,0
BNBUSDT,1745366400000,0
BNBUSDT,1745395200002,0
BNBUSDT,1745424000000,0
BNBUSDT,1745452800000,0
BNBUSDT,1745481600001,0
BNBUSDT,1745510400001,0
BNBUSDT,1745539200007,0
BNBUSDT,1745568000002,0
BNBUSDT,1745596800003,0
BNBUSDT,1745625600002,0
BNBUSDT,1745654400000,-0.00005172
BNBUSDT,1745683200002,0
BNBUSDT,1745712000001,0
BNBUSDT,1745740800000,-0.00007247
BNBUSDT,1745769600000,-0.00008618
BNBUSDT,1745798400001,0
BNBUSDT,1745827200003,0
BNBUSDT,1745856000005,0
BNBUSDT,1745884800000,0
BNBUSDT,1745913600000,0
BNBUSDT,1745942400010,-0.00004513
BNBUSDT,1745971200001,-0.00022437
BNBUSDT,1746000000000,0
BNBUSDT,1746028800003,-0.00001462
BNBUSDT,1746057600000,-0.0004973
BNBUSDT,1746086400000,0
BNBUSDT,1746115200001,0
BNBUSDT,1746144000000,-0.00020135
BNBUSDT,1746172800000,0
BNBUSDT,1746201600003,0
BNBUSDT,1746230400000,-0.00000636
BNBUSDT,1746259200000,0
BNBUSDT,1746288000000,-0.00003504
BNBUSDT,1746316800001,-0.00001702
BNBUSDT,1746345600001,-0.00003106
BNBUSDT,1746374400002,-0.00049565
BNBUSDT,1746403200000,-0.0003023
BNBUSDT,1746432000000,0
BNBUSDT,1746460800006,0
BNBUSDT,1746489600002,-0.00001939
BNBUSDT,1746518400005,-0.00046111
BNBUSDT,1746547200000,0
BNBUSDT,1746576000002,0
BNBUSDT,1746604800000,0
BNBUSDT,1746633600006,0
BNBUSDT,1746662400000,-0.00006247
BNBUSDT,1746691200001,0
BNBUSDT,1746720000002,0
BNBUSDT,1746748800001,0
BNBUSDT,1746777600006,0
BNBUSDT,1746806400000,0
BNBUSDT,1746835200001,0
BNBUSDT,1746864000000,0
BNBUSDT,1746892800001,0
BNBUSDT,1746921600000,0
BNBUSDT,1746950400001,0.00002903
BNBUSDT,1746979200001,0.00000649
BNBUSDT,1747008000004,0
BNBUSDT,1747036800000,0
BNBUSDT,1747065600000,0.00006043
BNBUSDT,1747094400000,0
BNBUSDT,1747123200008,0
BNBUSDT,1747152000001,0
BNBUSDT,1747180800007,0.00005012
BNBUSDT,1747209600000,0
BNBUSDT,1747238400002,0
BNBUSDT,1747267200000,0
BNBUSDT,1747296000003,0
BNBUSDT,1747324800000,0
BNBUSDT,1747353600001,0
BNBUSDT,1747382400000,0
BNBUSDT,1747411200000,0
BNBUSDT,1747440000000,0
BNBUSDT,1747468800001,0
BNBUSDT,1747497600004,0
BNBUSDT,1747526400000,0
BNBUSDT,1747555200000,0
BNBUSDT,1747584000000,0
BNBUSDT,1747612800000,0
BNBUSDT,1747641600006,0
BNBUSDT,1747670400010,0
BNBUSDT,1747699200000,0
BNBUSDT,1747728000002,0
BNBUSDT,1747756800000,0
BNBUSDT,1747785600000,0
BNBUSDT,1747814400001,0
BNBUSDT,1747843200004,0
BNBUSDT,1747872000001,0
BNBUSDT,1747900800000,0
BNBUSDT,1747929600002,0
BNBUSDT,1747958400006,0
BNBUSDT,1747987200000,0
BNBUSDT,1748016000007,0
BNBUSDT,1748044800010,0
BNBUSDT,1748073600000,0
BNBUSDT,1748102400003,0
BNBUSDT,1748131200004,0
BNBUSDT,1748160000000,0
BNBUSDT,1748188800000,0
BNBUSDT,1748217600000,0
BNBUSDT,1748246400000,0
BNBUSDT,1748275200002,0
BNBUSDT,1748304000003,0
BNBUSDT,1748332800001,0
BNBUSDT,1748361600005,0
BNBUSDT,1748390400002,0
BNBUSDT,1748419200003,0
BNBUSDT,1748448000002,0
BNBUSDT,1748476800000,0
BNBUSDT,1748505600006,0
BNBUSDT,1748534400000,0
BNBUSDT,1748563200003,0
BNBUSDT,1748592000003,0
BNBUSDT,1748620800000,0
BNBUSDT,1748649600000,0
BNBUSDT,1748678400000,-0.00003519
BNBUSDT,1748707200000,0
BNBUSDT,1748736000001,0
BNBUSDT,1748764800002,-0.00002485
BNBUSDT,1748793600000,-0.0000171
BNBUSDT,1748822400001,0
BNBUSDT,1748851200000,0
BNBUSDT,1748880000000,0
BNBUSDT,1748908800000,0
BNBUSDT,1748937600000,0
BNBUSDT,1748966400001,0
BNBUSDT,1748995200000,0
BNBUSDT,1749024000000,0
BNBUSDT,1749052800000,0
BNBUSDT,1749081600016,0
BNBUSDT,1749110400000,0
BNBUSDT,1749139200000,0
BNBUSDT,1749168000002,-0.00017896
BNBUSDT,1749196800000,-0.00016509
BNBUSDT,1749225600006,0
BNBUSDT,1749254400000,0
BNBUSDT,1749283200000,-0.00002929
BNBUSDT,1749312000002,-0.00003338
BNBUSDT,1749340800000,0
BNBUSDT,1749369600000,-0.00005138
BNBUSDT,1749398400000,0
BNBUSDT,1749427200000,0
BNBUSDT,1749456000001,-0.00013999
BNBUSDT,1749484800001,-0.00002759
BNBUSDT,1749513600000,0
BNBUSDT,1749542400001,0
BNBUSDT,1749571200003,-0.0000284
BNBUSDT,1749600000000,0
BNBUSDT,1749628800000,0
BNBUSDT,1749657600010,0
BNBUSDT,1749686400002,0
BNBUSDT,1749715200003,0
BNBUSDT,1749744000001,0
BNBUSDT,1749772800000,-0.00008669
BNBUSDT,1749801600001,0
BNBUSDT,1749830400004,0
BNBUSDT,1749859200000,0
BNBUSDT,1749888000000,-0.00009685
BNBUSDT,1749916800000,-0.0001498
BNBUSDT,1749945600005,-0.00015328
BNBUSDT,1749974400009,0
BNBUSDT,1750003200000,0
BNBUSDT,1750032000000,0
BNBUSDT,1750060800000,0
BNBUSDT,1750089600003,0
BNBUSDT,1750118400000,0
BNBUSDT,1750147200006,0
BNBUSDT,1750176000001,0
BNBUSDT,1750204800001,0
BNBUSDT,1750233600001,0
BNBUSDT,1750262400001,-0.00017564
BNBUSDT,1750291200005,-0.00006854
BNBUSDT,1750320000003,0
BNBUSDT,1750348800000,0
BNBUSDT,1750377600000,0
BNBUSDT,1750406400002,0
BNBUSDT,1750435200001,0
BNBUSDT,1750464000002,0
BNBUSDT,1750492800005,0
BNBUSDT,1750521600000,-0.00015072
BNBUSDT,1750550400005,-0.00012535
BNBUSDT,1750579200000,0
BNBUSDT,1750608000003,0
BNBUSDT,1750636800000,0
BNBUSDT,1750665600004,0
BNBUSDT,1750694400013,0
BNBUSDT,1750723200003,-0.00000768
BNBUSDT,1750752000000,-0.00016409
BNBUSDT,1750780800000,-0.00012123
BNBUSDT,1750809600005,0
BNBUSDT,1750838400000,0
BNBUSDT,1750867200005,0
BNBUSDT,1750896000000,0
BNBUSDT,1750924800006,0
BNBUSDT,1750953600007,0
BNBUSDT,1750982400000,0
BNBUSDT,1751011200000,0
BNBUSDT,1751040000009,0
BNBUSDT,1751068800001,0
BNBUSDT,1751097600002,0
BNBUSDT,1751126400000,0
BNBUSDT,1751155200004,0
BNBUSDT,1751184000001,0
BNBUSDT,1751212800001,0
BNBUSDT,1751241600000,0
BNBUSDT,1751270400005,0
BNBUSDT,1751299200002,0
BNBUSDT,1751328000007,0
BNBUSDT,1751356800002,0
BNBUSDT,1751385600000,0
BNBUSDT,1751414400001,0
BNBUSDT,1751443200000,0
BNBUSDT,1751472000003,0
BNBUSDT,1751500800006,0
BNBUSDT,1751529600003,0
BNBUSDT,1751558400003,0
BNBUSDT,1751587200005,0
BNBUSDT,1751616000003,0
BNBUSDT,1751644800001,0
BNBUSDT,1751673600004,0
BNBUSDT,1751702400009,0
BNBUSDT,1751731200006,0
BNBUSDT,1751760000001,0
BNBUSDT,1751788800002,0
BNBUSDT,1751817600004,0
BNBUSDT,1751846400000,0
BNBUSDT,1751875200007,0
BNBUSDT,1751904000000,0
BNBUSDT,1751932800010,0
BNBUSDT,1751961600003,0
BNBUSDT,1751990400000,0
BNBUSDT,1752019200002,0
BNBUSDT,1752048000006,0
BNBUSDT,1752076800001,0
BNBUSDT,1752105600003,0
BNBUSDT,1752134400000,0
BNBUSDT,1752163200004,0
BNBUSDT,1752192000004,0
BNBUSDT,1752220800007,0
BNBUSDT,1752249600001,0
BNBUSDT,1752278400000,0
BNBUSDT,1752307200001,0.00002145
BNBUSDT,1752336000002,0
BNBUSDT,1752364800006,0
BNBUSDT,1752393600001,0
BNBUSDT,1752422400003,0
BNBUSDT,1752451200000,0
BNBUSDT,1752480000000,0.0000944
BNBUSDT,1752508800000,0
BNBUSDT,1752537600002,0
BNBUSDT,1752566400000,0
BNBUSDT,1752595200000,0
BNBUSDT,1752624000000,0
BNBUSDT,1752652800000,0
BNBUSDT,1752681600008,0
BNBUSDT,1752710400003,0
BNBUSDT,1752739200000,0
BNBUSDT,1752768000000,0.00004682
BNBUSDT,1752796800004,0.00005506
BNBUSDT,1752825600000,0.00013265
BNBUSDT,1752854400000,0.00004213
BNBUSDT,1752883200009,0
BNBUSDT,1752912000000,0
BNBUSDT,1752940800002,0
BNBUSDT,1752969600000,0
BNBUSDT,1752998400000,0.00001211
BNBUSDT,1753027200000,0
BNBUSDT,1753056000001,0.00003139
BNBUSDT,1753084800000,0.0000113
BNBUSDT,1753113600001,0.00012067
BNBUSDT,1753142400000,0
BNBUSDT,1753171200010,0
BNBUSDT,1753200000007,0.00010652
BNBUSDT,1753228800000,0.00024488
BNBUSDT,1753257600004,0.00023989
BNBUSDT,1753286400002,0.00003205
BNBUSDT,1753315200000,0
BNBUSDT,1753344000001,0
BNBUSDT,1753372800000,0.00003908
BNBUSDT,1753401600000,0
BNBUSDT,1753430400000,0
BNBUSDT,1753459200000,0.00001809
BNBUSDT,1753488000001,0.00013733
BNBUSDT,1753516800005,0.0000056
BNBUSDT,1753545600001,0.00000157
BNBUSDT,1753574400001,0.00012703
BNBUSDT,1753603200000,0
BNBUSDT,1753632000008,0.00009734
BNBUSDT,1753660800005,0.00013252
BNBUSDT,1753689600000,0.00010789
BNBUSDT,1753718400000,0.00011022
BNBUSDT,1753747200001,0.00005822
BNBUSDT,1753776000000,0.00000714
BNBUSDT,1753804800000,0.00007209
BNBUSDT,1753833600011,0.00010428
BNBUSDT,1753862400000,0.00003363
BNBUSDT,1753891200008,0.00003062
BNBUSDT,1753920000000,0.00007977
BNBUSDT,1753948800009,0
BNBUSDT,1753977600000,0
BNBUSDT,1754006400001,0
BNBUSDT,1754035200003,0.00002565
BNBUSDT,1754064000000,0.0000309
BNBUSDT,1754092800004,0.00000979
BNBUSDT,1754121600000,0
BNBUSDT,1754150400000,0
BNBUSDT,1754179200000,0.00003677
BNBUSDT,1754208000000,0
BNBUSDT,1754236800003,0
BNBUSDT,1754265600004,0
BNBUSDT,1754294400000,0
BNBUSDT,1754323200002,0
BNBUSDT,1754352000000,0
BNBUSDT,1754380800000,0
BNBUSDT,1754409600000,0
BNBUSDT,1754438400005,0
BNBUSDT,1754467200000,0
BNBUSDT,1754496000000,0.00003269
BNBUSDT,1754524800003,0.0000417
BNBUSDT,1754553600002,0
BNBUSDT,1754582400002,0
BNBUSDT,1754611200002,0
BNBUSDT,1754640000004,0
BNBUSDT,1754668800000,0
BNBUSDT,1754697600005,0
BNBUSDT,1754726400000,0
BNBUSDT,1754755200007,0.00005501
BNBUSDT,1754784000003,0
BNBUSDT,1754812800005,0.00003278
BNBUSDT,1754841600002,0
BNBUSDT,1754870400000,0
BNBUSDT,1754899200000,0.00014301
BNBUSDT,1754928000000,0
BNBUSDT,1754956800000,0
BNBUSDT,1754985600001,0
BNBUSDT,1755014400005,0
BNBUSDT,1755043200000,0.0001441
BNBUSDT,1755072000002,0.00007511
BNBUSDT,1755100800006,0.00022827
BNBUSDT,1755129600002,0.00002287
BNBUSDT,1755158400003,0.00019442
BNBUSDT,1755187200000,0.00008604
BNBUSDT,1755216000000,0
BNBUSDT,1755244800000,0
BNBUSDT,1755273600000,0
BNBUSDT,1755302400004,0
BNBUSDT,1755331200000,0
BNBUSDT,1755360000002,0
BNBUSDT,1755388800000,0
BNBUSDT,1755417600001,0.00000344
BNBUSDT,1755446400007,0
BNBUSDT,1755475200000,0.00003265
BNBUSDT,1755504000001,0
BNBUSDT,1755532800002,0
BNBUSDT,1755561600000,0
BNBUSDT,1755590400001,0
BNBUSDT,1755619200000,0
BNBUSDT,1755648000000,0
BNBUSDT,1755676800000,0
BNBUSDT,1755705600000,0
BNBUSDT,1755734400006,0.00009039
BNBUSDT,1755763200000,0.00003769
BNBUSDT,1755792000003,0
BNBUSDT,1755820800010,0
BNBUSDT,1755849600007,0
BNBUSDT,1755878400001,0.00004832
BNBUSDT,1755907200004,0.00032856
BNBUSDT,1755936000006,0.00018028
BNBUSDT,1755964800000,0.00012106
BNBUSDT,1755993600001,0.00011059
BNBUSDT,1756022400002,0.00011701
BNBUSDT,1756051200001,0
BNBUSDT,1756080000000,0.00000009
BNBUSDT,1756108800002,0.00006642
BNBUSDT,1756137600002,0
BNBUSDT,1756166400000,0
BNBUSDT,1756195200000,0.0000028
BNBUSDT,1756224000000,0
BNBUSDT,1756252800003,0.00004937
BNBUSDT,1756281600000,0
BNBUSDT,1756310400009,0
BNBUSDT,1756339200000,0.00002791
BNBUSDT,1756368000005,0.00009121
BNBUSDT,1756396800004,0.00006997
BNBUSDT,1756425600000,0.00003288
BNBUSDT,1756454400000,0.00001013
BNBUSDT,1756483200005,0.00002538
BNBUSDT,1756512000000,0.00001126
BNBUSDT,1756540800002,0.00004455
BNBUSDT,1756569600003,0
BNBUSDT,1756598400016,0.00003932
BNBUSDT,1756627200000,0
BNBUSDT,1756656000001,0
BNBUSDT,1756684800000,0
BNBUSDT,1756713600000,0
BNBUSDT,1756742400001,0
BNBUSDT,1756771200000,0
BNBUSDT,1756800000005,0
BNBUSDT,1756828800007,0.00002168
BNBUSDT,1756857600006,0
BNBUSDT,1756886400002,0
BNBUSDT,1756915200002,0
BNBUSDT,1756944000002,0.00002732
BNBUSDT,1756972800000,0
BNBUSDT,1757001600000,0
BNBUSDT,1757030400001,0
BNBUSDT,1757059200006,0
BNBUSDT,1757088000000,0
BNBUSDT,1757116800000,0
BNBUSDT,1757145600005,0
BNBUSDT,1757174400000,0.00001384
BNBUSDT,1757203200000,0
BNBUSDT,1757232000000,0
BNBUSDT,1757260800000,0.00005222
BNBUSDT,1757289600007,0.00007418
BNBUSDT,1757318400000,0
BNBUSDT,1757347200000,0
BNBUSDT,1757376000000,0.00012454
BNBUSDT,1757404800000,0.00009705
BNBUSDT,1757433600000,0
BNBUSDT,1757462400000,0
BNBUSDT,1757491200002,0.00005321
BNBUSDT,1757520000000,0.00010856
BNBUSDT,1757548800000,0
BNBUSDT,1757577600000,0
BNBUSDT,1757606400001,0.00002308
BNBUSDT,1757635200002,0
BNBUSDT,1757664000001,0.00003147
BNBUSDT,1757692800005,0.0001083
BNBUSDT,1757721600005,0.00016022
BNBUSDT,1757750400002,0.0001208
BNBUSDT,1757779200000,0.00012118
BNBUSDT,1757808000006,0
BNBUSDT,1757836800000,0.00010453
BNBUSDT,1757865600001,0
BNBUSDT,1757894400006,0
BNBUSDT,1757923200002,0
BNBUSDT,1757952000001,0
BNBUSDT,1757980800001,0.00000195
BNBUSDT,1758009600000,0
BNBUSDT,1758038400000,0
BNBUSDT,1758067200001,0.00015544
BNBUSDT,1758096000000,0.00005771
BNBUSDT,1758124800003,0.00006133
BNBUSDT,1758153600006,0.00011161
BNBUSDT,1758182400002,0.00014904
BNBUSDT,1758211200000,0.00007826
BNBUSDT,1758240000000,0.00003442
BNBUSDT,1758268800005,0
BNBUSDT,1758297600000,0.00008365
BNBUSDT,1758326400000,0
BNBUSDT,1758355200000,0
BNBUSDT,1758384000002,0
BNBUSDT,1758412800000,0
BNBUSDT,1758441600000,0
BNBUSDT,1758470400000,0
BNBUSDT,1758499200005,0
BNBUSDT,1758528000003,0.00004118
BNBUSDT,1758556800000,0.00007583
BNBUSDT,1758585600000,0.00004293
BNBUSDT,1758614400001,0
BNBUSDT,1758643200000,0
BNBUSDT,1758672000003,0.00006267
BNBUSDT,1758700800001,0
BNBUSDT,1758729600002,0.00000926
BNBUSDT,1758758400000,0
BNBUSDT,1758787200001,0.00011201
BNBUSDT,1758816000000,0.0000045
BNBUSDT,1758844800000,0.00005119
BNBUSDT,1758873600000,0.00000924
BNBUSDT,1758902400008,0
BNBUSDT,1758931200000,0
BNBUSDT,1758960000010,0
BNBUSDT,1758988800003,0
BNBUSDT,1759017600000,0
BNBUSDT,1759046400000,0
BNBUSDT,1759075200000,0
BNBUSDT,1759104000000,0
BNBUSDT,1759132800002,0.00016081
BNBUSDT,1759161600001,0
BNBUSDT,1759190400002,0
BNBUSDT,1759219200005,0.00003761
BNBUSDT,1759248000000,0.00007373
BNBUSDT,1759276800000,0
BNBUSDT,1759305600000,0
BNBUSDT,1759334400000,0
BNBUSDT,1759363200000,0
BNBUSDT,1759392000013,0
BNBUSDT,1759420800000,0
BNBUSDT,1759449600006,0.00021025
BNBUSDT,1759478400006,0.00009993
BNBUSDT,1759507200000,0.00002968
BNBUSDT,1759536000001,0.0000949
BNBUSDT,1759564800000,0.00003472
BNBUSDT,1759593600000,0.00003987
BNBUSDT,1759622400000,0.00004607
BNBUSDT,1759651200003,0
BNBUSDT,1759680000009,0
BNBUSDT,1759708800004,0
BNBUSDT,1759737600002,0.00006884
BNBUSDT,1759766400004,0.00003841
BNBUSDT,1759795200000,0
BNBUSDT,1759824000003,0
BNBUSDT,1759852800000,0.00006251
BNBUSDT,1759881600000,0
BNBUSDT,1759910400006,0
BNBUSDT,1759939200002,0
BNBUSDT,1759968000001,0
BNBUSDT,1759996800000,0
BNBUSDT,1760025600000,0
BNBUSDT,1760054400005,0
BNBUSDT,1760083200002,0
BNBUSDT,1760112000014,0
BNBUSDT,1760140800000,0.00000276
BNBUSDT,1760169600003,0
BNBUSDT,1760198400000,0
BNBUSDT,1760227200004,0
BNBUSDT,1760256000002,0
BNBUSDT,1760284800000,-0.00005331
BNBUSDT,1760313600003,0
BNBUSDT,1760342400002,-0.00030569
BNBUSDT,1760371200003,0
BNBUSDT,1760400000000,-0.00027668
BNBUSDT,1760428800000,0
BNBUSDT,1760457600000,-0.00016775
BNBUSDT,1760486400006,-0.00020435
BNBUSDT,1760515200002,0
BNBUSDT,1760544000000,0
BNBUSDT,1760572800000,0
BNBUSDT,1760601600003,0
BNBUSDT,1760630400002,0
BNBUSDT,1760659200001,0
BNBUSDT,1760688000005,0
BNBUSDT,1760716800003,-0.00016779
BNBUSDT,1760745600000,0
BNBUSDT,1760774400002,-0.00013138
BNBUSDT,1760803200001,-0.00008672
BNBUSDT,1760832000001,-0.00001193
BNBUSDT,1760860800001,0
BNBUSDT,1760889600001,-0.00008195
BNBUSDT,1760918400004,-0.00021765
BNBUSDT,1760947200001,-0.00003486
BNBUSDT,1760976000000,-0.00035218
BNBUSDT,1761004800009,-0.00002886
BNBUSDT,1761033600000,0
BNBUSDT,1761062400000,0
BNBUSDT,1761091200004,0
BNBUSDT,1761120000000,-0.00014817
BNBUSDT,1761148800000,-0.00007842
BNBUSDT,1761177600000,-0.0000694
BNBUSDT,1761206400001,0
BNBUSDT,1761235200004,0
BNBUSDT,1761264000000,-0.00020182
BNBUSDT,1761292800000,-0.00003383
BNBUSDT,1761321600009,-0.00021638
BNBUSDT,1761350400000,-0.00015562
BNBUSDT,1761379200001,-0.00009134
BNBUSDT,1761408000001,-0.00002384
BNBUSDT,1761436800001,0
BNBUSDT,1761465600001,0
BNBUSDT,1761494400000,0
BNBUSDT,1761523200000,0
BNBUSDT,1761552000005,0
BNBUSDT,1761580800000,0
BNBUSDT,1761609600000,0
BNBUSDT,1761638400000,-0.00011396
BNBUSDT,1761667200004,0
BNBUSDT,1761696000004,-0.00029777
BNBUSDT,1761724800005,-0.00023533
BNBUSDT,1761753600000,0
BNBUSDT,1761782400004,0
BNBUSDT,1761811200008,0
BNBUSDT,1761840000001,-0.0000947
BNBUSDT,1761868800000,-0.00030437
BNBUSDT,1761897600008,-0.00010318
BNBUSDT,1761926400007,0
BNBUSDT,1761955200001,-0.00009114
BNBUSDT,1761984000000,-0.00000892
BNBUSDT,1762012800000,-0.00014754
BNBUSDT,1762041600007,0
BNBUSDT,1762070400000,0
BNBUSDT,1762099200001,0
BNBUSDT,1762128000000,0
BNBUSDT,1762156800010,0
BNBUSDT,1762185600000,0
BNBUSDT,1762214400002,0
BNBUSDT,1762243200004,0
BNBUSDT,1762272000000,0
BNBUSDT,1762300800000,0
BNBUSDT,1762329600000,0
BNBUSDT,1762358400004,0
BNBUSDT,1762387200001,0
BNBUSDT,1762416000000,0
BNBUSDT,1762444800001,0
BNBUSDT,1762473600005,0
BNBUSDT,1762502400003,0
BNBUSDT,1762531200005,0
BNBUSDT,1762560000011,0
BNBUSDT,1762588800015,0
BNBUSDT,1762617600001,0
BNBUSDT,1762646400004,0
BNBUSDT,1762675200000,0
BNBUSDT,1762704000005,0
BNBUSDT,1762732800000,0
BNBUSDT,1762761600000,-0.00000006
BNBUSDT,1762790400003,-0.00021863
BNBUSDT,1762819200007,-0.00015352
BNBUSDT,1762848000000,0
BNBUSDT,1762876800009,0
BNBUSDT,1762905600000,0
BNBUSDT,1762934400002,0
BNBUSDT,1762963200000,0
BNBUSDT,1762992000002,-0.00002848
BNBUSDT,1763020800000,0
BNBUSDT,1763049600001,0
BNBUSDT,1763078400000,0
BNBUSDT,1763107200000,0
BNBUSDT,1763136000001,0
BNBUSDT,1763164800005,0
BNBUSDT,1763193600000,0
BNBUSDT,1763222400001,0
BNBUSDT,1763251200001,0
BNBUSDT,1763280000000,0.00004995
BNBUSDT,1763308800000,0
BNBUSDT,1763337600003,0
BNBUSDT,1763366400003,0.00006771
BNBUSDT,1763395200000,0
BNBUSDT,1763424000002,0
BNBUSDT,1763452800004,0.0000511
BNBUSDT,1763481600000,0.00006524
BNBUSDT,1763510400000,0.00009883
BNBUSDT,1763539200000,0.000089
BNBUSDT,1763568000008,0.00000458
BNBUSDT,1763596800000,0
BNBUSDT,1763625600000,0.00008774
BNBUSDT,1763654400000,0.00005937
BNBUSDT,1763683200001,0
BNBUSDT,1763712000000,0.00002824
BNBUSDT,1763740800001,0.0000102
BNBUSDT,1763769600004,0.00005137
BNBUSDT,1763798400000,0.0000664
BNBUSDT,1763827200000,0.0000161
BNBUSDT,1763856000000,0.00007803
BNBUSDT,1763884800008,0
BNBUSDT,1763913600003,0
BNBUSDT,1763942400004,0
BNBUSDT,1763971200000,0.00011464
BNBUSDT,1764000000006,0
BNBUSDT,1764028800000,0.00014383
BNBUSDT,1764057600009,0
BNBUSDT,1764086400007,0
BNBUSDT,1764115200001,0
BNBUSDT,1764144000001,0.0000087
BNBUSDT,1764172800000,0
BNBUSDT,1764201600013,0.00005647
BNBUSDT,1764230400000,0
BNBUSDT,1764259200004,0
BNBUSDT,1764288000008,0
BNBUSDT,1764316800000,0
BNBUSDT,1764345600008,0
BNBUSDT,1764374400000,0
BNBUSDT,1764403200005,0
BNBUSDT,1764432000001,0
BNBUSDT,1764460800003,0
BNBUSDT,1764489600000,0
BNBUSDT,1764518400004,0
BNBUSDT,1764547200000,0
BNBUSDT,1764576000004,0
BNBUSDT,1764604800000,0
BNBUSDT,1764633600004,0
BNBUSDT,1764662400000,0
BNBUSDT,1764691200000,0
BNBUSDT,1764720000000,0
BNBUSDT,1764748800000,0
BNBUSDT,1764777600005,0
BNBUSDT,1764806400012,0.00003446
BNBUSDT,1764835200000,0.00005603
BNBUSDT,1764864000011,0.00005758
BNBUSDT,1764892800000,0.00002223
BNBUSDT,1764921600000,0.00001496
BNBUSDT,1764950400010,0.00002344
BNBUSDT,1764979200001,0
BNBUSDT,1765008000001,0
BNBUSDT,1765036800008,0
BNBUSDT,1765065600000,0
BNBUSDT,1765094400004,0
BNBUSDT,1765123200000,0
BNBUSDT,1765152000000,0
BNBUSDT,1765180800000,0.00002792
BNBUSDT,1765209600001,0.00003235
BNBUSDT,1765238400001,0
BNBUSDT,1765267200001,0
BNBUSDT,1765296000007,0
BNBUSDT,1765324800007,0.00001106
BNBUSDT,1765353600002,0
BNBUSDT,1765382400012,0
BNBUSDT,1765411200001,0.00003901
BNBUSDT,1765440000000,0
BNBUSDT,1765468800000,0
BNBUSDT,1765497600005,0
BNBUSDT,1765526400007,0
BNBUSDT,1765555200002,0
BNBUSDT,1765584000001,0
BNBUSDT,1765612800006,0
BNBUSDT,1765641600000,0.00006184
BNBUSDT,1765670400000,0.00003637
BNBUSDT,1765699200003,0
BNBUSDT,1765728000005,0.00001561
BNBUSDT,1765756800000,0
BNBUSDT,1765785600000,0
BNBUSDT,1765814400000,0
BNBUSDT,1765843200002,0
BNBUSDT,1765872000000,0
BNBUSDT,1765900800002,0
BNBUSDT,1765929600004,0
BNBUSDT,1765958400000,0
BNBUSDT,1765987200000,0
BNBUSDT,1766016000005,0
BNBUSDT,1766044800007,0
BNBUSDT,1766073600001,0
BNBUSDT,1766102400000,0
BNBUSDT,1766131200001,0
BNBUSDT,1766160000000,0
BNBUSDT,1766188800005,0.00006564
BNBUSDT,1766217600000,0.00004864
BNBUSDT,1766246400002,0.00005854
BNBUSDT,1766275200000,0.00001097
BNBUSDT,1766304000009,0
BNBUSDT,1766332800000,0.0000054
BNBUSDT,1766361600000,0.00001576
BNBUSDT,1766390400005,0
BNBUSDT,1766419200009,0.00008095
BNBUSDT,1766448000000,0.00001888
BNBUSDT,1766476800000,0
BNBUSDT,1766505600001,0
BNBUSDT,1766534400001,0
BNBUSDT,1766563200001,0
BNBUSDT,1766592000000,0
BNBUSDT,1766620800000,0
BNBUSDT,1766649600001,0
BNBUSDT,1766678400005,0
BNBUSDT,1766707200004,0
BNBUSDT,1766736000001,0
BNBUSDT,1766764800007,0
BNBUSDT,1766793600000,0
BNBUSDT,1766822400000,0
BNBUSDT,1766851200011,0.00004901
BNBUSDT,1766880000008,0.0000448
BNBUSDT,1766908800000,0.0000194
BNBUSDT,1766937600000,0.00010964
BNBUSDT,1766966400016,0.00011598
BNBUSDT,1766995200001,0
BNBUSDT,1767024000000,0
BNBUSDT,1767052800005,0
BNBUSDT,1767081600001,0
BNBUSDT,1767110400003,0.0000205
BNBUSDT,1767139200004,0.00007039
BNBUSDT,1767168000001,0
BNBUSDT,1767196800001,0.00007346
BNBUSDT,1767225600008,0.00006523
BNBUSDT,1767254400002,0.00007071
BNBUSDT,1767283200001,0
BNBUSDT,1767312000006,0
BNBUSDT,1767340800007,0
BNBUSDT,1767369600000,0.00005392
BNBUSDT,1767398400001,0.00010055
BNBUSDT,1767427200000,0.00003998
BNBUSDT,1767456000000,0
BNBUSDT,1767484800000,0.00002126
BNBUSDT,1767513600000,0.0000464
BNBUSDT,1767542400001,0.00010041
BNBUSDT,1767571200000,0.00010532
BNBUSDT,1767600000000,0.0000085
BNBUSDT,1767628800000,0.00005953
BNBUSDT,1767657600010,0.00010224
BNBUSDT,1767686400000,0
BNBUSDT,1767715200000,0.00005142
BNBUSDT,1767744000001,0.00004136
BNBUSDT,1767772800001,0.0000657
BNBUSDT,1767801600001,0.00000329
BNBUSDT,1767830400001,0.00004555
BNBUSDT,1767859200000,0
BNBUSDT,1767888000000,0
BNBUSDT,1767916800003,0
BNBUSDT,1767945600000,0
BNBUSDT,1767974400001,0
BNBUSDT,1768003200000,0.00001141
BNBUSDT,1768032000002,0.00012634
BNBUSDT,1768060800001,0.00000512
BNBUSDT,1768089600003,0.000134
BNBUSDT,1768118400006,0.00009446
BNBUSDT,1768147200000,0.00003344
BNBUSDT,1768176000005,0
BNBUSDT,1768204800000,0
BNBUSDT,1768233600000,0.00000076
BNBUSDT,1768262400007,0.00008828
BNBUSDT,1768291200009,0.00004761
BNBUSDT,1768320000002,0.0001388
BNBUSDT,1768348800000,0.00014578
BNBUSDT,1768377600001,0.00011312
BNBUSDT,1768406400004,0.00005156
BNBUSDT,1768435200000,0.00011014
BNBUSDT,1768464000004,0.00000444
BNBUSDT,1768492800002,0.00004633
BNBUSDT,1768521600000,0
BNBUSDT,1768550400000,0
BNBUSDT,1768579200001,0
BNBUSDT,1768608000000,0
BNBUSDT,1768636800000,0
BNBUSDT,1768665600002,0
BNBUSDT,1768694400001,0.00004767
BNBUSDT,1768723200000,0
BNBUSDT,1768752000000,0
BNBUSDT,1768780800007,0
BNBUSDT,1768809600007,0
BNBUSDT,1768838400007,0
BNBUSDT,1768867200005,0.00001336
BNBUSDT,1768896000001,0
BNBUSDT,1768924800009,0
BNBUSDT,1768953600001,0
BNBUSDT,1768982400011,0
BNBUSDT,1769011200011,0
BNBUSDT,1769040000010,0
BNBUSDT,1769068800003,0
BNBUSDT,1769097600005,0
BNBUSDT,1769126400005,0
BNBUSDT,1769155200000,0
BNBUSDT,1769184000011,0.00001487
BNBUSDT,1769212800011,0.00004664
BNBUSDT,1769241600002,0
BNBUSDT,1769270400001,0
BNBUSDT,1769299200002,0
BNBUSDT,1769328000011,0.00003686
BNBUSDT,1769356800005,0
BNBUSDT,1769385600000,0
BNBUSDT,1769414400003,0.00001338
BNBUSDT,1769443200000,0.00005329
BNBUSDT,1769472000002,0.00004882
BNBUSDT,1769500800000,0
BNBUSDT,1769529600000,0.00006294
BNBUSDT,1769558400000,0.00007193
BNBUSDT,1769587200000,0.00002537
BNBUSDT,1769616000000,0
BNBUSDT,1769644800000,0.00003327
BNBUSDT,1769673600009,0.00003639
BNBUSDT,1769702400000,0.0000228
BNBUSDT,1769731200008,0
BNBUSDT,1769760000000,0
BNBUSDT,1769788800001,0
BNBUSDT,1769817600000,0
BNBUSDT,1769846400001,0
BNBUSDT,1769875200009,0
BNBUSDT,1769904000001,0
BNBUSDT,1769932800004,0
BNBUSDT,1769961600000,0
BNBUSDT,1769990400000,0
BNBUSDT,1770019200014,0
BNBUSDT,1770048000000,0
BNBUSDT,1770076800000,0
BNBUSDT,1770105600007,0
BNBUSDT,1770134400000,0
BNBUSDT,1770163200002,0
BNBUSDT,1770192000007,0
BNBUSDT,1770220800000,0
BNBUSDT,1770249600011,0
BNBUSDT,1770278400000,0
BNBUSDT,1770307200007,0
BNBUSDT,1770336000000,0.0000173
BNBUSDT,1770364800001,0
BNBUSDT,1770393600000,0
BNBUSDT,1770422400003,0
BNBUSDT,1770451200000,0
BNBUSDT,1770480000010,0
BNBUSDT,1770508800003,0
BNBUSDT,1770537600000,0
BNBUSDT,1770566400000,0
BNBUSDT,1770595200002,0
BNBUSDT,1770624000001,0
BNBUSDT,1770652800007,0
BNBUSDT,1770681600000,0
BNBUSDT,1770710400007,0
BNBUSDT,1770739200000,0
BNBUSDT,1770768000000,0
BNBUSDT,1770796800006,0
BNBUSDT,1770825600000,0
BNBUSDT,1770854400000,0
BNBUSDT,1770883200001,0
BNBUSDT,1770912000001,0
BNBUSDT,1770940800007,0
BNBUSDT,1770969600003,0
BNBUSDT,1770998400005,0
BNBUSDT,1771027200002,0
BNBUSDT,1771056000004,0
BNBUSDT,1771084800002,0
BNBUSDT,1771113600000,0
BNBUSDT,1771142400002,0
BNBUSDT,1771171200000,0
BNBUSDT,1771200000001,0
BNBUSDT,1771228800003,0
BNBUSDT,1771257600000,0
BNBUSDT,1771286400008,0
BNBUSDT,1771315200001,0
BNBUSDT,1771344000002,0
BNBUSDT,1771372800000,0
BNBUSDT,1771401600000,0
BNBUSDT,1771430400011,0
BNBUSDT,1771459200013,0
BNBUSDT,1771488000000,0
BNBUSDT,1771516800003,-0.00007139
BNBUSDT,1771545600000,0
BNBUSDT,1771574400000,0
BNBUSDT,1771603200000,0
BNBUSDT,1771632000004,0
BNBUSDT,1771660800000,0
BNBUSDT,1771689600005,0
BNBUSDT,1771718400001,0
BNBUSDT,1771747200004,0
BNBUSDT,1771776000000,0
BNBUSDT,1771804800001,0
BNBUSDT,1771833600000,0
BNBUSDT,1771862400000,0
BNBUSDT,1771891200007,0
BNBUSDT,1771920000000,0
BNBUSDT,1771948800001,0
BNBUSDT,1771977600001,0
BNBUSDT,1772006400007,0
BNBUSDT,1772035200000,0
BNBUSDT,1772064000000,0
BNBUSDT,1772092800006,0
BNBUSDT,1772121600002,0
BNBUSDT,1772150400007,0
BNBUSDT,1772179200000,0
BNBUSDT,1772208000001,0
BNBUSDT,1772236800000,0
BNBUSDT,1772265600000,0
BNBUSDT,1772294400004,0
BNBUSDT,1772323200005,0
BNBUSDT,1772352000000,0
BNBUSDT,1772380800002,0
BNBUSDT,1772409600001,0
BNBUSDT,1772438400007,0
BNBUSDT,1772467200000,0
BNBUSDT,1772496000000,0
BNBUSDT,1772524800000,0
BNBUSDT,1772553600007,0
BNBUSDT,1772582400001,0
BNBUSDT,1772611200005,0
BNBUSDT,1772640000000,0
BNBUSDT,1772668800000,0
BNBUSDT,1772697600000,0
BNBUSDT,1772726400004,0
BNBUSDT,1772755200001,0
BNBUSDT,1772784000001,0
BNBUSDT,1772812800004,0
BNBUSDT,1772841600001,0
BNBUSDT,1772870400012,0
BNBUSDT,1772899200001,0
BNBUSDT,1772928000001,0
BNBUSDT,1772956800000,0
BNBUSDT,1772985600002,0
BNBUSDT,1773014400000,0
BNBUSDT,1773043200004,0
BNBUSDT,1773072000003,0
BNBUSDT,1773100800012,0
BNBUSDT,1773129600002,0
BNBUSDT,1773158400001,0
BNBUSDT,1773187200000,0
BNBUSDT,1773216000007,0
BNBUSDT,1773244800010,0
BNBUSDT,1773273600000,0
BNBUSDT,1773302400000,0
BNBUSDT,1773331200000,0
BNBUSDT,1773360000006,0
BNBUSDT,1773388800001,0
BNBUSDT,1773417600000,0
BNBUSDT,1773446400001,0
BNBUSDT,1773475200000,0
BNBUSDT,1773504000007,0
BNBUSDT,1773532800000,0
BNBUSDT,1773561600000,0
BNBUSDT,1773590400000,0
BNBUSDT,1773619200000,0
BNBUSDT,1773648000010,0
BNBUSDT,1773676800000,0
BNBUSDT,1773705600000,0
BNBUSDT,1773734400002,0
BNBUSDT,1773763200011,0
BNBUSDT,1773792000002,0
BNBUSDT,1773820800002,0
BNBUSDT,1773849600005,0
BNBUSDT,1773878400000,-0.00005147
BNBUSDT,1773907200003,-0.0000501
BNBUSDT,1773936000003,0
BNBUSDT,1773964800002,0
BNBUSDT,1773993600000,-0.00012728
BNBUSDT,1774022400000,0
BNBUSDT,1774051200000,0
BNBUSDT,1774080000000,0
BNBUSDT,1774108800014,0
BNBUSDT,1774137600012,0
BNBUSDT,1774166400007,0
BNBUSDT,1774195200002,-0.00007288
BNBUSDT,1774224000000,-0.00004454
BNBUSDT,1774252800003,0
BNBUSDT,1774281600002,0
BNBUSDT,1774310400000,0
BNBUSDT,1774339200000,0
BNBUSDT,1774368000003,0
BNBUSDT,1774396800000,0
BNBUSDT,1774425600000,0
BNBUSDT,1774454400013,0
BNBUSDT,1774483200001,0
BNBUSDT,1774512000001,0
BNBUSDT,1774540800000,0
BNBUSDT,1774569600006,0
BNBUSDT,1774598400000,0
BNBUSDT,1774627200000,-0.00002719
BNBUSDT,1774656000005,0
BNBUSDT,1774684800005,0
BNBUSDT,1774713600000,0
BNBUSDT,1774742400003,0
BNBUSDT,1774771200001,0
BNBUSDT,1774800000000,0
BNBUSDT,1774828800000,0
BNBUSDT,1774857600005,0
BNBUSDT,1774886400000,0
BNBUSDT,1774915200000,0
BNBUSDT,1774944000000,0
BNBUSDT,1774972800000,0
BNBUSDT,1775001600000,0
BNBUSDT,1775030400000,0.00004798
BNBUSDT,1775059200000,0.00003638
BNBUSDT,1775088000003,0.00000743
BNBUSDT,1775116800001,0
BNBUSDT,1775145600001,0
BNBUSDT,1775174400000,0
BNBUSDT,1775203200008,0
BNBUSDT,1775232000008,0
BNBUSDT,1775260800000,0
BNBUSDT,1775289600003,0
BNBUSDT,1775318400000,0
BNBUSDT,1775347200008,0
BNBUSDT,1775376000000,0
BNBUSDT,1775404800001,0
BNBUSDT,1775433600004,0
BNBUSDT,1775462400001,0
BNBUSDT,1775491200003,0.00003249
BNBUSDT,1775520000000,0.00000457
BNBUSDT,1775548800000,0
BNBUSDT,1775577600000,0
BNBUSDT,1775606400000,0.00010441
BNBUSDT,1775635200000,0.00005151
BNBUSDT,1775664000006,0.00004108
BNBUSDT,1775692800000,0.00002561
BNBUSDT,1775721600010,0.00000011
BNBUSDT,1775750400001,0.00003305
BNBUSDT,1775779200000,0.00005621
BNBUSDT,1775808000005,0
BNBUSDT,1775836800000,0
BNBUSDT,1775865600000,0.00009157
BNBUSDT,1775894400000,0
BNBUSDT,1775923200003,0.00000154
BNBUSDT,1775952000000,0.00006577
BNBUSDT,1775980800000,0
BNBUSDT,1776009600000,0
BNBUSDT,1776038400011,0
BNBUSDT,1776067200006,0
BNBUSDT,1776096000000,0
BNBUSDT,1776124800005,0.00015422
BNBUSDT,1776153600003,0.00005862
BNBUSDT,1776182400001,0.00003028
BNBUSDT,1776211200000,0.00003773
BNBUSDT,1776240000000,0
BNBUSDT,1776268800000,0.00004407
BNBUSDT,1776297600013,0.00010905
BNBUSDT,1776326400000,0
BNBUSDT,1776355200000,0
BNBUSDT,1776384000001,0.00009789
BNBUSDT,1776412800011,0.00000234
BNBUSDT,1776441600001,0
BNBUSDT,1776470400001,0.00001541
BNBUSDT,1776499200006,0.00000138
BNBUSDT,1776528000000,0
BNBUSDT,1776556800002,0.00001261
BNBUSDT,1776585600010,0
BNBUSDT,1776614400001,0
BNBUSDT,1776643200000,0
BNBUSDT,1776672000000,0.00003601
BNBUSDT,1776700800001,0.00001888
BNBUSDT,1776729600000,0.00005462
BNBUSDT,1776758400004,0
BNBUSDT,1776787200004,0
BNBUSDT,1776816000004,0
BNBUSDT,1776844800000,0.00005781
BNBUSDT,1776873600000,0.00007639
BNBUSDT,1776902400000,0.00001259
BNBUSDT,1776931200000,0
BNBUSDT,1776960000004,0
BNBUSDT,1776988800006,0.00003278
BNBUSDT,1777017600000,0
BNBUSDT,1777046400000,0.00007341
BNBUSDT,1777075200000,0.00003157
BNBUSDT,1777104000002,0
BNBUSDT,1777132800002,0
BNBUSDT,1777161600003,0
BNBUSDT,1777190400007,0.00003265
BNBUSDT,1777219200004,0.00000626
BNBUSDT,1777248000004,0.00002096
BNBUSDT,1777276800000,0
BNBUSDT,1777305600002,0
BNBUSDT,1777334400001,0
BNBUSDT,1777363200000,0
BNBUSDT,1777392000004,0.00004102
BNBUSDT,1777420800006,0.00004604
BNBUSDT,1777449600011,0
BNBUSDT,1777478400003,0
BNBUSDT,1777507200002,0
BNBUSDT,1777536000000,0
BNBUSDT,1777564800000,0.00000697
BNBUSDT,1777593600000,0.00001441
BNBUSDT,1777622400005,0
BNBUSDT,1777651200000,0.00001996
BNBUSDT,1777680000006,0.00006706
BNBUSDT,1777708800000,0
BNBUSDT,1777737600010,0.0000045
BNBUSDT,1777766400005,0.00002275
BNBUSDT,1777795200003,0
BNBUSDT,1777824000000,0.00005316
BNBUSDT,1777852800000,0.00001607
BNBUSDT,1777881600000,0.00011312
BNBUSDT,1777910400003,0.00002752
BNBUSDT,1777939200000,0.00005378
BNBUSDT,1777968000011,0.00003103
BNBUSDT,1777996800000,0.00010704
BNBUSDT,1778025600010,0.00011317
BNBUSDT,1778054400000,0.00001521
BNBUSDT,1778083200002,0.0000946
BNBUSDT,1778112000000,0.00009945
BNBUSDT,1778140800000,0.0000452
BNBUSDT,1778169600004,0.00005902
BNBUSDT,1778198400003,0.00000891
BNBUSDT,1778227200002,0
BNBUSDT,1778256000003,0
BNBUSDT,1778284800000,0.00002196
BNBUSDT,1778313600001,0.00010676
BNBUSDT,1778342400002,0.00007448
BNBUSDT,1778371200003,0.00002289
BNBUSDT,1778400000000,0.00000311
BNBUSDT,1778428800000,0.0000797
BNBUSDT,1778457600000,0.0000923
BNBUSDT,1778486400000,0.00000828
BNBUSDT,1778515200000,0
BNBUSDT,1778544000002,0.00006651
BNBUSDT,1778572800008,0
BNBUSDT,1778601600000,0.00015663
BNBUSDT,1778630400010,0.0001297
BNBUSDT,1778659200003,0.00006636
BNBUSDT,1778688000001,0
BNBUSDT,1778716800005,0
BNBUSDT,1778745600000,0
BNBUSDT,1778774400000,0
BNBUSDT,1778803200000,0.00012416
BNBUSDT,1778832000016,0
BNBUSDT,1778860800012,0
BNBUSDT,1778889600005,0
BNBUSDT,1778918400000,0
BNBUSDT,1778947200005,0
BNBUSDT,1778976000000,0
BNBUSDT,1779004800010,0.00003265
BNBUSDT,1779033600009,0
BNBUSDT,1779062400007,0
BNBUSDT,1779091200002,0.00004297
BNBUSDT,1779120000007,0
BNBUSDT,1779148800001,0
BNBUSDT,1779177600001,0
BNBUSDT,1779206400009,0.00001483
BNBUSDT,1779235200001,0.0000762
BNBUSDT,1779264000006,0.00000889
BNBUSDT,1779292800000,0.0000624
BNBUSDT,1779321600001,0.00002383
BNBUSDT,1779350400000,0.00008131
BNBUSDT,1779379200000,0.00005686
BNBUSDT,1779408000000,0.00004007
BNBUSDT,1779436800004,0.00002067
BNBUSDT,1779465600001,0
BNBUSDT,1779494400009,0.00000214
BNBUSDT,1779523200001,0
BNBUSDT,1779552000003,0
BNBUSDT,1779580800011,0.00004985
BNBUSDT,1779609600008,0.00004422
BNBUSDT,1779638400000,0.000094
BNBUSDT,1779667200001,0
BNBUSDT,1779696000001,0.0000674
BNBUSDT,1779724800001,0.00004621
BNBUSDT,1779753600000,0.00005354
BNBUSDT,1779782400003,0
BNBUSDT,1779811200000,0.00002838
BNBUSDT,1779840000000,0.00003134
BNBUSDT,1779868800004,0.0000744
BNBUSDT,1779897600009,0.00006759
BNBUSDT,1779926400001,0.00005788
BNBUSDT,1779955200000,0
BNBUSDT,1779984000001,0
BNBUSDT,1780012800000,0.00007032
BNBUSDT,1780041600001,0
BNBUSDT,1780070400008,0.0000091
BNBUSDT,1780099200000,0.00003792
BNBUSDT,1780128000001,0.00010904
BNBUSDT,1780156800000,0.00011873
BNBUSDT,1780185600000,0
BNBUSDT,1780214400000,0
BNBUSDT,1780243200004,0.00000115
BNBUSDT,1780272000001,0
BNBUSDT,1780300800001,0.00009172
BNBUSDT,1780329600000,0
BNBUSDT,1780358400000,0
BNBUSDT,1780387200000,0.00003806
BNBUSDT,1780416000000,0.0001285
BNBUSDT,1780444800013,0.00003437
BNBUSDT,1780473600000,0.00006088
BNBUSDT,1780502400001,0.0000358
BNBUSDT,1780531200009,0
BNBUSDT,1780560000000,0.00005166
BNBUSDT,1780588800003,0
BNBUSDT,1780617600000,0
BNBUSDT,1780646400004,0
BNBUSDT,1780675200009,0.00004098
BNBUSDT,1780704000000,0.00006864
BNBUSDT,1780732800000,0
BNBUSDT,1780761600000,0
BNBUSDT,1780790400001,0
BNBUSDT,1780819200000,0
BNBUSDT,1780848000000,0
BNBUSDT,1780876800000,0
BNBUSDT,1780905600005,0
BNBUSDT,1780934400004,0
BNBUSDT,1780963200000,0
BNBUSDT,1780992000000,0
BNBUSDT,1781020800001,0
BNBUSDT,1781049600001,0.0000086
BNBUSDT,1781078400011,0
BNBUSDT,1781107200009,0
BNBUSDT,1781136000000,0
BNBUSDT,1781164800004,0
BNBUSDT,1781193600000,0.00004668
BNBUSDT,1781222400000,0.00002744
BNBUSDT,1781251200000,0
BNBUSDT,1781280000000,0.00006548
BNBUSDT,1781308800000,0
BNBUSDT,1781337600007,0
BNBUSDT,1781366400002,0.00004204
BNBUSDT,1781395200005,0
BNBUSDT,1781424000009,0
BNBUSDT,1781452800000,0
BNBUSDT,1781481600013,0
BNBUSDT,1781510400013,0.00005384
BNBUSDT,1781539200004,0.00001223
BNBUSDT,1781568000000,0
BNBUSDT,1781596800000,0
BNBUSDT,1781625600001,0
BNBUSDT,1781654400012,0.00003807
BNBUSDT,1781683200000,0.0000544
BNBUSDT,1781712000000,0.00005276
BNBUSDT,1781740800002,0.00005822
BNBUSDT,1781769600000,0
BNBUSDT,1781798400001,0
BNBUSDT,1781827200005,0
BNBUSDT,1781856000001,0
BNBUSDT,1781884800001,0
BNBUSDT,1781913600001,0
BNBUSDT,1781942400000,0.0000183
BNBUSDT,1781971200001,0.00004245
BNBUSDT,1782000000000,0
BNBUSDT,1782028800000,0
BNBUSDT,1782057600000,0.00005515
BNBUSDT,1782086400000,0
BNBUSDT,1782115200000,0
BNBUSDT,1782144000002,0
BNBUSDT,1782172800003,0
BNBUSDT,1782201600005,0
BNBUSDT,1782230400002,0
BNBUSDT,1782259200005,0
BNBUSDT,1782288000005,0
BNBUSDT,1782316800003,0
BNBUSDT,1782345600000,0
BNBUSDT,1782374400000,0
BNBUSDT,1782403200000,0
BNBUSDT,1782432000010,0
BNBUSDT,1782460800002,0
BNBUSDT,1782489600000,0
BNBUSDT,1782518400000,0.00006039
BNBUSDT,1782547200000,0.00004127
BNBUSDT,1782576000009,0.0000689
BNBUSDT,1782604800000,0
BNBUSDT,1782633600013,0
BNBUSDT,1782662400000,0
BNBUSDT,1782691200006,0
BNBUSDT,1782720000013,0.00000652
BNBUSDT,1782748800004,0.00001584
BNBUSDT,1782777600000,0.00004028
BNBUSDT,1782806400000,0
BNBUSDT,1782835200005,0
BNBUSDT,1782864000000,0.00008374
BNBUSDT,1782892800000,0.00001081
BNBUSDT,1782921600000,0
BNBUSDT,1782950400000,0.00005254
BNBUSDT,1782979200000,0.00004503
BNBUSDT,1783008000000,0.00010499
BNBUSDT,1783036800000,0.0000419
BNBUSDT,1783065600007,0.00005653
BNBUSDT,1783094400000,0.0001291
BNBUSDT,1783123200000,0.00019594
BNBUSDT,1783152000000,0.00012176
BNBUSDT,1783180800007,0.00010833
BNBUSDT,1783209600003,0.00004393
BNBUSDT,1783238400001,0.00003193
BNBUSDT,1783267200000,0.00007046
BNBUSDT,1783296000000,0.00004905
BNBUSDT,1783324800000,0.0000264
BNBUSDT,1783353600000,0.00000735
BNBUSDT,1783382400000,0.00002595
BNBUSDT,1783411200000,0
BNBUSDT,1783440000000,0.00001872
BNBUSDT,1783468800000,0.00004957
BNBUSDT,1783497600000,0.00001075
BNBUSDT,1783526400000,0
BNBUSDT,1783555200000,0.00003204
BNBUSDT,1783584000001,0.00008613
BNBUSDT,1783612800001,0.00012025
BNBUSDT,1783641600000,0.00007403
BNBUSDT,1783670400005,0.00011748
BNBUSDT,1783699200005,0.00011027
BNBUSDT,1783728000000,0.00009961
BNBUSDT,1783756800000,0.00005645
BNBUSDT,1783785600000,0.00007755
BNBUSDT,1783814400000,0.0000835
BNBUSDT,1783843200003,0
BNBUSDT,1783872000000,0.00011818
BNBUSDT,1783900800000,0.00004761
BNBUSDT,1783929600001,0.00000162
BNBUSDT,1783958400004,0.00003773
BNBUSDT,1783987200000,0
BNBUSDT,1784016000002,0.00003843
BNBUSDT,1784044800001,0.00009807
BNBUSDT,1784073600005,0.00012457
BNBUSDT,1784102400002,0.00013454
BNBUSDT,1784131200000,0.00008756
BNBUSDT,1784160000000,0.00014088
BNBUSDT,1784188800003,0.00009816
BNBUSDT,1784217600002,0.0001107
BNBUSDT,1784246400000,0.00006363
BNBUSDT,1784275200010,0.00002252
BNBUSDT,1784304000004,0
BNBUSDT,1784332800000,0
BNBUSDT,1784361600000,0.00002518
BNBUSDT,1784390400001,0.00009856
BNBUSDT,1784419200003,0.00006925
BNBUSDT,1784448000000,0.0000207
BNBUSDT,1784476800001,0.00006631
BNBUSDT,1784505600000,0.00000243
BNBUSDT,1784534400001,0
BNBUSDT,1784563200004,0.00008469
BNBUSDT,1784592000001,0.00006225
BNBUSDT,1784620800000,0.00009386
BNBUSDT,1784649600002,0.00011917
BNBUSDT,1784678400000,0.00015287
BNBUSDT,1784707200000,0.0000661
BNBUSDT,1784736000001,0.00010491
BNBUSDT,1784764800000,0.00005785
BNBUSDT,1784793600000,0
BNBUSDT,1784822400000,0.00003257
BNBUSDT,1784851200000,0.00001896
BNBUSDT,1784880000000,0
BNBUSDT,1784908800008,0
BNBUSDT,1784937600002,0.00000923
BNBUSDT,1784966400000,0.00005581
BNBUSDT,1784995200000,0.00003563
BNBUSDT,1785024000000,0.00006601
BNBUSDT,1785052800002,0.00010218
BNBUSDT,1785081600000,0.00010676
BNBUSDT,1785110400010,0.00006721
BNBUSDT,1785139200000,0
BNBUSDT,1785168000001,0
BNBUSDT,1785196800000,0.00002237
BNBUSDT,1785225600000,0
BNBUSDT,1785254400000,0.00007903
BNBUSDT,1785283200000,0.00002957
BNBUSDT,1785312000002,0.00003688
BNBUSDT,1785340800000,0.00001878
BNBUSDT,1785369600000,0.00006905
BNBUSDT,1785398400000,0.00005247
BNBUSDT,1785427200000,0.0001066
BNBUSDT,1785456000003,0.0000515
BNBUSDT,1785484800000,0.00002909
BNBUSDT,1785513600000,0.00005473
