symbol,timestamp_ms,funding_rate
ETHUSDT,1609459200002,0.00034491
ETHUSDT,1609488000006,0.00061141
ETHUSDT,1609516800003,0.00056803
ETHUSDT,1609545600000,0.00025572
ETHUSDT,1609574400000,0.00049233
ETHUSDT,1609603200006,0.00109186
ETHUSDT,1609632000018,0.00062004
ETHUSDT,1609660800000,0.00074404
ETHUSDT,1609689600002,0.00171498
ETHUSDT,1609718400000,0.00295549
ETHUSDT,1609747200000,0.00375
ETHUSDT,1609776000000,0.00085432
ETHUSDT,1609804800020,0.00102541
ETHUSDT,1609833600003,0.0004305
ETHUSDT,1609862400003,0.00102796
ETHUSDT,1609891200010,0.0018218
ETHUSDT,1609920000003,0.00222459
ETHUSDT,1609948800000,0.00253317
ETHUSDT,1609977600007,0.00114512
ETHUSDT,1610006400000,0.00165953
ETHUSDT,1610035200004,0.00176605
ETHUSDT,1610064000000,0.00171757
ETHUSDT,1610092800000,0.00077262
ETHUSDT,1610121600000,0.00137534
ETHUSDT,1610150400009,0.0006769
ETHUSDT,1610179200004,0.00068612
ETHUSDT,1610208000000,0.00156908
ETHUSDT,1610236800000,0.00340522
ETHUSDT,1610265600005,0.00202919
ETHUSDT,1610294400000,0.00126049
ETHUSDT,1610323200000,0.00177547
ETHUSDT,1610352000012,0.0006624
ETHUSDT,1610380800000,0.00039691
ETHUSDT,1610409600000,0.0001
ETHUSDT,1610438400000,0.00045084
ETHUSDT,1610467200008,0.00058059
ETHUSDT,1610496000001,0.00037339
ETHUSDT,1610524800000,0.0001184
ETHUSDT,1610553600003,0.00040496
ETHUSDT,1610582400000,0.00054804
ETHUSDT,1610611200012,0.0005229
ETHUSDT,1610640000000,0.0007165
ETHUSDT,1610668800002,0.00027278
ETHUSDT,1610697600000,0.00055774
ETHUSDT,1610726400004,0.00087472
ETHUSDT,1610755200000,0.00014675
ETHUSDT,1610784000008,0.00054404
ETHUSDT,1610812800000,0.00152456
ETHUSDT,1610841600009,0.00106467
ETHUSDT,1610870400000,0.00050098
ETHUSDT,1610899200001,0.00051088
ETHUSDT,1610928000000,0.00109082
ETHUSDT,1610956800004,0.00028606
ETHUSDT,1610985600000,0.00109269
ETHUSDT,1611014400000,0.00121462
ETHUSDT,1611043200005,0.00197982
ETHUSDT,1611072000012,0.00199604
ETHUSDT,1611100800012,0.00153883
ETHUSDT,1611129600001,0.00072796
ETHUSDT,1611158400001,0.00048461
ETHUSDT,1611187200000,0.00034937
ETHUSDT,1611216000000,0.00065753
ETHUSDT,1611244800004,0.00037547
ETHUSDT,1611273600012,0.00020251
ETHUSDT,1611302400003,0.00016737
ETHUSDT,1611331200001,0.0001
ETHUSDT,1611360000000,0.00015431
ETHUSDT,1611388800002,0.00020659
ETHUSDT,1611417600000,0.00028319
ETHUSDT,1611446400001,0.00093097
ETHUSDT,1611475200011,0.00058705
ETHUSDT,1611504000005,0.00094274
ETHUSDT,1611532800007,0.00050723
ETHUSDT,1611561600012,0.00105754
ETHUSDT,1611590400000,0.00093264
ETHUSDT,1611619200007,0.00034093
ETHUSDT,1611648000000,0.00031895
ETHUSDT,1611676800000,0.0001
ETHUSDT,1611705600000,0.00036342
ETHUSDT,1611734400011,0.0001
ETHUSDT,1611763200003,0.0001
ETHUSDT,1611792000000,0.00014794
ETHUSDT,1611820800000,0.0001
ETHUSDT,1611849600000,0.00056884
ETHUSDT,1611878400009,0.00112844
ETHUSDT,1611907200000,0.00061388
ETHUSDT,1611936000000,0.00241392
ETHUSDT,1611964800000,0.00094051
ETHUSDT,1611993600000,0.00037882
ETHUSDT,1612022400000,0.00072777
ETHUSDT,1612051200009,0.00115111
ETHUSDT,1612080000000,0.00113497
ETHUSDT,1612108800000,0.00072236
ETHUSDT,1612137600001,0.00025014
ETHUSDT,1612166400014,0.00055359
ETHUSDT,1612195200000,0.00061764
ETHUSDT,1612224000000,0.00050304
ETHUSDT,1612252800006,0.00120708
ETHUSDT,1612281600000,0.00165937
ETHUSDT,1612310400009,0.00151935
ETHUSDT,1612339200006,0.00155522
ETHUSDT,1612368000006,0.00167923
ETHUSDT,1612396800005,0.00146092
ETHUSDT,1612425600000,0.00135459
ETHUSDT,1612454400011,0.00145079
ETHUSDT,1612483200009,0.00113736
ETHUSDT,1612512000004,0.0017643
ETHUSDT,1612540800000,0.00155465
ETHUSDT,1612569600008,0.00117123
ETHUSDT,1612598400009,0.00107002
ETHUSDT,1612627200000,0.00143968
ETHUSDT,1612656000000,0.00171115
ETHUSDT,1612684800005,0.00051183
ETHUSDT,1612713600001,0.00065683
ETHUSDT,1612742400000,0.0001
ETHUSDT,1612771200001,0.00039877
ETHUSDT,1612800000000,0.00284408
ETHUSDT,1612828800010,0.00227548
ETHUSDT,1612857600006,0.00193315
ETHUSDT,1612886400007,0.00143234
ETHUSDT,1612915200009,0.00156788
ETHUSDT,1612944000014,0.00218071
ETHUSDT,1612972800005,0.00085146
ETHUSDT,1613001600000,0.00071884
ETHUSDT,1613030400000,0.00065956
ETHUSDT,1613059200000,0.00180566
ETHUSDT,1613088000000,0.00092117
ETHUSDT,1613116800000,0.00050482
ETHUSDT,1613145600000,0.00153886
ETHUSDT,1613174400001,0.00228313
ETHUSDT,1613203200003,0.00173035
ETHUSDT,1613232000000,0.00094692
ETHUSDT,1613260800013,0.00110785
ETHUSDT,1613289600000,0.00176822
ETHUSDT,1613318400008,0.0012426
ETHUSDT,1613347200000,0.0007946
ETHUSDT,1613376000006,0.00013827
ETHUSDT,1613404800000,0.00081146
ETHUSDT,1613433600001,0.00104485
ETHUSDT,1613462400000,0.00112937
ETHUSDT,1613491200010,0.00114441
ETHUSDT,1613520000005,0.00092761
ETHUSDT,1613548800010,0.00106083
ETHUSDT,1613577600008,0.00232282
ETHUSDT,1613606400012,0.0019495
ETHUSDT,1613635200000,0.00202078
ETHUSDT,1613664000009,0.00118984
ETHUSDT,1613692800010,0.00082051
ETHUSDT,1613721600002,0.00139773
ETHUSDT,1613750400008,0.00169023
ETHUSDT,1613779200000,0.00196264
ETHUSDT,1613808000009,0.00189841
ETHUSDT,1613836800000,0.0018588
ETHUSDT,1613865600007,0.00051516
ETHUSDT,1613894400012,0.0004355
ETHUSDT,1613923200001,0.00107233
ETHUSDT,1613952000006,0.00077647
ETHUSDT,1613980800002,0.00047334
ETHUSDT,1614009600000,0.00034567
ETHUSDT,1614038400000,0.0001
ETHUSDT,1614067200006,0.00026168
ETHUSDT,1614096000000,0.0001
ETHUSDT,1614124800012,0.00013438
ETHUSDT,1614153600016,0.00039328
ETHUSDT,1614182400011,0.00028758
ETHUSDT,1614211200007,0.0004677
ETHUSDT,1614240000000,0.00016178
ETHUSDT,1614268800010,0.0001
ETHUSDT,1614297600000,0.0001
ETHUSDT,1614326400025,0.00014852
ETHUSDT,1614355200010,0.00037736
ETHUSDT,1614384000001,0.00018181
ETHUSDT,1614412800000,0.0006196
ETHUSDT,1614441600000,0.0001
ETHUSDT,1614470400021,0.0001
ETHUSDT,1614499200009,0.0001
ETHUSDT,1614528000000,0.0001
ETHUSDT,1614556800000,0.0001
ETHUSDT,1614585600003,0.00033427
ETHUSDT,1614614400001,0.00049119
ETHUSDT,1614643200000,0.00049538
ETHUSDT,1614672000000,0.00035713
ETHUSDT,1614700800004,0.00039154
ETHUSDT,1614729600000,0.0001
ETHUSDT,1614758400016,0.0001
ETHUSDT,1614787200000,0.00087091
ETHUSDT,1614816000000,0.00047552
ETHUSDT,1614844800015,0.00015927
ETHUSDT,1614873600001,0.00033061
ETHUSDT,1614902400000,0.00024885
ETHUSDT,1614931200002,0.00022561
ETHUSDT,1614960000008,0.0001
ETHUSDT,1614988800000,0.00031476
ETHUSDT,1615017600000,0.00057512
ETHUSDT,1615046400000,0.00032891
ETHUSDT,1615075200006,0.00066496
ETHUSDT,1615104000005,0.00023263
ETHUSDT,1615132800008,0.00056927
ETHUSDT,1615161600000,0.00011144
ETHUSDT,1615190400000,0.00045102
ETHUSDT,1615219200006,0.00056057
ETHUSDT,1615248000000,0.00014784
ETHUSDT,1615276800000,0.00085203
ETHUSDT,1615305600000,0.00101744
ETHUSDT,1615334400009,0.00058485
ETHUSDT,1615363200006,0.0005129
ETHUSDT,1615392000008,0.00105856
ETHUSDT,1615420800000,0.00079368
ETHUSDT,1615449600000,0.00034874
ETHUSDT,1615478400014,0.00080049
ETHUSDT,1615507200002,0.00132622
ETHUSDT,1615536000005,0.00072213
ETHUSDT,1615564800011,0.00034512
ETHUSDT,1615593600000,0.00030351
ETHUSDT,1615622400002,0.00039972
ETHUSDT,1615651200000,0.00155198
ETHUSDT,1615680000011,0.00113056
ETHUSDT,1615708800000,0.001048
ETHUSDT,1615737600000,0.00113023
ETHUSDT,1615766400012,0.00077413
ETHUSDT,1615795200016,0.00081452
ETHUSDT,1615824000030,0.00013021
ETHUSDT,1615852800005,0.0001
ETHUSDT,1615881600008,0.00045668
ETHUSDT,1615910400012,0.00039653
ETHUSDT,1615939200010,0.00064671
ETHUSDT,1615968000000,0.00034812
ETHUSDT,1615996800009,0.00031521
ETHUSDT,1616025600001,0.00099682
ETHUSDT,1616054400000,0.00067631
ETHUSDT,1616083200000,0.00038027
ETHUSDT,1616112000011,0.0001
ETHUSDT,1616140800001,0.0001
ETHUSDT,1616169600000,0.00037762
ETHUSDT,1616198400000,0.00061811
ETHUSDT,1616227200000,0.000511
ETHUSDT,1616256000007,0.00102646
ETHUSDT,1616284800000,0.00068264
ETHUSDT,1616313600000,0.0001
ETHUSDT,1616342400000,0.00019064
ETHUSDT,1616371200007,0.00053821
ETHUSDT,1616400000001,0.00042754
ETHUSDT,1616428800000,0.00044797
ETHUSDT,1616457600000,0.0001
ETHUSDT,1616486400010,0.00019899
ETHUSDT,1616515200023,0.0003309
ETHUSDT,1616544000002,0.00050608
ETHUSDT,1616572800000,0.00010655
ETHUSDT,1616601600000,0.0004169
ETHUSDT,1616630400000,0.0001
ETHUSDT,1616659200000,0.0001
ETHUSDT,1616688000000,0.00035938
ETHUSDT,1616716800008,0.00042431
ETHUSDT,1616745600000,0.0001
ETHUSDT,1616774400012,0.0001
ETHUSDT,1616803200018,0.0001
ETHUSDT,1616832000000,0.00015922
ETHUSDT,1616860800001,0.00034067
ETHUSDT,1616889600000,0.00025751
ETHUSDT,1616918400000,0.00029541
ETHUSDT,1616947200005,0.00031424
ETHUSDT,1616976000003,0.00022015
ETHUSDT,1617004800000,0.00043803
ETHUSDT,1617033600000,0.00084253
ETHUSDT,1617062400018,0.00074011
ETHUSDT,1617091200012,0.00056645
ETHUSDT,1617120000001,0.00036654
ETHUSDT,1617148800000,0.00076506
ETHUSDT,1617177600000,0.0010713
ETHUSDT,1617206400000,0.00038554
ETHUSDT,1617235200025,0.00156864
ETHUSDT,1617264000011,0.00109222
ETHUSDT,1617292800004,0.00064672
ETHUSDT,1617321600000,0.00050452
ETHUSDT,1617350400000,0.00121799
ETHUSDT,1617379200000,0.00116568
ETHUSDT,1617408000003,0.00082856
ETHUSDT,1617436800000,0.00143194
ETHUSDT,1617465600000,0.00086456
ETHUSDT,1617494400000,0.00060523
ETHUSDT,1617523200000,0.00106146
ETHUSDT,1617552000016,0.00038114
ETHUSDT,1617580800000,0.00072788
ETHUSDT,1617609600001,0.00074688
ETHUSDT,1617638400001,0.00085226
ETHUSDT,1617667200010,0.00161366
ETHUSDT,1617696000000,0.00064189
ETHUSDT,1617724800003,0.00061542
ETHUSDT,1617753600000,0.00049128
ETHUSDT,1617782400006,0.00069613
ETHUSDT,1617811200004,0.00032907
ETHUSDT,1617840000013,0.00021468
ETHUSDT,1617868800003,0.00026979
ETHUSDT,1617897600005,0.00031551
ETHUSDT,1617926400000,0.00038906
ETHUSDT,1617955200004,0.00043318
ETHUSDT,1617984000004,0.00064034
ETHUSDT,1618012800011,0.0001
ETHUSDT,1618041600005,0.00209663
ETHUSDT,1618070400000,0.00120257
ETHUSDT,1618099200004,0.00055892
ETHUSDT,1618128000000,0.00086343
ETHUSDT,1618156800000,0.00091114
ETHUSDT,1618185600001,0.00099657
ETHUSDT,1618214400001,0.00164512
ETHUSDT,1618243200008,0.00067862
ETHUSDT,1618272000003,0.00047138
ETHUSDT,1618300800008,0.00117821
ETHUSDT,1618329600008,0.00167603
ETHUSDT,1618358400008,0.00152762
ETHUSDT,1618387200000,0.00203587
ETHUSDT,1618416000012,0.00095658
ETHUSDT,1618444800006,0.00113562
ETHUSDT,1618473600000,0.00110097
ETHUSDT,1618502400008,0.00104862
ETHUSDT,1618531200008,0.00146805
ETHUSDT,1618560000000,0.00135711
ETHUSDT,1618588800002,0.0010812
ETHUSDT,1618617600008,0.00076639
ETHUSDT,1618646400000,0.0009833
ETHUSDT,1618675200001,0.00063599
ETHUSDT,1618704000006,0.00052118
ETHUSDT,1618732800004,0.00022241
ETHUSDT,1618761600000,0.00044396
ETHUSDT,1618790400000,0.0001
ETHUSDT,1618819200000,0.0001
ETHUSDT,1618848000009,0.0005192
ETHUSDT,1618876800004,0.0001
ETHUSDT,1618905600000,0.00021279
ETHUSDT,1618934400001,0.0001
ETHUSDT,1618963200013,0.0001
ETHUSDT,1618992000001,0.0001
ETHUSDT,1619020800002,0.0001
ETHUSDT,1619049600000,0.00023315
ETHUSDT,1619078400000,0.00011151
ETHUSDT,1619107200001,0.0001
ETHUSDT,1619136000002,0.0003898
ETHUSDT,1619164800009,0.00041263
ETHUSDT,1619193600001,0.0001
ETHUSDT,1619222400019,0.00010335
ETHUSDT,1619251200001,0.00030056
ETHUSDT,1619280000011,0.0001
ETHUSDT,1619308800000,0.0001
ETHUSDT,1619337600010,0.0001
ETHUSDT,1619366400000,0.0001
ETHUSDT,1619395200003,0.0001
ETHUSDT,1619424000002,0.0001
ETHUSDT,1619452800004,0.0001
ETHUSDT,1619481600000,0.0001
ETHUSDT,1619510400000,0.0001
ETHUSDT,1619539200009,0.00040663
ETHUSDT,1619568000000,0.00034144
ETHUSDT,1619596800000,0.00019211
ETHUSDT,1619625600001,0.0001
ETHUSDT,1619654400004,0.0001
ETHUSDT,1619683200013,0.0001
ETHUSDT,1619712000003,0.0001
ETHUSDT,1619740800004,0.00014665
ETHUSDT,1619769600019,0.00011668
ETHUSDT,1619798400003,0.00051157
ETHUSDT,1619827200002,0.0001
ETHUSDT,1619856000006,0.00035155
ETHUSDT,1619884800000,0.00012262
ETHUSDT,1619913600010,0.00023451
ETHUSDT,1619942400011,0.00039722
ETHUSDT,1619971200007,0.0001
ETHUSDT,1620000000003,0.0001
ETHUSDT,1620028800000,0.0001
ETHUSDT,1620057600043,0.00061627
ETHUSDT,1620086400004,0.00031687
ETHUSDT,1620115200003,0.00070707
ETHUSDT,1620144000011,0.00071637
ETHUSDT,1620172800001,0.00038408
ETHUSDT,1620201600007,0.00078274
ETHUSDT,1620230400001,0.00087977
ETHUSDT,1620259200003,0.00068239
ETHUSDT,1620288000001,0.00066648
ETHUSDT,1620316800000,0.00110886
ETHUSDT,1620345600000,0.00026032
ETHUSDT,1620374400000,0.00049147
ETHUSDT,1620403200001,0.00038025
ETHUSDT,1620432000006,0.00047199
ETHUSDT,1620460800000,0.00070136
ETHUSDT,1620489600000,0.00030149
ETHUSDT,1620518400005,0.00058991
ETHUSDT,1620547200016,0.00041522
ETHUSDT,1620576000000,0.00054148
ETHUSDT,1620604800004,0.00068787
ETHUSDT,1620633600000,0.0006638
ETHUSDT,1620662400013,0.00075749
ETHUSDT,1620691200000,0.00041169
ETHUSDT,1620720000000,0.00043204
ETHUSDT,1620748800002,0.00029649
ETHUSDT,1620777600004,0.0001
ETHUSDT,1620806400007,0.00047462
ETHUSDT,1620835200012,0.00054381
ETHUSDT,1620864000016,0.00040983
ETHUSDT,1620892800000,0.00014687
ETHUSDT,1620921600008,0.0001
ETHUSDT,1620950400007,0.0001
ETHUSDT,1620979200001,0.0001
ETHUSDT,1621008000004,0.0001
ETHUSDT,1621036800022,0.00038785
ETHUSDT,1621065600014,0.00052101
ETHUSDT,1621094400002,0.00046056
ETHUSDT,1621123200000,0.00030702
ETHUSDT,1621152000003,0.00013134
ETHUSDT,1621180800002,0.00018829
ETHUSDT,1621209600005,0.00015608
ETHUSDT,1621238400001,0.000335
ETHUSDT,1621267200000,0.0007001
ETHUSDT,1621296000019,0.00018459
ETHUSDT,1621324800001,0.0001
ETHUSDT,1621353600006,0.0006146
ETHUSDT,1621382400000,0.0001
ETHUSDT,1621411200003,0.00053311
ETHUSDT,1621440000018,-0.00356332
ETHUSDT,1621468800005,0.00011828
ETHUSDT,1621497600000,0.0001
ETHUSDT,1621526400005,0.0001
ETHUSDT,1621555200000,0.0001
ETHUSDT,1621584000000,0.0001
ETHUSDT,1621612800001,0.0001
ETHUSDT,1621641600001,0.0001
ETHUSDT,1621670400002,0.0001
ETHUSDT,1621699200005,0.0001
ETHUSDT,1621728000006,0.0001
ETHUSDT,1621756800004,0.0001
ETHUSDT,1621785600002,0.0001
ETHUSDT,1621814400007,0.0001
ETHUSDT,1621843200005,0.0001
ETHUSDT,1621872000005,0.0001
ETHUSDT,1621900800000,0.0001
ETHUSDT,1621929600014,0.0001
ETHUSDT,1621958400000,0.0001
ETHUSDT,1621987200022,0.0001
ETHUSDT,1622016000018,0.0001
ETHUSDT,1622044800004,0.0001
ETHUSDT,1622073600000,0.0001
ETHUSDT,1622102400017,0.0001
ETHUSDT,1622131200000,0.0001
ETHUSDT,1622160000005,0.0001
ETHUSDT,1622188800009,0.0001
ETHUSDT,1622217600000,0.0001
ETHUSDT,1622246400006,0.0001
ETHUSDT,1622275200000,0.0001
ETHUSDT,1622304000000,0.0001
ETHUSDT,1622332800003,0.0001
ETHUSDT,1622361600004,0.0001
ETHUSDT,1622390400018,0.0001
ETHUSDT,1622419200002,0.0001
ETHUSDT,1622448000000,0.0001
ETHUSDT,1622476800000,0.0001
ETHUSDT,1622505600001,0.0001
ETHUSDT,1622534400010,0.0001
ETHUSDT,1622563200010,0.0001
ETHUSDT,1622592000008,0.0001
ETHUSDT,1622620800000,0.0001
ETHUSDT,1622649600007,0.0001
ETHUSDT,1622678400019,0.0001
ETHUSDT,1622707200002,0.0001
ETHUSDT,1622736000003,0.0001
ETHUSDT,1622764800003,0.0001
ETHUSDT,1622793600006,0.0001
ETHUSDT,1622822400002,0.0001
ETHUSDT,1622851200000,0.0001
ETHUSDT,1622880000004,0.0001
ETHUSDT,1622908800020,0.0001
ETHUSDT,1622937600000,0.0001
ETHUSDT,1622966400004,0.0001
ETHUSDT,1622995200000,0.0001
ETHUSDT,1623024000007,0.0001
ETHUSDT,1623052800007,0.0001
ETHUSDT,1623081600003,0.0001
ETHUSDT,1623110400000,0.0001
ETHUSDT,1623139200000,0.0001
ETHUSDT,1623168000002,0.0001
ETHUSDT,1623196800009,0.0001
ETHUSDT,1623225600002,0.0001
ETHUSDT,1623254400000,0.0001
ETHUSDT,1623283200007,0.0001
ETHUSDT,1623312000003,0.0001
ETHUSDT,1623340800000,0.0001
ETHUSDT,1623369600010,0.0001
ETHUSDT,1623398400007,0.0001
ETHUSDT,1623427200006,0.00008683
ETHUSDT,1623456000005,0.0001
ETHUSDT,1623484800000,0.0001
ETHUSDT,1623513600018,0.0001
ETHUSDT,1623542400002,0.0001
ETHUSDT,1623571200000,0.0001
ETHUSDT,1623600000003,0.0001
ETHUSDT,1623628800000,0.0001
ETHUSDT,1623657600015,0.0001
ETHUSDT,1623686400000,0.00003785
ETHUSDT,1623715200000,0.0001
ETHUSDT,1623744000000,0.0001
ETHUSDT,1623772800004,0.0001
ETHUSDT,1623801600004,0.0001
ETHUSDT,1623830400001,0.0001
ETHUSDT,1623859200000,0.0001
ETHUSDT,1623888000004,0.0001
ETHUSDT,1623916800000,0.0001
ETHUSDT,1623945600002,0.0001
ETHUSDT,1623974400009,-0.00000578
ETHUSDT,1624003200014,0.00009549
ETHUSDT,1624032000007,0.0001
ETHUSDT,1624060800003,-0.00018201
ETHUSDT,1624089600001,-0.00000178
ETHUSDT,1624118400000,0.0001
ETHUSDT,1624147200005,0.00004657
ETHUSDT,1624176000000,0.00000741
ETHUSDT,1624204800002,-0.00024432
ETHUSDT,1624233600019,0.00004439
ETHUSDT,1624262400000,-0.00007382
ETHUSDT,1624291200024,-0.00007303
ETHUSDT,1624320000008,0.0001
ETHUSDT,1624348800009,0.00004434
ETHUSDT,1624377600001,-0.00000759
ETHUSDT,1624406400003,0.00004046
ETHUSDT,1624435200000,-0.00009115
ETHUSDT,1624464000000,-0.00006683
ETHUSDT,1624492800009,-0.00004432
ETHUSDT,1624521600018,0.0001
ETHUSDT,1624550400001,0.0001
ETHUSDT,1624579200009,0.0001
ETHUSDT,1624608000004,0.0001
ETHUSDT,1624636800000,0.00007207
ETHUSDT,1624665600007,0.00004234
ETHUSDT,1624694400000,-0.00005794
ETHUSDT,1624723200002,-0.00014961
ETHUSDT,1624752000005,-0.00006018
ETHUSDT,1624780800010,-0.00027281
ETHUSDT,1624809600001,-0.00013791
ETHUSDT,1624838400025,-0.00004311
ETHUSDT,1624867200017,0.0001
ETHUSDT,1624896000007,-0.00002358
ETHUSDT,1624924800008,0.00008669
ETHUSDT,1624953600000,0.00006012
ETHUSDT,1624982400000,-0.00011947
ETHUSDT,1625011200011,0.0001
ETHUSDT,1625040000044,0.0001
ETHUSDT,1625068800005,0.0001
ETHUSDT,1625097600000,0.0001
ETHUSDT,1625126400004,0.0001
ETHUSDT,1625155200028,0.00004853
ETHUSDT,1625184000002,-0.00000095
ETHUSDT,1625212800016,-0.00002734
ETHUSDT,1625241600007,-0.00014398
ETHUSDT,1625270400008,0.00007139
ETHUSDT,1625299200000,0.00002925
ETHUSDT,1625328000004,-0.00003943
ETHUSDT,1625356800012,0.0001
ETHUSDT,1625385600002,0.0001
ETHUSDT,1625414400003,0.0001
ETHUSDT,1625443200004,0.00002596
ETHUSDT,1625472000000,0.0001
ETHUSDT,1625500800009,0.00007226
ETHUSDT,1625529600008,0.00002925
ETHUSDT,1625558400019,-0.00003935
ETHUSDT,1625587200000,0.00009559
ETHUSDT,1625616000007,0.00003679
ETHUSDT,1625644800001,0.00009363
ETHUSDT,1625673600008,0.0001
ETHUSDT,1625702400002,-0.00001075
ETHUSDT,1625731200010,0.00008639
ETHUSDT,1625760000003,0.0001
ETHUSDT,1625788800000,0.0001
ETHUSDT,1625817600006,0.00002471
ETHUSDT,1625846400000,0.0001
ETHUSDT,1625875200002,0.0001
ETHUSDT,1625904000000,0.0001
ETHUSDT,1625932800001,0.0001
ETHUSDT,1625961600001,0.0001
ETHUSDT,1625990400025,0.0001
ETHUSDT,1626019200006,0.0001
ETHUSDT,1626048000000,0.0001
ETHUSDT,1626076800021,0.0001
ETHUSDT,1626105600000,0.0001
ETHUSDT,1626134400000,0.0001
ETHUSDT,1626163200013,-0.00001436
ETHUSDT,1626192000005,0.0001
ETHUSDT,1626220800000,0.0001
ETHUSDT,1626249600000,0.0001
ETHUSDT,1626278400005,-0.0000155
ETHUSDT,1626307200005,0.00005808
ETHUSDT,1626336000001,0.0001
ETHUSDT,1626364800000,0.00009847
ETHUSDT,1626393600000,0.0001
ETHUSDT,1626422400000,0.0001
ETHUSDT,1626451200001,0.00006785
ETHUSDT,1626480000004,0.0001
ETHUSDT,1626508800009,0.0001
ETHUSDT,1626537600006,0.00005313
ETHUSDT,1626566400000,0.0001
ETHUSDT,1626595200001,0.0001
ETHUSDT,1626624000003,0.0001
ETHUSDT,1626652800002,0.00000198
ETHUSDT,1626681600006,0.00000691
ETHUSDT,1626710400006,0.0000031
ETHUSDT,1626739200002,-0.00002156
ETHUSDT,1626768000011,-0.00041611
ETHUSDT,1626796800001,-0.00005126
ETHUSDT,1626825600022,0.00000165
ETHUSDT,1626854400000,-0.00025489
ETHUSDT,1626883200018,-0.00028858
ETHUSDT,1626912000002,0.0001
ETHUSDT,1626940800006,0.0001
ETHUSDT,1626969600010,0.0001
ETHUSDT,1626998400013,0.00008643
ETHUSDT,1627027200000,0.0001
ETHUSDT,1627056000005,0.0001
ETHUSDT,1627084800000,0.0001
ETHUSDT,1627113600002,0.0001
ETHUSDT,1627142400001,-0.00002614
ETHUSDT,1627171200003,-0.00001521
ETHUSDT,1627200000015,0.00004969
ETHUSDT,1627228800000,0.0001
ETHUSDT,1627257600000,0.0001
ETHUSDT,1627286400000,0.0001
ETHUSDT,1627315200000,0.0001
ETHUSDT,1627344000046,0.0001
ETHUSDT,1627372800014,0.0001
ETHUSDT,1627401600007,0.0001
ETHUSDT,1627430400000,0.0001
ETHUSDT,1627459200002,0.0001
ETHUSDT,1627488000005,0.00005618
ETHUSDT,1627516800004,0.00005723
ETHUSDT,1627545600000,0.0001
ETHUSDT,1627574400007,0.0001
ETHUSDT,1627603200004,0.0001
ETHUSDT,1627632000000,0.0001
ETHUSDT,1627660800000,0.0001
ETHUSDT,1627689600000,0.0001
ETHUSDT,1627718400014,0.0001
ETHUSDT,1627747200003,0.0001
ETHUSDT,1627776000005,0.0001
ETHUSDT,1627804800016,0.0001
ETHUSDT,1627833600001,0.0001
ETHUSDT,1627862400000,0.0001
ETHUSDT,1627891200014,0.0001
ETHUSDT,1627920000021,0.0001
ETHUSDT,1627948800000,0.0001
ETHUSDT,1627977600000,0.0001
ETHUSDT,1628006400009,0.00000759
ETHUSDT,1628035200000,0.00000273
ETHUSDT,1628064000000,0.0001
ETHUSDT,1628092800003,0.0000939
ETHUSDT,1628121600000,0.0001
ETHUSDT,1628150400000,0.0001
ETHUSDT,1628179200001,0.0001
ETHUSDT,1628208000000,0.0001
ETHUSDT,1628236800004,0.0001
ETHUSDT,1628265600003,0.0001
ETHUSDT,1628294400015,0.0001
ETHUSDT,1628323200001,0.0001
ETHUSDT,1628352000002,0.00018202
ETHUSDT,1628380800000,0.00013627
ETHUSDT,1628409600002,0.0001
ETHUSDT,1628438400018,0.0001
ETHUSDT,1628467200000,0.00014093
ETHUSDT,1628496000000,0.00021302
ETHUSDT,1628524800002,0.0001
ETHUSDT,1628553600000,0.00045734
ETHUSDT,1628582400003,0.0001
ETHUSDT,1628611200000,0.0001
ETHUSDT,1628640000006,0.00043227
ETHUSDT,1628668800003,0.00025633
ETHUSDT,1628697600000,0.0001
ETHUSDT,1628726400013,0.0001
ETHUSDT,1628755200001,0.0001371
ETHUSDT,1628784000000,0.00018477
ETHUSDT,1628812800000,0.0001
ETHUSDT,1628841600000,0.0001
ETHUSDT,1628870400002,0.00042196
ETHUSDT,1628899200006,0.0001
ETHUSDT,1628928000000,0.00025028
ETHUSDT,1628956800000,0.00051663
ETHUSDT,1628985600003,0.00037689
ETHUSDT,1629014400000,0.00015074
ETHUSDT,1629043200007,0.0001
ETHUSDT,1629072000012,0.00025793
ETHUSDT,1629100800003,0.0001
ETHUSDT,1629129600010,0.0001
ETHUSDT,1629158400018,0.0001
ETHUSDT,1629187200015,0.0001
ETHUSDT,1629216000006,0.0001
ETHUSDT,1629244800000,0.0001
ETHUSDT,1629273600000,0.0001
ETHUSDT,1629302400011,0.0001
ETHUSDT,1629331200000,0.0001
ETHUSDT,1629360000014,0.0001
ETHUSDT,1629388800000,0.0001
ETHUSDT,1629417600000,0.00023469
ETHUSDT,1629446400001,0.00015342
ETHUSDT,1629475200001,0.00036239
ETHUSDT,1629504000005,0.0001
ETHUSDT,1629532800001,0.0001
ETHUSDT,1629561600000,0.00036746
ETHUSDT,1629590400005,0.0002266
ETHUSDT,1629619200007,0.00018006
ETHUSDT,1629648000002,0.0001
ETHUSDT,1629676800003,0.0001
ETHUSDT,1629705600005,0.00113675
ETHUSDT,1629734400002,0.00035008
ETHUSDT,1629763200006,0.00032752
ETHUSDT,1629792000004,0.00030158
ETHUSDT,1629820800000,0.00056014
ETHUSDT,1629849600015,0.00019472
ETHUSDT,1629878400000,0.00016989
ETHUSDT,1629907200000,0.0001
ETHUSDT,1629936000001,0.0001
ETHUSDT,1629964800016,0.0001
ETHUSDT,1629993600004,0.0001
ETHUSDT,1630022400013,0.0001
ETHUSDT,1630051200001,0.0001
ETHUSDT,1630080000004,0.0001
ETHUSDT,1630108800000,0.0001
ETHUSDT,1630137600000,0.00014426
ETHUSDT,1630166400000,0.00011073
ETHUSDT,1630195200000,0.00016779
ETHUSDT,1630224000002,0.0001
ETHUSDT,1630252800005,0.0001
ETHUSDT,1630281600013,0.0001
ETHUSDT,1630310400008,0.0001
ETHUSDT,1630339200000,0.0001
ETHUSDT,1630368000000,0.0001
ETHUSDT,1630396800007,0.0001
ETHUSDT,1630425600003,0.00020707
ETHUSDT,1630454400000,0.0001
ETHUSDT,1630483200006,0.0001
ETHUSDT,1630512000000,0.0001
ETHUSDT,1630540800009,0.00025742
ETHUSDT,1630569600006,0.00079808
ETHUSDT,1630598400007,0.0002889
ETHUSDT,1630627200011,0.00027417
ETHUSDT,1630656000000,0.00037778
ETHUSDT,1630684800002,0.00065309
ETHUSDT,1630713600003,0.00076883
ETHUSDT,1630742400008,0.0007142
ETHUSDT,1630771200009,0.0007567
ETHUSDT,1630800000002,0.00070354
ETHUSDT,1630828800002,0.00058378
ETHUSDT,1630857600000,0.00080725
ETHUSDT,1630886400003,0.00085353
ETHUSDT,1630915200008,0.00041269
ETHUSDT,1630944000009,0.00044698
ETHUSDT,1630972800004,0.00058234
ETHUSDT,1631001600002,0.00066382
ETHUSDT,1631030400001,0.0001
ETHUSDT,1631059200005,0.0001
ETHUSDT,1631088000000,0.0001
ETHUSDT,1631116800000,0.0001
ETHUSDT,1631145600006,0.0001
ETHUSDT,1631174400014,0.0001
ETHUSDT,1631203200002,0.0001
ETHUSDT,1631232000001,0.0001
ETHUSDT,1631260800018,0.0001
ETHUSDT,1631289600006,0.0001
ETHUSDT,1631318400000,0.0001
ETHUSDT,1631347200001,0.0001
ETHUSDT,1631376000000,0.0001
ETHUSDT,1631404800000,0.0001
ETHUSDT,1631433600002,0.0001
ETHUSDT,1631462400000,0.0001
ETHUSDT,1631491200000,0.0001
ETHUSDT,1631520000007,0.0001
ETHUSDT,1631548800005,0.0001
ETHUSDT,1631577600002,0.0001
ETHUSDT,1631606400000,0.0001
ETHUSDT,1631635200007,0.0001
ETHUSDT,1631664000012,0.0001
ETHUSDT,1631692800003,0.0001
ETHUSDT,1631721600006,0.0001
ETHUSDT,1631750400008,0.0001
ETHUSDT,1631779200005,0.0001
ETHUSDT,1631808000002,0.0001
ETHUSDT,1631836800000,0.0001
ETHUSDT,1631865600047,0.0001
ETHUSDT,1631894400013,0.0001
ETHUSDT,1631923200000,0.0001
ETHUSDT,1631952000010,0.0001
ETHUSDT,1631980800005,0.0001
ETHUSDT,1632009600006,0.0001
ETHUSDT,1632038400015,0.0001
ETHUSDT,1632067200007,0.0001
ETHUSDT,1632096000018,0.0001
ETHUSDT,1632124800000,0.0001
ETHUSDT,1632153600005,0.0001
ETHUSDT,1632182400005,0.0001
ETHUSDT,1632211200007,0.0001
ETHUSDT,1632240000000,0.0001
ETHUSDT,1632268800005,0.0001
ETHUSDT,1632297600006,0.0001
ETHUSDT,1632326400000,0.0001
ETHUSDT,1632355200003,0.0001
ETHUSDT,1632384000000,0.0001
ETHUSDT,1632412800007,0.0001
ETHUSDT,1632441600000,0.00000055
ETHUSDT,1632470400017,0.00000875
ETHUSDT,1632499200000,-0.0001122
ETHUSDT,1632528000007,-0.00000748
ETHUSDT,1632556800002,-0.00001988
ETHUSDT,1632585600004,0.00003479
ETHUSDT,1632614400013,0.0001
ETHUSDT,1632643200000,0.00002634
ETHUSDT,1632672000005,0.00002827
ETHUSDT,1632700800000,0.0001
ETHUSDT,1632729600001,0.0001
ETHUSDT,1632758400000,0.0001
ETHUSDT,1632787200000,-0.00000856
ETHUSDT,1632816000014,0.00002806
ETHUSDT,1632844800000,0.00001524
ETHUSDT,1632873600000,-0.00008501
ETHUSDT,1632902400002,-0.00002112
ETHUSDT,1632931200000,0.0001
ETHUSDT,1632960000000,-0.00012951
ETHUSDT,1632988800004,0.0001
ETHUSDT,1633017600005,0.0001
ETHUSDT,1633046400012,0.00004598
ETHUSDT,1633075200008,0.00002073
ETHUSDT,1633104000000,0.0001
ETHUSDT,1633132800000,0.0001
ETHUSDT,1633161600002,0.0001
ETHUSDT,1633190400011,0.0001
ETHUSDT,1633219200019,0.0001
ETHUSDT,1633248000011,0.0001
ETHUSDT,1633276800004,0.0001
ETHUSDT,1633305600004,0.0001
ETHUSDT,1633334400000,0.0001
ETHUSDT,1633363200000,0.0001
ETHUSDT,1633392000007,0.0001
ETHUSDT,1633420800007,0.0001
ETHUSDT,1633449600004,0.0001
ETHUSDT,1633478400002,0.0001
ETHUSDT,1633507200000,0.0001
ETHUSDT,1633536000003,0.00014323
ETHUSDT,1633564800007,0.00031991
ETHUSDT,1633593600002,0.00019601
ETHUSDT,1633622400000,0.00024648
ETHUSDT,1633651200011,0.00018942
ETHUSDT,1633680000003,0.0001
ETHUSDT,1633708800002,0.00026363
ETHUSDT,1633737600006,0.0001
ETHUSDT,1633766400003,0.0001
ETHUSDT,1633795200000,0.0001
ETHUSDT,1633824000000,0.0001
ETHUSDT,1633852800008,0.0001
ETHUSDT,1633881600000,0.0001
ETHUSDT,1633910400002,0.0001
ETHUSDT,1633939200001,0.0001
ETHUSDT,1633968000006,0.0003307
ETHUSDT,1633996800008,0.0001
ETHUSDT,1634025600013,0.0001
ETHUSDT,1634054400003,0.0001
ETHUSDT,1634083200003,0.0001
ETHUSDT,1634112000015,0.0001
ETHUSDT,1634140800000,0.0001
ETHUSDT,1634169600011,0.00018908
ETHUSDT,1634198400017,0.00028381
ETHUSDT,1634227200000,0.00032142
ETHUSDT,1634256000005,0.00041315
ETHUSDT,1634284800002,0.00039194
ETHUSDT,1634313600005,0.00023043
ETHUSDT,1634342400009,0.00031365
ETHUSDT,1634371200000,0.00024049
ETHUSDT,1634400000003,0.00052591
ETHUSDT,1634428800001,0.00033305
ETHUSDT,1634457600002,0.00037505
ETHUSDT,1634486400002,0.00053706
ETHUSDT,1634515200006,0.00023924
ETHUSDT,1634544000004,0.0003827
ETHUSDT,1634572800001,0.0001968
ETHUSDT,1634601600002,0.00036846
ETHUSDT,1634630400000,0.00035703
ETHUSDT,1634659200000,0.00020322
ETHUSDT,1634688000017,0.00030103
ETHUSDT,1634716800004,0.00022709
ETHUSDT,1634745600020,0.00072515
ETHUSDT,1634774400000,0.00050619
ETHUSDT,1634803200000,0.00051537
ETHUSDT,1634832000008,0.00080402
ETHUSDT,1634860800005,0.00035282
ETHUSDT,1634889600005,0.00034276
ETHUSDT,1634918400018,0.00032256
ETHUSDT,1634947200005,0.00023902
ETHUSDT,1634976000001,0.00015138
ETHUSDT,1635004800004,0.00024606
ETHUSDT,1635033600006,0.00018961
ETHUSDT,1635062400012,0.00046408
ETHUSDT,1635091200001,0.00039289
ETHUSDT,1635120000012,0.00019298
ETHUSDT,1635148800002,0.00047527
ETHUSDT,1635177600022,0.00048823
ETHUSDT,1635206400005,0.00039142
ETHUSDT,1635235200016,0.00037012
ETHUSDT,1635264000000,0.00043832
ETHUSDT,1635292800004,0.00030844
ETHUSDT,1635321600000,0.00059665
ETHUSDT,1635350400002,0.00012399
ETHUSDT,1635379200002,0.00019556
ETHUSDT,1635408000000,0.0001
ETHUSDT,1635436800005,0.0001
ETHUSDT,1635465600000,0.00025971
ETHUSDT,1635494400007,0.00040402
ETHUSDT,1635523200001,0.00037311
ETHUSDT,1635552000000,0.00013087
ETHUSDT,1635580800001,0.00046654
ETHUSDT,1635609600013,0.00024213
ETHUSDT,1635638400008,0.00013682
ETHUSDT,1635667200010,0.0001
ETHUSDT,1635696000001,0.00021779
ETHUSDT,1635724800009,0.00024088
ETHUSDT,1635753600014,0.00013798
ETHUSDT,1635782400001,0.00026687
ETHUSDT,1635811200000,0.00020736
ETHUSDT,1635840000007,0.00045079
ETHUSDT,1635868800010,0.00052167
ETHUSDT,1635897600019,0.0001
ETHUSDT,1635926400000,0.00044614
ETHUSDT,1635955200005,0.00025564
ETHUSDT,1635984000006,0.00047967
ETHUSDT,1636012800004,0.0003137
ETHUSDT,1636041600004,0.00028111
ETHUSDT,1636070400000,0.0002238
ETHUSDT,1636099200013,0.00014351
ETHUSDT,1636128000016,0.00033389
ETHUSDT,1636156800010,0.00040376
ETHUSDT,1636185600000,0.00043015
ETHUSDT,1636214400007,0.0001
ETHUSDT,1636243200013,0.00023166
ETHUSDT,1636272000005,0.00018519
ETHUSDT,1636300800004,0.00032259
ETHUSDT,1636329600001,0.00021005
ETHUSDT,1636358400000,0.00028714
ETHUSDT,1636387200000,0.00023
ETHUSDT,1636416000000,0.0001
ETHUSDT,1636444800014,0.0001
ETHUSDT,1636473600001,0.0001
ETHUSDT,1636502400000,0.00021036
ETHUSDT,1636531200003,0.00020446
ETHUSDT,1636560000001,0.00027928
ETHUSDT,1636588800008,0.0001722
ETHUSDT,1636617600012,0.00015754
ETHUSDT,1636646400007,0.0001
ETHUSDT,1636675200000,0.0001
ETHUSDT,1636704000000,0.0001
ETHUSDT,1636732800004,0.0001
ETHUSDT,1636761600000,0.0001
ETHUSDT,1636790400004,0.0001
ETHUSDT,1636819200006,0.0001
ETHUSDT,1636848000010,0.0001
ETHUSDT,1636876800001,0.0001
ETHUSDT,1636905600000,0.0001
ETHUSDT,1636934400008,0.00023003
ETHUSDT,1636963200000,0.0002453
ETHUSDT,1636992000000,0.0001
ETHUSDT,1637020800000,0.00015753
ETHUSDT,1637049600001,0.0001
ETHUSDT,1637078400018,0.0001
ETHUSDT,1637107200005,0.0001
ETHUSDT,1637136000007,0.0001
ETHUSDT,1637164800003,0.0001
ETHUSDT,1637193600017,0.0001
ETHUSDT,1637222400007,0.0001
ETHUSDT,1637251200011,0.0001
ETHUSDT,1637280000000,0.0001
ETHUSDT,1637308800000,0.0001
ETHUSDT,1637337600005,0.0001
ETHUSDT,1637366400012,0.0001
ETHUSDT,1637395200000,0.0001
ETHUSDT,1637424000007,0.0001
ETHUSDT,1637452800000,0.0001
ETHUSDT,1637481600006,0.0001
ETHUSDT,1637510400000,0.0001
ETHUSDT,1637539200004,0.0001
ETHUSDT,1637568000000,0.0001
ETHUSDT,1637596800000,0.0001
ETHUSDT,1637625600004,0.0001
ETHUSDT,1637654400010,0.0001
ETHUSDT,1637683200005,0.0001
ETHUSDT,1637712000001,0.0001
ETHUSDT,1637740800003,0.0001
ETHUSDT,1637769600010,0.0001
ETHUSDT,1637798400000,0.0001
ETHUSDT,1637827200010,0.0001
ETHUSDT,1637856000000,0.00035137
ETHUSDT,1637884800000,0.00026113
ETHUSDT,1637913600000,0.00027132
ETHUSDT,1637942400016,0.0001
ETHUSDT,1637971200005,0.0001
ETHUSDT,1638000000008,0.0001
ETHUSDT,1638028800007,0.0001
ETHUSDT,1638057600018,0.0001
ETHUSDT,1638086400000,0.0001
ETHUSDT,1638115200004,0.0001
ETHUSDT,1638144000002,0.0001
ETHUSDT,1638172800004,0.0001
ETHUSDT,1638201600000,0.0001
ETHUSDT,1638230400000,0.0001
ETHUSDT,1638259200006,0.0001
ETHUSDT,1638288000000,0.00019202
ETHUSDT,1638316800000,0.0001625
ETHUSDT,1638345600000,0.0001
ETHUSDT,1638374400001,0.0001
ETHUSDT,1638403200000,0.0001
ETHUSDT,1638432000007,0.0001
ETHUSDT,1638460800008,0.0001
ETHUSDT,1638489600004,0.00012562
ETHUSDT,1638518400002,0.0001
ETHUSDT,1638547200006,0.0001
ETHUSDT,1638576000006,0.0001
ETHUSDT,1638604800004,0.00006583
ETHUSDT,1638633600000,0.0001
ETHUSDT,1638662400003,0.0001
ETHUSDT,1638691200008,0.0001
ETHUSDT,1638720000007,0.0001
ETHUSDT,1638748800009,0.0001
ETHUSDT,1638777600001,0.0001
ETHUSDT,1638806400000,0.0001
ETHUSDT,1638835200018,0.0001
ETHUSDT,1638864000000,0.0000706
ETHUSDT,1638892800000,0.0001
ETHUSDT,1638921600000,0.0001
ETHUSDT,1638950400018,0.0001
ETHUSDT,1638979200010,0.0001
ETHUSDT,1639008000010,0.0001
ETHUSDT,1639036800000,0.0001
ETHUSDT,1639065600000,0.0001
ETHUSDT,1639094400000,0.0001
ETHUSDT,1639123200008,0.0001
ETHUSDT,1639152000012,-0.00001037
ETHUSDT,1639180800009,0.0001
ETHUSDT,1639209600008,0.0001
ETHUSDT,1639238400000,0.00008719
ETHUSDT,1639267200001,0.0001
ETHUSDT,1639296000015,0.0001
ETHUSDT,1639324800011,0.0001
ETHUSDT,1639353600006,0.0001
ETHUSDT,1639382400019,-0.00005974
ETHUSDT,1639411200000,0.00004163
ETHUSDT,1639440000004,-0.00005267
ETHUSDT,1639468800000,0.0001
ETHUSDT,1639497600015,0.0001
ETHUSDT,1639526400000,0.0001
ETHUSDT,1639555200008,0.0001
ETHUSDT,1639584000005,0.0001
ETHUSDT,1639612800006,0.0001
ETHUSDT,1639641600009,0.0001
ETHUSDT,1639670400000,0.00003234
ETHUSDT,1639699200000,0.0001
ETHUSDT,1639728000005,0.0001
ETHUSDT,1639756800006,0.0001
ETHUSDT,1639785600014,0.0001
ETHUSDT,1639814400012,0.00005422
ETHUSDT,1639843200000,0.0001
ETHUSDT,1639872000031,0.00004353
ETHUSDT,1639900800000,0.0001
ETHUSDT,1639929600003,0.0001
ETHUSDT,1639958400015,0.0001
ETHUSDT,1639987200007,0.0001
ETHUSDT,1640016000005,0.0001
ETHUSDT,1640044800003,0.0001
ETHUSDT,1640073600012,0.0001
ETHUSDT,1640102400005,0.0001
ETHUSDT,1640131200000,0.0001
ETHUSDT,1640160000001,0.0001
ETHUSDT,1640188800006,0.0001
ETHUSDT,1640217600011,0.0001
ETHUSDT,1640246400000,0.0001
ETHUSDT,1640275200000,0.00003383
ETHUSDT,1640304000005,0.0001
ETHUSDT,1640332800000,0.0001
ETHUSDT,1640361600011,0.0001
ETHUSDT,1640390400000,0.0001
ETHUSDT,1640419200001,0.0001
ETHUSDT,1640448000005,0.0001
ETHUSDT,1640476800004,0.0001
ETHUSDT,1640505600002,0.0001
ETHUSDT,1640534400000,0.0001
ETHUSDT,1640563200002,0.0001
ETHUSDT,1640592000005,0.0001
ETHUSDT,1640620800000,0.0001
ETHUSDT,1640649600000,0.0001
ETHUSDT,1640678400012,0.00002254
ETHUSDT,1640707200000,0.00004226
ETHUSDT,1640736000006,0.00008064
ETHUSDT,1640764800003,0.0001
ETHUSDT,1640793600004,0.00006859
ETHUSDT,1640822400003,0.00009232
ETHUSDT,1640851200001,-0.00000764
ETHUSDT,1640880000017,0.0001
ETHUSDT,1640908800006,0.00006849
ETHUSDT,1640937600009,0.00000972
ETHUSDT,1640966400000,0.0001
ETHUSDT,1640995200006,0.0001
ETHUSDT,1641024000009,0.0001
ETHUSDT,1641052800000,0.0001
ETHUSDT,1641081600028,0.00003876
ETHUSDT,1641110400000,0.00002263
ETHUSDT,1641139200000,0.00006714
ETHUSDT,1641168000010,0.00006973
ETHUSDT,1641196800013,0.00005084
ETHUSDT,1641225600018,0.00007394
ETHUSDT,1641254400000,0.0001
ETHUSDT,1641283200010,0.0001
ETHUSDT,1641312000002,0.0001
ETHUSDT,1641340800001,0.0001
ETHUSDT,1641369600017,0.0001
ETHUSDT,1641398400000,0.0001
ETHUSDT,1641427200002,0.00005376
ETHUSDT,1641456000021,0.0001
ETHUSDT,1641484800006,0.00004332
ETHUSDT,1641513600005,0.00001935
ETHUSDT,1641542400000,0.0001
ETHUSDT,1641571200001,0.0001
ETHUSDT,1641600000014,0.0001
ETHUSDT,1641628800013,0.0001
ETHUSDT,1641657600000,0.0001
ETHUSDT,1641686400003,0.0001
ETHUSDT,1641715200000,-0.00007234
ETHUSDT,1641744000000,0.0000547
ETHUSDT,1641772800000,-0.00014593
ETHUSDT,1641801600010,-0.00006361
ETHUSDT,1641830400007,0.00001599
ETHUSDT,1641859200013,0.0001
ETHUSDT,1641888000004,0.00006198
ETHUSDT,1641916800000,0.00002718
ETHUSDT,1641945600012,-0.00006878
ETHUSDT,1641974400015,0.00008036
ETHUSDT,1642003200000,-0.00019812
ETHUSDT,1642032000007,-0.00002315
ETHUSDT,1642060800000,0.0001
ETHUSDT,1642089600014,-0.00001444
ETHUSDT,1642118400000,0.0001
ETHUSDT,1642147200006,0.0001
ETHUSDT,1642176000014,-0.00001294
ETHUSDT,1642204800000,0.00009632
ETHUSDT,1642233600002,0.0001
ETHUSDT,1642262400000,0.0001
ETHUSDT,1642291200000,0.00002224
ETHUSDT,1642320000017,0.00009785
ETHUSDT,1642348800011,0.00008585
ETHUSDT,1642377600005,0.00002683
ETHUSDT,1642406400006,0.0000425
ETHUSDT,1642435200012,-0.00005944
ETHUSDT,1642464000020,0.00007549
ETHUSDT,1642492800000,0.00003626
ETHUSDT,1642521600013,0.0001
ETHUSDT,1642550400001,0.0001
ETHUSDT,1642579200000,-0.0000172
ETHUSDT,1642608000000,0.0001
ETHUSDT,1642636800015,0.0001
ETHUSDT,1642665600000,0.0001
ETHUSDT,1642694400000,0.0001
ETHUSDT,1642723200007,-0.00000805
ETHUSDT,1642752000015,-0.00005915
ETHUSDT,1642780800000,0.00008447
ETHUSDT,1642809600017,0.00007145
ETHUSDT,1642838400003,0.0001
ETHUSDT,1642867200021,0.00009327
ETHUSDT,1642896000026,0.0001
ETHUSDT,1642924800010,-0.00005208
ETHUSDT,1642953600009,-0.0001332
ETHUSDT,1642982400010,0.0001
ETHUSDT,1643011200000,-0.00011775
ETHUSDT,1643040000021,0.0001
ETHUSDT,1643068800000,0.00001695
ETHUSDT,1643097600000,0.00005831
ETHUSDT,1643126400012,-0.0000788
ETHUSDT,1643155200000,-0.00004048
ETHUSDT,1643184000001,-0.00007941
ETHUSDT,1643212800005,-0.00020069
ETHUSDT,1643241600004,-0.00008756
ETHUSDT,1643270400004,0.00002801
ETHUSDT,1643299200019,-0.00014218
ETHUSDT,1643328000000,-0.00008132
ETHUSDT,1643356800000,-0.00000297
ETHUSDT,1643385600025,-0.00008379
ETHUSDT,1643414400017,-0.0000085
ETHUSDT,1643443200000,0.0001
ETHUSDT,1643472000013,-0.00000997
ETHUSDT,1643500800025,0.00002848
ETHUSDT,1643529600009,-0.00006536
ETHUSDT,1643558400000,0.00002989
ETHUSDT,1643587200000,0.00005139
ETHUSDT,1643616000000,-0.00010687
ETHUSDT,1643644800000,-0.00001151
ETHUSDT,1643673600010,0.0001
ETHUSDT,1643702400000,-0.00010276
ETHUSDT,1643731200004,-0.00020797
ETHUSDT,1643760000004,-0.00006256
ETHUSDT,1643788800000,-0.00000017
ETHUSDT,1643817600002,0.00000407
ETHUSDT,1643846400002,-0.00038034
ETHUSDT,1643875200000,-0.0000585
ETHUSDT,1643904000000,-0.00007881
ETHUSDT,1643932800018,0.0001
ETHUSDT,1643961600005,0.00008786
ETHUSDT,1643990400010,0.0001
ETHUSDT,1644019200014,0.0001
ETHUSDT,1644048000000,0.00007456
ETHUSDT,1644076800000,0.00004351
ETHUSDT,1644105600000,0.0001
ETHUSDT,1644134400000,0.0001
ETHUSDT,1644163200000,0.0001
ETHUSDT,1644192000003,-0.00000725
ETHUSDT,1644220800014,0.0000815
ETHUSDT,1644249600003,0.00001491
ETHUSDT,1644278400001,0.0001
ETHUSDT,1644307200003,0.0000162
ETHUSDT,1644336000002,0.00007718
ETHUSDT,1644364800000,0.0001
ETHUSDT,1644393600005,-0.00000162
ETHUSDT,1644422400001,0.00007116
ETHUSDT,1644451200012,-0.00002777
ETHUSDT,1644480000000,-0.00003259
ETHUSDT,1644508800006,0.00001908
ETHUSDT,1644537600000,-0.00011327
ETHUSDT,1644566400009,0.0001
ETHUSDT,1644595200015,-0.00004783
ETHUSDT,1644624000020,0.0001
ETHUSDT,1644652800001,0.0001
ETHUSDT,1644681600007,0.0001
ETHUSDT,1644710400022,0.00001665
ETHUSDT,1644739200001,0.00006235
ETHUSDT,1644768000007,-0.00002875
ETHUSDT,1644796800005,0.00009155
ETHUSDT,1644825600013,0.00006358
ETHUSDT,1644854400019,0.0001
ETHUSDT,1644883200012,0.00007379
ETHUSDT,1644912000005,0.00004572
ETHUSDT,1644940800011,-0.00005099
ETHUSDT,1644969600009,0.0001
ETHUSDT,1644998400001,0.0001
ETHUSDT,1645027200014,0.0001
ETHUSDT,1645056000018,0.0001
ETHUSDT,1645084800000,0.00001611
ETHUSDT,1645113600010,0.00004771
ETHUSDT,1645142400000,-0.00003865
ETHUSDT,1645171200002,-0.00009187
ETHUSDT,1645200000000,0.00003508
ETHUSDT,1645228800007,0.0001
ETHUSDT,1645257600000,0.00007039
ETHUSDT,1645286400023,0.00004883
ETHUSDT,1645315200001,-0.00003349
ETHUSDT,1645344000003,0.00005414
ETHUSDT,1645372800001,0.00003264
ETHUSDT,1645401600000,0.00007012
ETHUSDT,1645430400001,-0.00014003
ETHUSDT,1645459200005,0.00007007
ETHUSDT,1645488000005,0.00000865
ETHUSDT,1645516800000,-0.0000363
ETHUSDT,1645545600000,0.00005962
ETHUSDT,1645574400002,0.00009188
ETHUSDT,1645603200005,-0.00003926
ETHUSDT,1645632000010,-0.00003644
ETHUSDT,1645660800008,-0.00001113
ETHUSDT,1645689600003,-0.0000356
ETHUSDT,1645718400001,-0.0000614
ETHUSDT,1645747200000,0.0001
ETHUSDT,1645776000006,0.0001
ETHUSDT,1645804800001,0.0001
ETHUSDT,1645833600004,0.0001
ETHUSDT,1645862400004,0.0001
ETHUSDT,1645891200007,0.0001
ETHUSDT,1645920000012,0.0001
ETHUSDT,1645948800000,0.00000507
ETHUSDT,1645977600000,0.0001
ETHUSDT,1646006400000,-0.00015064
ETHUSDT,1646035200001,-0.0000902
ETHUSDT,1646064000002,0.00005573
ETHUSDT,1646092800002,0.0001
ETHUSDT,1646121600001,0.0001
ETHUSDT,1646150400000,0.0001
ETHUSDT,1646179200000,0.0001
ETHUSDT,1646208000000,0.0001
ETHUSDT,1646236800002,0.0001
ETHUSDT,1646265600000,0.0001
ETHUSDT,1646294400000,0.0001
ETHUSDT,1646323200005,0.0001
ETHUSDT,1646352000018,0.0001
ETHUSDT,1646380800000,0.0001
ETHUSDT,1646409600000,0.0001
ETHUSDT,1646438400006,0.00005192
ETHUSDT,1646467200004,0.0000152
ETHUSDT,1646496000000,0.00003064
ETHUSDT,1646524800004,-0.00008875
ETHUSDT,1646553600000,0.00005669
ETHUSDT,1646582400013,0.000075
ETHUSDT,1646611200008,0.00003909
ETHUSDT,1646640000006,-0.00001
ETHUSDT,1646668800000,0.00008669
ETHUSDT,1646697600008,-0.00010024
ETHUSDT,1646726400002,0.0001
ETHUSDT,1646755200000,0.0001
ETHUSDT,1646784000008,0.00006224
ETHUSDT,1646812800000,0.0001
ETHUSDT,1646841600004,0.0001
ETHUSDT,1646870400000,0.0001
ETHUSDT,1646899200017,0.0000556
ETHUSDT,1646928000000,-0.00003951
ETHUSDT,1646956800008,0.00002542
ETHUSDT,1646985600000,-0.0000591
ETHUSDT,1647014400001,0.00008211
ETHUSDT,1647043200010,0.0001
ETHUSDT,1647072000001,0.00005025
ETHUSDT,1647100800002,0.00006255
ETHUSDT,1647129600008,0.00002116
ETHUSDT,1647158400000,0.0001
ETHUSDT,1647187200002,-0.00002698
ETHUSDT,1647216000014,-0.00010352
ETHUSDT,1647244800005,0.0001
ETHUSDT,1647273600002,0.0001
ETHUSDT,1647302400008,0.0001
ETHUSDT,1647331200000,-0.00000321
ETHUSDT,1647360000006,-0.00004856
ETHUSDT,1647388800013,0.0001
ETHUSDT,1647417600000,0.00009131
ETHUSDT,1647446400008,0.00005316
ETHUSDT,1647475200004,0.0001
ETHUSDT,1647504000000,0.0001
ETHUSDT,1647532800004,0.0001
ETHUSDT,1647561600000,0.0001
ETHUSDT,1647590400000,0.00004709
ETHUSDT,1647619200017,0.00005917
ETHUSDT,1647648000008,0.0001
ETHUSDT,1647676800015,0.0001
ETHUSDT,1647705600000,0.0001
ETHUSDT,1647734400000,0.0001
ETHUSDT,1647763200001,0.0001
ETHUSDT,1647792000002,0.0001
ETHUSDT,1647820800013,0.0001
ETHUSDT,1647849600004,0.0001
ETHUSDT,1647878400010,0.0001
ETHUSDT,1647907200012,0.0001
ETHUSDT,1647936000001,0.0001
ETHUSDT,1647964800022,0.0001
ETHUSDT,1647993600007,0.0001
ETHUSDT,1648022400000,0.00008504
ETHUSDT,1648051200006,-0.00003582
ETHUSDT,1648080000013,-0.00001813
ETHUSDT,1648108800006,0.0001
ETHUSDT,1648137600020,0.0001
ETHUSDT,1648166400010,0.0001
ETHUSDT,1648195200001,0.0001
ETHUSDT,1648224000014,0.0001
ETHUSDT,1648252800020,0.0001
ETHUSDT,1648281600006,0.00004979
ETHUSDT,1648310400000,0.0001
ETHUSDT,1648339200004,0.00007576
ETHUSDT,1648368000001,0.00000727
ETHUSDT,1648396800006,-0.00001708
ETHUSDT,1648425600012,0.0001
ETHUSDT,1648454400007,0.0001
ETHUSDT,1648483200000,0.0001
ETHUSDT,1648512000000,0.0001
ETHUSDT,1648540800015,0.0001
ETHUSDT,1648569600000,0.00008269
ETHUSDT,1648598400000,0.0001
ETHUSDT,1648627200002,0.0001
ETHUSDT,1648656000028,0.0001
ETHUSDT,1648684800017,0.0001
ETHUSDT,1648713600000,0.0001
ETHUSDT,1648742400015,0.0001
ETHUSDT,1648771200000,0.0001
ETHUSDT,1648800000000,0.0001
ETHUSDT,1648828800018,0.0001
ETHUSDT,1648857600000,0.0001
ETHUSDT,1648886400002,0.0001
ETHUSDT,1648915200006,0.0001
ETHUSDT,1648944000018,0.0001
ETHUSDT,1648972800018,0.0001
ETHUSDT,1649001600015,0.0001
ETHUSDT,1649030400006,0.0001
ETHUSDT,1649059200000,0.00002896
ETHUSDT,1649088000016,0.0001
ETHUSDT,1649116800000,0.0001
ETHUSDT,1649145600010,0.0001
ETHUSDT,1649174400008,0.00007974
ETHUSDT,1649203200001,0.0000947
ETHUSDT,1649232000021,-0.00014471
ETHUSDT,1649260800000,0.00006028
ETHUSDT,1649289600009,0.00008854
ETHUSDT,1649318400000,-0.00009945
ETHUSDT,1649347200000,0.00004585
ETHUSDT,1649376000000,-0.00009963
ETHUSDT,1649404800004,-0.00003214
ETHUSDT,1649433600008,0.0001
ETHUSDT,1649462400008,0.0001
ETHUSDT,1649491200000,0.0001
ETHUSDT,1649520000001,0.0001
ETHUSDT,1649548800004,0.0001
ETHUSDT,1649577600007,0.0001
ETHUSDT,1649606400016,0.0000598
ETHUSDT,1649635200000,0.00004676
ETHUSDT,1649664000000,0.0001
ETHUSDT,1649692800009,0.0001
ETHUSDT,1649721600000,-0.00003306
ETHUSDT,1649750400006,-0.00004036
ETHUSDT,1649779200013,-0.00016064
ETHUSDT,1649808000005,-0.00002262
ETHUSDT,1649836800008,-0.00016876
ETHUSDT,1649865600013,0.00003222
ETHUSDT,1649894400007,-0.000022
ETHUSDT,1649923200000,0.00005593
ETHUSDT,1649952000006,-0.00003051
ETHUSDT,1649980800008,-0.00012221
ETHUSDT,1650009600002,-0.00003677
ETHUSDT,1650038400000,-0.00000334
ETHUSDT,1650067200011,-0.000029
ETHUSDT,1650096000007,-0.00012314
ETHUSDT,1650124800007,-0.00003323
ETHUSDT,1650153600000,0.0000248
ETHUSDT,1650182400004,-0.00006458
ETHUSDT,1650211200000,0.00002937
ETHUSDT,1650240000008,-0.00005257
ETHUSDT,1650268800012,-0.0000441
ETHUSDT,1650297600000,-0.00013169
ETHUSDT,1650326400021,0.00008478
ETHUSDT,1650355200031,0.00003976
ETHUSDT,1650384000000,0.00002251
ETHUSDT,1650412800025,0.0001
ETHUSDT,1650441600003,0.00006595
ETHUSDT,1650470400000,-0.00000105
ETHUSDT,1650499200000,-0.00009577
ETHUSDT,1650528000000,-0.00012991
ETHUSDT,1650556800024,-0.00000956
ETHUSDT,1650585600008,-0.00011914
ETHUSDT,1650614400008,-0.00017158
ETHUSDT,1650643200008,-0.00002649
ETHUSDT,1650672000000,0.00003778
ETHUSDT,1650700800000,-0.00010115
ETHUSDT,1650729600012,-0.00008574
ETHUSDT,1650758400004,-0.00009091
ETHUSDT,1650787200003,-0.00005652
ETHUSDT,1650816000000,0.00000341
ETHUSDT,1650844800008,0.00000321
ETHUSDT,1650873600018,-0.00008588
ETHUSDT,1650902400000,-0.00024996
ETHUSDT,1650931200014,0.0001
ETHUSDT,1650960000000,0.0001
ETHUSDT,1650988800017,0.00004991
ETHUSDT,1651017600012,-0.00014242
ETHUSDT,1651046400000,-0.0002569
ETHUSDT,1651075200002,0.00002591
ETHUSDT,1651104000000,-0.00001675
ETHUSDT,1651132800004,-0.00005776
ETHUSDT,1651161600030,0.0001
ETHUSDT,1651190400000,0.0001
ETHUSDT,1651219200016,0.0001
ETHUSDT,1651248000010,0.00004578
ETHUSDT,1651276800000,-0.00008896
ETHUSDT,1651305600005,-0.00005202
ETHUSDT,1651334400015,-0.00005736
ETHUSDT,1651363200000,-0.00007153
ETHUSDT,1651392000000,-0.00016213
ETHUSDT,1651420800010,-0.00004432
ETHUSDT,1651449600018,0.0000492
ETHUSDT,1651478400007,-0.00007704
ETHUSDT,1651507200000,-0.00000236
ETHUSDT,1651536000006,0.00008762
ETHUSDT,1651564800000,0.00006446
ETHUSDT,1651593600021,0.00008725
ETHUSDT,1651622400007,0.00009221
ETHUSDT,1651651200011,0.0001
ETHUSDT,1651680000000,0.0001
ETHUSDT,1651708800005,0.0001
ETHUSDT,1651737600019,0.0001
ETHUSDT,1651766400005,0.0001
ETHUSDT,1651795200005,-0.00005032
ETHUSDT,1651824000001,-0.0000464
ETHUSDT,1651852800010,-0.00000246
ETHUSDT,1651881600004,0.00005836
ETHUSDT,1651910400016,0.0001
ETHUSDT,1651939200011,0.00007282
ETHUSDT,1651968000000,0.00009867
ETHUSDT,1651996800007,0.0001
ETHUSDT,1652025600015,0.0001
ETHUSDT,1652054400000,0.0001
ETHUSDT,1652083200001,0.00009424
ETHUSDT,1652112000000,0.00009769
ETHUSDT,1652140800000,0.00009833
ETHUSDT,1652169600007,0.00006098
ETHUSDT,1652198400008,0.0001
ETHUSDT,1652227200004,0.00007598
ETHUSDT,1652256000007,0.0001
ETHUSDT,1652284800008,0.00007639
ETHUSDT,1652313600014,-0.00018602
ETHUSDT,1652342400000,-0.00079682
ETHUSDT,1652371200007,-0.00028645
ETHUSDT,1652400000014,-0.00009107
ETHUSDT,1652428800001,-0.00016008
ETHUSDT,1652457600000,-0.00002742
ETHUSDT,1652486400000,0.00005029
ETHUSDT,1652515200000,0.00009124
ETHUSDT,1652544000001,0.00006884
ETHUSDT,1652572800000,0.0001
ETHUSDT,1652601600000,0.00007136
ETHUSDT,1652630400000,0.00007168
ETHUSDT,1652659200021,0.0001
ETHUSDT,1652688000013,0.0001
ETHUSDT,1652716800006,-0.00000334
ETHUSDT,1652745600000,0.00001965
ETHUSDT,1652774400010,-0.00010278
ETHUSDT,1652803200023,0.00000848
ETHUSDT,1652832000003,0.00007107
ETHUSDT,1652860800024,-0.00001537
ETHUSDT,1652889600014,-0.00007218
ETHUSDT,1652918400000,-0.00005373
ETHUSDT,1652947200008,0.0000049
ETHUSDT,1652976000015,0.00003757
ETHUSDT,1653004800001,0.0001
ETHUSDT,1653033600003,0.0001
ETHUSDT,1653062400012,0.00006647
ETHUSDT,1653091200008,0.00009991
ETHUSDT,1653120000001,-0.00002669
ETHUSDT,1653148800007,-0.0000036
ETHUSDT,1653177600003,0.00004308
ETHUSDT,1653206400016,0.00005296
ETHUSDT,1653235200000,0.0001
ETHUSDT,1653264000011,0.0001
ETHUSDT,1653292800000,0.0001
ETHUSDT,1653321600023,0.0001
ETHUSDT,1653350400011,-0.0000786
ETHUSDT,1653379200000,-0.00004871
ETHUSDT,1653408000009,-0.0000404
ETHUSDT,1653436800001,0.00001228
ETHUSDT,1653465600000,0.0001
ETHUSDT,1653494400015,0.00006424
ETHUSDT,1653523200005,0.0001
ETHUSDT,1653552000001,0.00003287
ETHUSDT,1653580800000,-0.00014343
ETHUSDT,1653609600007,0.0001
ETHUSDT,1653638400008,-0.00000153
ETHUSDT,1653667200000,0.0000535
ETHUSDT,1653696000018,0.0001
ETHUSDT,1653724800016,0.00006376
ETHUSDT,1653753600013,0.00003132
ETHUSDT,1653782400000,0.0001
ETHUSDT,1653811200025,0.00001764
ETHUSDT,1653840000002,0.0000183
ETHUSDT,1653868800000,0.00006492
ETHUSDT,1653897600013,0.00001622
ETHUSDT,1653926400005,0.0001
ETHUSDT,1653955200016,0.00007761
ETHUSDT,1653984000000,0.0001
ETHUSDT,1654012800000,0.0001
ETHUSDT,1654041600000,0.0001
ETHUSDT,1654070400011,0.0001
ETHUSDT,1654099200000,0.0001
ETHUSDT,1654128000000,-0.00008505
ETHUSDT,1654156800006,0.00004628
ETHUSDT,1654185600021,0.00003599
ETHUSDT,1654214400016,0.00005262
ETHUSDT,1654243200016,0.0001
ETHUSDT,1654272000012,0.00002737
ETHUSDT,1654300800005,0.0001
ETHUSDT,1654329600000,0.0001
ETHUSDT,1654358400007,0.00003
ETHUSDT,1654387200005,0.00003407
ETHUSDT,1654416000015,0.00005246
ETHUSDT,1654444800000,0.00005865
ETHUSDT,1654473600000,0.0001
ETHUSDT,1654502400017,0.00009597
ETHUSDT,1654531200000,0.0001
ETHUSDT,1654560000000,0.0001
ETHUSDT,1654588800011,-0.00003071
ETHUSDT,1654617600000,0.00001156
ETHUSDT,1654646400008,0.0001
ETHUSDT,1654675200020,0.00007041
ETHUSDT,1654704000012,0.0001
ETHUSDT,1654732800000,0.0001
ETHUSDT,1654761600000,0.00005421
ETHUSDT,1654790400000,0.0001
ETHUSDT,1654819200009,0.0001
ETHUSDT,1654848000000,0.0001
ETHUSDT,1654876800006,-0.00010846
ETHUSDT,1654905600018,-0.00013495
ETHUSDT,1654934400014,-0.00018605
ETHUSDT,1654963200000,-0.0000929
ETHUSDT,1654992000015,-0.00006025
ETHUSDT,1655020800019,-0.00009914
ETHUSDT,1655049600010,-0.00006827
ETHUSDT,1655078400009,0.00001579
ETHUSDT,1655107200000,-0.00000219
ETHUSDT,1655136000007,-0.00005144
ETHUSDT,1655164800013,-0.00004066
ETHUSDT,1655193600008,-0.00005061
ETHUSDT,1655222400006,-0.00002999
ETHUSDT,1655251200000,-0.0000537
ETHUSDT,1655280000016,-0.0001643
ETHUSDT,1655308800008,-0.00000952
ETHUSDT,1655337600009,-0.00001444
ETHUSDT,1655366400016,0.00006616
ETHUSDT,1655395200000,-0.00010424
ETHUSDT,1655424000008,-0.00012406
ETHUSDT,1655452800003,-0.00005634
ETHUSDT,1655481600000,-0.00014982
ETHUSDT,1655510400020,-0.00007277
ETHUSDT,1655539200025,-0.00029164
ETHUSDT,1655568000014,-0.00007606
ETHUSDT,1655596800012,-0.00018722
ETHUSDT,1655625600012,-0.0001769
ETHUSDT,1655654400008,0.0001
ETHUSDT,1655683200016,0.0001
ETHUSDT,1655712000000,-0.00002176
ETHUSDT,1655740800013,0.00008444
ETHUSDT,1655769600012,0.00006015
ETHUSDT,1655798400018,0.00004698
ETHUSDT,1655827200010,0.0000533
ETHUSDT,1655856000000,-0.0000489
ETHUSDT,1655884800001,-0.00002551
ETHUSDT,1655913600012,-0.00008679
ETHUSDT,1655942400000,-0.00004408
ETHUSDT,1655971200000,-0.00006496
ETHUSDT,1656000000016,-0.00010151
ETHUSDT,1656028800005,0.00004046
ETHUSDT,1656057600004,0.00008003
ETHUSDT,1656086400018,0.0001
ETHUSDT,1656115200001,-0.00003928
ETHUSDT,1656144000010,0.00003156
ETHUSDT,1656172800000,0.00000642
ETHUSDT,1656201600002,0.0001
ETHUSDT,1656230400016,0.00002837
ETHUSDT,1656259200006,-0.00008522
ETHUSDT,1656288000008,-0.00010252
ETHUSDT,1656316800000,-0.00004323
ETHUSDT,1656345600016,-0.00003606
ETHUSDT,1656374400016,0.00000902
ETHUSDT,1656403200001,-0.00002707
ETHUSDT,1656432000005,0.00006622
ETHUSDT,1656460800000,0.00003172
ETHUSDT,1656489600013,0.00001728
ETHUSDT,1656518400000,0.00001147
ETHUSDT,1656547200000,0.00003467
ETHUSDT,1656576000000,-0.00006766
ETHUSDT,1656604800000,-0.00021692
ETHUSDT,1656633600001,-0.00013323
ETHUSDT,1656662400017,0.00004122
ETHUSDT,1656691200005,-0.00009037
ETHUSDT,1656720000000,-0.0000045
ETHUSDT,1656748800000,-0.00004376
ETHUSDT,1656777600008,-0.00004429
ETHUSDT,1656806400015,0.00008102
ETHUSDT,1656835200004,0.00002344
ETHUSDT,1656864000005,-0.00009636
ETHUSDT,1656892800021,0.00008487
ETHUSDT,1656921600001,-0.00014236
ETHUSDT,1656950400000,0.00006349
ETHUSDT,1656979200000,0.00000823
ETHUSDT,1657008000000,0.00001762
ETHUSDT,1657036800015,0.0000428
ETHUSDT,1657065600006,0.0001
ETHUSDT,1657094400000,0.0001
ETHUSDT,1657123200000,0.00004373
ETHUSDT,1657152000010,0.0001
ETHUSDT,1657180800010,0.0001
ETHUSDT,1657209600011,0.00006891
ETHUSDT,1657238400008,0.0001
ETHUSDT,1657267200009,0.0001
ETHUSDT,1657296000000,0.00005505
ETHUSDT,1657324800000,0.00005118
ETHUSDT,1657353600000,0.00002685
ETHUSDT,1657382400009,0.00003206
ETHUSDT,1657411200001,0.00004544
ETHUSDT,1657440000002,0.0001
ETHUSDT,1657468800001,0.00006604
ETHUSDT,1657497600000,0.00001102
ETHUSDT,1657526400003,0.00004204
ETHUSDT,1657555200001,0.00005881
ETHUSDT,1657584000000,0.00006653
ETHUSDT,1657612800021,-0.00002208
ETHUSDT,1657641600000,-0.00010622
ETHUSDT,1657670400012,-0.00017917
ETHUSDT,1657699200022,-0.00019746
ETHUSDT,1657728000005,-0.00012686
ETHUSDT,1657756800017,-0.00012921
ETHUSDT,1657785600001,0.00001264
ETHUSDT,1657814400000,-0.00005017
ETHUSDT,1657843200004,0.0001
ETHUSDT,1657872000019,0.00004667
ETHUSDT,1657900800017,-0.00000453
ETHUSDT,1657929600021,0.00005458
ETHUSDT,1657958400014,0.00007053
ETHUSDT,1657987200005,0.00003638
ETHUSDT,1658016000000,0.0001
ETHUSDT,1658044800003,0.00000008
ETHUSDT,1658073600007,-0.00000639
ETHUSDT,1658102400001,-0.00002025
ETHUSDT,1658131200004,-0.00000857
ETHUSDT,1658160000019,0.0000725
ETHUSDT,1658188800000,0.0001
ETHUSDT,1658217600000,0.0001
ETHUSDT,1658246400001,0.00004242
ETHUSDT,1658275200004,0.00005437
ETHUSDT,1658304000000,-0.00004179
ETHUSDT,1658332800003,0.00002871
ETHUSDT,1658361600000,0.0001
ETHUSDT,1658390400018,0.0001
ETHUSDT,1658419200011,0.0001
ETHUSDT,1658448000014,0.0001
ETHUSDT,1658476800000,0.0001
ETHUSDT,1658505600000,0.00009317
ETHUSDT,1658534400004,0.00005463
ETHUSDT,1658563200002,0.00006541
ETHUSDT,1658592000001,0.0001
ETHUSDT,1658620800000,0.0001
ETHUSDT,1658649600011,0.0001
ETHUSDT,1658678400000,0.0001
ETHUSDT,1658707200000,0.0001
ETHUSDT,1658736000014,-0.00001134
ETHUSDT,1658764800006,0.00007434
ETHUSDT,1658793600010,0.0000669
ETHUSDT,1658822400000,0.00007151
ETHUSDT,1658851200000,0.0001
ETHUSDT,1658880000008,0.00000741
ETHUSDT,1658908800000,0.00008204
ETHUSDT,1658937600003,0.00003325
ETHUSDT,1658966400009,0.0001
ETHUSDT,1658995200008,0.0001
ETHUSDT,1659024000013,0.0001
ETHUSDT,1659052800000,0.0001
ETHUSDT,1659081600000,0.0001
ETHUSDT,1659110400000,0.0001
ETHUSDT,1659139200005,0.0001
ETHUSDT,1659168000009,0.0001
ETHUSDT,1659196800000,0.00005049
ETHUSDT,1659225600022,0.00004431
ETHUSDT,1659254400011,0.0001
ETHUSDT,1659283200019,0.00005528
ETHUSDT,1659312000010,0.00009823
ETHUSDT,1659340800019,0.0001
ETHUSDT,1659369600017,0.00006285
ETHUSDT,1659398400000,0.0001
ETHUSDT,1659427200007,0.00001617
ETHUSDT,1659456000014,0.00001593
ETHUSDT,1659484800001,0.00006888
ETHUSDT,1659513600020,0.00000368
ETHUSDT,1659542400008,-0.00003047
ETHUSDT,1659571200001,0.00001183
ETHUSDT,1659600000009,0.00007702
ETHUSDT,1659628800015,0.00007119
ETHUSDT,1659657600005,0.00007649
ETHUSDT,1659686400000,0.0001
ETHUSDT,1659715200000,0.0001
ETHUSDT,1659744000021,0.0001
ETHUSDT,1659772800000,0.0001
ETHUSDT,1659801600015,0.0001
ETHUSDT,1659830400013,0.0001
ETHUSDT,1659859200000,-0.00002278
ETHUSDT,1659888000014,0.00002801
ETHUSDT,1659916800009,-0.0000133
ETHUSDT,1659945600006,0.00002805
ETHUSDT,1659974400000,0.0001
ETHUSDT,1660003200020,0.00005993
ETHUSDT,1660032000000,-0.00000321
ETHUSDT,1660060800000,-0.00014349
ETHUSDT,1660089600000,-0.00010375
ETHUSDT,1660118400016,-0.00003238
ETHUSDT,1660147200018,0.0001
ETHUSDT,1660176000012,0.0001
ETHUSDT,1660204800000,0.00004392
ETHUSDT,1660233600000,0.00001783
ETHUSDT,1660262400006,0.00002566
ETHUSDT,1660291200000,0.00005216
ETHUSDT,1660320000005,0.00008336
ETHUSDT,1660348800012,0.00007636
ETHUSDT,1660377600006,0.00004086
ETHUSDT,1660406400018,0.00002735
ETHUSDT,1660435200000,0.00003144
ETHUSDT,1660464000000,0.00008292
ETHUSDT,1660492800000,0.00000219
ETHUSDT,1660521600010,-0.00006757
ETHUSDT,1660550400002,0.00003991
ETHUSDT,1660579200010,-0.00004854
ETHUSDT,1660608000010,-0.00006945
ETHUSDT,1660636800002,0.00003333
ETHUSDT,1660665600000,0.00003842
ETHUSDT,1660694400020,0.00005927
ETHUSDT,1660723200016,0.00006626
ETHUSDT,1660752000001,0.00004034
ETHUSDT,1660780800005,0.00002314
ETHUSDT,1660809600012,0.00009463
ETHUSDT,1660838400013,0.00003449
ETHUSDT,1660867200000,0.00005275
ETHUSDT,1660896000000,0.0001
ETHUSDT,1660924800009,0.00001435
ETHUSDT,1660953600000,0.00004557
ETHUSDT,1660982400005,-0.00003743
ETHUSDT,1661011200000,0.00000991
ETHUSDT,1661040000010,-0.00001408
ETHUSDT,1661068800013,0.00001912
ETHUSDT,1661097600000,-0.00005859
ETHUSDT,1661126400011,-0.00005605
ETHUSDT,1661155200005,0.00006886
ETHUSDT,1661184000005,0.00007481
ETHUSDT,1661212800000,0.00006559
ETHUSDT,1661241600021,-0.000018
ETHUSDT,1661270400005,-0.00009315
ETHUSDT,1661299200017,-0.00008879
ETHUSDT,1661328000021,-0.00002313
ETHUSDT,1661356800000,0.00000538
ETHUSDT,1661385600003,-0.00009281
ETHUSDT,1661414400000,-0.00001814
ETHUSDT,1661443200004,0.00002635
ETHUSDT,1661472000001,0.00004613
ETHUSDT,1661500800004,0.0000249
ETHUSDT,1661529600000,0.00008902
ETHUSDT,1661558400010,-0.0002075
ETHUSDT,1661587200007,-0.00007754
ETHUSDT,1661616000008,-0.000272
ETHUSDT,1661644800019,-0.0002537
ETHUSDT,1661673600000,-0.0002688
ETHUSDT,1661702400000,0.00001893
ETHUSDT,1661731200000,-0.00024797
ETHUSDT,1661760000000,-0.00017053
ETHUSDT,1661788800001,-0.00006657
ETHUSDT,1661817600001,-0.00009478
ETHUSDT,1661846400005,-0.00006689
ETHUSDT,1661875200010,-0.00005782
ETHUSDT,1661904000000,-0.00011151
ETHUSDT,1661932800005,-0.00000025
ETHUSDT,1661961600013,0.00007105
ETHUSDT,1661990400012,-0.00001273
ETHUSDT,1662019200000,0.00000918
ETHUSDT,1662048000013,-0.00007998
ETHUSDT,1662076800002,0.00005469
ETHUSDT,1662105600013,0.00003291
ETHUSDT,1662134400000,-0.0000184
ETHUSDT,1662163200000,-0.00012553
ETHUSDT,1662192000002,-0.00010187
ETHUSDT,1662220800007,-0.00009441
ETHUSDT,1662249600008,0.00001789
ETHUSDT,1662278400009,-0.00004425
ETHUSDT,1662307200000,-0.00009236
ETHUSDT,1662336000015,0.00000877
ETHUSDT,1662364800013,-0.00010286
ETHUSDT,1662393600007,-0.0000501
ETHUSDT,1662422400018,-0.00016568
ETHUSDT,1662451200020,-0.00013291
ETHUSDT,1662480000028,-0.00002352
ETHUSDT,1662508800013,-0.0001677
ETHUSDT,1662537600022,-0.00027449
ETHUSDT,1662566400021,-0.00018414
ETHUSDT,1662595200010,0.00001215
ETHUSDT,1662624000000,-0.0000124
ETHUSDT,1662652800003,-0.00006039
ETHUSDT,1662681600011,-0.0000828
ETHUSDT,1662710400000,-0.00003837
ETHUSDT,1662739200000,-0.00012468
ETHUSDT,1662768000003,-0.00007115
ETHUSDT,1662796800000,-0.00020439
ETHUSDT,1662825600012,-0.00014116
ETHUSDT,1662854400009,-0.00011556
ETHUSDT,1662883200012,-0.00016606
ETHUSDT,1662912000005,-0.00031696
ETHUSDT,1662940800007,-0.00034442
ETHUSDT,1662969600013,-0.0002761
ETHUSDT,1662998400000,-0.00038902
ETHUSDT,1663027200004,-0.00028397
ETHUSDT,1663056000000,-0.00047985
ETHUSDT,1663084800000,-0.0004662
ETHUSDT,1663113600000,-0.00111142
ETHUSDT,1663142400000,-0.00182506
ETHUSDT,1663171200000,-0.00172134
ETHUSDT,1663200000019,-0.00301937
ETHUSDT,1663228800012,-0.00216987
ETHUSDT,1663257600007,-0.00010393
ETHUSDT,1663286400000,-0.00000776
ETHUSDT,1663315200000,-0.00000235
ETHUSDT,1663344000000,0.0001
ETHUSDT,1663372800000,0.000074
ETHUSDT,1663401600012,0.00007913
ETHUSDT,1663430400017,0.00004111
ETHUSDT,1663459200000,0.00000841
ETHUSDT,1663488000004,0.00008234
ETHUSDT,1663516800000,0.00006342
ETHUSDT,1663545600018,-0.00010281
ETHUSDT,1663574400006,-0.00000491
ETHUSDT,1663603200010,-0.00009737
ETHUSDT,1663632000007,-0.00010865
ETHUSDT,1663660800001,-0.00012011
ETHUSDT,1663689600000,0.00000277
ETHUSDT,1663718400001,-0.00003849
ETHUSDT,1663747200005,-0.00002285
ETHUSDT,1663776000000,-0.00007656
ETHUSDT,1663804800000,-0.00024234
ETHUSDT,1663833600000,-0.00023437
ETHUSDT,1663862400011,-0.00013047
ETHUSDT,1663891200023,-0.00001456
ETHUSDT,1663920000004,-0.00004759
ETHUSDT,1663948800005,-0.00005042
ETHUSDT,1663977600000,0.00001491
ETHUSDT,1664006400005,0.00004468
ETHUSDT,1664035200000,-0.00008115
ETHUSDT,1664064000010,0.00000122
ETHUSDT,1664092800000,-0.00004292
ETHUSDT,1664121600003,0.00000449
ETHUSDT,1664150400001,0.00000423
ETHUSDT,1664179200006,0.0001
ETHUSDT,1664208000000,-0.00001379
ETHUSDT,1664236800026,0.00002194
ETHUSDT,1664265600004,0.00001777
ETHUSDT,1664294400006,0.00001303
ETHUSDT,1664323200011,-0.00001018
ETHUSDT,1664352000000,-0.00002348
ETHUSDT,1664380800000,-0.00007573
ETHUSDT,1664409600010,0.00006004
ETHUSDT,1664438400000,0.0001
ETHUSDT,1664467200000,0.00002149
ETHUSDT,1664496000006,0.0000117
ETHUSDT,1664524800002,0.00007176
ETHUSDT,1664553600007,0.0001
ETHUSDT,1664582400008,0.00008185
ETHUSDT,1664611200011,0.00006857
ETHUSDT,1664640000000,0.00005117
ETHUSDT,1664668800000,0.00001239
ETHUSDT,1664697600000,0.00004395
ETHUSDT,1664726400006,-0.00002183
ETHUSDT,1664755200000,-0.0000223
ETHUSDT,1664784000014,0.00002229
ETHUSDT,1664812800010,-0.00000998
ETHUSDT,1664841600006,0.00007858
ETHUSDT,1664870400004,0.0001
ETHUSDT,1664899200013,0.00003575
ETHUSDT,1664928000000,0.00001819
ETHUSDT,1664956800000,0.00000345
ETHUSDT,1664985600012,-0.00003017
ETHUSDT,1665014400008,0.00002418
ETHUSDT,1665043200002,0.00005188
ETHUSDT,1665072000006,-0.0000115
ETHUSDT,1665100800000,0.00002157
ETHUSDT,1665129600000,0.00003248
ETHUSDT,1665158400007,0.0000039
ETHUSDT,1665187200010,0.00005904
ETHUSDT,1665216000004,0.00006993
ETHUSDT,1665244800018,0.00008939
ETHUSDT,1665273600000,0.00003902
ETHUSDT,1665302400007,0.00001819
ETHUSDT,1665331200011,-0.00005165
ETHUSDT,1665360000018,0.00004749
ETHUSDT,1665388800000,0.00002784
ETHUSDT,1665417600026,0.00002352
ETHUSDT,1665446400020,0.00007133
ETHUSDT,1665475200027,0.00003552
ETHUSDT,1665504000000,0.00004405
ETHUSDT,1665532800014,0.0000885
ETHUSDT,1665561600000,-0.00001598
ETHUSDT,1665590400000,0.00000718
ETHUSDT,1665619200013,-0.00018211
ETHUSDT,1665648000016,0.0000818
ETHUSDT,1665676800009,-0.00010154
ETHUSDT,1665705600020,0.000002
ETHUSDT,1665734400000,0.0001
ETHUSDT,1665763200009,0.0001
ETHUSDT,1665792000001,0.0000595
ETHUSDT,1665820800005,-0.00000548
ETHUSDT,1665849600004,-0.00000801
ETHUSDT,1665878400012,0.00000273
ETHUSDT,1665907200000,-0.00001934
ETHUSDT,1665936000010,0.00001261
ETHUSDT,1665964800012,0.0000075
ETHUSDT,1665993600010,0.00003595
ETHUSDT,1666022400017,0.0000561
ETHUSDT,1666051200010,0.0000643
ETHUSDT,1666080000008,0.00005818
ETHUSDT,1666108800000,0.000082
ETHUSDT,1666137600007,0.00006911
ETHUSDT,1666166400022,0.0001
ETHUSDT,1666195200016,0.00003885
ETHUSDT,1666224000000,0.00001115
ETHUSDT,1666252800013,0.00006032
ETHUSDT,1666281600000,-0.00005194
ETHUSDT,1666310400005,0.0001
ETHUSDT,1666339200018,0.00001939
ETHUSDT,1666368000000,0.00002595
ETHUSDT,1666396800000,0.00002568
ETHUSDT,1666425600015,-0.00000796
ETHUSDT,1666454400000,-0.00003726
ETHUSDT,1666483200025,0.00001025
ETHUSDT,1666512000000,0.00002352
ETHUSDT,1666540800004,0.0001
ETHUSDT,1666569600009,0.00009274
ETHUSDT,1666598400012,0.0001
ETHUSDT,1666627200002,-0.00002685
ETHUSDT,1666656000013,-0.00005643
ETHUSDT,1666684800013,0.00003537
ETHUSDT,1666713600000,0.00001973
ETHUSDT,1666742400006,0.0001
ETHUSDT,1666771200013,-0.00002452
ETHUSDT,1666800000000,0.0001
ETHUSDT,1666828800009,0.00008299
ETHUSDT,1666857600006,0.00005005
ETHUSDT,1666886400009,-0.0000337
ETHUSDT,1666915200000,0.00002272
ETHUSDT,1666944000000,0.00004042
ETHUSDT,1666972800007,0.0000187
ETHUSDT,1667001600000,0.00006207
ETHUSDT,1667030400003,0.00008203
ETHUSDT,1667059200010,0.0001
ETHUSDT,1667088000000,0.00007735
ETHUSDT,1667116800013,0.00009296
ETHUSDT,1667145600009,0.0001
ETHUSDT,1667174400012,0.00006308
ETHUSDT,1667203200000,0.0001
ETHUSDT,1667232000010,-0.00000288
ETHUSDT,1667260800000,0.00000795
ETHUSDT,1667289600000,-0.00005701
ETHUSDT,1667318400000,0.00001321
ETHUSDT,1667347200000,0.00007678
ETHUSDT,1667376000000,0.00002913
ETHUSDT,1667404800019,0.00005813
ETHUSDT,1667433600011,-0.00008892
ETHUSDT,1667462400016,-0.00007732
ETHUSDT,1667491200005,0.00000255
ETHUSDT,1667520000000,0.00001398
ETHUSDT,1667548800004,0.00009293
ETHUSDT,1667577600020,0.0001
ETHUSDT,1667606400009,0.0000919
ETHUSDT,1667635200007,0.00001474
ETHUSDT,1667664000018,0.00005826
ETHUSDT,1667692800009,0.00008014
ETHUSDT,1667721600000,0.0001
ETHUSDT,1667750400010,0.00004026
ETHUSDT,1667779200012,0.00002594
ETHUSDT,1667808000014,-0.00000272
ETHUSDT,1667836800006,0.0001
ETHUSDT,1667865600000,-0.00005728
ETHUSDT,1667894400001,-0.00011539
ETHUSDT,1667923200005,0.00007883
ETHUSDT,1667952000000,-0.00038496
ETHUSDT,1667980800013,-0.00012169
ETHUSDT,1668009600004,-0.00054682
ETHUSDT,1668038400006,-0.00060149
ETHUSDT,1668067200000,-0.000543
ETHUSDT,1668096000015,-0.00015464
ETHUSDT,1668124800000,-0.00016788
ETHUSDT,1668153600015,-0.00013634
ETHUSDT,1668182400027,0.00002873
ETHUSDT,1668211200007,0.00009985
ETHUSDT,1668240000016,0.00004863
ETHUSDT,1668268800000,0.00009984
ETHUSDT,1668297600004,-0.00000928
ETHUSDT,1668326400000,-0.00008449
ETHUSDT,1668355200017,-0.00001748
ETHUSDT,1668384000000,0.0000281
ETHUSDT,1668412800000,0.00002254
ETHUSDT,1668441600000,0.00005237
ETHUSDT,1668470400014,-0.00008644
ETHUSDT,1668499200009,0.00004951
ETHUSDT,1668528000010,-0.00004197
ETHUSDT,1668556800011,-0.00009137
ETHUSDT,1668585600004,0.00000119
ETHUSDT,1668614400008,-0.00004556
ETHUSDT,1668643200000,-0.00009394
ETHUSDT,1668672000000,0.00002558
ETHUSDT,1668700800006,-0.00010849
ETHUSDT,1668729600004,-0.0000846
ETHUSDT,1668758400016,-0.00006951
ETHUSDT,1668787200000,-0.00005327
ETHUSDT,1668816000000,0.00006481
ETHUSDT,1668844800004,0.00004413
ETHUSDT,1668873600024,0.0000599
ETHUSDT,1668902400015,0.00000377
ETHUSDT,1668931200004,0.0000573
ETHUSDT,1668960000000,-0.00002008
ETHUSDT,1668988800006,-0.00020459
ETHUSDT,1669017600015,-0.0000217
ETHUSDT,1669046400000,0.00004666
ETHUSDT,1669075200000,-0.00006623
ETHUSDT,1669104000000,-0.00002821
ETHUSDT,1669132800000,0.00006368
ETHUSDT,1669161600000,0.00006088
ETHUSDT,1669190400011,-0.00004079
ETHUSDT,1669219200014,-0.00009414
ETHUSDT,1669248000007,0.0000496
ETHUSDT,1669276800014,-0.00006135
ETHUSDT,1669305600013,0.00003796
ETHUSDT,1669334400004,0.00005572
ETHUSDT,1669363200015,0.00005499
ETHUSDT,1669392000000,-0.00003074
ETHUSDT,1669420800011,-0.00004472
ETHUSDT,1669449600000,-0.00005666
ETHUSDT,1669478400000,-0.00006554
ETHUSDT,1669507200012,-0.00004687
ETHUSDT,1669536000000,-0.00011497
ETHUSDT,1669564800003,0.00003854
ETHUSDT,1669593600015,0.00000342
ETHUSDT,1669622400004,-0.00002557
ETHUSDT,1669651200011,-0.00012317
ETHUSDT,1669680000000,0.00003832
ETHUSDT,1669708800015,0.00002946
ETHUSDT,1669737600000,0.0001
ETHUSDT,1669766400007,0.00009218
ETHUSDT,1669795200000,0.0001
ETHUSDT,1669824000015,0.0001
ETHUSDT,1669852800001,-0.00001967
ETHUSDT,1669881600006,0.00003623
ETHUSDT,1669910400000,0.0001
ETHUSDT,1669939200001,0.0001
ETHUSDT,1669968000016,-0.00000244
ETHUSDT,1669996800017,0.0000487
ETHUSDT,1670025600006,-0.00000481
ETHUSDT,1670054400000,-0.00002779
ETHUSDT,1670083200011,-0.00002251
ETHUSDT,1670112000006,-0.00004991
ETHUSDT,1670140800000,-0.00000149
ETHUSDT,1670169600006,0.00003593
ETHUSDT,1670198400002,0.00005566
ETHUSDT,1670227200011,-0.00002459
ETHUSDT,1670256000008,0.00005578
ETHUSDT,1670284800014,0.00004181
ETHUSDT,1670313600027,0.00001389
ETHUSDT,1670342400009,0.00004364
ETHUSDT,1670371200000,0.00008029
ETHUSDT,1670400000000,0.00000595
ETHUSDT,1670428800000,-0.00000233
ETHUSDT,1670457600006,0.00000063
ETHUSDT,1670486400000,0.00001744
ETHUSDT,1670515200014,-0.00000092
ETHUSDT,1670544000017,0.0001
ETHUSDT,1670572800005,0.00006855
ETHUSDT,1670601600000,0.000049
ETHUSDT,1670630400009,-0.00001674
ETHUSDT,1670659200010,0.00006407
ETHUSDT,1670688000001,0.00006841
ETHUSDT,1670716800011,-0.00002288
ETHUSDT,1670745600007,0.00001946
ETHUSDT,1670774400011,0.00001359
ETHUSDT,1670803200000,0.00003843
ETHUSDT,1670832000004,-0.00002359
ETHUSDT,1670860800000,-0.00002692
ETHUSDT,1670889600000,0.00008949
ETHUSDT,1670918400018,0.0001
ETHUSDT,1670947200011,0.0001
ETHUSDT,1670976000010,0.0001
ETHUSDT,1671004800015,0.0001
ETHUSDT,1671033600004,0.0001
ETHUSDT,1671062400000,0.0001
ETHUSDT,1671091200023,0.0001
ETHUSDT,1671120000010,0.0001
ETHUSDT,1671148800016,0.0001
ETHUSDT,1671177600011,0.0001
ETHUSDT,1671206400001,-0.0000378
ETHUSDT,1671235200001,0.00008697
ETHUSDT,1671264000011,-0.00006429
ETHUSDT,1671292800011,0.00003413
ETHUSDT,1671321600008,0.00005955
ETHUSDT,1671350400001,0.000079
ETHUSDT,1671379200012,0.00004105
ETHUSDT,1671408000000,-0.00003395
ETHUSDT,1671436800000,0.0000057
ETHUSDT,1671465600000,-0.00000601
ETHUSDT,1671494400005,0.00008479
ETHUSDT,1671523200016,0.00004111
ETHUSDT,1671552000000,0.00009832
ETHUSDT,1671580800007,0.00004626
ETHUSDT,1671609600012,0.00008575
ETHUSDT,1671638400017,0.00006565
ETHUSDT,1671667200004,0.00008923
ETHUSDT,1671696000000,0.00009813
ETHUSDT,1671724800001,0.00007887
ETHUSDT,1671753600018,0.00007468
ETHUSDT,1671782400000,0.0001
ETHUSDT,1671811200000,-0.00000728
ETHUSDT,1671840000001,0.00006767
ETHUSDT,1671868800007,0.0001
ETHUSDT,1671897600008,0.00000527
ETHUSDT,1671926400000,-0.00000384
ETHUSDT,1671955200013,0.00000041
ETHUSDT,1671984000000,0.00001343
ETHUSDT,1672012800001,0.00006962
ETHUSDT,1672041600000,0.00001023
ETHUSDT,1672070400005,0.00002594
ETHUSDT,1672099200005,0.0001
ETHUSDT,1672128000010,0.00002226
ETHUSDT,1672156800006,0.00007546
ETHUSDT,1672185600010,0.0001
ETHUSDT,1672214400010,0.00006253
ETHUSDT,1672243200010,-0.00002352
ETHUSDT,1672272000011,0.0001
ETHUSDT,1672300800000,0.00005835
ETHUSDT,1672329600008,0.0001
ETHUSDT,1672358400000,0.0001
ETHUSDT,1672387200000,0.0001
ETHUSDT,1672416000000,0.0001
ETHUSDT,1672444800014,0.0001
ETHUSDT,1672473600000,0.0001
ETHUSDT,1672502400000,0.0001
ETHUSDT,1672531200000,0.0001
ETHUSDT,1672560000008,0.0001
ETHUSDT,1672588800000,0.0001
ETHUSDT,1672617600000,0.0001
ETHUSDT,1672646400008,0.00008878
ETHUSDT,1672675200015,0.00007464
ETHUSDT,1672704000003,0.0000089
ETHUSDT,1672732800018,0.00005228
ETHUSDT,1672761600000,0.00002948
ETHUSDT,1672790400000,0.00007609
ETHUSDT,1672819200016,0.0001
ETHUSDT,1672848000011,0.0001
ETHUSDT,1672876800009,0.0001
ETHUSDT,1672905600011,0.0001
ETHUSDT,1672934400000,0.0001
ETHUSDT,1672963200005,0.0001
ETHUSDT,1672992000001,0.0001
ETHUSDT,1673020800000,0.0001
ETHUSDT,1673049600006,0.00005444
ETHUSDT,1673078400017,0.00004199
ETHUSDT,1673107200000,0.0000719
ETHUSDT,1673136000015,0.00002131
ETHUSDT,1673164800000,0.00008826
ETHUSDT,1673193600010,0.00008657
ETHUSDT,1673222400003,0.00004312
ETHUSDT,1673251200000,0.00007617
ETHUSDT,1673280000006,0.0001
ETHUSDT,1673308800003,0.0001
ETHUSDT,1673337600021,0.0001
ETHUSDT,1673366400000,0.0001
ETHUSDT,1673395200011,0.0001
ETHUSDT,1673424000006,0.0001
ETHUSDT,1673452800004,0.00002778
ETHUSDT,1673481600000,0.0001
ETHUSDT,1673510400000,0.0001
ETHUSDT,1673539200000,0.0001
ETHUSDT,1673568000004,0.0001
ETHUSDT,1673596800000,0.0001
ETHUSDT,1673625600018,0.0001
ETHUSDT,1673654400000,0.0001
ETHUSDT,1673683200001,0.00061643
ETHUSDT,1673712000000,0.00045951
ETHUSDT,1673740800010,0.00012412
ETHUSDT,1673769600002,0.00030426
ETHUSDT,1673798400000,0.00018878
ETHUSDT,1673827200010,0.00014183
ETHUSDT,1673856000007,0.0001
ETHUSDT,1673884800000,0.0001
ETHUSDT,1673913600004,0.0001
ETHUSDT,1673942400005,0.0001
ETHUSDT,1673971200001,0.0001
ETHUSDT,1674000000008,0.0001
ETHUSDT,1674028800009,0.0001
ETHUSDT,1674057600017,0.0001
ETHUSDT,1674086400000,0.0001
ETHUSDT,1674115200015,0.0001
ETHUSDT,1674144000012,0.0001
ETHUSDT,1674172800000,0.0001
ETHUSDT,1674201600000,0.0001
ETHUSDT,1674230400000,0.0001
ETHUSDT,1674259200013,0.0001
ETHUSDT,1674288000001,0.0001
ETHUSDT,1674316800016,0.0001
ETHUSDT,1674345600000,0.0001
ETHUSDT,1674374400000,0.0001
ETHUSDT,1674403200023,0.0001
ETHUSDT,1674432000014,0.00010356
ETHUSDT,1674460800014,0.0001
ETHUSDT,1674489600016,0.0001
ETHUSDT,1674518400008,0.0001
ETHUSDT,1674547200008,0.0001
ETHUSDT,1674576000000,0.0001
ETHUSDT,1674604800012,0.0001
ETHUSDT,1674633600000,0.0001
ETHUSDT,1674662400010,0.0001
ETHUSDT,1674691200010,0.0001
ETHUSDT,1674720000003,0.0001
ETHUSDT,1674748800020,0.0001
ETHUSDT,1674777600008,0.0001
ETHUSDT,1674806400000,0.0001
ETHUSDT,1674835200000,0.0001
ETHUSDT,1674864000009,0.0001
ETHUSDT,1674892800018,0.0001
ETHUSDT,1674921600005,0.0001
ETHUSDT,1674950400011,0.0001
ETHUSDT,1674979200000,0.0001
ETHUSDT,1675008000008,0.0001
ETHUSDT,1675036800001,0.0001
ETHUSDT,1675065600000,0.0001
ETHUSDT,1675094400000,0.0001
ETHUSDT,1675123200005,0.0001
ETHUSDT,1675152000000,0.0001
ETHUSDT,1675180800007,0.0001
ETHUSDT,1675209600013,0.0001
ETHUSDT,1675238400000,0.0001
ETHUSDT,1675267200012,0.0001
ETHUSDT,1675296000004,0.0001
ETHUSDT,1675324800023,0.0001
ETHUSDT,1675353600003,0.0001
ETHUSDT,1675382400010,0.0001
ETHUSDT,1675411200000,0.0001
ETHUSDT,1675440000000,0.0001
ETHUSDT,1675468800010,0.0001
ETHUSDT,1675497600000,0.0001
ETHUSDT,1675526400000,0.0001
ETHUSDT,1675555200016,0.0001
ETHUSDT,1675584000009,0.0001
ETHUSDT,1675612800018,0.0001
ETHUSDT,1675641600001,0.0001
ETHUSDT,1675670400000,0.0001
ETHUSDT,1675699200012,0.0001
ETHUSDT,1675728000004,0.0001
ETHUSDT,1675756800011,0.0001
ETHUSDT,1675785600018,0.0001
ETHUSDT,1675814400009,0.0001
ETHUSDT,1675843200010,0.0001
ETHUSDT,1675872000000,0.0001
ETHUSDT,1675900800014,0.0001
ETHUSDT,1675929600006,0.0001
ETHUSDT,1675958400001,0.0001
ETHUSDT,1675987200012,0.0001
ETHUSDT,1676016000005,0.00006828
ETHUSDT,1676044800020,0.0001
ETHUSDT,1676073600007,0.0000647
ETHUSDT,1676102400002,0.00003345
ETHUSDT,1676131200021,-0.00002491
ETHUSDT,1676160000004,0.00008869
ETHUSDT,1676188800000,0.00003225
ETHUSDT,1676217600002,0.00004579
ETHUSDT,1676246400006,0.00002555
ETHUSDT,1676275200008,0.00005994
ETHUSDT,1676304000002,0.0001
ETHUSDT,1676332800013,-0.00000454
ETHUSDT,1676361600014,0.00004405
ETHUSDT,1676390400016,0.00005311
ETHUSDT,1676419200011,0.0000291
ETHUSDT,1676448000000,0.0000281
ETHUSDT,1676476800005,0.00005715
ETHUSDT,1676505600019,0.0001
ETHUSDT,1676534400000,0.0001
ETHUSDT,1676563200001,0.00014101
ETHUSDT,1676592000003,0.0001
ETHUSDT,1676620800016,0.0001
ETHUSDT,1676649600000,0.0001
ETHUSDT,1676678400011,0.0001
ETHUSDT,1676707200000,0.0001
ETHUSDT,1676736000007,0.0001
ETHUSDT,1676764800019,0.0001
ETHUSDT,1676793600005,0.0001
ETHUSDT,1676822400003,0.0001
ETHUSDT,1676851200006,0.0001
ETHUSDT,1676880000008,0.0001
ETHUSDT,1676908800006,0.0001
ETHUSDT,1676937600001,0.0001
ETHUSDT,1676966400004,0.0001
ETHUSDT,1676995200011,0.0001
ETHUSDT,1677024000009,0.0001
ETHUSDT,1677052800010,0.0001
ETHUSDT,1677081600000,0.0001
ETHUSDT,1677110400006,0.00007072
ETHUSDT,1677139200005,0.00009829
ETHUSDT,1677168000002,0.00004374
ETHUSDT,1677196800015,0.00003804
ETHUSDT,1677225600011,0.00006414
ETHUSDT,1677254400014,0.0000838
ETHUSDT,1677283200015,0.00007921
ETHUSDT,1677312000015,0.00009641
ETHUSDT,1677340800015,0.00005498
ETHUSDT,1677369600007,0.00001266
ETHUSDT,1677398400012,0.00004684
ETHUSDT,1677427200000,0.00001098
ETHUSDT,1677456000011,0.0001
ETHUSDT,1677484800003,0.00008633
ETHUSDT,1677513600000,0.00006025
ETHUSDT,1677542400011,0.00003555
ETHUSDT,1677571200018,0.00003626
ETHUSDT,1677600000005,0.00008565
ETHUSDT,1677628800016,0.00000342
ETHUSDT,1677657600000,0.0001
ETHUSDT,1677686400008,0.0001
ETHUSDT,1677715200009,0.0001
ETHUSDT,1677744000013,0.0001
ETHUSDT,1677772800000,0.00007746
ETHUSDT,1677801600000,0.00003967
ETHUSDT,1677830400013,-0.00000917
ETHUSDT,1677859200000,0.00002284
ETHUSDT,1677888000001,0.00008491
ETHUSDT,1677916800008,0.00000126
ETHUSDT,1677945600012,0.00002121
ETHUSDT,1677974400000,0.00005372
ETHUSDT,1678003200000,0.00003555
ETHUSDT,1678032000015,0.00004841
ETHUSDT,1678060800007,0.00004583
ETHUSDT,1678089600017,0.00007122
ETHUSDT,1678118400000,0.00003604
ETHUSDT,1678147200009,0.00005296
ETHUSDT,1678176000016,0.00007563
ETHUSDT,1678204800017,0.00001011
ETHUSDT,1678233600000,0.00008208
ETHUSDT,1678262400014,0.00006665
ETHUSDT,1678291200021,0.00008786
ETHUSDT,1678320000010,0.00009084
ETHUSDT,1678348800013,0.00007599
ETHUSDT,1678377600002,0.00003643
ETHUSDT,1678406400000,-0.00008306
ETHUSDT,1678435200000,-0.00000097
ETHUSDT,1678464000005,-0.00000512
ETHUSDT,1678492800011,0.00002796
ETHUSDT,1678521600003,-0.00005766
ETHUSDT,1678550400011,0.00004677
ETHUSDT,1678579200001,-0.00001066
ETHUSDT,1678608000000,0.0000867
ETHUSDT,1678636800005,-0.00004286
ETHUSDT,1678665600010,0.0001
ETHUSDT,1678694400018,0.0001
ETHUSDT,1678723200003,0.0001
ETHUSDT,1678752000010,0.0001
ETHUSDT,1678780800009,0.0001
ETHUSDT,1678809600010,0.0001
ETHUSDT,1678838400011,0.00031728
ETHUSDT,1678867200000,0.00018366
ETHUSDT,1678896000012,0.0001
ETHUSDT,1678924800004,0.0001
ETHUSDT,1678953600018,0.0001
ETHUSDT,1678982400005,0.0001
ETHUSDT,1679011200017,0.00005964
ETHUSDT,1679040000010,0.00005941
ETHUSDT,1679068800003,0.0001
ETHUSDT,1679097600012,0.0001
ETHUSDT,1679126400000,0.0001
ETHUSDT,1679155200016,0.0001
ETHUSDT,1679184000013,0.0001
ETHUSDT,1679212800024,0.0001
ETHUSDT,1679241600000,0.0001
ETHUSDT,1679270400005,0.0001
ETHUSDT,1679299200012,0.0001
ETHUSDT,1679328000015,0.00008194
ETHUSDT,1679356800006,0.00007106
ETHUSDT,1679385600004,0.00004611
ETHUSDT,1679414400003,0.0000899
ETHUSDT,1679443200000,0.00005146
ETHUSDT,1679472000003,0.00001267
ETHUSDT,1679500800000,0.0000554
ETHUSDT,1679529600016,0.00001123
ETHUSDT,1679558400001,0.0000686
ETHUSDT,1679587200013,0.0001
ETHUSDT,1679616000013,0.0001
ETHUSDT,1679644800012,0.0001
ETHUSDT,1679673600027,0.0001
ETHUSDT,1679702400015,0.00001992
ETHUSDT,1679731200011,0.0000146
ETHUSDT,1679760000011,-0.00000795
ETHUSDT,1679788800000,0.00000829
ETHUSDT,1679817600015,0.00000997
ETHUSDT,1679846400000,0.00004383
ETHUSDT,1679875200019,0.00001635
ETHUSDT,1679904000009,-0.00000385
ETHUSDT,1679932800000,-0.00000171
ETHUSDT,1679961600007,-0.00001478
ETHUSDT,1679990400000,0.00003473
ETHUSDT,1680019200013,0.00006578
ETHUSDT,1680048000010,0.0001
ETHUSDT,1680076800006,0.00007584
ETHUSDT,1680105600014,0.0001
ETHUSDT,1680134400000,0.00005756
ETHUSDT,1680163200000,0.00000286
ETHUSDT,1680192000006,0.00005025
ETHUSDT,1680220800003,0.00007203
ETHUSDT,1680249600006,0.00006982
ETHUSDT,1680278400011,0.0001
ETHUSDT,1680307200000,0.0001
ETHUSDT,1680336000000,0.0001
ETHUSDT,1680364800018,0.00006306
ETHUSDT,1680393600013,0.00003987
ETHUSDT,1680422400014,0.00005018
ETHUSDT,1680451200001,0.00003503
ETHUSDT,1680480000000,-0.00002938
ETHUSDT,1680508800013,-0.0000196
ETHUSDT,1680537600011,-0.00000471
ETHUSDT,1680566400002,0.0000636
ETHUSDT,1680595200017,0.00003238
ETHUSDT,1680624000008,0.0001
ETHUSDT,1680652800000,0.00006853
ETHUSDT,1680681600016,0.0001
ETHUSDT,1680710400004,0.0001
ETHUSDT,1680739200000,0.00005011
ETHUSDT,1680768000011,0.00006251
ETHUSDT,1680796800000,0.00000217
ETHUSDT,1680825600006,0.00002088
ETHUSDT,1680854400005,0.00007093
ETHUSDT,1680883200000,0.00003638
ETHUSDT,1680912000000,0.00003725
ETHUSDT,1680940800014,0.00001046
ETHUSDT,1680969600018,0.0000221
ETHUSDT,1680998400013,0.00000821
ETHUSDT,1681027200024,-0.00001908
ETHUSDT,1681056000010,0.00003067
ETHUSDT,1681084800000,0.00003359
ETHUSDT,1681113600010,-0.00004969
ETHUSDT,1681142400006,0.00002062
ETHUSDT,1681171200008,0.00002648
ETHUSDT,1681200000007,0.00008648
ETHUSDT,1681228800016,0.00006716
ETHUSDT,1681257600006,0.00001041
ETHUSDT,1681286400008,0.0000129
ETHUSDT,1681315200014,0.00003624
ETHUSDT,1681344000027,0.0001
ETHUSDT,1681372800010,0.0001
ETHUSDT,1681401600000,0.0001
ETHUSDT,1681430400001,0.0001
ETHUSDT,1681459200008,0.0001
ETHUSDT,1681488000007,0.0001
ETHUSDT,1681516800007,0.0001
ETHUSDT,1681545600007,0.0001
ETHUSDT,1681574400011,0.0001
ETHUSDT,1681603200014,0.0001
ETHUSDT,1681632000007,0.0001
ETHUSDT,1681660800002,0.0001
ETHUSDT,1681689600017,0.0001
ETHUSDT,1681718400006,0.0001
ETHUSDT,1681747200000,0.0001
ETHUSDT,1681776000013,0.0001
ETHUSDT,1681804800017,0.0001
ETHUSDT,1681833600000,0.0001
ETHUSDT,1681862400022,0.0001
ETHUSDT,1681891200014,0.0001
ETHUSDT,1681920000000,-0.00001015
ETHUSDT,1681948800010,0.00006419
ETHUSDT,1681977600012,0.00000032
ETHUSDT,1682006400012,0.00002269
ETHUSDT,1682035200009,0.0000862
ETHUSDT,1682064000009,0.00006903
ETHUSDT,1682092800003,0.00008488
ETHUSDT,1682121600000,0.00005467
ETHUSDT,1682150400000,-0.00000562
ETHUSDT,1682179200016,0.00002848
ETHUSDT,1682208000009,-0.00006991
ETHUSDT,1682236800020,0.00001032
ETHUSDT,1682265600007,0.00004969
ETHUSDT,1682294400000,0.00009041
ETHUSDT,1682323200008,0.00001238
ETHUSDT,1682352000006,0.00005112
ETHUSDT,1682380800014,0.00008411
ETHUSDT,1682409600009,0.00008034
ETHUSDT,1682438400015,0.00006892
ETHUSDT,1682467200015,0.0000384
ETHUSDT,1682496000013,0.00001253
ETHUSDT,1682524800001,0.000087
ETHUSDT,1682553600014,-0.00002203
ETHUSDT,1682582400008,0.0000585
ETHUSDT,1682611200005,0.00003408
ETHUSDT,1682640000011,0.0000867
ETHUSDT,1682668800007,0.00008037
ETHUSDT,1682697600006,0.00008463
ETHUSDT,1682726400004,0.00004382
ETHUSDT,1682755200016,0.00007125
ETHUSDT,1682784000001,0.00005044
ETHUSDT,1682812800008,0.00006303
ETHUSDT,1682841600000,-0.00000213
ETHUSDT,1682870400010,0.00008291
ETHUSDT,1682899200004,-0.00002629
ETHUSDT,1682928000008,0.00002338
ETHUSDT,1682956800014,0.00000846
ETHUSDT,1682985600015,0.00009917
ETHUSDT,1683014400018,0.00002555
ETHUSDT,1683043200000,0.00008146
ETHUSDT,1683072000009,0.00009799
ETHUSDT,1683100800003,0.00006273
ETHUSDT,1683129600011,0.0001
ETHUSDT,1683158400000,0.0001
ETHUSDT,1683187200000,0.0001
ETHUSDT,1683216000011,0.000099
ETHUSDT,1683244800002,0.00003555
ETHUSDT,1683273600000,0.0000568
ETHUSDT,1683302400000,0.0001
ETHUSDT,1683331200009,0.0001
ETHUSDT,1683360000000,0.0001
ETHUSDT,1683388800000,0.00000694
ETHUSDT,1683417600000,0.00001519
ETHUSDT,1683446400000,0.00002257
ETHUSDT,1683475200006,0.00004724
ETHUSDT,1683504000000,0.00005356
ETHUSDT,1683532800007,0.00001131
ETHUSDT,1683561600015,0.00003803
ETHUSDT,1683590400015,0.00009627
ETHUSDT,1683619200000,0.0001
ETHUSDT,1683648000000,0.00005218
ETHUSDT,1683676800007,0.00002199
ETHUSDT,1683705600003,0.00006916
ETHUSDT,1683734400000,0.00004334
ETHUSDT,1683763200011,-0.00000399
ETHUSDT,1683792000000,0.00002198
ETHUSDT,1683820800005,0.00005429
ETHUSDT,1683849600020,0.0000183
ETHUSDT,1683878400001,0.00000454
ETHUSDT,1683907200010,-0.00000917
ETHUSDT,1683936000000,0.00002858
ETHUSDT,1683964800000,0.00002366
ETHUSDT,1683993600026,0.00000857
ETHUSDT,1684022400029,-0.0000048
ETHUSDT,1684051200010,0.00005487
ETHUSDT,1684080000008,0.00003797
ETHUSDT,1684108800006,-0.00001849
ETHUSDT,1684137600005,-0.00000295
ETHUSDT,1684166400008,-0.00001988
ETHUSDT,1684195200021,-0.0000156
ETHUSDT,1684224000000,0.00001255
ETHUSDT,1684252800000,0.00006009
ETHUSDT,1684281600010,0.0000876
ETHUSDT,1684310400000,-0.0000153
ETHUSDT,1684339200001,0.00003984
ETHUSDT,1684368000000,0.00007696
ETHUSDT,1684396800026,0.00006739
ETHUSDT,1684425600019,0.00005135
ETHUSDT,1684454400000,0.00004796
ETHUSDT,1684483200002,0.00002782
ETHUSDT,1684512000000,0.0001
ETHUSDT,1684540800005,0.00007933
ETHUSDT,1684569600014,0.00000788
ETHUSDT,1684598400020,-0.00000176
ETHUSDT,1684627200014,0.0000422
ETHUSDT,1684656000001,-0.00000159
ETHUSDT,1684684800015,0.00002497
ETHUSDT,1684713600028,0.00002428
ETHUSDT,1684742400000,0.00005518
ETHUSDT,1684771200012,0.00009003
ETHUSDT,1684800000006,0.0000279
ETHUSDT,1684828800014,0.0001
ETHUSDT,1684857600008,0.00007379
ETHUSDT,1684886400000,0.00009078
ETHUSDT,1684915200025,0.00001006
ETHUSDT,1684944000008,0.00004917
ETHUSDT,1684972800000,0.00001449
ETHUSDT,1685001600025,0.00000148
ETHUSDT,1685030400016,0.00006605
ETHUSDT,1685059200000,0.0001
ETHUSDT,1685088000024,0.00006574
ETHUSDT,1685116800012,0.00003794
ETHUSDT,1685145600012,0.00006425
ETHUSDT,1685174400018,0.00004565
ETHUSDT,1685203200008,-0.0000323
ETHUSDT,1685232000017,-0.0000012
ETHUSDT,1685260800015,-0.00001086
ETHUSDT,1685289600000,0.00002481
ETHUSDT,1685318400000,0.0001
ETHUSDT,1685347200020,0.0001
ETHUSDT,1685376000011,0.0001
ETHUSDT,1685404800003,0.0001
ETHUSDT,1685433600000,0.0001
ETHUSDT,1685462400003,0.00004386
ETHUSDT,1685491200013,0.00007951
ETHUSDT,1685520000000,0.00000535
ETHUSDT,1685548800000,0.00004873
ETHUSDT,1685577600008,0.00006731
ETHUSDT,1685606400012,0.00009125
ETHUSDT,1685635200000,0.0001
ETHUSDT,1685664000000,0.0000467
ETHUSDT,1685692800006,0.0001
ETHUSDT,1685721600012,0.00008252
ETHUSDT,1685750400000,0.0001
ETHUSDT,1685779200011,0.00007857
ETHUSDT,1685808000003,0.0000095
ETHUSDT,1685836800000,0.00002827
ETHUSDT,1685865600000,0.00004801
ETHUSDT,1685894400000,0.00008077
ETHUSDT,1685923200005,0.00000294
ETHUSDT,1685952000000,0.00002308
ETHUSDT,1685980800000,0.00007505
ETHUSDT,1686009600000,-0.00004896
ETHUSDT,1686038400009,0.00000199
ETHUSDT,1686067200013,0.00008581
ETHUSDT,1686096000000,0.0001
ETHUSDT,1686124800016,0.0001
ETHUSDT,1686153600000,0.00002658
ETHUSDT,1686182400006,0.00006055
ETHUSDT,1686211200000,0.00005971
ETHUSDT,1686240000000,0.0000627
ETHUSDT,1686268800000,0.00007287
ETHUSDT,1686297600000,0.00000972
ETHUSDT,1686326400000,0.00007382
ETHUSDT,1686355200000,0.0000601
ETHUSDT,1686384000000,0.00005325
ETHUSDT,1686412800000,0.00001875
ETHUSDT,1686441600001,0.00001783
ETHUSDT,1686470400000,0.00006332
ETHUSDT,1686499200000,0.00002351
ETHUSDT,1686528000000,0.00007802
ETHUSDT,1686556800000,0.00009417
ETHUSDT,1686585600001,0.00002839
ETHUSDT,1686614400000,0.00007468
ETHUSDT,1686643200000,0.00004944
ETHUSDT,1686672000000,0.00005417
ETHUSDT,1686700800000,0.00009312
ETHUSDT,1686729600000,0.00001378
ETHUSDT,1686758400000,0.00002759
ETHUSDT,1686787200000,-0.00007479
ETHUSDT,1686816000000,-0.00008236
ETHUSDT,1686844800000,0.00003041
ETHUSDT,1686873600000,-0.00008034
ETHUSDT,1686902400000,-0.0000517
ETHUSDT,1686931200000,-0.00001294
ETHUSDT,1686960000000,0.00006711
ETHUSDT,1686988800000,0.0001
ETHUSDT,1687017600000,-0.00000145
ETHUSDT,1687046400000,-0.00000719
ETHUSDT,1687075200000,-0.00000865
ETHUSDT,1687104000000,0.00005296
ETHUSDT,1687132800000,0.00003436
ETHUSDT,1687161600000,0.00005597
ETHUSDT,1687190400000,0.00002962
ETHUSDT,1687219200001,0.0000335
ETHUSDT,1687248000000,-0.00002167
ETHUSDT,1687276800000,0.00002359
ETHUSDT,1687305600000,0.0001
ETHUSDT,1687334400000,0.00001018
ETHUSDT,1687363200000,-0.00000236
ETHUSDT,1687392000000,0.0001
ETHUSDT,1687420800001,0.0001
ETHUSDT,1687449600000,0.0001
ETHUSDT,1687478400000,0.0001
ETHUSDT,1687507200000,0.0001
ETHUSDT,1687536000000,0.00004288
ETHUSDT,1687564800000,0.0001
ETHUSDT,1687593600000,0.0001
ETHUSDT,1687622400000,0.00003414
ETHUSDT,1687651200000,0.0001
ETHUSDT,1687680000000,0.0001
ETHUSDT,1687708800000,0.0001
ETHUSDT,1687737600000,0.0001
ETHUSDT,1687766400000,0.00007153
ETHUSDT,1687795200000,0.00007038
ETHUSDT,1687824000000,0.00004477
ETHUSDT,1687852800000,0.00006237
ETHUSDT,1687881600000,0.00001184
ETHUSDT,1687910400000,0.0001
ETHUSDT,1687939200000,0.00002202
ETHUSDT,1687968000000,0.00003873
ETHUSDT,1687996800000,0.00001497
ETHUSDT,1688025600000,0.00001188
ETHUSDT,1688054400000,0.0001
ETHUSDT,1688083200000,0.00003965
ETHUSDT,1688112000000,0.0001
ETHUSDT,1688140800001,0.0001
ETHUSDT,1688169600000,0.0001
ETHUSDT,1688198400000,0.0001
ETHUSDT,1688227200000,0.0001
ETHUSDT,1688256000000,0.0001
ETHUSDT,1688284800000,0.0001
ETHUSDT,1688313600001,0.0001
ETHUSDT,1688342400000,0.0001
ETHUSDT,1688371200000,0.0001
ETHUSDT,1688400000000,0.0001
ETHUSDT,1688428800001,0.0001
ETHUSDT,1688457600000,0.0001
ETHUSDT,1688486400000,0.0001
ETHUSDT,1688515200000,0.0001
ETHUSDT,1688544000000,0.0001
ETHUSDT,1688572800000,0.0001
ETHUSDT,1688601600000,0.0001
ETHUSDT,1688630400000,0.0001
ETHUSDT,1688659200000,0.00002778
ETHUSDT,1688688000000,0.00007449
ETHUSDT,1688716800000,0.00003362
ETHUSDT,1688745600000,0.00002585
ETHUSDT,1688774400000,0.00003796
ETHUSDT,1688803200000,0.00001339
ETHUSDT,1688832000000,-0.00000417
ETHUSDT,1688860800000,0.00003226
ETHUSDT,1688889600000,0.00002878
ETHUSDT,1688918400000,0.0000318
ETHUSDT,1688947200000,0.00002726
ETHUSDT,1688976000000,0.00004524
ETHUSDT,1689004800000,0.00007179
ETHUSDT,1689033600000,0.00009527
ETHUSDT,1689062400000,0.00007653
ETHUSDT,1689091200000,0.00002549
ETHUSDT,1689120000000,0.0000829
ETHUSDT,1689148800000,0.0001
ETHUSDT,1689177600000,0.0000732
ETHUSDT,1689206400000,-0.00000822
ETHUSDT,1689235200000,0.00005591
ETHUSDT,1689264000000,-0.0000455
ETHUSDT,1689292800000,0.0001
ETHUSDT,1689321600000,0.0001
ETHUSDT,1689350400000,0.0001
ETHUSDT,1689379200000,-0.00000131
ETHUSDT,1689408000000,0.0000811
ETHUSDT,1689436800000,0.00008792
ETHUSDT,1689465600001,0.00005641
ETHUSDT,1689494400000,0.00004632
ETHUSDT,1689523200000,0.00004081
ETHUSDT,1689552000000,0.00002809
ETHUSDT,1689580800000,0.00002313
ETHUSDT,1689609600000,0.00003963
ETHUSDT,1689638400000,0.00006696
ETHUSDT,1689667200000,0.00008539
ETHUSDT,1689696000000,0.00007161
ETHUSDT,1689724800000,0.00006538
ETHUSDT,1689753600000,0.0001
ETHUSDT,1689782400001,0.00009161
ETHUSDT,1689811200000,-0.00000241
ETHUSDT,1689840000000,0.00009217
ETHUSDT,1689868800000,0.0001
ETHUSDT,1689897600001,0.00001798
ETHUSDT,1689926400000,0.00000473
ETHUSDT,1689955200000,0.00007376
ETHUSDT,1689984000000,0.00005769
ETHUSDT,1690012800000,-0.00000415
ETHUSDT,1690041600000,0.00001649
ETHUSDT,1690070400000,0.00001578
ETHUSDT,1690099200000,0.00003411
ETHUSDT,1690128000000,0.00005404
ETHUSDT,1690156800000,0.0001
ETHUSDT,1690185600000,-0.0000008
ETHUSDT,1690214400000,0.00007167
ETHUSDT,1690243200000,0.00008389
ETHUSDT,1690272000000,0.0001
ETHUSDT,1690300800000,0.0000749
ETHUSDT,1690329600000,0.00009056
ETHUSDT,1690358400001,0.00006753
ETHUSDT,1690387200000,0.00009889
ETHUSDT,1690416000000,0.0001
ETHUSDT,1690444800000,0.00008145
ETHUSDT,1690473600001,0.00003967
ETHUSDT,1690502400000,0.0000495
ETHUSDT,1690531200000,0.0000536
ETHUSDT,1690560000000,0.00009408
ETHUSDT,1690588800000,0.0001
ETHUSDT,1690617600000,0.00001485
ETHUSDT,1690646400001,0.0001
ETHUSDT,1690675200000,0.0001
ETHUSDT,1690704000000,0.00001949
ETHUSDT,1690732800000,0.00003686
ETHUSDT,1690761600000,0.00000049
ETHUSDT,1690790400000,0.0000017
ETHUSDT,1690819200001,0.00004221
ETHUSDT,1690848000000,0.00008008
ETHUSDT,1690876800000,0.0000303
ETHUSDT,1690905600000,0.0001
ETHUSDT,1690934400000,0.0001
ETHUSDT,1690963200000,0.0001
ETHUSDT,1690992000000,0.0001
ETHUSDT,1691020800000,0.0001
ETHUSDT,1691049600000,0.0001
ETHUSDT,1691078400001,0.0001
ETHUSDT,1691107200000,0.0001
ETHUSDT,1691136000000,0.0000483
ETHUSDT,1691164800000,0.0001
ETHUSDT,1691193600000,0.00006861
ETHUSDT,1691222400000,0.0000922
ETHUSDT,1691251200001,0.0001
ETHUSDT,1691280000000,0.0001
ETHUSDT,1691308800001,0.00006951
ETHUSDT,1691337600005,0.00004934
ETHUSDT,1691366400000,0.0001
ETHUSDT,1691395200000,0.00009331
ETHUSDT,1691424000000,0.0001
ETHUSDT,1691452800000,0.00006695
ETHUSDT,1691481600000,0.0001
ETHUSDT,1691510400000,0.00004942
ETHUSDT,1691539200000,0.0001
ETHUSDT,1691568000000,0.00001575
ETHUSDT,1691596800000,0.00006699
ETHUSDT,1691625600001,0.00008799
ETHUSDT,1691654400000,0.00009807
ETHUSDT,1691683200000,0.00008989
ETHUSDT,1691712000000,0.00003796
ETHUSDT,1691740800000,0.00000702
ETHUSDT,1691769600000,0.00004072
ETHUSDT,1691798400000,0.00006253
ETHUSDT,1691827200000,0.00004437
ETHUSDT,1691856000000,0.00006868
ETHUSDT,1691884800000,0.0000565
ETHUSDT,1691913600000,0.00003083
ETHUSDT,1691942400000,0.00009458
ETHUSDT,1691971200001,0.0001
ETHUSDT,1692000000000,0.0001
ETHUSDT,1692028800000,0.00009882
ETHUSDT,1692057600001,0.00007579
ETHUSDT,1692086400000,0.00009894
ETHUSDT,1692115200000,0.00008909
ETHUSDT,1692144000000,0.00007286
ETHUSDT,1692172800001,0.00009487
ETHUSDT,1692201600000,0.0001
ETHUSDT,1692230400000,0.0001
ETHUSDT,1692259200000,0.00007426
ETHUSDT,1692288000000,0.00007146
ETHUSDT,1692316800000,-0.00017498
ETHUSDT,1692345600000,0.00008602
ETHUSDT,1692374400000,0.00002951
ETHUSDT,1692403200000,-0.0000458
ETHUSDT,1692432000000,-0.00007861
ETHUSDT,1692460800000,-0.00008349
ETHUSDT,1692489600000,-0.00011445
ETHUSDT,1692518400000,-0.00009092
ETHUSDT,1692547200000,-0.00001625
ETHUSDT,1692576000000,-0.0000401
ETHUSDT,1692604800000,-0.00004365
ETHUSDT,1692633600000,0.00000592
ETHUSDT,1692662400000,0.00003645
ETHUSDT,1692691200000,-0.00006552
ETHUSDT,1692720000000,-0.00003757
ETHUSDT,1692748800000,-0.00002059
ETHUSDT,1692777600000,-0.0000016
ETHUSDT,1692806400000,0.00000334
ETHUSDT,1692835200000,0.00002659
ETHUSDT,1692864000000,-0.00000957
ETHUSDT,1692892800000,-0.00001897
ETHUSDT,1692921600000,-0.00002692
ETHUSDT,1692950400000,-0.00001529
ETHUSDT,1692979200000,0.00000498
ETHUSDT,1693008000000,0.0000356
ETHUSDT,1693036800000,-0.00000055
ETHUSDT,1693065600000,-0.00006303
ETHUSDT,1693094400000,0.00000399
ETHUSDT,1693123200000,0.00001535
ETHUSDT,1693152000000,0.00002696
ETHUSDT,1693180800000,-0.00000176
ETHUSDT,1693209600001,-0.0000485
ETHUSDT,1693238400001,0.00005739
ETHUSDT,1693267200000,0.00003145
ETHUSDT,1693296000000,0.00001139
ETHUSDT,1693324800000,-0.0001273
ETHUSDT,1693353600000,0.00007488
ETHUSDT,1693382400000,0.00007249
ETHUSDT,1693411200000,0.00004644
ETHUSDT,1693440000000,0.00003628
ETHUSDT,1693468800000,0.00005955
ETHUSDT,1693497600000,0.00002375
ETHUSDT,1693526400000,0.00003532
ETHUSDT,1693555200000,-0.00001812
ETHUSDT,1693584000001,0.00002457
ETHUSDT,1693612800000,0.00000805
ETHUSDT,1693641600000,-0.00001621
ETHUSDT,1693670400000,0.00000605
ETHUSDT,1693699200000,0.0000139
ETHUSDT,1693728000000,-0.00002475
ETHUSDT,1693756800000,-0.00000621
ETHUSDT,1693785600000,-0.00000075
ETHUSDT,1693814400000,-0.00007752
ETHUSDT,1693843200000,0.0000098
ETHUSDT,1693872000000,0.00003126
ETHUSDT,1693900800000,0.0000029
ETHUSDT,1693929600000,0.00000977
ETHUSDT,1693958400000,0.0000288
ETHUSDT,1693987200000,-0.00003144
ETHUSDT,1694016000001,0.00005701
ETHUSDT,1694044800000,0.00004502
ETHUSDT,1694073600000,0.00007831
ETHUSDT,1694102400000,0.00004354
ETHUSDT,1694131200000,0.00005596
ETHUSDT,1694160000000,0.00002685
ETHUSDT,1694188800000,0.00002497
ETHUSDT,1694217600000,0.00005008
ETHUSDT,1694246400000,0.00002832
ETHUSDT,1694275200000,0.00004629
ETHUSDT,1694304000000,0.00003947
ETHUSDT,1694332800000,0.00001527
ETHUSDT,1694361600000,0.00000775
ETHUSDT,1694390400000,0.00004838
ETHUSDT,1694419200000,0.00005747
ETHUSDT,1694448000001,-0.00000625
ETHUSDT,1694476800000,-0.00004991
ETHUSDT,1694505600000,-0.00002671
ETHUSDT,1694534400000,-0.00000144
ETHUSDT,1694563200000,0.00002004
ETHUSDT,1694592000000,-0.0000326
ETHUSDT,1694620800000,0.0000387
ETHUSDT,1694649600000,-0.0000364
ETHUSDT,1694678400001,0.00003172
ETHUSDT,1694707200000,-0.0000056
ETHUSDT,1694736000000,0.00000726
ETHUSDT,1694764800000,-0.00002473
ETHUSDT,1694793600000,0.00003877
ETHUSDT,1694822400000,0.0001
ETHUSDT,1694851200000,0.0000093
ETHUSDT,1694880000000,0.00000224
ETHUSDT,1694908800000,0.00002272
ETHUSDT,1694937600000,-0.00000941
ETHUSDT,1694966400000,0.00004182
ETHUSDT,1694995200000,0.00000622
ETHUSDT,1695024000000,0.00001365
ETHUSDT,1695052800000,0.00002976
ETHUSDT,1695081600000,-0.00001298
ETHUSDT,1695110400001,-0.00001248
ETHUSDT,1695139200000,0.00001153
ETHUSDT,1695168000000,0.00004614
ETHUSDT,1695196800000,0.00002387
ETHUSDT,1695225600000,0.00002909
ETHUSDT,1695254400001,0.00003804
ETHUSDT,1695283200000,0.00007655
ETHUSDT,1695312000000,-0.00000638
ETHUSDT,1695340800000,0.00002241
ETHUSDT,1695369600000,0.00002865
ETHUSDT,1695398400000,0.00003523
ETHUSDT,1695427200000,0.00002817
ETHUSDT,1695456000000,0.00002963
ETHUSDT,1695484800000,0.00002321
ETHUSDT,1695513600000,0.00002991
ETHUSDT,1695542400000,-0.00000558
ETHUSDT,1695571200000,0.00004671
ETHUSDT,1695600000000,0.00002857
ETHUSDT,1695628800000,0.00004305
ETHUSDT,1695657600000,0.0000513
ETHUSDT,1695686400000,0.00006471
ETHUSDT,1695715200000,0.00001558
ETHUSDT,1695744000000,0.00005673
ETHUSDT,1695772800000,0.0001
ETHUSDT,1695801600001,0.00000667
ETHUSDT,1695830400000,0.00004982
ETHUSDT,1695859200000,0.00000817
ETHUSDT,1695888000000,0.00004301
ETHUSDT,1695916800000,0.00002239
ETHUSDT,1695945600000,-0.00000393
ETHUSDT,1695974400000,0.00004429
ETHUSDT,1696003200000,0.00000012
ETHUSDT,1696032000000,0.00000907
ETHUSDT,1696060800000,-0.00002413
ETHUSDT,1696089600000,0.00001168
ETHUSDT,1696118400000,-0.00001276
ETHUSDT,1696147200000,0.00000822
ETHUSDT,1696176000000,0.00003599
ETHUSDT,1696204800000,0.0001
ETHUSDT,1696233600000,0.00006308
ETHUSDT,1696262400000,0.00006372
ETHUSDT,1696291200000,0.00000039
ETHUSDT,1696320000000,0.00001728
ETHUSDT,1696348800000,0.00007087
ETHUSDT,1696377600000,0.0000462
ETHUSDT,1696406400000,0.00000738
ETHUSDT,1696435200000,0.00002618
ETHUSDT,1696464000000,0.00002065
ETHUSDT,1696492800000,0.00002685
ETHUSDT,1696521600001,0.00002072
ETHUSDT,1696550400000,0.0001
ETHUSDT,1696579200000,0.00008473
ETHUSDT,1696608000000,0.00005905
ETHUSDT,1696636800000,0.00008468
ETHUSDT,1696665600000,0.00003736
ETHUSDT,1696694400000,0.00003615
ETHUSDT,1696723200000,0.00009048
ETHUSDT,1696752000001,0.00009246
ETHUSDT,1696780800000,0.00009791
ETHUSDT,1696809600000,0.0001
ETHUSDT,1696838400000,0.00006572
ETHUSDT,1696867200000,0.00003935
ETHUSDT,1696896000000,0.00006268
ETHUSDT,1696924800000,0.00008857
ETHUSDT,1696953600000,0.00005511
ETHUSDT,1696982400000,0.00002257
ETHUSDT,1697011200000,0.00005392
ETHUSDT,1697040000000,0.00004725
ETHUSDT,1697068800000,0.00004026
ETHUSDT,1697097600000,0.0000269
ETHUSDT,1697126400000,0.00007112
ETHUSDT,1697155200000,0.0000369
ETHUSDT,1697184000000,0.00003476
ETHUSDT,1697212800000,0.00002693
ETHUSDT,1697241600000,0.00001068
ETHUSDT,1697270400000,0.00003108
ETHUSDT,1697299200000,0.0000665
ETHUSDT,1697328000000,0.00007083
ETHUSDT,1697356800000,0.00005253
ETHUSDT,1697385600000,0.00002062
ETHUSDT,1697414400000,0.0000518
ETHUSDT,1697443200000,0.00004393
ETHUSDT,1697472000000,0.00008412
ETHUSDT,1697500800000,0.00001957
ETHUSDT,1697529600000,0.00002557
ETHUSDT,1697558400000,0.00006742
ETHUSDT,1697587200000,0.00005947
ETHUSDT,1697616000000,0.00001385
ETHUSDT,1697644800000,0.00006495
ETHUSDT,1697673600000,0.00004251
ETHUSDT,1697702400001,0.00002988
ETHUSDT,1697731200000,0.00005842
ETHUSDT,1697760000000,0.00003868
ETHUSDT,1697788800005,0.00005912
ETHUSDT,1697817600000,0.00007072
ETHUSDT,1697846400000,0.00004902
ETHUSDT,1697875200000,0.00001735
ETHUSDT,1697904000000,0.00003771
ETHUSDT,1697932800000,0.00007554
ETHUSDT,1697961600000,0.00002649
ETHUSDT,1697990400000,0.00000603
ETHUSDT,1698019200000,0.00009262
ETHUSDT,1698048000001,0.00001593
ETHUSDT,1698076800001,0.00001883
ETHUSDT,1698105600000,0.0001
ETHUSDT,1698134400000,0.0001
ETHUSDT,1698163200000,0.0001
ETHUSDT,1698192000000,0.0001
ETHUSDT,1698220800000,0.0001
ETHUSDT,1698249600001,0.0001
ETHUSDT,1698278400001,0.0001
ETHUSDT,1698307200000,0.0001
ETHUSDT,1698336000000,0.0001
ETHUSDT,1698364800000,0.0001
ETHUSDT,1698393600000,0.0001
ETHUSDT,1698422400000,0.0001
ETHUSDT,1698451200000,0.0001
ETHUSDT,1698480000001,0.0001
ETHUSDT,1698508800000,0.0001
ETHUSDT,1698537600000,0.0001
ETHUSDT,1698566400000,0.0001
ETHUSDT,1698595200000,0.0001
ETHUSDT,1698624000000,0.0001
ETHUSDT,1698652800000,0.0001
ETHUSDT,1698681600000,0.0001
ETHUSDT,1698710400001,0.0001
ETHUSDT,1698739200000,0.0001
ETHUSDT,1698768000000,0.0001
ETHUSDT,1698796800000,0.0001
ETHUSDT,1698825600000,0.0001
ETHUSDT,1698854400000,0.0001
ETHUSDT,1698883200001,0.00026784
ETHUSDT,1698912000000,0.00020558
ETHUSDT,1698940800000,0.0001
ETHUSDT,1698969600000,0.0001
ETHUSDT,1698998400000,0.0001
ETHUSDT,1699027200000,0.0001
ETHUSDT,1699056000000,0.0001
ETHUSDT,1699084800000,0.0001
ETHUSDT,1699113600000,0.0001
ETHUSDT,1699142400000,0.0001
ETHUSDT,1699171200000,0.0001
ETHUSDT,1699200000000,0.0001
ETHUSDT,1699228800000,0.0001
ETHUSDT,1699257600001,0.0001
ETHUSDT,1699286400000,0.0001
ETHUSDT,1699315200001,0.0001
ETHUSDT,1699344000000,0.0001
ETHUSDT,1699372800000,0.0001
ETHUSDT,1699401600000,0.0001
ETHUSDT,1699430400000,0.0001
ETHUSDT,1699459200000,0.0001
ETHUSDT,1699488000000,0.0001
ETHUSDT,1699516800000,0.0001
ETHUSDT,1699545600000,0.00071131
ETHUSDT,1699574400000,0.00027525
ETHUSDT,1699603200000,0.00041432
ETHUSDT,1699632000000,0.00012656
ETHUSDT,1699660800000,0.00013604
ETHUSDT,1699689600000,0.00013371
ETHUSDT,1699718400000,0.00027449
ETHUSDT,1699747200000,0.00016325
ETHUSDT,1699776000000,0.0001
ETHUSDT,1699804800001,0.00024299
ETHUSDT,1699833600000,0.0003299
ETHUSDT,1699862400000,0.00022787
ETHUSDT,1699891200000,0.00022833
ETHUSDT,1699920000000,0.00018828
ETHUSDT,1699948800000,0.00013623
ETHUSDT,1699977600001,0.0001
ETHUSDT,1700006400000,0.0001
ETHUSDT,1700035200000,0.0001
ETHUSDT,1700064000000,0.0001
ETHUSDT,1700092800000,0.0001
ETHUSDT,1700121600000,0.0001
ETHUSDT,1700150400001,0.0001
ETHUSDT,1700179200000,0.0001
ETHUSDT,1700208000001,0.0001
ETHUSDT,1700236800001,0.0001
ETHUSDT,1700265600000,0.0001
ETHUSDT,1700294400000,0.0001
ETHUSDT,1700323200000,0.0001
ETHUSDT,1700352000000,0.0001
ETHUSDT,1700380800000,0.0001
ETHUSDT,1700409600000,0.0001
ETHUSDT,1700438400000,0.0001
ETHUSDT,1700467200000,0.0001
ETHUSDT,1700496000000,0.0001
ETHUSDT,1700524800000,0.0001
ETHUSDT,1700553600000,0.0001
ETHUSDT,1700582400000,0.0001
ETHUSDT,1700611200000,0.0001
ETHUSDT,1700640000000,0.0001
ETHUSDT,1700668800000,0.0001
ETHUSDT,1700697600000,0.0001
ETHUSDT,1700726400000,0.0001
ETHUSDT,1700755200001,0.0001
ETHUSDT,1700784000000,0.0001
ETHUSDT,1700812800000,0.0001
ETHUSDT,1700841600000,0.0001
ETHUSDT,1700870400000,0.0001
ETHUSDT,1700899200000,0.0001
ETHUSDT,1700928000000,0.0001
ETHUSDT,1700956800000,0.0001
ETHUSDT,1700985600000,0.0001
ETHUSDT,1701014400000,0.0001
ETHUSDT,1701043200000,0.0001
ETHUSDT,1701072000001,0.0001
ETHUSDT,1701100800000,0.0001
ETHUSDT,1701129600000,0.0001
ETHUSDT,1701158400000,0.0001
ETHUSDT,1701187200000,0.0001
ETHUSDT,1701216000001,0.0001
ETHUSDT,1701244800000,0.0001
ETHUSDT,1701273600000,0.0001
ETHUSDT,1701302400000,0.0001
ETHUSDT,1701331200000,0.0001
ETHUSDT,1701360000000,0.0001
ETHUSDT,1701388800000,0.0001
ETHUSDT,1701417600000,0.0001
ETHUSDT,1701446400000,0.0001
ETHUSDT,1701475200000,0.0001
ETHUSDT,1701504000000,0.0001
ETHUSDT,1701532800000,0.0001
ETHUSDT,1701561600000,0.0001
ETHUSDT,1701590400000,0.0001
ETHUSDT,1701619200000,0.0001
ETHUSDT,1701648000000,0.0001
ETHUSDT,1701676800000,0.0001
ETHUSDT,1701705600000,0.0001
ETHUSDT,1701734400000,0.0001
ETHUSDT,1701763200000,0.0001
ETHUSDT,1701792000000,0.0001
ETHUSDT,1701820800000,0.0001
ETHUSDT,1701849600000,0.0001
ETHUSDT,1701878400000,0.0001
ETHUSDT,1701907200000,0.0001
ETHUSDT,1701936000000,0.0001
ETHUSDT,1701964800000,0.0001
ETHUSDT,1701993600000,0.00022693
ETHUSDT,1702022400000,0.00012399
ETHUSDT,1702051200000,0.00010417
ETHUSDT,1702080000000,0.00022528
ETHUSDT,1702108800000,0.00031293
ETHUSDT,1702137600000,0.00033485
ETHUSDT,1702166400000,0.00016658
ETHUSDT,1702195200000,0.00015944
ETHUSDT,1702224000000,0.00022842
ETHUSDT,1702252800000,0.00024112
ETHUSDT,1702281600000,0.0001
ETHUSDT,1702310400000,0.0001
ETHUSDT,1702339200000,0.0001
ETHUSDT,1702368000000,0.0001
ETHUSDT,1702396800000,0.0001
ETHUSDT,1702425600000,0.00012813
ETHUSDT,1702454400000,0.00015058
ETHUSDT,1702483200001,0.00010581
ETHUSDT,1702512000000,0.0001
ETHUSDT,1702540800000,0.0001
ETHUSDT,1702569600000,0.0001
ETHUSDT,1702598400000,0.0001
ETHUSDT,1702627200000,0.0001
ETHUSDT,1702656000000,0.00010419
ETHUSDT,1702684800000,0.0001
ETHUSDT,1702713600000,0.0001
ETHUSDT,1702742400001,0.0001
ETHUSDT,1702771200000,0.0001
ETHUSDT,1702800000000,0.0001
ETHUSDT,1702828800000,0.00011402
ETHUSDT,1702857600000,0.00015083
ETHUSDT,1702886400001,0.0001
ETHUSDT,1702915200000,0.0001
ETHUSDT,1702944000000,0.0001
ETHUSDT,1702972800000,0.0001
ETHUSDT,1703001600000,0.0001
ETHUSDT,1703030400000,0.0001
ETHUSDT,1703059200000,0.0001
ETHUSDT,1703088000000,0.00023154
ETHUSDT,1703116800000,0.00026163
ETHUSDT,1703145600000,0.0002655
ETHUSDT,1703174400000,0.00042074
ETHUSDT,1703203200000,0.00044152
ETHUSDT,1703232000000,0.00043341
ETHUSDT,1703260800000,0.00051141
ETHUSDT,1703289600000,0.0001854
ETHUSDT,1703318400001,0.00012586
ETHUSDT,1703347200000,0.00017945
ETHUSDT,1703376000000,0.00013318
ETHUSDT,1703404800000,0.00021857
ETHUSDT,1703433600000,0.00019769
ETHUSDT,1703462400000,0.00013827
ETHUSDT,1703491200000,0.00021479
ETHUSDT,1703520000000,0.0004388
ETHUSDT,1703548800000,0.00050051
ETHUSDT,1703577600000,0.00029501
ETHUSDT,1703606400000,0.00036888
ETHUSDT,1703635200000,0.0003153
ETHUSDT,1703664000000,0.00040955
ETHUSDT,1703692800000,0.00049072
ETHUSDT,1703721600000,0.00027263
ETHUSDT,1703750400000,0.00057135
ETHUSDT,1703779200000,0.00049862
ETHUSDT,1703808000001,0.00044508
ETHUSDT,1703836800000,0.00049499
ETHUSDT,1703865600000,0.00047123
ETHUSDT,1703894400001,0.00027255
ETHUSDT,1703923200000,0.00031443
ETHUSDT,1703952000000,0.00026513
ETHUSDT,1703980800000,0.00021714
ETHUSDT,1704009600001,0.00027824
ETHUSDT,1704038400000,0.00031621
ETHUSDT,1704067200000,0.00027858
ETHUSDT,1704096000000,0.00031096
ETHUSDT,1704124800000,0.00043011
ETHUSDT,1704153600000,0.00053505
ETHUSDT,1704182400000,0.0005124
ETHUSDT,1704211200000,0.00063801
ETHUSDT,1704240000000,0.00028538
ETHUSDT,1704268800000,0.00024384
ETHUSDT,1704297600000,0.0001
ETHUSDT,1704326400000,0.0001
ETHUSDT,1704355200000,0.0001
ETHUSDT,1704384000000,0.0001
ETHUSDT,1704412800001,0.0001
ETHUSDT,1704441600000,0.0001
ETHUSDT,1704470400000,0.0001
ETHUSDT,1704499200000,0.0001
ETHUSDT,1704528000000,0.0001
ETHUSDT,1704556800000,0.0001
ETHUSDT,1704585600000,0.0001
ETHUSDT,1704614400001,0.0001
ETHUSDT,1704643200001,0.0001
ETHUSDT,1704672000000,0.0001
ETHUSDT,1704700800000,0.0001
ETHUSDT,1704729600000,0.0001
ETHUSDT,1704758400001,0.0001
ETHUSDT,1704787200000,0.0001
ETHUSDT,1704816000000,0.0001
ETHUSDT,1704844800000,0.0001
ETHUSDT,1704873600000,0.0001
ETHUSDT,1704902400000,0.0001
ETHUSDT,1704931200000,0.0001
ETHUSDT,1704960000000,0.0001
ETHUSDT,1704988800000,0.0001
ETHUSDT,1705017600001,0.0001
ETHUSDT,1705046400000,0.0001
ETHUSDT,1705075200000,0.0001
ETHUSDT,1705104000000,0.0001
ETHUSDT,1705132800000,0.0001
ETHUSDT,1705161600001,0.0001
ETHUSDT,1705190400000,0.0001
ETHUSDT,1705219200000,0.0001
ETHUSDT,1705248000001,0.0001
ETHUSDT,1705276800000,0.0001
ETHUSDT,1705305600000,0.0001
ETHUSDT,1705334400000,0.0001
ETHUSDT,1705363200000,0.0001
ETHUSDT,1705392000000,0.0001
ETHUSDT,1705420800001,0.0001
ETHUSDT,1705449600000,0.0001
ETHUSDT,1705478400000,0.0001
ETHUSDT,1705507200000,0.0001
ETHUSDT,1705536000001,0.0001
ETHUSDT,1705564800000,0.0001
ETHUSDT,1705593600000,0.0001
ETHUSDT,1705622400000,0.0001
ETHUSDT,1705651200000,0.0001
ETHUSDT,1705680000002,0.0001
ETHUSDT,1705708800000,0.0001
ETHUSDT,1705737600003,0.0001
ETHUSDT,1705766400000,0.0001
ETHUSDT,1705795200000,0.0001
ETHUSDT,1705824000000,0.0001
ETHUSDT,1705852800000,0.0001
ETHUSDT,1705881600000,0.0001
ETHUSDT,1705910400000,0.0001
ETHUSDT,1705939200000,0.0001
ETHUSDT,1705968000000,0.0001
ETHUSDT,1705996800000,0.0001
ETHUSDT,1706025600000,0.0001
ETHUSDT,1706054400000,0.0001
ETHUSDT,1706083200000,0.0001
ETHUSDT,1706112000000,0.0001
ETHUSDT,1706140800000,0.0001
ETHUSDT,1706169600001,0.0001
ETHUSDT,1706198400000,0.0001
ETHUSDT,1706227200001,0.0001
ETHUSDT,1706256000000,0.0001
ETHUSDT,1706284800000,0.0001
ETHUSDT,1706313600000,0.00006877
ETHUSDT,1706342400000,0.0001
ETHUSDT,1706371200000,0.0001
ETHUSDT,1706400000000,0.00006557
ETHUSDT,1706428800000,0.00006135
ETHUSDT,1706457600000,0.00008266
ETHUSDT,1706486400000,0.0001
ETHUSDT,1706515200001,0.0001
ETHUSDT,1706544000000,0.0001
ETHUSDT,1706572800000,0.0001
ETHUSDT,1706601600000,0.00006195
ETHUSDT,1706630400001,0.0001
ETHUSDT,1706659200000,0.0001
ETHUSDT,1706688000000,0.0001
ETHUSDT,1706716800000,0.0001
ETHUSDT,1706745600000,0.00005527
ETHUSDT,1706774400000,0.00007871
ETHUSDT,1706803200002,0.0001
ETHUSDT,1706832000000,0.0001
ETHUSDT,1706860800000,0.00003678
ETHUSDT,1706889600000,0.0001
ETHUSDT,1706918400000,0.0000815
ETHUSDT,1706947200000,0.0001
ETHUSDT,1706976000001,0.00004476
ETHUSDT,1707004800000,0.0000318
ETHUSDT,1707033600004,0.00009094
ETHUSDT,1707062400000,0.0001
ETHUSDT,1707091200000,0.0001
ETHUSDT,1707120000000,0.0001
ETHUSDT,1707148800000,0.0001
ETHUSDT,1707177600000,0.00005691
ETHUSDT,1707206400001,0.0001
ETHUSDT,1707235200000,0.0001
ETHUSDT,1707264000000,0.00007659
ETHUSDT,1707292800000,0.00004883
ETHUSDT,1707321600000,0.00004309
ETHUSDT,1707350400000,0.0001
ETHUSDT,1707379200000,0.00007523
ETHUSDT,1707408000000,0.00009802
ETHUSDT,1707436800000,0.00007752
ETHUSDT,1707465600000,0.0001
ETHUSDT,1707494400001,0.0001
ETHUSDT,1707523200001,0.00007838
ETHUSDT,1707552000000,0.00009615
ETHUSDT,1707580800000,0.00009995
ETHUSDT,1707609600000,0.0001
ETHUSDT,1707638400001,0.0001
ETHUSDT,1707667200000,0.00004792
ETHUSDT,1707696000000,0.00005076
ETHUSDT,1707724800000,0.00009971
ETHUSDT,1707753600000,0.0001
ETHUSDT,1707782400000,0.0001
ETHUSDT,1707811200000,0.0001
ETHUSDT,1707840000000,0.0001
ETHUSDT,1707868800000,0.0001
ETHUSDT,1707897600000,0.0001
ETHUSDT,1707926400000,0.00013082
ETHUSDT,1707955200000,0.0001
ETHUSDT,1707984000000,0.00012136
ETHUSDT,1708012800000,0.00015412
ETHUSDT,1708041600000,0.00011125
ETHUSDT,1708070400000,0.00011597
ETHUSDT,1708099200000,0.0001
ETHUSDT,1708128000000,0.0001
ETHUSDT,1708156800000,0.0001
ETHUSDT,1708185600000,0.00013519
ETHUSDT,1708214400000,0.0001
ETHUSDT,1708243200000,0.0001114
ETHUSDT,1708272000000,0.0001
ETHUSDT,1708300800000,0.0001
ETHUSDT,1708329600000,0.0001
ETHUSDT,1708358400000,0.0001
ETHUSDT,1708387200000,0.000265
ETHUSDT,1708416000000,0.0001
ETHUSDT,1708444800000,0.00025431
ETHUSDT,1708473600000,0.00020319
ETHUSDT,1708502400000,0.00011802
ETHUSDT,1708531200000,0.0001
ETHUSDT,1708560000001,0.0001
ETHUSDT,1708588800001,0.0001
ETHUSDT,1708617600000,0.0001
ETHUSDT,1708646400000,0.0001
ETHUSDT,1708675200000,0.0001
ETHUSDT,1708704000000,0.0001
ETHUSDT,1708732800000,0.0001
ETHUSDT,1708761600001,0.0001
ETHUSDT,1708790400000,0.0001
ETHUSDT,1708819200001,0.0001
ETHUSDT,1708848000000,0.00025856
ETHUSDT,1708876800000,0.0002111
ETHUSDT,1708905600000,0.00059496
ETHUSDT,1708934400000,0.00018258
ETHUSDT,1708963200000,0.00020172
ETHUSDT,1708992000000,0.00028561
ETHUSDT,1709020800000,0.00066751
ETHUSDT,1709049600000,0.00029666
ETHUSDT,1709078400000,0.00033546
ETHUSDT,1709107200000,0.00032021
ETHUSDT,1709136000000,0.00043581
ETHUSDT,1709164800000,0.00062574
ETHUSDT,1709193600000,0.00073381
ETHUSDT,1709222400000,0.00075727
ETHUSDT,1709251200000,0.0005304
ETHUSDT,1709280000000,0.00039096
ETHUSDT,1709308800000,0.00052446
ETHUSDT,1709337600000,0.00048856
ETHUSDT,1709366400001,0.00057488
ETHUSDT,1709395200000,0.00055344
ETHUSDT,1709424000000,0.00039105
ETHUSDT,1709452800000,0.00038668
ETHUSDT,1709481600000,0.00037021
ETHUSDT,1709510400000,0.00041907
ETHUSDT,1709539200000,0.00028996
ETHUSDT,1709568000000,0.00050061
ETHUSDT,1709596800000,0.00038776
ETHUSDT,1709625600000,0.00101724
ETHUSDT,1709654400000,0.00082409
ETHUSDT,1709683200000,0.0002058
ETHUSDT,1709712000001,0.00038362
ETHUSDT,1709740800000,0.00040511
ETHUSDT,1709769600000,0.00035699
ETHUSDT,1709798400000,0.00039169
ETHUSDT,1709827200000,0.00044218
ETHUSDT,1709856000000,0.00042931
ETHUSDT,1709884800000,0.00057985
ETHUSDT,1709913600000,0.00048823
ETHUSDT,1709942400000,0.00033201
ETHUSDT,1709971200001,0.0003653
ETHUSDT,1710000000000,0.00035498
ETHUSDT,1710028800000,0.00034688
ETHUSDT,1710057600000,0.00049375
ETHUSDT,1710086400000,0.00029818
ETHUSDT,1710115200000,0.00029368
ETHUSDT,1710144000000,0.00067235
ETHUSDT,1710172800000,0.00064296
ETHUSDT,1710201600000,0.00068106
ETHUSDT,1710230400000,0.00037542
ETHUSDT,1710259200000,0.00048306
ETHUSDT,1710288000000,0.00046983
ETHUSDT,1710316800001,0.00060121
ETHUSDT,1710345600000,0.00044242
ETHUSDT,1710374400001,0.00040995
ETHUSDT,1710403200000,0.00050365
ETHUSDT,1710432000000,0.00035217
ETHUSDT,1710460800000,0.00040271
ETHUSDT,1710489600000,0.00023171
ETHUSDT,1710518400000,0.00033557
ETHUSDT,1710547200000,0.00018856
ETHUSDT,1710576000000,0.0002749
ETHUSDT,1710604800000,0.00028914
ETHUSDT,1710633600000,0.00013396
ETHUSDT,1710662400000,0.00011824
ETHUSDT,1710691200000,0.00030376
ETHUSDT,1710720000000,0.00017304
ETHUSDT,1710748800000,0.00026393
ETHUSDT,1710777600001,0.00029608
ETHUSDT,1710806400000,0.00028148
ETHUSDT,1710835200000,0.00023311
ETHUSDT,1710864000001,0.00013469
ETHUSDT,1710892800000,0.00016096
ETHUSDT,1710921600004,0.0001
ETHUSDT,1710950400000,0.0001
ETHUSDT,1710979200000,0.00019507
ETHUSDT,1711008000000,0.00013771
ETHUSDT,1711036800000,0.00017743
ETHUSDT,1711065600000,0.00022775
ETHUSDT,1711094400000,0.00023317
ETHUSDT,1711123200000,0.00016092
ETHUSDT,1711152000000,0.00010552
ETHUSDT,1711180800000,0.00012459
ETHUSDT,1711209600000,0.00013906
ETHUSDT,1711238400000,0.00012767
ETHUSDT,1711267200000,0.00017907
ETHUSDT,1711296000000,0.00017171
ETHUSDT,1711324800000,0.00020242
ETHUSDT,1711353600001,0.00011009
ETHUSDT,1711382400000,0.00022958
ETHUSDT,1711411200000,0.00039028
ETHUSDT,1711440000000,0.00018
ETHUSDT,1711468800000,0.00026242
ETHUSDT,1711497600000,0.00024667
ETHUSDT,1711526400001,0.00021635
ETHUSDT,1711555200000,0.00035332
ETHUSDT,1711584000000,0.00038952
ETHUSDT,1711612800000,0.00035672
ETHUSDT,1711641600000,0.00036879
ETHUSDT,1711670400000,0.00034117
ETHUSDT,1711699200000,0.00030332
ETHUSDT,1711728000000,0.00037327
ETHUSDT,1711756800000,0.00024188
ETHUSDT,1711785600000,0.00024854
ETHUSDT,1711814400000,0.00045204
ETHUSDT,1711843200000,0.00026461
ETHUSDT,1711872000000,0.00065366
ETHUSDT,1711900800001,0.00058292
ETHUSDT,1711929600000,0.00060909
ETHUSDT,1711958400000,0.00035798
ETHUSDT,1711987200000,0.00019362
ETHUSDT,1712016000007,0.00015034
ETHUSDT,1712044800015,0.0001
ETHUSDT,1712073600000,0.00012642
ETHUSDT,1712102400000,0.0001
ETHUSDT,1712131200000,0.0001
ETHUSDT,1712160000000,0.0001
ETHUSDT,1712188800000,0.0001
ETHUSDT,1712217600000,0.0001
ETHUSDT,1712246400000,0.0001
ETHUSDT,1712275200000,0.0001
ETHUSDT,1712304000000,0.0001
ETHUSDT,1712332800000,0.0001
ETHUSDT,1712361600000,0.00016732
ETHUSDT,1712390400000,0.0001
ETHUSDT,1712419200000,0.0001
ETHUSDT,1712448000000,0.0001
ETHUSDT,1712476800000,0.0001
ETHUSDT,1712505600000,0.0001
ETHUSDT,1712534400001,0.0001
ETHUSDT,1712563200000,0.0001
ETHUSDT,1712592000006,0.00031896
ETHUSDT,1712620800000,0.00024848
ETHUSDT,1712649600001,0.00010159
ETHUSDT,1712678400001,0.00015222
ETHUSDT,1712707200000,0.00018733
ETHUSDT,1712736000001,0.00015363
ETHUSDT,1712764800000,0.00013253
ETHUSDT,1712793600000,0.0001
ETHUSDT,1712822400000,0.00015483
ETHUSDT,1712851200000,0.0001
ETHUSDT,1712880000000,0.0001
ETHUSDT,1712908800001,0.0001
ETHUSDT,1712937600000,0.0001
ETHUSDT,1712966400000,0.0001
ETHUSDT,1712995200000,0.0001
ETHUSDT,1713024000001,0.0001
ETHUSDT,1713052800000,0.0001
ETHUSDT,1713081600000,0.0001
ETHUSDT,1713110400000,0.0001
ETHUSDT,1713139200000,0.0001
ETHUSDT,1713168000001,0.00005422
ETHUSDT,1713196800000,0.00008871
ETHUSDT,1713225600001,0.00007898
ETHUSDT,1713254400000,0.00008536
ETHUSDT,1713283200000,0.00005787
ETHUSDT,1713312000000,0.00009805
ETHUSDT,1713340800000,0.00000511
ETHUSDT,1713369600000,0.00000492
ETHUSDT,1713398400000,0.00003509
ETHUSDT,1713427200000,0.00002246
ETHUSDT,1713456000000,0.00006353
ETHUSDT,1713484800001,0.00003973
ETHUSDT,1713513600000,0.00008503
ETHUSDT,1713542400000,0.00005417
ETHUSDT,1713571200000,0.0001
ETHUSDT,1713600000000,0.00002386
ETHUSDT,1713628800000,0.00005114
ETHUSDT,1713657600000,0.00005559
ETHUSDT,1713686400000,-0.00000627
ETHUSDT,1713715200000,0.00004395
ETHUSDT,1713744000000,0.00003417
ETHUSDT,1713772800000,0.00004908
ETHUSDT,1713801600000,-0.00001974
ETHUSDT,1713830400000,0.00000674
ETHUSDT,1713859200000,0.00001147
ETHUSDT,1713888000001,0.00006979
ETHUSDT,1713916800000,0.00004713
ETHUSDT,1713945600000,0.00001937
ETHUSDT,1713974400000,0.00004804
ETHUSDT,1714003200000,0.00000466
ETHUSDT,1714032000000,0.00001706
ETHUSDT,1714060800010,0.0001
ETHUSDT,1714089600001,0.00001631
ETHUSDT,1714118400000,0.00003847
ETHUSDT,1714147200000,0.00004582
ETHUSDT,1714176000000,0.0001
ETHUSDT,1714204800001,0.00007026
ETHUSDT,1714233600000,0.00002355
ETHUSDT,1714262400000,0.00009322
ETHUSDT,1714291200000,0.000083
ETHUSDT,1714320000000,0.00008272
ETHUSDT,1714348800000,0.00008816
ETHUSDT,1714377600000,0.0001
ETHUSDT,1714406400000,0.00005981
ETHUSDT,1714435200000,0.00007518
ETHUSDT,1714464000000,0.00007389
ETHUSDT,1714492800000,0.00003887
ETHUSDT,1714521600000,0.00001865
ETHUSDT,1714550400000,0.0000489
ETHUSDT,1714579200000,0.00007347
ETHUSDT,1714608000000,-0.00000086
ETHUSDT,1714636800000,0.00009579
ETHUSDT,1714665600002,0.00007757
ETHUSDT,1714694400000,0.00004044
ETHUSDT,1714723200000,0.00002157
ETHUSDT,1714752000000,0.00003457
ETHUSDT,1714780800000,0.0000429
ETHUSDT,1714809600000,0.00008465
ETHUSDT,1714838400000,0.00007001
ETHUSDT,1714867200000,0.00008848
ETHUSDT,1714896000000,0.00009394
ETHUSDT,1714924800000,0.00005578
ETHUSDT,1714953600000,0.00005569
ETHUSDT,1714982400000,0.0001
ETHUSDT,1715011200000,0.00009025
ETHUSDT,1715040000000,0.00007342
ETHUSDT,1715068800000,0.00004028
ETHUSDT,1715097600000,0.00006978
ETHUSDT,1715126400000,0.00007764
ETHUSDT,1715155200000,0.00007236
ETHUSDT,1715184000000,0.0001
ETHUSDT,1715212800000,0.0001
ETHUSDT,1715241600000,0.0001
ETHUSDT,1715270400000,0.0001
ETHUSDT,1715299200000,0.0000904
ETHUSDT,1715328000000,0.0001
ETHUSDT,1715356800000,0.00005137
ETHUSDT,1715385600000,0.00007578
ETHUSDT,1715414400000,0.0000669
ETHUSDT,1715443200000,0.00008517
ETHUSDT,1715472000000,0.0000801
ETHUSDT,1715500800000,0.00007264
ETHUSDT,1715529600000,0.00006269
ETHUSDT,1715558400001,0.00005829
ETHUSDT,1715587200001,0.0001
ETHUSDT,1715616000000,0.0001
ETHUSDT,1715644800000,0.0001
ETHUSDT,1715673600000,0.0000814
ETHUSDT,1715702400000,0.00009124
ETHUSDT,1715731200000,0.0001
ETHUSDT,1715760000000,0.00008171
ETHUSDT,1715788800000,0.00009162
ETHUSDT,1715817600004,0.0001
ETHUSDT,1715846400000,0.00006453
ETHUSDT,1715875200000,0.00005401
ETHUSDT,1715904000000,0.00005324
ETHUSDT,1715932800000,0.00008531
ETHUSDT,1715961600000,0.00004333
ETHUSDT,1715990400000,0.00007513
ETHUSDT,1716019200000,0.00003431
ETHUSDT,1716048000000,0.00007815
ETHUSDT,1716076800000,0.00007388
ETHUSDT,1716105600000,0.00003451
ETHUSDT,1716134400000,0.00008825
ETHUSDT,1716163200000,0.00009672
ETHUSDT,1716192000000,0.00001916
ETHUSDT,1716220800003,0.00004643
ETHUSDT,1716249600000,0.0001
ETHUSDT,1716278400001,0.00019404
ETHUSDT,1716307200000,0.0001
ETHUSDT,1716336000000,0.00012452
ETHUSDT,1716364800000,0.00015189
ETHUSDT,1716393600000,0.0001
ETHUSDT,1716422400000,0.0001
ETHUSDT,1716451200000,0.0001
ETHUSDT,1716480000000,0.0001
ETHUSDT,1716508800000,0.0001
ETHUSDT,1716537600000,0.0001
ETHUSDT,1716566400000,0.0001
ETHUSDT,1716595200000,0.0001
ETHUSDT,1716624000000,0.0001
ETHUSDT,1716652800000,0.0001
ETHUSDT,1716681600000,0.0001
ETHUSDT,1716710400000,0.0001
ETHUSDT,1716739200000,0.0001
ETHUSDT,1716768000000,0.0001
ETHUSDT,1716796800000,0.0001
ETHUSDT,1716825600000,0.0001
ETHUSDT,1716854400000,0.0001
ETHUSDT,1716883200000,0.0001
ETHUSDT,1716912000000,0.0001219
ETHUSDT,1716940800001,0.00017485
ETHUSDT,1716969600000,0.0001
ETHUSDT,1716998400000,0.000177
ETHUSDT,1717027200000,0.00025357
ETHUSDT,1717056000000,0.00014202
ETHUSDT,1717084800000,0.00018706
ETHUSDT,1717113600000,0.0001
ETHUSDT,1717142400000,0.00010793
ETHUSDT,1717171200000,0.00012319
ETHUSDT,1717200000000,0.00017131
ETHUSDT,1717228800000,0.00013009
ETHUSDT,1717257600001,0.00011557
ETHUSDT,1717286400000,0.00015695
ETHUSDT,1717315200000,0.0001
ETHUSDT,1717344000000,0.0001
ETHUSDT,1717372800000,0.00012702
ETHUSDT,1717401600000,0.00015803
ETHUSDT,1717430400000,0.00012815
ETHUSDT,1717459200000,0.0001
ETHUSDT,1717488000000,0.0001
ETHUSDT,1717516800000,0.000108
ETHUSDT,1717545600000,0.00016969
ETHUSDT,1717574400000,0.0001
ETHUSDT,1717603200000,0.00010659
ETHUSDT,1717632000000,0.00019461
ETHUSDT,1717660800008,0.00020328
ETHUSDT,1717689600000,0.00014989
ETHUSDT,1717718400000,0.00016105
ETHUSDT,1717747200000,0.00013228
ETHUSDT,1717776000000,0.00017029
ETHUSDT,1717804800000,0.0001
ETHUSDT,1717833600000,0.0001
ETHUSDT,1717862400000,0.0001
ETHUSDT,1717891200000,0.0001
ETHUSDT,1717920000000,0.0001
ETHUSDT,1717948800001,0.0001
ETHUSDT,1717977600000,0.0001
ETHUSDT,1718006400000,0.0001
ETHUSDT,1718035200001,0.0001
ETHUSDT,1718064000001,0.0001
ETHUSDT,1718092800000,0.0001
ETHUSDT,1718121600000,0.0001
ETHUSDT,1718150400000,0.0001
ETHUSDT,1718179200000,0.0001
ETHUSDT,1718208000000,0.0001
ETHUSDT,1718236800000,0.0001
ETHUSDT,1718265600001,0.0001
ETHUSDT,1718294400000,0.0001
ETHUSDT,1718323200000,0.0001
ETHUSDT,1718352000000,0.0001
ETHUSDT,1718380800000,0.0001
ETHUSDT,1718409600000,0.0001
ETHUSDT,1718438400000,0.0001
ETHUSDT,1718467200000,0.0001
ETHUSDT,1718496000001,0.0001
ETHUSDT,1718524800000,0.0001
ETHUSDT,1718553600000,0.0001
ETHUSDT,1718582400000,0.0001
ETHUSDT,1718611200000,0.0001
ETHUSDT,1718640000000,0.00009137
ETHUSDT,1718668800000,0.00006649
ETHUSDT,1718697600000,0.00007836
ETHUSDT,1718726400000,0.00006211
ETHUSDT,1718755200001,0.0001
ETHUSDT,1718784000001,0.0001
ETHUSDT,1718812800000,0.00006122
ETHUSDT,1718841600000,0.0001
ETHUSDT,1718870400000,0.00006409
ETHUSDT,1718899200000,0.00003148
ETHUSDT,1718928000000,0.00000746
ETHUSDT,1718956800000,0.00002103
ETHUSDT,1718985600000,0.0001
ETHUSDT,1719014400000,0.00004564
ETHUSDT,1719043200000,0.00005837
ETHUSDT,1719072000000,0.00003914
ETHUSDT,1719100800000,0.0000671
ETHUSDT,1719129600000,0.00004594
ETHUSDT,1719158400000,0.00003591
ETHUSDT,1719187200002,0.00007672
ETHUSDT,1719216000000,0.0001
ETHUSDT,1719244800000,0.0000741
ETHUSDT,1719273600000,0.0001
ETHUSDT,1719302400000,0.0001
ETHUSDT,1719331200000,0.0001
ETHUSDT,1719360000002,0.0001
ETHUSDT,1719388800000,0.0001
ETHUSDT,1719417600000,0.0001
ETHUSDT,1719446400000,0.0001
ETHUSDT,1719475200001,0.0001
ETHUSDT,1719504000000,0.0001
ETHUSDT,1719532800000,0.0001
ETHUSDT,1719561600000,0.0001
ETHUSDT,1719590400000,0.0001
ETHUSDT,1719619200001,0.0001
ETHUSDT,1719648000000,0.0001
ETHUSDT,1719676800000,0.0001
ETHUSDT,1719705600000,0.0001
ETHUSDT,1719734400000,0.0001
ETHUSDT,1719763200000,0.0001
ETHUSDT,1719792000000,0.0001
ETHUSDT,1719820800000,0.0001
ETHUSDT,1719849600001,0.0001
ETHUSDT,1719878400000,0.0001
ETHUSDT,1719907200000,0.0001
ETHUSDT,1719936000000,0.0001
ETHUSDT,1719964800000,0.0001
ETHUSDT,1719993600001,0.0001
ETHUSDT,1720022400000,0.0001
ETHUSDT,1720051200000,0.0001
ETHUSDT,1720080000000,0.0001
ETHUSDT,1720108800000,0.0001
ETHUSDT,1720137600000,0.0001
ETHUSDT,1720166400000,0.0000955
ETHUSDT,1720195200000,0.00004923
ETHUSDT,1720224000000,0.00009007
ETHUSDT,1720252800000,0.00006597
ETHUSDT,1720281600000,0.00005847
ETHUSDT,1720310400001,0.00003941
ETHUSDT,1720339200000,0.00008938
ETHUSDT,1720368000000,0.00005389
ETHUSDT,1720396800000,0.0001
ETHUSDT,1720425600000,0.00003423
ETHUSDT,1720454400000,0.00009357
ETHUSDT,1720483200000,0.00005681
ETHUSDT,1720512000001,0.00001078
ETHUSDT,1720540800000,0.00007754
ETHUSDT,1720569600000,0.00003746
ETHUSDT,1720598400000,0.00001713
ETHUSDT,1720627200000,0.0001
ETHUSDT,1720656000002,0.00004282
ETHUSDT,1720684800002,0.00008656
ETHUSDT,1720713600004,0.00005603
ETHUSDT,1720742400000,0.0001
ETHUSDT,1720771200000,0.0000473
ETHUSDT,1720800000000,0.00007154
ETHUSDT,1720828800000,0.0001
ETHUSDT,1720857600000,0.0001
ETHUSDT,1720886400000,0.00007584
ETHUSDT,1720915200000,0.0001
ETHUSDT,1720944000000,0.00006352
ETHUSDT,1720972800000,0.00003194
ETHUSDT,1721001600000,0.00009653
ETHUSDT,1721030400000,0.00004043
ETHUSDT,1721059200000,0.0000469
ETHUSDT,1721088000000,0.00002643
ETHUSDT,1721116800000,0.00009799
ETHUSDT,1721145600000,0.00006395
ETHUSDT,1721174400000,0.00005824
ETHUSDT,1721203200001,0.00008064
ETHUSDT,1721232000000,0.00006113
ETHUSDT,1721260800000,0.0001
ETHUSDT,1721289600000,0.00006727
ETHUSDT,1721318400000,0.00003237
ETHUSDT,1721347200000,0.00004387
ETHUSDT,1721376000000,0.00008153
ETHUSDT,1721404800000,0.0001
ETHUSDT,1721433600001,0.00005271
ETHUSDT,1721462400000,0.00008573
ETHUSDT,1721491200000,0.00002468
ETHUSDT,1721520000000,0.0001
ETHUSDT,1721548800000,0.00001524
ETHUSDT,1721577600000,0.00006721
ETHUSDT,1721606400000,0.00009867
ETHUSDT,1721635200000,0.00007749
ETHUSDT,1721664000000,0.0000282
ETHUSDT,1721692800000,0.00007792
ETHUSDT,1721721600000,0.0001
ETHUSDT,1721750400000,0.00009013
ETHUSDT,1721779200000,0.00007865
ETHUSDT,1721808000000,0.00008396
ETHUSDT,1721836800000,0.00006706
ETHUSDT,1721865600000,0.0000946
ETHUSDT,1721894400000,0.00000204
ETHUSDT,1721923200000,0.0000372
ETHUSDT,1721952000000,0.00003903
ETHUSDT,1721980800000,0.00004196
ETHUSDT,1722009600000,0.00004001
ETHUSDT,1722038400000,0.0000305
ETHUSDT,1722067200000,0.00007422
ETHUSDT,1722096000000,0.0000178
ETHUSDT,1722124800000,0.0001
ETHUSDT,1722153600000,0.0001
ETHUSDT,1722182400001,0.0001
ETHUSDT,1722211200001,0.00008174
ETHUSDT,1722240000000,0.0001
ETHUSDT,1722268800001,0.0001
ETHUSDT,1722297600000,0.0001
ETHUSDT,1722326400001,0.0001
ETHUSDT,1722355200000,0.0001
ETHUSDT,1722384000000,0.0001
ETHUSDT,1722412800000,0.0001
ETHUSDT,1722441600000,0.0001
ETHUSDT,1722470400000,0.0001
ETHUSDT,1722499200000,0.00005973
ETHUSDT,1722528000000,0.0001
ETHUSDT,1722556800000,0.00007641
ETHUSDT,1722585600001,0.00007771
ETHUSDT,1722614400000,0.00003785
ETHUSDT,1722643200000,0.00008493
ETHUSDT,1722672000000,0.0000292
ETHUSDT,1722700800001,0.0000482
ETHUSDT,1722729600000,0.00004181
ETHUSDT,1722758400000,0.00001635
ETHUSDT,1722787200000,0.00006815
ETHUSDT,1722816000000,-0.000017
ETHUSDT,1722844800000,-0.00000458
ETHUSDT,1722873600000,-0.00005766
ETHUSDT,1722902400000,-0.00002276
ETHUSDT,1722931200000,-0.00010667
ETHUSDT,1722960000000,-0.0000111
ETHUSDT,1722988800000,-0.0000425
ETHUSDT,1723017600001,-0.00000616
ETHUSDT,1723046400000,-0.00004478
ETHUSDT,1723075200001,-0.00004377
ETHUSDT,1723104000000,-0.00001083
ETHUSDT,1723132800000,-0.00003437
ETHUSDT,1723161600000,0.00001139
ETHUSDT,1723190400000,0.00004212
ETHUSDT,1723219200000,-0.00002753
ETHUSDT,1723248000000,-0.00004249
ETHUSDT,1723276800000,0.00003504
ETHUSDT,1723305600000,0.00001614
ETHUSDT,1723334400000,-0.00000882
ETHUSDT,1723363200000,0.00000973
ETHUSDT,1723392000001,0.00000346
ETHUSDT,1723420800000,0.00001047
ETHUSDT,1723449600000,0.00006766
ETHUSDT,1723478400000,0.00006424
ETHUSDT,1723507200000,0.00007892
ETHUSDT,1723536000000,-0.00006036
ETHUSDT,1723564800000,-0.00004532
ETHUSDT,1723593600000,0.00000555
ETHUSDT,1723622400000,0.00003166
ETHUSDT,1723651200000,-0.00003462
ETHUSDT,1723680000000,0.00005044
ETHUSDT,1723708800000,0.00007775
ETHUSDT,1723737600000,0.00000662
ETHUSDT,1723766400000,-0.00001182
ETHUSDT,1723795200000,0.00002105
ETHUSDT,1723824000000,0.00003363
ETHUSDT,1723852800000,0.00002448
ETHUSDT,1723881600000,-0.00002485
ETHUSDT,1723910400000,-0.00003471
ETHUSDT,1723939200000,0.00000782
ETHUSDT,1723968000000,-0.00004706
ETHUSDT,1723996800000,-0.00000142
ETHUSDT,1724025600000,-0.0000366
ETHUSDT,1724054400000,0.00000859
ETHUSDT,1724083200002,-0.0000153
ETHUSDT,1724112000000,0.00000969
ETHUSDT,1724140800000,0.00001977
ETHUSDT,1724169600001,-0.00002726
ETHUSDT,1724198400001,0.0000133
ETHUSDT,1724227200000,0.00002306
ETHUSDT,1724256000001,0.00004139
ETHUSDT,1724284800000,-0.00000946
ETHUSDT,1724313600000,0.00003544
ETHUSDT,1724342400008,0.0000201
ETHUSDT,1724371200000,0.00006601
ETHUSDT,1724400000000,0.00006071
ETHUSDT,1724428800000,-0.00000172
ETHUSDT,1724457600000,-0.00001504
ETHUSDT,1724486400005,0.0000097
ETHUSDT,1724515200000,0.00000581
ETHUSDT,1724544000000,-0.00003389
ETHUSDT,1724572800000,0.00003311
ETHUSDT,1724601600000,0.00002579
ETHUSDT,1724630400000,0.00002145
ETHUSDT,1724659200001,0.00005677
ETHUSDT,1724688000000,0.00006339
ETHUSDT,1724716800001,0.00009438
ETHUSDT,1724745600000,0.00005093
ETHUSDT,1724774400000,0.00007429
ETHUSDT,1724803200000,-0.00006098
ETHUSDT,1724832000000,-0.00000762
ETHUSDT,1724860800001,0.00001459
ETHUSDT,1724889600000,0.0000116
ETHUSDT,1724918400001,0.00000212
ETHUSDT,1724947200000,-0.00000409
ETHUSDT,1724976000000,0.0000549
ETHUSDT,1725004800000,0.00003483
ETHUSDT,1725033600000,0.00001032
ETHUSDT,1725062400000,0.00007976
ETHUSDT,1725091200000,0.00007237
ETHUSDT,1725120000000,0.00007811
ETHUSDT,1725148800000,0.00004499
ETHUSDT,1725177600001,0.00005272
ETHUSDT,1725206400000,0.00004183
ETHUSDT,1725235200001,-0.00002406
ETHUSDT,1725264000001,0.00003904
ETHUSDT,1725292800000,0.00007064
ETHUSDT,1725321600000,0.0000567
ETHUSDT,1725350400001,0.00004883
ETHUSDT,1725379200000,0.00005216
ETHUSDT,1725408000000,0.00008054
ETHUSDT,1725436800000,-0.00001109
ETHUSDT,1725465600000,0.00005833
ETHUSDT,1725494400000,0.00004539
ETHUSDT,1725523200000,0.0000241
ETHUSDT,1725552000005,0.00003166
ETHUSDT,1725580800000,0.00003662
ETHUSDT,1725609600001,0.00004871
ETHUSDT,1725638400000,0.00004007
ETHUSDT,1725667200000,0.00000241
ETHUSDT,1725696000000,-0.00000537
ETHUSDT,1725724800000,0.00002652
ETHUSDT,1725753600000,0.00005363
ETHUSDT,1725782400000,0.00003089
ETHUSDT,1725811200000,0.00001827
ETHUSDT,1725840000000,0.00000767
ETHUSDT,1725868800000,0.00003085
ETHUSDT,1725897600001,-0.00001156
ETHUSDT,1725926400000,0.00001082
ETHUSDT,1725955200000,-0.00003453
ETHUSDT,1725984000000,0.00000228
ETHUSDT,1726012800000,0.00002484
ETHUSDT,1726041600000,0.00001804
ETHUSDT,1726070400000,-0.00001796
ETHUSDT,1726099200000,0.00002592
ETHUSDT,1726128000000,0.00002496
ETHUSDT,1726156800000,0.00001134
ETHUSDT,1726185600000,0.00004291
ETHUSDT,1726214400001,0.00005003
ETHUSDT,1726243200001,0.00005073
ETHUSDT,1726272000000,0.00000845
ETHUSDT,1726300800000,-0.00000415
ETHUSDT,1726329600001,0.00000135
ETHUSDT,1726358400000,-0.00000267
ETHUSDT,1726387200000,0.00001355
ETHUSDT,1726416000000,0.00002131
ETHUSDT,1726444800000,0.00003228
ETHUSDT,1726473600001,-0.00006942
ETHUSDT,1726502400000,-0.00001149
ETHUSDT,1726531200001,0.00007742
ETHUSDT,1726560000000,0.00002423
ETHUSDT,1726588800000,0.0000573
ETHUSDT,1726617600000,0.00004792
ETHUSDT,1726646400000,0.00003074
ETHUSDT,1726675200004,0.00002329
ETHUSDT,1726704000000,0.00007727
ETHUSDT,1726732800000,0.00008266
ETHUSDT,1726761600001,0.00002391
ETHUSDT,1726790400000,0.0001
ETHUSDT,1726819200001,0.00009734
ETHUSDT,1726848000000,0.0001
ETHUSDT,1726876800001,0.00006668
ETHUSDT,1726905600000,0.00006665
ETHUSDT,1726934400000,0.00004536
ETHUSDT,1726963200000,0.00004896
ETHUSDT,1726992000000,0.00005198
ETHUSDT,1727020800000,0.0001
ETHUSDT,1727049600000,0.00002548
ETHUSDT,1727078400000,0.00006821
ETHUSDT,1727107200000,0.00006476
ETHUSDT,1727136000000,0.0000385
ETHUSDT,1727164800000,0.00004791
ETHUSDT,1727193600001,0.00004739
ETHUSDT,1727222400000,0.00002445
ETHUSDT,1727251200003,0.00005722
ETHUSDT,1727280000000,0.00003538
ETHUSDT,1727308800005,0.00007493
ETHUSDT,1727337600000,0.00008119
ETHUSDT,1727366400000,0.0001
ETHUSDT,1727395200000,0.00009625
ETHUSDT,1727424000000,0.00007694
ETHUSDT,1727452800000,0.00006276
ETHUSDT,1727481600000,0.0001
ETHUSDT,1727510400001,0.00006231
ETHUSDT,1727539200000,0.00007162
ETHUSDT,1727568000001,0.00003315
ETHUSDT,1727596800000,0.00006785
ETHUSDT,1727625600000,0.00008854
ETHUSDT,1727654400000,0.00006161
ETHUSDT,1727683200001,0.0000862
ETHUSDT,1727712000000,0.0001
ETHUSDT,1727740800000,0.0001
ETHUSDT,1727769600000,0.0001
ETHUSDT,1727798400001,0.00008397
ETHUSDT,1727827200000,0.0001
ETHUSDT,1727856000000,0.00006859
ETHUSDT,1727884800000,0.0001
ETHUSDT,1727913600000,0.00002418
ETHUSDT,1727942400000,0.00004124
ETHUSDT,1727971200000,0.00004621
ETHUSDT,1728000000000,0.00005138
ETHUSDT,1728028800000,0.00003739
ETHUSDT,1728057600001,0.000039
ETHUSDT,1728086400000,0.0001
ETHUSDT,1728115200000,0.00007909
ETHUSDT,1728144000000,0.00005458
ETHUSDT,1728172800000,0.00009056
ETHUSDT,1728201600001,0.00005234
ETHUSDT,1728230400000,0.00003309
ETHUSDT,1728259200000,0.0000336
ETHUSDT,1728288000000,0.00009258
ETHUSDT,1728316800001,0.00002612
ETHUSDT,1728345600000,0.00006592
ETHUSDT,1728374400000,0.0001
ETHUSDT,1728403200000,0.00008377
ETHUSDT,1728432000000,0.0001
ETHUSDT,1728460800000,0.0000364
ETHUSDT,1728489600000,0.0001
ETHUSDT,1728518400000,0.00006663
ETHUSDT,1728547200000,0.0001
ETHUSDT,1728576000000,0.0001
ETHUSDT,1728604800000,0.0001
ETHUSDT,1728633600000,0.00009474
ETHUSDT,1728662400001,0.00005977
ETHUSDT,1728691200000,0.00004445
ETHUSDT,1728720000001,0.0001
ETHUSDT,1728748800000,0.0000735
ETHUSDT,1728777600000,0.00007928
ETHUSDT,1728806400000,0.00003958
ETHUSDT,1728835200000,0.00001763
ETHUSDT,1728864000000,0.00006559
ETHUSDT,1728892800000,0.0001
ETHUSDT,1728921600000,0.0001
ETHUSDT,1728950400000,0.0001
ETHUSDT,1728979200000,0.0001
ETHUSDT,1729008000000,0.0001
ETHUSDT,1729036800000,0.0001
ETHUSDT,1729065600001,0.0001
ETHUSDT,1729094400000,0.0001
ETHUSDT,1729123200000,0.0001
ETHUSDT,1729152000000,0.0001
ETHUSDT,1729180800001,0.0001
ETHUSDT,1729209600010,0.0001
ETHUSDT,1729238400001,0.0001
ETHUSDT,1729267200000,0.0001
ETHUSDT,1729296000000,0.0001
ETHUSDT,1729324800000,0.0001
ETHUSDT,1729353600000,0.0001
ETHUSDT,1729382400000,0.0001
ETHUSDT,1729411200000,0.0001
ETHUSDT,1729440000000,0.0001
ETHUSDT,1729468800000,0.0001
ETHUSDT,1729497600000,0.0001
ETHUSDT,1729526400000,0.0001
ETHUSDT,1729555200000,0.0001
ETHUSDT,1729584000000,0.0001
ETHUSDT,1729612800000,0.0001
ETHUSDT,1729641600000,0.0001
ETHUSDT,1729670400000,0.0001
ETHUSDT,1729699200000,0.0001
ETHUSDT,1729728000000,0.0001
ETHUSDT,1729756800000,0.0001
ETHUSDT,1729785600000,0.0001
ETHUSDT,1729814400000,0.0001
ETHUSDT,1729843200000,0.0001
ETHUSDT,1729872000000,0.0001
ETHUSDT,1729900800000,0.0001
ETHUSDT,1729929600001,0.0001
ETHUSDT,1729958400000,0.0001
ETHUSDT,1729987200000,0.0001
ETHUSDT,1730016000000,0.0001
ETHUSDT,1730044800000,0.0001
ETHUSDT,1730073600000,0.0001
ETHUSDT,1730102400001,0.0001
ETHUSDT,1730131200000,0.0001
ETHUSDT,1730160000000,0.0001
ETHUSDT,1730188800000,0.0001
ETHUSDT,1730217600004,0.0001
ETHUSDT,1730246400000,0.0001
ETHUSDT,1730275200000,0.0001
ETHUSDT,1730304000013,0.0001
ETHUSDT,1730332800000,0.0001
ETHUSDT,1730361600000,0.0001
ETHUSDT,1730390400000,0.0001
ETHUSDT,1730419200000,0.0001
ETHUSDT,1730448000000,0.0001
ETHUSDT,1730476800000,0.0001
ETHUSDT,1730505600000,0.0001
ETHUSDT,1730534400000,0.0001
ETHUSDT,1730563200000,0.0001
ETHUSDT,1730592000000,0.0001
ETHUSDT,1730620800000,0.0001
ETHUSDT,1730649600000,0.0001
ETHUSDT,1730678400000,0.0001
ETHUSDT,1730707200000,0.0001
ETHUSDT,1730736000000,0.0001
ETHUSDT,1730764800000,0.0001
ETHUSDT,1730793600003,0.0001
ETHUSDT,1730822400001,0.0001
ETHUSDT,1730851200000,0.00009511
ETHUSDT,1730880000000,0.0001
ETHUSDT,1730908800000,0.0001
ETHUSDT,1730937600000,0.0001
ETHUSDT,1730966400000,0.00014885
ETHUSDT,1730995200000,0.0001
ETHUSDT,1731024000000,0.0001
ETHUSDT,1731052800000,0.0001
ETHUSDT,1731081600000,0.0001
ETHUSDT,1731110400000,0.0001
ETHUSDT,1731139200000,0.0001
ETHUSDT,1731168000000,0.0001
ETHUSDT,1731196800000,0.0001
ETHUSDT,1731225600000,0.0001
ETHUSDT,1731254400000,0.00026708
ETHUSDT,1731283200001,0.00028976
ETHUSDT,1731312000000,0.0001881
ETHUSDT,1731340800000,0.00017298
ETHUSDT,1731369600002,0.00017687
ETHUSDT,1731398400000,0.0005762
ETHUSDT,1731427200000,0.00046001
ETHUSDT,1731456000000,0.00013607
ETHUSDT,1731484800010,0.00033556
ETHUSDT,1731513600000,0.00012894
ETHUSDT,1731542400001,0.0001058
ETHUSDT,1731571200000,0.0001
ETHUSDT,1731600000000,0.0001
ETHUSDT,1731628800000,0.00013133
ETHUSDT,1731657600000,0.00013108
ETHUSDT,1731686400000,0.0001
ETHUSDT,1731715200001,0.00018215
ETHUSDT,1731744000001,0.0001
ETHUSDT,1731772800000,0.00011351
ETHUSDT,1731801600000,0.0001
ETHUSDT,1731830400000,0.0001
ETHUSDT,1731859200001,0.00019685
ETHUSDT,1731888000000,0.00019865
ETHUSDT,1731916800000,0.00031651
ETHUSDT,1731945600000,0.00019762
ETHUSDT,1731974400000,0.00040458
ETHUSDT,1732003200000,0.00021234
ETHUSDT,1732032000000,0.00015353
ETHUSDT,1732060800003,0.00017369
ETHUSDT,1732089600000,0.00019505
ETHUSDT,1732118400000,0.00013619
ETHUSDT,1732147200001,0.0001
ETHUSDT,1732176000000,0.0001
ETHUSDT,1732204800001,0.00020146
ETHUSDT,1732233600000,0.0003418
ETHUSDT,1732262400000,0.00029201
ETHUSDT,1732291200001,0.00022123
ETHUSDT,1732320000000,0.00015103
ETHUSDT,1732348800000,0.00032558
ETHUSDT,1732377600000,0.00037006
ETHUSDT,1732406400001,0.00027011
ETHUSDT,1732435200000,0.00023721
ETHUSDT,1732464000000,0.00027264
ETHUSDT,1732492800000,0.00017259
ETHUSDT,1732521600000,0.00023935
ETHUSDT,1732550400000,0.00031797
ETHUSDT,1732579200000,0.0002448
ETHUSDT,1732608000000,0.0001227
ETHUSDT,1732636800000,0.0001819
ETHUSDT,1732665600000,0.00021068
ETHUSDT,1732694400000,0.00020895
ETHUSDT,1732723200001,0.00015706
ETHUSDT,1732752000000,0.00015948
ETHUSDT,1732780800000,0.0001647
ETHUSDT,1732809600000,0.0001
ETHUSDT,1732838400000,0.0001
ETHUSDT,1732867200000,0.00015354
ETHUSDT,1732896000000,0.0001
ETHUSDT,1732924800000,0.00017097
ETHUSDT,1732953600000,0.0002474
ETHUSDT,1732982400000,0.00012425
ETHUSDT,1733011200000,0.00011863
ETHUSDT,1733040000000,0.00013737
ETHUSDT,1733068800000,0.00015064
ETHUSDT,1733097600001,0.00036131
ETHUSDT,1733126400001,0.0002931
ETHUSDT,1733155200000,0.00028383
ETHUSDT,1733184000000,0.00026464
ETHUSDT,1733212800000,0.00034689
ETHUSDT,1733241600000,0.00014297
ETHUSDT,1733270400000,0.00018732
ETHUSDT,1733299200000,0.00015899
ETHUSDT,1733328000000,0.00019842
ETHUSDT,1733356800001,0.00023652
ETHUSDT,1733385600000,0.00049482
ETHUSDT,1733414400000,0.00031177
ETHUSDT,1733443200000,0.00014294
ETHUSDT,1733472000000,0.0002554
ETHUSDT,1733500800000,0.0002635
ETHUSDT,1733529600000,0.0003059
ETHUSDT,1733558400000,0.00024299
ETHUSDT,1733587200000,0.00023099
ETHUSDT,1733616000000,0.00020864
ETHUSDT,1733644800000,0.00023941
ETHUSDT,1733673600000,0.00018574
ETHUSDT,1733702400000,0.00020272
ETHUSDT,1733731200000,0.0001
ETHUSDT,1733760000001,0.00013421
ETHUSDT,1733788800007,0.0001
ETHUSDT,1733817600000,0.0001
ETHUSDT,1733846400000,0.0001
ETHUSDT,1733875200000,0.0001
ETHUSDT,1733904000000,0.0001
ETHUSDT,1733932800001,0.0001
ETHUSDT,1733961600001,0.0001
ETHUSDT,1733990400000,0.0001
ETHUSDT,1734019200001,0.0001
ETHUSDT,1734048000000,0.0001
ETHUSDT,1734076800000,0.0001
ETHUSDT,1734105600001,0.0001
ETHUSDT,1734134400000,0.0001
ETHUSDT,1734163200000,0.0001
ETHUSDT,1734192000000,0.0001
ETHUSDT,1734220800000,0.0001
ETHUSDT,1734249600000,0.0001
ETHUSDT,1734278400000,0.00009404
ETHUSDT,1734307200000,0.00008662
ETHUSDT,1734336000001,0.0001
ETHUSDT,1734364800000,0.0001
ETHUSDT,1734393600000,0.0001
ETHUSDT,1734422400000,0.0001
ETHUSDT,1734451200000,0.0001
ETHUSDT,1734480000000,0.00008046
ETHUSDT,1734508800000,0.0001
ETHUSDT,1734537600000,0.0001
ETHUSDT,1734566400000,0.00006104
ETHUSDT,1734595200000,0.00007438
ETHUSDT,1734624000000,0.00007373
ETHUSDT,1734652800000,0.0001
ETHUSDT,1734681600001,0.0001
ETHUSDT,1734710400014,0.0001
ETHUSDT,1734739200000,0.00006352
ETHUSDT,1734768000000,0.0001
ETHUSDT,1734796800001,0.0001
ETHUSDT,1734825600000,0.0001
ETHUSDT,1734854400000,0.0001
ETHUSDT,1734883200000,0.0000537
ETHUSDT,1734912000000,0.00005686
ETHUSDT,1734940800000,0.00005398
ETHUSDT,1734969600001,0.00008674
ETHUSDT,1734998400000,0.0001
ETHUSDT,1735027200000,0.00008121
ETHUSDT,1735056000001,0.00002757
ETHUSDT,1735084800001,0.00004454
ETHUSDT,1735113600000,0.0000655
ETHUSDT,1735142400000,0.00001254
ETHUSDT,1735171200000,0.0001
ETHUSDT,1735200000000,0.0001
ETHUSDT,1735228800000,0.00006305
ETHUSDT,1735257600000,0.0001
ETHUSDT,1735286400000,0.00008428
ETHUSDT,1735315200000,0.00005349
ETHUSDT,1735344000001,0.0001
ETHUSDT,1735372800000,0.0001
ETHUSDT,1735401600000,0.00009336
ETHUSDT,1735430400000,0.00005941
ETHUSDT,1735459200000,0.00005146
ETHUSDT,1735488000000,0.00009485
ETHUSDT,1735516800000,0.0001
ETHUSDT,1735545600001,0.0001
ETHUSDT,1735574400000,0.0001
ETHUSDT,1735603200000,0.0001
ETHUSDT,1735632000000,0.00008514
ETHUSDT,1735660800000,0.0001
ETHUSDT,1735689600015,0.0001
ETHUSDT,1735718400000,0.0001
ETHUSDT,1735747200001,0.0001
ETHUSDT,1735776000000,0.0001
ETHUSDT,1735804800006,0.0001
ETHUSDT,1735833600000,0.0001
ETHUSDT,1735862400000,0.0001
ETHUSDT,1735891200000,0.0001
ETHUSDT,1735920000000,0.0001
ETHUSDT,1735948800000,0.0001
ETHUSDT,1735977600000,0.0001
ETHUSDT,1736006400000,0.0001
ETHUSDT,1736035200000,0.0001
ETHUSDT,1736064000000,0.0001
ETHUSDT,1736092800000,0.0001
ETHUSDT,1736121600000,0.0001
ETHUSDT,1736150400001,0.0001
ETHUSDT,1736179200000,0.0001
ETHUSDT,1736208000000,0.0001
ETHUSDT,1736236800000,0.0001
ETHUSDT,1736265600008,0.0001
ETHUSDT,1736294400001,0.00009658
ETHUSDT,1736323200000,0.0001
ETHUSDT,1736352000000,0.0001
ETHUSDT,1736380800000,0.00006609
ETHUSDT,1736409600000,0.0001
ETHUSDT,1736438400000,0.0001
ETHUSDT,1736467200000,0.00007573
ETHUSDT,1736496000000,0.00006162
ETHUSDT,1736524800000,0.0001
ETHUSDT,1736553600000,0.00006574
ETHUSDT,1736582400000,0.0000565
ETHUSDT,1736611200000,0.0001
ETHUSDT,1736640000000,0.0001
ETHUSDT,1736668800000,0.0001
ETHUSDT,1736697600000,0.00008134
ETHUSDT,1736726400000,0.0001
ETHUSDT,1736755200000,0.00009353
ETHUSDT,1736784000000,0.00003392
ETHUSDT,1736812800000,0.00005423
ETHUSDT,1736841600000,0.00007452
ETHUSDT,1736870400000,0.00007652
ETHUSDT,1736899200000,0.00004503
ETHUSDT,1736928000000,0.00005924
ETHUSDT,1736956800000,0.00005443
ETHUSDT,1736985600000,0.0001
ETHUSDT,1737014400000,0.00008311
ETHUSDT,1737043200000,0.00005275
ETHUSDT,1737072000004,0.0001
ETHUSDT,1737100800000,0.0001
ETHUSDT,1737129600008,0.0001
ETHUSDT,1737158400000,0.0001
ETHUSDT,1737187200007,0.0001
ETHUSDT,1737216000000,0.0001
ETHUSDT,1737244800000,0.0001
ETHUSDT,1737273600000,0.0001
ETHUSDT,1737302400000,0.0001
ETHUSDT,1737331200000,0.0001
ETHUSDT,1737360000009,0.0001
ETHUSDT,1737388800000,0.0001
ETHUSDT,1737417600000,0.0001
ETHUSDT,1737446400000,0.0001
ETHUSDT,1737475200000,0.0001
ETHUSDT,1737504000000,0.0001
ETHUSDT,1737532800000,0.0001
ETHUSDT,1737561600000,0.0001
ETHUSDT,1737590400001,0.0001
ETHUSDT,1737619200000,0.0001
ETHUSDT,1737648000000,0.0001
ETHUSDT,1737676800000,0.0001
ETHUSDT,1737705600000,0.0001
ETHUSDT,1737734400000,0.0001
ETHUSDT,1737763200000,0.00006904
ETHUSDT,1737792000000,0.00007065
ETHUSDT,1737820800001,0.0000841
ETHUSDT,1737849600000,0.00009663
ETHUSDT,1737878400000,0.00009725
ETHUSDT,1737907200000,0.00003849
ETHUSDT,1737936000000,-0.00000276
ETHUSDT,1737964800000,0.00003922
ETHUSDT,1737993600000,0.00003069
ETHUSDT,1738022400000,0.0001
ETHUSDT,1738051200000,0.00004046
ETHUSDT,1738080000000,0.00005904
ETHUSDT,1738108800000,0.0001
ETHUSDT,1738137600000,0.00006567
ETHUSDT,1738166400000,0.00008686
ETHUSDT,1738195200000,0.00002287
ETHUSDT,1738224000000,0.0001
ETHUSDT,1738252800000,0.00007055
ETHUSDT,1738281600000,0.00009386
ETHUSDT,1738310400000,0.00007998
ETHUSDT,1738339200000,0.0001
ETHUSDT,1738368000000,0.00008432
ETHUSDT,1738396800000,0.00009742
ETHUSDT,1738425600000,0.00003573
ETHUSDT,1738454400001,0.00007609
ETHUSDT,1738483200000,0.0001
ETHUSDT,1738512000000,0.000026
ETHUSDT,1738540800000,0.00003237
ETHUSDT,1738569600000,-0.00016657
ETHUSDT,1738598400000,-0.00025121
ETHUSDT,1738627200000,-0.00010653
ETHUSDT,1738656000001,0.0000107
ETHUSDT,1738684800000,-0.00008177
ETHUSDT,1738713600001,-0.00008329
ETHUSDT,1738742400001,0.00005754
ETHUSDT,1738771200000,-0.00002404
ETHUSDT,1738800000001,0.00004939
ETHUSDT,1738828800001,-0.00000535
ETHUSDT,1738857600000,-0.00007747
ETHUSDT,1738886400000,0.00002439
ETHUSDT,1738915200000,0.00002905
ETHUSDT,1738944000000,-0.00001197
ETHUSDT,1738972800000,-0.00001894
ETHUSDT,1739001600000,0.00009532
ETHUSDT,1739030400000,0.0000693
ETHUSDT,1739059200000,-0.00000364
ETHUSDT,1739088000000,0.00005479
ETHUSDT,1739116800000,0.0000502
ETHUSDT,1739145600000,0.00000911
ETHUSDT,1739174400000,0.00007074
ETHUSDT,1739203200000,0.00005396
ETHUSDT,1739232000000,-0.00000572
ETHUSDT,1739260800000,0.0000426
ETHUSDT,1739289600000,-0.00001236
ETHUSDT,1739318400000,0.00006151
ETHUSDT,1739347200000,0.0000335
ETHUSDT,1739376000001,0.00008407
ETHUSDT,1739404800001,0.0000954
ETHUSDT,1739433600000,0.0001
ETHUSDT,1739462400001,0.00001027
ETHUSDT,1739491200000,0.00000239
ETHUSDT,1739520000001,0.00008242
ETHUSDT,1739548800000,0.00007834
ETHUSDT,1739577600000,0.00004385
ETHUSDT,1739606400000,0.00003822
ETHUSDT,1739635200000,0.00000844
ETHUSDT,1739664000000,0.00003859
ETHUSDT,1739692800000,0.00005945
ETHUSDT,1739721600000,0.00003775
ETHUSDT,1739750400000,0.00003649
ETHUSDT,1739779200000,0.0000561
ETHUSDT,1739808000000,0.0001
ETHUSDT,1739836800000,0.00004742
ETHUSDT,1739865600000,-0.00001595
ETHUSDT,1739894400000,0.00005441
ETHUSDT,1739923200000,0.00004964
ETHUSDT,1739952000000,0.00007273
ETHUSDT,1739980800000,0.00003185
ETHUSDT,1740009600000,-0.00000207
ETHUSDT,1740038400000,0.00005629
ETHUSDT,1740067200000,0.00006405
ETHUSDT,1740096000001,0.00003574
ETHUSDT,1740124800000,0.00006624
ETHUSDT,1740153600000,0.00004228
ETHUSDT,1740182400000,0.00003254
ETHUSDT,1740211200000,-0.00001427
ETHUSDT,1740240000000,0.0000341
ETHUSDT,1740268800000,0.00009726
ETHUSDT,1740297600000,0.00003796
ETHUSDT,1740326400000,0.00000213
ETHUSDT,1740355200000,0.00007127
ETHUSDT,1740384000000,0.00000924
ETHUSDT,1740412800000,0.00003082
ETHUSDT,1740441600000,-0.00003589
ETHUSDT,1740470400000,0.00000471
ETHUSDT,1740499200000,0.00002913
ETHUSDT,1740528000000,0.0000186
ETHUSDT,1740556800000,0.00006103
ETHUSDT,1740585600000,0.00003433
ETHUSDT,1740614400001,0.00008515
ETHUSDT,1740643200000,0.0001
ETHUSDT,1740672000000,0.00005027
ETHUSDT,1740700800001,0.00004097
ETHUSDT,1740729600000,0.00001219
ETHUSDT,1740758400000,0.00001248
ETHUSDT,1740787200000,0.00004855
ETHUSDT,1740816000000,-0.00001061
ETHUSDT,1740844800001,-0.00000931
ETHUSDT,1740873600000,0.00003173
ETHUSDT,1740902400000,0.00006221
ETHUSDT,1740931200000,0.00006102
ETHUSDT,1740960000001,-0.00000788
ETHUSDT,1740988800000,0.00003061
ETHUSDT,1741017600000,0.00000625
ETHUSDT,1741046400001,-0.00004308
ETHUSDT,1741075200005,-0.00003762
ETHUSDT,1741104000000,0.00000204
ETHUSDT,1741132800000,0.00006417
ETHUSDT,1741161600000,0.00007146
ETHUSDT,1741190400000,0.00002539
ETHUSDT,1741219200000,-0.00001037
ETHUSDT,1741248000001,0.00001125
ETHUSDT,1741276800000,0.00002685
ETHUSDT,1741305600000,-0.00002474
ETHUSDT,1741334400001,0.00002874
ETHUSDT,1741363200000,0.00005628
ETHUSDT,1741392000000,0.00003124
ETHUSDT,1741420800001,0.0000376
ETHUSDT,1741449600001,0.00006837
ETHUSDT,1741478400001,0.00006871
ETHUSDT,1741507200000,0.00003637
ETHUSDT,1741536000000,-0.00000013
ETHUSDT,1741564800000,-0.00004249
ETHUSDT,1741593600000,0.00002575
ETHUSDT,1741622400000,0.00003433
ETHUSDT,1741651200000,-0.00004045
ETHUSDT,1741680000000,0.00002173
ETHUSDT,1741708800001,0.00007553
ETHUSDT,1741737600000,0.00001672
ETHUSDT,1741766400000,0.00001107
ETHUSDT,1741795200001,-0.00003413
ETHUSDT,1741824000000,0.00002931
ETHUSDT,1741852800000,-0.00000005
ETHUSDT,1741881600000,0.00004218
ETHUSDT,1741910400000,0.00002744
ETHUSDT,1741939200000,0.00007681
ETHUSDT,1741968000000,0.00005537
ETHUSDT,1741996800000,0.00002924
ETHUSDT,1742025600000,0.00005445
ETHUSDT,1742054400000,0.0000125
ETHUSDT,1742083200000,-0.00003041
ETHUSDT,1742112000000,-0.00002357
ETHUSDT,1742140800000,-0.00002967
ETHUSDT,1742169600000,0.00002057
ETHUSDT,1742198400000,0.00005669
ETHUSDT,1742227200000,0.00003697
ETHUSDT,1742256000000,0.00005319
ETHUSDT,1742284800000,0.00004099
ETHUSDT,1742313600000,0.00001465
ETHUSDT,1742342400000,0.00005983
ETHUSDT,1742371200000,0.00008986
ETHUSDT,1742400000000,0.00006676
ETHUSDT,1742428800000,-0.00001704
ETHUSDT,1742457600000,0.00001553
ETHUSDT,1742486400000,-0.00000857
ETHUSDT,1742515200000,0.00005235
ETHUSDT,1742544000000,0.00006749
ETHUSDT,1742572800000,0.00002613
ETHUSDT,1742601600000,-0.00001402
ETHUSDT,1742630400004,-0.00002617
ETHUSDT,1742659200000,0.00002587
ETHUSDT,1742688000000,0.00001553
ETHUSDT,1742716800000,0.00006053
ETHUSDT,1742745600000,-0.00000336
ETHUSDT,1742774400000,-0.0000129
ETHUSDT,1742803200000,0.00009456
ETHUSDT,1742832000000,0.00003069
ETHUSDT,1742860800001,0.00006736
ETHUSDT,1742889600000,0.00001456
ETHUSDT,1742918400000,-0.00000475
ETHUSDT,1742947200000,0.00002976
ETHUSDT,1742976000000,0.00001074
ETHUSDT,1743004800001,-0.00002235
ETHUSDT,1743033600001,0.00004542
ETHUSDT,1743062400001,0.00007427
ETHUSDT,1743091200002,0.00003127
ETHUSDT,1743120000001,0.00006551
ETHUSDT,1743148800001,-0.00002896
ETHUSDT,1743177600000,-0.00001109
ETHUSDT,1743206400000,0.00000356
ETHUSDT,1743235200000,0.00004498
ETHUSDT,1743264000000,0.00003469
ETHUSDT,1743292800000,-0.00001072
ETHUSDT,1743321600000,-0.00001999
ETHUSDT,1743350400000,0.00001191
ETHUSDT,1743379200000,-0.00000326
ETHUSDT,1743408000000,0.00002663
ETHUSDT,1743436800000,0.00002009
ETHUSDT,1743465600000,-0.00000652
ETHUSDT,1743494400001,0.00002877
ETHUSDT,1743523200000,0.00003314
ETHUSDT,1743552000001,0.00003676
ETHUSDT,1743580800000,-0.00000045
ETHUSDT,1743609600000,0.00004262
ETHUSDT,1743638400000,-0.00000639
ETHUSDT,1743667200000,0.0000639
ETHUSDT,1743696000000,-0.00000615
ETHUSDT,1743724800000,0.00006701
ETHUSDT,1743753600000,-0.00002093
ETHUSDT,1743782400000,0.0000378
ETHUSDT,1743811200000,0.00002181
ETHUSDT,1743840000000,0.00005939
ETHUSDT,1743868800000,-0.00000782
ETHUSDT,1743897600000,0.00002389
ETHUSDT,1743926400000,0.0000541
ETHUSDT,1743955200002,-0.00002372
ETHUSDT,1743984000000,-0.00003784
ETHUSDT,1744012800000,-0.00000965
ETHUSDT,1744041600000,-0.00003451
ETHUSDT,1744070400000,-0.00000438
ETHUSDT,1744099200000,0.00001155
ETHUSDT,1744128000000,-0.00001429
ETHUSDT,1744156800000,-0.0000482
ETHUSDT,1744185600001,-0.00006596
ETHUSDT,1744214400000,0.00001591
ETHUSDT,1744243200000,0.0001
ETHUSDT,1744272000000,0.00003042
ETHUSDT,1744300800000,-0.00000078
ETHUSDT,1744329600001,-0.00000918
ETHUSDT,1744358400000,-0.00005857
ETHUSDT,1744387200000,-0.00000461
ETHUSDT,1744416000000,0.00002511
ETHUSDT,1744444800001,-0.000006
ETHUSDT,1744473600000,0.00002416
ETHUSDT,1744502400000,0.00007676
ETHUSDT,1744531200000,0.00005203
ETHUSDT,1744560000000,0.00005299
ETHUSDT,1744588800000,0.00007387
ETHUSDT,1744617600000,0.00005913
ETHUSDT,1744646400000,0.00005384
ETHUSDT,1744675200000,0.0000256
ETHUSDT,1744704000000,0.00001812
ETHUSDT,1744732800001,0.00000335
ETHUSDT,1744761600000,0.00004294
ETHUSDT,1744790400000,-0.0000296
ETHUSDT,1744819200000,-0.00002514
ETHUSDT,1744848000001,0.00004479
ETHUSDT,1744876800000,0.00005184
ETHUSDT,1744905600001,-0.00001791
ETHUSDT,1744934400000,-0.00003125
ETHUSDT,1744963200000,0.00002747
ETHUSDT,1744992000000,-0.00001492
ETHUSDT,1745020800000,-0.00002388
ETHUSDT,1745049600000,0.00008846
ETHUSDT,1745078400000,0.00007189
ETHUSDT,1745107200000,0.00005765
ETHUSDT,1745136000000,0.00007724
ETHUSDT,1745164800000,-0.00005358
ETHUSDT,1745193600000,-0.00000124
ETHUSDT,1745222400005,0.0001
ETHUSDT,1745251200003,0.00008017
ETHUSDT,1745280000008,-0.000036
ETHUSDT,1745308800000,0.00000022
ETHUSDT,1745337600000,0.00008105
ETHUSDT,1745366400000,0.00006679
ETHUSDT,1745395200002,0.00009616
ETHUSDT,1745424000000,0.0001
ETHUSDT,1745452800000,0.0001
ETHUSDT,1745481600001,0.00007229
ETHUSDT,1745510400001,0.0000062
ETHUSDT,1745539200007,0.00005922
ETHUSDT,1745568000002,0.00007829
ETHUSDT,1745596800003,-0.00000965
ETHUSDT,1745625600002,0.0000083
ETHUSDT,1745654400000,-0.00002999
ETHUSDT,1745683200002,0.00000728
ETHUSDT,1745712000001,0.00005635
ETHUSDT,1745740800000,-0.00006737
ETHUSDT,1745769600000,-0.00003852
ETHUSDT,1745798400001,0.00000132
ETHUSDT,1745827200003,-0.00004703
ETHUSDT,1745856000005,-0.00008681
ETHUSDT,1745884800000,0.00008281
ETHUSDT,1745913600000,0.0000579
ETHUSDT,1745942400010,-0.00001396
ETHUSDT,1745971200001,-0.00007371
ETHUSDT,1746000000000,0.00000904
ETHUSDT,1746028800003,-0.00006069
ETHUSDT,1746057600000,0.0000543
ETHUSDT,1746086400000,0.000045
ETHUSDT,1746115200001,0.00000723
ETHUSDT,1746144000000,-0.00000591
ETHUSDT,1746172800000,-0.00005797
ETHUSDT,1746201600003,-0.00000588
ETHUSDT,1746230400000,0.00004901
ETHUSDT,1746259200000,0.00001565
ETHUSDT,1746288000000,0.00002092
ETHUSDT,1746316800001,0.00006708
ETHUSDT,1746345600001,0.00003289
ETHUSDT,1746374400002,-0.0000267
ETHUSDT,1746403200000,0.00000181
ETHUSDT,1746432000000,0.00001998
ETHUSDT,1746460800006,0.00001194
ETHUSDT,1746489600002,0.00006899
ETHUSDT,1746518400005,-0.00001836
ETHUSDT,1746547200000,-0.00003589
ETHUSDT,1746576000002,0.00003273
ETHUSDT,1746604800000,0.00008548
ETHUSDT,1746633600006,-0.00000648
ETHUSDT,1746662400000,0.00004564
ETHUSDT,1746691200001,0.0001
ETHUSDT,1746720000002,0.00008717
ETHUSDT,1746748800001,0.0001
ETHUSDT,1746777600006,0.0001
ETHUSDT,1746806400000,0.0001
ETHUSDT,1746835200001,0.0001
ETHUSDT,1746864000000,0.00009797
ETHUSDT,1746892800001,0.00009016
ETHUSDT,1746921600000,0.0001
ETHUSDT,1746950400001,0.00007363
ETHUSDT,1746979200001,0.00002438
ETHUSDT,1747008000004,0.00007088
ETHUSDT,1747036800000,0.0001
ETHUSDT,1747065600000,0.00005717
ETHUSDT,1747094400000,0.00006233
ETHUSDT,1747123200008,0.0001
ETHUSDT,1747152000001,0.0001
ETHUSDT,1747180800007,0.0001
ETHUSDT,1747209600000,0.0000548
ETHUSDT,1747238400002,0.00004737
ETHUSDT,1747267200000,0.0001
ETHUSDT,1747296000003,0.0001
ETHUSDT,1747324800000,0.00005698
ETHUSDT,1747353600001,0.00006801
ETHUSDT,1747382400000,0.0001
ETHUSDT,1747411200000,0.00007202
ETHUSDT,1747440000000,0.00002543
ETHUSDT,1747468800001,-0.00001883
ETHUSDT,1747497600004,0.00002339
ETHUSDT,1747526400000,0.00005366
ETHUSDT,1747555200000,0.00004909
ETHUSDT,1747584000000,0.0000013
ETHUSDT,1747612800000,-0.00004925
ETHUSDT,1747641600006,0.00006531
ETHUSDT,1747670400010,0.00009181
ETHUSDT,1747699200000,0.00008013
ETHUSDT,1747728000002,0.00006807
ETHUSDT,1747756800000,0.00001174
ETHUSDT,1747785600000,0.00003663
ETHUSDT,1747814400001,0.00009338
ETHUSDT,1747843200004,0.00000647
ETHUSDT,1747872000001,0.00001141
ETHUSDT,1747900800000,0.0001
ETHUSDT,1747929600002,0.0001
ETHUSDT,1747958400006,0.0001
ETHUSDT,1747987200000,0.0001
ETHUSDT,1748016000007,-0.00000726
ETHUSDT,1748044800010,0.0001
ETHUSDT,1748073600000,0.00004033
ETHUSDT,1748102400003,0.00002114
ETHUSDT,1748131200004,0.00006041
ETHUSDT,1748160000000,0.0000375
ETHUSDT,1748188800000,0.00008487
ETHUSDT,1748217600000,0.00000385
ETHUSDT,1748246400000,0.00008047
ETHUSDT,1748275200002,0.00004711
ETHUSDT,1748304000003,0.00004026
ETHUSDT,1748332800001,0.0001
ETHUSDT,1748361600005,0.0001
ETHUSDT,1748390400002,0.0001
ETHUSDT,1748419200003,0.0001
ETHUSDT,1748448000002,0.0001
ETHUSDT,1748476800000,0.0001
ETHUSDT,1748505600006,0.0001
ETHUSDT,1748534400000,0.00008321
ETHUSDT,1748563200003,0.00007477
ETHUSDT,1748592000003,0.0001
ETHUSDT,1748620800000,0.00005699
ETHUSDT,1748649600000,0.00003389
ETHUSDT,1748678400000,0.00008054
ETHUSDT,1748707200000,0.00002739
ETHUSDT,1748736000001,0.0000752
ETHUSDT,1748764800002,0.00003946
ETHUSDT,1748793600000,0.0000337
ETHUSDT,1748822400001,0.00001586
ETHUSDT,1748851200000,0.00005378
ETHUSDT,1748880000000,0.00008588
ETHUSDT,1748908800000,0.00003263
ETHUSDT,1748937600000,0.00006067
ETHUSDT,1748966400001,0.00005397
ETHUSDT,1748995200000,0.0000439
ETHUSDT,1749024000000,0.00007623
ETHUSDT,1749052800000,0.00007897
ETHUSDT,1749081600016,0.00002359
ETHUSDT,1749110400000,0.00008508
ETHUSDT,1749139200000,0.00006396
ETHUSDT,1749168000002,-0.00001147
ETHUSDT,1749196800000,0.00002643
ETHUSDT,1749225600006,0.00002684
ETHUSDT,1749254400000,0.00008699
ETHUSDT,1749283200000,0.00005456
ETHUSDT,1749312000002,0.00006753
ETHUSDT,1749340800000,0.0001
ETHUSDT,1749369600000,0.00009522
ETHUSDT,1749398400000,0.00004695
ETHUSDT,1749427200000,0.00002206
ETHUSDT,1749456000001,0.0000195
ETHUSDT,1749484800001,0.00008643
ETHUSDT,1749513600000,0.0001
ETHUSDT,1749542400001,0.0001
ETHUSDT,1749571200003,0.0001
ETHUSDT,1749600000000,0.0001
ETHUSDT,1749628800000,0.0001
ETHUSDT,1749657600010,0.0001
ETHUSDT,1749686400002,0.00006036
ETHUSDT,1749715200003,0.0001
ETHUSDT,1749744000001,0.00005333
ETHUSDT,1749772800000,-0.00001372
ETHUSDT,1749801600001,-0.00001069
ETHUSDT,1749830400004,0.00002083
ETHUSDT,1749859200000,0.00004572
ETHUSDT,1749888000000,0.00001962
ETHUSDT,1749916800000,0.0000044
ETHUSDT,1749945600005,0.00001767
ETHUSDT,1749974400009,0.00008487
ETHUSDT,1750003200000,0.00007131
ETHUSDT,1750032000000,0.00004573
ETHUSDT,1750060800000,0.0000906
ETHUSDT,1750089600003,0.0000396
ETHUSDT,1750118400000,-0.00000906
ETHUSDT,1750147200006,0.0001
ETHUSDT,1750176000001,0.00005558
ETHUSDT,1750204800001,0.0000583
ETHUSDT,1750233600001,0.00006782
ETHUSDT,1750262400001,0.00002338
ETHUSDT,1750291200005,0.00005403
ETHUSDT,1750320000003,0.00004793
ETHUSDT,1750348800000,0.00004883
ETHUSDT,1750377600000,0.00008145
ETHUSDT,1750406400002,0.00008963
ETHUSDT,1750435200001,0.0000259
ETHUSDT,1750464000002,-0.0000499
ETHUSDT,1750492800005,-0.00001379
ETHUSDT,1750521600000,0.00005011
ETHUSDT,1750550400005,-0.00000798
ETHUSDT,1750579200000,-0.00001761
ETHUSDT,1750608000003,0.00004714
ETHUSDT,1750636800000,0.00002289
ETHUSDT,1750665600004,-0.00001401
ETHUSDT,1750694400013,0.0000013
ETHUSDT,1750723200003,0.00002127
ETHUSDT,1750752000000,0.00001201
ETHUSDT,1750780800000,0.00000446
ETHUSDT,1750809600005,-0.00000833
ETHUSDT,1750838400000,-0.00000026
ETHUSDT,1750867200005,0.00001198
ETHUSDT,1750896000000,0.00002757
ETHUSDT,1750924800006,0.00008057
ETHUSDT,1750953600007,0.00000906
ETHUSDT,1750982400000,0.00000379
ETHUSDT,1751011200000,0.00000506
ETHUSDT,1751040000009,0.00005546
ETHUSDT,1751068800001,0.00008436
ETHUSDT,1751097600002,0.00000658
ETHUSDT,1751126400000,0.00004011
ETHUSDT,1751155200004,0.00006176
ETHUSDT,1751184000001,0.00008777
ETHUSDT,1751212800001,0.00000042
ETHUSDT,1751241600000,0.00005102
ETHUSDT,1751270400005,0.00009119
ETHUSDT,1751299200002,0.00000394
ETHUSDT,1751328000007,0.00008191
ETHUSDT,1751356800002,0.00001541
ETHUSDT,1751385600000,-0.00001429
ETHUSDT,1751414400001,0.00001952
ETHUSDT,1751443200000,0.00004864
ETHUSDT,1751472000003,0.00005236
ETHUSDT,1751500800006,0.0001
ETHUSDT,1751529600003,0.0000982
ETHUSDT,1751558400003,0.00004398
ETHUSDT,1751587200005,0.00001353
ETHUSDT,1751616000003,0.00006619
ETHUSDT,1751644800001,0.00002691
ETHUSDT,1751673600004,0.00001406
ETHUSDT,1751702400009,0.00003958
ETHUSDT,1751731200006,0.00005542
ETHUSDT,1751760000001,0.00003909
ETHUSDT,1751788800002,0.00006583
ETHUSDT,1751817600004,0.00008149
ETHUSDT,1751846400000,0.0001
ETHUSDT,1751875200007,0.0001
ETHUSDT,1751904000000,-0.00003011
ETHUSDT,1751932800010,0.00007589
ETHUSDT,1751961600003,0.00002787
ETHUSDT,1751990400000,0.00006466
ETHUSDT,1752019200002,0.00004903
ETHUSDT,1752048000006,0.00006771
ETHUSDT,1752076800001,0.00006268
ETHUSDT,1752105600003,0.0001
ETHUSDT,1752134400000,0.00002808
ETHUSDT,1752163200004,0.00003187
ETHUSDT,1752192000004,0.0001
ETHUSDT,1752220800007,0.0001
ETHUSDT,1752249600001,0.0001
ETHUSDT,1752278400000,0.00008032
ETHUSDT,1752307200001,0.00007671
ETHUSDT,1752336000002,0.00006119
ETHUSDT,1752364800006,0.00004151
ETHUSDT,1752393600001,0.00004407
ETHUSDT,1752422400003,0.00007205
ETHUSDT,1752451200000,0.00000998
ETHUSDT,1752480000000,0.0001
ETHUSDT,1752508800000,0.0001
ETHUSDT,1752537600002,0.00006134
ETHUSDT,1752566400000,0.0001
ETHUSDT,1752595200000,0.0001
ETHUSDT,1752624000000,0.0001
ETHUSDT,1752652800000,0.0001
ETHUSDT,1752681600008,0.0001
ETHUSDT,1752710400003,0.0001
ETHUSDT,1752739200000,0.0001
ETHUSDT,1752768000000,0.0001
ETHUSDT,1752796800004,0.0001
ETHUSDT,1752825600000,0.0001
ETHUSDT,1752854400000,0.0001
ETHUSDT,1752883200009,0.0001
ETHUSDT,1752912000000,0.0001
ETHUSDT,1752940800002,0.0001
ETHUSDT,1752969600000,0.0001
ETHUSDT,1752998400000,0.0001
ETHUSDT,1753027200000,0.0001
ETHUSDT,1753056000001,0.0001
ETHUSDT,1753084800000,0.0001
ETHUSDT,1753113600001,0.0001
ETHUSDT,1753142400000,0.0001
ETHUSDT,1753171200010,0.0001
ETHUSDT,1753200000007,0.0001
ETHUSDT,1753228800000,0.0001
ETHUSDT,1753257600004,0.0001
ETHUSDT,1753286400002,0.0001
ETHUSDT,1753315200000,0.0001
ETHUSDT,1753344000001,0.0001
ETHUSDT,1753372800000,0.0001
ETHUSDT,1753401600000,0.0001
ETHUSDT,1753430400000,0.0001
ETHUSDT,1753459200000,0.0001
ETHUSDT,1753488000001,0.0001
ETHUSDT,1753516800005,0.0001
ETHUSDT,1753545600001,0.0001
ETHUSDT,1753574400001,0.00009322
ETHUSDT,1753603200000,0.00008879
ETHUSDT,1753632000008,0.0001
ETHUSDT,1753660800005,0.0001
ETHUSDT,1753689600000,0.0001
ETHUSDT,1753718400000,0.0001
ETHUSDT,1753747200001,0.00004494
ETHUSDT,1753776000000,0.0001
ETHUSDT,1753804800000,0.0001
ETHUSDT,1753833600011,0.00002488
ETHUSDT,1753862400000,0.00005083
ETHUSDT,1753891200008,0.0000154
ETHUSDT,1753920000000,0.00005162
ETHUSDT,1753948800009,0.0001
ETHUSDT,1753977600000,-0.0000118
ETHUSDT,1754006400001,-0.00003749
ETHUSDT,1754035200003,0.00001113
ETHUSDT,1754064000000,0.00004859
ETHUSDT,1754092800004,0.00005795
ETHUSDT,1754121600000,0.00000657
ETHUSDT,1754150400000,0.00007965
ETHUSDT,1754179200000,0.00006733
ETHUSDT,1754208000000,0.00005752
ETHUSDT,1754236800003,0.00003767
ETHUSDT,1754265600004,0.00001719
ETHUSDT,1754294400000,0.00001113
ETHUSDT,1754323200002,0.00003611
ETHUSDT,1754352000000,0.00000147
ETHUSDT,1754380800000,0.00003116
ETHUSDT,1754409600000,0.0000137
ETHUSDT,1754438400005,0.00002413
ETHUSDT,1754467200000,0.000082
ETHUSDT,1754496000000,0.00006246
ETHUSDT,1754524800003,0.00006227
ETHUSDT,1754553600002,0.00004285
ETHUSDT,1754582400002,0.0001
ETHUSDT,1754611200002,0.0000426
ETHUSDT,1754640000004,0.0001
ETHUSDT,1754668800000,0.0001
ETHUSDT,1754697600005,0.0001
ETHUSDT,1754726400000,0.0001
ETHUSDT,1754755200007,0.0001
ETHUSDT,1754784000003,0.00009916
ETHUSDT,1754812800005,0.0001
ETHUSDT,1754841600002,0.0001
ETHUSDT,1754870400000,0.00008873
ETHUSDT,1754899200000,0.00009354
ETHUSDT,1754928000000,0.0001
ETHUSDT,1754956800000,0.00003659
ETHUSDT,1754985600001,0.0001
ETHUSDT,1755014400005,0.0001
ETHUSDT,1755043200000,0.0001
ETHUSDT,1755072000002,0.0001
ETHUSDT,1755100800006,0.0001
ETHUSDT,1755129600002,0.0001
ETHUSDT,1755158400003,0.0001
ETHUSDT,1755187200000,0.0001
ETHUSDT,1755216000000,0.0001
ETHUSDT,1755244800000,0.00009765
ETHUSDT,1755273600000,0.00006474
ETHUSDT,1755302400004,0.00005967
ETHUSDT,1755331200000,0.0000899
ETHUSDT,1755360000002,0.00001968
ETHUSDT,1755388800000,0.00004669
ETHUSDT,1755417600001,-0.00000668
ETHUSDT,1755446400007,0.00005334
ETHUSDT,1755475200000,0.00000632
ETHUSDT,1755504000001,0.00009191
ETHUSDT,1755532800002,0.00008959
ETHUSDT,1755561600000,0.0001
ETHUSDT,1755590400001,0.0001
ETHUSDT,1755619200000,0.0001
ETHUSDT,1755648000000,0.0001
ETHUSDT,1755676800000,0.00000318
ETHUSDT,1755705600000,0.0000907
ETHUSDT,1755734400006,0.00006232
ETHUSDT,1755763200000,0.00005834
ETHUSDT,1755792000003,0.00002689
ETHUSDT,1755820800010,0.00006376
ETHUSDT,1755849600007,0.0000667
ETHUSDT,1755878400001,0.00006004
ETHUSDT,1755907200004,0.0001
ETHUSDT,1755936000006,0.0001
ETHUSDT,1755964800000,0.0001
ETHUSDT,1755993600001,0.0001
ETHUSDT,1756022400002,0.0001
ETHUSDT,1756051200001,0.0001
ETHUSDT,1756080000000,0.00004932
ETHUSDT,1756108800002,0.00004567
ETHUSDT,1756137600002,0.00001732
ETHUSDT,1756166400000,-0.00000739
ETHUSDT,1756195200000,0.0000108
ETHUSDT,1756224000000,0.00001029
ETHUSDT,1756252800003,-0.00000819
ETHUSDT,1756281600000,0.00001933
ETHUSDT,1756310400009,0.00004152
ETHUSDT,1756339200000,0.00005965
ETHUSDT,1756368000005,0.00002643
ETHUSDT,1756396800004,0.00002175
ETHUSDT,1756425600000,0.00001728
ETHUSDT,1756454400000,0.00004981
ETHUSDT,1756483200005,0.00001496
ETHUSDT,1756512000000,0.00004162
ETHUSDT,1756540800002,-0.00001108
ETHUSDT,1756569600003,0.00004057
ETHUSDT,1756598400016,-0.0000139
ETHUSDT,1756627200000,0.00005543
ETHUSDT,1756656000001,-0.00001154
ETHUSDT,1756684800000,-0.00002114
ETHUSDT,1756713600000,-0.000013
ETHUSDT,1756742400001,0.00000122
ETHUSDT,1756771200000,0.00000406
ETHUSDT,1756800000005,0.00005513
ETHUSDT,1756828800007,0.00003026
ETHUSDT,1756857600006,0.00001812
ETHUSDT,1756886400002,-0.00000111
ETHUSDT,1756915200002,0.00003174
ETHUSDT,1756944000002,0.00002311
ETHUSDT,1756972800000,-0.00002012
ETHUSDT,1757001600000,-0.00002527
ETHUSDT,1757030400001,-0.0000554
ETHUSDT,1757059200006,-0.00003456
ETHUSDT,1757088000000,0.00002866
ETHUSDT,1757116800000,-0.00002104
ETHUSDT,1757145600005,0.00003956
ETHUSDT,1757174400000,0.0000406
ETHUSDT,1757203200000,0.00005946
ETHUSDT,1757232000000,0.00008938
ETHUSDT,1757260800000,0.00003335
ETHUSDT,1757289600007,0.00002556
ETHUSDT,1757318400000,0.00002063
ETHUSDT,1757347200000,0.00009082
ETHUSDT,1757376000000,0.00004706
ETHUSDT,1757404800000,0.0001
ETHUSDT,1757433600000,0.00006645
ETHUSDT,1757462400000,0.00006156
ETHUSDT,1757491200002,0.0000882
ETHUSDT,1757520000000,0.0001
ETHUSDT,1757548800000,0.00001341
ETHUSDT,1757577600000,0.0001
ETHUSDT,1757606400001,0.00008501
ETHUSDT,1757635200002,0.00004858
ETHUSDT,1757664000001,0.0001
ETHUSDT,1757692800005,0.0001
ETHUSDT,1757721600005,0.0001
ETHUSDT,1757750400002,0.00009815
ETHUSDT,1757779200000,0.0001
ETHUSDT,1757808000006,0.00000375
ETHUSDT,1757836800000,0.00008307
ETHUSDT,1757865600001,0.00005553
ETHUSDT,1757894400006,0.00007366
ETHUSDT,1757923200002,0.00006603
ETHUSDT,1757952000001,0.00003563
ETHUSDT,1757980800001,0.0000454
ETHUSDT,1758009600000,0.00004526
ETHUSDT,1758038400000,0.00002037
ETHUSDT,1758067200001,0.00002419
ETHUSDT,1758096000000,0.00005358
ETHUSDT,1758124800003,0.00004406
ETHUSDT,1758153600006,0.0000515
ETHUSDT,1758182400002,0.00004292
ETHUSDT,1758211200000,0.00001971
ETHUSDT,1758240000000,0.00005745
ETHUSDT,1758268800005,-0.00000904
ETHUSDT,1758297600000,-0.00004324
ETHUSDT,1758326400000,-0.00004366
ETHUSDT,1758355200000,-0.00000597
ETHUSDT,1758384000002,0.00004189
ETHUSDT,1758412800000,-0.00002372
ETHUSDT,1758441600000,0.00004828
ETHUSDT,1758470400000,0.00003039
ETHUSDT,1758499200005,-0.00002051
ETHUSDT,1758528000003,-0.00000518
ETHUSDT,1758556800000,0.00000508
ETHUSDT,1758585600000,-0.00000193
ETHUSDT,1758614400001,0.00005594
ETHUSDT,1758643200000,-0.00002189
ETHUSDT,1758672000003,0.00000973
ETHUSDT,1758700800001,0.00000719
ETHUSDT,1758729600002,-0.00003616
ETHUSDT,1758758400000,-0.00008602
ETHUSDT,1758787200001,-0.0000811
ETHUSDT,1758816000000,0.0001
ETHUSDT,1758844800000,0.00008976
ETHUSDT,1758873600000,0.00003202
ETHUSDT,1758902400008,0.00004775
ETHUSDT,1758931200000,-0.00001608
ETHUSDT,1758960000010,0.00004387
ETHUSDT,1758988800003,0.0001
ETHUSDT,1759017600000,0.00007975
ETHUSDT,1759046400000,0.00004229
ETHUSDT,1759075200000,0.000082
ETHUSDT,1759104000000,0.00003512
ETHUSDT,1759132800002,0.00003842
ETHUSDT,1759161600001,-0.0000349
ETHUSDT,1759190400002,0.00000916
ETHUSDT,1759219200005,-0.00001307
ETHUSDT,1759248000000,0.00000472
ETHUSDT,1759276800000,-0.00001572
ETHUSDT,1759305600000,0.00002569
ETHUSDT,1759334400000,-0.00000744
ETHUSDT,1759363200000,0.00001487
ETHUSDT,1759392000013,0.00003033
ETHUSDT,1759420800000,0.00003733
ETHUSDT,1759449600006,0.00001312
ETHUSDT,1759478400006,0.00007933
ETHUSDT,1759507200000,0.00005593
ETHUSDT,1759536000001,0.0000557
ETHUSDT,1759564800000,0.00000725
ETHUSDT,1759593600000,0.000048
ETHUSDT,1759622400000,0.00005761
ETHUSDT,1759651200003,0.0001
ETHUSDT,1759680000009,0.00009708
ETHUSDT,1759708800004,0.00007894
ETHUSDT,1759737600002,0.0001
ETHUSDT,1759766400004,0.0001
ETHUSDT,1759795200000,0.0001
ETHUSDT,1759824000003,0.0001
ETHUSDT,1759852800000,0.0001
ETHUSDT,1759881600000,0.00001254
ETHUSDT,1759910400006,0.00006038
ETHUSDT,1759939200002,0.00001261
ETHUSDT,1759968000001,0.00003613
ETHUSDT,1759996800000,-0.00000226
ETHUSDT,1760025600000,0.00005752
ETHUSDT,1760054400005,0.00002565
ETHUSDT,1760083200002,0.00002511
ETHUSDT,1760112000014,-0.00005147
ETHUSDT,1760140800000,0.0001
ETHUSDT,1760169600003,-0.00013094
ETHUSDT,1760198400000,-0.00000173
ETHUSDT,1760227200004,-0.00006965
ETHUSDT,1760256000002,0.00000839
ETHUSDT,1760284800000,-0.00004563
ETHUSDT,1760313600003,-0.00002591
ETHUSDT,1760342400002,0.00005255
ETHUSDT,1760371200003,0.00005202
ETHUSDT,1760400000000,0.00005602
ETHUSDT,1760428800000,0.00000352
ETHUSDT,1760457600000,0.00002693
ETHUSDT,1760486400006,0.0000142
ETHUSDT,1760515200002,0.00004258
ETHUSDT,1760544000000,0.000025
ETHUSDT,1760572800000,-0.00000499
ETHUSDT,1760601600003,0.00000765
ETHUSDT,1760630400002,0.00000618
ETHUSDT,1760659200001,0.00003354
ETHUSDT,1760688000005,0.0000563
ETHUSDT,1760716800003,0.00002963
ETHUSDT,1760745600000,0.00001423
ETHUSDT,1760774400002,0.0000151
ETHUSDT,1760803200001,0.00006086
ETHUSDT,1760832000001,0.00006239
ETHUSDT,1760860800001,0.00002101
ETHUSDT,1760889600001,0.00003514
ETHUSDT,1760918400004,0.00002481
ETHUSDT,1760947200001,0.00005413
ETHUSDT,1760976000000,0.00005999
ETHUSDT,1761004800009,0.0000353
ETHUSDT,1761033600000,0.00000047
ETHUSDT,1761062400000,0.00007724
ETHUSDT,1761091200004,-0.00002491
ETHUSDT,1761120000000,0.00002192
ETHUSDT,1761148800000,0.00002392
ETHUSDT,1761177600000,0.00000529
ETHUSDT,1761206400001,0.00004173
ETHUSDT,1761235200004,0.00005185
ETHUSDT,1761264000000,0.00000888
ETHUSDT,1761292800000,0.00009418
ETHUSDT,1761321600009,0.00003074
ETHUSDT,1761350400000,0.00001282
ETHUSDT,1761379200001,0.00001546
ETHUSDT,1761408000001,0.00006413
ETHUSDT,1761436800001,0.0001
ETHUSDT,1761465600001,0.00002079
ETHUSDT,1761494400000,0.0001
ETHUSDT,1761523200000,0.0001
ETHUSDT,1761552000005,0.0001
ETHUSDT,1761580800000,0.00007827
ETHUSDT,1761609600000,0.00003936
ETHUSDT,1761638400000,0.00004615
ETHUSDT,1761667200004,0.00001796
ETHUSDT,1761696000004,-0.00005159
ETHUSDT,1761724800005,-0.00001008
ETHUSDT,1761753600000,0.00003915
ETHUSDT,1761782400004,-0.00003389
ETHUSDT,1761811200008,-0.00002243
ETHUSDT,1761840000001,-0.00006394
ETHUSDT,1761868800000,0.00003219
ETHUSDT,1761897600008,0.00007777
ETHUSDT,1761926400007,-0.00001283
ETHUSDT,1761955200001,0.00006032
ETHUSDT,1761984000000,0.00007748
ETHUSDT,1762012800000,0.0001
ETHUSDT,1762041600007,0.00006688
ETHUSDT,1762070400000,0.00009258
ETHUSDT,1762099200001,0.00003269
ETHUSDT,1762128000000,0.00008937
ETHUSDT,1762156800010,0.00002373
ETHUSDT,1762185600000,0.00000524
ETHUSDT,1762214400002,0.0000789
ETHUSDT,1762243200004,0.00008984
ETHUSDT,1762272000000,0.00004875
ETHUSDT,1762300800000,0.00001174
ETHUSDT,1762329600000,0.00000656
ETHUSDT,1762358400004,0.00004337
ETHUSDT,1762387200001,0.00004919
ETHUSDT,1762416000000,0.00004986
ETHUSDT,1762444800001,0.00000071
ETHUSDT,1762473600005,0.00007583
ETHUSDT,1762502400003,0.0000478
ETHUSDT,1762531200005,0.00008277
ETHUSDT,1762560000011,0.00007722
ETHUSDT,1762588800015,0.00008414
ETHUSDT,1762617600001,0.00006487
ETHUSDT,1762646400004,0.00001158
ETHUSDT,1762675200000,0.00006622
ETHUSDT,1762704000005,0.0000471
ETHUSDT,1762732800000,0.00003686
ETHUSDT,1762761600000,0.00009099
ETHUSDT,1762790400003,0.00007806
ETHUSDT,1762819200007,0.00002962
ETHUSDT,1762848000000,-0.00002557
ETHUSDT,1762876800009,0.00002827
ETHUSDT,1762905600000,0.00003618
ETHUSDT,1762934400002,-0.0000394
ETHUSDT,1762963200000,0.0000704
ETHUSDT,1762992000002,0.00006967
ETHUSDT,1763020800000,0.0001
ETHUSDT,1763049600001,0.00002321
ETHUSDT,1763078400000,-0.00000382
ETHUSDT,1763107200000,0.00003573
ETHUSDT,1763136000001,0.00007962
ETHUSDT,1763164800005,0.00004979
ETHUSDT,1763193600000,0.00004397
ETHUSDT,1763222400001,0.00004679
ETHUSDT,1763251200001,0.0001
ETHUSDT,1763280000000,0.0001
ETHUSDT,1763308800000,0.00007779
ETHUSDT,1763337600003,0.0001
ETHUSDT,1763366400003,0.0001
ETHUSDT,1763395200000,0.00005992
ETHUSDT,1763424000002,0.00009056
ETHUSDT,1763452800004,0.0001
ETHUSDT,1763481600000,0.00005928
ETHUSDT,1763510400000,0.0001
ETHUSDT,1763539200000,0.00006727
ETHUSDT,1763568000008,0.00003204
ETHUSDT,1763596800000,0.00007097
ETHUSDT,1763625600000,0.00007838
ETHUSDT,1763654400000,0.00006788
ETHUSDT,1763683200001,0.00003335
ETHUSDT,1763712000000,0.00001947
ETHUSDT,1763740800001,0.0000544
ETHUSDT,1763769600004,0.00001859
ETHUSDT,1763798400000,0.00007195
ETHUSDT,1763827200000,0.00004657
ETHUSDT,1763856000000,0.00006445
ETHUSDT,1763884800008,-0.00002356
ETHUSDT,1763913600003,-0.00000587
ETHUSDT,1763942400004,-0.0000001
ETHUSDT,1763971200000,0.00007615
ETHUSDT,1764000000006,0.00004931
ETHUSDT,1764028800000,0.0000402
ETHUSDT,1764057600009,0.00003624
ETHUSDT,1764086400007,0.00000556
ETHUSDT,1764115200001,0.00004707
ETHUSDT,1764144000001,-0.0000092
ETHUSDT,1764172800000,0.00001886
ETHUSDT,1764201600013,0.00002467
ETHUSDT,1764230400000,0.00001646
ETHUSDT,1764259200004,0.00000988
ETHUSDT,1764288000008,-0.00000145
ETHUSDT,1764316800000,0.00002638
ETHUSDT,1764345600008,-0.00000903
ETHUSDT,1764374400000,0.00002574
ETHUSDT,1764403200005,0.0000051
ETHUSDT,1764432000001,-0.00000152
ETHUSDT,1764460800003,0.00007916
ETHUSDT,1764489600000,0.00004019
ETHUSDT,1764518400004,0.00003707
ETHUSDT,1764547200000,0.00005374
ETHUSDT,1764576000004,0.00007757
ETHUSDT,1764604800000,-0.00002535
ETHUSDT,1764633600004,0.00006949
ETHUSDT,1764662400000,0.00005552
ETHUSDT,1764691200000,0.00004147
ETHUSDT,1764720000000,0.00004698
ETHUSDT,1764748800000,0.00001107
ETHUSDT,1764777600005,0.00005015
ETHUSDT,1764806400012,0.00006305
ETHUSDT,1764835200000,0.0001
ETHUSDT,1764864000011,0.00009628
ETHUSDT,1764892800000,0.00002405
ETHUSDT,1764921600000,0.00009771
ETHUSDT,1764950400010,0.00004884
ETHUSDT,1764979200001,0.00004481
ETHUSDT,1765008000001,0.00000455
ETHUSDT,1765036800008,0.00003188
ETHUSDT,1765065600000,0.00003716
ETHUSDT,1765094400004,-0.00000974
ETHUSDT,1765123200000,0.00001448
ETHUSDT,1765152000000,0.00002807
ETHUSDT,1765180800000,0.0000724
ETHUSDT,1765209600001,0.00004139
ETHUSDT,1765238400001,0.00005283
ETHUSDT,1765267200001,0.00006214
ETHUSDT,1765296000007,0.00003873
ETHUSDT,1765324800007,0.0001
ETHUSDT,1765353600002,0.00007429
ETHUSDT,1765382400012,0.00003462
ETHUSDT,1765411200001,0.0000692
ETHUSDT,1765440000000,0.00000138
ETHUSDT,1765468800000,0.00002616
ETHUSDT,1765497600005,-0.00000248
ETHUSDT,1765526400007,0.00003217
ETHUSDT,1765555200002,-0.00000236
ETHUSDT,1765584000001,0.00000107
ETHUSDT,1765612800006,-0.00001354
ETHUSDT,1765641600000,0.00003292
ETHUSDT,1765670400000,0.00008266
ETHUSDT,1765699200003,0.00004872
ETHUSDT,1765728000005,0.00008259
ETHUSDT,1765756800000,0.00006154
ETHUSDT,1765785600000,0.00003415
ETHUSDT,1765814400000,0.00002051
ETHUSDT,1765843200002,-0.00000641
ETHUSDT,1765872000000,0.00002281
ETHUSDT,1765900800002,-0.0000187
ETHUSDT,1765929600004,0.00000352
ETHUSDT,1765958400000,0.00003718
ETHUSDT,1765987200000,0.00000086
ETHUSDT,1766016000005,-0.00001833
ETHUSDT,1766044800007,-0.00003186
ETHUSDT,1766073600001,0.0000589
ETHUSDT,1766102400000,0.00005783
ETHUSDT,1766131200001,0.00007285
ETHUSDT,1766160000000,0.00009196
ETHUSDT,1766188800005,0.00001997
ETHUSDT,1766217600000,0.00001909
ETHUSDT,1766246400002,0.00000903
ETHUSDT,1766275200000,0.00001836
ETHUSDT,1766304000009,0.00004198
ETHUSDT,1766332800000,0.00000337
ETHUSDT,1766361600000,-0.00002332
ETHUSDT,1766390400005,0.00000576
ETHUSDT,1766419200009,-0.00000569
ETHUSDT,1766448000000,0.00003812
ETHUSDT,1766476800000,0.0000679
ETHUSDT,1766505600001,0.0000264
ETHUSDT,1766534400001,0.00002584
ETHUSDT,1766563200001,0.00006186
ETHUSDT,1766592000000,0.00005629
ETHUSDT,1766620800000,0.00006527
ETHUSDT,1766649600001,0.00006688
ETHUSDT,1766678400005,0.0000497
ETHUSDT,1766707200004,0.00005028
ETHUSDT,1766736000001,0.00006473
ETHUSDT,1766764800007,0.00003451
ETHUSDT,1766793600000,0.00004038
ETHUSDT,1766822400000,-0.00000519
ETHUSDT,1766851200011,0.00008133
ETHUSDT,1766880000008,0.00005105
ETHUSDT,1766908800000,0.0000791
ETHUSDT,1766937600000,0.00004862
ETHUSDT,1766966400016,0.00009172
ETHUSDT,1766995200001,0.00008496
ETHUSDT,1767024000000,0.00001862
ETHUSDT,1767052800005,-0.00001536
ETHUSDT,1767081600001,0.0000392
ETHUSDT,1767110400003,0.0001
ETHUSDT,1767139200004,0.00005157
ETHUSDT,1767168000001,0.00001205
ETHUSDT,1767196800001,0.00003527
ETHUSDT,1767225600008,0.0001
ETHUSDT,1767254400002,0.00008799
ETHUSDT,1767283200001,-0.0000056
ETHUSDT,1767312000006,0.00005053
ETHUSDT,1767340800007,0.0000309
ETHUSDT,1767369600000,0.0001
ETHUSDT,1767398400001,0.00005187
ETHUSDT,1767427200000,0.00003421
ETHUSDT,1767456000000,0.00003231
ETHUSDT,1767484800000,0.00007598
ETHUSDT,1767513600000,0.00000212
ETHUSDT,1767542400001,0.00007231
ETHUSDT,1767571200000,0.00007926
ETHUSDT,1767600000000,0.00000966
ETHUSDT,1767628800000,0.00005085
ETHUSDT,1767657600010,0.00008035
ETHUSDT,1767686400000,0.00006876
ETHUSDT,1767715200000,0.0000425
ETHUSDT,1767744000001,0.00007658
ETHUSDT,1767772800001,0.00007268
ETHUSDT,1767801600001,0.00003902
ETHUSDT,1767830400001,0.00007044
ETHUSDT,1767859200000,0.00007658
ETHUSDT,1767888000000,0.00000049
ETHUSDT,1767916800003,0.00006634
ETHUSDT,1767945600000,0.00003789
ETHUSDT,1767974400001,0.00005562
ETHUSDT,1768003200000,0.00008959
ETHUSDT,1768032000002,0.0001
ETHUSDT,1768060800001,0.00005277
ETHUSDT,1768089600003,0.00009824
ETHUSDT,1768118400006,0.00006573
ETHUSDT,1768147200000,0.00005876
ETHUSDT,1768176000005,0.0001
ETHUSDT,1768204800000,0.00003472
ETHUSDT,1768233600000,0.00006663
ETHUSDT,1768262400007,0.00004704
ETHUSDT,1768291200009,0.00009164
ETHUSDT,1768320000002,0.00002672
ETHUSDT,1768348800000,0.0001
ETHUSDT,1768377600001,0.0001
ETHUSDT,1768406400004,0.00008331
ETHUSDT,1768435200000,0.00005358
ETHUSDT,1768464000004,0.00000658
ETHUSDT,1768492800002,0.00009722
ETHUSDT,1768521600000,0.00003284
ETHUSDT,1768550400000,0.00003558
ETHUSDT,1768579200001,0.00002767
ETHUSDT,1768608000000,0.00008371
ETHUSDT,1768636800000,0.00008079
ETHUSDT,1768665600002,0.00006017
ETHUSDT,1768694400001,0.00003761
ETHUSDT,1768723200000,0.00001351
ETHUSDT,1768752000000,0.00002477
ETHUSDT,1768780800007,0.00005221
ETHUSDT,1768809600007,-0.0000114
ETHUSDT,1768838400007,0.00001428
ETHUSDT,1768867200005,0.00008611
ETHUSDT,1768896000001,0.00006101
ETHUSDT,1768924800009,0.00001232
ETHUSDT,1768953600001,0.00000552
ETHUSDT,1768982400011,0.0000053
ETHUSDT,1769011200011,0.00001113
ETHUSDT,1769040000010,0.00002119
ETHUSDT,1769068800003,0.00007681
ETHUSDT,1769097600005,-0.00002933
ETHUSDT,1769126400005,0.00001674
ETHUSDT,1769155200000,0.00002868
ETHUSDT,1769184000011,0.00005045
ETHUSDT,1769212800011,0.00003675
ETHUSDT,1769241600002,0.00001171
ETHUSDT,1769270400001,0.00001292
ETHUSDT,1769299200002,0.00004065
ETHUSDT,1769328000011,0.00006759
ETHUSDT,1769356800005,0.00004059
ETHUSDT,1769385600000,-0.00013629
ETHUSDT,1769414400003,0.0000654
ETHUSDT,1769443200000,0.00001326
ETHUSDT,1769472000002,0.00007255
ETHUSDT,1769500800000,0.00008694
ETHUSDT,1769529600000,0.00009488
ETHUSDT,1769558400000,0.00008698
ETHUSDT,1769587200000,0.00009559
ETHUSDT,1769616000000,0.00004501
ETHUSDT,1769644800000,0.00004731
ETHUSDT,1769673600009,0.00004078
ETHUSDT,1769702400000,-0.00001167
ETHUSDT,1769731200008,0.00000473
ETHUSDT,1769760000000,-0.00000308
ETHUSDT,1769788800001,-0.00000056
ETHUSDT,1769817600000,-0.00007003
ETHUSDT,1769846400001,0.00001854
ETHUSDT,1769875200009,-0.00008908
ETHUSDT,1769904000001,-0.00016427
ETHUSDT,1769932800004,0.00001415
ETHUSDT,1769961600000,-0.00007308
ETHUSDT,1769990400000,-0.00015302
ETHUSDT,1770019200014,-0.00008208
ETHUSDT,1770048000000,-0.00010921
ETHUSDT,1770076800000,-0.00015482
ETHUSDT,1770105600007,0.0000101
ETHUSDT,1770134400000,-0.00003903
ETHUSDT,1770163200002,-0.00002474
ETHUSDT,1770192000007,0.00002076
ETHUSDT,1770220800000,-0.00006117
ETHUSDT,1770249600011,0.00005503
ETHUSDT,1770278400000,-0.00000504
ETHUSDT,1770307200007,-0.00007797
ETHUSDT,1770336000000,-0.00027709
ETHUSDT,1770364800001,-0.0000843
ETHUSDT,1770393600000,0.00001852
ETHUSDT,1770422400003,0.0001
ETHUSDT,1770451200000,-0.00000183
ETHUSDT,1770480000010,0.00001636
ETHUSDT,1770508800003,0.00002665
ETHUSDT,1770537600000,-0.00003046
ETHUSDT,1770566400000,-0.00005398
ETHUSDT,1770595200002,-0.00004033
ETHUSDT,1770624000001,-0.00004865
ETHUSDT,1770652800007,-0.00000334
ETHUSDT,1770681600000,0.00004269
ETHUSDT,1770710400007,-0.0001521
ETHUSDT,1770739200000,-0.00019437
ETHUSDT,1770768000000,-0.00008436
ETHUSDT,1770796800006,-0.00012968
ETHUSDT,1770825600000,-0.00012326
ETHUSDT,1770854400000,-0.00002549
ETHUSDT,1770883200001,0.00002239
ETHUSDT,1770912000001,-0.00004103
ETHUSDT,1770940800007,-0.00010652
ETHUSDT,1770969600003,-0.00002874
ETHUSDT,1770998400005,0.0000426
ETHUSDT,1771027200002,-0.00000268
ETHUSDT,1771056000004,0.00001442
ETHUSDT,1771084800002,-0.00001921
ETHUSDT,1771113600000,-0.00006367
ETHUSDT,1771142400002,0.00006204
ETHUSDT,1771171200000,-0.0000755
ETHUSDT,1771200000001,-0.00005314
ETHUSDT,1771228800003,-0.00005925
ETHUSDT,1771257600000,-0.00003499
ETHUSDT,1771286400008,0.00005298
ETHUSDT,1771315200001,0.00000843
ETHUSDT,1771344000002,-0.00004733
ETHUSDT,1771372800000,0.00001121
ETHUSDT,1771401600000,-0.00003783
ETHUSDT,1771430400011,-0.00000866
ETHUSDT,1771459200013,-0.00010561
ETHUSDT,1771488000000,-0.00003009
ETHUSDT,1771516800003,-0.00007865
ETHUSDT,1771545600000,-0.00004637
ETHUSDT,1771574400000,-0.0000319
ETHUSDT,1771603200000,-0.0000716
ETHUSDT,1771632000004,0.0000305
ETHUSDT,1771660800000,0.00004592
ETHUSDT,1771689600005,0.00006628
ETHUSDT,1771718400001,0.00003845
ETHUSDT,1771747200004,0.00001584
ETHUSDT,1771776000000,-0.00004379
ETHUSDT,1771804800001,-0.00003343
ETHUSDT,1771833600000,-0.00036526
ETHUSDT,1771862400000,0.00001654
ETHUSDT,1771891200007,0.0000261
ETHUSDT,1771920000000,-0.00004446
ETHUSDT,1771948800001,-0.00002974
ETHUSDT,1771977600001,-0.00002455
ETHUSDT,1772006400007,0.00004558
ETHUSDT,1772035200000,0.00005753
ETHUSDT,1772064000000,0.00007787
ETHUSDT,1772092800006,-0.00002591
ETHUSDT,1772121600002,0.00003926
ETHUSDT,1772150400007,0.0000139
ETHUSDT,1772179200000,0.00000334
ETHUSDT,1772208000001,-0.00011015
ETHUSDT,1772236800000,-0.00008821
ETHUSDT,1772265600000,-0.00009456
ETHUSDT,1772294400004,-0.00007186
ETHUSDT,1772323200005,-0.00003406
ETHUSDT,1772352000000,0.00004986
ETHUSDT,1772380800002,0.00005291
ETHUSDT,1772409600001,-0.00007621
ETHUSDT,1772438400007,-0.0000431
ETHUSDT,1772467200000,-0.00006736
ETHUSDT,1772496000000,0.0000493
ETHUSDT,1772524800000,-0.00002809
ETHUSDT,1772553600007,-0.00009532
ETHUSDT,1772582400001,-0.00000392
ETHUSDT,1772611200005,-0.00007107
ETHUSDT,1772640000000,0.00006615
ETHUSDT,1772668800000,-0.00001331
ETHUSDT,1772697600000,-0.00000837
ETHUSDT,1772726400004,-0.00001463
ETHUSDT,1772755200001,0.00004376
ETHUSDT,1772784000001,-0.00002383
ETHUSDT,1772812800004,-0.00009858
ETHUSDT,1772841600001,-0.00004995
ETHUSDT,1772870400012,-0.00000916
ETHUSDT,1772899200001,-0.0000226
ETHUSDT,1772928000001,-0.00004775
ETHUSDT,1772956800000,-0.00008766
ETHUSDT,1772985600002,-0.00007522
ETHUSDT,1773014400000,-0.00022545
ETHUSDT,1773043200004,0.00002557
ETHUSDT,1773072000003,0.00005482
ETHUSDT,1773100800012,0.00004253
ETHUSDT,1773129600002,0.00005082
ETHUSDT,1773158400001,0.00002672
ETHUSDT,1773187200000,-0.00000394
ETHUSDT,1773216000007,-0.00000074
ETHUSDT,1773244800010,0.00002992
ETHUSDT,1773273600000,0.00000902
ETHUSDT,1773302400000,-0.00006811
ETHUSDT,1773331200000,-0.00001513
ETHUSDT,1773360000006,0.00002264
ETHUSDT,1773388800001,-0.00000063
ETHUSDT,1773417600000,0.00002099
ETHUSDT,1773446400001,0.00002679
ETHUSDT,1773475200000,-0.00002367
ETHUSDT,1773504000007,-0.000041
ETHUSDT,1773532800000,-0.00004662
ETHUSDT,1773561600000,0.00001371
ETHUSDT,1773590400000,0.00003459
ETHUSDT,1773619200000,0.00007611
ETHUSDT,1773648000010,0.0001
ETHUSDT,1773676800000,0.00007073
ETHUSDT,1773705600000,0.00005155
ETHUSDT,1773734400002,0.00001964
ETHUSDT,1773763200011,-0.00001057
ETHUSDT,1773792000002,0.00001504
ETHUSDT,1773820800002,0.00001301
ETHUSDT,1773849600005,-0.00001399
ETHUSDT,1773878400000,-0.0000038
ETHUSDT,1773907200003,-0.00000871
ETHUSDT,1773936000003,0.00000066
ETHUSDT,1773964800002,-0.00006348
ETHUSDT,1773993600000,-0.00005947
ETHUSDT,1774022400000,-0.00000072
ETHUSDT,1774051200000,0.00002359
ETHUSDT,1774080000000,0.00001136
ETHUSDT,1774108800014,0.00002063
ETHUSDT,1774137600012,-0.00001052
ETHUSDT,1774166400007,0.0000114
ETHUSDT,1774195200002,-0.00007418
ETHUSDT,1774224000000,-0.00005929
ETHUSDT,1774252800003,-0.00000316
ETHUSDT,1774281600002,0.0000611
ETHUSDT,1774310400000,0.0000288
ETHUSDT,1774339200000,0.00002122
ETHUSDT,1774368000003,-0.00002682
ETHUSDT,1774396800000,0.0000354
ETHUSDT,1774425600000,-0.00004168
ETHUSDT,1774454400013,0.00000527
ETHUSDT,1774483200001,0.00004453
ETHUSDT,1774512000001,0.00000715
ETHUSDT,1774540800000,-0.00008212
ETHUSDT,1774569600006,-0.00000208
ETHUSDT,1774598400000,-0.00005164
ETHUSDT,1774627200000,-0.00018104
ETHUSDT,1774656000005,-0.00004999
ETHUSDT,1774684800005,-0.00008079
ETHUSDT,1774713600000,0.00000045
ETHUSDT,1774742400003,-0.00001122
ETHUSDT,1774771200001,-0.00003677
ETHUSDT,1774800000000,-0.0000376
ETHUSDT,1774828800000,-0.00002586
ETHUSDT,1774857600005,0.00001177
ETHUSDT,1774886400000,0.00004113
ETHUSDT,1774915200000,0.00000257
ETHUSDT,1774944000000,0.00001748
ETHUSDT,1774972800000,-0.00000962
ETHUSDT,1775001600000,-0.00000257
ETHUSDT,1775030400000,0.00004782
ETHUSDT,1775059200000,0.00004428
ETHUSDT,1775088000003,-0.00008956
ETHUSDT,1775116800001,-0.00013372
ETHUSDT,1775145600001,-0.00007283
ETHUSDT,1775174400000,-0.00002988
ETHUSDT,1775203200008,0.00000637
ETHUSDT,1775232000008,-0.00000958
ETHUSDT,1775260800000,-0.0000003
ETHUSDT,1775289600003,0.00004915
ETHUSDT,1775318400000,0.00000735
ETHUSDT,1775347200008,0.00002442
ETHUSDT,1775376000000,0.00000623
ETHUSDT,1775404800001,-0.0000434
ETHUSDT,1775433600004,0.00002356
ETHUSDT,1775462400001,0.00006201
ETHUSDT,1775491200003,0.00002033
ETHUSDT,1775520000000,-0.00003933
ETHUSDT,1775548800000,-0.00002975
ETHUSDT,1775577600000,0.00001031
ETHUSDT,1775606400000,0.0001
ETHUSDT,1775635200000,0.00005834
ETHUSDT,1775664000006,0.00006711
ETHUSDT,1775692800000,0.0000332
ETHUSDT,1775721600010,-0.00001493
ETHUSDT,1775750400001,0.00001917
ETHUSDT,1775779200000,0.0000125
ETHUSDT,1775808000005,0.00000283
ETHUSDT,1775836800000,-0.00000448
ETHUSDT,1775865600000,-0.00006627
ETHUSDT,1775894400000,-0.00007635
ETHUSDT,1775923200003,-0.0000326
ETHUSDT,1775952000000,0.00008271
ETHUSDT,1775980800000,-0.00003576
ETHUSDT,1776009600000,-0.00005477
ETHUSDT,1776038400011,-0.00000986
ETHUSDT,1776067200006,0.00003028
ETHUSDT,1776096000000,0.00003014
ETHUSDT,1776124800005,0.0001
ETHUSDT,1776153600003,0.0001
ETHUSDT,1776182400001,0.0000349
ETHUSDT,1776211200000,0.00001802
ETHUSDT,1776240000000,0.00001648
ETHUSDT,1776268800000,0.00000261
ETHUSDT,1776297600013,-0.00001717
ETHUSDT,1776326400000,-0.00005141
ETHUSDT,1776355200000,-0.00003792
ETHUSDT,1776384000001,0.00000861
ETHUSDT,1776412800011,0.00000822
ETHUSDT,1776441600001,0.00001819
ETHUSDT,1776470400001,-0.00002327
ETHUSDT,1776499200006,-0.00001075
ETHUSDT,1776528000000,-0.00015064
ETHUSDT,1776556800002,-0.00010377
ETHUSDT,1776585600010,-0.00011438
ETHUSDT,1776614400001,-0.00022976
ETHUSDT,1776643200000,-0.00000927
ETHUSDT,1776672000000,-0.00001408
ETHUSDT,1776700800001,0.0000081
ETHUSDT,1776729600000,-0.00004382
ETHUSDT,1776758400004,-0.0000372
ETHUSDT,1776787200004,-0.00003676
ETHUSDT,1776816000004,-0.00002128
ETHUSDT,1776844800000,0.0001
ETHUSDT,1776873600000,0.00007797
ETHUSDT,1776902400000,0.0001
ETHUSDT,1776931200000,-0.00001984
ETHUSDT,1776960000004,-0.00006025
ETHUSDT,1776988800006,-0.00003645
ETHUSDT,1777017600000,-0.0000698
ETHUSDT,1777046400000,-0.00012145
ETHUSDT,1777075200000,-0.00004387
ETHUSDT,1777104000002,-0.00002141
ETHUSDT,1777132800002,-0.00004431
ETHUSDT,1777161600003,-0.00001131
ETHUSDT,1777190400007,-0.00001931
ETHUSDT,1777219200004,-0.00002842
ETHUSDT,1777248000004,-0.00006636
ETHUSDT,1777276800000,-0.00007865
ETHUSDT,1777305600002,-0.00007593
ETHUSDT,1777334400001,-0.00016104
ETHUSDT,1777363200000,-0.00011678
ETHUSDT,1777392000004,0.00000025
ETHUSDT,1777420800006,0.00002842
ETHUSDT,1777449600011,0.00004666
ETHUSDT,1777478400003,0.00004782
ETHUSDT,1777507200002,-0.00006092
ETHUSDT,1777536000000,-0.00004636
ETHUSDT,1777564800000,-0.00007717
ETHUSDT,1777593600000,-0.00004
ETHUSDT,1777622400005,-0.00001877
ETHUSDT,1777651200000,-0.00002131
ETHUSDT,1777680000006,-0.00000436
ETHUSDT,1777708800000,-0.0000382
ETHUSDT,1777737600010,-0.00000388
ETHUSDT,1777766400005,0.0000352
ETHUSDT,1777795200003,-0.00001628
ETHUSDT,1777824000000,0.00008747
ETHUSDT,1777852800000,0.00004305
ETHUSDT,1777881600000,0.00008648
ETHUSDT,1777910400003,-0.00000209
ETHUSDT,1777939200000,-0.00001957
ETHUSDT,1777968000011,-0.0000241
ETHUSDT,1777996800000,-0.0000652
ETHUSDT,1778025600010,-0.00002041
ETHUSDT,1778054400000,-0.00009447
ETHUSDT,1778083200002,-0.00005114
ETHUSDT,1778112000000,-0.00006585
ETHUSDT,1778140800000,-0.00011993
ETHUSDT,1778169600004,-0.00004319
ETHUSDT,1778198400003,-0.00000968
ETHUSDT,1778227200002,-0.00002849
ETHUSDT,1778256000003,-0.00003358
ETHUSDT,1778284800000,0.00006199
ETHUSDT,1778313600001,0.00004314
ETHUSDT,1778342400002,0.0000876
ETHUSDT,1778371200003,0.0001
ETHUSDT,1778400000000,0.00008268
ETHUSDT,1778428800000,0.00006714
ETHUSDT,1778457600000,0.00007463
ETHUSDT,1778486400000,0.00001995
ETHUSDT,1778515200000,0.00003355
ETHUSDT,1778544000002,0.00003946
ETHUSDT,1778572800008,0.00000708
ETHUSDT,1778601600000,0.00003956
ETHUSDT,1778630400010,0.00001323
ETHUSDT,1778659200003,0.00005046
ETHUSDT,1778688000001,0.00000545
ETHUSDT,1778716800005,0.00005942
ETHUSDT,1778745600000,0.00005526
ETHUSDT,1778774400000,0.00003946
ETHUSDT,1778803200000,-0.00000693
ETHUSDT,1778832000016,0.00000388
ETHUSDT,1778860800012,0.00001397
ETHUSDT,1778889600005,0.00007065
ETHUSDT,1778918400000,0.00004496
ETHUSDT,1778947200005,0.00006508
ETHUSDT,1778976000000,0.00007161
ETHUSDT,1779004800010,0.00004855
ETHUSDT,1779033600009,0.00005341
ETHUSDT,1779062400007,0.00001925
ETHUSDT,1779091200002,0.00000652
ETHUSDT,1779120000007,0.00005159
ETHUSDT,1779148800001,0.0001
ETHUSDT,1779177600001,0.00005687
ETHUSDT,1779206400009,0.00003588
ETHUSDT,1779235200001,0.00005523
ETHUSDT,1779264000006,0.00003051
ETHUSDT,1779292800000,0.0000529
ETHUSDT,1779321600001,0.00005867
ETHUSDT,1779350400000,0.00002532
ETHUSDT,1779379200000,0.00003837
ETHUSDT,1779408000000,0.00004926
ETHUSDT,1779436800004,0.00003093
ETHUSDT,1779465600001,0.00005943
ETHUSDT,1779494400009,0.0000572
ETHUSDT,1779523200001,0.00004466
ETHUSDT,1779552000003,0.0000636
ETHUSDT,1779580800011,0.0000802
ETHUSDT,1779609600008,0.00008039
ETHUSDT,1779638400000,0.00004195
ETHUSDT,1779667200001,0.00005359
ETHUSDT,1779696000001,0.00005508
ETHUSDT,1779724800001,0.00003249
ETHUSDT,1779753600000,0.00003458
ETHUSDT,1779782400003,0.00003793
ETHUSDT,1779811200000,0.00003408
ETHUSDT,1779840000000,0.00007351
ETHUSDT,1779868800004,0.00003072
ETHUSDT,1779897600009,0.00006097
ETHUSDT,1779926400001,0.00002421
ETHUSDT,1779955200000,0.00002543
ETHUSDT,1779984000001,0.00002984
ETHUSDT,1780012800000,0.00008553
ETHUSDT,1780041600001,0.0000704
ETHUSDT,1780070400008,0.00006595
ETHUSDT,1780099200000,0.0000454
ETHUSDT,1780128000001,0.00006842
ETHUSDT,1780156800000,0.00005705
ETHUSDT,1780185600000,0.00009397
ETHUSDT,1780214400000,0.00007226
ETHUSDT,1780243200004,0.00001691
ETHUSDT,1780272000001,0.00006445
ETHUSDT,1780300800001,0.00005339
ETHUSDT,1780329600000,0.00009572
ETHUSDT,1780358400000,0.0001
ETHUSDT,1780387200000,0.0001
ETHUSDT,1780416000000,0.00005699
ETHUSDT,1780444800013,0.00002021
ETHUSDT,1780473600000,0.00009862
ETHUSDT,1780502400001,0.00007361
ETHUSDT,1780531200009,0.00007651
ETHUSDT,1780560000000,0.00004482
ETHUSDT,1780588800003,0.00003946
ETHUSDT,1780617600000,0.0000467
ETHUSDT,1780646400004,-0.00003129
ETHUSDT,1780675200009,-0.00007387
ETHUSDT,1780704000000,-0.00007917
ETHUSDT,1780732800000,-0.00003161
ETHUSDT,1780761600000,-0.00003461
ETHUSDT,1780790400001,-0.00006624
ETHUSDT,1780819200000,-0.00010189
ETHUSDT,1780848000000,0.00000472
ETHUSDT,1780876800000,-0.00008235
ETHUSDT,1780905600005,-0.00006599
ETHUSDT,1780934400004,-0.00004515
ETHUSDT,1780963200000,-0.00004506
ETHUSDT,1780992000000,0.00000036
ETHUSDT,1781020800001,-0.00005182
ETHUSDT,1781049600001,-0.00004089
ETHUSDT,1781078400011,-0.00004578
ETHUSDT,1781107200009,-0.00003121
ETHUSDT,1781136000000,-0.00003684
ETHUSDT,1781164800004,0.00000754
ETHUSDT,1781193600000,-0.00002432
ETHUSDT,1781222400000,-0.00002404
ETHUSDT,1781251200000,-0.00005854
ETHUSDT,1781280000000,-0.00002216
ETHUSDT,1781308800000,-0.00000631
ETHUSDT,1781337600007,0.00003562
ETHUSDT,1781366400002,0.00002664
ETHUSDT,1781395200005,-0.00000644
ETHUSDT,1781424000009,-0.0000108
ETHUSDT,1781452800000,-0.00001919
ETHUSDT,1781481600013,0.0000292
ETHUSDT,1781510400013,-0.00000745
ETHUSDT,1781539200004,0.00006867
ETHUSDT,1781568000000,0.00002969
ETHUSDT,1781596800000,-0.0000207
ETHUSDT,1781625600001,0.0000316
ETHUSDT,1781654400012,0.00003038
ETHUSDT,1781683200000,0.00002339
ETHUSDT,1781712000000,-0.00000737
ETHUSDT,1781740800002,0.0000463
ETHUSDT,1781769600000,0.00000687
ETHUSDT,1781798400001,-0.00000691
ETHUSDT,1781827200005,0.00006551
ETHUSDT,1781856000001,-0.00002067
ETHUSDT,1781884800001,-0.00000027
ETHUSDT,1781913600001,0.00002505
ETHUSDT,1781942400000,0.0000317
ETHUSDT,1781971200001,0.00003209
ETHUSDT,1782000000000,0.00002892
ETHUSDT,1782028800000,0.00002602
ETHUSDT,1782057600000,0.00000757
ETHUSDT,1782086400000,0.0000388
ETHUSDT,1782115200000,0.00001941
ETHUSDT,1782144000002,0.00000789
ETHUSDT,1782172800003,0.0000237
ETHUSDT,1782201600005,0.00000335
ETHUSDT,1782230400002,-0.00003854
ETHUSDT,1782259200005,0.00004579
ETHUSDT,1782288000005,0.00002212
ETHUSDT,1782316800003,0.00000043
ETHUSDT,1782345600000,0.00000542
ETHUSDT,1782374400000,0.00004282
ETHUSDT,1782403200000,-0.00008135
ETHUSDT,1782432000010,-0.00001665
ETHUSDT,1782460800002,-0.00001968
ETHUSDT,1782489600000,0.00000522
ETHUSDT,1782518400000,0.00001807
ETHUSDT,1782547200000,-0.00000597
ETHUSDT,1782576000009,0.00001769
ETHUSDT,1782604800000,-0.00005389
ETHUSDT,1782633600013,-0.00002947
ETHUSDT,1782662400000,0.00001924
ETHUSDT,1782691200006,-0.00000185
ETHUSDT,1782720000013,0.00000216
ETHUSDT,1782748800004,0.00002144
ETHUSDT,1782777600000,0.0000449
ETHUSDT,1782806400000,0.00004566
ETHUSDT,1782835200005,0.00003059
ETHUSDT,1782864000000,0.00006151
ETHUSDT,1782892800000,0.0000533
ETHUSDT,1782921600000,0.00002077
ETHUSDT,1782950400000,0.0000196
ETHUSDT,1782979200000,0.0000502
ETHUSDT,1783008000000,0.00007321
ETHUSDT,1783036800000,0.00007837
ETHUSDT,1783065600007,0.0001
ETHUSDT,1783094400000,0.00005241
ETHUSDT,1783123200000,0.00009748
ETHUSDT,1783152000000,0.00007642
ETHUSDT,1783180800007,0.00005167
ETHUSDT,1783209600003,0.00007818
ETHUSDT,1783238400001,0.00006162
ETHUSDT,1783267200000,0.00004748
ETHUSDT,1783296000000,0.00008332
ETHUSDT,1783324800000,0.00004679
ETHUSDT,1783353600000,0.00006963
ETHUSDT,1783382400000,0.0000762
ETHUSDT,1783411200000,0.00003271
ETHUSDT,1783440000000,0.00004088
ETHUSDT,1783468800000,0.00001519
ETHUSDT,1783497600000,0.00002984
ETHUSDT,1783526400000,0.00004537
ETHUSDT,1783555200000,0.00007189
ETHUSDT,1783584000001,0.00005342
ETHUSDT,1783612800001,0.00002748
ETHUSDT,1783641600000,0.00002613
ETHUSDT,1783670400005,0.00003355
ETHUSDT,1783699200005,0.00004632
ETHUSDT,1783728000000,0.00005051
ETHUSDT,1783756800000,0.0000219
ETHUSDT,1783785600000,0.00006296
ETHUSDT,1783814400000,0.00000646
ETHUSDT,1783843200003,0.00000996
ETHUSDT,1783872000000,0.00003016
ETHUSDT,1783900800000,0.00002248
ETHUSDT,1783929600001,0.00000542
ETHUSDT,1783958400004,0.00001969
ETHUSDT,1783987200000,0.00000126
ETHUSDT,1784016000002,0.00003639
ETHUSDT,1784044800001,0.00006925
ETHUSDT,1784073600005,0.00003834
ETHUSDT,1784102400002,0.00005006
ETHUSDT,1784131200000,0.00008736
ETHUSDT,1784160000000,0.0000435
ETHUSDT,1784188800003,0.00006079
ETHUSDT,1784217600002,0.00003526
ETHUSDT,1784246400000,0.00006892
ETHUSDT,1784275200010,0.00004774
ETHUSDT,1784304000004,0.00002442
ETHUSDT,1784332800000,0.00002552
ETHUSDT,1784361600000,0.00003939
ETHUSDT,1784390400001,0.00003042
ETHUSDT,1784419200003,-0.00001262
ETHUSDT,1784448000000,0.00004255
ETHUSDT,1784476800001,0.00007448
ETHUSDT,1784505600000,0.00002897
ETHUSDT,1784534400001,0.00002124
ETHUSDT,1784563200004,0.00002476
ETHUSDT,1784592000001,0.00002585
ETHUSDT,1784620800000,0.00004126
ETHUSDT,1784649600002,0.00003598
ETHUSDT,1784678400000,0.00001055
ETHUSDT,1784707200000,0.00001429
ETHUSDT,1784736000001,0.00006454
ETHUSDT,1784764800000,0.00000414
ETHUSDT,1784793600000,-0.00003313
ETHUSDT,1784822400000,-0.00003252
ETHUSDT,1784851200000,-0.00001139
ETHUSDT,1784880000000,0.00001776
ETHUSDT,1784908800008,0.00001716
ETHUSDT,1784937600002,0.00005412
ETHUSDT,1784966400000,0.00002278
ETHUSDT,1784995200000,0.00003434
ETHUSDT,1785024000000,-0.00001884
ETHUSDT,1785052800002,0.00002358
ETHUSDT,1785081600000,0.00001943
ETHUSDT,1785110400010,0.0001
ETHUSDT,1785139200000,0.0000816
ETHUSDT,1785168000001,0.00001607
ETHUSDT,1785196800000,0.00001456
ETHUSDT,1785225600000,-0.00003657
ETHUSDT,1785254400000,0.00002816
ETHUSDT,1785283200000,0.00005737
ETHUSDT,1785312000002,0.00006871
ETHUSDT,1785340800000,0.00002143
ETHUSDT,1785369600000,0.00003854
ETHUSDT,1785398400000,0.00004661
ETHUSDT,1785427200000,0.0000199
ETHUSDT,1785456000003,0.00005729
ETHUSDT,1785484800000,0.00001208
ETHUSDT,1785513600000,-0.00002045
