symbol,timestamp_ms,funding_rate
ATOMUSDT,1609459200002,0.00029017
ATOMUSDT,1609488000006,0.00063296
ATOMUSDT,1609516800003,0.00087357
ATOMUSDT,1609545600000,0.00084603
ATOMUSDT,1609574400000,0.0008932
ATOMUSDT,1609603200006,0.00073182
ATOMUSDT,1609632000018,0.00092372
ATOMUSDT,1609660800000,0.00108609
ATOMUSDT,1609689600002,0.00179166
ATOMUSDT,1609718400000,0.00190287
ATOMUSDT,1609747200000,0.00365842
ATOMUSDT,1609776000000,0.00049542
ATOMUSDT,1609804800020,0.00068335
ATOMUSDT,1609833600003,0.00019914
ATOMUSDT,1609862400003,0.00082865
ATOMUSDT,1609891200010,0.00196804
ATOMUSDT,1609920000003,0.00170878
ATOMUSDT,1609948800000,0.00319371
ATOMUSDT,1609977600007,0.00135148
ATOMUSDT,1610006400000,0.00177911
ATOMUSDT,1610035200004,0.00277978
ATOMUSDT,1610064000000,0.00117344
ATOMUSDT,1610092800000,0.00060531
ATOMUSDT,1610121600000,0.0010994
ATOMUSDT,1610150400009,0.00012888
ATOMUSDT,1610179200004,0.00131165
ATOMUSDT,1610208000000,0.00149837
ATOMUSDT,1610236800000,0.00266644
ATOMUSDT,1610265600005,0.00367817
ATOMUSDT,1610294400000,0.00013407
ATOMUSDT,1610323200000,0.0001
ATOMUSDT,1610352000012,0.0001
ATOMUSDT,1610380800000,0.0001
ATOMUSDT,1610409600000,0.0001
ATOMUSDT,1610438400000,0.00057365
ATOMUSDT,1610467200008,0.0001
ATOMUSDT,1610496000001,0.0001
ATOMUSDT,1610524800000,0.00047935
ATOMUSDT,1610553600003,0.00041914
ATOMUSDT,1610582400000,0.0001
ATOMUSDT,1610611200012,0.00035786
ATOMUSDT,1610640000000,0.00079125
ATOMUSDT,1610668800002,0.00038453
ATOMUSDT,1610697600000,0.00115698
ATOMUSDT,1610726400004,0.00117255
ATOMUSDT,1610755200000,0.00010907
ATOMUSDT,1610784000008,0.00095767
ATOMUSDT,1610812800000,0.00139123
ATOMUSDT,1610841600009,0.00033907
ATOMUSDT,1610870400000,0.00082056
ATOMUSDT,1610899200001,0.00120983
ATOMUSDT,1610928000000,0.00125995
ATOMUSDT,1610956800004,0.00085293
ATOMUSDT,1610985600000,0.00034039
ATOMUSDT,1611014400000,0.00091699
ATOMUSDT,1611043200005,0.00236961
ATOMUSDT,1611072000012,0.00131758
ATOMUSDT,1611100800012,0.00044728
ATOMUSDT,1611129600001,0.00057128
ATOMUSDT,1611158400001,0.0001
ATOMUSDT,1611187200000,0.00030923
ATOMUSDT,1611216000000,0.0001
ATOMUSDT,1611244800004,0.0001
ATOMUSDT,1611273600012,0.0001
ATOMUSDT,1611302400003,0.0001
ATOMUSDT,1611331200001,0.0001
ATOMUSDT,1611360000000,0.0001
ATOMUSDT,1611388800002,0.00022921
ATOMUSDT,1611417600000,0.00013974
ATOMUSDT,1611446400001,0.00045783
ATOMUSDT,1611475200011,0.00063934
ATOMUSDT,1611504000005,0.0001
ATOMUSDT,1611532800007,0.0001
ATOMUSDT,1611561600012,0.0004463
ATOMUSDT,1611590400000,0.00040236
ATOMUSDT,1611619200007,0.0001
ATOMUSDT,1611648000000,0.0001
ATOMUSDT,1611676800000,0.0001
ATOMUSDT,1611705600000,0.00017814
ATOMUSDT,1611734400011,0.0001
ATOMUSDT,1611763200003,0.00013318
ATOMUSDT,1611792000000,0.00016708
ATOMUSDT,1611820800000,0.00050107
ATOMUSDT,1611849600000,0.00070091
ATOMUSDT,1611878400009,0.00074654
ATOMUSDT,1611907200000,0.00047486
ATOMUSDT,1611936000000,0.00184901
ATOMUSDT,1611964800000,0.00082893
ATOMUSDT,1611993600000,0.0007081
ATOMUSDT,1612022400000,0.00097985
ATOMUSDT,1612051200009,0.00064891
ATOMUSDT,1612080000000,0.00083438
ATOMUSDT,1612108800000,0.00108742
ATOMUSDT,1612137600001,0.00023049
ATOMUSDT,1612166400014,0.0003924
ATOMUSDT,1612195200000,0.00049991
ATOMUSDT,1612224000000,0.00050207
ATOMUSDT,1612252800006,0.0007514
ATOMUSDT,1612281600000,0.00182949
ATOMUSDT,1612310400009,0.0021119
ATOMUSDT,1612339200006,0.00250833
ATOMUSDT,1612368000006,0.00248848
ATOMUSDT,1612396800005,0.00307331
ATOMUSDT,1612425600000,0.00163563
ATOMUSDT,1612454400011,0.00182232
ATOMUSDT,1612483200009,0.00164014
ATOMUSDT,1612512000004,0.00309824
ATOMUSDT,1612540800000,0.00333025
ATOMUSDT,1612569600008,0.00155269
ATOMUSDT,1612598400009,0.00061368
ATOMUSDT,1612627200000,0.00077559
ATOMUSDT,1612656000000,0.00108118
ATOMUSDT,1612684800005,0.00025271
ATOMUSDT,1612713600001,0.00044361
ATOMUSDT,1612742400000,0.00027803
ATOMUSDT,1612771200001,0.00032823
ATOMUSDT,1612800000000,0.00208935
ATOMUSDT,1612828800010,0.00087635
ATOMUSDT,1612857600006,0.0016146
ATOMUSDT,1612886400007,0.0014186
ATOMUSDT,1612915200009,0.00164637
ATOMUSDT,1612944000014,0.00267652
ATOMUSDT,1612972800005,0.0013215
ATOMUSDT,1613001600000,0.00029527
ATOMUSDT,1613030400000,0.00073384
ATOMUSDT,1613059200000,0.00178781
ATOMUSDT,1613088000000,0.00070531
ATOMUSDT,1613116800000,0.00037153
ATOMUSDT,1613145600000,0.00142535
ATOMUSDT,1613174400001,0.0019643
ATOMUSDT,1613203200003,0.0015606
ATOMUSDT,1613232000000,0.00031403
ATOMUSDT,1613260800013,0.00158804
ATOMUSDT,1613289600000,0.00125227
ATOMUSDT,1613318400008,0.0010894
ATOMUSDT,1613347200000,0.00069563
ATOMUSDT,1613376000006,0.0001
ATOMUSDT,1613404800000,0.00079263
ATOMUSDT,1613433600001,0.00052577
ATOMUSDT,1613462400000,0.00109121
ATOMUSDT,1613491200010,0.00039844
ATOMUSDT,1613520000005,0.0001091
ATOMUSDT,1613548800010,0.0001
ATOMUSDT,1613577600008,0.00177137
ATOMUSDT,1613606400012,0.00102311
ATOMUSDT,1613635200000,0.00104323
ATOMUSDT,1613664000009,0.00153386
ATOMUSDT,1613692800010,0.00157604
ATOMUSDT,1613721600002,0.00116704
ATOMUSDT,1613750400008,0.00246704
ATOMUSDT,1613779200000,0.00262645
ATOMUSDT,1613808000009,0.00289349
ATOMUSDT,1613836800000,0.00296986
ATOMUSDT,1613865600007,0.00042333
ATOMUSDT,1613894400012,0.00053332
ATOMUSDT,1613923200001,0.0012814
ATOMUSDT,1613952000006,0.00033302
ATOMUSDT,1613980800002,0.00013713
ATOMUSDT,1614009600000,0.0001
ATOMUSDT,1614038400000,0.0001
ATOMUSDT,1614067200006,0.0001
ATOMUSDT,1614096000000,0.0001
ATOMUSDT,1614124800012,0.0001
ATOMUSDT,1614153600016,0.0001
ATOMUSDT,1614182400011,0.0001
ATOMUSDT,1614211200007,-0.00014152
ATOMUSDT,1614240000000,0.0001
ATOMUSDT,1614268800010,0.0001
ATOMUSDT,1614297600000,0.0001
ATOMUSDT,1614326400025,0.0001
ATOMUSDT,1614355200010,0.0001
ATOMUSDT,1614384000001,0.0001
ATOMUSDT,1614412800000,0.0001
ATOMUSDT,1614441600000,0.00011313
ATOMUSDT,1614470400021,0.0001
ATOMUSDT,1614499200009,0.0001
ATOMUSDT,1614528000000,0.0001
ATOMUSDT,1614556800000,0.00011305
ATOMUSDT,1614585600003,0.0001
ATOMUSDT,1614614400001,0.0001072
ATOMUSDT,1614643200000,0.00056206
ATOMUSDT,1614672000000,0.00082018
ATOMUSDT,1614700800004,0.00084186
ATOMUSDT,1614729600000,0.0001
ATOMUSDT,1614758400016,0.00021885
ATOMUSDT,1614787200000,0.00045384
ATOMUSDT,1614816000000,0.00046537
ATOMUSDT,1614844800015,0.00041122
ATOMUSDT,1614873600001,0.00086374
ATOMUSDT,1614902400000,0.0001
ATOMUSDT,1614931200002,0.0001
ATOMUSDT,1614960000008,0.0001
ATOMUSDT,1614988800000,0.00011005
ATOMUSDT,1615017600000,0.00036536
ATOMUSDT,1615046400000,0.0001
ATOMUSDT,1615075200006,0.00058403
ATOMUSDT,1615104000005,0.00055684
ATOMUSDT,1615132800008,0.0007522
ATOMUSDT,1615161600000,0.00076275
ATOMUSDT,1615190400000,0.0007538
ATOMUSDT,1615219200006,0.00101739
ATOMUSDT,1615248000000,0.00110735
ATOMUSDT,1615276800000,0.00112833
ATOMUSDT,1615305600000,0.00182151
ATOMUSDT,1615334400009,0.00208383
ATOMUSDT,1615363200006,0.00085703
ATOMUSDT,1615392000008,0.00123384
ATOMUSDT,1615420800000,0.00050411
ATOMUSDT,1615449600000,0.00053592
ATOMUSDT,1615478400014,0.00095211
ATOMUSDT,1615507200002,0.00149213
ATOMUSDT,1615536000005,0.00116969
ATOMUSDT,1615564800011,0.00029343
ATOMUSDT,1615593600000,0.00022762
ATOMUSDT,1615622400002,0.00041185
ATOMUSDT,1615651200000,0.00160209
ATOMUSDT,1615680000011,0.00241425
ATOMUSDT,1615708800000,0.00123068
ATOMUSDT,1615737600000,0.00135727
ATOMUSDT,1615766400012,0.00149518
ATOMUSDT,1615795200016,0.00105178
ATOMUSDT,1615824000030,0.00101276
ATOMUSDT,1615852800005,0.00106647
ATOMUSDT,1615881600008,0.00068733
ATOMUSDT,1615910400012,0.00108116
ATOMUSDT,1615939200010,0.00117535
ATOMUSDT,1615968000000,0.0005109
ATOMUSDT,1615996800009,0.00046233
ATOMUSDT,1616025600001,0.00106961
ATOMUSDT,1616054400000,0.00113738
ATOMUSDT,1616083200000,0.00134901
ATOMUSDT,1616112000011,0.0012686
ATOMUSDT,1616140800001,0.000903
ATOMUSDT,1616169600000,0.0007429
ATOMUSDT,1616198400000,0.00077801
ATOMUSDT,1616227200000,0.00148114
ATOMUSDT,1616256000007,0.00172871
ATOMUSDT,1616284800000,0.00097643
ATOMUSDT,1616313600000,0.0003651
ATOMUSDT,1616342400000,0.00035015
ATOMUSDT,1616371200007,0.00060415
ATOMUSDT,1616400000001,0.00052559
ATOMUSDT,1616428800000,0.00103106
ATOMUSDT,1616457600000,0.00020293
ATOMUSDT,1616486400010,0.00017101
ATOMUSDT,1616515200023,0.00011106
ATOMUSDT,1616544000002,0.00037282
ATOMUSDT,1616572800000,0.00027928
ATOMUSDT,1616601600000,0.00085341
ATOMUSDT,1616630400000,0.00016346
ATOMUSDT,1616659200000,0.0001
ATOMUSDT,1616688000000,0.0001
ATOMUSDT,1616716800008,0.0001
ATOMUSDT,1616745600000,0.0001
ATOMUSDT,1616774400012,0.0001
ATOMUSDT,1616803200018,0.00041606
ATOMUSDT,1616832000000,0.0001
ATOMUSDT,1616860800001,0.00043928
ATOMUSDT,1616889600000,0.00035429
ATOMUSDT,1616918400000,0.00087898
ATOMUSDT,1616947200005,0.00070101
ATOMUSDT,1616976000003,0.00073891
ATOMUSDT,1617004800000,0.00094102
ATOMUSDT,1617033600000,0.00103897
ATOMUSDT,1617062400018,0.00096923
ATOMUSDT,1617091200012,0.00124905
ATOMUSDT,1617120000001,0.00209713
ATOMUSDT,1617148800000,0.00137839
ATOMUSDT,1617177600000,0.00114377
ATOMUSDT,1617206400000,0.00114474
ATOMUSDT,1617235200025,0.00147217
ATOMUSDT,1617264000011,0.00184018
ATOMUSDT,1617292800004,0.00161395
ATOMUSDT,1617321600000,0.00126825
ATOMUSDT,1617350400000,0.00236815
ATOMUSDT,1617379200000,0.00220322
ATOMUSDT,1617408000003,0.00131917
ATOMUSDT,1617436800000,0.00166815
ATOMUSDT,1617465600000,0.00234102
ATOMUSDT,1617494400000,0.00057008
ATOMUSDT,1617523200000,0.00063418
ATOMUSDT,1617552000016,0.00069166
ATOMUSDT,1617580800000,0.00081761
ATOMUSDT,1617609600001,0.00132122
ATOMUSDT,1617638400001,0.00225921
ATOMUSDT,1617667200010,0.00268475
ATOMUSDT,1617696000000,0.00301135
ATOMUSDT,1617724800003,0.00196448
ATOMUSDT,1617753600000,0.00084555
ATOMUSDT,1617782400006,0.00038501
ATOMUSDT,1617811200004,0.00026936
ATOMUSDT,1617840000013,0.00019187
ATOMUSDT,1617868800003,0.00104978
ATOMUSDT,1617897600005,0.00114431
ATOMUSDT,1617926400000,0.00095483
ATOMUSDT,1617955200004,0.00090308
ATOMUSDT,1617984000004,0.00121873
ATOMUSDT,1618012800011,0.00110032
ATOMUSDT,1618041600005,0.00208389
ATOMUSDT,1618070400000,0.0020775
ATOMUSDT,1618099200004,0.00152409
ATOMUSDT,1618128000000,0.00190694
ATOMUSDT,1618156800000,0.00176501
ATOMUSDT,1618185600001,0.00221236
ATOMUSDT,1618214400001,0.00277405
ATOMUSDT,1618243200008,0.0015702
ATOMUSDT,1618272000003,0.0015834
ATOMUSDT,1618300800008,0.00192465
ATOMUSDT,1618329600008,0.00285622
ATOMUSDT,1618358400008,0.00335454
ATOMUSDT,1618387200000,0.00393377
ATOMUSDT,1618416000012,0.00114865
ATOMUSDT,1618444800006,0.00151993
ATOMUSDT,1618473600000,0.00233533
ATOMUSDT,1618502400008,0.00206739
ATOMUSDT,1618531200008,0.00318333
ATOMUSDT,1618560000000,0.00242202
ATOMUSDT,1618588800002,0.00179404
ATOMUSDT,1618617600008,0.00256421
ATOMUSDT,1618646400000,0.00207335
ATOMUSDT,1618675200001,0.00094057
ATOMUSDT,1618704000006,0.00119358
ATOMUSDT,1618732800004,0.0001
ATOMUSDT,1618761600000,0.0001
ATOMUSDT,1618790400000,0.0001
ATOMUSDT,1618819200000,0.0002572
ATOMUSDT,1618848000009,0.00023675
ATOMUSDT,1618876800004,0.0001664
ATOMUSDT,1618905600000,0.0001
ATOMUSDT,1618934400001,0.0001
ATOMUSDT,1618963200013,0.0001
ATOMUSDT,1618992000001,0.0003063
ATOMUSDT,1619020800002,0.0001
ATOMUSDT,1619049600000,0.0001
ATOMUSDT,1619078400000,0.0001
ATOMUSDT,1619107200001,0.00027443
ATOMUSDT,1619136000002,0.0001
ATOMUSDT,1619164800009,0.00013015
ATOMUSDT,1619193600001,0.0001
ATOMUSDT,1619222400019,0.0001
ATOMUSDT,1619251200001,0.0001
ATOMUSDT,1619280000011,0.0001
ATOMUSDT,1619308800000,0.0001
ATOMUSDT,1619337600010,0.0001
ATOMUSDT,1619366400000,0.0001
ATOMUSDT,1619395200003,0.0001
ATOMUSDT,1619424000002,0.0001
ATOMUSDT,1619452800004,0.0001
ATOMUSDT,1619481600000,0.0001
ATOMUSDT,1619510400000,0.0001
ATOMUSDT,1619539200009,0.0001
ATOMUSDT,1619568000000,0.0001
ATOMUSDT,1619596800000,0.0001
ATOMUSDT,1619625600001,0.0001
ATOMUSDT,1619654400004,0.0001
ATOMUSDT,1619683200013,0.0001
ATOMUSDT,1619712000003,0.00024378
ATOMUSDT,1619740800004,0.0001
ATOMUSDT,1619769600019,0.0001
ATOMUSDT,1619798400003,0.00014111
ATOMUSDT,1619827200002,0.00024877
ATOMUSDT,1619856000006,0.00077255
ATOMUSDT,1619884800000,0.0005075
ATOMUSDT,1619913600010,0.00076545
ATOMUSDT,1619942400011,0.00020507
ATOMUSDT,1619971200007,0.0001
ATOMUSDT,1620000000003,0.00016886
ATOMUSDT,1620028800000,0.00063377
ATOMUSDT,1620057600043,0.00054688
ATOMUSDT,1620086400004,0.00035043
ATOMUSDT,1620115200003,0.0001
ATOMUSDT,1620144000011,0.00025813
ATOMUSDT,1620172800001,0.0001
ATOMUSDT,1620201600007,0.00025067
ATOMUSDT,1620230400001,0.00043313
ATOMUSDT,1620259200003,0.00064399
ATOMUSDT,1620288000001,0.00132187
ATOMUSDT,1620316800000,0.00175557
ATOMUSDT,1620345600000,0.00052309
ATOMUSDT,1620374400000,0.00074947
ATOMUSDT,1620403200001,0.00106122
ATOMUSDT,1620432000006,0.00117331
ATOMUSDT,1620460800000,0.00063678
ATOMUSDT,1620489600000,0.00069136
ATOMUSDT,1620518400005,0.00016457
ATOMUSDT,1620547200016,0.00058975
ATOMUSDT,1620576000000,0.00050417
ATOMUSDT,1620604800004,0.00094732
ATOMUSDT,1620633600000,0.00106878
ATOMUSDT,1620662400013,0.0007906
ATOMUSDT,1620691200000,0.0001
ATOMUSDT,1620720000000,0.0001
ATOMUSDT,1620748800002,0.0001
ATOMUSDT,1620777600004,0.0001
ATOMUSDT,1620806400007,0.0001
ATOMUSDT,1620835200012,0.0001
ATOMUSDT,1620864000016,0.0001
ATOMUSDT,1620892800000,0.0001
ATOMUSDT,1620921600008,0.0001
ATOMUSDT,1620950400007,0.0001
ATOMUSDT,1620979200001,0.0001
ATOMUSDT,1621008000004,0.0001
ATOMUSDT,1621036800022,0.0001
ATOMUSDT,1621065600014,0.00015481
ATOMUSDT,1621094400002,0.00044383
ATOMUSDT,1621123200000,0.0001
ATOMUSDT,1621152000003,0.0001
ATOMUSDT,1621180800002,0.0001
ATOMUSDT,1621209600005,0.0001
ATOMUSDT,1621238400001,0.0001
ATOMUSDT,1621267200000,0.0001
ATOMUSDT,1621296000019,0.00029663
ATOMUSDT,1621324800001,0.00012952
ATOMUSDT,1621353600006,0.00013554
ATOMUSDT,1621382400000,0.0001
ATOMUSDT,1621411200003,0.0001
ATOMUSDT,1621440000018,-0.0075
ATOMUSDT,1621468800005,0.0001
ATOMUSDT,1621497600000,0.0001
ATOMUSDT,1621526400005,0.0001
ATOMUSDT,1621555200000,0.00007046
ATOMUSDT,1621584000000,0.0001
ATOMUSDT,1621612800001,0.0001
ATOMUSDT,1621641600001,0.0001
ATOMUSDT,1621670400002,0.00004224
ATOMUSDT,1621699200005,-0.00020641
ATOMUSDT,1621728000006,0.0001
ATOMUSDT,1621756800004,0.0001
ATOMUSDT,1621785600002,0.0001
ATOMUSDT,1621814400007,-0.00082532
ATOMUSDT,1621843200005,0.00006717
ATOMUSDT,1621872000005,-0.00014162
ATOMUSDT,1621900800000,0.0001
ATOMUSDT,1621929600014,0.0001
ATOMUSDT,1621958400000,0.0001
ATOMUSDT,1621987200022,0.0001
ATOMUSDT,1622016000018,0.0001
ATOMUSDT,1622044800004,0.0001
ATOMUSDT,1622073600000,0.0001
ATOMUSDT,1622102400017,0.0001
ATOMUSDT,1622131200000,0.0001
ATOMUSDT,1622160000005,0.0001
ATOMUSDT,1622188800009,0.0001
ATOMUSDT,1622217600000,0.0001
ATOMUSDT,1622246400006,0.0001
ATOMUSDT,1622275200000,0.0001
ATOMUSDT,1622304000000,0.0001
ATOMUSDT,1622332800003,0.0001
ATOMUSDT,1622361600004,0.0001
ATOMUSDT,1622390400018,0.0001
ATOMUSDT,1622419200002,0.0001
ATOMUSDT,1622448000000,0.0001
ATOMUSDT,1622476800000,0.0001
ATOMUSDT,1622505600001,0.0001
ATOMUSDT,1622534400010,0.0001
ATOMUSDT,1622563200010,0.0001
ATOMUSDT,1622592000008,0.0001
ATOMUSDT,1622620800000,0.0001
ATOMUSDT,1622649600007,0.0001
ATOMUSDT,1622678400019,0.0001
ATOMUSDT,1622707200002,0.0001
ATOMUSDT,1622736000003,0.0001
ATOMUSDT,1622764800003,0.0001
ATOMUSDT,1622793600006,0.0001
ATOMUSDT,1622822400002,0.0001
ATOMUSDT,1622851200000,0.0001
ATOMUSDT,1622880000004,0.0001
ATOMUSDT,1622908800020,0.0001
ATOMUSDT,1622937600000,0.0001
ATOMUSDT,1622966400004,0.0001
ATOMUSDT,1622995200000,0.0001
ATOMUSDT,1623024000007,0.0001
ATOMUSDT,1623052800007,0.0001
ATOMUSDT,1623081600003,0.0001
ATOMUSDT,1623110400000,0.0001
ATOMUSDT,1623139200000,0.0001
ATOMUSDT,1623168000002,0.0001
ATOMUSDT,1623196800009,0.0001
ATOMUSDT,1623225600002,0.0001
ATOMUSDT,1623254400000,0.0001
ATOMUSDT,1623283200007,0.0001
ATOMUSDT,1623312000003,0.0001
ATOMUSDT,1623340800000,0.0001
ATOMUSDT,1623369600010,0.0001
ATOMUSDT,1623398400007,0.0001
ATOMUSDT,1623427200006,0.0001
ATOMUSDT,1623456000005,0.0001
ATOMUSDT,1623484800000,0.0001
ATOMUSDT,1623513600018,0.0001
ATOMUSDT,1623542400002,0.0001
ATOMUSDT,1623571200000,0.0001
ATOMUSDT,1623600000003,0.0001
ATOMUSDT,1623628800000,0.00009957
ATOMUSDT,1623657600015,0.0001
ATOMUSDT,1623686400000,0.0001
ATOMUSDT,1623715200000,0.0001
ATOMUSDT,1623744000000,0.0001
ATOMUSDT,1623772800004,0.0001
ATOMUSDT,1623801600004,0.0001
ATOMUSDT,1623830400001,0.0001
ATOMUSDT,1623859200000,0.0001
ATOMUSDT,1623888000004,0.0001
ATOMUSDT,1623916800000,0.0001
ATOMUSDT,1623945600002,0.0001
ATOMUSDT,1623974400009,0.0001
ATOMUSDT,1624003200014,0.0001
ATOMUSDT,1624032000007,0.0001
ATOMUSDT,1624060800003,0.0001
ATOMUSDT,1624089600001,0.0001
ATOMUSDT,1624118400000,0.0001
ATOMUSDT,1624147200005,0.0001
ATOMUSDT,1624176000000,0.0001
ATOMUSDT,1624204800002,0.0001
ATOMUSDT,1624233600019,0.0001
ATOMUSDT,1624262400000,0.0001
ATOMUSDT,1624291200024,0.00004356
ATOMUSDT,1624320000008,0.00006843
ATOMUSDT,1624348800009,0.0001
ATOMUSDT,1624377600001,0.00002336
ATOMUSDT,1624406400003,-0.00010001
ATOMUSDT,1624435200000,-0.00048036
ATOMUSDT,1624464000000,0.00002724
ATOMUSDT,1624492800009,-0.00001129
ATOMUSDT,1624521600018,-0.00011219
ATOMUSDT,1624550400001,0.0001
ATOMUSDT,1624579200009,0.0001
ATOMUSDT,1624608000004,0.0001
ATOMUSDT,1624636800000,0.0001
ATOMUSDT,1624665600007,0.0001
ATOMUSDT,1624694400000,0.0000821
ATOMUSDT,1624723200002,0.0001
ATOMUSDT,1624752000005,0.0001
ATOMUSDT,1624780800010,0.00003167
ATOMUSDT,1624809600001,0.00000858
ATOMUSDT,1624838400025,0.0001
ATOMUSDT,1624867200017,0.0001
ATOMUSDT,1624896000007,0.0001
ATOMUSDT,1624924800008,0.0001
ATOMUSDT,1624953600000,0.0001
ATOMUSDT,1624982400000,0.0001
ATOMUSDT,1625011200011,0.0001
ATOMUSDT,1625040000044,0.0001
ATOMUSDT,1625068800005,0.0001
ATOMUSDT,1625097600000,0.0001
ATOMUSDT,1625126400004,0.0001
ATOMUSDT,1625155200028,0.0001
ATOMUSDT,1625184000002,0.0001
ATOMUSDT,1625212800016,0.0001
ATOMUSDT,1625241600007,0.0001
ATOMUSDT,1625270400008,0.0001
ATOMUSDT,1625299200000,0.0001
ATOMUSDT,1625328000004,0.0001
ATOMUSDT,1625356800012,0.0001
ATOMUSDT,1625385600002,0.0001
ATOMUSDT,1625414400003,0.0001
ATOMUSDT,1625443200004,0.0001
ATOMUSDT,1625472000000,0.0001
ATOMUSDT,1625500800009,0.0001
ATOMUSDT,1625529600008,0.0001
ATOMUSDT,1625558400019,0.0001
ATOMUSDT,1625587200000,0.0001
ATOMUSDT,1625616000007,0.0001
ATOMUSDT,1625644800001,0.0001
ATOMUSDT,1625673600008,0.0001
ATOMUSDT,1625702400002,0.0001
ATOMUSDT,1625731200010,0.0001
ATOMUSDT,1625760000003,0.0001
ATOMUSDT,1625788800000,0.0001
ATOMUSDT,1625817600006,0.0001
ATOMUSDT,1625846400000,0.0001
ATOMUSDT,1625875200002,0.0001
ATOMUSDT,1625904000000,0.0001
ATOMUSDT,1625932800001,0.0001
ATOMUSDT,1625961600001,0.0001
ATOMUSDT,1625990400025,0.0001
ATOMUSDT,1626019200006,0.0001
ATOMUSDT,1626048000000,0.0001
ATOMUSDT,1626076800021,0.0001
ATOMUSDT,1626105600000,0.0001
ATOMUSDT,1626134400000,0.0001
ATOMUSDT,1626163200013,0.0001
ATOMUSDT,1626192000005,0.0001
ATOMUSDT,1626220800000,0.0001
ATOMUSDT,1626249600000,0.0001
ATOMUSDT,1626278400005,0.0001
ATOMUSDT,1626307200005,0.0001
ATOMUSDT,1626336000001,0.0001
ATOMUSDT,1626364800000,0.0001
ATOMUSDT,1626393600000,0.00009034
ATOMUSDT,1626422400000,0.0001
ATOMUSDT,1626451200001,-0.00007087
ATOMUSDT,1626480000004,0.0001
ATOMUSDT,1626508800009,0.0001
ATOMUSDT,1626537600006,0.0001
ATOMUSDT,1626566400000,-0.00004709
ATOMUSDT,1626595200001,0.00000082
ATOMUSDT,1626624000003,-0.00001347
ATOMUSDT,1626652800002,0.0001
ATOMUSDT,1626681600006,0.00003722
ATOMUSDT,1626710400006,0.0001
ATOMUSDT,1626739200002,0.0001
ATOMUSDT,1626768000011,0.0001
ATOMUSDT,1626796800001,0.0001
ATOMUSDT,1626825600022,0.0001
ATOMUSDT,1626854400000,0.0001
ATOMUSDT,1626883200018,0.0001
ATOMUSDT,1626912000002,0.0001
ATOMUSDT,1626940800006,0.0001
ATOMUSDT,1626969600010,0.0001
ATOMUSDT,1626998400013,0.0001
ATOMUSDT,1627027200000,0.0001
ATOMUSDT,1627056000005,0.0001
ATOMUSDT,1627084800000,0.0001
ATOMUSDT,1627113600002,0.0001
ATOMUSDT,1627142400001,0.0001
ATOMUSDT,1627171200003,0.0001
ATOMUSDT,1627200000015,0.0001
ATOMUSDT,1627228800000,0.0001
ATOMUSDT,1627257600000,0.0001
ATOMUSDT,1627286400000,0.0001
ATOMUSDT,1627315200000,0.0001
ATOMUSDT,1627344000046,0.0001
ATOMUSDT,1627372800014,0.0001
ATOMUSDT,1627401600007,0.0001
ATOMUSDT,1627430400000,0.0001
ATOMUSDT,1627459200002,0.0001
ATOMUSDT,1627488000005,0.0001
ATOMUSDT,1627516800004,0.0001
ATOMUSDT,1627545600000,0.0001
ATOMUSDT,1627574400007,0.0001
ATOMUSDT,1627603200004,0.0001
ATOMUSDT,1627632000000,0.0001
ATOMUSDT,1627660800000,0.0001
ATOMUSDT,1627689600000,0.0001
ATOMUSDT,1627718400014,0.0001
ATOMUSDT,1627747200003,0.0001
ATOMUSDT,1627776000005,0.0001
ATOMUSDT,1627804800016,0.0001
ATOMUSDT,1627833600001,0.0001
ATOMUSDT,1627862400000,0.0001
ATOMUSDT,1627891200014,0.0001
ATOMUSDT,1627920000021,0.0001
ATOMUSDT,1627948800000,0.0001
ATOMUSDT,1627977600000,0.0001
ATOMUSDT,1628006400009,0.0001
ATOMUSDT,1628035200000,0.0001
ATOMUSDT,1628064000000,0.0001
ATOMUSDT,1628092800003,0.0001
ATOMUSDT,1628121600000,0.0001
ATOMUSDT,1628150400000,0.0001
ATOMUSDT,1628179200001,0.0001
ATOMUSDT,1628208000000,0.0001
ATOMUSDT,1628236800004,0.0001
ATOMUSDT,1628265600003,0.00026316
ATOMUSDT,1628294400015,0.00013788
ATOMUSDT,1628323200001,0.00010225
ATOMUSDT,1628352000002,0.0002468
ATOMUSDT,1628380800000,0.00031304
ATOMUSDT,1628409600002,0.0001124
ATOMUSDT,1628438400018,0.00015094
ATOMUSDT,1628467200000,0.0001
ATOMUSDT,1628496000000,0.0001
ATOMUSDT,1628524800002,0.0001
ATOMUSDT,1628553600000,0.0001
ATOMUSDT,1628582400003,0.0001
ATOMUSDT,1628611200000,0.00032142
ATOMUSDT,1628640000006,0.00024471
ATOMUSDT,1628668800003,0.0005669
ATOMUSDT,1628697600000,0.00064993
ATOMUSDT,1628726400013,0.00052835
ATOMUSDT,1628755200001,0.00022349
ATOMUSDT,1628784000000,0.00035079
ATOMUSDT,1628812800000,0.0001
ATOMUSDT,1628841600000,0.00012221
ATOMUSDT,1628870400002,0.0001
ATOMUSDT,1628899200006,0.0001
ATOMUSDT,1628928000000,0.00061428
ATOMUSDT,1628956800000,0.00025489
ATOMUSDT,1628985600003,0.00032876
ATOMUSDT,1629014400000,0.00052754
ATOMUSDT,1629043200007,0.00034885
ATOMUSDT,1629072000012,0.00032478
ATOMUSDT,1629100800003,0.00078946
ATOMUSDT,1629129600010,0.00052963
ATOMUSDT,1629158400018,0.00016316
ATOMUSDT,1629187200015,0.00012935
ATOMUSDT,1629216000006,0.00034349
ATOMUSDT,1629244800000,0.0001
ATOMUSDT,1629273600000,0.0001
ATOMUSDT,1629302400011,0.0001
ATOMUSDT,1629331200000,0.0001
ATOMUSDT,1629360000014,0.00035307
ATOMUSDT,1629388800000,0.0001
ATOMUSDT,1629417600000,0.0001
ATOMUSDT,1629446400001,0.00018436
ATOMUSDT,1629475200001,0.00026143
ATOMUSDT,1629504000005,0.0001
ATOMUSDT,1629532800001,0.00055416
ATOMUSDT,1629561600000,0.00052372
ATOMUSDT,1629590400005,0.00065686
ATOMUSDT,1629619200007,0.00033481
ATOMUSDT,1629648000002,0.00024361
ATOMUSDT,1629676800003,0.00054734
ATOMUSDT,1629705600005,0.00085981
ATOMUSDT,1629734400002,0.00030813
ATOMUSDT,1629763200006,0.00051556
ATOMUSDT,1629792000004,0.00086942
ATOMUSDT,1629820800000,0.00036237
ATOMUSDT,1629849600015,0.0001
ATOMUSDT,1629878400000,0.00017569
ATOMUSDT,1629907200000,0.0001
ATOMUSDT,1629936000001,0.00018893
ATOMUSDT,1629964800016,0.0001
ATOMUSDT,1629993600004,0.0001
ATOMUSDT,1630022400013,0.0001
ATOMUSDT,1630051200001,0.0001
ATOMUSDT,1630080000004,0.0001
ATOMUSDT,1630108800000,0.0001
ATOMUSDT,1630137600000,0.0001854
ATOMUSDT,1630166400000,0.00027426
ATOMUSDT,1630195200000,0.00038389
ATOMUSDT,1630224000002,0.00032403
ATOMUSDT,1630252800005,0.00016697
ATOMUSDT,1630281600013,0.00021806
ATOMUSDT,1630310400008,0.00050944
ATOMUSDT,1630339200000,0.00016359
ATOMUSDT,1630368000000,0.00049131
ATOMUSDT,1630396800007,0.00033315
ATOMUSDT,1630425600003,0.0004433
ATOMUSDT,1630454400000,0.0001
ATOMUSDT,1630483200006,0.0001
ATOMUSDT,1630512000000,0.00046955
ATOMUSDT,1630540800009,0.00028112
ATOMUSDT,1630569600006,0.00098501
ATOMUSDT,1630598400007,0.00036967
ATOMUSDT,1630627200011,0.00033489
ATOMUSDT,1630656000000,0.00100636
ATOMUSDT,1630684800002,0.00075996
ATOMUSDT,1630713600003,0.00045835
ATOMUSDT,1630742400008,0.00094232
ATOMUSDT,1630771200009,0.00102194
ATOMUSDT,1630800000002,0.0004758
ATOMUSDT,1630828800002,0.00067438
ATOMUSDT,1630857600000,0.00123906
ATOMUSDT,1630886400003,0.00131256
ATOMUSDT,1630915200008,0.00116281
ATOMUSDT,1630944000009,0.00022179
ATOMUSDT,1630972800004,0.00033306
ATOMUSDT,1631001600002,0.00030294
ATOMUSDT,1631030400001,-0.00044257
ATOMUSDT,1631059200005,0.0001
ATOMUSDT,1631088000000,0.0001
ATOMUSDT,1631116800000,0.0001
ATOMUSDT,1631145600006,0.0001
ATOMUSDT,1631174400014,0.0001
ATOMUSDT,1631203200002,0.0001
ATOMUSDT,1631232000001,0.00017517
ATOMUSDT,1631260800018,0.0001
ATOMUSDT,1631289600006,0.0001
ATOMUSDT,1631318400000,0.0001
ATOMUSDT,1631347200001,0.0001
ATOMUSDT,1631376000000,0.0001
ATOMUSDT,1631404800000,0.0001
ATOMUSDT,1631433600002,0.0001
ATOMUSDT,1631462400000,0.0001
ATOMUSDT,1631491200000,0.0001
ATOMUSDT,1631520000007,0.0001
ATOMUSDT,1631548800005,0.0001
ATOMUSDT,1631577600002,0.00031293
ATOMUSDT,1631606400000,0.0001
ATOMUSDT,1631635200007,0.0001
ATOMUSDT,1631664000012,0.0001
ATOMUSDT,1631692800003,0.0001
ATOMUSDT,1631721600006,0.00011213
ATOMUSDT,1631750400008,0.0001
ATOMUSDT,1631779200005,0.0001
ATOMUSDT,1631808000002,0.0001
ATOMUSDT,1631836800000,0.00031774
ATOMUSDT,1631865600047,0.00027669
ATOMUSDT,1631894400013,0.0001
ATOMUSDT,1631923200000,0.0001
ATOMUSDT,1631952000010,0.0001
ATOMUSDT,1631980800005,0.0001
ATOMUSDT,1632009600006,0.0001
ATOMUSDT,1632038400015,0.0001
ATOMUSDT,1632067200007,0.0001
ATOMUSDT,1632096000018,0.0001
ATOMUSDT,1632124800000,0.0001
ATOMUSDT,1632153600005,0.0001
ATOMUSDT,1632182400005,0.0001
ATOMUSDT,1632211200007,0.0001
ATOMUSDT,1632240000000,0.0001
ATOMUSDT,1632268800005,0.0001
ATOMUSDT,1632297600006,0.0001
ATOMUSDT,1632326400000,0.0001
ATOMUSDT,1632355200003,0.000048
ATOMUSDT,1632384000000,0.0001
ATOMUSDT,1632412800007,0.0001
ATOMUSDT,1632441600000,0.00009449
ATOMUSDT,1632470400017,0.0001
ATOMUSDT,1632499200000,0.0001
ATOMUSDT,1632528000007,0.0001
ATOMUSDT,1632556800002,0.0001
ATOMUSDT,1632585600004,0.0001
ATOMUSDT,1632614400013,0.0001
ATOMUSDT,1632643200000,0.0001
ATOMUSDT,1632672000005,0.00003049
ATOMUSDT,1632700800000,0.0001
ATOMUSDT,1632729600001,0.0001
ATOMUSDT,1632758400000,0.0001
ATOMUSDT,1632787200000,0.00004107
ATOMUSDT,1632816000014,0.0001
ATOMUSDT,1632844800000,0.0001
ATOMUSDT,1632873600000,0.0001
ATOMUSDT,1632902400002,-0.00002539
ATOMUSDT,1632931200000,0.0001
ATOMUSDT,1632960000000,0.0001
ATOMUSDT,1632988800004,0.0001
ATOMUSDT,1633017600005,0.0001
ATOMUSDT,1633046400012,-0.00002264
ATOMUSDT,1633075200008,0.00009886
ATOMUSDT,1633104000000,0.0001
ATOMUSDT,1633132800000,0.0001
ATOMUSDT,1633161600002,0.0001
ATOMUSDT,1633190400011,0.0001
ATOMUSDT,1633219200019,0.0001
ATOMUSDT,1633248000011,0.0001
ATOMUSDT,1633276800004,0.0001
ATOMUSDT,1633305600004,0.0001
ATOMUSDT,1633334400000,0.0001
ATOMUSDT,1633363200000,0.00027458
ATOMUSDT,1633392000007,0.0001601
ATOMUSDT,1633420800007,0.00033402
ATOMUSDT,1633449600004,0.00038361
ATOMUSDT,1633478400002,0.00032543
ATOMUSDT,1633507200000,0.00014505
ATOMUSDT,1633536000003,0.0001
ATOMUSDT,1633564800007,0.00029856
ATOMUSDT,1633593600002,0.00022719
ATOMUSDT,1633622400000,0.00042495
ATOMUSDT,1633651200011,0.00047893
ATOMUSDT,1633680000003,0.00035338
ATOMUSDT,1633708800002,0.00058754
ATOMUSDT,1633737600006,0.00024847
ATOMUSDT,1633766400003,0.00027699
ATOMUSDT,1633795200000,0.00039034
ATOMUSDT,1633824000000,0.00039069
ATOMUSDT,1633852800008,0.00052755
ATOMUSDT,1633881600000,0.00026635
ATOMUSDT,1633910400002,0.0001
ATOMUSDT,1633939200001,0.0001
ATOMUSDT,1633968000006,0.00020691
ATOMUSDT,1633996800008,0.0001
ATOMUSDT,1634025600013,0.0001
ATOMUSDT,1634054400003,0.0001
ATOMUSDT,1634083200003,0.0001
ATOMUSDT,1634112000015,0.0001
ATOMUSDT,1634140800000,0.0001
ATOMUSDT,1634169600011,0.0001
ATOMUSDT,1634198400017,0.00042193
ATOMUSDT,1634227200000,0.00028051
ATOMUSDT,1634256000005,0.00030287
ATOMUSDT,1634284800002,0.00045973
ATOMUSDT,1634313600005,0.00046589
ATOMUSDT,1634342400009,0.000633
ATOMUSDT,1634371200000,0.0007763
ATOMUSDT,1634400000003,0.00049925
ATOMUSDT,1634428800001,0.00043447
ATOMUSDT,1634457600002,0.0006978
ATOMUSDT,1634486400002,0.00061715
ATOMUSDT,1634515200006,0.00010766
ATOMUSDT,1634544000004,0.00038277
ATOMUSDT,1634572800001,0.00024844
ATOMUSDT,1634601600002,0.0001
ATOMUSDT,1634630400000,0.00013707
ATOMUSDT,1634659200000,0.00011786
ATOMUSDT,1634688000017,0.00015662
ATOMUSDT,1634716800004,0.0003186
ATOMUSDT,1634745600020,0.00052368
ATOMUSDT,1634774400000,0.00085389
ATOMUSDT,1634803200000,0.00085407
ATOMUSDT,1634832000008,0.00082923
ATOMUSDT,1634860800005,0.00076699
ATOMUSDT,1634889600005,0.00040339
ATOMUSDT,1634918400018,0.00067761
ATOMUSDT,1634947200005,0.00071467
ATOMUSDT,1634976000001,0.00038687
ATOMUSDT,1635004800004,0.00060775
ATOMUSDT,1635033600006,0.00057386
ATOMUSDT,1635062400012,0.00068769
ATOMUSDT,1635091200001,0.00074754
ATOMUSDT,1635120000012,0.00021588
ATOMUSDT,1635148800002,0.00038073
ATOMUSDT,1635177600022,0.00080182
ATOMUSDT,1635206400005,0.00085543
ATOMUSDT,1635235200016,0.00100055
ATOMUSDT,1635264000000,0.0004291
ATOMUSDT,1635292800004,0.00088093
ATOMUSDT,1635321600000,0.00058067
ATOMUSDT,1635350400002,0.0001
ATOMUSDT,1635379200002,0.00012307
ATOMUSDT,1635408000000,0.0001
ATOMUSDT,1635436800005,0.0001
ATOMUSDT,1635465600000,0.00011192
ATOMUSDT,1635494400007,0.0001
ATOMUSDT,1635523200001,0.00011364
ATOMUSDT,1635552000000,0.0003332
ATOMUSDT,1635580800001,0.0001
ATOMUSDT,1635609600013,0.00020489
ATOMUSDT,1635638400008,0.00017483
ATOMUSDT,1635667200010,0.00065305
ATOMUSDT,1635696000001,0.00049321
ATOMUSDT,1635724800009,0.0001
ATOMUSDT,1635753600014,0.00036706
ATOMUSDT,1635782400001,0.00020709
ATOMUSDT,1635811200000,0.00048617
ATOMUSDT,1635840000007,0.00060322
ATOMUSDT,1635868800010,0.00090417
ATOMUSDT,1635897600019,0.00081697
ATOMUSDT,1635926400000,0.00069858
ATOMUSDT,1635955200005,0.00053884
ATOMUSDT,1635984000006,0.00091223
ATOMUSDT,1636012800004,0.00053835
ATOMUSDT,1636041600004,0.00058105
ATOMUSDT,1636070400000,0.00036948
ATOMUSDT,1636099200013,0.00065098
ATOMUSDT,1636128000016,0.00036879
ATOMUSDT,1636156800010,0.0001632
ATOMUSDT,1636185600000,0.00057122
ATOMUSDT,1636214400007,0.0001
ATOMUSDT,1636243200013,0.00013489
ATOMUSDT,1636272000005,0.00063099
ATOMUSDT,1636300800004,0.0005319
ATOMUSDT,1636329600001,0.0009381
ATOMUSDT,1636358400000,0.00076569
ATOMUSDT,1636387200000,0.00088261
ATOMUSDT,1636416000000,0.00081117
ATOMUSDT,1636444800014,0.00080107
ATOMUSDT,1636473600001,0.00053982
ATOMUSDT,1636502400000,0.00056573
ATOMUSDT,1636531200003,0.00062773
ATOMUSDT,1636560000001,0.00065102
ATOMUSDT,1636588800008,0.0001
ATOMUSDT,1636617600012,0.0001
ATOMUSDT,1636646400007,0.0001
ATOMUSDT,1636675200000,0.00018406
ATOMUSDT,1636704000000,0.00038903
ATOMUSDT,1636732800004,0.00021202
ATOMUSDT,1636761600000,0.00023073
ATOMUSDT,1636790400004,0.00021698
ATOMUSDT,1636819200006,0.00033718
ATOMUSDT,1636848000010,0.00029658
ATOMUSDT,1636876800001,0.00029158
ATOMUSDT,1636905600000,0.00028416
ATOMUSDT,1636934400008,0.00015655
ATOMUSDT,1636963200000,0.00049881
ATOMUSDT,1636992000000,0.00047372
ATOMUSDT,1637020800000,0.00035628
ATOMUSDT,1637049600001,0.0001
ATOMUSDT,1637078400018,0.0001
ATOMUSDT,1637107200005,0.0001
ATOMUSDT,1637136000007,0.0001
ATOMUSDT,1637164800003,0.0001
ATOMUSDT,1637193600017,0.0001
ATOMUSDT,1637222400007,0.0001
ATOMUSDT,1637251200011,0.0001
ATOMUSDT,1637280000000,0.0001
ATOMUSDT,1637308800000,0.0001
ATOMUSDT,1637337600005,0.0001
ATOMUSDT,1637366400012,0.0001
ATOMUSDT,1637395200000,0.0001
ATOMUSDT,1637424000007,0.00013119
ATOMUSDT,1637452800000,0.0001
ATOMUSDT,1637481600006,0.0001
ATOMUSDT,1637510400000,0.00020186
ATOMUSDT,1637539200004,0.0001
ATOMUSDT,1637568000000,0.0001
ATOMUSDT,1637596800000,0.0001
ATOMUSDT,1637625600004,0.0001
ATOMUSDT,1637654400010,0.00012152
ATOMUSDT,1637683200005,0.0001
ATOMUSDT,1637712000001,0.00032156
ATOMUSDT,1637740800003,0.00020011
ATOMUSDT,1637769600010,0.0003184
ATOMUSDT,1637798400000,0.0002063
ATOMUSDT,1637827200010,0.00041085
ATOMUSDT,1637856000000,0.00028572
ATOMUSDT,1637884800000,0.00058181
ATOMUSDT,1637913600000,0.00038419
ATOMUSDT,1637942400016,0.0001
ATOMUSDT,1637971200005,0.0001
ATOMUSDT,1638000000008,0.0001
ATOMUSDT,1638028800007,0.0001
ATOMUSDT,1638057600018,0.0001
ATOMUSDT,1638086400000,0.0001
ATOMUSDT,1638115200004,0.0001
ATOMUSDT,1638144000002,0.0001
ATOMUSDT,1638172800004,0.0001
ATOMUSDT,1638201600000,0.0001
ATOMUSDT,1638230400000,0.0001
ATOMUSDT,1638259200006,0.0001
ATOMUSDT,1638288000000,0.0001
ATOMUSDT,1638316800000,0.00015088
ATOMUSDT,1638345600000,0.00023457
ATOMUSDT,1638374400001,0.00040766
ATOMUSDT,1638403200000,0.0001056
ATOMUSDT,1638432000007,0.00012997
ATOMUSDT,1638460800008,0.00022273
ATOMUSDT,1638489600004,0.0001
ATOMUSDT,1638518400002,0.0001
ATOMUSDT,1638547200006,0.0001
ATOMUSDT,1638576000006,0.0001
ATOMUSDT,1638604800004,0.0001
ATOMUSDT,1638633600000,0.0001
ATOMUSDT,1638662400003,0.00004816
ATOMUSDT,1638691200008,0.0001
ATOMUSDT,1638720000007,0.0001
ATOMUSDT,1638748800009,0.0001
ATOMUSDT,1638777600001,0.0001
ATOMUSDT,1638806400000,0.0001
ATOMUSDT,1638835200018,0.0001
ATOMUSDT,1638864000000,0.00002198
ATOMUSDT,1638892800000,0.0001
ATOMUSDT,1638921600000,0.0001
ATOMUSDT,1638950400018,0.0001
ATOMUSDT,1638979200010,0.0001
ATOMUSDT,1639008000010,0.0001
ATOMUSDT,1639036800000,0.0001
ATOMUSDT,1639065600000,0.0001
ATOMUSDT,1639094400000,0.0001
ATOMUSDT,1639123200008,0.0001
ATOMUSDT,1639152000012,0.0001
ATOMUSDT,1639180800009,0.0001
ATOMUSDT,1639209600008,0.0001
ATOMUSDT,1639238400000,0.0001
ATOMUSDT,1639267200001,0.0001
ATOMUSDT,1639296000015,0.0001
ATOMUSDT,1639324800011,0.0001
ATOMUSDT,1639353600006,0.0001
ATOMUSDT,1639382400019,0.0001
ATOMUSDT,1639411200000,0.0001
ATOMUSDT,1639440000004,0.0001
ATOMUSDT,1639468800000,0.0001
ATOMUSDT,1639497600015,0.0001
ATOMUSDT,1639526400000,0.0001
ATOMUSDT,1639555200008,0.0001
ATOMUSDT,1639584000005,0.0001
ATOMUSDT,1639612800006,0.0001
ATOMUSDT,1639641600009,0.0001
ATOMUSDT,1639670400000,0.0001
ATOMUSDT,1639699200000,0.0001
ATOMUSDT,1639728000005,0.0001
ATOMUSDT,1639756800006,0.0001
ATOMUSDT,1639785600014,0.0001
ATOMUSDT,1639814400012,0.0001
ATOMUSDT,1639843200000,0.0001
ATOMUSDT,1639872000031,0.0001
ATOMUSDT,1639900800000,0.0001
ATOMUSDT,1639929600003,0.0001
ATOMUSDT,1639958400015,0.0001
ATOMUSDT,1639987200007,0.0001
ATOMUSDT,1640016000005,0.0001
ATOMUSDT,1640044800003,0.0001
ATOMUSDT,1640073600012,0.0001
ATOMUSDT,1640102400005,0.0001
ATOMUSDT,1640131200000,0.0001
ATOMUSDT,1640160000001,0.0001
ATOMUSDT,1640188800006,0.0001
ATOMUSDT,1640217600011,-0.00004111
ATOMUSDT,1640246400000,0.0001
ATOMUSDT,1640275200000,0.0001
ATOMUSDT,1640304000005,-0.00000451
ATOMUSDT,1640332800000,0.0001
ATOMUSDT,1640361600011,0.0001
ATOMUSDT,1640390400000,0.0001
ATOMUSDT,1640419200001,0.0001
ATOMUSDT,1640448000005,0.0001
ATOMUSDT,1640476800004,0.0001
ATOMUSDT,1640505600002,0.0001
ATOMUSDT,1640534400000,0.0001
ATOMUSDT,1640563200002,0.0001
ATOMUSDT,1640592000005,0.0001
ATOMUSDT,1640620800000,0.0001
ATOMUSDT,1640649600000,0.0001
ATOMUSDT,1640678400012,0.0001
ATOMUSDT,1640707200000,0.0001
ATOMUSDT,1640736000006,0.0001
ATOMUSDT,1640764800003,0.0001
ATOMUSDT,1640793600004,0.0001
ATOMUSDT,1640822400003,0.0001
ATOMUSDT,1640851200001,0.0001
ATOMUSDT,1640880000017,0.0001
ATOMUSDT,1640908800006,0.0001
ATOMUSDT,1640937600009,0.0001
ATOMUSDT,1640966400000,0.0001
ATOMUSDT,1640995200006,0.0001
ATOMUSDT,1641024000009,0.0001
ATOMUSDT,1641052800000,-0.00003403
ATOMUSDT,1641081600028,-0.00028587
ATOMUSDT,1641110400000,0.0001
ATOMUSDT,1641139200000,0.0001
ATOMUSDT,1641168000010,0.0001
ATOMUSDT,1641196800013,0.0001
ATOMUSDT,1641225600018,0.00000847
ATOMUSDT,1641254400000,0.0001
ATOMUSDT,1641283200010,0.0001
ATOMUSDT,1641312000002,-0.00040237
ATOMUSDT,1641340800001,0.0001
ATOMUSDT,1641369600017,0.0001
ATOMUSDT,1641398400000,0.0001
ATOMUSDT,1641427200002,0.0001
ATOMUSDT,1641456000021,0.0001
ATOMUSDT,1641484800006,0.0001
ATOMUSDT,1641513600005,0.0001
ATOMUSDT,1641542400000,0.0001
ATOMUSDT,1641571200001,-0.00004218
ATOMUSDT,1641600000014,0.0001
ATOMUSDT,1641628800013,0.0001
ATOMUSDT,1641657600000,0.0001
ATOMUSDT,1641686400003,0.0001
ATOMUSDT,1641715200000,0.00002405
ATOMUSDT,1641744000000,0.0001
ATOMUSDT,1641772800000,0.0001
ATOMUSDT,1641801600010,-0.00005164
ATOMUSDT,1641830400007,0.0001
ATOMUSDT,1641859200013,0.0001
ATOMUSDT,1641888000004,-0.00013861
ATOMUSDT,1641916800000,0.0001
ATOMUSDT,1641945600012,-0.00005496
ATOMUSDT,1641974400015,-0.00010672
ATOMUSDT,1642003200000,0.0001
ATOMUSDT,1642032000007,0.00009329
ATOMUSDT,1642060800000,0.0001
ATOMUSDT,1642089600014,0.0001
ATOMUSDT,1642118400000,0.0001
ATOMUSDT,1642147200006,0.0001
ATOMUSDT,1642176000014,0.0001
ATOMUSDT,1642204800000,0.0001
ATOMUSDT,1642233600002,0.0001
ATOMUSDT,1642262400000,0.0001
ATOMUSDT,1642291200000,0.0001
ATOMUSDT,1642320000017,0.0001
ATOMUSDT,1642348800011,0.0001
ATOMUSDT,1642377600005,0.0001
ATOMUSDT,1642406400006,0.0001
ATOMUSDT,1642435200012,0.0001
ATOMUSDT,1642464000020,0.0001
ATOMUSDT,1642492800000,0.00002312
ATOMUSDT,1642521600013,0.0001
ATOMUSDT,1642550400001,0.00007983
ATOMUSDT,1642579200000,0.0001
ATOMUSDT,1642608000000,0.00004036
ATOMUSDT,1642636800015,0.0001
ATOMUSDT,1642665600000,-0.0001858
ATOMUSDT,1642694400000,-0.00031828
ATOMUSDT,1642723200007,0.0001
ATOMUSDT,1642752000015,0.0001
ATOMUSDT,1642780800000,0.00008319
ATOMUSDT,1642809600017,0.0001
ATOMUSDT,1642838400003,0.00004609
ATOMUSDT,1642867200021,-0.00011521
ATOMUSDT,1642896000026,0.0000798
ATOMUSDT,1642924800010,-0.00013832
ATOMUSDT,1642953600009,-0.00016613
ATOMUSDT,1642982400010,-0.00008028
ATOMUSDT,1643011200000,-0.00004088
ATOMUSDT,1643040000021,0.00003935
ATOMUSDT,1643068800000,0.0001
ATOMUSDT,1643097600000,0.00008672
ATOMUSDT,1643126400012,0.00009082
ATOMUSDT,1643155200000,0.00000181
ATOMUSDT,1643184000001,-0.00010878
ATOMUSDT,1643212800005,0.00001095
ATOMUSDT,1643241600004,-0.00006545
ATOMUSDT,1643270400004,0.00006379
ATOMUSDT,1643299200019,-0.00018111
ATOMUSDT,1643328000000,-0.00032918
ATOMUSDT,1643356800000,0.0001
ATOMUSDT,1643385600025,0.0001
ATOMUSDT,1643414400017,-0.00003796
ATOMUSDT,1643443200000,0.00005395
ATOMUSDT,1643472000013,-0.00010727
ATOMUSDT,1643500800025,-0.00019886
ATOMUSDT,1643529600009,0.0000098
ATOMUSDT,1643558400000,0.00000639
ATOMUSDT,1643587200000,0.00002331
ATOMUSDT,1643616000000,0.0001
ATOMUSDT,1643644800000,0.00004298
ATOMUSDT,1643673600010,-0.00001001
ATOMUSDT,1643702400000,0.00003638
ATOMUSDT,1643731200004,0.00003415
ATOMUSDT,1643760000004,0.0001
ATOMUSDT,1643788800000,0.0001
ATOMUSDT,1643817600002,0.00006163
ATOMUSDT,1643846400002,-0.00001195
ATOMUSDT,1643875200000,-0.00012784
ATOMUSDT,1643904000000,0.00000176
ATOMUSDT,1643932800018,-0.00012197
ATOMUSDT,1643961600005,-0.00006295
ATOMUSDT,1643990400010,0.00008305
ATOMUSDT,1644019200014,0.00004386
ATOMUSDT,1644048000000,0.00002426
ATOMUSDT,1644076800000,0.0001
ATOMUSDT,1644105600000,-0.00008812
ATOMUSDT,1644134400000,0.0001
ATOMUSDT,1644163200000,0.0001
ATOMUSDT,1644192000003,0.0001
ATOMUSDT,1644220800014,0.0001
ATOMUSDT,1644249600003,0.0001
ATOMUSDT,1644278400001,0.0001
ATOMUSDT,1644307200003,0.0001
ATOMUSDT,1644336000002,0.0001
ATOMUSDT,1644364800000,0.00002898
ATOMUSDT,1644393600005,0.0000816
ATOMUSDT,1644422400001,0.0001
ATOMUSDT,1644451200012,0.0001
ATOMUSDT,1644480000000,-0.00002794
ATOMUSDT,1644508800006,-0.00012575
ATOMUSDT,1644537600000,-0.00020697
ATOMUSDT,1644566400009,-0.00000172
ATOMUSDT,1644595200015,0.000055
ATOMUSDT,1644624000020,-0.00005082
ATOMUSDT,1644652800001,-0.00021371
ATOMUSDT,1644681600007,0.00001503
ATOMUSDT,1644710400022,-0.00013141
ATOMUSDT,1644739200001,0.0000137
ATOMUSDT,1644768000007,-0.00004062
ATOMUSDT,1644796800005,-0.00011872
ATOMUSDT,1644825600013,-0.00002929
ATOMUSDT,1644854400019,-0.00009229
ATOMUSDT,1644883200012,-0.00018276
ATOMUSDT,1644912000005,-0.00015848
ATOMUSDT,1644940800011,-0.00007604
ATOMUSDT,1644969600009,0.00003654
ATOMUSDT,1644998400001,0.00006462
ATOMUSDT,1645027200014,0.00001222
ATOMUSDT,1645056000018,0.0001
ATOMUSDT,1645084800000,0.0001
ATOMUSDT,1645113600010,0.0001
ATOMUSDT,1645142400000,-0.00001049
ATOMUSDT,1645171200002,0.0001
ATOMUSDT,1645200000000,0.0001
ATOMUSDT,1645228800007,0.0001
ATOMUSDT,1645257600000,0.0001
ATOMUSDT,1645286400023,0.0001
ATOMUSDT,1645315200001,0.0001
ATOMUSDT,1645344000003,0.0001
ATOMUSDT,1645372800001,0.0001
ATOMUSDT,1645401600000,0.0000498
ATOMUSDT,1645430400001,-0.00000969
ATOMUSDT,1645459200005,0.00002146
ATOMUSDT,1645488000005,0.00004484
ATOMUSDT,1645516800000,0.00006516
ATOMUSDT,1645545600000,-0.00000983
ATOMUSDT,1645574400002,0.00005123
ATOMUSDT,1645603200005,-0.00008404
ATOMUSDT,1645632000010,-0.00000088
ATOMUSDT,1645660800008,0.00008647
ATOMUSDT,1645689600003,0.00001378
ATOMUSDT,1645718400001,-0.00001844
ATOMUSDT,1645747200000,-0.00013899
ATOMUSDT,1645776000006,0.00008073
ATOMUSDT,1645804800001,0.00005207
ATOMUSDT,1645833600004,0.0001
ATOMUSDT,1645862400004,0.0001
ATOMUSDT,1645891200007,-0.00003921
ATOMUSDT,1645920000012,0.00009393
ATOMUSDT,1645948800000,-0.00008913
ATOMUSDT,1645977600000,-0.00006747
ATOMUSDT,1646006400000,0.00001093
ATOMUSDT,1646035200001,-0.00015922
ATOMUSDT,1646064000002,0.00003546
ATOMUSDT,1646092800002,0.0001
ATOMUSDT,1646121600001,0.0001
ATOMUSDT,1646150400000,0.0001
ATOMUSDT,1646179200000,0.0001
ATOMUSDT,1646208000000,0.0001
ATOMUSDT,1646236800002,0.0001
ATOMUSDT,1646265600000,0.0001
ATOMUSDT,1646294400000,0.0001
ATOMUSDT,1646323200005,0.0000862
ATOMUSDT,1646352000018,-0.00001268
ATOMUSDT,1646380800000,0.0000404
ATOMUSDT,1646409600000,0.00006445
ATOMUSDT,1646438400006,0.0001
ATOMUSDT,1646467200004,-0.00022475
ATOMUSDT,1646496000000,-0.00018896
ATOMUSDT,1646524800004,-0.00022401
ATOMUSDT,1646553600000,-0.00008357
ATOMUSDT,1646582400013,0.00009534
ATOMUSDT,1646611200008,-0.00007979
ATOMUSDT,1646640000006,-0.00009186
ATOMUSDT,1646668800000,-0.00005825
ATOMUSDT,1646697600008,0.0001
ATOMUSDT,1646726400002,0.0001
ATOMUSDT,1646755200000,0.00009902
ATOMUSDT,1646784000008,-0.00014668
ATOMUSDT,1646812800000,0.0001
ATOMUSDT,1646841600004,0.0001
ATOMUSDT,1646870400000,0.0001
ATOMUSDT,1646899200017,-0.00016091
ATOMUSDT,1646928000000,-0.00038346
ATOMUSDT,1646956800008,-0.00037378
ATOMUSDT,1646985600000,-0.00033
ATOMUSDT,1647014400001,-0.0003437
ATOMUSDT,1647043200010,0.00003549
ATOMUSDT,1647072000001,0.00004043
ATOMUSDT,1647100800002,0.00002448
ATOMUSDT,1647129600008,-0.00004394
ATOMUSDT,1647158400000,0.00007955
ATOMUSDT,1647187200002,0.0000218
ATOMUSDT,1647216000014,0.0000242
ATOMUSDT,1647244800005,0.0000138
ATOMUSDT,1647273600002,-0.00008138
ATOMUSDT,1647302400008,0.00000994
ATOMUSDT,1647331200000,-0.0002084
ATOMUSDT,1647360000006,0.00001129
ATOMUSDT,1647388800013,0.0001
ATOMUSDT,1647417600000,0.00000885
ATOMUSDT,1647446400008,-0.00006669
ATOMUSDT,1647475200004,0.0000815
ATOMUSDT,1647504000000,0.0001
ATOMUSDT,1647532800004,0.0001
ATOMUSDT,1647561600000,0.0001
ATOMUSDT,1647590400000,0.0001
ATOMUSDT,1647619200017,0.0001
ATOMUSDT,1647648000008,0.0001
ATOMUSDT,1647676800015,0.0001
ATOMUSDT,1647705600000,0.0001
ATOMUSDT,1647734400000,0.0001
ATOMUSDT,1647763200001,0.0001
ATOMUSDT,1647792000002,0.0001
ATOMUSDT,1647820800013,0.0001
ATOMUSDT,1647849600004,0.0001
ATOMUSDT,1647878400010,0.0001
ATOMUSDT,1647907200012,0.0001
ATOMUSDT,1647936000001,0.00007571
ATOMUSDT,1647964800022,0.0001
ATOMUSDT,1647993600007,0.0001
ATOMUSDT,1648022400000,0.0001
ATOMUSDT,1648051200006,0.00003081
ATOMUSDT,1648080000013,-0.00001421
ATOMUSDT,1648108800006,0.0001
ATOMUSDT,1648137600020,0.0001
ATOMUSDT,1648166400010,0.0001
ATOMUSDT,1648195200001,0.0001
ATOMUSDT,1648224000014,0.0001
ATOMUSDT,1648252800020,0.00001426
ATOMUSDT,1648281600006,0.00002701
ATOMUSDT,1648310400000,0.0001
ATOMUSDT,1648339200004,0.0001
ATOMUSDT,1648368000001,-0.00002184
ATOMUSDT,1648396800006,-0.00016677
ATOMUSDT,1648425600012,0.0001
ATOMUSDT,1648454400007,0.0001
ATOMUSDT,1648483200000,0.0001
ATOMUSDT,1648512000000,0.0001
ATOMUSDT,1648540800015,0.0001
ATOMUSDT,1648569600000,0.00000324
ATOMUSDT,1648598400000,-0.00002689
ATOMUSDT,1648627200002,0.0001
ATOMUSDT,1648656000028,0.0001
ATOMUSDT,1648684800017,0.0001
ATOMUSDT,1648713600000,0.0001
ATOMUSDT,1648742400015,0.0001
ATOMUSDT,1648771200000,0.0001
ATOMUSDT,1648800000000,0.0000838
ATOMUSDT,1648828800018,0.0001
ATOMUSDT,1648857600000,0.0001
ATOMUSDT,1648886400002,0.0001
ATOMUSDT,1648915200006,0.0001
ATOMUSDT,1648944000018,0.0001
ATOMUSDT,1648972800018,0.0001
ATOMUSDT,1649001600015,0.0001
ATOMUSDT,1649030400006,0.0001
ATOMUSDT,1649059200000,0.0001
ATOMUSDT,1649088000016,0.0001
ATOMUSDT,1649116800000,0.0001
ATOMUSDT,1649145600010,0.0001
ATOMUSDT,1649174400008,0.0001
ATOMUSDT,1649203200001,0.00008062
ATOMUSDT,1649232000021,-0.00004692
ATOMUSDT,1649260800000,-0.00007794
ATOMUSDT,1649289600009,-0.00023436
ATOMUSDT,1649318400000,-0.00006455
ATOMUSDT,1649347200000,-0.00004225
ATOMUSDT,1649376000000,-0.0000796
ATOMUSDT,1649404800004,-0.00005855
ATOMUSDT,1649433600008,0.00002928
ATOMUSDT,1649462400008,0.00008566
ATOMUSDT,1649491200000,0.00001351
ATOMUSDT,1649520000001,-0.00010268
ATOMUSDT,1649548800004,-0.00003148
ATOMUSDT,1649577600007,-0.00001205
ATOMUSDT,1649606400016,-0.0002489
ATOMUSDT,1649635200000,-0.00012927
ATOMUSDT,1649664000000,-0.00008504
ATOMUSDT,1649692800009,-0.00002022
ATOMUSDT,1649721600000,-0.00016841
ATOMUSDT,1649750400006,-0.00012897
ATOMUSDT,1649779200013,-0.00013319
ATOMUSDT,1649808000005,-0.000058
ATOMUSDT,1649836800008,0.000016
ATOMUSDT,1649865600013,-0.0000227
ATOMUSDT,1649894400007,0.0001
ATOMUSDT,1649923200000,0.0001
ATOMUSDT,1649952000006,-0.00001307
ATOMUSDT,1649980800008,-0.00006202
ATOMUSDT,1650009600002,-0.00005429
ATOMUSDT,1650038400000,-0.0000684
ATOMUSDT,1650067200011,-0.00000232
ATOMUSDT,1650096000007,-0.00000011
ATOMUSDT,1650124800007,-0.00001162
ATOMUSDT,1650153600000,0.00006576
ATOMUSDT,1650182400004,-0.00000973
ATOMUSDT,1650211200000,0.0001
ATOMUSDT,1650240000008,0.00002628
ATOMUSDT,1650268800012,0.00003081
ATOMUSDT,1650297600000,0.0001
ATOMUSDT,1650326400021,0.00007946
ATOMUSDT,1650355200031,0.0001
ATOMUSDT,1650384000000,0.0001
ATOMUSDT,1650412800025,0.0001
ATOMUSDT,1650441600003,0.0001
ATOMUSDT,1650470400000,0.0001
ATOMUSDT,1650499200000,0.0001
ATOMUSDT,1650528000000,0.0001
ATOMUSDT,1650556800024,0.0001
ATOMUSDT,1650585600008,0.00000493
ATOMUSDT,1650614400008,0.0001
ATOMUSDT,1650643200008,0.0001
ATOMUSDT,1650672000000,0.0001
ATOMUSDT,1650700800000,0.0001
ATOMUSDT,1650729600012,0.0001
ATOMUSDT,1650758400004,0.0001
ATOMUSDT,1650787200003,0.0001
ATOMUSDT,1650816000000,0.0001
ATOMUSDT,1650844800008,0.0001
ATOMUSDT,1650873600018,0.00002834
ATOMUSDT,1650902400000,-0.00000536
ATOMUSDT,1650931200014,0.00006115
ATOMUSDT,1650960000000,0.00009747
ATOMUSDT,1650988800017,0.0001
ATOMUSDT,1651017600012,-0.00000267
ATOMUSDT,1651046400000,-0.00002596
ATOMUSDT,1651075200002,0.00000292
ATOMUSDT,1651104000000,0.00005681
ATOMUSDT,1651132800004,0.0001
ATOMUSDT,1651161600030,0.0001
ATOMUSDT,1651190400000,0.0001
ATOMUSDT,1651219200016,0.0001
ATOMUSDT,1651248000010,0.0001
ATOMUSDT,1651276800000,0.00004858
ATOMUSDT,1651305600005,0.0001
ATOMUSDT,1651334400015,0.00003188
ATOMUSDT,1651363200000,-0.0000139
ATOMUSDT,1651392000000,0.0001
ATOMUSDT,1651420800010,0.0001
ATOMUSDT,1651449600018,0.0001
ATOMUSDT,1651478400007,-0.00001765
ATOMUSDT,1651507200000,-0.00010695
ATOMUSDT,1651536000006,0.00006724
ATOMUSDT,1651564800000,0.00002336
ATOMUSDT,1651593600021,0.00007477
ATOMUSDT,1651622400007,-0.00000089
ATOMUSDT,1651651200011,0.0000425
ATOMUSDT,1651680000000,0.00006748
ATOMUSDT,1651708800005,0.0001
ATOMUSDT,1651737600019,0.0001
ATOMUSDT,1651766400005,0.0001
ATOMUSDT,1651795200005,-0.00010002
ATOMUSDT,1651824000001,-0.00006501
ATOMUSDT,1651852800010,-0.00005455
ATOMUSDT,1651881600004,-0.0000689
ATOMUSDT,1651910400016,-0.00003552
ATOMUSDT,1651939200011,-0.00012308
ATOMUSDT,1651968000000,-0.00010724
ATOMUSDT,1651996800007,-0.00005932
ATOMUSDT,1652025600015,-0.00001683
ATOMUSDT,1652054400000,-0.00011746
ATOMUSDT,1652083200001,-0.00005158
ATOMUSDT,1652112000000,-0.00007257
ATOMUSDT,1652140800000,-0.0001281
ATOMUSDT,1652169600007,-0.00040511
ATOMUSDT,1652198400008,-0.00029017
ATOMUSDT,1652227200004,-0.00025868
ATOMUSDT,1652256000007,-0.00026331
ATOMUSDT,1652284800008,-0.00157487
ATOMUSDT,1652313600014,-0.00115351
ATOMUSDT,1652342400000,-0.00195676
ATOMUSDT,1652371200007,-0.00065848
ATOMUSDT,1652400000014,-0.00100591
ATOMUSDT,1652428800001,-0.00029497
ATOMUSDT,1652457600000,-0.00017164
ATOMUSDT,1652486400000,-0.00015589
ATOMUSDT,1652515200000,-0.00016148
ATOMUSDT,1652544000001,-0.00036257
ATOMUSDT,1652572800000,-0.00026519
ATOMUSDT,1652601600000,-0.00025422
ATOMUSDT,1652630400000,-0.00036096
ATOMUSDT,1652659200021,-0.00018379
ATOMUSDT,1652688000013,-0.00010325
ATOMUSDT,1652716800006,-0.00003622
ATOMUSDT,1652745600000,-0.0000969
ATOMUSDT,1652774400010,-0.00019934
ATOMUSDT,1652803200023,-0.00017597
ATOMUSDT,1652832000003,-0.00016832
ATOMUSDT,1652860800024,-0.00004376
ATOMUSDT,1652889600014,-0.00016384
ATOMUSDT,1652918400000,-0.00030567
ATOMUSDT,1652947200008,-0.00035042
ATOMUSDT,1652976000015,-0.00034653
ATOMUSDT,1653004800001,-0.0003586
ATOMUSDT,1653033600003,-0.00061477
ATOMUSDT,1653062400012,-0.00063285
ATOMUSDT,1653091200008,-0.00007074
ATOMUSDT,1653120000001,-0.00012557
ATOMUSDT,1653148800007,-0.0003967
ATOMUSDT,1653177600003,-0.00042967
ATOMUSDT,1653206400016,-0.00032179
ATOMUSDT,1653235200000,-0.00029375
ATOMUSDT,1653264000011,-0.00014652
ATOMUSDT,1653292800000,-0.00012161
ATOMUSDT,1653321600023,-0.00003002
ATOMUSDT,1653350400011,-0.00025429
ATOMUSDT,1653379200000,-0.00017585
ATOMUSDT,1653408000009,-0.00016923
ATOMUSDT,1653436800001,-0.00027522
ATOMUSDT,1653465600000,-0.00018027
ATOMUSDT,1653494400015,-0.00018426
ATOMUSDT,1653523200005,-0.00021111
ATOMUSDT,1653552000001,-0.00022938
ATOMUSDT,1653580800000,-0.00040011
ATOMUSDT,1653609600007,-0.00037633
ATOMUSDT,1653638400008,-0.00034669
ATOMUSDT,1653667200000,-0.00027027
ATOMUSDT,1653696000018,-0.00026016
ATOMUSDT,1653724800016,-0.00028502
ATOMUSDT,1653753600013,-0.00018643
ATOMUSDT,1653782400000,-0.0002401
ATOMUSDT,1653811200025,-0.0003439
ATOMUSDT,1653840000002,-0.00018742
ATOMUSDT,1653868800000,-0.00017715
ATOMUSDT,1653897600013,-0.00003771
ATOMUSDT,1653926400005,-0.00000117
ATOMUSDT,1653955200016,-0.00008569
ATOMUSDT,1653984000000,-0.00006893
ATOMUSDT,1654012800000,-0.0000893
ATOMUSDT,1654041600000,-0.00019649
ATOMUSDT,1654070400011,-0.00021814
ATOMUSDT,1654099200000,-0.00010739
ATOMUSDT,1654128000000,-0.00030262
ATOMUSDT,1654156800006,-0.00028129
ATOMUSDT,1654185600021,-0.00019008
ATOMUSDT,1654214400016,-0.00029869
ATOMUSDT,1654243200016,-0.00025926
ATOMUSDT,1654272000012,-0.00013244
ATOMUSDT,1654300800005,-0.00016791
ATOMUSDT,1654329600000,-0.00020866
ATOMUSDT,1654358400007,-0.00023807
ATOMUSDT,1654387200005,-0.0001667
ATOMUSDT,1654416000015,-0.00019661
ATOMUSDT,1654444800000,-0.00009115
ATOMUSDT,1654473600000,-0.0001201
ATOMUSDT,1654502400017,-0.00000306
ATOMUSDT,1654531200000,-0.00005089
ATOMUSDT,1654560000000,-0.00003683
ATOMUSDT,1654588800011,-0.00023213
ATOMUSDT,1654617600000,0.00000421
ATOMUSDT,1654646400008,-0.00022005
ATOMUSDT,1654675200020,-0.00008459
ATOMUSDT,1654704000012,-0.00003787
ATOMUSDT,1654732800000,-0.00021195
ATOMUSDT,1654761600000,-0.00004803
ATOMUSDT,1654790400000,0.00001219
ATOMUSDT,1654819200009,-0.00010672
ATOMUSDT,1654848000000,-0.00013117
ATOMUSDT,1654876800006,-0.00029254
ATOMUSDT,1654905600018,-0.00029233
ATOMUSDT,1654934400014,-0.0002388
ATOMUSDT,1654963200000,-0.00049624
ATOMUSDT,1654992000015,-0.00045871
ATOMUSDT,1655020800019,-0.00016556
ATOMUSDT,1655049600010,-0.00030291
ATOMUSDT,1655078400009,-0.00036376
ATOMUSDT,1655107200000,-0.00025382
ATOMUSDT,1655136000007,-0.00040169
ATOMUSDT,1655164800013,-0.0001338
ATOMUSDT,1655193600008,-0.00008589
ATOMUSDT,1655222400006,-0.00007485
ATOMUSDT,1655251200000,-0.00002012
ATOMUSDT,1655280000016,-0.00044798
ATOMUSDT,1655308800008,-0.00007575
ATOMUSDT,1655337600009,0.00008393
ATOMUSDT,1655366400016,0.0001
ATOMUSDT,1655395200000,-0.00011219
ATOMUSDT,1655424000008,-0.00022725
ATOMUSDT,1655452800003,-0.00002984
ATOMUSDT,1655481600000,-0.00019211
ATOMUSDT,1655510400020,-0.00002463
ATOMUSDT,1655539200025,-0.00007808
ATOMUSDT,1655568000014,-0.00018276
ATOMUSDT,1655596800012,-0.00000763
ATOMUSDT,1655625600012,0.00007522
ATOMUSDT,1655654400008,0.0001
ATOMUSDT,1655683200016,0.0001
ATOMUSDT,1655712000000,0.0001
ATOMUSDT,1655740800013,0.0001
ATOMUSDT,1655769600012,0.0000441
ATOMUSDT,1655798400018,0.00001145
ATOMUSDT,1655827200010,0.00002211
ATOMUSDT,1655856000000,-0.00018377
ATOMUSDT,1655884800001,-0.0000941
ATOMUSDT,1655913600012,0.0001
ATOMUSDT,1655942400000,0.0001
ATOMUSDT,1655971200000,0.00008565
ATOMUSDT,1656000000016,-0.00003368
ATOMUSDT,1656028800005,0.00006974
ATOMUSDT,1656057600004,-0.00009596
ATOMUSDT,1656086400018,-0.00011277
ATOMUSDT,1656115200001,-0.00002824
ATOMUSDT,1656144000010,0.00003885
ATOMUSDT,1656172800000,-0.00008212
ATOMUSDT,1656201600002,-0.0000431
ATOMUSDT,1656230400016,0.0001
ATOMUSDT,1656259200006,-0.00015279
ATOMUSDT,1656288000008,0.00000303
ATOMUSDT,1656316800000,0.00001028
ATOMUSDT,1656345600016,0.0001
ATOMUSDT,1656374400016,-0.00000655
ATOMUSDT,1656403200001,-0.00006077
ATOMUSDT,1656432000005,-0.00001988
ATOMUSDT,1656460800000,0.0000887
ATOMUSDT,1656489600013,0.00000403
ATOMUSDT,1656518400000,-0.00018609
ATOMUSDT,1656547200000,-0.00002151
ATOMUSDT,1656576000000,-0.00001186
ATOMUSDT,1656604800000,-0.00013595
ATOMUSDT,1656633600001,0.00002426
ATOMUSDT,1656662400017,0.0001
ATOMUSDT,1656691200005,-0.00010165
ATOMUSDT,1656720000000,-0.00005015
ATOMUSDT,1656748800000,-0.00004142
ATOMUSDT,1656777600008,-0.00004934
ATOMUSDT,1656806400015,-0.0002652
ATOMUSDT,1656835200004,-0.00022082
ATOMUSDT,1656864000005,0.0000606
ATOMUSDT,1656892800021,-0.00002618
ATOMUSDT,1656921600001,-0.00028183
ATOMUSDT,1656950400000,-0.00014301
ATOMUSDT,1656979200000,-0.00005198
ATOMUSDT,1657008000000,-0.00012736
ATOMUSDT,1657036800015,0.00009676
ATOMUSDT,1657065600006,-0.00007576
ATOMUSDT,1657094400000,-0.00015591
ATOMUSDT,1657123200000,-0.00004948
ATOMUSDT,1657152000010,-0.00008874
ATOMUSDT,1657180800010,-0.00015267
ATOMUSDT,1657209600011,-0.00016934
ATOMUSDT,1657238400008,-0.00020517
ATOMUSDT,1657267200009,-0.00005883
ATOMUSDT,1657296000000,-0.0002764
ATOMUSDT,1657324800000,-0.00018809
ATOMUSDT,1657353600000,-0.0000322
ATOMUSDT,1657382400009,-0.00029408
ATOMUSDT,1657411200001,-0.00011638
ATOMUSDT,1657440000002,-0.00036298
ATOMUSDT,1657468800001,-0.0002504
ATOMUSDT,1657497600000,-0.00017625
ATOMUSDT,1657526400003,-0.00016828
ATOMUSDT,1657555200001,-0.00016567
ATOMUSDT,1657584000000,-0.0000246
ATOMUSDT,1657612800021,-0.00014615
ATOMUSDT,1657641600000,-0.00038642
ATOMUSDT,1657670400012,-0.00005025
ATOMUSDT,1657699200022,0.0000101
ATOMUSDT,1657728000005,-0.00031427
ATOMUSDT,1657756800017,-0.00020499
ATOMUSDT,1657785600001,-0.00021865
ATOMUSDT,1657814400000,-0.00017369
ATOMUSDT,1657843200004,0.00004435
ATOMUSDT,1657872000019,0.00002649
ATOMUSDT,1657900800017,-0.0001153
ATOMUSDT,1657929600021,0.00008642
ATOMUSDT,1657958400014,0.00005203
ATOMUSDT,1657987200005,-0.00003397
ATOMUSDT,1658016000000,-0.00008987
ATOMUSDT,1658044800003,-0.00003951
ATOMUSDT,1658073600007,0.00003743
ATOMUSDT,1658102400001,-0.00002943
ATOMUSDT,1658131200004,0.00008205
ATOMUSDT,1658160000019,0.0001
ATOMUSDT,1658188800000,0.0001
ATOMUSDT,1658217600000,0.0001
ATOMUSDT,1658246400001,0.0001
ATOMUSDT,1658275200004,0.0001
ATOMUSDT,1658304000000,0.0001
ATOMUSDT,1658332800003,0.0001
ATOMUSDT,1658361600000,0.00007396
ATOMUSDT,1658390400018,0.0001
ATOMUSDT,1658419200011,-0.00023977
ATOMUSDT,1658448000014,0.0001
ATOMUSDT,1658476800000,0.0001
ATOMUSDT,1658505600000,0.0001
ATOMUSDT,1658534400004,0.0001
ATOMUSDT,1658563200002,0.0000908
ATOMUSDT,1658592000001,0.00008092
ATOMUSDT,1658620800000,-0.00023785
ATOMUSDT,1658649600011,-0.00016584
ATOMUSDT,1658678400000,-0.00004572
ATOMUSDT,1658707200000,-0.00000996
ATOMUSDT,1658736000014,0.00008633
ATOMUSDT,1658764800006,0.00001253
ATOMUSDT,1658793600010,-0.00012674
ATOMUSDT,1658822400000,-0.00024119
ATOMUSDT,1658851200000,-0.00022883
ATOMUSDT,1658880000008,-0.00005055
ATOMUSDT,1658908800000,-0.00013297
ATOMUSDT,1658937600003,-0.00011315
ATOMUSDT,1658966400009,0.0001
ATOMUSDT,1658995200008,0.0001
ATOMUSDT,1659024000013,0.0001
ATOMUSDT,1659052800000,0.0001
ATOMUSDT,1659081600000,0.0001
ATOMUSDT,1659110400000,0.0001
ATOMUSDT,1659139200005,0.0001
ATOMUSDT,1659168000009,0.0001
ATOMUSDT,1659196800000,0.0001
ATOMUSDT,1659225600022,-0.00005762
ATOMUSDT,1659254400011,0.0001
ATOMUSDT,1659283200019,0.0001
ATOMUSDT,1659312000010,0.00000444
ATOMUSDT,1659340800019,0.0001
ATOMUSDT,1659369600017,-0.00004217
ATOMUSDT,1659398400000,-0.00004515
ATOMUSDT,1659427200007,-0.00015479
ATOMUSDT,1659456000014,-0.00005338
ATOMUSDT,1659484800001,-0.0000725
ATOMUSDT,1659513600020,-0.00026323
ATOMUSDT,1659542400008,-0.00018507
ATOMUSDT,1659571200001,-0.00011341
ATOMUSDT,1659600000009,0.00001309
ATOMUSDT,1659628800015,0.00000057
ATOMUSDT,1659657600005,0.0001
ATOMUSDT,1659686400000,0.0001
ATOMUSDT,1659715200000,0.00006737
ATOMUSDT,1659744000021,0.00009191
ATOMUSDT,1659772800000,0.0001
ATOMUSDT,1659801600015,0.0001
ATOMUSDT,1659830400013,0.00000131
ATOMUSDT,1659859200000,0.000088
ATOMUSDT,1659888000014,0.0001
ATOMUSDT,1659916800009,0.00002826
ATOMUSDT,1659945600006,-0.00026938
ATOMUSDT,1659974400000,0.00000514
ATOMUSDT,1660003200020,0.0001
ATOMUSDT,1660032000000,0
ATOMUSDT,1660060800000,0.0001
ATOMUSDT,1660089600000,0.00004516
ATOMUSDT,1660118400016,0.00002856
ATOMUSDT,1660147200018,-0.00008146
ATOMUSDT,1660176000012,-0.0000679
ATOMUSDT,1660204800000,0.00003563
ATOMUSDT,1660233600000,0.0001
ATOMUSDT,1660262400006,0.0001
ATOMUSDT,1660291200000,0.0001
ATOMUSDT,1660320000005,0.0001
ATOMUSDT,1660348800012,0.00004885
ATOMUSDT,1660377600006,0.0001
ATOMUSDT,1660406400018,0.0001
ATOMUSDT,1660435200000,0.0001
ATOMUSDT,1660464000000,0.0001
ATOMUSDT,1660492800000,-0.0000011
ATOMUSDT,1660521600010,-0.00002428
ATOMUSDT,1660550400002,-0.0000483
ATOMUSDT,1660579200010,0.00001645
ATOMUSDT,1660608000010,-0.00000442
ATOMUSDT,1660636800002,0.00009219
ATOMUSDT,1660665600000,0.00009628
ATOMUSDT,1660694400020,0.00004649
ATOMUSDT,1660723200016,0.0001
ATOMUSDT,1660752000001,0.0001
ATOMUSDT,1660780800005,0.00008305
ATOMUSDT,1660809600012,0.0001
ATOMUSDT,1660838400013,0.0001
ATOMUSDT,1660867200000,0.00007503
ATOMUSDT,1660896000000,-0.0001056
ATOMUSDT,1660924800009,-0.00007027
ATOMUSDT,1660953600000,-0.00004236
ATOMUSDT,1660982400005,-0.00003529
ATOMUSDT,1661011200000,-0.00017324
ATOMUSDT,1661040000010,-0.0002071
ATOMUSDT,1661068800013,-0.00021295
ATOMUSDT,1661097600000,-0.00014734
ATOMUSDT,1661126400011,-0.00010413
ATOMUSDT,1661155200005,-0.00004096
ATOMUSDT,1661184000005,-0.00000869
ATOMUSDT,1661212800000,-0.00005373
ATOMUSDT,1661241600021,0.0001
ATOMUSDT,1661270400005,0.0001
ATOMUSDT,1661299200017,0.00004146
ATOMUSDT,1661328000021,-0.00009332
ATOMUSDT,1661356800000,-0.00006079
ATOMUSDT,1661385600003,0.00001513
ATOMUSDT,1661414400000,-0.00005486
ATOMUSDT,1661443200004,0.0001
ATOMUSDT,1661472000001,0.0001
ATOMUSDT,1661500800004,0.0001
ATOMUSDT,1661529600000,0.0001
ATOMUSDT,1661558400010,0.0000497
ATOMUSDT,1661587200007,-0.00008212
ATOMUSDT,1661616000008,-0.00034949
ATOMUSDT,1661644800019,-0.00010204
ATOMUSDT,1661673600000,-0.00011704
ATOMUSDT,1661702400000,-0.00012656
ATOMUSDT,1661731200000,-0.00019551
ATOMUSDT,1661760000000,-0.00026025
ATOMUSDT,1661788800001,-0.00035202
ATOMUSDT,1661817600001,-0.00034152
ATOMUSDT,1661846400005,-0.00027414
ATOMUSDT,1661875200010,-0.00001502
ATOMUSDT,1661904000000,-0.00004275
ATOMUSDT,1661932800005,-0.0001223
ATOMUSDT,1661961600013,-0.00006779
ATOMUSDT,1661990400012,-0.00010299
ATOMUSDT,1662019200000,-0.00006553
ATOMUSDT,1662048000013,0.0000208
ATOMUSDT,1662076800002,-0.0000778
ATOMUSDT,1662105600013,-0.00003757
ATOMUSDT,1662134400000,-0.00006445
ATOMUSDT,1662163200000,0.00000887
ATOMUSDT,1662192000002,-0.00004281
ATOMUSDT,1662220800007,-0.00012871
ATOMUSDT,1662249600008,0.00005853
ATOMUSDT,1662278400009,0.00002726
ATOMUSDT,1662307200000,-0.00012659
ATOMUSDT,1662336000015,-0.0000114
ATOMUSDT,1662364800013,-0.00010496
ATOMUSDT,1662393600007,-0.00003091
ATOMUSDT,1662422400018,-0.00005304
ATOMUSDT,1662451200020,-0.00006551
ATOMUSDT,1662480000028,-0.00004704
ATOMUSDT,1662508800013,0.00001663
ATOMUSDT,1662537600022,0.00007777
ATOMUSDT,1662566400021,0.00000423
ATOMUSDT,1662595200010,0.00004648
ATOMUSDT,1662624000000,0.00006809
ATOMUSDT,1662652800003,0.0001
ATOMUSDT,1662681600011,-0.00001455
ATOMUSDT,1662710400000,-0.00024138
ATOMUSDT,1662739200000,0.0001
ATOMUSDT,1662768000003,0.0001
ATOMUSDT,1662796800000,0.0001
ATOMUSDT,1662825600012,0.0001
ATOMUSDT,1662854400009,0.0001
ATOMUSDT,1662883200012,0.00005934
ATOMUSDT,1662912000005,0.00003694
ATOMUSDT,1662940800007,-0.00003111
ATOMUSDT,1662969600013,-0.00003062
ATOMUSDT,1662998400000,0.00009758
ATOMUSDT,1663027200004,-0.0001178
ATOMUSDT,1663056000000,-0.00005083
ATOMUSDT,1663084800000,0.0001
ATOMUSDT,1663113600000,-0.00015911
ATOMUSDT,1663142400000,-0.00017125
ATOMUSDT,1663171200000,0.00000112
ATOMUSDT,1663200000019,-0.00018853
ATOMUSDT,1663228800012,-0.00006573
ATOMUSDT,1663257600007,-0.00011508
ATOMUSDT,1663286400000,-0.0004504
ATOMUSDT,1663315200000,-0.00019489
ATOMUSDT,1663344000000,-0.00017016
ATOMUSDT,1663372800000,-0.00012728
ATOMUSDT,1663401600012,-0.00015601
ATOMUSDT,1663430400017,-0.00002234
ATOMUSDT,1663459200000,-0.0000251
ATOMUSDT,1663488000004,-0.00012081
ATOMUSDT,1663516800000,-0.0000082
ATOMUSDT,1663545600018,0.00004961
ATOMUSDT,1663574400006,-0.00015887
ATOMUSDT,1663603200010,-0.00015425
ATOMUSDT,1663632000007,-0.00012085
ATOMUSDT,1663660800001,-0.00015516
ATOMUSDT,1663689600000,-0.00013003
ATOMUSDT,1663718400001,-0.0002439
ATOMUSDT,1663747200005,-0.00012062
ATOMUSDT,1663776000000,-0.00001893
ATOMUSDT,1663804800000,-0.00043731
ATOMUSDT,1663833600000,-0.00038218
ATOMUSDT,1663862400011,-0.00017086
ATOMUSDT,1663891200023,-0.00011704
ATOMUSDT,1663920000004,-0.00008553
ATOMUSDT,1663948800005,-0.0003192
ATOMUSDT,1663977600000,-0.00020992
ATOMUSDT,1664006400005,-0.0003175
ATOMUSDT,1664035200000,-0.00037089
ATOMUSDT,1664064000010,-0.00047686
ATOMUSDT,1664092800000,-0.00024629
ATOMUSDT,1664121600003,-0.0001334
ATOMUSDT,1664150400001,-0.00016841
ATOMUSDT,1664179200006,-0.00021844
ATOMUSDT,1664208000000,-0.00011477
ATOMUSDT,1664236800026,-0.00027
ATOMUSDT,1664265600004,-0.0000729
ATOMUSDT,1664294400006,-0.00009334
ATOMUSDT,1664323200011,-0.0005552
ATOMUSDT,1664352000000,-0.00037228
ATOMUSDT,1664380800000,-0.00028198
ATOMUSDT,1664409600010,-0.00039587
ATOMUSDT,1664438400000,-0.00031848
ATOMUSDT,1664467200000,-0.00018746
ATOMUSDT,1664496000006,-0.00028851
ATOMUSDT,1664524800002,-0.00029354
ATOMUSDT,1664553600007,-0.00016063
ATOMUSDT,1664582400008,-0.00008053
ATOMUSDT,1664611200011,0.00000558
ATOMUSDT,1664640000000,-0.00006441
ATOMUSDT,1664668800000,-0.00026878
ATOMUSDT,1664697600000,-0.00013562
ATOMUSDT,1664726400006,-0.00018763
ATOMUSDT,1664755200000,-0.00022075
ATOMUSDT,1664784000014,-0.00014644
ATOMUSDT,1664812800010,-0.00013703
ATOMUSDT,1664841600006,-0.00023179
ATOMUSDT,1664870400004,-0.00014086
ATOMUSDT,1664899200013,-0.00019137
ATOMUSDT,1664928000000,-0.00022887
ATOMUSDT,1664956800000,-0.00007301
ATOMUSDT,1664985600012,0.00005702
ATOMUSDT,1665014400008,-0.00011235
ATOMUSDT,1665043200002,0.000031
ATOMUSDT,1665072000006,0.00004293
ATOMUSDT,1665100800000,-0.00006046
ATOMUSDT,1665129600000,0.00002794
ATOMUSDT,1665158400007,-0.00004677
ATOMUSDT,1665187200010,-0.00006476
ATOMUSDT,1665216000004,-0.00006643
ATOMUSDT,1665244800018,-0.00004788
ATOMUSDT,1665273600000,-0.00007649
ATOMUSDT,1665302400007,0.00001307
ATOMUSDT,1665331200011,-0.00011432
ATOMUSDT,1665360000018,-0.0000658
ATOMUSDT,1665388800000,0.00000053
ATOMUSDT,1665417600026,0.00001243
ATOMUSDT,1665446400020,-0.00006137
ATOMUSDT,1665475200027,-0.00017257
ATOMUSDT,1665504000000,-0.00010111
ATOMUSDT,1665532800014,0.00002797
ATOMUSDT,1665561600000,-0.0000922
ATOMUSDT,1665590400000,-0.00003731
ATOMUSDT,1665619200013,-0.00013274
ATOMUSDT,1665648000016,-0.00002357
ATOMUSDT,1665676800009,-0.00022495
ATOMUSDT,1665705600020,-0.00017507
ATOMUSDT,1665734400000,-0.00009575
ATOMUSDT,1665763200009,-0.00010632
ATOMUSDT,1665792000001,-0.00006879
ATOMUSDT,1665820800005,-0.00007511
ATOMUSDT,1665849600004,-0.00007695
ATOMUSDT,1665878400012,-0.00004722
ATOMUSDT,1665907200000,-0.00001722
ATOMUSDT,1665936000010,-0.00007412
ATOMUSDT,1665964800012,-0.00002297
ATOMUSDT,1665993600010,-0.00004672
ATOMUSDT,1666022400017,-0.00015057
ATOMUSDT,1666051200010,-0.00008664
ATOMUSDT,1666080000008,-0.00001375
ATOMUSDT,1666108800000,-0.00000148
ATOMUSDT,1666137600007,0.00002461
ATOMUSDT,1666166400022,0.0001
ATOMUSDT,1666195200016,-0.00001386
ATOMUSDT,1666224000000,0.0000784
ATOMUSDT,1666252800013,-0.00000322
ATOMUSDT,1666281600000,0.00000395
ATOMUSDT,1666310400005,0.00006305
ATOMUSDT,1666339200018,-0.00003206
ATOMUSDT,1666368000000,-0.00011042
ATOMUSDT,1666396800000,-0.00015128
ATOMUSDT,1666425600015,-0.00011792
ATOMUSDT,1666454400000,-0.00012139
ATOMUSDT,1666483200025,-0.00002005
ATOMUSDT,1666512000000,0.00001104
ATOMUSDT,1666540800004,0.00000818
ATOMUSDT,1666569600009,-0.00001352
ATOMUSDT,1666598400012,0.00004628
ATOMUSDT,1666627200002,0.00003937
ATOMUSDT,1666656000013,-0.0000771
ATOMUSDT,1666684800013,-0.00003021
ATOMUSDT,1666713600000,-0.00000543
ATOMUSDT,1666742400006,-0.00002944
ATOMUSDT,1666771200013,0.00002367
ATOMUSDT,1666800000000,-0.00001221
ATOMUSDT,1666828800009,-0.00010381
ATOMUSDT,1666857600006,-0.00003586
ATOMUSDT,1666886400009,-0.00000793
ATOMUSDT,1666915200000,0.00006986
ATOMUSDT,1666944000000,-0.00014137
ATOMUSDT,1666972800007,0.00000706
ATOMUSDT,1667001600000,-0.00012103
ATOMUSDT,1667030400003,-0.00011712
ATOMUSDT,1667059200010,-0.00002005
ATOMUSDT,1667088000000,0.00005761
ATOMUSDT,1667116800013,0.00009051
ATOMUSDT,1667145600009,0.00001135
ATOMUSDT,1667174400012,0.00002964
ATOMUSDT,1667203200000,-0.00002148
ATOMUSDT,1667232000010,-0.00000325
ATOMUSDT,1667260800000,-0.00006808
ATOMUSDT,1667289600000,-0.00004812
ATOMUSDT,1667318400000,-0.00004542
ATOMUSDT,1667347200000,-0.00002901
ATOMUSDT,1667376000000,0.00006746
ATOMUSDT,1667404800019,0.00003393
ATOMUSDT,1667433600011,-0.00014012
ATOMUSDT,1667462400016,-0.00012832
ATOMUSDT,1667491200005,0.00000754
ATOMUSDT,1667520000000,-0.00006311
ATOMUSDT,1667548800004,0.00009967
ATOMUSDT,1667577600020,0.00004507
ATOMUSDT,1667606400009,0.00008904
ATOMUSDT,1667635200007,-0.00004799
ATOMUSDT,1667664000018,0.00000967
ATOMUSDT,1667692800009,0.00002207
ATOMUSDT,1667721600000,0.0001
ATOMUSDT,1667750400010,0.0001
ATOMUSDT,1667779200012,0.00007958
ATOMUSDT,1667808000014,0.00007779
ATOMUSDT,1667836800006,0.00008839
ATOMUSDT,1667865600000,0.00002711
ATOMUSDT,1667894400001,-0.00009607
ATOMUSDT,1667923200005,0.000024
ATOMUSDT,1667952000000,-0.0004164
ATOMUSDT,1667980800013,-0.00014155
ATOMUSDT,1668009600004,-0.00007319
ATOMUSDT,1668038400006,-0.00063938
ATOMUSDT,1668067200000,-0.00021344
ATOMUSDT,1668096000015,-0.0002634
ATOMUSDT,1668124800000,-0.00015202
ATOMUSDT,1668153600015,-0.00007335
ATOMUSDT,1668182400027,-0.00002652
ATOMUSDT,1668211200007,0.00001655
ATOMUSDT,1668240000016,-0.00000826
ATOMUSDT,1668268800000,0.00003865
ATOMUSDT,1668297600004,0.00004186
ATOMUSDT,1668326400000,0.00005549
ATOMUSDT,1668355200017,0.00009259
ATOMUSDT,1668384000000,0.00008917
ATOMUSDT,1668412800000,-0.000047
ATOMUSDT,1668441600000,-0.00004015
ATOMUSDT,1668470400014,-0.00002246
ATOMUSDT,1668499200009,-0.00009366
ATOMUSDT,1668528000010,0.00006175
ATOMUSDT,1668556800011,0.00008257
ATOMUSDT,1668585600004,-0.00006127
ATOMUSDT,1668614400008,0.00006253
ATOMUSDT,1668643200000,-0.00005504
ATOMUSDT,1668672000000,-0.00026026
ATOMUSDT,1668700800006,-0.00003191
ATOMUSDT,1668729600004,-0.00000569
ATOMUSDT,1668758400016,-0.00000393
ATOMUSDT,1668787200000,0.00003034
ATOMUSDT,1668816000000,-0.00001473
ATOMUSDT,1668844800004,-0.00004125
ATOMUSDT,1668873600024,-0.00000669
ATOMUSDT,1668902400015,-0.00004557
ATOMUSDT,1668931200004,0.00000241
ATOMUSDT,1668960000000,0.00000418
ATOMUSDT,1668988800006,-0.00001349
ATOMUSDT,1669017600015,-0.00030115
ATOMUSDT,1669046400000,-0.0001044
ATOMUSDT,1669075200000,0.00000577
ATOMUSDT,1669104000000,0.00008372
ATOMUSDT,1669132800000,0.00003319
ATOMUSDT,1669161600000,-0.00015986
ATOMUSDT,1669190400011,-0.00019367
ATOMUSDT,1669219200014,-0.00005289
ATOMUSDT,1669248000007,0.00005647
ATOMUSDT,1669276800014,-0.00019002
ATOMUSDT,1669305600013,-0.00000185
ATOMUSDT,1669334400004,-0.00007048
ATOMUSDT,1669363200015,0.00001314
ATOMUSDT,1669392000000,0.00005558
ATOMUSDT,1669420800011,-0.00009484
ATOMUSDT,1669449600000,-0.00038935
ATOMUSDT,1669478400000,-0.00000548
ATOMUSDT,1669507200012,-0.00002413
ATOMUSDT,1669536000000,-0.00010243
ATOMUSDT,1669564800003,-0.00004961
ATOMUSDT,1669593600015,0.00000406
ATOMUSDT,1669622400004,-0.000278
ATOMUSDT,1669651200011,-0.00007678
ATOMUSDT,1669680000000,0.00002351
ATOMUSDT,1669708800015,0.00005388
ATOMUSDT,1669737600000,0.0001
ATOMUSDT,1669766400007,-0.0000198
ATOMUSDT,1669795200000,0.0001
ATOMUSDT,1669824000015,-0.00000156
ATOMUSDT,1669852800001,-0.0000121
ATOMUSDT,1669881600006,0.0001
ATOMUSDT,1669910400000,0.0001
ATOMUSDT,1669939200001,0.00002881
ATOMUSDT,1669968000016,0.0001
ATOMUSDT,1669996800017,0.00000236
ATOMUSDT,1670025600006,0.000049
ATOMUSDT,1670054400000,-0.00006383
ATOMUSDT,1670083200011,-0.00005425
ATOMUSDT,1670112000006,-0.00005764
ATOMUSDT,1670140800000,-0.00005263
ATOMUSDT,1670169600006,-0.00009589
ATOMUSDT,1670198400002,-0.00010514
ATOMUSDT,1670227200011,-0.00003912
ATOMUSDT,1670256000008,0.0001
ATOMUSDT,1670284800014,0.00009456
ATOMUSDT,1670313600027,0.00009383
ATOMUSDT,1670342400009,0.00005505
ATOMUSDT,1670371200000,-0.00000325
ATOMUSDT,1670400000000,0.00005817
ATOMUSDT,1670428800000,-0.00001751
ATOMUSDT,1670457600006,-0.00002734
ATOMUSDT,1670486400000,0.00000496
ATOMUSDT,1670515200014,-0.00008969
ATOMUSDT,1670544000017,-0.00016328
ATOMUSDT,1670572800005,-0.00009338
ATOMUSDT,1670601600000,0.00000683
ATOMUSDT,1670630400009,0.00003947
ATOMUSDT,1670659200010,0.0001
ATOMUSDT,1670688000001,0.0001
ATOMUSDT,1670716800011,-0.00007956
ATOMUSDT,1670745600007,0.0000158
ATOMUSDT,1670774400011,0.00003743
ATOMUSDT,1670803200000,-0.00005472
ATOMUSDT,1670832000004,-0.00003561
ATOMUSDT,1670860800000,0.0000055
ATOMUSDT,1670889600000,0.00005762
ATOMUSDT,1670918400018,-0.0000177
ATOMUSDT,1670947200011,-0.00003187
ATOMUSDT,1670976000010,0.00004926
ATOMUSDT,1671004800015,0.0001
ATOMUSDT,1671033600004,0.0001
ATOMUSDT,1671062400000,0.00009597
ATOMUSDT,1671091200023,-0.00001085
ATOMUSDT,1671120000010,0.00008067
ATOMUSDT,1671148800016,0.0001
ATOMUSDT,1671177600011,0.0001
ATOMUSDT,1671206400001,0.00003759
ATOMUSDT,1671235200001,-0.00008128
ATOMUSDT,1671264000011,-0.00019034
ATOMUSDT,1671292800011,-0.00019372
ATOMUSDT,1671321600008,-0.00025164
ATOMUSDT,1671350400001,0.00000728
ATOMUSDT,1671379200012,-0.00018164
ATOMUSDT,1671408000000,-0.00021914
ATOMUSDT,1671436800000,-0.00003493
ATOMUSDT,1671465600000,0.00004514
ATOMUSDT,1671494400005,0.000021
ATOMUSDT,1671523200016,0.0001
ATOMUSDT,1671552000000,0.0001
ATOMUSDT,1671580800007,0.0001
ATOMUSDT,1671609600012,0.0000922
ATOMUSDT,1671638400017,0.0001
ATOMUSDT,1671667200004,0.00000788
ATOMUSDT,1671696000000,0.00009896
ATOMUSDT,1671724800001,0.00001308
ATOMUSDT,1671753600018,0.0001
ATOMUSDT,1671782400000,0.0001
ATOMUSDT,1671811200000,0.00007515
ATOMUSDT,1671840000001,0.0001
ATOMUSDT,1671868800007,0.00009452
ATOMUSDT,1671897600008,0.00000567
ATOMUSDT,1671926400000,0.00003212
ATOMUSDT,1671955200013,0.00004194
ATOMUSDT,1671984000000,0.00008569
ATOMUSDT,1672012800001,0.00001387
ATOMUSDT,1672041600000,0.00002647
ATOMUSDT,1672070400005,-0.00010057
ATOMUSDT,1672099200005,-0.00000882
ATOMUSDT,1672128000010,0.0000693
ATOMUSDT,1672156800006,0.00005147
ATOMUSDT,1672185600010,0.0001
ATOMUSDT,1672214400010,0.0001
ATOMUSDT,1672243200010,0.00005883
ATOMUSDT,1672272000011,0.0001
ATOMUSDT,1672300800000,0.00004286
ATOMUSDT,1672329600008,-0.00015046
ATOMUSDT,1672358400000,-0.00009243
ATOMUSDT,1672387200000,-0.00009057
ATOMUSDT,1672416000000,-0.00015213
ATOMUSDT,1672444800014,0.00008498
ATOMUSDT,1672473600000,-0.00003048
ATOMUSDT,1672502400000,-0.00006804
ATOMUSDT,1672531200000,0.0001
ATOMUSDT,1672560000008,0.0001
ATOMUSDT,1672588800000,0.0001
ATOMUSDT,1672617600000,-0.00002606
ATOMUSDT,1672646400008,-0.00003934
ATOMUSDT,1672675200015,-0.00002606
ATOMUSDT,1672704000003,0.00009086
ATOMUSDT,1672732800018,0.00005715
ATOMUSDT,1672761600000,-0.00010682
ATOMUSDT,1672790400000,-0.00007668
ATOMUSDT,1672819200016,-0.00008088
ATOMUSDT,1672848000011,-0.00003987
ATOMUSDT,1672876800009,-0.00013319
ATOMUSDT,1672905600011,-0.0000134
ATOMUSDT,1672934400000,0.0000255
ATOMUSDT,1672963200005,0.0000225
ATOMUSDT,1672992000001,0.0001
ATOMUSDT,1673020800000,0.00005508
ATOMUSDT,1673049600006,-0.0000704
ATOMUSDT,1673078400017,-0.00004692
ATOMUSDT,1673107200000,-0.0000919
ATOMUSDT,1673136000015,-0.00001991
ATOMUSDT,1673164800000,-0.00005792
ATOMUSDT,1673193600010,-0.0001629
ATOMUSDT,1673222400003,-0.00006785
ATOMUSDT,1673251200000,-0.00001623
ATOMUSDT,1673280000006,0.00004574
ATOMUSDT,1673308800003,0.0001
ATOMUSDT,1673337600021,0.0001
ATOMUSDT,1673366400000,0.00009755
ATOMUSDT,1673395200011,-0.00012703
ATOMUSDT,1673424000006,-0.00009409
ATOMUSDT,1673452800004,-0.00004293
ATOMUSDT,1673481600000,-0.0000153
ATOMUSDT,1673510400000,0.00003276
ATOMUSDT,1673539200000,-0.00000115
ATOMUSDT,1673568000004,-0.00058026
ATOMUSDT,1673596800000,-0.00010154
ATOMUSDT,1673625600018,-0.00013205
ATOMUSDT,1673654400000,-0.000073
ATOMUSDT,1673683200001,0.0001
ATOMUSDT,1673712000000,0.0001
ATOMUSDT,1673740800010,0.0001
ATOMUSDT,1673769600002,0.0001
ATOMUSDT,1673798400000,0.0001
ATOMUSDT,1673827200010,0.0001
ATOMUSDT,1673856000007,0.0001
ATOMUSDT,1673884800000,0.0001
ATOMUSDT,1673913600004,0.00006481
ATOMUSDT,1673942400005,0.0001
ATOMUSDT,1673971200001,0.0001
ATOMUSDT,1674000000008,0.0001
ATOMUSDT,1674028800009,0.0001
ATOMUSDT,1674057600017,0.00007946
ATOMUSDT,1674086400000,0.0001
ATOMUSDT,1674115200015,0.0001
ATOMUSDT,1674144000012,0.00006522
ATOMUSDT,1674172800000,0.0001
ATOMUSDT,1674201600000,0.00007137
ATOMUSDT,1674230400000,0.00005377
ATOMUSDT,1674259200013,0.0001
ATOMUSDT,1674288000001,0.0001
ATOMUSDT,1674316800016,0.0001
ATOMUSDT,1674345600000,0.0001
ATOMUSDT,1674374400000,0.0001
ATOMUSDT,1674403200023,0.0001
ATOMUSDT,1674432000014,0.0001
ATOMUSDT,1674460800014,0.0001
ATOMUSDT,1674489600016,0.0001
ATOMUSDT,1674518400008,0.0001
ATOMUSDT,1674547200008,0.0001
ATOMUSDT,1674576000000,0.0001
ATOMUSDT,1674604800012,0.00003586
ATOMUSDT,1674633600000,0.00009791
ATOMUSDT,1674662400010,0.0001
ATOMUSDT,1674691200010,0.0001
ATOMUSDT,1674720000003,0.0001
ATOMUSDT,1674748800020,0.0001
ATOMUSDT,1674777600008,0.0001
ATOMUSDT,1674806400000,0.0001
ATOMUSDT,1674835200000,0.0001
ATOMUSDT,1674864000009,0.0001
ATOMUSDT,1674892800018,0.0001
ATOMUSDT,1674921600005,0.0001
ATOMUSDT,1674950400011,0.0001
ATOMUSDT,1674979200000,0.0001
ATOMUSDT,1675008000008,0.0001
ATOMUSDT,1675036800001,0.0001
ATOMUSDT,1675065600000,0.0001
ATOMUSDT,1675094400000,0.00009157
ATOMUSDT,1675123200005,0.00008682
ATOMUSDT,1675152000000,0.0001
ATOMUSDT,1675180800007,0.0001
ATOMUSDT,1675209600013,0.0001
ATOMUSDT,1675238400000,0.0001
ATOMUSDT,1675267200012,0.0001
ATOMUSDT,1675296000004,0.0001
ATOMUSDT,1675324800023,0.0001
ATOMUSDT,1675353600003,0.0001
ATOMUSDT,1675382400010,0.0001
ATOMUSDT,1675411200000,0.0001
ATOMUSDT,1675440000000,0.0001
ATOMUSDT,1675468800010,0.00021179
ATOMUSDT,1675497600000,0.0001
ATOMUSDT,1675526400000,0.0001
ATOMUSDT,1675555200016,0.0001
ATOMUSDT,1675584000009,0.0001
ATOMUSDT,1675612800018,0.0001
ATOMUSDT,1675641600001,0.0001
ATOMUSDT,1675670400000,0.0001
ATOMUSDT,1675699200012,0.0001
ATOMUSDT,1675728000004,0.0001
ATOMUSDT,1675756800011,0.0001
ATOMUSDT,1675785600018,0.0001
ATOMUSDT,1675814400009,0.0001
ATOMUSDT,1675843200010,0.0001
ATOMUSDT,1675872000000,0.0001
ATOMUSDT,1675900800014,0.0001
ATOMUSDT,1675929600006,0.0001
ATOMUSDT,1675958400001,0.0001
ATOMUSDT,1675987200012,-0.00018019
ATOMUSDT,1676016000005,-0.00004961
ATOMUSDT,1676044800020,0.0001
ATOMUSDT,1676073600007,0.0001
ATOMUSDT,1676102400002,0.00003396
ATOMUSDT,1676131200021,-0.00004919
ATOMUSDT,1676160000004,-0.00005612
ATOMUSDT,1676188800000,-0.00005231
ATOMUSDT,1676217600002,-0.00004042
ATOMUSDT,1676246400006,-0.00002108
ATOMUSDT,1676275200008,0.00004391
ATOMUSDT,1676304000002,0.00002618
ATOMUSDT,1676332800013,0.0001
ATOMUSDT,1676361600014,0.0000971
ATOMUSDT,1676390400016,0.00003142
ATOMUSDT,1676419200011,0.0001
ATOMUSDT,1676448000000,0.0001
ATOMUSDT,1676476800005,0.00002243
ATOMUSDT,1676505600019,0.00007902
ATOMUSDT,1676534400000,0.0001
ATOMUSDT,1676563200001,0.0001
ATOMUSDT,1676592000003,-0.00003555
ATOMUSDT,1676620800016,0.0001
ATOMUSDT,1676649600000,0.0001
ATOMUSDT,1676678400011,0.0001
ATOMUSDT,1676707200000,0.0001
ATOMUSDT,1676736000007,0.0001
ATOMUSDT,1676764800019,0.0001
ATOMUSDT,1676793600005,0.0001
ATOMUSDT,1676822400003,0.0001
ATOMUSDT,1676851200006,0.0001
ATOMUSDT,1676880000008,0.0001
ATOMUSDT,1676908800006,0.0001
ATOMUSDT,1676937600001,0.0001
ATOMUSDT,1676966400004,0.0001
ATOMUSDT,1676995200011,0.0001
ATOMUSDT,1677024000009,0.0001
ATOMUSDT,1677052800010,0.0001
ATOMUSDT,1677081600000,0.0001
ATOMUSDT,1677110400006,0.0001
ATOMUSDT,1677139200005,0.0001
ATOMUSDT,1677168000002,0.0001
ATOMUSDT,1677196800015,0.0001
ATOMUSDT,1677225600011,0.0001
ATOMUSDT,1677254400014,0.0001
ATOMUSDT,1677283200015,0.0001
ATOMUSDT,1677312000015,0.0001
ATOMUSDT,1677340800015,0.0001
ATOMUSDT,1677369600007,-0.00002201
ATOMUSDT,1677398400012,-0.00004983
ATOMUSDT,1677427200000,-0.00005081
ATOMUSDT,1677456000011,-0.00009903
ATOMUSDT,1677484800003,-0.00023312
ATOMUSDT,1677513600000,0.00000289
ATOMUSDT,1677542400011,0.00002176
ATOMUSDT,1677571200018,0.0000273
ATOMUSDT,1677600000005,0.00006813
ATOMUSDT,1677628800016,0.00000004
ATOMUSDT,1677657600000,0.0001
ATOMUSDT,1677686400008,-0.00016714
ATOMUSDT,1677715200009,0.0000887
ATOMUSDT,1677744000013,0.0000632
ATOMUSDT,1677772800000,-0.00002029
ATOMUSDT,1677801600000,-0.00010403
ATOMUSDT,1677830400013,-0.0003621
ATOMUSDT,1677859200000,-0.00007788
ATOMUSDT,1677888000001,0.00005125
ATOMUSDT,1677916800008,-0.00010513
ATOMUSDT,1677945600012,-0.00014073
ATOMUSDT,1677974400000,-0.00005436
ATOMUSDT,1678003200000,-0.00009628
ATOMUSDT,1678032000015,-0.00006352
ATOMUSDT,1678060800007,-0.00002705
ATOMUSDT,1678089600017,-0.00006445
ATOMUSDT,1678118400000,-0.00000154
ATOMUSDT,1678147200009,0.00009275
ATOMUSDT,1678176000016,0.00004163
ATOMUSDT,1678204800017,0.00001535
ATOMUSDT,1678233600000,0.00003972
ATOMUSDT,1678262400014,0.00007403
ATOMUSDT,1678291200021,-0.00007019
ATOMUSDT,1678320000010,-0.00006618
ATOMUSDT,1678348800013,0.00001583
ATOMUSDT,1678377600002,0.0001
ATOMUSDT,1678406400000,-0.00031405
ATOMUSDT,1678435200000,-0.0001208
ATOMUSDT,1678464000005,-0.00011636
ATOMUSDT,1678492800011,0.00005208
ATOMUSDT,1678521600003,0.00004128
ATOMUSDT,1678550400011,-0.00020354
ATOMUSDT,1678579200001,-0.00001672
ATOMUSDT,1678608000000,0.0001
ATOMUSDT,1678636800005,-0.00012442
ATOMUSDT,1678665600010,-0.00033466
ATOMUSDT,1678694400018,-0.00009985
ATOMUSDT,1678723200003,-0.00015061
ATOMUSDT,1678752000010,0.0000747
ATOMUSDT,1678780800009,-0.00027696
ATOMUSDT,1678809600010,-0.00006569
ATOMUSDT,1678838400011,0.0001
ATOMUSDT,1678867200000,0.0001
ATOMUSDT,1678896000012,0.00002038
ATOMUSDT,1678924800004,0.00001241
ATOMUSDT,1678953600018,0.00006726
ATOMUSDT,1678982400005,0.00006495
ATOMUSDT,1679011200017,0.0001
ATOMUSDT,1679040000010,0.0001
ATOMUSDT,1679068800003,0.0001
ATOMUSDT,1679097600012,0.0001
ATOMUSDT,1679126400000,0.0001
ATOMUSDT,1679155200016,0.0001
ATOMUSDT,1679184000013,0.0001
ATOMUSDT,1679212800024,0.0001
ATOMUSDT,1679241600000,-0.00005542
ATOMUSDT,1679270400005,0.0001
ATOMUSDT,1679299200012,0.00000412
ATOMUSDT,1679328000015,-0.0000078
ATOMUSDT,1679356800006,-0.00005954
ATOMUSDT,1679385600004,0.0000173
ATOMUSDT,1679414400003,0.00008022
ATOMUSDT,1679443200000,0.0001
ATOMUSDT,1679472000003,0.0001
ATOMUSDT,1679500800000,0.00007738
ATOMUSDT,1679529600016,-0.00024138
ATOMUSDT,1679558400001,0.00000917
ATOMUSDT,1679587200013,0.0001
ATOMUSDT,1679616000013,0.0001
ATOMUSDT,1679644800012,0.0001
ATOMUSDT,1679673600027,0.0001
ATOMUSDT,1679702400015,-0.00013406
ATOMUSDT,1679731200011,-0.00002869
ATOMUSDT,1679760000011,-0.00009984
ATOMUSDT,1679788800000,-0.00021069
ATOMUSDT,1679817600015,-0.00009154
ATOMUSDT,1679846400000,-0.00008344
ATOMUSDT,1679875200019,0.00000221
ATOMUSDT,1679904000009,-0.00019412
ATOMUSDT,1679932800000,-0.00011252
ATOMUSDT,1679961600007,-0.00026619
ATOMUSDT,1679990400000,-0.00005912
ATOMUSDT,1680019200013,-0.00007844
ATOMUSDT,1680048000010,0.0001
ATOMUSDT,1680076800006,0.0001
ATOMUSDT,1680105600014,0.0001
ATOMUSDT,1680134400000,0.0001
ATOMUSDT,1680163200000,0.0001
ATOMUSDT,1680192000006,0.00004425
ATOMUSDT,1680220800003,0.0001
ATOMUSDT,1680249600006,0.0001
ATOMUSDT,1680278400011,0.0001
ATOMUSDT,1680307200000,0.00004764
ATOMUSDT,1680336000000,0.0001
ATOMUSDT,1680364800018,0.0001
ATOMUSDT,1680393600013,0.0001
ATOMUSDT,1680422400014,0.0001
ATOMUSDT,1680451200001,0.0001
ATOMUSDT,1680480000000,0.00007097
ATOMUSDT,1680508800013,0.00008293
ATOMUSDT,1680537600011,0.0001
ATOMUSDT,1680566400002,0.0001
ATOMUSDT,1680595200017,0.0001
ATOMUSDT,1680624000008,0.0001
ATOMUSDT,1680652800000,0.0001
ATOMUSDT,1680681600016,0.0001
ATOMUSDT,1680710400004,0.0001
ATOMUSDT,1680739200000,0.0001
ATOMUSDT,1680768000011,0.0001
ATOMUSDT,1680796800000,0.0001
ATOMUSDT,1680825600006,0.0001
ATOMUSDT,1680854400005,0.0001
ATOMUSDT,1680883200000,0.00006307
ATOMUSDT,1680912000000,0.0001
ATOMUSDT,1680940800014,0.0001
ATOMUSDT,1680969600018,0.00005557
ATOMUSDT,1680998400013,0.0000705
ATOMUSDT,1681027200024,0.00006952
ATOMUSDT,1681056000010,0.00008112
ATOMUSDT,1681084800000,0.000096
ATOMUSDT,1681113600010,0.0001
ATOMUSDT,1681142400006,0.00008964
ATOMUSDT,1681171200008,0.0001
ATOMUSDT,1681200000007,0.0001
ATOMUSDT,1681228800016,0.0001
ATOMUSDT,1681257600006,0.0001
ATOMUSDT,1681286400008,0.0001
ATOMUSDT,1681315200014,0.0001
ATOMUSDT,1681344000027,0.0001
ATOMUSDT,1681372800010,0.0001
ATOMUSDT,1681401600000,0.0001
ATOMUSDT,1681430400001,0.0001
ATOMUSDT,1681459200008,0.0001
ATOMUSDT,1681488000007,0.0001
ATOMUSDT,1681516800007,0.0001
ATOMUSDT,1681545600007,0.0001
ATOMUSDT,1681574400011,0.0001
ATOMUSDT,1681603200014,0.0001
ATOMUSDT,1681632000007,0.0001
ATOMUSDT,1681660800002,0.0001
ATOMUSDT,1681689600017,0.0001
ATOMUSDT,1681718400006,0.0001
ATOMUSDT,1681747200000,0.0001
ATOMUSDT,1681776000013,0.0001
ATOMUSDT,1681804800017,0.0001
ATOMUSDT,1681833600000,0.0001
ATOMUSDT,1681862400022,0.0001
ATOMUSDT,1681891200014,0.0001
ATOMUSDT,1681920000000,0.0000116
ATOMUSDT,1681948800010,0.0001
ATOMUSDT,1681977600012,0.0001
ATOMUSDT,1682006400012,0.0001
ATOMUSDT,1682035200009,0.0001
ATOMUSDT,1682064000009,0.0001
ATOMUSDT,1682092800003,0.0001
ATOMUSDT,1682121600000,0.00002441
ATOMUSDT,1682150400000,-0.00003605
ATOMUSDT,1682179200016,0.00001931
ATOMUSDT,1682208000009,-0.00006207
ATOMUSDT,1682236800020,0.0000527
ATOMUSDT,1682265600007,0.00002401
ATOMUSDT,1682294400000,0.00006213
ATOMUSDT,1682323200008,0.00009604
ATOMUSDT,1682352000006,0.0001
ATOMUSDT,1682380800014,0.00004696
ATOMUSDT,1682409600009,0.00007921
ATOMUSDT,1682438400015,0.00003094
ATOMUSDT,1682467200015,-0.00001247
ATOMUSDT,1682496000013,-0.00004884
ATOMUSDT,1682524800001,0.0001
ATOMUSDT,1682553600014,-0.00041561
ATOMUSDT,1682582400008,-0.00016201
ATOMUSDT,1682611200005,0.0000455
ATOMUSDT,1682640000011,0.00002769
ATOMUSDT,1682668800007,0.00008534
ATOMUSDT,1682697600006,0.00008509
ATOMUSDT,1682726400004,0.00008101
ATOMUSDT,1682755200016,0.00009713
ATOMUSDT,1682784000001,0.0001
ATOMUSDT,1682812800008,0.00008152
ATOMUSDT,1682841600000,-0.00003669
ATOMUSDT,1682870400010,0.00009313
ATOMUSDT,1682899200004,0.0001
ATOMUSDT,1682928000008,0.0000814
ATOMUSDT,1682956800014,0.0001
ATOMUSDT,1682985600015,0.00009241
ATOMUSDT,1683014400018,0.0001
ATOMUSDT,1683043200000,0.00006761
ATOMUSDT,1683072000009,0.0001
ATOMUSDT,1683100800003,0.00007912
ATOMUSDT,1683129600011,0.00002883
ATOMUSDT,1683158400000,0.0000613
ATOMUSDT,1683187200000,0.00004804
ATOMUSDT,1683216000011,0.00008677
ATOMUSDT,1683244800002,-0.00000835
ATOMUSDT,1683273600000,0.00004969
ATOMUSDT,1683302400000,0.00002612
ATOMUSDT,1683331200009,0.00004952
ATOMUSDT,1683360000000,0.0001
ATOMUSDT,1683388800000,0.00004783
ATOMUSDT,1683417600000,-0.00009807
ATOMUSDT,1683446400000,0.00002452
ATOMUSDT,1683475200006,-0.00001918
ATOMUSDT,1683504000000,-0.00000109
ATOMUSDT,1683532800007,-0.00023943
ATOMUSDT,1683561600015,0.00004896
ATOMUSDT,1683590400015,-0.00011666
ATOMUSDT,1683619200000,-0.00018702
ATOMUSDT,1683648000000,-0.00021201
ATOMUSDT,1683676800007,-0.00018155
ATOMUSDT,1683705600003,-0.00009233
ATOMUSDT,1683734400000,-0.00005711
ATOMUSDT,1683763200011,0.0000898
ATOMUSDT,1683792000000,0.00001355
ATOMUSDT,1683820800005,-0.00010319
ATOMUSDT,1683849600020,0.00003624
ATOMUSDT,1683878400001,0.0000477
ATOMUSDT,1683907200010,0.00008432
ATOMUSDT,1683936000000,0.00004527
ATOMUSDT,1683964800000,-0.00002616
ATOMUSDT,1683993600026,-0.00023983
ATOMUSDT,1684022400029,-0.0001639
ATOMUSDT,1684051200010,-0.0000214
ATOMUSDT,1684080000008,-0.0000034
ATOMUSDT,1684108800006,-0.00016312
ATOMUSDT,1684137600005,-0.00008415
ATOMUSDT,1684166400008,-0.00008098
ATOMUSDT,1684195200021,-0.0001192
ATOMUSDT,1684224000000,-0.00020906
ATOMUSDT,1684252800000,-0.00009829
ATOMUSDT,1684281600010,0.00000549
ATOMUSDT,1684310400000,0.00005137
ATOMUSDT,1684339200001,-0.00001448
ATOMUSDT,1684368000000,-0.00000147
ATOMUSDT,1684396800026,0.0000561
ATOMUSDT,1684425600019,0.00007768
ATOMUSDT,1684454400000,-0.00001538
ATOMUSDT,1684483200002,-0.00014463
ATOMUSDT,1684512000000,-0.00009173
ATOMUSDT,1684540800005,-0.00015055
ATOMUSDT,1684569600014,0.00002351
ATOMUSDT,1684598400020,-0.00000262
ATOMUSDT,1684627200014,-0.00002377
ATOMUSDT,1684656000001,0.00002297
ATOMUSDT,1684684800015,0.0001
ATOMUSDT,1684713600028,0.00002552
ATOMUSDT,1684742400000,0.0001
ATOMUSDT,1684771200012,0.0001
ATOMUSDT,1684800000006,0.0001
ATOMUSDT,1684828800014,0.0001
ATOMUSDT,1684857600008,-0.00000856
ATOMUSDT,1684886400000,0.00004455
ATOMUSDT,1684915200025,-0.00005251
ATOMUSDT,1684944000008,0.00008658
ATOMUSDT,1684972800000,-0.0000325
ATOMUSDT,1685001600025,0.00004158
ATOMUSDT,1685030400016,-0.00000148
ATOMUSDT,1685059200000,0.0000174
ATOMUSDT,1685088000024,0.0001
ATOMUSDT,1685116800012,0.00009775
ATOMUSDT,1685145600012,0.0001
ATOMUSDT,1685174400018,0.00008275
ATOMUSDT,1685203200008,0.0001
ATOMUSDT,1685232000017,0.0001
ATOMUSDT,1685260800015,0.0001
ATOMUSDT,1685289600000,0.0001
ATOMUSDT,1685318400000,0.0001
ATOMUSDT,1685347200020,0.0001
ATOMUSDT,1685376000011,0.0001
ATOMUSDT,1685404800003,0.0001
ATOMUSDT,1685433600000,0.0001
ATOMUSDT,1685462400003,0.0001
ATOMUSDT,1685491200013,0.0001
ATOMUSDT,1685520000000,0.0001
ATOMUSDT,1685548800000,0.00008089
ATOMUSDT,1685577600008,0.00006682
ATOMUSDT,1685606400012,-0.0000467
ATOMUSDT,1685635200000,0.00000551
ATOMUSDT,1685664000000,-0.00001272
ATOMUSDT,1685692800006,0.0001
ATOMUSDT,1685721600012,0.0001
ATOMUSDT,1685750400000,0.00009122
ATOMUSDT,1685779200011,0.0001
ATOMUSDT,1685808000003,0.0001
ATOMUSDT,1685836800000,0.0001
ATOMUSDT,1685865600000,0.00002837
ATOMUSDT,1685894400000,0.0001
ATOMUSDT,1685923200005,0.0001
ATOMUSDT,1685952000000,0.0001
ATOMUSDT,1685980800000,0.0001
ATOMUSDT,1686009600000,-0.00015687
ATOMUSDT,1686038400009,-0.00020832
ATOMUSDT,1686067200013,-0.00000334
ATOMUSDT,1686096000000,0.00009169
ATOMUSDT,1686124800016,0.00007899
ATOMUSDT,1686153600000,0.00004688
ATOMUSDT,1686182400006,0.00007049
ATOMUSDT,1686211200000,-0.00001171
ATOMUSDT,1686240000000,0.00002602
ATOMUSDT,1686268800000,0.00006659
ATOMUSDT,1686297600000,0.0001
ATOMUSDT,1686326400000,0.0001
ATOMUSDT,1686355200000,0.00004121
ATOMUSDT,1686384000000,-0.00051812
ATOMUSDT,1686412800000,-0.00063077
ATOMUSDT,1686441600001,-0.00057562
ATOMUSDT,1686470400000,-0.00035455
ATOMUSDT,1686499200000,-0.00053256
ATOMUSDT,1686528000000,-0.0005859
ATOMUSDT,1686556800000,-0.00037889
ATOMUSDT,1686585600001,-0.0005163
ATOMUSDT,1686614400000,-0.0003605
ATOMUSDT,1686643200000,-0.00045298
ATOMUSDT,1686672000000,-0.00024495
ATOMUSDT,1686700800000,-0.00023761
ATOMUSDT,1686729600000,-0.00025781
ATOMUSDT,1686758400000,-0.00021523
ATOMUSDT,1686787200000,-0.00013743
ATOMUSDT,1686816000000,-0.00011677
ATOMUSDT,1686844800000,-0.00003006
ATOMUSDT,1686873600000,-0.00006677
ATOMUSDT,1686902400000,-0.0002272
ATOMUSDT,1686931200000,-0.00013607
ATOMUSDT,1686960000000,-0.00011973
ATOMUSDT,1686988800000,-0.00021441
ATOMUSDT,1687017600000,-0.00020653
ATOMUSDT,1687046400000,-0.00032875
ATOMUSDT,1687075200000,-0.00015286
ATOMUSDT,1687104000000,-0.00009981
ATOMUSDT,1687132800000,-0.00024032
ATOMUSDT,1687161600000,-0.0001767
ATOMUSDT,1687190400000,-0.00027045
ATOMUSDT,1687219200001,-0.00025573
ATOMUSDT,1687248000000,-0.00025322
ATOMUSDT,1687276800000,-0.00022299
ATOMUSDT,1687305600000,-0.00015119
ATOMUSDT,1687334400000,-0.00023534
ATOMUSDT,1687363200000,-0.0001466
ATOMUSDT,1687392000000,-0.000132
ATOMUSDT,1687420800001,-0.00020438
ATOMUSDT,1687449600000,-0.00013183
ATOMUSDT,1687478400000,-0.00011861
ATOMUSDT,1687507200000,0.000019
ATOMUSDT,1687536000000,-0.00005376
ATOMUSDT,1687564800000,-0.00018507
ATOMUSDT,1687593600000,-0.0001707
ATOMUSDT,1687622400000,-0.00017846
ATOMUSDT,1687651200000,-0.00015543
ATOMUSDT,1687680000000,-0.00004905
ATOMUSDT,1687708800000,-0.00010328
ATOMUSDT,1687737600000,-0.00017207
ATOMUSDT,1687766400000,-0.00016373
ATOMUSDT,1687795200000,-0.00009106
ATOMUSDT,1687824000000,-0.00012062
ATOMUSDT,1687852800000,-0.00006668
ATOMUSDT,1687881600000,0.0000355
ATOMUSDT,1687910400000,-0.0002986
ATOMUSDT,1687939200000,-0.00031365
ATOMUSDT,1687968000000,-0.0003241
ATOMUSDT,1687996800000,-0.00040526
ATOMUSDT,1688025600000,-0.00026222
ATOMUSDT,1688054400000,0.00000518
ATOMUSDT,1688083200000,-0.00019719
ATOMUSDT,1688112000000,-0.0000098
ATOMUSDT,1688140800001,-0.00022187
ATOMUSDT,1688169600000,-0.00003549
ATOMUSDT,1688198400000,0.00004515
ATOMUSDT,1688227200000,-0.00004308
ATOMUSDT,1688256000000,0.00007506
ATOMUSDT,1688284800000,0.0000376
ATOMUSDT,1688313600001,0.00005571
ATOMUSDT,1688342400000,-0.00000697
ATOMUSDT,1688371200000,0.00002457
ATOMUSDT,1688400000000,-0.00006561
ATOMUSDT,1688428800001,-0.00020534
ATOMUSDT,1688457600000,0.0001
ATOMUSDT,1688486400000,0.0000871
ATOMUSDT,1688515200000,0.00007607
ATOMUSDT,1688544000000,0.00004261
ATOMUSDT,1688572800000,0.0000045
ATOMUSDT,1688601600000,-0.00000037
ATOMUSDT,1688630400000,-0.00006724
ATOMUSDT,1688659200000,-0.00025272
ATOMUSDT,1688688000000,-0.00039643
ATOMUSDT,1688716800000,-0.00030296
ATOMUSDT,1688745600000,-0.00007301
ATOMUSDT,1688774400000,-0.00002938
ATOMUSDT,1688803200000,-0.00014414
ATOMUSDT,1688832000000,-0.00019492
ATOMUSDT,1688860800000,-0.00019306
ATOMUSDT,1688889600000,-0.00025702
ATOMUSDT,1688918400000,-0.00013609
ATOMUSDT,1688947200000,-0.00013775
ATOMUSDT,1688976000000,-0.00022575
ATOMUSDT,1689004800000,0.00006695
ATOMUSDT,1689033600000,-0.00004283
ATOMUSDT,1689062400000,-0.00006215
ATOMUSDT,1689091200000,0.00001874
ATOMUSDT,1689120000000,0.00007461
ATOMUSDT,1689148800000,-0.00004508
ATOMUSDT,1689177600000,-0.00010254
ATOMUSDT,1689206400000,-0.0000266
ATOMUSDT,1689235200000,-0.00002285
ATOMUSDT,1689264000000,-0.00017116
ATOMUSDT,1689292800000,0.0001
ATOMUSDT,1689321600000,0.0001
ATOMUSDT,1689350400000,0.0001
ATOMUSDT,1689379200000,0.0000961
ATOMUSDT,1689408000000,0.0001
ATOMUSDT,1689436800000,0.0001
ATOMUSDT,1689465600001,0.0001
ATOMUSDT,1689494400000,0.0001
ATOMUSDT,1689523200000,0.0001
ATOMUSDT,1689552000000,0.00009294
ATOMUSDT,1689580800000,0.0001
ATOMUSDT,1689609600000,0.0001
ATOMUSDT,1689638400000,0.0001
ATOMUSDT,1689667200000,0.0001
ATOMUSDT,1689696000000,0.00006803
ATOMUSDT,1689724800000,0.00006631
ATOMUSDT,1689753600000,0.0001
ATOMUSDT,1689782400001,0.0001
ATOMUSDT,1689811200000,0.00003573
ATOMUSDT,1689840000000,0.0001
ATOMUSDT,1689868800000,0.00005952
ATOMUSDT,1689897600001,0.00001826
ATOMUSDT,1689926400000,0.0001
ATOMUSDT,1689955200000,0.0001
ATOMUSDT,1689984000000,0.00008105
ATOMUSDT,1690012800000,0.0001
ATOMUSDT,1690041600000,-0.00003898
ATOMUSDT,1690070400000,0.00003145
ATOMUSDT,1690099200000,0.00004739
ATOMUSDT,1690128000000,0.000003
ATOMUSDT,1690156800000,-0.00006143
ATOMUSDT,1690185600000,-0.00015939
ATOMUSDT,1690214400000,-0.00008273
ATOMUSDT,1690243200000,-0.00000325
ATOMUSDT,1690272000000,0.00004945
ATOMUSDT,1690300800000,-0.00009267
ATOMUSDT,1690329600000,0.00003017
ATOMUSDT,1690358400001,0.00002023
ATOMUSDT,1690387200000,-0.00008468
ATOMUSDT,1690416000000,-0.0001208
ATOMUSDT,1690444800000,0.00002957
ATOMUSDT,1690473600001,0.00004145
ATOMUSDT,1690502400000,0.00003344
ATOMUSDT,1690531200000,-0.00007073
ATOMUSDT,1690560000000,-0.00005233
ATOMUSDT,1690588800000,0.00004055
ATOMUSDT,1690617600000,0.0001
ATOMUSDT,1690646400001,0.0001
ATOMUSDT,1690675200000,0.0001
ATOMUSDT,1690704000000,0.0001
ATOMUSDT,1690732800000,-0.00001731
ATOMUSDT,1690761600000,0.00004932
ATOMUSDT,1690790400000,0.0001
ATOMUSDT,1690819200001,0.0001
ATOMUSDT,1690848000000,-0.00011756
ATOMUSDT,1690876800000,-0.00007939
ATOMUSDT,1690905600000,0.00006679
ATOMUSDT,1690934400000,-0.00003397
ATOMUSDT,1690963200000,0.0001
ATOMUSDT,1690992000000,0.00003456
ATOMUSDT,1691020800000,0.00005053
ATOMUSDT,1691049600000,-0.00006298
ATOMUSDT,1691078400001,-0.00004275
ATOMUSDT,1691107200000,-0.00010386
ATOMUSDT,1691136000000,-0.00015688
ATOMUSDT,1691164800000,-0.0000438
ATOMUSDT,1691193600000,0.0000718
ATOMUSDT,1691222400000,0.00003783
ATOMUSDT,1691251200001,0.0000211
ATOMUSDT,1691280000000,-0.0000474
ATOMUSDT,1691308800001,0.00006721
ATOMUSDT,1691337600005,0.00008754
ATOMUSDT,1691366400000,-0.0001537
ATOMUSDT,1691395200000,0.00008527
ATOMUSDT,1691424000000,0.0001
ATOMUSDT,1691452800000,-0.00001807
ATOMUSDT,1691481600000,0.00000837
ATOMUSDT,1691510400000,0.0001
ATOMUSDT,1691539200000,0.00005156
ATOMUSDT,1691568000000,0.0001
ATOMUSDT,1691596800000,0.00008782
ATOMUSDT,1691625600001,0.0001
ATOMUSDT,1691654400000,0.00008553
ATOMUSDT,1691683200000,0.0001
ATOMUSDT,1691712000000,-0.00010216
ATOMUSDT,1691740800000,-0.00008707
ATOMUSDT,1691769600000,0.0000356
ATOMUSDT,1691798400000,-0.00000593
ATOMUSDT,1691827200000,0.00002242
ATOMUSDT,1691856000000,0.0001
ATOMUSDT,1691884800000,0.0001
ATOMUSDT,1691913600000,0.00006794
ATOMUSDT,1691942400000,0.00005194
ATOMUSDT,1691971200001,0.00001297
ATOMUSDT,1692000000000,0.0001
ATOMUSDT,1692028800000,0.00002135
ATOMUSDT,1692057600001,0.0001
ATOMUSDT,1692086400000,0.0001
ATOMUSDT,1692115200000,0.0001
ATOMUSDT,1692144000000,-0.00032112
ATOMUSDT,1692172800001,-0.00020684
ATOMUSDT,1692201600000,-0.00010633
ATOMUSDT,1692230400000,-0.00008432
ATOMUSDT,1692259200000,-0.00001918
ATOMUSDT,1692288000000,-0.00117716
ATOMUSDT,1692316800000,-0.00065748
ATOMUSDT,1692345600000,-0.00032936
ATOMUSDT,1692374400000,-0.00003717
ATOMUSDT,1692403200000,-0.00020263
ATOMUSDT,1692432000000,0.00000131
ATOMUSDT,1692460800000,-0.00000868
ATOMUSDT,1692489600000,-0.00006024
ATOMUSDT,1692518400000,0.0001
ATOMUSDT,1692547200000,0.0000753
ATOMUSDT,1692576000000,0.00003685
ATOMUSDT,1692604800000,-0.00003053
ATOMUSDT,1692633600000,-0.00004333
ATOMUSDT,1692662400000,0.00003151
ATOMUSDT,1692691200000,0.0001
ATOMUSDT,1692720000000,-0.00019945
ATOMUSDT,1692748800000,-0.00027533
ATOMUSDT,1692777600000,-0.00013658
ATOMUSDT,1692806400000,-0.00009708
ATOMUSDT,1692835200000,-0.00007628
ATOMUSDT,1692864000000,-0.000116
ATOMUSDT,1692892800000,-0.00024367
ATOMUSDT,1692921600000,-0.00029772
ATOMUSDT,1692950400000,-0.00012732
ATOMUSDT,1692979200000,-0.00016313
ATOMUSDT,1693008000000,-0.00005376
ATOMUSDT,1693036800000,-0.00007557
ATOMUSDT,1693065600000,-0.00007434
ATOMUSDT,1693094400000,-0.00019738
ATOMUSDT,1693123200000,-0.00029118
ATOMUSDT,1693152000000,-0.00025267
ATOMUSDT,1693180800000,-0.00011089
ATOMUSDT,1693209600001,-0.00010343
ATOMUSDT,1693238400001,0.00008611
ATOMUSDT,1693267200000,0.00004148
ATOMUSDT,1693296000000,-0.00011191
ATOMUSDT,1693324800000,-0.00014516
ATOMUSDT,1693353600000,-0.0000316
ATOMUSDT,1693382400000,0.00005973
ATOMUSDT,1693411200000,0.0001
ATOMUSDT,1693440000000,-0.00000183
ATOMUSDT,1693468800000,0.00005558
ATOMUSDT,1693497600000,-0.00003551
ATOMUSDT,1693526400000,-0.00026265
ATOMUSDT,1693555200000,-0.00021312
ATOMUSDT,1693584000001,-0.00005289
ATOMUSDT,1693612800000,-0.00011406
ATOMUSDT,1693641600000,-0.00012718
ATOMUSDT,1693670400000,-0.00012754
ATOMUSDT,1693699200000,0.0000205
ATOMUSDT,1693728000000,-0.00003723
ATOMUSDT,1693756800000,0.00000437
ATOMUSDT,1693785600000,0.00006014
ATOMUSDT,1693814400000,-0.00003218
ATOMUSDT,1693843200000,-0.00001964
ATOMUSDT,1693872000000,-0.00005207
ATOMUSDT,1693900800000,-0.00000243
ATOMUSDT,1693929600000,0.00000463
ATOMUSDT,1693958400000,0.00001951
ATOMUSDT,1693987200000,-0.00003164
ATOMUSDT,1694016000001,0.00001157
ATOMUSDT,1694044800000,0.00009195
ATOMUSDT,1694073600000,-0.00000414
ATOMUSDT,1694102400000,0.00003299
ATOMUSDT,1694131200000,0.00003338
ATOMUSDT,1694160000000,-0.00012405
ATOMUSDT,1694188800000,-0.00004389
ATOMUSDT,1694217600000,-0.0000823
ATOMUSDT,1694246400000,-0.00001492
ATOMUSDT,1694275200000,-0.00000595
ATOMUSDT,1694304000000,-0.0000638
ATOMUSDT,1694332800000,-0.00015385
ATOMUSDT,1694361600000,-0.00003015
ATOMUSDT,1694390400000,-0.00006642
ATOMUSDT,1694419200000,0.0000548
ATOMUSDT,1694448000001,0.00005403
ATOMUSDT,1694476800000,-0.00004802
ATOMUSDT,1694505600000,0.00007461
ATOMUSDT,1694534400000,-0.00019365
ATOMUSDT,1694563200000,-0.0001569
ATOMUSDT,1694592000000,-0.00017996
ATOMUSDT,1694620800000,-0.00004636
ATOMUSDT,1694649600000,-0.00006418
ATOMUSDT,1694678400001,-0.00018065
ATOMUSDT,1694707200000,-0.00014917
ATOMUSDT,1694736000000,-0.00035717
ATOMUSDT,1694764800000,0.00000715
ATOMUSDT,1694793600000,0.00002551
ATOMUSDT,1694822400000,0.00006088
ATOMUSDT,1694851200000,-0.00008686
ATOMUSDT,1694880000000,-0.00015169
ATOMUSDT,1694908800000,-0.00012491
ATOMUSDT,1694937600000,-0.00024477
ATOMUSDT,1694966400000,-0.00032355
ATOMUSDT,1694995200000,-0.00018023
ATOMUSDT,1695024000000,-0.00001829
ATOMUSDT,1695052800000,-0.00002085
ATOMUSDT,1695081600000,-0.00000815
ATOMUSDT,1695110400001,-0.00007128
ATOMUSDT,1695139200000,-0.00013893
ATOMUSDT,1695168000000,-0.00034652
ATOMUSDT,1695196800000,-0.00010824
ATOMUSDT,1695225600000,0.00002272
ATOMUSDT,1695254400001,-0.00000585
ATOMUSDT,1695283200000,-0.0001374
ATOMUSDT,1695312000000,-0.00041951
ATOMUSDT,1695340800000,-0.00007947
ATOMUSDT,1695369600000,-0.00003862
ATOMUSDT,1695398400000,-0.00016374
ATOMUSDT,1695427200000,0.00007939
ATOMUSDT,1695456000000,-0.00003616
ATOMUSDT,1695484800000,0.00000274
ATOMUSDT,1695513600000,-0.00003611
ATOMUSDT,1695542400000,0.00000302
ATOMUSDT,1695571200000,-0.00008061
ATOMUSDT,1695600000000,-0.00006214
ATOMUSDT,1695628800000,0.00005358
ATOMUSDT,1695657600000,0.0001
ATOMUSDT,1695686400000,0.00004732
ATOMUSDT,1695715200000,-0.00004276
ATOMUSDT,1695744000000,-0.00002596
ATOMUSDT,1695772800000,0.00001401
ATOMUSDT,1695801600001,-0.00000304
ATOMUSDT,1695830400000,-0.00007008
ATOMUSDT,1695859200000,-0.00018751
ATOMUSDT,1695888000000,-0.00003769
ATOMUSDT,1695916800000,-0.00002671
ATOMUSDT,1695945600000,-0.00012673
ATOMUSDT,1695974400000,-0.00009232
ATOMUSDT,1696003200000,-0.00007286
ATOMUSDT,1696032000000,0.00003095
ATOMUSDT,1696060800000,0.00005973
ATOMUSDT,1696089600000,0.00009546
ATOMUSDT,1696118400000,0.00003655
ATOMUSDT,1696147200000,0.00005142
ATOMUSDT,1696176000000,0.00001697
ATOMUSDT,1696204800000,0.00006136
ATOMUSDT,1696233600000,-0.00001405
ATOMUSDT,1696262400000,0.00009071
ATOMUSDT,1696291200000,0.00005108
ATOMUSDT,1696320000000,-0.00003111
ATOMUSDT,1696348800000,-0.00003248
ATOMUSDT,1696377600000,0.00008136
ATOMUSDT,1696406400000,-0.00000428
ATOMUSDT,1696435200000,-0.00019302
ATOMUSDT,1696464000000,-0.00021772
ATOMUSDT,1696492800000,-0.0001969
ATOMUSDT,1696521600001,-0.00018928
ATOMUSDT,1696550400000,-0.00016439
ATOMUSDT,1696579200000,-0.00018928
ATOMUSDT,1696608000000,-0.00017305
ATOMUSDT,1696636800000,-0.00018289
ATOMUSDT,1696665600000,-0.00012218
ATOMUSDT,1696694400000,-0.00021686
ATOMUSDT,1696723200000,-0.00015284
ATOMUSDT,1696752000001,-0.00019046
ATOMUSDT,1696780800000,-0.00015717
ATOMUSDT,1696809600000,-0.00025472
ATOMUSDT,1696838400000,-0.00009102
ATOMUSDT,1696867200000,-0.00031141
ATOMUSDT,1696896000000,-0.00054138
ATOMUSDT,1696924800000,-0.00023921
ATOMUSDT,1696953600000,-0.00005444
ATOMUSDT,1696982400000,-0.00029603
ATOMUSDT,1697011200000,-0.00038215
ATOMUSDT,1697040000000,-0.00043362
ATOMUSDT,1697068800000,-0.00014016
ATOMUSDT,1697097600000,-0.00020467
ATOMUSDT,1697126400000,0.00001268
ATOMUSDT,1697155200000,-0.00018899
ATOMUSDT,1697184000000,-0.00014971
ATOMUSDT,1697212800000,-0.00008487
ATOMUSDT,1697241600000,-0.00007935
ATOMUSDT,1697270400000,-0.00002738
ATOMUSDT,1697299200000,-0.00008158
ATOMUSDT,1697328000000,-0.00002572
ATOMUSDT,1697356800000,0.0001
ATOMUSDT,1697385600000,0.00004972
ATOMUSDT,1697414400000,-0.00000197
ATOMUSDT,1697443200000,-0.00005838
ATOMUSDT,1697472000000,-0.00018785
ATOMUSDT,1697500800000,-0.00020277
ATOMUSDT,1697529600000,-0.00014349
ATOMUSDT,1697558400000,-0.00003505
ATOMUSDT,1697587200000,-0.00006616
ATOMUSDT,1697616000000,0.0000614
ATOMUSDT,1697644800000,0.00004011
ATOMUSDT,1697673600000,0.00005632
ATOMUSDT,1697702400001,0.00003478
ATOMUSDT,1697731200000,0.00001536
ATOMUSDT,1697760000000,0.00006467
ATOMUSDT,1697788800005,0.0000197
ATOMUSDT,1697817600000,-0.00001626
ATOMUSDT,1697846400000,0.00005506
ATOMUSDT,1697875200000,0.0001
ATOMUSDT,1697904000000,0.00005434
ATOMUSDT,1697932800000,0.0000261
ATOMUSDT,1697961600000,0.00003217
ATOMUSDT,1697990400000,0.00000149
ATOMUSDT,1698019200000,0.00006608
ATOMUSDT,1698048000001,-0.00000162
ATOMUSDT,1698076800001,0.00001162
ATOMUSDT,1698105600000,0.0000803
ATOMUSDT,1698134400000,0.0001
ATOMUSDT,1698163200000,0.0001
ATOMUSDT,1698192000000,0.0001
ATOMUSDT,1698220800000,0.0001
ATOMUSDT,1698249600001,0.0001
ATOMUSDT,1698278400001,0.00006683
ATOMUSDT,1698307200000,0.0001
ATOMUSDT,1698336000000,0.0001
ATOMUSDT,1698364800000,0.0001
ATOMUSDT,1698393600000,0.0001
ATOMUSDT,1698422400000,0.0001
ATOMUSDT,1698451200000,0.0001
ATOMUSDT,1698480000001,0.0001
ATOMUSDT,1698508800000,0.0001
ATOMUSDT,1698537600000,0.0001
ATOMUSDT,1698566400000,0.0001
ATOMUSDT,1698595200000,0.0001
ATOMUSDT,1698624000000,0.0001
ATOMUSDT,1698652800000,0.0001
ATOMUSDT,1698681600000,-0.00009286
ATOMUSDT,1698710400001,-0.0004917
ATOMUSDT,1698739200000,0.0001
ATOMUSDT,1698768000000,-0.00029737
ATOMUSDT,1698796800000,0.0000062
ATOMUSDT,1698825600000,0.0001
ATOMUSDT,1698854400000,0.0001
ATOMUSDT,1698883200001,0.0001
ATOMUSDT,1698912000000,0.0001
ATOMUSDT,1698940800000,0.0001
ATOMUSDT,1698969600000,0.0001
ATOMUSDT,1698998400000,0.0001
ATOMUSDT,1699027200000,0.0001
ATOMUSDT,1699056000000,0.0001
ATOMUSDT,1699084800000,0.0001
ATOMUSDT,1699113600000,0.0001
ATOMUSDT,1699142400000,0.0001
ATOMUSDT,1699171200000,0.0001
ATOMUSDT,1699200000000,0.0001
ATOMUSDT,1699228800000,0.0001
ATOMUSDT,1699257600001,0.0001
ATOMUSDT,1699286400000,0.0001
ATOMUSDT,1699315200001,0.0001
ATOMUSDT,1699344000000,0.0001
ATOMUSDT,1699372800000,0.0001
ATOMUSDT,1699401600000,0.0001
ATOMUSDT,1699430400000,0.0001
ATOMUSDT,1699459200000,0.0001
ATOMUSDT,1699488000000,0.0001
ATOMUSDT,1699516800000,0.0001
ATOMUSDT,1699545600000,0.0001
ATOMUSDT,1699574400000,-0.000316
ATOMUSDT,1699603200000,0.00008702
ATOMUSDT,1699632000000,0.0001
ATOMUSDT,1699660800000,0.0001
ATOMUSDT,1699689600000,0.0001
ATOMUSDT,1699718400000,0.00004703
ATOMUSDT,1699747200000,0.0001
ATOMUSDT,1699776000000,0.0001
ATOMUSDT,1699804800001,0.0001
ATOMUSDT,1699833600000,0.0001
ATOMUSDT,1699862400000,0.00004911
ATOMUSDT,1699891200000,0.0001
ATOMUSDT,1699920000000,0.0001
ATOMUSDT,1699948800000,0.0001
ATOMUSDT,1699977600001,0.00006313
ATOMUSDT,1700006400000,0.0001
ATOMUSDT,1700035200000,0.0001
ATOMUSDT,1700064000000,0.0001
ATOMUSDT,1700092800000,0.0001
ATOMUSDT,1700121600000,0.0001
ATOMUSDT,1700150400001,0.0001
ATOMUSDT,1700179200000,0.0001
ATOMUSDT,1700208000001,0.0001
ATOMUSDT,1700236800001,0.0001
ATOMUSDT,1700265600000,0.00007263
ATOMUSDT,1700294400000,0.0001
ATOMUSDT,1700323200000,0.0001
ATOMUSDT,1700352000000,0.0001
ATOMUSDT,1700380800000,0.0001
ATOMUSDT,1700409600000,0.0001
ATOMUSDT,1700438400000,0.0001
ATOMUSDT,1700467200000,0.0001
ATOMUSDT,1700496000000,0.0001
ATOMUSDT,1700524800000,0.0001
ATOMUSDT,1700553600000,-0.0001796
ATOMUSDT,1700582400000,0.0001
ATOMUSDT,1700611200000,0.00008081
ATOMUSDT,1700640000000,-0.0002959
ATOMUSDT,1700668800000,0.0001
ATOMUSDT,1700697600000,-0.00001513
ATOMUSDT,1700726400000,0.00003016
ATOMUSDT,1700755200001,0.00009855
ATOMUSDT,1700784000000,0.0000956
ATOMUSDT,1700812800000,-0.00011408
ATOMUSDT,1700841600000,0.0001
ATOMUSDT,1700870400000,0.0001
ATOMUSDT,1700899200000,0.0001
ATOMUSDT,1700928000000,0.0001
ATOMUSDT,1700956800000,0.0001
ATOMUSDT,1700985600000,0.0001
ATOMUSDT,1701014400000,0.0001
ATOMUSDT,1701043200000,0.0001
ATOMUSDT,1701072000001,0.0001
ATOMUSDT,1701100800000,0.0001
ATOMUSDT,1701129600000,0.0001
ATOMUSDT,1701158400000,0.0001
ATOMUSDT,1701187200000,0.0001
ATOMUSDT,1701216000001,0.0001
ATOMUSDT,1701244800000,0.0001
ATOMUSDT,1701273600000,0.0001
ATOMUSDT,1701302400000,-0.00002315
ATOMUSDT,1701331200000,0.00005268
ATOMUSDT,1701360000000,0.0001
ATOMUSDT,1701388800000,0.0001
ATOMUSDT,1701417600000,0.0001
ATOMUSDT,1701446400000,-0.00002687
ATOMUSDT,1701475200000,-0.00007095
ATOMUSDT,1701504000000,0.00007881
ATOMUSDT,1701532800000,0.00005237
ATOMUSDT,1701561600000,0.0001
ATOMUSDT,1701590400000,-0.00020381
ATOMUSDT,1701619200000,-0.00004642
ATOMUSDT,1701648000000,0.0001
ATOMUSDT,1701676800000,0.00014844
ATOMUSDT,1701705600000,0.0001
ATOMUSDT,1701734400000,0.0001
ATOMUSDT,1701763200000,0.0001
ATOMUSDT,1701792000000,0.0001
ATOMUSDT,1701820800000,0.0001
ATOMUSDT,1701849600000,0.0001
ATOMUSDT,1701878400000,0.0001
ATOMUSDT,1701907200000,0.0001
ATOMUSDT,1701936000000,0.0001
ATOMUSDT,1701964800000,0.0001
ATOMUSDT,1701993600000,0.00023529
ATOMUSDT,1702022400000,0.0002058
ATOMUSDT,1702051200000,0.0001
ATOMUSDT,1702080000000,0.00026101
ATOMUSDT,1702108800000,0.0001
ATOMUSDT,1702137600000,0.00014252
ATOMUSDT,1702166400000,0.0001
ATOMUSDT,1702195200000,0.0001
ATOMUSDT,1702224000000,0.0001
ATOMUSDT,1702252800000,0.0001
ATOMUSDT,1702281600000,0.0001
ATOMUSDT,1702310400000,0.0001
ATOMUSDT,1702339200000,0.0001
ATOMUSDT,1702368000000,0.0001
ATOMUSDT,1702396800000,-0.00025272
ATOMUSDT,1702425600000,0.0001
ATOMUSDT,1702454400000,0.0001
ATOMUSDT,1702483200001,0.0001
ATOMUSDT,1702512000000,0.0000262
ATOMUSDT,1702540800000,0.0001
ATOMUSDT,1702569600000,0.0001
ATOMUSDT,1702598400000,0.0001
ATOMUSDT,1702627200000,0.0001
ATOMUSDT,1702656000000,0.0001
ATOMUSDT,1702684800000,0.0001
ATOMUSDT,1702713600000,0.0001
ATOMUSDT,1702742400001,0.0001
ATOMUSDT,1702771200000,0.0001
ATOMUSDT,1702800000000,0.0001
ATOMUSDT,1702828800000,0.0001
ATOMUSDT,1702857600000,0.0001
ATOMUSDT,1702886400001,0.0001
ATOMUSDT,1702915200000,0.0001
ATOMUSDT,1702944000000,0.0001
ATOMUSDT,1702972800000,0.0001
ATOMUSDT,1703001600000,0.0001
ATOMUSDT,1703030400000,0.0001
ATOMUSDT,1703059200000,0.0001
ATOMUSDT,1703088000000,0.0001
ATOMUSDT,1703116800000,0.0001
ATOMUSDT,1703145600000,0.00026917
ATOMUSDT,1703174400000,0.00010437
ATOMUSDT,1703203200000,0.00021187
ATOMUSDT,1703232000000,0.00025577
ATOMUSDT,1703260800000,0.00045473
ATOMUSDT,1703289600000,0.00037779
ATOMUSDT,1703318400001,0.00037278
ATOMUSDT,1703347200000,0.00026687
ATOMUSDT,1703376000000,0.00034492
ATOMUSDT,1703404800000,0.00022986
ATOMUSDT,1703433600000,0.00018642
ATOMUSDT,1703462400000,0.0001
ATOMUSDT,1703491200000,0.00031462
ATOMUSDT,1703520000000,0.00039846
ATOMUSDT,1703548800000,0.00055331
ATOMUSDT,1703577600000,0.0002238
ATOMUSDT,1703606400000,0.00037853
ATOMUSDT,1703635200000,0.00019928
ATOMUSDT,1703664000000,0.00033318
ATOMUSDT,1703692800000,0.00047539
ATOMUSDT,1703721600000,0.00040032
ATOMUSDT,1703750400000,0.00080639
ATOMUSDT,1703779200000,0.0005883
ATOMUSDT,1703808000001,0.0004221
ATOMUSDT,1703836800000,0.00059795
ATOMUSDT,1703865600000,0.00051046
ATOMUSDT,1703894400001,0.00036759
ATOMUSDT,1703923200000,0.00042333
ATOMUSDT,1703952000000,0.00035526
ATOMUSDT,1703980800000,0.00029824
ATOMUSDT,1704009600001,0.00047926
ATOMUSDT,1704038400000,0.00039431
ATOMUSDT,1704067200000,0.00039194
ATOMUSDT,1704096000000,0.00034373
ATOMUSDT,1704124800000,0.0003887
ATOMUSDT,1704153600000,0.00053204
ATOMUSDT,1704182400000,0.0004471
ATOMUSDT,1704211200000,0.00044069
ATOMUSDT,1704240000000,0.00025758
ATOMUSDT,1704268800000,0.00033617
ATOMUSDT,1704297600000,0.0001
ATOMUSDT,1704326400000,0.000055
ATOMUSDT,1704355200000,0.0001
ATOMUSDT,1704384000000,0.0001
ATOMUSDT,1704412800001,0.0001
ATOMUSDT,1704441600000,0.0001
ATOMUSDT,1704470400000,0.00003393
ATOMUSDT,1704499200000,-0.00000663
ATOMUSDT,1704528000000,-0.00001624
ATOMUSDT,1704556800000,0.0001
ATOMUSDT,1704585600000,0.0001
ATOMUSDT,1704614400001,0.0001
ATOMUSDT,1704643200001,0.0001
ATOMUSDT,1704672000000,0.0001
ATOMUSDT,1704700800000,0.00009535
ATOMUSDT,1704729600000,-0.00004655
ATOMUSDT,1704758400001,0.0001
ATOMUSDT,1704787200000,0.0001
ATOMUSDT,1704816000000,0.0001
ATOMUSDT,1704844800000,0.0001
ATOMUSDT,1704873600000,0.0001
ATOMUSDT,1704902400000,0.0001
ATOMUSDT,1704931200000,0.0001
ATOMUSDT,1704960000000,0.0001
ATOMUSDT,1704988800000,0.0001
ATOMUSDT,1705017600001,0.0001
ATOMUSDT,1705046400000,0.0001
ATOMUSDT,1705075200000,0.0001
ATOMUSDT,1705104000000,0.0001
ATOMUSDT,1705132800000,0.0001
ATOMUSDT,1705161600001,0.0001
ATOMUSDT,1705190400000,0.0001
ATOMUSDT,1705219200000,0.0001
ATOMUSDT,1705248000001,0.0001
ATOMUSDT,1705276800000,0.0001
ATOMUSDT,1705305600000,0.0001
ATOMUSDT,1705334400000,-0.00005423
ATOMUSDT,1705363200000,0.0001
ATOMUSDT,1705392000000,0.0001
ATOMUSDT,1705420800001,0.0001
ATOMUSDT,1705449600000,0.0001
ATOMUSDT,1705478400000,0.0001
ATOMUSDT,1705507200000,0.0001
ATOMUSDT,1705536000001,0.0001
ATOMUSDT,1705564800000,0.0001
ATOMUSDT,1705593600000,0.0001
ATOMUSDT,1705622400000,0.0001
ATOMUSDT,1705651200000,0.0001
ATOMUSDT,1705680000002,0.0001
ATOMUSDT,1705708800000,0.0001
ATOMUSDT,1705737600003,0.0001
ATOMUSDT,1705766400000,0.0001
ATOMUSDT,1705795200000,0.0001
ATOMUSDT,1705824000000,0.0001
ATOMUSDT,1705852800000,0.0001
ATOMUSDT,1705881600000,0.0001
ATOMUSDT,1705910400000,0.0001
ATOMUSDT,1705939200000,0.0001
ATOMUSDT,1705968000000,0.00005611
ATOMUSDT,1705996800000,0.0001
ATOMUSDT,1706025600000,-0.0001278
ATOMUSDT,1706054400000,-0.00004189
ATOMUSDT,1706083200000,0.0001
ATOMUSDT,1706112000000,-0.00004735
ATOMUSDT,1706140800000,0.0001
ATOMUSDT,1706169600001,0.0001
ATOMUSDT,1706198400000,0.0001
ATOMUSDT,1706227200001,0.0001
ATOMUSDT,1706256000000,0.0000472
ATOMUSDT,1706284800000,-0.00018412
ATOMUSDT,1706313600000,0.0000582
ATOMUSDT,1706342400000,0.00008785
ATOMUSDT,1706371200000,0.00005728
ATOMUSDT,1706400000000,0.00005966
ATOMUSDT,1706428800000,0.0001
ATOMUSDT,1706457600000,0.00006839
ATOMUSDT,1706486400000,0.0001
ATOMUSDT,1706515200001,0.0001
ATOMUSDT,1706544000000,0.0001
ATOMUSDT,1706572800000,0.00007524
ATOMUSDT,1706601600000,0.0000892
ATOMUSDT,1706630400001,0.00008499
ATOMUSDT,1706659200000,0.0001
ATOMUSDT,1706688000000,0.0001
ATOMUSDT,1706716800000,0.0001
ATOMUSDT,1706745600000,0.00002044
ATOMUSDT,1706774400000,0.0001
ATOMUSDT,1706803200002,-0.00000558
ATOMUSDT,1706832000000,0.00008524
ATOMUSDT,1706860800000,0.0000982
ATOMUSDT,1706889600000,-0.00001007
ATOMUSDT,1706918400000,0.0001
ATOMUSDT,1706947200000,0.00005611
ATOMUSDT,1706976000001,0.00003985
ATOMUSDT,1707004800000,0.00004174
ATOMUSDT,1707033600004,-0.00001262
ATOMUSDT,1707062400000,0.00001015
ATOMUSDT,1707091200000,-0.00002805
ATOMUSDT,1707120000000,0.00008038
ATOMUSDT,1707148800000,0.00005414
ATOMUSDT,1707177600000,-0.00006512
ATOMUSDT,1707206400001,0.00009576
ATOMUSDT,1707235200000,0.0001
ATOMUSDT,1707264000000,0.0001
ATOMUSDT,1707292800000,0.0001
ATOMUSDT,1707321600000,-0.00001064
ATOMUSDT,1707350400000,-0.00008349
ATOMUSDT,1707379200000,0.00007111
ATOMUSDT,1707408000000,0.0001
ATOMUSDT,1707436800000,-0.00005236
ATOMUSDT,1707465600000,0.00006614
ATOMUSDT,1707494400001,0.00007868
ATOMUSDT,1707523200001,0.0001
ATOMUSDT,1707552000000,0.0001
ATOMUSDT,1707580800000,0.0001
ATOMUSDT,1707609600000,0.0001
ATOMUSDT,1707638400001,0.00007113
ATOMUSDT,1707667200000,0.0001
ATOMUSDT,1707696000000,0.0001
ATOMUSDT,1707724800000,0.0001
ATOMUSDT,1707753600000,0.0001
ATOMUSDT,1707782400000,0.0001
ATOMUSDT,1707811200000,0.0001
ATOMUSDT,1707840000000,0.0001
ATOMUSDT,1707868800000,0.0001
ATOMUSDT,1707897600000,0.0001
ATOMUSDT,1707926400000,0.0001
ATOMUSDT,1707955200000,0.0001
ATOMUSDT,1707984000000,0.00013655
ATOMUSDT,1708012800000,0.00014885
ATOMUSDT,1708041600000,0.00028773
ATOMUSDT,1708070400000,0.00022308
ATOMUSDT,1708099200000,0.0001
ATOMUSDT,1708128000000,0.0001
ATOMUSDT,1708156800000,0.00011468
ATOMUSDT,1708185600000,0.0001
ATOMUSDT,1708214400000,0.0001
ATOMUSDT,1708243200000,0.00020919
ATOMUSDT,1708272000000,0.0001584
ATOMUSDT,1708300800000,0.00012511
ATOMUSDT,1708329600000,0.00036461
ATOMUSDT,1708358400000,0.00021
ATOMUSDT,1708387200000,0.00044876
ATOMUSDT,1708416000000,0.00039402
ATOMUSDT,1708444800000,0.00019544
ATOMUSDT,1708473600000,0.00012538
ATOMUSDT,1708502400000,0.0001
ATOMUSDT,1708531200000,0.0001
ATOMUSDT,1708560000001,0.0001
ATOMUSDT,1708588800001,0.00017456
ATOMUSDT,1708617600000,0.00015759
ATOMUSDT,1708646400000,0.0001
ATOMUSDT,1708675200000,0.0001
ATOMUSDT,1708704000000,0.00012581
ATOMUSDT,1708732800000,0.0001
ATOMUSDT,1708761600001,0.00020118
ATOMUSDT,1708790400000,0.00024956
ATOMUSDT,1708819200001,0.00010578
ATOMUSDT,1708848000000,0.00028923
ATOMUSDT,1708876800000,0.00021472
ATOMUSDT,1708905600000,0.0003482
ATOMUSDT,1708934400000,0.0002881
ATOMUSDT,1708963200000,0.00028298
ATOMUSDT,1708992000000,0.00021282
ATOMUSDT,1709020800000,0.00035343
ATOMUSDT,1709049600000,0.00032291
ATOMUSDT,1709078400000,0.0001
ATOMUSDT,1709107200000,0.00017057
ATOMUSDT,1709136000000,0.00047213
ATOMUSDT,1709164800000,0.00016684
ATOMUSDT,1709193600000,0.0006068
ATOMUSDT,1709222400000,0.00064645
ATOMUSDT,1709251200000,0.00052614
ATOMUSDT,1709280000000,0.00063231
ATOMUSDT,1709308800000,0.00055075
ATOMUSDT,1709337600000,0.00075561
ATOMUSDT,1709366400001,0.00103751
ATOMUSDT,1709395200000,0.0007672
ATOMUSDT,1709424000000,0.00084872
ATOMUSDT,1709452800000,0.00059092
ATOMUSDT,1709481600000,0.00049814
ATOMUSDT,1709510400000,0.00051539
ATOMUSDT,1709539200000,0.00063362
ATOMUSDT,1709568000000,0.00047553
ATOMUSDT,1709596800000,0.00048543
ATOMUSDT,1709625600000,0.00105136
ATOMUSDT,1709654400000,0.00078676
ATOMUSDT,1709683200000,0.0001
ATOMUSDT,1709712000001,0.00014214
ATOMUSDT,1709740800000,0.00027121
ATOMUSDT,1709769600000,0.00021258
ATOMUSDT,1709798400000,0.00039157
ATOMUSDT,1709827200000,0.00037438
ATOMUSDT,1709856000000,0.00040572
ATOMUSDT,1709884800000,0.00067245
ATOMUSDT,1709913600000,0.00054922
ATOMUSDT,1709942400000,0.00034867
ATOMUSDT,1709971200001,0.00051681
ATOMUSDT,1710000000000,0.00063073
ATOMUSDT,1710028800000,0.00066162
ATOMUSDT,1710057600000,0.00073867
ATOMUSDT,1710086400000,0.00045349
ATOMUSDT,1710115200000,0.00038744
ATOMUSDT,1710144000000,0.00051725
ATOMUSDT,1710172800000,0.00065701
ATOMUSDT,1710201600000,0.00071399
ATOMUSDT,1710230400000,0.00062752
ATOMUSDT,1710259200000,0.0004619
ATOMUSDT,1710288000000,0.00055052
ATOMUSDT,1710316800001,0.0006379
ATOMUSDT,1710345600000,0.00060439
ATOMUSDT,1710374400001,0.00041721
ATOMUSDT,1710403200000,0.00061996
ATOMUSDT,1710432000000,0.00050728
ATOMUSDT,1710460800000,0.0005352
ATOMUSDT,1710489600000,0.00022682
ATOMUSDT,1710518400000,0.00019777
ATOMUSDT,1710547200000,0.00016559
ATOMUSDT,1710576000000,0.00034457
ATOMUSDT,1710604800000,0.00015213
ATOMUSDT,1710633600000,0.0001
ATOMUSDT,1710662400000,0.00010887
ATOMUSDT,1710691200000,0.0001
ATOMUSDT,1710720000000,0.0001
ATOMUSDT,1710748800000,0.00021775
ATOMUSDT,1710777600001,0.00029936
ATOMUSDT,1710806400000,0.00029244
ATOMUSDT,1710835200000,0.00011346
ATOMUSDT,1710864000001,0.0001
ATOMUSDT,1710892800000,0.00012705
ATOMUSDT,1710921600004,0.0001061
ATOMUSDT,1710950400000,0.00010263
ATOMUSDT,1710979200000,0.0001
ATOMUSDT,1711008000000,0.00014963
ATOMUSDT,1711036800000,0.0001
ATOMUSDT,1711065600000,0.0002975
ATOMUSDT,1711094400000,0.00013458
ATOMUSDT,1711123200000,0.00012327
ATOMUSDT,1711152000000,0.00016594
ATOMUSDT,1711180800000,0.00020096
ATOMUSDT,1711209600000,0.00013492
ATOMUSDT,1711238400000,0.0001
ATOMUSDT,1711267200000,0.00013885
ATOMUSDT,1711296000000,0.00012713
ATOMUSDT,1711324800000,0.0001
ATOMUSDT,1711353600001,0.0001
ATOMUSDT,1711382400000,0.0001
ATOMUSDT,1711411200000,0.0001
ATOMUSDT,1711440000000,0.00022261
ATOMUSDT,1711468800000,0.00024117
ATOMUSDT,1711497600000,0.00028255
ATOMUSDT,1711526400001,0.00032562
ATOMUSDT,1711555200000,0.00033492
ATOMUSDT,1711584000000,0.00029542
ATOMUSDT,1711612800000,0.00032608
ATOMUSDT,1711641600000,0.00028031
ATOMUSDT,1711670400000,0.00040232
ATOMUSDT,1711699200000,0.00036545
ATOMUSDT,1711728000000,0.00043327
ATOMUSDT,1711756800000,0.00057079
ATOMUSDT,1711785600000,0.00043233
ATOMUSDT,1711814400000,0.00046027
ATOMUSDT,1711843200000,0.0003831
ATOMUSDT,1711872000000,0.00045781
ATOMUSDT,1711900800001,0.00034094
ATOMUSDT,1711929600000,0.00062973
ATOMUSDT,1711958400000,0.00047496
ATOMUSDT,1711987200000,0.00029303
ATOMUSDT,1712016000007,0.00016326
ATOMUSDT,1712044800015,0.0001
ATOMUSDT,1712073600000,0.00010773
ATOMUSDT,1712102400000,0.00016624
ATOMUSDT,1712131200000,0.00010985
ATOMUSDT,1712160000000,0.0001
ATOMUSDT,1712188800000,0.00010969
ATOMUSDT,1712217600000,0.0001737
ATOMUSDT,1712246400000,0.000196
ATOMUSDT,1712275200000,0.00012465
ATOMUSDT,1712304000000,0.0001104
ATOMUSDT,1712332800000,0.00015048
ATOMUSDT,1712361600000,0.00024724
ATOMUSDT,1712390400000,0.00016634
ATOMUSDT,1712419200000,0.00024456
ATOMUSDT,1712448000000,0.00010953
ATOMUSDT,1712476800000,0.0001
ATOMUSDT,1712505600000,0.00013763
ATOMUSDT,1712534400001,0.00027913
ATOMUSDT,1712563200000,0.00020297
ATOMUSDT,1712592000006,0.00024813
ATOMUSDT,1712620800000,0.00030632
ATOMUSDT,1712649600001,0.0001707
ATOMUSDT,1712678400001,0.00018741
ATOMUSDT,1712707200000,0.00017028
ATOMUSDT,1712736000001,0.00014606
ATOMUSDT,1712764800000,0.00011218
ATOMUSDT,1712793600000,0.00017371
ATOMUSDT,1712822400000,0.00016054
ATOMUSDT,1712851200000,0.00020582
ATOMUSDT,1712880000000,0.0001
ATOMUSDT,1712908800001,0.0001
ATOMUSDT,1712937600000,0.0001
ATOMUSDT,1712966400000,0.0001
ATOMUSDT,1712995200000,0.0001
ATOMUSDT,1713024000001,0.0001
ATOMUSDT,1713052800000,-0.00065396
ATOMUSDT,1713081600000,-0.00026037
ATOMUSDT,1713110400000,0.00003835
ATOMUSDT,1713139200000,-0.00025472
ATOMUSDT,1713168000001,-0.00029796
ATOMUSDT,1713196800000,-0.00008066
ATOMUSDT,1713225600001,0.00002543
ATOMUSDT,1713254400000,0.0001
ATOMUSDT,1713283200000,-0.00006411
ATOMUSDT,1713312000000,0.00005312
ATOMUSDT,1713340800000,0.00001216
ATOMUSDT,1713369600000,-0.00006572
ATOMUSDT,1713398400000,0.00000884
ATOMUSDT,1713427200000,0.0001
ATOMUSDT,1713456000000,0.00003705
ATOMUSDT,1713484800001,-0.00000884
ATOMUSDT,1713513600000,-0.0000428
ATOMUSDT,1713542400000,0.00009082
ATOMUSDT,1713571200000,0.0001
ATOMUSDT,1713600000000,-0.00006774
ATOMUSDT,1713628800000,-0.00005972
ATOMUSDT,1713657600000,-0.00014628
ATOMUSDT,1713686400000,0.0000725
ATOMUSDT,1713715200000,-0.0001309
ATOMUSDT,1713744000000,-0.00009568
ATOMUSDT,1713772800000,-0.00012125
ATOMUSDT,1713801600000,-0.00014117
ATOMUSDT,1713830400000,-0.00012056
ATOMUSDT,1713859200000,-0.00020044
ATOMUSDT,1713888000001,-0.00001968
ATOMUSDT,1713916800000,-0.00013243
ATOMUSDT,1713945600000,0.00005825
ATOMUSDT,1713974400000,0.0001
ATOMUSDT,1714003200000,0.0001
ATOMUSDT,1714032000000,0.0001
ATOMUSDT,1714060800010,0.0001
ATOMUSDT,1714089600001,0.000089
ATOMUSDT,1714118400000,0.0001
ATOMUSDT,1714147200000,-0.00001694
ATOMUSDT,1714176000000,0.00007813
ATOMUSDT,1714204800001,-0.00004864
ATOMUSDT,1714233600000,0.00005005
ATOMUSDT,1714262400000,-0.00001491
ATOMUSDT,1714291200000,-0.00007461
ATOMUSDT,1714320000000,-0.00000412
ATOMUSDT,1714348800000,0.00003272
ATOMUSDT,1714377600000,0.0001
ATOMUSDT,1714406400000,0.00000242
ATOMUSDT,1714435200000,-0.00001881
ATOMUSDT,1714464000000,-0.00000762
ATOMUSDT,1714492800000,-0.00017562
ATOMUSDT,1714521600000,-0.00047235
ATOMUSDT,1714550400000,-0.00041152
ATOMUSDT,1714579200000,-0.00017574
ATOMUSDT,1714608000000,-0.00021408
ATOMUSDT,1714636800000,-0.00001184
ATOMUSDT,1714665600002,-0.00029648
ATOMUSDT,1714694400000,-0.0002286
ATOMUSDT,1714723200000,-0.00035244
ATOMUSDT,1714752000000,-0.00026572
ATOMUSDT,1714780800000,-0.00025176
ATOMUSDT,1714809600000,-0.00008759
ATOMUSDT,1714838400000,-0.00012417
ATOMUSDT,1714867200000,-0.00005191
ATOMUSDT,1714896000000,0.00005864
ATOMUSDT,1714924800000,0.00009348
ATOMUSDT,1714953600000,0.0001
ATOMUSDT,1714982400000,0.00002107
ATOMUSDT,1715011200000,0.0001
ATOMUSDT,1715040000000,0.0001
ATOMUSDT,1715068800000,0.0001
ATOMUSDT,1715097600000,0.0001
ATOMUSDT,1715126400000,0.0001
ATOMUSDT,1715155200000,0.0001
ATOMUSDT,1715184000000,0.0001
ATOMUSDT,1715212800000,0.0001
ATOMUSDT,1715241600000,0.0001
ATOMUSDT,1715270400000,0.0001
ATOMUSDT,1715299200000,0.0001
ATOMUSDT,1715328000000,0.0001
ATOMUSDT,1715356800000,0.0001
ATOMUSDT,1715385600000,0.0001
ATOMUSDT,1715414400000,0.0001
ATOMUSDT,1715443200000,0.0001
ATOMUSDT,1715472000000,0.0001
ATOMUSDT,1715500800000,0.00004722
ATOMUSDT,1715529600000,0.00006583
ATOMUSDT,1715558400001,0.00008056
ATOMUSDT,1715587200001,0.0001
ATOMUSDT,1715616000000,0.0001
ATOMUSDT,1715644800000,0.00007684
ATOMUSDT,1715673600000,0.00008004
ATOMUSDT,1715702400000,0.00009316
ATOMUSDT,1715731200000,0.00007808
ATOMUSDT,1715760000000,-0.00000554
ATOMUSDT,1715788800000,0.0001
ATOMUSDT,1715817600004,0.0001
ATOMUSDT,1715846400000,0.0001
ATOMUSDT,1715875200000,0.0001
ATOMUSDT,1715904000000,0.0001
ATOMUSDT,1715932800000,0.0001
ATOMUSDT,1715961600000,0.00008573
ATOMUSDT,1715990400000,0.0001
ATOMUSDT,1716019200000,0.0001
ATOMUSDT,1716048000000,0.0001
ATOMUSDT,1716076800000,0.0001
ATOMUSDT,1716105600000,0.0001
ATOMUSDT,1716134400000,0.0001
ATOMUSDT,1716163200000,0.0001
ATOMUSDT,1716192000000,0.0001
ATOMUSDT,1716220800003,0.00000051
ATOMUSDT,1716249600000,0.0001
ATOMUSDT,1716278400001,0.0001
ATOMUSDT,1716307200000,0.0001
ATOMUSDT,1716336000000,0.0001
ATOMUSDT,1716364800000,0.0001
ATOMUSDT,1716393600000,0.0001
ATOMUSDT,1716422400000,0.0001
ATOMUSDT,1716451200000,0.00011386
ATOMUSDT,1716480000000,0.0001
ATOMUSDT,1716508800000,0.0001
ATOMUSDT,1716537600000,0.0001
ATOMUSDT,1716566400000,0.0001
ATOMUSDT,1716595200000,0.0001
ATOMUSDT,1716624000000,0.0001
ATOMUSDT,1716652800000,0.0001
ATOMUSDT,1716681600000,0.0001
ATOMUSDT,1716710400000,0.0001
ATOMUSDT,1716739200000,0.0001
ATOMUSDT,1716768000000,0.0001
ATOMUSDT,1716796800000,0.0001
ATOMUSDT,1716825600000,0.0001
ATOMUSDT,1716854400000,0.0001
ATOMUSDT,1716883200000,0.0001
ATOMUSDT,1716912000000,0.0001
ATOMUSDT,1716940800001,0.00013093
ATOMUSDT,1716969600000,0.0001
ATOMUSDT,1716998400000,0.0001
ATOMUSDT,1717027200000,0.0001
ATOMUSDT,1717056000000,0.0001
ATOMUSDT,1717084800000,0.0001
ATOMUSDT,1717113600000,0.0001
ATOMUSDT,1717142400000,0.0001
ATOMUSDT,1717171200000,0.0001
ATOMUSDT,1717200000000,0.0001
ATOMUSDT,1717228800000,0.0001
ATOMUSDT,1717257600001,0.0001
ATOMUSDT,1717286400000,0.0001
ATOMUSDT,1717315200000,0.0001
ATOMUSDT,1717344000000,0.0001
ATOMUSDT,1717372800000,0.0001
ATOMUSDT,1717401600000,0.0001
ATOMUSDT,1717430400000,0.0001
ATOMUSDT,1717459200000,0.0001
ATOMUSDT,1717488000000,0.0001
ATOMUSDT,1717516800000,0.0001
ATOMUSDT,1717545600000,0.00010099
ATOMUSDT,1717574400000,0.0001
ATOMUSDT,1717603200000,0.0001
ATOMUSDT,1717632000000,0.0001
ATOMUSDT,1717660800008,0.00018509
ATOMUSDT,1717689600000,0.0001
ATOMUSDT,1717718400000,0.00014893
ATOMUSDT,1717747200000,0.00018674
ATOMUSDT,1717776000000,0.00011766
ATOMUSDT,1717804800000,0.0001
ATOMUSDT,1717833600000,0.00007065
ATOMUSDT,1717862400000,-0.00021114
ATOMUSDT,1717891200000,-0.00004087
ATOMUSDT,1717920000000,0.0000012
ATOMUSDT,1717948800001,-0.00024424
ATOMUSDT,1717977600000,-0.00000759
ATOMUSDT,1718006400000,0.0001
ATOMUSDT,1718035200001,0.0001
ATOMUSDT,1718064000001,0.0001
ATOMUSDT,1718092800000,0.0001
ATOMUSDT,1718121600000,0.0001
ATOMUSDT,1718150400000,0.0001
ATOMUSDT,1718179200000,0.0001
ATOMUSDT,1718208000000,0.0001
ATOMUSDT,1718236800000,0.0001
ATOMUSDT,1718265600001,0.0001
ATOMUSDT,1718294400000,0.0001
ATOMUSDT,1718323200000,-0.00004818
ATOMUSDT,1718352000000,0.00009511
ATOMUSDT,1718380800000,-0.00001763
ATOMUSDT,1718409600000,-0.00004086
ATOMUSDT,1718438400000,-0.00008409
ATOMUSDT,1718467200000,0.0001
ATOMUSDT,1718496000001,0.0001
ATOMUSDT,1718524800000,0.00008887
ATOMUSDT,1718553600000,-0.00007073
ATOMUSDT,1718582400000,-0.00014727
ATOMUSDT,1718611200000,0.00005125
ATOMUSDT,1718640000000,-0.00015539
ATOMUSDT,1718668800000,-0.00006258
ATOMUSDT,1718697600000,-0.00021342
ATOMUSDT,1718726400000,-0.00029236
ATOMUSDT,1718755200001,-0.00012472
ATOMUSDT,1718784000001,-0.00024862
ATOMUSDT,1718812800000,-0.00010062
ATOMUSDT,1718841600000,-0.00004189
ATOMUSDT,1718870400000,-0.00012584
ATOMUSDT,1718899200000,0.00006176
ATOMUSDT,1718928000000,-0.00006851
ATOMUSDT,1718956800000,0.0000906
ATOMUSDT,1718985600000,0.0000421
ATOMUSDT,1719014400000,0.00003999
ATOMUSDT,1719043200000,-0.00004784
ATOMUSDT,1719072000000,0.00004669
ATOMUSDT,1719100800000,-0.00007555
ATOMUSDT,1719129600000,-0.00014817
ATOMUSDT,1719158400000,0.00008605
ATOMUSDT,1719187200002,0.00006313
ATOMUSDT,1719216000000,0.0001
ATOMUSDT,1719244800000,0.00002759
ATOMUSDT,1719273600000,-0.00014024
ATOMUSDT,1719302400000,-0.00013897
ATOMUSDT,1719331200000,0.0000825
ATOMUSDT,1719360000002,-0.00009864
ATOMUSDT,1719388800000,0.00008295
ATOMUSDT,1719417600000,0.00008262
ATOMUSDT,1719446400000,-0.00000081
ATOMUSDT,1719475200001,0.00008224
ATOMUSDT,1719504000000,0.0001
ATOMUSDT,1719532800000,0.0001
ATOMUSDT,1719561600000,0.0001
ATOMUSDT,1719590400000,0.0001
ATOMUSDT,1719619200001,0.0001
ATOMUSDT,1719648000000,0.0001
ATOMUSDT,1719676800000,0.00004643
ATOMUSDT,1719705600000,-0.00011173
ATOMUSDT,1719734400000,-0.00006509
ATOMUSDT,1719763200000,-0.00010041
ATOMUSDT,1719792000000,-0.00006697
ATOMUSDT,1719820800000,0.00002201
ATOMUSDT,1719849600001,0.00005347
ATOMUSDT,1719878400000,0.0001
ATOMUSDT,1719907200000,0.0001
ATOMUSDT,1719936000000,0.0001
ATOMUSDT,1719964800000,0.0001
ATOMUSDT,1719993600001,0.0001
ATOMUSDT,1720022400000,0.0001
ATOMUSDT,1720051200000,0.0001
ATOMUSDT,1720080000000,-0.00006864
ATOMUSDT,1720108800000,0.00003312
ATOMUSDT,1720137600000,0.00001065
ATOMUSDT,1720166400000,-0.00037133
ATOMUSDT,1720195200000,-0.00050172
ATOMUSDT,1720224000000,-0.00016502
ATOMUSDT,1720252800000,-0.00006929
ATOMUSDT,1720281600000,-0.00022172
ATOMUSDT,1720310400001,-0.00026835
ATOMUSDT,1720339200000,0.0000278
ATOMUSDT,1720368000000,-0.00006575
ATOMUSDT,1720396800000,-0.00005461
ATOMUSDT,1720425600000,0.00002773
ATOMUSDT,1720454400000,0.00000968
ATOMUSDT,1720483200000,-0.00010841
ATOMUSDT,1720512000001,-0.0003276
ATOMUSDT,1720540800000,-0.00025915
ATOMUSDT,1720569600000,-0.000107
ATOMUSDT,1720598400000,-0.00014534
ATOMUSDT,1720627200000,0.0001
ATOMUSDT,1720656000002,0.0001
ATOMUSDT,1720684800002,0.00008552
ATOMUSDT,1720713600004,0.0001
ATOMUSDT,1720742400000,0.0001
ATOMUSDT,1720771200000,0.0001
ATOMUSDT,1720800000000,0.00008557
ATOMUSDT,1720828800000,0.0001
ATOMUSDT,1720857600000,0.0001
ATOMUSDT,1720886400000,0.0001
ATOMUSDT,1720915200000,0.00005968
ATOMUSDT,1720944000000,0.0001
ATOMUSDT,1720972800000,0.00006644
ATOMUSDT,1721001600000,-0.00005962
ATOMUSDT,1721030400000,0.00002021
ATOMUSDT,1721059200000,-0.0000615
ATOMUSDT,1721088000000,0.00009577
ATOMUSDT,1721116800000,0.0001
ATOMUSDT,1721145600000,0.0001
ATOMUSDT,1721174400000,0.0001
ATOMUSDT,1721203200001,0.0001
ATOMUSDT,1721232000000,0.0001
ATOMUSDT,1721260800000,0.0001
ATOMUSDT,1721289600000,0.0001
ATOMUSDT,1721318400000,0.0001
ATOMUSDT,1721347200000,0.00006368
ATOMUSDT,1721376000000,0.0001
ATOMUSDT,1721404800000,0.0001
ATOMUSDT,1721433600001,0.0001
ATOMUSDT,1721462400000,0.0001
ATOMUSDT,1721491200000,0.0001
ATOMUSDT,1721520000000,0.0001
ATOMUSDT,1721548800000,0.0001
ATOMUSDT,1721577600000,0.0001
ATOMUSDT,1721606400000,0.0001
ATOMUSDT,1721635200000,0.0001
ATOMUSDT,1721664000000,0.0001
ATOMUSDT,1721692800000,0.0001
ATOMUSDT,1721721600000,0.00006842
ATOMUSDT,1721750400000,0.0001
ATOMUSDT,1721779200000,0.00004588
ATOMUSDT,1721808000000,0.0001
ATOMUSDT,1721836800000,0.0001
ATOMUSDT,1721865600000,0.00008714
ATOMUSDT,1721894400000,-0.00005105
ATOMUSDT,1721923200000,-0.00011044
ATOMUSDT,1721952000000,-0.00013832
ATOMUSDT,1721980800000,-0.00026215
ATOMUSDT,1722009600000,0.00006542
ATOMUSDT,1722038400000,0.00007691
ATOMUSDT,1722067200000,0.00009994
ATOMUSDT,1722096000000,0.0001
ATOMUSDT,1722124800000,0.0001
ATOMUSDT,1722153600000,0.0001
ATOMUSDT,1722182400001,0.0001
ATOMUSDT,1722211200001,0.0001
ATOMUSDT,1722240000000,0.0001
ATOMUSDT,1722268800001,0.00009033
ATOMUSDT,1722297600000,0.00006877
ATOMUSDT,1722326400001,0.0001
ATOMUSDT,1722355200000,0.0001
ATOMUSDT,1722384000000,0.0001
ATOMUSDT,1722412800000,0.0001
ATOMUSDT,1722441600000,-0.00008755
ATOMUSDT,1722470400000,-0.00009002
ATOMUSDT,1722499200000,-0.00018278
ATOMUSDT,1722528000000,-0.00024123
ATOMUSDT,1722556800000,-0.00008281
ATOMUSDT,1722585600001,0.00005229
ATOMUSDT,1722614400000,-0.0000621
ATOMUSDT,1722643200000,-0.0001457
ATOMUSDT,1722672000000,0.00004188
ATOMUSDT,1722700800001,-0.00004208
ATOMUSDT,1722729600000,-0.00012244
ATOMUSDT,1722758400000,-0.00012934
ATOMUSDT,1722787200000,-0.00017363
ATOMUSDT,1722816000000,-0.00029143
ATOMUSDT,1722844800000,-0.0004261
ATOMUSDT,1722873600000,-0.00013271
ATOMUSDT,1722902400000,0.00003461
ATOMUSDT,1722931200000,-0.00013044
ATOMUSDT,1722960000000,-0.00010264
ATOMUSDT,1722988800000,-0.00027087
ATOMUSDT,1723017600001,-0.00015824
ATOMUSDT,1723046400000,-0.00031231
ATOMUSDT,1723075200001,-0.00017516
ATOMUSDT,1723104000000,-0.00011103
ATOMUSDT,1723132800000,0.00005067
ATOMUSDT,1723161600000,-0.00003566
ATOMUSDT,1723190400000,-0.00018095
ATOMUSDT,1723219200000,-0.00006528
ATOMUSDT,1723248000000,-0.00017402
ATOMUSDT,1723276800000,0.00009424
ATOMUSDT,1723305600000,0.00002176
ATOMUSDT,1723334400000,-0.00004832
ATOMUSDT,1723363200000,0.00009427
ATOMUSDT,1723392000001,-0.00026081
ATOMUSDT,1723420800000,-0.0002676
ATOMUSDT,1723449600000,-0.00006042
ATOMUSDT,1723478400000,-0.00009091
ATOMUSDT,1723507200000,-0.00001078
ATOMUSDT,1723536000000,0.00008024
ATOMUSDT,1723564800000,-0.00024701
ATOMUSDT,1723593600000,0.0001
ATOMUSDT,1723622400000,0.00008492
ATOMUSDT,1723651200000,0.0000263
ATOMUSDT,1723680000000,0.0001
ATOMUSDT,1723708800000,-0.00002377
ATOMUSDT,1723737600000,-0.00008949
ATOMUSDT,1723766400000,-0.00014231
ATOMUSDT,1723795200000,-0.00017914
ATOMUSDT,1723824000000,-0.00012277
ATOMUSDT,1723852800000,-0.00011038
ATOMUSDT,1723881600000,-0.00004213
ATOMUSDT,1723910400000,-0.00019281
ATOMUSDT,1723939200000,-0.00007635
ATOMUSDT,1723968000000,0.00001455
ATOMUSDT,1723996800000,-0.0002239
ATOMUSDT,1724025600000,-0.00020267
ATOMUSDT,1724054400000,-0.00007173
ATOMUSDT,1724083200002,-0.00005788
ATOMUSDT,1724112000000,0.00000904
ATOMUSDT,1724140800000,-0.00004949
ATOMUSDT,1724169600001,-0.00006758
ATOMUSDT,1724198400001,-0.00003228
ATOMUSDT,1724227200000,0.00009846
ATOMUSDT,1724256000001,-0.00000889
ATOMUSDT,1724284800000,0.00008095
ATOMUSDT,1724313600000,-0.00007299
ATOMUSDT,1724342400008,0.00004603
ATOMUSDT,1724371200000,0.0001
ATOMUSDT,1724400000000,0.0001
ATOMUSDT,1724428800000,0.00009139
ATOMUSDT,1724457600000,0.0001
ATOMUSDT,1724486400005,0.00006543
ATOMUSDT,1724515200000,-0.0000859
ATOMUSDT,1724544000000,-0.00028902
ATOMUSDT,1724572800000,-0.00035331
ATOMUSDT,1724601600000,0.0001
ATOMUSDT,1724630400000,0.0001
ATOMUSDT,1724659200001,0.0001
ATOMUSDT,1724688000000,0.00008518
ATOMUSDT,1724716800001,0.00008769
ATOMUSDT,1724745600000,0.00002214
ATOMUSDT,1724774400000,-0.00002033
ATOMUSDT,1724803200000,-0.00010903
ATOMUSDT,1724832000000,-0.00016534
ATOMUSDT,1724860800001,-0.00006449
ATOMUSDT,1724889600000,-0.00005594
ATOMUSDT,1724918400001,-0.00020058
ATOMUSDT,1724947200000,-0.00014478
ATOMUSDT,1724976000000,-0.00006782
ATOMUSDT,1725004800000,0.00007856
ATOMUSDT,1725033600000,-0.00002806
ATOMUSDT,1725062400000,0.00004537
ATOMUSDT,1725091200000,0.00009216
ATOMUSDT,1725120000000,0.00006616
ATOMUSDT,1725148800000,0.0001
ATOMUSDT,1725177600001,-0.00002469
ATOMUSDT,1725206400000,0.00004225
ATOMUSDT,1725235200001,-0.00014858
ATOMUSDT,1725264000001,-0.00012813
ATOMUSDT,1725292800000,-0.00001258
ATOMUSDT,1725321600000,-0.00006903
ATOMUSDT,1725350400001,-0.00007801
ATOMUSDT,1725379200000,0.00004536
ATOMUSDT,1725408000000,0.0001
ATOMUSDT,1725436800000,-0.00014008
ATOMUSDT,1725465600000,-0.00006332
ATOMUSDT,1725494400000,-0.00005307
ATOMUSDT,1725523200000,-0.00010661
ATOMUSDT,1725552000005,0.00002145
ATOMUSDT,1725580800000,0.0001
ATOMUSDT,1725609600001,-0.00000588
ATOMUSDT,1725638400000,0.0001
ATOMUSDT,1725667200000,0.00004102
ATOMUSDT,1725696000000,0.0001
ATOMUSDT,1725724800000,0.00008501
ATOMUSDT,1725753600000,0.00003903
ATOMUSDT,1725782400000,0.0001
ATOMUSDT,1725811200000,0.00008928
ATOMUSDT,1725840000000,0.0001
ATOMUSDT,1725868800000,0.0001
ATOMUSDT,1725897600001,0.0000725
ATOMUSDT,1725926400000,0.0001
ATOMUSDT,1725955200000,0.0001
ATOMUSDT,1725984000000,0.00009465
ATOMUSDT,1726012800000,0.0001
ATOMUSDT,1726041600000,0.00002008
ATOMUSDT,1726070400000,0.00008939
ATOMUSDT,1726099200000,0.00004328
ATOMUSDT,1726128000000,0.00001206
ATOMUSDT,1726156800000,-0.0000079
ATOMUSDT,1726185600000,0.00005203
ATOMUSDT,1726214400001,0.00001646
ATOMUSDT,1726243200001,0.00001753
ATOMUSDT,1726272000000,-0.00000723
ATOMUSDT,1726300800000,0.00004714
ATOMUSDT,1726329600001,0.00002225
ATOMUSDT,1726358400000,0.00004923
ATOMUSDT,1726387200000,0.00009266
ATOMUSDT,1726416000000,-0.00000594
ATOMUSDT,1726444800000,-0.00001951
ATOMUSDT,1726473600001,-0.00013322
ATOMUSDT,1726502400000,-0.00001821
ATOMUSDT,1726531200001,-0.00007773
ATOMUSDT,1726560000000,-0.00003618
ATOMUSDT,1726588800000,-0.00005361
ATOMUSDT,1726617600000,0.00003393
ATOMUSDT,1726646400000,0.00009709
ATOMUSDT,1726675200004,0.0001
ATOMUSDT,1726704000000,0.00006956
ATOMUSDT,1726732800000,-0.00001141
ATOMUSDT,1726761600001,-0.00008398
ATOMUSDT,1726790400000,0.0001
ATOMUSDT,1726819200001,0.00000102
ATOMUSDT,1726848000000,0.0001
ATOMUSDT,1726876800001,0.00007521
ATOMUSDT,1726905600000,0.0001
ATOMUSDT,1726934400000,0.00004014
ATOMUSDT,1726963200000,0.00001594
ATOMUSDT,1726992000000,0.0001
ATOMUSDT,1727020800000,0.0000678
ATOMUSDT,1727049600000,0.00000245
ATOMUSDT,1727078400000,-0.00001868
ATOMUSDT,1727107200000,-0.00016542
ATOMUSDT,1727136000000,0.00002659
ATOMUSDT,1727164800000,0.00007953
ATOMUSDT,1727193600001,-0.00006984
ATOMUSDT,1727222400000,0.00007575
ATOMUSDT,1727251200003,-0.0000371
ATOMUSDT,1727280000000,-0.00008438
ATOMUSDT,1727308800005,-0.00002746
ATOMUSDT,1727337600000,0.00005598
ATOMUSDT,1727366400000,-0.00000241
ATOMUSDT,1727395200000,0.00005666
ATOMUSDT,1727424000000,0.00004982
ATOMUSDT,1727452800000,0.0000465
ATOMUSDT,1727481600000,0.00009026
ATOMUSDT,1727510400001,-0.00004935
ATOMUSDT,1727539200000,0.0001
ATOMUSDT,1727568000001,0.0001
ATOMUSDT,1727596800000,-0.00004697
ATOMUSDT,1727625600000,0.0001
ATOMUSDT,1727654400000,0.00004826
ATOMUSDT,1727683200001,0.0001
ATOMUSDT,1727712000000,0.00007832
ATOMUSDT,1727740800000,0.0001
ATOMUSDT,1727769600000,0.00006291
ATOMUSDT,1727798400001,-0.00006942
ATOMUSDT,1727827200000,-0.00009963
ATOMUSDT,1727856000000,-0.00010163
ATOMUSDT,1727884800000,0.00006581
ATOMUSDT,1727913600000,-0.00002171
ATOMUSDT,1727942400000,-0.00000658
ATOMUSDT,1727971200000,-0.00002632
ATOMUSDT,1728000000000,0.00007577
ATOMUSDT,1728028800000,0.00008618
ATOMUSDT,1728057600001,0.0000892
ATOMUSDT,1728086400000,0.00001321
ATOMUSDT,1728115200000,0.0001
ATOMUSDT,1728144000000,0.0001
ATOMUSDT,1728172800000,0.0001
ATOMUSDT,1728201600001,0.0001
ATOMUSDT,1728230400000,0.0001
ATOMUSDT,1728259200000,0.0001
ATOMUSDT,1728288000000,-0.00000252
ATOMUSDT,1728316800001,0.0001
ATOMUSDT,1728345600000,-0.00008427
ATOMUSDT,1728374400000,-0.00002912
ATOMUSDT,1728403200000,-0.00005122
ATOMUSDT,1728432000000,0.00008829
ATOMUSDT,1728460800000,0.00001993
ATOMUSDT,1728489600000,0.00004364
ATOMUSDT,1728518400000,0.0001
ATOMUSDT,1728547200000,0.0001
ATOMUSDT,1728576000000,0.0001
ATOMUSDT,1728604800000,0.00000544
ATOMUSDT,1728633600000,0.00005874
ATOMUSDT,1728662400001,0.00001578
ATOMUSDT,1728691200000,-0.00008605
ATOMUSDT,1728720000001,0.0001
ATOMUSDT,1728748800000,0.0001
ATOMUSDT,1728777600000,0.00006938
ATOMUSDT,1728806400000,0.0001
ATOMUSDT,1728835200000,0.0001
ATOMUSDT,1728864000000,0.00000804
ATOMUSDT,1728892800000,0.0001
ATOMUSDT,1728921600000,0.00007686
ATOMUSDT,1728950400000,0.0001
ATOMUSDT,1728979200000,0.0001
ATOMUSDT,1729008000000,0.0001
ATOMUSDT,1729036800000,0.00008376
ATOMUSDT,1729065600001,-0.00007839
ATOMUSDT,1729094400000,0.0001
ATOMUSDT,1729123200000,0.0001
ATOMUSDT,1729152000000,0.00005475
ATOMUSDT,1729180800001,0.00008955
ATOMUSDT,1729209600010,-0.00003006
ATOMUSDT,1729238400001,0.0001
ATOMUSDT,1729267200000,0.00000639
ATOMUSDT,1729296000000,0.0001
ATOMUSDT,1729324800000,0.0001
ATOMUSDT,1729353600000,0.0001
ATOMUSDT,1729382400000,0.0001
ATOMUSDT,1729411200000,0.0001
ATOMUSDT,1729440000000,0.0001
ATOMUSDT,1729468800000,0.0001
ATOMUSDT,1729497600000,0.0001
ATOMUSDT,1729526400000,0.0001
ATOMUSDT,1729555200000,-0.00005559
ATOMUSDT,1729584000000,0.0001
ATOMUSDT,1729612800000,0.0001
ATOMUSDT,1729641600000,0.0001
ATOMUSDT,1729670400000,0.0001
ATOMUSDT,1729699200000,0.0001
ATOMUSDT,1729728000000,0.0001
ATOMUSDT,1729756800000,0.0001
ATOMUSDT,1729785600000,0.0001
ATOMUSDT,1729814400000,0.0001
ATOMUSDT,1729843200000,0.0001
ATOMUSDT,1729872000000,0.0001
ATOMUSDT,1729900800000,0.0001
ATOMUSDT,1729929600001,-0.00026895
ATOMUSDT,1729958400000,0.00002862
ATOMUSDT,1729987200000,0.00006809
ATOMUSDT,1730016000000,-0.00004855
ATOMUSDT,1730044800000,0.00002222
ATOMUSDT,1730073600000,0.00008886
ATOMUSDT,1730102400001,0.0001
ATOMUSDT,1730131200000,0.0001
ATOMUSDT,1730160000000,0.0001
ATOMUSDT,1730188800000,0.0001
ATOMUSDT,1730217600004,0.0001
ATOMUSDT,1730246400000,0.0001
ATOMUSDT,1730275200000,0.0001
ATOMUSDT,1730304000013,0.0001
ATOMUSDT,1730332800000,0.0001
ATOMUSDT,1730361600000,0.0001
ATOMUSDT,1730390400000,0.0001
ATOMUSDT,1730419200000,0.0001
ATOMUSDT,1730448000000,0.0000964
ATOMUSDT,1730476800000,0.00008649
ATOMUSDT,1730505600000,0.0001
ATOMUSDT,1730534400000,0.0001
ATOMUSDT,1730563200000,-0.00020657
ATOMUSDT,1730592000000,-0.00016224
ATOMUSDT,1730620800000,-0.00006303
ATOMUSDT,1730649600000,-0.00006977
ATOMUSDT,1730678400000,-0.00017326
ATOMUSDT,1730707200000,-0.00016342
ATOMUSDT,1730736000000,-0.00014427
ATOMUSDT,1730764800000,-0.00014305
ATOMUSDT,1730793600003,-0.00013011
ATOMUSDT,1730822400001,-0.00004951
ATOMUSDT,1730851200000,0.00003978
ATOMUSDT,1730880000000,0.0001
ATOMUSDT,1730908800000,0.0001
ATOMUSDT,1730937600000,0.0001
ATOMUSDT,1730966400000,0.0001
ATOMUSDT,1730995200000,0.0001
ATOMUSDT,1731024000000,0.0001
ATOMUSDT,1731052800000,0.0001
ATOMUSDT,1731081600000,0.0001
ATOMUSDT,1731110400000,0.0001
ATOMUSDT,1731139200000,0.0001
ATOMUSDT,1731168000000,0.0001
ATOMUSDT,1731196800000,0.0001
ATOMUSDT,1731225600000,0.0001
ATOMUSDT,1731254400000,0.0001
ATOMUSDT,1731283200001,0.0001
ATOMUSDT,1731312000000,0.0001
ATOMUSDT,1731340800000,0.0001
ATOMUSDT,1731369600002,0.0001
ATOMUSDT,1731398400000,0.0001
ATOMUSDT,1731427200000,0.0001
ATOMUSDT,1731456000000,0.0001
ATOMUSDT,1731484800010,0.0001
ATOMUSDT,1731513600000,0.0001
ATOMUSDT,1731542400001,0.0001
ATOMUSDT,1731571200000,0.0001
ATOMUSDT,1731600000000,0.0001
ATOMUSDT,1731628800000,0.0001
ATOMUSDT,1731657600000,0.0001
ATOMUSDT,1731686400000,0.0001
ATOMUSDT,1731715200001,0.0001
ATOMUSDT,1731744000001,0.0001
ATOMUSDT,1731772800000,0.0001
ATOMUSDT,1731801600000,0.0001
ATOMUSDT,1731830400000,0.00002453
ATOMUSDT,1731859200001,0.0001
ATOMUSDT,1731888000000,0.0000037
ATOMUSDT,1731916800000,0.00004178
ATOMUSDT,1731945600000,0.0001
ATOMUSDT,1731974400000,0.00002196
ATOMUSDT,1732003200000,-0.00034475
ATOMUSDT,1732032000000,-0.0001405
ATOMUSDT,1732060800003,0.00007188
ATOMUSDT,1732089600000,-0.00004609
ATOMUSDT,1732118400000,-0.00002436
ATOMUSDT,1732147200001,-0.00002947
ATOMUSDT,1732176000000,-0.00000347
ATOMUSDT,1732204800001,0.0001
ATOMUSDT,1732233600000,0.0001
ATOMUSDT,1732262400000,0.0001
ATOMUSDT,1732291200001,0.0001
ATOMUSDT,1732320000000,0.0001
ATOMUSDT,1732348800000,-0.00005666
ATOMUSDT,1732377600000,-0.00031076
ATOMUSDT,1732406400001,-0.00010984
ATOMUSDT,1732435200000,0.00008372
ATOMUSDT,1732464000000,0.0001
ATOMUSDT,1732492800000,0.0001
ATOMUSDT,1732521600000,0.0001
ATOMUSDT,1732550400000,0.0001
ATOMUSDT,1732579200000,0.0001
ATOMUSDT,1732608000000,0.0001
ATOMUSDT,1732636800000,0.0001
ATOMUSDT,1732665600000,0.0001
ATOMUSDT,1732694400000,0.0001
ATOMUSDT,1732723200001,0.0001
ATOMUSDT,1732752000000,0.0001
ATOMUSDT,1732780800000,0.0001
ATOMUSDT,1732809600000,0.0001
ATOMUSDT,1732838400000,0.0001
ATOMUSDT,1732867200000,0.0001
ATOMUSDT,1732896000000,0.0001
ATOMUSDT,1732924800000,0.0001503
ATOMUSDT,1732953600000,0.00010281
ATOMUSDT,1732982400000,0.00010272
ATOMUSDT,1733011200000,0.0001
ATOMUSDT,1733040000000,0.0001
ATOMUSDT,1733068800000,0.00013416
ATOMUSDT,1733097600001,0.00022571
ATOMUSDT,1733126400001,0.0001
ATOMUSDT,1733155200000,0.0001
ATOMUSDT,1733184000000,0.00013656
ATOMUSDT,1733212800000,0.0003044
ATOMUSDT,1733241600000,0.0001
ATOMUSDT,1733270400000,0.00010764
ATOMUSDT,1733299200000,0.00029199
ATOMUSDT,1733328000000,0.00021004
ATOMUSDT,1733356800001,0.0001
ATOMUSDT,1733385600000,0.00036129
ATOMUSDT,1733414400000,0.00033642
ATOMUSDT,1733443200000,0.0001
ATOMUSDT,1733472000000,0.00020204
ATOMUSDT,1733500800000,0.0001
ATOMUSDT,1733529600000,0.00022177
ATOMUSDT,1733558400000,0.00019315
ATOMUSDT,1733587200000,0.00019847
ATOMUSDT,1733616000000,0.00022453
ATOMUSDT,1733644800000,0.0001
ATOMUSDT,1733673600000,0.00017527
ATOMUSDT,1733702400000,0.00012555
ATOMUSDT,1733731200000,0.0001
ATOMUSDT,1733760000001,0.0001
ATOMUSDT,1733788800007,0.0001
ATOMUSDT,1733817600000,0.0001
ATOMUSDT,1733846400000,0.0001
ATOMUSDT,1733875200000,0.0001
ATOMUSDT,1733904000000,0.0001
ATOMUSDT,1733932800001,0.0001
ATOMUSDT,1733961600001,0.0000292
ATOMUSDT,1733990400000,0.0001
ATOMUSDT,1734019200001,0.0001
ATOMUSDT,1734048000000,0.0001
ATOMUSDT,1734076800000,0.0001
ATOMUSDT,1734105600001,0.00006256
ATOMUSDT,1734134400000,0.00009116
ATOMUSDT,1734163200000,-0.00005443
ATOMUSDT,1734192000000,0.0001
ATOMUSDT,1734220800000,0.0001
ATOMUSDT,1734249600000,-0.00007672
ATOMUSDT,1734278400000,0.0001
ATOMUSDT,1734307200000,0.0001
ATOMUSDT,1734336000001,0.0001
ATOMUSDT,1734364800000,0.0001
ATOMUSDT,1734393600000,0.0001
ATOMUSDT,1734422400000,0.0001
ATOMUSDT,1734451200000,0.0001
ATOMUSDT,1734480000000,0.0001
ATOMUSDT,1734508800000,0.0001
ATOMUSDT,1734537600000,0.0001
ATOMUSDT,1734566400000,-0.00001612
ATOMUSDT,1734595200000,-0.0001765
ATOMUSDT,1734624000000,-0.00022799
ATOMUSDT,1734652800000,-0.00028586
ATOMUSDT,1734681600001,-0.00001386
ATOMUSDT,1734710400014,-0.00021107
ATOMUSDT,1734739200000,0.0001
ATOMUSDT,1734768000000,0.0001
ATOMUSDT,1734796800001,0.0001
ATOMUSDT,1734825600000,0.0000299
ATOMUSDT,1734854400000,0.00008231
ATOMUSDT,1734883200000,-0.0001037
ATOMUSDT,1734912000000,-0.00001812
ATOMUSDT,1734940800000,0.00004853
ATOMUSDT,1734969600001,-0.00006778
ATOMUSDT,1734998400000,-0.00001973
ATOMUSDT,1735027200000,-0.00000748
ATOMUSDT,1735056000001,0.00000234
ATOMUSDT,1735084800001,0.0000848
ATOMUSDT,1735113600000,-0.00010604
ATOMUSDT,1735142400000,-0.0001585
ATOMUSDT,1735171200000,-0.00011308
ATOMUSDT,1735200000000,-0.00004371
ATOMUSDT,1735228800000,-0.00003739
ATOMUSDT,1735257600000,0.00004818
ATOMUSDT,1735286400000,-0.00005684
ATOMUSDT,1735315200000,-0.0001194
ATOMUSDT,1735344000001,-0.00012149
ATOMUSDT,1735372800000,-0.00015908
ATOMUSDT,1735401600000,-0.00011897
ATOMUSDT,1735430400000,0.00005603
ATOMUSDT,1735459200000,0.0001
ATOMUSDT,1735488000000,0.00008831
ATOMUSDT,1735516800000,-0.00009887
ATOMUSDT,1735545600001,-0.00000688
ATOMUSDT,1735574400000,-0.00003722
ATOMUSDT,1735603200000,0.00007425
ATOMUSDT,1735632000000,0.00005704
ATOMUSDT,1735660800000,0.0001
ATOMUSDT,1735689600015,0.0001
ATOMUSDT,1735718400000,-0.00003892
ATOMUSDT,1735747200001,0.00003709
ATOMUSDT,1735776000000,0.0001
ATOMUSDT,1735804800006,0.0001
ATOMUSDT,1735833600000,0.0001
ATOMUSDT,1735862400000,0.0001
ATOMUSDT,1735891200000,0.0001
ATOMUSDT,1735920000000,0.0001
ATOMUSDT,1735948800000,0.0000433
ATOMUSDT,1735977600000,0.0001
ATOMUSDT,1736006400000,0.00001014
ATOMUSDT,1736035200000,0.00008853
ATOMUSDT,1736064000000,0.0001
ATOMUSDT,1736092800000,0.0001
ATOMUSDT,1736121600000,0.0001
ATOMUSDT,1736150400001,-0.00021821
ATOMUSDT,1736179200000,0.00004237
ATOMUSDT,1736208000000,0.00001749
ATOMUSDT,1736236800000,-0.0000131
ATOMUSDT,1736265600008,0.00002158
ATOMUSDT,1736294400001,0.0001
ATOMUSDT,1736323200000,0.0001
ATOMUSDT,1736352000000,-0.00012828
ATOMUSDT,1736380800000,-0.00015755
ATOMUSDT,1736409600000,-0.00017105
ATOMUSDT,1736438400000,0.00008414
ATOMUSDT,1736467200000,0.00001691
ATOMUSDT,1736496000000,0.00001631
ATOMUSDT,1736524800000,0.0001
ATOMUSDT,1736553600000,0.00005397
ATOMUSDT,1736582400000,-0.00000564
ATOMUSDT,1736611200000,-0.00000004
ATOMUSDT,1736640000000,0.00009867
ATOMUSDT,1736668800000,-0.00004003
ATOMUSDT,1736697600000,0.00000436
ATOMUSDT,1736726400000,-0.00011166
ATOMUSDT,1736755200000,-0.0001124
ATOMUSDT,1736784000000,-0.00012567
ATOMUSDT,1736812800000,-0.0001221
ATOMUSDT,1736841600000,0.00002617
ATOMUSDT,1736870400000,-0.00017345
ATOMUSDT,1736899200000,-0.00011915
ATOMUSDT,1736928000000,0.00001649
ATOMUSDT,1736956800000,0.0001
ATOMUSDT,1736985600000,0.0001
ATOMUSDT,1737014400000,0.0001
ATOMUSDT,1737043200000,0.0001
ATOMUSDT,1737072000004,0.0001
ATOMUSDT,1737100800000,0.0001
ATOMUSDT,1737129600008,-0.00001619
ATOMUSDT,1737158400000,0.0001
ATOMUSDT,1737187200007,0.00007268
ATOMUSDT,1737216000000,0.0000061
ATOMUSDT,1737244800000,0.0000034
ATOMUSDT,1737273600000,-0.00001837
ATOMUSDT,1737302400000,0.0001
ATOMUSDT,1737331200000,0.0001
ATOMUSDT,1737360000009,-0.00003935
ATOMUSDT,1737388800000,0.0001
ATOMUSDT,1737417600000,0.0001
ATOMUSDT,1737446400000,0.0001
ATOMUSDT,1737475200000,0.0001
ATOMUSDT,1737504000000,0.0001
ATOMUSDT,1737532800000,0.0001
ATOMUSDT,1737561600000,0.0001
ATOMUSDT,1737590400001,0.0001
ATOMUSDT,1737619200000,0.00005956
ATOMUSDT,1737648000000,-0.0000657
ATOMUSDT,1737676800000,0.00002497
ATOMUSDT,1737705600000,0.0001
ATOMUSDT,1737734400000,0.0001
ATOMUSDT,1737763200000,0.0001
ATOMUSDT,1737792000000,0.00004017
ATOMUSDT,1737820800001,0.00007978
ATOMUSDT,1737849600000,0.0001
ATOMUSDT,1737878400000,0.0001
ATOMUSDT,1737907200000,-0.00003879
ATOMUSDT,1737936000000,-0.00010581
ATOMUSDT,1737964800000,-0.00012625
ATOMUSDT,1737993600000,-0.00021083
ATOMUSDT,1738022400000,0.00002371
ATOMUSDT,1738051200000,-0.00002397
ATOMUSDT,1738080000000,0.00006157
ATOMUSDT,1738108800000,-0.00001475
ATOMUSDT,1738137600000,0.00008704
ATOMUSDT,1738166400000,-0.00006017
ATOMUSDT,1738195200000,-0.0000263
ATOMUSDT,1738224000000,0.0001
ATOMUSDT,1738252800000,0.0001
ATOMUSDT,1738281600000,0.0001
ATOMUSDT,1738310400000,0.0001
ATOMUSDT,1738339200000,0.0001
ATOMUSDT,1738368000000,0.0001
ATOMUSDT,1738396800000,0.0001
ATOMUSDT,1738425600000,0.0001
ATOMUSDT,1738454400001,-0.0000127
ATOMUSDT,1738483200000,-0.00009862
ATOMUSDT,1738512000000,-0.00017355
ATOMUSDT,1738540800000,-0.00023423
ATOMUSDT,1738569600000,-0.00045001
ATOMUSDT,1738598400000,-0.00039959
ATOMUSDT,1738627200000,-0.00023934
ATOMUSDT,1738656000001,-0.00031961
ATOMUSDT,1738684800000,-0.00015578
ATOMUSDT,1738713600001,-0.00008552
ATOMUSDT,1738742400001,-0.00006588
ATOMUSDT,1738771200000,-0.00031123
ATOMUSDT,1738800000001,-0.00036137
ATOMUSDT,1738828800001,-0.00024234
ATOMUSDT,1738857600000,-0.00035069
ATOMUSDT,1738886400000,-0.00022893
ATOMUSDT,1738915200000,-0.000176
ATOMUSDT,1738944000000,-0.00008234
ATOMUSDT,1738972800000,-0.00003981
ATOMUSDT,1739001600000,-0.00002852
ATOMUSDT,1739030400000,-0.00007447
ATOMUSDT,1739059200000,-0.00009168
ATOMUSDT,1739088000000,-0.00009031
ATOMUSDT,1739116800000,-0.00014097
ATOMUSDT,1739145600000,-0.0001055
ATOMUSDT,1739174400000,-0.00007807
ATOMUSDT,1739203200000,-0.00002781
ATOMUSDT,1739232000000,-0.00008739
ATOMUSDT,1739260800000,-0.0001506
ATOMUSDT,1739289600000,-0.00011727
ATOMUSDT,1739318400000,-0.00020212
ATOMUSDT,1739347200000,-0.00013064
ATOMUSDT,1739376000001,-0.00006667
ATOMUSDT,1739404800001,-0.00002053
ATOMUSDT,1739433600000,-0.0000314
ATOMUSDT,1739462400001,-0.00005214
ATOMUSDT,1739491200000,-0.0001106
ATOMUSDT,1739520000001,-0.00001008
ATOMUSDT,1739548800000,-0.00010271
ATOMUSDT,1739577600000,-0.00005723
ATOMUSDT,1739606400000,-0.00007671
ATOMUSDT,1739635200000,-0.00023303
ATOMUSDT,1739664000000,-0.00032075
ATOMUSDT,1739692800000,-0.0002532
ATOMUSDT,1739721600000,-0.0000673
ATOMUSDT,1739750400000,-0.00020318
ATOMUSDT,1739779200000,-0.000076
ATOMUSDT,1739808000000,-0.0001089
ATOMUSDT,1739836800000,-0.00011331
ATOMUSDT,1739865600000,-0.00018455
ATOMUSDT,1739894400000,0.00002546
ATOMUSDT,1739923200000,-0.00000123
ATOMUSDT,1739952000000,0.00002898
ATOMUSDT,1739980800000,-0.00009821
ATOMUSDT,1740009600000,-0.00007656
ATOMUSDT,1740038400000,-0.00001002
ATOMUSDT,1740067200000,0.00005257
ATOMUSDT,1740096000001,-0.0000159
ATOMUSDT,1740124800000,-0.00004653
ATOMUSDT,1740153600000,0.00003958
ATOMUSDT,1740182400000,-0.00047907
ATOMUSDT,1740211200000,-0.00021909
ATOMUSDT,1740240000000,-0.00022864
ATOMUSDT,1740268800000,0.0001
ATOMUSDT,1740297600000,0.0001
ATOMUSDT,1740326400000,-0.0001477
ATOMUSDT,1740355200000,-0.00010959
ATOMUSDT,1740384000000,-0.00014
ATOMUSDT,1740412800000,-0.00029609
ATOMUSDT,1740441600000,-0.00025199
ATOMUSDT,1740470400000,-0.0002344
ATOMUSDT,1740499200000,-0.0002709
ATOMUSDT,1740528000000,-0.00024282
ATOMUSDT,1740556800000,-0.00012357
ATOMUSDT,1740585600000,-0.00003422
ATOMUSDT,1740614400001,-0.00001125
ATOMUSDT,1740643200000,0.0001
ATOMUSDT,1740672000000,0.0001
ATOMUSDT,1740700800001,-0.0000256
ATOMUSDT,1740729600000,-0.00033718
ATOMUSDT,1740758400000,-0.00019522
ATOMUSDT,1740787200000,0.000009
ATOMUSDT,1740816000000,-0.00004791
ATOMUSDT,1740844800001,-0.00002444
ATOMUSDT,1740873600000,0.0001
ATOMUSDT,1740902400000,-0.00001611
ATOMUSDT,1740931200000,-0.00006424
ATOMUSDT,1740960000001,0.0000324
ATOMUSDT,1740988800000,-0.00008142
ATOMUSDT,1741017600000,-0.00017553
ATOMUSDT,1741046400001,-0.00047938
ATOMUSDT,1741075200005,-0.00029829
ATOMUSDT,1741104000000,-0.00022656
ATOMUSDT,1741132800000,-0.00012415
ATOMUSDT,1741161600000,-0.00007896
ATOMUSDT,1741190400000,-0.00022731
ATOMUSDT,1741219200000,-0.00004091
ATOMUSDT,1741248000001,-0.00007721
ATOMUSDT,1741276800000,-0.00014439
ATOMUSDT,1741305600000,0.0000068
ATOMUSDT,1741334400001,-0.0000555
ATOMUSDT,1741363200000,0.00001654
ATOMUSDT,1741392000000,-0.00004396
ATOMUSDT,1741420800001,-0.0000888
ATOMUSDT,1741449600001,-0.00011836
ATOMUSDT,1741478400001,-0.00013091
ATOMUSDT,1741507200000,-0.00022103
ATOMUSDT,1741536000000,-0.00025145
ATOMUSDT,1741564800000,-0.00044919
ATOMUSDT,1741593600000,-0.00025555
ATOMUSDT,1741622400000,-0.00019587
ATOMUSDT,1741651200000,-0.00034867
ATOMUSDT,1741680000000,-0.00022169
ATOMUSDT,1741708800001,-0.00025716
ATOMUSDT,1741737600000,-0.00021854
ATOMUSDT,1741766400000,-0.00019572
ATOMUSDT,1741795200001,0.00000573
ATOMUSDT,1741824000000,0.00008361
ATOMUSDT,1741852800000,-0.00009177
ATOMUSDT,1741881600000,-0.00005665
ATOMUSDT,1741910400000,0.00000934
ATOMUSDT,1741939200000,-0.00021206
ATOMUSDT,1741968000000,-0.0001039
ATOMUSDT,1741996800000,-0.00030698
ATOMUSDT,1742025600000,-0.0003057
ATOMUSDT,1742054400000,-0.00037268
ATOMUSDT,1742083200000,-0.00012032
ATOMUSDT,1742112000000,-0.00006316
ATOMUSDT,1742140800000,-0.00000829
ATOMUSDT,1742169600000,-0.00002632
ATOMUSDT,1742198400000,0.00003345
ATOMUSDT,1742227200000,-0.00009979
ATOMUSDT,1742256000000,-0.00012296
ATOMUSDT,1742284800000,-0.00003911
ATOMUSDT,1742313600000,-0.00011492
ATOMUSDT,1742342400000,-0.0000916
ATOMUSDT,1742371200000,-0.00006974
ATOMUSDT,1742400000000,-0.00010331
ATOMUSDT,1742428800000,0.0000958
ATOMUSDT,1742457600000,-0.00014167
ATOMUSDT,1742486400000,0.00002616
ATOMUSDT,1742515200000,-0.00004075
ATOMUSDT,1742544000000,-0.00016927
ATOMUSDT,1742572800000,-0.00007341
ATOMUSDT,1742601600000,-0.00004645
ATOMUSDT,1742630400004,0.0001
ATOMUSDT,1742659200000,0.00000823
ATOMUSDT,1742688000000,-0.00009015
ATOMUSDT,1742716800000,-0.00006238
ATOMUSDT,1742745600000,-0.00014493
ATOMUSDT,1742774400000,-0.00006334
ATOMUSDT,1742803200000,0.0000414
ATOMUSDT,1742832000000,-0.00006599
ATOMUSDT,1742860800001,-0.00002924
ATOMUSDT,1742889600000,0.00004886
ATOMUSDT,1742918400000,0.0000044
ATOMUSDT,1742947200000,0.00008046
ATOMUSDT,1742976000000,-0.00003537
ATOMUSDT,1743004800001,-0.0000966
ATOMUSDT,1743033600001,0.00001353
ATOMUSDT,1743062400001,-0.00006623
ATOMUSDT,1743091200002,-0.00003577
ATOMUSDT,1743120000001,-0.00013218
ATOMUSDT,1743148800001,-0.00012931
ATOMUSDT,1743177600000,-0.00001884
ATOMUSDT,1743206400000,-0.00008434
ATOMUSDT,1743235200000,-0.00005544
ATOMUSDT,1743264000000,0.00007693
ATOMUSDT,1743292800000,0.00005581
ATOMUSDT,1743321600000,-0.00009743
ATOMUSDT,1743350400000,-0.00002145
ATOMUSDT,1743379200000,-0.00005169
ATOMUSDT,1743408000000,-0.00005224
ATOMUSDT,1743436800000,-0.00013077
ATOMUSDT,1743465600000,-0.00010621
ATOMUSDT,1743494400001,0.0001
ATOMUSDT,1743523200000,0.00003473
ATOMUSDT,1743552000001,0.00006502
ATOMUSDT,1743580800000,-0.00006501
ATOMUSDT,1743609600000,-0.0000198
ATOMUSDT,1743638400000,-0.00010015
ATOMUSDT,1743667200000,-0.00002407
ATOMUSDT,1743696000000,0.00003709
ATOMUSDT,1743724800000,-0.00019047
ATOMUSDT,1743753600000,-0.0001276
ATOMUSDT,1743782400000,0.00000262
ATOMUSDT,1743811200000,0.00009438
ATOMUSDT,1743840000000,0.0001
ATOMUSDT,1743868800000,-0.00005773
ATOMUSDT,1743897600000,0.00008972
ATOMUSDT,1743926400000,0.00006649
ATOMUSDT,1743955200002,0.00005168
ATOMUSDT,1743984000000,-0.00004685
ATOMUSDT,1744012800000,0.00002615
ATOMUSDT,1744041600000,-0.00005235
ATOMUSDT,1744070400000,-0.00001113
ATOMUSDT,1744099200000,-0.00036234
ATOMUSDT,1744128000000,-0.00018603
ATOMUSDT,1744156800000,-0.00017943
ATOMUSDT,1744185600001,-0.00008645
ATOMUSDT,1744214400000,-0.00008204
ATOMUSDT,1744243200000,0.0001
ATOMUSDT,1744272000000,0.00006337
ATOMUSDT,1744300800000,0.00003723
ATOMUSDT,1744329600001,-0.00000394
ATOMUSDT,1744358400000,0.00004869
ATOMUSDT,1744387200000,-0.00019256
ATOMUSDT,1744416000000,-0.00019579
ATOMUSDT,1744444800001,-0.00009357
ATOMUSDT,1744473600000,-0.0001735
ATOMUSDT,1744502400000,-0.00000445
ATOMUSDT,1744531200000,0.00005356
ATOMUSDT,1744560000000,-0.00017373
ATOMUSDT,1744588800000,-0.00030578
ATOMUSDT,1744617600000,-0.00029743
ATOMUSDT,1744646400000,-0.00016474
ATOMUSDT,1744675200000,-0.00019132
ATOMUSDT,1744704000000,-0.00032282
ATOMUSDT,1744732800001,-0.00014936
ATOMUSDT,1744761600000,-0.00021078
ATOMUSDT,1744790400000,-0.00013307
ATOMUSDT,1744819200000,-0.00030617
ATOMUSDT,1744848000001,-0.00021817
ATOMUSDT,1744876800000,-0.00011123
ATOMUSDT,1744905600001,-0.00016789
ATOMUSDT,1744934400000,-0.00027125
ATOMUSDT,1744963200000,-0.00012694
ATOMUSDT,1744992000000,-0.000109
ATOMUSDT,1745020800000,-0.0001216
ATOMUSDT,1745049600000,0.00002384
ATOMUSDT,1745078400000,-0.00020002
ATOMUSDT,1745107200000,0.0001
ATOMUSDT,1745136000000,0.00002747
ATOMUSDT,1745164800000,-0.00018836
ATOMUSDT,1745193600000,0.00000001
ATOMUSDT,1745222400005,0.0001
ATOMUSDT,1745251200003,0.00008766
ATOMUSDT,1745280000008,-0.00046177
ATOMUSDT,1745308800000,-0.00052757
ATOMUSDT,1745337600000,-0.00021675
ATOMUSDT,1745366400000,0.00009928
ATOMUSDT,1745395200002,-0.00006998
ATOMUSDT,1745424000000,0.00009775
ATOMUSDT,1745452800000,0.0001
ATOMUSDT,1745481600001,0.0001
ATOMUSDT,1745510400001,0.00000969
ATOMUSDT,1745539200007,0.00006406
ATOMUSDT,1745568000002,-0.0000283
ATOMUSDT,1745596800003,-0.00032733
ATOMUSDT,1745625600002,-0.00005955
ATOMUSDT,1745654400000,-0.00008602
ATOMUSDT,1745683200002,-0.00008511
ATOMUSDT,1745712000001,-0.00013763
ATOMUSDT,1745740800000,-0.00017659
ATOMUSDT,1745769600000,-0.00015145
ATOMUSDT,1745798400001,-0.00003147
ATOMUSDT,1745827200003,0.0001
ATOMUSDT,1745856000005,0.00000304
ATOMUSDT,1745884800000,0.0001
ATOMUSDT,1745913600000,0.0001
ATOMUSDT,1745942400010,0.00005046
ATOMUSDT,1745971200001,-0.00007296
ATOMUSDT,1746000000000,0.00009506
ATOMUSDT,1746028800003,-0.00001003
ATOMUSDT,1746057600000,-0.00008942
ATOMUSDT,1746086400000,-0.00005685
ATOMUSDT,1746115200001,-0.00007744
ATOMUSDT,1746144000000,0.0001
ATOMUSDT,1746172800000,0.0001
ATOMUSDT,1746201600003,-0.0000192
ATOMUSDT,1746230400000,0.00008163
ATOMUSDT,1746259200000,0.00004041
ATOMUSDT,1746288000000,-0.00018988
ATOMUSDT,1746316800001,-0.00013064
ATOMUSDT,1746345600001,-0.00006389
ATOMUSDT,1746374400002,-0.00024404
ATOMUSDT,1746403200000,-0.00032527
ATOMUSDT,1746432000000,-0.00027265
ATOMUSDT,1746460800006,-0.00044729
ATOMUSDT,1746489600002,-0.00017188
ATOMUSDT,1746518400005,-0.00026839
ATOMUSDT,1746547200000,-0.00005511
ATOMUSDT,1746576000002,-0.0002506
ATOMUSDT,1746604800000,-0.00033726
ATOMUSDT,1746633600006,-0.00031719
ATOMUSDT,1746662400000,-0.00012563
ATOMUSDT,1746691200001,0.0001
ATOMUSDT,1746720000002,0.0001
ATOMUSDT,1746748800001,0.0001
ATOMUSDT,1746777600006,0.0001
ATOMUSDT,1746806400000,0.0001
ATOMUSDT,1746835200001,0.0001
ATOMUSDT,1746864000000,0.0001
ATOMUSDT,1746892800001,0.0001
ATOMUSDT,1746921600000,0.00000579
ATOMUSDT,1746950400001,0.0001
ATOMUSDT,1746979200001,-0.0000105
ATOMUSDT,1747008000004,-0.00004059
ATOMUSDT,1747036800000,0.00009805
ATOMUSDT,1747065600000,0.00009326
ATOMUSDT,1747094400000,0.0001
ATOMUSDT,1747123200008,0.0001
ATOMUSDT,1747152000001,0.0001
ATOMUSDT,1747180800007,0.0001
ATOMUSDT,1747209600000,0.0001
ATOMUSDT,1747238400002,0.00005997
ATOMUSDT,1747267200000,0.0001
ATOMUSDT,1747296000003,0.00007045
ATOMUSDT,1747324800000,-0.00003359
ATOMUSDT,1747353600001,0.00002054
ATOMUSDT,1747382400000,0.00004074
ATOMUSDT,1747411200000,-0.00001857
ATOMUSDT,1747440000000,-0.00006914
ATOMUSDT,1747468800001,0.00002194
ATOMUSDT,1747497600004,-0.00013552
ATOMUSDT,1747526400000,-0.00005055
ATOMUSDT,1747555200000,0.00005506
ATOMUSDT,1747584000000,0.00001993
ATOMUSDT,1747612800000,-0.0000293
ATOMUSDT,1747641600006,-0.00019528
ATOMUSDT,1747670400010,0.00007815
ATOMUSDT,1747699200000,0.0001
ATOMUSDT,1747728000002,0.0001
ATOMUSDT,1747756800000,0.00000802
ATOMUSDT,1747785600000,0.0001
ATOMUSDT,1747814400001,0.0001
ATOMUSDT,1747843200004,0.00004483
ATOMUSDT,1747872000001,0.0001
ATOMUSDT,1747900800000,0.0001
ATOMUSDT,1747929600002,0.0000825
ATOMUSDT,1747958400006,0.0001
ATOMUSDT,1747987200000,0.0001
ATOMUSDT,1748016000007,0.00007695
ATOMUSDT,1748044800010,0.00002158
ATOMUSDT,1748073600000,-0.00009186
ATOMUSDT,1748102400003,-0.00021379
ATOMUSDT,1748131200004,-0.00011137
ATOMUSDT,1748160000000,0.00001626
ATOMUSDT,1748188800000,-0.00011845
ATOMUSDT,1748217600000,-0.00003953
ATOMUSDT,1748246400000,0.00000732
ATOMUSDT,1748275200002,-0.00009047
ATOMUSDT,1748304000003,-0.00011974
ATOMUSDT,1748332800001,-0.00004519
ATOMUSDT,1748361600005,0.00006332
ATOMUSDT,1748390400002,0.0001
ATOMUSDT,1748419200003,-0.00006877
ATOMUSDT,1748448000002,0.00005565
ATOMUSDT,1748476800000,0.0001
ATOMUSDT,1748505600006,0.0001
ATOMUSDT,1748534400000,0.00007299
ATOMUSDT,1748563200003,-0.00002399
ATOMUSDT,1748592000003,-0.00028439
ATOMUSDT,1748620800000,0.00000632
ATOMUSDT,1748649600000,-0.00006349
ATOMUSDT,1748678400000,-0.00009198
ATOMUSDT,1748707200000,-0.00009304
ATOMUSDT,1748736000001,-0.00014027
ATOMUSDT,1748764800002,0.000024
ATOMUSDT,1748793600000,-0.00003009
ATOMUSDT,1748822400001,-0.00002889
ATOMUSDT,1748851200000,-0.00004091
ATOMUSDT,1748880000000,0.00001586
ATOMUSDT,1748908800000,0.0001
ATOMUSDT,1748937600000,0.0000582
ATOMUSDT,1748966400001,0.0001
ATOMUSDT,1748995200000,0.00006276
ATOMUSDT,1749024000000,0.00005425
ATOMUSDT,1749052800000,-0.00007411
ATOMUSDT,1749081600016,-0.00010802
ATOMUSDT,1749110400000,-0.00013496
ATOMUSDT,1749139200000,-0.00005083
ATOMUSDT,1749168000002,-0.00025685
ATOMUSDT,1749196800000,-0.00014342
ATOMUSDT,1749225600006,-0.00028136
ATOMUSDT,1749254400000,-0.00012383
ATOMUSDT,1749283200000,0.00003687
ATOMUSDT,1749312000002,-0.00003827
ATOMUSDT,1749340800000,0.0001
ATOMUSDT,1749369600000,0.0001
ATOMUSDT,1749398400000,0.00009036
ATOMUSDT,1749427200000,-0.00005209
ATOMUSDT,1749456000001,-0.00011879
ATOMUSDT,1749484800001,-0.00000644
ATOMUSDT,1749513600000,0.00009793
ATOMUSDT,1749542400001,0.0001
ATOMUSDT,1749571200003,0.00002458
ATOMUSDT,1749600000000,0.00004411
ATOMUSDT,1749628800000,0.00006672
ATOMUSDT,1749657600010,0.00002699
ATOMUSDT,1749686400002,0.00005665
ATOMUSDT,1749715200003,-0.00004555
ATOMUSDT,1749744000001,-0.00009728
ATOMUSDT,1749772800000,-0.00009351
ATOMUSDT,1749801600001,-0.00034018
ATOMUSDT,1749830400004,-0.00020217
ATOMUSDT,1749859200000,-0.00007038
ATOMUSDT,1749888000000,-0.00006075
ATOMUSDT,1749916800000,-0.00026212
ATOMUSDT,1749945600005,0.00004157
ATOMUSDT,1749974400009,-0.00007605
ATOMUSDT,1750003200000,-0.0000999
ATOMUSDT,1750032000000,-0.00014726
ATOMUSDT,1750060800000,0.00005511
ATOMUSDT,1750089600003,0.00002641
ATOMUSDT,1750118400000,0.00003123
ATOMUSDT,1750147200006,0.00002787
ATOMUSDT,1750176000001,-0.00011495
ATOMUSDT,1750204800001,-0.00013194
ATOMUSDT,1750233600001,-0.00004324
ATOMUSDT,1750262400001,-0.00038824
ATOMUSDT,1750291200005,-0.00021948
ATOMUSDT,1750320000003,0.00004155
ATOMUSDT,1750348800000,-0.00002618
ATOMUSDT,1750377600000,-0.00015732
ATOMUSDT,1750406400002,0.00001645
ATOMUSDT,1750435200001,-0.0001668
ATOMUSDT,1750464000002,-0.00026348
ATOMUSDT,1750492800005,-0.00028733
ATOMUSDT,1750521600000,-0.00023786
ATOMUSDT,1750550400005,-0.0004048
ATOMUSDT,1750579200000,-0.00036596
ATOMUSDT,1750608000003,-0.00039008
ATOMUSDT,1750636800000,-0.00040328
ATOMUSDT,1750665600004,-0.00027144
ATOMUSDT,1750694400013,-0.00010486
ATOMUSDT,1750723200003,0.00004346
ATOMUSDT,1750752000000,-0.00000701
ATOMUSDT,1750780800000,-0.00031224
ATOMUSDT,1750809600005,-0.00004201
ATOMUSDT,1750838400000,-0.00010444
ATOMUSDT,1750867200005,-0.00018472
ATOMUSDT,1750896000000,-0.00017293
ATOMUSDT,1750924800006,-0.00020138
ATOMUSDT,1750953600007,-0.00027418
ATOMUSDT,1750982400000,-0.00024961
ATOMUSDT,1751011200000,-0.00023212
ATOMUSDT,1751040000009,-0.00010092
ATOMUSDT,1751068800001,-0.00006295
ATOMUSDT,1751097600002,-0.00002018
ATOMUSDT,1751126400000,-0.00041502
ATOMUSDT,1751155200004,-0.00003099
ATOMUSDT,1751184000001,-0.00003134
ATOMUSDT,1751212800001,-0.00016816
ATOMUSDT,1751241600000,0.00000159
ATOMUSDT,1751270400005,0.0000814
ATOMUSDT,1751299200002,-0.00009761
ATOMUSDT,1751328000007,-0.00008578
ATOMUSDT,1751356800002,-0.00006515
ATOMUSDT,1751385600000,-0.00023113
ATOMUSDT,1751414400001,-0.00036122
ATOMUSDT,1751443200000,-0.00009991
ATOMUSDT,1751472000003,-0.00011047
ATOMUSDT,1751500800006,0.0001
ATOMUSDT,1751529600003,0.0001
ATOMUSDT,1751558400003,-0.00003778
ATOMUSDT,1751587200005,-0.00006786
ATOMUSDT,1751616000003,-0.00009866
ATOMUSDT,1751644800001,-0.00013733
ATOMUSDT,1751673600004,-0.00019991
ATOMUSDT,1751702400009,-0.00008835
ATOMUSDT,1751731200006,-0.00023809
ATOMUSDT,1751760000001,-0.00010686
ATOMUSDT,1751788800002,-0.00020187
ATOMUSDT,1751817600004,-0.00012257
ATOMUSDT,1751846400000,-0.00006418
ATOMUSDT,1751875200007,0.0001
ATOMUSDT,1751904000000,-0.00013115
ATOMUSDT,1751932800010,-0.0000727
ATOMUSDT,1751961600003,-0.00013884
ATOMUSDT,1751990400000,-0.00021068
ATOMUSDT,1752019200002,0.00008116
ATOMUSDT,1752048000006,0.0001
ATOMUSDT,1752076800001,0.00007329
ATOMUSDT,1752105600003,0.00009773
ATOMUSDT,1752134400000,0.00009759
ATOMUSDT,1752163200004,-0.00002508
ATOMUSDT,1752192000004,-0.00001874
ATOMUSDT,1752220800007,0.00007695
ATOMUSDT,1752249600001,0.0001
ATOMUSDT,1752278400000,-0.00004164
ATOMUSDT,1752307200001,0.0001
ATOMUSDT,1752336000002,-0.00002479
ATOMUSDT,1752364800006,0.00003371
ATOMUSDT,1752393600001,0.0001
ATOMUSDT,1752422400003,0.0001
ATOMUSDT,1752451200000,0.00006881
ATOMUSDT,1752480000000,0.0001
ATOMUSDT,1752508800000,0.0001
ATOMUSDT,1752537600002,0.00009769
ATOMUSDT,1752566400000,0.0001
ATOMUSDT,1752595200000,0.0001
ATOMUSDT,1752624000000,0.0001
ATOMUSDT,1752652800000,0.0001
ATOMUSDT,1752681600008,0.0001
ATOMUSDT,1752710400003,0.0001
ATOMUSDT,1752739200000,0.0001
ATOMUSDT,1752768000000,0.0001
ATOMUSDT,1752796800004,0.0001
ATOMUSDT,1752825600000,0.0001
ATOMUSDT,1752854400000,0.0001
ATOMUSDT,1752883200009,0.0001
ATOMUSDT,1752912000000,0.0001
ATOMUSDT,1752940800002,0.0001
ATOMUSDT,1752969600000,0.0001
ATOMUSDT,1752998400000,0.0001
ATOMUSDT,1753027200000,0.0001
ATOMUSDT,1753056000001,0.0001
ATOMUSDT,1753084800000,0.0001
ATOMUSDT,1753113600001,0.0001
ATOMUSDT,1753142400000,0.0001
ATOMUSDT,1753171200010,0.0001
ATOMUSDT,1753200000007,0.0001
ATOMUSDT,1753228800000,0.0001
ATOMUSDT,1753257600004,0.0001
ATOMUSDT,1753286400002,0.0001
ATOMUSDT,1753315200000,0.0001
ATOMUSDT,1753344000001,0.00000934
ATOMUSDT,1753372800000,-0.00007497
ATOMUSDT,1753401600000,0.00004241
ATOMUSDT,1753430400000,0.00003261
ATOMUSDT,1753459200000,0.0001
ATOMUSDT,1753488000001,0.0001
ATOMUSDT,1753516800005,0.0001
ATOMUSDT,1753545600001,0.00007899
ATOMUSDT,1753574400001,0.00006867
ATOMUSDT,1753603200000,0.0001
ATOMUSDT,1753632000008,0.0001
ATOMUSDT,1753660800005,0.0001
ATOMUSDT,1753689600000,0.0001
ATOMUSDT,1753718400000,0.00004336
ATOMUSDT,1753747200001,-0.00037965
ATOMUSDT,1753776000000,-0.00031204
ATOMUSDT,1753804800000,0.00004127
ATOMUSDT,1753833600011,-0.0000827
ATOMUSDT,1753862400000,0.0001
ATOMUSDT,1753891200008,0.0001
ATOMUSDT,1753920000000,0.00001574
ATOMUSDT,1753948800009,0.00005739
ATOMUSDT,1753977600000,-0.0002021
ATOMUSDT,1754006400001,-0.00006232
ATOMUSDT,1754035200003,-0.00015015
ATOMUSDT,1754064000000,-0.00029024
ATOMUSDT,1754092800004,-0.00015343
ATOMUSDT,1754121600000,-0.00013972
ATOMUSDT,1754150400000,-0.00011651
ATOMUSDT,1754179200000,-0.00016726
ATOMUSDT,1754208000000,-0.00017437
ATOMUSDT,1754236800003,-0.00024322
ATOMUSDT,1754265600004,-0.00018468
ATOMUSDT,1754294400000,-0.00005028
ATOMUSDT,1754323200002,-0.00003196
ATOMUSDT,1754352000000,0.00008116
ATOMUSDT,1754380800000,0.00004219
ATOMUSDT,1754409600000,-0.00004609
ATOMUSDT,1754438400005,-0.00010392
ATOMUSDT,1754467200000,-0.0001422
ATOMUSDT,1754496000000,0.00006027
ATOMUSDT,1754524800003,-0.00011127
ATOMUSDT,1754553600002,0.00007304
ATOMUSDT,1754582400002,0.00002911
ATOMUSDT,1754611200002,0.00003621
ATOMUSDT,1754640000004,-0.00006312
ATOMUSDT,1754668800000,-0.00011743
ATOMUSDT,1754697600005,0.0001
ATOMUSDT,1754726400000,0.0001
ATOMUSDT,1754755200007,0.0001
ATOMUSDT,1754784000003,0.0001
ATOMUSDT,1754812800005,-0.00002226
ATOMUSDT,1754841600002,0.0001
ATOMUSDT,1754870400000,0.0001
ATOMUSDT,1754899200000,0.0001
ATOMUSDT,1754928000000,-0.00011243
ATOMUSDT,1754956800000,-0.00023642
ATOMUSDT,1754985600001,-0.00004566
ATOMUSDT,1755014400005,-0.00003155
ATOMUSDT,1755043200000,0.0001
ATOMUSDT,1755072000002,0.0001
ATOMUSDT,1755100800006,0.0001
ATOMUSDT,1755129600002,0.0001
ATOMUSDT,1755158400003,0.0001
ATOMUSDT,1755187200000,0.0001
ATOMUSDT,1755216000000,-0.00006392
ATOMUSDT,1755244800000,-0.00015967
ATOMUSDT,1755273600000,-0.00013676
ATOMUSDT,1755302400004,-0.00014448
ATOMUSDT,1755331200000,-0.00000105
ATOMUSDT,1755360000002,-0.00007212
ATOMUSDT,1755388800000,-0.00009182
ATOMUSDT,1755417600001,0.00003849
ATOMUSDT,1755446400007,0.00007995
ATOMUSDT,1755475200000,0.0001
ATOMUSDT,1755504000001,-0.00014553
ATOMUSDT,1755532800002,-0.000239
ATOMUSDT,1755561600000,-0.00019476
ATOMUSDT,1755590400001,-0.00013152
ATOMUSDT,1755619200000,-0.00004017
ATOMUSDT,1755648000000,-0.00011439
ATOMUSDT,1755676800000,-0.00007916
ATOMUSDT,1755705600000,-0.00007532
ATOMUSDT,1755734400006,0.00003154
ATOMUSDT,1755763200000,-0.0000644
ATOMUSDT,1755792000003,-0.00008333
ATOMUSDT,1755820800010,0.00000163
ATOMUSDT,1755849600007,-0.00005056
ATOMUSDT,1755878400001,-0.00012584
ATOMUSDT,1755907200004,0.0001
ATOMUSDT,1755936000006,0.0001
ATOMUSDT,1755964800000,0.0001
ATOMUSDT,1755993600001,0.0001
ATOMUSDT,1756022400002,0.0001
ATOMUSDT,1756051200001,0.00006434
ATOMUSDT,1756080000000,0.00002561
ATOMUSDT,1756108800002,0.00003822
ATOMUSDT,1756137600002,-0.00036487
ATOMUSDT,1756166400000,-0.00023668
ATOMUSDT,1756195200000,-0.00005239
ATOMUSDT,1756224000000,-0.00004128
ATOMUSDT,1756252800003,0.00001141
ATOMUSDT,1756281600000,0.00002985
ATOMUSDT,1756310400009,-0.00002958
ATOMUSDT,1756339200000,0.0000713
ATOMUSDT,1756368000005,-0.00002949
ATOMUSDT,1756396800004,-0.00005764
ATOMUSDT,1756425600000,0.00000277
ATOMUSDT,1756454400000,-0.00003741
ATOMUSDT,1756483200005,-0.0000767
ATOMUSDT,1756512000000,-0.00030665
ATOMUSDT,1756540800002,-0.00020371
ATOMUSDT,1756569600003,-0.00009112
ATOMUSDT,1756598400016,-0.00005233
ATOMUSDT,1756627200000,-0.00001482
ATOMUSDT,1756656000001,-0.00002312
ATOMUSDT,1756684800000,-0.00011702
ATOMUSDT,1756713600000,-0.00020118
ATOMUSDT,1756742400001,0.0001
ATOMUSDT,1756771200000,-0.00024476
ATOMUSDT,1756800000005,-0.00006334
ATOMUSDT,1756828800007,0.0000551
ATOMUSDT,1756857600006,-0.00001795
ATOMUSDT,1756886400002,-0.000127
ATOMUSDT,1756915200002,0.0000264
ATOMUSDT,1756944000002,0.00008432
ATOMUSDT,1756972800000,-0.00024706
ATOMUSDT,1757001600000,-0.00006689
ATOMUSDT,1757030400001,-0.00038011
ATOMUSDT,1757059200006,0.0000146
ATOMUSDT,1757088000000,0.0001
ATOMUSDT,1757116800000,0.00009182
ATOMUSDT,1757145600005,-0.0000185
ATOMUSDT,1757174400000,-0.0000517
ATOMUSDT,1757203200000,-0.00018388
ATOMUSDT,1757232000000,0.0001
ATOMUSDT,1757260800000,0.0001
ATOMUSDT,1757289600007,0.00000632
ATOMUSDT,1757318400000,0.00007828
ATOMUSDT,1757347200000,0.0001
ATOMUSDT,1757376000000,0.0001
ATOMUSDT,1757404800000,0.0000894
ATOMUSDT,1757433600000,0.0001
ATOMUSDT,1757462400000,0.00005498
ATOMUSDT,1757491200002,0.0001
ATOMUSDT,1757520000000,0.0001
ATOMUSDT,1757548800000,0.0001
ATOMUSDT,1757577600000,0.0001
ATOMUSDT,1757606400001,0.0001
ATOMUSDT,1757635200002,0.0001
ATOMUSDT,1757664000001,0.0001
ATOMUSDT,1757692800005,0.00006403
ATOMUSDT,1757721600005,0.0001
ATOMUSDT,1757750400002,0.0001
ATOMUSDT,1757779200000,0.0001
ATOMUSDT,1757808000006,0.0001
ATOMUSDT,1757836800000,0.0001
ATOMUSDT,1757865600001,0.0001
ATOMUSDT,1757894400006,0.0001
ATOMUSDT,1757923200002,0.0001
ATOMUSDT,1757952000001,-0.00023943
ATOMUSDT,1757980800001,-0.0000086
ATOMUSDT,1758009600000,0.0001
ATOMUSDT,1758038400000,0.00000719
ATOMUSDT,1758067200001,-0.00000647
ATOMUSDT,1758096000000,0.00001776
ATOMUSDT,1758124800003,-0.00004466
ATOMUSDT,1758153600006,0.0001
ATOMUSDT,1758182400002,0.0001
ATOMUSDT,1758211200000,0.0001
ATOMUSDT,1758240000000,0.0001
ATOMUSDT,1758268800005,0.0001
ATOMUSDT,1758297600000,0.00007216
ATOMUSDT,1758326400000,-0.00010451
ATOMUSDT,1758355200000,-0.00006423
ATOMUSDT,1758384000002,-0.00005646
ATOMUSDT,1758412800000,0.00000902
ATOMUSDT,1758441600000,0.0001
ATOMUSDT,1758470400000,-0.00005021
ATOMUSDT,1758499200005,0.00002057
ATOMUSDT,1758528000003,-0.00042281
ATOMUSDT,1758556800000,-0.00021305
ATOMUSDT,1758585600000,-0.00021991
ATOMUSDT,1758614400001,-0.00023118
ATOMUSDT,1758643200000,-0.00016151
ATOMUSDT,1758672000003,0.00001054
ATOMUSDT,1758700800001,-0.00005335
ATOMUSDT,1758729600002,0.00002884
ATOMUSDT,1758758400000,-0.00028964
ATOMUSDT,1758787200001,-0.00023576
ATOMUSDT,1758816000000,-0.00009155
ATOMUSDT,1758844800000,-0.00028358
ATOMUSDT,1758873600000,-0.00006376
ATOMUSDT,1758902400008,-0.00002099
ATOMUSDT,1758931200000,0.00007067
ATOMUSDT,1758960000010,0.00001851
ATOMUSDT,1758988800003,-0.00002315
ATOMUSDT,1759017600000,-0.00033094
ATOMUSDT,1759046400000,-0.00001909
ATOMUSDT,1759075200000,-0.00028483
ATOMUSDT,1759104000000,-0.00006745
ATOMUSDT,1759132800002,0.0001
ATOMUSDT,1759161600001,-0.00003488
ATOMUSDT,1759190400002,0.0000959
ATOMUSDT,1759219200005,-0.0000368
ATOMUSDT,1759248000000,-0.00013865
ATOMUSDT,1759276800000,-0.00007337
ATOMUSDT,1759305600000,0.00008184
ATOMUSDT,1759334400000,0.0001
ATOMUSDT,1759363200000,0.0001
ATOMUSDT,1759392000013,0.0001
ATOMUSDT,1759420800000,0.0001
ATOMUSDT,1759449600006,0.0001
ATOMUSDT,1759478400006,0.0001
ATOMUSDT,1759507200000,0.00008202
ATOMUSDT,1759536000001,0.0001
ATOMUSDT,1759564800000,0.0001
ATOMUSDT,1759593600000,-0.0000776
ATOMUSDT,1759622400000,-0.00001404
ATOMUSDT,1759651200003,0.0001
ATOMUSDT,1759680000009,0.0001
ATOMUSDT,1759708800004,-0.00001917
ATOMUSDT,1759737600002,-0.00010141
ATOMUSDT,1759766400004,0.0001
ATOMUSDT,1759795200000,0.0001
ATOMUSDT,1759824000003,0.0001
ATOMUSDT,1759852800000,0.0001
ATOMUSDT,1759881600000,-0.00015695
ATOMUSDT,1759910400006,-0.00013812
ATOMUSDT,1759939200002,-0.00002268
ATOMUSDT,1759968000001,0.0001
ATOMUSDT,1759996800000,0.00003242
ATOMUSDT,1760025600000,-0.0000926
ATOMUSDT,1760054400005,0.00000224
ATOMUSDT,1760083200002,0.00003057
ATOMUSDT,1760112000014,0.0001
ATOMUSDT,1760140800000,-0.00218287
ATOMUSDT,1760169600003,-0.00111801
ATOMUSDT,1760198400000,-0.00116239
ATOMUSDT,1760227200004,-0.0045
ATOMUSDT,1760256000002,-0.00082214
ATOMUSDT,1760284800000,-0.0005692
ATOMUSDT,1760313600003,-0.0004462
ATOMUSDT,1760342400002,-0.00048967
ATOMUSDT,1760371200003,-0.00026111
ATOMUSDT,1760400000000,-0.00052836
ATOMUSDT,1760428800000,-0.00034599
ATOMUSDT,1760457600000,-0.00022733
ATOMUSDT,1760486400006,-0.00034062
ATOMUSDT,1760515200002,-0.00013335
ATOMUSDT,1760544000000,-0.00010898
ATOMUSDT,1760572800000,-0.00007942
ATOMUSDT,1760601600003,-0.00013194
ATOMUSDT,1760630400002,-0.00015605
ATOMUSDT,1760659200001,-0.00027219
ATOMUSDT,1760688000005,-0.00024616
ATOMUSDT,1760716800003,-0.00031575
ATOMUSDT,1760745600000,-0.00025775
ATOMUSDT,1760774400002,-0.00021681
ATOMUSDT,1760803200001,-0.00043584
ATOMUSDT,1760832000001,-0.00019939
ATOMUSDT,1760860800001,-0.00042321
ATOMUSDT,1760889600001,-0.0001834
ATOMUSDT,1760918400004,-0.00031673
ATOMUSDT,1760947200001,-0.00022204
ATOMUSDT,1760976000000,-0.00022266
ATOMUSDT,1761004800009,-0.00038704
ATOMUSDT,1761033600000,-0.00040999
ATOMUSDT,1761062400000,-0.0001381
ATOMUSDT,1761091200004,-0.0002539
ATOMUSDT,1761120000000,-0.00021408
ATOMUSDT,1761148800000,-0.00013582
ATOMUSDT,1761177600000,-0.00026413
ATOMUSDT,1761206400001,-0.0003074
ATOMUSDT,1761235200004,-0.00022729
ATOMUSDT,1761264000000,-0.00005912
ATOMUSDT,1761292800000,-0.00024707
ATOMUSDT,1761321600009,-0.00030239
ATOMUSDT,1761350400000,-0.00005098
ATOMUSDT,1761379200001,-0.00026114
ATOMUSDT,1761408000001,-0.00021412
ATOMUSDT,1761436800001,-0.0002167
ATOMUSDT,1761465600001,-0.00035633
ATOMUSDT,1761494400000,-0.00012551
ATOMUSDT,1761523200000,-0.00005485
ATOMUSDT,1761552000005,-0.00009123
ATOMUSDT,1761580800000,-0.00013249
ATOMUSDT,1761609600000,-0.00026259
ATOMUSDT,1761638400000,-0.00029204
ATOMUSDT,1761667200004,-0.00028858
ATOMUSDT,1761696000004,-0.00052317
ATOMUSDT,1761724800005,-0.00046487
ATOMUSDT,1761753600000,-0.00021388
ATOMUSDT,1761782400004,-0.00065662
ATOMUSDT,1761811200008,-0.00088282
ATOMUSDT,1761840000001,-0.0014222
ATOMUSDT,1761868800000,-0.002872
ATOMUSDT,1761897600008,-0.00060426
ATOMUSDT,1761926400007,-0.00084366
ATOMUSDT,1761955200001,-0.00060503
ATOMUSDT,1761984000000,-0.00060966
ATOMUSDT,1762012800000,-0.0002364
ATOMUSDT,1762041600007,-0.00023267
ATOMUSDT,1762070400000,-0.00013142
ATOMUSDT,1762099200001,-0.00049313
ATOMUSDT,1762128000000,-0.00017386
ATOMUSDT,1762156800010,-0.00111948
ATOMUSDT,1762185600000,-0.00069469
ATOMUSDT,1762214400002,-0.00006259
ATOMUSDT,1762243200004,-0.00054177
ATOMUSDT,1762272000000,-0.00056022
ATOMUSDT,1762300800000,-0.00028421
ATOMUSDT,1762329600000,-0.00005495
ATOMUSDT,1762358400004,-0.00013919
ATOMUSDT,1762387200001,-0.00024639
ATOMUSDT,1762416000000,0.00001375
ATOMUSDT,1762444800001,-0.00007474
ATOMUSDT,1762473600005,-0.00009744
ATOMUSDT,1762502400003,-0.00018657
ATOMUSDT,1762531200005,-0.00019741
ATOMUSDT,1762560000011,0.00001573
ATOMUSDT,1762588800015,-0.00000365
ATOMUSDT,1762617600001,-0.00001769
ATOMUSDT,1762646400004,-0.00011109
ATOMUSDT,1762675200000,-0.00013706
ATOMUSDT,1762704000005,0.00000164
ATOMUSDT,1762732800000,-0.00008281
ATOMUSDT,1762761600000,-0.00004131
ATOMUSDT,1762790400003,-0.00019711
ATOMUSDT,1762819200007,-0.00010813
ATOMUSDT,1762848000000,-0.00010401
ATOMUSDT,1762876800009,0.00004362
ATOMUSDT,1762905600000,-0.00017909
ATOMUSDT,1762934400002,0.00000574
ATOMUSDT,1762963200000,-0.00006651
ATOMUSDT,1762992000002,-0.00033341
ATOMUSDT,1763020800000,-0.00015165
ATOMUSDT,1763049600001,-0.00008125
ATOMUSDT,1763078400000,-0.00006495
ATOMUSDT,1763107200000,0.00002671
ATOMUSDT,1763136000001,0.0001
ATOMUSDT,1763164800005,-0.00003666
ATOMUSDT,1763193600000,0.00002683
ATOMUSDT,1763222400001,-0.00016145
ATOMUSDT,1763251200001,-0.00016836
ATOMUSDT,1763280000000,-0.00003516
ATOMUSDT,1763308800000,-0.00015292
ATOMUSDT,1763337600003,-0.0000374
ATOMUSDT,1763366400003,-0.00008501
ATOMUSDT,1763395200000,0.00005635
ATOMUSDT,1763424000002,-0.0000687
ATOMUSDT,1763452800004,-0.00003801
ATOMUSDT,1763481600000,0.0001
ATOMUSDT,1763510400000,0.00002999
ATOMUSDT,1763539200000,-0.00009405
ATOMUSDT,1763568000008,0.0000317
ATOMUSDT,1763596800000,0.00008651
ATOMUSDT,1763625600000,-0.00019067
ATOMUSDT,1763654400000,0.0001
ATOMUSDT,1763683200001,-0.00038458
ATOMUSDT,1763712000000,-0.00012167
ATOMUSDT,1763740800001,-0.00032553
ATOMUSDT,1763769600004,-0.00014809
ATOMUSDT,1763798400000,-0.00004897
ATOMUSDT,1763827200000,-0.00021216
ATOMUSDT,1763856000000,-0.00032697
ATOMUSDT,1763884800008,-0.00019202
ATOMUSDT,1763913600003,-0.00044171
ATOMUSDT,1763942400004,-0.00025312
ATOMUSDT,1763971200000,-0.00009272
ATOMUSDT,1764000000006,-0.00004727
ATOMUSDT,1764028800000,-0.00027347
ATOMUSDT,1764057600009,-0.00011912
ATOMUSDT,1764086400007,-0.00014029
ATOMUSDT,1764115200001,-0.00000054
ATOMUSDT,1764144000001,-0.00015809
ATOMUSDT,1764172800000,-0.00013405
ATOMUSDT,1764201600013,0.0000538
ATOMUSDT,1764230400000,-0.00013065
ATOMUSDT,1764259200004,-0.00008394
ATOMUSDT,1764288000008,-0.00026802
ATOMUSDT,1764316800000,-0.00024746
ATOMUSDT,1764345600008,-0.00009966
ATOMUSDT,1764374400000,-0.00005977
ATOMUSDT,1764403200005,-0.00022099
ATOMUSDT,1764432000001,-0.00052313
ATOMUSDT,1764460800003,-0.00005053
ATOMUSDT,1764489600000,-0.0002432
ATOMUSDT,1764518400004,-0.00028467
ATOMUSDT,1764547200000,-0.00038897
ATOMUSDT,1764576000004,-0.00047489
ATOMUSDT,1764604800000,-0.00004057
ATOMUSDT,1764633600004,-0.00025112
ATOMUSDT,1764662400000,-0.00022206
ATOMUSDT,1764691200000,-0.00006624
ATOMUSDT,1764720000000,0.00005297
ATOMUSDT,1764748800000,-0.00004701
ATOMUSDT,1764777600005,-0.00004309
ATOMUSDT,1764806400012,-0.00016536
ATOMUSDT,1764835200000,-0.00024523
ATOMUSDT,1764864000011,-0.00016321
ATOMUSDT,1764892800000,-0.00029902
ATOMUSDT,1764921600000,-0.00031958
ATOMUSDT,1764950400010,-0.00035188
ATOMUSDT,1764979200001,-0.00061789
ATOMUSDT,1765008000001,-0.00066711
ATOMUSDT,1765036800008,-0.00045371
ATOMUSDT,1765065600000,0.00001323
ATOMUSDT,1765094400004,-0.00017293
ATOMUSDT,1765123200000,-0.00025106
ATOMUSDT,1765152000000,-0.00046728
ATOMUSDT,1765180800000,-0.00021141
ATOMUSDT,1765209600001,-0.00023529
ATOMUSDT,1765238400001,0.00001552
ATOMUSDT,1765267200001,-0.00012455
ATOMUSDT,1765296000007,0.00003133
ATOMUSDT,1765324800007,-0.00008112
ATOMUSDT,1765353600002,-0.00004593
ATOMUSDT,1765382400012,0.00003127
ATOMUSDT,1765411200001,-0.00007452
ATOMUSDT,1765440000000,-0.00034047
ATOMUSDT,1765468800000,-0.00016192
ATOMUSDT,1765497600005,-0.0001327
ATOMUSDT,1765526400007,-0.00021067
ATOMUSDT,1765555200002,-0.00019276
ATOMUSDT,1765584000001,-0.00029782
ATOMUSDT,1765612800006,0.00000515
ATOMUSDT,1765641600000,0.0001
ATOMUSDT,1765670400000,-0.00002691
ATOMUSDT,1765699200003,-0.00026659
ATOMUSDT,1765728000005,-0.00017794
ATOMUSDT,1765756800000,-0.00025846
ATOMUSDT,1765785600000,-0.00004615
ATOMUSDT,1765814400000,-0.00018297
ATOMUSDT,1765843200002,-0.00013769
ATOMUSDT,1765872000000,-0.00008599
ATOMUSDT,1765900800002,0.00007466
ATOMUSDT,1765929600004,-0.00000608
ATOMUSDT,1765958400000,-0.00002516
ATOMUSDT,1765987200000,0.00005376
ATOMUSDT,1766016000005,-0.00001753
ATOMUSDT,1766044800007,-0.00009522
ATOMUSDT,1766073600001,-0.00005475
ATOMUSDT,1766102400000,-0.00024475
ATOMUSDT,1766131200001,-0.00005937
ATOMUSDT,1766160000000,-0.00007592
ATOMUSDT,1766188800005,0.00009572
ATOMUSDT,1766217600000,0.00005986
ATOMUSDT,1766246400002,-0.00006927
ATOMUSDT,1766275200000,-0.00008249
ATOMUSDT,1766304000009,-0.00006397
ATOMUSDT,1766332800000,-0.00020462
ATOMUSDT,1766361600000,-0.00001757
ATOMUSDT,1766390400005,0.00001236
ATOMUSDT,1766419200009,0.00006703
ATOMUSDT,1766448000000,-0.00007288
ATOMUSDT,1766476800000,-0.00008015
ATOMUSDT,1766505600001,-0.00022787
ATOMUSDT,1766534400001,0.00001433
ATOMUSDT,1766563200001,-0.00014916
ATOMUSDT,1766592000000,-0.00001109
ATOMUSDT,1766620800000,0.00008571
ATOMUSDT,1766649600001,0.0001
ATOMUSDT,1766678400005,-0.00003251
ATOMUSDT,1766707200004,-0.00011731
ATOMUSDT,1766736000001,0.00001216
ATOMUSDT,1766764800007,-0.00000846
ATOMUSDT,1766793600000,-0.00002263
ATOMUSDT,1766822400000,-0.00002565
ATOMUSDT,1766851200011,0.00007473
ATOMUSDT,1766880000008,0.00006969
ATOMUSDT,1766908800000,0.00000432
ATOMUSDT,1766937600000,0.000002
ATOMUSDT,1766966400016,0.00003825
ATOMUSDT,1766995200001,-0.00003791
ATOMUSDT,1767024000000,-0.00003628
ATOMUSDT,1767052800005,0.00007618
ATOMUSDT,1767081600001,-0.00002924
ATOMUSDT,1767110400003,0.0001
ATOMUSDT,1767139200004,-0.00008418
ATOMUSDT,1767168000001,0.0000288
ATOMUSDT,1767196800001,0.00000719
ATOMUSDT,1767225600008,0.00007378
ATOMUSDT,1767254400002,0.00000228
ATOMUSDT,1767283200001,0.00009112
ATOMUSDT,1767312000006,0.00008102
ATOMUSDT,1767340800007,-0.00000484
ATOMUSDT,1767369600000,-0.00027262
ATOMUSDT,1767398400001,-0.00018941
ATOMUSDT,1767427200000,0.00001749
ATOMUSDT,1767456000000,-0.00016876
ATOMUSDT,1767484800000,-0.0001029
ATOMUSDT,1767513600000,-0.0000784
ATOMUSDT,1767542400001,-0.00008185
ATOMUSDT,1767571200000,-0.0000076
ATOMUSDT,1767600000000,-0.00001808
ATOMUSDT,1767628800000,-0.00001762
ATOMUSDT,1767657600010,0.00006511
ATOMUSDT,1767686400000,0.00007591
ATOMUSDT,1767715200000,-0.00006562
ATOMUSDT,1767744000001,-0.00009294
ATOMUSDT,1767772800001,-0.00000227
ATOMUSDT,1767801600001,-0.00018124
ATOMUSDT,1767830400001,-0.00003992
ATOMUSDT,1767859200000,-0.00001132
ATOMUSDT,1767888000000,-0.0001884
ATOMUSDT,1767916800003,-0.00010666
ATOMUSDT,1767945600000,-0.0000809
ATOMUSDT,1767974400001,-0.00004045
ATOMUSDT,1768003200000,-0.00004147
ATOMUSDT,1768032000002,-0.00012048
ATOMUSDT,1768060800001,-0.0000295
ATOMUSDT,1768089600003,0.00006841
ATOMUSDT,1768118400006,0.00004414
ATOMUSDT,1768147200000,-0.00007437
ATOMUSDT,1768176000005,-0.00014563
ATOMUSDT,1768204800000,-0.00011797
ATOMUSDT,1768233600000,-0.00011197
ATOMUSDT,1768262400007,-0.00010868
ATOMUSDT,1768291200009,0.0001
ATOMUSDT,1768320000002,0.00006951
ATOMUSDT,1768348800000,0.0000182
ATOMUSDT,1768377600001,-0.00007907
ATOMUSDT,1768406400004,-0.00016016
ATOMUSDT,1768435200000,-0.00023129
ATOMUSDT,1768464000004,-0.00011384
ATOMUSDT,1768492800002,-0.0000791
ATOMUSDT,1768521600000,-0.00012748
ATOMUSDT,1768550400000,-0.00006523
ATOMUSDT,1768579200001,-0.0002005
ATOMUSDT,1768608000000,-0.00004097
ATOMUSDT,1768636800000,-0.00004458
ATOMUSDT,1768665600002,0.00002107
ATOMUSDT,1768694400001,-0.00015068
ATOMUSDT,1768723200000,-0.00028792
ATOMUSDT,1768752000000,-0.00003256
ATOMUSDT,1768780800007,-0.00015381
ATOMUSDT,1768809600007,-0.00008832
ATOMUSDT,1768838400007,-0.00007677
ATOMUSDT,1768867200005,-0.00004663
ATOMUSDT,1768896000001,-0.00001896
ATOMUSDT,1768924800009,-0.00000181
ATOMUSDT,1768953600001,0.00005156
ATOMUSDT,1768982400011,0.00002089
ATOMUSDT,1769011200011,-0.00000936
ATOMUSDT,1769040000010,0.00002966
ATOMUSDT,1769068800003,0.00006028
ATOMUSDT,1769097600005,-0.00022692
ATOMUSDT,1769126400005,0.0000196
ATOMUSDT,1769155200000,0.0000402
ATOMUSDT,1769184000011,-0.00013998
ATOMUSDT,1769212800011,-0.00016052
ATOMUSDT,1769241600002,-0.00013704
ATOMUSDT,1769270400001,-0.00009558
ATOMUSDT,1769299200002,-0.00014498
ATOMUSDT,1769328000011,-0.00008219
ATOMUSDT,1769356800005,-0.00010437
ATOMUSDT,1769385600000,0.00009991
ATOMUSDT,1769414400003,0.00003875
ATOMUSDT,1769443200000,-0.00005687
ATOMUSDT,1769472000002,0.00000398
ATOMUSDT,1769500800000,0.00004542
ATOMUSDT,1769529600000,-0.00006876
ATOMUSDT,1769558400000,-0.00006133
ATOMUSDT,1769587200000,-0.00008919
ATOMUSDT,1769616000000,-0.00017486
ATOMUSDT,1769644800000,0.0001
ATOMUSDT,1769673600009,-0.0001028
ATOMUSDT,1769702400000,-0.00022697
ATOMUSDT,1769731200008,0.00000836
ATOMUSDT,1769760000000,-0.00005346
ATOMUSDT,1769788800001,-0.0001593
ATOMUSDT,1769817600000,-0.00008661
ATOMUSDT,1769846400001,-0.00005269
ATOMUSDT,1769875200009,-0.00015417
ATOMUSDT,1769904000001,-0.00026483
ATOMUSDT,1769932800004,-0.0002214
ATOMUSDT,1769961600000,-0.00023293
ATOMUSDT,1769990400000,-0.00025729
ATOMUSDT,1770019200014,-0.00004522
ATOMUSDT,1770048000000,-0.00002689
ATOMUSDT,1770076800000,-0.00021508
ATOMUSDT,1770105600007,-0.00003737
ATOMUSDT,1770134400000,-0.00018238
ATOMUSDT,1770163200002,-0.00001909
ATOMUSDT,1770192000007,0.00000402
ATOMUSDT,1770220800000,0.00001495
ATOMUSDT,1770249600011,0.00001854
ATOMUSDT,1770278400000,0.00007147
ATOMUSDT,1770307200007,0.00004188
ATOMUSDT,1770336000000,-0.00016728
ATOMUSDT,1770364800001,-0.00027251
ATOMUSDT,1770393600000,-0.00021416
ATOMUSDT,1770422400003,0.00005733
ATOMUSDT,1770451200000,-0.00002403
ATOMUSDT,1770480000010,0.00008037
ATOMUSDT,1770508800003,0.00004131
ATOMUSDT,1770537600000,-0.00002094
ATOMUSDT,1770566400000,-0.00001354
ATOMUSDT,1770595200002,-0.00001412
ATOMUSDT,1770624000001,-0.0000053
ATOMUSDT,1770652800007,0.00004747
ATOMUSDT,1770681600000,0.00007314
ATOMUSDT,1770710400007,-0.00010309
ATOMUSDT,1770739200000,-0.00002035
ATOMUSDT,1770768000000,-0.00002316
ATOMUSDT,1770796800006,-0.00021373
ATOMUSDT,1770825600000,-0.00018016
ATOMUSDT,1770854400000,-0.00001045
ATOMUSDT,1770883200001,0.0001
ATOMUSDT,1770912000001,0.00006946
ATOMUSDT,1770940800007,0.00004293
ATOMUSDT,1770969600003,0.00007506
ATOMUSDT,1770998400005,-0.00002674
ATOMUSDT,1771027200002,0.00004644
ATOMUSDT,1771056000004,0.00003625
ATOMUSDT,1771084800002,0.0001
ATOMUSDT,1771113600000,0.0000293
ATOMUSDT,1771142400002,0.00002163
ATOMUSDT,1771171200000,0.00005666
ATOMUSDT,1771200000001,0.0000587
ATOMUSDT,1771228800003,0.00000391
ATOMUSDT,1771257600000,-0.00021441
ATOMUSDT,1771286400008,-0.00011927
ATOMUSDT,1771315200001,-0.00006441
ATOMUSDT,1771344000002,0.00002701
ATOMUSDT,1771372800000,0.0001
ATOMUSDT,1771401600000,-0.00002737
ATOMUSDT,1771430400011,-0.00019883
ATOMUSDT,1771459200013,0.0001
ATOMUSDT,1771488000000,-0.0000557
ATOMUSDT,1771516800003,0.0001
ATOMUSDT,1771545600000,0.0001
ATOMUSDT,1771574400000,0.00001641
ATOMUSDT,1771603200000,0.00003346
ATOMUSDT,1771632000004,0.00008067
ATOMUSDT,1771660800000,-0.00005559
ATOMUSDT,1771689600005,-0.00013006
ATOMUSDT,1771718400001,-0.00009635
ATOMUSDT,1771747200004,-0.00017446
ATOMUSDT,1771776000000,0.0001
ATOMUSDT,1771804800001,-0.00002982
ATOMUSDT,1771833600000,0.00001079
ATOMUSDT,1771862400000,-0.000008
ATOMUSDT,1771891200007,0.00006372
ATOMUSDT,1771920000000,0.00007068
ATOMUSDT,1771948800001,0.000082
ATOMUSDT,1771977600001,0.00006076
ATOMUSDT,1772006400007,-0.00013677
ATOMUSDT,1772035200000,0.00003598
ATOMUSDT,1772064000000,-0.0019703
ATOMUSDT,1772092800006,-0.00367043
ATOMUSDT,1772121600002,-0.00384723
ATOMUSDT,1772150400007,-0.00204358
ATOMUSDT,1772179200000,-0.00106219
ATOMUSDT,1772208000001,-0.00089809
ATOMUSDT,1772236800000,-0.00067959
ATOMUSDT,1772265600000,-0.00099234
ATOMUSDT,1772294400004,-0.00046138
ATOMUSDT,1772323200005,-0.00069161
ATOMUSDT,1772352000000,-0.00077749
ATOMUSDT,1772380800002,-0.00121932
ATOMUSDT,1772409600001,-0.00150108
ATOMUSDT,1772438400007,-0.0015858
ATOMUSDT,1772467200000,-0.00038852
ATOMUSDT,1772496000000,-0.00035152
ATOMUSDT,1772524800000,-0.00055334
ATOMUSDT,1772553600007,-0.00018691
ATOMUSDT,1772582400001,-0.00032562
ATOMUSDT,1772611200005,-0.00043662
ATOMUSDT,1772640000000,-0.00033404
ATOMUSDT,1772668800000,-0.00039194
ATOMUSDT,1772697600000,-0.00057548
ATOMUSDT,1772726400004,-0.00036688
ATOMUSDT,1772755200001,-0.00012591
ATOMUSDT,1772784000001,-0.00042379
ATOMUSDT,1772812800004,-0.0005383
ATOMUSDT,1772841600001,-0.00087815
ATOMUSDT,1772870400012,-0.00035198
ATOMUSDT,1772899200001,-0.00038693
ATOMUSDT,1772928000001,-0.00078498
ATOMUSDT,1772956800000,-0.00067003
ATOMUSDT,1772985600002,-0.00084623
ATOMUSDT,1773014400000,-0.00105611
ATOMUSDT,1773043200004,-0.00033685
ATOMUSDT,1773072000003,-0.0002138
ATOMUSDT,1773100800012,-0.00049068
ATOMUSDT,1773129600002,-0.00026399
ATOMUSDT,1773158400001,-0.00027955
ATOMUSDT,1773187200000,-0.00020371
ATOMUSDT,1773216000007,0.00000704
ATOMUSDT,1773244800010,0.00000538
ATOMUSDT,1773273600000,-0.00025038
ATOMUSDT,1773302400000,-0.00002597
ATOMUSDT,1773331200000,-0.00020617
ATOMUSDT,1773360000006,-0.00008746
ATOMUSDT,1773388800001,-0.00005574
ATOMUSDT,1773417600000,-0.00002975
ATOMUSDT,1773446400001,0.00000731
ATOMUSDT,1773475200000,-0.00014848
ATOMUSDT,1773504000007,-0.0001584
ATOMUSDT,1773532800000,0.00002254
ATOMUSDT,1773561600000,-0.00017094
ATOMUSDT,1773590400000,-0.00009635
ATOMUSDT,1773619200000,-0.00009468
ATOMUSDT,1773648000010,-0.00013585
ATOMUSDT,1773676800000,0.00004167
ATOMUSDT,1773705600000,-0.00017095
ATOMUSDT,1773734400002,-0.00007041
ATOMUSDT,1773763200011,-0.00034634
ATOMUSDT,1773792000002,-0.00007073
ATOMUSDT,1773820800002,0.00004906
ATOMUSDT,1773849600005,-0.00009443
ATOMUSDT,1773878400000,-0.00018881
ATOMUSDT,1773907200003,-0.00021595
ATOMUSDT,1773936000003,-0.00002752
ATOMUSDT,1773964800002,-0.00009189
ATOMUSDT,1773993600000,0.00002705
ATOMUSDT,1774022400000,0.00000961
ATOMUSDT,1774051200000,0.00006594
ATOMUSDT,1774080000000,-0.00008493
ATOMUSDT,1774108800014,-0.00001825
ATOMUSDT,1774137600012,-0.00028151
ATOMUSDT,1774166400007,-0.00033306
ATOMUSDT,1774195200002,-0.00014491
ATOMUSDT,1774224000000,-0.00031415
ATOMUSDT,1774252800003,-0.0000487
ATOMUSDT,1774281600002,-0.00007833
ATOMUSDT,1774310400000,-0.00028048
ATOMUSDT,1774339200000,-0.00015219
ATOMUSDT,1774368000003,-0.00003719
ATOMUSDT,1774396800000,0.0001
ATOMUSDT,1774425600000,-0.00019365
ATOMUSDT,1774454400013,-0.00038201
ATOMUSDT,1774483200001,-0.00017203
ATOMUSDT,1774512000001,-0.00058967
ATOMUSDT,1774540800000,-0.00022837
ATOMUSDT,1774569600006,-0.0003519
ATOMUSDT,1774598400000,0.00005909
ATOMUSDT,1774627200000,-0.00046541
ATOMUSDT,1774656000005,-0.00033419
ATOMUSDT,1774684800005,-0.00014159
ATOMUSDT,1774713600000,-0.00006694
ATOMUSDT,1774742400003,-0.00033135
ATOMUSDT,1774771200001,-0.00023645
ATOMUSDT,1774800000000,-0.00025053
ATOMUSDT,1774828800000,-0.00039252
ATOMUSDT,1774857600005,-0.00000024
ATOMUSDT,1774886400000,-0.00013845
ATOMUSDT,1774915200000,-0.00004281
ATOMUSDT,1774944000000,-0.00006294
ATOMUSDT,1774972800000,0.00003402
ATOMUSDT,1775001600000,-0.0001058
ATOMUSDT,1775030400000,-0.00012575
ATOMUSDT,1775059200000,0.0001
ATOMUSDT,1775088000003,-0.00027666
ATOMUSDT,1775116800001,-0.00026463
ATOMUSDT,1775145600001,-0.00035949
ATOMUSDT,1775174400000,-0.00007572
ATOMUSDT,1775203200008,0.0001
ATOMUSDT,1775232000008,0.00005765
ATOMUSDT,1775260800000,0.00007008
ATOMUSDT,1775289600003,-0.00007569
ATOMUSDT,1775318400000,-0.00007941
ATOMUSDT,1775347200008,-0.00015351
ATOMUSDT,1775376000000,-0.00008179
ATOMUSDT,1775404800001,-0.00026967
ATOMUSDT,1775433600004,0.00004507
ATOMUSDT,1775462400001,-0.00032241
ATOMUSDT,1775491200003,0.00003396
ATOMUSDT,1775520000000,-0.00011825
ATOMUSDT,1775548800000,-0.00008321
ATOMUSDT,1775577600000,-0.00016225
ATOMUSDT,1775606400000,0.0001
ATOMUSDT,1775635200000,0.0001
ATOMUSDT,1775664000006,0.00008932
ATOMUSDT,1775692800000,0.00001692
ATOMUSDT,1775721600010,0.00005693
ATOMUSDT,1775750400001,-0.00004098
ATOMUSDT,1775779200000,-0.00005511
ATOMUSDT,1775808000005,0.0001
ATOMUSDT,1775836800000,0.00005311
ATOMUSDT,1775865600000,-0.00003716
ATOMUSDT,1775894400000,0.00005208
ATOMUSDT,1775923200003,-0.0002387
ATOMUSDT,1775952000000,-0.00027213
ATOMUSDT,1775980800000,-0.00008838
ATOMUSDT,1776009600000,-0.00022816
ATOMUSDT,1776038400011,0.00001762
ATOMUSDT,1776067200006,0.00004153
ATOMUSDT,1776096000000,-0.0001859
ATOMUSDT,1776124800005,0.00009537
ATOMUSDT,1776153600003,-0.00023765
ATOMUSDT,1776182400001,-0.00012189
ATOMUSDT,1776211200000,0.00007455
ATOMUSDT,1776240000000,-0.00007468
ATOMUSDT,1776268800000,-0.00010123
ATOMUSDT,1776297600013,0.0000403
ATOMUSDT,1776326400000,0.0001
ATOMUSDT,1776355200000,-0.00003584
ATOMUSDT,1776384000001,-0.00006489
ATOMUSDT,1776412800011,0.00006052
ATOMUSDT,1776441600001,-0.00007682
ATOMUSDT,1776470400001,-0.00000792
ATOMUSDT,1776499200006,0.0000567
ATOMUSDT,1776528000000,-0.00002191
ATOMUSDT,1776556800002,0.00008486
ATOMUSDT,1776585600010,-0.00019898
ATOMUSDT,1776614400001,-0.0001267
ATOMUSDT,1776643200000,-0.00011984
ATOMUSDT,1776672000000,0.00001413
ATOMUSDT,1776700800001,0.00005205
ATOMUSDT,1776729600000,0.00008986
ATOMUSDT,1776758400004,0.00002529
ATOMUSDT,1776787200004,0.0001
ATOMUSDT,1776816000004,0.0001
ATOMUSDT,1776844800000,0.0001
ATOMUSDT,1776873600000,0.00000063
ATOMUSDT,1776902400000,0.00004875
ATOMUSDT,1776931200000,0.00003427
ATOMUSDT,1776960000004,0.00006175
ATOMUSDT,1776988800006,0.0001
ATOMUSDT,1777017600000,0.00009487
ATOMUSDT,1777046400000,0.00009188
ATOMUSDT,1777075200000,0.00005268
ATOMUSDT,1777104000002,0.0001
ATOMUSDT,1777132800002,0.00004498
ATOMUSDT,1777161600003,0.00001528
ATOMUSDT,1777190400007,0.00001159
ATOMUSDT,1777219200004,0.00008282
ATOMUSDT,1777248000004,-0.00003623
ATOMUSDT,1777276800000,0.00002827
ATOMUSDT,1777305600002,0.0000029
ATOMUSDT,1777334400001,0.0000776
ATOMUSDT,1777363200000,0.00008227
ATOMUSDT,1777392000004,0.0001
ATOMUSDT,1777420800006,-0.00000096
ATOMUSDT,1777449600011,-0.00001285
ATOMUSDT,1777478400003,-0.00002882
ATOMUSDT,1777507200002,-0.00000265
ATOMUSDT,1777536000000,0.00009475
ATOMUSDT,1777564800000,-0.00009915
ATOMUSDT,1777593600000,0.00003874
ATOMUSDT,1777622400005,-0.00008088
ATOMUSDT,1777651200000,0.00008048
ATOMUSDT,1777680000006,0.00004057
ATOMUSDT,1777708800000,-0.00012177
ATOMUSDT,1777737600010,-0.00001138
ATOMUSDT,1777766400005,0.00002829
ATOMUSDT,1777795200003,-0.00001079
ATOMUSDT,1777824000000,-0.00005777
ATOMUSDT,1777852800000,-0.00009058
ATOMUSDT,1777881600000,-0.00005896
ATOMUSDT,1777910400003,-0.00006247
ATOMUSDT,1777939200000,0.00002402
ATOMUSDT,1777968000011,0.00006525
ATOMUSDT,1777996800000,-0.00015363
ATOMUSDT,1778025600010,-0.00019336
ATOMUSDT,1778054400000,0.00005061
ATOMUSDT,1778083200002,-0.00003041
ATOMUSDT,1778112000000,-0.0000493
ATOMUSDT,1778140800000,-0.00010184
ATOMUSDT,1778169600004,-0.00003551
ATOMUSDT,1778198400003,-0.0000197
ATOMUSDT,1778227200002,-0.00019068
ATOMUSDT,1778256000003,-0.00008859
ATOMUSDT,1778284800000,0.00007975
ATOMUSDT,1778313600001,0.0001
ATOMUSDT,1778342400002,0.00002797
ATOMUSDT,1778371200003,0.00002802
ATOMUSDT,1778400000000,-0.00015547
ATOMUSDT,1778428800000,-0.00000021
ATOMUSDT,1778457600000,-0.00001392
ATOMUSDT,1778486400000,-0.0000648
ATOMUSDT,1778515200000,-0.00010764
ATOMUSDT,1778544000002,-0.00007489
ATOMUSDT,1778572800008,-0.00004376
ATOMUSDT,1778601600000,-0.00013008
ATOMUSDT,1778630400010,-0.00005496
ATOMUSDT,1778659200003,-0.00008198
ATOMUSDT,1778688000001,-0.00006216
ATOMUSDT,1778716800005,-0.00008883
ATOMUSDT,1778745600000,0.00007736
ATOMUSDT,1778774400000,0.0000666
ATOMUSDT,1778803200000,-0.00006485
ATOMUSDT,1778832000016,-0.00011938
ATOMUSDT,1778860800012,-0.00018353
ATOMUSDT,1778889600005,-0.00012043
ATOMUSDT,1778918400000,-0.00018279
ATOMUSDT,1778947200005,0.00006983
ATOMUSDT,1778976000000,0.0001
ATOMUSDT,1779004800010,0.00005748
ATOMUSDT,1779033600009,-0.00003045
ATOMUSDT,1779062400007,0.00007181
ATOMUSDT,1779091200002,-0.00002225
ATOMUSDT,1779120000007,0.0001
ATOMUSDT,1779148800001,0.00007766
ATOMUSDT,1779177600001,0.00007735
ATOMUSDT,1779206400009,0.00007432
ATOMUSDT,1779235200001,0.00007507
ATOMUSDT,1779264000006,-0.00010127
ATOMUSDT,1779292800000,0.0001
ATOMUSDT,1779321600001,-0.00007854
ATOMUSDT,1779350400000,0.0001
ATOMUSDT,1779379200000,0.00003435
ATOMUSDT,1779408000000,0.0001
ATOMUSDT,1779436800004,0.0001
ATOMUSDT,1779465600001,0.00006899
ATOMUSDT,1779494400009,0.00000234
ATOMUSDT,1779523200001,0.00006279
ATOMUSDT,1779552000003,0.00001594
ATOMUSDT,1779580800011,0.00009351
ATOMUSDT,1779609600008,-0.00003781
ATOMUSDT,1779638400000,0.00000395
ATOMUSDT,1779667200001,-0.00001294
ATOMUSDT,1779696000001,0.0001
ATOMUSDT,1779724800001,0.0001
ATOMUSDT,1779753600000,0.0001
ATOMUSDT,1779782400003,0.00002079
ATOMUSDT,1779811200000,0.00000528
ATOMUSDT,1779840000000,0.00008041
ATOMUSDT,1779868800004,0.0001
ATOMUSDT,1779897600009,0.00004979
ATOMUSDT,1779926400001,0.00000651
ATOMUSDT,1779955200000,0.00002111
ATOMUSDT,1779984000001,-0.0001559
ATOMUSDT,1780012800000,-0.00011297
ATOMUSDT,1780041600001,-0.00001966
ATOMUSDT,1780070400008,-0.00004664
ATOMUSDT,1780099200000,0.00003113
ATOMUSDT,1780128000001,-0.00004928
ATOMUSDT,1780156800000,-0.00004761
ATOMUSDT,1780185600000,-0.00019514
ATOMUSDT,1780214400000,-0.00013016
ATOMUSDT,1780243200004,-0.00004032
ATOMUSDT,1780272000001,-0.00013399
ATOMUSDT,1780300800001,-0.00018035
ATOMUSDT,1780329600000,-0.00000945
ATOMUSDT,1780358400000,-0.00016972
ATOMUSDT,1780387200000,-0.00029629
ATOMUSDT,1780416000000,-0.00017535
ATOMUSDT,1780444800013,-0.00029239
ATOMUSDT,1780473600000,-0.00007673
ATOMUSDT,1780502400001,-0.00005202
ATOMUSDT,1780531200009,-0.00000053
ATOMUSDT,1780560000000,-0.00009483
ATOMUSDT,1780588800003,-0.00024189
ATOMUSDT,1780617600000,-0.00016591
ATOMUSDT,1780646400004,-0.00018825
ATOMUSDT,1780675200009,-0.00016992
ATOMUSDT,1780704000000,-0.00017536
ATOMUSDT,1780732800000,-0.0004844
ATOMUSDT,1780761600000,-0.00031934
ATOMUSDT,1780790400001,-0.00033906
ATOMUSDT,1780819200000,-0.00032397
ATOMUSDT,1780848000000,-0.0002002
ATOMUSDT,1780876800000,-0.00015746
ATOMUSDT,1780905600005,0.0000002
ATOMUSDT,1780934400004,-0.00018047
ATOMUSDT,1780963200000,-0.00019611
ATOMUSDT,1780992000000,-0.00007372
ATOMUSDT,1781020800001,-0.00011406
ATOMUSDT,1781049600001,0.00008182
ATOMUSDT,1781078400011,0.00002024
ATOMUSDT,1781107200009,-0.00002971
ATOMUSDT,1781136000000,-0.00014642
ATOMUSDT,1781164800004,-0.00007666
ATOMUSDT,1781193600000,0.00009373
ATOMUSDT,1781222400000,0.00007969
ATOMUSDT,1781251200000,0.00005224
ATOMUSDT,1781280000000,0.00008013
ATOMUSDT,1781308800000,0.00006596
ATOMUSDT,1781337600007,0.00003802
ATOMUSDT,1781366400002,-0.00001355
ATOMUSDT,1781395200005,-0.00009647
ATOMUSDT,1781424000009,-0.00004069
ATOMUSDT,1781452800000,-0.00012761
ATOMUSDT,1781481600013,0.00001216
ATOMUSDT,1781510400013,0.00002215
ATOMUSDT,1781539200004,0.00001862
ATOMUSDT,1781568000000,-0.00014439
ATOMUSDT,1781596800000,-0.00007663
ATOMUSDT,1781625600001,0.00004165
ATOMUSDT,1781654400012,0.00003352
ATOMUSDT,1781683200000,-0.00012718
ATOMUSDT,1781712000000,0.0001
ATOMUSDT,1781740800002,0.0000169
ATOMUSDT,1781769600000,-0.00012727
ATOMUSDT,1781798400001,-0.00030606
ATOMUSDT,1781827200005,-0.00021351
ATOMUSDT,1781856000001,-0.00009488
ATOMUSDT,1781884800001,-0.00006967
ATOMUSDT,1781913600001,-0.0000211
ATOMUSDT,1781942400000,-0.00005227
ATOMUSDT,1781971200001,-0.00019165
ATOMUSDT,1782000000000,-0.00000791
ATOMUSDT,1782028800000,-0.00011296
ATOMUSDT,1782057600000,-0.00014606
ATOMUSDT,1782086400000,-0.00002905
ATOMUSDT,1782115200000,-0.00015939
ATOMUSDT,1782144000002,-0.00007816
ATOMUSDT,1782172800003,0.00003218
ATOMUSDT,1782201600005,-0.00018245
ATOMUSDT,1782230400002,0.00000238
ATOMUSDT,1782259200005,-0.00006775
ATOMUSDT,1782288000005,-0.00022204
ATOMUSDT,1782316800003,-0.00006502
ATOMUSDT,1782345600000,-0.00007673
ATOMUSDT,1782374400000,-0.00018522
ATOMUSDT,1782403200000,-0.00013942
ATOMUSDT,1782432000010,-0.0000077
ATOMUSDT,1782460800002,-0.00005895
ATOMUSDT,1782489600000,-0.00002503
ATOMUSDT,1782518400000,0.00002339
ATOMUSDT,1782547200000,-0.00006855
ATOMUSDT,1782576000009,-0.00013982
ATOMUSDT,1782604800000,-0.00003307
ATOMUSDT,1782633600013,-0.00030083
ATOMUSDT,1782662400000,-0.00008992
ATOMUSDT,1782691200006,0.00000737
ATOMUSDT,1782720000013,-0.00015273
ATOMUSDT,1782748800004,-0.00009726
ATOMUSDT,1782777600000,-0.00001098
ATOMUSDT,1782806400000,-0.00013612
ATOMUSDT,1782835200005,-0.00019107
ATOMUSDT,1782864000000,0.00009029
ATOMUSDT,1782892800000,-0.00002583
ATOMUSDT,1782921600000,-0.0000787
ATOMUSDT,1782950400000,-0.0001671
ATOMUSDT,1782979200000,-0.0000805
ATOMUSDT,1783008000000,-0.00014821
ATOMUSDT,1783036800000,-0.00013253
ATOMUSDT,1783065600007,-0.00014211
ATOMUSDT,1783094400000,-0.00000435
ATOMUSDT,1783123200000,-0.00017571
ATOMUSDT,1783152000000,-0.00021888
ATOMUSDT,1783180800007,-0.00013994
ATOMUSDT,1783209600003,-0.00016842
ATOMUSDT,1783238400001,-0.00047488
ATOMUSDT,1783267200000,-0.0002114
ATOMUSDT,1783296000000,-0.00008893
ATOMUSDT,1783324800000,-0.00023028
ATOMUSDT,1783353600000,-0.00005242
ATOMUSDT,1783382400000,0.0000234
ATOMUSDT,1783411200000,-0.0000696
ATOMUSDT,1783440000000,-0.00014036
ATOMUSDT,1783468800000,-0.00018575
ATOMUSDT,1783497600000,-0.00022372
ATOMUSDT,1783526400000,-0.00034487
ATOMUSDT,1783555200000,-0.00021898
ATOMUSDT,1783584000001,-0.0001364
ATOMUSDT,1783612800001,-0.00007483
ATOMUSDT,1783641600000,-0.00015724
ATOMUSDT,1783670400005,-0.00014545
ATOMUSDT,1783699200005,-0.00000349
ATOMUSDT,1783728000000,-0.0000074
ATOMUSDT,1783756800000,0.00001212
ATOMUSDT,1783785600000,-0.00002315
ATOMUSDT,1783814400000,-0.00011029
ATOMUSDT,1783843200003,-0.00018232
ATOMUSDT,1783872000000,-0.0002443
ATOMUSDT,1783900800000,-0.00028676
ATOMUSDT,1783929600001,-0.00024263
ATOMUSDT,1783958400004,-0.0003862
ATOMUSDT,1783987200000,-0.00010068
ATOMUSDT,1784016000002,-0.00005375
ATOMUSDT,1784044800001,-0.00016599
ATOMUSDT,1784073600005,-0.0000392
ATOMUSDT,1784102400002,-0.0000013
ATOMUSDT,1784131200000,-0.00003538
ATOMUSDT,1784160000000,-0.00003897
ATOMUSDT,1784188800003,-0.0000918
ATOMUSDT,1784217600002,-0.00002223
ATOMUSDT,1784246400000,-0.00008119
ATOMUSDT,1784275200010,-0.00023916
ATOMUSDT,1784304000004,-0.00021101
ATOMUSDT,1784332800000,0.00007636
ATOMUSDT,1784361600000,-0.00004828
ATOMUSDT,1784390400001,-0.00039423
ATOMUSDT,1784419200003,-0.00021343
ATOMUSDT,1784448000000,-0.00001631
ATOMUSDT,1784476800001,-0.00012155
ATOMUSDT,1784505600000,-0.00018217
ATOMUSDT,1784534400001,-0.00025168
ATOMUSDT,1784563200004,-0.00004551
ATOMUSDT,1784592000001,0.00009491
ATOMUSDT,1784620800000,0.00007226
ATOMUSDT,1784649600002,-0.00005275
ATOMUSDT,1784678400000,-0.00010176
ATOMUSDT,1784707200000,-0.00016981
ATOMUSDT,1784736000001,-0.00019347
ATOMUSDT,1784764800000,-0.00010421
ATOMUSDT,1784793600000,-0.00016631
ATOMUSDT,1784822400000,-0.000008
ATOMUSDT,1784851200000,-0.000134
ATOMUSDT,1784880000000,0.00005403
ATOMUSDT,1784908800008,-0.00023859
ATOMUSDT,1784937600002,-0.00000018
ATOMUSDT,1784966400000,-0.00005742
ATOMUSDT,1784995200000,0.00004416
ATOMUSDT,1785024000000,-0.00011329
ATOMUSDT,1785052800002,0.00002308
ATOMUSDT,1785081600000,0.00008296
ATOMUSDT,1785110400010,0.00001284
ATOMUSDT,1785139200000,-0.00009519
ATOMUSDT,1785168000001,-0.00012599
ATOMUSDT,1785196800000,-0.00010696
ATOMUSDT,1785225600000,-0.00022643
ATOMUSDT,1785254400000,-0.00025543
ATOMUSDT,1785283200000,0.00003269
ATOMUSDT,1785312000002,-0.00010628
ATOMUSDT,1785340800000,-0.00019138
ATOMUSDT,1785369600000,-0.00012999
ATOMUSDT,1785398400000,-0.00007551
ATOMUSDT,1785427200000,-0.00003278
ATOMUSDT,1785456000003,-0.00005294
ATOMUSDT,1785484800000,-0.0000829
ATOMUSDT,1785513600000,-0.00012165
