symbol,timestamp_ms,funding_rate
ADAUSDT,1609459200002,0.00026907
ADAUSDT,1609488000006,0.00047742
ADAUSDT,1609516800003,0.00042722
ADAUSDT,1609545600000,0.0001
ADAUSDT,1609574400000,0.00019695
ADAUSDT,1609603200006,0.00035539
ADAUSDT,1609632000018,0.000266
ADAUSDT,1609660800000,0.0001
ADAUSDT,1609689600002,0.00111752
ADAUSDT,1609718400000,0.00133245
ADAUSDT,1609747200000,0.00112638
ADAUSDT,1609776000000,0.0001
ADAUSDT,1609804800020,0.0001
ADAUSDT,1609833600003,0.0001
ADAUSDT,1609862400003,0.0001
ADAUSDT,1609891200010,0.0001
ADAUSDT,1609920000003,0.0001
ADAUSDT,1609948800000,0.00104682
ADAUSDT,1609977600007,0.0001
ADAUSDT,1610006400000,0.00033692
ADAUSDT,1610035200004,0.00088191
ADAUSDT,1610064000000,0.00052834
ADAUSDT,1610092800000,0.0001
ADAUSDT,1610121600000,0.00163112
ADAUSDT,1610150400009,0.00087754
ADAUSDT,1610179200004,0.00045022
ADAUSDT,1610208000000,0.00158556
ADAUSDT,1610236800000,0.00215857
ADAUSDT,1610265600005,0.00142758
ADAUSDT,1610294400000,0.0001
ADAUSDT,1610323200000,0.00032866
ADAUSDT,1610352000012,0.0001
ADAUSDT,1610380800000,0.0001
ADAUSDT,1610409600000,0.0001
ADAUSDT,1610438400000,0.00059678
ADAUSDT,1610467200008,0.00060096
ADAUSDT,1610496000001,0.00053086
ADAUSDT,1610524800000,0.0005619
ADAUSDT,1610553600003,0.00080295
ADAUSDT,1610582400000,0.0001
ADAUSDT,1610611200012,0.00031136
ADAUSDT,1610640000000,0.00054081
ADAUSDT,1610668800002,0.0001
ADAUSDT,1610697600000,0.00039048
ADAUSDT,1610726400004,0.00062497
ADAUSDT,1610755200000,0.00010331
ADAUSDT,1610784000008,0.0001
ADAUSDT,1610812800000,0.00138772
ADAUSDT,1610841600009,0.0013789
ADAUSDT,1610870400000,0.00018072
ADAUSDT,1610899200001,0.00062613
ADAUSDT,1610928000000,0.00043289
ADAUSDT,1610956800004,0.00042147
ADAUSDT,1610985600000,0.0001
ADAUSDT,1611014400000,0.00061
ADAUSDT,1611043200005,0.00135932
ADAUSDT,1611072000012,0.00074788
ADAUSDT,1611100800012,0.0003163
ADAUSDT,1611129600001,0.00014471
ADAUSDT,1611158400001,0.0001
ADAUSDT,1611187200000,0.00013227
ADAUSDT,1611216000000,0.0007245
ADAUSDT,1611244800004,0.00031984
ADAUSDT,1611273600012,0.0001
ADAUSDT,1611302400003,0.0001
ADAUSDT,1611331200001,0.0001
ADAUSDT,1611360000000,0.0001
ADAUSDT,1611388800002,0.0001
ADAUSDT,1611417600000,0.0001
ADAUSDT,1611446400001,0.0001
ADAUSDT,1611475200011,0.00043843
ADAUSDT,1611504000005,0.00082659
ADAUSDT,1611532800007,0.00055208
ADAUSDT,1611561600012,0.00067157
ADAUSDT,1611590400000,0.00071452
ADAUSDT,1611619200007,0.00014987
ADAUSDT,1611648000000,0.0001
ADAUSDT,1611676800000,0.0001
ADAUSDT,1611705600000,0.00045361
ADAUSDT,1611734400011,0.0001
ADAUSDT,1611763200003,0.0001
ADAUSDT,1611792000000,0.0001
ADAUSDT,1611820800000,0.0001
ADAUSDT,1611849600000,0.0001
ADAUSDT,1611878400009,0.0001
ADAUSDT,1611907200000,0.0001
ADAUSDT,1611936000000,0.00150652
ADAUSDT,1611964800000,0.00034725
ADAUSDT,1611993600000,0.0001
ADAUSDT,1612022400000,0.00050714
ADAUSDT,1612051200009,0.00090258
ADAUSDT,1612080000000,0.00093677
ADAUSDT,1612108800000,0.00051979
ADAUSDT,1612137600001,0.00062773
ADAUSDT,1612166400014,0.00063928
ADAUSDT,1612195200000,0.00049631
ADAUSDT,1612224000000,0.00046754
ADAUSDT,1612252800006,0.00037089
ADAUSDT,1612281600000,0.00029434
ADAUSDT,1612310400009,0.00038992
ADAUSDT,1612339200006,0.00075951
ADAUSDT,1612368000006,0.00117996
ADAUSDT,1612396800005,0.00111478
ADAUSDT,1612425600000,0.00082236
ADAUSDT,1612454400011,0.00108879
ADAUSDT,1612483200009,0.00185026
ADAUSDT,1612512000004,0.00214495
ADAUSDT,1612540800000,0.00180321
ADAUSDT,1612569600008,0.00015694
ADAUSDT,1612598400009,0.0001
ADAUSDT,1612627200000,0.00047172
ADAUSDT,1612656000000,0.00028439
ADAUSDT,1612684800005,0.00072046
ADAUSDT,1612713600001,0.00024941
ADAUSDT,1612742400000,0.0001
ADAUSDT,1612771200001,0.0001
ADAUSDT,1612800000000,0.00262598
ADAUSDT,1612828800010,0.0012975
ADAUSDT,1612857600006,0.00134266
ADAUSDT,1612886400007,0.00018089
ADAUSDT,1612915200009,0.00129152
ADAUSDT,1612944000014,0.00289904
ADAUSDT,1612972800005,0.00060079
ADAUSDT,1613001600000,0.00175858
ADAUSDT,1613030400000,0.00112193
ADAUSDT,1613059200000,0.00235558
ADAUSDT,1613088000000,0.00126015
ADAUSDT,1613116800000,0.00124527
ADAUSDT,1613145600000,0.00111876
ADAUSDT,1613174400001,0.00233543
ADAUSDT,1613203200003,0.00178743
ADAUSDT,1613232000000,0.0001
ADAUSDT,1613260800013,0.00067404
ADAUSDT,1613289600000,0.00190043
ADAUSDT,1613318400008,0.00200522
ADAUSDT,1613347200000,0.00087696
ADAUSDT,1613376000006,0.00001734
ADAUSDT,1613404800000,0.0001
ADAUSDT,1613433600001,0.0001
ADAUSDT,1613462400000,0.0001
ADAUSDT,1613491200010,0.0001
ADAUSDT,1613520000005,-0.00012384
ADAUSDT,1613548800010,0.0001
ADAUSDT,1613577600008,0.00111195
ADAUSDT,1613606400012,0.00242054
ADAUSDT,1613635200000,0.0025127
ADAUSDT,1613664000009,0.00180783
ADAUSDT,1613692800010,0.00196593
ADAUSDT,1613721600002,0.00172391
ADAUSDT,1613750400008,0.00350067
ADAUSDT,1613779200000,0.00242953
ADAUSDT,1613808000009,0.00386789
ADAUSDT,1613836800000,0.0032511
ADAUSDT,1613865600007,0.00052177
ADAUSDT,1613894400012,0.00062551
ADAUSDT,1613923200001,0.00106299
ADAUSDT,1613952000006,0.00082333
ADAUSDT,1613980800002,0.00022217
ADAUSDT,1614009600000,-0.00103897
ADAUSDT,1614038400000,0.0001
ADAUSDT,1614067200006,0.0001
ADAUSDT,1614096000000,0.0001
ADAUSDT,1614124800012,0.0001
ADAUSDT,1614153600016,0.0001
ADAUSDT,1614182400011,0.0001
ADAUSDT,1614211200007,0.0001
ADAUSDT,1614240000000,0.0001
ADAUSDT,1614268800010,0.00040473
ADAUSDT,1614297600000,0.0001
ADAUSDT,1614326400025,0.0001
ADAUSDT,1614355200010,0.0001
ADAUSDT,1614384000001,0.00011892
ADAUSDT,1614412800000,0.0004529
ADAUSDT,1614441600000,0.0001
ADAUSDT,1614470400021,0.0001
ADAUSDT,1614499200009,0.0001
ADAUSDT,1614528000000,0.0001
ADAUSDT,1614556800000,0.0001
ADAUSDT,1614585600003,0.0001
ADAUSDT,1614614400001,0.00023049
ADAUSDT,1614643200000,0.0001
ADAUSDT,1614672000000,0.0001
ADAUSDT,1614700800004,0.0001
ADAUSDT,1614729600000,0.0001
ADAUSDT,1614758400016,0.0001
ADAUSDT,1614787200000,0.00066869
ADAUSDT,1614816000000,0.00063181
ADAUSDT,1614844800015,0.00047305
ADAUSDT,1614873600001,0.0001737
ADAUSDT,1614902400000,0.0001
ADAUSDT,1614931200002,0.0001
ADAUSDT,1614960000008,0.0001
ADAUSDT,1614988800000,0.0001
ADAUSDT,1615017600000,0.0001
ADAUSDT,1615046400000,0.0001
ADAUSDT,1615075200006,0.0001
ADAUSDT,1615104000005,0.0001
ADAUSDT,1615132800008,0.00011702
ADAUSDT,1615161600000,0.0001
ADAUSDT,1615190400000,0.00016918
ADAUSDT,1615219200006,0.0005717
ADAUSDT,1615248000000,0.00099846
ADAUSDT,1615276800000,0.00108784
ADAUSDT,1615305600000,0.00161768
ADAUSDT,1615334400009,0.00145947
ADAUSDT,1615363200006,0.00052024
ADAUSDT,1615392000008,0.00106406
ADAUSDT,1615420800000,0.00056588
ADAUSDT,1615449600000,0.00029145
ADAUSDT,1615478400014,0.00108383
ADAUSDT,1615507200002,0.00181888
ADAUSDT,1615536000005,0.00093164
ADAUSDT,1615564800011,0.0001
ADAUSDT,1615593600000,0.00067817
ADAUSDT,1615622400002,0.0001
ADAUSDT,1615651200000,0.00138059
ADAUSDT,1615680000011,0.00169383
ADAUSDT,1615708800000,0.00064964
ADAUSDT,1615737600000,0.00113856
ADAUSDT,1615766400012,0.00159589
ADAUSDT,1615795200016,0.00120576
ADAUSDT,1615824000030,0.00055083
ADAUSDT,1615852800005,0.00055927
ADAUSDT,1615881600008,0.00048113
ADAUSDT,1615910400012,0.00045625
ADAUSDT,1615939200010,0.00036177
ADAUSDT,1615968000000,0.00083387
ADAUSDT,1615996800009,0.00061922
ADAUSDT,1616025600001,0.0017104
ADAUSDT,1616054400000,0.00157886
ADAUSDT,1616083200000,0.00198415
ADAUSDT,1616112000011,0.00042965
ADAUSDT,1616140800001,0.00059047
ADAUSDT,1616169600000,0.00088986
ADAUSDT,1616198400000,0.00024776
ADAUSDT,1616227200000,0.00110458
ADAUSDT,1616256000007,0.00166314
ADAUSDT,1616284800000,0.00077033
ADAUSDT,1616313600000,0.0008059
ADAUSDT,1616342400000,0.00077772
ADAUSDT,1616371200007,0.00128215
ADAUSDT,1616400000001,0.00097077
ADAUSDT,1616428800000,0.00132124
ADAUSDT,1616457600000,0.00020938
ADAUSDT,1616486400010,0.00039002
ADAUSDT,1616515200023,0.00042866
ADAUSDT,1616544000002,0.00033589
ADAUSDT,1616572800000,0.00027263
ADAUSDT,1616601600000,0.00073989
ADAUSDT,1616630400000,0.00020864
ADAUSDT,1616659200000,0.0001
ADAUSDT,1616688000000,0.00054961
ADAUSDT,1616716800008,0.00065613
ADAUSDT,1616745600000,0.00034993
ADAUSDT,1616774400012,0.00071431
ADAUSDT,1616803200018,0.00064351
ADAUSDT,1616832000000,0.00042569
ADAUSDT,1616860800001,0.00057636
ADAUSDT,1616889600000,0.00059272
ADAUSDT,1616918400000,0.0005747
ADAUSDT,1616947200005,0.00073204
ADAUSDT,1616976000003,0.00051974
ADAUSDT,1617004800000,0.00075922
ADAUSDT,1617033600000,0.00093918
ADAUSDT,1617062400018,0.00090543
ADAUSDT,1617091200012,0.00107001
ADAUSDT,1617120000001,0.0016104
ADAUSDT,1617148800000,0.00141077
ADAUSDT,1617177600000,0.00129452
ADAUSDT,1617206400000,0.00078643
ADAUSDT,1617235200025,0.00159758
ADAUSDT,1617264000011,0.00154151
ADAUSDT,1617292800004,0.00171569
ADAUSDT,1617321600000,0.00140416
ADAUSDT,1617350400000,0.0019579
ADAUSDT,1617379200000,0.00225619
ADAUSDT,1617408000003,0.00201958
ADAUSDT,1617436800000,0.00224423
ADAUSDT,1617465600000,0.00236153
ADAUSDT,1617494400000,0.00093383
ADAUSDT,1617523200000,0.00125928
ADAUSDT,1617552000016,0.00111324
ADAUSDT,1617580800000,0.00133046
ADAUSDT,1617609600001,0.00167323
ADAUSDT,1617638400001,0.0021926
ADAUSDT,1617667200010,0.00284978
ADAUSDT,1617696000000,0.00212554
ADAUSDT,1617724800003,0.00168073
ADAUSDT,1617753600000,0.00155003
ADAUSDT,1617782400006,0.00086475
ADAUSDT,1617811200004,0.00089182
ADAUSDT,1617840000013,0.00080157
ADAUSDT,1617868800003,0.00105006
ADAUSDT,1617897600005,0.00086096
ADAUSDT,1617926400000,0.00078944
ADAUSDT,1617955200004,0.00081192
ADAUSDT,1617984000004,0.00105363
ADAUSDT,1618012800011,0.00085312
ADAUSDT,1618041600005,0.00180498
ADAUSDT,1618070400000,0.00183472
ADAUSDT,1618099200004,0.00154723
ADAUSDT,1618128000000,0.00181206
ADAUSDT,1618156800000,0.00196286
ADAUSDT,1618185600001,0.00143826
ADAUSDT,1618214400001,0.00262444
ADAUSDT,1618243200008,0.0015126
ADAUSDT,1618272000003,0.00110308
ADAUSDT,1618300800008,0.00153358
ADAUSDT,1618329600008,0.00272848
ADAUSDT,1618358400008,0.00221726
ADAUSDT,1618387200000,0.00378339
ADAUSDT,1618416000012,0.0011038
ADAUSDT,1618444800006,0.00113869
ADAUSDT,1618473600000,0.00207576
ADAUSDT,1618502400008,0.00193851
ADAUSDT,1618531200008,0.00196959
ADAUSDT,1618560000000,0.00152368
ADAUSDT,1618588800002,0.00146476
ADAUSDT,1618617600008,0.00209974
ADAUSDT,1618646400000,0.00173136
ADAUSDT,1618675200001,0.00116023
ADAUSDT,1618704000006,0.00130154
ADAUSDT,1618732800004,0.0001
ADAUSDT,1618761600000,0.0001
ADAUSDT,1618790400000,0.0001
ADAUSDT,1618819200000,0.00027065
ADAUSDT,1618848000009,0.00019213
ADAUSDT,1618876800004,0.0001
ADAUSDT,1618905600000,0.00012602
ADAUSDT,1618934400001,0.0003059
ADAUSDT,1618963200013,0.0001
ADAUSDT,1618992000001,0.0001
ADAUSDT,1619020800002,0.0001
ADAUSDT,1619049600000,0.0001
ADAUSDT,1619078400000,0.0001
ADAUSDT,1619107200001,0.00049151
ADAUSDT,1619136000002,0.0001
ADAUSDT,1619164800009,0.0001
ADAUSDT,1619193600001,0.0001
ADAUSDT,1619222400019,0.0001
ADAUSDT,1619251200001,0.0001
ADAUSDT,1619280000011,0.0001
ADAUSDT,1619308800000,0.0001
ADAUSDT,1619337600010,0.00013992
ADAUSDT,1619366400000,0.0001
ADAUSDT,1619395200003,0.0001
ADAUSDT,1619424000002,0.0001
ADAUSDT,1619452800004,0.00013354
ADAUSDT,1619481600000,0.0001
ADAUSDT,1619510400000,0.0001
ADAUSDT,1619539200009,0.00062243
ADAUSDT,1619568000000,0.00030192
ADAUSDT,1619596800000,0.00023728
ADAUSDT,1619625600001,0.000276
ADAUSDT,1619654400004,0.00033545
ADAUSDT,1619683200013,0.0001
ADAUSDT,1619712000003,0.00065979
ADAUSDT,1619740800004,0.00017344
ADAUSDT,1619769600019,0.0001
ADAUSDT,1619798400003,0.00034235
ADAUSDT,1619827200002,0.0003344
ADAUSDT,1619856000006,0.00051202
ADAUSDT,1619884800000,0.00044369
ADAUSDT,1619913600010,0.00069889
ADAUSDT,1619942400011,0.00037294
ADAUSDT,1619971200007,0.00048754
ADAUSDT,1620000000003,0.00066325
ADAUSDT,1620028800000,0.00077608
ADAUSDT,1620057600043,0.00103803
ADAUSDT,1620086400004,0.00051756
ADAUSDT,1620115200003,0.0001588
ADAUSDT,1620144000011,0.0004283
ADAUSDT,1620172800001,0.00012296
ADAUSDT,1620201600007,0.00048645
ADAUSDT,1620230400001,0.00027327
ADAUSDT,1620259200003,0.0010706
ADAUSDT,1620288000001,0.00119082
ADAUSDT,1620316800000,0.0021336
ADAUSDT,1620345600000,0.00075068
ADAUSDT,1620374400000,0.00048424
ADAUSDT,1620403200001,0.00080477
ADAUSDT,1620432000006,0.00059912
ADAUSDT,1620460800000,0.00092902
ADAUSDT,1620489600000,0.00073566
ADAUSDT,1620518400005,0.00052872
ADAUSDT,1620547200016,0.0001
ADAUSDT,1620576000000,0.00039799
ADAUSDT,1620604800004,0.0001
ADAUSDT,1620633600000,0.00020428
ADAUSDT,1620662400013,0.00033239
ADAUSDT,1620691200000,0.0001
ADAUSDT,1620720000000,0.0001
ADAUSDT,1620748800002,0.00034193
ADAUSDT,1620777600004,0.0001
ADAUSDT,1620806400007,0.0001
ADAUSDT,1620835200012,0.00023566
ADAUSDT,1620864000016,0.00013454
ADAUSDT,1620892800000,0.0001
ADAUSDT,1620921600008,0.00029573
ADAUSDT,1620950400007,0.00015126
ADAUSDT,1620979200001,0.00027099
ADAUSDT,1621008000004,0.0001
ADAUSDT,1621036800022,0.0001
ADAUSDT,1621065600014,0.0002973
ADAUSDT,1621094400002,0.0001645
ADAUSDT,1621123200000,0.0001
ADAUSDT,1621152000003,0.0001
ADAUSDT,1621180800002,0.00020585
ADAUSDT,1621209600005,0.0001218
ADAUSDT,1621238400001,0.0001
ADAUSDT,1621267200000,0.000207
ADAUSDT,1621296000019,0.0001
ADAUSDT,1621324800001,0.0001
ADAUSDT,1621353600006,0.00042063
ADAUSDT,1621382400000,0.0001
ADAUSDT,1621411200003,0.0001
ADAUSDT,1621440000018,-0.004875
ADAUSDT,1621468800005,0.0001
ADAUSDT,1621497600000,-0.00006521
ADAUSDT,1621526400005,-0.00038322
ADAUSDT,1621555200000,0.0001
ADAUSDT,1621584000000,0.00005427
ADAUSDT,1621612800001,0.0001
ADAUSDT,1621641600001,0.00006983
ADAUSDT,1621670400002,0.0001
ADAUSDT,1621699200005,0.0001
ADAUSDT,1621728000006,0.0001
ADAUSDT,1621756800004,0.00000435
ADAUSDT,1621785600002,-0.00015843
ADAUSDT,1621814400007,-0.00111856
ADAUSDT,1621843200005,-0.00001569
ADAUSDT,1621872000005,-0.00050675
ADAUSDT,1621900800000,-0.00002642
ADAUSDT,1621929600014,0.0001
ADAUSDT,1621958400000,0.0001
ADAUSDT,1621987200022,0.0001
ADAUSDT,1622016000018,0.0001
ADAUSDT,1622044800004,0.0001
ADAUSDT,1622073600000,0.0001
ADAUSDT,1622102400017,0.00004027
ADAUSDT,1622131200000,0.0001
ADAUSDT,1622160000005,0.0001
ADAUSDT,1622188800009,0.0001
ADAUSDT,1622217600000,0.0001
ADAUSDT,1622246400006,0.0001
ADAUSDT,1622275200000,0.0001
ADAUSDT,1622304000000,0.0001
ADAUSDT,1622332800003,-0.00032395
ADAUSDT,1622361600004,-0.00054375
ADAUSDT,1622390400018,0.0001
ADAUSDT,1622419200002,0.0001
ADAUSDT,1622448000000,-0.00031468
ADAUSDT,1622476800000,0.0001
ADAUSDT,1622505600001,0.0001
ADAUSDT,1622534400010,0.0001
ADAUSDT,1622563200010,0.0001
ADAUSDT,1622592000008,0.0001
ADAUSDT,1622620800000,0.0001
ADAUSDT,1622649600007,0.0001
ADAUSDT,1622678400019,0.0001
ADAUSDT,1622707200002,0.0001
ADAUSDT,1622736000003,0.0001
ADAUSDT,1622764800003,0.0001
ADAUSDT,1622793600006,0.0001
ADAUSDT,1622822400002,0.0001
ADAUSDT,1622851200000,0.0001
ADAUSDT,1622880000004,0.0001
ADAUSDT,1622908800020,0.0001
ADAUSDT,1622937600000,0.0001
ADAUSDT,1622966400004,0.0001
ADAUSDT,1622995200000,0.0001
ADAUSDT,1623024000007,0.0001
ADAUSDT,1623052800007,0.0001
ADAUSDT,1623081600003,0.0001
ADAUSDT,1623110400000,0.0001
ADAUSDT,1623139200000,0.0001
ADAUSDT,1623168000002,0.0001
ADAUSDT,1623196800009,0.000034
ADAUSDT,1623225600002,0.000035
ADAUSDT,1623254400000,-0.00010742
ADAUSDT,1623283200007,0.00006102
ADAUSDT,1623312000003,0.0001
ADAUSDT,1623340800000,0.0001
ADAUSDT,1623369600010,0.0001
ADAUSDT,1623398400007,0.0001
ADAUSDT,1623427200006,0.0001
ADAUSDT,1623456000005,0.0001
ADAUSDT,1623484800000,0.0001
ADAUSDT,1623513600018,-0.00001215
ADAUSDT,1623542400002,-0.00007143
ADAUSDT,1623571200000,0.0001
ADAUSDT,1623600000003,0.0001
ADAUSDT,1623628800000,0.0001
ADAUSDT,1623657600015,0.0001
ADAUSDT,1623686400000,0.00000634
ADAUSDT,1623715200000,0.0001
ADAUSDT,1623744000000,0.0001
ADAUSDT,1623772800004,0.0001
ADAUSDT,1623801600004,0.0001
ADAUSDT,1623830400001,0.0001
ADAUSDT,1623859200000,0.0001
ADAUSDT,1623888000004,0.00005164
ADAUSDT,1623916800000,0.0001
ADAUSDT,1623945600002,0.0001
ADAUSDT,1623974400009,-0.00000749
ADAUSDT,1624003200014,0.0001
ADAUSDT,1624032000007,0.0001
ADAUSDT,1624060800003,-0.0000152
ADAUSDT,1624089600001,0.0001
ADAUSDT,1624118400000,0.0001
ADAUSDT,1624147200005,0.0001
ADAUSDT,1624176000000,0.00006277
ADAUSDT,1624204800002,-0.00020512
ADAUSDT,1624233600019,0.0001
ADAUSDT,1624262400000,0.000004
ADAUSDT,1624291200024,-0.00024466
ADAUSDT,1624320000008,0.00009172
ADAUSDT,1624348800009,0.00003536
ADAUSDT,1624377600001,-0.00024325
ADAUSDT,1624406400003,0.0001
ADAUSDT,1624435200000,-0.0001241
ADAUSDT,1624464000000,-0.00005696
ADAUSDT,1624492800009,-0.00003719
ADAUSDT,1624521600018,-0.00011208
ADAUSDT,1624550400001,-0.00000853
ADAUSDT,1624579200009,0.0001
ADAUSDT,1624608000004,0.0001
ADAUSDT,1624636800000,0.0001
ADAUSDT,1624665600007,0.0001
ADAUSDT,1624694400000,0.00006531
ADAUSDT,1624723200002,-0.00003263
ADAUSDT,1624752000005,0.00000296
ADAUSDT,1624780800010,-0.00003681
ADAUSDT,1624809600001,-0.00016174
ADAUSDT,1624838400025,-0.00013659
ADAUSDT,1624867200017,0.0000097
ADAUSDT,1624896000007,0.00009842
ADAUSDT,1624924800008,-0.00000582
ADAUSDT,1624953600000,0.0001
ADAUSDT,1624982400000,0.0001
ADAUSDT,1625011200011,0.0001
ADAUSDT,1625040000044,0.0001
ADAUSDT,1625068800005,0.0001
ADAUSDT,1625097600000,0.00008513
ADAUSDT,1625126400004,0.0001
ADAUSDT,1625155200028,-0.00015751
ADAUSDT,1625184000002,0.0001
ADAUSDT,1625212800016,-0.00004352
ADAUSDT,1625241600007,-0.00015654
ADAUSDT,1625270400008,-0.00000678
ADAUSDT,1625299200000,0.00000543
ADAUSDT,1625328000004,0.0001
ADAUSDT,1625356800012,0.0001
ADAUSDT,1625385600002,-0.00000044
ADAUSDT,1625414400003,0.0001
ADAUSDT,1625443200004,0.00000873
ADAUSDT,1625472000000,-0.00000522
ADAUSDT,1625500800009,-0.00018497
ADAUSDT,1625529600008,-0.00015971
ADAUSDT,1625558400019,0.00006775
ADAUSDT,1625587200000,-0.00008996
ADAUSDT,1625616000007,-0.0001412
ADAUSDT,1625644800001,0.0001
ADAUSDT,1625673600008,0.0001
ADAUSDT,1625702400002,0.00000258
ADAUSDT,1625731200010,0.0001
ADAUSDT,1625760000003,0.0001
ADAUSDT,1625788800000,0.0001
ADAUSDT,1625817600006,-0.00004684
ADAUSDT,1625846400000,-0.00002475
ADAUSDT,1625875200002,0.0001
ADAUSDT,1625904000000,0.0001
ADAUSDT,1625932800001,0.00007253
ADAUSDT,1625961600001,0.0001
ADAUSDT,1625990400025,0.00009208
ADAUSDT,1626019200006,-0.00005948
ADAUSDT,1626048000000,-0.00011973
ADAUSDT,1626076800021,0.00007037
ADAUSDT,1626105600000,0.0001
ADAUSDT,1626134400000,-0.0000549
ADAUSDT,1626163200013,0.0001
ADAUSDT,1626192000005,0.0001
ADAUSDT,1626220800000,0.0001
ADAUSDT,1626249600000,-0.00004811
ADAUSDT,1626278400005,-0.00013224
ADAUSDT,1626307200005,0.0001
ADAUSDT,1626336000001,0.0001
ADAUSDT,1626364800000,0.000063
ADAUSDT,1626393600000,0.0001
ADAUSDT,1626422400000,0.0001
ADAUSDT,1626451200001,-0.00012312
ADAUSDT,1626480000004,0.0001
ADAUSDT,1626508800009,0.00003361
ADAUSDT,1626537600006,-0.00003325
ADAUSDT,1626566400000,0.0001
ADAUSDT,1626595200001,0.00004608
ADAUSDT,1626624000003,-0.0000261
ADAUSDT,1626652800002,-0.00002872
ADAUSDT,1626681600006,0.00005933
ADAUSDT,1626710400006,-0.00010319
ADAUSDT,1626739200002,-0.0001783
ADAUSDT,1626768000011,-0.00024069
ADAUSDT,1626796800001,-0.00008739
ADAUSDT,1626825600022,-0.00018083
ADAUSDT,1626854400000,-0.00032709
ADAUSDT,1626883200018,-0.00036276
ADAUSDT,1626912000002,0.0001
ADAUSDT,1626940800006,0.0001
ADAUSDT,1626969600010,0.0001
ADAUSDT,1626998400013,0.0001
ADAUSDT,1627027200000,0.0001
ADAUSDT,1627056000005,0.0001
ADAUSDT,1627084800000,0.0001
ADAUSDT,1627113600002,0.0001
ADAUSDT,1627142400001,0.0001
ADAUSDT,1627171200003,0.0001
ADAUSDT,1627200000015,0.0001
ADAUSDT,1627228800000,0.0001
ADAUSDT,1627257600000,0.0001
ADAUSDT,1627286400000,0.0001
ADAUSDT,1627315200000,0.0001
ADAUSDT,1627344000046,0.0001
ADAUSDT,1627372800014,0.00005347
ADAUSDT,1627401600007,0.0001
ADAUSDT,1627430400000,0.0001
ADAUSDT,1627459200002,0.0001
ADAUSDT,1627488000005,0.0001
ADAUSDT,1627516800004,0.0001
ADAUSDT,1627545600000,0.0001
ADAUSDT,1627574400007,0.0001
ADAUSDT,1627603200004,0.0001
ADAUSDT,1627632000000,0.0001
ADAUSDT,1627660800000,-0.00005167
ADAUSDT,1627689600000,0.0001
ADAUSDT,1627718400014,0.0001
ADAUSDT,1627747200003,0.0001
ADAUSDT,1627776000005,0.00006706
ADAUSDT,1627804800016,0.0001
ADAUSDT,1627833600001,0.0001
ADAUSDT,1627862400000,0.0001
ADAUSDT,1627891200014,0.0001
ADAUSDT,1627920000021,0.0001
ADAUSDT,1627948800000,0.0001
ADAUSDT,1627977600000,0.0001
ADAUSDT,1628006400009,0.0001
ADAUSDT,1628035200000,0.0001
ADAUSDT,1628064000000,0.0001
ADAUSDT,1628092800003,0.0001
ADAUSDT,1628121600000,0.0001
ADAUSDT,1628150400000,0.0001
ADAUSDT,1628179200001,0.0001
ADAUSDT,1628208000000,0.0001
ADAUSDT,1628236800004,0.0001
ADAUSDT,1628265600003,0.0001
ADAUSDT,1628294400015,0.0001
ADAUSDT,1628323200001,0.00043436
ADAUSDT,1628352000002,0.0001
ADAUSDT,1628380800000,0.0001
ADAUSDT,1628409600002,0.0001
ADAUSDT,1628438400018,0.0001
ADAUSDT,1628467200000,0.0001
ADAUSDT,1628496000000,0.0001
ADAUSDT,1628524800002,0.0001
ADAUSDT,1628553600000,0.00012088
ADAUSDT,1628582400003,0.0001
ADAUSDT,1628611200000,0.00037726
ADAUSDT,1628640000006,0.00028147
ADAUSDT,1628668800003,0.00012002
ADAUSDT,1628697600000,0.00021545
ADAUSDT,1628726400013,0.00056521
ADAUSDT,1628755200001,0.00038609
ADAUSDT,1628784000000,0.00048047
ADAUSDT,1628812800000,0.0001
ADAUSDT,1628841600000,0.0001
ADAUSDT,1628870400002,0.00044192
ADAUSDT,1628899200006,0.00018517
ADAUSDT,1628928000000,0.00040172
ADAUSDT,1628956800000,0.00034467
ADAUSDT,1628985600003,0.00058225
ADAUSDT,1629014400000,0.00051507
ADAUSDT,1629043200007,0.0005305
ADAUSDT,1629072000012,0.00049561
ADAUSDT,1629100800003,0.00059828
ADAUSDT,1629129600010,0.00052361
ADAUSDT,1629158400018,0.0001558
ADAUSDT,1629187200015,0.0001
ADAUSDT,1629216000006,0.00025066
ADAUSDT,1629244800000,0.0001
ADAUSDT,1629273600000,0.0001
ADAUSDT,1629302400011,0.00011012
ADAUSDT,1629331200000,0.0001
ADAUSDT,1629360000014,0.0001
ADAUSDT,1629388800000,0.0001
ADAUSDT,1629417600000,0.00084538
ADAUSDT,1629446400001,0.00069846
ADAUSDT,1629475200001,0.00048686
ADAUSDT,1629504000005,0.00011398
ADAUSDT,1629532800001,0.00065467
ADAUSDT,1629561600000,0.0004307
ADAUSDT,1629590400005,0.00012318
ADAUSDT,1629619200007,0.00055225
ADAUSDT,1629648000002,0.00048115
ADAUSDT,1629676800003,0.0001
ADAUSDT,1629705600005,0.00064584
ADAUSDT,1629734400002,0.00036916
ADAUSDT,1629763200006,0.00049561
ADAUSDT,1629792000004,0.00066626
ADAUSDT,1629820800000,0.00083064
ADAUSDT,1629849600015,0.0001
ADAUSDT,1629878400000,0.00023765
ADAUSDT,1629907200000,0.00016008
ADAUSDT,1629936000001,0.00015003
ADAUSDT,1629964800016,0.00014473
ADAUSDT,1629993600004,0.00021532
ADAUSDT,1630022400013,0.0001
ADAUSDT,1630051200001,0.0001
ADAUSDT,1630080000004,0.0001
ADAUSDT,1630108800000,0.00019918
ADAUSDT,1630137600000,0.00035963
ADAUSDT,1630166400000,0.00036243
ADAUSDT,1630195200000,0.00023858
ADAUSDT,1630224000002,0.0001
ADAUSDT,1630252800005,0.00040065
ADAUSDT,1630281600013,0.0001
ADAUSDT,1630310400008,0.0001
ADAUSDT,1630339200000,0.00030179
ADAUSDT,1630368000000,0.00037779
ADAUSDT,1630396800007,0.00017159
ADAUSDT,1630425600003,0.00030058
ADAUSDT,1630454400000,0.0001
ADAUSDT,1630483200006,0.00010076
ADAUSDT,1630512000000,0.00051759
ADAUSDT,1630540800009,0.00028474
ADAUSDT,1630569600006,0.0012723
ADAUSDT,1630598400007,0.00067169
ADAUSDT,1630627200011,0.00013524
ADAUSDT,1630656000000,0.00095656
ADAUSDT,1630684800002,0.00074336
ADAUSDT,1630713600003,0.0006203
ADAUSDT,1630742400008,0.00086749
ADAUSDT,1630771200009,0.00080491
ADAUSDT,1630800000002,0.00051396
ADAUSDT,1630828800002,0.0006024
ADAUSDT,1630857600000,0.00097766
ADAUSDT,1630886400003,0.00095509
ADAUSDT,1630915200008,0.00109104
ADAUSDT,1630944000009,0.00055141
ADAUSDT,1630972800004,0.00096006
ADAUSDT,1631001600002,0.00062338
ADAUSDT,1631030400001,-0.0013164
ADAUSDT,1631059200005,0.0001
ADAUSDT,1631088000000,0.0001
ADAUSDT,1631116800000,0.0001
ADAUSDT,1631145600006,0.0001
ADAUSDT,1631174400014,0.0001
ADAUSDT,1631203200002,0.0001
ADAUSDT,1631232000001,0.0001
ADAUSDT,1631260800018,0.0001
ADAUSDT,1631289600006,0.0001
ADAUSDT,1631318400000,0.0001
ADAUSDT,1631347200001,0.0001
ADAUSDT,1631376000000,0.0001
ADAUSDT,1631404800000,0.0001
ADAUSDT,1631433600002,0.0001
ADAUSDT,1631462400000,0.0001
ADAUSDT,1631491200000,0.0001
ADAUSDT,1631520000007,0.0001
ADAUSDT,1631548800005,0.0001
ADAUSDT,1631577600002,0.0001
ADAUSDT,1631606400000,0.0001
ADAUSDT,1631635200007,0.0001
ADAUSDT,1631664000012,0.0001
ADAUSDT,1631692800003,0.0001
ADAUSDT,1631721600006,0.0001
ADAUSDT,1631750400008,0.0001
ADAUSDT,1631779200005,0.0001
ADAUSDT,1631808000002,0.0001
ADAUSDT,1631836800000,0.0001
ADAUSDT,1631865600047,0.0001
ADAUSDT,1631894400013,0.0001
ADAUSDT,1631923200000,0.0001
ADAUSDT,1631952000010,0.0001
ADAUSDT,1631980800005,0.00021614
ADAUSDT,1632009600006,0.0001
ADAUSDT,1632038400015,0.0001
ADAUSDT,1632067200007,0.0001
ADAUSDT,1632096000018,0.0001
ADAUSDT,1632124800000,0.0001
ADAUSDT,1632153600005,0.00003807
ADAUSDT,1632182400005,0.0001
ADAUSDT,1632211200007,0.0001
ADAUSDT,1632240000000,0.0001
ADAUSDT,1632268800005,0.00004214
ADAUSDT,1632297600006,-0.0000894
ADAUSDT,1632326400000,0.0001
ADAUSDT,1632355200003,-0.00005296
ADAUSDT,1632384000000,-0.00001408
ADAUSDT,1632412800007,-0.00000611
ADAUSDT,1632441600000,-0.00004985
ADAUSDT,1632470400017,0.00006993
ADAUSDT,1632499200000,0.0001
ADAUSDT,1632528000007,0.0001
ADAUSDT,1632556800002,0.0001
ADAUSDT,1632585600004,0.0001
ADAUSDT,1632614400013,0.0001
ADAUSDT,1632643200000,0.0001
ADAUSDT,1632672000005,0.00000418
ADAUSDT,1632700800000,0.0001
ADAUSDT,1632729600001,0.00007288
ADAUSDT,1632758400000,0.0001
ADAUSDT,1632787200000,0.0001
ADAUSDT,1632816000014,0.0001
ADAUSDT,1632844800000,0.0001
ADAUSDT,1632873600000,0.0001
ADAUSDT,1632902400002,0.00008616
ADAUSDT,1632931200000,0.0001
ADAUSDT,1632960000000,0.0001
ADAUSDT,1632988800004,0.0001
ADAUSDT,1633017600005,0.0001
ADAUSDT,1633046400012,0.0001
ADAUSDT,1633075200008,0.0001
ADAUSDT,1633104000000,0.0001
ADAUSDT,1633132800000,0.0001
ADAUSDT,1633161600002,0.0001
ADAUSDT,1633190400011,0.0001
ADAUSDT,1633219200019,0.0001
ADAUSDT,1633248000011,0.0001
ADAUSDT,1633276800004,0.0001
ADAUSDT,1633305600004,0.00012774
ADAUSDT,1633334400000,0.00011848
ADAUSDT,1633363200000,0.0001
ADAUSDT,1633392000007,0.0001
ADAUSDT,1633420800007,0.0001
ADAUSDT,1633449600004,0.0001
ADAUSDT,1633478400002,0.00035711
ADAUSDT,1633507200000,0.00014765
ADAUSDT,1633536000003,0.0001
ADAUSDT,1633564800007,0.00044858
ADAUSDT,1633593600002,0.00013824
ADAUSDT,1633622400000,0.00061777
ADAUSDT,1633651200011,0.00037758
ADAUSDT,1633680000003,0.00037664
ADAUSDT,1633708800002,0.00054512
ADAUSDT,1633737600006,0.00031376
ADAUSDT,1633766400003,0.00020389
ADAUSDT,1633795200000,0.00045211
ADAUSDT,1633824000000,0.00034839
ADAUSDT,1633852800008,0.00036848
ADAUSDT,1633881600000,0.00043755
ADAUSDT,1633910400002,0.0001
ADAUSDT,1633939200001,0.00030355
ADAUSDT,1633968000006,0.00031519
ADAUSDT,1633996800008,0.0001
ADAUSDT,1634025600013,0.0001
ADAUSDT,1634054400003,0.0001
ADAUSDT,1634083200003,0.0001
ADAUSDT,1634112000015,0.0001
ADAUSDT,1634140800000,0.0001
ADAUSDT,1634169600011,0.0001
ADAUSDT,1634198400017,0.0002512
ADAUSDT,1634227200000,0.00020118
ADAUSDT,1634256000005,0.0003869
ADAUSDT,1634284800002,0.00054999
ADAUSDT,1634313600005,0.00030715
ADAUSDT,1634342400009,0.00054262
ADAUSDT,1634371200000,0.00059842
ADAUSDT,1634400000003,0.00052496
ADAUSDT,1634428800001,0.00057155
ADAUSDT,1634457600002,0.00053087
ADAUSDT,1634486400002,0.0005967
ADAUSDT,1634515200006,0.00033367
ADAUSDT,1634544000004,0.00054044
ADAUSDT,1634572800001,0.00034939
ADAUSDT,1634601600002,0.00040459
ADAUSDT,1634630400000,0.00045391
ADAUSDT,1634659200000,0.00030025
ADAUSDT,1634688000017,0.00045642
ADAUSDT,1634716800004,0.000513
ADAUSDT,1634745600020,0.0004507
ADAUSDT,1634774400000,0.00061867
ADAUSDT,1634803200000,0.00071331
ADAUSDT,1634832000008,0.00070332
ADAUSDT,1634860800005,0.00019336
ADAUSDT,1634889600005,0.00012609
ADAUSDT,1634918400018,0.00038499
ADAUSDT,1634947200005,0.00027477
ADAUSDT,1634976000001,0.00028852
ADAUSDT,1635004800004,0.00038712
ADAUSDT,1635033600006,0.00046601
ADAUSDT,1635062400012,0.00060815
ADAUSDT,1635091200001,0.00073501
ADAUSDT,1635120000012,0.00061486
ADAUSDT,1635148800002,0.00066682
ADAUSDT,1635177600022,0.00068388
ADAUSDT,1635206400005,0.00075623
ADAUSDT,1635235200016,0.00084369
ADAUSDT,1635264000000,0.00078746
ADAUSDT,1635292800004,0.00063542
ADAUSDT,1635321600000,0.00092131
ADAUSDT,1635350400002,0.0001
ADAUSDT,1635379200002,0.0001
ADAUSDT,1635408000000,0.0001
ADAUSDT,1635436800005,0.0001
ADAUSDT,1635465600000,0.0001
ADAUSDT,1635494400007,0.00024081
ADAUSDT,1635523200001,0.00030089
ADAUSDT,1635552000000,0.00033983
ADAUSDT,1635580800001,0.00042396
ADAUSDT,1635609600013,0.00036859
ADAUSDT,1635638400008,0.0005205
ADAUSDT,1635667200010,0.00068396
ADAUSDT,1635696000001,0.00029267
ADAUSDT,1635724800009,0.00046665
ADAUSDT,1635753600014,0.00052462
ADAUSDT,1635782400001,0.00063859
ADAUSDT,1635811200000,0.00049769
ADAUSDT,1635840000007,0.00065671
ADAUSDT,1635868800010,0.00085961
ADAUSDT,1635897600019,0.00091974
ADAUSDT,1635926400000,0.00037822
ADAUSDT,1635955200005,0.00053519
ADAUSDT,1635984000006,0.0005502
ADAUSDT,1636012800004,0.00085571
ADAUSDT,1636041600004,0.00061966
ADAUSDT,1636070400000,0.00039418
ADAUSDT,1636099200013,0.00015965
ADAUSDT,1636128000016,0.00054137
ADAUSDT,1636156800010,0.00045308
ADAUSDT,1636185600000,0.00042789
ADAUSDT,1636214400007,0.00010778
ADAUSDT,1636243200013,0.00019638
ADAUSDT,1636272000005,0.00059333
ADAUSDT,1636300800004,0.00051088
ADAUSDT,1636329600001,0.00047282
ADAUSDT,1636358400000,0.00056377
ADAUSDT,1636387200000,0.00068563
ADAUSDT,1636416000000,0.00029277
ADAUSDT,1636444800014,0.00029306
ADAUSDT,1636473600001,0.00025267
ADAUSDT,1636502400000,0.00031636
ADAUSDT,1636531200003,0.00033902
ADAUSDT,1636560000001,0.00055958
ADAUSDT,1636588800008,0.0001
ADAUSDT,1636617600012,0.0001
ADAUSDT,1636646400007,0.0001
ADAUSDT,1636675200000,0.0001
ADAUSDT,1636704000000,0.0001
ADAUSDT,1636732800004,0.00011298
ADAUSDT,1636761600000,0.0001
ADAUSDT,1636790400004,0.0001
ADAUSDT,1636819200006,0.00010863
ADAUSDT,1636848000010,0.00017084
ADAUSDT,1636876800001,0.00010137
ADAUSDT,1636905600000,0.00025609
ADAUSDT,1636934400008,0.00038498
ADAUSDT,1636963200000,0.00048982
ADAUSDT,1636992000000,0.00039201
ADAUSDT,1637020800000,0.00038254
ADAUSDT,1637049600001,0.0001
ADAUSDT,1637078400018,0.0001
ADAUSDT,1637107200005,0.0001
ADAUSDT,1637136000007,0.0001
ADAUSDT,1637164800003,0.0001
ADAUSDT,1637193600017,0.0001
ADAUSDT,1637222400007,0.0001
ADAUSDT,1637251200011,0.0001
ADAUSDT,1637280000000,0.0001
ADAUSDT,1637308800000,0.0001
ADAUSDT,1637337600005,0.0001
ADAUSDT,1637366400012,0.0001
ADAUSDT,1637395200000,0.0001
ADAUSDT,1637424000007,0.0001
ADAUSDT,1637452800000,0.0001
ADAUSDT,1637481600006,0.0001
ADAUSDT,1637510400000,0.0001
ADAUSDT,1637539200004,0.00018981
ADAUSDT,1637568000000,0.0001
ADAUSDT,1637596800000,0.0001
ADAUSDT,1637625600004,0.0001
ADAUSDT,1637654400010,0.0001
ADAUSDT,1637683200005,0.00027615
ADAUSDT,1637712000001,0.00053138
ADAUSDT,1637740800003,0.00036662
ADAUSDT,1637769600010,0.00021122
ADAUSDT,1637798400000,0.0001
ADAUSDT,1637827200010,0.00016845
ADAUSDT,1637856000000,0.0001
ADAUSDT,1637884800000,0.00047115
ADAUSDT,1637913600000,0.00037625
ADAUSDT,1637942400016,0.0001
ADAUSDT,1637971200005,0.0001
ADAUSDT,1638000000008,0.0001
ADAUSDT,1638028800007,0.0001
ADAUSDT,1638057600018,0.0001
ADAUSDT,1638086400000,0.0001
ADAUSDT,1638115200004,0.0001
ADAUSDT,1638144000002,0.0001
ADAUSDT,1638172800004,0.0001
ADAUSDT,1638201600000,0.0001
ADAUSDT,1638230400000,0.0001
ADAUSDT,1638259200006,0.0001
ADAUSDT,1638288000000,0.0001
ADAUSDT,1638316800000,0.0001
ADAUSDT,1638345600000,0.0001
ADAUSDT,1638374400001,0.00012507
ADAUSDT,1638403200000,0.0001
ADAUSDT,1638432000007,0.0001
ADAUSDT,1638460800008,0.0001
ADAUSDT,1638489600004,0.0001
ADAUSDT,1638518400002,0.0001
ADAUSDT,1638547200006,0.0001
ADAUSDT,1638576000006,0.0001
ADAUSDT,1638604800004,-0.00039831
ADAUSDT,1638633600000,0.00000331
ADAUSDT,1638662400003,0.0001
ADAUSDT,1638691200008,0.0001
ADAUSDT,1638720000007,0.00001599
ADAUSDT,1638748800009,-0.00000109
ADAUSDT,1638777600001,0.0001
ADAUSDT,1638806400000,0.0000049
ADAUSDT,1638835200018,-0.00010007
ADAUSDT,1638864000000,0.00003258
ADAUSDT,1638892800000,0.0001
ADAUSDT,1638921600000,0.0001
ADAUSDT,1638950400018,-0.00006911
ADAUSDT,1638979200010,0.00000027
ADAUSDT,1639008000010,0.0000532
ADAUSDT,1639036800000,0.00002408
ADAUSDT,1639065600000,0.00005778
ADAUSDT,1639094400000,0.0001
ADAUSDT,1639123200008,-0.00000202
ADAUSDT,1639152000012,-0.00002149
ADAUSDT,1639180800009,0.00005266
ADAUSDT,1639209600008,-0.00002488
ADAUSDT,1639238400000,-0.0000505
ADAUSDT,1639267200001,-0.00015697
ADAUSDT,1639296000015,0.0001
ADAUSDT,1639324800011,0.0001
ADAUSDT,1639353600006,0.0001
ADAUSDT,1639382400019,0.0001
ADAUSDT,1639411200000,0.0001
ADAUSDT,1639440000004,0.00000262
ADAUSDT,1639468800000,0.0001
ADAUSDT,1639497600015,0.0001
ADAUSDT,1639526400000,0.00003709
ADAUSDT,1639555200008,0.0001
ADAUSDT,1639584000005,0.0001
ADAUSDT,1639612800006,0.0001
ADAUSDT,1639641600009,0.0001
ADAUSDT,1639670400000,0.0001
ADAUSDT,1639699200000,0.0001
ADAUSDT,1639728000005,0.00003226
ADAUSDT,1639756800006,0.00008632
ADAUSDT,1639785600014,0.0001
ADAUSDT,1639814400012,0.00008423
ADAUSDT,1639843200000,0.0001
ADAUSDT,1639872000031,0.0001
ADAUSDT,1639900800000,0.0001
ADAUSDT,1639929600003,0.0001
ADAUSDT,1639958400015,0.0001
ADAUSDT,1639987200007,0.0001
ADAUSDT,1640016000005,0.0001
ADAUSDT,1640044800003,0.0001
ADAUSDT,1640073600012,0.0001
ADAUSDT,1640102400005,0.0001
ADAUSDT,1640131200000,0.0001
ADAUSDT,1640160000001,0.0001
ADAUSDT,1640188800006,0.0001
ADAUSDT,1640217600011,0.0001
ADAUSDT,1640246400000,0.0001
ADAUSDT,1640275200000,0.0001
ADAUSDT,1640304000005,0.0001
ADAUSDT,1640332800000,0.0001
ADAUSDT,1640361600011,0.0001
ADAUSDT,1640390400000,0.0001
ADAUSDT,1640419200001,0.0001
ADAUSDT,1640448000005,0.0001
ADAUSDT,1640476800004,0.0001
ADAUSDT,1640505600002,0.0001
ADAUSDT,1640534400000,0.0001
ADAUSDT,1640563200002,0.0001
ADAUSDT,1640592000005,0.0001
ADAUSDT,1640620800000,0.0001
ADAUSDT,1640649600000,0.0001
ADAUSDT,1640678400012,0.0001
ADAUSDT,1640707200000,0.0001
ADAUSDT,1640736000006,0.0001
ADAUSDT,1640764800003,0.0001
ADAUSDT,1640793600004,0.00006979
ADAUSDT,1640822400003,0.00005292
ADAUSDT,1640851200001,-0.0000762
ADAUSDT,1640880000017,-0.00000447
ADAUSDT,1640908800006,0.00008465
ADAUSDT,1640937600009,0.00006364
ADAUSDT,1640966400000,0.0001
ADAUSDT,1640995200006,0.00005821
ADAUSDT,1641024000009,0.0001
ADAUSDT,1641052800000,0.0001
ADAUSDT,1641081600028,0.00001754
ADAUSDT,1641110400000,0.0001
ADAUSDT,1641139200000,0.0001
ADAUSDT,1641168000010,0.0001
ADAUSDT,1641196800013,0.0001
ADAUSDT,1641225600018,0.0001
ADAUSDT,1641254400000,0.0001
ADAUSDT,1641283200010,0.0001
ADAUSDT,1641312000002,0.0001
ADAUSDT,1641340800001,0.0001
ADAUSDT,1641369600017,0.0001
ADAUSDT,1641398400000,0.0001
ADAUSDT,1641427200002,0.0001
ADAUSDT,1641456000021,0.0001
ADAUSDT,1641484800006,0.0001
ADAUSDT,1641513600005,0.00002384
ADAUSDT,1641542400000,0.0001
ADAUSDT,1641571200001,0.0001
ADAUSDT,1641600000014,0.0001
ADAUSDT,1641628800013,0.0001
ADAUSDT,1641657600000,0.0001
ADAUSDT,1641686400003,0.00008452
ADAUSDT,1641715200000,0.0001
ADAUSDT,1641744000000,0.0001
ADAUSDT,1641772800000,0.0001
ADAUSDT,1641801600010,0.0001
ADAUSDT,1641830400007,0.00008503
ADAUSDT,1641859200013,-0.00002773
ADAUSDT,1641888000004,0.0001
ADAUSDT,1641916800000,0.0001
ADAUSDT,1641945600012,-0.00011456
ADAUSDT,1641974400015,0.00005369
ADAUSDT,1642003200000,-0.00002475
ADAUSDT,1642032000007,0.00009538
ADAUSDT,1642060800000,0.0001
ADAUSDT,1642089600014,0.0001
ADAUSDT,1642118400000,0.0001
ADAUSDT,1642147200006,0.0001
ADAUSDT,1642176000014,0.0001
ADAUSDT,1642204800000,0.0001
ADAUSDT,1642233600002,0.0001
ADAUSDT,1642262400000,0.0001
ADAUSDT,1642291200000,0.0001
ADAUSDT,1642320000017,0.0001
ADAUSDT,1642348800011,0.00005132
ADAUSDT,1642377600005,0.0001
ADAUSDT,1642406400006,0.0001
ADAUSDT,1642435200012,0.0001
ADAUSDT,1642464000020,0.00005552
ADAUSDT,1642492800000,0.0001
ADAUSDT,1642521600013,0.0001
ADAUSDT,1642550400001,0.0001
ADAUSDT,1642579200000,0.0001
ADAUSDT,1642608000000,0.00001538
ADAUSDT,1642636800015,0.00009454
ADAUSDT,1642665600000,-0.00000462
ADAUSDT,1642694400000,-0.00002672
ADAUSDT,1642723200007,-0.00013087
ADAUSDT,1642752000015,-0.00008031
ADAUSDT,1642780800000,0.0001
ADAUSDT,1642809600017,0.0001
ADAUSDT,1642838400003,0.0000395
ADAUSDT,1642867200021,-0.00020203
ADAUSDT,1642896000026,0.00001043
ADAUSDT,1642924800010,-0.00018378
ADAUSDT,1642953600009,-0.00018998
ADAUSDT,1642982400010,0.00000329
ADAUSDT,1643011200000,-0.00005693
ADAUSDT,1643040000021,-0.0001095
ADAUSDT,1643068800000,-0.00021411
ADAUSDT,1643097600000,0.00004722
ADAUSDT,1643126400012,-0.00030196
ADAUSDT,1643155200000,-0.00030065
ADAUSDT,1643184000001,-0.00012947
ADAUSDT,1643212800005,-0.00024924
ADAUSDT,1643241600004,-0.00007644
ADAUSDT,1643270400004,-0.0001762
ADAUSDT,1643299200019,-0.00027024
ADAUSDT,1643328000000,-0.00022215
ADAUSDT,1643356800000,-0.00010395
ADAUSDT,1643385600025,-0.00027293
ADAUSDT,1643414400017,-0.00020635
ADAUSDT,1643443200000,-0.00002236
ADAUSDT,1643472000013,-0.00004209
ADAUSDT,1643500800025,-0.00016974
ADAUSDT,1643529600009,-0.00001055
ADAUSDT,1643558400000,-0.00008329
ADAUSDT,1643587200000,-0.00031475
ADAUSDT,1643616000000,-0.00032298
ADAUSDT,1643644800000,-0.00015637
ADAUSDT,1643673600010,-0.00007247
ADAUSDT,1643702400000,-0.000081
ADAUSDT,1643731200004,-0.00007053
ADAUSDT,1643760000004,-0.00000028
ADAUSDT,1643788800000,0.0001
ADAUSDT,1643817600002,-0.0000345
ADAUSDT,1643846400002,-0.00009416
ADAUSDT,1643875200000,-0.00004589
ADAUSDT,1643904000000,0.00002054
ADAUSDT,1643932800018,-0.00005195
ADAUSDT,1643961600005,0.00000723
ADAUSDT,1643990400010,0.0000649
ADAUSDT,1644019200014,0.00004266
ADAUSDT,1644048000000,0.0001
ADAUSDT,1644076800000,0.0001
ADAUSDT,1644105600000,0.00008492
ADAUSDT,1644134400000,-0.00000411
ADAUSDT,1644163200000,0.00003486
ADAUSDT,1644192000003,0.0000415
ADAUSDT,1644220800014,0.0001
ADAUSDT,1644249600003,0.00008035
ADAUSDT,1644278400001,0.00003385
ADAUSDT,1644307200003,0.00008161
ADAUSDT,1644336000002,0.0001
ADAUSDT,1644364800000,-0.00015798
ADAUSDT,1644393600005,0.0001
ADAUSDT,1644422400001,0.0001
ADAUSDT,1644451200012,0.0001
ADAUSDT,1644480000000,0.0001
ADAUSDT,1644508800006,0.0001
ADAUSDT,1644537600000,0.0000566
ADAUSDT,1644566400009,-0.00002632
ADAUSDT,1644595200015,0.0001
ADAUSDT,1644624000020,0.0001
ADAUSDT,1644652800001,-0.00003044
ADAUSDT,1644681600007,0.0001
ADAUSDT,1644710400022,-0.00004465
ADAUSDT,1644739200001,-0.00001154
ADAUSDT,1644768000007,-0.0001082
ADAUSDT,1644796800005,-0.00003011
ADAUSDT,1644825600013,-0.00016931
ADAUSDT,1644854400019,0.00009506
ADAUSDT,1644883200012,0.00001716
ADAUSDT,1644912000005,0.0001
ADAUSDT,1644940800011,0.0001
ADAUSDT,1644969600009,0.0001
ADAUSDT,1644998400001,0.0001
ADAUSDT,1645027200014,0.0001
ADAUSDT,1645056000018,0.0001
ADAUSDT,1645084800000,0.0001
ADAUSDT,1645113600010,0.0001
ADAUSDT,1645142400000,0.00005379
ADAUSDT,1645171200002,0.00006322
ADAUSDT,1645200000000,0.0000687
ADAUSDT,1645228800007,0.00002208
ADAUSDT,1645257600000,0.00000822
ADAUSDT,1645286400023,-0.00006016
ADAUSDT,1645315200001,-0.00008825
ADAUSDT,1645344000003,-0.00015733
ADAUSDT,1645372800001,-0.0001402
ADAUSDT,1645401600000,0.00000678
ADAUSDT,1645430400001,-0.00020459
ADAUSDT,1645459200005,-0.0001492
ADAUSDT,1645488000005,-0.0000626
ADAUSDT,1645516800000,-0.00017711
ADAUSDT,1645545600000,-0.0004721
ADAUSDT,1645574400002,-0.00025169
ADAUSDT,1645603200005,-0.0003359
ADAUSDT,1645632000010,-0.00009575
ADAUSDT,1645660800008,0.00009454
ADAUSDT,1645689600003,-0.00022038
ADAUSDT,1645718400001,-0.00047794
ADAUSDT,1645747200000,-0.00008962
ADAUSDT,1645776000006,-0.00010538
ADAUSDT,1645804800001,-0.00015015
ADAUSDT,1645833600004,-0.00004936
ADAUSDT,1645862400004,0.0000673
ADAUSDT,1645891200007,-0.00004105
ADAUSDT,1645920000012,-0.00002874
ADAUSDT,1645948800000,-0.0002179
ADAUSDT,1645977600000,0.00007923
ADAUSDT,1646006400000,-0.00014074
ADAUSDT,1646035200001,0.0001
ADAUSDT,1646064000002,0.0001
ADAUSDT,1646092800002,0.00008843
ADAUSDT,1646121600001,0.0001
ADAUSDT,1646150400000,0.0001
ADAUSDT,1646179200000,0.00003842
ADAUSDT,1646208000000,-0.00006378
ADAUSDT,1646236800002,-0.00000732
ADAUSDT,1646265600000,-0.00030116
ADAUSDT,1646294400000,0.00006594
ADAUSDT,1646323200005,-0.00019198
ADAUSDT,1646352000018,-0.00018041
ADAUSDT,1646380800000,0.00000341
ADAUSDT,1646409600000,0.00001371
ADAUSDT,1646438400006,-0.00015674
ADAUSDT,1646467200004,-0.00024412
ADAUSDT,1646496000000,-0.00012682
ADAUSDT,1646524800004,-0.00006431
ADAUSDT,1646553600000,-0.00009615
ADAUSDT,1646582400013,-0.00019728
ADAUSDT,1646611200008,-0.00023769
ADAUSDT,1646640000006,-0.00016668
ADAUSDT,1646668800000,-0.00009878
ADAUSDT,1646697600008,-0.00006884
ADAUSDT,1646726400002,-0.00004175
ADAUSDT,1646755200000,0.00009318
ADAUSDT,1646784000008,-0.00020327
ADAUSDT,1646812800000,-0.00008726
ADAUSDT,1646841600004,0.00009182
ADAUSDT,1646870400000,0.0001
ADAUSDT,1646899200017,-0.00012345
ADAUSDT,1646928000000,-0.00010004
ADAUSDT,1646956800008,-0.00006552
ADAUSDT,1646985600000,-0.00017588
ADAUSDT,1647014400001,-0.00005303
ADAUSDT,1647043200010,-0.00004285
ADAUSDT,1647072000001,0.00007547
ADAUSDT,1647100800002,0.0001
ADAUSDT,1647129600008,0.00000358
ADAUSDT,1647158400000,0.0001
ADAUSDT,1647187200002,-0.00009306
ADAUSDT,1647216000014,-0.00010408
ADAUSDT,1647244800005,-0.0001723
ADAUSDT,1647273600002,0.00004341
ADAUSDT,1647302400008,-0.00011136
ADAUSDT,1647331200000,-0.00001682
ADAUSDT,1647360000006,0.000019
ADAUSDT,1647388800013,0.0001
ADAUSDT,1647417600000,0.0001
ADAUSDT,1647446400008,0.0001
ADAUSDT,1647475200004,0.0001
ADAUSDT,1647504000000,0.0001
ADAUSDT,1647532800004,0.0001
ADAUSDT,1647561600000,0.0001
ADAUSDT,1647590400000,0.0001
ADAUSDT,1647619200017,0.0001
ADAUSDT,1647648000008,0.0001
ADAUSDT,1647676800015,0.0001
ADAUSDT,1647705600000,0.00009555
ADAUSDT,1647734400000,0.0001
ADAUSDT,1647763200001,0.0001
ADAUSDT,1647792000002,0.0001
ADAUSDT,1647820800013,0.00003727
ADAUSDT,1647849600004,0.0001
ADAUSDT,1647878400010,0.00004044
ADAUSDT,1647907200012,0.00003376
ADAUSDT,1647936000001,0.00007618
ADAUSDT,1647964800022,0.00003612
ADAUSDT,1647993600007,0.00000636
ADAUSDT,1648022400000,-0.00000166
ADAUSDT,1648051200006,-0.00015211
ADAUSDT,1648080000013,-0.00000164
ADAUSDT,1648108800006,-0.00010482
ADAUSDT,1648137600020,-0.00006844
ADAUSDT,1648166400010,0.0001
ADAUSDT,1648195200001,0.0001
ADAUSDT,1648224000014,0.0001
ADAUSDT,1648252800020,0.0001
ADAUSDT,1648281600006,0.0001
ADAUSDT,1648310400000,0.0001
ADAUSDT,1648339200004,0.0001
ADAUSDT,1648368000001,0.0001
ADAUSDT,1648396800006,0.0001
ADAUSDT,1648425600012,0.0001
ADAUSDT,1648454400007,0.0001
ADAUSDT,1648483200000,0.0001
ADAUSDT,1648512000000,0.0001
ADAUSDT,1648540800015,0.0001
ADAUSDT,1648569600000,0.0001
ADAUSDT,1648598400000,0.0001
ADAUSDT,1648627200002,0.0001
ADAUSDT,1648656000028,0.0001
ADAUSDT,1648684800017,0.0001
ADAUSDT,1648713600000,0.0001
ADAUSDT,1648742400015,0.0001
ADAUSDT,1648771200000,0.0001
ADAUSDT,1648800000000,0.0001
ADAUSDT,1648828800018,0.0001
ADAUSDT,1648857600000,0.0001
ADAUSDT,1648886400002,0.0001
ADAUSDT,1648915200006,0.0001
ADAUSDT,1648944000018,0.0001
ADAUSDT,1648972800018,0.0001
ADAUSDT,1649001600015,0.0001
ADAUSDT,1649030400006,0.0001
ADAUSDT,1649059200000,0.0001
ADAUSDT,1649088000016,0.0001
ADAUSDT,1649116800000,0.0001
ADAUSDT,1649145600010,0.0001
ADAUSDT,1649174400008,0.0001
ADAUSDT,1649203200001,0.0001
ADAUSDT,1649232000021,0.00002564
ADAUSDT,1649260800000,0.0001
ADAUSDT,1649289600009,-0.00002038
ADAUSDT,1649318400000,-0.0001027
ADAUSDT,1649347200000,-0.00000565
ADAUSDT,1649376000000,0.0001
ADAUSDT,1649404800004,0.0000441
ADAUSDT,1649433600008,0.0001
ADAUSDT,1649462400008,0.0001
ADAUSDT,1649491200000,-0.00002052
ADAUSDT,1649520000001,0.0001
ADAUSDT,1649548800004,0.00008061
ADAUSDT,1649577600007,0.0001
ADAUSDT,1649606400016,0.00008661
ADAUSDT,1649635200000,0.00004445
ADAUSDT,1649664000000,0.0001
ADAUSDT,1649692800009,0.00003872
ADAUSDT,1649721600000,-0.00007489
ADAUSDT,1649750400006,-0.00009253
ADAUSDT,1649779200013,-0.00010115
ADAUSDT,1649808000005,-0.00009838
ADAUSDT,1649836800008,-0.00008661
ADAUSDT,1649865600013,-0.00001905
ADAUSDT,1649894400007,-0.00014932
ADAUSDT,1649923200000,-0.00006977
ADAUSDT,1649952000006,-0.00015486
ADAUSDT,1649980800008,-0.00016837
ADAUSDT,1650009600002,0.00003494
ADAUSDT,1650038400000,0.00000617
ADAUSDT,1650067200011,0.00001502
ADAUSDT,1650096000007,0.0001
ADAUSDT,1650124800007,0.00000261
ADAUSDT,1650153600000,0.00000351
ADAUSDT,1650182400004,0.0001
ADAUSDT,1650211200000,0.0001
ADAUSDT,1650240000008,-0.00004606
ADAUSDT,1650268800012,-0.00015722
ADAUSDT,1650297600000,-0.00025787
ADAUSDT,1650326400021,0.00009634
ADAUSDT,1650355200031,0.00003484
ADAUSDT,1650384000000,0.00004801
ADAUSDT,1650412800025,0.0001
ADAUSDT,1650441600003,0.0001
ADAUSDT,1650470400000,0.0001
ADAUSDT,1650499200000,0.00006417
ADAUSDT,1650528000000,-0.00000366
ADAUSDT,1650556800024,0.0001
ADAUSDT,1650585600008,-0.00013049
ADAUSDT,1650614400008,-0.00007318
ADAUSDT,1650643200008,0.0001
ADAUSDT,1650672000000,0.00005111
ADAUSDT,1650700800000,0.0001
ADAUSDT,1650729600012,0.0001
ADAUSDT,1650758400004,0.0001
ADAUSDT,1650787200003,0.0001
ADAUSDT,1650816000000,0.00008883
ADAUSDT,1650844800008,0.0000949
ADAUSDT,1650873600018,-0.00001445
ADAUSDT,1650902400000,-0.00006327
ADAUSDT,1650931200014,0.00008582
ADAUSDT,1650960000000,0.0001
ADAUSDT,1650988800017,0.0001
ADAUSDT,1651017600012,-0.00020147
ADAUSDT,1651046400000,0.00002913
ADAUSDT,1651075200002,0.0001
ADAUSDT,1651104000000,0.0001
ADAUSDT,1651132800004,0.00007823
ADAUSDT,1651161600030,0.0001
ADAUSDT,1651190400000,0.0001
ADAUSDT,1651219200016,0.0001
ADAUSDT,1651248000010,0.00000384
ADAUSDT,1651276800000,-0.0000677
ADAUSDT,1651305600005,0.0001
ADAUSDT,1651334400015,0.0001
ADAUSDT,1651363200000,-0.00009295
ADAUSDT,1651392000000,-0.00006811
ADAUSDT,1651420800010,-0.00000681
ADAUSDT,1651449600018,0.00005325
ADAUSDT,1651478400007,-0.00008181
ADAUSDT,1651507200000,-0.0001172
ADAUSDT,1651536000006,-0.00002124
ADAUSDT,1651564800000,0.0001
ADAUSDT,1651593600021,0.00008718
ADAUSDT,1651622400007,-0.00021283
ADAUSDT,1651651200011,0.00006271
ADAUSDT,1651680000000,0.0001
ADAUSDT,1651708800005,0.0001
ADAUSDT,1651737600019,0.0001
ADAUSDT,1651766400005,0.0001
ADAUSDT,1651795200005,-0.00001559
ADAUSDT,1651824000001,0.00003289
ADAUSDT,1651852800010,0.00009348
ADAUSDT,1651881600004,-0.00005296
ADAUSDT,1651910400016,0.0000046
ADAUSDT,1651939200011,0.00001206
ADAUSDT,1651968000000,0.0000305
ADAUSDT,1651996800007,-0.00004641
ADAUSDT,1652025600015,0.00004265
ADAUSDT,1652054400000,0.0001
ADAUSDT,1652083200001,-0.00014516
ADAUSDT,1652112000000,-0.00033334
ADAUSDT,1652140800000,-0.0002359
ADAUSDT,1652169600007,-0.00004071
ADAUSDT,1652198400008,0.00003227
ADAUSDT,1652227200004,0.00005219
ADAUSDT,1652256000007,-0.00019405
ADAUSDT,1652284800008,-0.00025345
ADAUSDT,1652313600014,-0.00032544
ADAUSDT,1652342400000,-0.00137741
ADAUSDT,1652371200007,-0.00034911
ADAUSDT,1652400000014,0.00001085
ADAUSDT,1652428800001,0.00002961
ADAUSDT,1652457600000,-0.00006669
ADAUSDT,1652486400000,0.0001
ADAUSDT,1652515200000,0.0001
ADAUSDT,1652544000001,0.0001
ADAUSDT,1652572800000,-0.00003949
ADAUSDT,1652601600000,-0.00003585
ADAUSDT,1652630400000,-0.00009537
ADAUSDT,1652659200021,-0.00023923
ADAUSDT,1652688000013,-0.0000373
ADAUSDT,1652716800006,-0.00022001
ADAUSDT,1652745600000,-0.00019239
ADAUSDT,1652774400010,-0.00026515
ADAUSDT,1652803200023,-0.00014724
ADAUSDT,1652832000003,-0.00032057
ADAUSDT,1652860800024,-0.0001854
ADAUSDT,1652889600014,-0.00001353
ADAUSDT,1652918400000,-0.00022287
ADAUSDT,1652947200008,-0.00031591
ADAUSDT,1652976000015,-0.00012886
ADAUSDT,1653004800001,-0.00008
ADAUSDT,1653033600003,-0.00020398
ADAUSDT,1653062400012,-0.00013755
ADAUSDT,1653091200008,-0.00021714
ADAUSDT,1653120000001,-0.00005238
ADAUSDT,1653148800007,0.0000079
ADAUSDT,1653177600003,-0.00004417
ADAUSDT,1653206400016,-0.00003354
ADAUSDT,1653235200000,0.0001
ADAUSDT,1653264000011,-0.00000711
ADAUSDT,1653292800000,-0.00000147
ADAUSDT,1653321600023,0.00005647
ADAUSDT,1653350400011,-0.00021269
ADAUSDT,1653379200000,-0.00018711
ADAUSDT,1653408000009,-0.00014164
ADAUSDT,1653436800001,-0.00006609
ADAUSDT,1653465600000,-0.00001295
ADAUSDT,1653494400015,-0.00014476
ADAUSDT,1653523200005,-0.00002226
ADAUSDT,1653552000001,-0.00013186
ADAUSDT,1653580800000,-0.00028423
ADAUSDT,1653609600007,-0.0001079
ADAUSDT,1653638400008,-0.00032217
ADAUSDT,1653667200000,-0.00023193
ADAUSDT,1653696000018,-0.00009278
ADAUSDT,1653724800016,-0.00020509
ADAUSDT,1653753600013,-0.00012883
ADAUSDT,1653782400000,-0.00020992
ADAUSDT,1653811200025,-0.00025691
ADAUSDT,1653840000002,-0.00009123
ADAUSDT,1653868800000,-0.00007823
ADAUSDT,1653897600013,0.00003289
ADAUSDT,1653926400005,0.0001
ADAUSDT,1653955200016,-0.00008799
ADAUSDT,1653984000000,0.0001
ADAUSDT,1654012800000,0.0001
ADAUSDT,1654041600000,0.00005767
ADAUSDT,1654070400011,0.0001
ADAUSDT,1654099200000,0.0001
ADAUSDT,1654128000000,-0.00011104
ADAUSDT,1654156800006,0.00005194
ADAUSDT,1654185600021,0.00000789
ADAUSDT,1654214400016,-0.00008289
ADAUSDT,1654243200016,-0.00004668
ADAUSDT,1654272000012,-0.00010587
ADAUSDT,1654300800005,-0.00012251
ADAUSDT,1654329600000,0.00007569
ADAUSDT,1654358400007,-0.00008324
ADAUSDT,1654387200005,-0.00005797
ADAUSDT,1654416000015,0.00004204
ADAUSDT,1654444800000,-0.00011482
ADAUSDT,1654473600000,-0.00012477
ADAUSDT,1654502400017,0.00005011
ADAUSDT,1654531200000,0.0001
ADAUSDT,1654560000000,-0.00004793
ADAUSDT,1654588800011,-0.00001991
ADAUSDT,1654617600000,0.00001458
ADAUSDT,1654646400008,0.0001
ADAUSDT,1654675200020,0.0001
ADAUSDT,1654704000012,0.00001328
ADAUSDT,1654732800000,0.00003217
ADAUSDT,1654761600000,-0.00006594
ADAUSDT,1654790400000,0.00009507
ADAUSDT,1654819200009,0.00001778
ADAUSDT,1654848000000,0.0000716
ADAUSDT,1654876800006,-0.00012661
ADAUSDT,1654905600018,-0.00027135
ADAUSDT,1654934400014,-0.00028204
ADAUSDT,1654963200000,-0.00017004
ADAUSDT,1654992000015,-0.00020614
ADAUSDT,1655020800019,-0.00028745
ADAUSDT,1655049600010,-0.00018326
ADAUSDT,1655078400009,-0.00012615
ADAUSDT,1655107200000,-0.00055218
ADAUSDT,1655136000007,-0.00049682
ADAUSDT,1655164800013,-0.00019323
ADAUSDT,1655193600008,-0.00009363
ADAUSDT,1655222400006,-0.00015915
ADAUSDT,1655251200000,0.0000142
ADAUSDT,1655280000016,-0.00014111
ADAUSDT,1655308800008,-0.00012231
ADAUSDT,1655337600009,-0.00006442
ADAUSDT,1655366400016,0.0001
ADAUSDT,1655395200000,-0.00018348
ADAUSDT,1655424000008,-0.00002161
ADAUSDT,1655452800003,0.00000547
ADAUSDT,1655481600000,-0.00000808
ADAUSDT,1655510400020,0.0001
ADAUSDT,1655539200025,-0.00009509
ADAUSDT,1655568000014,0.00006308
ADAUSDT,1655596800012,-0.00025137
ADAUSDT,1655625600012,0.00005318
ADAUSDT,1655654400008,0.0001
ADAUSDT,1655683200016,0.00002269
ADAUSDT,1655712000000,-0.00001962
ADAUSDT,1655740800013,0.0001
ADAUSDT,1655769600012,0.0001
ADAUSDT,1655798400018,0.0001
ADAUSDT,1655827200010,0.0001
ADAUSDT,1655856000000,-0.00006715
ADAUSDT,1655884800001,-0.00007703
ADAUSDT,1655913600012,-0.00009863
ADAUSDT,1655942400000,-0.00014938
ADAUSDT,1655971200000,-0.00019526
ADAUSDT,1656000000016,-0.00024013
ADAUSDT,1656028800005,-0.00005276
ADAUSDT,1656057600004,0.0001
ADAUSDT,1656086400018,0.0001
ADAUSDT,1656115200001,0.0001
ADAUSDT,1656144000010,0.0001
ADAUSDT,1656172800000,0.00000087
ADAUSDT,1656201600002,0.00002599
ADAUSDT,1656230400016,0.0001
ADAUSDT,1656259200006,0.0001
ADAUSDT,1656288000008,-0.00004343
ADAUSDT,1656316800000,-0.00000796
ADAUSDT,1656345600016,0.00001507
ADAUSDT,1656374400016,-0.00012863
ADAUSDT,1656403200001,-0.00011594
ADAUSDT,1656432000005,0.00004575
ADAUSDT,1656460800000,-0.00018331
ADAUSDT,1656489600013,-0.00010603
ADAUSDT,1656518400000,0.00003983
ADAUSDT,1656547200000,-0.00018508
ADAUSDT,1656576000000,-0.00021026
ADAUSDT,1656604800000,-0.00021148
ADAUSDT,1656633600001,-0.00026084
ADAUSDT,1656662400017,-0.00028202
ADAUSDT,1656691200005,-0.00023416
ADAUSDT,1656720000000,-0.00026033
ADAUSDT,1656748800000,-0.00006469
ADAUSDT,1656777600008,-0.00001621
ADAUSDT,1656806400015,0.00009278
ADAUSDT,1656835200004,-0.00008497
ADAUSDT,1656864000005,-0.00022676
ADAUSDT,1656892800021,0.0001
ADAUSDT,1656921600001,-0.00013275
ADAUSDT,1656950400000,0.00009211
ADAUSDT,1656979200000,0.00004273
ADAUSDT,1657008000000,0.00006285
ADAUSDT,1657036800015,-0.00014703
ADAUSDT,1657065600006,-0.00012538
ADAUSDT,1657094400000,0.00007074
ADAUSDT,1657123200000,0.00000464
ADAUSDT,1657152000010,0.00009609
ADAUSDT,1657180800010,0.0001
ADAUSDT,1657209600011,0.00003665
ADAUSDT,1657238400008,0.0001
ADAUSDT,1657267200009,0.0001
ADAUSDT,1657296000000,-0.0001249
ADAUSDT,1657324800000,-0.000062
ADAUSDT,1657353600000,0.0001
ADAUSDT,1657382400009,0.0001
ADAUSDT,1657411200001,0.00005476
ADAUSDT,1657440000002,-0.0000708
ADAUSDT,1657468800001,-0.00008883
ADAUSDT,1657497600000,-0.00015857
ADAUSDT,1657526400003,-0.00016863
ADAUSDT,1657555200001,-0.00020922
ADAUSDT,1657584000000,-0.00039704
ADAUSDT,1657612800021,-0.00009928
ADAUSDT,1657641600000,-0.00009515
ADAUSDT,1657670400012,-0.00021867
ADAUSDT,1657699200022,-0.00019033
ADAUSDT,1657728000005,-0.00022134
ADAUSDT,1657756800017,-0.00023715
ADAUSDT,1657785600001,0.00003354
ADAUSDT,1657814400000,-0.00024232
ADAUSDT,1657843200004,0.00002909
ADAUSDT,1657872000019,0.00002945
ADAUSDT,1657900800017,-0.00009557
ADAUSDT,1657929600021,0.00003666
ADAUSDT,1657958400014,0.0000156
ADAUSDT,1657987200005,-0.00004575
ADAUSDT,1658016000000,0.0001
ADAUSDT,1658044800003,0.0001
ADAUSDT,1658073600007,-0.00008731
ADAUSDT,1658102400001,0.00001881
ADAUSDT,1658131200004,0.0001
ADAUSDT,1658160000019,0.0001
ADAUSDT,1658188800000,0.0001
ADAUSDT,1658217600000,0.0001
ADAUSDT,1658246400001,0.0001
ADAUSDT,1658275200004,0.0001
ADAUSDT,1658304000000,0.0001
ADAUSDT,1658332800003,0.0001
ADAUSDT,1658361600000,0.0001
ADAUSDT,1658390400018,0.0001
ADAUSDT,1658419200011,0.0001
ADAUSDT,1658448000014,0.0001
ADAUSDT,1658476800000,0.0001
ADAUSDT,1658505600000,0.00009392
ADAUSDT,1658534400004,0.0001
ADAUSDT,1658563200002,0.0001
ADAUSDT,1658592000001,0.0001
ADAUSDT,1658620800000,0.0001
ADAUSDT,1658649600011,0.0001
ADAUSDT,1658678400000,0.0001
ADAUSDT,1658707200000,0.0001
ADAUSDT,1658736000014,0.00006718
ADAUSDT,1658764800006,0.00009007
ADAUSDT,1658793600010,0.0001
ADAUSDT,1658822400000,-0.00006031
ADAUSDT,1658851200000,0.00006851
ADAUSDT,1658880000008,-0.00001257
ADAUSDT,1658908800000,0.0000228
ADAUSDT,1658937600003,0.00000419
ADAUSDT,1658966400009,0.0001
ADAUSDT,1658995200008,0.0001
ADAUSDT,1659024000013,0.0001
ADAUSDT,1659052800000,0.0001
ADAUSDT,1659081600000,0.0001
ADAUSDT,1659110400000,0.0001
ADAUSDT,1659139200005,0.0001
ADAUSDT,1659168000009,0.0001
ADAUSDT,1659196800000,0.0001
ADAUSDT,1659225600022,0.0001
ADAUSDT,1659254400011,0.0001
ADAUSDT,1659283200019,0.0001
ADAUSDT,1659312000010,0.0001
ADAUSDT,1659340800019,0.0001
ADAUSDT,1659369600017,0.0001
ADAUSDT,1659398400000,0.00009582
ADAUSDT,1659427200007,0.0000503
ADAUSDT,1659456000014,0.00004036
ADAUSDT,1659484800001,0.00009779
ADAUSDT,1659513600020,0.0001
ADAUSDT,1659542400008,0.0001
ADAUSDT,1659571200001,0.00003296
ADAUSDT,1659600000009,0.00009755
ADAUSDT,1659628800015,0.00007509
ADAUSDT,1659657600005,0.0000437
ADAUSDT,1659686400000,0.0001
ADAUSDT,1659715200000,0.0001
ADAUSDT,1659744000021,0.0001
ADAUSDT,1659772800000,0.0001
ADAUSDT,1659801600015,0.0001
ADAUSDT,1659830400013,0.0001
ADAUSDT,1659859200000,0.0001
ADAUSDT,1659888000014,0.0001
ADAUSDT,1659916800009,0.0001
ADAUSDT,1659945600006,0.0001
ADAUSDT,1659974400000,0.0001
ADAUSDT,1660003200020,0.00006439
ADAUSDT,1660032000000,0.0001
ADAUSDT,1660060800000,0.00000949
ADAUSDT,1660089600000,-0.00006855
ADAUSDT,1660118400016,0.00003811
ADAUSDT,1660147200018,0.0001
ADAUSDT,1660176000012,0.0001
ADAUSDT,1660204800000,0.0001
ADAUSDT,1660233600000,0.0001
ADAUSDT,1660262400006,0.0001
ADAUSDT,1660291200000,0.0001
ADAUSDT,1660320000005,0.00008649
ADAUSDT,1660348800012,0.0001
ADAUSDT,1660377600006,0.0001
ADAUSDT,1660406400018,0.0001
ADAUSDT,1660435200000,0.0001
ADAUSDT,1660464000000,0.0001
ADAUSDT,1660492800000,0.0001
ADAUSDT,1660521600010,0.00002765
ADAUSDT,1660550400002,0.00005777
ADAUSDT,1660579200010,0.00001052
ADAUSDT,1660608000010,0.00003882
ADAUSDT,1660636800002,0.00005571
ADAUSDT,1660665600000,0.00003904
ADAUSDT,1660694400020,0.0001
ADAUSDT,1660723200016,0.0001
ADAUSDT,1660752000001,0.0001
ADAUSDT,1660780800005,-0.00000729
ADAUSDT,1660809600012,0.00009276
ADAUSDT,1660838400013,0.00007183
ADAUSDT,1660867200000,-0.00005011
ADAUSDT,1660896000000,-0.00020918
ADAUSDT,1660924800009,-0.00015977
ADAUSDT,1660953600000,-0.00009092
ADAUSDT,1660982400005,-0.00015476
ADAUSDT,1661011200000,-0.00020039
ADAUSDT,1661040000010,-0.00032289
ADAUSDT,1661068800013,-0.00031285
ADAUSDT,1661097600000,-0.00027278
ADAUSDT,1661126400011,-0.00039754
ADAUSDT,1661155200005,-0.00012955
ADAUSDT,1661184000005,-0.0001702
ADAUSDT,1661212800000,-0.00011902
ADAUSDT,1661241600021,-0.00015977
ADAUSDT,1661270400005,-0.0000993
ADAUSDT,1661299200017,-0.0002229
ADAUSDT,1661328000021,-0.00019196
ADAUSDT,1661356800000,-0.00012212
ADAUSDT,1661385600003,-0.00021561
ADAUSDT,1661414400000,-0.00012887
ADAUSDT,1661443200004,-0.00005563
ADAUSDT,1661472000001,0.00005682
ADAUSDT,1661500800004,0.00004165
ADAUSDT,1661529600000,-0.00008905
ADAUSDT,1661558400010,-0.00023951
ADAUSDT,1661587200007,-0.00037962
ADAUSDT,1661616000008,-0.00021229
ADAUSDT,1661644800019,-0.0001755
ADAUSDT,1661673600000,-0.00016561
ADAUSDT,1661702400000,-0.00007197
ADAUSDT,1661731200000,-0.00002886
ADAUSDT,1661760000000,-0.00018811
ADAUSDT,1661788800001,-0.00014003
ADAUSDT,1661817600001,-0.00001579
ADAUSDT,1661846400005,-0.00010595
ADAUSDT,1661875200010,-0.00007833
ADAUSDT,1661904000000,-0.00000698
ADAUSDT,1661932800005,0.00005806
ADAUSDT,1661961600013,0.00003145
ADAUSDT,1661990400012,0.0000379
ADAUSDT,1662019200000,-0.00002772
ADAUSDT,1662048000013,-0.00011925
ADAUSDT,1662076800002,0.00004475
ADAUSDT,1662105600013,0.00008764
ADAUSDT,1662134400000,0.00004491
ADAUSDT,1662163200000,-0.00005139
ADAUSDT,1662192000002,0.0001
ADAUSDT,1662220800007,0.00003015
ADAUSDT,1662249600008,0.00006556
ADAUSDT,1662278400009,-0.00019245
ADAUSDT,1662307200000,-0.00008591
ADAUSDT,1662336000015,0.00002991
ADAUSDT,1662364800013,0.0001
ADAUSDT,1662393600007,0.00002965
ADAUSDT,1662422400018,0.0001
ADAUSDT,1662451200020,0.0001
ADAUSDT,1662480000028,0.00009178
ADAUSDT,1662508800013,-0.00011261
ADAUSDT,1662537600022,-0.00007345
ADAUSDT,1662566400021,0.00002805
ADAUSDT,1662595200010,-0.0000819
ADAUSDT,1662624000000,0.0000906
ADAUSDT,1662652800003,-0.00002557
ADAUSDT,1662681600011,0.0001
ADAUSDT,1662710400000,0.00009067
ADAUSDT,1662739200000,0.0001
ADAUSDT,1662768000003,0.00008945
ADAUSDT,1662796800000,0.0001
ADAUSDT,1662825600012,0.0001
ADAUSDT,1662854400009,0.0000738
ADAUSDT,1662883200012,0.0001
ADAUSDT,1662912000005,0.00005813
ADAUSDT,1662940800007,0.00003877
ADAUSDT,1662969600013,0.00001593
ADAUSDT,1662998400000,0.0001
ADAUSDT,1663027200004,0.0001
ADAUSDT,1663056000000,0.00006546
ADAUSDT,1663084800000,-0.00005473
ADAUSDT,1663113600000,-0.00021734
ADAUSDT,1663142400000,-0.00011346
ADAUSDT,1663171200000,-0.00007662
ADAUSDT,1663200000019,-0.00006477
ADAUSDT,1663228800012,-0.00008358
ADAUSDT,1663257600007,-0.00010208
ADAUSDT,1663286400000,-0.000058
ADAUSDT,1663315200000,-0.00000532
ADAUSDT,1663344000000,-0.00007635
ADAUSDT,1663372800000,-0.00012978
ADAUSDT,1663401600012,0.00004446
ADAUSDT,1663430400017,0.00000405
ADAUSDT,1663459200000,-0.00004772
ADAUSDT,1663488000004,0.0001
ADAUSDT,1663516800000,0.00008989
ADAUSDT,1663545600018,-0.00004408
ADAUSDT,1663574400006,-0.00007436
ADAUSDT,1663603200010,-0.00011464
ADAUSDT,1663632000007,-0.0000241
ADAUSDT,1663660800001,0.00000114
ADAUSDT,1663689600000,0.00001729
ADAUSDT,1663718400001,0.00001371
ADAUSDT,1663747200005,-0.00001344
ADAUSDT,1663776000000,0.00005401
ADAUSDT,1663804800000,-0.0004027
ADAUSDT,1663833600000,-0.00018698
ADAUSDT,1663862400011,0.00000807
ADAUSDT,1663891200023,0.00003954
ADAUSDT,1663920000004,0.0001
ADAUSDT,1663948800005,0.00004371
ADAUSDT,1663977600000,0.00006018
ADAUSDT,1664006400005,0.0001
ADAUSDT,1664035200000,0.0001
ADAUSDT,1664064000010,0.00003299
ADAUSDT,1664092800000,0.00005573
ADAUSDT,1664121600003,0.00009656
ADAUSDT,1664150400001,-0.00003638
ADAUSDT,1664179200006,-0.0000438
ADAUSDT,1664208000000,-0.00004636
ADAUSDT,1664236800026,0.00005963
ADAUSDT,1664265600004,0.00007375
ADAUSDT,1664294400006,0.000052
ADAUSDT,1664323200011,-0.00010471
ADAUSDT,1664352000000,-0.00012237
ADAUSDT,1664380800000,-0.00002902
ADAUSDT,1664409600010,-0.00001125
ADAUSDT,1664438400000,0.00002447
ADAUSDT,1664467200000,0.00009321
ADAUSDT,1664496000006,0.0001
ADAUSDT,1664524800002,0.0001
ADAUSDT,1664553600007,0.00008474
ADAUSDT,1664582400008,0.00007636
ADAUSDT,1664611200011,0.0001
ADAUSDT,1664640000000,0.0001
ADAUSDT,1664668800000,-0.00001865
ADAUSDT,1664697600000,0.00008345
ADAUSDT,1664726400006,-0.00005648
ADAUSDT,1664755200000,-0.00000657
ADAUSDT,1664784000014,0.0001
ADAUSDT,1664812800010,0.00008887
ADAUSDT,1664841600006,0.0001
ADAUSDT,1664870400004,0.00004411
ADAUSDT,1664899200013,0.00006778
ADAUSDT,1664928000000,0.00007802
ADAUSDT,1664956800000,0.00006072
ADAUSDT,1664985600012,-0.00003296
ADAUSDT,1665014400008,0.00002119
ADAUSDT,1665043200002,0.0001
ADAUSDT,1665072000006,0.00001498
ADAUSDT,1665100800000,0.00001781
ADAUSDT,1665129600000,0.0001
ADAUSDT,1665158400007,-0.00004301
ADAUSDT,1665187200010,0.0001
ADAUSDT,1665216000004,0.0001
ADAUSDT,1665244800018,0.0001
ADAUSDT,1665273600000,0.00002946
ADAUSDT,1665302400007,0.0001
ADAUSDT,1665331200011,0.0001
ADAUSDT,1665360000018,0.00007794
ADAUSDT,1665388800000,0.0001
ADAUSDT,1665417600026,0.00001146
ADAUSDT,1665446400020,-0.00009319
ADAUSDT,1665475200027,-0.00018154
ADAUSDT,1665504000000,0.00004307
ADAUSDT,1665532800014,0.00001832
ADAUSDT,1665561600000,-0.00010919
ADAUSDT,1665590400000,-0.00004052
ADAUSDT,1665619200013,-0.00024692
ADAUSDT,1665648000016,-0.00027984
ADAUSDT,1665676800009,-0.00048682
ADAUSDT,1665705600020,-0.00001612
ADAUSDT,1665734400000,0.00006922
ADAUSDT,1665763200009,-0.00004852
ADAUSDT,1665792000001,-0.0001523
ADAUSDT,1665820800005,-0.00016906
ADAUSDT,1665849600004,-0.00008568
ADAUSDT,1665878400012,-0.00018592
ADAUSDT,1665907200000,-0.00019863
ADAUSDT,1665936000010,-0.0000274
ADAUSDT,1665964800012,-0.00008418
ADAUSDT,1665993600010,0.00001042
ADAUSDT,1666022400017,-0.00004927
ADAUSDT,1666051200010,-0.0000748
ADAUSDT,1666080000008,-0.00029398
ADAUSDT,1666108800000,-0.0002375
ADAUSDT,1666137600007,-0.00036564
ADAUSDT,1666166400022,-0.00019771
ADAUSDT,1666195200016,-0.00011169
ADAUSDT,1666224000000,-0.00007308
ADAUSDT,1666252800013,-0.00005828
ADAUSDT,1666281600000,-0.00007818
ADAUSDT,1666310400005,-0.0000386
ADAUSDT,1666339200018,-0.00017902
ADAUSDT,1666368000000,-0.00009521
ADAUSDT,1666396800000,-0.00016825
ADAUSDT,1666425600015,-0.00021937
ADAUSDT,1666454400000,-0.00034754
ADAUSDT,1666483200025,-0.00014838
ADAUSDT,1666512000000,-0.00014325
ADAUSDT,1666540800004,-0.00005103
ADAUSDT,1666569600009,-0.00020313
ADAUSDT,1666598400012,-0.00005958
ADAUSDT,1666627200002,-0.00022159
ADAUSDT,1666656000013,-0.00016278
ADAUSDT,1666684800013,-0.00017111
ADAUSDT,1666713600000,-0.00013175
ADAUSDT,1666742400006,0.00004854
ADAUSDT,1666771200013,-0.00000296
ADAUSDT,1666800000000,0.00000527
ADAUSDT,1666828800009,0.00007411
ADAUSDT,1666857600006,0.00004174
ADAUSDT,1666886400009,0.00003986
ADAUSDT,1666915200000,0.0000646
ADAUSDT,1666944000000,-0.00002032
ADAUSDT,1666972800007,-0.00011811
ADAUSDT,1667001600000,0.0001
ADAUSDT,1667030400003,0.0001
ADAUSDT,1667059200010,0.00005058
ADAUSDT,1667088000000,0.00004974
ADAUSDT,1667116800013,0.00002022
ADAUSDT,1667145600009,0.00009128
ADAUSDT,1667174400012,0.00001711
ADAUSDT,1667203200000,0.00008798
ADAUSDT,1667232000010,0.00006502
ADAUSDT,1667260800000,-0.00001347
ADAUSDT,1667289600000,0.00004266
ADAUSDT,1667318400000,0.00001227
ADAUSDT,1667347200000,-0.00009641
ADAUSDT,1667376000000,-0.00013359
ADAUSDT,1667404800019,-0.0000438
ADAUSDT,1667433600011,-0.0001584
ADAUSDT,1667462400016,-0.00007078
ADAUSDT,1667491200005,0.00000582
ADAUSDT,1667520000000,-0.00012977
ADAUSDT,1667548800004,0.0001
ADAUSDT,1667577600020,0.0001
ADAUSDT,1667606400009,0.0000991
ADAUSDT,1667635200007,0.0001
ADAUSDT,1667664000018,0.0001
ADAUSDT,1667692800009,0.00008035
ADAUSDT,1667721600000,0.0001
ADAUSDT,1667750400010,0.00008937
ADAUSDT,1667779200012,-0.0000027
ADAUSDT,1667808000014,0.0000769
ADAUSDT,1667836800006,0.0001
ADAUSDT,1667865600000,-0.00001048
ADAUSDT,1667894400001,-0.00023918
ADAUSDT,1667923200005,-0.00014707
ADAUSDT,1667952000000,-0.00029562
ADAUSDT,1667980800013,0.00006806
ADAUSDT,1668009600004,-0.00004337
ADAUSDT,1668038400006,-0.00034879
ADAUSDT,1668067200000,0.00000784
ADAUSDT,1668096000015,0.0001
ADAUSDT,1668124800000,0.00009461
ADAUSDT,1668153600015,0.0001
ADAUSDT,1668182400027,0.0001
ADAUSDT,1668211200007,0.0001
ADAUSDT,1668240000016,0.0000416
ADAUSDT,1668268800000,0.00008664
ADAUSDT,1668297600004,0.00005781
ADAUSDT,1668326400000,0.0001
ADAUSDT,1668355200017,0.0001
ADAUSDT,1668384000000,0.0001
ADAUSDT,1668412800000,0.00009828
ADAUSDT,1668441600000,0.0001
ADAUSDT,1668470400014,0.00002492
ADAUSDT,1668499200009,0.0001
ADAUSDT,1668528000010,0.00008155
ADAUSDT,1668556800011,-0.00000113
ADAUSDT,1668585600004,0.0001
ADAUSDT,1668614400008,0.0001
ADAUSDT,1668643200000,0.00006607
ADAUSDT,1668672000000,0.00009311
ADAUSDT,1668700800006,0.00007357
ADAUSDT,1668729600004,0.0000137
ADAUSDT,1668758400016,0.00005433
ADAUSDT,1668787200000,0.0001
ADAUSDT,1668816000000,0.00000821
ADAUSDT,1668844800004,-0.00002097
ADAUSDT,1668873600024,-0.00002749
ADAUSDT,1668902400015,0.00004339
ADAUSDT,1668931200004,0.00003894
ADAUSDT,1668960000000,0.00004532
ADAUSDT,1668988800006,0.00002812
ADAUSDT,1669017600015,0.00006107
ADAUSDT,1669046400000,0.00005325
ADAUSDT,1669075200000,0.00002982
ADAUSDT,1669104000000,0.0001
ADAUSDT,1669132800000,0.0001
ADAUSDT,1669161600000,0.0001
ADAUSDT,1669190400011,0.0001
ADAUSDT,1669219200014,0.00006
ADAUSDT,1669248000007,0.0001
ADAUSDT,1669276800014,0.00002722
ADAUSDT,1669305600013,0.00009336
ADAUSDT,1669334400004,0.0001
ADAUSDT,1669363200015,0.00008408
ADAUSDT,1669392000000,0.0001
ADAUSDT,1669420800011,0.00008734
ADAUSDT,1669449600000,0.0001
ADAUSDT,1669478400000,0.0001
ADAUSDT,1669507200012,0.00006119
ADAUSDT,1669536000000,-0.00000115
ADAUSDT,1669564800003,0.0001
ADAUSDT,1669593600015,0.00003977
ADAUSDT,1669622400004,0.00001753
ADAUSDT,1669651200011,-0.0000037
ADAUSDT,1669680000000,0.0001
ADAUSDT,1669708800015,0.0001
ADAUSDT,1669737600000,0.0001
ADAUSDT,1669766400007,0.00008257
ADAUSDT,1669795200000,0.0001
ADAUSDT,1669824000015,0.0001
ADAUSDT,1669852800001,0.00005259
ADAUSDT,1669881600006,0.0001
ADAUSDT,1669910400000,0.0001
ADAUSDT,1669939200001,0.0001
ADAUSDT,1669968000016,0.00000162
ADAUSDT,1669996800017,0.0001
ADAUSDT,1670025600006,0.0001
ADAUSDT,1670054400000,0.0001
ADAUSDT,1670083200011,0.0001
ADAUSDT,1670112000006,0.00008823
ADAUSDT,1670140800000,0.0001
ADAUSDT,1670169600006,0.00005952
ADAUSDT,1670198400002,0.00009791
ADAUSDT,1670227200011,0.00009364
ADAUSDT,1670256000008,0.00003614
ADAUSDT,1670284800014,0.00009493
ADAUSDT,1670313600027,0.00009558
ADAUSDT,1670342400009,0.00003082
ADAUSDT,1670371200000,0.00009205
ADAUSDT,1670400000000,-0.00002891
ADAUSDT,1670428800000,0.0001
ADAUSDT,1670457600006,-0.00001146
ADAUSDT,1670486400000,-0.00001269
ADAUSDT,1670515200014,0.00000921
ADAUSDT,1670544000017,0.00008255
ADAUSDT,1670572800005,0.0001
ADAUSDT,1670601600000,0.0001
ADAUSDT,1670630400009,-0.00000284
ADAUSDT,1670659200010,0.00006846
ADAUSDT,1670688000001,0.0001
ADAUSDT,1670716800011,0.00006643
ADAUSDT,1670745600007,0.00009553
ADAUSDT,1670774400011,0.00001189
ADAUSDT,1670803200000,-0.00005211
ADAUSDT,1670832000004,-0.00003563
ADAUSDT,1670860800000,0.00007678
ADAUSDT,1670889600000,-0.00004842
ADAUSDT,1670918400018,-0.00005738
ADAUSDT,1670947200011,0.0000963
ADAUSDT,1670976000010,0.0001
ADAUSDT,1671004800015,0.0001
ADAUSDT,1671033600004,0.0001
ADAUSDT,1671062400000,0.00009708
ADAUSDT,1671091200023,0.0001
ADAUSDT,1671120000010,0.0000717
ADAUSDT,1671148800016,0.000014
ADAUSDT,1671177600011,0.0001
ADAUSDT,1671206400001,-0.00034122
ADAUSDT,1671235200001,-0.00008275
ADAUSDT,1671264000011,-0.00004017
ADAUSDT,1671292800011,-0.00017138
ADAUSDT,1671321600008,-0.00027889
ADAUSDT,1671350400001,-0.00021902
ADAUSDT,1671379200012,0.0001
ADAUSDT,1671408000000,-0.00007499
ADAUSDT,1671436800000,0.00004161
ADAUSDT,1671465600000,0.00006559
ADAUSDT,1671494400005,-0.00024159
ADAUSDT,1671523200016,0.00000538
ADAUSDT,1671552000000,-0.0001281
ADAUSDT,1671580800007,-0.0000309
ADAUSDT,1671609600012,-0.00037224
ADAUSDT,1671638400017,0.00002209
ADAUSDT,1671667200004,-0.00003556
ADAUSDT,1671696000000,-0.00002487
ADAUSDT,1671724800001,-0.00008829
ADAUSDT,1671753600018,0.0001
ADAUSDT,1671782400000,0.0001
ADAUSDT,1671811200000,0.0001
ADAUSDT,1671840000001,-0.00003278
ADAUSDT,1671868800007,0.0001
ADAUSDT,1671897600008,0.0001
ADAUSDT,1671926400000,-0.00006742
ADAUSDT,1671955200013,0.0001
ADAUSDT,1671984000000,0.0001
ADAUSDT,1672012800001,0.0001
ADAUSDT,1672041600000,0.00008295
ADAUSDT,1672070400005,-0.00002015
ADAUSDT,1672099200005,0.00003899
ADAUSDT,1672128000010,0.00001052
ADAUSDT,1672156800006,0.0001
ADAUSDT,1672185600010,0.00008739
ADAUSDT,1672214400010,0.00007786
ADAUSDT,1672243200010,-0.00009301
ADAUSDT,1672272000011,-0.00003438
ADAUSDT,1672300800000,-0.00033533
ADAUSDT,1672329600008,-0.00034086
ADAUSDT,1672358400000,-0.00045062
ADAUSDT,1672387200000,-0.00015218
ADAUSDT,1672416000000,0.00003536
ADAUSDT,1672444800014,-0.00004595
ADAUSDT,1672473600000,-0.00003622
ADAUSDT,1672502400000,-0.00066137
ADAUSDT,1672531200000,-0.00007036
ADAUSDT,1672560000008,-0.00001809
ADAUSDT,1672588800000,-0.00028022
ADAUSDT,1672617600000,-0.00013088
ADAUSDT,1672646400008,-0.00010514
ADAUSDT,1672675200015,-0.00017092
ADAUSDT,1672704000003,-0.00000126
ADAUSDT,1672732800018,0.00006365
ADAUSDT,1672761600000,-0.00001873
ADAUSDT,1672790400000,0.00009699
ADAUSDT,1672819200016,0.00007923
ADAUSDT,1672848000011,0.0000311
ADAUSDT,1672876800009,-0.00007452
ADAUSDT,1672905600011,0.0001
ADAUSDT,1672934400000,0.0001
ADAUSDT,1672963200005,-0.00000398
ADAUSDT,1672992000001,0.0001
ADAUSDT,1673020800000,0.0001
ADAUSDT,1673049600006,0.00006961
ADAUSDT,1673078400017,0.00006965
ADAUSDT,1673107200000,0.0000135
ADAUSDT,1673136000015,-0.00022097
ADAUSDT,1673164800000,0.0001
ADAUSDT,1673193600010,-0.00001834
ADAUSDT,1673222400003,-0.00022229
ADAUSDT,1673251200000,0.0001
ADAUSDT,1673280000006,0.0001
ADAUSDT,1673308800003,0.0001
ADAUSDT,1673337600021,0.0001
ADAUSDT,1673366400000,0.0001
ADAUSDT,1673395200011,0.0001
ADAUSDT,1673424000006,0.0001
ADAUSDT,1673452800004,0.0001
ADAUSDT,1673481600000,0.0001
ADAUSDT,1673510400000,0.0001
ADAUSDT,1673539200000,0.0001
ADAUSDT,1673568000004,0.0001
ADAUSDT,1673596800000,0.0001
ADAUSDT,1673625600018,0.0001
ADAUSDT,1673654400000,0.0001
ADAUSDT,1673683200001,0.00038884
ADAUSDT,1673712000000,0.0001
ADAUSDT,1673740800010,0.0001
ADAUSDT,1673769600002,0.0001
ADAUSDT,1673798400000,0.0001
ADAUSDT,1673827200010,0.0001
ADAUSDT,1673856000007,0.0001
ADAUSDT,1673884800000,0.0001
ADAUSDT,1673913600004,0.0001
ADAUSDT,1673942400005,0.0001
ADAUSDT,1673971200001,0.0001
ADAUSDT,1674000000008,0.0001
ADAUSDT,1674028800009,0.0001
ADAUSDT,1674057600017,0.0001
ADAUSDT,1674086400000,0.0001
ADAUSDT,1674115200015,0.0001
ADAUSDT,1674144000012,0.0001
ADAUSDT,1674172800000,0.0001
ADAUSDT,1674201600000,0.0001
ADAUSDT,1674230400000,0.0001
ADAUSDT,1674259200013,0.0001
ADAUSDT,1674288000001,0.0001
ADAUSDT,1674316800016,0.0001
ADAUSDT,1674345600000,0.0001
ADAUSDT,1674374400000,0.0001
ADAUSDT,1674403200023,0.0001
ADAUSDT,1674432000014,0.0001
ADAUSDT,1674460800014,0.0001
ADAUSDT,1674489600016,0.0001
ADAUSDT,1674518400008,0.0001
ADAUSDT,1674547200008,0.0001
ADAUSDT,1674576000000,0.0001
ADAUSDT,1674604800012,0.0001
ADAUSDT,1674633600000,0.00000688
ADAUSDT,1674662400010,0.0001
ADAUSDT,1674691200010,0.0001
ADAUSDT,1674720000003,0.0001
ADAUSDT,1674748800020,0.0001
ADAUSDT,1674777600008,0.0001
ADAUSDT,1674806400000,0.0001
ADAUSDT,1674835200000,0.0001
ADAUSDT,1674864000009,0.0001
ADAUSDT,1674892800018,0.0001
ADAUSDT,1674921600005,0.0001
ADAUSDT,1674950400011,0.0001
ADAUSDT,1674979200000,0.0001
ADAUSDT,1675008000008,0.0001
ADAUSDT,1675036800001,0.0001
ADAUSDT,1675065600000,0.0001
ADAUSDT,1675094400000,0.0001
ADAUSDT,1675123200005,0.0001
ADAUSDT,1675152000000,0.0001
ADAUSDT,1675180800007,0.0001
ADAUSDT,1675209600013,0.0001
ADAUSDT,1675238400000,0.0001
ADAUSDT,1675267200012,0.0001
ADAUSDT,1675296000004,0.0001
ADAUSDT,1675324800023,0.00014391
ADAUSDT,1675353600003,0.0001
ADAUSDT,1675382400010,0.0001
ADAUSDT,1675411200000,0.0001
ADAUSDT,1675440000000,0.0001
ADAUSDT,1675468800010,0.00016389
ADAUSDT,1675497600000,0.0001
ADAUSDT,1675526400000,0.0001
ADAUSDT,1675555200016,0.0001
ADAUSDT,1675584000009,0.0001
ADAUSDT,1675612800018,0.0001
ADAUSDT,1675641600001,0.0001
ADAUSDT,1675670400000,0.0001
ADAUSDT,1675699200012,0.0001
ADAUSDT,1675728000004,0.0001
ADAUSDT,1675756800011,0.0001
ADAUSDT,1675785600018,0.0001
ADAUSDT,1675814400009,0.0001
ADAUSDT,1675843200010,0.0001
ADAUSDT,1675872000000,0.0001
ADAUSDT,1675900800014,0.0001
ADAUSDT,1675929600006,0.0001
ADAUSDT,1675958400001,0.0001
ADAUSDT,1675987200012,0.0001
ADAUSDT,1676016000005,0.00004821
ADAUSDT,1676044800020,0.0001
ADAUSDT,1676073600007,0.0000108
ADAUSDT,1676102400002,0.00002634
ADAUSDT,1676131200021,0.00001383
ADAUSDT,1676160000004,0.00002838
ADAUSDT,1676188800000,0.0001
ADAUSDT,1676217600002,0.00005615
ADAUSDT,1676246400006,0.00002741
ADAUSDT,1676275200008,0.0001
ADAUSDT,1676304000002,0.0001
ADAUSDT,1676332800013,0.0001
ADAUSDT,1676361600014,0.0000808
ADAUSDT,1676390400016,0.00001721
ADAUSDT,1676419200011,0.0001
ADAUSDT,1676448000000,0.0001
ADAUSDT,1676476800005,0.00007587
ADAUSDT,1676505600019,-0.00017298
ADAUSDT,1676534400000,0.0001
ADAUSDT,1676563200001,0.0001
ADAUSDT,1676592000003,0.0001
ADAUSDT,1676620800016,0.0001
ADAUSDT,1676649600000,0.0001
ADAUSDT,1676678400011,0.0001
ADAUSDT,1676707200000,0.0001
ADAUSDT,1676736000007,0.0001
ADAUSDT,1676764800019,0.0001
ADAUSDT,1676793600005,0.0001
ADAUSDT,1676822400003,0.0001
ADAUSDT,1676851200006,0.0001
ADAUSDT,1676880000008,0.0001
ADAUSDT,1676908800006,0.0001
ADAUSDT,1676937600001,0.0001
ADAUSDT,1676966400004,0.0001
ADAUSDT,1676995200011,0.0001
ADAUSDT,1677024000009,0.0001
ADAUSDT,1677052800010,0.0001
ADAUSDT,1677081600000,0.0001
ADAUSDT,1677110400006,0.0001
ADAUSDT,1677139200005,0.0001
ADAUSDT,1677168000002,0.0001
ADAUSDT,1677196800015,0.0001
ADAUSDT,1677225600011,0.0001
ADAUSDT,1677254400014,0.0001
ADAUSDT,1677283200015,0.00002064
ADAUSDT,1677312000015,0.0001
ADAUSDT,1677340800015,0.0001
ADAUSDT,1677369600007,-0.00000209
ADAUSDT,1677398400012,0.00005775
ADAUSDT,1677427200000,0.0001
ADAUSDT,1677456000011,0.0001
ADAUSDT,1677484800003,0.0001
ADAUSDT,1677513600000,0.00000935
ADAUSDT,1677542400011,0.00004266
ADAUSDT,1677571200018,0.0001
ADAUSDT,1677600000005,0.0001
ADAUSDT,1677628800016,-0.00016157
ADAUSDT,1677657600000,0.0001
ADAUSDT,1677686400008,0.0001
ADAUSDT,1677715200009,0.0001
ADAUSDT,1677744000013,-0.00004215
ADAUSDT,1677772800000,0.00009862
ADAUSDT,1677801600000,0.0001
ADAUSDT,1677830400013,-0.00013668
ADAUSDT,1677859200000,0.0001
ADAUSDT,1677888000001,0.0001
ADAUSDT,1677916800008,0.00005952
ADAUSDT,1677945600012,0.00004084
ADAUSDT,1677974400000,0.00002421
ADAUSDT,1678003200000,0.0001
ADAUSDT,1678032000015,0.0001
ADAUSDT,1678060800007,0.00003334
ADAUSDT,1678089600017,0.00005485
ADAUSDT,1678118400000,0.0000684
ADAUSDT,1678147200009,-0.00005964
ADAUSDT,1678176000016,0.00006768
ADAUSDT,1678204800017,-0.0000382
ADAUSDT,1678233600000,0.0001
ADAUSDT,1678262400014,0.0001
ADAUSDT,1678291200021,0.00009077
ADAUSDT,1678320000010,0.00002033
ADAUSDT,1678348800013,0.0001
ADAUSDT,1678377600002,0.00009555
ADAUSDT,1678406400000,-0.00039629
ADAUSDT,1678435200000,0.00004434
ADAUSDT,1678464000005,0.00007378
ADAUSDT,1678492800011,0.00005469
ADAUSDT,1678521600003,-0.00000138
ADAUSDT,1678550400011,-0.00007921
ADAUSDT,1678579200001,-0.00004061
ADAUSDT,1678608000000,0.0001
ADAUSDT,1678636800005,-0.00029473
ADAUSDT,1678665600010,-0.00000918
ADAUSDT,1678694400018,0.0001
ADAUSDT,1678723200003,0.0001
ADAUSDT,1678752000010,0.0001
ADAUSDT,1678780800009,0.00009984
ADAUSDT,1678809600010,0.0001
ADAUSDT,1678838400011,0.00013162
ADAUSDT,1678867200000,0.0001
ADAUSDT,1678896000012,-0.00013022
ADAUSDT,1678924800004,0.0001
ADAUSDT,1678953600018,0.0001
ADAUSDT,1678982400005,0.00001004
ADAUSDT,1679011200017,0.0000751
ADAUSDT,1679040000010,-0.00002314
ADAUSDT,1679068800003,0.0001
ADAUSDT,1679097600012,0.0001
ADAUSDT,1679126400000,0.0001
ADAUSDT,1679155200016,0.0001
ADAUSDT,1679184000013,0.0001
ADAUSDT,1679212800024,0.0001
ADAUSDT,1679241600000,0.0001
ADAUSDT,1679270400005,0.0001
ADAUSDT,1679299200012,0.00008769
ADAUSDT,1679328000015,0.0001
ADAUSDT,1679356800006,-0.00002345
ADAUSDT,1679385600004,-0.00014565
ADAUSDT,1679414400003,0.0001
ADAUSDT,1679443200000,0.0001
ADAUSDT,1679472000003,0.0001
ADAUSDT,1679500800000,0.0001
ADAUSDT,1679529600016,0.0001
ADAUSDT,1679558400001,0.0001
ADAUSDT,1679587200013,0.0001
ADAUSDT,1679616000013,0.0001
ADAUSDT,1679644800012,0.0001
ADAUSDT,1679673600027,0.0001
ADAUSDT,1679702400015,0.0001
ADAUSDT,1679731200011,0.00009362
ADAUSDT,1679760000011,0.00004143
ADAUSDT,1679788800000,-0.00000029
ADAUSDT,1679817600015,0.00000741
ADAUSDT,1679846400000,0.00002992
ADAUSDT,1679875200019,0.0000479
ADAUSDT,1679904000009,-0.00003978
ADAUSDT,1679932800000,0.00005939
ADAUSDT,1679961600007,0.00008326
ADAUSDT,1679990400000,0.0001
ADAUSDT,1680019200013,0.0001
ADAUSDT,1680048000010,0.0001
ADAUSDT,1680076800006,0.0001
ADAUSDT,1680105600014,0.0001
ADAUSDT,1680134400000,0.0001
ADAUSDT,1680163200000,0.0001
ADAUSDT,1680192000006,0.00009482
ADAUSDT,1680220800003,0.0001
ADAUSDT,1680249600006,0.00008973
ADAUSDT,1680278400011,0.0001
ADAUSDT,1680307200000,0.0001
ADAUSDT,1680336000000,0.0001
ADAUSDT,1680364800018,0.00008596
ADAUSDT,1680393600013,0.0001
ADAUSDT,1680422400014,-0.00001827
ADAUSDT,1680451200001,0.0000571
ADAUSDT,1680480000000,0.00001763
ADAUSDT,1680508800013,0.0001
ADAUSDT,1680537600011,0.0001
ADAUSDT,1680566400002,0.00003665
ADAUSDT,1680595200017,0.00004002
ADAUSDT,1680624000008,0.0001
ADAUSDT,1680652800000,0.00001908
ADAUSDT,1680681600016,0.0001
ADAUSDT,1680710400004,0.0001
ADAUSDT,1680739200000,0.00006476
ADAUSDT,1680768000011,0.0001
ADAUSDT,1680796800000,-0.00000835
ADAUSDT,1680825600006,0.00005533
ADAUSDT,1680854400005,0.00005566
ADAUSDT,1680883200000,0.00001091
ADAUSDT,1680912000000,0.0001
ADAUSDT,1680940800014,0.00009166
ADAUSDT,1680969600018,0.0001
ADAUSDT,1680998400013,0.00000157
ADAUSDT,1681027200024,0.0001
ADAUSDT,1681056000010,0.0001
ADAUSDT,1681084800000,0.0001
ADAUSDT,1681113600010,0.0000062
ADAUSDT,1681142400006,0.00001975
ADAUSDT,1681171200008,0.0001
ADAUSDT,1681200000007,0.0001
ADAUSDT,1681228800016,0.0001
ADAUSDT,1681257600006,0.0001
ADAUSDT,1681286400008,0.00006546
ADAUSDT,1681315200014,0.0001
ADAUSDT,1681344000027,0.0001
ADAUSDT,1681372800010,0.0001
ADAUSDT,1681401600000,0.0001
ADAUSDT,1681430400001,0.0001
ADAUSDT,1681459200008,0.0001
ADAUSDT,1681488000007,0.0001
ADAUSDT,1681516800007,0.0001
ADAUSDT,1681545600007,0.0001
ADAUSDT,1681574400011,0.0001
ADAUSDT,1681603200014,0.0001
ADAUSDT,1681632000007,0.0001
ADAUSDT,1681660800002,0.0001
ADAUSDT,1681689600017,0.0001
ADAUSDT,1681718400006,0.0001
ADAUSDT,1681747200000,0.0001
ADAUSDT,1681776000013,0.0001
ADAUSDT,1681804800017,0.0001
ADAUSDT,1681833600000,0.0001
ADAUSDT,1681862400022,0.0001
ADAUSDT,1681891200014,0.0001
ADAUSDT,1681920000000,0.0000852
ADAUSDT,1681948800010,0.0001
ADAUSDT,1681977600012,0.0001
ADAUSDT,1682006400012,0.0001
ADAUSDT,1682035200009,0.0001
ADAUSDT,1682064000009,0.0001
ADAUSDT,1682092800003,0.0001
ADAUSDT,1682121600000,0.00007205
ADAUSDT,1682150400000,-0.00001536
ADAUSDT,1682179200016,0.0001
ADAUSDT,1682208000009,0.0001
ADAUSDT,1682236800020,0.0001
ADAUSDT,1682265600007,0.00009295
ADAUSDT,1682294400000,0.0001
ADAUSDT,1682323200008,0.0001
ADAUSDT,1682352000006,0.0001
ADAUSDT,1682380800014,-0.00000817
ADAUSDT,1682409600009,0.00005822
ADAUSDT,1682438400015,0.00009713
ADAUSDT,1682467200015,0.0001
ADAUSDT,1682496000013,0.000097
ADAUSDT,1682524800001,0.0001
ADAUSDT,1682553600014,0.00008763
ADAUSDT,1682582400008,0.0001
ADAUSDT,1682611200005,0.0001
ADAUSDT,1682640000011,0.00008159
ADAUSDT,1682668800007,0.00009782
ADAUSDT,1682697600006,0.00009448
ADAUSDT,1682726400004,0.00008153
ADAUSDT,1682755200016,0.0001
ADAUSDT,1682784000001,0.0000571
ADAUSDT,1682812800008,0.00007047
ADAUSDT,1682841600000,0.00007254
ADAUSDT,1682870400010,0.00007774
ADAUSDT,1682899200004,-0.00001613
ADAUSDT,1682928000008,0.00000801
ADAUSDT,1682956800014,-0.00001113
ADAUSDT,1682985600015,0.00006617
ADAUSDT,1683014400018,0.00003287
ADAUSDT,1683043200000,0.00006158
ADAUSDT,1683072000009,0.0001
ADAUSDT,1683100800003,0.00001684
ADAUSDT,1683129600011,-0.00007323
ADAUSDT,1683158400000,0.0001
ADAUSDT,1683187200000,0.0001
ADAUSDT,1683216000011,0.0001
ADAUSDT,1683244800002,0.0001
ADAUSDT,1683273600000,0.0001
ADAUSDT,1683302400000,0.0001
ADAUSDT,1683331200009,0.0001
ADAUSDT,1683360000000,0.0001
ADAUSDT,1683388800000,-0.00007688
ADAUSDT,1683417600000,0.00001449
ADAUSDT,1683446400000,0.00009678
ADAUSDT,1683475200006,0.0001
ADAUSDT,1683504000000,0.0000668
ADAUSDT,1683532800007,0.00008411
ADAUSDT,1683561600015,0.00009976
ADAUSDT,1683590400015,0.00000769
ADAUSDT,1683619200000,0.0000524
ADAUSDT,1683648000000,0.00001019
ADAUSDT,1683676800007,-0.00001549
ADAUSDT,1683705600003,0.0001
ADAUSDT,1683734400000,-0.00008458
ADAUSDT,1683763200011,0.00009805
ADAUSDT,1683792000000,0.0001
ADAUSDT,1683820800005,-0.00003754
ADAUSDT,1683849600020,0.00006118
ADAUSDT,1683878400001,0.0001
ADAUSDT,1683907200010,0.0001
ADAUSDT,1683936000000,0.0001
ADAUSDT,1683964800000,0.0001
ADAUSDT,1683993600026,0.0001
ADAUSDT,1684022400029,0.0001
ADAUSDT,1684051200010,0.0001
ADAUSDT,1684080000008,0.0001
ADAUSDT,1684108800006,0.0001
ADAUSDT,1684137600005,0.0001
ADAUSDT,1684166400008,0.00005817
ADAUSDT,1684195200021,0.00005619
ADAUSDT,1684224000000,0.0001
ADAUSDT,1684252800000,0.00008386
ADAUSDT,1684281600010,0.0001
ADAUSDT,1684310400000,0.0001
ADAUSDT,1684339200001,0.00009385
ADAUSDT,1684368000000,0.0001
ADAUSDT,1684396800026,0.0001
ADAUSDT,1684425600019,0.00003981
ADAUSDT,1684454400000,0.0001
ADAUSDT,1684483200002,0.00002213
ADAUSDT,1684512000000,0.0001
ADAUSDT,1684540800005,-0.00003146
ADAUSDT,1684569600014,-0.00009458
ADAUSDT,1684598400020,-0.00004573
ADAUSDT,1684627200014,-0.00000231
ADAUSDT,1684656000001,-0.00002054
ADAUSDT,1684684800015,-0.00005934
ADAUSDT,1684713600028,-0.00000444
ADAUSDT,1684742400000,0.0001
ADAUSDT,1684771200012,0.0001
ADAUSDT,1684800000006,0.0001
ADAUSDT,1684828800014,0.0001
ADAUSDT,1684857600008,0.0001
ADAUSDT,1684886400000,0.0001
ADAUSDT,1684915200025,0.0001
ADAUSDT,1684944000008,0.0001
ADAUSDT,1684972800000,0.0001
ADAUSDT,1685001600025,0.00001353
ADAUSDT,1685030400016,-0.00002526
ADAUSDT,1685059200000,0.00009451
ADAUSDT,1685088000024,0.0001
ADAUSDT,1685116800012,0.0001
ADAUSDT,1685145600012,0.0001
ADAUSDT,1685174400018,0.0001
ADAUSDT,1685203200008,0.0001
ADAUSDT,1685232000017,0.0001
ADAUSDT,1685260800015,0.0001
ADAUSDT,1685289600000,0.0001
ADAUSDT,1685318400000,0.0001
ADAUSDT,1685347200020,0.0001
ADAUSDT,1685376000011,0.0001
ADAUSDT,1685404800003,0.0001
ADAUSDT,1685433600000,0.0001
ADAUSDT,1685462400003,0.0001
ADAUSDT,1685491200013,0.0001
ADAUSDT,1685520000000,0.0001
ADAUSDT,1685548800000,0.0001
ADAUSDT,1685577600008,0.0001
ADAUSDT,1685606400012,0.0001
ADAUSDT,1685635200000,-0.00000636
ADAUSDT,1685664000000,-0.00001236
ADAUSDT,1685692800006,0.0001
ADAUSDT,1685721600012,0.0001
ADAUSDT,1685750400000,0.0001
ADAUSDT,1685779200011,0.0001
ADAUSDT,1685808000003,0.0001
ADAUSDT,1685836800000,0.0001
ADAUSDT,1685865600000,0.0001
ADAUSDT,1685894400000,0.0001
ADAUSDT,1685923200005,0.0001
ADAUSDT,1685952000000,0.0001
ADAUSDT,1685980800000,0.0001
ADAUSDT,1686009600000,-0.00007061
ADAUSDT,1686038400009,0.00002807
ADAUSDT,1686067200013,0.00008528
ADAUSDT,1686096000000,0.0000411
ADAUSDT,1686124800016,0.0001
ADAUSDT,1686153600000,0.00002179
ADAUSDT,1686182400006,0.0001
ADAUSDT,1686211200000,0.0001
ADAUSDT,1686240000000,0.0001
ADAUSDT,1686268800000,0.0001
ADAUSDT,1686297600000,0.0001
ADAUSDT,1686326400000,0.0001
ADAUSDT,1686355200000,0.0001
ADAUSDT,1686384000000,-0.000068
ADAUSDT,1686412800000,-0.00070382
ADAUSDT,1686441600001,-0.00052764
ADAUSDT,1686470400000,-0.0002327
ADAUSDT,1686499200000,-0.0005839
ADAUSDT,1686528000000,-0.00033988
ADAUSDT,1686556800000,-0.00014433
ADAUSDT,1686585600001,-0.00001789
ADAUSDT,1686614400000,-0.00002851
ADAUSDT,1686643200000,-0.00026108
ADAUSDT,1686672000000,-0.00007421
ADAUSDT,1686700800000,0.0000093
ADAUSDT,1686729600000,-0.00012798
ADAUSDT,1686758400000,0.00002799
ADAUSDT,1686787200000,-0.00006097
ADAUSDT,1686816000000,0.00003636
ADAUSDT,1686844800000,0.0000956
ADAUSDT,1686873600000,-0.00003703
ADAUSDT,1686902400000,-0.00004052
ADAUSDT,1686931200000,-0.00007134
ADAUSDT,1686960000000,-0.00002564
ADAUSDT,1686988800000,0.00009068
ADAUSDT,1687017600000,0.00002354
ADAUSDT,1687046400000,-0.00008478
ADAUSDT,1687075200000,-0.00004256
ADAUSDT,1687104000000,0.00005842
ADAUSDT,1687132800000,-0.00005092
ADAUSDT,1687161600000,-0.00006133
ADAUSDT,1687190400000,-0.00015647
ADAUSDT,1687219200001,-0.00001787
ADAUSDT,1687248000000,-0.00005439
ADAUSDT,1687276800000,-0.00033145
ADAUSDT,1687305600000,0.00006025
ADAUSDT,1687334400000,0.00007926
ADAUSDT,1687363200000,-0.00004432
ADAUSDT,1687392000000,0.00003874
ADAUSDT,1687420800001,0.00007863
ADAUSDT,1687449600000,0.00002131
ADAUSDT,1687478400000,-0.0000943
ADAUSDT,1687507200000,0.0001
ADAUSDT,1687536000000,-0.00003175
ADAUSDT,1687564800000,-0.00008658
ADAUSDT,1687593600000,-0.00010757
ADAUSDT,1687622400000,-0.00038442
ADAUSDT,1687651200000,-0.00008752
ADAUSDT,1687680000000,0.00007891
ADAUSDT,1687708800000,0.00005986
ADAUSDT,1687737600000,-0.00004964
ADAUSDT,1687766400000,-0.00014392
ADAUSDT,1687795200000,0.00005246
ADAUSDT,1687824000000,-0.00018887
ADAUSDT,1687852800000,-0.00022157
ADAUSDT,1687881600000,-0.00017618
ADAUSDT,1687910400000,-0.00001451
ADAUSDT,1687939200000,-0.00024837
ADAUSDT,1687968000000,-0.00003109
ADAUSDT,1687996800000,-0.00008401
ADAUSDT,1688025600000,0.00000116
ADAUSDT,1688054400000,0.00007487
ADAUSDT,1688083200000,-0.00007466
ADAUSDT,1688112000000,0.0001
ADAUSDT,1688140800001,0.0001
ADAUSDT,1688169600000,-0.00007423
ADAUSDT,1688198400000,0.00004359
ADAUSDT,1688227200000,0.00005691
ADAUSDT,1688256000000,0.0001
ADAUSDT,1688284800000,0.0001
ADAUSDT,1688313600001,0.0001
ADAUSDT,1688342400000,0.0001
ADAUSDT,1688371200000,0.0001
ADAUSDT,1688400000000,0.0001
ADAUSDT,1688428800001,0.0001
ADAUSDT,1688457600000,0.0001
ADAUSDT,1688486400000,0.0001
ADAUSDT,1688515200000,0.0001
ADAUSDT,1688544000000,0.0001
ADAUSDT,1688572800000,-0.0000605
ADAUSDT,1688601600000,0.00000846
ADAUSDT,1688630400000,0.0001
ADAUSDT,1688659200000,-0.00010415
ADAUSDT,1688688000000,0.0000208
ADAUSDT,1688716800000,-0.00005143
ADAUSDT,1688745600000,0.00000486
ADAUSDT,1688774400000,-0.00001521
ADAUSDT,1688803200000,-0.00019778
ADAUSDT,1688832000000,0.00002541
ADAUSDT,1688860800000,0.00000341
ADAUSDT,1688889600000,-0.00001152
ADAUSDT,1688918400000,-0.00000869
ADAUSDT,1688947200000,-0.00003259
ADAUSDT,1688976000000,-0.000059
ADAUSDT,1689004800000,0.0001
ADAUSDT,1689033600000,0.0001
ADAUSDT,1689062400000,0.0001
ADAUSDT,1689091200000,0.0001
ADAUSDT,1689120000000,0.0001
ADAUSDT,1689148800000,0.0001
ADAUSDT,1689177600000,0.0001
ADAUSDT,1689206400000,-0.00000971
ADAUSDT,1689235200000,0.0001
ADAUSDT,1689264000000,-0.00021565
ADAUSDT,1689292800000,0.0001
ADAUSDT,1689321600000,0.0001
ADAUSDT,1689350400000,0.0001
ADAUSDT,1689379200000,0.0001
ADAUSDT,1689408000000,0.0001
ADAUSDT,1689436800000,0.0001
ADAUSDT,1689465600001,0.00002573
ADAUSDT,1689494400000,-0.00005582
ADAUSDT,1689523200000,-0.00016704
ADAUSDT,1689552000000,-0.00019308
ADAUSDT,1689580800000,-0.00002597
ADAUSDT,1689609600000,0.0001
ADAUSDT,1689638400000,0.0001
ADAUSDT,1689667200000,0.0001
ADAUSDT,1689696000000,0.0001
ADAUSDT,1689724800000,0.0001
ADAUSDT,1689753600000,0.0001
ADAUSDT,1689782400001,0.0001
ADAUSDT,1689811200000,0.00005928
ADAUSDT,1689840000000,0.0001
ADAUSDT,1689868800000,0.0001
ADAUSDT,1689897600001,0.0001
ADAUSDT,1689926400000,0.0001
ADAUSDT,1689955200000,0.0001
ADAUSDT,1689984000000,0.0001
ADAUSDT,1690012800000,0.0001
ADAUSDT,1690041600000,0.0001
ADAUSDT,1690070400000,0.0001
ADAUSDT,1690099200000,0.0001
ADAUSDT,1690128000000,0.0001
ADAUSDT,1690156800000,0.0001
ADAUSDT,1690185600000,0.0001
ADAUSDT,1690214400000,0.0001
ADAUSDT,1690243200000,0.0001
ADAUSDT,1690272000000,0.0001
ADAUSDT,1690300800000,0.0001
ADAUSDT,1690329600000,0.0001
ADAUSDT,1690358400001,0.0001
ADAUSDT,1690387200000,0.0001
ADAUSDT,1690416000000,0.0001
ADAUSDT,1690444800000,0.0001
ADAUSDT,1690473600001,0.0001
ADAUSDT,1690502400000,0.0001
ADAUSDT,1690531200000,0.0001
ADAUSDT,1690560000000,0.0001
ADAUSDT,1690588800000,0.0001
ADAUSDT,1690617600000,0.0001
ADAUSDT,1690646400001,0.0001
ADAUSDT,1690675200000,0.0001
ADAUSDT,1690704000000,0.0001
ADAUSDT,1690732800000,0.0001
ADAUSDT,1690761600000,0.0001
ADAUSDT,1690790400000,0.0001
ADAUSDT,1690819200001,0.0001
ADAUSDT,1690848000000,0.0001
ADAUSDT,1690876800000,0.0001
ADAUSDT,1690905600000,0.0001
ADAUSDT,1690934400000,0.0001
ADAUSDT,1690963200000,0.0001
ADAUSDT,1690992000000,0.0001
ADAUSDT,1691020800000,0.0001
ADAUSDT,1691049600000,0.0000522
ADAUSDT,1691078400001,0.00006078
ADAUSDT,1691107200000,-0.00009918
ADAUSDT,1691136000000,0.00002631
ADAUSDT,1691164800000,-0.00006334
ADAUSDT,1691193600000,0.0001
ADAUSDT,1691222400000,0.0001
ADAUSDT,1691251200001,0.0001
ADAUSDT,1691280000000,0.0001
ADAUSDT,1691308800001,0.0001
ADAUSDT,1691337600005,0.0001
ADAUSDT,1691366400000,0.0001
ADAUSDT,1691395200000,0.0001
ADAUSDT,1691424000000,0.0001
ADAUSDT,1691452800000,0.00006479
ADAUSDT,1691481600000,0.0001
ADAUSDT,1691510400000,0.0001
ADAUSDT,1691539200000,0.0001
ADAUSDT,1691568000000,0.0001
ADAUSDT,1691596800000,0.0001
ADAUSDT,1691625600001,0.0001
ADAUSDT,1691654400000,0.0001
ADAUSDT,1691683200000,0.0001
ADAUSDT,1691712000000,0.0001
ADAUSDT,1691740800000,0.0001
ADAUSDT,1691769600000,0.0001
ADAUSDT,1691798400000,0.0001
ADAUSDT,1691827200000,0.00008895
ADAUSDT,1691856000000,0.0001
ADAUSDT,1691884800000,0.00001272
ADAUSDT,1691913600000,0.0001
ADAUSDT,1691942400000,0.0001
ADAUSDT,1691971200001,0.00006163
ADAUSDT,1692000000000,0.0001
ADAUSDT,1692028800000,0.0001
ADAUSDT,1692057600001,0.0001
ADAUSDT,1692086400000,0.00003884
ADAUSDT,1692115200000,0.00000468
ADAUSDT,1692144000000,-0.00019925
ADAUSDT,1692172800001,-0.00003068
ADAUSDT,1692201600000,0.00004915
ADAUSDT,1692230400000,-0.00036318
ADAUSDT,1692259200000,-0.0000131
ADAUSDT,1692288000000,0.00001978
ADAUSDT,1692316800000,-0.00047631
ADAUSDT,1692345600000,-0.00011373
ADAUSDT,1692374400000,0.00007094
ADAUSDT,1692403200000,-0.00010557
ADAUSDT,1692432000000,-0.00016617
ADAUSDT,1692460800000,-0.00012866
ADAUSDT,1692489600000,-0.00002568
ADAUSDT,1692518400000,-0.00011671
ADAUSDT,1692547200000,-0.00002911
ADAUSDT,1692576000000,-0.00003554
ADAUSDT,1692604800000,0.00008023
ADAUSDT,1692633600000,-0.00003979
ADAUSDT,1692662400000,0.00007069
ADAUSDT,1692691200000,0.00007751
ADAUSDT,1692720000000,-0.00008487
ADAUSDT,1692748800000,-0.00018627
ADAUSDT,1692777600000,-0.00017226
ADAUSDT,1692806400000,0.00007035
ADAUSDT,1692835200000,-0.00004452
ADAUSDT,1692864000000,0.00002953
ADAUSDT,1692892800000,0.0000693
ADAUSDT,1692921600000,0.00001121
ADAUSDT,1692950400000,0.0001
ADAUSDT,1692979200000,0.00007975
ADAUSDT,1693008000000,-0.00008456
ADAUSDT,1693036800000,-0.00019121
ADAUSDT,1693065600000,-0.00009864
ADAUSDT,1693094400000,-0.00012635
ADAUSDT,1693123200000,-0.00003561
ADAUSDT,1693152000000,-0.00014813
ADAUSDT,1693180800000,-0.00003995
ADAUSDT,1693209600001,-0.00011983
ADAUSDT,1693238400001,0.0001
ADAUSDT,1693267200000,0.0001
ADAUSDT,1693296000000,0.0001
ADAUSDT,1693324800000,-0.00005182
ADAUSDT,1693353600000,0.0001
ADAUSDT,1693382400000,0.0001
ADAUSDT,1693411200000,-0.00012719
ADAUSDT,1693440000000,0.00000537
ADAUSDT,1693468800000,0.0001
ADAUSDT,1693497600000,-0.00001184
ADAUSDT,1693526400000,-0.00015495
ADAUSDT,1693555200000,-0.00007657
ADAUSDT,1693584000001,0.00003935
ADAUSDT,1693612800000,-0.00007791
ADAUSDT,1693641600000,0.00001891
ADAUSDT,1693670400000,0.00008968
ADAUSDT,1693699200000,-0.00010247
ADAUSDT,1693728000000,-0.00009294
ADAUSDT,1693756800000,-0.00013287
ADAUSDT,1693785600000,-0.00012162
ADAUSDT,1693814400000,-0.00006065
ADAUSDT,1693843200000,0.00001273
ADAUSDT,1693872000000,0.00005752
ADAUSDT,1693900800000,0.0001
ADAUSDT,1693929600000,0.00002954
ADAUSDT,1693958400000,0.00003801
ADAUSDT,1693987200000,0.00004411
ADAUSDT,1694016000001,0.00004831
ADAUSDT,1694044800000,0.00008489
ADAUSDT,1694073600000,0.0001
ADAUSDT,1694102400000,0.00007473
ADAUSDT,1694131200000,0.00008974
ADAUSDT,1694160000000,0.00008269
ADAUSDT,1694188800000,-0.00013266
ADAUSDT,1694217600000,-0.00013847
ADAUSDT,1694246400000,0.00001098
ADAUSDT,1694275200000,-0.00001037
ADAUSDT,1694304000000,-0.0002666
ADAUSDT,1694332800000,-0.00015188
ADAUSDT,1694361600000,0.00002434
ADAUSDT,1694390400000,-0.00005843
ADAUSDT,1694419200000,-0.00008618
ADAUSDT,1694448000001,0.00000047
ADAUSDT,1694476800000,-0.00002203
ADAUSDT,1694505600000,0.00005518
ADAUSDT,1694534400000,0.00006238
ADAUSDT,1694563200000,0.00001665
ADAUSDT,1694592000000,0.00004139
ADAUSDT,1694620800000,0.0001
ADAUSDT,1694649600000,0.0001
ADAUSDT,1694678400001,-0.00013453
ADAUSDT,1694707200000,0.0000242
ADAUSDT,1694736000000,0.00003897
ADAUSDT,1694764800000,-0.00003143
ADAUSDT,1694793600000,0.0001
ADAUSDT,1694822400000,-0.0000186
ADAUSDT,1694851200000,0.0001
ADAUSDT,1694880000000,-0.00004407
ADAUSDT,1694908800000,-0.00015434
ADAUSDT,1694937600000,-0.0000206
ADAUSDT,1694966400000,-0.00005422
ADAUSDT,1694995200000,-0.00018433
ADAUSDT,1695024000000,-0.00007946
ADAUSDT,1695052800000,0.0001
ADAUSDT,1695081600000,0.00003045
ADAUSDT,1695110400001,0.00000851
ADAUSDT,1695139200000,0.0001
ADAUSDT,1695168000000,0.00005614
ADAUSDT,1695196800000,0.00005948
ADAUSDT,1695225600000,0.00000675
ADAUSDT,1695254400001,-0.00031639
ADAUSDT,1695283200000,-0.00018668
ADAUSDT,1695312000000,-0.00013926
ADAUSDT,1695340800000,0.00008523
ADAUSDT,1695369600000,0.0001
ADAUSDT,1695398400000,0.0001
ADAUSDT,1695427200000,0.0001
ADAUSDT,1695456000000,0.0001
ADAUSDT,1695484800000,0.0001
ADAUSDT,1695513600000,0.0001
ADAUSDT,1695542400000,0.0001
ADAUSDT,1695571200000,0.0001
ADAUSDT,1695600000000,0.0001
ADAUSDT,1695628800000,0.0001
ADAUSDT,1695657600000,0.0001
ADAUSDT,1695686400000,0.0001
ADAUSDT,1695715200000,0.00009438
ADAUSDT,1695744000000,0.00007848
ADAUSDT,1695772800000,0.0001
ADAUSDT,1695801600001,0.0001
ADAUSDT,1695830400000,0.0001
ADAUSDT,1695859200000,0.00005317
ADAUSDT,1695888000000,0.00008208
ADAUSDT,1695916800000,0.0001
ADAUSDT,1695945600000,0.0001
ADAUSDT,1695974400000,0.0001
ADAUSDT,1696003200000,0.00005024
ADAUSDT,1696032000000,0.0001
ADAUSDT,1696060800000,0.0001
ADAUSDT,1696089600000,0.0001
ADAUSDT,1696118400000,0.0001
ADAUSDT,1696147200000,0.0001
ADAUSDT,1696176000000,0.00006517
ADAUSDT,1696204800000,0.00004196
ADAUSDT,1696233600000,-0.00003202
ADAUSDT,1696262400000,-0.0000476
ADAUSDT,1696291200000,0.00008874
ADAUSDT,1696320000000,0.00007462
ADAUSDT,1696348800000,0.0001
ADAUSDT,1696377600000,0.00006572
ADAUSDT,1696406400000,0.0001
ADAUSDT,1696435200000,0.00003181
ADAUSDT,1696464000000,0.0000545
ADAUSDT,1696492800000,0.00000692
ADAUSDT,1696521600001,0.00003517
ADAUSDT,1696550400000,0.0001
ADAUSDT,1696579200000,0.00005373
ADAUSDT,1696608000000,0.00007001
ADAUSDT,1696636800000,0.0001
ADAUSDT,1696665600000,0.0001
ADAUSDT,1696694400000,0.0001
ADAUSDT,1696723200000,0.0001
ADAUSDT,1696752000001,0.0001
ADAUSDT,1696780800000,0.00009134
ADAUSDT,1696809600000,0.00001833
ADAUSDT,1696838400000,0.0001
ADAUSDT,1696867200000,-0.00008321
ADAUSDT,1696896000000,0.000091
ADAUSDT,1696924800000,0.00009257
ADAUSDT,1696953600000,0.00005742
ADAUSDT,1696982400000,0.00007329
ADAUSDT,1697011200000,0.0001
ADAUSDT,1697040000000,0.00008775
ADAUSDT,1697068800000,0.0001
ADAUSDT,1697097600000,0.00007215
ADAUSDT,1697126400000,0.0001
ADAUSDT,1697155200000,0.00009671
ADAUSDT,1697184000000,0.00008719
ADAUSDT,1697212800000,-0.00000725
ADAUSDT,1697241600000,-0.00003828
ADAUSDT,1697270400000,-0.00007121
ADAUSDT,1697299200000,0.00007798
ADAUSDT,1697328000000,0.0001
ADAUSDT,1697356800000,0.0001
ADAUSDT,1697385600000,-0.00005584
ADAUSDT,1697414400000,0.00001477
ADAUSDT,1697443200000,0.00008026
ADAUSDT,1697472000000,-0.00003201
ADAUSDT,1697500800000,-0.00001978
ADAUSDT,1697529600000,-0.00004308
ADAUSDT,1697558400000,-0.00001622
ADAUSDT,1697587200000,-0.00011015
ADAUSDT,1697616000000,-0.00004552
ADAUSDT,1697644800000,-0.00008345
ADAUSDT,1697673600000,-0.00004499
ADAUSDT,1697702400001,-0.00010578
ADAUSDT,1697731200000,-0.00007883
ADAUSDT,1697760000000,0.00000848
ADAUSDT,1697788800005,0.00001594
ADAUSDT,1697817600000,-0.00002747
ADAUSDT,1697846400000,-0.00008124
ADAUSDT,1697875200000,0.0001
ADAUSDT,1697904000000,0.0001
ADAUSDT,1697932800000,0.0001
ADAUSDT,1697961600000,0.00000935
ADAUSDT,1697990400000,0.00004123
ADAUSDT,1698019200000,0.00006354
ADAUSDT,1698048000001,0.0001
ADAUSDT,1698076800001,0.0001
ADAUSDT,1698105600000,0.0001
ADAUSDT,1698134400000,0.0001
ADAUSDT,1698163200000,0.0001
ADAUSDT,1698192000000,0.0001
ADAUSDT,1698220800000,0.0001
ADAUSDT,1698249600001,0.0001
ADAUSDT,1698278400001,0.0001
ADAUSDT,1698307200000,0.0001
ADAUSDT,1698336000000,0.0001
ADAUSDT,1698364800000,0.0001
ADAUSDT,1698393600000,0.0001
ADAUSDT,1698422400000,0.0001
ADAUSDT,1698451200000,0.0001
ADAUSDT,1698480000001,0.0001
ADAUSDT,1698508800000,0.0001
ADAUSDT,1698537600000,0.0001
ADAUSDT,1698566400000,0.0001
ADAUSDT,1698595200000,0.0001
ADAUSDT,1698624000000,0.0001
ADAUSDT,1698652800000,0.0001
ADAUSDT,1698681600000,0.0001
ADAUSDT,1698710400001,0.0001
ADAUSDT,1698739200000,0.0001
ADAUSDT,1698768000000,0.0001
ADAUSDT,1698796800000,0.0001
ADAUSDT,1698825600000,0.0001
ADAUSDT,1698854400000,0.0001
ADAUSDT,1698883200001,0.00015552
ADAUSDT,1698912000000,0.00012878
ADAUSDT,1698940800000,0.0001
ADAUSDT,1698969600000,0.0001
ADAUSDT,1698998400000,0.0001
ADAUSDT,1699027200000,0.0001
ADAUSDT,1699056000000,0.0001
ADAUSDT,1699084800000,0.0001
ADAUSDT,1699113600000,0.0001
ADAUSDT,1699142400000,0.0001
ADAUSDT,1699171200000,0.0001
ADAUSDT,1699200000000,0.0001
ADAUSDT,1699228800000,0.0001
ADAUSDT,1699257600001,0.0001
ADAUSDT,1699286400000,0.0001
ADAUSDT,1699315200001,0.0001
ADAUSDT,1699344000000,0.0001
ADAUSDT,1699372800000,0.0001
ADAUSDT,1699401600000,0.0001
ADAUSDT,1699430400000,0.0001
ADAUSDT,1699459200000,0.0001
ADAUSDT,1699488000000,0.0001
ADAUSDT,1699516800000,0.0001
ADAUSDT,1699545600000,0.00019956
ADAUSDT,1699574400000,0.0001
ADAUSDT,1699603200000,0.0001
ADAUSDT,1699632000000,0.0001
ADAUSDT,1699660800000,0.0001
ADAUSDT,1699689600000,0.0001
ADAUSDT,1699718400000,0.00033273
ADAUSDT,1699747200000,0.00016443
ADAUSDT,1699776000000,0.0001
ADAUSDT,1699804800001,0.00022576
ADAUSDT,1699833600000,0.00025356
ADAUSDT,1699862400000,0.0001
ADAUSDT,1699891200000,0.0001
ADAUSDT,1699920000000,0.0001
ADAUSDT,1699948800000,0.0001
ADAUSDT,1699977600001,0.0001
ADAUSDT,1700006400000,0.0001
ADAUSDT,1700035200000,0.0001
ADAUSDT,1700064000000,0.00011725
ADAUSDT,1700092800000,0.0001
ADAUSDT,1700121600000,0.00013342
ADAUSDT,1700150400001,0.0002607
ADAUSDT,1700179200000,0.0001
ADAUSDT,1700208000001,0.0001
ADAUSDT,1700236800001,0.0001
ADAUSDT,1700265600000,0.0001
ADAUSDT,1700294400000,0.0001
ADAUSDT,1700323200000,0.0001
ADAUSDT,1700352000000,0.0001
ADAUSDT,1700380800000,0.0001
ADAUSDT,1700409600000,0.0001
ADAUSDT,1700438400000,0.0001
ADAUSDT,1700467200000,0.0001
ADAUSDT,1700496000000,0.0001
ADAUSDT,1700524800000,0.0001
ADAUSDT,1700553600000,0.0001
ADAUSDT,1700582400000,0.0001
ADAUSDT,1700611200000,0.0001
ADAUSDT,1700640000000,0.0001
ADAUSDT,1700668800000,0.0001
ADAUSDT,1700697600000,0.0001
ADAUSDT,1700726400000,0.0001
ADAUSDT,1700755200001,0.0001
ADAUSDT,1700784000000,0.0001
ADAUSDT,1700812800000,0.0001
ADAUSDT,1700841600000,0.0001
ADAUSDT,1700870400000,0.0001
ADAUSDT,1700899200000,0.0001
ADAUSDT,1700928000000,0.0001
ADAUSDT,1700956800000,0.0001
ADAUSDT,1700985600000,0.0001
ADAUSDT,1701014400000,0.0001
ADAUSDT,1701043200000,0.0001
ADAUSDT,1701072000001,0.0001
ADAUSDT,1701100800000,0.0001
ADAUSDT,1701129600000,0.0001
ADAUSDT,1701158400000,0.0001
ADAUSDT,1701187200000,0.0001
ADAUSDT,1701216000001,0.0001
ADAUSDT,1701244800000,0.0001
ADAUSDT,1701273600000,0.0001
ADAUSDT,1701302400000,0.0001
ADAUSDT,1701331200000,0.0001
ADAUSDT,1701360000000,0.0001
ADAUSDT,1701388800000,0.0001
ADAUSDT,1701417600000,0.0001
ADAUSDT,1701446400000,0.0001
ADAUSDT,1701475200000,0.0001
ADAUSDT,1701504000000,0.0001
ADAUSDT,1701532800000,0.00014293
ADAUSDT,1701561600000,0.00038339
ADAUSDT,1701590400000,0.00028491
ADAUSDT,1701619200000,0.00015616
ADAUSDT,1701648000000,0.00013297
ADAUSDT,1701676800000,0.0004009
ADAUSDT,1701705600000,0.0001
ADAUSDT,1701734400000,0.0001
ADAUSDT,1701763200000,0.0001189
ADAUSDT,1701792000000,0.0001231
ADAUSDT,1701820800000,0.00027203
ADAUSDT,1701849600000,0.00026528
ADAUSDT,1701878400000,0.0001
ADAUSDT,1701907200000,0.0001
ADAUSDT,1701936000000,0.0001
ADAUSDT,1701964800000,0.0001
ADAUSDT,1701993600000,0.00014867
ADAUSDT,1702022400000,0.00024753
ADAUSDT,1702051200000,0.00022671
ADAUSDT,1702080000000,0.0001569
ADAUSDT,1702108800000,0.00019133
ADAUSDT,1702137600000,0.00028314
ADAUSDT,1702166400000,0.0001851
ADAUSDT,1702195200000,0.00016051
ADAUSDT,1702224000000,0.00032843
ADAUSDT,1702252800000,0.0001
ADAUSDT,1702281600000,0.0001
ADAUSDT,1702310400000,0.0001
ADAUSDT,1702339200000,0.0001
ADAUSDT,1702368000000,0.0001
ADAUSDT,1702396800000,0.00018769
ADAUSDT,1702425600000,0.0001
ADAUSDT,1702454400000,0.0001
ADAUSDT,1702483200001,0.00034285
ADAUSDT,1702512000000,0.00020112
ADAUSDT,1702540800000,0.00014692
ADAUSDT,1702569600000,0.0001
ADAUSDT,1702598400000,0.0001
ADAUSDT,1702627200000,0.0001
ADAUSDT,1702656000000,0.00013393
ADAUSDT,1702684800000,0.00015127
ADAUSDT,1702713600000,0.0001
ADAUSDT,1702742400001,0.0001
ADAUSDT,1702771200000,0.0001
ADAUSDT,1702800000000,0.0001
ADAUSDT,1702828800000,0.00014536
ADAUSDT,1702857600000,0.00010138
ADAUSDT,1702886400001,0.0001
ADAUSDT,1702915200000,0.0001
ADAUSDT,1702944000000,0.0001
ADAUSDT,1702972800000,0.0001
ADAUSDT,1703001600000,0.0001
ADAUSDT,1703030400000,0.0001
ADAUSDT,1703059200000,0.0001
ADAUSDT,1703088000000,0.0001
ADAUSDT,1703116800000,0.0001
ADAUSDT,1703145600000,0.0001
ADAUSDT,1703174400000,0.00028811
ADAUSDT,1703203200000,0.00034025
ADAUSDT,1703232000000,0.00027645
ADAUSDT,1703260800000,0.00023338
ADAUSDT,1703289600000,0.00014344
ADAUSDT,1703318400001,0.0001
ADAUSDT,1703347200000,0.0001
ADAUSDT,1703376000000,0.0001
ADAUSDT,1703404800000,0.00018968
ADAUSDT,1703433600000,0.00028964
ADAUSDT,1703462400000,0.0001
ADAUSDT,1703491200000,0.00020407
ADAUSDT,1703520000000,0.00055207
ADAUSDT,1703548800000,0.00069556
ADAUSDT,1703577600000,0.00027794
ADAUSDT,1703606400000,0.0004957
ADAUSDT,1703635200000,0.0001
ADAUSDT,1703664000000,0.00018332
ADAUSDT,1703692800000,0.00061419
ADAUSDT,1703721600000,0.0005967
ADAUSDT,1703750400000,0.0007081
ADAUSDT,1703779200000,0.00044746
ADAUSDT,1703808000001,0.00038843
ADAUSDT,1703836800000,0.00019076
ADAUSDT,1703865600000,0.0003498
ADAUSDT,1703894400001,0.0001
ADAUSDT,1703923200000,0.00023952
ADAUSDT,1703952000000,0.00028588
ADAUSDT,1703980800000,0.00023478
ADAUSDT,1704009600001,0.00018403
ADAUSDT,1704038400000,0.00027245
ADAUSDT,1704067200000,0.0001
ADAUSDT,1704096000000,0.00013064
ADAUSDT,1704124800000,0.00032977
ADAUSDT,1704153600000,0.00058523
ADAUSDT,1704182400000,0.00046605
ADAUSDT,1704211200000,0.00056649
ADAUSDT,1704240000000,0.00023673
ADAUSDT,1704268800000,0.00018493
ADAUSDT,1704297600000,0.0001
ADAUSDT,1704326400000,0.0001
ADAUSDT,1704355200000,0.0001
ADAUSDT,1704384000000,0.0001
ADAUSDT,1704412800001,0.0001
ADAUSDT,1704441600000,0.0001
ADAUSDT,1704470400000,0.0001
ADAUSDT,1704499200000,0.0001
ADAUSDT,1704528000000,0.0001
ADAUSDT,1704556800000,0.0001
ADAUSDT,1704585600000,0.0001
ADAUSDT,1704614400001,0.0001
ADAUSDT,1704643200001,0.0001
ADAUSDT,1704672000000,0.0001
ADAUSDT,1704700800000,0.0001
ADAUSDT,1704729600000,0.0001
ADAUSDT,1704758400001,0.0001
ADAUSDT,1704787200000,0.0001
ADAUSDT,1704816000000,0.0001
ADAUSDT,1704844800000,0.0001
ADAUSDT,1704873600000,0.0001
ADAUSDT,1704902400000,0.0001
ADAUSDT,1704931200000,0.0001
ADAUSDT,1704960000000,0.0001
ADAUSDT,1704988800000,0.0001
ADAUSDT,1705017600001,0.0001
ADAUSDT,1705046400000,0.0001
ADAUSDT,1705075200000,0.0001
ADAUSDT,1705104000000,0.0001
ADAUSDT,1705132800000,0.0001
ADAUSDT,1705161600001,0.0001
ADAUSDT,1705190400000,0.0001
ADAUSDT,1705219200000,0.0001
ADAUSDT,1705248000001,0.0001
ADAUSDT,1705276800000,0.0001
ADAUSDT,1705305600000,0.0001
ADAUSDT,1705334400000,0.0001
ADAUSDT,1705363200000,0.0001
ADAUSDT,1705392000000,0.0001
ADAUSDT,1705420800001,0.0001
ADAUSDT,1705449600000,0.0001
ADAUSDT,1705478400000,0.0001
ADAUSDT,1705507200000,0.0001
ADAUSDT,1705536000001,0.0001
ADAUSDT,1705564800000,0.0001
ADAUSDT,1705593600000,0.0001
ADAUSDT,1705622400000,0.0001
ADAUSDT,1705651200000,0.0001
ADAUSDT,1705680000002,0.0001
ADAUSDT,1705708800000,0.0001
ADAUSDT,1705737600003,0.0001
ADAUSDT,1705766400000,0.0001
ADAUSDT,1705795200000,0.0001
ADAUSDT,1705824000000,0.0001
ADAUSDT,1705852800000,0.0001
ADAUSDT,1705881600000,0.0001
ADAUSDT,1705910400000,0.0001
ADAUSDT,1705939200000,0.0001
ADAUSDT,1705968000000,0.0001
ADAUSDT,1705996800000,0.0001
ADAUSDT,1706025600000,0.0001
ADAUSDT,1706054400000,0.0001
ADAUSDT,1706083200000,0.0001
ADAUSDT,1706112000000,0.0001
ADAUSDT,1706140800000,0.0001
ADAUSDT,1706169600001,0.0001
ADAUSDT,1706198400000,0.0001
ADAUSDT,1706227200001,0.0001
ADAUSDT,1706256000000,0.0001
ADAUSDT,1706284800000,0.0001
ADAUSDT,1706313600000,0.0001
ADAUSDT,1706342400000,0.0001
ADAUSDT,1706371200000,0.0001
ADAUSDT,1706400000000,0.0001
ADAUSDT,1706428800000,0.0001
ADAUSDT,1706457600000,0.0001
ADAUSDT,1706486400000,0.0001
ADAUSDT,1706515200001,0.0001
ADAUSDT,1706544000000,0.0001
ADAUSDT,1706572800000,0.0001
ADAUSDT,1706601600000,0.0001
ADAUSDT,1706630400001,0.0001
ADAUSDT,1706659200000,0.0001
ADAUSDT,1706688000000,0.0001
ADAUSDT,1706716800000,0.0001
ADAUSDT,1706745600000,0.0001
ADAUSDT,1706774400000,0.0001
ADAUSDT,1706803200002,0.0001
ADAUSDT,1706832000000,0.0001
ADAUSDT,1706860800000,0.0001
ADAUSDT,1706889600000,0.0001
ADAUSDT,1706918400000,0.0001
ADAUSDT,1706947200000,0.0001
ADAUSDT,1706976000001,0.0001
ADAUSDT,1707004800000,0.0001
ADAUSDT,1707033600004,0.0001
ADAUSDT,1707062400000,0.0001
ADAUSDT,1707091200000,0.0001
ADAUSDT,1707120000000,0.0001
ADAUSDT,1707148800000,0.0001
ADAUSDT,1707177600000,0.0001
ADAUSDT,1707206400001,0.00008992
ADAUSDT,1707235200000,0.0001
ADAUSDT,1707264000000,0.0001
ADAUSDT,1707292800000,0.0001
ADAUSDT,1707321600000,0.0001
ADAUSDT,1707350400000,0.0001
ADAUSDT,1707379200000,0.0001
ADAUSDT,1707408000000,0.0001
ADAUSDT,1707436800000,0.0001
ADAUSDT,1707465600000,0.0001
ADAUSDT,1707494400001,0.0001
ADAUSDT,1707523200001,0.0001
ADAUSDT,1707552000000,0.0001
ADAUSDT,1707580800000,0.0001
ADAUSDT,1707609600000,0.0001
ADAUSDT,1707638400001,0.0001
ADAUSDT,1707667200000,0.0001
ADAUSDT,1707696000000,0.0001
ADAUSDT,1707724800000,0.0001
ADAUSDT,1707753600000,0.0001
ADAUSDT,1707782400000,0.00018628
ADAUSDT,1707811200000,0.0001
ADAUSDT,1707840000000,0.0001
ADAUSDT,1707868800000,0.0001
ADAUSDT,1707897600000,0.0001
ADAUSDT,1707926400000,0.000418
ADAUSDT,1707955200000,0.00024025
ADAUSDT,1707984000000,0.00027786
ADAUSDT,1708012800000,0.00024893
ADAUSDT,1708041600000,0.00043269
ADAUSDT,1708070400000,0.00029034
ADAUSDT,1708099200000,0.00023794
ADAUSDT,1708128000000,0.00026964
ADAUSDT,1708156800000,0.0003034
ADAUSDT,1708185600000,0.00023484
ADAUSDT,1708214400000,0.0004487
ADAUSDT,1708243200000,0.00036306
ADAUSDT,1708272000000,0.00029767
ADAUSDT,1708300800000,0.0001
ADAUSDT,1708329600000,0.00013509
ADAUSDT,1708358400000,0.00019272
ADAUSDT,1708387200000,0.00040585
ADAUSDT,1708416000000,0.00033279
ADAUSDT,1708444800000,0.00026015
ADAUSDT,1708473600000,0.00018214
ADAUSDT,1708502400000,0.0001
ADAUSDT,1708531200000,0.0001
ADAUSDT,1708560000001,0.0001
ADAUSDT,1708588800001,0.00010404
ADAUSDT,1708617600000,0.00023226
ADAUSDT,1708646400000,0.00024373
ADAUSDT,1708675200000,0.00023601
ADAUSDT,1708704000000,0.00029197
ADAUSDT,1708732800000,0.00028857
ADAUSDT,1708761600001,0.00038751
ADAUSDT,1708790400000,0.0003122
ADAUSDT,1708819200001,0.00026464
ADAUSDT,1708848000000,0.00028864
ADAUSDT,1708876800000,0.00034153
ADAUSDT,1708905600000,0.00033983
ADAUSDT,1708934400000,0.00036595
ADAUSDT,1708963200000,0.00047084
ADAUSDT,1708992000000,0.00061055
ADAUSDT,1709020800000,0.00068839
ADAUSDT,1709049600000,0.00039651
ADAUSDT,1709078400000,0.00042904
ADAUSDT,1709107200000,0.00037727
ADAUSDT,1709136000000,0.00060216
ADAUSDT,1709164800000,0.00044112
ADAUSDT,1709193600000,0.00103289
ADAUSDT,1709222400000,0.00085186
ADAUSDT,1709251200000,0.00041314
ADAUSDT,1709280000000,0.00054814
ADAUSDT,1709308800000,0.00058795
ADAUSDT,1709337600000,0.00074604
ADAUSDT,1709366400001,0.00107166
ADAUSDT,1709395200000,0.00062878
ADAUSDT,1709424000000,0.00054796
ADAUSDT,1709452800000,0.00066455
ADAUSDT,1709481600000,0.00047042
ADAUSDT,1709510400000,0.00055893
ADAUSDT,1709539200000,0.0006696
ADAUSDT,1709568000000,0.00063375
ADAUSDT,1709596800000,0.00047443
ADAUSDT,1709625600000,0.00112087
ADAUSDT,1709654400000,0.00085833
ADAUSDT,1709683200000,0.0001
ADAUSDT,1709712000001,0.00018566
ADAUSDT,1709740800000,0.0003147
ADAUSDT,1709769600000,0.00028132
ADAUSDT,1709798400000,0.00036989
ADAUSDT,1709827200000,0.00049041
ADAUSDT,1709856000000,0.00063889
ADAUSDT,1709884800000,0.00045148
ADAUSDT,1709913600000,0.000511
ADAUSDT,1709942400000,0.00044643
ADAUSDT,1709971200001,0.00055256
ADAUSDT,1710000000000,0.00074113
ADAUSDT,1710028800000,0.00078074
ADAUSDT,1710057600000,0.00072972
ADAUSDT,1710086400000,0.00034658
ADAUSDT,1710115200000,0.0003288
ADAUSDT,1710144000000,0.00059564
ADAUSDT,1710172800000,0.00081971
ADAUSDT,1710201600000,0.00092516
ADAUSDT,1710230400000,0.00068982
ADAUSDT,1710259200000,0.00047046
ADAUSDT,1710288000000,0.00049055
ADAUSDT,1710316800001,0.00066874
ADAUSDT,1710345600000,0.00063686
ADAUSDT,1710374400001,0.00039303
ADAUSDT,1710403200000,0.00076644
ADAUSDT,1710432000000,0.00060226
ADAUSDT,1710460800000,0.00035481
ADAUSDT,1710489600000,0.00022301
ADAUSDT,1710518400000,0.00018333
ADAUSDT,1710547200000,0.00024064
ADAUSDT,1710576000000,0.00029963
ADAUSDT,1710604800000,0.00014207
ADAUSDT,1710633600000,0.0001
ADAUSDT,1710662400000,0.00013946
ADAUSDT,1710691200000,0.0001386
ADAUSDT,1710720000000,0.0001
ADAUSDT,1710748800000,0.00013538
ADAUSDT,1710777600001,0.00012978
ADAUSDT,1710806400000,0.00021652
ADAUSDT,1710835200000,0.00016691
ADAUSDT,1710864000001,0.00013165
ADAUSDT,1710892800000,0.0001
ADAUSDT,1710921600004,0.00014065
ADAUSDT,1710950400000,0.0001
ADAUSDT,1710979200000,0.0001
ADAUSDT,1711008000000,0.0001
ADAUSDT,1711036800000,0.0001
ADAUSDT,1711065600000,0.00014654
ADAUSDT,1711094400000,0.00012417
ADAUSDT,1711123200000,0.0001
ADAUSDT,1711152000000,0.00018261
ADAUSDT,1711180800000,0.00021138
ADAUSDT,1711209600000,0.00017397
ADAUSDT,1711238400000,0.00026109
ADAUSDT,1711267200000,0.00025702
ADAUSDT,1711296000000,0.00014602
ADAUSDT,1711324800000,0.00017493
ADAUSDT,1711353600001,0.00014134
ADAUSDT,1711382400000,0.00019693
ADAUSDT,1711411200000,0.00032113
ADAUSDT,1711440000000,0.0002348
ADAUSDT,1711468800000,0.00031656
ADAUSDT,1711497600000,0.00039797
ADAUSDT,1711526400001,0.00042152
ADAUSDT,1711555200000,0.00031368
ADAUSDT,1711584000000,0.00032279
ADAUSDT,1711612800000,0.00047279
ADAUSDT,1711641600000,0.00036358
ADAUSDT,1711670400000,0.00052383
ADAUSDT,1711699200000,0.00039291
ADAUSDT,1711728000000,0.0005161
ADAUSDT,1711756800000,0.00036223
ADAUSDT,1711785600000,0.00053163
ADAUSDT,1711814400000,0.00046696
ADAUSDT,1711843200000,0.00025992
ADAUSDT,1711872000000,0.00043791
ADAUSDT,1711900800001,0.00053769
ADAUSDT,1711929600000,0.00051829
ADAUSDT,1711958400000,0.00032885
ADAUSDT,1711987200000,0.00024899
ADAUSDT,1712016000007,0.00012467
ADAUSDT,1712044800015,0.0001
ADAUSDT,1712073600000,0.0001
ADAUSDT,1712102400000,0.0001
ADAUSDT,1712131200000,0.0001
ADAUSDT,1712160000000,0.0001
ADAUSDT,1712188800000,0.0001
ADAUSDT,1712217600000,0.00017085
ADAUSDT,1712246400000,0.0001
ADAUSDT,1712275200000,0.0001
ADAUSDT,1712304000000,0.0001
ADAUSDT,1712332800000,0.00013436
ADAUSDT,1712361600000,0.0001613
ADAUSDT,1712390400000,0.0001
ADAUSDT,1712419200000,0.0001
ADAUSDT,1712448000000,0.00014757
ADAUSDT,1712476800000,0.0001
ADAUSDT,1712505600000,0.00014966
ADAUSDT,1712534400001,0.00020291
ADAUSDT,1712563200000,0.00015237
ADAUSDT,1712592000006,0.00027296
ADAUSDT,1712620800000,0.00017292
ADAUSDT,1712649600001,0.00010381
ADAUSDT,1712678400001,0.00016633
ADAUSDT,1712707200000,0.00020111
ADAUSDT,1712736000001,0.00011739
ADAUSDT,1712764800000,0.0001
ADAUSDT,1712793600000,0.0001
ADAUSDT,1712822400000,0.00018963
ADAUSDT,1712851200000,0.00016431
ADAUSDT,1712880000000,0.00022786
ADAUSDT,1712908800001,0.0002807
ADAUSDT,1712937600000,0.0001
ADAUSDT,1712966400000,0.0001
ADAUSDT,1712995200000,0.0001
ADAUSDT,1713024000001,0.0001
ADAUSDT,1713052800000,-0.00003172
ADAUSDT,1713081600000,0.00008876
ADAUSDT,1713110400000,0.0001
ADAUSDT,1713139200000,0.0001
ADAUSDT,1713168000001,0.0001
ADAUSDT,1713196800000,0.0001
ADAUSDT,1713225600001,0.00003956
ADAUSDT,1713254400000,0.00004344
ADAUSDT,1713283200000,0.0001
ADAUSDT,1713312000000,0.00005668
ADAUSDT,1713340800000,-0.00000503
ADAUSDT,1713369600000,0.00005334
ADAUSDT,1713398400000,0.0001
ADAUSDT,1713427200000,0.0001
ADAUSDT,1713456000000,0.0000002
ADAUSDT,1713484800001,-0.00002768
ADAUSDT,1713513600000,0.0001
ADAUSDT,1713542400000,0.0001
ADAUSDT,1713571200000,0.0001
ADAUSDT,1713600000000,-0.00016374
ADAUSDT,1713628800000,0.00006108
ADAUSDT,1713657600000,0.00005695
ADAUSDT,1713686400000,-0.00001436
ADAUSDT,1713715200000,0.00006781
ADAUSDT,1713744000000,0.0001
ADAUSDT,1713772800000,0.0001
ADAUSDT,1713801600000,0.00002533
ADAUSDT,1713830400000,0.00004165
ADAUSDT,1713859200000,0.00005001
ADAUSDT,1713888000001,0.00007107
ADAUSDT,1713916800000,0.00006875
ADAUSDT,1713945600000,0.00004855
ADAUSDT,1713974400000,0.00000879
ADAUSDT,1714003200000,-0.00002113
ADAUSDT,1714032000000,0.00002966
ADAUSDT,1714060800010,0.0001
ADAUSDT,1714089600001,-0.00003058
ADAUSDT,1714118400000,0.00006967
ADAUSDT,1714147200000,0.00004605
ADAUSDT,1714176000000,0.00007556
ADAUSDT,1714204800001,0.0001
ADAUSDT,1714233600000,0.0001
ADAUSDT,1714262400000,-0.00001059
ADAUSDT,1714291200000,-0.00005786
ADAUSDT,1714320000000,0.0001
ADAUSDT,1714348800000,0.0001
ADAUSDT,1714377600000,0.00004149
ADAUSDT,1714406400000,0.0001
ADAUSDT,1714435200000,0.0001
ADAUSDT,1714464000000,0.0001
ADAUSDT,1714492800000,-0.00006743
ADAUSDT,1714521600000,0.00006108
ADAUSDT,1714550400000,0.0001
ADAUSDT,1714579200000,0.0001
ADAUSDT,1714608000000,0.00009616
ADAUSDT,1714636800000,0.0001
ADAUSDT,1714665600002,0.00004013
ADAUSDT,1714694400000,0.00002872
ADAUSDT,1714723200000,0.00007543
ADAUSDT,1714752000000,0.00004932
ADAUSDT,1714780800000,0.00008668
ADAUSDT,1714809600000,-0.00001398
ADAUSDT,1714838400000,-0.00000127
ADAUSDT,1714867200000,0.0001
ADAUSDT,1714896000000,0.00004551
ADAUSDT,1714924800000,-0.00001566
ADAUSDT,1714953600000,0.0001
ADAUSDT,1714982400000,0.00000616
ADAUSDT,1715011200000,0.00006336
ADAUSDT,1715040000000,0.00007668
ADAUSDT,1715068800000,0.00002803
ADAUSDT,1715097600000,0.00006886
ADAUSDT,1715126400000,0.00001079
ADAUSDT,1715155200000,-0.00002083
ADAUSDT,1715184000000,0.00000029
ADAUSDT,1715212800000,0.0001
ADAUSDT,1715241600000,-0.000002
ADAUSDT,1715270400000,0.00003557
ADAUSDT,1715299200000,0.0001
ADAUSDT,1715328000000,0.0001
ADAUSDT,1715356800000,0.0001
ADAUSDT,1715385600000,-0.00002636
ADAUSDT,1715414400000,0.00009706
ADAUSDT,1715443200000,0.00008413
ADAUSDT,1715472000000,0.00000496
ADAUSDT,1715500800000,-0.00001688
ADAUSDT,1715529600000,0.00003553
ADAUSDT,1715558400001,-0.00002178
ADAUSDT,1715587200001,-0.00005096
ADAUSDT,1715616000000,0.00008815
ADAUSDT,1715644800000,0.00001931
ADAUSDT,1715673600000,-0.00008175
ADAUSDT,1715702400000,0.00007653
ADAUSDT,1715731200000,0.00001334
ADAUSDT,1715760000000,-0.00000199
ADAUSDT,1715788800000,0.0001
ADAUSDT,1715817600004,0.0001
ADAUSDT,1715846400000,0.0001
ADAUSDT,1715875200000,0.0001
ADAUSDT,1715904000000,0.0001
ADAUSDT,1715932800000,0.0001
ADAUSDT,1715961600000,0.0001
ADAUSDT,1715990400000,0.0001
ADAUSDT,1716019200000,0.0001
ADAUSDT,1716048000000,0.0001
ADAUSDT,1716076800000,0.0001
ADAUSDT,1716105600000,0.0001
ADAUSDT,1716134400000,0.0001
ADAUSDT,1716163200000,0.0001
ADAUSDT,1716192000000,0.0001
ADAUSDT,1716220800003,0.0001
ADAUSDT,1716249600000,0.0001
ADAUSDT,1716278400001,0.0001
ADAUSDT,1716307200000,0.0001
ADAUSDT,1716336000000,0.0001
ADAUSDT,1716364800000,0.0001
ADAUSDT,1716393600000,0.0001
ADAUSDT,1716422400000,0.0001
ADAUSDT,1716451200000,0.0001
ADAUSDT,1716480000000,0.0001
ADAUSDT,1716508800000,0.0001
ADAUSDT,1716537600000,0.0001
ADAUSDT,1716566400000,0.0001
ADAUSDT,1716595200000,0.0001
ADAUSDT,1716624000000,0.0001
ADAUSDT,1716652800000,0.0001
ADAUSDT,1716681600000,0.0001
ADAUSDT,1716710400000,0.0001
ADAUSDT,1716739200000,0.0001
ADAUSDT,1716768000000,0.0001
ADAUSDT,1716796800000,0.0001
ADAUSDT,1716825600000,0.0001
ADAUSDT,1716854400000,0.0001141
ADAUSDT,1716883200000,0.0001
ADAUSDT,1716912000000,0.0001
ADAUSDT,1716940800001,0.00012077
ADAUSDT,1716969600000,0.0001
ADAUSDT,1716998400000,0.00012429
ADAUSDT,1717027200000,0.0001
ADAUSDT,1717056000000,0.0001
ADAUSDT,1717084800000,0.0001
ADAUSDT,1717113600000,0.0001
ADAUSDT,1717142400000,0.0001
ADAUSDT,1717171200000,0.0001
ADAUSDT,1717200000000,0.00014915
ADAUSDT,1717228800000,0.00013473
ADAUSDT,1717257600001,0.00016212
ADAUSDT,1717286400000,0.00020642
ADAUSDT,1717315200000,0.00021214
ADAUSDT,1717344000000,0.0001541
ADAUSDT,1717372800000,0.0001
ADAUSDT,1717401600000,0.00022998
ADAUSDT,1717430400000,0.0001
ADAUSDT,1717459200000,0.0001
ADAUSDT,1717488000000,0.0001
ADAUSDT,1717516800000,0.0001
ADAUSDT,1717545600000,0.0001
ADAUSDT,1717574400000,0.0001
ADAUSDT,1717603200000,0.0001
ADAUSDT,1717632000000,0.00013524
ADAUSDT,1717660800008,0.0001
ADAUSDT,1717689600000,0.0001
ADAUSDT,1717718400000,0.00016351
ADAUSDT,1717747200000,0.00024194
ADAUSDT,1717776000000,0.00016832
ADAUSDT,1717804800000,0.0001
ADAUSDT,1717833600000,0.0001
ADAUSDT,1717862400000,0.0001
ADAUSDT,1717891200000,0.0001
ADAUSDT,1717920000000,0.0001
ADAUSDT,1717948800001,0.0001
ADAUSDT,1717977600000,0.0001
ADAUSDT,1718006400000,0.0001
ADAUSDT,1718035200001,0.0001
ADAUSDT,1718064000001,0.0001
ADAUSDT,1718092800000,0.0001
ADAUSDT,1718121600000,0.0001
ADAUSDT,1718150400000,0.0001
ADAUSDT,1718179200000,0.0001
ADAUSDT,1718208000000,0.0001
ADAUSDT,1718236800000,0.0001
ADAUSDT,1718265600001,0.0001
ADAUSDT,1718294400000,0.0001
ADAUSDT,1718323200000,0.0001
ADAUSDT,1718352000000,0.0001
ADAUSDT,1718380800000,0.0001
ADAUSDT,1718409600000,-0.00000237
ADAUSDT,1718438400000,0.0001
ADAUSDT,1718467200000,0.0001
ADAUSDT,1718496000001,0.0001
ADAUSDT,1718524800000,0.0001
ADAUSDT,1718553600000,0.0001
ADAUSDT,1718582400000,0.0001
ADAUSDT,1718611200000,0.0001
ADAUSDT,1718640000000,0.0001
ADAUSDT,1718668800000,0.0001
ADAUSDT,1718697600000,-0.0000836
ADAUSDT,1718726400000,-0.00010972
ADAUSDT,1718755200001,-0.00013743
ADAUSDT,1718784000001,-0.00003674
ADAUSDT,1718812800000,0.0001
ADAUSDT,1718841600000,0.00007875
ADAUSDT,1718870400000,0.00000078
ADAUSDT,1718899200000,0.0001
ADAUSDT,1718928000000,0.00001514
ADAUSDT,1718956800000,0.0001
ADAUSDT,1718985600000,0.0001
ADAUSDT,1719014400000,0.0001
ADAUSDT,1719043200000,0.00008968
ADAUSDT,1719072000000,-0.00006365
ADAUSDT,1719100800000,0.0001
ADAUSDT,1719129600000,0.00006413
ADAUSDT,1719158400000,0.0001
ADAUSDT,1719187200002,0.0001
ADAUSDT,1719216000000,0.00007339
ADAUSDT,1719244800000,0.0001
ADAUSDT,1719273600000,0.0001
ADAUSDT,1719302400000,0.0001
ADAUSDT,1719331200000,0.0001
ADAUSDT,1719360000002,0.0001
ADAUSDT,1719388800000,0.0001
ADAUSDT,1719417600000,0.0001
ADAUSDT,1719446400000,0.0001
ADAUSDT,1719475200001,0.0001
ADAUSDT,1719504000000,0.0001
ADAUSDT,1719532800000,0.0001
ADAUSDT,1719561600000,0.0001
ADAUSDT,1719590400000,0.0001
ADAUSDT,1719619200001,0.0001
ADAUSDT,1719648000000,0.0001
ADAUSDT,1719676800000,0.0001
ADAUSDT,1719705600000,-0.00003582
ADAUSDT,1719734400000,0.00004745
ADAUSDT,1719763200000,0.0001
ADAUSDT,1719792000000,0.00008549
ADAUSDT,1719820800000,0.0001
ADAUSDT,1719849600001,0.0001
ADAUSDT,1719878400000,0.0001
ADAUSDT,1719907200000,0.0001
ADAUSDT,1719936000000,0.0001
ADAUSDT,1719964800000,0.0001
ADAUSDT,1719993600001,0.0001
ADAUSDT,1720022400000,0.0001
ADAUSDT,1720051200000,0.0001
ADAUSDT,1720080000000,0.0001
ADAUSDT,1720108800000,0.0001
ADAUSDT,1720137600000,-0.00000167
ADAUSDT,1720166400000,-0.00012072
ADAUSDT,1720195200000,-0.00010594
ADAUSDT,1720224000000,0.0001
ADAUSDT,1720252800000,-0.00004113
ADAUSDT,1720281600000,-0.0001627
ADAUSDT,1720310400001,0.0001
ADAUSDT,1720339200000,0.00006509
ADAUSDT,1720368000000,0.00006941
ADAUSDT,1720396800000,0.00009518
ADAUSDT,1720425600000,-0.0000958
ADAUSDT,1720454400000,0.0001
ADAUSDT,1720483200000,0.00008634
ADAUSDT,1720512000001,-0.00006489
ADAUSDT,1720540800000,0.0001
ADAUSDT,1720569600000,0.0001
ADAUSDT,1720598400000,0.0001
ADAUSDT,1720627200000,0.0001
ADAUSDT,1720656000002,0.0001
ADAUSDT,1720684800002,0.0001
ADAUSDT,1720713600004,0.0001
ADAUSDT,1720742400000,0.0001
ADAUSDT,1720771200000,0.0001
ADAUSDT,1720800000000,0.0001
ADAUSDT,1720828800000,0.0001
ADAUSDT,1720857600000,0.0001
ADAUSDT,1720886400000,0.0000485
ADAUSDT,1720915200000,0.0001
ADAUSDT,1720944000000,0.0001
ADAUSDT,1720972800000,0.0001
ADAUSDT,1721001600000,0.0000817
ADAUSDT,1721030400000,-0.00004578
ADAUSDT,1721059200000,0.00002051
ADAUSDT,1721088000000,0.0001
ADAUSDT,1721116800000,0.0001
ADAUSDT,1721145600000,0.00009402
ADAUSDT,1721174400000,0.0001
ADAUSDT,1721203200001,0.0001
ADAUSDT,1721232000000,0.0001
ADAUSDT,1721260800000,0.00006408
ADAUSDT,1721289600000,0.00007376
ADAUSDT,1721318400000,0.0001
ADAUSDT,1721347200000,0.00004329
ADAUSDT,1721376000000,0.0001
ADAUSDT,1721404800000,0.0001
ADAUSDT,1721433600001,0.0001
ADAUSDT,1721462400000,0.0001
ADAUSDT,1721491200000,0.00007646
ADAUSDT,1721520000000,0.0001
ADAUSDT,1721548800000,0.0001
ADAUSDT,1721577600000,0.0000487
ADAUSDT,1721606400000,0.0000273
ADAUSDT,1721635200000,0.00001939
ADAUSDT,1721664000000,0.0001
ADAUSDT,1721692800000,-0.00007998
ADAUSDT,1721721600000,-0.00003898
ADAUSDT,1721750400000,0.00008156
ADAUSDT,1721779200000,0.00001722
ADAUSDT,1721808000000,0.00008986
ADAUSDT,1721836800000,0.0001
ADAUSDT,1721865600000,0.0001
ADAUSDT,1721894400000,0.00009053
ADAUSDT,1721923200000,0.0001
ADAUSDT,1721952000000,0.00005027
ADAUSDT,1721980800000,0.0001
ADAUSDT,1722009600000,0.0001
ADAUSDT,1722038400000,0.00009488
ADAUSDT,1722067200000,0.0001
ADAUSDT,1722096000000,0.0001
ADAUSDT,1722124800000,0.0001
ADAUSDT,1722153600000,0.0001
ADAUSDT,1722182400001,0.00005265
ADAUSDT,1722211200001,0.00000568
ADAUSDT,1722240000000,0.0001
ADAUSDT,1722268800001,0.00001703
ADAUSDT,1722297600000,0.00007968
ADAUSDT,1722326400001,0.0001
ADAUSDT,1722355200000,0.00000576
ADAUSDT,1722384000000,0.00005242
ADAUSDT,1722412800000,0.0001
ADAUSDT,1722441600000,0.000015
ADAUSDT,1722470400000,-0.00001452
ADAUSDT,1722499200000,-0.00004627
ADAUSDT,1722528000000,0.00004482
ADAUSDT,1722556800000,0.00008968
ADAUSDT,1722585600001,0.0001
ADAUSDT,1722614400000,-0.00001785
ADAUSDT,1722643200000,0.0000557
ADAUSDT,1722672000000,0.00001704
ADAUSDT,1722700800001,0.00000339
ADAUSDT,1722729600000,0.0000288
ADAUSDT,1722758400000,0.00006968
ADAUSDT,1722787200000,-0.00000082
ADAUSDT,1722816000000,0.00007524
ADAUSDT,1722844800000,-0.0000827
ADAUSDT,1722873600000,0.00002522
ADAUSDT,1722902400000,0.00003648
ADAUSDT,1722931200000,-0.0000725
ADAUSDT,1722960000000,0.00000602
ADAUSDT,1722988800000,0.00004682
ADAUSDT,1723017600001,-0.00003549
ADAUSDT,1723046400000,0.00005274
ADAUSDT,1723075200001,0.00005938
ADAUSDT,1723104000000,0.00005089
ADAUSDT,1723132800000,0.0000485
ADAUSDT,1723161600000,-0.00002084
ADAUSDT,1723190400000,0.00002579
ADAUSDT,1723219200000,-0.0000481
ADAUSDT,1723248000000,0.00005667
ADAUSDT,1723276800000,0.0001
ADAUSDT,1723305600000,0.00001942
ADAUSDT,1723334400000,0.00000722
ADAUSDT,1723363200000,-0.00001952
ADAUSDT,1723392000001,0.00000505
ADAUSDT,1723420800000,0.00001561
ADAUSDT,1723449600000,-0.00002211
ADAUSDT,1723478400000,0.00002772
ADAUSDT,1723507200000,0.00003071
ADAUSDT,1723536000000,-0.00000274
ADAUSDT,1723564800000,0.00000282
ADAUSDT,1723593600000,0.00007633
ADAUSDT,1723622400000,-0.00008096
ADAUSDT,1723651200000,-0.00001132
ADAUSDT,1723680000000,-0.00003511
ADAUSDT,1723708800000,0.00003396
ADAUSDT,1723737600000,0.00000826
ADAUSDT,1723766400000,-0.00018201
ADAUSDT,1723795200000,-0.00005345
ADAUSDT,1723824000000,-0.0000596
ADAUSDT,1723852800000,0.00007398
ADAUSDT,1723881600000,-0.00005701
ADAUSDT,1723910400000,0.00003124
ADAUSDT,1723939200000,0.0001
ADAUSDT,1723968000000,0.00009506
ADAUSDT,1723996800000,0.00009838
ADAUSDT,1724025600000,0.0000307
ADAUSDT,1724054400000,0.00003085
ADAUSDT,1724083200002,-0.00001859
ADAUSDT,1724112000000,0.00006275
ADAUSDT,1724140800000,0.0001
ADAUSDT,1724169600001,0.00007481
ADAUSDT,1724198400001,0.0001
ADAUSDT,1724227200000,0.00001451
ADAUSDT,1724256000001,0.00003832
ADAUSDT,1724284800000,0.0001
ADAUSDT,1724313600000,0.0001
ADAUSDT,1724342400008,0.00003823
ADAUSDT,1724371200000,0.00008042
ADAUSDT,1724400000000,0.00007008
ADAUSDT,1724428800000,0.00009033
ADAUSDT,1724457600000,0.00004232
ADAUSDT,1724486400005,-0.00001048
ADAUSDT,1724515200000,0.0001
ADAUSDT,1724544000000,0.0001
ADAUSDT,1724572800000,0.00007646
ADAUSDT,1724601600000,0.00006588
ADAUSDT,1724630400000,0.00003868
ADAUSDT,1724659200001,0.0001
ADAUSDT,1724688000000,0.00008399
ADAUSDT,1724716800001,0.00004785
ADAUSDT,1724745600000,-0.00000107
ADAUSDT,1724774400000,0.0001
ADAUSDT,1724803200000,-0.00002981
ADAUSDT,1724832000000,0.00001464
ADAUSDT,1724860800001,0.0000518
ADAUSDT,1724889600000,0.00003968
ADAUSDT,1724918400001,0.00003172
ADAUSDT,1724947200000,0.000038
ADAUSDT,1724976000000,0.0001
ADAUSDT,1725004800000,0.0001
ADAUSDT,1725033600000,0.00005081
ADAUSDT,1725062400000,0.00007888
ADAUSDT,1725091200000,0.00001448
ADAUSDT,1725120000000,0.00006536
ADAUSDT,1725148800000,0.00009483
ADAUSDT,1725177600001,0.00003469
ADAUSDT,1725206400000,0.00002464
ADAUSDT,1725235200001,-0.00005566
ADAUSDT,1725264000001,0.0000694
ADAUSDT,1725292800000,-0.00002371
ADAUSDT,1725321600000,-0.00002781
ADAUSDT,1725350400001,-0.00000066
ADAUSDT,1725379200000,-0.00011363
ADAUSDT,1725408000000,-0.00001986
ADAUSDT,1725436800000,0.00001895
ADAUSDT,1725465600000,0.00002584
ADAUSDT,1725494400000,-0.00001069
ADAUSDT,1725523200000,0.0000825
ADAUSDT,1725552000005,-0.00003032
ADAUSDT,1725580800000,0.0001
ADAUSDT,1725609600001,0.00004045
ADAUSDT,1725638400000,0.0000282
ADAUSDT,1725667200000,-0.00007491
ADAUSDT,1725696000000,0.00004154
ADAUSDT,1725724800000,0.00003388
ADAUSDT,1725753600000,0.0001
ADAUSDT,1725782400000,0.00008952
ADAUSDT,1725811200000,0.00008211
ADAUSDT,1725840000000,0.0000584
ADAUSDT,1725868800000,0.0001
ADAUSDT,1725897600001,0.0001
ADAUSDT,1725926400000,0.0001
ADAUSDT,1725955200000,0.00007988
ADAUSDT,1725984000000,0.0001
ADAUSDT,1726012800000,0.0001
ADAUSDT,1726041600000,0.00008091
ADAUSDT,1726070400000,0.00003813
ADAUSDT,1726099200000,0.00004783
ADAUSDT,1726128000000,0.00007935
ADAUSDT,1726156800000,0.00008848
ADAUSDT,1726185600000,0.00004045
ADAUSDT,1726214400001,0.0001
ADAUSDT,1726243200001,0.0000851
ADAUSDT,1726272000000,-0.00001986
ADAUSDT,1726300800000,0.00008668
ADAUSDT,1726329600001,-0.00000679
ADAUSDT,1726358400000,0.0000308
ADAUSDT,1726387200000,0.00001197
ADAUSDT,1726416000000,0.00003425
ADAUSDT,1726444800000,-0.0000346
ADAUSDT,1726473600001,-0.00007886
ADAUSDT,1726502400000,-0.00003739
ADAUSDT,1726531200001,0.00001048
ADAUSDT,1726560000000,-0.00003476
ADAUSDT,1726588800000,-0.00001784
ADAUSDT,1726617600000,-0.00007449
ADAUSDT,1726646400000,-0.00002315
ADAUSDT,1726675200004,-0.00002589
ADAUSDT,1726704000000,0.00005949
ADAUSDT,1726732800000,0.0001
ADAUSDT,1726761600001,0.0000156
ADAUSDT,1726790400000,0.0001
ADAUSDT,1726819200001,0.0001
ADAUSDT,1726848000000,0.0001
ADAUSDT,1726876800001,0.0001
ADAUSDT,1726905600000,0.0001
ADAUSDT,1726934400000,0.0001
ADAUSDT,1726963200000,0.0001
ADAUSDT,1726992000000,0.00007766
ADAUSDT,1727020800000,0.00006239
ADAUSDT,1727049600000,0.00002848
ADAUSDT,1727078400000,0.0001
ADAUSDT,1727107200000,0.00008139
ADAUSDT,1727136000000,0.0001
ADAUSDT,1727164800000,0.0001
ADAUSDT,1727193600001,0.00008752
ADAUSDT,1727222400000,0.0001
ADAUSDT,1727251200003,0.0001
ADAUSDT,1727280000000,0.0001
ADAUSDT,1727308800005,0.0001
ADAUSDT,1727337600000,0.0001
ADAUSDT,1727366400000,0.0001
ADAUSDT,1727395200000,0.0001
ADAUSDT,1727424000000,0.0001
ADAUSDT,1727452800000,0.0001
ADAUSDT,1727481600000,0.0001
ADAUSDT,1727510400001,0.0001
ADAUSDT,1727539200000,0.0001
ADAUSDT,1727568000001,0.0001
ADAUSDT,1727596800000,0.0001
ADAUSDT,1727625600000,0.0001
ADAUSDT,1727654400000,0.0001
ADAUSDT,1727683200001,0.0001
ADAUSDT,1727712000000,0.0001
ADAUSDT,1727740800000,0.0001
ADAUSDT,1727769600000,0.0001
ADAUSDT,1727798400001,0.0000419
ADAUSDT,1727827200000,0.0000583
ADAUSDT,1727856000000,0.0001
ADAUSDT,1727884800000,0.00006863
ADAUSDT,1727913600000,-0.00001982
ADAUSDT,1727942400000,0.00000657
ADAUSDT,1727971200000,0.00000996
ADAUSDT,1728000000000,-0.00006613
ADAUSDT,1728028800000,-0.00003284
ADAUSDT,1728057600001,0.00005443
ADAUSDT,1728086400000,0.00007301
ADAUSDT,1728115200000,-0.00000051
ADAUSDT,1728144000000,0.0001
ADAUSDT,1728172800000,0.0001
ADAUSDT,1728201600001,0.0001
ADAUSDT,1728230400000,0.00003487
ADAUSDT,1728259200000,0.0001
ADAUSDT,1728288000000,0.00008258
ADAUSDT,1728316800001,0.00007679
ADAUSDT,1728345600000,0.00008412
ADAUSDT,1728374400000,0.0001
ADAUSDT,1728403200000,0.00007926
ADAUSDT,1728432000000,0.00005812
ADAUSDT,1728460800000,-0.00003993
ADAUSDT,1728489600000,-0.00002682
ADAUSDT,1728518400000,0.00003633
ADAUSDT,1728547200000,0.00005769
ADAUSDT,1728576000000,0.00004342
ADAUSDT,1728604800000,0.0001
ADAUSDT,1728633600000,0.00002291
ADAUSDT,1728662400001,0.00002346
ADAUSDT,1728691200000,0.0001
ADAUSDT,1728720000001,0.0001
ADAUSDT,1728748800000,0.0001
ADAUSDT,1728777600000,0.00009146
ADAUSDT,1728806400000,0.0001
ADAUSDT,1728835200000,0.0001
ADAUSDT,1728864000000,0.00002356
ADAUSDT,1728892800000,0.00003924
ADAUSDT,1728921600000,0.0001
ADAUSDT,1728950400000,0.0001
ADAUSDT,1728979200000,0.0001
ADAUSDT,1729008000000,0.0001
ADAUSDT,1729036800000,0.0001
ADAUSDT,1729065600001,0.0001
ADAUSDT,1729094400000,0.0001
ADAUSDT,1729123200000,0.0001
ADAUSDT,1729152000000,0.0001
ADAUSDT,1729180800001,0.00005444
ADAUSDT,1729209600010,0.0001
ADAUSDT,1729238400001,0.0001
ADAUSDT,1729267200000,0.0001
ADAUSDT,1729296000000,0.0001
ADAUSDT,1729324800000,0.0001
ADAUSDT,1729353600000,0.0001
ADAUSDT,1729382400000,0.0001
ADAUSDT,1729411200000,0.0001
ADAUSDT,1729440000000,0.0001
ADAUSDT,1729468800000,0.0001
ADAUSDT,1729497600000,0.0001
ADAUSDT,1729526400000,0.0001
ADAUSDT,1729555200000,0.0001
ADAUSDT,1729584000000,0.0001
ADAUSDT,1729612800000,0.0001
ADAUSDT,1729641600000,0.0001
ADAUSDT,1729670400000,0.0001
ADAUSDT,1729699200000,0.0001
ADAUSDT,1729728000000,0.0001
ADAUSDT,1729756800000,0.0001
ADAUSDT,1729785600000,0.00009851
ADAUSDT,1729814400000,0.0001
ADAUSDT,1729843200000,0.0001
ADAUSDT,1729872000000,0.0001
ADAUSDT,1729900800000,-0.00004176
ADAUSDT,1729929600001,-0.00002751
ADAUSDT,1729958400000,0.00003291
ADAUSDT,1729987200000,0.00005979
ADAUSDT,1730016000000,0.00004857
ADAUSDT,1730044800000,0.00004495
ADAUSDT,1730073600000,0.00008559
ADAUSDT,1730102400001,0.0000611
ADAUSDT,1730131200000,0.00009425
ADAUSDT,1730160000000,0.0001
ADAUSDT,1730188800000,0.0001
ADAUSDT,1730217600004,0.0001
ADAUSDT,1730246400000,0.0001
ADAUSDT,1730275200000,0.0001
ADAUSDT,1730304000013,0.0001
ADAUSDT,1730332800000,0.0001
ADAUSDT,1730361600000,0.0001
ADAUSDT,1730390400000,0.0001
ADAUSDT,1730419200000,0.0001
ADAUSDT,1730448000000,0.0001
ADAUSDT,1730476800000,0.0001
ADAUSDT,1730505600000,0.0001
ADAUSDT,1730534400000,0.0001
ADAUSDT,1730563200000,0.0001
ADAUSDT,1730592000000,0.0001
ADAUSDT,1730620800000,0.0001
ADAUSDT,1730649600000,0.0000916
ADAUSDT,1730678400000,0.00002818
ADAUSDT,1730707200000,0.00005107
ADAUSDT,1730736000000,0.00009319
ADAUSDT,1730764800000,0.00007559
ADAUSDT,1730793600003,0.00008573
ADAUSDT,1730822400001,0.0001
ADAUSDT,1730851200000,0.0001
ADAUSDT,1730880000000,0.0001
ADAUSDT,1730908800000,0.0001
ADAUSDT,1730937600000,0.0001
ADAUSDT,1730966400000,0.0001
ADAUSDT,1730995200000,0.0001
ADAUSDT,1731024000000,0.0001
ADAUSDT,1731052800000,0.0001
ADAUSDT,1731081600000,0.0001
ADAUSDT,1731110400000,0.0001
ADAUSDT,1731139200000,0.0001
ADAUSDT,1731168000000,0.0001
ADAUSDT,1731196800000,0.0001
ADAUSDT,1731225600000,0.00016998
ADAUSDT,1731254400000,0.00031676
ADAUSDT,1731283200001,0.00015017
ADAUSDT,1731312000000,0.00016604
ADAUSDT,1731340800000,0.0001
ADAUSDT,1731369600002,0.00021168
ADAUSDT,1731398400000,0.00044771
ADAUSDT,1731427200000,0.00048263
ADAUSDT,1731456000000,0.00019356
ADAUSDT,1731484800010,0.00010202
ADAUSDT,1731513600000,0.0001
ADAUSDT,1731542400001,0.00018154
ADAUSDT,1731571200000,0.0001
ADAUSDT,1731600000000,0.0001
ADAUSDT,1731628800000,0.0001
ADAUSDT,1731657600000,0.0001
ADAUSDT,1731686400000,0.0001
ADAUSDT,1731715200001,0.0001
ADAUSDT,1731744000001,0.00013853
ADAUSDT,1731772800000,0.0001
ADAUSDT,1731801600000,0.0001
ADAUSDT,1731830400000,0.00011515
ADAUSDT,1731859200001,0.00018941
ADAUSDT,1731888000000,0.00017054
ADAUSDT,1731916800000,0.00024625
ADAUSDT,1731945600000,0.00010565
ADAUSDT,1731974400000,0.00013363
ADAUSDT,1732003200000,0.00034363
ADAUSDT,1732032000000,0.0001
ADAUSDT,1732060800003,0.00017497
ADAUSDT,1732089600000,0.00023113
ADAUSDT,1732118400000,0.0001152
ADAUSDT,1732147200001,0.0001
ADAUSDT,1732176000000,0.0001
ADAUSDT,1732204800001,0.0001
ADAUSDT,1732233600000,0.00033946
ADAUSDT,1732262400000,0.00033807
ADAUSDT,1732291200001,0.00016974
ADAUSDT,1732320000000,0.00017365
ADAUSDT,1732348800000,0.00024234
ADAUSDT,1732377600000,0.00024567
ADAUSDT,1732406400001,0.0001
ADAUSDT,1732435200000,0.00016964
ADAUSDT,1732464000000,0.00029863
ADAUSDT,1732492800000,0.0001
ADAUSDT,1732521600000,0.0001622
ADAUSDT,1732550400000,0.00017563
ADAUSDT,1732579200000,0.0001
ADAUSDT,1732608000000,0.0001
ADAUSDT,1732636800000,0.0001
ADAUSDT,1732665600000,0.0001
ADAUSDT,1732694400000,0.00015378
ADAUSDT,1732723200001,0.0001
ADAUSDT,1732752000000,0.00013999
ADAUSDT,1732780800000,0.00023871
ADAUSDT,1732809600000,0.00014001
ADAUSDT,1732838400000,0.0003363
ADAUSDT,1732867200000,0.00027719
ADAUSDT,1732896000000,0.00012397
ADAUSDT,1732924800000,0.0001
ADAUSDT,1732953600000,0.00033895
ADAUSDT,1732982400000,0.00013931
ADAUSDT,1733011200000,0.0001
ADAUSDT,1733040000000,0.00012202
ADAUSDT,1733068800000,0.00028621
ADAUSDT,1733097600001,0.00052661
ADAUSDT,1733126400001,0.00038491
ADAUSDT,1733155200000,0.00015861
ADAUSDT,1733184000000,0.00042613
ADAUSDT,1733212800000,0.00045701
ADAUSDT,1733241600000,0.00020389
ADAUSDT,1733270400000,0.00014039
ADAUSDT,1733299200000,0.00024327
ADAUSDT,1733328000000,0.00035723
ADAUSDT,1733356800001,0.00026019
ADAUSDT,1733385600000,0.00052288
ADAUSDT,1733414400000,0.00061939
ADAUSDT,1733443200000,0.00012668
ADAUSDT,1733472000000,0.00026384
ADAUSDT,1733500800000,0.00020921
ADAUSDT,1733529600000,0.0005519
ADAUSDT,1733558400000,0.00047194
ADAUSDT,1733587200000,0.00041753
ADAUSDT,1733616000000,0.00043437
ADAUSDT,1733644800000,0.0001018
ADAUSDT,1733673600000,0.00033729
ADAUSDT,1733702400000,0.00027653
ADAUSDT,1733731200000,0.0001617
ADAUSDT,1733760000001,0.0001
ADAUSDT,1733788800007,0.0001
ADAUSDT,1733817600000,0.0001
ADAUSDT,1733846400000,0.0001
ADAUSDT,1733875200000,0.0001
ADAUSDT,1733904000000,0.0001
ADAUSDT,1733932800001,0.0001
ADAUSDT,1733961600001,0.0001
ADAUSDT,1733990400000,0.0001
ADAUSDT,1734019200001,0.0001
ADAUSDT,1734048000000,0.0001
ADAUSDT,1734076800000,0.0001
ADAUSDT,1734105600001,0.0001
ADAUSDT,1734134400000,0.0001
ADAUSDT,1734163200000,0.0001
ADAUSDT,1734192000000,0.0001
ADAUSDT,1734220800000,0.0001
ADAUSDT,1734249600000,0.0001
ADAUSDT,1734278400000,0.0001
ADAUSDT,1734307200000,0.0001
ADAUSDT,1734336000001,0.0001
ADAUSDT,1734364800000,0.0001
ADAUSDT,1734393600000,0.0001
ADAUSDT,1734422400000,0.00005413
ADAUSDT,1734451200000,0.0001
ADAUSDT,1734480000000,0.0001
ADAUSDT,1734508800000,0.00005212
ADAUSDT,1734537600000,0.0001
ADAUSDT,1734566400000,0.00006961
ADAUSDT,1734595200000,0.00006127
ADAUSDT,1734624000000,0.0001
ADAUSDT,1734652800000,-0.00004523
ADAUSDT,1734681600001,0.0001
ADAUSDT,1734710400014,0.00008839
ADAUSDT,1734739200000,-0.00002938
ADAUSDT,1734768000000,0.0001
ADAUSDT,1734796800001,0.0001
ADAUSDT,1734825600000,0.0001
ADAUSDT,1734854400000,0.0001
ADAUSDT,1734883200000,0.0001
ADAUSDT,1734912000000,0.0001
ADAUSDT,1734940800000,0.0001
ADAUSDT,1734969600001,0.00009969
ADAUSDT,1734998400000,0.0001
ADAUSDT,1735027200000,0.0001
ADAUSDT,1735056000001,0.0001
ADAUSDT,1735084800001,0.0001
ADAUSDT,1735113600000,0.000092
ADAUSDT,1735142400000,-0.00002178
ADAUSDT,1735171200000,0.00005361
ADAUSDT,1735200000000,0.00009639
ADAUSDT,1735228800000,-0.00001711
ADAUSDT,1735257600000,0.00008162
ADAUSDT,1735286400000,0.00003224
ADAUSDT,1735315200000,0.0001
ADAUSDT,1735344000001,0.0001
ADAUSDT,1735372800000,0.00008063
ADAUSDT,1735401600000,0.0001
ADAUSDT,1735430400000,0.0001
ADAUSDT,1735459200000,0.0001
ADAUSDT,1735488000000,0.0001
ADAUSDT,1735516800000,0.00001897
ADAUSDT,1735545600001,0.00007773
ADAUSDT,1735574400000,0.00008658
ADAUSDT,1735603200000,0.0001
ADAUSDT,1735632000000,0.0001
ADAUSDT,1735660800000,0.0001
ADAUSDT,1735689600015,0.0001
ADAUSDT,1735718400000,0.0001
ADAUSDT,1735747200001,0.0001
ADAUSDT,1735776000000,0.0001
ADAUSDT,1735804800006,0.0001
ADAUSDT,1735833600000,0.0001
ADAUSDT,1735862400000,0.0001
ADAUSDT,1735891200000,0.0001
ADAUSDT,1735920000000,0.0001
ADAUSDT,1735948800000,0.0001
ADAUSDT,1735977600000,0.0001
ADAUSDT,1736006400000,0.0001
ADAUSDT,1736035200000,0.0001
ADAUSDT,1736064000000,0.0001
ADAUSDT,1736092800000,0.0001
ADAUSDT,1736121600000,0.0001
ADAUSDT,1736150400001,0.0001
ADAUSDT,1736179200000,0.0001
ADAUSDT,1736208000000,0.0001
ADAUSDT,1736236800000,0.0001
ADAUSDT,1736265600008,0.0001
ADAUSDT,1736294400001,0.0001
ADAUSDT,1736323200000,0.0001
ADAUSDT,1736352000000,0.0001
ADAUSDT,1736380800000,0.00005474
ADAUSDT,1736409600000,0.0001
ADAUSDT,1736438400000,0.0001
ADAUSDT,1736467200000,0.0001
ADAUSDT,1736496000000,0.00004059
ADAUSDT,1736524800000,0.0001
ADAUSDT,1736553600000,0.00001113
ADAUSDT,1736582400000,0.00005625
ADAUSDT,1736611200000,0.0001
ADAUSDT,1736640000000,0.0001
ADAUSDT,1736668800000,0.0001
ADAUSDT,1736697600000,0.0001
ADAUSDT,1736726400000,0.0001
ADAUSDT,1736755200000,0.00007914
ADAUSDT,1736784000000,0.00004449
ADAUSDT,1736812800000,0.00003905
ADAUSDT,1736841600000,0.0001
ADAUSDT,1736870400000,0.0001
ADAUSDT,1736899200000,0.0001
ADAUSDT,1736928000000,0.0001
ADAUSDT,1736956800000,0.0001
ADAUSDT,1736985600000,0.0001
ADAUSDT,1737014400000,0.0001
ADAUSDT,1737043200000,0.0001
ADAUSDT,1737072000004,0.0001
ADAUSDT,1737100800000,0.0001
ADAUSDT,1737129600008,0.0001
ADAUSDT,1737158400000,0.0001
ADAUSDT,1737187200007,0.0001
ADAUSDT,1737216000000,0.00008543
ADAUSDT,1737244800000,0.0001
ADAUSDT,1737273600000,0.0001
ADAUSDT,1737302400000,0.0001
ADAUSDT,1737331200000,0.0001
ADAUSDT,1737360000009,0.0001
ADAUSDT,1737388800000,0.0001
ADAUSDT,1737417600000,0.0001
ADAUSDT,1737446400000,0.0001
ADAUSDT,1737475200000,0.0001
ADAUSDT,1737504000000,0.0001
ADAUSDT,1737532800000,0.0001
ADAUSDT,1737561600000,0.0001
ADAUSDT,1737590400001,0.0001
ADAUSDT,1737619200000,0.0001
ADAUSDT,1737648000000,0.0001
ADAUSDT,1737676800000,0.0001
ADAUSDT,1737705600000,0.0001
ADAUSDT,1737734400000,0.0001
ADAUSDT,1737763200000,0.00008327
ADAUSDT,1737792000000,0.0001
ADAUSDT,1737820800001,0.0001
ADAUSDT,1737849600000,0.0001
ADAUSDT,1737878400000,0.0001
ADAUSDT,1737907200000,0.0001
ADAUSDT,1737936000000,0.0001
ADAUSDT,1737964800000,0.0000762
ADAUSDT,1737993600000,0.00000944
ADAUSDT,1738022400000,0.0001
ADAUSDT,1738051200000,0.000067
ADAUSDT,1738080000000,0.0001
ADAUSDT,1738108800000,0.0001
ADAUSDT,1738137600000,0.0001
ADAUSDT,1738166400000,0.00009633
ADAUSDT,1738195200000,0.00006931
ADAUSDT,1738224000000,0.0001
ADAUSDT,1738252800000,0.0001
ADAUSDT,1738281600000,0.0001
ADAUSDT,1738310400000,0.00001229
ADAUSDT,1738339200000,0.0001
ADAUSDT,1738368000000,0.0001
ADAUSDT,1738396800000,0.0001
ADAUSDT,1738425600000,0.00002747
ADAUSDT,1738454400001,-0.00003462
ADAUSDT,1738483200000,0.00000348
ADAUSDT,1738512000000,0.00005428
ADAUSDT,1738540800000,-0.00008452
ADAUSDT,1738569600000,-0.00025831
ADAUSDT,1738598400000,-0.00006716
ADAUSDT,1738627200000,-0.00022298
ADAUSDT,1738656000001,0.00000121
ADAUSDT,1738684800000,-0.00015847
ADAUSDT,1738713600001,0.00002739
ADAUSDT,1738742400001,-0.0000685
ADAUSDT,1738771200000,-0.00005189
ADAUSDT,1738800000001,0.00004362
ADAUSDT,1738828800001,0.00002883
ADAUSDT,1738857600000,0.00000473
ADAUSDT,1738886400000,-0.00003366
ADAUSDT,1738915200000,0.00003494
ADAUSDT,1738944000000,0.00004712
ADAUSDT,1738972800000,-0.00009935
ADAUSDT,1739001600000,0.00001836
ADAUSDT,1739030400000,-0.00004441
ADAUSDT,1739059200000,-0.00007288
ADAUSDT,1739088000000,0.00002431
ADAUSDT,1739116800000,-0.00011525
ADAUSDT,1739145600000,-0.00015224
ADAUSDT,1739174400000,0.00007579
ADAUSDT,1739203200000,0.00009755
ADAUSDT,1739232000000,0.0000008
ADAUSDT,1739260800000,0.00008938
ADAUSDT,1739289600000,0.0001
ADAUSDT,1739318400000,-0.00001894
ADAUSDT,1739347200000,0.00005897
ADAUSDT,1739376000001,0.00007122
ADAUSDT,1739404800001,-0.00003432
ADAUSDT,1739433600000,-0.00009974
ADAUSDT,1739462400001,-0.00003732
ADAUSDT,1739491200000,0.00006584
ADAUSDT,1739520000001,-0.00000589
ADAUSDT,1739548800000,-0.00006214
ADAUSDT,1739577600000,-0.00010059
ADAUSDT,1739606400000,0.00003624
ADAUSDT,1739635200000,-0.00005517
ADAUSDT,1739664000000,0.00004371
ADAUSDT,1739692800000,-0.00002426
ADAUSDT,1739721600000,-0.00004553
ADAUSDT,1739750400000,0.00002583
ADAUSDT,1739779200000,0.0001
ADAUSDT,1739808000000,0.0001
ADAUSDT,1739836800000,0.00008781
ADAUSDT,1739865600000,-0.00006133
ADAUSDT,1739894400000,0.00000901
ADAUSDT,1739923200000,-0.00012793
ADAUSDT,1739952000000,-0.00012198
ADAUSDT,1739980800000,0.00006845
ADAUSDT,1740009600000,0.00001986
ADAUSDT,1740038400000,0.0001
ADAUSDT,1740067200000,0.0001
ADAUSDT,1740096000001,0.0001
ADAUSDT,1740124800000,0.0001
ADAUSDT,1740153600000,0.00008834
ADAUSDT,1740182400000,0.00004827
ADAUSDT,1740211200000,-0.00007071
ADAUSDT,1740240000000,-0.00002659
ADAUSDT,1740268800000,0.00003983
ADAUSDT,1740297600000,0.00003951
ADAUSDT,1740326400000,0.00003031
ADAUSDT,1740355200000,-0.00004143
ADAUSDT,1740384000000,-0.00010048
ADAUSDT,1740412800000,0.00000658
ADAUSDT,1740441600000,0.0001
ADAUSDT,1740470400000,0.00002211
ADAUSDT,1740499200000,0.00002884
ADAUSDT,1740528000000,-0.00006269
ADAUSDT,1740556800000,0.00005621
ADAUSDT,1740585600000,0.0001
ADAUSDT,1740614400001,0.00007903
ADAUSDT,1740643200000,0.00004191
ADAUSDT,1740672000000,0.0001
ADAUSDT,1740700800001,-0.00004588
ADAUSDT,1740729600000,0.00009046
ADAUSDT,1740758400000,0.00001721
ADAUSDT,1740787200000,0.0001
ADAUSDT,1740816000000,0.00003054
ADAUSDT,1740844800001,0.0001
ADAUSDT,1740873600000,0.00009668
ADAUSDT,1740902400000,0.0001
ADAUSDT,1740931200000,0.0001
ADAUSDT,1740960000001,0.0001
ADAUSDT,1740988800000,0.0001
ADAUSDT,1741017600000,-0.00004117
ADAUSDT,1741046400001,0.00003914
ADAUSDT,1741075200005,-0.00020039
ADAUSDT,1741104000000,-0.00020931
ADAUSDT,1741132800000,0.00000329
ADAUSDT,1741161600000,-0.00002716
ADAUSDT,1741190400000,0.00001619
ADAUSDT,1741219200000,-0.00001339
ADAUSDT,1741248000001,-0.00010586
ADAUSDT,1741276800000,-0.00017064
ADAUSDT,1741305600000,-0.00019528
ADAUSDT,1741334400001,-0.00033448
ADAUSDT,1741363200000,-0.00020666
ADAUSDT,1741392000000,-0.00024044
ADAUSDT,1741420800001,0.00004124
ADAUSDT,1741449600001,0.00005464
ADAUSDT,1741478400001,-0.00006223
ADAUSDT,1741507200000,0.00005698
ADAUSDT,1741536000000,0.0000448
ADAUSDT,1741564800000,-0.00013212
ADAUSDT,1741593600000,-0.00014438
ADAUSDT,1741622400000,-0.00009983
ADAUSDT,1741651200000,0.00004761
ADAUSDT,1741680000000,-0.0000751
ADAUSDT,1741708800001,0.0001
ADAUSDT,1741737600000,-0.00018219
ADAUSDT,1741766400000,-0.00012141
ADAUSDT,1741795200001,-0.00012427
ADAUSDT,1741824000000,-0.00011714
ADAUSDT,1741852800000,-0.00017501
ADAUSDT,1741881600000,-0.00010175
ADAUSDT,1741910400000,-0.00009409
ADAUSDT,1741939200000,-0.0001773
ADAUSDT,1741968000000,0.00006909
ADAUSDT,1741996800000,0.0001
ADAUSDT,1742025600000,0.00002227
ADAUSDT,1742054400000,0.00008098
ADAUSDT,1742083200000,0.00000662
ADAUSDT,1742112000000,-0.00006998
ADAUSDT,1742140800000,-0.0002682
ADAUSDT,1742169600000,-0.00033175
ADAUSDT,1742198400000,-0.00005357
ADAUSDT,1742227200000,0.00005408
ADAUSDT,1742256000000,-0.00003282
ADAUSDT,1742284800000,-0.0001023
ADAUSDT,1742313600000,-0.00014266
ADAUSDT,1742342400000,-0.00018086
ADAUSDT,1742371200000,0.00009719
ADAUSDT,1742400000000,0.0001
ADAUSDT,1742428800000,0.0001
ADAUSDT,1742457600000,0.00007247
ADAUSDT,1742486400000,0.0000732
ADAUSDT,1742515200000,-0.00010852
ADAUSDT,1742544000000,-0.00016993
ADAUSDT,1742572800000,-0.00007378
ADAUSDT,1742601600000,-0.00008423
ADAUSDT,1742630400004,-0.00003415
ADAUSDT,1742659200000,-0.00016908
ADAUSDT,1742688000000,-0.00017896
ADAUSDT,1742716800000,0.0001
ADAUSDT,1742745600000,0.0000528
ADAUSDT,1742774400000,-0.00011597
ADAUSDT,1742803200000,0.0001
ADAUSDT,1742832000000,0.0001
ADAUSDT,1742860800001,0.0001
ADAUSDT,1742889600000,0.0001
ADAUSDT,1742918400000,0.0001
ADAUSDT,1742947200000,0.00004068
ADAUSDT,1742976000000,0.00001454
ADAUSDT,1743004800001,0.0001
ADAUSDT,1743033600001,-0.00013556
ADAUSDT,1743062400001,0.00006782
ADAUSDT,1743091200002,0.00007146
ADAUSDT,1743120000001,0.0001
ADAUSDT,1743148800001,-0.00009233
ADAUSDT,1743177600000,-0.00017243
ADAUSDT,1743206400000,-0.000033
ADAUSDT,1743235200000,0.00003439
ADAUSDT,1743264000000,-0.0001383
ADAUSDT,1743292800000,-0.00011502
ADAUSDT,1743321600000,0.00001133
ADAUSDT,1743350400000,0.00007265
ADAUSDT,1743379200000,-0.0001654
ADAUSDT,1743408000000,-0.00006735
ADAUSDT,1743436800000,-0.00008993
ADAUSDT,1743465600000,0.00004642
ADAUSDT,1743494400001,-0.00014119
ADAUSDT,1743523200000,0.00006872
ADAUSDT,1743552000001,0.00000342
ADAUSDT,1743580800000,0.0001
ADAUSDT,1743609600000,-0.00004806
ADAUSDT,1743638400000,0.00000371
ADAUSDT,1743667200000,-0.00016544
ADAUSDT,1743696000000,-0.00021893
ADAUSDT,1743724800000,-0.00005315
ADAUSDT,1743753600000,0.00000153
ADAUSDT,1743782400000,-0.00002386
ADAUSDT,1743811200000,0.0001
ADAUSDT,1743840000000,0.0001
ADAUSDT,1743868800000,0.00005254
ADAUSDT,1743897600000,0.00003423
ADAUSDT,1743926400000,-0.00000933
ADAUSDT,1743955200002,-0.00017222
ADAUSDT,1743984000000,-0.00008321
ADAUSDT,1744012800000,0.00005387
ADAUSDT,1744041600000,-0.00001296
ADAUSDT,1744070400000,-0.0000318
ADAUSDT,1744099200000,-0.00000798
ADAUSDT,1744128000000,0.00001716
ADAUSDT,1744156800000,-0.00001644
ADAUSDT,1744185600001,-0.00011734
ADAUSDT,1744214400000,0.00006695
ADAUSDT,1744243200000,0.0001
ADAUSDT,1744272000000,0.00003193
ADAUSDT,1744300800000,-0.00008019
ADAUSDT,1744329600001,-0.00015954
ADAUSDT,1744358400000,0.00007927
ADAUSDT,1744387200000,0.0001
ADAUSDT,1744416000000,0.0001
ADAUSDT,1744444800001,0.00003542
ADAUSDT,1744473600000,0.00008378
ADAUSDT,1744502400000,0.00006442
ADAUSDT,1744531200000,0.00001683
ADAUSDT,1744560000000,0.00005244
ADAUSDT,1744588800000,0.00005464
ADAUSDT,1744617600000,-0.00005254
ADAUSDT,1744646400000,-0.00000988
ADAUSDT,1744675200000,-0.00014075
ADAUSDT,1744704000000,0.00005348
ADAUSDT,1744732800001,-0.00010771
ADAUSDT,1744761600000,-0.0001416
ADAUSDT,1744790400000,-0.00009836
ADAUSDT,1744819200000,-0.00009207
ADAUSDT,1744848000001,-0.00002048
ADAUSDT,1744876800000,0.00006643
ADAUSDT,1744905600001,0.00005965
ADAUSDT,1744934400000,0.00003812
ADAUSDT,1744963200000,-0.00009568
ADAUSDT,1744992000000,-0.00012768
ADAUSDT,1745020800000,0.0001
ADAUSDT,1745049600000,0.0001
ADAUSDT,1745078400000,-0.00001977
ADAUSDT,1745107200000,0.00008688
ADAUSDT,1745136000000,0.0001
ADAUSDT,1745164800000,-0.0001989
ADAUSDT,1745193600000,0.0000091
ADAUSDT,1745222400005,0.0001
ADAUSDT,1745251200003,0.0001
ADAUSDT,1745280000008,-0.0001653
ADAUSDT,1745308800000,-0.00003138
ADAUSDT,1745337600000,0.0001
ADAUSDT,1745366400000,0.0001
ADAUSDT,1745395200002,0.0001
ADAUSDT,1745424000000,0.0001
ADAUSDT,1745452800000,0.0001
ADAUSDT,1745481600001,0.0001
ADAUSDT,1745510400001,0.0001
ADAUSDT,1745539200007,0.0001
ADAUSDT,1745568000002,-0.00001212
ADAUSDT,1745596800003,-0.00003421
ADAUSDT,1745625600002,0.00006683
ADAUSDT,1745654400000,0.0001
ADAUSDT,1745683200002,-0.00004972
ADAUSDT,1745712000001,-0.00003958
ADAUSDT,1745740800000,0.00009559
ADAUSDT,1745769600000,0.00001865
ADAUSDT,1745798400001,0.0001
ADAUSDT,1745827200003,0.0001
ADAUSDT,1745856000005,0.00003314
ADAUSDT,1745884800000,0.00000456
ADAUSDT,1745913600000,0.0001
ADAUSDT,1745942400010,0.0001
ADAUSDT,1745971200001,-0.00009175
ADAUSDT,1746000000000,-0.00010152
ADAUSDT,1746028800003,-0.0001335
ADAUSDT,1746057600000,-0.00001999
ADAUSDT,1746086400000,-0.00001043
ADAUSDT,1746115200001,0.0001
ADAUSDT,1746144000000,0.0001
ADAUSDT,1746172800000,0.00005141
ADAUSDT,1746201600003,0.00008895
ADAUSDT,1746230400000,-0.00013479
ADAUSDT,1746259200000,0.00008264
ADAUSDT,1746288000000,0.0001
ADAUSDT,1746316800001,-0.00002987
ADAUSDT,1746345600001,-0.00009596
ADAUSDT,1746374400002,-0.00023499
ADAUSDT,1746403200000,-0.00012825
ADAUSDT,1746432000000,-0.00003318
ADAUSDT,1746460800006,-0.00020368
ADAUSDT,1746489600002,-0.00008021
ADAUSDT,1746518400005,0.00000514
ADAUSDT,1746547200000,0.00005988
ADAUSDT,1746576000002,0.00008584
ADAUSDT,1746604800000,0.00009589
ADAUSDT,1746633600006,-0.00001492
ADAUSDT,1746662400000,-0.00002269
ADAUSDT,1746691200001,0.0001
ADAUSDT,1746720000002,0.0001
ADAUSDT,1746748800001,0.0001
ADAUSDT,1746777600006,0.0001
ADAUSDT,1746806400000,0.0001
ADAUSDT,1746835200001,0.0001
ADAUSDT,1746864000000,0.0001
ADAUSDT,1746892800001,0.0001
ADAUSDT,1746921600000,0.0001
ADAUSDT,1746950400001,0.0001
ADAUSDT,1746979200001,0.00004437
ADAUSDT,1747008000004,0.0001
ADAUSDT,1747036800000,0.0001
ADAUSDT,1747065600000,0.0001
ADAUSDT,1747094400000,0.0000742
ADAUSDT,1747123200008,0.00000093
ADAUSDT,1747152000001,0.00009823
ADAUSDT,1747180800007,0.0001
ADAUSDT,1747209600000,0.0001
ADAUSDT,1747238400002,0.0001
ADAUSDT,1747267200000,0.00003983
ADAUSDT,1747296000003,0.00003534
ADAUSDT,1747324800000,-0.00002042
ADAUSDT,1747353600001,0.00007633
ADAUSDT,1747382400000,0.0001
ADAUSDT,1747411200000,0.00005676
ADAUSDT,1747440000000,-0.00000648
ADAUSDT,1747468800001,0.0001
ADAUSDT,1747497600004,0.0001
ADAUSDT,1747526400000,0.00000615
ADAUSDT,1747555200000,0.00008696
ADAUSDT,1747584000000,0.00007151
ADAUSDT,1747612800000,-0.00010663
ADAUSDT,1747641600006,-0.00019349
ADAUSDT,1747670400010,0.00001584
ADAUSDT,1747699200000,0.0001
ADAUSDT,1747728000002,0.0001
ADAUSDT,1747756800000,-0.000057
ADAUSDT,1747785600000,0.0001
ADAUSDT,1747814400001,0.0001
ADAUSDT,1747843200004,0.00008611
ADAUSDT,1747872000001,0.0001
ADAUSDT,1747900800000,0.0001
ADAUSDT,1747929600002,0.0001
ADAUSDT,1747958400006,0.0001
ADAUSDT,1747987200000,0.0001
ADAUSDT,1748016000007,0.0001
ADAUSDT,1748044800010,0.00002443
ADAUSDT,1748073600000,-0.00003759
ADAUSDT,1748102400003,-0.00007924
ADAUSDT,1748131200004,-0.0000497
ADAUSDT,1748160000000,0.00000531
ADAUSDT,1748188800000,0.00001562
ADAUSDT,1748217600000,0.00001811
ADAUSDT,1748246400000,0.00000167
ADAUSDT,1748275200002,0.0001
ADAUSDT,1748304000003,0.0000449
ADAUSDT,1748332800001,0.00009283
ADAUSDT,1748361600005,0.0001
ADAUSDT,1748390400002,0.0001
ADAUSDT,1748419200003,-0.00014042
ADAUSDT,1748448000002,0.0001
ADAUSDT,1748476800000,0.00007253
ADAUSDT,1748505600006,0.00008574
ADAUSDT,1748534400000,0.00003768
ADAUSDT,1748563200003,-0.00017634
ADAUSDT,1748592000003,-0.00012609
ADAUSDT,1748620800000,0.00002207
ADAUSDT,1748649600000,-0.0000011
ADAUSDT,1748678400000,-0.00006246
ADAUSDT,1748707200000,-0.00005957
ADAUSDT,1748736000001,0.0001
ADAUSDT,1748764800002,-0.00003324
ADAUSDT,1748793600000,-0.00010894
ADAUSDT,1748822400001,0.0001
ADAUSDT,1748851200000,0.0001
ADAUSDT,1748880000000,0.00000074
ADAUSDT,1748908800000,0.0001
ADAUSDT,1748937600000,0.0001
ADAUSDT,1748966400001,-0.0000208
ADAUSDT,1748995200000,-0.00002841
ADAUSDT,1749024000000,0.0001
ADAUSDT,1749052800000,-0.00000738
ADAUSDT,1749081600016,-0.0001022
ADAUSDT,1749110400000,0.00007032
ADAUSDT,1749139200000,0.0001
ADAUSDT,1749168000002,-0.00020547
ADAUSDT,1749196800000,-0.00022509
ADAUSDT,1749225600006,0.0001
ADAUSDT,1749254400000,0.0001
ADAUSDT,1749283200000,-0.00000494
ADAUSDT,1749312000002,0.0001
ADAUSDT,1749340800000,0.0001
ADAUSDT,1749369600000,0.000089
ADAUSDT,1749398400000,0.00003562
ADAUSDT,1749427200000,0.0001
ADAUSDT,1749456000001,-0.00002474
ADAUSDT,1749484800001,0.0001
ADAUSDT,1749513600000,0.0001
ADAUSDT,1749542400001,0.0001
ADAUSDT,1749571200003,0.00005223
ADAUSDT,1749600000000,0.0001
ADAUSDT,1749628800000,0.0001
ADAUSDT,1749657600010,0.0001
ADAUSDT,1749686400002,0.0001
ADAUSDT,1749715200003,0.00008251
ADAUSDT,1749744000001,-0.00005392
ADAUSDT,1749772800000,-0.00005741
ADAUSDT,1749801600001,-0.0002986
ADAUSDT,1749830400004,-0.00001096
ADAUSDT,1749859200000,0.00009362
ADAUSDT,1749888000000,-0.00000372
ADAUSDT,1749916800000,0.0000178
ADAUSDT,1749945600005,-0.00009117
ADAUSDT,1749974400009,-0.00002795
ADAUSDT,1750003200000,0.00003582
ADAUSDT,1750032000000,0.00001583
ADAUSDT,1750060800000,0.0000622
ADAUSDT,1750089600003,0.0001
ADAUSDT,1750118400000,0.0001
ADAUSDT,1750147200006,0.0001
ADAUSDT,1750176000001,-0.00008314
ADAUSDT,1750204800001,0.0001
ADAUSDT,1750233600001,0.00006698
ADAUSDT,1750262400001,0.00006216
ADAUSDT,1750291200005,0.0001
ADAUSDT,1750320000003,0.0001
ADAUSDT,1750348800000,0.00007548
ADAUSDT,1750377600000,0.0001
ADAUSDT,1750406400002,0.0000737
ADAUSDT,1750435200001,0.00001696
ADAUSDT,1750464000002,0.0000595
ADAUSDT,1750492800005,0.0001
ADAUSDT,1750521600000,0.0001
ADAUSDT,1750550400005,0.00004896
ADAUSDT,1750579200000,0.00007729
ADAUSDT,1750608000003,0.00009088
ADAUSDT,1750636800000,-0.00005763
ADAUSDT,1750665600004,0.00002615
ADAUSDT,1750694400013,0.000023
ADAUSDT,1750723200003,0.0000247
ADAUSDT,1750752000000,0.00004229
ADAUSDT,1750780800000,-0.0000482
ADAUSDT,1750809600005,0.00000777
ADAUSDT,1750838400000,0.00000552
ADAUSDT,1750867200005,0.00001878
ADAUSDT,1750896000000,-0.00001518
ADAUSDT,1750924800006,0.00002973
ADAUSDT,1750953600007,0.00004775
ADAUSDT,1750982400000,-0.00003965
ADAUSDT,1751011200000,0.00003302
ADAUSDT,1751040000009,-0.00009618
ADAUSDT,1751068800001,0.0001
ADAUSDT,1751097600002,0.00004293
ADAUSDT,1751126400000,0.00002012
ADAUSDT,1751155200004,0.00001566
ADAUSDT,1751184000001,0.00003545
ADAUSDT,1751212800001,0.00005044
ADAUSDT,1751241600000,0.0001
ADAUSDT,1751270400005,-0.00005164
ADAUSDT,1751299200002,-0.00002251
ADAUSDT,1751328000007,0.0001
ADAUSDT,1751356800002,-0.00005567
ADAUSDT,1751385600000,-0.00016549
ADAUSDT,1751414400001,-0.00020049
ADAUSDT,1751443200000,0.00001355
ADAUSDT,1751472000003,0.0001
ADAUSDT,1751500800006,0.0001
ADAUSDT,1751529600003,0.0001
ADAUSDT,1751558400003,0.0001
ADAUSDT,1751587200005,0.0000543
ADAUSDT,1751616000003,0.0001
ADAUSDT,1751644800001,-0.0000052
ADAUSDT,1751673600004,-0.00006791
ADAUSDT,1751702400009,-0.0000026
ADAUSDT,1751731200006,0.00004171
ADAUSDT,1751760000001,0.00003638
ADAUSDT,1751788800002,0.00000244
ADAUSDT,1751817600004,0.0001
ADAUSDT,1751846400000,0.0001
ADAUSDT,1751875200007,0.0001
ADAUSDT,1751904000000,0.0001
ADAUSDT,1751932800010,0.00009967
ADAUSDT,1751961600003,0.00002744
ADAUSDT,1751990400000,0.0001
ADAUSDT,1752019200002,0.0001
ADAUSDT,1752048000006,0.0001
ADAUSDT,1752076800001,0.0001
ADAUSDT,1752105600003,0.0001
ADAUSDT,1752134400000,0.0001
ADAUSDT,1752163200004,0.0001
ADAUSDT,1752192000004,0.0001
ADAUSDT,1752220800007,0.0001
ADAUSDT,1752249600001,0.0001
ADAUSDT,1752278400000,0.0001
ADAUSDT,1752307200001,0.0001
ADAUSDT,1752336000002,0.0001
ADAUSDT,1752364800006,0.0001
ADAUSDT,1752393600001,0.00008892
ADAUSDT,1752422400003,0.0001
ADAUSDT,1752451200000,0.0001
ADAUSDT,1752480000000,0.0001
ADAUSDT,1752508800000,0.0001
ADAUSDT,1752537600002,0.0001
ADAUSDT,1752566400000,0.0001
ADAUSDT,1752595200000,0.0001
ADAUSDT,1752624000000,0.0001
ADAUSDT,1752652800000,0.0001
ADAUSDT,1752681600008,0.0001
ADAUSDT,1752710400003,0.0001
ADAUSDT,1752739200000,0.0001
ADAUSDT,1752768000000,0.0001
ADAUSDT,1752796800004,0.0001
ADAUSDT,1752825600000,0.0001
ADAUSDT,1752854400000,0.0001
ADAUSDT,1752883200009,0.0001
ADAUSDT,1752912000000,0.0001
ADAUSDT,1752940800002,0.0001
ADAUSDT,1752969600000,0.0001
ADAUSDT,1752998400000,0.0001
ADAUSDT,1753027200000,0.0001
ADAUSDT,1753056000001,0.0001
ADAUSDT,1753084800000,0.0001
ADAUSDT,1753113600001,0.0001
ADAUSDT,1753142400000,0.0001
ADAUSDT,1753171200010,0.0001
ADAUSDT,1753200000007,0.0001
ADAUSDT,1753228800000,0.0001
ADAUSDT,1753257600004,0.0001
ADAUSDT,1753286400002,0.0001
ADAUSDT,1753315200000,0.0001
ADAUSDT,1753344000001,0.0001
ADAUSDT,1753372800000,0.0001
ADAUSDT,1753401600000,0.0001
ADAUSDT,1753430400000,0.0001
ADAUSDT,1753459200000,0.0001
ADAUSDT,1753488000001,0.0001
ADAUSDT,1753516800005,0.0001
ADAUSDT,1753545600001,0.0001
ADAUSDT,1753574400001,0.0001
ADAUSDT,1753603200000,0.0001
ADAUSDT,1753632000008,0.0001
ADAUSDT,1753660800005,0.0001
ADAUSDT,1753689600000,0.0001
ADAUSDT,1753718400000,0.0001
ADAUSDT,1753747200001,0.0001
ADAUSDT,1753776000000,0.00002931
ADAUSDT,1753804800000,0.00008864
ADAUSDT,1753833600011,0.00004883
ADAUSDT,1753862400000,0.0000464
ADAUSDT,1753891200008,0.0000643
ADAUSDT,1753920000000,0.0001
ADAUSDT,1753948800009,0.0001
ADAUSDT,1753977600000,0.00006453
ADAUSDT,1754006400001,0.00000859
ADAUSDT,1754035200003,0.00008969
ADAUSDT,1754064000000,0.00008208
ADAUSDT,1754092800004,0.0001
ADAUSDT,1754121600000,0.00004815
ADAUSDT,1754150400000,0.00004137
ADAUSDT,1754179200000,0.00006397
ADAUSDT,1754208000000,0.00003076
ADAUSDT,1754236800003,0.0001
ADAUSDT,1754265600004,0.0001
ADAUSDT,1754294400000,0.0000307
ADAUSDT,1754323200002,0.00004919
ADAUSDT,1754352000000,0.0000998
ADAUSDT,1754380800000,0.0001
ADAUSDT,1754409600000,0.00006132
ADAUSDT,1754438400005,0.00006815
ADAUSDT,1754467200000,0.00008894
ADAUSDT,1754496000000,0.00003266
ADAUSDT,1754524800003,0.0001
ADAUSDT,1754553600002,0.0001
ADAUSDT,1754582400002,0.0001
ADAUSDT,1754611200002,0.0001
ADAUSDT,1754640000004,0.0001
ADAUSDT,1754668800000,0.0001
ADAUSDT,1754697600005,0.0001
ADAUSDT,1754726400000,0.0001
ADAUSDT,1754755200007,0.00008394
ADAUSDT,1754784000003,0.0001
ADAUSDT,1754812800005,0.00007679
ADAUSDT,1754841600002,0.0000496
ADAUSDT,1754870400000,0.0001
ADAUSDT,1754899200000,0.0001
ADAUSDT,1754928000000,-0.00001252
ADAUSDT,1754956800000,-0.0000555
ADAUSDT,1754985600001,0.00009014
ADAUSDT,1755014400005,0.00005161
ADAUSDT,1755043200000,0.0001
ADAUSDT,1755072000002,0.0001
ADAUSDT,1755100800006,0.0001
ADAUSDT,1755129600002,0.0001
ADAUSDT,1755158400003,0.00010205
ADAUSDT,1755187200000,0.0001
ADAUSDT,1755216000000,0.0001
ADAUSDT,1755244800000,0.0001
ADAUSDT,1755273600000,0.0001
ADAUSDT,1755302400004,0.0001
ADAUSDT,1755331200000,0.00006395
ADAUSDT,1755360000002,-0.00007391
ADAUSDT,1755388800000,0.00003097
ADAUSDT,1755417600001,0.0001
ADAUSDT,1755446400007,0.0001
ADAUSDT,1755475200000,0.0001
ADAUSDT,1755504000001,0.00003409
ADAUSDT,1755532800002,-0.00003441
ADAUSDT,1755561600000,0.0001
ADAUSDT,1755590400001,0.0001
ADAUSDT,1755619200000,0.00006683
ADAUSDT,1755648000000,-0.00005217
ADAUSDT,1755676800000,-0.00020156
ADAUSDT,1755705600000,0.00005179
ADAUSDT,1755734400006,0.0001
ADAUSDT,1755763200000,0.0001
ADAUSDT,1755792000003,0.0001
ADAUSDT,1755820800010,0.0001
ADAUSDT,1755849600007,0.00004249
ADAUSDT,1755878400001,0.00005341
ADAUSDT,1755907200004,0.0001
ADAUSDT,1755936000006,0.0001
ADAUSDT,1755964800000,0.0001
ADAUSDT,1755993600001,0.0001
ADAUSDT,1756022400002,0.0001
ADAUSDT,1756051200001,0.0001
ADAUSDT,1756080000000,0.0001
ADAUSDT,1756108800002,0.0001
ADAUSDT,1756137600002,-0.00008855
ADAUSDT,1756166400000,-0.00013591
ADAUSDT,1756195200000,-0.00010281
ADAUSDT,1756224000000,0.00001187
ADAUSDT,1756252800003,0.0001
ADAUSDT,1756281600000,0.0001
ADAUSDT,1756310400009,0.00006006
ADAUSDT,1756339200000,0.00006554
ADAUSDT,1756368000005,0.0001
ADAUSDT,1756396800004,0.0001
ADAUSDT,1756425600000,0.00001392
ADAUSDT,1756454400000,0.00002051
ADAUSDT,1756483200005,0.00004241
ADAUSDT,1756512000000,0.0001
ADAUSDT,1756540800002,0.0001
ADAUSDT,1756569600003,0.00007514
ADAUSDT,1756598400016,0.0000149
ADAUSDT,1756627200000,0.0001
ADAUSDT,1756656000001,0.0001
ADAUSDT,1756684800000,0.00002908
ADAUSDT,1756713600000,0.00007091
ADAUSDT,1756742400001,0.0001
ADAUSDT,1756771200000,-0.000035
ADAUSDT,1756800000005,0.0001
ADAUSDT,1756828800007,0.0001
ADAUSDT,1756857600006,0.0001
ADAUSDT,1756886400002,0.0001
ADAUSDT,1756915200002,0.0001
ADAUSDT,1756944000002,0.0001
ADAUSDT,1756972800000,0.0000568
ADAUSDT,1757001600000,0.00002112
ADAUSDT,1757030400001,0.0000423
ADAUSDT,1757059200006,0.0001
ADAUSDT,1757088000000,0.0001
ADAUSDT,1757116800000,0.0001
ADAUSDT,1757145600005,0.0001
ADAUSDT,1757174400000,0.0001
ADAUSDT,1757203200000,0.00009016
ADAUSDT,1757232000000,0.0001
ADAUSDT,1757260800000,0.0001
ADAUSDT,1757289600007,0.0001
ADAUSDT,1757318400000,0.0001
ADAUSDT,1757347200000,0.0001
ADAUSDT,1757376000000,0.0001
ADAUSDT,1757404800000,0.0001
ADAUSDT,1757433600000,0.0001
ADAUSDT,1757462400000,0.0001
ADAUSDT,1757491200002,0.0001
ADAUSDT,1757520000000,0.0001
ADAUSDT,1757548800000,0.0001
ADAUSDT,1757577600000,0.0001
ADAUSDT,1757606400001,0.0001
ADAUSDT,1757635200002,0.0001
ADAUSDT,1757664000001,0.0001
ADAUSDT,1757692800005,0.00003233
ADAUSDT,1757721600005,0.0001
ADAUSDT,1757750400002,0.0001
ADAUSDT,1757779200000,0.0001
ADAUSDT,1757808000006,0.0001
ADAUSDT,1757836800000,0.0001
ADAUSDT,1757865600001,0.00004436
ADAUSDT,1757894400006,0.00002345
ADAUSDT,1757923200002,0.00004388
ADAUSDT,1757952000001,0.00000614
ADAUSDT,1757980800001,0.00002346
ADAUSDT,1758009600000,0.00006207
ADAUSDT,1758038400000,0.00004042
ADAUSDT,1758067200001,0.00007938
ADAUSDT,1758096000000,0.00009809
ADAUSDT,1758124800003,0.00004162
ADAUSDT,1758153600006,0.0001
ADAUSDT,1758182400002,0.0001
ADAUSDT,1758211200000,0.0001
ADAUSDT,1758240000000,0.0001
ADAUSDT,1758268800005,0.0001
ADAUSDT,1758297600000,0.0001
ADAUSDT,1758326400000,0.00005131
ADAUSDT,1758355200000,0.00002828
ADAUSDT,1758384000002,0.0000459
ADAUSDT,1758412800000,0.00003007
ADAUSDT,1758441600000,0.0001
ADAUSDT,1758470400000,-0.00000901
ADAUSDT,1758499200005,0.00005797
ADAUSDT,1758528000003,-0.00003263
ADAUSDT,1758556800000,-0.00001067
ADAUSDT,1758585600000,0.00004244
ADAUSDT,1758614400001,-0.00000581
ADAUSDT,1758643200000,-0.00000339
ADAUSDT,1758672000003,0.00006059
ADAUSDT,1758700800001,0.0001
ADAUSDT,1758729600002,0.000089
ADAUSDT,1758758400000,0.00003837
ADAUSDT,1758787200001,0.00003223
ADAUSDT,1758816000000,0.0001
ADAUSDT,1758844800000,0.0001
ADAUSDT,1758873600000,0.0001
ADAUSDT,1758902400008,0.0001
ADAUSDT,1758931200000,0.0001
ADAUSDT,1758960000010,0.0001
ADAUSDT,1758988800003,0.0001
ADAUSDT,1759017600000,0.0001
ADAUSDT,1759046400000,0.0001
ADAUSDT,1759075200000,0.00008914
ADAUSDT,1759104000000,0.0001
ADAUSDT,1759132800002,0.0001
ADAUSDT,1759161600001,0.00006437
ADAUSDT,1759190400002,0.0001
ADAUSDT,1759219200005,0.00004684
ADAUSDT,1759248000000,0.00005281
ADAUSDT,1759276800000,0.0001
ADAUSDT,1759305600000,0.0001
ADAUSDT,1759334400000,0.0001
ADAUSDT,1759363200000,0.0001
ADAUSDT,1759392000013,0.0001
ADAUSDT,1759420800000,0.0001
ADAUSDT,1759449600006,0.0001
ADAUSDT,1759478400006,0.0001
ADAUSDT,1759507200000,0.00002818
ADAUSDT,1759536000001,0.0001
ADAUSDT,1759564800000,0.0001
ADAUSDT,1759593600000,0.00007805
ADAUSDT,1759622400000,0.0001
ADAUSDT,1759651200003,0.0001
ADAUSDT,1759680000009,0.0001
ADAUSDT,1759708800004,-0.00005528
ADAUSDT,1759737600002,0.00006061
ADAUSDT,1759766400004,0.0001
ADAUSDT,1759795200000,0.0001
ADAUSDT,1759824000003,0.0001
ADAUSDT,1759852800000,0.0001
ADAUSDT,1759881600000,0.0001
ADAUSDT,1759910400006,0.00002874
ADAUSDT,1759939200002,0.00004566
ADAUSDT,1759968000001,0.0001
ADAUSDT,1759996800000,0.00008493
ADAUSDT,1760025600000,0.00000015
ADAUSDT,1760054400005,0.0001
ADAUSDT,1760083200002,0.0001
ADAUSDT,1760112000014,0.0001
ADAUSDT,1760140800000,-0.00033406
ADAUSDT,1760169600003,-0.00000943
ADAUSDT,1760198400000,-0.00007146
ADAUSDT,1760227200004,-0.00022211
ADAUSDT,1760256000002,-0.0001303
ADAUSDT,1760284800000,-0.00010481
ADAUSDT,1760313600003,-0.00012249
ADAUSDT,1760342400002,-0.00014495
ADAUSDT,1760371200003,0.00003021
ADAUSDT,1760400000000,0.00001269
ADAUSDT,1760428800000,0.0001
ADAUSDT,1760457600000,-0.00004402
ADAUSDT,1760486400006,0.0001
ADAUSDT,1760515200002,0.0001
ADAUSDT,1760544000000,0.00002018
ADAUSDT,1760572800000,0.00001601
ADAUSDT,1760601600003,0.00000461
ADAUSDT,1760630400002,0.000028
ADAUSDT,1760659200001,0.00001764
ADAUSDT,1760688000005,0.00005706
ADAUSDT,1760716800003,0.00001907
ADAUSDT,1760745600000,-0.00000243
ADAUSDT,1760774400002,0.00005486
ADAUSDT,1760803200001,0.00001876
ADAUSDT,1760832000001,0.0001
ADAUSDT,1760860800001,0.00004907
ADAUSDT,1760889600001,-0.00002661
ADAUSDT,1760918400004,-0.00000202
ADAUSDT,1760947200001,-0.00003754
ADAUSDT,1760976000000,0.00000689
ADAUSDT,1761004800009,0.00004442
ADAUSDT,1761033600000,0.00001533
ADAUSDT,1761062400000,0.00006338
ADAUSDT,1761091200004,0.00009385
ADAUSDT,1761120000000,-0.00004152
ADAUSDT,1761148800000,-0.00004232
ADAUSDT,1761177600000,0.00008438
ADAUSDT,1761206400001,-0.00002147
ADAUSDT,1761235200004,0.0000264
ADAUSDT,1761264000000,0.0001
ADAUSDT,1761292800000,0.00009498
ADAUSDT,1761321600009,0.00003034
ADAUSDT,1761350400000,0.0001
ADAUSDT,1761379200001,0.00005334
ADAUSDT,1761408000001,0.0000521
ADAUSDT,1761436800001,0.0001
ADAUSDT,1761465600001,0.000051
ADAUSDT,1761494400000,0.00009483
ADAUSDT,1761523200000,0.0001
ADAUSDT,1761552000005,0.00003779
ADAUSDT,1761580800000,0.00000337
ADAUSDT,1761609600000,0.00007255
ADAUSDT,1761638400000,0.00005407
ADAUSDT,1761667200004,-0.00002356
ADAUSDT,1761696000004,-0.00007757
ADAUSDT,1761724800005,-0.00007808
ADAUSDT,1761753600000,-0.00000577
ADAUSDT,1761782400004,0.0001
ADAUSDT,1761811200008,-0.00000445
ADAUSDT,1761840000001,-0.0000708
ADAUSDT,1761868800000,-0.00011848
ADAUSDT,1761897600008,-0.00004061
ADAUSDT,1761926400007,-0.00002026
ADAUSDT,1761955200001,0.00009727
ADAUSDT,1761984000000,0.00005591
ADAUSDT,1762012800000,0.00006352
ADAUSDT,1762041600007,0.0001
ADAUSDT,1762070400000,0.00006179
ADAUSDT,1762099200001,-0.00005269
ADAUSDT,1762128000000,-0.00004468
ADAUSDT,1762156800010,-0.00000281
ADAUSDT,1762185600000,0.0000475
ADAUSDT,1762214400002,0.0001
ADAUSDT,1762243200004,0.00007905
ADAUSDT,1762272000000,0.0001
ADAUSDT,1762300800000,0.0001
ADAUSDT,1762329600000,0.0001
ADAUSDT,1762358400004,0.00003275
ADAUSDT,1762387200001,0.00004603
ADAUSDT,1762416000000,0.00006061
ADAUSDT,1762444800001,0.00009629
ADAUSDT,1762473600005,0.0000748
ADAUSDT,1762502400003,0.0001
ADAUSDT,1762531200005,0.00004287
ADAUSDT,1762560000011,0.00006612
ADAUSDT,1762588800015,0.00005902
ADAUSDT,1762617600001,0.00005769
ADAUSDT,1762646400004,-0.00005327
ADAUSDT,1762675200000,0.00006948
ADAUSDT,1762704000005,-0.00001583
ADAUSDT,1762732800000,0.00005159
ADAUSDT,1762761600000,-0.00004036
ADAUSDT,1762790400003,-0.00000498
ADAUSDT,1762819200007,-0.00000399
ADAUSDT,1762848000000,0.00000895
ADAUSDT,1762876800009,0.0000562
ADAUSDT,1762905600000,0.00004108
ADAUSDT,1762934400002,-0.0000257
ADAUSDT,1762963200000,0.00004081
ADAUSDT,1762992000002,-0.00006117
ADAUSDT,1763020800000,0.00009402
ADAUSDT,1763049600001,0.0001
ADAUSDT,1763078400000,-0.00009716
ADAUSDT,1763107200000,0.0001
ADAUSDT,1763136000001,0.00006638
ADAUSDT,1763164800005,0.00004855
ADAUSDT,1763193600000,0.00001686
ADAUSDT,1763222400001,0.000059
ADAUSDT,1763251200001,-0.00002016
ADAUSDT,1763280000000,0.00006153
ADAUSDT,1763308800000,-0.00006708
ADAUSDT,1763337600003,0.0001
ADAUSDT,1763366400003,0.0001
ADAUSDT,1763395200000,0.0001
ADAUSDT,1763424000002,0.0001
ADAUSDT,1763452800004,0.0001
ADAUSDT,1763481600000,0.0001
ADAUSDT,1763510400000,0.0001
ADAUSDT,1763539200000,0.00008582
ADAUSDT,1763568000008,0.0001
ADAUSDT,1763596800000,0.0001
ADAUSDT,1763625600000,0.0001
ADAUSDT,1763654400000,0.0001
ADAUSDT,1763683200001,-0.00003503
ADAUSDT,1763712000000,0.0001
ADAUSDT,1763740800001,0.00008169
ADAUSDT,1763769600004,0.00002341
ADAUSDT,1763798400000,0.00008665
ADAUSDT,1763827200000,0.00005699
ADAUSDT,1763856000000,0.00007853
ADAUSDT,1763884800008,-0.00003593
ADAUSDT,1763913600003,0.00000531
ADAUSDT,1763942400004,-0.0000413
ADAUSDT,1763971200000,0.00001937
ADAUSDT,1764000000006,0.00005877
ADAUSDT,1764028800000,-0.00005023
ADAUSDT,1764057600009,0.0000128
ADAUSDT,1764086400007,-0.00001615
ADAUSDT,1764115200001,0.0001
ADAUSDT,1764144000001,0.0001
ADAUSDT,1764172800000,-0.00001346
ADAUSDT,1764201600013,0.0001
ADAUSDT,1764230400000,0.00009119
ADAUSDT,1764259200004,0.00002347
ADAUSDT,1764288000008,0.00005647
ADAUSDT,1764316800000,-0.00004268
ADAUSDT,1764345600008,0.00004557
ADAUSDT,1764374400000,-0.00004144
ADAUSDT,1764403200005,-0.00005381
ADAUSDT,1764432000001,0.0000316
ADAUSDT,1764460800003,0.00008837
ADAUSDT,1764489600000,0.00004039
ADAUSDT,1764518400004,0.0001
ADAUSDT,1764547200000,-0.00002026
ADAUSDT,1764576000004,-0.00009445
ADAUSDT,1764604800000,-0.00001903
ADAUSDT,1764633600004,-0.00006352
ADAUSDT,1764662400000,-0.00004338
ADAUSDT,1764691200000,0.00006803
ADAUSDT,1764720000000,0.0001
ADAUSDT,1764748800000,0.0001
ADAUSDT,1764777600005,0.00006716
ADAUSDT,1764806400012,0.00007858
ADAUSDT,1764835200000,0.0001
ADAUSDT,1764864000011,0.0001
ADAUSDT,1764892800000,0.00007712
ADAUSDT,1764921600000,0.0000621
ADAUSDT,1764950400010,0.00003216
ADAUSDT,1764979200001,-0.00003074
ADAUSDT,1765008000001,-0.00005778
ADAUSDT,1765036800008,-0.00003716
ADAUSDT,1765065600000,0.0000325
ADAUSDT,1765094400004,0.00005454
ADAUSDT,1765123200000,0.00000054
ADAUSDT,1765152000000,0.00001357
ADAUSDT,1765180800000,0.0000021
ADAUSDT,1765209600001,0.0001
ADAUSDT,1765238400001,0.0001
ADAUSDT,1765267200001,0.00005496
ADAUSDT,1765296000007,-0.0000633
ADAUSDT,1765324800007,0.0001
ADAUSDT,1765353600002,-0.00013122
ADAUSDT,1765382400012,-0.00014044
ADAUSDT,1765411200001,0.00005033
ADAUSDT,1765440000000,-0.00012464
ADAUSDT,1765468800000,0.00009257
ADAUSDT,1765497600005,-0.00004671
ADAUSDT,1765526400007,-0.00005776
ADAUSDT,1765555200002,-0.00001126
ADAUSDT,1765584000001,0.0000456
ADAUSDT,1765612800006,0.00004018
ADAUSDT,1765641600000,0.00007089
ADAUSDT,1765670400000,0.00002631
ADAUSDT,1765699200003,0.00006652
ADAUSDT,1765728000005,-0.0000087
ADAUSDT,1765756800000,0.00006695
ADAUSDT,1765785600000,0.00002637
ADAUSDT,1765814400000,0.00002137
ADAUSDT,1765843200002,-0.00006018
ADAUSDT,1765872000000,0.00006676
ADAUSDT,1765900800002,0.00004349
ADAUSDT,1765929600004,0.00002464
ADAUSDT,1765958400000,0.00001695
ADAUSDT,1765987200000,0.00005515
ADAUSDT,1766016000005,0.00000615
ADAUSDT,1766044800007,-0.00004232
ADAUSDT,1766073600001,0.00009972
ADAUSDT,1766102400000,0.00001622
ADAUSDT,1766131200001,0.00007078
ADAUSDT,1766160000000,0.0001
ADAUSDT,1766188800005,0.0001
ADAUSDT,1766217600000,0.00001324
ADAUSDT,1766246400002,0.00000174
ADAUSDT,1766275200000,0.0000938
ADAUSDT,1766304000009,0.00006522
ADAUSDT,1766332800000,-0.00009188
ADAUSDT,1766361600000,0.0000788
ADAUSDT,1766390400005,-0.00011901
ADAUSDT,1766419200009,-0.00002066
ADAUSDT,1766448000000,0.00008063
ADAUSDT,1766476800000,-0.00010795
ADAUSDT,1766505600001,0.00003345
ADAUSDT,1766534400001,0.0001
ADAUSDT,1766563200001,-0.00009862
ADAUSDT,1766592000000,-0.00001623
ADAUSDT,1766620800000,0.0001
ADAUSDT,1766649600001,0.00005999
ADAUSDT,1766678400005,-0.00020461
ADAUSDT,1766707200004,0.00007006
ADAUSDT,1766736000001,0.0001
ADAUSDT,1766764800007,0.00001789
ADAUSDT,1766793600000,0.00002087
ADAUSDT,1766822400000,0.0001
ADAUSDT,1766851200011,0.0001
ADAUSDT,1766880000008,0.0001
ADAUSDT,1766908800000,0.0001
ADAUSDT,1766937600000,0.0001
ADAUSDT,1766966400016,0.0001
ADAUSDT,1766995200001,0.0001
ADAUSDT,1767024000000,0.0001
ADAUSDT,1767052800005,-0.00005679
ADAUSDT,1767081600001,-0.00001905
ADAUSDT,1767110400003,0.00002655
ADAUSDT,1767139200004,-0.00009065
ADAUSDT,1767168000001,0.00007497
ADAUSDT,1767196800001,-0.00002629
ADAUSDT,1767225600008,-0.00019458
ADAUSDT,1767254400002,-0.00007317
ADAUSDT,1767283200001,0.00002799
ADAUSDT,1767312000006,0.0001
ADAUSDT,1767340800007,0.0001
ADAUSDT,1767369600000,0.0001
ADAUSDT,1767398400001,0.0001
ADAUSDT,1767427200000,0.0001
ADAUSDT,1767456000000,0.0001
ADAUSDT,1767484800000,0.0001
ADAUSDT,1767513600000,0.00009305
ADAUSDT,1767542400001,0.00009325
ADAUSDT,1767571200000,0.0001
ADAUSDT,1767600000000,0.00006088
ADAUSDT,1767628800000,0.0001
ADAUSDT,1767657600010,0.00004997
ADAUSDT,1767686400000,0.00001404
ADAUSDT,1767715200000,0.00003622
ADAUSDT,1767744000001,0.00003141
ADAUSDT,1767772800001,0.0001
ADAUSDT,1767801600001,0.00006491
ADAUSDT,1767830400001,0.0001
ADAUSDT,1767859200000,0.0001
ADAUSDT,1767888000000,0.00009088
ADAUSDT,1767916800003,0.00001628
ADAUSDT,1767945600000,0.0001
ADAUSDT,1767974400001,0.00004516
ADAUSDT,1768003200000,0.00007797
ADAUSDT,1768032000002,0.00002071
ADAUSDT,1768060800001,0.00007308
ADAUSDT,1768089600003,0.00007274
ADAUSDT,1768118400006,0.00009065
ADAUSDT,1768147200000,0.0001
ADAUSDT,1768176000005,-0.00006326
ADAUSDT,1768204800000,0.00002002
ADAUSDT,1768233600000,0.0000835
ADAUSDT,1768262400007,0.00007046
ADAUSDT,1768291200009,0.0001
ADAUSDT,1768320000002,0.0001
ADAUSDT,1768348800000,0.0001
ADAUSDT,1768377600001,0.0001
ADAUSDT,1768406400004,0.0001
ADAUSDT,1768435200000,0.0001
ADAUSDT,1768464000004,-0.00004203
ADAUSDT,1768492800002,-0.00001077
ADAUSDT,1768521600000,-0.00002129
ADAUSDT,1768550400000,0.00003324
ADAUSDT,1768579200001,-0.0001072
ADAUSDT,1768608000000,0.0001
ADAUSDT,1768636800000,0.0001
ADAUSDT,1768665600002,-0.00000302
ADAUSDT,1768694400001,0.0001
ADAUSDT,1768723200000,-0.0000325
ADAUSDT,1768752000000,-0.00003725
ADAUSDT,1768780800007,-0.00001696
ADAUSDT,1768809600007,-0.00002603
ADAUSDT,1768838400007,0.00005059
ADAUSDT,1768867200005,0.0001
ADAUSDT,1768896000001,0.00003332
ADAUSDT,1768924800009,0.00009152
ADAUSDT,1768953600001,0.00001114
ADAUSDT,1768982400011,0.00008031
ADAUSDT,1769011200011,-0.00003188
ADAUSDT,1769040000010,0.0001
ADAUSDT,1769068800003,0.00003108
ADAUSDT,1769097600005,-0.00003185
ADAUSDT,1769126400005,-0.00004789
ADAUSDT,1769155200000,-0.0000366
ADAUSDT,1769184000011,0.00002915
ADAUSDT,1769212800011,-0.00001015
ADAUSDT,1769241600002,0.00006924
ADAUSDT,1769270400001,0.00001991
ADAUSDT,1769299200002,-0.00002095
ADAUSDT,1769328000011,0.0001
ADAUSDT,1769356800005,-0.0000304
ADAUSDT,1769385600000,-0.0001038
ADAUSDT,1769414400003,0.0001
ADAUSDT,1769443200000,0.0001
ADAUSDT,1769472000002,0.0001
ADAUSDT,1769500800000,0.0001
ADAUSDT,1769529600000,0.00007727
ADAUSDT,1769558400000,0.0001
ADAUSDT,1769587200000,0.0001
ADAUSDT,1769616000000,0.00000841
ADAUSDT,1769644800000,0.00009355
ADAUSDT,1769673600009,-0.00003505
ADAUSDT,1769702400000,-0.00006649
ADAUSDT,1769731200008,-0.00008832
ADAUSDT,1769760000000,-0.0000815
ADAUSDT,1769788800001,-0.00003834
ADAUSDT,1769817600000,0.0000715
ADAUSDT,1769846400001,0.00005892
ADAUSDT,1769875200009,0.00001343
ADAUSDT,1769904000001,-0.00025965
ADAUSDT,1769932800004,-0.00004714
ADAUSDT,1769961600000,0.00006153
ADAUSDT,1769990400000,-0.0000304
ADAUSDT,1770019200014,-0.00000885
ADAUSDT,1770048000000,-0.00015743
ADAUSDT,1770076800000,-0.00020733
ADAUSDT,1770105600007,-0.00005446
ADAUSDT,1770134400000,-0.00006261
ADAUSDT,1770163200002,0.00002101
ADAUSDT,1770192000007,0.0001
ADAUSDT,1770220800000,-0.00005733
ADAUSDT,1770249600011,-0.00001304
ADAUSDT,1770278400000,0.00002534
ADAUSDT,1770307200007,0.00002448
ADAUSDT,1770336000000,-0.00013478
ADAUSDT,1770364800001,-0.00007044
ADAUSDT,1770393600000,-0.00036497
ADAUSDT,1770422400003,-0.00011603
ADAUSDT,1770451200000,-0.00001398
ADAUSDT,1770480000010,0.00007574
ADAUSDT,1770508800003,-0.00001569
ADAUSDT,1770537600000,0.00002809
ADAUSDT,1770566400000,-0.00007524
ADAUSDT,1770595200002,-0.00003314
ADAUSDT,1770624000001,-0.00021836
ADAUSDT,1770652800007,0.00003026
ADAUSDT,1770681600000,0.00004666
ADAUSDT,1770710400007,-0.00016577
ADAUSDT,1770739200000,-0.00014573
ADAUSDT,1770768000000,-0.0000246
ADAUSDT,1770796800006,-0.00001155
ADAUSDT,1770825600000,-0.00007216
ADAUSDT,1770854400000,0.00003476
ADAUSDT,1770883200001,0.00002057
ADAUSDT,1770912000001,0.00003341
ADAUSDT,1770940800007,-0.00007863
ADAUSDT,1770969600003,0.00006172
ADAUSDT,1770998400005,-0.00002172
ADAUSDT,1771027200002,0.00007306
ADAUSDT,1771056000004,0.00000248
ADAUSDT,1771084800002,0.00009573
ADAUSDT,1771113600000,0.00006502
ADAUSDT,1771142400002,-0.00008689
ADAUSDT,1771171200000,0.000069
ADAUSDT,1771200000001,-0.00004495
ADAUSDT,1771228800003,0.0000163
ADAUSDT,1771257600000,-0.00013408
ADAUSDT,1771286400008,0.00006766
ADAUSDT,1771315200001,-0.00007531
ADAUSDT,1771344000002,-0.00003572
ADAUSDT,1771372800000,0.00001378
ADAUSDT,1771401600000,-0.00013293
ADAUSDT,1771430400011,0.00001822
ADAUSDT,1771459200013,-0.0001072
ADAUSDT,1771488000000,0.00004259
ADAUSDT,1771516800003,-0.00000338
ADAUSDT,1771545600000,0.00007485
ADAUSDT,1771574400000,-0.00009245
ADAUSDT,1771603200000,0.00004069
ADAUSDT,1771632000004,-0.00000021
ADAUSDT,1771660800000,-0.00003202
ADAUSDT,1771689600005,-0.00019523
ADAUSDT,1771718400001,-0.0000936
ADAUSDT,1771747200004,-0.00014351
ADAUSDT,1771776000000,-0.00008752
ADAUSDT,1771804800001,-0.00016939
ADAUSDT,1771833600000,-0.00004745
ADAUSDT,1771862400000,0.00008354
ADAUSDT,1771891200007,-0.00000429
ADAUSDT,1771920000000,-0.00007757
ADAUSDT,1771948800001,0.00002601
ADAUSDT,1771977600001,0.00003334
ADAUSDT,1772006400007,0.00003913
ADAUSDT,1772035200000,0.0001
ADAUSDT,1772064000000,0.0001
ADAUSDT,1772092800006,0.0001
ADAUSDT,1772121600002,0.00005623
ADAUSDT,1772150400007,-0.00001493
ADAUSDT,1772179200000,0.00004864
ADAUSDT,1772208000001,-0.00000482
ADAUSDT,1772236800000,-0.00003203
ADAUSDT,1772265600000,0.00000618
ADAUSDT,1772294400004,-0.00002617
ADAUSDT,1772323200005,0.0001
ADAUSDT,1772352000000,0.0001
ADAUSDT,1772380800002,-0.00003847
ADAUSDT,1772409600001,0.00007831
ADAUSDT,1772438400007,0.00002362
ADAUSDT,1772467200000,0.00000267
ADAUSDT,1772496000000,-0.00003755
ADAUSDT,1772524800000,-0.00014139
ADAUSDT,1772553600007,-0.0000706
ADAUSDT,1772582400001,-0.00016669
ADAUSDT,1772611200005,-0.00006976
ADAUSDT,1772640000000,0.00005015
ADAUSDT,1772668800000,0.0001
ADAUSDT,1772697600000,0.0001
ADAUSDT,1772726400004,-0.00010579
ADAUSDT,1772755200001,0.00007051
ADAUSDT,1772784000001,-0.00003981
ADAUSDT,1772812800004,-0.00020412
ADAUSDT,1772841600001,-0.00015405
ADAUSDT,1772870400012,-0.00002815
ADAUSDT,1772899200001,-0.00018357
ADAUSDT,1772928000001,-0.00007662
ADAUSDT,1772956800000,-0.00024508
ADAUSDT,1772985600002,-0.00017286
ADAUSDT,1773014400000,-0.00012528
ADAUSDT,1773043200004,0.00005118
ADAUSDT,1773072000003,0.00004299
ADAUSDT,1773100800012,-0.00006365
ADAUSDT,1773129600002,-0.00002309
ADAUSDT,1773158400001,0.0001
ADAUSDT,1773187200000,0.00003694
ADAUSDT,1773216000007,-0.0000832
ADAUSDT,1773244800010,0.00004464
ADAUSDT,1773273600000,0.0001
ADAUSDT,1773302400000,-0.00012882
ADAUSDT,1773331200000,-0.00000174
ADAUSDT,1773360000006,0.0001
ADAUSDT,1773388800001,0.0001
ADAUSDT,1773417600000,0.0001
ADAUSDT,1773446400001,-0.00003326
ADAUSDT,1773475200000,-0.00011746
ADAUSDT,1773504000007,-0.00028771
ADAUSDT,1773532800000,-0.00025448
ADAUSDT,1773561600000,0.00007669
ADAUSDT,1773590400000,0.00008564
ADAUSDT,1773619200000,0.00009182
ADAUSDT,1773648000010,0.0001
ADAUSDT,1773676800000,0.0001
ADAUSDT,1773705600000,0.00007693
ADAUSDT,1773734400002,-0.00010713
ADAUSDT,1773763200011,0.00009919
ADAUSDT,1773792000002,0.0000694
ADAUSDT,1773820800002,0.00005163
ADAUSDT,1773849600005,-0.00011429
ADAUSDT,1773878400000,-0.0001082
ADAUSDT,1773907200003,-0.00005832
ADAUSDT,1773936000003,-0.00005689
ADAUSDT,1773964800002,-0.00000388
ADAUSDT,1773993600000,0.00003267
ADAUSDT,1774022400000,-0.00005731
ADAUSDT,1774051200000,-0.00009215
ADAUSDT,1774080000000,0.00000602
ADAUSDT,1774108800014,-0.00013242
ADAUSDT,1774137600012,-0.00016752
ADAUSDT,1774166400007,-0.00022089
ADAUSDT,1774195200002,-0.00028244
ADAUSDT,1774224000000,-0.0002475
ADAUSDT,1774252800003,-0.00014067
ADAUSDT,1774281600002,0.00002444
ADAUSDT,1774310400000,0.0000722
ADAUSDT,1774339200000,-0.0000015
ADAUSDT,1774368000003,-0.00003492
ADAUSDT,1774396800000,0.0001
ADAUSDT,1774425600000,0.0001
ADAUSDT,1774454400013,0.0001
ADAUSDT,1774483200001,0.0001
ADAUSDT,1774512000001,0.00009119
ADAUSDT,1774540800000,-0.00002125
ADAUSDT,1774569600006,0.00002635
ADAUSDT,1774598400000,-0.00005522
ADAUSDT,1774627200000,-0.00013929
ADAUSDT,1774656000005,-0.00008404
ADAUSDT,1774684800005,-0.00001047
ADAUSDT,1774713600000,-0.00011218
ADAUSDT,1774742400003,-0.00000294
ADAUSDT,1774771200001,-0.00011024
ADAUSDT,1774800000000,-0.00024229
ADAUSDT,1774828800000,-0.00011726
ADAUSDT,1774857600005,0.0001
ADAUSDT,1774886400000,0.0001
ADAUSDT,1774915200000,0.0001
ADAUSDT,1774944000000,0.0001
ADAUSDT,1774972800000,-0.00002104
ADAUSDT,1775001600000,-0.00028234
ADAUSDT,1775030400000,0.0001
ADAUSDT,1775059200000,0.00005399
ADAUSDT,1775088000003,0.0001
ADAUSDT,1775116800001,-0.0002585
ADAUSDT,1775145600001,-0.00006914
ADAUSDT,1775174400000,0.0001
ADAUSDT,1775203200008,0.0001
ADAUSDT,1775232000008,0.0001
ADAUSDT,1775260800000,0.0001
ADAUSDT,1775289600003,0.0001
ADAUSDT,1775318400000,0.00009363
ADAUSDT,1775347200008,0.0001
ADAUSDT,1775376000000,0.0001
ADAUSDT,1775404800001,-0.00002564
ADAUSDT,1775433600004,0.0001
ADAUSDT,1775462400001,0.0001
ADAUSDT,1775491200003,0.0001
ADAUSDT,1775520000000,-0.0000399
ADAUSDT,1775548800000,-0.00015347
ADAUSDT,1775577600000,-0.00009796
ADAUSDT,1775606400000,0.0001
ADAUSDT,1775635200000,0.0001
ADAUSDT,1775664000006,0.0001
ADAUSDT,1775692800000,0.0001
ADAUSDT,1775721600010,-0.00009236
ADAUSDT,1775750400001,0.0000455
ADAUSDT,1775779200000,0.0001
ADAUSDT,1775808000005,0.0001
ADAUSDT,1775836800000,0.00008545
ADAUSDT,1775865600000,0.0001
ADAUSDT,1775894400000,-0.00013537
ADAUSDT,1775923200003,-0.0001099
ADAUSDT,1775952000000,0.00007229
ADAUSDT,1775980800000,-0.00025251
ADAUSDT,1776009600000,-0.0003132
ADAUSDT,1776038400011,-0.00015254
ADAUSDT,1776067200006,-0.00019328
ADAUSDT,1776096000000,0.00008932
ADAUSDT,1776124800005,0.00001874
ADAUSDT,1776153600003,0.00002433
ADAUSDT,1776182400001,0.00002441
ADAUSDT,1776211200000,-0.00019936
ADAUSDT,1776240000000,-0.00014566
ADAUSDT,1776268800000,0.00002291
ADAUSDT,1776297600013,0.0001
ADAUSDT,1776326400000,0.0001
ADAUSDT,1776355200000,0.0001
ADAUSDT,1776384000001,0.0001
ADAUSDT,1776412800011,0.0001
ADAUSDT,1776441600001,0.0001
ADAUSDT,1776470400001,0.0001
ADAUSDT,1776499200006,0.00006683
ADAUSDT,1776528000000,-0.00007342
ADAUSDT,1776556800002,0.00007198
ADAUSDT,1776585600010,-0.0000619
ADAUSDT,1776614400001,0.00000014
ADAUSDT,1776643200000,-0.00010552
ADAUSDT,1776672000000,0.00002927
ADAUSDT,1776700800001,0.00006487
ADAUSDT,1776729600000,0.00006159
ADAUSDT,1776758400004,0.00003908
ADAUSDT,1776787200004,0.00001302
ADAUSDT,1776816000004,0.00001464
ADAUSDT,1776844800000,0.0001
ADAUSDT,1776873600000,0.0001
ADAUSDT,1776902400000,0.00003506
ADAUSDT,1776931200000,-0.00011656
ADAUSDT,1776960000004,-0.00000323
ADAUSDT,1776988800006,0.0001
ADAUSDT,1777017600000,0.0001
ADAUSDT,1777046400000,0.0001
ADAUSDT,1777075200000,0.0001
ADAUSDT,1777104000002,0.0001
ADAUSDT,1777132800002,0.00008757
ADAUSDT,1777161600003,-0.00001619
ADAUSDT,1777190400007,0.0000747
ADAUSDT,1777219200004,0.0001
ADAUSDT,1777248000004,-0.00000214
ADAUSDT,1777276800000,-0.00005838
ADAUSDT,1777305600002,-0.00016472
ADAUSDT,1777334400001,-0.00006223
ADAUSDT,1777363200000,0.00009371
ADAUSDT,1777392000004,-0.00000067
ADAUSDT,1777420800006,0.00002333
ADAUSDT,1777449600011,0.0001
ADAUSDT,1777478400003,0.00001316
ADAUSDT,1777507200002,-0.0000355
ADAUSDT,1777536000000,0.00004915
ADAUSDT,1777564800000,-0.0000047
ADAUSDT,1777593600000,-0.00004942
ADAUSDT,1777622400005,0.0001
ADAUSDT,1777651200000,0.0001
ADAUSDT,1777680000006,0.00004238
ADAUSDT,1777708800000,-0.00006887
ADAUSDT,1777737600010,0.0001
ADAUSDT,1777766400005,0.0001
ADAUSDT,1777795200003,-0.00002423
ADAUSDT,1777824000000,0.0001
ADAUSDT,1777852800000,0.0001
ADAUSDT,1777881600000,0.0001
ADAUSDT,1777910400003,0.00002897
ADAUSDT,1777939200000,0.00001168
ADAUSDT,1777968000011,0.0001
ADAUSDT,1777996800000,0.0001
ADAUSDT,1778025600010,0.0001
ADAUSDT,1778054400000,0.0001
ADAUSDT,1778083200002,0.0001
ADAUSDT,1778112000000,0.0001
ADAUSDT,1778140800000,0.0001
ADAUSDT,1778169600004,0.0001
ADAUSDT,1778198400003,0.00009571
ADAUSDT,1778227200002,0.00004588
ADAUSDT,1778256000003,0.0001
ADAUSDT,1778284800000,0.0001
ADAUSDT,1778313600001,0.0001
ADAUSDT,1778342400002,0.00005625
ADAUSDT,1778371200003,-0.0000554
ADAUSDT,1778400000000,0.00000019
ADAUSDT,1778428800000,0.0001
ADAUSDT,1778457600000,0.0001
ADAUSDT,1778486400000,0.00003176
ADAUSDT,1778515200000,0.00000821
ADAUSDT,1778544000002,0.0001
ADAUSDT,1778572800008,-0.00001114
ADAUSDT,1778601600000,-0.00001707
ADAUSDT,1778630400010,0.00000596
ADAUSDT,1778659200003,-0.00000865
ADAUSDT,1778688000001,-0.00007299
ADAUSDT,1778716800005,0.0000195
ADAUSDT,1778745600000,0.0001
ADAUSDT,1778774400000,-0.00000079
ADAUSDT,1778803200000,0.00008854
ADAUSDT,1778832000016,-0.00001593
ADAUSDT,1778860800012,-0.0001172
ADAUSDT,1778889600005,-0.00000078
ADAUSDT,1778918400000,-0.00003691
ADAUSDT,1778947200005,-0.00008207
ADAUSDT,1778976000000,0.00006343
ADAUSDT,1779004800010,0.00002659
ADAUSDT,1779033600009,-0.00002405
ADAUSDT,1779062400007,-0.00008074
ADAUSDT,1779091200002,0.00002544
ADAUSDT,1779120000007,-0.00002345
ADAUSDT,1779148800001,-0.00000896
ADAUSDT,1779177600001,0.0001
ADAUSDT,1779206400009,-0.00000021
ADAUSDT,1779235200001,-0.00002998
ADAUSDT,1779264000006,0.00009479
ADAUSDT,1779292800000,0.00003463
ADAUSDT,1779321600001,-0.00000706
ADAUSDT,1779350400000,0.00009389
ADAUSDT,1779379200000,-0.00006791
ADAUSDT,1779408000000,0.0001
ADAUSDT,1779436800004,-0.0000069
ADAUSDT,1779465600001,-0.00001345
ADAUSDT,1779494400009,-0.0000454
ADAUSDT,1779523200001,-0.00007245
ADAUSDT,1779552000003,0.00007461
ADAUSDT,1779580800011,0.00005359
ADAUSDT,1779609600008,0.0001
ADAUSDT,1779638400000,-0.00001461
ADAUSDT,1779667200001,-0.00008175
ADAUSDT,1779696000001,0.00003379
ADAUSDT,1779724800001,0.0001
ADAUSDT,1779753600000,0.0001
ADAUSDT,1779782400003,-0.00004002
ADAUSDT,1779811200000,0.0001
ADAUSDT,1779840000000,-0.00007182
ADAUSDT,1779868800004,0.00003905
ADAUSDT,1779897600009,0.00002057
ADAUSDT,1779926400001,-0.00007607
ADAUSDT,1779955200000,-0.00017526
ADAUSDT,1779984000001,-0.00002085
ADAUSDT,1780012800000,0.00001548
ADAUSDT,1780041600001,0.00006369
ADAUSDT,1780070400008,0.0000064
ADAUSDT,1780099200000,-0.00004139
ADAUSDT,1780128000001,0.00001033
ADAUSDT,1780156800000,-0.00005918
ADAUSDT,1780185600000,-0.00001279
ADAUSDT,1780214400000,0.00008935
ADAUSDT,1780243200004,-0.00001431
ADAUSDT,1780272000001,-0.00001215
ADAUSDT,1780300800001,0.00006047
ADAUSDT,1780329600000,-0.00004339
ADAUSDT,1780358400000,0.00007827
ADAUSDT,1780387200000,-0.00006054
ADAUSDT,1780416000000,-0.00011681
ADAUSDT,1780444800013,-0.00005
ADAUSDT,1780473600000,0.00003389
ADAUSDT,1780502400001,0.0001
ADAUSDT,1780531200009,0.00002755
ADAUSDT,1780560000000,0.00002351
ADAUSDT,1780588800003,-0.00007198
ADAUSDT,1780617600000,0.00005093
ADAUSDT,1780646400004,0.00006563
ADAUSDT,1780675200009,-0.00007397
ADAUSDT,1780704000000,-0.00012033
ADAUSDT,1780732800000,0.00003246
ADAUSDT,1780761600000,-0.00001652
ADAUSDT,1780790400001,-0.00004899
ADAUSDT,1780819200000,-0.00011007
ADAUSDT,1780848000000,-0.0000514
ADAUSDT,1780876800000,0.00009229
ADAUSDT,1780905600005,0.00009236
ADAUSDT,1780934400004,-0.00007662
ADAUSDT,1780963200000,-0.0001512
ADAUSDT,1780992000000,-0.00003601
ADAUSDT,1781020800001,0.00000024
ADAUSDT,1781049600001,0.00007756
ADAUSDT,1781078400011,-0.00001117
ADAUSDT,1781107200009,0.00001016
ADAUSDT,1781136000000,0.0000026
ADAUSDT,1781164800004,0.0001
ADAUSDT,1781193600000,0.0001
ADAUSDT,1781222400000,0.00007502
ADAUSDT,1781251200000,-0.00004125
ADAUSDT,1781280000000,0.00000136
ADAUSDT,1781308800000,-0.00004053
ADAUSDT,1781337600007,0.00003089
ADAUSDT,1781366400002,0.00008502
ADAUSDT,1781395200005,-0.00013068
ADAUSDT,1781424000009,-0.00015009
ADAUSDT,1781452800000,-0.00004919
ADAUSDT,1781481600013,0.0001
ADAUSDT,1781510400013,0.00003426
ADAUSDT,1781539200004,0.00006927
ADAUSDT,1781568000000,-0.00012001
ADAUSDT,1781596800000,-0.00008616
ADAUSDT,1781625600001,-0.00003751
ADAUSDT,1781654400012,-0.00022646
ADAUSDT,1781683200000,0.00008018
ADAUSDT,1781712000000,0.0000476
ADAUSDT,1781740800002,-0.00003545
ADAUSDT,1781769600000,-0.00009826
ADAUSDT,1781798400001,-0.00001681
ADAUSDT,1781827200005,0.00007168
ADAUSDT,1781856000001,-0.00028303
ADAUSDT,1781884800001,-0.00010757
ADAUSDT,1781913600001,-0.00008607
ADAUSDT,1781942400000,-0.00017062
ADAUSDT,1781971200001,-0.00009793
ADAUSDT,1782000000000,-0.00006377
ADAUSDT,1782028800000,-0.0002929
ADAUSDT,1782057600000,-0.00008268
ADAUSDT,1782086400000,-0.00010834
ADAUSDT,1782115200000,0.00002523
ADAUSDT,1782144000002,-0.00010145
ADAUSDT,1782172800003,-0.00026358
ADAUSDT,1782201600005,-0.00013072
ADAUSDT,1782230400002,-0.00012289
ADAUSDT,1782259200005,-0.00008589
ADAUSDT,1782288000005,-0.00006258
ADAUSDT,1782316800003,-0.00018974
ADAUSDT,1782345600000,-0.00020945
ADAUSDT,1782374400000,-0.00007798
ADAUSDT,1782403200000,-0.00004737
ADAUSDT,1782432000010,-0.00005087
ADAUSDT,1782460800002,0.00008827
ADAUSDT,1782489600000,0.00006233
ADAUSDT,1782518400000,0.00000384
ADAUSDT,1782547200000,0.00002091
ADAUSDT,1782576000009,-0.00000896
ADAUSDT,1782604800000,-0.00010374
ADAUSDT,1782633600013,-0.00022043
ADAUSDT,1782662400000,-0.00005355
ADAUSDT,1782691200006,-0.00008741
ADAUSDT,1782720000013,-0.00013679
ADAUSDT,1782748800004,0.00000388
ADAUSDT,1782777600000,0.00005811
ADAUSDT,1782806400000,-0.00001381
ADAUSDT,1782835200005,0.00003848
ADAUSDT,1782864000000,0.00008367
ADAUSDT,1782892800000,0.0001
ADAUSDT,1782921600000,0.00007878
ADAUSDT,1782950400000,0.0001
ADAUSDT,1782979200000,0.0001
ADAUSDT,1783008000000,0.0001
ADAUSDT,1783036800000,0.0001
ADAUSDT,1783065600007,0.0001
ADAUSDT,1783094400000,0.0001
ADAUSDT,1783123200000,0.0001
ADAUSDT,1783152000000,0.0001
ADAUSDT,1783180800007,0.0001
ADAUSDT,1783209600003,0.0001
ADAUSDT,1783238400001,0.0001
ADAUSDT,1783267200000,0.0001
ADAUSDT,1783296000000,0.0001
ADAUSDT,1783324800000,0.0001
ADAUSDT,1783353600000,0.0001
ADAUSDT,1783382400000,0.00004121
ADAUSDT,1783411200000,0.0001
ADAUSDT,1783440000000,-0.00005167
ADAUSDT,1783468800000,0.00005658
ADAUSDT,1783497600000,0.00009421
ADAUSDT,1783526400000,-0.00003314
ADAUSDT,1783555200000,-0.00001245
ADAUSDT,1783584000001,0.00003541
ADAUSDT,1783612800001,-0.00008665
ADAUSDT,1783641600000,-0.00011066
ADAUSDT,1783670400005,0.0001
ADAUSDT,1783699200005,-0.0001783
ADAUSDT,1783728000000,-0.00015085
ADAUSDT,1783756800000,-0.00015987
ADAUSDT,1783785600000,0.00001413
ADAUSDT,1783814400000,-0.00013042
ADAUSDT,1783843200003,-0.00015952
ADAUSDT,1783872000000,-0.00009182
ADAUSDT,1783900800000,-0.00007794
ADAUSDT,1783929600001,-0.00001699
ADAUSDT,1783958400004,0.00000916
ADAUSDT,1783987200000,-0.00005989
ADAUSDT,1784016000002,0.00005489
ADAUSDT,1784044800001,-0.00015931
ADAUSDT,1784073600005,-0.00013137
ADAUSDT,1784102400002,0.00005814
ADAUSDT,1784131200000,-0.00001711
ADAUSDT,1784160000000,-0.00013604
ADAUSDT,1784188800003,-0.00000285
ADAUSDT,1784217600002,-0.00003704
ADAUSDT,1784246400000,-0.00002584
ADAUSDT,1784275200010,-0.00009949
ADAUSDT,1784304000004,0.00003712
ADAUSDT,1784332800000,0.0001
ADAUSDT,1784361600000,0.0001
ADAUSDT,1784390400001,0.0001
ADAUSDT,1784419200003,0.00003231
ADAUSDT,1784448000000,0.0001
ADAUSDT,1784476800001,0.00007389
ADAUSDT,1784505600000,-0.00001177
ADAUSDT,1784534400001,-0.00013601
ADAUSDT,1784563200004,0.00006753
ADAUSDT,1784592000001,0.00004497
ADAUSDT,1784620800000,0.0001
ADAUSDT,1784649600002,0.0001
ADAUSDT,1784678400000,0.0001
ADAUSDT,1784707200000,0.0000682
ADAUSDT,1784736000001,0.0001
ADAUSDT,1784764800000,-0.00004282
ADAUSDT,1784793600000,0.00001858
ADAUSDT,1784822400000,-0.00013983
ADAUSDT,1784851200000,-0.00012721
ADAUSDT,1784880000000,-0.0000785
ADAUSDT,1784908800008,-0.00006249
ADAUSDT,1784937600002,-0.00017095
ADAUSDT,1784966400000,-0.00007909
ADAUSDT,1784995200000,-0.00013382
ADAUSDT,1785024000000,-0.00004257
ADAUSDT,1785052800002,0.00003003
ADAUSDT,1785081600000,-0.00005727
ADAUSDT,1785110400010,-0.00007786
ADAUSDT,1785139200000,-0.00007446
ADAUSDT,1785168000001,-0.00020087
ADAUSDT,1785196800000,-0.00023794
ADAUSDT,1785225600000,-0.0001185
ADAUSDT,1785254400000,0.00007238
ADAUSDT,1785283200000,0.0001
ADAUSDT,1785312000002,0.0001
ADAUSDT,1785340800000,0.0001
ADAUSDT,1785369600000,0.00006366
ADAUSDT,1785398400000,0.00002367
ADAUSDT,1785427200000,0.0001
ADAUSDT,1785456000003,0.0001
ADAUSDT,1785484800000,0.0001
ADAUSDT,1785513600000,0.0001
