symbol,timestamp_ms,funding_rate
AVAXUSDT,1609459200002,0.0001
AVAXUSDT,1609488000006,0.0001
AVAXUSDT,1609516800003,-0.00308578
AVAXUSDT,1609545600000,0.0001
AVAXUSDT,1609574400000,0.00032818
AVAXUSDT,1609603200006,0.00053305
AVAXUSDT,1609632000018,0.0009116
AVAXUSDT,1609660800000,0.00024361
AVAXUSDT,1609689600002,0.00149666
AVAXUSDT,1609718400000,0.00209236
AVAXUSDT,1609747200000,0.00314356
AVAXUSDT,1609776000000,0.0003067
AVAXUSDT,1609804800020,0.0001
AVAXUSDT,1609833600003,0.00027935
AVAXUSDT,1609862400003,0.00019227
AVAXUSDT,1609891200010,0.00040949
AVAXUSDT,1609920000003,0.00079333
AVAXUSDT,1609948800000,0.00258334
AVAXUSDT,1609977600007,0.00084995
AVAXUSDT,1610006400000,0.00063809
AVAXUSDT,1610035200004,0.00042983
AVAXUSDT,1610064000000,0.00021377
AVAXUSDT,1610092800000,0.0001
AVAXUSDT,1610121600000,0.0001
AVAXUSDT,1610150400009,0.0001
AVAXUSDT,1610179200004,0.0001
AVAXUSDT,1610208000000,0.0001
AVAXUSDT,1610236800000,-0.00053719
AVAXUSDT,1610265600005,0.0001
AVAXUSDT,1610294400000,-0.00070709
AVAXUSDT,1610323200000,0.0001
AVAXUSDT,1610352000012,0.0001
AVAXUSDT,1610380800000,0.0001
AVAXUSDT,1610409600000,0.00002357
AVAXUSDT,1610438400000,-0.00089522
AVAXUSDT,1610467200008,-0.00063105
AVAXUSDT,1610496000001,-0.00003461
AVAXUSDT,1610524800000,-0.00077163
AVAXUSDT,1610553600003,-0.00031204
AVAXUSDT,1610582400000,-0.00040585
AVAXUSDT,1610611200012,-0.00003067
AVAXUSDT,1610640000000,-0.00019238
AVAXUSDT,1610668800002,0.0001
AVAXUSDT,1610697600000,0.0001
AVAXUSDT,1610726400004,0.0001
AVAXUSDT,1610755200000,-0.00166273
AVAXUSDT,1610784000008,-0.0010433
AVAXUSDT,1610812800000,-0.0014903
AVAXUSDT,1610841600009,-0.00347653
AVAXUSDT,1610870400000,-0.00232858
AVAXUSDT,1610899200001,-0.00077802
AVAXUSDT,1610928000000,-0.00114982
AVAXUSDT,1610956800004,-0.00099425
AVAXUSDT,1610985600000,-0.00093526
AVAXUSDT,1611014400000,-0.0010561
AVAXUSDT,1611043200005,-0.00197663
AVAXUSDT,1611072000012,-0.00126051
AVAXUSDT,1611100800012,-0.00155582
AVAXUSDT,1611129600001,-0.00140997
AVAXUSDT,1611158400001,-0.00121926
AVAXUSDT,1611187200000,-0.00044673
AVAXUSDT,1611216000000,-0.00095597
AVAXUSDT,1611244800004,-0.00110195
AVAXUSDT,1611273600012,-0.000774
AVAXUSDT,1611302400003,-0.00030388
AVAXUSDT,1611331200001,0.0001
AVAXUSDT,1611360000000,0.0001
AVAXUSDT,1611388800002,0.0001
AVAXUSDT,1611417600000,-0.00010684
AVAXUSDT,1611446400001,0.0001
AVAXUSDT,1611475200011,0.0001
AVAXUSDT,1611504000005,0.0001
AVAXUSDT,1611532800007,-0.00044707
AVAXUSDT,1611561600012,-0.0004738
AVAXUSDT,1611590400000,0.00005558
AVAXUSDT,1611619200007,-0.00119228
AVAXUSDT,1611648000000,-0.00131457
AVAXUSDT,1611676800000,-0.00132486
AVAXUSDT,1611705600000,0.0001
AVAXUSDT,1611734400011,-0.00144369
AVAXUSDT,1611763200003,-0.00094067
AVAXUSDT,1611792000000,-0.0002553
AVAXUSDT,1611820800000,-0.00064845
AVAXUSDT,1611849600000,-0.00057509
AVAXUSDT,1611878400009,-0.0013951
AVAXUSDT,1611907200000,-0.0002428
AVAXUSDT,1611936000000,0.0001
AVAXUSDT,1611964800000,-0.00013533
AVAXUSDT,1611993600000,-0.00154153
AVAXUSDT,1612022400000,0.00004719
AVAXUSDT,1612051200009,-0.0005168
AVAXUSDT,1612080000000,0.0001
AVAXUSDT,1612108800000,0.00032646
AVAXUSDT,1612137600001,0.0001
AVAXUSDT,1612166400014,0.0001
AVAXUSDT,1612195200000,0.0001
AVAXUSDT,1612224000000,0.00012136
AVAXUSDT,1612252800006,0.0001
AVAXUSDT,1612281600000,0.0001
AVAXUSDT,1612310400009,0.0001
AVAXUSDT,1612339200006,-0.00025576
AVAXUSDT,1612368000006,0.00038947
AVAXUSDT,1612396800005,0.0001
AVAXUSDT,1612425600000,0.00093496
AVAXUSDT,1612454400011,0.0001
AVAXUSDT,1612483200009,0.0001
AVAXUSDT,1612512000004,0.00040426
AVAXUSDT,1612540800000,0.0001
AVAXUSDT,1612569600008,-0.00003715
AVAXUSDT,1612598400009,-0.00275187
AVAXUSDT,1612627200000,-0.00117315
AVAXUSDT,1612656000000,-0.00029975
AVAXUSDT,1612684800005,-0.00024556
AVAXUSDT,1612713600001,-0.0007793
AVAXUSDT,1612742400000,-0.00092641
AVAXUSDT,1612771200001,-0.00099503
AVAXUSDT,1612800000000,-0.00057337
AVAXUSDT,1612828800010,0.00134365
AVAXUSDT,1612857600006,0.00024491
AVAXUSDT,1612886400007,0.00018221
AVAXUSDT,1612915200009,0.00074645
AVAXUSDT,1612944000014,-0.00006862
AVAXUSDT,1612972800005,0.00005916
AVAXUSDT,1613001600000,0.0001
AVAXUSDT,1613030400000,-0.00096753
AVAXUSDT,1613059200000,0.00083881
AVAXUSDT,1613088000000,0.00131848
AVAXUSDT,1613116800000,0.00188976
AVAXUSDT,1613145600000,0.00413492
AVAXUSDT,1613174400001,0.00518469
AVAXUSDT,1613203200003,0.00486547
AVAXUSDT,1613232000000,0.00298832
AVAXUSDT,1613260800013,0.00467579
AVAXUSDT,1613289600000,0.00264158
AVAXUSDT,1613318400008,0.00255122
AVAXUSDT,1613347200000,0.00053582
AVAXUSDT,1613376000006,-0.00016042
AVAXUSDT,1613404800000,0.00092697
AVAXUSDT,1613433600001,-0.0006974
AVAXUSDT,1613462400000,-0.00084855
AVAXUSDT,1613491200010,-0.00111457
AVAXUSDT,1613520000005,-0.00134886
AVAXUSDT,1613548800010,0.0001
AVAXUSDT,1613577600008,0.00307795
AVAXUSDT,1613606400012,0.00256733
AVAXUSDT,1613635200000,0.00281766
AVAXUSDT,1613664000009,0.00125232
AVAXUSDT,1613692800010,0.00044327
AVAXUSDT,1613721600002,0.0013873
AVAXUSDT,1613750400008,0.00262073
AVAXUSDT,1613779200000,0.00298749
AVAXUSDT,1613808000009,0.0031628
AVAXUSDT,1613836800000,0.00443764
AVAXUSDT,1613865600007,0.0001
AVAXUSDT,1613894400012,0.0001
AVAXUSDT,1613923200001,0.0007437
AVAXUSDT,1613952000006,0.00018262
AVAXUSDT,1613980800002,0.0001
AVAXUSDT,1614009600000,-0.00485198
AVAXUSDT,1614038400000,-0.00323707
AVAXUSDT,1614067200006,-0.0010503
AVAXUSDT,1614096000000,-0.0025494
AVAXUSDT,1614124800012,-0.00071343
AVAXUSDT,1614153600016,-0.00072205
AVAXUSDT,1614182400011,-0.0005917
AVAXUSDT,1614211200007,-0.00113563
AVAXUSDT,1614240000000,0.0001
AVAXUSDT,1614268800010,0.0001
AVAXUSDT,1614297600000,-0.00134897
AVAXUSDT,1614326400025,-0.00166607
AVAXUSDT,1614355200010,-0.00044926
AVAXUSDT,1614384000001,-0.00084172
AVAXUSDT,1614412800000,-0.00052315
AVAXUSDT,1614441600000,-0.00035816
AVAXUSDT,1614470400021,0.0001
AVAXUSDT,1614499200009,-0.00082583
AVAXUSDT,1614528000000,-0.00094722
AVAXUSDT,1614556800000,-0.00046648
AVAXUSDT,1614585600003,-0.00036405
AVAXUSDT,1614614400001,0.00004596
AVAXUSDT,1614643200000,0.0001
AVAXUSDT,1614672000000,0.0001
AVAXUSDT,1614700800004,0.00054592
AVAXUSDT,1614729600000,0.0001
AVAXUSDT,1614758400016,0.0001
AVAXUSDT,1614787200000,0.00044545
AVAXUSDT,1614816000000,0.00038007
AVAXUSDT,1614844800015,0.00029922
AVAXUSDT,1614873600001,0.00075043
AVAXUSDT,1614902400000,0.0001
AVAXUSDT,1614931200002,0.0001
AVAXUSDT,1614960000008,0.00048894
AVAXUSDT,1614988800000,0.00017411
AVAXUSDT,1615017600000,0.0001
AVAXUSDT,1615046400000,0.00041944
AVAXUSDT,1615075200006,0.00088969
AVAXUSDT,1615104000005,0.00083462
AVAXUSDT,1615132800008,0.00099236
AVAXUSDT,1615161600000,0.00072889
AVAXUSDT,1615190400000,0.0001
AVAXUSDT,1615219200006,0.00085327
AVAXUSDT,1615248000000,0.00042709
AVAXUSDT,1615276800000,0.0019515
AVAXUSDT,1615305600000,0.00247831
AVAXUSDT,1615334400009,0.00205798
AVAXUSDT,1615363200006,0.00164688
AVAXUSDT,1615392000008,0.00180809
AVAXUSDT,1615420800000,0.00092842
AVAXUSDT,1615449600000,0.00130759
AVAXUSDT,1615478400014,0.00180404
AVAXUSDT,1615507200002,0.00131325
AVAXUSDT,1615536000005,0.00132156
AVAXUSDT,1615564800011,0.00061365
AVAXUSDT,1615593600000,0.00038379
AVAXUSDT,1615622400002,0.00114254
AVAXUSDT,1615651200000,0.00181202
AVAXUSDT,1615680000011,0.00215284
AVAXUSDT,1615708800000,0.00158399
AVAXUSDT,1615737600000,0.00140495
AVAXUSDT,1615766400012,0.00136768
AVAXUSDT,1615795200016,0.00119389
AVAXUSDT,1615824000030,0.00053931
AVAXUSDT,1615852800005,0.00085857
AVAXUSDT,1615881600008,0.00066223
AVAXUSDT,1615910400012,0.00114239
AVAXUSDT,1615939200010,0.00063071
AVAXUSDT,1615968000000,0.00075334
AVAXUSDT,1615996800009,0.00053911
AVAXUSDT,1616025600001,0.00077156
AVAXUSDT,1616054400000,0.00086321
AVAXUSDT,1616083200000,0.00245302
AVAXUSDT,1616112000011,0.00083913
AVAXUSDT,1616140800001,0.000519
AVAXUSDT,1616169600000,0.00116154
AVAXUSDT,1616198400000,0.00078996
AVAXUSDT,1616227200000,0.0008273
AVAXUSDT,1616256000007,0.00288478
AVAXUSDT,1616284800000,0.00170438
AVAXUSDT,1616313600000,0.00111257
AVAXUSDT,1616342400000,0.00105875
AVAXUSDT,1616371200007,0.00133176
AVAXUSDT,1616400000001,0.00103971
AVAXUSDT,1616428800000,0.00182145
AVAXUSDT,1616457600000,0.00037642
AVAXUSDT,1616486400010,0.00026977
AVAXUSDT,1616515200023,0.00067168
AVAXUSDT,1616544000002,0.0001
AVAXUSDT,1616572800000,0.00034194
AVAXUSDT,1616601600000,0.00104829
AVAXUSDT,1616630400000,0.0001
AVAXUSDT,1616659200000,0.0001
AVAXUSDT,1616688000000,0.0001
AVAXUSDT,1616716800008,0.0001
AVAXUSDT,1616745600000,0.00040771
AVAXUSDT,1616774400012,0.0006956
AVAXUSDT,1616803200018,0.0001
AVAXUSDT,1616832000000,0.00068848
AVAXUSDT,1616860800001,0.00064504
AVAXUSDT,1616889600000,0.00101825
AVAXUSDT,1616918400000,0.00113623
AVAXUSDT,1616947200005,0.00140504
AVAXUSDT,1616976000003,0.00088928
AVAXUSDT,1617004800000,0.00114818
AVAXUSDT,1617033600000,0.00084924
AVAXUSDT,1617062400018,0.00116748
AVAXUSDT,1617091200012,0.00159701
AVAXUSDT,1617120000001,0.00215734
AVAXUSDT,1617148800000,0.00138792
AVAXUSDT,1617177600000,0.00133039
AVAXUSDT,1617206400000,0.00059858
AVAXUSDT,1617235200025,0.00173657
AVAXUSDT,1617264000011,0.00200424
AVAXUSDT,1617292800004,0.00225671
AVAXUSDT,1617321600000,0.00140712
AVAXUSDT,1617350400000,0.00285536
AVAXUSDT,1617379200000,0.00241084
AVAXUSDT,1617408000003,0.00166657
AVAXUSDT,1617436800000,0.00296145
AVAXUSDT,1617465600000,0.00316514
AVAXUSDT,1617494400000,0.00026409
AVAXUSDT,1617523200000,0.00101677
AVAXUSDT,1617552000016,0.00111528
AVAXUSDT,1617580800000,0.00140357
AVAXUSDT,1617609600001,0.00196201
AVAXUSDT,1617638400001,0.00265631
AVAXUSDT,1617667200010,0.00264113
AVAXUSDT,1617696000000,0.00269615
AVAXUSDT,1617724800003,0.00172686
AVAXUSDT,1617753600000,0.00118916
AVAXUSDT,1617782400006,0.00110145
AVAXUSDT,1617811200004,0.00050974
AVAXUSDT,1617840000013,0.00056367
AVAXUSDT,1617868800003,0.00092494
AVAXUSDT,1617897600005,0.00095224
AVAXUSDT,1617926400000,0.0009777
AVAXUSDT,1617955200004,0.00133501
AVAXUSDT,1617984000004,0.00091852
AVAXUSDT,1618012800011,0.00056271
AVAXUSDT,1618041600005,0.00201084
AVAXUSDT,1618070400000,0.00183747
AVAXUSDT,1618099200004,0.00138939
AVAXUSDT,1618128000000,0.00208622
AVAXUSDT,1618156800000,0.00226875
AVAXUSDT,1618185600001,0.00225863
AVAXUSDT,1618214400001,0.00257715
AVAXUSDT,1618243200008,0.00151927
AVAXUSDT,1618272000003,0.00230467
AVAXUSDT,1618300800008,0.00199231
AVAXUSDT,1618329600008,0.00286826
AVAXUSDT,1618358400008,0.00340424
AVAXUSDT,1618387200000,0.00339515
AVAXUSDT,1618416000012,0.00151324
AVAXUSDT,1618444800006,0.00129401
AVAXUSDT,1618473600000,0.00162229
AVAXUSDT,1618502400008,0.00299037
AVAXUSDT,1618531200008,0.0034198
AVAXUSDT,1618560000000,0.00241926
AVAXUSDT,1618588800002,0.00198879
AVAXUSDT,1618617600008,0.00224476
AVAXUSDT,1618646400000,0.00250219
AVAXUSDT,1618675200001,0.00194742
AVAXUSDT,1618704000006,0.00174675
AVAXUSDT,1618732800004,-0.00130574
AVAXUSDT,1618761600000,0.0001
AVAXUSDT,1618790400000,0.000261
AVAXUSDT,1618819200000,0.0001
AVAXUSDT,1618848000009,0.0001
AVAXUSDT,1618876800004,0.0001
AVAXUSDT,1618905600000,0.0001
AVAXUSDT,1618934400001,0.0001
AVAXUSDT,1618963200013,0.00017321
AVAXUSDT,1618992000001,0.0001
AVAXUSDT,1619020800002,0.0001
AVAXUSDT,1619049600000,0.0001
AVAXUSDT,1619078400000,0.00015865
AVAXUSDT,1619107200001,0.00031379
AVAXUSDT,1619136000002,0.0001
AVAXUSDT,1619164800009,0.00009187
AVAXUSDT,1619193600001,0.0001
AVAXUSDT,1619222400019,0.0001
AVAXUSDT,1619251200001,0.0001
AVAXUSDT,1619280000011,0.0001
AVAXUSDT,1619308800000,0.0001
AVAXUSDT,1619337600010,0.0001
AVAXUSDT,1619366400000,0.0001
AVAXUSDT,1619395200003,0.0001
AVAXUSDT,1619424000002,0.0001
AVAXUSDT,1619452800004,0.0001
AVAXUSDT,1619481600000,0.0001
AVAXUSDT,1619510400000,0.0001
AVAXUSDT,1619539200009,0.0001
AVAXUSDT,1619568000000,0.0001
AVAXUSDT,1619596800000,0.00025484
AVAXUSDT,1619625600001,0.00013131
AVAXUSDT,1619654400004,0.00039294
AVAXUSDT,1619683200013,0.00018558
AVAXUSDT,1619712000003,0.00062323
AVAXUSDT,1619740800004,0.0001
AVAXUSDT,1619769600019,0.00027616
AVAXUSDT,1619798400003,0.00041288
AVAXUSDT,1619827200002,0.00052863
AVAXUSDT,1619856000006,0.00049444
AVAXUSDT,1619884800000,0.00081839
AVAXUSDT,1619913600010,0.00084965
AVAXUSDT,1619942400011,0.00048924
AVAXUSDT,1619971200007,0.0005988
AVAXUSDT,1620000000003,0.00063855
AVAXUSDT,1620028800000,0.00087217
AVAXUSDT,1620057600043,0.00119032
AVAXUSDT,1620086400004,0.00108077
AVAXUSDT,1620115200003,0.00021765
AVAXUSDT,1620144000011,0.00016831
AVAXUSDT,1620172800001,0.0001
AVAXUSDT,1620201600007,0.0001
AVAXUSDT,1620230400001,0.0001
AVAXUSDT,1620259200003,0.00075423
AVAXUSDT,1620288000001,0.00096912
AVAXUSDT,1620316800000,0.00128452
AVAXUSDT,1620345600000,0.0001
AVAXUSDT,1620374400000,0.0001
AVAXUSDT,1620403200001,0.00160615
AVAXUSDT,1620432000006,0.00042969
AVAXUSDT,1620460800000,0.00092103
AVAXUSDT,1620489600000,0.0009034
AVAXUSDT,1620518400005,0.00097481
AVAXUSDT,1620547200016,0.000545
AVAXUSDT,1620576000000,0.00089532
AVAXUSDT,1620604800004,0.00060412
AVAXUSDT,1620633600000,0.00076783
AVAXUSDT,1620662400013,0.00100427
AVAXUSDT,1620691200000,0.0001
AVAXUSDT,1620720000000,0.0001
AVAXUSDT,1620748800002,0.0001
AVAXUSDT,1620777600004,0.0001
AVAXUSDT,1620806400007,0.0001
AVAXUSDT,1620835200012,0.0001
AVAXUSDT,1620864000016,0.0001
AVAXUSDT,1620892800000,0.0001
AVAXUSDT,1620921600008,0.0001
AVAXUSDT,1620950400007,0.0001
AVAXUSDT,1620979200001,0.0001
AVAXUSDT,1621008000004,0.0001
AVAXUSDT,1621036800022,0.0001
AVAXUSDT,1621065600014,0.00039539
AVAXUSDT,1621094400002,0.00053227
AVAXUSDT,1621123200000,0.0001
AVAXUSDT,1621152000003,0.0001
AVAXUSDT,1621180800002,0.00054384
AVAXUSDT,1621209600005,0.0001
AVAXUSDT,1621238400001,0.0001
AVAXUSDT,1621267200000,0.00038907
AVAXUSDT,1621296000019,0.0001
AVAXUSDT,1621324800001,0.0001881
AVAXUSDT,1621353600006,0.0001
AVAXUSDT,1621382400000,0.0001
AVAXUSDT,1621411200003,0.0001
AVAXUSDT,1621440000018,-0.0075
AVAXUSDT,1621468800005,-0.00019453
AVAXUSDT,1621497600000,-0.00120828
AVAXUSDT,1621526400005,-0.00069833
AVAXUSDT,1621555200000,-0.00040509
AVAXUSDT,1621584000000,-0.00050562
AVAXUSDT,1621612800001,-0.00046944
AVAXUSDT,1621641600001,-0.00088362
AVAXUSDT,1621670400002,-0.00097745
AVAXUSDT,1621699200005,0.00002023
AVAXUSDT,1621728000006,-0.00040617
AVAXUSDT,1621756800004,-0.00058936
AVAXUSDT,1621785600002,0.0001
AVAXUSDT,1621814400007,-0.00089841
AVAXUSDT,1621843200005,-0.00016171
AVAXUSDT,1621872000005,-0.00023792
AVAXUSDT,1621900800000,0.0001
AVAXUSDT,1621929600014,0.0001
AVAXUSDT,1621958400000,0.0001
AVAXUSDT,1621987200022,0.0001
AVAXUSDT,1622016000018,0.0001
AVAXUSDT,1622044800004,0.0001
AVAXUSDT,1622073600000,0.0001
AVAXUSDT,1622102400017,0.0001
AVAXUSDT,1622131200000,0.0001
AVAXUSDT,1622160000005,0.0001
AVAXUSDT,1622188800009,0.0001
AVAXUSDT,1622217600000,0.0001
AVAXUSDT,1622246400006,0.0001
AVAXUSDT,1622275200000,0.0001
AVAXUSDT,1622304000000,0.00000032
AVAXUSDT,1622332800003,-0.00004764
AVAXUSDT,1622361600004,0.00002957
AVAXUSDT,1622390400018,0.0001
AVAXUSDT,1622419200002,0.0001
AVAXUSDT,1622448000000,-0.0000293
AVAXUSDT,1622476800000,0.0001
AVAXUSDT,1622505600001,0.0001
AVAXUSDT,1622534400010,0.0001
AVAXUSDT,1622563200010,0.0001
AVAXUSDT,1622592000008,0.0001
AVAXUSDT,1622620800000,0.0001
AVAXUSDT,1622649600007,0.0001
AVAXUSDT,1622678400019,0.0001
AVAXUSDT,1622707200002,0.0001
AVAXUSDT,1622736000003,0.0001
AVAXUSDT,1622764800003,0.0001
AVAXUSDT,1622793600006,0.0001
AVAXUSDT,1622822400002,0.0001
AVAXUSDT,1622851200000,0.0001
AVAXUSDT,1622880000004,0.0001
AVAXUSDT,1622908800020,-0.00020769
AVAXUSDT,1622937600000,-0.00002837
AVAXUSDT,1622966400004,-0.00013513
AVAXUSDT,1622995200000,0.00000067
AVAXUSDT,1623024000007,-0.00025655
AVAXUSDT,1623052800007,0.0001
AVAXUSDT,1623081600003,0.0001
AVAXUSDT,1623110400000,0.0001
AVAXUSDT,1623139200000,-0.00017822
AVAXUSDT,1623168000002,-0.00015115
AVAXUSDT,1623196800009,-0.00037451
AVAXUSDT,1623225600002,-0.00035328
AVAXUSDT,1623254400000,-0.00024281
AVAXUSDT,1623283200007,0.00009084
AVAXUSDT,1623312000003,0.0001
AVAXUSDT,1623340800000,0.0001
AVAXUSDT,1623369600010,0.0001
AVAXUSDT,1623398400007,0.0001
AVAXUSDT,1623427200006,0.0001
AVAXUSDT,1623456000005,0.00005991
AVAXUSDT,1623484800000,-0.00021445
AVAXUSDT,1623513600018,0.0001
AVAXUSDT,1623542400002,-0.000003
AVAXUSDT,1623571200000,0.00002949
AVAXUSDT,1623600000003,0.00006736
AVAXUSDT,1623628800000,0.00002041
AVAXUSDT,1623657600015,0.0000809
AVAXUSDT,1623686400000,0.0001
AVAXUSDT,1623715200000,0.0001
AVAXUSDT,1623744000000,0.0001
AVAXUSDT,1623772800004,0.0001
AVAXUSDT,1623801600004,0.0001
AVAXUSDT,1623830400001,0.0001
AVAXUSDT,1623859200000,0.0001
AVAXUSDT,1623888000004,0.0001
AVAXUSDT,1623916800000,0.0001
AVAXUSDT,1623945600002,0.0001
AVAXUSDT,1623974400009,0.0001
AVAXUSDT,1624003200014,0.0001
AVAXUSDT,1624032000007,0.0001
AVAXUSDT,1624060800003,0.0001
AVAXUSDT,1624089600001,0.00009203
AVAXUSDT,1624118400000,0.0001
AVAXUSDT,1624147200005,0.0001
AVAXUSDT,1624176000000,0.0001
AVAXUSDT,1624204800002,-0.00001332
AVAXUSDT,1624233600019,0.0001
AVAXUSDT,1624262400000,0.0001
AVAXUSDT,1624291200024,-0.00004397
AVAXUSDT,1624320000008,0.00002319
AVAXUSDT,1624348800009,-0.00001076
AVAXUSDT,1624377600001,-0.00008678
AVAXUSDT,1624406400003,-0.00005199
AVAXUSDT,1624435200000,0.0001
AVAXUSDT,1624464000000,0.0000637
AVAXUSDT,1624492800009,-0.00018326
AVAXUSDT,1624521600018,0.0001
AVAXUSDT,1624550400001,0.0001
AVAXUSDT,1624579200009,0.0001
AVAXUSDT,1624608000004,0.0001
AVAXUSDT,1624636800000,0.0001
AVAXUSDT,1624665600007,0.0001
AVAXUSDT,1624694400000,0.0001
AVAXUSDT,1624723200002,0.0001
AVAXUSDT,1624752000005,0.0001
AVAXUSDT,1624780800010,0.00000033
AVAXUSDT,1624809600001,0.00002239
AVAXUSDT,1624838400025,0.0001
AVAXUSDT,1624867200017,0.0001
AVAXUSDT,1624896000007,0.0001
AVAXUSDT,1624924800008,0.0001
AVAXUSDT,1624953600000,0.0001
AVAXUSDT,1624982400000,0.0001
AVAXUSDT,1625011200011,0.0001
AVAXUSDT,1625040000044,0.0001
AVAXUSDT,1625068800005,0.0001
AVAXUSDT,1625097600000,0.0001
AVAXUSDT,1625126400004,0.0001
AVAXUSDT,1625155200028,0.0001
AVAXUSDT,1625184000002,0.0001
AVAXUSDT,1625212800016,0.0001
AVAXUSDT,1625241600007,-0.00042949
AVAXUSDT,1625270400008,-0.00006271
AVAXUSDT,1625299200000,-0.00004016
AVAXUSDT,1625328000004,0.0000975
AVAXUSDT,1625356800012,0.0001
AVAXUSDT,1625385600002,0.0001
AVAXUSDT,1625414400003,0.0001
AVAXUSDT,1625443200004,0.0001
AVAXUSDT,1625472000000,0.0001
AVAXUSDT,1625500800009,0.0001
AVAXUSDT,1625529600008,0.0001
AVAXUSDT,1625558400019,0.0001
AVAXUSDT,1625587200000,0.0001
AVAXUSDT,1625616000007,0.0001
AVAXUSDT,1625644800001,0.0001
AVAXUSDT,1625673600008,0.0001
AVAXUSDT,1625702400002,0.0001
AVAXUSDT,1625731200010,0.0001
AVAXUSDT,1625760000003,0.0001
AVAXUSDT,1625788800000,0.0001
AVAXUSDT,1625817600006,0.0001
AVAXUSDT,1625846400000,0.0001
AVAXUSDT,1625875200002,0.0001
AVAXUSDT,1625904000000,0.0001
AVAXUSDT,1625932800001,0.0001
AVAXUSDT,1625961600001,0.0001
AVAXUSDT,1625990400025,0.0001
AVAXUSDT,1626019200006,0.0001
AVAXUSDT,1626048000000,0.0001
AVAXUSDT,1626076800021,0.0001
AVAXUSDT,1626105600000,0.0001
AVAXUSDT,1626134400000,0.0001
AVAXUSDT,1626163200013,0.0001
AVAXUSDT,1626192000005,0.0001
AVAXUSDT,1626220800000,0.0001
AVAXUSDT,1626249600000,0.0001
AVAXUSDT,1626278400005,-0.00000569
AVAXUSDT,1626307200005,0.0001
AVAXUSDT,1626336000001,0.0001
AVAXUSDT,1626364800000,0.0001
AVAXUSDT,1626393600000,0.0001
AVAXUSDT,1626422400000,0.0001
AVAXUSDT,1626451200001,0.0001
AVAXUSDT,1626480000004,0.0001
AVAXUSDT,1626508800009,0.0001
AVAXUSDT,1626537600006,0.0001
AVAXUSDT,1626566400000,0.0001
AVAXUSDT,1626595200001,0.0001
AVAXUSDT,1626624000003,0.0001
AVAXUSDT,1626652800002,0.0001
AVAXUSDT,1626681600006,0.0001
AVAXUSDT,1626710400006,-0.00001971
AVAXUSDT,1626739200002,0.0001
AVAXUSDT,1626768000011,-0.00001499
AVAXUSDT,1626796800001,0.00003914
AVAXUSDT,1626825600022,-0.00015321
AVAXUSDT,1626854400000,-0.00008962
AVAXUSDT,1626883200018,0.00004257
AVAXUSDT,1626912000002,0.0001
AVAXUSDT,1626940800006,0.0001
AVAXUSDT,1626969600010,0.0001
AVAXUSDT,1626998400013,0.0001
AVAXUSDT,1627027200000,0.0001
AVAXUSDT,1627056000005,0.0001
AVAXUSDT,1627084800000,0.0001
AVAXUSDT,1627113600002,0.0001
AVAXUSDT,1627142400001,0.0001
AVAXUSDT,1627171200003,0.0001
AVAXUSDT,1627200000015,0.0001
AVAXUSDT,1627228800000,0.0001
AVAXUSDT,1627257600000,0.0001
AVAXUSDT,1627286400000,0.0001
AVAXUSDT,1627315200000,0.0001
AVAXUSDT,1627344000046,0.0001
AVAXUSDT,1627372800014,0.0001
AVAXUSDT,1627401600007,0.0001
AVAXUSDT,1627430400000,0.0001
AVAXUSDT,1627459200002,0.0001
AVAXUSDT,1627488000005,0.0001
AVAXUSDT,1627516800004,0.0001
AVAXUSDT,1627545600000,0.0001
AVAXUSDT,1627574400007,0.0001
AVAXUSDT,1627603200004,0.0001
AVAXUSDT,1627632000000,0.0001
AVAXUSDT,1627660800000,0.0001
AVAXUSDT,1627689600000,0.0001
AVAXUSDT,1627718400014,0.0001
AVAXUSDT,1627747200003,0.0001
AVAXUSDT,1627776000005,0.0001
AVAXUSDT,1627804800016,0.0001
AVAXUSDT,1627833600001,0.0001
AVAXUSDT,1627862400000,0.0001
AVAXUSDT,1627891200014,0.0001
AVAXUSDT,1627920000021,0.0001
AVAXUSDT,1627948800000,0.0001
AVAXUSDT,1627977600000,0.0001
AVAXUSDT,1628006400009,0.0001
AVAXUSDT,1628035200000,0.0001
AVAXUSDT,1628064000000,0.0001
AVAXUSDT,1628092800003,0.0001
AVAXUSDT,1628121600000,0.0001
AVAXUSDT,1628150400000,0.0001
AVAXUSDT,1628179200001,0.0001
AVAXUSDT,1628208000000,0.0001
AVAXUSDT,1628236800004,0.0001
AVAXUSDT,1628265600003,0.0001
AVAXUSDT,1628294400015,0.00016248
AVAXUSDT,1628323200001,0.00038951
AVAXUSDT,1628352000002,0.00027805
AVAXUSDT,1628380800000,0.00010044
AVAXUSDT,1628409600002,0.00049961
AVAXUSDT,1628438400018,0.00040106
AVAXUSDT,1628467200000,0.0001
AVAXUSDT,1628496000000,0.0001
AVAXUSDT,1628524800002,0.00012039
AVAXUSDT,1628553600000,0.00022609
AVAXUSDT,1628582400003,0.00020138
AVAXUSDT,1628611200000,0.00022864
AVAXUSDT,1628640000006,0.00024753
AVAXUSDT,1628668800003,0.00032753
AVAXUSDT,1628697600000,0.00061266
AVAXUSDT,1628726400013,0.00018483
AVAXUSDT,1628755200001,0.00028371
AVAXUSDT,1628784000000,0.00035592
AVAXUSDT,1628812800000,0.0001
AVAXUSDT,1628841600000,0.00043675
AVAXUSDT,1628870400002,0.0004041
AVAXUSDT,1628899200006,0.00013569
AVAXUSDT,1628928000000,0.00017142
AVAXUSDT,1628956800000,0.00035338
AVAXUSDT,1628985600003,0.00043261
AVAXUSDT,1629014400000,0.00028709
AVAXUSDT,1629043200007,0.00037171
AVAXUSDT,1629072000012,0.00044009
AVAXUSDT,1629100800003,0.00073753
AVAXUSDT,1629129600010,0.00076449
AVAXUSDT,1629158400018,0.00036538
AVAXUSDT,1629187200015,0.00038245
AVAXUSDT,1629216000006,0.00068894
AVAXUSDT,1629244800000,0.00023147
AVAXUSDT,1629273600000,0.0001
AVAXUSDT,1629302400011,0.0001
AVAXUSDT,1629331200000,0.00028811
AVAXUSDT,1629360000014,0.0001
AVAXUSDT,1629388800000,0.00024116
AVAXUSDT,1629417600000,0.0001
AVAXUSDT,1629446400001,0.00043825
AVAXUSDT,1629475200001,0.00048775
AVAXUSDT,1629504000005,0.00011027
AVAXUSDT,1629532800001,0.0003564
AVAXUSDT,1629561600000,0.00072595
AVAXUSDT,1629590400005,0.00063949
AVAXUSDT,1629619200007,0.00087499
AVAXUSDT,1629648000002,0.00082384
AVAXUSDT,1629676800003,0.00074202
AVAXUSDT,1629705600005,0.00117026
AVAXUSDT,1629734400002,0.00058563
AVAXUSDT,1629763200006,0.00058721
AVAXUSDT,1629792000004,0.00094986
AVAXUSDT,1629820800000,0.0005912
AVAXUSDT,1629849600015,0.0001
AVAXUSDT,1629878400000,0.00078029
AVAXUSDT,1629907200000,0.0002333
AVAXUSDT,1629936000001,0.00034118
AVAXUSDT,1629964800016,0.00031371
AVAXUSDT,1629993600004,0.0001
AVAXUSDT,1630022400013,0.00042696
AVAXUSDT,1630051200001,0.0001
AVAXUSDT,1630080000004,0.0001
AVAXUSDT,1630108800000,0.0001
AVAXUSDT,1630137600000,0.00022514
AVAXUSDT,1630166400000,0.00024491
AVAXUSDT,1630195200000,0.00076675
AVAXUSDT,1630224000002,0.0001
AVAXUSDT,1630252800005,0.00017392
AVAXUSDT,1630281600013,0.0002654
AVAXUSDT,1630310400008,0.00011747
AVAXUSDT,1630339200000,0.00072146
AVAXUSDT,1630368000000,0.00063107
AVAXUSDT,1630396800007,0.0001
AVAXUSDT,1630425600003,0.00018147
AVAXUSDT,1630454400000,0.00026261
AVAXUSDT,1630483200006,0.00046027
AVAXUSDT,1630512000000,0.00083603
AVAXUSDT,1630540800009,0.0001
AVAXUSDT,1630569600006,0.00098068
AVAXUSDT,1630598400007,0.00102775
AVAXUSDT,1630627200011,0.00118344
AVAXUSDT,1630656000000,0.00128751
AVAXUSDT,1630684800002,0.0007877
AVAXUSDT,1630713600003,0.00028096
AVAXUSDT,1630742400008,0.0007952
AVAXUSDT,1630771200009,0.00091406
AVAXUSDT,1630800000002,0.00105575
AVAXUSDT,1630828800002,0.00101964
AVAXUSDT,1630857600000,0.00149203
AVAXUSDT,1630886400003,0.00139974
AVAXUSDT,1630915200008,0.00152602
AVAXUSDT,1630944000009,0.00037896
AVAXUSDT,1630972800004,0.00069411
AVAXUSDT,1631001600002,0.00055817
AVAXUSDT,1631030400001,-0.00344103
AVAXUSDT,1631059200005,0.0005328
AVAXUSDT,1631088000000,0.0001
AVAXUSDT,1631116800000,0.00013464
AVAXUSDT,1631145600006,0.0001
AVAXUSDT,1631174400014,0.0002885
AVAXUSDT,1631203200002,0.00014488
AVAXUSDT,1631232000001,0.0001
AVAXUSDT,1631260800018,0.00024333
AVAXUSDT,1631289600006,0.00026693
AVAXUSDT,1631318400000,0.0001
AVAXUSDT,1631347200001,0.00016568
AVAXUSDT,1631376000000,0.00022746
AVAXUSDT,1631404800000,0.0001
AVAXUSDT,1631433600002,0.0001
AVAXUSDT,1631462400000,0.00029886
AVAXUSDT,1631491200000,0.00032172
AVAXUSDT,1631520000007,0.0001
AVAXUSDT,1631548800005,0.0001
AVAXUSDT,1631577600002,0.0001
AVAXUSDT,1631606400000,0.0001
AVAXUSDT,1631635200007,0.0001
AVAXUSDT,1631664000012,0.0001
AVAXUSDT,1631692800003,0.0001
AVAXUSDT,1631721600006,0.0001
AVAXUSDT,1631750400008,0.0001
AVAXUSDT,1631779200005,0.00015676
AVAXUSDT,1631808000002,0.00013042
AVAXUSDT,1631836800000,0.0002019
AVAXUSDT,1631865600047,0.0001
AVAXUSDT,1631894400013,0.0001
AVAXUSDT,1631923200000,0.0001
AVAXUSDT,1631952000010,0.0001
AVAXUSDT,1631980800005,0.0001
AVAXUSDT,1632009600006,0.00027023
AVAXUSDT,1632038400015,0.0001
AVAXUSDT,1632067200007,0.0001
AVAXUSDT,1632096000018,0.0001
AVAXUSDT,1632124800000,0.0001
AVAXUSDT,1632153600005,0.0001
AVAXUSDT,1632182400005,0.0001
AVAXUSDT,1632211200007,0.0001
AVAXUSDT,1632240000000,0.0001
AVAXUSDT,1632268800005,0.0001
AVAXUSDT,1632297600006,0.0001
AVAXUSDT,1632326400000,0.0001
AVAXUSDT,1632355200003,0.0001
AVAXUSDT,1632384000000,0.0001
AVAXUSDT,1632412800007,0.0001
AVAXUSDT,1632441600000,0.0001
AVAXUSDT,1632470400017,0.0001
AVAXUSDT,1632499200000,0.0001
AVAXUSDT,1632528000007,0.0001
AVAXUSDT,1632556800002,0.0001
AVAXUSDT,1632585600004,0.0001
AVAXUSDT,1632614400013,0.0001
AVAXUSDT,1632643200000,0.0001
AVAXUSDT,1632672000005,0.0001
AVAXUSDT,1632700800000,0.0001
AVAXUSDT,1632729600001,0.0001
AVAXUSDT,1632758400000,0.0001
AVAXUSDT,1632787200000,0.0001
AVAXUSDT,1632816000014,0.0001
AVAXUSDT,1632844800000,0.0001
AVAXUSDT,1632873600000,0.0001
AVAXUSDT,1632902400002,0.0001
AVAXUSDT,1632931200000,0.0001
AVAXUSDT,1632960000000,0.0001
AVAXUSDT,1632988800004,0.0001
AVAXUSDT,1633017600005,0.0001
AVAXUSDT,1633046400012,0.0001
AVAXUSDT,1633075200008,0.0001
AVAXUSDT,1633104000000,0.0001
AVAXUSDT,1633132800000,0.0001
AVAXUSDT,1633161600002,0.0001
AVAXUSDT,1633190400011,0.00029807
AVAXUSDT,1633219200019,0.00026592
AVAXUSDT,1633248000011,0.00021543
AVAXUSDT,1633276800004,0.00021273
AVAXUSDT,1633305600004,0.00013029
AVAXUSDT,1633334400000,0.0001
AVAXUSDT,1633363200000,0.0001
AVAXUSDT,1633392000007,0.0001
AVAXUSDT,1633420800007,0.0001
AVAXUSDT,1633449600004,0.0001
AVAXUSDT,1633478400002,0.00012085
AVAXUSDT,1633507200000,0.00016641
AVAXUSDT,1633536000003,0.0001
AVAXUSDT,1633564800007,0.00041677
AVAXUSDT,1633593600002,0.0004577
AVAXUSDT,1633622400000,0.00042452
AVAXUSDT,1633651200011,0.00016532
AVAXUSDT,1633680000003,0.00018067
AVAXUSDT,1633708800002,0.00020486
AVAXUSDT,1633737600006,0.00033875
AVAXUSDT,1633766400003,0.0001
AVAXUSDT,1633795200000,0.0003599
AVAXUSDT,1633824000000,0.00039378
AVAXUSDT,1633852800008,0.00061953
AVAXUSDT,1633881600000,0.00053193
AVAXUSDT,1633910400002,0.0001
AVAXUSDT,1633939200001,0.00015463
AVAXUSDT,1633968000006,0.00016619
AVAXUSDT,1633996800008,0.0001
AVAXUSDT,1634025600013,0.0001
AVAXUSDT,1634054400003,0.0001
AVAXUSDT,1634083200003,0.0001
AVAXUSDT,1634112000015,0.0001
AVAXUSDT,1634140800000,0.0001
AVAXUSDT,1634169600011,0.0001
AVAXUSDT,1634198400017,0.00028053
AVAXUSDT,1634227200000,0.00035052
AVAXUSDT,1634256000005,0.00017816
AVAXUSDT,1634284800002,0.00029278
AVAXUSDT,1634313600005,0.00047397
AVAXUSDT,1634342400009,0.00058628
AVAXUSDT,1634371200000,0.00059077
AVAXUSDT,1634400000003,0.00063936
AVAXUSDT,1634428800001,0.00063286
AVAXUSDT,1634457600002,0.00040444
AVAXUSDT,1634486400002,0.00054839
AVAXUSDT,1634515200006,0.0001
AVAXUSDT,1634544000004,0.00035135
AVAXUSDT,1634572800001,0.00020018
AVAXUSDT,1634601600002,0.00017821
AVAXUSDT,1634630400000,0.000172
AVAXUSDT,1634659200000,0.0001616
AVAXUSDT,1634688000017,0.00027189
AVAXUSDT,1634716800004,0.00011906
AVAXUSDT,1634745600020,0.000489
AVAXUSDT,1634774400000,0.00043778
AVAXUSDT,1634803200000,0.00090985
AVAXUSDT,1634832000008,0.00049338
AVAXUSDT,1634860800005,0.00014308
AVAXUSDT,1634889600005,0.00039838
AVAXUSDT,1634918400018,0.00019628
AVAXUSDT,1634947200005,0.00037982
AVAXUSDT,1634976000001,0.00021333
AVAXUSDT,1635004800004,0.00010636
AVAXUSDT,1635033600006,0.00035136
AVAXUSDT,1635062400012,0.00031614
AVAXUSDT,1635091200001,0.00046671
AVAXUSDT,1635120000012,0.00016138
AVAXUSDT,1635148800002,0.00042359
AVAXUSDT,1635177600022,0.00037555
AVAXUSDT,1635206400005,0.00033795
AVAXUSDT,1635235200016,0.00069608
AVAXUSDT,1635264000000,0.0009357
AVAXUSDT,1635292800004,0.00012931
AVAXUSDT,1635321600000,0.00047735
AVAXUSDT,1635350400002,0.0001
AVAXUSDT,1635379200002,0.0001
AVAXUSDT,1635408000000,0.0001
AVAXUSDT,1635436800005,0.0001
AVAXUSDT,1635465600000,0.0001
AVAXUSDT,1635494400007,0.0001
AVAXUSDT,1635523200001,0.00026339
AVAXUSDT,1635552000000,0.00019116
AVAXUSDT,1635580800001,0.0001
AVAXUSDT,1635609600013,0.00048711
AVAXUSDT,1635638400008,0.00036665
AVAXUSDT,1635667200010,0.00028627
AVAXUSDT,1635696000001,0.0001
AVAXUSDT,1635724800009,0.0001
AVAXUSDT,1635753600014,0.00015895
AVAXUSDT,1635782400001,0.00029348
AVAXUSDT,1635811200000,0.00031692
AVAXUSDT,1635840000007,0.00029338
AVAXUSDT,1635868800010,0.00068169
AVAXUSDT,1635897600019,0.00027981
AVAXUSDT,1635926400000,0.00033321
AVAXUSDT,1635955200005,0.0001
AVAXUSDT,1635984000006,0.0002823
AVAXUSDT,1636012800004,0.0006701
AVAXUSDT,1636041600004,0.00052225
AVAXUSDT,1636070400000,0.0001
AVAXUSDT,1636099200013,0.0001
AVAXUSDT,1636128000016,0.00011211
AVAXUSDT,1636156800010,0.0001031
AVAXUSDT,1636185600000,0.0001
AVAXUSDT,1636214400007,0.0001
AVAXUSDT,1636243200013,0.0001
AVAXUSDT,1636272000005,0.00019396
AVAXUSDT,1636300800004,0.00028429
AVAXUSDT,1636329600001,0.00015954
AVAXUSDT,1636358400000,0.0001
AVAXUSDT,1636387200000,0.00037942
AVAXUSDT,1636416000000,0.00046832
AVAXUSDT,1636444800014,0.00071168
AVAXUSDT,1636473600001,0.00071119
AVAXUSDT,1636502400000,0.00052626
AVAXUSDT,1636531200003,0.0002193
AVAXUSDT,1636560000001,0.00057404
AVAXUSDT,1636588800008,0.0001
AVAXUSDT,1636617600012,0.0001
AVAXUSDT,1636646400007,0.0001
AVAXUSDT,1636675200000,0.0001
AVAXUSDT,1636704000000,0.0001
AVAXUSDT,1636732800004,0.0001
AVAXUSDT,1636761600000,0.0001
AVAXUSDT,1636790400004,0.0001
AVAXUSDT,1636819200006,0.0001
AVAXUSDT,1636848000010,0.00018876
AVAXUSDT,1636876800001,0.00016145
AVAXUSDT,1636905600000,0.00016602
AVAXUSDT,1636934400008,0.0001
AVAXUSDT,1636963200000,0.00037321
AVAXUSDT,1636992000000,0.00037503
AVAXUSDT,1637020800000,0.0001
AVAXUSDT,1637049600001,0.0001
AVAXUSDT,1637078400018,0.0001
AVAXUSDT,1637107200005,0.0001
AVAXUSDT,1637136000007,0.0001
AVAXUSDT,1637164800003,0.0001
AVAXUSDT,1637193600017,0.0001
AVAXUSDT,1637222400007,0.0001
AVAXUSDT,1637251200011,0.0001
AVAXUSDT,1637280000000,0.0001
AVAXUSDT,1637308800000,0.0001
AVAXUSDT,1637337600005,0.0001
AVAXUSDT,1637366400012,0.0001
AVAXUSDT,1637395200000,0.0001
AVAXUSDT,1637424000007,0.0001
AVAXUSDT,1637452800000,0.0001
AVAXUSDT,1637481600006,0.0001
AVAXUSDT,1637510400000,0.0001
AVAXUSDT,1637539200004,0.0001
AVAXUSDT,1637568000000,0.0001
AVAXUSDT,1637596800000,0.00010362
AVAXUSDT,1637625600004,0.0001
AVAXUSDT,1637654400010,0.0001
AVAXUSDT,1637683200005,0.00016125
AVAXUSDT,1637712000001,0.00015391
AVAXUSDT,1637740800003,0.00043818
AVAXUSDT,1637769600010,0.00033467
AVAXUSDT,1637798400000,0.00023072
AVAXUSDT,1637827200010,0.0001
AVAXUSDT,1637856000000,0.0001
AVAXUSDT,1637884800000,0.00027882
AVAXUSDT,1637913600000,0.00016645
AVAXUSDT,1637942400016,0.0001
AVAXUSDT,1637971200005,0.0001
AVAXUSDT,1638000000008,0.0001
AVAXUSDT,1638028800007,0.0001
AVAXUSDT,1638057600018,0.0001
AVAXUSDT,1638086400000,0.0001
AVAXUSDT,1638115200004,0.0001
AVAXUSDT,1638144000002,0.0001
AVAXUSDT,1638172800004,0.0001
AVAXUSDT,1638201600000,0.0001
AVAXUSDT,1638230400000,0.0001
AVAXUSDT,1638259200006,0.0001
AVAXUSDT,1638288000000,0.0001
AVAXUSDT,1638316800000,0.0001
AVAXUSDT,1638345600000,0.0001
AVAXUSDT,1638374400001,0.0001
AVAXUSDT,1638403200000,0.0001
AVAXUSDT,1638432000007,0.0001
AVAXUSDT,1638460800008,0.0001
AVAXUSDT,1638489600004,0.000147
AVAXUSDT,1638518400002,0.0001
AVAXUSDT,1638547200006,0.0001
AVAXUSDT,1638576000006,0.0001
AVAXUSDT,1638604800004,-0.00045304
AVAXUSDT,1638633600000,0.0001
AVAXUSDT,1638662400003,0.0001
AVAXUSDT,1638691200008,0.0001
AVAXUSDT,1638720000007,0.0001
AVAXUSDT,1638748800009,0.0001
AVAXUSDT,1638777600001,0.0001
AVAXUSDT,1638806400000,0.0001
AVAXUSDT,1638835200018,0.00007053
AVAXUSDT,1638864000000,0.00004895
AVAXUSDT,1638892800000,0.0001
AVAXUSDT,1638921600000,0.0001
AVAXUSDT,1638950400018,0.0001
AVAXUSDT,1638979200010,0.0001
AVAXUSDT,1639008000010,0.0001
AVAXUSDT,1639036800000,0.0001
AVAXUSDT,1639065600000,0.0001
AVAXUSDT,1639094400000,0.0001
AVAXUSDT,1639123200008,0.0001
AVAXUSDT,1639152000012,0.0001
AVAXUSDT,1639180800009,0.0001
AVAXUSDT,1639209600008,0.0001
AVAXUSDT,1639238400000,0.0001
AVAXUSDT,1639267200001,-0.00002967
AVAXUSDT,1639296000015,0.0001
AVAXUSDT,1639324800011,0.0001
AVAXUSDT,1639353600006,0.0001
AVAXUSDT,1639382400019,0.0001
AVAXUSDT,1639411200000,0.0001
AVAXUSDT,1639440000004,0.00003555
AVAXUSDT,1639468800000,0.0001
AVAXUSDT,1639497600015,0.0001
AVAXUSDT,1639526400000,0.0001
AVAXUSDT,1639555200008,0.0001
AVAXUSDT,1639584000005,0.0001
AVAXUSDT,1639612800006,0.0001
AVAXUSDT,1639641600009,0.0001
AVAXUSDT,1639670400000,0.00001442
AVAXUSDT,1639699200000,0.0001
AVAXUSDT,1639728000005,0.0001
AVAXUSDT,1639756800006,0.0001
AVAXUSDT,1639785600014,0.0001
AVAXUSDT,1639814400012,0.0001
AVAXUSDT,1639843200000,0.00000198
AVAXUSDT,1639872000031,0.0001
AVAXUSDT,1639900800000,0.0001
AVAXUSDT,1639929600003,0.0001
AVAXUSDT,1639958400015,0.0001
AVAXUSDT,1639987200007,0.0001
AVAXUSDT,1640016000005,0.0001
AVAXUSDT,1640044800003,0.0001
AVAXUSDT,1640073600012,-0.00000695
AVAXUSDT,1640102400005,0.0001
AVAXUSDT,1640131200000,0.0001
AVAXUSDT,1640160000001,0.0001
AVAXUSDT,1640188800006,0.0001
AVAXUSDT,1640217600011,0.0001
AVAXUSDT,1640246400000,0.0001
AVAXUSDT,1640275200000,0.0001
AVAXUSDT,1640304000005,0.0001
AVAXUSDT,1640332800000,0.0001
AVAXUSDT,1640361600011,0.0001
AVAXUSDT,1640390400000,0.0001
AVAXUSDT,1640419200001,0.0001
AVAXUSDT,1640448000005,0.0001
AVAXUSDT,1640476800004,0.0001
AVAXUSDT,1640505600002,0.0001
AVAXUSDT,1640534400000,0.0001
AVAXUSDT,1640563200002,0.0001
AVAXUSDT,1640592000005,0.0001
AVAXUSDT,1640620800000,0.0001
AVAXUSDT,1640649600000,0.0001
AVAXUSDT,1640678400012,0.0001
AVAXUSDT,1640707200000,0.0001
AVAXUSDT,1640736000006,0.0001
AVAXUSDT,1640764800003,0.0001
AVAXUSDT,1640793600004,0.0001
AVAXUSDT,1640822400003,0.0001
AVAXUSDT,1640851200001,0.0001
AVAXUSDT,1640880000017,0.0001
AVAXUSDT,1640908800006,0.0001
AVAXUSDT,1640937600009,0.0001
AVAXUSDT,1640966400000,0.0001
AVAXUSDT,1640995200006,0.0001
AVAXUSDT,1641024000009,0.0001
AVAXUSDT,1641052800000,0.0001
AVAXUSDT,1641081600028,0.0001
AVAXUSDT,1641110400000,0.0001
AVAXUSDT,1641139200000,0.0001
AVAXUSDT,1641168000010,0.0001
AVAXUSDT,1641196800013,0.0001
AVAXUSDT,1641225600018,0.0001
AVAXUSDT,1641254400000,0.0001
AVAXUSDT,1641283200010,0.0001
AVAXUSDT,1641312000002,0.0001
AVAXUSDT,1641340800001,0.0001
AVAXUSDT,1641369600017,0.0001
AVAXUSDT,1641398400000,0.0001
AVAXUSDT,1641427200002,0.0001
AVAXUSDT,1641456000021,0.0001
AVAXUSDT,1641484800006,0.0001
AVAXUSDT,1641513600005,0.00005564
AVAXUSDT,1641542400000,0.0001
AVAXUSDT,1641571200001,0.0001
AVAXUSDT,1641600000014,0.0001
AVAXUSDT,1641628800013,0.0001
AVAXUSDT,1641657600000,0.0001
AVAXUSDT,1641686400003,0.00009328
AVAXUSDT,1641715200000,0.0001
AVAXUSDT,1641744000000,0.0001
AVAXUSDT,1641772800000,-0.00006774
AVAXUSDT,1641801600010,0.00004447
AVAXUSDT,1641830400007,0.0001
AVAXUSDT,1641859200013,-0.0000447
AVAXUSDT,1641888000004,0.00006871
AVAXUSDT,1641916800000,0.0001
AVAXUSDT,1641945600012,-0.00001531
AVAXUSDT,1641974400015,0.0001
AVAXUSDT,1642003200000,-0.00000184
AVAXUSDT,1642032000007,0.0001
AVAXUSDT,1642060800000,0.0001
AVAXUSDT,1642089600014,0.0001
AVAXUSDT,1642118400000,0.0001
AVAXUSDT,1642147200006,0.0001
AVAXUSDT,1642176000014,0.0001
AVAXUSDT,1642204800000,0.0001
AVAXUSDT,1642233600002,0.0001
AVAXUSDT,1642262400000,0.0001
AVAXUSDT,1642291200000,0.0001
AVAXUSDT,1642320000017,0.0001
AVAXUSDT,1642348800011,0.0001
AVAXUSDT,1642377600005,0.0001
AVAXUSDT,1642406400006,0.0001
AVAXUSDT,1642435200012,0.0001
AVAXUSDT,1642464000020,0.00008591
AVAXUSDT,1642492800000,0.0001
AVAXUSDT,1642521600013,0.0001
AVAXUSDT,1642550400001,0.0001
AVAXUSDT,1642579200000,0.0001
AVAXUSDT,1642608000000,0.0001
AVAXUSDT,1642636800015,0.0001
AVAXUSDT,1642665600000,0.0001
AVAXUSDT,1642694400000,0.0001
AVAXUSDT,1642723200007,0.00001824
AVAXUSDT,1642752000015,-0.00010046
AVAXUSDT,1642780800000,0.0001
AVAXUSDT,1642809600017,0.0001
AVAXUSDT,1642838400003,0.0001
AVAXUSDT,1642867200021,-0.0000937
AVAXUSDT,1642896000026,0.00003317
AVAXUSDT,1642924800010,-0.00024242
AVAXUSDT,1642953600009,-0.00018388
AVAXUSDT,1642982400010,0.00008446
AVAXUSDT,1643011200000,-0.00025863
AVAXUSDT,1643040000021,0.0001
AVAXUSDT,1643068800000,0.00009099
AVAXUSDT,1643097600000,0.0001
AVAXUSDT,1643126400012,0.00002645
AVAXUSDT,1643155200000,0.0001
AVAXUSDT,1643184000001,-0.00005691
AVAXUSDT,1643212800005,-0.00007497
AVAXUSDT,1643241600004,-0.00000699
AVAXUSDT,1643270400004,-0.00002035
AVAXUSDT,1643299200019,-0.00051883
AVAXUSDT,1643328000000,0.00003266
AVAXUSDT,1643356800000,-0.00014706
AVAXUSDT,1643385600025,-0.00023195
AVAXUSDT,1643414400017,-0.00003335
AVAXUSDT,1643443200000,-0.00000187
AVAXUSDT,1643472000013,0.0001
AVAXUSDT,1643500800025,-0.00004105
AVAXUSDT,1643529600009,-0.00007063
AVAXUSDT,1643558400000,0.0001
AVAXUSDT,1643587200000,-0.00003554
AVAXUSDT,1643616000000,-0.00008163
AVAXUSDT,1643644800000,-0.00011606
AVAXUSDT,1643673600010,0.0001
AVAXUSDT,1643702400000,0.0001
AVAXUSDT,1643731200004,0.00005953
AVAXUSDT,1643760000004,0.00003667
AVAXUSDT,1643788800000,0.0001
AVAXUSDT,1643817600002,0.00005326
AVAXUSDT,1643846400002,-0.00006439
AVAXUSDT,1643875200000,-0.00016954
AVAXUSDT,1643904000000,-0.00022972
AVAXUSDT,1643932800018,-0.00007393
AVAXUSDT,1643961600005,-0.00016293
AVAXUSDT,1643990400010,0.0000781
AVAXUSDT,1644019200014,0.0001
AVAXUSDT,1644048000000,0.0001
AVAXUSDT,1644076800000,0.0001
AVAXUSDT,1644105600000,0.00009668
AVAXUSDT,1644134400000,0.0001
AVAXUSDT,1644163200000,0.0001
AVAXUSDT,1644192000003,0.0001
AVAXUSDT,1644220800014,0.0001
AVAXUSDT,1644249600003,0.00000761
AVAXUSDT,1644278400001,-0.0000189
AVAXUSDT,1644307200003,-0.0013997
AVAXUSDT,1644336000002,0.0001
AVAXUSDT,1644364800000,-0.00003319
AVAXUSDT,1644393600005,0.0001
AVAXUSDT,1644422400001,-0.00000769
AVAXUSDT,1644451200012,-0.00002012
AVAXUSDT,1644480000000,-0.0000127
AVAXUSDT,1644508800006,0.00003991
AVAXUSDT,1644537600000,0.0001
AVAXUSDT,1644566400009,0.0001
AVAXUSDT,1644595200015,0.00003286
AVAXUSDT,1644624000020,0.0001
AVAXUSDT,1644652800001,0.0001
AVAXUSDT,1644681600007,0.0001
AVAXUSDT,1644710400022,0.00004764
AVAXUSDT,1644739200001,-0.00005262
AVAXUSDT,1644768000007,0.00001087
AVAXUSDT,1644796800005,-0.0000135
AVAXUSDT,1644825600013,0.0000765
AVAXUSDT,1644854400019,0.0001
AVAXUSDT,1644883200012,0.00008633
AVAXUSDT,1644912000005,-0.00004465
AVAXUSDT,1644940800011,0.0001
AVAXUSDT,1644969600009,0.0001
AVAXUSDT,1644998400001,0.0001
AVAXUSDT,1645027200014,0.0001
AVAXUSDT,1645056000018,0.0001
AVAXUSDT,1645084800000,0.0001
AVAXUSDT,1645113600010,0.0001
AVAXUSDT,1645142400000,0.0001
AVAXUSDT,1645171200002,0.00000111
AVAXUSDT,1645200000000,0.0001
AVAXUSDT,1645228800007,0.0000313
AVAXUSDT,1645257600000,-0.00006359
AVAXUSDT,1645286400023,0.0001
AVAXUSDT,1645315200001,0.0001
AVAXUSDT,1645344000003,0.0001
AVAXUSDT,1645372800001,-0.00000277
AVAXUSDT,1645401600000,-0.00000305
AVAXUSDT,1645430400001,-0.00018234
AVAXUSDT,1645459200005,0.00003084
AVAXUSDT,1645488000005,-0.00003268
AVAXUSDT,1645516800000,-0.00006793
AVAXUSDT,1645545600000,-0.00013172
AVAXUSDT,1645574400002,0.0001
AVAXUSDT,1645603200005,-0.00012725
AVAXUSDT,1645632000010,0.0000733
AVAXUSDT,1645660800008,0.0001
AVAXUSDT,1645689600003,-0.00004657
AVAXUSDT,1645718400001,-0.00002217
AVAXUSDT,1645747200000,0.0000948
AVAXUSDT,1645776000006,0.00002619
AVAXUSDT,1645804800001,0.00004088
AVAXUSDT,1645833600004,0.00004298
AVAXUSDT,1645862400004,0.00006736
AVAXUSDT,1645891200007,0.00001519
AVAXUSDT,1645920000012,0.0001
AVAXUSDT,1645948800000,-0.00016257
AVAXUSDT,1645977600000,-0.00016921
AVAXUSDT,1646006400000,-0.00050506
AVAXUSDT,1646035200001,-0.00027448
AVAXUSDT,1646064000002,-0.00021676
AVAXUSDT,1646092800002,0.0001
AVAXUSDT,1646121600001,0.0001
AVAXUSDT,1646150400000,0.0001
AVAXUSDT,1646179200000,0.0001
AVAXUSDT,1646208000000,0.0001
AVAXUSDT,1646236800002,0.0001
AVAXUSDT,1646265600000,0.00005931
AVAXUSDT,1646294400000,0.00008065
AVAXUSDT,1646323200005,0.0001
AVAXUSDT,1646352000018,0.00002799
AVAXUSDT,1646380800000,0.0001
AVAXUSDT,1646409600000,0.0001
AVAXUSDT,1646438400006,0.0001
AVAXUSDT,1646467200004,-0.00004708
AVAXUSDT,1646496000000,0.00008437
AVAXUSDT,1646524800004,0.0000267
AVAXUSDT,1646553600000,0.00003885
AVAXUSDT,1646582400013,-0.00006126
AVAXUSDT,1646611200008,-0.00004794
AVAXUSDT,1646640000006,-0.00004122
AVAXUSDT,1646668800000,0.0001
AVAXUSDT,1646697600008,0.00002282
AVAXUSDT,1646726400002,0.00009741
AVAXUSDT,1646755200000,0.0001
AVAXUSDT,1646784000008,0.00005622
AVAXUSDT,1646812800000,0.0001
AVAXUSDT,1646841600004,0.0001
AVAXUSDT,1646870400000,0.0001
AVAXUSDT,1646899200017,0.0001
AVAXUSDT,1646928000000,-0.00006631
AVAXUSDT,1646956800008,-0.00009803
AVAXUSDT,1646985600000,0.0001
AVAXUSDT,1647014400001,0.0001
AVAXUSDT,1647043200010,-0.00016509
AVAXUSDT,1647072000001,0.00003061
AVAXUSDT,1647100800002,-0.00001113
AVAXUSDT,1647129600008,-0.0000249
AVAXUSDT,1647158400000,0.00005006
AVAXUSDT,1647187200002,-0.00004471
AVAXUSDT,1647216000014,-0.00011809
AVAXUSDT,1647244800005,-0.00003535
AVAXUSDT,1647273600002,0.0001
AVAXUSDT,1647302400008,-0.00017226
AVAXUSDT,1647331200000,0.00003063
AVAXUSDT,1647360000006,0.0001
AVAXUSDT,1647388800013,0.0001
AVAXUSDT,1647417600000,0.00005689
AVAXUSDT,1647446400008,0.0001
AVAXUSDT,1647475200004,0.0001
AVAXUSDT,1647504000000,0.0001
AVAXUSDT,1647532800004,0.0001
AVAXUSDT,1647561600000,0.0001
AVAXUSDT,1647590400000,0.0001
AVAXUSDT,1647619200017,0.0001
AVAXUSDT,1647648000008,0.0001
AVAXUSDT,1647676800015,0.0001
AVAXUSDT,1647705600000,0.0001
AVAXUSDT,1647734400000,0.0001
AVAXUSDT,1647763200001,0.0001
AVAXUSDT,1647792000002,0.0001
AVAXUSDT,1647820800013,0.0001
AVAXUSDT,1647849600004,0.0000359
AVAXUSDT,1647878400010,0.0001
AVAXUSDT,1647907200012,0.00006931
AVAXUSDT,1647936000001,0.00003112
AVAXUSDT,1647964800022,-0.00001239
AVAXUSDT,1647993600007,-0.00018292
AVAXUSDT,1648022400000,-0.00005169
AVAXUSDT,1648051200006,0.0001
AVAXUSDT,1648080000013,-0.00012162
AVAXUSDT,1648108800006,0.0001
AVAXUSDT,1648137600020,0.0001
AVAXUSDT,1648166400010,0.0001
AVAXUSDT,1648195200001,0.0001
AVAXUSDT,1648224000014,-0.00011958
AVAXUSDT,1648252800020,-0.00005318
AVAXUSDT,1648281600006,0.00004314
AVAXUSDT,1648310400000,0.0001
AVAXUSDT,1648339200004,0.0001
AVAXUSDT,1648368000001,0.0001
AVAXUSDT,1648396800006,0.0001
AVAXUSDT,1648425600012,0.0001
AVAXUSDT,1648454400007,0.0001
AVAXUSDT,1648483200000,0.0001
AVAXUSDT,1648512000000,0.0001
AVAXUSDT,1648540800015,0.0001
AVAXUSDT,1648569600000,0.0001
AVAXUSDT,1648598400000,0.0001
AVAXUSDT,1648627200002,0.0001
AVAXUSDT,1648656000028,0.0001
AVAXUSDT,1648684800017,0.0001
AVAXUSDT,1648713600000,0.0001
AVAXUSDT,1648742400015,0.0001
AVAXUSDT,1648771200000,0.0001
AVAXUSDT,1648800000000,0.0001
AVAXUSDT,1648828800018,0.0001
AVAXUSDT,1648857600000,0.0001
AVAXUSDT,1648886400002,0.0001
AVAXUSDT,1648915200006,0.0001
AVAXUSDT,1648944000018,0.0001
AVAXUSDT,1648972800018,0.0001
AVAXUSDT,1649001600015,0.0001
AVAXUSDT,1649030400006,0.0001
AVAXUSDT,1649059200000,0.0001
AVAXUSDT,1649088000016,0.0001
AVAXUSDT,1649116800000,0.00000527
AVAXUSDT,1649145600010,0.0001
AVAXUSDT,1649174400008,0.0001
AVAXUSDT,1649203200001,0.0001
AVAXUSDT,1649232000021,0.00005217
AVAXUSDT,1649260800000,0.0001
AVAXUSDT,1649289600009,-0.00005116
AVAXUSDT,1649318400000,0.00003521
AVAXUSDT,1649347200000,-0.0000584
AVAXUSDT,1649376000000,-0.00025265
AVAXUSDT,1649404800004,-0.00000504
AVAXUSDT,1649433600008,0.0001
AVAXUSDT,1649462400008,0.00007979
AVAXUSDT,1649491200000,-0.00011013
AVAXUSDT,1649520000001,0.00000748
AVAXUSDT,1649548800004,-0.00003031
AVAXUSDT,1649577600007,0.0001
AVAXUSDT,1649606400016,0.0001
AVAXUSDT,1649635200000,0.00008144
AVAXUSDT,1649664000000,0.0001
AVAXUSDT,1649692800009,0.00006532
AVAXUSDT,1649721600000,-0.00012914
AVAXUSDT,1649750400006,-0.00001521
AVAXUSDT,1649779200013,-0.00003163
AVAXUSDT,1649808000005,0.00005465
AVAXUSDT,1649836800008,-0.00008607
AVAXUSDT,1649865600013,0.00003619
AVAXUSDT,1649894400007,0.00008875
AVAXUSDT,1649923200000,0.00005235
AVAXUSDT,1649952000006,0.0001
AVAXUSDT,1649980800008,0.0001
AVAXUSDT,1650009600002,0.00006952
AVAXUSDT,1650038400000,0.00001825
AVAXUSDT,1650067200011,0.0001
AVAXUSDT,1650096000007,0.00009237
AVAXUSDT,1650124800007,0.00004213
AVAXUSDT,1650153600000,0.0001
AVAXUSDT,1650182400004,0.0001
AVAXUSDT,1650211200000,0.0001
AVAXUSDT,1650240000008,0.0001
AVAXUSDT,1650268800012,-0.00005015
AVAXUSDT,1650297600000,-0.00002996
AVAXUSDT,1650326400021,0.0001
AVAXUSDT,1650355200031,0.0001
AVAXUSDT,1650384000000,0.0001
AVAXUSDT,1650412800025,0.0001
AVAXUSDT,1650441600003,0.0001
AVAXUSDT,1650470400000,0.0001
AVAXUSDT,1650499200000,0.00004648
AVAXUSDT,1650528000000,0.0001
AVAXUSDT,1650556800024,0.0001
AVAXUSDT,1650585600008,-0.00007409
AVAXUSDT,1650614400008,-0.00004311
AVAXUSDT,1650643200008,0.0001
AVAXUSDT,1650672000000,0.0001
AVAXUSDT,1650700800000,0.0001
AVAXUSDT,1650729600012,0.0001
AVAXUSDT,1650758400004,0.0001
AVAXUSDT,1650787200003,-0.00013078
AVAXUSDT,1650816000000,0.0000102
AVAXUSDT,1650844800008,0.0001
AVAXUSDT,1650873600018,-0.00004509
AVAXUSDT,1650902400000,-0.00017067
AVAXUSDT,1650931200014,0.0001
AVAXUSDT,1650960000000,0.0001
AVAXUSDT,1650988800017,-0.0000194
AVAXUSDT,1651017600012,-0.00008763
AVAXUSDT,1651046400000,-0.00001565
AVAXUSDT,1651075200002,0.0001
AVAXUSDT,1651104000000,-0.00002806
AVAXUSDT,1651132800004,0.00007038
AVAXUSDT,1651161600030,0.00005019
AVAXUSDT,1651190400000,-0.00010462
AVAXUSDT,1651219200016,0.0000161
AVAXUSDT,1651248000010,-0.00013279
AVAXUSDT,1651276800000,-0.00013409
AVAXUSDT,1651305600005,0.0001
AVAXUSDT,1651334400015,-0.00001952
AVAXUSDT,1651363200000,-0.00032861
AVAXUSDT,1651392000000,-0.00022359
AVAXUSDT,1651420800010,-0.0001393
AVAXUSDT,1651449600018,0.00003157
AVAXUSDT,1651478400007,-0.00016964
AVAXUSDT,1651507200000,-0.00025609
AVAXUSDT,1651536000006,-0.00005582
AVAXUSDT,1651564800000,-0.00013535
AVAXUSDT,1651593600021,0.00000324
AVAXUSDT,1651622400007,-0.00010224
AVAXUSDT,1651651200011,-0.00011753
AVAXUSDT,1651680000000,-0.00002701
AVAXUSDT,1651708800005,0.0001
AVAXUSDT,1651737600019,0.0001
AVAXUSDT,1651766400005,0.00002819
AVAXUSDT,1651795200005,-0.00026094
AVAXUSDT,1651824000001,-0.0001059
AVAXUSDT,1651852800010,-0.00002998
AVAXUSDT,1651881600004,-0.00013977
AVAXUSDT,1651910400016,-0.00012527
AVAXUSDT,1651939200011,-0.00001425
AVAXUSDT,1651968000000,0.00001776
AVAXUSDT,1651996800007,0.00006815
AVAXUSDT,1652025600015,0.0001
AVAXUSDT,1652054400000,0.00004748
AVAXUSDT,1652083200001,0.00001037
AVAXUSDT,1652112000000,-0.000054
AVAXUSDT,1652140800000,-0.00023181
AVAXUSDT,1652169600007,-0.00012447
AVAXUSDT,1652198400008,-0.00028688
AVAXUSDT,1652227200004,-0.00029213
AVAXUSDT,1652256000007,-0.00075956
AVAXUSDT,1652284800008,-0.00058614
AVAXUSDT,1652313600014,-0.00054573
AVAXUSDT,1652342400000,-0.00128784
AVAXUSDT,1652371200007,-0.00022346
AVAXUSDT,1652400000014,-0.00020965
AVAXUSDT,1652428800001,-0.00018515
AVAXUSDT,1652457600000,0.0000661
AVAXUSDT,1652486400000,-0.00017923
AVAXUSDT,1652515200000,-0.00019336
AVAXUSDT,1652544000001,-0.00000906
AVAXUSDT,1652572800000,0.00006411
AVAXUSDT,1652601600000,0.0001
AVAXUSDT,1652630400000,0.0001
AVAXUSDT,1652659200021,0.00005682
AVAXUSDT,1652688000013,-0.00012959
AVAXUSDT,1652716800006,0.00009463
AVAXUSDT,1652745600000,-0.0000967
AVAXUSDT,1652774400010,-0.00005521
AVAXUSDT,1652803200023,-0.00013521
AVAXUSDT,1652832000003,-0.00028095
AVAXUSDT,1652860800024,-0.0001734
AVAXUSDT,1652889600014,-0.00022931
AVAXUSDT,1652918400000,-0.000351
AVAXUSDT,1652947200008,-0.00016709
AVAXUSDT,1652976000015,-0.00012438
AVAXUSDT,1653004800001,-0.00009749
AVAXUSDT,1653033600003,-0.00013397
AVAXUSDT,1653062400012,0.0000082
AVAXUSDT,1653091200008,-0.0005469
AVAXUSDT,1653120000001,-0.00040853
AVAXUSDT,1653148800007,-0.00026439
AVAXUSDT,1653177600003,-0.00017427
AVAXUSDT,1653206400016,-0.00006929
AVAXUSDT,1653235200000,0.00005985
AVAXUSDT,1653264000011,-0.00008653
AVAXUSDT,1653292800000,-0.00000825
AVAXUSDT,1653321600023,-0.00014806
AVAXUSDT,1653350400011,-0.00051343
AVAXUSDT,1653379200000,-0.0003183
AVAXUSDT,1653408000009,-0.00049738
AVAXUSDT,1653436800001,-0.00060233
AVAXUSDT,1653465600000,-0.00021397
AVAXUSDT,1653494400015,-0.00023972
AVAXUSDT,1653523200005,-0.00006481
AVAXUSDT,1653552000001,-0.00032587
AVAXUSDT,1653580800000,-0.00048658
AVAXUSDT,1653609600007,-0.00027992
AVAXUSDT,1653638400008,-0.00026401
AVAXUSDT,1653667200000,-0.00006224
AVAXUSDT,1653696000018,-0.00022219
AVAXUSDT,1653724800016,0.0000834
AVAXUSDT,1653753600013,-0.00009735
AVAXUSDT,1653782400000,0.00002008
AVAXUSDT,1653811200025,-0.00022127
AVAXUSDT,1653840000002,0.00004002
AVAXUSDT,1653868800000,-0.0001988
AVAXUSDT,1653897600013,-0.00003255
AVAXUSDT,1653926400005,0.00003844
AVAXUSDT,1653955200016,-0.00011926
AVAXUSDT,1653984000000,0.0001
AVAXUSDT,1654012800000,-0.00001966
AVAXUSDT,1654041600000,-0.00008331
AVAXUSDT,1654070400011,-0.00009633
AVAXUSDT,1654099200000,-0.00004792
AVAXUSDT,1654128000000,-0.00015497
AVAXUSDT,1654156800006,-0.00003296
AVAXUSDT,1654185600021,-0.00006058
AVAXUSDT,1654214400016,-0.00005184
AVAXUSDT,1654243200016,-0.00004587
AVAXUSDT,1654272000012,-0.00018001
AVAXUSDT,1654300800005,-0.00016644
AVAXUSDT,1654329600000,0.00004031
AVAXUSDT,1654358400007,-0.00008952
AVAXUSDT,1654387200005,-0.00017238
AVAXUSDT,1654416000015,0.0001
AVAXUSDT,1654444800000,0.0001
AVAXUSDT,1654473600000,0.0001
AVAXUSDT,1654502400017,0.0001
AVAXUSDT,1654531200000,0.0001
AVAXUSDT,1654560000000,0.00007706
AVAXUSDT,1654588800011,-0.00008507
AVAXUSDT,1654617600000,-0.0000474
AVAXUSDT,1654646400008,0.0001
AVAXUSDT,1654675200020,0.00005066
AVAXUSDT,1654704000012,0.0001
AVAXUSDT,1654732800000,0.00006617
AVAXUSDT,1654761600000,-0.000007
AVAXUSDT,1654790400000,0.00006197
AVAXUSDT,1654819200009,0.00003956
AVAXUSDT,1654848000000,0.00006761
AVAXUSDT,1654876800006,-0.00034653
AVAXUSDT,1654905600018,-0.00012106
AVAXUSDT,1654934400014,-0.00014259
AVAXUSDT,1654963200000,-0.00050123
AVAXUSDT,1654992000015,-0.00033509
AVAXUSDT,1655020800019,-0.00044071
AVAXUSDT,1655049600010,-0.00022681
AVAXUSDT,1655078400009,-0.00024702
AVAXUSDT,1655107200000,-0.00057981
AVAXUSDT,1655136000007,-0.00034753
AVAXUSDT,1655164800013,-0.0002674
AVAXUSDT,1655193600008,-0.00026683
AVAXUSDT,1655222400006,-0.00040631
AVAXUSDT,1655251200000,-0.00045364
AVAXUSDT,1655280000016,-0.00035776
AVAXUSDT,1655308800008,-0.00010931
AVAXUSDT,1655337600009,-0.00017259
AVAXUSDT,1655366400016,0.0001
AVAXUSDT,1655395200000,-0.00033615
AVAXUSDT,1655424000008,-0.00032282
AVAXUSDT,1655452800003,-0.00025993
AVAXUSDT,1655481600000,-0.00027765
AVAXUSDT,1655510400020,-0.00004872
AVAXUSDT,1655539200025,-0.00069754
AVAXUSDT,1655568000014,-0.00034177
AVAXUSDT,1655596800012,-0.00011139
AVAXUSDT,1655625600012,-0.00012943
AVAXUSDT,1655654400008,-0.00010815
AVAXUSDT,1655683200016,0.0001
AVAXUSDT,1655712000000,0.0001
AVAXUSDT,1655740800013,0.0001
AVAXUSDT,1655769600012,0.0001
AVAXUSDT,1655798400018,0.0001
AVAXUSDT,1655827200010,0.0001
AVAXUSDT,1655856000000,-0.00018811
AVAXUSDT,1655884800001,-0.0000432
AVAXUSDT,1655913600012,0.00004156
AVAXUSDT,1655942400000,0.00004911
AVAXUSDT,1655971200000,0.00009899
AVAXUSDT,1656000000016,-0.0000616
AVAXUSDT,1656028800005,0.0001
AVAXUSDT,1656057600004,0.0001
AVAXUSDT,1656086400018,0.0001
AVAXUSDT,1656115200001,0.00003333
AVAXUSDT,1656144000010,-0.00004211
AVAXUSDT,1656172800000,0.0001
AVAXUSDT,1656201600002,0.0001
AVAXUSDT,1656230400016,0.0001
AVAXUSDT,1656259200006,-0.00009021
AVAXUSDT,1656288000008,0.00002963
AVAXUSDT,1656316800000,0.00003678
AVAXUSDT,1656345600016,0.0001
AVAXUSDT,1656374400016,-0.00009046
AVAXUSDT,1656403200001,-0.00009551
AVAXUSDT,1656432000005,0.00000928
AVAXUSDT,1656460800000,-0.00003331
AVAXUSDT,1656489600013,-0.00004193
AVAXUSDT,1656518400000,-0.00016529
AVAXUSDT,1656547200000,-0.00033248
AVAXUSDT,1656576000000,-0.00006274
AVAXUSDT,1656604800000,-0.00036037
AVAXUSDT,1656633600001,-0.00032846
AVAXUSDT,1656662400017,-0.00053371
AVAXUSDT,1656691200005,-0.00025034
AVAXUSDT,1656720000000,-0.00007651
AVAXUSDT,1656748800000,-0.00005881
AVAXUSDT,1656777600008,-0.00013895
AVAXUSDT,1656806400015,0.00007548
AVAXUSDT,1656835200004,-0.00033828
AVAXUSDT,1656864000005,-0.00019384
AVAXUSDT,1656892800021,-0.00019556
AVAXUSDT,1656921600001,-0.00021084
AVAXUSDT,1656950400000,-0.00033619
AVAXUSDT,1656979200000,-0.00015367
AVAXUSDT,1657008000000,-0.00006908
AVAXUSDT,1657036800015,-0.00012386
AVAXUSDT,1657065600006,0.00001825
AVAXUSDT,1657094400000,-0.00003819
AVAXUSDT,1657123200000,-0.00003918
AVAXUSDT,1657152000010,0.00004828
AVAXUSDT,1657180800010,-0.00012556
AVAXUSDT,1657209600011,-0.00009335
AVAXUSDT,1657238400008,0.00007256
AVAXUSDT,1657267200009,0.00001185
AVAXUSDT,1657296000000,-0.00004694
AVAXUSDT,1657324800000,-0.00000343
AVAXUSDT,1657353600000,0.0001
AVAXUSDT,1657382400009,-0.00031711
AVAXUSDT,1657411200001,0.00001077
AVAXUSDT,1657440000002,-0.00003349
AVAXUSDT,1657468800001,0.00000531
AVAXUSDT,1657497600000,-0.0000803
AVAXUSDT,1657526400003,0.00005129
AVAXUSDT,1657555200001,-0.00003959
AVAXUSDT,1657584000000,-0.00010471
AVAXUSDT,1657612800021,0.00002967
AVAXUSDT,1657641600000,-0.00014871
AVAXUSDT,1657670400012,0.00009464
AVAXUSDT,1657699200022,-0.00033534
AVAXUSDT,1657728000005,-0.00052705
AVAXUSDT,1657756800017,-0.00010468
AVAXUSDT,1657785600001,0.0001
AVAXUSDT,1657814400000,-0.00000382
AVAXUSDT,1657843200004,0.0001
AVAXUSDT,1657872000019,0.0001
AVAXUSDT,1657900800017,0.00008818
AVAXUSDT,1657929600021,0.00001235
AVAXUSDT,1657958400014,0.0001
AVAXUSDT,1657987200005,0.00002094
AVAXUSDT,1658016000000,0.0001
AVAXUSDT,1658044800003,0.0001
AVAXUSDT,1658073600007,0.0001
AVAXUSDT,1658102400001,0.0001
AVAXUSDT,1658131200004,0.0001
AVAXUSDT,1658160000019,0.0001
AVAXUSDT,1658188800000,0.0001
AVAXUSDT,1658217600000,0.0001
AVAXUSDT,1658246400001,0.0001
AVAXUSDT,1658275200004,0.0001
AVAXUSDT,1658304000000,0.0001
AVAXUSDT,1658332800003,0.0001
AVAXUSDT,1658361600000,0.0001
AVAXUSDT,1658390400018,0.0001
AVAXUSDT,1658419200011,0.0001
AVAXUSDT,1658448000014,0.0001
AVAXUSDT,1658476800000,0.0001
AVAXUSDT,1658505600000,0.00006143
AVAXUSDT,1658534400004,0.00001853
AVAXUSDT,1658563200002,0.00000793
AVAXUSDT,1658592000001,0.00009958
AVAXUSDT,1658620800000,0.00001455
AVAXUSDT,1658649600011,-0.00007334
AVAXUSDT,1658678400000,-0.00003615
AVAXUSDT,1658707200000,0.00001368
AVAXUSDT,1658736000014,0.0001
AVAXUSDT,1658764800006,0.00007913
AVAXUSDT,1658793600010,-0.00002782
AVAXUSDT,1658822400000,-0.00010227
AVAXUSDT,1658851200000,-0.00013507
AVAXUSDT,1658880000008,-0.00009412
AVAXUSDT,1658908800000,-0.00020447
AVAXUSDT,1658937600003,-0.00018911
AVAXUSDT,1658966400009,0.0001
AVAXUSDT,1658995200008,-0.00006258
AVAXUSDT,1659024000013,-0.00000306
AVAXUSDT,1659052800000,0.0001
AVAXUSDT,1659081600000,0.00006543
AVAXUSDT,1659110400000,0.0001
AVAXUSDT,1659139200005,0.0001
AVAXUSDT,1659168000009,0.0001
AVAXUSDT,1659196800000,0.0001
AVAXUSDT,1659225600022,0.0001
AVAXUSDT,1659254400011,0.0001
AVAXUSDT,1659283200019,0.0001
AVAXUSDT,1659312000010,0.00002026
AVAXUSDT,1659340800019,0.0001
AVAXUSDT,1659369600017,0.00004108
AVAXUSDT,1659398400000,0.0000575
AVAXUSDT,1659427200007,-0.00011643
AVAXUSDT,1659456000014,-0.00000101
AVAXUSDT,1659484800001,-0.00010672
AVAXUSDT,1659513600020,-0.00002543
AVAXUSDT,1659542400008,0.0001
AVAXUSDT,1659571200001,0.0001
AVAXUSDT,1659600000009,0.0001
AVAXUSDT,1659628800015,0.00003801
AVAXUSDT,1659657600005,0.0001
AVAXUSDT,1659686400000,0.0001
AVAXUSDT,1659715200000,0.0001
AVAXUSDT,1659744000021,0.0001
AVAXUSDT,1659772800000,0.0001
AVAXUSDT,1659801600015,0.0001
AVAXUSDT,1659830400013,0.0001
AVAXUSDT,1659859200000,0.0001
AVAXUSDT,1659888000014,0.0001
AVAXUSDT,1659916800009,0.0001
AVAXUSDT,1659945600006,-0.00009173
AVAXUSDT,1659974400000,0.0001
AVAXUSDT,1660003200020,0.0001
AVAXUSDT,1660032000000,0.0001
AVAXUSDT,1660060800000,0.0001
AVAXUSDT,1660089600000,0.0001
AVAXUSDT,1660118400016,0.0001
AVAXUSDT,1660147200018,0.0001
AVAXUSDT,1660176000012,-0.00009479
AVAXUSDT,1660204800000,0.0001
AVAXUSDT,1660233600000,0.0001
AVAXUSDT,1660262400006,0.0001
AVAXUSDT,1660291200000,0.0001
AVAXUSDT,1660320000005,0.0001
AVAXUSDT,1660348800012,0.0001
AVAXUSDT,1660377600006,0.0001
AVAXUSDT,1660406400018,0.0001
AVAXUSDT,1660435200000,0.00008862
AVAXUSDT,1660464000000,0.00007349
AVAXUSDT,1660492800000,-0.00005497
AVAXUSDT,1660521600010,0.00001294
AVAXUSDT,1660550400002,-0.00000729
AVAXUSDT,1660579200010,-0.00003935
AVAXUSDT,1660608000010,-0.00008822
AVAXUSDT,1660636800002,0.0001
AVAXUSDT,1660665600000,0.00001176
AVAXUSDT,1660694400020,0.00004054
AVAXUSDT,1660723200016,0.00000055
AVAXUSDT,1660752000001,0.00006991
AVAXUSDT,1660780800005,-0.00010843
AVAXUSDT,1660809600012,-0.00000706
AVAXUSDT,1660838400013,-0.0001126
AVAXUSDT,1660867200000,-0.00015843
AVAXUSDT,1660896000000,-0.00043601
AVAXUSDT,1660924800009,-0.00042151
AVAXUSDT,1660953600000,-0.00029013
AVAXUSDT,1660982400005,-0.000234
AVAXUSDT,1661011200000,-0.00045359
AVAXUSDT,1661040000010,0.00002546
AVAXUSDT,1661068800013,-0.00007518
AVAXUSDT,1661097600000,-0.00001639
AVAXUSDT,1661126400011,-0.00012082
AVAXUSDT,1661155200005,-0.00007513
AVAXUSDT,1661184000005,0.00005479
AVAXUSDT,1661212800000,0.00005479
AVAXUSDT,1661241600021,-0.00005602
AVAXUSDT,1661270400005,0.00000208
AVAXUSDT,1661299200017,0.00003322
AVAXUSDT,1661328000021,0.00000424
AVAXUSDT,1661356800000,0.00007173
AVAXUSDT,1661385600003,-0.00007721
AVAXUSDT,1661414400000,-0.00000036
AVAXUSDT,1661443200004,-0.00019984
AVAXUSDT,1661472000001,-0.00004429
AVAXUSDT,1661500800004,-0.00002708
AVAXUSDT,1661529600000,-0.00023473
AVAXUSDT,1661558400010,-0.00029125
AVAXUSDT,1661587200007,-0.00046211
AVAXUSDT,1661616000008,-0.00009907
AVAXUSDT,1661644800019,-0.00045148
AVAXUSDT,1661673600000,-0.00016823
AVAXUSDT,1661702400000,-0.00023615
AVAXUSDT,1661731200000,-0.00040737
AVAXUSDT,1661760000000,-0.0004212
AVAXUSDT,1661788800001,-0.00049879
AVAXUSDT,1661817600001,-0.00036987
AVAXUSDT,1661846400005,-0.00023571
AVAXUSDT,1661875200010,-0.00013227
AVAXUSDT,1661904000000,0.0001
AVAXUSDT,1661932800005,-0.00021368
AVAXUSDT,1661961600013,-0.00016054
AVAXUSDT,1661990400012,-0.00005149
AVAXUSDT,1662019200000,-0.00003321
AVAXUSDT,1662048000013,-0.00006154
AVAXUSDT,1662076800002,-0.00011306
AVAXUSDT,1662105600013,0.0001
AVAXUSDT,1662134400000,-0.00017373
AVAXUSDT,1662163200000,-0.00049352
AVAXUSDT,1662192000002,-0.00009818
AVAXUSDT,1662220800007,-0.00009365
AVAXUSDT,1662249600008,-0.00018387
AVAXUSDT,1662278400009,-0.00014527
AVAXUSDT,1662307200000,-0.00008559
AVAXUSDT,1662336000015,-0.00011537
AVAXUSDT,1662364800013,-0.00013242
AVAXUSDT,1662393600007,-0.00018576
AVAXUSDT,1662422400018,-0.00017618
AVAXUSDT,1662451200020,0.0001
AVAXUSDT,1662480000028,0.00002361
AVAXUSDT,1662508800013,-0.00049614
AVAXUSDT,1662537600022,-0.00017538
AVAXUSDT,1662566400021,-0.00002255
AVAXUSDT,1662595200010,0.00005629
AVAXUSDT,1662624000000,0.00007202
AVAXUSDT,1662652800003,0.0001
AVAXUSDT,1662681600011,0.0001
AVAXUSDT,1662710400000,0.0001
AVAXUSDT,1662739200000,0.00005195
AVAXUSDT,1662768000003,0.0001
AVAXUSDT,1662796800000,0.00005078
AVAXUSDT,1662825600012,0.0001
AVAXUSDT,1662854400009,0.0001
AVAXUSDT,1662883200012,0.0001
AVAXUSDT,1662912000005,0.0001
AVAXUSDT,1662940800007,0.0001
AVAXUSDT,1662969600013,0.00004618
AVAXUSDT,1662998400000,0.0001
AVAXUSDT,1663027200004,-0.00005397
AVAXUSDT,1663056000000,0.0000123
AVAXUSDT,1663084800000,-0.00014795
AVAXUSDT,1663113600000,-0.00023322
AVAXUSDT,1663142400000,-0.00023309
AVAXUSDT,1663171200000,-0.000235
AVAXUSDT,1663200000019,-0.00026796
AVAXUSDT,1663228800012,-0.00004991
AVAXUSDT,1663257600007,-0.00010556
AVAXUSDT,1663286400000,-0.00029166
AVAXUSDT,1663315200000,-0.00016185
AVAXUSDT,1663344000000,-0.00034145
AVAXUSDT,1663372800000,-0.00017479
AVAXUSDT,1663401600012,-0.00031158
AVAXUSDT,1663430400017,-0.00018101
AVAXUSDT,1663459200000,-0.00016952
AVAXUSDT,1663488000004,-0.00014796
AVAXUSDT,1663516800000,-0.00008624
AVAXUSDT,1663545600018,-0.00047824
AVAXUSDT,1663574400006,-0.00033526
AVAXUSDT,1663603200010,-0.00039057
AVAXUSDT,1663632000007,-0.00031922
AVAXUSDT,1663660800001,-0.0001702
AVAXUSDT,1663689600000,-0.00040179
AVAXUSDT,1663718400001,-0.00028339
AVAXUSDT,1663747200005,-0.00023056
AVAXUSDT,1663776000000,-0.00024145
AVAXUSDT,1663804800000,-0.00065854
AVAXUSDT,1663833600000,-0.00026416
AVAXUSDT,1663862400011,0.00003773
AVAXUSDT,1663891200023,-0.000122
AVAXUSDT,1663920000004,-0.0000042
AVAXUSDT,1663948800005,-0.00016188
AVAXUSDT,1663977600000,-0.00005348
AVAXUSDT,1664006400005,0.0001
AVAXUSDT,1664035200000,-0.00002542
AVAXUSDT,1664064000010,0.0001
AVAXUSDT,1664092800000,-0.00007965
AVAXUSDT,1664121600003,-0.00003864
AVAXUSDT,1664150400001,-0.0000678
AVAXUSDT,1664179200006,-0.00008694
AVAXUSDT,1664208000000,-0.00007587
AVAXUSDT,1664236800026,0.0001
AVAXUSDT,1664265600004,-0.00003463
AVAXUSDT,1664294400006,-0.00004593
AVAXUSDT,1664323200011,-0.00034801
AVAXUSDT,1664352000000,-0.00014511
AVAXUSDT,1664380800000,-0.00016762
AVAXUSDT,1664409600010,0.00002936
AVAXUSDT,1664438400000,-0.00018351
AVAXUSDT,1664467200000,0.00004434
AVAXUSDT,1664496000006,0.00003189
AVAXUSDT,1664524800002,0.0001
AVAXUSDT,1664553600007,-0.00007149
AVAXUSDT,1664582400008,-0.00000557
AVAXUSDT,1664611200011,0.0001
AVAXUSDT,1664640000000,0.0001
AVAXUSDT,1664668800000,-0.00022336
AVAXUSDT,1664697600000,0.0001
AVAXUSDT,1664726400006,-0.00025851
AVAXUSDT,1664755200000,-0.00009678
AVAXUSDT,1664784000014,-0.00020234
AVAXUSDT,1664812800010,-0.00012874
AVAXUSDT,1664841600006,0.0001
AVAXUSDT,1664870400004,0.00000974
AVAXUSDT,1664899200013,0.0001
AVAXUSDT,1664928000000,0.00002552
AVAXUSDT,1664956800000,0.00004935
AVAXUSDT,1664985600012,0.00005511
AVAXUSDT,1665014400008,-0.00002712
AVAXUSDT,1665043200002,0.0001
AVAXUSDT,1665072000006,-0.00011435
AVAXUSDT,1665100800000,-0.00026467
AVAXUSDT,1665129600000,-0.00003972
AVAXUSDT,1665158400007,-0.00025311
AVAXUSDT,1665187200010,-0.00036607
AVAXUSDT,1665216000004,0.0001
AVAXUSDT,1665244800018,0.00003114
AVAXUSDT,1665273600000,-0.00016376
AVAXUSDT,1665302400007,0.0001
AVAXUSDT,1665331200011,0.0001
AVAXUSDT,1665360000018,0.00008028
AVAXUSDT,1665388800000,0.00009919
AVAXUSDT,1665417600026,-0.0000104
AVAXUSDT,1665446400020,-0.0000153
AVAXUSDT,1665475200027,-0.00026109
AVAXUSDT,1665504000000,0.00001153
AVAXUSDT,1665532800014,-0.00014807
AVAXUSDT,1665561600000,-0.00001924
AVAXUSDT,1665590400000,-0.00017383
AVAXUSDT,1665619200013,-0.00009471
AVAXUSDT,1665648000016,-0.00022116
AVAXUSDT,1665676800009,-0.00035382
AVAXUSDT,1665705600020,-0.00001618
AVAXUSDT,1665734400000,-0.00024714
AVAXUSDT,1665763200009,0.0001
AVAXUSDT,1665792000001,0.0001
AVAXUSDT,1665820800005,-0.00003726
AVAXUSDT,1665849600004,0.00007438
AVAXUSDT,1665878400012,0.0001
AVAXUSDT,1665907200000,-0.00022594
AVAXUSDT,1665936000010,0.00005804
AVAXUSDT,1665964800012,0.00006134
AVAXUSDT,1665993600010,0.00003303
AVAXUSDT,1666022400017,-0.00011747
AVAXUSDT,1666051200010,0.0001
AVAXUSDT,1666080000008,0.0001
AVAXUSDT,1666108800000,0.00001021
AVAXUSDT,1666137600007,0.0001
AVAXUSDT,1666166400022,0.0001
AVAXUSDT,1666195200016,0.0001
AVAXUSDT,1666224000000,-0.00001275
AVAXUSDT,1666252800013,0.0001
AVAXUSDT,1666281600000,0.00002475
AVAXUSDT,1666310400005,-0.00015085
AVAXUSDT,1666339200018,-0.00014804
AVAXUSDT,1666368000000,-0.0000602
AVAXUSDT,1666396800000,-0.00000903
AVAXUSDT,1666425600015,-0.00008506
AVAXUSDT,1666454400000,0.00008054
AVAXUSDT,1666483200025,0.00005378
AVAXUSDT,1666512000000,0.00007026
AVAXUSDT,1666540800004,0.0001
AVAXUSDT,1666569600009,0.00001442
AVAXUSDT,1666598400012,0.0001
AVAXUSDT,1666627200002,0.00008564
AVAXUSDT,1666656000013,-0.00006193
AVAXUSDT,1666684800013,-0.00004139
AVAXUSDT,1666713600000,-0.00002861
AVAXUSDT,1666742400006,0.0001
AVAXUSDT,1666771200013,0.0001
AVAXUSDT,1666800000000,0.0001
AVAXUSDT,1666828800009,0.00006284
AVAXUSDT,1666857600006,0.0001
AVAXUSDT,1666886400009,-0.00000418
AVAXUSDT,1666915200000,0.00000923
AVAXUSDT,1666944000000,0.0001
AVAXUSDT,1666972800007,-0.00005617
AVAXUSDT,1667001600000,0.00001379
AVAXUSDT,1667030400003,0.00005613
AVAXUSDT,1667059200010,0.00005595
AVAXUSDT,1667088000000,0.0001
AVAXUSDT,1667116800013,-0.00009462
AVAXUSDT,1667145600009,0.00006291
AVAXUSDT,1667174400012,0.00008567
AVAXUSDT,1667203200000,0.0001
AVAXUSDT,1667232000010,0.00000329
AVAXUSDT,1667260800000,-0.00002089
AVAXUSDT,1667289600000,-0.00002104
AVAXUSDT,1667318400000,-0.00001915
AVAXUSDT,1667347200000,0.00005182
AVAXUSDT,1667376000000,0.00003033
AVAXUSDT,1667404800019,-0.00027063
AVAXUSDT,1667433600011,-0.00027449
AVAXUSDT,1667462400016,0.00003313
AVAXUSDT,1667491200005,-0.00009611
AVAXUSDT,1667520000000,-0.00018158
AVAXUSDT,1667548800004,0.00003914
AVAXUSDT,1667577600020,0.0001
AVAXUSDT,1667606400009,0.00003456
AVAXUSDT,1667635200007,0.00009135
AVAXUSDT,1667664000018,0.00002401
AVAXUSDT,1667692800009,0.0001
AVAXUSDT,1667721600000,0.00009361
AVAXUSDT,1667750400010,-0.00001451
AVAXUSDT,1667779200012,-0.00004211
AVAXUSDT,1667808000014,-0.0000992
AVAXUSDT,1667836800006,-0.00003373
AVAXUSDT,1667865600000,-0.00022644
AVAXUSDT,1667894400001,-0.00067518
AVAXUSDT,1667923200005,-0.00034283
AVAXUSDT,1667952000000,-0.00108145
AVAXUSDT,1667980800013,-0.00085389
AVAXUSDT,1668009600004,-0.00070056
AVAXUSDT,1668038400006,-0.00351003
AVAXUSDT,1668067200000,-0.00239917
AVAXUSDT,1668096000015,-0.00001189
AVAXUSDT,1668124800000,0.0001
AVAXUSDT,1668153600015,0.0001
AVAXUSDT,1668182400027,0.00008443
AVAXUSDT,1668211200007,-0.00003351
AVAXUSDT,1668240000016,-0.00025424
AVAXUSDT,1668268800000,-0.00038107
AVAXUSDT,1668297600004,-0.00061027
AVAXUSDT,1668326400000,-0.00053181
AVAXUSDT,1668355200017,-0.00044151
AVAXUSDT,1668384000000,-0.00021821
AVAXUSDT,1668412800000,-0.00028706
AVAXUSDT,1668441600000,0.0001
AVAXUSDT,1668470400014,-0.00013381
AVAXUSDT,1668499200009,-0.00034313
AVAXUSDT,1668528000010,-0.00021213
AVAXUSDT,1668556800011,-0.00024638
AVAXUSDT,1668585600004,-0.00019946
AVAXUSDT,1668614400008,-0.00065337
AVAXUSDT,1668643200000,-0.00107921
AVAXUSDT,1668672000000,-0.00141276
AVAXUSDT,1668700800006,-0.00021413
AVAXUSDT,1668729600004,-0.00024033
AVAXUSDT,1668758400016,-0.00011354
AVAXUSDT,1668787200000,-0.0000388
AVAXUSDT,1668816000000,-0.00009045
AVAXUSDT,1668844800004,-0.00034144
AVAXUSDT,1668873600024,-0.0002808
AVAXUSDT,1668902400015,-0.00008444
AVAXUSDT,1668931200004,-0.00008697
AVAXUSDT,1668960000000,-0.00021691
AVAXUSDT,1668988800006,-0.0003517
AVAXUSDT,1669017600015,-0.00077375
AVAXUSDT,1669046400000,-0.00085985
AVAXUSDT,1669075200000,-0.00073408
AVAXUSDT,1669104000000,-0.00024982
AVAXUSDT,1669132800000,-0.0002195
AVAXUSDT,1669161600000,-0.00006357
AVAXUSDT,1669190400011,0.00000248
AVAXUSDT,1669219200014,-0.00005716
AVAXUSDT,1669248000007,-0.00018007
AVAXUSDT,1669276800014,-0.00009965
AVAXUSDT,1669305600013,-0.00007828
AVAXUSDT,1669334400004,-0.00015035
AVAXUSDT,1669363200015,0.00001959
AVAXUSDT,1669392000000,-0.00003487
AVAXUSDT,1669420800011,-0.00001427
AVAXUSDT,1669449600000,-0.00019895
AVAXUSDT,1669478400000,-0.00006596
AVAXUSDT,1669507200012,-0.00020078
AVAXUSDT,1669536000000,-0.00006675
AVAXUSDT,1669564800003,0.0000642
AVAXUSDT,1669593600015,0.00006392
AVAXUSDT,1669622400004,-0.00048523
AVAXUSDT,1669651200011,-0.00029326
AVAXUSDT,1669680000000,-0.00018938
AVAXUSDT,1669708800015,-0.00002977
AVAXUSDT,1669737600000,0.00003539
AVAXUSDT,1669766400007,-0.00009813
AVAXUSDT,1669795200000,0.0000962
AVAXUSDT,1669824000015,-0.00000474
AVAXUSDT,1669852800001,-0.00021044
AVAXUSDT,1669881600006,-0.00006224
AVAXUSDT,1669910400000,0.0001
AVAXUSDT,1669939200001,-0.00004566
AVAXUSDT,1669968000016,0.00008726
AVAXUSDT,1669996800017,-0.00004636
AVAXUSDT,1670025600006,-0.00015761
AVAXUSDT,1670054400000,-0.0000335
AVAXUSDT,1670083200011,-0.00004436
AVAXUSDT,1670112000006,-0.00010706
AVAXUSDT,1670140800000,-0.0000292
AVAXUSDT,1670169600006,-0.00009782
AVAXUSDT,1670198400002,-0.00005268
AVAXUSDT,1670227200011,0.00003809
AVAXUSDT,1670256000008,0.00007401
AVAXUSDT,1670284800014,0.00004924
AVAXUSDT,1670313600027,-0.00007987
AVAXUSDT,1670342400009,-0.00003821
AVAXUSDT,1670371200000,0.00000302
AVAXUSDT,1670400000000,-0.00015636
AVAXUSDT,1670428800000,-0.00013375
AVAXUSDT,1670457600006,-0.00025507
AVAXUSDT,1670486400000,0.00005989
AVAXUSDT,1670515200014,-0.00007361
AVAXUSDT,1670544000017,-0.00007469
AVAXUSDT,1670572800005,-0.00004021
AVAXUSDT,1670601600000,0.0000078
AVAXUSDT,1670630400009,0.0001
AVAXUSDT,1670659200010,0.0001
AVAXUSDT,1670688000001,0.00002305
AVAXUSDT,1670716800011,-0.00002417
AVAXUSDT,1670745600007,0.0001
AVAXUSDT,1670774400011,-0.00004664
AVAXUSDT,1670803200000,0.00000858
AVAXUSDT,1670832000004,-0.0000796
AVAXUSDT,1670860800000,-0.00013841
AVAXUSDT,1670889600000,-0.00000164
AVAXUSDT,1670918400018,-0.00005483
AVAXUSDT,1670947200011,0.00005942
AVAXUSDT,1670976000010,-0.00013302
AVAXUSDT,1671004800015,0.0001
AVAXUSDT,1671033600004,0.00006105
AVAXUSDT,1671062400000,0.0001
AVAXUSDT,1671091200023,0.0001
AVAXUSDT,1671120000010,0.0001
AVAXUSDT,1671148800016,0.0001
AVAXUSDT,1671177600011,0.0001
AVAXUSDT,1671206400001,-0.00009702
AVAXUSDT,1671235200001,-0.00011627
AVAXUSDT,1671264000011,-0.0003948
AVAXUSDT,1671292800011,-0.00012606
AVAXUSDT,1671321600008,-0.00040339
AVAXUSDT,1671350400001,-0.00004659
AVAXUSDT,1671379200012,-0.00006347
AVAXUSDT,1671408000000,-0.00006549
AVAXUSDT,1671436800000,-0.00013731
AVAXUSDT,1671465600000,-0.0000026
AVAXUSDT,1671494400005,-0.00022064
AVAXUSDT,1671523200016,0.0000645
AVAXUSDT,1671552000000,0.00004243
AVAXUSDT,1671580800007,0.0001
AVAXUSDT,1671609600012,0.00004614
AVAXUSDT,1671638400017,0.00003848
AVAXUSDT,1671667200004,0.00002245
AVAXUSDT,1671696000000,-0.00009932
AVAXUSDT,1671724800001,-0.00012679
AVAXUSDT,1671753600018,0.0001
AVAXUSDT,1671782400000,0.0001
AVAXUSDT,1671811200000,0.00007192
AVAXUSDT,1671840000001,0.0001
AVAXUSDT,1671868800007,0.00008948
AVAXUSDT,1671897600008,-0.00000361
AVAXUSDT,1671926400000,-0.00005912
AVAXUSDT,1671955200013,-0.0000477
AVAXUSDT,1671984000000,0.00003324
AVAXUSDT,1672012800001,0.0001
AVAXUSDT,1672041600000,0.00003902
AVAXUSDT,1672070400005,0.00006559
AVAXUSDT,1672099200005,0.00008296
AVAXUSDT,1672128000010,-0.0000103
AVAXUSDT,1672156800006,0.00002919
AVAXUSDT,1672185600010,0.0001
AVAXUSDT,1672214400010,0.00005053
AVAXUSDT,1672243200010,0.0001
AVAXUSDT,1672272000011,0.0001
AVAXUSDT,1672300800000,0.00000722
AVAXUSDT,1672329600008,0.00008093
AVAXUSDT,1672358400000,-0.00031297
AVAXUSDT,1672387200000,-0.00017087
AVAXUSDT,1672416000000,-0.00008786
AVAXUSDT,1672444800014,0.00000218
AVAXUSDT,1672473600000,-0.0000375
AVAXUSDT,1672502400000,-0.00003388
AVAXUSDT,1672531200000,0.00004281
AVAXUSDT,1672560000008,0.00006782
AVAXUSDT,1672588800000,-0.00018765
AVAXUSDT,1672617600000,0.00000635
AVAXUSDT,1672646400008,-0.00000155
AVAXUSDT,1672675200015,0.0001
AVAXUSDT,1672704000003,0.00000712
AVAXUSDT,1672732800018,0.00001118
AVAXUSDT,1672761600000,-0.00008569
AVAXUSDT,1672790400000,0.00001246
AVAXUSDT,1672819200016,0.00002038
AVAXUSDT,1672848000011,-0.00018681
AVAXUSDT,1672876800009,-0.00008262
AVAXUSDT,1672905600011,0.0001
AVAXUSDT,1672934400000,0.0001
AVAXUSDT,1672963200005,0.0001
AVAXUSDT,1672992000001,0.0001
AVAXUSDT,1673020800000,0.0001
AVAXUSDT,1673049600006,0.0001
AVAXUSDT,1673078400017,0.0001
AVAXUSDT,1673107200000,0.0001
AVAXUSDT,1673136000015,0.0001
AVAXUSDT,1673164800000,0.0001
AVAXUSDT,1673193600010,0.0001
AVAXUSDT,1673222400003,0.0001
AVAXUSDT,1673251200000,0.0001
AVAXUSDT,1673280000006,0.0001
AVAXUSDT,1673308800003,0.0001
AVAXUSDT,1673337600021,0.0001
AVAXUSDT,1673366400000,0.0001
AVAXUSDT,1673395200011,0.0001
AVAXUSDT,1673424000006,0.000077
AVAXUSDT,1673452800004,0.00005583
AVAXUSDT,1673481600000,-0.00044601
AVAXUSDT,1673510400000,0.0001
AVAXUSDT,1673539200000,0.0001
AVAXUSDT,1673568000004,0.0001
AVAXUSDT,1673596800000,0.0001
AVAXUSDT,1673625600018,0.0001
AVAXUSDT,1673654400000,0.0001
AVAXUSDT,1673683200001,0.00034109
AVAXUSDT,1673712000000,0.0001
AVAXUSDT,1673740800010,0.0001
AVAXUSDT,1673769600002,0.00040559
AVAXUSDT,1673798400000,0.00028283
AVAXUSDT,1673827200010,0.00036648
AVAXUSDT,1673856000007,0.0001
AVAXUSDT,1673884800000,0.0001
AVAXUSDT,1673913600004,0.0001
AVAXUSDT,1673942400005,0.0001
AVAXUSDT,1673971200001,0.0001
AVAXUSDT,1674000000008,0.0001
AVAXUSDT,1674028800009,0.0001
AVAXUSDT,1674057600017,0.0001
AVAXUSDT,1674086400000,0.0001
AVAXUSDT,1674115200015,0.0001
AVAXUSDT,1674144000012,0.0001
AVAXUSDT,1674172800000,0.0001
AVAXUSDT,1674201600000,0.0001
AVAXUSDT,1674230400000,0.0001
AVAXUSDT,1674259200013,0.0001
AVAXUSDT,1674288000001,0.00046904
AVAXUSDT,1674316800016,0.0001
AVAXUSDT,1674345600000,0.0001
AVAXUSDT,1674374400000,0.0001
AVAXUSDT,1674403200023,0.00040474
AVAXUSDT,1674432000014,0.0001
AVAXUSDT,1674460800014,0.00018525
AVAXUSDT,1674489600016,0.0001
AVAXUSDT,1674518400008,0.0001
AVAXUSDT,1674547200008,0.00028888
AVAXUSDT,1674576000000,0.0001
AVAXUSDT,1674604800012,0.0001
AVAXUSDT,1674633600000,0.0001
AVAXUSDT,1674662400010,0.0001
AVAXUSDT,1674691200010,0.0001
AVAXUSDT,1674720000003,0.0001
AVAXUSDT,1674748800020,0.0001
AVAXUSDT,1674777600008,0.0001
AVAXUSDT,1674806400000,0.0001
AVAXUSDT,1674835200000,0.0001
AVAXUSDT,1674864000009,0.0002061
AVAXUSDT,1674892800018,0.00037016
AVAXUSDT,1674921600005,0.0001
AVAXUSDT,1674950400011,0.0001396
AVAXUSDT,1674979200000,0.0001
AVAXUSDT,1675008000008,0.0001
AVAXUSDT,1675036800001,0.0001
AVAXUSDT,1675065600000,0.0001
AVAXUSDT,1675094400000,0.0001
AVAXUSDT,1675123200005,0.0001
AVAXUSDT,1675152000000,0.0001
AVAXUSDT,1675180800007,0.0001
AVAXUSDT,1675209600013,0.0001
AVAXUSDT,1675238400000,0.0001
AVAXUSDT,1675267200012,0.0001
AVAXUSDT,1675296000004,0.0001
AVAXUSDT,1675324800023,0.00064049
AVAXUSDT,1675353600003,0.00015488
AVAXUSDT,1675382400010,0.0001
AVAXUSDT,1675411200000,0.0001
AVAXUSDT,1675440000000,0.0001
AVAXUSDT,1675468800010,0.00017298
AVAXUSDT,1675497600000,0.0001
AVAXUSDT,1675526400000,0.0001
AVAXUSDT,1675555200016,0.0001
AVAXUSDT,1675584000009,0.0001
AVAXUSDT,1675612800018,0.0001
AVAXUSDT,1675641600001,0.0001
AVAXUSDT,1675670400000,0.0001
AVAXUSDT,1675699200012,0.0001
AVAXUSDT,1675728000004,0.0001
AVAXUSDT,1675756800011,0.0001
AVAXUSDT,1675785600018,0.0001
AVAXUSDT,1675814400009,0.0001
AVAXUSDT,1675843200010,0.0001
AVAXUSDT,1675872000000,0.0001
AVAXUSDT,1675900800014,0.0001
AVAXUSDT,1675929600006,0.0001
AVAXUSDT,1675958400001,0.0001
AVAXUSDT,1675987200012,0.0001
AVAXUSDT,1676016000005,0.00008138
AVAXUSDT,1676044800020,0.0001
AVAXUSDT,1676073600007,0.0001
AVAXUSDT,1676102400002,0.00000667
AVAXUSDT,1676131200021,-0.00005856
AVAXUSDT,1676160000004,0.00005988
AVAXUSDT,1676188800000,0.00000504
AVAXUSDT,1676217600002,0.00003654
AVAXUSDT,1676246400006,-0.00005522
AVAXUSDT,1676275200008,0.00002312
AVAXUSDT,1676304000002,0.0001
AVAXUSDT,1676332800013,0.0001
AVAXUSDT,1676361600014,0.0001
AVAXUSDT,1676390400016,0.0001
AVAXUSDT,1676419200011,0.0001
AVAXUSDT,1676448000000,0.0001
AVAXUSDT,1676476800005,0.00004914
AVAXUSDT,1676505600019,0.0001
AVAXUSDT,1676534400000,0.0001
AVAXUSDT,1676563200001,0.00014513
AVAXUSDT,1676592000003,0.0001
AVAXUSDT,1676620800016,0.0001
AVAXUSDT,1676649600000,0.0001
AVAXUSDT,1676678400011,0.0001
AVAXUSDT,1676707200000,0.0001
AVAXUSDT,1676736000007,0.0001
AVAXUSDT,1676764800019,0.0001
AVAXUSDT,1676793600005,0.0001
AVAXUSDT,1676822400003,0.0001
AVAXUSDT,1676851200006,0.0001
AVAXUSDT,1676880000008,0.0001
AVAXUSDT,1676908800006,0.0001
AVAXUSDT,1676937600001,0.00023564
AVAXUSDT,1676966400004,0.0001
AVAXUSDT,1676995200011,0.0001
AVAXUSDT,1677024000009,0.0002222
AVAXUSDT,1677052800010,0.00015726
AVAXUSDT,1677081600000,0.0001
AVAXUSDT,1677110400006,0.0001
AVAXUSDT,1677139200005,0.0001
AVAXUSDT,1677168000002,0.0001
AVAXUSDT,1677196800015,0.0001
AVAXUSDT,1677225600011,0.0001
AVAXUSDT,1677254400014,0.0001
AVAXUSDT,1677283200015,-0.00001594
AVAXUSDT,1677312000015,0.0001
AVAXUSDT,1677340800015,0.0001
AVAXUSDT,1677369600007,0.0001
AVAXUSDT,1677398400012,0.00004912
AVAXUSDT,1677427200000,0.00000733
AVAXUSDT,1677456000011,0.0001
AVAXUSDT,1677484800003,0.0001
AVAXUSDT,1677513600000,0.0001
AVAXUSDT,1677542400011,0.0001
AVAXUSDT,1677571200018,0.00006177
AVAXUSDT,1677600000005,0.0001
AVAXUSDT,1677628800016,0.00004757
AVAXUSDT,1677657600000,0.0001
AVAXUSDT,1677686400008,0.0001
AVAXUSDT,1677715200009,0.0001
AVAXUSDT,1677744000013,0.0001
AVAXUSDT,1677772800000,0.0001
AVAXUSDT,1677801600000,0.0001
AVAXUSDT,1677830400013,-0.00006051
AVAXUSDT,1677859200000,0.0001
AVAXUSDT,1677888000001,0.0001
AVAXUSDT,1677916800008,0.0001
AVAXUSDT,1677945600012,0.0001
AVAXUSDT,1677974400000,0.00003199
AVAXUSDT,1678003200000,0.00000936
AVAXUSDT,1678032000015,0.00001797
AVAXUSDT,1678060800007,-0.00000058
AVAXUSDT,1678089600017,-0.00005093
AVAXUSDT,1678118400000,0.00007534
AVAXUSDT,1678147200009,0.0001
AVAXUSDT,1678176000016,0.00008502
AVAXUSDT,1678204800017,0.00006718
AVAXUSDT,1678233600000,0.0001
AVAXUSDT,1678262400014,0.0001
AVAXUSDT,1678291200021,0.0001
AVAXUSDT,1678320000010,-0.00005363
AVAXUSDT,1678348800013,0.00004507
AVAXUSDT,1678377600002,0.0001
AVAXUSDT,1678406400000,-0.00054534
AVAXUSDT,1678435200000,-0.00024148
AVAXUSDT,1678464000005,-0.00013189
AVAXUSDT,1678492800011,-0.00006167
AVAXUSDT,1678521600003,0.00005788
AVAXUSDT,1678550400011,-0.00018945
AVAXUSDT,1678579200001,0.0001
AVAXUSDT,1678608000000,0.0001
AVAXUSDT,1678636800005,-0.00012277
AVAXUSDT,1678665600010,0.0001
AVAXUSDT,1678694400018,0.0001
AVAXUSDT,1678723200003,0.0001
AVAXUSDT,1678752000010,0.0001
AVAXUSDT,1678780800009,0.0001
AVAXUSDT,1678809600010,0.0001
AVAXUSDT,1678838400011,0.00017393
AVAXUSDT,1678867200000,0.0001
AVAXUSDT,1678896000012,0.0001
AVAXUSDT,1678924800004,0.0001
AVAXUSDT,1678953600018,0.0000715
AVAXUSDT,1678982400005,0.00001594
AVAXUSDT,1679011200017,-0.00000209
AVAXUSDT,1679040000010,-0.00004976
AVAXUSDT,1679068800003,0.0001
AVAXUSDT,1679097600012,0.0001
AVAXUSDT,1679126400000,0.0001
AVAXUSDT,1679155200016,0.0001
AVAXUSDT,1679184000013,0.0001
AVAXUSDT,1679212800024,0.0001
AVAXUSDT,1679241600000,0.0001
AVAXUSDT,1679270400005,0.0001
AVAXUSDT,1679299200012,0.0001
AVAXUSDT,1679328000015,0.0001
AVAXUSDT,1679356800006,0.0001
AVAXUSDT,1679385600004,0.0001
AVAXUSDT,1679414400003,0.0001
AVAXUSDT,1679443200000,0.0001
AVAXUSDT,1679472000003,0.0001
AVAXUSDT,1679500800000,0.0001
AVAXUSDT,1679529600016,0.00001005
AVAXUSDT,1679558400001,0.0001
AVAXUSDT,1679587200013,0.0001
AVAXUSDT,1679616000013,0.0001
AVAXUSDT,1679644800012,0.0001
AVAXUSDT,1679673600027,0.0001
AVAXUSDT,1679702400015,0.0001
AVAXUSDT,1679731200011,0.0001
AVAXUSDT,1679760000011,-0.00000115
AVAXUSDT,1679788800000,-0.00009348
AVAXUSDT,1679817600015,0.00009518
AVAXUSDT,1679846400000,0.00005948
AVAXUSDT,1679875200019,0.0001
AVAXUSDT,1679904000009,0.00008705
AVAXUSDT,1679932800000,0.00009856
AVAXUSDT,1679961600007,0.0001
AVAXUSDT,1679990400000,0.0001
AVAXUSDT,1680019200013,0.0001
AVAXUSDT,1680048000010,0.0001
AVAXUSDT,1680076800006,0.0001
AVAXUSDT,1680105600014,0.0001
AVAXUSDT,1680134400000,0.0001
AVAXUSDT,1680163200000,0.0001
AVAXUSDT,1680192000006,0.0001
AVAXUSDT,1680220800003,0.0001
AVAXUSDT,1680249600006,0.0001
AVAXUSDT,1680278400011,0.0001
AVAXUSDT,1680307200000,0.0001
AVAXUSDT,1680336000000,0.0001
AVAXUSDT,1680364800018,0.0001
AVAXUSDT,1680393600013,0.0001
AVAXUSDT,1680422400014,0.0001
AVAXUSDT,1680451200001,0.0001
AVAXUSDT,1680480000000,0.00003631
AVAXUSDT,1680508800013,0.0001
AVAXUSDT,1680537600011,0.00008344
AVAXUSDT,1680566400002,0.0001
AVAXUSDT,1680595200017,0.0001
AVAXUSDT,1680624000008,0.0001
AVAXUSDT,1680652800000,0.0001
AVAXUSDT,1680681600016,0.0001
AVAXUSDT,1680710400004,0.0001
AVAXUSDT,1680739200000,0.0001
AVAXUSDT,1680768000011,0.0001
AVAXUSDT,1680796800000,0.0001
AVAXUSDT,1680825600006,0.0001
AVAXUSDT,1680854400005,0.0001
AVAXUSDT,1680883200000,0.0001
AVAXUSDT,1680912000000,0.00006178
AVAXUSDT,1680940800014,0.00004562
AVAXUSDT,1680969600018,0.0001
AVAXUSDT,1680998400013,0.00005399
AVAXUSDT,1681027200024,0.00001683
AVAXUSDT,1681056000010,0.00009207
AVAXUSDT,1681084800000,0.0001
AVAXUSDT,1681113600010,0.0001
AVAXUSDT,1681142400006,0.0001
AVAXUSDT,1681171200008,0.0001
AVAXUSDT,1681200000007,0.0001
AVAXUSDT,1681228800016,0.0001
AVAXUSDT,1681257600006,0.0001
AVAXUSDT,1681286400008,0.0001
AVAXUSDT,1681315200014,0.0001
AVAXUSDT,1681344000027,0.0001
AVAXUSDT,1681372800010,0.0001
AVAXUSDT,1681401600000,0.0001
AVAXUSDT,1681430400001,0.0001
AVAXUSDT,1681459200008,0.0001
AVAXUSDT,1681488000007,0.0001
AVAXUSDT,1681516800007,0.0001
AVAXUSDT,1681545600007,0.0001
AVAXUSDT,1681574400011,0.00012998
AVAXUSDT,1681603200014,0.00014755
AVAXUSDT,1681632000007,0.0001
AVAXUSDT,1681660800002,0.0001
AVAXUSDT,1681689600017,0.00026176
AVAXUSDT,1681718400006,0.00056245
AVAXUSDT,1681747200000,0.00025168
AVAXUSDT,1681776000013,0.00027334
AVAXUSDT,1681804800017,0.00032737
AVAXUSDT,1681833600000,0.00026086
AVAXUSDT,1681862400022,0.0001
AVAXUSDT,1681891200014,0.0001
AVAXUSDT,1681920000000,0.00009762
AVAXUSDT,1681948800010,0.0001
AVAXUSDT,1681977600012,0.0001
AVAXUSDT,1682006400012,0.0001
AVAXUSDT,1682035200009,0.00008371
AVAXUSDT,1682064000009,0.0001
AVAXUSDT,1682092800003,0.0001
AVAXUSDT,1682121600000,-0.00008252
AVAXUSDT,1682150400000,-0.00009347
AVAXUSDT,1682179200016,-0.00001018
AVAXUSDT,1682208000009,-0.00018232
AVAXUSDT,1682236800020,-0.00006446
AVAXUSDT,1682265600007,-0.00004437
AVAXUSDT,1682294400000,0.00001944
AVAXUSDT,1682323200008,-0.00001378
AVAXUSDT,1682352000006,0.0001
AVAXUSDT,1682380800014,0.00002081
AVAXUSDT,1682409600009,0.00002559
AVAXUSDT,1682438400015,0.00005776
AVAXUSDT,1682467200015,0.0001
AVAXUSDT,1682496000013,-0.00002177
AVAXUSDT,1682524800001,0.00005377
AVAXUSDT,1682553600014,-0.00007638
AVAXUSDT,1682582400008,0.0001
AVAXUSDT,1682611200005,0.00008784
AVAXUSDT,1682640000011,0.00009493
AVAXUSDT,1682668800007,0.0001
AVAXUSDT,1682697600006,0.00002227
AVAXUSDT,1682726400004,0.0000632
AVAXUSDT,1682755200016,0.0000647
AVAXUSDT,1682784000001,0.00009216
AVAXUSDT,1682812800008,0.0001
AVAXUSDT,1682841600000,0.00000976
AVAXUSDT,1682870400010,0.0000599
AVAXUSDT,1682899200004,-0.00007086
AVAXUSDT,1682928000008,0.00006271
AVAXUSDT,1682956800014,0.00006429
AVAXUSDT,1682985600015,0.00006234
AVAXUSDT,1683014400018,0.00001006
AVAXUSDT,1683043200000,0.00000522
AVAXUSDT,1683072000009,0.00009125
AVAXUSDT,1683100800003,0.00001315
AVAXUSDT,1683129600011,-0.00001851
AVAXUSDT,1683158400000,0.0001
AVAXUSDT,1683187200000,0.00006287
AVAXUSDT,1683216000011,0.00004834
AVAXUSDT,1683244800002,0.0001
AVAXUSDT,1683273600000,0.00003192
AVAXUSDT,1683302400000,0.0001
AVAXUSDT,1683331200009,0.0001
AVAXUSDT,1683360000000,0.0001
AVAXUSDT,1683388800000,-0.00003079
AVAXUSDT,1683417600000,-0.00015008
AVAXUSDT,1683446400000,-0.00007457
AVAXUSDT,1683475200006,-0.00008501
AVAXUSDT,1683504000000,0.00000293
AVAXUSDT,1683532800007,-0.0000232
AVAXUSDT,1683561600015,0.00003226
AVAXUSDT,1683590400015,-0.00012876
AVAXUSDT,1683619200000,-0.00007308
AVAXUSDT,1683648000000,-0.00009284
AVAXUSDT,1683676800007,-0.00012343
AVAXUSDT,1683705600003,-0.00000588
AVAXUSDT,1683734400000,-0.00005628
AVAXUSDT,1683763200011,0.00009594
AVAXUSDT,1683792000000,0.0001
AVAXUSDT,1683820800005,0.00001095
AVAXUSDT,1683849600020,-0.00002998
AVAXUSDT,1683878400001,0.00002271
AVAXUSDT,1683907200010,0.00006382
AVAXUSDT,1683936000000,0.00003503
AVAXUSDT,1683964800000,0.00008183
AVAXUSDT,1683993600026,0.00007236
AVAXUSDT,1684022400029,0.00009771
AVAXUSDT,1684051200010,0.00003171
AVAXUSDT,1684080000008,0.00007311
AVAXUSDT,1684108800006,0.00003717
AVAXUSDT,1684137600005,0.0001
AVAXUSDT,1684166400008,0.00002377
AVAXUSDT,1684195200021,0.00005549
AVAXUSDT,1684224000000,0.00004375
AVAXUSDT,1684252800000,0.00004555
AVAXUSDT,1684281600010,0.00006077
AVAXUSDT,1684310400000,0.00006978
AVAXUSDT,1684339200001,0.00001158
AVAXUSDT,1684368000000,0.0001
AVAXUSDT,1684396800026,0.0001
AVAXUSDT,1684425600019,0.00009472
AVAXUSDT,1684454400000,-0.00008796
AVAXUSDT,1684483200002,0.00000264
AVAXUSDT,1684512000000,0.00004939
AVAXUSDT,1684540800005,0.00000378
AVAXUSDT,1684569600014,-0.00005768
AVAXUSDT,1684598400020,-0.00007723
AVAXUSDT,1684627200014,-0.00000371
AVAXUSDT,1684656000001,0.00005031
AVAXUSDT,1684684800015,0.00001769
AVAXUSDT,1684713600028,0.00001579
AVAXUSDT,1684742400000,0.00003473
AVAXUSDT,1684771200012,0.0001
AVAXUSDT,1684800000006,0.0001
AVAXUSDT,1684828800014,0.0001
AVAXUSDT,1684857600008,0.0001
AVAXUSDT,1684886400000,0.0001
AVAXUSDT,1684915200025,0.0001
AVAXUSDT,1684944000008,0.0001
AVAXUSDT,1684972800000,0.00002342
AVAXUSDT,1685001600025,0.00005189
AVAXUSDT,1685030400016,0.00005898
AVAXUSDT,1685059200000,0.0001
AVAXUSDT,1685088000024,0.0001
AVAXUSDT,1685116800012,0.0001
AVAXUSDT,1685145600012,0.0001
AVAXUSDT,1685174400018,0.0001
AVAXUSDT,1685203200008,0.0001
AVAXUSDT,1685232000017,0.0001
AVAXUSDT,1685260800015,0.0001
AVAXUSDT,1685289600000,0.0001
AVAXUSDT,1685318400000,0.0001
AVAXUSDT,1685347200020,0.0001
AVAXUSDT,1685376000011,0.0001
AVAXUSDT,1685404800003,0.0001
AVAXUSDT,1685433600000,0.0001
AVAXUSDT,1685462400003,0.0001
AVAXUSDT,1685491200013,0.0001
AVAXUSDT,1685520000000,0.0001
AVAXUSDT,1685548800000,0.00007884
AVAXUSDT,1685577600008,-0.0000187
AVAXUSDT,1685606400012,0.0001
AVAXUSDT,1685635200000,0.0001
AVAXUSDT,1685664000000,0.0001
AVAXUSDT,1685692800006,0.0001
AVAXUSDT,1685721600012,0.0001
AVAXUSDT,1685750400000,0.0001
AVAXUSDT,1685779200011,0.0001
AVAXUSDT,1685808000003,0.0001
AVAXUSDT,1685836800000,0.0001
AVAXUSDT,1685865600000,0.0001
AVAXUSDT,1685894400000,0.0001
AVAXUSDT,1685923200005,0.0001
AVAXUSDT,1685952000000,0.0001
AVAXUSDT,1685980800000,0.0001
AVAXUSDT,1686009600000,0.00004557
AVAXUSDT,1686038400009,0.00006766
AVAXUSDT,1686067200013,0.0001
AVAXUSDT,1686096000000,0.0001
AVAXUSDT,1686124800016,0.0001
AVAXUSDT,1686153600000,0.0001
AVAXUSDT,1686182400006,0.0001
AVAXUSDT,1686211200000,0.0000786
AVAXUSDT,1686240000000,0.0001
AVAXUSDT,1686268800000,0.00008752
AVAXUSDT,1686297600000,0.0001
AVAXUSDT,1686326400000,0.0001
AVAXUSDT,1686355200000,0.0001
AVAXUSDT,1686384000000,-0.00032845
AVAXUSDT,1686412800000,-0.00062672
AVAXUSDT,1686441600001,-0.00049554
AVAXUSDT,1686470400000,-0.00039183
AVAXUSDT,1686499200000,-0.00043113
AVAXUSDT,1686528000000,-0.00044183
AVAXUSDT,1686556800000,-0.00019176
AVAXUSDT,1686585600001,-0.00021977
AVAXUSDT,1686614400000,-0.00006949
AVAXUSDT,1686643200000,-0.00014585
AVAXUSDT,1686672000000,-0.00019394
AVAXUSDT,1686700800000,-0.0000879
AVAXUSDT,1686729600000,-0.0000832
AVAXUSDT,1686758400000,-0.00008808
AVAXUSDT,1686787200000,-0.00027602
AVAXUSDT,1686816000000,-0.00001008
AVAXUSDT,1686844800000,0.00000552
AVAXUSDT,1686873600000,-0.00013372
AVAXUSDT,1686902400000,0.000059
AVAXUSDT,1686931200000,-0.00001819
AVAXUSDT,1686960000000,0.00004756
AVAXUSDT,1686988800000,-0.00006723
AVAXUSDT,1687017600000,-0.0000917
AVAXUSDT,1687046400000,-0.00011727
AVAXUSDT,1687075200000,-0.00003139
AVAXUSDT,1687104000000,-0.00020415
AVAXUSDT,1687132800000,-0.00019724
AVAXUSDT,1687161600000,-0.00017304
AVAXUSDT,1687190400000,-0.00018848
AVAXUSDT,1687219200001,-0.00017824
AVAXUSDT,1687248000000,-0.00005676
AVAXUSDT,1687276800000,-0.00016507
AVAXUSDT,1687305600000,0.0001
AVAXUSDT,1687334400000,0.0001
AVAXUSDT,1687363200000,-0.00000246
AVAXUSDT,1687392000000,0.00008208
AVAXUSDT,1687420800001,0.00005879
AVAXUSDT,1687449600000,0.0001
AVAXUSDT,1687478400000,0.0001
AVAXUSDT,1687507200000,0.0001
AVAXUSDT,1687536000000,0.0001
AVAXUSDT,1687564800000,0.0001
AVAXUSDT,1687593600000,0.0001
AVAXUSDT,1687622400000,0.00006331
AVAXUSDT,1687651200000,0.0001
AVAXUSDT,1687680000000,0.0001
AVAXUSDT,1687708800000,0.0001
AVAXUSDT,1687737600000,0.0001
AVAXUSDT,1687766400000,0.0001
AVAXUSDT,1687795200000,0.0001
AVAXUSDT,1687824000000,0.0001
AVAXUSDT,1687852800000,0.0001
AVAXUSDT,1687881600000,0.0001
AVAXUSDT,1687910400000,0.0001
AVAXUSDT,1687939200000,0.00007532
AVAXUSDT,1687968000000,0.00006718
AVAXUSDT,1687996800000,-0.00011608
AVAXUSDT,1688025600000,0.00003964
AVAXUSDT,1688054400000,0.0000126
AVAXUSDT,1688083200000,-0.00003952
AVAXUSDT,1688112000000,0.0001
AVAXUSDT,1688140800001,0.0001
AVAXUSDT,1688169600000,0.0001
AVAXUSDT,1688198400000,0.0001
AVAXUSDT,1688227200000,0.0001
AVAXUSDT,1688256000000,0.0001
AVAXUSDT,1688284800000,0.00000773
AVAXUSDT,1688313600001,0.0001
AVAXUSDT,1688342400000,0.0001
AVAXUSDT,1688371200000,0.0001
AVAXUSDT,1688400000000,0.0001
AVAXUSDT,1688428800001,0.0001
AVAXUSDT,1688457600000,0.0001
AVAXUSDT,1688486400000,0.0001
AVAXUSDT,1688515200000,0.0001
AVAXUSDT,1688544000000,0.0001
AVAXUSDT,1688572800000,-0.00017834
AVAXUSDT,1688601600000,0.00000211
AVAXUSDT,1688630400000,0.0001
AVAXUSDT,1688659200000,-0.00015923
AVAXUSDT,1688688000000,-0.0001031
AVAXUSDT,1688716800000,-0.0000507
AVAXUSDT,1688745600000,0.00003173
AVAXUSDT,1688774400000,0.000053
AVAXUSDT,1688803200000,0.0001
AVAXUSDT,1688832000000,0.0001
AVAXUSDT,1688860800000,0.0001
AVAXUSDT,1688889600000,0.00009046
AVAXUSDT,1688918400000,0.0001
AVAXUSDT,1688947200000,0.0001
AVAXUSDT,1688976000000,0.00007438
AVAXUSDT,1689004800000,0.00004282
AVAXUSDT,1689033600000,0.00004253
AVAXUSDT,1689062400000,0.0001
AVAXUSDT,1689091200000,0.00004173
AVAXUSDT,1689120000000,0.00007306
AVAXUSDT,1689148800000,0.00007143
AVAXUSDT,1689177600000,0.00007448
AVAXUSDT,1689206400000,0.00002545
AVAXUSDT,1689235200000,0.0000669
AVAXUSDT,1689264000000,-0.00009587
AVAXUSDT,1689292800000,0.0001
AVAXUSDT,1689321600000,0.0001
AVAXUSDT,1689350400000,0.0001
AVAXUSDT,1689379200000,0.0001
AVAXUSDT,1689408000000,0.0001
AVAXUSDT,1689436800000,0.0001
AVAXUSDT,1689465600001,0.0001
AVAXUSDT,1689494400000,0.0001
AVAXUSDT,1689523200000,0.0001
AVAXUSDT,1689552000000,0.0000803
AVAXUSDT,1689580800000,0.0001
AVAXUSDT,1689609600000,0.0001
AVAXUSDT,1689638400000,0.0001
AVAXUSDT,1689667200000,0.0001
AVAXUSDT,1689696000000,0.0001
AVAXUSDT,1689724800000,0.0001
AVAXUSDT,1689753600000,0.0001
AVAXUSDT,1689782400001,0.0001
AVAXUSDT,1689811200000,0.0001
AVAXUSDT,1689840000000,0.0001
AVAXUSDT,1689868800000,0.0001
AVAXUSDT,1689897600001,0.00008995
AVAXUSDT,1689926400000,0.00003425
AVAXUSDT,1689955200000,0.0001
AVAXUSDT,1689984000000,0.0001
AVAXUSDT,1690012800000,0.0001
AVAXUSDT,1690041600000,-0.00003911
AVAXUSDT,1690070400000,0.0000201
AVAXUSDT,1690099200000,0.00007075
AVAXUSDT,1690128000000,0.0001
AVAXUSDT,1690156800000,0.0001
AVAXUSDT,1690185600000,0.0001
AVAXUSDT,1690214400000,0.00008705
AVAXUSDT,1690243200000,0.0001
AVAXUSDT,1690272000000,0.00009506
AVAXUSDT,1690300800000,-0.00007046
AVAXUSDT,1690329600000,-0.00000505
AVAXUSDT,1690358400001,0.00006606
AVAXUSDT,1690387200000,0.0001
AVAXUSDT,1690416000000,0.00004541
AVAXUSDT,1690444800000,0.00004217
AVAXUSDT,1690473600001,-0.00007122
AVAXUSDT,1690502400000,0.00009493
AVAXUSDT,1690531200000,0.0001
AVAXUSDT,1690560000000,0.00007008
AVAXUSDT,1690588800000,0.0001
AVAXUSDT,1690617600000,-0.00000668
AVAXUSDT,1690646400001,0.0001
AVAXUSDT,1690675200000,0.00009068
AVAXUSDT,1690704000000,0.0001
AVAXUSDT,1690732800000,0.0001
AVAXUSDT,1690761600000,0.0000862
AVAXUSDT,1690790400000,0.00009854
AVAXUSDT,1690819200001,-0.00003648
AVAXUSDT,1690848000000,-0.00009356
AVAXUSDT,1690876800000,0.0000382
AVAXUSDT,1690905600000,0.0001
AVAXUSDT,1690934400000,0.0001
AVAXUSDT,1690963200000,0.00002291
AVAXUSDT,1690992000000,0.00002077
AVAXUSDT,1691020800000,-0.00000225
AVAXUSDT,1691049600000,0.00001294
AVAXUSDT,1691078400001,0.00002673
AVAXUSDT,1691107200000,-0.00004145
AVAXUSDT,1691136000000,-0.00005397
AVAXUSDT,1691164800000,-0.00000686
AVAXUSDT,1691193600000,0.00004434
AVAXUSDT,1691222400000,0.0000075
AVAXUSDT,1691251200001,-0.00013049
AVAXUSDT,1691280000000,-0.0001026
AVAXUSDT,1691308800001,0.0001
AVAXUSDT,1691337600005,0.0001
AVAXUSDT,1691366400000,0.0001
AVAXUSDT,1691395200000,0.0001
AVAXUSDT,1691424000000,0.0001
AVAXUSDT,1691452800000,-0.00001042
AVAXUSDT,1691481600000,0.00009228
AVAXUSDT,1691510400000,0.0001
AVAXUSDT,1691539200000,0.0001
AVAXUSDT,1691568000000,0.0001
AVAXUSDT,1691596800000,0.0001
AVAXUSDT,1691625600001,0.0001
AVAXUSDT,1691654400000,0.00008651
AVAXUSDT,1691683200000,0.0000338
AVAXUSDT,1691712000000,0.0001
AVAXUSDT,1691740800000,-0.00005992
AVAXUSDT,1691769600000,-0.00002082
AVAXUSDT,1691798400000,0.00000406
AVAXUSDT,1691827200000,0.00004158
AVAXUSDT,1691856000000,0.00007913
AVAXUSDT,1691884800000,-0.00009679
AVAXUSDT,1691913600000,-0.00010468
AVAXUSDT,1691942400000,-0.00013785
AVAXUSDT,1691971200001,-0.00000607
AVAXUSDT,1692000000000,0.0001
AVAXUSDT,1692028800000,0.0001
AVAXUSDT,1692057600001,0.0001
AVAXUSDT,1692086400000,0.0001
AVAXUSDT,1692115200000,0.0001
AVAXUSDT,1692144000000,-0.00024918
AVAXUSDT,1692172800001,-0.00008704
AVAXUSDT,1692201600000,0.00001561
AVAXUSDT,1692230400000,-0.00019126
AVAXUSDT,1692259200000,0.0000775
AVAXUSDT,1692288000000,0.00000877
AVAXUSDT,1692316800000,-0.00104211
AVAXUSDT,1692345600000,-0.00010876
AVAXUSDT,1692374400000,0.00007602
AVAXUSDT,1692403200000,-0.00007619
AVAXUSDT,1692432000000,0.00009363
AVAXUSDT,1692460800000,-0.0001085
AVAXUSDT,1692489600000,-0.00021601
AVAXUSDT,1692518400000,-0.00017488
AVAXUSDT,1692547200000,-0.00016703
AVAXUSDT,1692576000000,0.00002814
AVAXUSDT,1692604800000,0.00000659
AVAXUSDT,1692633600000,-0.00014387
AVAXUSDT,1692662400000,-0.00016897
AVAXUSDT,1692691200000,-0.00023828
AVAXUSDT,1692720000000,-0.00022065
AVAXUSDT,1692748800000,-0.00025692
AVAXUSDT,1692777600000,-0.00032539
AVAXUSDT,1692806400000,-0.00024482
AVAXUSDT,1692835200000,-0.00009955
AVAXUSDT,1692864000000,-0.00003156
AVAXUSDT,1692892800000,-0.00034825
AVAXUSDT,1692921600000,-0.00015128
AVAXUSDT,1692950400000,-0.00014514
AVAXUSDT,1692979200000,-0.00031387
AVAXUSDT,1693008000000,-0.00019886
AVAXUSDT,1693036800000,-0.00004841
AVAXUSDT,1693065600000,-0.00013791
AVAXUSDT,1693094400000,0.00004544
AVAXUSDT,1693123200000,0.00006553
AVAXUSDT,1693152000000,0.00003024
AVAXUSDT,1693180800000,-0.0000201
AVAXUSDT,1693209600001,-0.00003933
AVAXUSDT,1693238400001,0.00007204
AVAXUSDT,1693267200000,0.00007769
AVAXUSDT,1693296000000,-0.00022446
AVAXUSDT,1693324800000,-0.00013393
AVAXUSDT,1693353600000,0.0001
AVAXUSDT,1693382400000,0.0000896
AVAXUSDT,1693411200000,0.00001154
AVAXUSDT,1693440000000,0.00001535
AVAXUSDT,1693468800000,0.00005806
AVAXUSDT,1693497600000,-0.00005581
AVAXUSDT,1693526400000,-0.00010635
AVAXUSDT,1693555200000,-0.00020661
AVAXUSDT,1693584000001,-0.00017704
AVAXUSDT,1693612800000,-0.00015921
AVAXUSDT,1693641600000,-0.00012616
AVAXUSDT,1693670400000,-0.00018896
AVAXUSDT,1693699200000,-0.00020188
AVAXUSDT,1693728000000,-0.00004997
AVAXUSDT,1693756800000,-0.00005783
AVAXUSDT,1693785600000,0.0001
AVAXUSDT,1693814400000,-0.00008471
AVAXUSDT,1693843200000,-0.00007374
AVAXUSDT,1693872000000,-0.00011266
AVAXUSDT,1693900800000,-0.00003911
AVAXUSDT,1693929600000,0.00006597
AVAXUSDT,1693958400000,0.0000206
AVAXUSDT,1693987200000,0.00005045
AVAXUSDT,1694016000001,-0.00000308
AVAXUSDT,1694044800000,0.00001039
AVAXUSDT,1694073600000,0.00006057
AVAXUSDT,1694102400000,-0.00011005
AVAXUSDT,1694131200000,-0.00016389
AVAXUSDT,1694160000000,-0.00003578
AVAXUSDT,1694188800000,-0.00000563
AVAXUSDT,1694217600000,0.00001036
AVAXUSDT,1694246400000,-0.00003809
AVAXUSDT,1694275200000,-0.00006457
AVAXUSDT,1694304000000,-0.00027483
AVAXUSDT,1694332800000,-0.00040009
AVAXUSDT,1694361600000,-0.00030866
AVAXUSDT,1694390400000,-0.00022746
AVAXUSDT,1694419200000,-0.00018572
AVAXUSDT,1694448000001,-0.00002498
AVAXUSDT,1694476800000,0.0000623
AVAXUSDT,1694505600000,0.00005996
AVAXUSDT,1694534400000,0.00005532
AVAXUSDT,1694563200000,-0.00011844
AVAXUSDT,1694592000000,-0.00006234
AVAXUSDT,1694620800000,-0.00011566
AVAXUSDT,1694649600000,-0.00002672
AVAXUSDT,1694678400001,-0.00006339
AVAXUSDT,1694707200000,-0.00008732
AVAXUSDT,1694736000000,0.00000297
AVAXUSDT,1694764800000,0.00007049
AVAXUSDT,1694793600000,0.00000836
AVAXUSDT,1694822400000,0.00003376
AVAXUSDT,1694851200000,0.0001
AVAXUSDT,1694880000000,-0.00001851
AVAXUSDT,1694908800000,0.00001425
AVAXUSDT,1694937600000,-0.00013415
AVAXUSDT,1694966400000,-0.00012303
AVAXUSDT,1694995200000,-0.00024561
AVAXUSDT,1695024000000,0.00000637
AVAXUSDT,1695052800000,-0.00003048
AVAXUSDT,1695081600000,-0.00007249
AVAXUSDT,1695110400001,-0.0000646
AVAXUSDT,1695139200000,0.00007866
AVAXUSDT,1695168000000,0.00006395
AVAXUSDT,1695196800000,-0.00009409
AVAXUSDT,1695225600000,-0.00010074
AVAXUSDT,1695254400001,0.00008448
AVAXUSDT,1695283200000,0.00003609
AVAXUSDT,1695312000000,-0.00018022
AVAXUSDT,1695340800000,-0.00006964
AVAXUSDT,1695369600000,-0.00000825
AVAXUSDT,1695398400000,0.00004246
AVAXUSDT,1695427200000,-0.00000236
AVAXUSDT,1695456000000,0.0000545
AVAXUSDT,1695484800000,0.0001
AVAXUSDT,1695513600000,0.0001
AVAXUSDT,1695542400000,0.0001
AVAXUSDT,1695571200000,0.00004587
AVAXUSDT,1695600000000,0.0001
AVAXUSDT,1695628800000,-0.00004927
AVAXUSDT,1695657600000,-0.00002653
AVAXUSDT,1695686400000,-0.00003515
AVAXUSDT,1695715200000,0.0001
AVAXUSDT,1695744000000,0.0000463
AVAXUSDT,1695772800000,0.0001
AVAXUSDT,1695801600001,0.0001
AVAXUSDT,1695830400000,0.0001
AVAXUSDT,1695859200000,0.0001
AVAXUSDT,1695888000000,0.0001
AVAXUSDT,1695916800000,0.0001
AVAXUSDT,1695945600000,0.00004752
AVAXUSDT,1695974400000,0.00009197
AVAXUSDT,1696003200000,0.0001
AVAXUSDT,1696032000000,0.0001
AVAXUSDT,1696060800000,0.0001
AVAXUSDT,1696089600000,0.00009778
AVAXUSDT,1696118400000,0.0001
AVAXUSDT,1696147200000,0.00006585
AVAXUSDT,1696176000000,0.0001
AVAXUSDT,1696204800000,0.0001
AVAXUSDT,1696233600000,0.00001914
AVAXUSDT,1696262400000,0.0001
AVAXUSDT,1696291200000,0.0001
AVAXUSDT,1696320000000,0.00008716
AVAXUSDT,1696348800000,0.00005096
AVAXUSDT,1696377600000,0.00002378
AVAXUSDT,1696406400000,0.00008421
AVAXUSDT,1696435200000,0.0001
AVAXUSDT,1696464000000,0.0001
AVAXUSDT,1696492800000,0.0001
AVAXUSDT,1696521600001,0.00009092
AVAXUSDT,1696550400000,0.0000165
AVAXUSDT,1696579200000,-0.00011178
AVAXUSDT,1696608000000,-0.00000289
AVAXUSDT,1696636800000,-0.00002441
AVAXUSDT,1696665600000,0.00000213
AVAXUSDT,1696694400000,0.0001
AVAXUSDT,1696723200000,0.0001
AVAXUSDT,1696752000001,0.00008389
AVAXUSDT,1696780800000,0.0001
AVAXUSDT,1696809600000,0.00003738
AVAXUSDT,1696838400000,0.0001
AVAXUSDT,1696867200000,0.00006691
AVAXUSDT,1696896000000,-0.00005879
AVAXUSDT,1696924800000,-0.0000072
AVAXUSDT,1696953600000,0.00007264
AVAXUSDT,1696982400000,-0.00004627
AVAXUSDT,1697011200000,0.0001
AVAXUSDT,1697040000000,0.00002573
AVAXUSDT,1697068800000,0.00009033
AVAXUSDT,1697097600000,0.0001
AVAXUSDT,1697126400000,0.00002575
AVAXUSDT,1697155200000,0.00000132
AVAXUSDT,1697184000000,0.00007952
AVAXUSDT,1697212800000,0.00001745
AVAXUSDT,1697241600000,-0.00005301
AVAXUSDT,1697270400000,0.00001196
AVAXUSDT,1697299200000,0.00003806
AVAXUSDT,1697328000000,0.00001961
AVAXUSDT,1697356800000,0.0001
AVAXUSDT,1697385600000,0.00003071
AVAXUSDT,1697414400000,0.00001287
AVAXUSDT,1697443200000,0.0001
AVAXUSDT,1697472000000,0.0001
AVAXUSDT,1697500800000,0.00000279
AVAXUSDT,1697529600000,0.00006196
AVAXUSDT,1697558400000,0.00003906
AVAXUSDT,1697587200000,0.00006572
AVAXUSDT,1697616000000,0.00005829
AVAXUSDT,1697644800000,0.00008817
AVAXUSDT,1697673600000,-0.00004133
AVAXUSDT,1697702400001,0.00002328
AVAXUSDT,1697731200000,-0.0000452
AVAXUSDT,1697760000000,0.00002129
AVAXUSDT,1697788800005,0.00005311
AVAXUSDT,1697817600000,0.00005468
AVAXUSDT,1697846400000,-0.00003721
AVAXUSDT,1697875200000,0.00009849
AVAXUSDT,1697904000000,0.0001
AVAXUSDT,1697932800000,0.00009662
AVAXUSDT,1697961600000,-0.00005169
AVAXUSDT,1697990400000,0.00008803
AVAXUSDT,1698019200000,0.0000563
AVAXUSDT,1698048000001,0.00009574
AVAXUSDT,1698076800001,0.0001
AVAXUSDT,1698105600000,0.0001
AVAXUSDT,1698134400000,0.0001
AVAXUSDT,1698163200000,0.0001
AVAXUSDT,1698192000000,0.0001
AVAXUSDT,1698220800000,0.0001
AVAXUSDT,1698249600001,0.0001
AVAXUSDT,1698278400001,0.0001
AVAXUSDT,1698307200000,0.0001
AVAXUSDT,1698336000000,0.0001
AVAXUSDT,1698364800000,0.0001
AVAXUSDT,1698393600000,0.0001
AVAXUSDT,1698422400000,0.0001
AVAXUSDT,1698451200000,0.0001
AVAXUSDT,1698480000001,0.0001
AVAXUSDT,1698508800000,0.0001
AVAXUSDT,1698537600000,0.0001
AVAXUSDT,1698566400000,0.0001
AVAXUSDT,1698595200000,0.0001
AVAXUSDT,1698624000000,0.0001
AVAXUSDT,1698652800000,0.0001
AVAXUSDT,1698681600000,0.0001
AVAXUSDT,1698710400001,0.00018156
AVAXUSDT,1698739200000,0.0001
AVAXUSDT,1698768000000,0.0001
AVAXUSDT,1698796800000,0.0001
AVAXUSDT,1698825600000,0.0001
AVAXUSDT,1698854400000,0.0001
AVAXUSDT,1698883200001,0.00031014
AVAXUSDT,1698912000000,0.00027669
AVAXUSDT,1698940800000,0.00019586
AVAXUSDT,1698969600000,0.0001
AVAXUSDT,1698998400000,0.0001
AVAXUSDT,1699027200000,0.0001
AVAXUSDT,1699056000000,0.0001
AVAXUSDT,1699084800000,0.0001
AVAXUSDT,1699113600000,0.0001
AVAXUSDT,1699142400000,0.0001
AVAXUSDT,1699171200000,0.0001
AVAXUSDT,1699200000000,0.00012048
AVAXUSDT,1699228800000,0.0001
AVAXUSDT,1699257600001,0.0001
AVAXUSDT,1699286400000,0.00023531
AVAXUSDT,1699315200001,0.0001
AVAXUSDT,1699344000000,0.00011014
AVAXUSDT,1699372800000,0.00016308
AVAXUSDT,1699401600000,0.0001
AVAXUSDT,1699430400000,0.00011836
AVAXUSDT,1699459200000,0.0001
AVAXUSDT,1699488000000,0.0001
AVAXUSDT,1699516800000,0.00015255
AVAXUSDT,1699545600000,0.00041209
AVAXUSDT,1699574400000,0.0001
AVAXUSDT,1699603200000,0.00036085
AVAXUSDT,1699632000000,0.0001272
AVAXUSDT,1699660800000,0.00040433
AVAXUSDT,1699689600000,0.00012819
AVAXUSDT,1699718400000,0.00029521
AVAXUSDT,1699747200000,0.00031013
AVAXUSDT,1699776000000,0.00021634
AVAXUSDT,1699804800001,0.00011617
AVAXUSDT,1699833600000,0.00012874
AVAXUSDT,1699862400000,0.00018603
AVAXUSDT,1699891200000,0.00038809
AVAXUSDT,1699920000000,0.00019237
AVAXUSDT,1699948800000,0.0001
AVAXUSDT,1699977600001,0.0001
AVAXUSDT,1700006400000,0.0001
AVAXUSDT,1700035200000,0.0001
AVAXUSDT,1700064000000,0.0001182
AVAXUSDT,1700092800000,0.00030624
AVAXUSDT,1700121600000,0.0001
AVAXUSDT,1700150400001,0.00040911
AVAXUSDT,1700179200000,0.0001
AVAXUSDT,1700208000001,0.0001
AVAXUSDT,1700236800001,0.0001
AVAXUSDT,1700265600000,0.0001
AVAXUSDT,1700294400000,0.0001
AVAXUSDT,1700323200000,0.0001
AVAXUSDT,1700352000000,0.0001
AVAXUSDT,1700380800000,0.0001
AVAXUSDT,1700409600000,0.0001
AVAXUSDT,1700438400000,0.0001
AVAXUSDT,1700467200000,0.0001
AVAXUSDT,1700496000000,0.0001
AVAXUSDT,1700524800000,0.0001
AVAXUSDT,1700553600000,0.0001
AVAXUSDT,1700582400000,0.0001
AVAXUSDT,1700611200000,0.0001
AVAXUSDT,1700640000000,0.0001
AVAXUSDT,1700668800000,0.0001
AVAXUSDT,1700697600000,0.0001
AVAXUSDT,1700726400000,0.0001
AVAXUSDT,1700755200001,0.0001
AVAXUSDT,1700784000000,0.0001
AVAXUSDT,1700812800000,0.0001
AVAXUSDT,1700841600000,0.0001
AVAXUSDT,1700870400000,0.0001
AVAXUSDT,1700899200000,0.0001
AVAXUSDT,1700928000000,0.0001
AVAXUSDT,1700956800000,0.0001
AVAXUSDT,1700985600000,0.00013248
AVAXUSDT,1701014400000,0.0001
AVAXUSDT,1701043200000,0.0001
AVAXUSDT,1701072000001,0.0001
AVAXUSDT,1701100800000,0.0001
AVAXUSDT,1701129600000,0.0001
AVAXUSDT,1701158400000,0.0001
AVAXUSDT,1701187200000,0.0001
AVAXUSDT,1701216000001,0.0001
AVAXUSDT,1701244800000,0.0001
AVAXUSDT,1701273600000,0.0001
AVAXUSDT,1701302400000,0.0001
AVAXUSDT,1701331200000,0.0001
AVAXUSDT,1701360000000,0.0001
AVAXUSDT,1701388800000,0.0001
AVAXUSDT,1701417600000,0.0001
AVAXUSDT,1701446400000,0.0001
AVAXUSDT,1701475200000,0.0001936
AVAXUSDT,1701504000000,0.0001
AVAXUSDT,1701532800000,0.0001
AVAXUSDT,1701561600000,0.00013809
AVAXUSDT,1701590400000,0.00010554
AVAXUSDT,1701619200000,0.0001
AVAXUSDT,1701648000000,0.0001
AVAXUSDT,1701676800000,0.00035945
AVAXUSDT,1701705600000,0.0001
AVAXUSDT,1701734400000,0.0001
AVAXUSDT,1701763200000,0.00033313
AVAXUSDT,1701792000000,0.0001
AVAXUSDT,1701820800000,0.00041753
AVAXUSDT,1701849600000,0.00039106
AVAXUSDT,1701878400000,0.0001812
AVAXUSDT,1701907200000,0.00018056
AVAXUSDT,1701936000000,0.0001
AVAXUSDT,1701964800000,0.0001
AVAXUSDT,1701993600000,0.0001
AVAXUSDT,1702022400000,0.00020548
AVAXUSDT,1702051200000,0.00026308
AVAXUSDT,1702080000000,0.00049829
AVAXUSDT,1702108800000,0.0004165
AVAXUSDT,1702137600000,0.00032427
AVAXUSDT,1702166400000,0.0001
AVAXUSDT,1702195200000,0.0001
AVAXUSDT,1702224000000,0.0001
AVAXUSDT,1702252800000,0.00026036
AVAXUSDT,1702281600000,0.0001
AVAXUSDT,1702310400000,0.0001
AVAXUSDT,1702339200000,0.0001241
AVAXUSDT,1702368000000,0.00011052
AVAXUSDT,1702396800000,0.00027776
AVAXUSDT,1702425600000,0.0001
AVAXUSDT,1702454400000,0.0001
AVAXUSDT,1702483200001,0.0001
AVAXUSDT,1702512000000,0.0001
AVAXUSDT,1702540800000,0.0001
AVAXUSDT,1702569600000,0.0001
AVAXUSDT,1702598400000,0.0001
AVAXUSDT,1702627200000,0.00018905
AVAXUSDT,1702656000000,0.00030919
AVAXUSDT,1702684800000,0.00024209
AVAXUSDT,1702713600000,0.00016291
AVAXUSDT,1702742400001,0.0001
AVAXUSDT,1702771200000,0.0001
AVAXUSDT,1702800000000,0.0001
AVAXUSDT,1702828800000,0.0001
AVAXUSDT,1702857600000,0.0001
AVAXUSDT,1702886400001,0.0001
AVAXUSDT,1702915200000,0.0001
AVAXUSDT,1702944000000,0.0001
AVAXUSDT,1702972800000,0.0001
AVAXUSDT,1703001600000,0.0001
AVAXUSDT,1703030400000,0.0001
AVAXUSDT,1703059200000,0.0001
AVAXUSDT,1703088000000,0.00024236
AVAXUSDT,1703116800000,0.0002749
AVAXUSDT,1703145600000,0.00029422
AVAXUSDT,1703174400000,0.00035006
AVAXUSDT,1703203200000,0.00041417
AVAXUSDT,1703232000000,0.00037025
AVAXUSDT,1703260800000,0.00014786
AVAXUSDT,1703289600000,0.0001
AVAXUSDT,1703318400001,0.0001
AVAXUSDT,1703347200000,0.00012299
AVAXUSDT,1703376000000,0.00050432
AVAXUSDT,1703404800000,0.00029965
AVAXUSDT,1703433600000,0.00027999
AVAXUSDT,1703462400000,0.00022197
AVAXUSDT,1703491200000,0.00021898
AVAXUSDT,1703520000000,0.00045651
AVAXUSDT,1703548800000,0.00064
AVAXUSDT,1703577600000,0.00010645
AVAXUSDT,1703606400000,0.00027908
AVAXUSDT,1703635200000,0.0001
AVAXUSDT,1703664000000,0.00015534
AVAXUSDT,1703692800000,0.00027933
AVAXUSDT,1703721600000,0.0004232
AVAXUSDT,1703750400000,0.00071411
AVAXUSDT,1703779200000,0.00082332
AVAXUSDT,1703808000001,0.00066454
AVAXUSDT,1703836800000,0.0003613
AVAXUSDT,1703865600000,0.00064214
AVAXUSDT,1703894400001,0.00032939
AVAXUSDT,1703923200000,0.00041857
AVAXUSDT,1703952000000,0.00040004
AVAXUSDT,1703980800000,0.00038496
AVAXUSDT,1704009600001,0.00044807
AVAXUSDT,1704038400000,0.00042908
AVAXUSDT,1704067200000,0.0002531
AVAXUSDT,1704096000000,0.00034314
AVAXUSDT,1704124800000,0.00058407
AVAXUSDT,1704153600000,0.0006354
AVAXUSDT,1704182400000,0.00045506
AVAXUSDT,1704211200000,0.00073814
AVAXUSDT,1704240000000,0.00039584
AVAXUSDT,1704268800000,0.00031764
AVAXUSDT,1704297600000,0.0001
AVAXUSDT,1704326400000,0.0001
AVAXUSDT,1704355200000,0.0001
AVAXUSDT,1704384000000,0.0001
AVAXUSDT,1704412800001,0.0001
AVAXUSDT,1704441600000,0.0001
AVAXUSDT,1704470400000,0.0001
AVAXUSDT,1704499200000,0.0001
AVAXUSDT,1704528000000,0.0001
AVAXUSDT,1704556800000,0.0001
AVAXUSDT,1704585600000,0.0001
AVAXUSDT,1704614400001,0.0001
AVAXUSDT,1704643200001,0.0001
AVAXUSDT,1704672000000,0.0001
AVAXUSDT,1704700800000,0.0001
AVAXUSDT,1704729600000,0.0001
AVAXUSDT,1704758400001,0.0001
AVAXUSDT,1704787200000,0.0001
AVAXUSDT,1704816000000,0.0001
AVAXUSDT,1704844800000,0.0001
AVAXUSDT,1704873600000,0.0001
AVAXUSDT,1704902400000,0.0001
AVAXUSDT,1704931200000,0.0001
AVAXUSDT,1704960000000,0.0001
AVAXUSDT,1704988800000,0.0001
AVAXUSDT,1705017600001,0.0001
AVAXUSDT,1705046400000,0.0001
AVAXUSDT,1705075200000,0.0001
AVAXUSDT,1705104000000,0.0001
AVAXUSDT,1705132800000,0.0001
AVAXUSDT,1705161600001,0.0001
AVAXUSDT,1705190400000,0.0001
AVAXUSDT,1705219200000,0.0001
AVAXUSDT,1705248000001,0.0001
AVAXUSDT,1705276800000,0.0001
AVAXUSDT,1705305600000,0.0001
AVAXUSDT,1705334400000,0.0001
AVAXUSDT,1705363200000,0.0001
AVAXUSDT,1705392000000,0.0001
AVAXUSDT,1705420800001,0.0001
AVAXUSDT,1705449600000,0.0001
AVAXUSDT,1705478400000,0.0001
AVAXUSDT,1705507200000,0.0001
AVAXUSDT,1705536000001,0.0001
AVAXUSDT,1705564800000,0.0001
AVAXUSDT,1705593600000,0.0001
AVAXUSDT,1705622400000,0.0001
AVAXUSDT,1705651200000,0.0001
AVAXUSDT,1705680000002,0.0001
AVAXUSDT,1705708800000,0.0001
AVAXUSDT,1705737600003,0.0001
AVAXUSDT,1705766400000,0.0001
AVAXUSDT,1705795200000,0.0001
AVAXUSDT,1705824000000,0.0001
AVAXUSDT,1705852800000,0.0001
AVAXUSDT,1705881600000,0.0001
AVAXUSDT,1705910400000,0.0001
AVAXUSDT,1705939200000,0.0001
AVAXUSDT,1705968000000,0.0001
AVAXUSDT,1705996800000,0.0001
AVAXUSDT,1706025600000,0.0001
AVAXUSDT,1706054400000,0.0001
AVAXUSDT,1706083200000,0.0001
AVAXUSDT,1706112000000,0.0000818
AVAXUSDT,1706140800000,0.0001
AVAXUSDT,1706169600001,0.0001
AVAXUSDT,1706198400000,0.0001
AVAXUSDT,1706227200001,0.0001
AVAXUSDT,1706256000000,0.0001
AVAXUSDT,1706284800000,0.0000675
AVAXUSDT,1706313600000,0.0001
AVAXUSDT,1706342400000,0.0001
AVAXUSDT,1706371200000,0.00008808
AVAXUSDT,1706400000000,0.00006922
AVAXUSDT,1706428800000,0.00002096
AVAXUSDT,1706457600000,0.0001
AVAXUSDT,1706486400000,0.0001
AVAXUSDT,1706515200001,0.00009881
AVAXUSDT,1706544000000,0.0001
AVAXUSDT,1706572800000,0.0001
AVAXUSDT,1706601600000,0.0001
AVAXUSDT,1706630400001,0.0001
AVAXUSDT,1706659200000,0.0001
AVAXUSDT,1706688000000,0.0001
AVAXUSDT,1706716800000,0.0001
AVAXUSDT,1706745600000,0.0001
AVAXUSDT,1706774400000,0.0001
AVAXUSDT,1706803200002,0.0001
AVAXUSDT,1706832000000,0.0001
AVAXUSDT,1706860800000,0.0001
AVAXUSDT,1706889600000,0.0001
AVAXUSDT,1706918400000,0.0001
AVAXUSDT,1706947200000,0.0001
AVAXUSDT,1706976000001,0.0001
AVAXUSDT,1707004800000,0.0001
AVAXUSDT,1707033600004,0.0001
AVAXUSDT,1707062400000,0.0001
AVAXUSDT,1707091200000,0.0001
AVAXUSDT,1707120000000,0.0001
AVAXUSDT,1707148800000,0.0001
AVAXUSDT,1707177600000,0.0001
AVAXUSDT,1707206400001,0.00006535
AVAXUSDT,1707235200000,0.0001
AVAXUSDT,1707264000000,0.0001
AVAXUSDT,1707292800000,0.0001
AVAXUSDT,1707321600000,0.0001
AVAXUSDT,1707350400000,0.0001
AVAXUSDT,1707379200000,0.0001
AVAXUSDT,1707408000000,0.0001
AVAXUSDT,1707436800000,0.0001
AVAXUSDT,1707465600000,0.0001
AVAXUSDT,1707494400001,0.0001
AVAXUSDT,1707523200001,0.0001
AVAXUSDT,1707552000000,0.0001
AVAXUSDT,1707580800000,0.0001
AVAXUSDT,1707609600000,0.0001
AVAXUSDT,1707638400001,0.0001
AVAXUSDT,1707667200000,0.0001
AVAXUSDT,1707696000000,0.0001
AVAXUSDT,1707724800000,0.0001
AVAXUSDT,1707753600000,0.0001
AVAXUSDT,1707782400000,0.0001
AVAXUSDT,1707811200000,0.00016396
AVAXUSDT,1707840000000,0.0001
AVAXUSDT,1707868800000,0.0001
AVAXUSDT,1707897600000,0.00012232
AVAXUSDT,1707926400000,0.00026428
AVAXUSDT,1707955200000,0.00032365
AVAXUSDT,1707984000000,0.00034533
AVAXUSDT,1708012800000,0.00029373
AVAXUSDT,1708041600000,0.00026165
AVAXUSDT,1708070400000,0.00020748
AVAXUSDT,1708099200000,0.0001
AVAXUSDT,1708128000000,0.00010761
AVAXUSDT,1708156800000,0.00019347
AVAXUSDT,1708185600000,0.0001102
AVAXUSDT,1708214400000,0.00011589
AVAXUSDT,1708243200000,0.00023178
AVAXUSDT,1708272000000,0.0001
AVAXUSDT,1708300800000,0.00016085
AVAXUSDT,1708329600000,0.00016805
AVAXUSDT,1708358400000,0.00015134
AVAXUSDT,1708387200000,0.00045186
AVAXUSDT,1708416000000,0.00027702
AVAXUSDT,1708444800000,0.00015148
AVAXUSDT,1708473600000,0.0001
AVAXUSDT,1708502400000,0.00017213
AVAXUSDT,1708531200000,0.0001
AVAXUSDT,1708560000001,0.0001
AVAXUSDT,1708588800001,0.00021078
AVAXUSDT,1708617600000,0.0001
AVAXUSDT,1708646400000,0.00017278
AVAXUSDT,1708675200000,0.00014838
AVAXUSDT,1708704000000,0.00019557
AVAXUSDT,1708732800000,0.00030828
AVAXUSDT,1708761600001,0.00043111
AVAXUSDT,1708790400000,0.00023027
AVAXUSDT,1708819200001,0.00021863
AVAXUSDT,1708848000000,0.0002175
AVAXUSDT,1708876800000,0.00039682
AVAXUSDT,1708905600000,0.00045706
AVAXUSDT,1708934400000,0.00044167
AVAXUSDT,1708963200000,0.00049665
AVAXUSDT,1708992000000,0.0005621
AVAXUSDT,1709020800000,0.00074454
AVAXUSDT,1709049600000,0.00035586
AVAXUSDT,1709078400000,0.00043254
AVAXUSDT,1709107200000,0.00050134
AVAXUSDT,1709136000000,0.00062997
AVAXUSDT,1709164800000,0.0005458
AVAXUSDT,1709193600000,0.00085228
AVAXUSDT,1709222400000,0.00091333
AVAXUSDT,1709251200000,0.00059715
AVAXUSDT,1709280000000,0.00061558
AVAXUSDT,1709308800000,0.0005416
AVAXUSDT,1709337600000,0.00066797
AVAXUSDT,1709366400001,0.00108345
AVAXUSDT,1709395200000,0.00088171
AVAXUSDT,1709424000000,0.00097077
AVAXUSDT,1709452800000,0.00065852
AVAXUSDT,1709481600000,0.00054581
AVAXUSDT,1709510400000,0.00062988
AVAXUSDT,1709539200000,0.00069943
AVAXUSDT,1709568000000,0.00066829
AVAXUSDT,1709596800000,0.00041232
AVAXUSDT,1709625600000,0.00143701
AVAXUSDT,1709654400000,0.00119408
AVAXUSDT,1709683200000,0.0001
AVAXUSDT,1709712000001,0.00038689
AVAXUSDT,1709740800000,0.00036121
AVAXUSDT,1709769600000,0.00042
AVAXUSDT,1709798400000,0.00045776
AVAXUSDT,1709827200000,0.0004998
AVAXUSDT,1709856000000,0.00059146
AVAXUSDT,1709884800000,0.00047096
AVAXUSDT,1709913600000,0.0006854
AVAXUSDT,1709942400000,0.0005777
AVAXUSDT,1709971200001,0.00068766
AVAXUSDT,1710000000000,0.00074372
AVAXUSDT,1710028800000,0.00076194
AVAXUSDT,1710057600000,0.00087519
AVAXUSDT,1710086400000,0.0003943
AVAXUSDT,1710115200000,0.00038942
AVAXUSDT,1710144000000,0.00052255
AVAXUSDT,1710172800000,0.0008394
AVAXUSDT,1710201600000,0.00088235
AVAXUSDT,1710230400000,0.00063585
AVAXUSDT,1710259200000,0.00053315
AVAXUSDT,1710288000000,0.00080567
AVAXUSDT,1710316800001,0.00073864
AVAXUSDT,1710345600000,0.00063138
AVAXUSDT,1710374400001,0.00047924
AVAXUSDT,1710403200000,0.00066058
AVAXUSDT,1710432000000,0.00068906
AVAXUSDT,1710460800000,0.00037372
AVAXUSDT,1710489600000,0.00044396
AVAXUSDT,1710518400000,0.00033544
AVAXUSDT,1710547200000,0.00026994
AVAXUSDT,1710576000000,0.00053169
AVAXUSDT,1710604800000,0.00017946
AVAXUSDT,1710633600000,0.0001
AVAXUSDT,1710662400000,0.00014492
AVAXUSDT,1710691200000,0.00018468
AVAXUSDT,1710720000000,0.00013265
AVAXUSDT,1710748800000,0.00048825
AVAXUSDT,1710777600001,0.00034464
AVAXUSDT,1710806400000,0.00015398
AVAXUSDT,1710835200000,0.00024701
AVAXUSDT,1710864000001,0.00011491
AVAXUSDT,1710892800000,0.0001
AVAXUSDT,1710921600004,0.00012556
AVAXUSDT,1710950400000,0.0001
AVAXUSDT,1710979200000,0.0001
AVAXUSDT,1711008000000,0.00021712
AVAXUSDT,1711036800000,0.0001
AVAXUSDT,1711065600000,0.0001
AVAXUSDT,1711094400000,0.00027007
AVAXUSDT,1711123200000,0.0001
AVAXUSDT,1711152000000,0.0001
AVAXUSDT,1711180800000,0.00017347
AVAXUSDT,1711209600000,0.00020075
AVAXUSDT,1711238400000,0.00017925
AVAXUSDT,1711267200000,0.0001
AVAXUSDT,1711296000000,0.0001
AVAXUSDT,1711324800000,0.00025731
AVAXUSDT,1711353600001,0.00031148
AVAXUSDT,1711382400000,0.00017866
AVAXUSDT,1711411200000,0.00031497
AVAXUSDT,1711440000000,0.00025082
AVAXUSDT,1711468800000,0.0003731
AVAXUSDT,1711497600000,0.00044377
AVAXUSDT,1711526400001,0.00028566
AVAXUSDT,1711555200000,0.00028787
AVAXUSDT,1711584000000,0.0002259
AVAXUSDT,1711612800000,0.00053119
AVAXUSDT,1711641600000,0.00042955
AVAXUSDT,1711670400000,0.00046305
AVAXUSDT,1711699200000,0.00042196
AVAXUSDT,1711728000000,0.00045578
AVAXUSDT,1711756800000,0.00054182
AVAXUSDT,1711785600000,0.00055828
AVAXUSDT,1711814400000,0.00062463
AVAXUSDT,1711843200000,0.00051786
AVAXUSDT,1711872000000,0.00066486
AVAXUSDT,1711900800001,0.00062951
AVAXUSDT,1711929600000,0.00083806
AVAXUSDT,1711958400000,0.0004279
AVAXUSDT,1711987200000,0.00033138
AVAXUSDT,1712016000007,0.00034668
AVAXUSDT,1712044800015,0.0001
AVAXUSDT,1712073600000,0.0001
AVAXUSDT,1712102400000,0.0001
AVAXUSDT,1712131200000,0.0001112
AVAXUSDT,1712160000000,0.0001
AVAXUSDT,1712188800000,0.0001
AVAXUSDT,1712217600000,0.00011701
AVAXUSDT,1712246400000,0.0001
AVAXUSDT,1712275200000,0.00011965
AVAXUSDT,1712304000000,0.0001
AVAXUSDT,1712332800000,0.0001
AVAXUSDT,1712361600000,0.00017606
AVAXUSDT,1712390400000,0.0001
AVAXUSDT,1712419200000,0.0001
AVAXUSDT,1712448000000,0.0001
AVAXUSDT,1712476800000,0.0001
AVAXUSDT,1712505600000,0.0001
AVAXUSDT,1712534400001,0.00015096
AVAXUSDT,1712563200000,0.00010673
AVAXUSDT,1712592000006,0.00014268
AVAXUSDT,1712620800000,0.0001153
AVAXUSDT,1712649600001,0.00018842
AVAXUSDT,1712678400001,0.000211
AVAXUSDT,1712707200000,0.00021691
AVAXUSDT,1712736000001,0.00013493
AVAXUSDT,1712764800000,0.00022174
AVAXUSDT,1712793600000,0.00017016
AVAXUSDT,1712822400000,0.00013383
AVAXUSDT,1712851200000,0.0001
AVAXUSDT,1712880000000,0.00011915
AVAXUSDT,1712908800001,0.00014917
AVAXUSDT,1712937600000,0.00011557
AVAXUSDT,1712966400000,0.0001
AVAXUSDT,1712995200000,0.0001
AVAXUSDT,1713024000001,0.0001
AVAXUSDT,1713052800000,-0.00006294
AVAXUSDT,1713081600000,0.0001
AVAXUSDT,1713110400000,0.0001
AVAXUSDT,1713139200000,-0.00011122
AVAXUSDT,1713168000001,0.00002213
AVAXUSDT,1713196800000,0.00001025
AVAXUSDT,1713225600001,0.0001
AVAXUSDT,1713254400000,-0.00008633
AVAXUSDT,1713283200000,0.0000603
AVAXUSDT,1713312000000,0.00003477
AVAXUSDT,1713340800000,0.00000455
AVAXUSDT,1713369600000,0.00003472
AVAXUSDT,1713398400000,0.00008154
AVAXUSDT,1713427200000,0.00009856
AVAXUSDT,1713456000000,-0.00000263
AVAXUSDT,1713484800001,0.0001
AVAXUSDT,1713513600000,0.00005872
AVAXUSDT,1713542400000,0.0001
AVAXUSDT,1713571200000,0.0000725
AVAXUSDT,1713600000000,-0.00010306
AVAXUSDT,1713628800000,-0.00000936
AVAXUSDT,1713657600000,-0.00005572
AVAXUSDT,1713686400000,-0.00007331
AVAXUSDT,1713715200000,-0.00010823
AVAXUSDT,1713744000000,-0.00007201
AVAXUSDT,1713772800000,0.00005736
AVAXUSDT,1713801600000,-0.00001442
AVAXUSDT,1713830400000,-0.00013462
AVAXUSDT,1713859200000,0
AVAXUSDT,1713888000001,-0.00003381
AVAXUSDT,1713916800000,0.00003195
AVAXUSDT,1713945600000,0.00008467
AVAXUSDT,1713974400000,0.00001546
AVAXUSDT,1714003200000,0.00001399
AVAXUSDT,1714032000000,0.00005291
AVAXUSDT,1714060800010,0.00008803
AVAXUSDT,1714089600001,-0.00012022
AVAXUSDT,1714118400000,-0.00003628
AVAXUSDT,1714147200000,-0.00002578
AVAXUSDT,1714176000000,0.00003278
AVAXUSDT,1714204800001,0.00005409
AVAXUSDT,1714233600000,0.00003938
AVAXUSDT,1714262400000,0.00003187
AVAXUSDT,1714291200000,-0.00010129
AVAXUSDT,1714320000000,0.00002973
AVAXUSDT,1714348800000,0.00003092
AVAXUSDT,1714377600000,0.0000308
AVAXUSDT,1714406400000,0.000021
AVAXUSDT,1714435200000,0.00008469
AVAXUSDT,1714464000000,-0.00002432
AVAXUSDT,1714492800000,0.00001566
AVAXUSDT,1714521600000,-0.00010209
AVAXUSDT,1714550400000,0.0000696
AVAXUSDT,1714579200000,0.00000656
AVAXUSDT,1714608000000,0.00006706
AVAXUSDT,1714636800000,0.0001
AVAXUSDT,1714665600002,0.00004971
AVAXUSDT,1714694400000,-0.00002911
AVAXUSDT,1714723200000,0.00003993
AVAXUSDT,1714752000000,0.0000978
AVAXUSDT,1714780800000,0.00006379
AVAXUSDT,1714809600000,0.0001
AVAXUSDT,1714838400000,0.00005294
AVAXUSDT,1714867200000,0.0000778
AVAXUSDT,1714896000000,0.00008475
AVAXUSDT,1714924800000,-0.0000044
AVAXUSDT,1714953600000,0.00004961
AVAXUSDT,1714982400000,0.0001
AVAXUSDT,1715011200000,0.0001
AVAXUSDT,1715040000000,0.0001
AVAXUSDT,1715068800000,0.00008326
AVAXUSDT,1715097600000,0.00005793
AVAXUSDT,1715126400000,0.0001
AVAXUSDT,1715155200000,0.0001
AVAXUSDT,1715184000000,0.0001
AVAXUSDT,1715212800000,0.00006419
AVAXUSDT,1715241600000,-0.00001162
AVAXUSDT,1715270400000,0.00005879
AVAXUSDT,1715299200000,-0.0000077
AVAXUSDT,1715328000000,0.00003559
AVAXUSDT,1715356800000,0.0001
AVAXUSDT,1715385600000,0.0001
AVAXUSDT,1715414400000,0.0001
AVAXUSDT,1715443200000,0.00002328
AVAXUSDT,1715472000000,0.00006588
AVAXUSDT,1715500800000,0.00004785
AVAXUSDT,1715529600000,0.00004409
AVAXUSDT,1715558400001,0.00000173
AVAXUSDT,1715587200001,0.00008053
AVAXUSDT,1715616000000,0.0001
AVAXUSDT,1715644800000,0.0001
AVAXUSDT,1715673600000,0.00003254
AVAXUSDT,1715702400000,0.0001
AVAXUSDT,1715731200000,0.00006712
AVAXUSDT,1715760000000,-0.0000025
AVAXUSDT,1715788800000,0.0001
AVAXUSDT,1715817600004,0.0001
AVAXUSDT,1715846400000,0.0001
AVAXUSDT,1715875200000,0.0001
AVAXUSDT,1715904000000,0.0001
AVAXUSDT,1715932800000,0.0001
AVAXUSDT,1715961600000,0.0001
AVAXUSDT,1715990400000,0.0001
AVAXUSDT,1716019200000,0.00007661
AVAXUSDT,1716048000000,0.0001
AVAXUSDT,1716076800000,0.0001
AVAXUSDT,1716105600000,0.00007311
AVAXUSDT,1716134400000,0.0001
AVAXUSDT,1716163200000,0.0001
AVAXUSDT,1716192000000,0.00008027
AVAXUSDT,1716220800003,0.0001
AVAXUSDT,1716249600000,0.0001
AVAXUSDT,1716278400001,0.0001
AVAXUSDT,1716307200000,0.0001
AVAXUSDT,1716336000000,0.0001
AVAXUSDT,1716364800000,0.0001
AVAXUSDT,1716393600000,0.0001
AVAXUSDT,1716422400000,0.00011942
AVAXUSDT,1716451200000,0.00013987
AVAXUSDT,1716480000000,0.0001
AVAXUSDT,1716508800000,0.0001
AVAXUSDT,1716537600000,0.0001
AVAXUSDT,1716566400000,0.0001
AVAXUSDT,1716595200000,0.0001
AVAXUSDT,1716624000000,0.0001
AVAXUSDT,1716652800000,0.0001
AVAXUSDT,1716681600000,0.0001
AVAXUSDT,1716710400000,0.0001
AVAXUSDT,1716739200000,0.0001
AVAXUSDT,1716768000000,0.0001
AVAXUSDT,1716796800000,0.0001
AVAXUSDT,1716825600000,0.0001
AVAXUSDT,1716854400000,0.0001
AVAXUSDT,1716883200000,0.0001
AVAXUSDT,1716912000000,0.0001
AVAXUSDT,1716940800001,0.00015534
AVAXUSDT,1716969600000,0.00011189
AVAXUSDT,1716998400000,0.00016972
AVAXUSDT,1717027200000,0.0001
AVAXUSDT,1717056000000,0.0001
AVAXUSDT,1717084800000,0.00013477
AVAXUSDT,1717113600000,0.0001
AVAXUSDT,1717142400000,0.0001
AVAXUSDT,1717171200000,0.0001
AVAXUSDT,1717200000000,0.0001
AVAXUSDT,1717228800000,0.00012998
AVAXUSDT,1717257600001,0.00024564
AVAXUSDT,1717286400000,0.00014804
AVAXUSDT,1717315200000,0.00022327
AVAXUSDT,1717344000000,0.00019996
AVAXUSDT,1717372800000,0.00012069
AVAXUSDT,1717401600000,0.00012317
AVAXUSDT,1717430400000,0.00012404
AVAXUSDT,1717459200000,0.00010198
AVAXUSDT,1717488000000,0.0001
AVAXUSDT,1717516800000,0.0001
AVAXUSDT,1717545600000,0.00023887
AVAXUSDT,1717574400000,0.00019027
AVAXUSDT,1717603200000,0.00020176
AVAXUSDT,1717632000000,0.0002119
AVAXUSDT,1717660800008,0.00015581
AVAXUSDT,1717689600000,0.00018346
AVAXUSDT,1717718400000,0.00015329
AVAXUSDT,1717747200000,0.0001
AVAXUSDT,1717776000000,0.00024431
AVAXUSDT,1717804800000,0.0001
AVAXUSDT,1717833600000,0.0001
AVAXUSDT,1717862400000,0.0001
AVAXUSDT,1717891200000,0.0001
AVAXUSDT,1717920000000,0.0001
AVAXUSDT,1717948800001,0.0001
AVAXUSDT,1717977600000,0.0001
AVAXUSDT,1718006400000,0.0001
AVAXUSDT,1718035200001,0.0001
AVAXUSDT,1718064000001,0.0001
AVAXUSDT,1718092800000,0.0001
AVAXUSDT,1718121600000,0.0001
AVAXUSDT,1718150400000,0.0001
AVAXUSDT,1718179200000,0.0001
AVAXUSDT,1718208000000,0.0001
AVAXUSDT,1718236800000,0.0001
AVAXUSDT,1718265600001,0.0001
AVAXUSDT,1718294400000,0.0001
AVAXUSDT,1718323200000,0.0001
AVAXUSDT,1718352000000,0.0001
AVAXUSDT,1718380800000,0.0001
AVAXUSDT,1718409600000,0.00005224
AVAXUSDT,1718438400000,0.00009619
AVAXUSDT,1718467200000,0.0001
AVAXUSDT,1718496000001,0.0001
AVAXUSDT,1718524800000,0.0001
AVAXUSDT,1718553600000,0.0001
AVAXUSDT,1718582400000,0.0001
AVAXUSDT,1718611200000,0.00009622
AVAXUSDT,1718640000000,0.0001
AVAXUSDT,1718668800000,0.0001
AVAXUSDT,1718697600000,0.00001491
AVAXUSDT,1718726400000,0.00005027
AVAXUSDT,1718755200001,0.00001537
AVAXUSDT,1718784000001,-0.00011542
AVAXUSDT,1718812800000,0.00005326
AVAXUSDT,1718841600000,0.000084
AVAXUSDT,1718870400000,0.00002707
AVAXUSDT,1718899200000,-0.00000606
AVAXUSDT,1718928000000,0.00005402
AVAXUSDT,1718956800000,0.0000057
AVAXUSDT,1718985600000,0.0001
AVAXUSDT,1719014400000,0.0001
AVAXUSDT,1719043200000,0.0001
AVAXUSDT,1719072000000,-0.00003097
AVAXUSDT,1719100800000,0.00006512
AVAXUSDT,1719129600000,-0.00006142
AVAXUSDT,1719158400000,-0.00005927
AVAXUSDT,1719187200002,-0.00006016
AVAXUSDT,1719216000000,0.0001
AVAXUSDT,1719244800000,0.0001
AVAXUSDT,1719273600000,0.0001
AVAXUSDT,1719302400000,0.00004708
AVAXUSDT,1719331200000,0.0001
AVAXUSDT,1719360000002,0.0001
AVAXUSDT,1719388800000,0.00002881
AVAXUSDT,1719417600000,0.00008993
AVAXUSDT,1719446400000,-0.0000153
AVAXUSDT,1719475200001,0.00003318
AVAXUSDT,1719504000000,0.0000647
AVAXUSDT,1719532800000,0.0001
AVAXUSDT,1719561600000,-0.00002713
AVAXUSDT,1719590400000,0.00005718
AVAXUSDT,1719619200001,0.0001
AVAXUSDT,1719648000000,0.0001
AVAXUSDT,1719676800000,0.0001
AVAXUSDT,1719705600000,0.0001
AVAXUSDT,1719734400000,0.0001
AVAXUSDT,1719763200000,0.0001
AVAXUSDT,1719792000000,0.0001
AVAXUSDT,1719820800000,0.0001
AVAXUSDT,1719849600001,0.0001
AVAXUSDT,1719878400000,0.0001
AVAXUSDT,1719907200000,0.0001
AVAXUSDT,1719936000000,0.00004541
AVAXUSDT,1719964800000,0.0001
AVAXUSDT,1719993600001,0.0001
AVAXUSDT,1720022400000,0.0001
AVAXUSDT,1720051200000,0.0001
AVAXUSDT,1720080000000,0.0001
AVAXUSDT,1720108800000,0.00009355
AVAXUSDT,1720137600000,0.00005453
AVAXUSDT,1720166400000,-0.00016551
AVAXUSDT,1720195200000,0.00001672
AVAXUSDT,1720224000000,0.00001245
AVAXUSDT,1720252800000,0.00002897
AVAXUSDT,1720281600000,0.00000971
AVAXUSDT,1720310400001,0.00008533
AVAXUSDT,1720339200000,0.0001
AVAXUSDT,1720368000000,0.00006563
AVAXUSDT,1720396800000,0.0001
AVAXUSDT,1720425600000,0.00007026
AVAXUSDT,1720454400000,0.0001
AVAXUSDT,1720483200000,0.0001
AVAXUSDT,1720512000001,-0.00008439
AVAXUSDT,1720540800000,0.00002148
AVAXUSDT,1720569600000,0.0001
AVAXUSDT,1720598400000,0.0001
AVAXUSDT,1720627200000,0.0001
AVAXUSDT,1720656000002,-0.00002148
AVAXUSDT,1720684800002,-0.00002673
AVAXUSDT,1720713600004,-0.0001156
AVAXUSDT,1720742400000,-0.00008403
AVAXUSDT,1720771200000,0.00002612
AVAXUSDT,1720800000000,0.0000649
AVAXUSDT,1720828800000,-0.00005678
AVAXUSDT,1720857600000,0.00008254
AVAXUSDT,1720886400000,-0.00007175
AVAXUSDT,1720915200000,0.00004124
AVAXUSDT,1720944000000,-0.00003987
AVAXUSDT,1720972800000,-0.00006366
AVAXUSDT,1721001600000,-0.00000361
AVAXUSDT,1721030400000,0.00001807
AVAXUSDT,1721059200000,-0.00013978
AVAXUSDT,1721088000000,0.0001
AVAXUSDT,1721116800000,0.00003648
AVAXUSDT,1721145600000,-0.00005184
AVAXUSDT,1721174400000,0.00002408
AVAXUSDT,1721203200001,0.0000627
AVAXUSDT,1721232000000,-0.00003293
AVAXUSDT,1721260800000,0.0001
AVAXUSDT,1721289600000,0.00006697
AVAXUSDT,1721318400000,-0.00007145
AVAXUSDT,1721347200000,-0.00004197
AVAXUSDT,1721376000000,-0.00000708
AVAXUSDT,1721404800000,0.00000957
AVAXUSDT,1721433600001,0.00007892
AVAXUSDT,1721462400000,0.0001
AVAXUSDT,1721491200000,0.00004607
AVAXUSDT,1721520000000,0.0001
AVAXUSDT,1721548800000,0.0001
AVAXUSDT,1721577600000,0.0001
AVAXUSDT,1721606400000,0.0001
AVAXUSDT,1721635200000,0.0001
AVAXUSDT,1721664000000,0.0001
AVAXUSDT,1721692800000,0.0001
AVAXUSDT,1721721600000,0.00008337
AVAXUSDT,1721750400000,-0.000034
AVAXUSDT,1721779200000,-0.00007016
AVAXUSDT,1721808000000,-0.00012399
AVAXUSDT,1721836800000,0.0001
AVAXUSDT,1721865600000,0.0001
AVAXUSDT,1721894400000,-0.00000876
AVAXUSDT,1721923200000,-0.00013094
AVAXUSDT,1721952000000,-0.00015478
AVAXUSDT,1721980800000,-0.00024973
AVAXUSDT,1722009600000,-0.0000698
AVAXUSDT,1722038400000,-0.00005255
AVAXUSDT,1722067200000,0.00006227
AVAXUSDT,1722096000000,-0.00005097
AVAXUSDT,1722124800000,-0.00006412
AVAXUSDT,1722153600000,-0.0000133
AVAXUSDT,1722182400001,-0.00025337
AVAXUSDT,1722211200001,-0.00035459
AVAXUSDT,1722240000000,0.00000118
AVAXUSDT,1722268800001,-0.00000941
AVAXUSDT,1722297600000,-0.00039414
AVAXUSDT,1722326400001,-0.00028592
AVAXUSDT,1722355200000,-0.00017798
AVAXUSDT,1722384000000,-0.00016956
AVAXUSDT,1722412800000,0.0001
AVAXUSDT,1722441600000,-0.00010684
AVAXUSDT,1722470400000,-0.00008588
AVAXUSDT,1722499200000,-0.00006929
AVAXUSDT,1722528000000,-0.00003815
AVAXUSDT,1722556800000,-0.00023542
AVAXUSDT,1722585600001,0.00001417
AVAXUSDT,1722614400000,-0.00013571
AVAXUSDT,1722643200000,-0.00019328
AVAXUSDT,1722672000000,-0.00006371
AVAXUSDT,1722700800001,-0.0001347
AVAXUSDT,1722729600000,-0.00016748
AVAXUSDT,1722758400000,-0.00010687
AVAXUSDT,1722787200000,-0.00023368
AVAXUSDT,1722816000000,-0.000084
AVAXUSDT,1722844800000,-0.00038437
AVAXUSDT,1722873600000,-0.00018649
AVAXUSDT,1722902400000,-0.00016979
AVAXUSDT,1722931200000,-0.00045507
AVAXUSDT,1722960000000,-0.00023828
AVAXUSDT,1722988800000,-0.00020619
AVAXUSDT,1723017600001,-0.00028376
AVAXUSDT,1723046400000,-0.00025843
AVAXUSDT,1723075200001,-0.00010291
AVAXUSDT,1723104000000,-0.00011894
AVAXUSDT,1723132800000,-0.00009201
AVAXUSDT,1723161600000,-0.0001368
AVAXUSDT,1723190400000,-0.00004762
AVAXUSDT,1723219200000,-0.00015677
AVAXUSDT,1723248000000,-0.00010102
AVAXUSDT,1723276800000,-0.00004234
AVAXUSDT,1723305600000,-0.00027488
AVAXUSDT,1723334400000,-0.00032438
AVAXUSDT,1723363200000,-0.00009391
AVAXUSDT,1723392000001,-0.00033072
AVAXUSDT,1723420800000,-0.00037232
AVAXUSDT,1723449600000,-0.00018964
AVAXUSDT,1723478400000,-0.000172
AVAXUSDT,1723507200000,-0.00028962
AVAXUSDT,1723536000000,-0.0003694
AVAXUSDT,1723564800000,-0.00024248
AVAXUSDT,1723593600000,-0.00002654
AVAXUSDT,1723622400000,-0.0000237
AVAXUSDT,1723651200000,-0.0001919
AVAXUSDT,1723680000000,-0.00005146
AVAXUSDT,1723708800000,-0.00004975
AVAXUSDT,1723737600000,-0.00003135
AVAXUSDT,1723766400000,-0.00039148
AVAXUSDT,1723795200000,-0.0002439
AVAXUSDT,1723824000000,-0.00025046
AVAXUSDT,1723852800000,-0.00004856
AVAXUSDT,1723881600000,-0.00009688
AVAXUSDT,1723910400000,-0.00005041
AVAXUSDT,1723939200000,-0.00013313
AVAXUSDT,1723968000000,-0.00008766
AVAXUSDT,1723996800000,0.00000853
AVAXUSDT,1724025600000,0.00007799
AVAXUSDT,1724054400000,-0.00010787
AVAXUSDT,1724083200002,-0.00009285
AVAXUSDT,1724112000000,-0.00018766
AVAXUSDT,1724140800000,0.00007855
AVAXUSDT,1724169600001,0.00003385
AVAXUSDT,1724198400001,0.00004938
AVAXUSDT,1724227200000,-0.00004116
AVAXUSDT,1724256000001,-0.00000938
AVAXUSDT,1724284800000,-0.00008936
AVAXUSDT,1724313600000,-0.00001759
AVAXUSDT,1724342400008,-0.00004288
AVAXUSDT,1724371200000,-0.00009641
AVAXUSDT,1724400000000,-0.00003519
AVAXUSDT,1724428800000,0.00001234
AVAXUSDT,1724457600000,-0.00008347
AVAXUSDT,1724486400005,-0.00015408
AVAXUSDT,1724515200000,0.00000009
AVAXUSDT,1724544000000,0.00007134
AVAXUSDT,1724572800000,0.00001339
AVAXUSDT,1724601600000,-0.00005005
AVAXUSDT,1724630400000,-0.00002336
AVAXUSDT,1724659200001,0.00006217
AVAXUSDT,1724688000000,0.00004313
AVAXUSDT,1724716800001,0.00000978
AVAXUSDT,1724745600000,0.00003067
AVAXUSDT,1724774400000,0.00007828
AVAXUSDT,1724803200000,-0.00005919
AVAXUSDT,1724832000000,-0.00009814
AVAXUSDT,1724860800001,-0.00006989
AVAXUSDT,1724889600000,-0.00005849
AVAXUSDT,1724918400001,-0.00013522
AVAXUSDT,1724947200000,-0.00017556
AVAXUSDT,1724976000000,-0.00003943
AVAXUSDT,1725004800000,-0.00003979
AVAXUSDT,1725033600000,-0.00011917
AVAXUSDT,1725062400000,0.00003957
AVAXUSDT,1725091200000,0.00005597
AVAXUSDT,1725120000000,0.00005589
AVAXUSDT,1725148800000,-0.00002813
AVAXUSDT,1725177600001,-0.00010052
AVAXUSDT,1725206400000,-0.00006034
AVAXUSDT,1725235200001,-0.00020278
AVAXUSDT,1725264000001,-0.00009646
AVAXUSDT,1725292800000,-0.00019719
AVAXUSDT,1725321600000,-0.00016686
AVAXUSDT,1725350400001,-0.00013357
AVAXUSDT,1725379200000,-0.00012328
AVAXUSDT,1725408000000,-0.0001175
AVAXUSDT,1725436800000,-0.00006899
AVAXUSDT,1725465600000,-0.00005478
AVAXUSDT,1725494400000,-0.00004935
AVAXUSDT,1725523200000,-0.00008864
AVAXUSDT,1725552000005,-0.00010906
AVAXUSDT,1725580800000,-0.00000362
AVAXUSDT,1725609600001,-0.00006802
AVAXUSDT,1725638400000,-0.00002926
AVAXUSDT,1725667200000,-0.00012327
AVAXUSDT,1725696000000,-0.00006212
AVAXUSDT,1725724800000,-0.00004238
AVAXUSDT,1725753600000,0.00002022
AVAXUSDT,1725782400000,0.0001
AVAXUSDT,1725811200000,0.00008247
AVAXUSDT,1725840000000,-0.00000918
AVAXUSDT,1725868800000,0.00006069
AVAXUSDT,1725897600001,-0.00000726
AVAXUSDT,1725926400000,-0.00001522
AVAXUSDT,1725955200000,-0.000161
AVAXUSDT,1725984000000,-0.00003599
AVAXUSDT,1726012800000,0.00004957
AVAXUSDT,1726041600000,-0.00001489
AVAXUSDT,1726070400000,-0.00005715
AVAXUSDT,1726099200000,-0.00006667
AVAXUSDT,1726128000000,-0.0003164
AVAXUSDT,1726156800000,-0.00014502
AVAXUSDT,1726185600000,0.00000134
AVAXUSDT,1726214400001,0.00000328
AVAXUSDT,1726243200001,0.00007261
AVAXUSDT,1726272000000,0.00003677
AVAXUSDT,1726300800000,0.0000782
AVAXUSDT,1726329600001,0.0000364
AVAXUSDT,1726358400000,0.00006399
AVAXUSDT,1726387200000,-0.00003515
AVAXUSDT,1726416000000,-0.00003035
AVAXUSDT,1726444800000,-0.00003637
AVAXUSDT,1726473600001,-0.00016976
AVAXUSDT,1726502400000,-0.00000414
AVAXUSDT,1726531200001,-0.00008535
AVAXUSDT,1726560000000,-0.00012485
AVAXUSDT,1726588800000,0.0000104
AVAXUSDT,1726617600000,0.00001319
AVAXUSDT,1726646400000,-0.00011362
AVAXUSDT,1726675200004,-0.00024975
AVAXUSDT,1726704000000,0.00007935
AVAXUSDT,1726732800000,0.0001
AVAXUSDT,1726761600001,0.00006056
AVAXUSDT,1726790400000,0.0001
AVAXUSDT,1726819200001,0.00001141
AVAXUSDT,1726848000000,0.0001
AVAXUSDT,1726876800001,-0.00000792
AVAXUSDT,1726905600000,0.0001
AVAXUSDT,1726934400000,0.0001
AVAXUSDT,1726963200000,0.00009162
AVAXUSDT,1726992000000,0.00004873
AVAXUSDT,1727020800000,0.0001
AVAXUSDT,1727049600000,0.00005021
AVAXUSDT,1727078400000,0.00003463
AVAXUSDT,1727107200000,0.00006821
AVAXUSDT,1727136000000,0.0001
AVAXUSDT,1727164800000,0.0001
AVAXUSDT,1727193600001,-0.00004294
AVAXUSDT,1727222400000,0.0001
AVAXUSDT,1727251200003,0.0000815
AVAXUSDT,1727280000000,0.0001
AVAXUSDT,1727308800005,-0.00000072
AVAXUSDT,1727337600000,0.0001
AVAXUSDT,1727366400000,0.0001
AVAXUSDT,1727395200000,0.0001
AVAXUSDT,1727424000000,0.0001
AVAXUSDT,1727452800000,0.0001
AVAXUSDT,1727481600000,0.0001
AVAXUSDT,1727510400001,0.0001
AVAXUSDT,1727539200000,0.0001
AVAXUSDT,1727568000001,0.00008441
AVAXUSDT,1727596800000,0.0001
AVAXUSDT,1727625600000,-0.00006757
AVAXUSDT,1727654400000,-0.00006796
AVAXUSDT,1727683200001,0.00005946
AVAXUSDT,1727712000000,0.0000413
AVAXUSDT,1727740800000,-0.00001538
AVAXUSDT,1727769600000,0.00002264
AVAXUSDT,1727798400001,-0.00008854
AVAXUSDT,1727827200000,-0.00009911
AVAXUSDT,1727856000000,-0.00013828
AVAXUSDT,1727884800000,0.00001241
AVAXUSDT,1727913600000,-0.00011105
AVAXUSDT,1727942400000,-0.00014586
AVAXUSDT,1727971200000,-0.00020334
AVAXUSDT,1728000000000,-0.00041478
AVAXUSDT,1728028800000,-0.00029116
AVAXUSDT,1728057600001,-0.00045387
AVAXUSDT,1728086400000,-0.00005122
AVAXUSDT,1728115200000,0.0000058
AVAXUSDT,1728144000000,-0.00003097
AVAXUSDT,1728172800000,-0.00009697
AVAXUSDT,1728201600001,-0.0000671
AVAXUSDT,1728230400000,-0.00000954
AVAXUSDT,1728259200000,0.00007865
AVAXUSDT,1728288000000,-0.00002738
AVAXUSDT,1728316800001,-0.00000409
AVAXUSDT,1728345600000,0.00006262
AVAXUSDT,1728374400000,0.00003536
AVAXUSDT,1728403200000,0.00000325
AVAXUSDT,1728432000000,0.00002748
AVAXUSDT,1728460800000,-0.00011487
AVAXUSDT,1728489600000,0.00001711
AVAXUSDT,1728518400000,0.00006712
AVAXUSDT,1728547200000,-0.00001035
AVAXUSDT,1728576000000,-0.00001936
AVAXUSDT,1728604800000,-0.00008407
AVAXUSDT,1728633600000,-0.00001061
AVAXUSDT,1728662400001,0.0000716
AVAXUSDT,1728691200000,0.0001
AVAXUSDT,1728720000001,0.0001
AVAXUSDT,1728748800000,0.0001
AVAXUSDT,1728777600000,0.0001
AVAXUSDT,1728806400000,0.0001
AVAXUSDT,1728835200000,0.0001
AVAXUSDT,1728864000000,0.0001
AVAXUSDT,1728892800000,0.0001
AVAXUSDT,1728921600000,0.00004341
AVAXUSDT,1728950400000,-0.00007493
AVAXUSDT,1728979200000,0.00007248
AVAXUSDT,1729008000000,-0.00009021
AVAXUSDT,1729036800000,-0.00011908
AVAXUSDT,1729065600001,-0.0001177
AVAXUSDT,1729094400000,-0.00003102
AVAXUSDT,1729123200000,0.00004453
AVAXUSDT,1729152000000,0.00005767
AVAXUSDT,1729180800001,0.00004914
AVAXUSDT,1729209600010,0.00002244
AVAXUSDT,1729238400001,0.00004322
AVAXUSDT,1729267200000,0.00001327
AVAXUSDT,1729296000000,0.00008096
AVAXUSDT,1729324800000,0.00007822
AVAXUSDT,1729353600000,0.00005845
AVAXUSDT,1729382400000,0.00007942
AVAXUSDT,1729411200000,0.00006654
AVAXUSDT,1729440000000,0.00006826
AVAXUSDT,1729468800000,0.0001
AVAXUSDT,1729497600000,0.0001
AVAXUSDT,1729526400000,0.0001
AVAXUSDT,1729555200000,0.00000699
AVAXUSDT,1729584000000,0.0001
AVAXUSDT,1729612800000,0.00004547
AVAXUSDT,1729641600000,0.00009935
AVAXUSDT,1729670400000,-0.00003332
AVAXUSDT,1729699200000,-0.00014626
AVAXUSDT,1729728000000,0.00000135
AVAXUSDT,1729756800000,0.00003859
AVAXUSDT,1729785600000,0.0001
AVAXUSDT,1729814400000,0.0001
AVAXUSDT,1729843200000,-0.00011919
AVAXUSDT,1729872000000,-0.00000947
AVAXUSDT,1729900800000,-0.00017851
AVAXUSDT,1729929600001,-0.00031813
AVAXUSDT,1729958400000,-0.0000729
AVAXUSDT,1729987200000,-0.00008053
AVAXUSDT,1730016000000,-0.00023747
AVAXUSDT,1730044800000,-0.00007456
AVAXUSDT,1730073600000,-0.00010925
AVAXUSDT,1730102400001,-0.00006118
AVAXUSDT,1730131200000,-0.00004278
AVAXUSDT,1730160000000,0.0001
AVAXUSDT,1730188800000,0.00009964
AVAXUSDT,1730217600004,0.00008578
AVAXUSDT,1730246400000,0.0001
AVAXUSDT,1730275200000,0.0001
AVAXUSDT,1730304000013,0.0001
AVAXUSDT,1730332800000,0.0001
AVAXUSDT,1730361600000,-0.00005124
AVAXUSDT,1730390400000,-0.00013588
AVAXUSDT,1730419200000,-0.00044336
AVAXUSDT,1730448000000,-0.00003866
AVAXUSDT,1730476800000,-0.00012913
AVAXUSDT,1730505600000,-0.00005531
AVAXUSDT,1730534400000,-0.00004229
AVAXUSDT,1730563200000,-0.0002304
AVAXUSDT,1730592000000,-0.00024547
AVAXUSDT,1730620800000,-0.00012996
AVAXUSDT,1730649600000,-0.00003036
AVAXUSDT,1730678400000,-0.00023818
AVAXUSDT,1730707200000,-0.00023076
AVAXUSDT,1730736000000,-0.00004208
AVAXUSDT,1730764800000,-0.00001141
AVAXUSDT,1730793600003,-0.00001254
AVAXUSDT,1730822400001,-0.00000485
AVAXUSDT,1730851200000,0.0001
AVAXUSDT,1730880000000,0.0001
AVAXUSDT,1730908800000,0.0001
AVAXUSDT,1730937600000,0.0001
AVAXUSDT,1730966400000,0.0001
AVAXUSDT,1730995200000,0.0001
AVAXUSDT,1731024000000,0.0001
AVAXUSDT,1731052800000,0.0001
AVAXUSDT,1731081600000,0.0001
AVAXUSDT,1731110400000,0.0001
AVAXUSDT,1731139200000,0.0001
AVAXUSDT,1731168000000,0.0001
AVAXUSDT,1731196800000,0.0001
AVAXUSDT,1731225600000,0.0001
AVAXUSDT,1731254400000,0.00017318
AVAXUSDT,1731283200001,0.00016011
AVAXUSDT,1731312000000,0.00018792
AVAXUSDT,1731340800000,0.0001
AVAXUSDT,1731369600002,0.00030821
AVAXUSDT,1731398400000,0.00036437
AVAXUSDT,1731427200000,0.00049131
AVAXUSDT,1731456000000,0.00012998
AVAXUSDT,1731484800010,0.0001056
AVAXUSDT,1731513600000,0.0001
AVAXUSDT,1731542400001,0.0001
AVAXUSDT,1731571200000,0.0001
AVAXUSDT,1731600000000,0.0001
AVAXUSDT,1731628800000,0.0001
AVAXUSDT,1731657600000,0.0001
AVAXUSDT,1731686400000,0.0001
AVAXUSDT,1731715200001,0.0001
AVAXUSDT,1731744000001,0.0001
AVAXUSDT,1731772800000,0.0001
AVAXUSDT,1731801600000,0.0001
AVAXUSDT,1731830400000,0.0001
AVAXUSDT,1731859200001,0.00018744
AVAXUSDT,1731888000000,0.0001
AVAXUSDT,1731916800000,0.0001
AVAXUSDT,1731945600000,0.0001
AVAXUSDT,1731974400000,0.00019752
AVAXUSDT,1732003200000,0.00018132
AVAXUSDT,1732032000000,0.0001
AVAXUSDT,1732060800003,0.0001
AVAXUSDT,1732089600000,0.0001
AVAXUSDT,1732118400000,0.0001
AVAXUSDT,1732147200001,0.0001
AVAXUSDT,1732176000000,0.0001
AVAXUSDT,1732204800001,0.0001
AVAXUSDT,1732233600000,0.00037199
AVAXUSDT,1732262400000,0.00017879
AVAXUSDT,1732291200001,0.0002642
AVAXUSDT,1732320000000,0.00016639
AVAXUSDT,1732348800000,0.00032581
AVAXUSDT,1732377600000,0.00040219
AVAXUSDT,1732406400001,0.00025758
AVAXUSDT,1732435200000,0.00029555
AVAXUSDT,1732464000000,0.0001921
AVAXUSDT,1732492800000,0.0001
AVAXUSDT,1732521600000,0.00017432
AVAXUSDT,1732550400000,0.00024666
AVAXUSDT,1732579200000,0.00016271
AVAXUSDT,1732608000000,0.0001
AVAXUSDT,1732636800000,0.0001
AVAXUSDT,1732665600000,0.00013199
AVAXUSDT,1732694400000,0.0001
AVAXUSDT,1732723200001,0.0001
AVAXUSDT,1732752000000,0.00010474
AVAXUSDT,1732780800000,0.0001
AVAXUSDT,1732809600000,0.0001
AVAXUSDT,1732838400000,0.0001
AVAXUSDT,1732867200000,0.00019268
AVAXUSDT,1732896000000,0.00016663
AVAXUSDT,1732924800000,0.00018446
AVAXUSDT,1732953600000,0.0001909
AVAXUSDT,1732982400000,0.00024661
AVAXUSDT,1733011200000,0.00023396
AVAXUSDT,1733040000000,0.00011693
AVAXUSDT,1733068800000,0.0001
AVAXUSDT,1733097600001,0.00040734
AVAXUSDT,1733126400001,0.0001
AVAXUSDT,1733155200000,0.00025591
AVAXUSDT,1733184000000,0.00017128
AVAXUSDT,1733212800000,0.00047279
AVAXUSDT,1733241600000,0.00022109
AVAXUSDT,1733270400000,0.00019138
AVAXUSDT,1733299200000,0.000402
AVAXUSDT,1733328000000,0.00041775
AVAXUSDT,1733356800001,0.00037917
AVAXUSDT,1733385600000,0.00032937
AVAXUSDT,1733414400000,0.00048724
AVAXUSDT,1733443200000,0.00013142
AVAXUSDT,1733472000000,0.00039418
AVAXUSDT,1733500800000,0.00014007
AVAXUSDT,1733529600000,0.00050826
AVAXUSDT,1733558400000,0.00044077
AVAXUSDT,1733587200000,0.00038482
AVAXUSDT,1733616000000,0.00027071
AVAXUSDT,1733644800000,0.0001
AVAXUSDT,1733673600000,0.00025955
AVAXUSDT,1733702400000,0.00034107
AVAXUSDT,1733731200000,0.0001
AVAXUSDT,1733760000001,0.0001
AVAXUSDT,1733788800007,0.0001
AVAXUSDT,1733817600000,0.0001
AVAXUSDT,1733846400000,0.0001
AVAXUSDT,1733875200000,0.0001
AVAXUSDT,1733904000000,0.0001
AVAXUSDT,1733932800001,0.0001
AVAXUSDT,1733961600001,0.0001
AVAXUSDT,1733990400000,0.0001
AVAXUSDT,1734019200001,0.0001
AVAXUSDT,1734048000000,0.0001
AVAXUSDT,1734076800000,0.0001
AVAXUSDT,1734105600001,0.0001
AVAXUSDT,1734134400000,0.0001
AVAXUSDT,1734163200000,0.0001
AVAXUSDT,1734192000000,0.0001
AVAXUSDT,1734220800000,0.0001
AVAXUSDT,1734249600000,0.0001
AVAXUSDT,1734278400000,0.00007017
AVAXUSDT,1734307200000,0.0001
AVAXUSDT,1734336000001,0.0001
AVAXUSDT,1734364800000,0.0001
AVAXUSDT,1734393600000,0.0001
AVAXUSDT,1734422400000,0.0001
AVAXUSDT,1734451200000,0.0001
AVAXUSDT,1734480000000,0.0001
AVAXUSDT,1734508800000,0.0001
AVAXUSDT,1734537600000,0.0001
AVAXUSDT,1734566400000,0.0000809
AVAXUSDT,1734595200000,-0.00003161
AVAXUSDT,1734624000000,-0.00001157
AVAXUSDT,1734652800000,-0.00004235
AVAXUSDT,1734681600001,0.0001
AVAXUSDT,1734710400014,-0.00010293
AVAXUSDT,1734739200000,0.0001
AVAXUSDT,1734768000000,0.00007826
AVAXUSDT,1734796800001,0.0001
AVAXUSDT,1734825600000,0.00009291
AVAXUSDT,1734854400000,0.0001
AVAXUSDT,1734883200000,0.00002695
AVAXUSDT,1734912000000,0.0001
AVAXUSDT,1734940800000,0.00006721
AVAXUSDT,1734969600001,0.00004044
AVAXUSDT,1734998400000,0.0001
AVAXUSDT,1735027200000,0.00002771
AVAXUSDT,1735056000001,0.00005849
AVAXUSDT,1735084800001,0.00003763
AVAXUSDT,1735113600000,0.00006567
AVAXUSDT,1735142400000,0.00002147
AVAXUSDT,1735171200000,0.00005041
AVAXUSDT,1735200000000,0.0001
AVAXUSDT,1735228800000,0.0001
AVAXUSDT,1735257600000,0.00008622
AVAXUSDT,1735286400000,0.00001283
AVAXUSDT,1735315200000,-0.00008497
AVAXUSDT,1735344000001,0.0001
AVAXUSDT,1735372800000,0.00002098
AVAXUSDT,1735401600000,-0.00001702
AVAXUSDT,1735430400000,0.00008359
AVAXUSDT,1735459200000,0.0001
AVAXUSDT,1735488000000,0.00008552
AVAXUSDT,1735516800000,0.00003506
AVAXUSDT,1735545600001,0.0001
AVAXUSDT,1735574400000,0.0001
AVAXUSDT,1735603200000,0.0001
AVAXUSDT,1735632000000,-0.00000533
AVAXUSDT,1735660800000,0.0001
AVAXUSDT,1735689600015,0.0001
AVAXUSDT,1735718400000,0.00007855
AVAXUSDT,1735747200001,0.00008928
AVAXUSDT,1735776000000,0.0001
AVAXUSDT,1735804800006,0.0001
AVAXUSDT,1735833600000,0.0001
AVAXUSDT,1735862400000,0.0001
AVAXUSDT,1735891200000,0.0001
AVAXUSDT,1735920000000,0.0001
AVAXUSDT,1735948800000,0.0001
AVAXUSDT,1735977600000,0.0001
AVAXUSDT,1736006400000,0.0001
AVAXUSDT,1736035200000,0.0001
AVAXUSDT,1736064000000,0.0001
AVAXUSDT,1736092800000,0.0001
AVAXUSDT,1736121600000,0.0001
AVAXUSDT,1736150400001,0.0001
AVAXUSDT,1736179200000,0.0001
AVAXUSDT,1736208000000,0.0001
AVAXUSDT,1736236800000,0.0001
AVAXUSDT,1736265600008,0.0001
AVAXUSDT,1736294400001,0.0001
AVAXUSDT,1736323200000,0.0001
AVAXUSDT,1736352000000,0.00008209
AVAXUSDT,1736380800000,0.00002433
AVAXUSDT,1736409600000,0.00009336
AVAXUSDT,1736438400000,0.00006136
AVAXUSDT,1736467200000,0.00008323
AVAXUSDT,1736496000000,0.00002357
AVAXUSDT,1736524800000,0.0001
AVAXUSDT,1736553600000,0.00008807
AVAXUSDT,1736582400000,0.00007803
AVAXUSDT,1736611200000,0.00002195
AVAXUSDT,1736640000000,0.0001
AVAXUSDT,1736668800000,0.00007548
AVAXUSDT,1736697600000,0.00008709
AVAXUSDT,1736726400000,0.00001008
AVAXUSDT,1736755200000,-0.00015342
AVAXUSDT,1736784000000,-0.00003098
AVAXUSDT,1736812800000,0.00000391
AVAXUSDT,1736841600000,0.0001
AVAXUSDT,1736870400000,0.00002821
AVAXUSDT,1736899200000,0.00006878
AVAXUSDT,1736928000000,0.0001
AVAXUSDT,1736956800000,0.0001
AVAXUSDT,1736985600000,0.0001
AVAXUSDT,1737014400000,0.00006904
AVAXUSDT,1737043200000,0.0001
AVAXUSDT,1737072000004,0.0001
AVAXUSDT,1737100800000,0.0001
AVAXUSDT,1737129600008,0.0001
AVAXUSDT,1737158400000,0.0001
AVAXUSDT,1737187200007,0.0001
AVAXUSDT,1737216000000,0.0001
AVAXUSDT,1737244800000,0.0001
AVAXUSDT,1737273600000,0.0001
AVAXUSDT,1737302400000,0.0000854
AVAXUSDT,1737331200000,0.0001
AVAXUSDT,1737360000009,0.0001
AVAXUSDT,1737388800000,0.0001
AVAXUSDT,1737417600000,0.0001
AVAXUSDT,1737446400000,-0.00006506
AVAXUSDT,1737475200000,0.0001
AVAXUSDT,1737504000000,0.0001
AVAXUSDT,1737532800000,0.0001
AVAXUSDT,1737561600000,0.0001
AVAXUSDT,1737590400001,0.0001
AVAXUSDT,1737619200000,0.0001
AVAXUSDT,1737648000000,0.0001
AVAXUSDT,1737676800000,0.0001
AVAXUSDT,1737705600000,0.0001
AVAXUSDT,1737734400000,0.0001
AVAXUSDT,1737763200000,0.0001
AVAXUSDT,1737792000000,0.0001
AVAXUSDT,1737820800001,0.0001
AVAXUSDT,1737849600000,0.0001
AVAXUSDT,1737878400000,0.0001
AVAXUSDT,1737907200000,0.0001
AVAXUSDT,1737936000000,0.0001
AVAXUSDT,1737964800000,-0.00001943
AVAXUSDT,1737993600000,-0.00009551
AVAXUSDT,1738022400000,-0.00000806
AVAXUSDT,1738051200000,0.00001961
AVAXUSDT,1738080000000,0.0000128
AVAXUSDT,1738108800000,-0.00011638
AVAXUSDT,1738137600000,0.00005429
AVAXUSDT,1738166400000,0.0000069
AVAXUSDT,1738195200000,0.00007026
AVAXUSDT,1738224000000,0.0001
AVAXUSDT,1738252800000,0.0001
AVAXUSDT,1738281600000,0.0001
AVAXUSDT,1738310400000,0.0001
AVAXUSDT,1738339200000,0.0001
AVAXUSDT,1738368000000,0.0001
AVAXUSDT,1738396800000,0.0001
AVAXUSDT,1738425600000,0.0001
AVAXUSDT,1738454400001,0.00001895
AVAXUSDT,1738483200000,-0.00003339
AVAXUSDT,1738512000000,-0.00001527
AVAXUSDT,1738540800000,-0.00005576
AVAXUSDT,1738569600000,-0.00033471
AVAXUSDT,1738598400000,-0.00037199
AVAXUSDT,1738627200000,-0.00002821
AVAXUSDT,1738656000001,-0.00015998
AVAXUSDT,1738684800000,-0.00011478
AVAXUSDT,1738713600001,0.00000006
AVAXUSDT,1738742400001,0.00004051
AVAXUSDT,1738771200000,0.00004612
AVAXUSDT,1738800000001,0.00002867
AVAXUSDT,1738828800001,0.00001079
AVAXUSDT,1738857600000,-0.00000904
AVAXUSDT,1738886400000,0.00000934
AVAXUSDT,1738915200000,0.00003721
AVAXUSDT,1738944000000,-0.00003273
AVAXUSDT,1738972800000,-0.00005762
AVAXUSDT,1739001600000,0.00004729
AVAXUSDT,1739030400000,-0.00001195
AVAXUSDT,1739059200000,-0.00002351
AVAXUSDT,1739088000000,-0.00006122
AVAXUSDT,1739116800000,0.00008959
AVAXUSDT,1739145600000,-0.00001968
AVAXUSDT,1739174400000,0.00006363
AVAXUSDT,1739203200000,0.00006662
AVAXUSDT,1739232000000,0.00006394
AVAXUSDT,1739260800000,0.00003095
AVAXUSDT,1739289600000,0.00002962
AVAXUSDT,1739318400000,-0.0001013
AVAXUSDT,1739347200000,0.00000922
AVAXUSDT,1739376000001,0.00001594
AVAXUSDT,1739404800001,0.0001
AVAXUSDT,1739433600000,0.000063
AVAXUSDT,1739462400001,-0.00004496
AVAXUSDT,1739491200000,0.00002146
AVAXUSDT,1739520000001,0.00006066
AVAXUSDT,1739548800000,0.00006439
AVAXUSDT,1739577600000,0.0001
AVAXUSDT,1739606400000,0.00004839
AVAXUSDT,1739635200000,-0.00002061
AVAXUSDT,1739664000000,-0.00012862
AVAXUSDT,1739692800000,-0.00013871
AVAXUSDT,1739721600000,-0.0001042
AVAXUSDT,1739750400000,-0.00011121
AVAXUSDT,1739779200000,-0.00006387
AVAXUSDT,1739808000000,0.00004145
AVAXUSDT,1739836800000,-0.00003184
AVAXUSDT,1739865600000,-0.00023069
AVAXUSDT,1739894400000,-0.0002321
AVAXUSDT,1739923200000,-0.000025
AVAXUSDT,1739952000000,-0.00004733
AVAXUSDT,1739980800000,-0.00006609
AVAXUSDT,1740009600000,-0.00013228
AVAXUSDT,1740038400000,0.00003375
AVAXUSDT,1740067200000,0.00008701
AVAXUSDT,1740096000001,0.0001
AVAXUSDT,1740124800000,0.0001
AVAXUSDT,1740153600000,0.0001
AVAXUSDT,1740182400000,-0.00018926
AVAXUSDT,1740211200000,-0.00002917
AVAXUSDT,1740240000000,0.00000512
AVAXUSDT,1740268800000,0.0001
AVAXUSDT,1740297600000,0.0001
AVAXUSDT,1740326400000,0.0001
AVAXUSDT,1740355200000,-0.00010557
AVAXUSDT,1740384000000,-0.00004936
AVAXUSDT,1740412800000,-0.00002914
AVAXUSDT,1740441600000,-0.00012324
AVAXUSDT,1740470400000,-0.00008922
AVAXUSDT,1740499200000,-0.00006756
AVAXUSDT,1740528000000,-0.00007528
AVAXUSDT,1740556800000,-0.0001133
AVAXUSDT,1740585600000,0.00002289
AVAXUSDT,1740614400001,0.00008239
AVAXUSDT,1740643200000,0.00005192
AVAXUSDT,1740672000000,0.00007116
AVAXUSDT,1740700800001,0.00001081
AVAXUSDT,1740729600000,-0.00001701
AVAXUSDT,1740758400000,0.0000082
AVAXUSDT,1740787200000,0.0000607
AVAXUSDT,1740816000000,0.00000746
AVAXUSDT,1740844800001,0.00004032
AVAXUSDT,1740873600000,0.00002516
AVAXUSDT,1740902400000,0.00007467
AVAXUSDT,1740931200000,0.00004881
AVAXUSDT,1740960000001,0.0001
AVAXUSDT,1740988800000,0.0000847
AVAXUSDT,1741017600000,0.00006869
AVAXUSDT,1741046400001,-0.00024457
AVAXUSDT,1741075200005,-0.00037182
AVAXUSDT,1741104000000,-0.00041858
AVAXUSDT,1741132800000,-0.00011102
AVAXUSDT,1741161600000,-0.00023251
AVAXUSDT,1741190400000,-0.00009907
AVAXUSDT,1741219200000,-0.00001963
AVAXUSDT,1741248000001,0.00006057
AVAXUSDT,1741276800000,0.00003195
AVAXUSDT,1741305600000,0.00001998
AVAXUSDT,1741334400001,0.00003604
AVAXUSDT,1741363200000,-0.00000767
AVAXUSDT,1741392000000,0.00005265
AVAXUSDT,1741420800001,-0.00003524
AVAXUSDT,1741449600001,-0.00012959
AVAXUSDT,1741478400001,0.00006537
AVAXUSDT,1741507200000,-0.00000672
AVAXUSDT,1741536000000,-0.0001044
AVAXUSDT,1741564800000,-0.00031252
AVAXUSDT,1741593600000,-0.00019534
AVAXUSDT,1741622400000,-0.00015464
AVAXUSDT,1741651200000,-0.00007422
AVAXUSDT,1741680000000,-0.00005278
AVAXUSDT,1741708800001,0.00006259
AVAXUSDT,1741737600000,0.00004556
AVAXUSDT,1741766400000,-0.00002562
AVAXUSDT,1741795200001,-0.00001805
AVAXUSDT,1741824000000,0.00001394
AVAXUSDT,1741852800000,-0.00000992
AVAXUSDT,1741881600000,0.00003423
AVAXUSDT,1741910400000,-0.00002284
AVAXUSDT,1741939200000,0.00003308
AVAXUSDT,1741968000000,0.00004456
AVAXUSDT,1741996800000,-0.00002726
AVAXUSDT,1742025600000,-0.00003619
AVAXUSDT,1742054400000,-0.00020421
AVAXUSDT,1742083200000,0.00000418
AVAXUSDT,1742112000000,-0.00002758
AVAXUSDT,1742140800000,-0.00028621
AVAXUSDT,1742169600000,-0.00019707
AVAXUSDT,1742198400000,-0.00017139
AVAXUSDT,1742227200000,-0.0003016
AVAXUSDT,1742256000000,0.00002693
AVAXUSDT,1742284800000,0.00002512
AVAXUSDT,1742313600000,-0.00007391
AVAXUSDT,1742342400000,0.00001619
AVAXUSDT,1742371200000,0.0001
AVAXUSDT,1742400000000,0.0001
AVAXUSDT,1742428800000,0.0001
AVAXUSDT,1742457600000,-0.00000081
AVAXUSDT,1742486400000,-0.00018911
AVAXUSDT,1742515200000,-0.00020934
AVAXUSDT,1742544000000,0.00004365
AVAXUSDT,1742572800000,-0.00011967
AVAXUSDT,1742601600000,0.00005015
AVAXUSDT,1742630400004,0.0000494
AVAXUSDT,1742659200000,0.0001
AVAXUSDT,1742688000000,0.0001
AVAXUSDT,1742716800000,0.0001
AVAXUSDT,1742745600000,0.00000037
AVAXUSDT,1742774400000,0.00004762
AVAXUSDT,1742803200000,0.0001
AVAXUSDT,1742832000000,0.0001
AVAXUSDT,1742860800001,0.0000475
AVAXUSDT,1742889600000,0.00003985
AVAXUSDT,1742918400000,0.00005945
AVAXUSDT,1742947200000,0.0000797
AVAXUSDT,1742976000000,-0.00001606
AVAXUSDT,1743004800001,0.00004544
AVAXUSDT,1743033600001,0.0001
AVAXUSDT,1743062400001,0.00000662
AVAXUSDT,1743091200002,-0.00006813
AVAXUSDT,1743120000001,-0.00011691
AVAXUSDT,1743148800001,0.00002846
AVAXUSDT,1743177600000,-0.00009608
AVAXUSDT,1743206400000,-0.00024923
AVAXUSDT,1743235200000,-0.00009148
AVAXUSDT,1743264000000,-0.00010204
AVAXUSDT,1743292800000,-0.00016268
AVAXUSDT,1743321600000,-0.00027717
AVAXUSDT,1743350400000,-0.00019832
AVAXUSDT,1743379200000,-0.00018997
AVAXUSDT,1743408000000,-0.0001002
AVAXUSDT,1743436800000,-0.00013575
AVAXUSDT,1743465600000,-0.0000887
AVAXUSDT,1743494400001,-0.0001633
AVAXUSDT,1743523200000,-0.00004882
AVAXUSDT,1743552000001,-0.0000684
AVAXUSDT,1743580800000,0.00000512
AVAXUSDT,1743609600000,0.0000111
AVAXUSDT,1743638400000,-0.00012809
AVAXUSDT,1743667200000,0.0000264
AVAXUSDT,1743696000000,-0.0000603
AVAXUSDT,1743724800000,0.00000293
AVAXUSDT,1743753600000,-0.00005308
AVAXUSDT,1743782400000,-0.0000489
AVAXUSDT,1743811200000,-0.00002694
AVAXUSDT,1743840000000,0.00001389
AVAXUSDT,1743868800000,-0.00006389
AVAXUSDT,1743897600000,0.00004796
AVAXUSDT,1743926400000,-0.00029818
AVAXUSDT,1743955200002,-0.00028242
AVAXUSDT,1743984000000,-0.00017171
AVAXUSDT,1744012800000,-0.00004636
AVAXUSDT,1744041600000,-0.00022415
AVAXUSDT,1744070400000,-0.00003946
AVAXUSDT,1744099200000,-0.00029629
AVAXUSDT,1744128000000,-0.00027654
AVAXUSDT,1744156800000,-0.00020782
AVAXUSDT,1744185600001,-0.00028204
AVAXUSDT,1744214400000,-0.0000915
AVAXUSDT,1744243200000,0.0001
AVAXUSDT,1744272000000,-0.00006468
AVAXUSDT,1744300800000,-0.00014973
AVAXUSDT,1744329600001,-0.0000011
AVAXUSDT,1744358400000,-0.00002494
AVAXUSDT,1744387200000,-0.00017701
AVAXUSDT,1744416000000,0.00000755
AVAXUSDT,1744444800001,-0.00011747
AVAXUSDT,1744473600000,-0.00029956
AVAXUSDT,1744502400000,-0.00008334
AVAXUSDT,1744531200000,-0.00009214
AVAXUSDT,1744560000000,-0.00015207
AVAXUSDT,1744588800000,-0.00002024
AVAXUSDT,1744617600000,-0.00021842
AVAXUSDT,1744646400000,-0.00021055
AVAXUSDT,1744675200000,-0.00006348
AVAXUSDT,1744704000000,-0.00019026
AVAXUSDT,1744732800001,-0.0003017
AVAXUSDT,1744761600000,-0.00003097
AVAXUSDT,1744790400000,-0.00012763
AVAXUSDT,1744819200000,-0.00019811
AVAXUSDT,1744848000001,-0.00005542
AVAXUSDT,1744876800000,0.00007844
AVAXUSDT,1744905600001,0.00000706
AVAXUSDT,1744934400000,0.00000455
AVAXUSDT,1744963200000,0.00000697
AVAXUSDT,1744992000000,-0.00014198
AVAXUSDT,1745020800000,0.0001
AVAXUSDT,1745049600000,0.00007867
AVAXUSDT,1745078400000,0.0000692
AVAXUSDT,1745107200000,0.0001
AVAXUSDT,1745136000000,0.00000119
AVAXUSDT,1745164800000,0.00000816
AVAXUSDT,1745193600000,-0.00003798
AVAXUSDT,1745222400005,0.0001
AVAXUSDT,1745251200003,0.0001
AVAXUSDT,1745280000008,0.00007053
AVAXUSDT,1745308800000,-0.00006386
AVAXUSDT,1745337600000,0.0001
AVAXUSDT,1745366400000,0.0001
AVAXUSDT,1745395200002,0.0001
AVAXUSDT,1745424000000,0.0001
AVAXUSDT,1745452800000,0.0001
AVAXUSDT,1745481600001,0.0001
AVAXUSDT,1745510400001,0.0001
AVAXUSDT,1745539200007,0.0001
AVAXUSDT,1745568000002,0.0001
AVAXUSDT,1745596800003,-0.00001623
AVAXUSDT,1745625600002,0.00007483
AVAXUSDT,1745654400000,-0.00003229
AVAXUSDT,1745683200002,-0.00010466
AVAXUSDT,1745712000001,-0.00000802
AVAXUSDT,1745740800000,0.00001143
AVAXUSDT,1745769600000,-0.00010986
AVAXUSDT,1745798400001,-0.00010207
AVAXUSDT,1745827200003,0.00004325
AVAXUSDT,1745856000005,-0.00006542
AVAXUSDT,1745884800000,0.0001
AVAXUSDT,1745913600000,0.0000964
AVAXUSDT,1745942400010,0.0001
AVAXUSDT,1745971200001,-0.00011355
AVAXUSDT,1746000000000,-0.00002935
AVAXUSDT,1746028800003,-0.00015933
AVAXUSDT,1746057600000,0.00003621
AVAXUSDT,1746086400000,0.0000876
AVAXUSDT,1746115200001,-0.00002038
AVAXUSDT,1746144000000,0.0001
AVAXUSDT,1746172800000,0.00007888
AVAXUSDT,1746201600003,-0.00007177
AVAXUSDT,1746230400000,-0.00015483
AVAXUSDT,1746259200000,-0.00010877
AVAXUSDT,1746288000000,-0.00011234
AVAXUSDT,1746316800001,-0.00005602
AVAXUSDT,1746345600001,-0.00016607
AVAXUSDT,1746374400002,-0.00020554
AVAXUSDT,1746403200000,-0.00018839
AVAXUSDT,1746432000000,0.00003843
AVAXUSDT,1746460800006,-0.0001519
AVAXUSDT,1746489600002,-0.00012103
AVAXUSDT,1746518400005,-0.00000774
AVAXUSDT,1746547200000,0.00005227
AVAXUSDT,1746576000002,0.0000772
AVAXUSDT,1746604800000,-0.00000163
AVAXUSDT,1746633600006,-0.00016988
AVAXUSDT,1746662400000,0.0000314
AVAXUSDT,1746691200001,0.0001
AVAXUSDT,1746720000002,0.0001
AVAXUSDT,1746748800001,0.0001
AVAXUSDT,1746777600006,0.0001
AVAXUSDT,1746806400000,0.0001
AVAXUSDT,1746835200001,0.0001
AVAXUSDT,1746864000000,0.0001
AVAXUSDT,1746892800001,0.0001
AVAXUSDT,1746921600000,0.0001
AVAXUSDT,1746950400001,0.0001
AVAXUSDT,1746979200001,0.0001
AVAXUSDT,1747008000004,0.0001
AVAXUSDT,1747036800000,0.0001
AVAXUSDT,1747065600000,0.0001
AVAXUSDT,1747094400000,0.0001
AVAXUSDT,1747123200008,0.00009081
AVAXUSDT,1747152000001,0.0001
AVAXUSDT,1747180800007,0.0001
AVAXUSDT,1747209600000,0.0001
AVAXUSDT,1747238400002,0.0001
AVAXUSDT,1747267200000,0.0001
AVAXUSDT,1747296000003,0.00007085
AVAXUSDT,1747324800000,0.00003698
AVAXUSDT,1747353600001,0.00002132
AVAXUSDT,1747382400000,0.00003938
AVAXUSDT,1747411200000,0.00005752
AVAXUSDT,1747440000000,0.00004895
AVAXUSDT,1747468800001,0.00002919
AVAXUSDT,1747497600004,0.00003576
AVAXUSDT,1747526400000,0.00000638
AVAXUSDT,1747555200000,-0.00005436
AVAXUSDT,1747584000000,-0.00005244
AVAXUSDT,1747612800000,-0.00003598
AVAXUSDT,1747641600006,0.00000057
AVAXUSDT,1747670400010,-0.00002011
AVAXUSDT,1747699200000,0.0001
AVAXUSDT,1747728000002,0.00003254
AVAXUSDT,1747756800000,0.00003244
AVAXUSDT,1747785600000,0.00008089
AVAXUSDT,1747814400001,0.0001
AVAXUSDT,1747843200004,0.00006244
AVAXUSDT,1747872000001,0.00008662
AVAXUSDT,1747900800000,0.0001
AVAXUSDT,1747929600002,0.0001
AVAXUSDT,1747958400006,0.0001
AVAXUSDT,1747987200000,0.0001
AVAXUSDT,1748016000007,0.0001
AVAXUSDT,1748044800010,0.0001
AVAXUSDT,1748073600000,-0.00005367
AVAXUSDT,1748102400003,-0.000074
AVAXUSDT,1748131200004,-0.00006709
AVAXUSDT,1748160000000,-0.00003129
AVAXUSDT,1748188800000,-0.00009897
AVAXUSDT,1748217600000,-0.00007407
AVAXUSDT,1748246400000,-0.00001411
AVAXUSDT,1748275200002,0.00005253
AVAXUSDT,1748304000003,-0.00005915
AVAXUSDT,1748332800001,0.00004806
AVAXUSDT,1748361600005,0.00007756
AVAXUSDT,1748390400002,0.00003645
AVAXUSDT,1748419200003,0.00002512
AVAXUSDT,1748448000002,-0.00004014
AVAXUSDT,1748476800000,0.00000711
AVAXUSDT,1748505600006,0.0001
AVAXUSDT,1748534400000,-0.0000308
AVAXUSDT,1748563200003,-0.00007683
AVAXUSDT,1748592000003,-0.00025091
AVAXUSDT,1748620800000,-0.0000861
AVAXUSDT,1748649600000,-0.00012519
AVAXUSDT,1748678400000,-0.00017394
AVAXUSDT,1748707200000,-0.00009842
AVAXUSDT,1748736000001,-0.00004205
AVAXUSDT,1748764800002,-0.00003631
AVAXUSDT,1748793600000,-0.00004566
AVAXUSDT,1748822400001,-0.00006084
AVAXUSDT,1748851200000,-0.00002796
AVAXUSDT,1748880000000,0.00005462
AVAXUSDT,1748908800000,0.0000778
AVAXUSDT,1748937600000,0.0000897
AVAXUSDT,1748966400001,0.00007066
AVAXUSDT,1748995200000,0.00000316
AVAXUSDT,1749024000000,0.00000347
AVAXUSDT,1749052800000,-0.00003378
AVAXUSDT,1749081600016,-0.00003792
AVAXUSDT,1749110400000,-0.0000328
AVAXUSDT,1749139200000,-0.00001419
AVAXUSDT,1749168000002,-0.00018426
AVAXUSDT,1749196800000,-0.000184
AVAXUSDT,1749225600006,-0.00004184
AVAXUSDT,1749254400000,-0.00005348
AVAXUSDT,1749283200000,0.00002024
AVAXUSDT,1749312000002,0.00008637
AVAXUSDT,1749340800000,0.0000289
AVAXUSDT,1749369600000,-0.00003957
AVAXUSDT,1749398400000,0.0000398
AVAXUSDT,1749427200000,0.0001
AVAXUSDT,1749456000001,-0.00007676
AVAXUSDT,1749484800001,0.00002877
AVAXUSDT,1749513600000,0.0001
AVAXUSDT,1749542400001,0.0001
AVAXUSDT,1749571200003,0.0001
AVAXUSDT,1749600000000,0.0001
AVAXUSDT,1749628800000,0.0001
AVAXUSDT,1749657600010,0.0001
AVAXUSDT,1749686400002,0.0001
AVAXUSDT,1749715200003,0.00006008
AVAXUSDT,1749744000001,-0.00002708
AVAXUSDT,1749772800000,-0.00001067
AVAXUSDT,1749801600001,-0.00017593
AVAXUSDT,1749830400004,-0.00007489
AVAXUSDT,1749859200000,0.00003129
AVAXUSDT,1749888000000,-0.00001538
AVAXUSDT,1749916800000,-0.00003025
AVAXUSDT,1749945600005,0.00005438
AVAXUSDT,1749974400009,-0.00009264
AVAXUSDT,1750003200000,0.0000242
AVAXUSDT,1750032000000,-0.0000271
AVAXUSDT,1750060800000,0.00008404
AVAXUSDT,1750089600003,0.00003242
AVAXUSDT,1750118400000,0.00006771
AVAXUSDT,1750147200006,0.00008167
AVAXUSDT,1750176000001,-0.00009539
AVAXUSDT,1750204800001,-0.00002812
AVAXUSDT,1750233600001,0.00003537
AVAXUSDT,1750262400001,-0.00015652
AVAXUSDT,1750291200005,0.00001013
AVAXUSDT,1750320000003,-0.00015597
AVAXUSDT,1750348800000,-0.00020285
AVAXUSDT,1750377600000,0.00004512
AVAXUSDT,1750406400002,0.0000885
AVAXUSDT,1750435200001,-0.00003063
AVAXUSDT,1750464000002,-0.00002015
AVAXUSDT,1750492800005,0.00000425
AVAXUSDT,1750521600000,-0.0000246
AVAXUSDT,1750550400005,0.00000491
AVAXUSDT,1750579200000,0.00002452
AVAXUSDT,1750608000003,0.00002262
AVAXUSDT,1750636800000,-0.00001023
AVAXUSDT,1750665600004,-0.00007795
AVAXUSDT,1750694400013,0.00003124
AVAXUSDT,1750723200003,0.00003476
AVAXUSDT,1750752000000,0.00001328
AVAXUSDT,1750780800000,0.00000991
AVAXUSDT,1750809600005,0.00004774
AVAXUSDT,1750838400000,0.0001
AVAXUSDT,1750867200005,0.00000524
AVAXUSDT,1750896000000,0.0000696
AVAXUSDT,1750924800006,-0.00000886
AVAXUSDT,1750953600007,0.00007578
AVAXUSDT,1750982400000,0.00005498
AVAXUSDT,1751011200000,0.0000127
AVAXUSDT,1751040000009,-0.00004237
AVAXUSDT,1751068800001,0.00000651
AVAXUSDT,1751097600002,0.00004379
AVAXUSDT,1751126400000,0.00002416
AVAXUSDT,1751155200004,0.00004474
AVAXUSDT,1751184000001,0.00008854
AVAXUSDT,1751212800001,0.00003383
AVAXUSDT,1751241600000,0.0001
AVAXUSDT,1751270400005,0.00005783
AVAXUSDT,1751299200002,0.00006213
AVAXUSDT,1751328000007,0.00005998
AVAXUSDT,1751356800002,-0.0001059
AVAXUSDT,1751385600000,0.0000131
AVAXUSDT,1751414400001,-0.00009383
AVAXUSDT,1751443200000,-0.0000631
AVAXUSDT,1751472000003,0.0001
AVAXUSDT,1751500800006,0.0001
AVAXUSDT,1751529600003,0.0001
AVAXUSDT,1751558400003,0.0001
AVAXUSDT,1751587200005,0.0001
AVAXUSDT,1751616000003,0.0001
AVAXUSDT,1751644800001,-0.00005577
AVAXUSDT,1751673600004,-0.00013936
AVAXUSDT,1751702400009,-0.00010665
AVAXUSDT,1751731200006,-0.00002736
AVAXUSDT,1751760000001,-0.0000661
AVAXUSDT,1751788800002,-0.00009936
AVAXUSDT,1751817600004,0.00003339
AVAXUSDT,1751846400000,0.00009604
AVAXUSDT,1751875200007,0.0001
AVAXUSDT,1751904000000,0.00004546
AVAXUSDT,1751932800010,0.00004471
AVAXUSDT,1751961600003,-0.00000732
AVAXUSDT,1751990400000,0.00007188
AVAXUSDT,1752019200002,0.0001
AVAXUSDT,1752048000006,0.0001
AVAXUSDT,1752076800001,0.0001
AVAXUSDT,1752105600003,0.0001
AVAXUSDT,1752134400000,0.0001
AVAXUSDT,1752163200004,0.0001
AVAXUSDT,1752192000004,0.0001
AVAXUSDT,1752220800007,0.0001
AVAXUSDT,1752249600001,0.0001
AVAXUSDT,1752278400000,0.0001
AVAXUSDT,1752307200001,0.0001
AVAXUSDT,1752336000002,0.0001
AVAXUSDT,1752364800006,0.0001
AVAXUSDT,1752393600001,0.00007013
AVAXUSDT,1752422400003,0.0000891
AVAXUSDT,1752451200000,0.00007225
AVAXUSDT,1752480000000,0.0001
AVAXUSDT,1752508800000,0.0001
AVAXUSDT,1752537600002,0.00004688
AVAXUSDT,1752566400000,0.00008674
AVAXUSDT,1752595200000,0.00006731
AVAXUSDT,1752624000000,0.0001
AVAXUSDT,1752652800000,0.0001
AVAXUSDT,1752681600008,0.0001
AVAXUSDT,1752710400003,0.0001
AVAXUSDT,1752739200000,0.0001
AVAXUSDT,1752768000000,0.0001
AVAXUSDT,1752796800004,0.0001
AVAXUSDT,1752825600000,0.0001
AVAXUSDT,1752854400000,0.0001
AVAXUSDT,1752883200009,0.0001
AVAXUSDT,1752912000000,0.0001
AVAXUSDT,1752940800002,0.0001
AVAXUSDT,1752969600000,0.0001
AVAXUSDT,1752998400000,0.0001
AVAXUSDT,1753027200000,0.0001
AVAXUSDT,1753056000001,0.0001
AVAXUSDT,1753084800000,0.0001
AVAXUSDT,1753113600001,0.0001
AVAXUSDT,1753142400000,0.0001
AVAXUSDT,1753171200010,0.0001
AVAXUSDT,1753200000007,0.0001
AVAXUSDT,1753228800000,0.0001
AVAXUSDT,1753257600004,0.0001
AVAXUSDT,1753286400002,0.0001
AVAXUSDT,1753315200000,0.0001
AVAXUSDT,1753344000001,0.00007045
AVAXUSDT,1753372800000,0.0001
AVAXUSDT,1753401600000,0.0001
AVAXUSDT,1753430400000,0.00001297
AVAXUSDT,1753459200000,0.0001
AVAXUSDT,1753488000001,0.0001
AVAXUSDT,1753516800005,0.0001
AVAXUSDT,1753545600001,0.0001
AVAXUSDT,1753574400001,0.0001
AVAXUSDT,1753603200000,0.0001
AVAXUSDT,1753632000008,0.0001
AVAXUSDT,1753660800005,0.0001
AVAXUSDT,1753689600000,0.0001
AVAXUSDT,1753718400000,0.0001
AVAXUSDT,1753747200001,0.0001
AVAXUSDT,1753776000000,0.00005839
AVAXUSDT,1753804800000,0.00004066
AVAXUSDT,1753833600011,-0.00001345
AVAXUSDT,1753862400000,-0.00000516
AVAXUSDT,1753891200008,0.00004371
AVAXUSDT,1753920000000,0.00003826
AVAXUSDT,1753948800009,0.00007595
AVAXUSDT,1753977600000,-0.00002256
AVAXUSDT,1754006400001,-0.00005463
AVAXUSDT,1754035200003,0.00005662
AVAXUSDT,1754064000000,0.00002547
AVAXUSDT,1754092800004,0.0001
AVAXUSDT,1754121600000,0.0001
AVAXUSDT,1754150400000,0.00006685
AVAXUSDT,1754179200000,0.0001
AVAXUSDT,1754208000000,0.00008227
AVAXUSDT,1754236800003,0.00005055
AVAXUSDT,1754265600004,0.00000325
AVAXUSDT,1754294400000,-0.00001958
AVAXUSDT,1754323200002,0.00002688
AVAXUSDT,1754352000000,0.0000607
AVAXUSDT,1754380800000,0.00003299
AVAXUSDT,1754409600000,0.0001
AVAXUSDT,1754438400005,0.00000959
AVAXUSDT,1754467200000,0.0001
AVAXUSDT,1754496000000,0.00006205
AVAXUSDT,1754524800003,0.00009385
AVAXUSDT,1754553600002,0.0001
AVAXUSDT,1754582400002,0.0001
AVAXUSDT,1754611200002,0.0001
AVAXUSDT,1754640000004,0.0001
AVAXUSDT,1754668800000,0.0001
AVAXUSDT,1754697600005,0.0001
AVAXUSDT,1754726400000,0.0001
AVAXUSDT,1754755200007,0.0001
AVAXUSDT,1754784000003,0.0001
AVAXUSDT,1754812800005,0.0001
AVAXUSDT,1754841600002,0.0001
AVAXUSDT,1754870400000,0.0001
AVAXUSDT,1754899200000,0.0001
AVAXUSDT,1754928000000,0.00002384
AVAXUSDT,1754956800000,-0.00000022
AVAXUSDT,1754985600001,0.00004313
AVAXUSDT,1755014400005,0.0001
AVAXUSDT,1755043200000,0.0001
AVAXUSDT,1755072000002,0.0001
AVAXUSDT,1755100800006,0.0001
AVAXUSDT,1755129600002,0.0001
AVAXUSDT,1755158400003,0.0001
AVAXUSDT,1755187200000,0.0001
AVAXUSDT,1755216000000,0.00002695
AVAXUSDT,1755244800000,0.0001
AVAXUSDT,1755273600000,0.0001
AVAXUSDT,1755302400004,-0.0001413
AVAXUSDT,1755331200000,0.00001004
AVAXUSDT,1755360000002,0.00007213
AVAXUSDT,1755388800000,0.00008594
AVAXUSDT,1755417600001,0.0001
AVAXUSDT,1755446400007,0.0001
AVAXUSDT,1755475200000,0.0001
AVAXUSDT,1755504000001,-0.00016208
AVAXUSDT,1755532800002,-0.00007532
AVAXUSDT,1755561600000,0.00007399
AVAXUSDT,1755590400001,-0.00009655
AVAXUSDT,1755619200000,0.0000144
AVAXUSDT,1755648000000,0.00004597
AVAXUSDT,1755676800000,-0.00000858
AVAXUSDT,1755705600000,0.0001
AVAXUSDT,1755734400006,0.0001
AVAXUSDT,1755763200000,0.0001
AVAXUSDT,1755792000003,0.0001
AVAXUSDT,1755820800010,0.0001
AVAXUSDT,1755849600007,0.0001
AVAXUSDT,1755878400001,0.0001
AVAXUSDT,1755907200004,0.0001
AVAXUSDT,1755936000006,0.0001
AVAXUSDT,1755964800000,0.0001
AVAXUSDT,1755993600001,0.0001
AVAXUSDT,1756022400002,0.0001
AVAXUSDT,1756051200001,0.0001
AVAXUSDT,1756080000000,0.0001
AVAXUSDT,1756108800002,0.0001
AVAXUSDT,1756137600002,-0.00007257
AVAXUSDT,1756166400000,-0.00008551
AVAXUSDT,1756195200000,-0.00001087
AVAXUSDT,1756224000000,0.00006382
AVAXUSDT,1756252800003,0.0001
AVAXUSDT,1756281600000,0.0001
AVAXUSDT,1756310400009,0.0001
AVAXUSDT,1756339200000,0.0001
AVAXUSDT,1756368000005,0.0001
AVAXUSDT,1756396800004,0.00007493
AVAXUSDT,1756425600000,0.0001
AVAXUSDT,1756454400000,0.0001
AVAXUSDT,1756483200005,0.00002413
AVAXUSDT,1756512000000,0.00007189
AVAXUSDT,1756540800002,0.0001
AVAXUSDT,1756569600003,0.00005072
AVAXUSDT,1756598400016,0.00008643
AVAXUSDT,1756627200000,0.0001
AVAXUSDT,1756656000001,0.0001
AVAXUSDT,1756684800000,-0.00000998
AVAXUSDT,1756713600000,-0.00007953
AVAXUSDT,1756742400001,0.0001
AVAXUSDT,1756771200000,-0.00010841
AVAXUSDT,1756800000005,0.0001
AVAXUSDT,1756828800007,0.0001
AVAXUSDT,1756857600006,0.0001
AVAXUSDT,1756886400002,0.0001
AVAXUSDT,1756915200002,0.0001
AVAXUSDT,1756944000002,0.0001
AVAXUSDT,1756972800000,0.0001
AVAXUSDT,1757001600000,0.0001
AVAXUSDT,1757030400001,0.00003477
AVAXUSDT,1757059200006,0.00004504
AVAXUSDT,1757088000000,0.0001
AVAXUSDT,1757116800000,0.0001
AVAXUSDT,1757145600005,0.00005766
AVAXUSDT,1757174400000,0.0001
AVAXUSDT,1757203200000,0.0001
AVAXUSDT,1757232000000,0.0001
AVAXUSDT,1757260800000,0.0001
AVAXUSDT,1757289600007,0.0001
AVAXUSDT,1757318400000,0.0001
AVAXUSDT,1757347200000,0.0001
AVAXUSDT,1757376000000,0.0001
AVAXUSDT,1757404800000,0.0001
AVAXUSDT,1757433600000,0.0001
AVAXUSDT,1757462400000,0.0001
AVAXUSDT,1757491200002,0.0001
AVAXUSDT,1757520000000,0.0001
AVAXUSDT,1757548800000,0.0001
AVAXUSDT,1757577600000,0.0001
AVAXUSDT,1757606400001,0.00009879
AVAXUSDT,1757635200002,0.00004899
AVAXUSDT,1757664000001,0.00006657
AVAXUSDT,1757692800005,-0.00001437
AVAXUSDT,1757721600005,0.00007266
AVAXUSDT,1757750400002,0.0001
AVAXUSDT,1757779200000,0.0001
AVAXUSDT,1757808000006,-0.00009514
AVAXUSDT,1757836800000,0.00004558
AVAXUSDT,1757865600001,0.00004187
AVAXUSDT,1757894400006,0.0001
AVAXUSDT,1757923200002,-0.00004093
AVAXUSDT,1757952000001,-0.00002835
AVAXUSDT,1757980800001,0.0001
AVAXUSDT,1758009600000,0.0001
AVAXUSDT,1758038400000,0.0001
AVAXUSDT,1758067200001,0.00001
AVAXUSDT,1758096000000,0.00001351
AVAXUSDT,1758124800003,-0.00000996
AVAXUSDT,1758153600006,0.0001
AVAXUSDT,1758182400002,0.0001
AVAXUSDT,1758211200000,0.0001
AVAXUSDT,1758240000000,0.0001
AVAXUSDT,1758268800005,0.0001
AVAXUSDT,1758297600000,0.0001
AVAXUSDT,1758326400000,0.0001
AVAXUSDT,1758355200000,0.00000035
AVAXUSDT,1758384000002,-0.00004382
AVAXUSDT,1758412800000,-0.00005963
AVAXUSDT,1758441600000,0.0001
AVAXUSDT,1758470400000,0.00007117
AVAXUSDT,1758499200005,0.00001599
AVAXUSDT,1758528000003,-0.00002971
AVAXUSDT,1758556800000,0.0001
AVAXUSDT,1758585600000,0.0001
AVAXUSDT,1758614400001,0.0001
AVAXUSDT,1758643200000,0.0001
AVAXUSDT,1758672000003,-0.0000264
AVAXUSDT,1758700800001,0.00002535
AVAXUSDT,1758729600002,0.00007734
AVAXUSDT,1758758400000,-0.00002175
AVAXUSDT,1758787200001,0.00000137
AVAXUSDT,1758816000000,0.00009259
AVAXUSDT,1758844800000,0.00002414
AVAXUSDT,1758873600000,0.00009031
AVAXUSDT,1758902400008,0.00002573
AVAXUSDT,1758931200000,-0.00000283
AVAXUSDT,1758960000010,0.0001
AVAXUSDT,1758988800003,0.00000709
AVAXUSDT,1759017600000,0.0001
AVAXUSDT,1759046400000,0.0001
AVAXUSDT,1759075200000,0.0001
AVAXUSDT,1759104000000,0.0001
AVAXUSDT,1759132800002,0.00004536
AVAXUSDT,1759161600001,0.00005735
AVAXUSDT,1759190400002,0.00009104
AVAXUSDT,1759219200005,-0.00002524
AVAXUSDT,1759248000000,-0.00000612
AVAXUSDT,1759276800000,0.0001
AVAXUSDT,1759305600000,0.0001
AVAXUSDT,1759334400000,0.00001998
AVAXUSDT,1759363200000,0.00009717
AVAXUSDT,1759392000013,-0.00001316
AVAXUSDT,1759420800000,-0.00008954
AVAXUSDT,1759449600006,0.0001
AVAXUSDT,1759478400006,0.0001
AVAXUSDT,1759507200000,-0.00005156
AVAXUSDT,1759536000001,0.0001
AVAXUSDT,1759564800000,0.0001
AVAXUSDT,1759593600000,-0.00014455
AVAXUSDT,1759622400000,-0.00016766
AVAXUSDT,1759651200003,0.0001
AVAXUSDT,1759680000009,-0.00009755
AVAXUSDT,1759708800004,-0.00018863
AVAXUSDT,1759737600002,0.0001
AVAXUSDT,1759766400004,0.0001
AVAXUSDT,1759795200000,0.0001
AVAXUSDT,1759824000003,0.0001
AVAXUSDT,1759852800000,-0.0001604
AVAXUSDT,1759881600000,0.00004142
AVAXUSDT,1759910400006,-0.00003537
AVAXUSDT,1759939200002,-0.00001182
AVAXUSDT,1759968000001,0.0001
AVAXUSDT,1759996800000,0.0001
AVAXUSDT,1760025600000,0.00006446
AVAXUSDT,1760054400005,0.0001
AVAXUSDT,1760083200002,0.0001
AVAXUSDT,1760112000014,0.0001
AVAXUSDT,1760140800000,0.0001
AVAXUSDT,1760169600003,-0.00026718
AVAXUSDT,1760198400000,-0.00027333
AVAXUSDT,1760227200004,-0.00009953
AVAXUSDT,1760256000002,-0.00023162
AVAXUSDT,1760284800000,-0.00053536
AVAXUSDT,1760313600003,-0.0006628
AVAXUSDT,1760342400002,-0.00051614
AVAXUSDT,1760371200003,-0.00014938
AVAXUSDT,1760400000000,0.00002897
AVAXUSDT,1760428800000,-0.00015632
AVAXUSDT,1760457600000,-0.00029769
AVAXUSDT,1760486400006,0.00002027
AVAXUSDT,1760515200002,-0.00008911
AVAXUSDT,1760544000000,-0.00026345
AVAXUSDT,1760572800000,-0.0002052
AVAXUSDT,1760601600003,-0.00020345
AVAXUSDT,1760630400002,-0.00004769
AVAXUSDT,1760659200001,-0.0002588
AVAXUSDT,1760688000005,0.00007469
AVAXUSDT,1760716800003,-0.00002137
AVAXUSDT,1760745600000,0.00007571
AVAXUSDT,1760774400002,0.00003564
AVAXUSDT,1760803200001,0.00005427
AVAXUSDT,1760832000001,0.00003651
AVAXUSDT,1760860800001,0.00005833
AVAXUSDT,1760889600001,0.00005545
AVAXUSDT,1760918400004,-0.00004892
AVAXUSDT,1760947200001,0.00007537
AVAXUSDT,1760976000000,-0.00017217
AVAXUSDT,1761004800009,0.0001
AVAXUSDT,1761033600000,-0.00012126
AVAXUSDT,1761062400000,0.00007501
AVAXUSDT,1761091200004,0.0001
AVAXUSDT,1761120000000,-0.00008648
AVAXUSDT,1761148800000,0.00000338
AVAXUSDT,1761177600000,-0.00000938
AVAXUSDT,1761206400001,-0.00008649
AVAXUSDT,1761235200004,0.0001
AVAXUSDT,1761264000000,0.0001
AVAXUSDT,1761292800000,0.0001
AVAXUSDT,1761321600009,-0.00002149
AVAXUSDT,1761350400000,0.0001
AVAXUSDT,1761379200001,0.0001
AVAXUSDT,1761408000001,-0.00000114
AVAXUSDT,1761436800001,0.0001
AVAXUSDT,1761465600001,0.00004657
AVAXUSDT,1761494400000,0.00002498
AVAXUSDT,1761523200000,0.00009672
AVAXUSDT,1761552000005,-0.00006474
AVAXUSDT,1761580800000,0.00006498
AVAXUSDT,1761609600000,-0.0001436
AVAXUSDT,1761638400000,-0.00006008
AVAXUSDT,1761667200004,-0.00007477
AVAXUSDT,1761696000004,-0.00015923
AVAXUSDT,1761724800005,-0.00001607
AVAXUSDT,1761753600000,-0.00001011
AVAXUSDT,1761782400004,0.00007321
AVAXUSDT,1761811200008,-0.00006709
AVAXUSDT,1761840000001,-0.00039812
AVAXUSDT,1761868800000,-0.00032409
AVAXUSDT,1761897600008,-0.00017287
AVAXUSDT,1761926400007,-0.00016495
AVAXUSDT,1761955200001,-0.00005841
AVAXUSDT,1761984000000,-0.00004186
AVAXUSDT,1762012800000,0.00008591
AVAXUSDT,1762041600007,0.00005762
AVAXUSDT,1762070400000,0.00002421
AVAXUSDT,1762099200001,-0.0000652
AVAXUSDT,1762128000000,-0.00022845
AVAXUSDT,1762156800010,-0.00045881
AVAXUSDT,1762185600000,-0.00022582
AVAXUSDT,1762214400002,-0.00032402
AVAXUSDT,1762243200004,0.00003225
AVAXUSDT,1762272000000,0.00004729
AVAXUSDT,1762300800000,0.00004429
AVAXUSDT,1762329600000,0.00003148
AVAXUSDT,1762358400004,-0.00007199
AVAXUSDT,1762387200001,0.00009319
AVAXUSDT,1762416000000,-0.00001947
AVAXUSDT,1762444800001,-0.00007415
AVAXUSDT,1762473600005,-0.00001097
AVAXUSDT,1762502400003,0.00008768
AVAXUSDT,1762531200005,0.00002819
AVAXUSDT,1762560000011,0.0001
AVAXUSDT,1762588800015,0.0001
AVAXUSDT,1762617600001,0.00000292
AVAXUSDT,1762646400004,-0.00002506
AVAXUSDT,1762675200000,-0.00007441
AVAXUSDT,1762704000005,-0.00009611
AVAXUSDT,1762732800000,0.00006986
AVAXUSDT,1762761600000,-0.00005556
AVAXUSDT,1762790400003,-0.00011515
AVAXUSDT,1762819200007,0.00000493
AVAXUSDT,1762848000000,-0.00006623
AVAXUSDT,1762876800009,-0.00013108
AVAXUSDT,1762905600000,-0.00003555
AVAXUSDT,1762934400002,-0.00027446
AVAXUSDT,1762963200000,-0.00007449
AVAXUSDT,1762992000002,-0.00041211
AVAXUSDT,1763020800000,0.00004726
AVAXUSDT,1763049600001,0.00007101
AVAXUSDT,1763078400000,-0.00051425
AVAXUSDT,1763107200000,-0.00014474
AVAXUSDT,1763136000001,-0.00021089
AVAXUSDT,1763164800005,-0.00035835
AVAXUSDT,1763193600000,-0.00020236
AVAXUSDT,1763222400001,-0.00002679
AVAXUSDT,1763251200001,-0.00008437
AVAXUSDT,1763280000000,-0.00007318
AVAXUSDT,1763308800000,-0.00021347
AVAXUSDT,1763337600003,-0.00015899
AVAXUSDT,1763366400003,0.00002233
AVAXUSDT,1763395200000,0.00002362
AVAXUSDT,1763424000002,-0.00031184
AVAXUSDT,1763452800004,0.0001
AVAXUSDT,1763481600000,0.00008149
AVAXUSDT,1763510400000,0.0001
AVAXUSDT,1763539200000,-0.00036276
AVAXUSDT,1763568000008,0.00004941
AVAXUSDT,1763596800000,0.0001
AVAXUSDT,1763625600000,0.0001
AVAXUSDT,1763654400000,0.0001
AVAXUSDT,1763683200001,-0.00012666
AVAXUSDT,1763712000000,-0.00025188
AVAXUSDT,1763740800001,-0.00006584
AVAXUSDT,1763769600004,-0.00026411
AVAXUSDT,1763798400000,-0.00019033
AVAXUSDT,1763827200000,-0.00030168
AVAXUSDT,1763856000000,-0.00007921
AVAXUSDT,1763884800008,-0.00004784
AVAXUSDT,1763913600003,-0.00030629
AVAXUSDT,1763942400004,-0.00013773
AVAXUSDT,1763971200000,0.00009762
AVAXUSDT,1764000000006,0.00001047
AVAXUSDT,1764028800000,0.00009583
AVAXUSDT,1764057600009,-0.00023848
AVAXUSDT,1764086400007,-0.00026325
AVAXUSDT,1764115200001,0.0001
AVAXUSDT,1764144000001,-0.00015033
AVAXUSDT,1764172800000,-0.00022828
AVAXUSDT,1764201600013,0.0001
AVAXUSDT,1764230400000,-0.00042724
AVAXUSDT,1764259200004,-0.00013988
AVAXUSDT,1764288000008,-0.00018374
AVAXUSDT,1764316800000,-0.00013977
AVAXUSDT,1764345600008,-0.00023493
AVAXUSDT,1764374400000,-0.00035723
AVAXUSDT,1764403200005,-0.00022956
AVAXUSDT,1764432000001,0.00006718
AVAXUSDT,1764460800003,-0.00023187
AVAXUSDT,1764489600000,-0.00017582
AVAXUSDT,1764518400004,-0.0002221
AVAXUSDT,1764547200000,-0.00022615
AVAXUSDT,1764576000004,-0.00029747
AVAXUSDT,1764604800000,-0.00007768
AVAXUSDT,1764633600004,-0.00031049
AVAXUSDT,1764662400000,-0.00015567
AVAXUSDT,1764691200000,0.00000849
AVAXUSDT,1764720000000,0.0001
AVAXUSDT,1764748800000,0.0001
AVAXUSDT,1764777600005,0.00002826
AVAXUSDT,1764806400012,0.0001
AVAXUSDT,1764835200000,-0.00002219
AVAXUSDT,1764864000011,0.00005795
AVAXUSDT,1764892800000,-0.0000353
AVAXUSDT,1764921600000,0.00000152
AVAXUSDT,1764950400010,-0.00048547
AVAXUSDT,1764979200001,-0.00031245
AVAXUSDT,1765008000001,-0.00029315
AVAXUSDT,1765036800008,-0.00018505
AVAXUSDT,1765065600000,-0.0001627
AVAXUSDT,1765094400004,-0.00001474
AVAXUSDT,1765123200000,-0.00006954
AVAXUSDT,1765152000000,-0.00002728
AVAXUSDT,1765180800000,0.0000409
AVAXUSDT,1765209600001,0.00004153
AVAXUSDT,1765238400001,0.00008315
AVAXUSDT,1765267200001,-0.00002959
AVAXUSDT,1765296000007,-0.00003152
AVAXUSDT,1765324800007,0.0001
AVAXUSDT,1765353600002,0.0001
AVAXUSDT,1765382400012,-0.00003527
AVAXUSDT,1765411200001,-0.00003851
AVAXUSDT,1765440000000,-0.00043297
AVAXUSDT,1765468800000,-0.00026648
AVAXUSDT,1765497600005,-0.00006569
AVAXUSDT,1765526400007,0.0001
AVAXUSDT,1765555200002,0.00001966
AVAXUSDT,1765584000001,-0.00007446
AVAXUSDT,1765612800006,0.0001
AVAXUSDT,1765641600000,0.0001
AVAXUSDT,1765670400000,-0.00002531
AVAXUSDT,1765699200003,-0.00006531
AVAXUSDT,1765728000005,-0.0001637
AVAXUSDT,1765756800000,-0.00025413
AVAXUSDT,1765785600000,0.0001
AVAXUSDT,1765814400000,-0.00018294
AVAXUSDT,1765843200002,-0.00027778
AVAXUSDT,1765872000000,-0.00007292
AVAXUSDT,1765900800002,-0.00012936
AVAXUSDT,1765929600004,0.00007735
AVAXUSDT,1765958400000,0.00005814
AVAXUSDT,1765987200000,0.00007046
AVAXUSDT,1766016000005,-0.00016516
AVAXUSDT,1766044800007,-0.00018937
AVAXUSDT,1766073600001,-0.00004017
AVAXUSDT,1766102400000,0.00000252
AVAXUSDT,1766131200001,0.00000892
AVAXUSDT,1766160000000,0.00008514
AVAXUSDT,1766188800005,0.00004946
AVAXUSDT,1766217600000,-0.00004413
AVAXUSDT,1766246400002,0.00007084
AVAXUSDT,1766275200000,-0.00009783
AVAXUSDT,1766304000009,-0.00002829
AVAXUSDT,1766332800000,-0.00019875
AVAXUSDT,1766361600000,0.00000222
AVAXUSDT,1766390400005,-0.00004666
AVAXUSDT,1766419200009,0.00007228
AVAXUSDT,1766448000000,-0.00040648
AVAXUSDT,1766476800000,-0.00017327
AVAXUSDT,1766505600001,-0.00030833
AVAXUSDT,1766534400001,0.0001
AVAXUSDT,1766563200001,-0.00022531
AVAXUSDT,1766592000000,0.00001332
AVAXUSDT,1766620800000,0.00006002
AVAXUSDT,1766649600001,0.0001
AVAXUSDT,1766678400005,0.00007241
AVAXUSDT,1766707200004,0.0001
AVAXUSDT,1766736000001,0.0001
AVAXUSDT,1766764800007,0.00001613
AVAXUSDT,1766793600000,0.00007759
AVAXUSDT,1766822400000,0.0001
AVAXUSDT,1766851200011,0.0001
AVAXUSDT,1766880000008,0.0001
AVAXUSDT,1766908800000,0.0001
AVAXUSDT,1766937600000,0.00004229
AVAXUSDT,1766966400016,-0.00003938
AVAXUSDT,1766995200001,0.0001
AVAXUSDT,1767024000000,-0.00007252
AVAXUSDT,1767052800005,-0.00019558
AVAXUSDT,1767081600001,-0.00001846
AVAXUSDT,1767110400003,0.00006737
AVAXUSDT,1767139200004,-0.00001228
AVAXUSDT,1767168000001,0.0001
AVAXUSDT,1767196800001,-0.0000485
AVAXUSDT,1767225600008,-0.00032128
AVAXUSDT,1767254400002,-0.00017522
AVAXUSDT,1767283200001,0.0001
AVAXUSDT,1767312000006,0.0001
AVAXUSDT,1767340800007,0.0001
AVAXUSDT,1767369600000,0.0001
AVAXUSDT,1767398400001,0.00000628
AVAXUSDT,1767427200000,0.0001
AVAXUSDT,1767456000000,0.0001
AVAXUSDT,1767484800000,0.00002393
AVAXUSDT,1767513600000,-0.00007504
AVAXUSDT,1767542400001,-0.00003204
AVAXUSDT,1767571200000,0.00005057
AVAXUSDT,1767600000000,-0.00003513
AVAXUSDT,1767628800000,0.00002317
AVAXUSDT,1767657600010,0.0001
AVAXUSDT,1767686400000,-0.00002719
AVAXUSDT,1767715200000,0.00008095
AVAXUSDT,1767744000001,0.0001
AVAXUSDT,1767772800001,-0.00022571
AVAXUSDT,1767801600001,-0.00023088
AVAXUSDT,1767830400001,0.00003646
AVAXUSDT,1767859200000,-0.00002932
AVAXUSDT,1767888000000,-0.00004638
AVAXUSDT,1767916800003,0.00008719
AVAXUSDT,1767945600000,0.00005423
AVAXUSDT,1767974400001,0.00002423
AVAXUSDT,1768003200000,0.00007392
AVAXUSDT,1768032000002,0.00004184
AVAXUSDT,1768060800001,0.0001
AVAXUSDT,1768089600003,0.00002517
AVAXUSDT,1768118400006,0.0000614
AVAXUSDT,1768147200000,0.00003998
AVAXUSDT,1768176000005,-0.00008889
AVAXUSDT,1768204800000,0.0001
AVAXUSDT,1768233600000,-0.00020954
AVAXUSDT,1768262400007,0.00002736
AVAXUSDT,1768291200009,0.00006528
AVAXUSDT,1768320000002,0.0001
AVAXUSDT,1768348800000,0.0001
AVAXUSDT,1768377600001,0.0001
AVAXUSDT,1768406400004,0.0001
AVAXUSDT,1768435200000,0.0001
AVAXUSDT,1768464000004,0.00003052
AVAXUSDT,1768492800002,0.00006731
AVAXUSDT,1768521600000,-0.00008092
AVAXUSDT,1768550400000,-0.00010694
AVAXUSDT,1768579200001,-0.000085
AVAXUSDT,1768608000000,-0.00006898
AVAXUSDT,1768636800000,-0.0000619
AVAXUSDT,1768665600002,0.00006693
AVAXUSDT,1768694400001,0.000059
AVAXUSDT,1768723200000,-0.00015182
AVAXUSDT,1768752000000,-0.0001108
AVAXUSDT,1768780800007,-0.00002658
AVAXUSDT,1768809600007,-0.00013154
AVAXUSDT,1768838400007,-0.00006765
AVAXUSDT,1768867200005,0.00006924
AVAXUSDT,1768896000001,0.00004469
AVAXUSDT,1768924800009,-0.00006301
AVAXUSDT,1768953600001,-0.00010767
AVAXUSDT,1768982400011,-0.00004449
AVAXUSDT,1769011200011,-0.00013232
AVAXUSDT,1769040000010,-0.00016248
AVAXUSDT,1769068800003,-0.00013554
AVAXUSDT,1769097600005,-0.00013209
AVAXUSDT,1769126400005,0.00003615
AVAXUSDT,1769155200000,-0.00005667
AVAXUSDT,1769184000011,-0.00002167
AVAXUSDT,1769212800011,-0.00010217
AVAXUSDT,1769241600002,-0.00009832
AVAXUSDT,1769270400001,-0.00010302
AVAXUSDT,1769299200002,-0.00011989
AVAXUSDT,1769328000011,-0.00002698
AVAXUSDT,1769356800005,0.00001641
AVAXUSDT,1769385600000,-0.00008031
AVAXUSDT,1769414400003,-0.00001959
AVAXUSDT,1769443200000,-0.00006103
AVAXUSDT,1769472000002,-0.000028
AVAXUSDT,1769500800000,-0.00017009
AVAXUSDT,1769529600000,-0.00009695
AVAXUSDT,1769558400000,0.00008299
AVAXUSDT,1769587200000,-0.00010146
AVAXUSDT,1769616000000,-0.00004468
AVAXUSDT,1769644800000,-0.00003268
AVAXUSDT,1769673600009,-0.00010514
AVAXUSDT,1769702400000,-0.00040579
AVAXUSDT,1769731200008,-0.00025243
AVAXUSDT,1769760000000,-0.00010311
AVAXUSDT,1769788800001,-0.00008556
AVAXUSDT,1769817600000,-0.00004705
AVAXUSDT,1769846400001,-0.00018237
AVAXUSDT,1769875200009,-0.00009802
AVAXUSDT,1769904000001,-0.00027652
AVAXUSDT,1769932800004,-0.00002716
AVAXUSDT,1769961600000,-0.00000659
AVAXUSDT,1769990400000,-0.00019592
AVAXUSDT,1770019200014,-0.00008593
AVAXUSDT,1770048000000,-0.00007085
AVAXUSDT,1770076800000,-0.00007997
AVAXUSDT,1770105600007,-0.00020017
AVAXUSDT,1770134400000,-0.00013048
AVAXUSDT,1770163200002,0.00000707
AVAXUSDT,1770192000007,0.00000275
AVAXUSDT,1770220800000,-0.00007374
AVAXUSDT,1770249600011,0.00002379
AVAXUSDT,1770278400000,0.00000864
AVAXUSDT,1770307200007,-0.00004897
AVAXUSDT,1770336000000,-0.00002224
AVAXUSDT,1770364800001,-0.00011395
AVAXUSDT,1770393600000,-0.00010395
AVAXUSDT,1770422400003,-0.00012259
AVAXUSDT,1770451200000,-0.00003046
AVAXUSDT,1770480000010,0.00001478
AVAXUSDT,1770508800003,0.00000817
AVAXUSDT,1770537600000,-0.00002859
AVAXUSDT,1770566400000,-0.00010932
AVAXUSDT,1770595200002,-0.00001527
AVAXUSDT,1770624000001,-0.00005167
AVAXUSDT,1770652800007,-0.0000365
AVAXUSDT,1770681600000,0.000031
AVAXUSDT,1770710400007,-0.00010413
AVAXUSDT,1770739200000,-0.00009657
AVAXUSDT,1770768000000,0.00004151
AVAXUSDT,1770796800006,-0.00020844
AVAXUSDT,1770825600000,-0.00017654
AVAXUSDT,1770854400000,-0.00016221
AVAXUSDT,1770883200001,-0.00002035
AVAXUSDT,1770912000001,-0.00004439
AVAXUSDT,1770940800007,0.00006568
AVAXUSDT,1770969600003,-0.00007825
AVAXUSDT,1770998400005,0.00000244
AVAXUSDT,1771027200002,0.00004457
AVAXUSDT,1771056000004,0.00001984
AVAXUSDT,1771084800002,0.00008281
AVAXUSDT,1771113600000,0.00004932
AVAXUSDT,1771142400002,0.00007451
AVAXUSDT,1771171200000,-0.00005073
AVAXUSDT,1771200000001,-0.00012161
AVAXUSDT,1771228800003,0.00000878
AVAXUSDT,1771257600000,-0.00009667
AVAXUSDT,1771286400008,0.0001
AVAXUSDT,1771315200001,-0.00002604
AVAXUSDT,1771344000002,0.00002971
AVAXUSDT,1771372800000,0.0001
AVAXUSDT,1771401600000,-0.00003168
AVAXUSDT,1771430400011,-0.00000165
AVAXUSDT,1771459200013,-0.00018518
AVAXUSDT,1771488000000,-0.00012315
AVAXUSDT,1771516800003,-0.00020288
AVAXUSDT,1771545600000,0.00007332
AVAXUSDT,1771574400000,0.0001
AVAXUSDT,1771603200000,-0.00001021
AVAXUSDT,1771632000004,0.0001
AVAXUSDT,1771660800000,0.0001
AVAXUSDT,1771689600005,0.0001
AVAXUSDT,1771718400001,-0.00004892
AVAXUSDT,1771747200004,-0.00019539
AVAXUSDT,1771776000000,-0.00008429
AVAXUSDT,1771804800001,-0.00025411
AVAXUSDT,1771833600000,-0.00024751
AVAXUSDT,1771862400000,0.00005861
AVAXUSDT,1771891200007,-0.00007179
AVAXUSDT,1771920000000,-0.0001454
AVAXUSDT,1771948800001,-0.00019095
AVAXUSDT,1771977600001,-0.00005472
AVAXUSDT,1772006400007,-0.00000058
AVAXUSDT,1772035200000,0.0001
AVAXUSDT,1772064000000,0.0001
AVAXUSDT,1772092800006,0.00009521
AVAXUSDT,1772121600002,0.00001331
AVAXUSDT,1772150400007,0.00007697
AVAXUSDT,1772179200000,0.0001
AVAXUSDT,1772208000001,-0.00011331
AVAXUSDT,1772236800000,-0.00011378
AVAXUSDT,1772265600000,-0.00003551
AVAXUSDT,1772294400004,-0.00007364
AVAXUSDT,1772323200005,0.0001
AVAXUSDT,1772352000000,0.0001
AVAXUSDT,1772380800002,0.00007448
AVAXUSDT,1772409600001,0.00000366
AVAXUSDT,1772438400007,0.0001
AVAXUSDT,1772467200000,0.00003843
AVAXUSDT,1772496000000,0.0000209
AVAXUSDT,1772524800000,-0.00003858
AVAXUSDT,1772553600007,-0.00011151
AVAXUSDT,1772582400001,0.0000814
AVAXUSDT,1772611200005,0.00008291
AVAXUSDT,1772640000000,0.0001
AVAXUSDT,1772668800000,0.0001
AVAXUSDT,1772697600000,0.00001206
AVAXUSDT,1772726400004,0.00001535
AVAXUSDT,1772755200001,0.00007637
AVAXUSDT,1772784000001,-0.00006713
AVAXUSDT,1772812800004,-0.00022904
AVAXUSDT,1772841600001,-0.00000955
AVAXUSDT,1772870400012,-0.00006226
AVAXUSDT,1772899200001,-0.00014645
AVAXUSDT,1772928000001,-0.00013545
AVAXUSDT,1772956800000,-0.0001422
AVAXUSDT,1772985600002,0.00002183
AVAXUSDT,1773014400000,-0.00016421
AVAXUSDT,1773043200004,0.0001
AVAXUSDT,1773072000003,0.0001
AVAXUSDT,1773100800012,0.0001
AVAXUSDT,1773129600002,0.0001
AVAXUSDT,1773158400001,0.0001
AVAXUSDT,1773187200000,0.0001
AVAXUSDT,1773216000007,0.00004794
AVAXUSDT,1773244800010,0.00005721
AVAXUSDT,1773273600000,0.00003407
AVAXUSDT,1773302400000,-0.00001745
AVAXUSDT,1773331200000,-0.00004792
AVAXUSDT,1773360000006,0.0001
AVAXUSDT,1773388800001,0.0001
AVAXUSDT,1773417600000,0.00005978
AVAXUSDT,1773446400001,-0.00003892
AVAXUSDT,1773475200000,0.00006986
AVAXUSDT,1773504000007,-0.00017038
AVAXUSDT,1773532800000,-0.00012817
AVAXUSDT,1773561600000,0.0000667
AVAXUSDT,1773590400000,0.0001
AVAXUSDT,1773619200000,0.00006667
AVAXUSDT,1773648000010,0.0001
AVAXUSDT,1773676800000,0.00006928
AVAXUSDT,1773705600000,0.00006745
AVAXUSDT,1773734400002,-0.00009192
AVAXUSDT,1773763200011,-0.00007364
AVAXUSDT,1773792000002,0.0001
AVAXUSDT,1773820800002,0.00000214
AVAXUSDT,1773849600005,-0.00018495
AVAXUSDT,1773878400000,-0.0000521
AVAXUSDT,1773907200003,0.00004224
AVAXUSDT,1773936000003,0.00003639
AVAXUSDT,1773964800002,-0.00006435
AVAXUSDT,1773993600000,0.00005319
AVAXUSDT,1774022400000,0.00007169
AVAXUSDT,1774051200000,-0.00001362
AVAXUSDT,1774080000000,0.0000098
AVAXUSDT,1774108800014,0.0001
AVAXUSDT,1774137600012,0.00005271
AVAXUSDT,1774166400007,-0.00006941
AVAXUSDT,1774195200002,-0.00024677
AVAXUSDT,1774224000000,-0.00001936
AVAXUSDT,1774252800003,0.00004707
AVAXUSDT,1774281600002,0.0001
AVAXUSDT,1774310400000,0.00002947
AVAXUSDT,1774339200000,0.00007594
AVAXUSDT,1774368000003,0.00004978
AVAXUSDT,1774396800000,0.0001
AVAXUSDT,1774425600000,0.0001
AVAXUSDT,1774454400013,0.0001
AVAXUSDT,1774483200001,0.0001
AVAXUSDT,1774512000001,-0.00002701
AVAXUSDT,1774540800000,-0.00003088
AVAXUSDT,1774569600006,-0.00019598
AVAXUSDT,1774598400000,-0.00006933
AVAXUSDT,1774627200000,-0.00009949
AVAXUSDT,1774656000005,-0.00006645
AVAXUSDT,1774684800005,-0.00012344
AVAXUSDT,1774713600000,0.00003463
AVAXUSDT,1774742400003,-0.00000891
AVAXUSDT,1774771200001,0.00001594
AVAXUSDT,1774800000000,-0.00002535
AVAXUSDT,1774828800000,-0.00000278
AVAXUSDT,1774857600005,0.00008233
AVAXUSDT,1774886400000,0.0001
AVAXUSDT,1774915200000,0.0000083
AVAXUSDT,1774944000000,0.00005857
AVAXUSDT,1774972800000,0.00005153
AVAXUSDT,1775001600000,0.00004414
AVAXUSDT,1775030400000,0.0001
AVAXUSDT,1775059200000,0.00005184
AVAXUSDT,1775088000003,-0.00003318
AVAXUSDT,1775116800001,-0.00021589
AVAXUSDT,1775145600001,-0.00007622
AVAXUSDT,1775174400000,-0.00006291
AVAXUSDT,1775203200008,0.0001
AVAXUSDT,1775232000008,0.0001
AVAXUSDT,1775260800000,0.0001
AVAXUSDT,1775289600003,-0.00003734
AVAXUSDT,1775318400000,-0.0000207
AVAXUSDT,1775347200008,0.0001
AVAXUSDT,1775376000000,0.0001
AVAXUSDT,1775404800001,-0.00007541
AVAXUSDT,1775433600004,0.00007568
AVAXUSDT,1775462400001,0.0001
AVAXUSDT,1775491200003,0.0001
AVAXUSDT,1775520000000,0.00002909
AVAXUSDT,1775548800000,-0.00039068
AVAXUSDT,1775577600000,-0.00033297
AVAXUSDT,1775606400000,0.0001
AVAXUSDT,1775635200000,0.0001
AVAXUSDT,1775664000006,0.0001
AVAXUSDT,1775692800000,0.0001
AVAXUSDT,1775721600010,0.0001
AVAXUSDT,1775750400001,0.0001
AVAXUSDT,1775779200000,0.0001
AVAXUSDT,1775808000005,0.00004899
AVAXUSDT,1775836800000,0.00006798
AVAXUSDT,1775865600000,0.00009138
AVAXUSDT,1775894400000,-0.00012922
AVAXUSDT,1775923200003,-0.00006367
AVAXUSDT,1775952000000,0.0001
AVAXUSDT,1775980800000,-0.00010747
AVAXUSDT,1776009600000,-0.00002044
AVAXUSDT,1776038400011,0.00002741
AVAXUSDT,1776067200006,0.00003448
AVAXUSDT,1776096000000,0.00009669
AVAXUSDT,1776124800005,0.0001
AVAXUSDT,1776153600003,0.0001
AVAXUSDT,1776182400001,-0.00002119
AVAXUSDT,1776211200000,-0.0000768
AVAXUSDT,1776240000000,0.00008944
AVAXUSDT,1776268800000,0.0001
AVAXUSDT,1776297600013,0.0001
AVAXUSDT,1776326400000,0.00009049
AVAXUSDT,1776355200000,0.00004125
AVAXUSDT,1776384000001,0.0001
AVAXUSDT,1776412800011,0.00001607
AVAXUSDT,1776441600001,0.0001
AVAXUSDT,1776470400001,0.00002286
AVAXUSDT,1776499200006,0.00000169
AVAXUSDT,1776528000000,-0.00014487
AVAXUSDT,1776556800002,-0.000017
AVAXUSDT,1776585600010,-0.00005152
AVAXUSDT,1776614400001,-0.00006607
AVAXUSDT,1776643200000,-0.00012451
AVAXUSDT,1776672000000,0.00006762
AVAXUSDT,1776700800001,0.00003814
AVAXUSDT,1776729600000,0.0001
AVAXUSDT,1776758400004,0.00005977
AVAXUSDT,1776787200004,0.0001
AVAXUSDT,1776816000004,0.0000763
AVAXUSDT,1776844800000,0.0001
AVAXUSDT,1776873600000,0.00006902
AVAXUSDT,1776902400000,0.00001153
AVAXUSDT,1776931200000,-0.00010462
AVAXUSDT,1776960000004,0.00002475
AVAXUSDT,1776988800006,0.00001636
AVAXUSDT,1777017600000,0.00007408
AVAXUSDT,1777046400000,0.0001
AVAXUSDT,1777075200000,0.0001
AVAXUSDT,1777104000002,0.00009159
AVAXUSDT,1777132800002,0.00007239
AVAXUSDT,1777161600003,-0.00011823
AVAXUSDT,1777190400007,0.00007142
AVAXUSDT,1777219200004,0.0001
AVAXUSDT,1777248000004,0.00004208
AVAXUSDT,1777276800000,-0.00018166
AVAXUSDT,1777305600002,-0.00018323
AVAXUSDT,1777334400001,-0.00001531
AVAXUSDT,1777363200000,0.00003606
AVAXUSDT,1777392000004,0.00003877
AVAXUSDT,1777420800006,0.00000318
AVAXUSDT,1777449600011,0.0001
AVAXUSDT,1777478400003,-0.00003289
AVAXUSDT,1777507200002,-0.00008624
AVAXUSDT,1777536000000,-0.00000442
AVAXUSDT,1777564800000,-0.00001738
AVAXUSDT,1777593600000,0.00005137
AVAXUSDT,1777622400005,-0.00006777
AVAXUSDT,1777651200000,0.0001
AVAXUSDT,1777680000006,-0.0000826
AVAXUSDT,1777708800000,-0.00008057
AVAXUSDT,1777737600010,0.00000087
AVAXUSDT,1777766400005,0.0001
AVAXUSDT,1777795200003,-0.00020803
AVAXUSDT,1777824000000,0.00001803
AVAXUSDT,1777852800000,0.0000646
AVAXUSDT,1777881600000,0.0001
AVAXUSDT,1777910400003,0.00002346
AVAXUSDT,1777939200000,-0.00001253
AVAXUSDT,1777968000011,0.0001
AVAXUSDT,1777996800000,0.0001
AVAXUSDT,1778025600010,0.0001
AVAXUSDT,1778054400000,0.0001
AVAXUSDT,1778083200002,0.0000694
AVAXUSDT,1778112000000,0.0001
AVAXUSDT,1778140800000,0.00009263
AVAXUSDT,1778169600004,-0.00003445
AVAXUSDT,1778198400003,0.00005496
AVAXUSDT,1778227200002,0.0001
AVAXUSDT,1778256000003,0.0001
AVAXUSDT,1778284800000,0.0001
AVAXUSDT,1778313600001,0.00005611
AVAXUSDT,1778342400002,0.00002991
AVAXUSDT,1778371200003,-0.00004902
AVAXUSDT,1778400000000,0.00004454
AVAXUSDT,1778428800000,0.00004816
AVAXUSDT,1778457600000,0.0001
AVAXUSDT,1778486400000,-0.00005202
AVAXUSDT,1778515200000,0.00003243
AVAXUSDT,1778544000002,-0.000021
AVAXUSDT,1778572800008,0.0001
AVAXUSDT,1778601600000,-0.00002342
AVAXUSDT,1778630400010,-0.00005505
AVAXUSDT,1778659200003,0.00009612
AVAXUSDT,1778688000001,-0.00013419
AVAXUSDT,1778716800005,-0.00002688
AVAXUSDT,1778745600000,-0.00003792
AVAXUSDT,1778774400000,0.0001
AVAXUSDT,1778803200000,0.0001
AVAXUSDT,1778832000016,0.00001527
AVAXUSDT,1778860800012,-0.00016242
AVAXUSDT,1778889600005,-0.00004301
AVAXUSDT,1778918400000,-0.00007633
AVAXUSDT,1778947200005,0.00002605
AVAXUSDT,1778976000000,0.0001
AVAXUSDT,1779004800010,0.0001
AVAXUSDT,1779033600009,-0.00008989
AVAXUSDT,1779062400007,-0.00005667
AVAXUSDT,1779091200002,0.00005501
AVAXUSDT,1779120000007,-0.00001157
AVAXUSDT,1779148800001,0.00009745
AVAXUSDT,1779177600001,0.0001
AVAXUSDT,1779206400009,0.00002424
AVAXUSDT,1779235200001,0.00001035
AVAXUSDT,1779264000006,0.00005233
AVAXUSDT,1779292800000,0.00006425
AVAXUSDT,1779321600001,-0.00000061
AVAXUSDT,1779350400000,0.00004028
AVAXUSDT,1779379200000,0.00003077
AVAXUSDT,1779408000000,0.0001
AVAXUSDT,1779436800004,0.00007238
AVAXUSDT,1779465600001,0.00004737
AVAXUSDT,1779494400009,-0.00002318
AVAXUSDT,1779523200001,-0.00005244
AVAXUSDT,1779552000003,0.00002381
AVAXUSDT,1779580800011,0.0001
AVAXUSDT,1779609600008,0.00006205
AVAXUSDT,1779638400000,0.00006201
AVAXUSDT,1779667200001,0.00002502
AVAXUSDT,1779696000001,0.00004003
AVAXUSDT,1779724800001,0.0000839
AVAXUSDT,1779753600000,0.00006044
AVAXUSDT,1779782400003,0.00003224
AVAXUSDT,1779811200000,0.00006058
AVAXUSDT,1779840000000,-0.00001654
AVAXUSDT,1779868800004,-0.00000503
AVAXUSDT,1779897600009,0.00005681
AVAXUSDT,1779926400001,-0.00000184
AVAXUSDT,1779955200000,-0.0001485
AVAXUSDT,1779984000001,-0.00002493
AVAXUSDT,1780012800000,0.00006043
AVAXUSDT,1780041600001,0.0000468
AVAXUSDT,1780070400008,-0.00001396
AVAXUSDT,1780099200000,0.00009824
AVAXUSDT,1780128000001,0.0000836
AVAXUSDT,1780156800000,0.0000296
AVAXUSDT,1780185600000,0.00007014
AVAXUSDT,1780214400000,0.00006444
AVAXUSDT,1780243200004,0.00002459
AVAXUSDT,1780272000001,0.00004056
AVAXUSDT,1780300800001,0.00002493
AVAXUSDT,1780329600000,0.00004694
AVAXUSDT,1780358400000,0.0000994
AVAXUSDT,1780387200000,-0.00001174
AVAXUSDT,1780416000000,-0.00003119
AVAXUSDT,1780444800013,-0.00006428
AVAXUSDT,1780473600000,0.00005429
AVAXUSDT,1780502400001,0.00000673
AVAXUSDT,1780531200009,-0.00000717
AVAXUSDT,1780560000000,0.00002914
AVAXUSDT,1780588800003,-0.00008512
AVAXUSDT,1780617600000,-0.00011165
AVAXUSDT,1780646400004,0.00005674
AVAXUSDT,1780675200009,0.00001337
AVAXUSDT,1780704000000,-0.00007019
AVAXUSDT,1780732800000,-0.00001633
AVAXUSDT,1780761600000,-0.00000581
AVAXUSDT,1780790400001,-0.00001939
AVAXUSDT,1780819200000,-0.00006724
AVAXUSDT,1780848000000,-0.00003857
AVAXUSDT,1780876800000,0.00004957
AVAXUSDT,1780905600005,-0.00005095
AVAXUSDT,1780934400004,-0.00005118
AVAXUSDT,1780963200000,-0.00000292
AVAXUSDT,1780992000000,0.00004599
AVAXUSDT,1781020800001,-0.00015089
AVAXUSDT,1781049600001,0.00006886
AVAXUSDT,1781078400011,-0.00006322
AVAXUSDT,1781107200009,-0.00012197
AVAXUSDT,1781136000000,-0.00001208
AVAXUSDT,1781164800004,0.00003408
AVAXUSDT,1781193600000,-0.00003331
AVAXUSDT,1781222400000,-0.00002958
AVAXUSDT,1781251200000,-0.00002752
AVAXUSDT,1781280000000,-0.00006659
AVAXUSDT,1781308800000,-0.00002719
AVAXUSDT,1781337600007,-0.00002389
AVAXUSDT,1781366400002,0.0000243
AVAXUSDT,1781395200005,-0.0000358
AVAXUSDT,1781424000009,-0.00016329
AVAXUSDT,1781452800000,-0.00010091
AVAXUSDT,1781481600013,0.00003817
AVAXUSDT,1781510400013,0.00000555
AVAXUSDT,1781539200004,0.00000377
AVAXUSDT,1781568000000,0.00000969
AVAXUSDT,1781596800000,-0.00009046
AVAXUSDT,1781625600001,-0.00008016
AVAXUSDT,1781654400012,0.00008835
AVAXUSDT,1781683200000,0.00003452
AVAXUSDT,1781712000000,0.00001078
AVAXUSDT,1781740800002,-0.00015109
AVAXUSDT,1781769600000,-0.00024335
AVAXUSDT,1781798400001,-0.00008523
AVAXUSDT,1781827200005,-0.00013209
AVAXUSDT,1781856000001,-0.0001456
AVAXUSDT,1781884800001,-0.00013193
AVAXUSDT,1781913600001,-0.00018652
AVAXUSDT,1781942400000,-0.00013524
AVAXUSDT,1781971200001,0.00005196
AVAXUSDT,1782000000000,-0.00004411
AVAXUSDT,1782028800000,-0.00008191
AVAXUSDT,1782057600000,-0.00006478
AVAXUSDT,1782086400000,-0.00001466
AVAXUSDT,1782115200000,-0.00001309
AVAXUSDT,1782144000002,0.00001107
AVAXUSDT,1782172800003,-0.0000483
AVAXUSDT,1782201600005,0.00001915
AVAXUSDT,1782230400002,0.0000198
AVAXUSDT,1782259200005,0.00004004
AVAXUSDT,1782288000005,0.0000191
AVAXUSDT,1782316800003,-0.00000643
AVAXUSDT,1782345600000,0.00001855
AVAXUSDT,1782374400000,0.00004556
AVAXUSDT,1782403200000,-0.0001103
AVAXUSDT,1782432000010,0.00000405
AVAXUSDT,1782460800002,0.00001216
AVAXUSDT,1782489600000,0.00000268
AVAXUSDT,1782518400000,0.0001
AVAXUSDT,1782547200000,0.0001
AVAXUSDT,1782576000009,0.00008606
AVAXUSDT,1782604800000,0.00003347
AVAXUSDT,1782633600013,-0.00002078
AVAXUSDT,1782662400000,0.0000232
AVAXUSDT,1782691200006,0.000033
AVAXUSDT,1782720000013,0.00008121
AVAXUSDT,1782748800004,0.00006278
AVAXUSDT,1782777600000,0.00001998
AVAXUSDT,1782806400000,0.00000792
AVAXUSDT,1782835200005,-0.00001017
AVAXUSDT,1782864000000,0.00006871
AVAXUSDT,1782892800000,0.00007856
AVAXUSDT,1782921600000,0.0000503
AVAXUSDT,1782950400000,0.00003433
AVAXUSDT,1782979200000,-0.00000269
AVAXUSDT,1783008000000,0.00001542
AVAXUSDT,1783036800000,-0.00001628
AVAXUSDT,1783065600007,0.0001
AVAXUSDT,1783094400000,0.00003479
AVAXUSDT,1783123200000,0.00009203
AVAXUSDT,1783152000000,0.00001299
AVAXUSDT,1783180800007,0.00003164
AVAXUSDT,1783209600003,0.00009809
AVAXUSDT,1783238400001,-0.00013162
AVAXUSDT,1783267200000,0.0001
AVAXUSDT,1783296000000,0.0001
AVAXUSDT,1783324800000,0.00003928
AVAXUSDT,1783353600000,0.00004857
AVAXUSDT,1783382400000,0.0001
AVAXUSDT,1783411200000,-0.00007396
AVAXUSDT,1783440000000,0.00001896
AVAXUSDT,1783468800000,-0.00000006
AVAXUSDT,1783497600000,-0.00017907
AVAXUSDT,1783526400000,-0.00000409
AVAXUSDT,1783555200000,0.00003293
AVAXUSDT,1783584000001,0.0001
AVAXUSDT,1783612800001,0.0001
AVAXUSDT,1783641600000,0.0001
AVAXUSDT,1783670400005,0.0001
AVAXUSDT,1783699200005,0.00006936
AVAXUSDT,1783728000000,0.00006443
AVAXUSDT,1783756800000,0.00006553
AVAXUSDT,1783785600000,0.0001
AVAXUSDT,1783814400000,0.00005113
AVAXUSDT,1783843200003,-0.00022806
AVAXUSDT,1783872000000,-0.00017763
AVAXUSDT,1783900800000,-0.00006817
AVAXUSDT,1783929600001,-0.00005229
AVAXUSDT,1783958400004,0.00009907
AVAXUSDT,1783987200000,-0.00001621
AVAXUSDT,1784016000002,0.00001541
AVAXUSDT,1784044800001,0.00009621
AVAXUSDT,1784073600005,0.0001
AVAXUSDT,1784102400002,0.00007216
AVAXUSDT,1784131200000,0.00008998
AVAXUSDT,1784160000000,0.00005068
AVAXUSDT,1784188800003,0.00006151
AVAXUSDT,1784217600002,0.00001921
AVAXUSDT,1784246400000,0.00001337
AVAXUSDT,1784275200010,-0.00000726
AVAXUSDT,1784304000004,0.00002583
AVAXUSDT,1784332800000,0.00008536
AVAXUSDT,1784361600000,0.0001
AVAXUSDT,1784390400001,0.00004638
AVAXUSDT,1784419200003,0.00007488
AVAXUSDT,1784448000000,0.00000477
AVAXUSDT,1784476800001,-0.00008493
AVAXUSDT,1784505600000,-0.00011531
AVAXUSDT,1784534400001,0.00003488
AVAXUSDT,1784563200004,0.00005621
AVAXUSDT,1784592000001,0.00009543
AVAXUSDT,1784620800000,0.00008823
AVAXUSDT,1784649600002,0.00000017
AVAXUSDT,1784678400000,-0.00000077
AVAXUSDT,1784707200000,-0.0000867
AVAXUSDT,1784736000001,-0.00000608
AVAXUSDT,1784764800000,0.00009039
AVAXUSDT,1784793600000,-0.00003145
AVAXUSDT,1784822400000,-0.00014286
AVAXUSDT,1784851200000,-0.0001954
AVAXUSDT,1784880000000,-0.00018106
AVAXUSDT,1784908800008,-0.00014244
AVAXUSDT,1784937600002,-0.00005514
AVAXUSDT,1784966400000,0.00001901
AVAXUSDT,1784995200000,0.0001
AVAXUSDT,1785024000000,0.0001
AVAXUSDT,1785052800002,0.0001
AVAXUSDT,1785081600000,0.0001
AVAXUSDT,1785110400010,0.0001
AVAXUSDT,1785139200000,0.00007881
AVAXUSDT,1785168000001,0.00003785
AVAXUSDT,1785196800000,0.000011
AVAXUSDT,1785225600000,-0.00003038
AVAXUSDT,1785254400000,0.00001059
AVAXUSDT,1785283200000,0.00007415
AVAXUSDT,1785312000002,-0.00002301
AVAXUSDT,1785340800000,0.00001236
AVAXUSDT,1785369600000,0.00000003
AVAXUSDT,1785398400000,0.0000623
AVAXUSDT,1785427200000,0.00003127
AVAXUSDT,1785456000003,0.00000831
AVAXUSDT,1785484800000,-0.00005106
AVAXUSDT,1785513600000,0.00003544
