symbol,timestamp_ms,funding_rate
DOTUSDT,1609459200002,0.0001
DOTUSDT,1609488000006,0.00055514
DOTUSDT,1609516800003,0.00129624
DOTUSDT,1609545600000,0.00084984
DOTUSDT,1609574400000,0.00092439
DOTUSDT,1609603200006,0.00077587
DOTUSDT,1609632000018,0.00079653
DOTUSDT,1609660800000,0.00122468
DOTUSDT,1609689600002,0.00148904
DOTUSDT,1609718400000,0.00241123
DOTUSDT,1609747200000,0.00379921
DOTUSDT,1609776000000,0.00061146
DOTUSDT,1609804800020,0.00024563
DOTUSDT,1609833600003,0.00014875
DOTUSDT,1609862400003,0.00027526
DOTUSDT,1609891200010,0.00105056
DOTUSDT,1609920000003,0.00153377
DOTUSDT,1609948800000,0.00243785
DOTUSDT,1609977600007,0.00080525
DOTUSDT,1610006400000,0.0009224
DOTUSDT,1610035200004,0.00138697
DOTUSDT,1610064000000,0.00140284
DOTUSDT,1610092800000,0.00065024
DOTUSDT,1610121600000,0.00127334
DOTUSDT,1610150400009,0.00037282
DOTUSDT,1610179200004,0.00069723
DOTUSDT,1610208000000,0.00133035
DOTUSDT,1610236800000,0.0019423
DOTUSDT,1610265600005,0.00230326
DOTUSDT,1610294400000,0.00060201
DOTUSDT,1610323200000,0.0005686
DOTUSDT,1610352000012,0.0001
DOTUSDT,1610380800000,0.00009787
DOTUSDT,1610409600000,0.00001378
DOTUSDT,1610438400000,0.0001
DOTUSDT,1610467200008,0.0001
DOTUSDT,1610496000001,0.0001
DOTUSDT,1610524800000,0.0001
DOTUSDT,1610553600003,0.0001
DOTUSDT,1610582400000,0.00026647
DOTUSDT,1610611200012,0.00080724
DOTUSDT,1610640000000,0.00058548
DOTUSDT,1610668800002,0.00041799
DOTUSDT,1610697600000,0.0001
DOTUSDT,1610726400004,0.0009926
DOTUSDT,1610755200000,0.0001
DOTUSDT,1610784000008,0.0003421
DOTUSDT,1610812800000,0.00029398
DOTUSDT,1610841600009,0.0001
DOTUSDT,1610870400000,0.0001
DOTUSDT,1610899200001,0.0001
DOTUSDT,1610928000000,0.00012556
DOTUSDT,1610956800004,0.00039191
DOTUSDT,1610985600000,0.00106602
DOTUSDT,1611014400000,0.00104139
DOTUSDT,1611043200005,0.0010705
DOTUSDT,1611072000012,0.00181095
DOTUSDT,1611100800012,0.00016182
DOTUSDT,1611129600001,0.0001655
DOTUSDT,1611158400001,0.0001
DOTUSDT,1611187200000,0.00022117
DOTUSDT,1611216000000,0.00016456
DOTUSDT,1611244800004,0.0001
DOTUSDT,1611273600012,0.0001
DOTUSDT,1611302400003,0.0001
DOTUSDT,1611331200001,0.0001
DOTUSDT,1611360000000,0.0001
DOTUSDT,1611388800002,0.0001
DOTUSDT,1611417600000,0.0001
DOTUSDT,1611446400001,0.00031032
DOTUSDT,1611475200011,0.00041699
DOTUSDT,1611504000005,0.0001
DOTUSDT,1611532800007,0.0001
DOTUSDT,1611561600012,0.00148622
DOTUSDT,1611590400000,0.00119818
DOTUSDT,1611619200007,0.00028202
DOTUSDT,1611648000000,0.00016109
DOTUSDT,1611676800000,0.00019859
DOTUSDT,1611705600000,0.0002814
DOTUSDT,1611734400011,0.00033245
DOTUSDT,1611763200003,0.00023165
DOTUSDT,1611792000000,0.00048999
DOTUSDT,1611820800000,0.00049154
DOTUSDT,1611849600000,0.00030963
DOTUSDT,1611878400009,0.00027462
DOTUSDT,1611907200000,0.00029405
DOTUSDT,1611936000000,0.00192192
DOTUSDT,1611964800000,0.00095852
DOTUSDT,1611993600000,0.0001
DOTUSDT,1612022400000,0.00017254
DOTUSDT,1612051200009,0.00047596
DOTUSDT,1612080000000,0.00077903
DOTUSDT,1612108800000,0.0010553
DOTUSDT,1612137600001,0.00065889
DOTUSDT,1612166400014,0.00083533
DOTUSDT,1612195200000,0.00100222
DOTUSDT,1612224000000,0.0010416
DOTUSDT,1612252800006,0.00101512
DOTUSDT,1612281600000,0.00176769
DOTUSDT,1612310400009,0.00160459
DOTUSDT,1612339200006,0.00184094
DOTUSDT,1612368000006,0.00193145
DOTUSDT,1612396800005,0.00229929
DOTUSDT,1612425600000,0.00252438
DOTUSDT,1612454400011,0.00180062
DOTUSDT,1612483200009,0.00182581
DOTUSDT,1612512000004,0.00239326
DOTUSDT,1612540800000,0.00224702
DOTUSDT,1612569600008,0.00144097
DOTUSDT,1612598400009,0.000922
DOTUSDT,1612627200000,0.00165789
DOTUSDT,1612656000000,0.00163433
DOTUSDT,1612684800005,0.00082637
DOTUSDT,1612713600001,0.00065762
DOTUSDT,1612742400000,0.00070854
DOTUSDT,1612771200001,0.00079235
DOTUSDT,1612800000000,0.00343915
DOTUSDT,1612828800010,0.0025203
DOTUSDT,1612857600006,0.00248115
DOTUSDT,1612886400007,0.00162904
DOTUSDT,1612915200009,0.00117927
DOTUSDT,1612944000014,0.00301917
DOTUSDT,1612972800005,0.00131776
DOTUSDT,1613001600000,0.00088444
DOTUSDT,1613030400000,0.00121009
DOTUSDT,1613059200000,0.0022987
DOTUSDT,1613088000000,0.0018048
DOTUSDT,1613116800000,0.00134348
DOTUSDT,1613145600000,0.002538
DOTUSDT,1613174400001,0.00324315
DOTUSDT,1613203200003,0.00297899
DOTUSDT,1613232000000,0.00120121
DOTUSDT,1613260800013,0.00272745
DOTUSDT,1613289600000,0.00250157
DOTUSDT,1613318400008,0.00285319
DOTUSDT,1613347200000,0.00161388
DOTUSDT,1613376000006,0.00021162
DOTUSDT,1613404800000,0.00074859
DOTUSDT,1613433600001,0.00088078
DOTUSDT,1613462400000,0.00069981
DOTUSDT,1613491200010,0.00095682
DOTUSDT,1613520000005,0.00046741
DOTUSDT,1613548800010,0.00063312
DOTUSDT,1613577600008,0.0017654
DOTUSDT,1613606400012,0.00190488
DOTUSDT,1613635200000,0.00220094
DOTUSDT,1613664000009,0.00172088
DOTUSDT,1613692800010,0.00116436
DOTUSDT,1613721600002,0.00159441
DOTUSDT,1613750400008,0.0023916
DOTUSDT,1613779200000,0.00203547
DOTUSDT,1613808000009,0.00181143
DOTUSDT,1613836800000,0.0028373
DOTUSDT,1613865600007,0.00051352
DOTUSDT,1613894400012,0.00065566
DOTUSDT,1613923200001,0.00124095
DOTUSDT,1613952000006,0.00095858
DOTUSDT,1613980800002,0.00029993
DOTUSDT,1614009600000,0.0001
DOTUSDT,1614038400000,0.00039278
DOTUSDT,1614067200006,0.0001
DOTUSDT,1614096000000,0.0001
DOTUSDT,1614124800012,0.0001
DOTUSDT,1614153600016,0.0001
DOTUSDT,1614182400011,0.0001
DOTUSDT,1614211200007,0.0001
DOTUSDT,1614240000000,0.0001
DOTUSDT,1614268800010,0.0001
DOTUSDT,1614297600000,0.0001
DOTUSDT,1614326400025,0.0001
DOTUSDT,1614355200010,0.0001
DOTUSDT,1614384000001,0.0001
DOTUSDT,1614412800000,0.00017632
DOTUSDT,1614441600000,0.00044359
DOTUSDT,1614470400021,0.0001
DOTUSDT,1614499200009,0.0001
DOTUSDT,1614528000000,0.0001
DOTUSDT,1614556800000,0.0001
DOTUSDT,1614585600003,0.0001
DOTUSDT,1614614400001,0.00029323
DOTUSDT,1614643200000,0.0001
DOTUSDT,1614672000000,0.0001203
DOTUSDT,1614700800004,0.0001
DOTUSDT,1614729600000,0.0001
DOTUSDT,1614758400016,0.0001
DOTUSDT,1614787200000,0.0001
DOTUSDT,1614816000000,0.0001
DOTUSDT,1614844800015,0.0001
DOTUSDT,1614873600001,0.0001
DOTUSDT,1614902400000,0.0002771
DOTUSDT,1614931200002,0.0001
DOTUSDT,1614960000008,0.00036246
DOTUSDT,1614988800000,0.00014598
DOTUSDT,1615017600000,0.00024067
DOTUSDT,1615046400000,0.00047304
DOTUSDT,1615075200006,0.00049984
DOTUSDT,1615104000005,0.00047188
DOTUSDT,1615132800008,0.00086449
DOTUSDT,1615161600000,0.0004003
DOTUSDT,1615190400000,0.00062864
DOTUSDT,1615219200006,0.00073407
DOTUSDT,1615248000000,0.0010866
DOTUSDT,1615276800000,0.00133929
DOTUSDT,1615305600000,0.00181736
DOTUSDT,1615334400009,0.00142349
DOTUSDT,1615363200006,0.00091978
DOTUSDT,1615392000008,0.00139047
DOTUSDT,1615420800000,0.00104836
DOTUSDT,1615449600000,0.00052614
DOTUSDT,1615478400014,0.00089574
DOTUSDT,1615507200002,0.00141001
DOTUSDT,1615536000005,0.00120486
DOTUSDT,1615564800011,0.00041716
DOTUSDT,1615593600000,0.00062196
DOTUSDT,1615622400002,0.00066902
DOTUSDT,1615651200000,0.00156962
DOTUSDT,1615680000011,0.00173585
DOTUSDT,1615708800000,0.0010286
DOTUSDT,1615737600000,0.00124531
DOTUSDT,1615766400012,0.00100447
DOTUSDT,1615795200016,0.00140188
DOTUSDT,1615824000030,0.0001
DOTUSDT,1615852800005,0.00014536
DOTUSDT,1615881600008,0.0001
DOTUSDT,1615910400012,0.00043713
DOTUSDT,1615939200010,0.00058887
DOTUSDT,1615968000000,0.00045958
DOTUSDT,1615996800009,0.00035288
DOTUSDT,1616025600001,0.00057119
DOTUSDT,1616054400000,0.00111357
DOTUSDT,1616083200000,0.00090096
DOTUSDT,1616112000011,0.00047001
DOTUSDT,1616140800001,0.00016968
DOTUSDT,1616169600000,0.00106141
DOTUSDT,1616198400000,0.00114843
DOTUSDT,1616227200000,0.00160342
DOTUSDT,1616256000007,0.00168515
DOTUSDT,1616284800000,0.00107533
DOTUSDT,1616313600000,0.0005022
DOTUSDT,1616342400000,0.00058149
DOTUSDT,1616371200007,0.00084123
DOTUSDT,1616400000001,0.00059267
DOTUSDT,1616428800000,0.00084399
DOTUSDT,1616457600000,0.00053546
DOTUSDT,1616486400010,0.00036825
DOTUSDT,1616515200023,0.00023942
DOTUSDT,1616544000002,0.00022933
DOTUSDT,1616572800000,0.00023732
DOTUSDT,1616601600000,0.00031669
DOTUSDT,1616630400000,0.0001
DOTUSDT,1616659200000,0.0001
DOTUSDT,1616688000000,0.0001
DOTUSDT,1616716800008,0.0001
DOTUSDT,1616745600000,0.0001
DOTUSDT,1616774400012,0.0001
DOTUSDT,1616803200018,0.00015696
DOTUSDT,1616832000000,0.00063543
DOTUSDT,1616860800001,0.00052158
DOTUSDT,1616889600000,0.00040727
DOTUSDT,1616918400000,0.00055815
DOTUSDT,1616947200005,0.00064828
DOTUSDT,1616976000003,0.00035875
DOTUSDT,1617004800000,0.00067724
DOTUSDT,1617033600000,0.00073383
DOTUSDT,1617062400018,0.000627
DOTUSDT,1617091200012,0.00096279
DOTUSDT,1617120000001,0.00094777
DOTUSDT,1617148800000,0.00091032
DOTUSDT,1617177600000,0.00124134
DOTUSDT,1617206400000,0.00105508
DOTUSDT,1617235200025,0.00144318
DOTUSDT,1617264000011,0.00114443
DOTUSDT,1617292800004,0.00096423
DOTUSDT,1617321600000,0.00022301
DOTUSDT,1617350400000,0.00155414
DOTUSDT,1617379200000,0.00172134
DOTUSDT,1617408000003,0.00197081
DOTUSDT,1617436800000,0.00149258
DOTUSDT,1617465600000,0.00191956
DOTUSDT,1617494400000,0.00065183
DOTUSDT,1617523200000,0.00076443
DOTUSDT,1617552000016,0.00065903
DOTUSDT,1617580800000,0.00120285
DOTUSDT,1617609600001,0.00112925
DOTUSDT,1617638400001,0.00164307
DOTUSDT,1617667200010,0.00221893
DOTUSDT,1617696000000,0.00207512
DOTUSDT,1617724800003,0.00161482
DOTUSDT,1617753600000,0.00079277
DOTUSDT,1617782400006,0.00127061
DOTUSDT,1617811200004,0.00077356
DOTUSDT,1617840000013,0.00042661
DOTUSDT,1617868800003,0.00074946
DOTUSDT,1617897600005,0.00102457
DOTUSDT,1617926400000,0.00075028
DOTUSDT,1617955200004,0.00102521
DOTUSDT,1617984000004,0.00092785
DOTUSDT,1618012800011,0.00081185
DOTUSDT,1618041600005,0.00169386
DOTUSDT,1618070400000,0.00171618
DOTUSDT,1618099200004,0.00114388
DOTUSDT,1618128000000,0.00176681
DOTUSDT,1618156800000,0.00202352
DOTUSDT,1618185600001,0.00178411
DOTUSDT,1618214400001,0.00234101
DOTUSDT,1618243200008,0.00151842
DOTUSDT,1618272000003,0.00163066
DOTUSDT,1618300800008,0.00197312
DOTUSDT,1618329600008,0.00345813
DOTUSDT,1618358400008,0.00318822
DOTUSDT,1618387200000,0.0029384
DOTUSDT,1618416000012,0.00111745
DOTUSDT,1618444800006,0.0012181
DOTUSDT,1618473600000,0.00142848
DOTUSDT,1618502400008,0.00203849
DOTUSDT,1618531200008,0.00270792
DOTUSDT,1618560000000,0.00217174
DOTUSDT,1618588800002,0.00183748
DOTUSDT,1618617600008,0.00186619
DOTUSDT,1618646400000,0.00175853
DOTUSDT,1618675200001,0.00225292
DOTUSDT,1618704000006,0.00143082
DOTUSDT,1618732800004,0.0001
DOTUSDT,1618761600000,0.0001
DOTUSDT,1618790400000,0.0001
DOTUSDT,1618819200000,0.0001
DOTUSDT,1618848000009,0.00019125
DOTUSDT,1618876800004,0.00021483
DOTUSDT,1618905600000,0.0001
DOTUSDT,1618934400001,0.00017411
DOTUSDT,1618963200013,0.0001
DOTUSDT,1618992000001,0.00018644
DOTUSDT,1619020800002,0.00010775
DOTUSDT,1619049600000,0.00032843
DOTUSDT,1619078400000,0.00039735
DOTUSDT,1619107200001,0.00037392
DOTUSDT,1619136000002,0.00018104
DOTUSDT,1619164800009,0.0001
DOTUSDT,1619193600001,0.0001
DOTUSDT,1619222400019,0.0001
DOTUSDT,1619251200001,0.0001
DOTUSDT,1619280000011,0.0001
DOTUSDT,1619308800000,0.0001
DOTUSDT,1619337600010,0.00016528
DOTUSDT,1619366400000,0.0001
DOTUSDT,1619395200003,0.0001
DOTUSDT,1619424000002,0.0001
DOTUSDT,1619452800004,0.0001
DOTUSDT,1619481600000,0.0001
DOTUSDT,1619510400000,0.0001
DOTUSDT,1619539200009,0.00045605
DOTUSDT,1619568000000,0.00015104
DOTUSDT,1619596800000,0.00043432
DOTUSDT,1619625600001,0.00049836
DOTUSDT,1619654400004,0.00044561
DOTUSDT,1619683200013,0.00032101
DOTUSDT,1619712000003,0.00039063
DOTUSDT,1619740800004,0.0001
DOTUSDT,1619769600019,0.00046604
DOTUSDT,1619798400003,0.00034616
DOTUSDT,1619827200002,0.00061938
DOTUSDT,1619856000006,0.00067303
DOTUSDT,1619884800000,0.00045826
DOTUSDT,1619913600010,0.00059936
DOTUSDT,1619942400011,0.00035025
DOTUSDT,1619971200007,0.00060092
DOTUSDT,1620000000003,0.00032757
DOTUSDT,1620028800000,0.00061509
DOTUSDT,1620057600043,0.00070986
DOTUSDT,1620086400004,0.00086936
DOTUSDT,1620115200003,0.00015465
DOTUSDT,1620144000011,0.00074161
DOTUSDT,1620172800001,0.00042039
DOTUSDT,1620201600007,0.00079423
DOTUSDT,1620230400001,0.00070474
DOTUSDT,1620259200003,0.00110712
DOTUSDT,1620288000001,0.00119028
DOTUSDT,1620316800000,0.00160615
DOTUSDT,1620345600000,0.00111887
DOTUSDT,1620374400000,0.0009942
DOTUSDT,1620403200001,0.00108201
DOTUSDT,1620432000006,0.00024172
DOTUSDT,1620460800000,0.00063881
DOTUSDT,1620489600000,0.00073782
DOTUSDT,1620518400005,0.00059247
DOTUSDT,1620547200016,0.0003476
DOTUSDT,1620576000000,0.00062852
DOTUSDT,1620604800004,0.00048868
DOTUSDT,1620633600000,0.00047578
DOTUSDT,1620662400013,0.0006179
DOTUSDT,1620691200000,0.0001
DOTUSDT,1620720000000,0.0001
DOTUSDT,1620748800002,0.00025543
DOTUSDT,1620777600004,0.00022867
DOTUSDT,1620806400007,0.00055745
DOTUSDT,1620835200012,0.0004711
DOTUSDT,1620864000016,0.0001
DOTUSDT,1620892800000,0.0001
DOTUSDT,1620921600008,0.00018302
DOTUSDT,1620950400007,0.00022446
DOTUSDT,1620979200001,0.000129
DOTUSDT,1621008000004,0.00052649
DOTUSDT,1621036800022,0.00057798
DOTUSDT,1621065600014,0.00062082
DOTUSDT,1621094400002,0.00041901
DOTUSDT,1621123200000,0.00027853
DOTUSDT,1621152000003,0.00031334
DOTUSDT,1621180800002,0.00047938
DOTUSDT,1621209600005,0.0004022
DOTUSDT,1621238400001,0.000322
DOTUSDT,1621267200000,0.00034084
DOTUSDT,1621296000019,0.0004658
DOTUSDT,1621324800001,0.00017069
DOTUSDT,1621353600006,0.00053579
DOTUSDT,1621382400000,0.00022438
DOTUSDT,1621411200003,0.0003838
DOTUSDT,1621440000018,-0.00059627
DOTUSDT,1621468800005,0.0001
DOTUSDT,1621497600000,0.0001
DOTUSDT,1621526400005,0.0001
DOTUSDT,1621555200000,0.0001
DOTUSDT,1621584000000,0.0001
DOTUSDT,1621612800001,0.0001
DOTUSDT,1621641600001,0.0001
DOTUSDT,1621670400002,0.0001
DOTUSDT,1621699200005,0.0001
DOTUSDT,1621728000006,0.0001
DOTUSDT,1621756800004,0.0001
DOTUSDT,1621785600002,0.0001
DOTUSDT,1621814400007,0.0001
DOTUSDT,1621843200005,0.0001
DOTUSDT,1621872000005,0.0001
DOTUSDT,1621900800000,0.0001
DOTUSDT,1621929600014,0.0001
DOTUSDT,1621958400000,0.0001
DOTUSDT,1621987200022,0.0001
DOTUSDT,1622016000018,0.0001
DOTUSDT,1622044800004,0.0001
DOTUSDT,1622073600000,0.0001
DOTUSDT,1622102400017,0.0001
DOTUSDT,1622131200000,0.0001
DOTUSDT,1622160000005,0.0001
DOTUSDT,1622188800009,0.0001
DOTUSDT,1622217600000,0.0001
DOTUSDT,1622246400006,0.0001
DOTUSDT,1622275200000,0.0001
DOTUSDT,1622304000000,0.0001
DOTUSDT,1622332800003,0.0001
DOTUSDT,1622361600004,0.0001
DOTUSDT,1622390400018,0.0001
DOTUSDT,1622419200002,0.0001
DOTUSDT,1622448000000,0.0001
DOTUSDT,1622476800000,0.0001
DOTUSDT,1622505600001,0.0001
DOTUSDT,1622534400010,0.0001
DOTUSDT,1622563200010,0.0001
DOTUSDT,1622592000008,0.0001
DOTUSDT,1622620800000,-0.00013214
DOTUSDT,1622649600007,-0.00008299
DOTUSDT,1622678400019,-0.00009675
DOTUSDT,1622707200002,-0.00007451
DOTUSDT,1622736000003,0.00007491
DOTUSDT,1622764800003,0.00002222
DOTUSDT,1622793600006,-0.00001209
DOTUSDT,1622822400002,0.00003885
DOTUSDT,1622851200000,-0.0001086
DOTUSDT,1622880000004,-0.00015012
DOTUSDT,1622908800020,0.00005414
DOTUSDT,1622937600000,-0.00000317
DOTUSDT,1622966400004,-0.00004639
DOTUSDT,1622995200000,-0.00002831
DOTUSDT,1623024000007,0.00000348
DOTUSDT,1623052800007,0.0001
DOTUSDT,1623081600003,0.0001
DOTUSDT,1623110400000,0.0001
DOTUSDT,1623139200000,0.0001
DOTUSDT,1623168000002,0.00009969
DOTUSDT,1623196800009,-0.00002693
DOTUSDT,1623225600002,0.00002019
DOTUSDT,1623254400000,-0.00002339
DOTUSDT,1623283200007,0.0001
DOTUSDT,1623312000003,0.0001
DOTUSDT,1623340800000,0.0001
DOTUSDT,1623369600010,0.0001
DOTUSDT,1623398400007,0.0001
DOTUSDT,1623427200006,0.0001
DOTUSDT,1623456000005,0.0001
DOTUSDT,1623484800000,0.0001
DOTUSDT,1623513600018,0.0001
DOTUSDT,1623542400002,0.0001
DOTUSDT,1623571200000,0.0001
DOTUSDT,1623600000003,0.0001
DOTUSDT,1623628800000,0.0001
DOTUSDT,1623657600015,0.0001
DOTUSDT,1623686400000,0.0001
DOTUSDT,1623715200000,0.0001
DOTUSDT,1623744000000,0.0001
DOTUSDT,1623772800004,0.0001
DOTUSDT,1623801600004,0.0001
DOTUSDT,1623830400001,0.0001
DOTUSDT,1623859200000,0.0001
DOTUSDT,1623888000004,0.0001
DOTUSDT,1623916800000,0.0001
DOTUSDT,1623945600002,0.0001
DOTUSDT,1623974400009,0.0001
DOTUSDT,1624003200014,0.0001
DOTUSDT,1624032000007,0.0001
DOTUSDT,1624060800003,0.00004811
DOTUSDT,1624089600001,0.0001
DOTUSDT,1624118400000,0.0001
DOTUSDT,1624147200005,0.0001
DOTUSDT,1624176000000,0.0001
DOTUSDT,1624204800002,0.0001
DOTUSDT,1624233600019,0.00006289
DOTUSDT,1624262400000,0.0001
DOTUSDT,1624291200024,0.00003245
DOTUSDT,1624320000008,0.0001
DOTUSDT,1624348800009,-0.0000432
DOTUSDT,1624377600001,-0.00026002
DOTUSDT,1624406400003,0.00003721
DOTUSDT,1624435200000,-0.00005111
DOTUSDT,1624464000000,0.0001
DOTUSDT,1624492800009,0.0001
DOTUSDT,1624521600018,0.00000513
DOTUSDT,1624550400001,0.00007568
DOTUSDT,1624579200009,-0.00002337
DOTUSDT,1624608000004,0.0001
DOTUSDT,1624636800000,0.0001
DOTUSDT,1624665600007,0.0001
DOTUSDT,1624694400000,0.00002611
DOTUSDT,1624723200002,-0.00004007
DOTUSDT,1624752000005,-0.00001306
DOTUSDT,1624780800010,-0.00007027
DOTUSDT,1624809600001,-0.00003055
DOTUSDT,1624838400025,0.00003915
DOTUSDT,1624867200017,0.0001
DOTUSDT,1624896000007,0.0001
DOTUSDT,1624924800008,0.0001
DOTUSDT,1624953600000,0.0001
DOTUSDT,1624982400000,0.0001
DOTUSDT,1625011200011,0.0001
DOTUSDT,1625040000044,0.0001
DOTUSDT,1625068800005,0.0001
DOTUSDT,1625097600000,0.00009017
DOTUSDT,1625126400004,0.0001
DOTUSDT,1625155200028,0.0001
DOTUSDT,1625184000002,0.00008371
DOTUSDT,1625212800016,-0.000036
DOTUSDT,1625241600007,0.00005072
DOTUSDT,1625270400008,0.00002002
DOTUSDT,1625299200000,0.00002587
DOTUSDT,1625328000004,0.0001
DOTUSDT,1625356800012,0.0001
DOTUSDT,1625385600002,0.0001
DOTUSDT,1625414400003,0.0001
DOTUSDT,1625443200004,0.0001
DOTUSDT,1625472000000,0.0001
DOTUSDT,1625500800009,0.00001402
DOTUSDT,1625529600008,0.000045
DOTUSDT,1625558400019,0.0001
DOTUSDT,1625587200000,0.0001
DOTUSDT,1625616000007,0.0001
DOTUSDT,1625644800001,0.0001
DOTUSDT,1625673600008,0.0001
DOTUSDT,1625702400002,0.0001
DOTUSDT,1625731200010,0.0001
DOTUSDT,1625760000003,0.0001
DOTUSDT,1625788800000,0.0001
DOTUSDT,1625817600006,0.00004754
DOTUSDT,1625846400000,0.0001
DOTUSDT,1625875200002,0.0001
DOTUSDT,1625904000000,0.0001
DOTUSDT,1625932800001,0.0001
DOTUSDT,1625961600001,0.0001
DOTUSDT,1625990400025,0.0001
DOTUSDT,1626019200006,0.0001
DOTUSDT,1626048000000,0.0001
DOTUSDT,1626076800021,0.0001
DOTUSDT,1626105600000,0.0001
DOTUSDT,1626134400000,0.0001
DOTUSDT,1626163200013,0.0001
DOTUSDT,1626192000005,0.0001
DOTUSDT,1626220800000,0.0001
DOTUSDT,1626249600000,-0.00010141
DOTUSDT,1626278400005,-0.00002545
DOTUSDT,1626307200005,0.0001
DOTUSDT,1626336000001,0.0001
DOTUSDT,1626364800000,0.00007562
DOTUSDT,1626393600000,0.0001
DOTUSDT,1626422400000,0.0001
DOTUSDT,1626451200001,0.00007688
DOTUSDT,1626480000004,0.00009806
DOTUSDT,1626508800009,-0.00012979
DOTUSDT,1626537600006,0.00002688
DOTUSDT,1626566400000,0.0001
DOTUSDT,1626595200001,0.00008985
DOTUSDT,1626624000003,0.0001
DOTUSDT,1626652800002,0.0001
DOTUSDT,1626681600006,0.00001941
DOTUSDT,1626710400006,0.00000503
DOTUSDT,1626739200002,-0.00015397
DOTUSDT,1626768000011,-0.00013643
DOTUSDT,1626796800001,-0.00016539
DOTUSDT,1626825600022,-0.00020059
DOTUSDT,1626854400000,-0.00026917
DOTUSDT,1626883200018,-0.0002179
DOTUSDT,1626912000002,-0.00002125
DOTUSDT,1626940800006,-0.00003324
DOTUSDT,1626969600010,-0.00003749
DOTUSDT,1626998400013,0.0000647
DOTUSDT,1627027200000,-0.00001568
DOTUSDT,1627056000005,0.0001
DOTUSDT,1627084800000,0.0001
DOTUSDT,1627113600002,-0.000004
DOTUSDT,1627142400001,0.00007496
DOTUSDT,1627171200003,0.0001
DOTUSDT,1627200000015,0.00006306
DOTUSDT,1627228800000,0.00008747
DOTUSDT,1627257600000,0.00000019
DOTUSDT,1627286400000,0.0001
DOTUSDT,1627315200000,0.0001
DOTUSDT,1627344000046,-0.00001482
DOTUSDT,1627372800014,-0.00000685
DOTUSDT,1627401600007,-0.00011224
DOTUSDT,1627430400000,0.00004288
DOTUSDT,1627459200002,-0.00002706
DOTUSDT,1627488000005,-0.00000386
DOTUSDT,1627516800004,0.00006613
DOTUSDT,1627545600000,0.0001
DOTUSDT,1627574400007,0.0001
DOTUSDT,1627603200004,0.0001
DOTUSDT,1627632000000,0.0001
DOTUSDT,1627660800000,0.0001
DOTUSDT,1627689600000,0.00009803
DOTUSDT,1627718400014,0.00007024
DOTUSDT,1627747200003,0.00001316
DOTUSDT,1627776000005,-0.00013882
DOTUSDT,1627804800016,0.0001
DOTUSDT,1627833600001,0.0001
DOTUSDT,1627862400000,0.0001
DOTUSDT,1627891200014,0.0001
DOTUSDT,1627920000021,0.0001
DOTUSDT,1627948800000,0.0001
DOTUSDT,1627977600000,0.0001
DOTUSDT,1628006400009,0.0001
DOTUSDT,1628035200000,0.0001
DOTUSDT,1628064000000,0.0001
DOTUSDT,1628092800003,0.0001
DOTUSDT,1628121600000,0.0001
DOTUSDT,1628150400000,0.0001
DOTUSDT,1628179200001,0.0001
DOTUSDT,1628208000000,0.0001
DOTUSDT,1628236800004,0.0001
DOTUSDT,1628265600003,0.0001
DOTUSDT,1628294400015,0.0001
DOTUSDT,1628323200001,0.0001
DOTUSDT,1628352000002,0.00013185
DOTUSDT,1628380800000,0.0001
DOTUSDT,1628409600002,0.0001
DOTUSDT,1628438400018,0.00013109
DOTUSDT,1628467200000,0.0001
DOTUSDT,1628496000000,0.0001
DOTUSDT,1628524800002,0.0001
DOTUSDT,1628553600000,0.0001
DOTUSDT,1628582400003,0.0001367
DOTUSDT,1628611200000,0.00017703
DOTUSDT,1628640000006,0.00018029
DOTUSDT,1628668800003,0.00024059
DOTUSDT,1628697600000,0.00046136
DOTUSDT,1628726400013,0.00021754
DOTUSDT,1628755200001,0.00018906
DOTUSDT,1628784000000,0.0001423
DOTUSDT,1628812800000,0.0001
DOTUSDT,1628841600000,0.0001
DOTUSDT,1628870400002,0.00016428
DOTUSDT,1628899200006,0.0001
DOTUSDT,1628928000000,0.00020412
DOTUSDT,1628956800000,0.00030457
DOTUSDT,1628985600003,0.00021574
DOTUSDT,1629014400000,0.00011251
DOTUSDT,1629043200007,0.00021284
DOTUSDT,1629072000012,0.00037381
DOTUSDT,1629100800003,0.00054684
DOTUSDT,1629129600010,0.00069552
DOTUSDT,1629158400018,0.00026059
DOTUSDT,1629187200015,0.00024984
DOTUSDT,1629216000006,0.00018192
DOTUSDT,1629244800000,0.0001
DOTUSDT,1629273600000,0.0001
DOTUSDT,1629302400011,0.0001
DOTUSDT,1629331200000,0.0001
DOTUSDT,1629360000014,0.0001
DOTUSDT,1629388800000,0.0001
DOTUSDT,1629417600000,0.00023302
DOTUSDT,1629446400001,0.00016891
DOTUSDT,1629475200001,0.00031881
DOTUSDT,1629504000005,0.00038327
DOTUSDT,1629532800001,0.00064409
DOTUSDT,1629561600000,0.00038007
DOTUSDT,1629590400005,0.00010531
DOTUSDT,1629619200007,0.00062295
DOTUSDT,1629648000002,0.00049389
DOTUSDT,1629676800003,0.00030945
DOTUSDT,1629705600005,0.00085458
DOTUSDT,1629734400002,0.00085153
DOTUSDT,1629763200006,0.00056136
DOTUSDT,1629792000004,0.00079648
DOTUSDT,1629820800000,0.00038221
DOTUSDT,1629849600015,0.0001
DOTUSDT,1629878400000,0.0001
DOTUSDT,1629907200000,0.0001
DOTUSDT,1629936000001,0.0001
DOTUSDT,1629964800016,0.0001
DOTUSDT,1629993600004,0.0001
DOTUSDT,1630022400013,0.0001
DOTUSDT,1630051200001,0.0001
DOTUSDT,1630080000004,0.0001
DOTUSDT,1630108800000,0.0001
DOTUSDT,1630137600000,0.00029499
DOTUSDT,1630166400000,0.00035453
DOTUSDT,1630195200000,0.00019612
DOTUSDT,1630224000002,0.0001
DOTUSDT,1630252800005,0.00011254
DOTUSDT,1630281600013,0.00014197
DOTUSDT,1630310400008,0.00012931
DOTUSDT,1630339200000,0.00025323
DOTUSDT,1630368000000,0.0002494
DOTUSDT,1630396800007,0.00022929
DOTUSDT,1630425600003,0.00041435
DOTUSDT,1630454400000,0.00023789
DOTUSDT,1630483200006,0.00024128
DOTUSDT,1630512000000,0.00038099
DOTUSDT,1630540800009,0.00022286
DOTUSDT,1630569600006,0.00104196
DOTUSDT,1630598400007,0.00051653
DOTUSDT,1630627200011,0.00037671
DOTUSDT,1630656000000,0.00041397
DOTUSDT,1630684800002,0.00055454
DOTUSDT,1630713600003,0.00024424
DOTUSDT,1630742400008,0.00068248
DOTUSDT,1630771200009,0.00069732
DOTUSDT,1630800000002,0.00045972
DOTUSDT,1630828800002,0.00069776
DOTUSDT,1630857600000,0.00067568
DOTUSDT,1630886400003,0.00071186
DOTUSDT,1630915200008,0.00046106
DOTUSDT,1630944000009,0.00050448
DOTUSDT,1630972800004,0.00056399
DOTUSDT,1631001600002,0.00061595
DOTUSDT,1631030400001,-0.00141418
DOTUSDT,1631059200005,0.0001
DOTUSDT,1631088000000,0.0001
DOTUSDT,1631116800000,0.0001
DOTUSDT,1631145600006,0.0001
DOTUSDT,1631174400014,0.0001
DOTUSDT,1631203200002,0.0001
DOTUSDT,1631232000001,0.0001
DOTUSDT,1631260800018,0.0001
DOTUSDT,1631289600006,0.0001
DOTUSDT,1631318400000,0.0001
DOTUSDT,1631347200001,0.0001
DOTUSDT,1631376000000,0.0001
DOTUSDT,1631404800000,0.0001
DOTUSDT,1631433600002,0.0001
DOTUSDT,1631462400000,0.0001
DOTUSDT,1631491200000,0.0001
DOTUSDT,1631520000007,0.0001
DOTUSDT,1631548800005,0.0001
DOTUSDT,1631577600002,0.0001
DOTUSDT,1631606400000,0.0001
DOTUSDT,1631635200007,0.0001
DOTUSDT,1631664000012,0.0001
DOTUSDT,1631692800003,0.0001
DOTUSDT,1631721600006,0.0001
DOTUSDT,1631750400008,0.0001
DOTUSDT,1631779200005,0.00017365
DOTUSDT,1631808000002,0.00016071
DOTUSDT,1631836800000,0.0001
DOTUSDT,1631865600047,0.0001
DOTUSDT,1631894400013,0.0001
DOTUSDT,1631923200000,0.0001
DOTUSDT,1631952000010,0.0001
DOTUSDT,1631980800005,0.0001
DOTUSDT,1632009600006,0.0001
DOTUSDT,1632038400015,0.0001
DOTUSDT,1632067200007,0.0001
DOTUSDT,1632096000018,0.0001
DOTUSDT,1632124800000,0.0001
DOTUSDT,1632153600005,0.0001
DOTUSDT,1632182400005,0.0001
DOTUSDT,1632211200007,0.0001
DOTUSDT,1632240000000,0.0001
DOTUSDT,1632268800005,0.0001
DOTUSDT,1632297600006,-0.00000741
DOTUSDT,1632326400000,0.00006474
DOTUSDT,1632355200003,0.00000743
DOTUSDT,1632384000000,0.0001
DOTUSDT,1632412800007,0.0001
DOTUSDT,1632441600000,0.0000006
DOTUSDT,1632470400017,0.0001
DOTUSDT,1632499200000,0.0001
DOTUSDT,1632528000007,0.0001
DOTUSDT,1632556800002,0.0001
DOTUSDT,1632585600004,0.0001
DOTUSDT,1632614400013,0.0001
DOTUSDT,1632643200000,0.00007461
DOTUSDT,1632672000005,0.00008825
DOTUSDT,1632700800000,0.0001
DOTUSDT,1632729600001,0.0000722
DOTUSDT,1632758400000,0.0001
DOTUSDT,1632787200000,0.0000528
DOTUSDT,1632816000014,0.0001
DOTUSDT,1632844800000,0.0001
DOTUSDT,1632873600000,0.0001
DOTUSDT,1632902400002,0.00001862
DOTUSDT,1632931200000,0.0001
DOTUSDT,1632960000000,0.0001
DOTUSDT,1632988800004,0.0001
DOTUSDT,1633017600005,0.00008811
DOTUSDT,1633046400012,-0.00000368
DOTUSDT,1633075200008,-0.00004566
DOTUSDT,1633104000000,0.0001
DOTUSDT,1633132800000,0.0001
DOTUSDT,1633161600002,0.0001
DOTUSDT,1633190400011,0.0001
DOTUSDT,1633219200019,0.0001
DOTUSDT,1633248000011,0.0001
DOTUSDT,1633276800004,0.0001
DOTUSDT,1633305600004,0.0001
DOTUSDT,1633334400000,0.0001
DOTUSDT,1633363200000,0.0001
DOTUSDT,1633392000007,0.0001
DOTUSDT,1633420800007,0.0001
DOTUSDT,1633449600004,0.0001
DOTUSDT,1633478400002,0.00013867
DOTUSDT,1633507200000,0.0001
DOTUSDT,1633536000003,0.0001
DOTUSDT,1633564800007,0.00016374
DOTUSDT,1633593600002,0.00021406
DOTUSDT,1633622400000,0.00050073
DOTUSDT,1633651200011,0.00038848
DOTUSDT,1633680000003,0.00028403
DOTUSDT,1633708800002,0.00049493
DOTUSDT,1633737600006,0.00014245
DOTUSDT,1633766400003,0.00024607
DOTUSDT,1633795200000,0.0001
DOTUSDT,1633824000000,0.0001
DOTUSDT,1633852800008,0.00042288
DOTUSDT,1633881600000,0.00027718
DOTUSDT,1633910400002,0.0001
DOTUSDT,1633939200001,0.00029941
DOTUSDT,1633968000006,0.00028085
DOTUSDT,1633996800008,0.0001
DOTUSDT,1634025600013,0.0001
DOTUSDT,1634054400003,0.0001
DOTUSDT,1634083200003,0.0001
DOTUSDT,1634112000015,0.0001
DOTUSDT,1634140800000,0.0001
DOTUSDT,1634169600011,0.0001
DOTUSDT,1634198400017,0.00052961
DOTUSDT,1634227200000,0.00041111
DOTUSDT,1634256000005,0.0001
DOTUSDT,1634284800002,0.00030069
DOTUSDT,1634313600005,0.00027055
DOTUSDT,1634342400009,0.00029308
DOTUSDT,1634371200000,0.0006662
DOTUSDT,1634400000003,0.00020518
DOTUSDT,1634428800001,0.00015517
DOTUSDT,1634457600002,0.00025147
DOTUSDT,1634486400002,0.00063698
DOTUSDT,1634515200006,0.00030273
DOTUSDT,1634544000004,0.00033424
DOTUSDT,1634572800001,0.00043694
DOTUSDT,1634601600002,0.0001
DOTUSDT,1634630400000,0.0001
DOTUSDT,1634659200000,0.00023744
DOTUSDT,1634688000017,0.00020087
DOTUSDT,1634716800004,0.00012599
DOTUSDT,1634745600020,0.00028388
DOTUSDT,1634774400000,0.00043555
DOTUSDT,1634803200000,0.00061345
DOTUSDT,1634832000008,0.00035361
DOTUSDT,1634860800005,0.0001
DOTUSDT,1634889600005,0.00022951
DOTUSDT,1634918400018,0.00018509
DOTUSDT,1634947200005,0.00028825
DOTUSDT,1634976000001,0.0001
DOTUSDT,1635004800004,0.00021738
DOTUSDT,1635033600006,0.00016554
DOTUSDT,1635062400012,0.00038335
DOTUSDT,1635091200001,0.00016053
DOTUSDT,1635120000012,0.0001
DOTUSDT,1635148800002,0.0001
DOTUSDT,1635177600022,0.00029516
DOTUSDT,1635206400005,0.00030913
DOTUSDT,1635235200016,0.00059924
DOTUSDT,1635264000000,0.00036164
DOTUSDT,1635292800004,0.0001
DOTUSDT,1635321600000,0.00038056
DOTUSDT,1635350400002,0.0001
DOTUSDT,1635379200002,0.0001
DOTUSDT,1635408000000,0.0001
DOTUSDT,1635436800005,0.0001
DOTUSDT,1635465600000,0.0001
DOTUSDT,1635494400007,0.00015797
DOTUSDT,1635523200001,0.00030089
DOTUSDT,1635552000000,0.0001
DOTUSDT,1635580800001,0.00031306
DOTUSDT,1635609600013,0.0001418
DOTUSDT,1635638400008,0.00021167
DOTUSDT,1635667200010,0.0005664
DOTUSDT,1635696000001,0.00021743
DOTUSDT,1635724800009,0.0003784
DOTUSDT,1635753600014,0.00032304
DOTUSDT,1635782400001,0.00036302
DOTUSDT,1635811200000,0.00038401
DOTUSDT,1635840000007,0.0005876
DOTUSDT,1635868800010,0.00052402
DOTUSDT,1635897600019,0.00043158
DOTUSDT,1635926400000,0.00064996
DOTUSDT,1635955200005,0.00032382
DOTUSDT,1635984000006,0.00031817
DOTUSDT,1636012800004,0.00030788
DOTUSDT,1636041600004,0.00049355
DOTUSDT,1636070400000,0.00029688
DOTUSDT,1636099200013,0.0004474
DOTUSDT,1636128000016,0.00044579
DOTUSDT,1636156800010,0.00016669
DOTUSDT,1636185600000,0.000358
DOTUSDT,1636214400007,0.00017959
DOTUSDT,1636243200013,0.0001
DOTUSDT,1636272000005,0.00013845
DOTUSDT,1636300800004,0.00015049
DOTUSDT,1636329600001,0.00043098
DOTUSDT,1636358400000,0.00051753
DOTUSDT,1636387200000,0.00048663
DOTUSDT,1636416000000,0.00021588
DOTUSDT,1636444800014,0.0001
DOTUSDT,1636473600001,0.0001
DOTUSDT,1636502400000,0.0001
DOTUSDT,1636531200003,0.00011096
DOTUSDT,1636560000001,0.0001
DOTUSDT,1636588800008,0.00001716
DOTUSDT,1636617600012,0.0001
DOTUSDT,1636646400007,0.0001
DOTUSDT,1636675200000,0.0001
DOTUSDT,1636704000000,0.0001
DOTUSDT,1636732800004,0.0001
DOTUSDT,1636761600000,0.0001
DOTUSDT,1636790400004,0.0001
DOTUSDT,1636819200006,0.0001
DOTUSDT,1636848000010,0.0001
DOTUSDT,1636876800001,0.0001
DOTUSDT,1636905600000,0.0001
DOTUSDT,1636934400008,0.0001
DOTUSDT,1636963200000,0.00014246
DOTUSDT,1636992000000,0.00021398
DOTUSDT,1637020800000,0.00020185
DOTUSDT,1637049600001,0.0001
DOTUSDT,1637078400018,0.0001
DOTUSDT,1637107200005,0.0001
DOTUSDT,1637136000007,0.0001
DOTUSDT,1637164800003,0.0001
DOTUSDT,1637193600017,0.0001
DOTUSDT,1637222400007,0.00004412
DOTUSDT,1637251200011,0.0001
DOTUSDT,1637280000000,0.0001
DOTUSDT,1637308800000,0.0001
DOTUSDT,1637337600005,0.0001
DOTUSDT,1637366400012,-0.00000023
DOTUSDT,1637395200000,-0.00006616
DOTUSDT,1637424000007,0.0001
DOTUSDT,1637452800000,0.0001
DOTUSDT,1637481600006,0.0001
DOTUSDT,1637510400000,0.0001
DOTUSDT,1637539200004,0.0001
DOTUSDT,1637568000000,0.0001
DOTUSDT,1637596800000,0.0001
DOTUSDT,1637625600004,0.0001
DOTUSDT,1637654400010,0.0001
DOTUSDT,1637683200005,0.0001
DOTUSDT,1637712000001,0.0001
DOTUSDT,1637740800003,0.00015418
DOTUSDT,1637769600010,0.00011895
DOTUSDT,1637798400000,0.00024716
DOTUSDT,1637827200010,0.00018842
DOTUSDT,1637856000000,0.00016885
DOTUSDT,1637884800000,0.00032165
DOTUSDT,1637913600000,0.00026328
DOTUSDT,1637942400016,-0.000121
DOTUSDT,1637971200005,-0.00008858
DOTUSDT,1638000000008,-0.0001396
DOTUSDT,1638028800007,-0.00018096
DOTUSDT,1638057600018,-0.00006208
DOTUSDT,1638086400000,-0.00038912
DOTUSDT,1638115200004,-0.00028116
DOTUSDT,1638144000002,-0.00018666
DOTUSDT,1638172800004,-0.00002216
DOTUSDT,1638201600000,-0.0001156
DOTUSDT,1638230400000,-0.00030004
DOTUSDT,1638259200006,0.000051
DOTUSDT,1638288000000,-0.00005863
DOTUSDT,1638316800000,0.00000407
DOTUSDT,1638345600000,0.0001
DOTUSDT,1638374400001,0.0001
DOTUSDT,1638403200000,0.0001
DOTUSDT,1638432000007,0.0001
DOTUSDT,1638460800008,0.0001
DOTUSDT,1638489600004,0.0001
DOTUSDT,1638518400002,0.0001
DOTUSDT,1638547200006,0.0001
DOTUSDT,1638576000006,0.0001
DOTUSDT,1638604800004,-0.00129025
DOTUSDT,1638633600000,-0.00030249
DOTUSDT,1638662400003,-0.00025705
DOTUSDT,1638691200008,0.0001
DOTUSDT,1638720000007,-0.00010088
DOTUSDT,1638748800009,-0.00013924
DOTUSDT,1638777600001,0.00009977
DOTUSDT,1638806400000,0.0000307
DOTUSDT,1638835200018,0.0000072
DOTUSDT,1638864000000,0.00001328
DOTUSDT,1638892800000,-0.0000798
DOTUSDT,1638921600000,0.0001
DOTUSDT,1638950400018,0.00003696
DOTUSDT,1638979200010,0.0001
DOTUSDT,1639008000010,0.00004801
DOTUSDT,1639036800000,0.0001
DOTUSDT,1639065600000,0.00004268
DOTUSDT,1639094400000,-0.00002987
DOTUSDT,1639123200008,0.00009542
DOTUSDT,1639152000012,-0.000016
DOTUSDT,1639180800009,0.00001134
DOTUSDT,1639209600008,-0.00001727
DOTUSDT,1639238400000,0.00004921
DOTUSDT,1639267200001,-0.00001564
DOTUSDT,1639296000015,-0.0000441
DOTUSDT,1639324800011,-0.00013122
DOTUSDT,1639353600006,-0.00006273
DOTUSDT,1639382400019,-0.00002377
DOTUSDT,1639411200000,0.00001333
DOTUSDT,1639440000004,-0.00007844
DOTUSDT,1639468800000,0.00000031
DOTUSDT,1639497600015,-0.00000299
DOTUSDT,1639526400000,-0.00013941
DOTUSDT,1639555200008,0.0001
DOTUSDT,1639584000005,0.00008331
DOTUSDT,1639612800006,-0.00006071
DOTUSDT,1639641600009,0.0001
DOTUSDT,1639670400000,0.0001
DOTUSDT,1639699200000,0.0001
DOTUSDT,1639728000005,0.0001
DOTUSDT,1639756800006,0.0001
DOTUSDT,1639785600014,0.00009017
DOTUSDT,1639814400012,0.0001
DOTUSDT,1639843200000,0.0001
DOTUSDT,1639872000031,0.0001
DOTUSDT,1639900800000,0.0001
DOTUSDT,1639929600003,0.0001
DOTUSDT,1639958400015,0.0001
DOTUSDT,1639987200007,0.0001
DOTUSDT,1640016000005,0.0001
DOTUSDT,1640044800003,0.00007135
DOTUSDT,1640073600012,0.0001
DOTUSDT,1640102400005,0.0000185
DOTUSDT,1640131200000,0.00001901
DOTUSDT,1640160000001,0.00008399
DOTUSDT,1640188800006,-0.00004623
DOTUSDT,1640217600011,0.00000484
DOTUSDT,1640246400000,0.00006338
DOTUSDT,1640275200000,0.00005471
DOTUSDT,1640304000005,-0.00005016
DOTUSDT,1640332800000,0.00005924
DOTUSDT,1640361600011,-0.0000065
DOTUSDT,1640390400000,0.0000968
DOTUSDT,1640419200001,0.0001
DOTUSDT,1640448000005,0.0001
DOTUSDT,1640476800004,-0.00004209
DOTUSDT,1640505600002,0.00009779
DOTUSDT,1640534400000,0.00008893
DOTUSDT,1640563200002,-0.00005155
DOTUSDT,1640592000005,0.0001
DOTUSDT,1640620800000,-0.00013277
DOTUSDT,1640649600000,0.0001
DOTUSDT,1640678400012,0.0001
DOTUSDT,1640707200000,0.0001
DOTUSDT,1640736000006,0.0001
DOTUSDT,1640764800003,0.0001
DOTUSDT,1640793600004,0.0001
DOTUSDT,1640822400003,0.0001
DOTUSDT,1640851200001,-0.00001136
DOTUSDT,1640880000017,-0.0000077
DOTUSDT,1640908800006,0.00002133
DOTUSDT,1640937600009,0.0001
DOTUSDT,1640966400000,0.0001
DOTUSDT,1640995200006,-0.00002529
DOTUSDT,1641024000009,-0.00005319
DOTUSDT,1641052800000,0.0001
DOTUSDT,1641081600028,-0.00023922
DOTUSDT,1641110400000,-0.00004685
DOTUSDT,1641139200000,-0.00023248
DOTUSDT,1641168000010,0.0001
DOTUSDT,1641196800013,0.0001
DOTUSDT,1641225600018,0.00004112
DOTUSDT,1641254400000,0.0001
DOTUSDT,1641283200010,0.0001
DOTUSDT,1641312000002,0.0001
DOTUSDT,1641340800001,0.0001
DOTUSDT,1641369600017,0.0001
DOTUSDT,1641398400000,0.0001
DOTUSDT,1641427200002,-0.00002114
DOTUSDT,1641456000021,-0.00009343
DOTUSDT,1641484800006,0.0000515
DOTUSDT,1641513600005,-0.00010699
DOTUSDT,1641542400000,0.00009949
DOTUSDT,1641571200001,0.0001
DOTUSDT,1641600000014,0.0001
DOTUSDT,1641628800013,0.0001
DOTUSDT,1641657600000,0.0001
DOTUSDT,1641686400003,0.00004448
DOTUSDT,1641715200000,0.0001
DOTUSDT,1641744000000,0.0001
DOTUSDT,1641772800000,-0.00009262
DOTUSDT,1641801600010,-0.00007036
DOTUSDT,1641830400007,-0.00008451
DOTUSDT,1641859200013,-0.0001142
DOTUSDT,1641888000004,-0.00000134
DOTUSDT,1641916800000,0.00003634
DOTUSDT,1641945600012,0.0000227
DOTUSDT,1641974400015,-0.0000842
DOTUSDT,1642003200000,-0.00021342
DOTUSDT,1642032000007,-0.00000738
DOTUSDT,1642060800000,0.0001
DOTUSDT,1642089600014,-0.00001644
DOTUSDT,1642118400000,0.0001
DOTUSDT,1642147200006,0.00005284
DOTUSDT,1642176000014,0.00004567
DOTUSDT,1642204800000,-0.00016124
DOTUSDT,1642233600002,-0.0000098
DOTUSDT,1642262400000,-0.00002409
DOTUSDT,1642291200000,-0.00002969
DOTUSDT,1642320000017,0.00003923
DOTUSDT,1642348800011,-0.00006651
DOTUSDT,1642377600005,-0.00009699
DOTUSDT,1642406400006,-0.00011748
DOTUSDT,1642435200012,-0.00010823
DOTUSDT,1642464000020,-0.00026304
DOTUSDT,1642492800000,-0.00005668
DOTUSDT,1642521600013,0.00000484
DOTUSDT,1642550400001,-0.00017542
DOTUSDT,1642579200000,-0.00005431
DOTUSDT,1642608000000,-0.00014028
DOTUSDT,1642636800015,0.00004779
DOTUSDT,1642665600000,-0.00008776
DOTUSDT,1642694400000,-0.00024493
DOTUSDT,1642723200007,-0.00025528
DOTUSDT,1642752000015,-0.00039526
DOTUSDT,1642780800000,-0.0004677
DOTUSDT,1642809600017,-0.00028599
DOTUSDT,1642838400003,-0.00038598
DOTUSDT,1642867200021,-0.00067985
DOTUSDT,1642896000026,0.0001
DOTUSDT,1642924800010,-0.00005553
DOTUSDT,1642953600009,-0.00025007
DOTUSDT,1642982400010,-0.00000922
DOTUSDT,1643011200000,-0.00013344
DOTUSDT,1643040000021,-0.00005332
DOTUSDT,1643068800000,-0.0002061
DOTUSDT,1643097600000,0.0001
DOTUSDT,1643126400012,-0.00031949
DOTUSDT,1643155200000,-0.00007876
DOTUSDT,1643184000001,-0.00028379
DOTUSDT,1643212800005,-0.00036778
DOTUSDT,1643241600004,-0.00012979
DOTUSDT,1643270400004,-0.00034514
DOTUSDT,1643299200019,-0.00029156
DOTUSDT,1643328000000,-0.00028135
DOTUSDT,1643356800000,-0.00012082
DOTUSDT,1643385600025,-0.00024586
DOTUSDT,1643414400017,-0.00015189
DOTUSDT,1643443200000,-0.00019981
DOTUSDT,1643472000013,-0.00000729
DOTUSDT,1643500800025,-0.0001626
DOTUSDT,1643529600009,-0.00025048
DOTUSDT,1643558400000,-0.00015708
DOTUSDT,1643587200000,-0.00040788
DOTUSDT,1643616000000,-0.00028507
DOTUSDT,1643644800000,-0.0002859
DOTUSDT,1643673600010,-0.00017545
DOTUSDT,1643702400000,-0.00020063
DOTUSDT,1643731200004,-0.00010756
DOTUSDT,1643760000004,-0.00006749
DOTUSDT,1643788800000,-0.00000965
DOTUSDT,1643817600002,-0.00007871
DOTUSDT,1643846400002,-0.00015673
DOTUSDT,1643875200000,-0.00027552
DOTUSDT,1643904000000,-0.00011625
DOTUSDT,1643932800018,-0.0002278
DOTUSDT,1643961600005,-0.00020312
DOTUSDT,1643990400010,-0.00002565
DOTUSDT,1644019200014,-0.00002455
DOTUSDT,1644048000000,-0.0000533
DOTUSDT,1644076800000,0.00004153
DOTUSDT,1644105600000,-0.00003297
DOTUSDT,1644134400000,0.00003759
DOTUSDT,1644163200000,-0.00009141
DOTUSDT,1644192000003,-0.00000693
DOTUSDT,1644220800014,-0.00030072
DOTUSDT,1644249600003,-0.00008982
DOTUSDT,1644278400001,-0.0002214
DOTUSDT,1644307200003,-0.00022916
DOTUSDT,1644336000002,0.00001174
DOTUSDT,1644364800000,-0.00005576
DOTUSDT,1644393600005,-0.00008809
DOTUSDT,1644422400001,-0.00012675
DOTUSDT,1644451200012,-0.00008341
DOTUSDT,1644480000000,-0.00021805
DOTUSDT,1644508800006,-0.00006545
DOTUSDT,1644537600000,0.00000283
DOTUSDT,1644566400009,0.0001
DOTUSDT,1644595200015,-0.0000529
DOTUSDT,1644624000020,-0.00015054
DOTUSDT,1644652800001,-0.00004417
DOTUSDT,1644681600007,0.00000322
DOTUSDT,1644710400022,-0.00010034
DOTUSDT,1644739200001,-0.00012689
DOTUSDT,1644768000007,-0.00010517
DOTUSDT,1644796800005,-0.00007317
DOTUSDT,1644825600013,-0.00006839
DOTUSDT,1644854400019,-0.00010858
DOTUSDT,1644883200012,-0.0000536
DOTUSDT,1644912000005,-0.00024716
DOTUSDT,1644940800011,-0.00016607
DOTUSDT,1644969600009,-0.00006382
DOTUSDT,1644998400001,0.00001635
DOTUSDT,1645027200014,0.00003294
DOTUSDT,1645056000018,-0.0001899
DOTUSDT,1645084800000,0.00008306
DOTUSDT,1645113600010,0.0001
DOTUSDT,1645142400000,-0.00036035
DOTUSDT,1645171200002,-0.00014406
DOTUSDT,1645200000000,-0.00004093
DOTUSDT,1645228800007,-0.00012609
DOTUSDT,1645257600000,-0.00017663
DOTUSDT,1645286400023,-0.00005706
DOTUSDT,1645315200001,-0.00020979
DOTUSDT,1645344000003,-0.00022427
DOTUSDT,1645372800001,-0.00010414
DOTUSDT,1645401600000,-0.00011477
DOTUSDT,1645430400001,-0.00014778
DOTUSDT,1645459200005,-0.00015395
DOTUSDT,1645488000005,-0.00032519
DOTUSDT,1645516800000,-0.0002291
DOTUSDT,1645545600000,-0.00010806
DOTUSDT,1645574400002,-0.00010764
DOTUSDT,1645603200005,-0.00019795
DOTUSDT,1645632000010,-0.00006148
DOTUSDT,1645660800008,-0.00011249
DOTUSDT,1645689600003,-0.00043314
DOTUSDT,1645718400001,-0.00056615
DOTUSDT,1645747200000,0.00001776
DOTUSDT,1645776000006,-0.00020796
DOTUSDT,1645804800001,-0.00025151
DOTUSDT,1645833600004,-0.00023694
DOTUSDT,1645862400004,-0.00003395
DOTUSDT,1645891200007,-0.00000034
DOTUSDT,1645920000012,0.00008421
DOTUSDT,1645948800000,-0.00003106
DOTUSDT,1645977600000,-0.00004534
DOTUSDT,1646006400000,-0.00016427
DOTUSDT,1646035200001,0.00005237
DOTUSDT,1646064000002,-0.00002292
DOTUSDT,1646092800002,-0.00026041
DOTUSDT,1646121600001,0.00002267
DOTUSDT,1646150400000,-0.00002244
DOTUSDT,1646179200000,0.00000877
DOTUSDT,1646208000000,0.00001093
DOTUSDT,1646236800002,-0.00002993
DOTUSDT,1646265600000,-0.00006358
DOTUSDT,1646294400000,0.00002435
DOTUSDT,1646323200005,-0.00009689
DOTUSDT,1646352000018,0.00005546
DOTUSDT,1646380800000,-0.00004447
DOTUSDT,1646409600000,-0.00009282
DOTUSDT,1646438400006,-0.0002464
DOTUSDT,1646467200004,-0.00018062
DOTUSDT,1646496000000,-0.00002578
DOTUSDT,1646524800004,-0.0001002
DOTUSDT,1646553600000,-0.00020241
DOTUSDT,1646582400013,-0.00013212
DOTUSDT,1646611200008,-0.00005505
DOTUSDT,1646640000006,-0.00026973
DOTUSDT,1646668800000,-0.00022995
DOTUSDT,1646697600008,-0.00038677
DOTUSDT,1646726400002,-0.00019615
DOTUSDT,1646755200000,-0.00013148
DOTUSDT,1646784000008,-0.00020252
DOTUSDT,1646812800000,-0.00011174
DOTUSDT,1646841600004,-0.00009782
DOTUSDT,1646870400000,-0.00004699
DOTUSDT,1646899200017,-0.00041348
DOTUSDT,1646928000000,-0.00014512
DOTUSDT,1646956800008,-0.00024971
DOTUSDT,1646985600000,-0.00021684
DOTUSDT,1647014400001,0.00004415
DOTUSDT,1647043200010,-0.00015001
DOTUSDT,1647072000001,-0.0000982
DOTUSDT,1647100800002,-0.00012318
DOTUSDT,1647129600008,0.00000554
DOTUSDT,1647158400000,-0.00010807
DOTUSDT,1647187200002,-0.00003515
DOTUSDT,1647216000014,-0.00013443
DOTUSDT,1647244800005,-0.00013602
DOTUSDT,1647273600002,-0.0000784
DOTUSDT,1647302400008,-0.00026165
DOTUSDT,1647331200000,-0.00016944
DOTUSDT,1647360000006,-0.00011284
DOTUSDT,1647388800013,-0.00011952
DOTUSDT,1647417600000,0.00000958
DOTUSDT,1647446400008,-0.00012974
DOTUSDT,1647475200004,0.00006965
DOTUSDT,1647504000000,0.00000889
DOTUSDT,1647532800004,-0.00001716
DOTUSDT,1647561600000,-0.00001128
DOTUSDT,1647590400000,-0.0000678
DOTUSDT,1647619200017,-0.00004908
DOTUSDT,1647648000008,-0.00003743
DOTUSDT,1647676800015,-0.00015822
DOTUSDT,1647705600000,-0.00006855
DOTUSDT,1647734400000,-0.00001425
DOTUSDT,1647763200001,-0.00010124
DOTUSDT,1647792000002,-0.00004605
DOTUSDT,1647820800013,-0.00027032
DOTUSDT,1647849600004,-0.00013191
DOTUSDT,1647878400010,-0.00019977
DOTUSDT,1647907200012,-0.00010271
DOTUSDT,1647936000001,0.00004593
DOTUSDT,1647964800022,-0.00012771
DOTUSDT,1647993600007,-0.00018009
DOTUSDT,1648022400000,-0.00007847
DOTUSDT,1648051200006,-0.00011068
DOTUSDT,1648080000013,-0.00018395
DOTUSDT,1648108800006,-0.00008418
DOTUSDT,1648137600020,-0.00011053
DOTUSDT,1648166400010,-0.00019271
DOTUSDT,1648195200001,-0.00000022
DOTUSDT,1648224000014,-0.00011068
DOTUSDT,1648252800020,-0.00004514
DOTUSDT,1648281600006,-0.00009044
DOTUSDT,1648310400000,0.00006294
DOTUSDT,1648339200004,-0.00010811
DOTUSDT,1648368000001,-0.00013322
DOTUSDT,1648396800006,-0.00004097
DOTUSDT,1648425600012,-0.00019204
DOTUSDT,1648454400007,0.00005865
DOTUSDT,1648483200000,-0.00003082
DOTUSDT,1648512000000,-0.00003608
DOTUSDT,1648540800015,-0.00012188
DOTUSDT,1648569600000,-0.00012895
DOTUSDT,1648598400000,0.00002851
DOTUSDT,1648627200002,0.00007209
DOTUSDT,1648656000028,0.00000173
DOTUSDT,1648684800017,-0.00010926
DOTUSDT,1648713600000,0.00000792
DOTUSDT,1648742400015,0.00008958
DOTUSDT,1648771200000,-0.00013853
DOTUSDT,1648800000000,0.00001424
DOTUSDT,1648828800018,-0.00007191
DOTUSDT,1648857600000,0.00007539
DOTUSDT,1648886400002,0.00009429
DOTUSDT,1648915200006,0.0001
DOTUSDT,1648944000018,0.00005568
DOTUSDT,1648972800018,0.0001
DOTUSDT,1649001600015,0.0001
DOTUSDT,1649030400006,-0.00007714
DOTUSDT,1649059200000,0.00000936
DOTUSDT,1649088000016,-0.00000403
DOTUSDT,1649116800000,-0.00008509
DOTUSDT,1649145600010,0.00001484
DOTUSDT,1649174400008,-0.00000085
DOTUSDT,1649203200001,-0.00012113
DOTUSDT,1649232000021,-0.00011718
DOTUSDT,1649260800000,-0.00014475
DOTUSDT,1649289600009,-0.00022826
DOTUSDT,1649318400000,-0.00014529
DOTUSDT,1649347200000,-0.00013103
DOTUSDT,1649376000000,-0.00004835
DOTUSDT,1649404800004,-0.00004443
DOTUSDT,1649433600008,-0.00008651
DOTUSDT,1649462400008,-0.00009788
DOTUSDT,1649491200000,-0.0000392
DOTUSDT,1649520000001,-0.00000719
DOTUSDT,1649548800004,0.00007313
DOTUSDT,1649577600007,0.00002703
DOTUSDT,1649606400016,0.00002629
DOTUSDT,1649635200000,-0.00012356
DOTUSDT,1649664000000,-0.00006809
DOTUSDT,1649692800009,-0.00010153
DOTUSDT,1649721600000,-0.00023669
DOTUSDT,1649750400006,-0.00021283
DOTUSDT,1649779200013,-0.0003519
DOTUSDT,1649808000005,-0.00021547
DOTUSDT,1649836800008,-0.00026086
DOTUSDT,1649865600013,-0.00019088
DOTUSDT,1649894400007,-0.00022284
DOTUSDT,1649923200000,-0.00018349
DOTUSDT,1649952000006,-0.00017439
DOTUSDT,1649980800008,-0.00017366
DOTUSDT,1650009600002,-0.00011978
DOTUSDT,1650038400000,-0.00005647
DOTUSDT,1650067200011,-0.0001144
DOTUSDT,1650096000007,-0.00002541
DOTUSDT,1650124800007,-0.00001205
DOTUSDT,1650153600000,-0.00007527
DOTUSDT,1650182400004,0.00007302
DOTUSDT,1650211200000,0.00000864
DOTUSDT,1650240000008,-0.00012169
DOTUSDT,1650268800012,-0.00016147
DOTUSDT,1650297600000,-0.00017117
DOTUSDT,1650326400021,-0.00002328
DOTUSDT,1650355200031,-0.0000322
DOTUSDT,1650384000000,-0.00012723
DOTUSDT,1650412800025,0.00001728
DOTUSDT,1650441600003,-0.00005443
DOTUSDT,1650470400000,0.00002537
DOTUSDT,1650499200000,0.00003702
DOTUSDT,1650528000000,0.00003664
DOTUSDT,1650556800024,0.00006334
DOTUSDT,1650585600008,-0.00007634
DOTUSDT,1650614400008,0.00001515
DOTUSDT,1650643200008,-0.00005231
DOTUSDT,1650672000000,-0.00004555
DOTUSDT,1650700800000,-0.00004919
DOTUSDT,1650729600012,-0.00017228
DOTUSDT,1650758400004,0.00001267
DOTUSDT,1650787200003,-0.00003376
DOTUSDT,1650816000000,-0.00008161
DOTUSDT,1650844800008,-0.00005929
DOTUSDT,1650873600018,-0.00017013
DOTUSDT,1650902400000,-0.00023586
DOTUSDT,1650931200014,-0.00004708
DOTUSDT,1650960000000,-0.00000006
DOTUSDT,1650988800017,-0.00017371
DOTUSDT,1651017600012,-0.00028989
DOTUSDT,1651046400000,-0.00026803
DOTUSDT,1651075200002,-0.00008083
DOTUSDT,1651104000000,-0.00034324
DOTUSDT,1651132800004,-0.0001502
DOTUSDT,1651161600030,-0.00009488
DOTUSDT,1651190400000,-0.00008543
DOTUSDT,1651219200016,-0.0000953
DOTUSDT,1651248000010,-0.00020504
DOTUSDT,1651276800000,-0.00009012
DOTUSDT,1651305600005,0.00003655
DOTUSDT,1651334400015,-0.00008393
DOTUSDT,1651363200000,-0.00017966
DOTUSDT,1651392000000,-0.00046635
DOTUSDT,1651420800010,-0.00040985
DOTUSDT,1651449600018,-0.00038208
DOTUSDT,1651478400007,-0.00032756
DOTUSDT,1651507200000,-0.00018913
DOTUSDT,1651536000006,-0.00004791
DOTUSDT,1651564800000,-0.00016706
DOTUSDT,1651593600021,-0.00006678
DOTUSDT,1651622400007,-0.00013177
DOTUSDT,1651651200011,-0.00017802
DOTUSDT,1651680000000,-0.00007847
DOTUSDT,1651708800005,-0.00003679
DOTUSDT,1651737600019,-0.00005254
DOTUSDT,1651766400005,-0.00012026
DOTUSDT,1651795200005,-0.00027686
DOTUSDT,1651824000001,-0.00029328
DOTUSDT,1651852800010,-0.00008446
DOTUSDT,1651881600004,-0.00008465
DOTUSDT,1651910400016,-0.00012363
DOTUSDT,1651939200011,-0.00010835
DOTUSDT,1651968000000,-0.00017901
DOTUSDT,1651996800007,-0.00006989
DOTUSDT,1652025600015,-0.00004015
DOTUSDT,1652054400000,-0.00002006
DOTUSDT,1652083200001,-0.00016697
DOTUSDT,1652112000000,-0.0004598
DOTUSDT,1652140800000,-0.00007771
DOTUSDT,1652169600007,-0.00010629
DOTUSDT,1652198400008,-0.00009025
DOTUSDT,1652227200004,-0.00018396
DOTUSDT,1652256000007,-0.00023894
DOTUSDT,1652284800008,-0.00149822
DOTUSDT,1652313600014,-0.00064516
DOTUSDT,1652342400000,-0.0010921
DOTUSDT,1652371200007,-0.0004706
DOTUSDT,1652400000014,-0.00038928
DOTUSDT,1652428800001,-0.00025856
DOTUSDT,1652457600000,-0.00000924
DOTUSDT,1652486400000,-0.00012128
DOTUSDT,1652515200000,-0.00015575
DOTUSDT,1652544000001,-0.00006703
DOTUSDT,1652572800000,-0.00015523
DOTUSDT,1652601600000,-0.00021883
DOTUSDT,1652630400000,-0.00021014
DOTUSDT,1652659200021,-0.00013826
DOTUSDT,1652688000013,-0.00013569
DOTUSDT,1652716800006,-0.0001889
DOTUSDT,1652745600000,-0.00024899
DOTUSDT,1652774400010,-0.00017262
DOTUSDT,1652803200023,-0.00010267
DOTUSDT,1652832000003,-0.0001158
DOTUSDT,1652860800024,-0.00011441
DOTUSDT,1652889600014,-0.0001792
DOTUSDT,1652918400000,-0.00013224
DOTUSDT,1652947200008,-0.00024081
DOTUSDT,1652976000015,-0.00011194
DOTUSDT,1653004800001,-0.00009709
DOTUSDT,1653033600003,-0.00016315
DOTUSDT,1653062400012,-0.00021403
DOTUSDT,1653091200008,-0.00015527
DOTUSDT,1653120000001,-0.00021516
DOTUSDT,1653148800007,-0.00018958
DOTUSDT,1653177600003,-0.00013554
DOTUSDT,1653206400016,-0.00018401
DOTUSDT,1653235200000,-0.0001296
DOTUSDT,1653264000011,-0.00020029
DOTUSDT,1653292800000,-0.00011356
DOTUSDT,1653321600023,-0.00020042
DOTUSDT,1653350400011,-0.00016212
DOTUSDT,1653379200000,-0.00017466
DOTUSDT,1653408000009,-0.00027353
DOTUSDT,1653436800001,-0.0001303
DOTUSDT,1653465600000,-0.00019057
DOTUSDT,1653494400015,-0.00017725
DOTUSDT,1653523200005,-0.00016774
DOTUSDT,1653552000001,-0.00029262
DOTUSDT,1653580800000,-0.00036638
DOTUSDT,1653609600007,-0.00034496
DOTUSDT,1653638400008,-0.00034143
DOTUSDT,1653667200000,-0.00024567
DOTUSDT,1653696000018,-0.00030359
DOTUSDT,1653724800016,-0.0003301
DOTUSDT,1653753600013,-0.00024067
DOTUSDT,1653782400000,-0.00026784
DOTUSDT,1653811200025,-0.00016016
DOTUSDT,1653840000002,-0.00019799
DOTUSDT,1653868800000,-0.00015638
DOTUSDT,1653897600013,-0.00003018
DOTUSDT,1653926400005,-0.00000284
DOTUSDT,1653955200016,0.00001282
DOTUSDT,1653984000000,-0.00008437
DOTUSDT,1654012800000,0.00003296
DOTUSDT,1654041600000,-0.00007864
DOTUSDT,1654070400011,-0.0000094
DOTUSDT,1654099200000,-0.00000884
DOTUSDT,1654128000000,-0.00017292
DOTUSDT,1654156800006,-0.0001919
DOTUSDT,1654185600021,-0.00020105
DOTUSDT,1654214400016,-0.00025369
DOTUSDT,1654243200016,-0.00012111
DOTUSDT,1654272000012,-0.00011835
DOTUSDT,1654300800005,-0.00018695
DOTUSDT,1654329600000,-0.00016655
DOTUSDT,1654358400007,-0.00021362
DOTUSDT,1654387200005,-0.00012881
DOTUSDT,1654416000015,-0.00020148
DOTUSDT,1654444800000,-0.00022675
DOTUSDT,1654473600000,-0.00018259
DOTUSDT,1654502400017,-0.00004469
DOTUSDT,1654531200000,-0.00003675
DOTUSDT,1654560000000,-0.00013852
DOTUSDT,1654588800011,-0.00031096
DOTUSDT,1654617600000,-0.00034554
DOTUSDT,1654646400008,-0.00039753
DOTUSDT,1654675200020,-0.00041065
DOTUSDT,1654704000012,-0.00039413
DOTUSDT,1654732800000,-0.00033566
DOTUSDT,1654761600000,-0.00028884
DOTUSDT,1654790400000,-0.00019781
DOTUSDT,1654819200009,-0.00018567
DOTUSDT,1654848000000,-0.00018167
DOTUSDT,1654876800006,-0.00046842
DOTUSDT,1654905600018,-0.00034274
DOTUSDT,1654934400014,-0.0002148
DOTUSDT,1654963200000,-0.00031355
DOTUSDT,1654992000015,-0.00032867
DOTUSDT,1655020800019,-0.00037109
DOTUSDT,1655049600010,-0.00045121
DOTUSDT,1655078400009,-0.00032155
DOTUSDT,1655107200000,-0.00110713
DOTUSDT,1655136000007,-0.00087252
DOTUSDT,1655164800013,-0.00090078
DOTUSDT,1655193600008,-0.00074151
DOTUSDT,1655222400006,-0.00058046
DOTUSDT,1655251200000,-0.0006027
DOTUSDT,1655280000016,-0.00047115
DOTUSDT,1655308800008,-0.00039803
DOTUSDT,1655337600009,-0.00040015
DOTUSDT,1655366400016,-0.00018812
DOTUSDT,1655395200000,-0.00051678
DOTUSDT,1655424000008,-0.00041804
DOTUSDT,1655452800003,-0.0005128
DOTUSDT,1655481600000,-0.000567
DOTUSDT,1655510400020,-0.00043612
DOTUSDT,1655539200025,-0.00066344
DOTUSDT,1655568000014,-0.00084521
DOTUSDT,1655596800012,-0.00070397
DOTUSDT,1655625600012,-0.00063841
DOTUSDT,1655654400008,-0.00056007
DOTUSDT,1655683200016,-0.00041757
DOTUSDT,1655712000000,-0.00069389
DOTUSDT,1655740800013,-0.00015144
DOTUSDT,1655769600012,-0.00029832
DOTUSDT,1655798400018,-0.00030513
DOTUSDT,1655827200010,-0.0001967
DOTUSDT,1655856000000,-0.00029948
DOTUSDT,1655884800001,-0.00026853
DOTUSDT,1655913600012,-0.00021006
DOTUSDT,1655942400000,-0.00015711
DOTUSDT,1655971200000,-0.00023458
DOTUSDT,1656000000016,-0.00021871
DOTUSDT,1656028800005,-0.00020948
DOTUSDT,1656057600004,-0.00023576
DOTUSDT,1656086400018,-0.00009628
DOTUSDT,1656115200001,-0.00026634
DOTUSDT,1656144000010,-0.00017133
DOTUSDT,1656172800000,-0.00017937
DOTUSDT,1656201600002,-0.00025073
DOTUSDT,1656230400016,-0.00008628
DOTUSDT,1656259200006,-0.00013197
DOTUSDT,1656288000008,-0.00015515
DOTUSDT,1656316800000,-0.00027532
DOTUSDT,1656345600016,-0.00033552
DOTUSDT,1656374400016,-0.00028767
DOTUSDT,1656403200001,-0.00031369
DOTUSDT,1656432000005,-0.0001388
DOTUSDT,1656460800000,-0.00033676
DOTUSDT,1656489600013,-0.00011394
DOTUSDT,1656518400000,-0.00016405
DOTUSDT,1656547200000,-0.00021068
DOTUSDT,1656576000000,-0.0001642
DOTUSDT,1656604800000,-0.00027844
DOTUSDT,1656633600001,-0.00029774
DOTUSDT,1656662400017,-0.00020488
DOTUSDT,1656691200005,-0.00021129
DOTUSDT,1656720000000,-0.00024682
DOTUSDT,1656748800000,-0.00034927
DOTUSDT,1656777600008,-0.00026263
DOTUSDT,1656806400015,-0.00038029
DOTUSDT,1656835200004,-0.00037676
DOTUSDT,1656864000005,-0.00028276
DOTUSDT,1656892800021,-0.00024628
DOTUSDT,1656921600001,-0.00028521
DOTUSDT,1656950400000,-0.00026286
DOTUSDT,1656979200000,-0.00014819
DOTUSDT,1657008000000,-0.00015847
DOTUSDT,1657036800015,-0.00040508
DOTUSDT,1657065600006,-0.00027969
DOTUSDT,1657094400000,-0.00022253
DOTUSDT,1657123200000,-0.00016323
DOTUSDT,1657152000010,-0.0000808
DOTUSDT,1657180800010,-0.00004851
DOTUSDT,1657209600011,-0.00011481
DOTUSDT,1657238400008,-0.00013834
DOTUSDT,1657267200009,-0.00006964
DOTUSDT,1657296000000,-0.00024841
DOTUSDT,1657324800000,-0.00024853
DOTUSDT,1657353600000,-0.00011457
DOTUSDT,1657382400009,-0.00002568
DOTUSDT,1657411200001,-0.00002517
DOTUSDT,1657440000002,-0.00018879
DOTUSDT,1657468800001,-0.00019416
DOTUSDT,1657497600000,-0.00024915
DOTUSDT,1657526400003,-0.00022317
DOTUSDT,1657555200001,-0.00025434
DOTUSDT,1657584000000,-0.00041353
DOTUSDT,1657612800021,-0.00004232
DOTUSDT,1657641600000,-0.0002823
DOTUSDT,1657670400012,-0.00017465
DOTUSDT,1657699200022,-0.00016759
DOTUSDT,1657728000005,-0.00037442
DOTUSDT,1657756800017,-0.00015528
DOTUSDT,1657785600001,-0.00035585
DOTUSDT,1657814400000,-0.00024489
DOTUSDT,1657843200004,-0.00011628
DOTUSDT,1657872000019,-0.0000958
DOTUSDT,1657900800017,-0.00006276
DOTUSDT,1657929600021,0.00004123
DOTUSDT,1657958400014,-0.00001203
DOTUSDT,1657987200005,-0.000255
DOTUSDT,1658016000000,-0.00000303
DOTUSDT,1658044800003,0.00004529
DOTUSDT,1658073600007,-0.0000399
DOTUSDT,1658102400001,-0.00008543
DOTUSDT,1658131200004,-0.00008019
DOTUSDT,1658160000019,-0.00012058
DOTUSDT,1658188800000,-0.00017457
DOTUSDT,1658217600000,-0.00019188
DOTUSDT,1658246400001,-0.00025569
DOTUSDT,1658275200004,-0.00028189
DOTUSDT,1658304000000,-0.00013005
DOTUSDT,1658332800003,-0.00030008
DOTUSDT,1658361600000,-0.00022877
DOTUSDT,1658390400018,-0.00018571
DOTUSDT,1658419200011,0.00007784
DOTUSDT,1658448000014,-0.0000491
DOTUSDT,1658476800000,-0.0000783
DOTUSDT,1658505600000,-0.00008756
DOTUSDT,1658534400004,-0.00015735
DOTUSDT,1658563200002,-0.00010385
DOTUSDT,1658592000001,-0.00012988
DOTUSDT,1658620800000,-0.00018586
DOTUSDT,1658649600011,-0.00007448
DOTUSDT,1658678400000,-0.00012295
DOTUSDT,1658707200000,0.0000686
DOTUSDT,1658736000014,-0.00026452
DOTUSDT,1658764800006,-0.00012934
DOTUSDT,1658793600010,-0.00033398
DOTUSDT,1658822400000,-0.00028038
DOTUSDT,1658851200000,-0.00039031
DOTUSDT,1658880000008,-0.0004784
DOTUSDT,1658908800000,-0.00048646
DOTUSDT,1658937600003,-0.00028047
DOTUSDT,1658966400009,-0.00024609
DOTUSDT,1658995200008,0.00008548
DOTUSDT,1659024000013,-0.00009038
DOTUSDT,1659052800000,-0.00012502
DOTUSDT,1659081600000,0.00001213
DOTUSDT,1659110400000,0.00003359
DOTUSDT,1659139200005,-0.00002436
DOTUSDT,1659168000009,0.00000139
DOTUSDT,1659196800000,-0.00014051
DOTUSDT,1659225600022,0.00005492
DOTUSDT,1659254400011,-0.0001528
DOTUSDT,1659283200019,-0.00010002
DOTUSDT,1659312000010,0.0001
DOTUSDT,1659340800019,0.00005917
DOTUSDT,1659369600017,-0.00009258
DOTUSDT,1659398400000,-0.00019014
DOTUSDT,1659427200007,-0.00043438
DOTUSDT,1659456000014,-0.00036668
DOTUSDT,1659484800001,-0.00054197
DOTUSDT,1659513600020,-0.00011274
DOTUSDT,1659542400008,-0.00009566
DOTUSDT,1659571200001,-0.00010582
DOTUSDT,1659600000009,-0.0002107
DOTUSDT,1659628800015,-0.00018991
DOTUSDT,1659657600005,-0.00020941
DOTUSDT,1659686400000,-0.00015411
DOTUSDT,1659715200000,-0.00024315
DOTUSDT,1659744000021,-0.00002818
DOTUSDT,1659772800000,-0.00012366
DOTUSDT,1659801600015,-0.00013519
DOTUSDT,1659830400013,-0.00001098
DOTUSDT,1659859200000,-0.00017355
DOTUSDT,1659888000014,-0.00015595
DOTUSDT,1659916800009,-0.00022532
DOTUSDT,1659945600006,-0.00019948
DOTUSDT,1659974400000,0.00001158
DOTUSDT,1660003200020,0.00000881
DOTUSDT,1660032000000,-0.00021194
DOTUSDT,1660060800000,-0.00024643
DOTUSDT,1660089600000,-0.00014515
DOTUSDT,1660118400016,-0.00029822
DOTUSDT,1660147200018,0.0001
DOTUSDT,1660176000012,0.00000537
DOTUSDT,1660204800000,-0.00014172
DOTUSDT,1660233600000,-0.00014469
DOTUSDT,1660262400006,-0.00021383
DOTUSDT,1660291200000,-0.00014482
DOTUSDT,1660320000005,0.00000046
DOTUSDT,1660348800012,-0.00013128
DOTUSDT,1660377600006,0.00007484
DOTUSDT,1660406400018,0.0000959
DOTUSDT,1660435200000,-0.00015556
DOTUSDT,1660464000000,-0.00009361
DOTUSDT,1660492800000,-0.00039026
DOTUSDT,1660521600010,-0.00037237
DOTUSDT,1660550400002,-0.00020479
DOTUSDT,1660579200010,-0.00016467
DOTUSDT,1660608000010,-0.00020755
DOTUSDT,1660636800002,-0.00009284
DOTUSDT,1660665600000,-0.00021052
DOTUSDT,1660694400020,-0.00012775
DOTUSDT,1660723200016,-0.00005681
DOTUSDT,1660752000001,-0.0000945
DOTUSDT,1660780800005,-0.00026343
DOTUSDT,1660809600012,-0.0001285
DOTUSDT,1660838400013,-0.00011189
DOTUSDT,1660867200000,-0.00032994
DOTUSDT,1660896000000,-0.00037668
DOTUSDT,1660924800009,-0.00028745
DOTUSDT,1660953600000,-0.00035091
DOTUSDT,1660982400005,-0.00035649
DOTUSDT,1661011200000,-0.00024569
DOTUSDT,1661040000010,-0.00040104
DOTUSDT,1661068800013,-0.0003847
DOTUSDT,1661097600000,-0.00037405
DOTUSDT,1661126400011,-0.00041071
DOTUSDT,1661155200005,-0.00024668
DOTUSDT,1661184000005,-0.00013488
DOTUSDT,1661212800000,-0.00022989
DOTUSDT,1661241600021,-0.00026188
DOTUSDT,1661270400005,-0.0001651
DOTUSDT,1661299200017,-0.00017719
DOTUSDT,1661328000021,-0.00018795
DOTUSDT,1661356800000,-0.00013058
DOTUSDT,1661385600003,-0.00021594
DOTUSDT,1661414400000,-0.0001502
DOTUSDT,1661443200004,-0.00024986
DOTUSDT,1661472000001,-0.00007742
DOTUSDT,1661500800004,-0.00014397
DOTUSDT,1661529600000,-0.0002315
DOTUSDT,1661558400010,-0.00026077
DOTUSDT,1661587200007,-0.0003683
DOTUSDT,1661616000008,-0.000241
DOTUSDT,1661644800019,-0.00028417
DOTUSDT,1661673600000,-0.00024164
DOTUSDT,1661702400000,-0.00021529
DOTUSDT,1661731200000,-0.00027963
DOTUSDT,1661760000000,-0.000183
DOTUSDT,1661788800001,-0.00023975
DOTUSDT,1661817600001,-0.00021357
DOTUSDT,1661846400005,-0.00021643
DOTUSDT,1661875200010,-0.00015325
DOTUSDT,1661904000000,-0.00009277
DOTUSDT,1661932800005,0.00001687
DOTUSDT,1661961600013,-0.00010085
DOTUSDT,1661990400012,-0.00018952
DOTUSDT,1662019200000,-0.0001979
DOTUSDT,1662048000013,-0.00024129
DOTUSDT,1662076800002,-0.00008025
DOTUSDT,1662105600013,-0.00001512
DOTUSDT,1662134400000,-0.00002096
DOTUSDT,1662163200000,-0.0000005
DOTUSDT,1662192000002,-0.00008623
DOTUSDT,1662220800007,-0.00003413
DOTUSDT,1662249600008,0.00002679
DOTUSDT,1662278400009,-0.00005264
DOTUSDT,1662307200000,-0.00009437
DOTUSDT,1662336000015,-0.00005247
DOTUSDT,1662364800013,0.0001
DOTUSDT,1662393600007,0.00004426
DOTUSDT,1662422400018,-0.00018989
DOTUSDT,1662451200020,0.00000319
DOTUSDT,1662480000028,0.00001722
DOTUSDT,1662508800013,-0.00031728
DOTUSDT,1662537600022,-0.00015976
DOTUSDT,1662566400021,-0.00005958
DOTUSDT,1662595200010,0.00001185
DOTUSDT,1662624000000,0.00000017
DOTUSDT,1662652800003,-0.00011774
DOTUSDT,1662681600011,0.00008908
DOTUSDT,1662710400000,0.00000324
DOTUSDT,1662739200000,0.00005323
DOTUSDT,1662768000003,0.00003971
DOTUSDT,1662796800000,-0.00000766
DOTUSDT,1662825600012,0.00002996
DOTUSDT,1662854400009,-0.00000667
DOTUSDT,1662883200012,0.00004103
DOTUSDT,1662912000005,-0.0000424
DOTUSDT,1662940800007,-0.00008119
DOTUSDT,1662969600013,-0.00002459
DOTUSDT,1662998400000,-0.00003328
DOTUSDT,1663027200004,-0.00013909
DOTUSDT,1663056000000,-0.00002541
DOTUSDT,1663084800000,-0.00016008
DOTUSDT,1663113600000,-0.0002826
DOTUSDT,1663142400000,-0.00007421
DOTUSDT,1663171200000,-0.00017203
DOTUSDT,1663200000019,-0.00009197
DOTUSDT,1663228800012,-0.00027739
DOTUSDT,1663257600007,-0.00031053
DOTUSDT,1663286400000,-0.0001217
DOTUSDT,1663315200000,-0.00004447
DOTUSDT,1663344000000,-0.00022912
DOTUSDT,1663372800000,-0.00008315
DOTUSDT,1663401600012,-0.00020069
DOTUSDT,1663430400017,-0.00011332
DOTUSDT,1663459200000,-0.00001492
DOTUSDT,1663488000004,-0.00000264
DOTUSDT,1663516800000,-0.00003551
DOTUSDT,1663545600018,-0.00015905
DOTUSDT,1663574400006,-0.00004315
DOTUSDT,1663603200010,-0.00017672
DOTUSDT,1663632000007,-0.00017507
DOTUSDT,1663660800001,-0.00003849
DOTUSDT,1663689600000,-0.0002277
DOTUSDT,1663718400001,-0.00009925
DOTUSDT,1663747200005,-0.00019848
DOTUSDT,1663776000000,-0.00003895
DOTUSDT,1663804800000,-0.00051785
DOTUSDT,1663833600000,-0.00004436
DOTUSDT,1663862400011,-0.00000779
DOTUSDT,1663891200023,-0.00006764
DOTUSDT,1663920000004,0.00006108
DOTUSDT,1663948800005,-0.00009755
DOTUSDT,1663977600000,-0.00021394
DOTUSDT,1664006400005,-0.00003948
DOTUSDT,1664035200000,-0.00013299
DOTUSDT,1664064000010,-0.00027246
DOTUSDT,1664092800000,-0.00015381
DOTUSDT,1664121600003,-0.00023681
DOTUSDT,1664150400001,-0.00021842
DOTUSDT,1664179200006,-0.00010218
DOTUSDT,1664208000000,0.00001769
DOTUSDT,1664236800026,0.00009548
DOTUSDT,1664265600004,-0.00007952
DOTUSDT,1664294400006,0.00000028
DOTUSDT,1664323200011,-0.00018771
DOTUSDT,1664352000000,-0.00019576
DOTUSDT,1664380800000,-0.00011461
DOTUSDT,1664409600010,-0.00008279
DOTUSDT,1664438400000,-0.00007281
DOTUSDT,1664467200000,0.00002262
DOTUSDT,1664496000006,-0.00004096
DOTUSDT,1664524800002,-0.00002615
DOTUSDT,1664553600007,-0.00005436
DOTUSDT,1664582400008,-0.00009243
DOTUSDT,1664611200011,-0.00001627
DOTUSDT,1664640000000,-0.00004433
DOTUSDT,1664668800000,-0.00003651
DOTUSDT,1664697600000,0.00001271
DOTUSDT,1664726400006,-0.00010266
DOTUSDT,1664755200000,-0.00016919
DOTUSDT,1664784000014,-0.00012337
DOTUSDT,1664812800010,-0.00004427
DOTUSDT,1664841600006,0.0000232
DOTUSDT,1664870400004,0.00002956
DOTUSDT,1664899200013,0.00002245
DOTUSDT,1664928000000,0.00008285
DOTUSDT,1664956800000,-0.000024
DOTUSDT,1664985600012,-0.00013676
DOTUSDT,1665014400008,0.00002794
DOTUSDT,1665043200002,-0.00004493
DOTUSDT,1665072000006,-0.00005483
DOTUSDT,1665100800000,-0.00018201
DOTUSDT,1665129600000,-0.00007423
DOTUSDT,1665158400007,-0.00014534
DOTUSDT,1665187200010,-0.00011435
DOTUSDT,1665216000004,0.00006553
DOTUSDT,1665244800018,-0.0000305
DOTUSDT,1665273600000,-0.0000627
DOTUSDT,1665302400007,-0.00004204
DOTUSDT,1665331200011,0.0000472
DOTUSDT,1665360000018,0.0001
DOTUSDT,1665388800000,0.00001581
DOTUSDT,1665417600026,-0.00010122
DOTUSDT,1665446400020,-0.000065
DOTUSDT,1665475200027,-0.00014443
DOTUSDT,1665504000000,-0.00008956
DOTUSDT,1665532800014,-0.00008746
DOTUSDT,1665561600000,-0.00007164
DOTUSDT,1665590400000,-0.00000634
DOTUSDT,1665619200013,-0.00017798
DOTUSDT,1665648000016,-0.00027686
DOTUSDT,1665676800009,-0.00033764
DOTUSDT,1665705600020,-0.00023363
DOTUSDT,1665734400000,-0.00002778
DOTUSDT,1665763200009,0.0000401
DOTUSDT,1665792000001,-0.00016393
DOTUSDT,1665820800005,-0.00013875
DOTUSDT,1665849600004,0.00000938
DOTUSDT,1665878400012,-0.00003585
DOTUSDT,1665907200000,0.00000692
DOTUSDT,1665936000010,-0.00007519
DOTUSDT,1665964800012,-0.00001575
DOTUSDT,1665993600010,-0.00002516
DOTUSDT,1666022400017,-0.0000392
DOTUSDT,1666051200010,-0.00001833
DOTUSDT,1666080000008,-0.00002167
DOTUSDT,1666108800000,-0.00006458
DOTUSDT,1666137600007,-0.00004216
DOTUSDT,1666166400022,0.00000333
DOTUSDT,1666195200016,-0.00025373
DOTUSDT,1666224000000,-0.00009915
DOTUSDT,1666252800013,0.00006337
DOTUSDT,1666281600000,-0.0001034
DOTUSDT,1666310400005,-0.00041919
DOTUSDT,1666339200018,-0.00028151
DOTUSDT,1666368000000,-0.00013121
DOTUSDT,1666396800000,-0.00015119
DOTUSDT,1666425600015,-0.00015632
DOTUSDT,1666454400000,-0.0001435
DOTUSDT,1666483200025,-0.00019962
DOTUSDT,1666512000000,0.00000715
DOTUSDT,1666540800004,-0.00017877
DOTUSDT,1666569600009,-0.00007066
DOTUSDT,1666598400012,-0.00016336
DOTUSDT,1666627200002,-0.00019262
DOTUSDT,1666656000013,-0.00008725
DOTUSDT,1666684800013,-0.00014452
DOTUSDT,1666713600000,-0.00009285
DOTUSDT,1666742400006,0.0001
DOTUSDT,1666771200013,0.000036
DOTUSDT,1666800000000,-0.00000733
DOTUSDT,1666828800009,-0.0000054
DOTUSDT,1666857600006,0.00005568
DOTUSDT,1666886400009,-0.00006462
DOTUSDT,1666915200000,-0.00006119
DOTUSDT,1666944000000,0.00002824
DOTUSDT,1666972800007,-0.00009557
DOTUSDT,1667001600000,-0.00005077
DOTUSDT,1667030400003,0.00000042
DOTUSDT,1667059200010,0.00001244
DOTUSDT,1667088000000,-0.00000578
DOTUSDT,1667116800013,0.00007349
DOTUSDT,1667145600009,-0.00010761
DOTUSDT,1667174400012,0.00003028
DOTUSDT,1667203200000,-0.00000849
DOTUSDT,1667232000010,0.0000189
DOTUSDT,1667260800000,-0.0001031
DOTUSDT,1667289600000,-0.00000154
DOTUSDT,1667318400000,-0.00005282
DOTUSDT,1667347200000,-0.00002483
DOTUSDT,1667376000000,-0.00000197
DOTUSDT,1667404800019,-0.00000135
DOTUSDT,1667433600011,-0.00020732
DOTUSDT,1667462400016,-0.00018487
DOTUSDT,1667491200005,-0.00008538
DOTUSDT,1667520000000,-0.00005625
DOTUSDT,1667548800004,0.0001
DOTUSDT,1667577600020,0.0000395
DOTUSDT,1667606400009,-0.00003891
DOTUSDT,1667635200007,-0.00002742
DOTUSDT,1667664000018,-0.00004163
DOTUSDT,1667692800009,0.00002996
DOTUSDT,1667721600000,0.00000982
DOTUSDT,1667750400010,-0.00003465
DOTUSDT,1667779200012,-0.00007726
DOTUSDT,1667808000014,-0.000105
DOTUSDT,1667836800006,0.00003643
DOTUSDT,1667865600000,0.0001
DOTUSDT,1667894400001,-0.00021743
DOTUSDT,1667923200005,-0.00016538
DOTUSDT,1667952000000,-0.00102151
DOTUSDT,1667980800013,-0.00072523
DOTUSDT,1668009600004,-0.00016882
DOTUSDT,1668038400006,-0.00041658
DOTUSDT,1668067200000,-0.00031809
DOTUSDT,1668096000015,-0.000587
DOTUSDT,1668124800000,-0.00003525
DOTUSDT,1668153600015,0.00002499
DOTUSDT,1668182400027,-0.00034534
DOTUSDT,1668211200007,-0.00031702
DOTUSDT,1668240000016,-0.00017985
DOTUSDT,1668268800000,-0.00007778
DOTUSDT,1668297600004,-0.00011509
DOTUSDT,1668326400000,0.00007291
DOTUSDT,1668355200017,-0.00011028
DOTUSDT,1668384000000,0.00002227
DOTUSDT,1668412800000,-0.00000697
DOTUSDT,1668441600000,-0.00005273
DOTUSDT,1668470400014,-0.00012336
DOTUSDT,1668499200009,0.0001
DOTUSDT,1668528000010,0.00002487
DOTUSDT,1668556800011,0.00000742
DOTUSDT,1668585600004,-0.00004688
DOTUSDT,1668614400008,-0.00005809
DOTUSDT,1668643200000,-0.00009971
DOTUSDT,1668672000000,-0.00015214
DOTUSDT,1668700800006,-0.00003109
DOTUSDT,1668729600004,0.00004903
DOTUSDT,1668758400016,-0.00006682
DOTUSDT,1668787200000,-0.00024102
DOTUSDT,1668816000000,-0.0002193
DOTUSDT,1668844800004,-0.00007679
DOTUSDT,1668873600024,-0.00016693
DOTUSDT,1668902400015,-0.00014673
DOTUSDT,1668931200004,-0.00008737
DOTUSDT,1668960000000,-0.00007767
DOTUSDT,1668988800006,-0.00024736
DOTUSDT,1669017600015,-0.00016998
DOTUSDT,1669046400000,-0.0002641
DOTUSDT,1669075200000,-0.00000802
DOTUSDT,1669104000000,0.00002978
DOTUSDT,1669132800000,-0.00043037
DOTUSDT,1669161600000,0.00006701
DOTUSDT,1669190400011,-0.00000573
DOTUSDT,1669219200014,0.0000274
DOTUSDT,1669248000007,-0.00011384
DOTUSDT,1669276800014,-0.00076165
DOTUSDT,1669305600013,0.00001914
DOTUSDT,1669334400004,-0.00019848
DOTUSDT,1669363200015,-0.00045636
DOTUSDT,1669392000000,-0.00042581
DOTUSDT,1669420800011,-0.00024155
DOTUSDT,1669449600000,-0.00047946
DOTUSDT,1669478400000,-0.00014245
DOTUSDT,1669507200012,-0.00015068
DOTUSDT,1669536000000,-0.00014643
DOTUSDT,1669564800003,-0.00026088
DOTUSDT,1669593600015,-0.00024637
DOTUSDT,1669622400004,-0.00057759
DOTUSDT,1669651200011,-0.00040277
DOTUSDT,1669680000000,-0.00013186
DOTUSDT,1669708800015,-0.00004652
DOTUSDT,1669737600000,-0.00007416
DOTUSDT,1669766400007,0.00003642
DOTUSDT,1669795200000,-0.00020285
DOTUSDT,1669824000015,-0.00007995
DOTUSDT,1669852800001,-0.00021141
DOTUSDT,1669881600006,0.0001
DOTUSDT,1669910400000,0.00009992
DOTUSDT,1669939200001,-0.00004857
DOTUSDT,1669968000016,0.00004738
DOTUSDT,1669996800017,-0.00016052
DOTUSDT,1670025600006,0.00003872
DOTUSDT,1670054400000,-0.000075
DOTUSDT,1670083200011,-0.00007776
DOTUSDT,1670112000006,-0.00017474
DOTUSDT,1670140800000,-0.00008998
DOTUSDT,1670169600006,-0.00001325
DOTUSDT,1670198400002,-0.00032224
DOTUSDT,1670227200011,0.0000081
DOTUSDT,1670256000008,0.0001
DOTUSDT,1670284800014,-0.00018665
DOTUSDT,1670313600027,-0.00006823
DOTUSDT,1670342400009,-0.00010411
DOTUSDT,1670371200000,0.0001
DOTUSDT,1670400000000,0.00006517
DOTUSDT,1670428800000,0.00004764
DOTUSDT,1670457600006,0.00002108
DOTUSDT,1670486400000,0.0001
DOTUSDT,1670515200014,-0.00012889
DOTUSDT,1670544000017,-0.00005791
DOTUSDT,1670572800005,0.0001
DOTUSDT,1670601600000,0.0000998
DOTUSDT,1670630400009,-0.000392
DOTUSDT,1670659200010,0.0001
DOTUSDT,1670688000001,0.00003778
DOTUSDT,1670716800011,0.00007668
DOTUSDT,1670745600007,0.00005003
DOTUSDT,1670774400011,0.0001
DOTUSDT,1670803200000,-0.00005936
DOTUSDT,1670832000004,-0.00009773
DOTUSDT,1670860800000,0.00005046
DOTUSDT,1670889600000,0.0001
DOTUSDT,1670918400018,0.0001
DOTUSDT,1670947200011,0.00007004
DOTUSDT,1670976000010,0.0001
DOTUSDT,1671004800015,0.0001
DOTUSDT,1671033600004,0.0001
DOTUSDT,1671062400000,0.0001
DOTUSDT,1671091200023,0.00000727
DOTUSDT,1671120000010,0.0001
DOTUSDT,1671148800016,0.0001
DOTUSDT,1671177600011,0.0000961
DOTUSDT,1671206400001,-0.00007324
DOTUSDT,1671235200001,-0.00011689
DOTUSDT,1671264000011,-0.00020025
DOTUSDT,1671292800011,-0.00030785
DOTUSDT,1671321600008,-0.00028708
DOTUSDT,1671350400001,-0.00013344
DOTUSDT,1671379200012,-0.00013769
DOTUSDT,1671408000000,-0.00021095
DOTUSDT,1671436800000,-0.00007323
DOTUSDT,1671465600000,-0.00001402
DOTUSDT,1671494400005,-0.00016242
DOTUSDT,1671523200016,0.00004304
DOTUSDT,1671552000000,-0.00007292
DOTUSDT,1671580800007,0.00009362
DOTUSDT,1671609600012,-0.00005935
DOTUSDT,1671638400017,-0.00012551
DOTUSDT,1671667200004,-0.00016149
DOTUSDT,1671696000000,-0.00020639
DOTUSDT,1671724800001,-0.00007907
DOTUSDT,1671753600018,0.0001
DOTUSDT,1671782400000,-0.00000414
DOTUSDT,1671811200000,0.00004416
DOTUSDT,1671840000001,-0.00001485
DOTUSDT,1671868800007,-0.00001622
DOTUSDT,1671897600008,-0.00000165
DOTUSDT,1671926400000,0.00000935
DOTUSDT,1671955200013,0.00004898
DOTUSDT,1671984000000,0.00003264
DOTUSDT,1672012800001,0.0001
DOTUSDT,1672041600000,0.00001681
DOTUSDT,1672070400005,-0.00014086
DOTUSDT,1672099200005,-0.0000924
DOTUSDT,1672128000010,-0.00002898
DOTUSDT,1672156800006,-0.00011529
DOTUSDT,1672185600010,0.0001
DOTUSDT,1672214400010,-0.00011514
DOTUSDT,1672243200010,0.00009587
DOTUSDT,1672272000011,0.0001
DOTUSDT,1672300800000,-0.00000961
DOTUSDT,1672329600008,-0.00000695
DOTUSDT,1672358400000,0.0000299
DOTUSDT,1672387200000,0.00004609
DOTUSDT,1672416000000,0.00004232
DOTUSDT,1672444800014,0.0000909
DOTUSDT,1672473600000,0.00001285
DOTUSDT,1672502400000,0.00002776
DOTUSDT,1672531200000,0.0001
DOTUSDT,1672560000008,0.00003478
DOTUSDT,1672588800000,0.00007672
DOTUSDT,1672617600000,0.00003135
DOTUSDT,1672646400008,-0.00012157
DOTUSDT,1672675200015,-0.00011637
DOTUSDT,1672704000003,-0.00004948
DOTUSDT,1672732800018,-0.00003327
DOTUSDT,1672761600000,-0.00002347
DOTUSDT,1672790400000,-0.00002881
DOTUSDT,1672819200016,0.00006376
DOTUSDT,1672848000011,0.00008366
DOTUSDT,1672876800009,-0.00005062
DOTUSDT,1672905600011,0.0001
DOTUSDT,1672934400000,0.0001
DOTUSDT,1672963200005,0.0001
DOTUSDT,1672992000001,0.0001
DOTUSDT,1673020800000,0.0001
DOTUSDT,1673049600006,0.0001
DOTUSDT,1673078400017,0.0001
DOTUSDT,1673107200000,0.00001944
DOTUSDT,1673136000015,0.00009551
DOTUSDT,1673164800000,0.00004648
DOTUSDT,1673193600010,0.0001
DOTUSDT,1673222400003,0.00008228
DOTUSDT,1673251200000,0.00007824
DOTUSDT,1673280000006,0.0001
DOTUSDT,1673308800003,0.0001
DOTUSDT,1673337600021,0.0001
DOTUSDT,1673366400000,0.0001
DOTUSDT,1673395200011,0.0001
DOTUSDT,1673424000006,0.00008459
DOTUSDT,1673452800004,0.00009637
DOTUSDT,1673481600000,0.0001
DOTUSDT,1673510400000,0.0001
DOTUSDT,1673539200000,0.00004642
DOTUSDT,1673568000004,0.0001
DOTUSDT,1673596800000,0.0001
DOTUSDT,1673625600018,0.00003198
DOTUSDT,1673654400000,0.0001
DOTUSDT,1673683200001,0.0001
DOTUSDT,1673712000000,0.0001
DOTUSDT,1673740800010,0.0001
DOTUSDT,1673769600002,0.0001
DOTUSDT,1673798400000,0.0001
DOTUSDT,1673827200010,0.0001
DOTUSDT,1673856000007,0.0001
DOTUSDT,1673884800000,0.0001
DOTUSDT,1673913600004,0.0001
DOTUSDT,1673942400005,0.0001
DOTUSDT,1673971200001,0.0001
DOTUSDT,1674000000008,0.0001
DOTUSDT,1674028800009,0.0001
DOTUSDT,1674057600017,0.0001
DOTUSDT,1674086400000,0.00006777
DOTUSDT,1674115200015,0.0001
DOTUSDT,1674144000012,0.0001
DOTUSDT,1674172800000,-0.00000362
DOTUSDT,1674201600000,0.0001
DOTUSDT,1674230400000,0.0001
DOTUSDT,1674259200013,0.0001
DOTUSDT,1674288000001,0.0001
DOTUSDT,1674316800016,0.0001
DOTUSDT,1674345600000,0.0001
DOTUSDT,1674374400000,0.0001
DOTUSDT,1674403200023,0.0001
DOTUSDT,1674432000014,0.0001
DOTUSDT,1674460800014,0.0001
DOTUSDT,1674489600016,-0.00026011
DOTUSDT,1674518400008,-0.00041491
DOTUSDT,1674547200008,0.0001
DOTUSDT,1674576000000,0.0001
DOTUSDT,1674604800012,-0.00021231
DOTUSDT,1674633600000,-0.00018553
DOTUSDT,1674662400010,0.00001908
DOTUSDT,1674691200010,0.00002455
DOTUSDT,1674720000003,0.00008608
DOTUSDT,1674748800020,-0.00002489
DOTUSDT,1674777600008,0.0001
DOTUSDT,1674806400000,0.0001
DOTUSDT,1674835200000,0.0001
DOTUSDT,1674864000009,0.0000478
DOTUSDT,1674892800018,0.00004439
DOTUSDT,1674921600005,0.00002235
DOTUSDT,1674950400011,-0.00009966
DOTUSDT,1674979200000,-0.00007228
DOTUSDT,1675008000008,0.0001
DOTUSDT,1675036800001,0.0001
DOTUSDT,1675065600000,0.0001
DOTUSDT,1675094400000,-0.00007887
DOTUSDT,1675123200005,-0.00016751
DOTUSDT,1675152000000,0.00004461
DOTUSDT,1675180800007,-0.00004434
DOTUSDT,1675209600013,-0.00004865
DOTUSDT,1675238400000,-0.00005949
DOTUSDT,1675267200012,-0.00004815
DOTUSDT,1675296000004,-0.00000187
DOTUSDT,1675324800023,0.0001
DOTUSDT,1675353600003,0.0001
DOTUSDT,1675382400010,0.0001
DOTUSDT,1675411200000,0.0001
DOTUSDT,1675440000000,-0.00008063
DOTUSDT,1675468800010,0.0001
DOTUSDT,1675497600000,0.0001
DOTUSDT,1675526400000,0.0001
DOTUSDT,1675555200016,-0.00000181
DOTUSDT,1675584000009,0.00001333
DOTUSDT,1675612800018,0.0001
DOTUSDT,1675641600001,0.00001314
DOTUSDT,1675670400000,0.0001
DOTUSDT,1675699200012,0.0001
DOTUSDT,1675728000004,-0.0000738
DOTUSDT,1675756800011,-0.00007799
DOTUSDT,1675785600018,0.00006496
DOTUSDT,1675814400009,0.0001
DOTUSDT,1675843200010,0.0001
DOTUSDT,1675872000000,0.0001
DOTUSDT,1675900800014,-0.00005501
DOTUSDT,1675929600006,0.0001
DOTUSDT,1675958400001,0.0001
DOTUSDT,1675987200012,-0.00011021
DOTUSDT,1676016000005,-0.00010783
DOTUSDT,1676044800020,-0.00014137
DOTUSDT,1676073600007,0.00001991
DOTUSDT,1676102400002,-0.00005146
DOTUSDT,1676131200021,-0.00007671
DOTUSDT,1676160000004,-0.00011227
DOTUSDT,1676188800000,-0.00004175
DOTUSDT,1676217600002,-0.00003302
DOTUSDT,1676246400006,-0.00022525
DOTUSDT,1676275200008,-0.00014426
DOTUSDT,1676304000002,0.0001
DOTUSDT,1676332800013,-0.00004385
DOTUSDT,1676361600014,0.0001
DOTUSDT,1676390400016,0.00007672
DOTUSDT,1676419200011,0.0001
DOTUSDT,1676448000000,-0.00000007
DOTUSDT,1676476800005,0.00003418
DOTUSDT,1676505600019,0.0001
DOTUSDT,1676534400000,0.0001
DOTUSDT,1676563200001,0.0001
DOTUSDT,1676592000003,0.00002243
DOTUSDT,1676620800016,0.0001
DOTUSDT,1676649600000,0.0001
DOTUSDT,1676678400011,0.0001
DOTUSDT,1676707200000,0.00010636
DOTUSDT,1676736000007,0.0001
DOTUSDT,1676764800019,0.0001
DOTUSDT,1676793600005,0.0001
DOTUSDT,1676822400003,0.0001
DOTUSDT,1676851200006,0.0001
DOTUSDT,1676880000008,0.0001
DOTUSDT,1676908800006,0.0001
DOTUSDT,1676937600001,0.0001
DOTUSDT,1676966400004,0.0001
DOTUSDT,1676995200011,0.0001
DOTUSDT,1677024000009,0.0001
DOTUSDT,1677052800010,0.0001
DOTUSDT,1677081600000,0.0001
DOTUSDT,1677110400006,0.0001
DOTUSDT,1677139200005,0.0001
DOTUSDT,1677168000002,0.0001
DOTUSDT,1677196800015,0.0001
DOTUSDT,1677225600011,0.0001
DOTUSDT,1677254400014,0.0001
DOTUSDT,1677283200015,-0.00004902
DOTUSDT,1677312000015,0.0001
DOTUSDT,1677340800015,0.0001
DOTUSDT,1677369600007,-0.00003941
DOTUSDT,1677398400012,-0.00004699
DOTUSDT,1677427200000,-0.00008465
DOTUSDT,1677456000011,-0.00010544
DOTUSDT,1677484800003,0.00000995
DOTUSDT,1677513600000,-0.0000307
DOTUSDT,1677542400011,-0.0000494
DOTUSDT,1677571200018,0.00002517
DOTUSDT,1677600000005,0.0001
DOTUSDT,1677628800016,-0.00003446
DOTUSDT,1677657600000,0.0001
DOTUSDT,1677686400008,0.0001
DOTUSDT,1677715200009,0.0001
DOTUSDT,1677744000013,0.0001
DOTUSDT,1677772800000,0.0001
DOTUSDT,1677801600000,0.0001
DOTUSDT,1677830400013,-0.00030776
DOTUSDT,1677859200000,-0.00005454
DOTUSDT,1677888000001,0.0001
DOTUSDT,1677916800008,0.00006411
DOTUSDT,1677945600012,-0.00003633
DOTUSDT,1677974400000,-0.00009851
DOTUSDT,1678003200000,0.00004341
DOTUSDT,1678032000015,-0.00009691
DOTUSDT,1678060800007,-0.00000664
DOTUSDT,1678089600017,0.00000413
DOTUSDT,1678118400000,0.00005521
DOTUSDT,1678147200009,0.00006537
DOTUSDT,1678176000016,0.00004634
DOTUSDT,1678204800017,-0.00011761
DOTUSDT,1678233600000,0.0001
DOTUSDT,1678262400014,0.00007219
DOTUSDT,1678291200021,-0.0000786
DOTUSDT,1678320000010,-0.00009431
DOTUSDT,1678348800013,0.00003665
DOTUSDT,1678377600002,-0.00007448
DOTUSDT,1678406400000,-0.00046983
DOTUSDT,1678435200000,-0.00005799
DOTUSDT,1678464000005,-0.0001535
DOTUSDT,1678492800011,-0.00006528
DOTUSDT,1678521600003,0.0001
DOTUSDT,1678550400011,-0.00019462
DOTUSDT,1678579200001,-0.00007443
DOTUSDT,1678608000000,-0.00000032
DOTUSDT,1678636800005,0.00006896
DOTUSDT,1678665600010,0.0001
DOTUSDT,1678694400018,0.0001
DOTUSDT,1678723200003,-0.00009581
DOTUSDT,1678752000010,-0.00008729
DOTUSDT,1678780800009,-0.00000519
DOTUSDT,1678809600010,0.0001
DOTUSDT,1678838400011,0.0001
DOTUSDT,1678867200000,0.0001
DOTUSDT,1678896000012,0.0001
DOTUSDT,1678924800004,0.0001
DOTUSDT,1678953600018,-0.00011384
DOTUSDT,1678982400005,-0.00009223
DOTUSDT,1679011200017,-0.00000362
DOTUSDT,1679040000010,-0.00001235
DOTUSDT,1679068800003,0.0001
DOTUSDT,1679097600012,0.0001
DOTUSDT,1679126400000,0.0001
DOTUSDT,1679155200016,0.0001
DOTUSDT,1679184000013,0.0001
DOTUSDT,1679212800024,0.0001
DOTUSDT,1679241600000,0.0001
DOTUSDT,1679270400005,0.0001
DOTUSDT,1679299200012,0.00008968
DOTUSDT,1679328000015,0.0000738
DOTUSDT,1679356800006,-0.00007868
DOTUSDT,1679385600004,0.00001596
DOTUSDT,1679414400003,0.00002605
DOTUSDT,1679443200000,-0.00001941
DOTUSDT,1679472000003,0.0001
DOTUSDT,1679500800000,0.0001
DOTUSDT,1679529600016,-0.00019614
DOTUSDT,1679558400001,0.00001986
DOTUSDT,1679587200013,0.0001
DOTUSDT,1679616000013,0.0001
DOTUSDT,1679644800012,0.0001
DOTUSDT,1679673600027,0.0001
DOTUSDT,1679702400015,-0.00011444
DOTUSDT,1679731200011,-0.00007441
DOTUSDT,1679760000011,-0.00004347
DOTUSDT,1679788800000,-0.00011327
DOTUSDT,1679817600015,-0.00007387
DOTUSDT,1679846400000,-0.00012397
DOTUSDT,1679875200019,0.00001285
DOTUSDT,1679904000009,0.00003582
DOTUSDT,1679932800000,0.00004103
DOTUSDT,1679961600007,-0.00006116
DOTUSDT,1679990400000,0.0001
DOTUSDT,1680019200013,0.00006302
DOTUSDT,1680048000010,0.0001
DOTUSDT,1680076800006,0.0001
DOTUSDT,1680105600014,0.0001
DOTUSDT,1680134400000,0.00009959
DOTUSDT,1680163200000,0.0001
DOTUSDT,1680192000006,0.00008753
DOTUSDT,1680220800003,0.00007076
DOTUSDT,1680249600006,0.0001
DOTUSDT,1680278400011,0.0001
DOTUSDT,1680307200000,0.0001
DOTUSDT,1680336000000,0.00009497
DOTUSDT,1680364800018,-0.00003802
DOTUSDT,1680393600013,0.00008249
DOTUSDT,1680422400014,0.0001
DOTUSDT,1680451200001,0.0001
DOTUSDT,1680480000000,0.00003284
DOTUSDT,1680508800013,0.00006257
DOTUSDT,1680537600011,0.0001
DOTUSDT,1680566400002,0.0001
DOTUSDT,1680595200017,0.0001
DOTUSDT,1680624000008,0.0001
DOTUSDT,1680652800000,0.0001
DOTUSDT,1680681600016,0.0001
DOTUSDT,1680710400004,0.00008613
DOTUSDT,1680739200000,-0.00006064
DOTUSDT,1680768000011,0.0001
DOTUSDT,1680796800000,0.00005156
DOTUSDT,1680825600006,0.00007983
DOTUSDT,1680854400005,0.00004617
DOTUSDT,1680883200000,0.00000798
DOTUSDT,1680912000000,0.00003633
DOTUSDT,1680940800014,0.00002121
DOTUSDT,1680969600018,-0.00004276
DOTUSDT,1680998400013,-0.00006244
DOTUSDT,1681027200024,0.0000517
DOTUSDT,1681056000010,0.00004019
DOTUSDT,1681084800000,0.0001
DOTUSDT,1681113600010,-0.00003206
DOTUSDT,1681142400006,0.00002849
DOTUSDT,1681171200008,0.0001
DOTUSDT,1681200000007,0.00005972
DOTUSDT,1681228800016,0.0001
DOTUSDT,1681257600006,0.0001
DOTUSDT,1681286400008,0.0001
DOTUSDT,1681315200014,0.0001
DOTUSDT,1681344000027,0.0001
DOTUSDT,1681372800010,0.0001
DOTUSDT,1681401600000,0.0001
DOTUSDT,1681430400001,0.0001
DOTUSDT,1681459200008,0.0001
DOTUSDT,1681488000007,0.0001
DOTUSDT,1681516800007,0.0001
DOTUSDT,1681545600007,0.0001
DOTUSDT,1681574400011,0.0001
DOTUSDT,1681603200014,0.0001
DOTUSDT,1681632000007,0.0001
DOTUSDT,1681660800002,0.0001
DOTUSDT,1681689600017,0.0001
DOTUSDT,1681718400006,0.0001
DOTUSDT,1681747200000,0.0001
DOTUSDT,1681776000013,0.0001
DOTUSDT,1681804800017,0.0001
DOTUSDT,1681833600000,0.0001
DOTUSDT,1681862400022,0.0001
DOTUSDT,1681891200014,0.0001
DOTUSDT,1681920000000,0.0001
DOTUSDT,1681948800010,0.0001
DOTUSDT,1681977600012,0.0001
DOTUSDT,1682006400012,0.0001
DOTUSDT,1682035200009,0.00004281
DOTUSDT,1682064000009,0.0001
DOTUSDT,1682092800003,0.00006122
DOTUSDT,1682121600000,-0.00009006
DOTUSDT,1682150400000,-0.00010405
DOTUSDT,1682179200016,-0.00014954
DOTUSDT,1682208000009,-0.00024329
DOTUSDT,1682236800020,-0.00009082
DOTUSDT,1682265600007,-0.0000305
DOTUSDT,1682294400000,-0.00010663
DOTUSDT,1682323200008,0.0000089
DOTUSDT,1682352000006,0.00004553
DOTUSDT,1682380800014,-0.000015
DOTUSDT,1682409600009,0.00001912
DOTUSDT,1682438400015,0.00006028
DOTUSDT,1682467200015,0.0001
DOTUSDT,1682496000013,0.0001
DOTUSDT,1682524800001,0.00003578
DOTUSDT,1682553600014,-0.0001051
DOTUSDT,1682582400008,-0.00003801
DOTUSDT,1682611200005,0.00005946
DOTUSDT,1682640000011,0.0001
DOTUSDT,1682668800007,0.0001
DOTUSDT,1682697600006,-0.0001212
DOTUSDT,1682726400004,-0.00002621
DOTUSDT,1682755200016,0.0001
DOTUSDT,1682784000001,0.0001
DOTUSDT,1682812800008,0.00008924
DOTUSDT,1682841600000,0.00005917
DOTUSDT,1682870400010,0.00009221
DOTUSDT,1682899200004,-0.00002448
DOTUSDT,1682928000008,0.00002585
DOTUSDT,1682956800014,0.00003345
DOTUSDT,1682985600015,0.00003431
DOTUSDT,1683014400018,0.00002628
DOTUSDT,1683043200000,-0.00001543
DOTUSDT,1683072000009,0.00008305
DOTUSDT,1683100800003,0.00008828
DOTUSDT,1683129600011,0.00001723
DOTUSDT,1683158400000,0.0001
DOTUSDT,1683187200000,0.0000136
DOTUSDT,1683216000011,0.0000924
DOTUSDT,1683244800002,0.00000057
DOTUSDT,1683273600000,-0.00005902
DOTUSDT,1683302400000,0.0001
DOTUSDT,1683331200009,0.0001
DOTUSDT,1683360000000,0.0001
DOTUSDT,1683388800000,0.0001
DOTUSDT,1683417600000,0.00001334
DOTUSDT,1683446400000,0.00004113
DOTUSDT,1683475200006,-0.00000942
DOTUSDT,1683504000000,0.0001
DOTUSDT,1683532800007,-0.00001199
DOTUSDT,1683561600015,-0.0000237
DOTUSDT,1683590400015,0.00006007
DOTUSDT,1683619200000,0.00005979
DOTUSDT,1683648000000,0.00000479
DOTUSDT,1683676800007,-0.00007702
DOTUSDT,1683705600003,-0.00001034
DOTUSDT,1683734400000,-0.0000769
DOTUSDT,1683763200011,0.0001
DOTUSDT,1683792000000,0.00003664
DOTUSDT,1683820800005,-0.00005451
DOTUSDT,1683849600020,0.00003966
DOTUSDT,1683878400001,0.00005547
DOTUSDT,1683907200010,0.00002498
DOTUSDT,1683936000000,0.0000997
DOTUSDT,1683964800000,0.0001
DOTUSDT,1683993600026,0.0001
DOTUSDT,1684022400029,0.0001
DOTUSDT,1684051200010,0.0001
DOTUSDT,1684080000008,0.00009004
DOTUSDT,1684108800006,0.00004439
DOTUSDT,1684137600005,0.00007916
DOTUSDT,1684166400008,0.0001
DOTUSDT,1684195200021,0.00002022
DOTUSDT,1684224000000,-0.00003791
DOTUSDT,1684252800000,0.00001899
DOTUSDT,1684281600010,0.00004978
DOTUSDT,1684310400000,0.00003366
DOTUSDT,1684339200001,0.00007962
DOTUSDT,1684368000000,0.0001
DOTUSDT,1684396800026,0.0001
DOTUSDT,1684425600019,0.0001
DOTUSDT,1684454400000,0.00006328
DOTUSDT,1684483200002,0.0001
DOTUSDT,1684512000000,0.0001
DOTUSDT,1684540800005,0.00000442
DOTUSDT,1684569600014,0.000071
DOTUSDT,1684598400020,0.00008273
DOTUSDT,1684627200014,0.0001
DOTUSDT,1684656000001,0.00005744
DOTUSDT,1684684800015,-0.00003102
DOTUSDT,1684713600028,-0.00005776
DOTUSDT,1684742400000,0.00000023
DOTUSDT,1684771200012,0.00008883
DOTUSDT,1684800000006,0.0001
DOTUSDT,1684828800014,0.0001
DOTUSDT,1684857600008,0.0001
DOTUSDT,1684886400000,0.0001
DOTUSDT,1684915200025,0.00009712
DOTUSDT,1684944000008,0.0001
DOTUSDT,1684972800000,0.00007198
DOTUSDT,1685001600025,-0.00000925
DOTUSDT,1685030400016,0.0001
DOTUSDT,1685059200000,0.00009368
DOTUSDT,1685088000024,0.00006713
DOTUSDT,1685116800012,0.0001
DOTUSDT,1685145600012,0.00009857
DOTUSDT,1685174400018,0.0000329
DOTUSDT,1685203200008,0.0001
DOTUSDT,1685232000017,0.0001
DOTUSDT,1685260800015,0.0001
DOTUSDT,1685289600000,0.0001
DOTUSDT,1685318400000,0.0001
DOTUSDT,1685347200020,0.0001
DOTUSDT,1685376000011,0.0001
DOTUSDT,1685404800003,0.0001
DOTUSDT,1685433600000,0.0001
DOTUSDT,1685462400003,0.0001
DOTUSDT,1685491200013,0.0001
DOTUSDT,1685520000000,0.0001
DOTUSDT,1685548800000,0.0001
DOTUSDT,1685577600008,0.00008983
DOTUSDT,1685606400012,0.0001
DOTUSDT,1685635200000,0.00007952
DOTUSDT,1685664000000,-0.00003892
DOTUSDT,1685692800006,0.0001
DOTUSDT,1685721600012,0.0001
DOTUSDT,1685750400000,0.0001
DOTUSDT,1685779200011,0.0001
DOTUSDT,1685808000003,0.0001
DOTUSDT,1685836800000,0.0001
DOTUSDT,1685865600000,0.0001
DOTUSDT,1685894400000,0.0001
DOTUSDT,1685923200005,0.0001
DOTUSDT,1685952000000,0.0001
DOTUSDT,1685980800000,0.0001
DOTUSDT,1686009600000,-0.00021014
DOTUSDT,1686038400009,-0.00006241
DOTUSDT,1686067200013,0.00007576
DOTUSDT,1686096000000,0.0001
DOTUSDT,1686124800016,0.0001
DOTUSDT,1686153600000,0.00006484
DOTUSDT,1686182400006,0.00001449
DOTUSDT,1686211200000,0.00004054
DOTUSDT,1686240000000,0.0001
DOTUSDT,1686268800000,0.00007753
DOTUSDT,1686297600000,0.00005636
DOTUSDT,1686326400000,0.0001
DOTUSDT,1686355200000,0.00004992
DOTUSDT,1686384000000,-0.00068598
DOTUSDT,1686412800000,-0.00045281
DOTUSDT,1686441600001,-0.00041878
DOTUSDT,1686470400000,-0.00022634
DOTUSDT,1686499200000,-0.00034222
DOTUSDT,1686528000000,-0.00048631
DOTUSDT,1686556800000,-0.00028584
DOTUSDT,1686585600001,-0.00018239
DOTUSDT,1686614400000,-0.00010003
DOTUSDT,1686643200000,-0.00037241
DOTUSDT,1686672000000,-0.00019512
DOTUSDT,1686700800000,-0.00011888
DOTUSDT,1686729600000,-0.00008401
DOTUSDT,1686758400000,-0.00006876
DOTUSDT,1686787200000,-0.00013023
DOTUSDT,1686816000000,0.00005605
DOTUSDT,1686844800000,0.00002829
DOTUSDT,1686873600000,-0.00012173
DOTUSDT,1686902400000,-0.00009016
DOTUSDT,1686931200000,-0.00010976
DOTUSDT,1686960000000,-0.00011539
DOTUSDT,1686988800000,-0.00004661
DOTUSDT,1687017600000,-0.00006333
DOTUSDT,1687046400000,0.00000589
DOTUSDT,1687075200000,-0.00005804
DOTUSDT,1687104000000,-0.00005849
DOTUSDT,1687132800000,-0.00003643
DOTUSDT,1687161600000,-0.00000284
DOTUSDT,1687190400000,-0.00005602
DOTUSDT,1687219200001,-0.00015846
DOTUSDT,1687248000000,-0.00017136
DOTUSDT,1687276800000,-0.00032237
DOTUSDT,1687305600000,-0.00018964
DOTUSDT,1687334400000,-0.00017572
DOTUSDT,1687363200000,-0.00031225
DOTUSDT,1687392000000,-0.00021144
DOTUSDT,1687420800001,-0.00011307
DOTUSDT,1687449600000,-0.0000537
DOTUSDT,1687478400000,0.0000552
DOTUSDT,1687507200000,0.00009022
DOTUSDT,1687536000000,-0.00000175
DOTUSDT,1687564800000,-0.00001437
DOTUSDT,1687593600000,-0.0000482
DOTUSDT,1687622400000,-0.00017919
DOTUSDT,1687651200000,-0.00001885
DOTUSDT,1687680000000,0.0001
DOTUSDT,1687708800000,0.0001
DOTUSDT,1687737600000,0.0000149
DOTUSDT,1687766400000,0.00005555
DOTUSDT,1687795200000,0.0000144
DOTUSDT,1687824000000,0.00004643
DOTUSDT,1687852800000,0.00001085
DOTUSDT,1687881600000,0.00006723
DOTUSDT,1687910400000,0.0000187
DOTUSDT,1687939200000,-0.00001241
DOTUSDT,1687968000000,0.00005522
DOTUSDT,1687996800000,-0.00006598
DOTUSDT,1688025600000,0.00002326
DOTUSDT,1688054400000,-0.00011087
DOTUSDT,1688083200000,-0.00007944
DOTUSDT,1688112000000,0.0001
DOTUSDT,1688140800001,0.00007531
DOTUSDT,1688169600000,0.00006863
DOTUSDT,1688198400000,0.0001
DOTUSDT,1688227200000,0.0001
DOTUSDT,1688256000000,0.0001
DOTUSDT,1688284800000,0.0001
DOTUSDT,1688313600001,0.0001
DOTUSDT,1688342400000,0.00004651
DOTUSDT,1688371200000,0.0001
DOTUSDT,1688400000000,0.0001
DOTUSDT,1688428800001,0.0001
DOTUSDT,1688457600000,0.00007481
DOTUSDT,1688486400000,0.0001
DOTUSDT,1688515200000,0.00008651
DOTUSDT,1688544000000,0.0001
DOTUSDT,1688572800000,0.00000732
DOTUSDT,1688601600000,0.00009526
DOTUSDT,1688630400000,0.00001035
DOTUSDT,1688659200000,-0.00026175
DOTUSDT,1688688000000,0.00002846
DOTUSDT,1688716800000,-0.00017147
DOTUSDT,1688745600000,-0.00011874
DOTUSDT,1688774400000,0.00002861
DOTUSDT,1688803200000,-0.00007883
DOTUSDT,1688832000000,0.0000155
DOTUSDT,1688860800000,0.00005897
DOTUSDT,1688889600000,-0.00005687
DOTUSDT,1688918400000,-0.00010141
DOTUSDT,1688947200000,-0.000133
DOTUSDT,1688976000000,-0.00009316
DOTUSDT,1689004800000,0.00003391
DOTUSDT,1689033600000,0.00009171
DOTUSDT,1689062400000,0.00006585
DOTUSDT,1689091200000,0.00004324
DOTUSDT,1689120000000,0.0000779
DOTUSDT,1689148800000,0.00004466
DOTUSDT,1689177600000,0.00007298
DOTUSDT,1689206400000,0.00000699
DOTUSDT,1689235200000,0.00001113
DOTUSDT,1689264000000,0.00001296
DOTUSDT,1689292800000,0.0001
DOTUSDT,1689321600000,0.0001
DOTUSDT,1689350400000,0.0001
DOTUSDT,1689379200000,0.0001
DOTUSDT,1689408000000,0.0001
DOTUSDT,1689436800000,0.0001
DOTUSDT,1689465600001,0.0001
DOTUSDT,1689494400000,0.00008999
DOTUSDT,1689523200000,0.00004456
DOTUSDT,1689552000000,-0.0000015
DOTUSDT,1689580800000,0.0001
DOTUSDT,1689609600000,0.0001
DOTUSDT,1689638400000,0.000039
DOTUSDT,1689667200000,0.00005649
DOTUSDT,1689696000000,0.0001
DOTUSDT,1689724800000,0.0001
DOTUSDT,1689753600000,0.0001
DOTUSDT,1689782400001,0.0001
DOTUSDT,1689811200000,0.00003487
DOTUSDT,1689840000000,0.0001
DOTUSDT,1689868800000,0.0001
DOTUSDT,1689897600001,0.00007328
DOTUSDT,1689926400000,0.00009075
DOTUSDT,1689955200000,0.0000658
DOTUSDT,1689984000000,-0.00005032
DOTUSDT,1690012800000,0.00008071
DOTUSDT,1690041600000,-0.00014869
DOTUSDT,1690070400000,-0.00015153
DOTUSDT,1690099200000,0.00005447
DOTUSDT,1690128000000,0.00008856
DOTUSDT,1690156800000,-0.00000071
DOTUSDT,1690185600000,-0.00012896
DOTUSDT,1690214400000,-0.00009401
DOTUSDT,1690243200000,-0.00006914
DOTUSDT,1690272000000,-0.00003823
DOTUSDT,1690300800000,-0.00014318
DOTUSDT,1690329600000,-0.00015537
DOTUSDT,1690358400001,-0.00007351
DOTUSDT,1690387200000,-0.00009349
DOTUSDT,1690416000000,-0.00010326
DOTUSDT,1690444800000,-0.0001086
DOTUSDT,1690473600001,-0.00004215
DOTUSDT,1690502400000,0.00006042
DOTUSDT,1690531200000,0.00007599
DOTUSDT,1690560000000,0.0001
DOTUSDT,1690588800000,0.00007403
DOTUSDT,1690617600000,0.00006756
DOTUSDT,1690646400001,0.0001
DOTUSDT,1690675200000,0.0001
DOTUSDT,1690704000000,0.00002032
DOTUSDT,1690732800000,0.00006999
DOTUSDT,1690761600000,-0.00006966
DOTUSDT,1690790400000,-0.00000566
DOTUSDT,1690819200001,-0.00007038
DOTUSDT,1690848000000,-0.00021136
DOTUSDT,1690876800000,-0.00013183
DOTUSDT,1690905600000,-0.00007612
DOTUSDT,1690934400000,-0.00002649
DOTUSDT,1690963200000,0.00003906
DOTUSDT,1690992000000,0.00003835
DOTUSDT,1691020800000,-0.00002166
DOTUSDT,1691049600000,-0.00013624
DOTUSDT,1691078400001,-0.00016224
DOTUSDT,1691107200000,-0.00023537
DOTUSDT,1691136000000,-0.00021662
DOTUSDT,1691164800000,-0.00011209
DOTUSDT,1691193600000,-0.00002128
DOTUSDT,1691222400000,-0.00015528
DOTUSDT,1691251200001,-0.00006696
DOTUSDT,1691280000000,-0.0000687
DOTUSDT,1691308800001,-0.00002021
DOTUSDT,1691337600005,-0.0000264
DOTUSDT,1691366400000,0.00005114
DOTUSDT,1691395200000,0.00000474
DOTUSDT,1691424000000,0.00005945
DOTUSDT,1691452800000,-0.00028849
DOTUSDT,1691481600000,-0.00021686
DOTUSDT,1691510400000,-0.00005727
DOTUSDT,1691539200000,0.00004123
DOTUSDT,1691568000000,0.0001
DOTUSDT,1691596800000,0.0001
DOTUSDT,1691625600001,0.0001
DOTUSDT,1691654400000,0.0001
DOTUSDT,1691683200000,0.0001
DOTUSDT,1691712000000,0.0000612
DOTUSDT,1691740800000,0.00008358
DOTUSDT,1691769600000,0.00004957
DOTUSDT,1691798400000,0.00002248
DOTUSDT,1691827200000,0.00000763
DOTUSDT,1691856000000,0.00007414
DOTUSDT,1691884800000,0.00000713
DOTUSDT,1691913600000,0.00009305
DOTUSDT,1691942400000,0.0001
DOTUSDT,1691971200001,-0.00011384
DOTUSDT,1692000000000,-0.00002494
DOTUSDT,1692028800000,0.0001
DOTUSDT,1692057600001,0.00003502
DOTUSDT,1692086400000,0.00002804
DOTUSDT,1692115200000,-0.0000114
DOTUSDT,1692144000000,-0.00043239
DOTUSDT,1692172800001,-0.00025841
DOTUSDT,1692201600000,-0.00011257
DOTUSDT,1692230400000,-0.00025304
DOTUSDT,1692259200000,-0.00031605
DOTUSDT,1692288000000,-0.00025123
DOTUSDT,1692316800000,-0.00060259
DOTUSDT,1692345600000,-0.00030608
DOTUSDT,1692374400000,-0.00018987
DOTUSDT,1692403200000,-0.00013925
DOTUSDT,1692432000000,-0.00013191
DOTUSDT,1692460800000,-0.00018012
DOTUSDT,1692489600000,-0.00032549
DOTUSDT,1692518400000,-0.00026185
DOTUSDT,1692547200000,-0.0002574
DOTUSDT,1692576000000,-0.00012966
DOTUSDT,1692604800000,-0.00022441
DOTUSDT,1692633600000,-0.00020832
DOTUSDT,1692662400000,-0.00007196
DOTUSDT,1692691200000,-0.00005517
DOTUSDT,1692720000000,-0.00010667
DOTUSDT,1692748800000,-0.00021231
DOTUSDT,1692777600000,-0.00005845
DOTUSDT,1692806400000,-0.00016345
DOTUSDT,1692835200000,-0.00015076
DOTUSDT,1692864000000,-0.00009146
DOTUSDT,1692892800000,-0.00007085
DOTUSDT,1692921600000,-0.00005693
DOTUSDT,1692950400000,-0.00008258
DOTUSDT,1692979200000,-0.00006803
DOTUSDT,1693008000000,-0.00001939
DOTUSDT,1693036800000,-0.00004236
DOTUSDT,1693065600000,0.00005889
DOTUSDT,1693094400000,-0.0000983
DOTUSDT,1693123200000,0.0000007
DOTUSDT,1693152000000,-0.00006654
DOTUSDT,1693180800000,-0.00008772
DOTUSDT,1693209600001,-0.00006288
DOTUSDT,1693238400001,0.0001
DOTUSDT,1693267200000,0.00001908
DOTUSDT,1693296000000,-0.00009198
DOTUSDT,1693324800000,-0.0000599
DOTUSDT,1693353600000,-0.00015809
DOTUSDT,1693382400000,-0.00014441
DOTUSDT,1693411200000,-0.00005081
DOTUSDT,1693440000000,-0.00018997
DOTUSDT,1693468800000,-0.00024032
DOTUSDT,1693497600000,-0.00019713
DOTUSDT,1693526400000,-0.00018552
DOTUSDT,1693555200000,-0.00012978
DOTUSDT,1693584000001,-0.00027042
DOTUSDT,1693612800000,-0.00022585
DOTUSDT,1693641600000,-0.00020396
DOTUSDT,1693670400000,-0.00021595
DOTUSDT,1693699200000,-0.0002007
DOTUSDT,1693728000000,-0.00012751
DOTUSDT,1693756800000,-0.00012759
DOTUSDT,1693785600000,-0.00026192
DOTUSDT,1693814400000,-0.00014747
DOTUSDT,1693843200000,-0.00008668
DOTUSDT,1693872000000,-0.00009053
DOTUSDT,1693900800000,-0.00008484
DOTUSDT,1693929600000,-0.00005727
DOTUSDT,1693958400000,-0.00023039
DOTUSDT,1693987200000,-0.00016902
DOTUSDT,1694016000001,-0.00004919
DOTUSDT,1694044800000,0.00005037
DOTUSDT,1694073600000,-0.00005017
DOTUSDT,1694102400000,-0.00005497
DOTUSDT,1694131200000,-0.00002633
DOTUSDT,1694160000000,-0.0001186
DOTUSDT,1694188800000,-0.00008833
DOTUSDT,1694217600000,-0.00008052
DOTUSDT,1694246400000,-0.00002669
DOTUSDT,1694275200000,-0.00005415
DOTUSDT,1694304000000,-0.00016219
DOTUSDT,1694332800000,-0.00020243
DOTUSDT,1694361600000,-0.00021535
DOTUSDT,1694390400000,-0.00016602
DOTUSDT,1694419200000,-0.00024075
DOTUSDT,1694448000001,-0.00028654
DOTUSDT,1694476800000,-0.00030195
DOTUSDT,1694505600000,-0.00024417
DOTUSDT,1694534400000,-0.0001274
DOTUSDT,1694563200000,-0.00022252
DOTUSDT,1694592000000,-0.00019473
DOTUSDT,1694620800000,-0.00013062
DOTUSDT,1694649600000,-0.00015718
DOTUSDT,1694678400001,-0.00028581
DOTUSDT,1694707200000,-0.00004878
DOTUSDT,1694736000000,-0.00006863
DOTUSDT,1694764800000,0.00000574
DOTUSDT,1694793600000,0.00006315
DOTUSDT,1694822400000,-0.00003742
DOTUSDT,1694851200000,-0.00014043
DOTUSDT,1694880000000,-0.00018528
DOTUSDT,1694908800000,-0.00012525
DOTUSDT,1694937600000,-0.00017548
DOTUSDT,1694966400000,-0.00021435
DOTUSDT,1694995200000,-0.00019786
DOTUSDT,1695024000000,-0.00014395
DOTUSDT,1695052800000,-0.00002932
DOTUSDT,1695081600000,-0.00000004
DOTUSDT,1695110400001,-0.00006442
DOTUSDT,1695139200000,0.00006345
DOTUSDT,1695168000000,-0.00009914
DOTUSDT,1695196800000,-0.00009491
DOTUSDT,1695225600000,-0.00011742
DOTUSDT,1695254400001,0.00001547
DOTUSDT,1695283200000,-0.00010403
DOTUSDT,1695312000000,-0.00013881
DOTUSDT,1695340800000,-0.00021872
DOTUSDT,1695369600000,-0.00017648
DOTUSDT,1695398400000,-0.00023189
DOTUSDT,1695427200000,-0.00012686
DOTUSDT,1695456000000,-0.00017533
DOTUSDT,1695484800000,-0.00025796
DOTUSDT,1695513600000,-0.00005051
DOTUSDT,1695542400000,-0.00014309
DOTUSDT,1695571200000,-0.00002082
DOTUSDT,1695600000000,-0.00010195
DOTUSDT,1695628800000,-0.00003432
DOTUSDT,1695657600000,0.0001
DOTUSDT,1695686400000,-0.00004608
DOTUSDT,1695715200000,-0.0000425
DOTUSDT,1695744000000,-0.00002803
DOTUSDT,1695772800000,-0.00014738
DOTUSDT,1695801600001,-0.00008301
DOTUSDT,1695830400000,-0.00007084
DOTUSDT,1695859200000,-0.00021094
DOTUSDT,1695888000000,-0.00007372
DOTUSDT,1695916800000,-0.00005888
DOTUSDT,1695945600000,-0.00003301
DOTUSDT,1695974400000,0.00000696
DOTUSDT,1696003200000,-0.00003139
DOTUSDT,1696032000000,-0.00002311
DOTUSDT,1696060800000,-0.00005055
DOTUSDT,1696089600000,-0.00006647
DOTUSDT,1696118400000,0.00002694
DOTUSDT,1696147200000,-0.00006409
DOTUSDT,1696176000000,-0.00002846
DOTUSDT,1696204800000,-0.00007975
DOTUSDT,1696233600000,-0.00008795
DOTUSDT,1696262400000,-0.00008025
DOTUSDT,1696291200000,-0.0001554
DOTUSDT,1696320000000,-0.00009932
DOTUSDT,1696348800000,-0.00014042
DOTUSDT,1696377600000,-0.00020908
DOTUSDT,1696406400000,-0.00009271
DOTUSDT,1696435200000,-0.00030202
DOTUSDT,1696464000000,-0.00006871
DOTUSDT,1696492800000,-0.00003208
DOTUSDT,1696521600001,-0.00021831
DOTUSDT,1696550400000,-0.00006097
DOTUSDT,1696579200000,0.00002137
DOTUSDT,1696608000000,-0.00001513
DOTUSDT,1696636800000,-0.00011005
DOTUSDT,1696665600000,-0.00012519
DOTUSDT,1696694400000,-0.00001155
DOTUSDT,1696723200000,-0.00017898
DOTUSDT,1696752000001,-0.00021705
DOTUSDT,1696780800000,-0.00014971
DOTUSDT,1696809600000,-0.0001131
DOTUSDT,1696838400000,-0.00009683
DOTUSDT,1696867200000,-0.00035846
DOTUSDT,1696896000000,-0.00060478
DOTUSDT,1696924800000,-0.0002116
DOTUSDT,1696953600000,-0.00019705
DOTUSDT,1696982400000,-0.0002901
DOTUSDT,1697011200000,-0.00002638
DOTUSDT,1697040000000,-0.00018558
DOTUSDT,1697068800000,-0.00011154
DOTUSDT,1697097600000,-0.00004483
DOTUSDT,1697126400000,-0.00026768
DOTUSDT,1697155200000,-0.00016384
DOTUSDT,1697184000000,-0.00028129
DOTUSDT,1697212800000,-0.0002648
DOTUSDT,1697241600000,-0.00021782
DOTUSDT,1697270400000,-0.00012456
DOTUSDT,1697299200000,-0.00016872
DOTUSDT,1697328000000,-0.00005272
DOTUSDT,1697356800000,-0.00004778
DOTUSDT,1697385600000,-0.00014949
DOTUSDT,1697414400000,-0.00015684
DOTUSDT,1697443200000,-0.00009395
DOTUSDT,1697472000000,-0.00023305
DOTUSDT,1697500800000,-0.0002005
DOTUSDT,1697529600000,-0.00017634
DOTUSDT,1697558400000,-0.00017419
DOTUSDT,1697587200000,-0.00006461
DOTUSDT,1697616000000,-0.0000606
DOTUSDT,1697644800000,0.0000061
DOTUSDT,1697673600000,-0.00009154
DOTUSDT,1697702400001,-0.00006086
DOTUSDT,1697731200000,-0.00006953
DOTUSDT,1697760000000,-0.00002112
DOTUSDT,1697788800005,-0.0000371
DOTUSDT,1697817600000,-0.00002368
DOTUSDT,1697846400000,-0.00030497
DOTUSDT,1697875200000,-0.00008364
DOTUSDT,1697904000000,-0.0001039
DOTUSDT,1697932800000,-0.00004115
DOTUSDT,1697961600000,-0.00042439
DOTUSDT,1697990400000,-0.00028046
DOTUSDT,1698019200000,-0.00018019
DOTUSDT,1698048000001,-0.00020101
DOTUSDT,1698076800001,-0.00019093
DOTUSDT,1698105600000,-0.00001058
DOTUSDT,1698134400000,0.00007881
DOTUSDT,1698163200000,0.0000393
DOTUSDT,1698192000000,0.00006542
DOTUSDT,1698220800000,-0.00000685
DOTUSDT,1698249600001,-0.00018666
DOTUSDT,1698278400001,-0.00012615
DOTUSDT,1698307200000,0.0001
DOTUSDT,1698336000000,0.0001
DOTUSDT,1698364800000,0.0001
DOTUSDT,1698393600000,0.0001
DOTUSDT,1698422400000,0.0001
DOTUSDT,1698451200000,0.0001
DOTUSDT,1698480000001,0.0001
DOTUSDT,1698508800000,0.0001
DOTUSDT,1698537600000,0.0001
DOTUSDT,1698566400000,0.0001
DOTUSDT,1698595200000,0.0001
DOTUSDT,1698624000000,0.0000462
DOTUSDT,1698652800000,0.0001
DOTUSDT,1698681600000,0.0001
DOTUSDT,1698710400001,0.0001
DOTUSDT,1698739200000,0.0001
DOTUSDT,1698768000000,0.0001
DOTUSDT,1698796800000,0.0001
DOTUSDT,1698825600000,0.0001
DOTUSDT,1698854400000,0.0001
DOTUSDT,1698883200001,0.00021206
DOTUSDT,1698912000000,0.0001
DOTUSDT,1698940800000,0.0001
DOTUSDT,1698969600000,0.0001
DOTUSDT,1698998400000,0.0001
DOTUSDT,1699027200000,0.0001
DOTUSDT,1699056000000,0.0001
DOTUSDT,1699084800000,0.0001
DOTUSDT,1699113600000,0.0001
DOTUSDT,1699142400000,0.0001
DOTUSDT,1699171200000,0.0001
DOTUSDT,1699200000000,0.0001
DOTUSDT,1699228800000,0.0001
DOTUSDT,1699257600001,0.0001
DOTUSDT,1699286400000,0.0001
DOTUSDT,1699315200001,0.0001
DOTUSDT,1699344000000,0.0001
DOTUSDT,1699372800000,0.0001
DOTUSDT,1699401600000,0.0001
DOTUSDT,1699430400000,0.0001
DOTUSDT,1699459200000,0.0001
DOTUSDT,1699488000000,0.0001
DOTUSDT,1699516800000,0.0001
DOTUSDT,1699545600000,0.0001
DOTUSDT,1699574400000,0.0001
DOTUSDT,1699603200000,0.0001
DOTUSDT,1699632000000,0.0001
DOTUSDT,1699660800000,0.0001
DOTUSDT,1699689600000,0.0001
DOTUSDT,1699718400000,0.0001
DOTUSDT,1699747200000,0.0001
DOTUSDT,1699776000000,0.0001
DOTUSDT,1699804800001,0.0001
DOTUSDT,1699833600000,0.0001
DOTUSDT,1699862400000,0.0001
DOTUSDT,1699891200000,0.00017508
DOTUSDT,1699920000000,0.0001
DOTUSDT,1699948800000,0.0001
DOTUSDT,1699977600001,0.0001
DOTUSDT,1700006400000,0.0001
DOTUSDT,1700035200000,0.0001
DOTUSDT,1700064000000,0.0001
DOTUSDT,1700092800000,0.0001
DOTUSDT,1700121600000,0.00012012
DOTUSDT,1700150400001,0.0001
DOTUSDT,1700179200000,0.0001
DOTUSDT,1700208000001,0.0001
DOTUSDT,1700236800001,0.0001
DOTUSDT,1700265600000,0.0001
DOTUSDT,1700294400000,0.0001
DOTUSDT,1700323200000,0.0001
DOTUSDT,1700352000000,0.0001
DOTUSDT,1700380800000,0.0001
DOTUSDT,1700409600000,0.0001
DOTUSDT,1700438400000,0.0001
DOTUSDT,1700467200000,0.0001
DOTUSDT,1700496000000,0.0001
DOTUSDT,1700524800000,0.0001
DOTUSDT,1700553600000,0.0001
DOTUSDT,1700582400000,0.0001
DOTUSDT,1700611200000,0.0001
DOTUSDT,1700640000000,0.0001
DOTUSDT,1700668800000,0.0001
DOTUSDT,1700697600000,0.0001
DOTUSDT,1700726400000,0.0001
DOTUSDT,1700755200001,0.0001
DOTUSDT,1700784000000,0.0001
DOTUSDT,1700812800000,0.0001
DOTUSDT,1700841600000,0.0001
DOTUSDT,1700870400000,0.0001
DOTUSDT,1700899200000,0.0001
DOTUSDT,1700928000000,0.0001
DOTUSDT,1700956800000,0.0001
DOTUSDT,1700985600000,0.0001
DOTUSDT,1701014400000,0.0001
DOTUSDT,1701043200000,0.0001
DOTUSDT,1701072000001,0.0001
DOTUSDT,1701100800000,0.0001
DOTUSDT,1701129600000,0.0001
DOTUSDT,1701158400000,0.0001
DOTUSDT,1701187200000,0.0001
DOTUSDT,1701216000001,0.0001
DOTUSDT,1701244800000,0.0001
DOTUSDT,1701273600000,0.0001
DOTUSDT,1701302400000,0.0001
DOTUSDT,1701331200000,0.0001
DOTUSDT,1701360000000,0.0001
DOTUSDT,1701388800000,0.0001
DOTUSDT,1701417600000,0.0001
DOTUSDT,1701446400000,0.0001
DOTUSDT,1701475200000,0.0001
DOTUSDT,1701504000000,0.0001
DOTUSDT,1701532800000,0.0001
DOTUSDT,1701561600000,0.0001
DOTUSDT,1701590400000,0.0001
DOTUSDT,1701619200000,0.0001
DOTUSDT,1701648000000,0.0001
DOTUSDT,1701676800000,0.0001409
DOTUSDT,1701705600000,0.0001
DOTUSDT,1701734400000,0.0001
DOTUSDT,1701763200000,0.0001
DOTUSDT,1701792000000,0.0001
DOTUSDT,1701820800000,0.0001
DOTUSDT,1701849600000,0.0001
DOTUSDT,1701878400000,0.0001
DOTUSDT,1701907200000,0.0001
DOTUSDT,1701936000000,0.0001
DOTUSDT,1701964800000,0.00013898
DOTUSDT,1701993600000,0.00024912
DOTUSDT,1702022400000,0.000221
DOTUSDT,1702051200000,0.00023553
DOTUSDT,1702080000000,0.00014092
DOTUSDT,1702108800000,0.00040221
DOTUSDT,1702137600000,0.00023878
DOTUSDT,1702166400000,0.0001
DOTUSDT,1702195200000,0.00015851
DOTUSDT,1702224000000,0.00027669
DOTUSDT,1702252800000,0.00016505
DOTUSDT,1702281600000,0.0001
DOTUSDT,1702310400000,0.0001
DOTUSDT,1702339200000,0.0001
DOTUSDT,1702368000000,0.0001
DOTUSDT,1702396800000,0.0001
DOTUSDT,1702425600000,0.0001
DOTUSDT,1702454400000,0.0001
DOTUSDT,1702483200001,0.0001
DOTUSDT,1702512000000,0.0001
DOTUSDT,1702540800000,0.0001
DOTUSDT,1702569600000,0.0001
DOTUSDT,1702598400000,0.0001
DOTUSDT,1702627200000,0.00020242
DOTUSDT,1702656000000,0.0001
DOTUSDT,1702684800000,0.0001
DOTUSDT,1702713600000,0.0001
DOTUSDT,1702742400001,0.0001
DOTUSDT,1702771200000,0.0001
DOTUSDT,1702800000000,0.0001
DOTUSDT,1702828800000,0.0001
DOTUSDT,1702857600000,0.0001
DOTUSDT,1702886400001,0.0001
DOTUSDT,1702915200000,0.0001
DOTUSDT,1702944000000,0.0001
DOTUSDT,1702972800000,0.0001
DOTUSDT,1703001600000,0.0001
DOTUSDT,1703030400000,0.0001
DOTUSDT,1703059200000,0.0001
DOTUSDT,1703088000000,0.0001
DOTUSDT,1703116800000,0.00021604
DOTUSDT,1703145600000,0.0001
DOTUSDT,1703174400000,0.00038855
DOTUSDT,1703203200000,0.00048144
DOTUSDT,1703232000000,0.0004588
DOTUSDT,1703260800000,0.00032462
DOTUSDT,1703289600000,0.0001
DOTUSDT,1703318400001,0.0001
DOTUSDT,1703347200000,0.0001
DOTUSDT,1703376000000,0.0001
DOTUSDT,1703404800000,0.0001
DOTUSDT,1703433600000,0.0001
DOTUSDT,1703462400000,0.0001
DOTUSDT,1703491200000,0.0001
DOTUSDT,1703520000000,0.00024025
DOTUSDT,1703548800000,0.00020348
DOTUSDT,1703577600000,0.0001
DOTUSDT,1703606400000,0.00022479
DOTUSDT,1703635200000,0.0001
DOTUSDT,1703664000000,0.00021455
DOTUSDT,1703692800000,0.00039357
DOTUSDT,1703721600000,0.00016314
DOTUSDT,1703750400000,0.00031302
DOTUSDT,1703779200000,0.00037902
DOTUSDT,1703808000001,0.00052832
DOTUSDT,1703836800000,0.0007391
DOTUSDT,1703865600000,0.00061307
DOTUSDT,1703894400001,0.00033407
DOTUSDT,1703923200000,0.00041855
DOTUSDT,1703952000000,0.0004256
DOTUSDT,1703980800000,0.00033699
DOTUSDT,1704009600001,0.00052143
DOTUSDT,1704038400000,0.00032911
DOTUSDT,1704067200000,0.00022014
DOTUSDT,1704096000000,0.0001587
DOTUSDT,1704124800000,0.00034486
DOTUSDT,1704153600000,0.0008111
DOTUSDT,1704182400000,0.00060839
DOTUSDT,1704211200000,0.00068077
DOTUSDT,1704240000000,0.00027408
DOTUSDT,1704268800000,0.00028578
DOTUSDT,1704297600000,0.0001
DOTUSDT,1704326400000,0.0001
DOTUSDT,1704355200000,0.0001
DOTUSDT,1704384000000,0.0001
DOTUSDT,1704412800001,0.0001
DOTUSDT,1704441600000,0.0001
DOTUSDT,1704470400000,0.0001
DOTUSDT,1704499200000,0.0001
DOTUSDT,1704528000000,0.0001
DOTUSDT,1704556800000,0.0001
DOTUSDT,1704585600000,0.0001
DOTUSDT,1704614400001,0.0001
DOTUSDT,1704643200001,0.0001
DOTUSDT,1704672000000,0.0001
DOTUSDT,1704700800000,0.0001
DOTUSDT,1704729600000,0.0001
DOTUSDT,1704758400001,0.0001
DOTUSDT,1704787200000,0.0001
DOTUSDT,1704816000000,0.0001
DOTUSDT,1704844800000,0.0001
DOTUSDT,1704873600000,0.0001
DOTUSDT,1704902400000,0.0001
DOTUSDT,1704931200000,0.0001
DOTUSDT,1704960000000,0.0001
DOTUSDT,1704988800000,0.0001
DOTUSDT,1705017600001,0.0001
DOTUSDT,1705046400000,0.0001
DOTUSDT,1705075200000,0.0001
DOTUSDT,1705104000000,0.0001
DOTUSDT,1705132800000,0.0001
DOTUSDT,1705161600001,0.0001
DOTUSDT,1705190400000,0.0001
DOTUSDT,1705219200000,0.0001
DOTUSDT,1705248000001,0.0001
DOTUSDT,1705276800000,0.0001
DOTUSDT,1705305600000,0.0001
DOTUSDT,1705334400000,0.0001
DOTUSDT,1705363200000,0.0001
DOTUSDT,1705392000000,0.0001
DOTUSDT,1705420800001,0.0001
DOTUSDT,1705449600000,0.0001
DOTUSDT,1705478400000,0.0001
DOTUSDT,1705507200000,0.0001
DOTUSDT,1705536000001,0.0001
DOTUSDT,1705564800000,0.0001
DOTUSDT,1705593600000,0.0001
DOTUSDT,1705622400000,0.0001
DOTUSDT,1705651200000,0.0001
DOTUSDT,1705680000002,0.0001
DOTUSDT,1705708800000,0.0001
DOTUSDT,1705737600003,0.0001
DOTUSDT,1705766400000,0.0001
DOTUSDT,1705795200000,0.0001
DOTUSDT,1705824000000,0.0001
DOTUSDT,1705852800000,0.0001
DOTUSDT,1705881600000,0.0001
DOTUSDT,1705910400000,0.0001
DOTUSDT,1705939200000,0.0001
DOTUSDT,1705968000000,0.0001
DOTUSDT,1705996800000,0.0001
DOTUSDT,1706025600000,0.000047
DOTUSDT,1706054400000,0.0001
DOTUSDT,1706083200000,0.0001
DOTUSDT,1706112000000,0.0001
DOTUSDT,1706140800000,0.0001
DOTUSDT,1706169600001,0.0001
DOTUSDT,1706198400000,0.0001
DOTUSDT,1706227200001,0.0001
DOTUSDT,1706256000000,0.0001
DOTUSDT,1706284800000,0.0001
DOTUSDT,1706313600000,0.0001
DOTUSDT,1706342400000,0.0001
DOTUSDT,1706371200000,0.0001
DOTUSDT,1706400000000,0.0001
DOTUSDT,1706428800000,0.0001
DOTUSDT,1706457600000,0.0001
DOTUSDT,1706486400000,0.0001
DOTUSDT,1706515200001,0.0001
DOTUSDT,1706544000000,0.00005057
DOTUSDT,1706572800000,0.0001
DOTUSDT,1706601600000,-0.0000259
DOTUSDT,1706630400001,0.00006382
DOTUSDT,1706659200000,0.0001
DOTUSDT,1706688000000,0.0001
DOTUSDT,1706716800000,0.0001
DOTUSDT,1706745600000,0.0001
DOTUSDT,1706774400000,0.0001
DOTUSDT,1706803200002,0.0001
DOTUSDT,1706832000000,0.0001
DOTUSDT,1706860800000,0.0001
DOTUSDT,1706889600000,0.0001
DOTUSDT,1706918400000,0.0001
DOTUSDT,1706947200000,0.0001
DOTUSDT,1706976000001,0.0001
DOTUSDT,1707004800000,0.0001
DOTUSDT,1707033600004,0.0001
DOTUSDT,1707062400000,0.0001
DOTUSDT,1707091200000,0.0001
DOTUSDT,1707120000000,0.0001
DOTUSDT,1707148800000,0.0001
DOTUSDT,1707177600000,0.0001
DOTUSDT,1707206400001,0.0001
DOTUSDT,1707235200000,0.0001
DOTUSDT,1707264000000,0.0001
DOTUSDT,1707292800000,0.0001
DOTUSDT,1707321600000,0.0001
DOTUSDT,1707350400000,0.0001
DOTUSDT,1707379200000,0.0001
DOTUSDT,1707408000000,0.0001
DOTUSDT,1707436800000,0.0001
DOTUSDT,1707465600000,0.0001
DOTUSDT,1707494400001,0.0001
DOTUSDT,1707523200001,0.00008906
DOTUSDT,1707552000000,0.0001
DOTUSDT,1707580800000,0.0001
DOTUSDT,1707609600000,0.0001
DOTUSDT,1707638400001,0.0001
DOTUSDT,1707667200000,0.0001
DOTUSDT,1707696000000,0.0001
DOTUSDT,1707724800000,0.0001
DOTUSDT,1707753600000,0.0001
DOTUSDT,1707782400000,0.0001
DOTUSDT,1707811200000,0.0001
DOTUSDT,1707840000000,0.0001
DOTUSDT,1707868800000,0.0001
DOTUSDT,1707897600000,0.0001
DOTUSDT,1707926400000,0.0001
DOTUSDT,1707955200000,0.0001
DOTUSDT,1707984000000,0.0001
DOTUSDT,1708012800000,0.0001
DOTUSDT,1708041600000,0.00027061
DOTUSDT,1708070400000,0.00014501
DOTUSDT,1708099200000,0.00020682
DOTUSDT,1708128000000,0.00020459
DOTUSDT,1708156800000,0.00024479
DOTUSDT,1708185600000,0.0002445
DOTUSDT,1708214400000,0.00037709
DOTUSDT,1708243200000,0.00029111
DOTUSDT,1708272000000,0.00021243
DOTUSDT,1708300800000,0.00021162
DOTUSDT,1708329600000,0.00034309
DOTUSDT,1708358400000,0.00023623
DOTUSDT,1708387200000,0.00047334
DOTUSDT,1708416000000,0.00032063
DOTUSDT,1708444800000,0.0001
DOTUSDT,1708473600000,0.00011304
DOTUSDT,1708502400000,0.00015632
DOTUSDT,1708531200000,0.0001
DOTUSDT,1708560000001,0.0001
DOTUSDT,1708588800001,0.0001
DOTUSDT,1708617600000,0.0001
DOTUSDT,1708646400000,0.00027552
DOTUSDT,1708675200000,0.00038286
DOTUSDT,1708704000000,0.0002563
DOTUSDT,1708732800000,0.00031941
DOTUSDT,1708761600001,0.00031895
DOTUSDT,1708790400000,0.00023887
DOTUSDT,1708819200001,0.00027819
DOTUSDT,1708848000000,0.00037189
DOTUSDT,1708876800000,0.000295
DOTUSDT,1708905600000,0.00035393
DOTUSDT,1708934400000,0.00043255
DOTUSDT,1708963200000,0.00042541
DOTUSDT,1708992000000,0.00053166
DOTUSDT,1709020800000,0.00071137
DOTUSDT,1709049600000,0.00040847
DOTUSDT,1709078400000,0.00026532
DOTUSDT,1709107200000,0.0003591
DOTUSDT,1709136000000,0.0006908
DOTUSDT,1709164800000,0.00044282
DOTUSDT,1709193600000,0.00068834
DOTUSDT,1709222400000,0.00081814
DOTUSDT,1709251200000,0.00057553
DOTUSDT,1709280000000,0.00061786
DOTUSDT,1709308800000,0.00056104
DOTUSDT,1709337600000,0.00064472
DOTUSDT,1709366400001,0.00102052
DOTUSDT,1709395200000,0.00083478
DOTUSDT,1709424000000,0.00074672
DOTUSDT,1709452800000,0.0007225
DOTUSDT,1709481600000,0.00048178
DOTUSDT,1709510400000,0.00056503
DOTUSDT,1709539200000,0.00052734
DOTUSDT,1709568000000,0.00051649
DOTUSDT,1709596800000,0.00052713
DOTUSDT,1709625600000,0.00091838
DOTUSDT,1709654400000,0.00100164
DOTUSDT,1709683200000,0.0001
DOTUSDT,1709712000001,0.0001
DOTUSDT,1709740800000,0.00032809
DOTUSDT,1709769600000,0.00031961
DOTUSDT,1709798400000,0.00036209
DOTUSDT,1709827200000,0.00039376
DOTUSDT,1709856000000,0.00032874
DOTUSDT,1709884800000,0.00025928
DOTUSDT,1709913600000,0.00051956
DOTUSDT,1709942400000,0.00042461
DOTUSDT,1709971200001,0.00057692
DOTUSDT,1710000000000,0.00058359
DOTUSDT,1710028800000,0.00058291
DOTUSDT,1710057600000,0.00055964
DOTUSDT,1710086400000,0.00024036
DOTUSDT,1710115200000,0.00017636
DOTUSDT,1710144000000,0.00048371
DOTUSDT,1710172800000,0.00050883
DOTUSDT,1710201600000,0.00064716
DOTUSDT,1710230400000,0.00048872
DOTUSDT,1710259200000,0.00023716
DOTUSDT,1710288000000,0.00052009
DOTUSDT,1710316800001,0.00059321
DOTUSDT,1710345600000,0.00060442
DOTUSDT,1710374400001,0.00031037
DOTUSDT,1710403200000,0.00058912
DOTUSDT,1710432000000,0.00050992
DOTUSDT,1710460800000,0.00037468
DOTUSDT,1710489600000,0.0001
DOTUSDT,1710518400000,0.0001
DOTUSDT,1710547200000,0.0001
DOTUSDT,1710576000000,0.00017249
DOTUSDT,1710604800000,0.0001
DOTUSDT,1710633600000,0.0001
DOTUSDT,1710662400000,0.0001
DOTUSDT,1710691200000,0.0001
DOTUSDT,1710720000000,0.0001
DOTUSDT,1710748800000,0.0001
DOTUSDT,1710777600001,0.0001
DOTUSDT,1710806400000,0.00015624
DOTUSDT,1710835200000,0.00012632
DOTUSDT,1710864000001,0.0001
DOTUSDT,1710892800000,0.0001
DOTUSDT,1710921600004,0.0001
DOTUSDT,1710950400000,0.0001
DOTUSDT,1710979200000,0.0001
DOTUSDT,1711008000000,0.00016142
DOTUSDT,1711036800000,0.00012343
DOTUSDT,1711065600000,0.00021525
DOTUSDT,1711094400000,0.00018622
DOTUSDT,1711123200000,0.0001
DOTUSDT,1711152000000,0.00017716
DOTUSDT,1711180800000,0.00010989
DOTUSDT,1711209600000,0.0001
DOTUSDT,1711238400000,0.00015251
DOTUSDT,1711267200000,0.00016467
DOTUSDT,1711296000000,0.00019086
DOTUSDT,1711324800000,0.0001
DOTUSDT,1711353600001,0.0001059
DOTUSDT,1711382400000,0.00013161
DOTUSDT,1711411200000,0.00026106
DOTUSDT,1711440000000,0.00021383
DOTUSDT,1711468800000,0.00033939
DOTUSDT,1711497600000,0.00031593
DOTUSDT,1711526400001,0.00027417
DOTUSDT,1711555200000,0.00030856
DOTUSDT,1711584000000,0.00047936
DOTUSDT,1711612800000,0.00043716
DOTUSDT,1711641600000,0.00030689
DOTUSDT,1711670400000,0.00042413
DOTUSDT,1711699200000,0.00024609
DOTUSDT,1711728000000,0.00041402
DOTUSDT,1711756800000,0.00045576
DOTUSDT,1711785600000,0.00046907
DOTUSDT,1711814400000,0.000566
DOTUSDT,1711843200000,0.00039255
DOTUSDT,1711872000000,0.0006387
DOTUSDT,1711900800001,0.00058375
DOTUSDT,1711929600000,0.00073797
DOTUSDT,1711958400000,0.00042884
DOTUSDT,1711987200000,0.00025912
DOTUSDT,1712016000007,0.0001974
DOTUSDT,1712044800015,0.0001
DOTUSDT,1712073600000,0.00012894
DOTUSDT,1712102400000,0.0001
DOTUSDT,1712131200000,0.0001
DOTUSDT,1712160000000,0.0001
DOTUSDT,1712188800000,0.0001
DOTUSDT,1712217600000,0.00020666
DOTUSDT,1712246400000,0.0001
DOTUSDT,1712275200000,0.0001
DOTUSDT,1712304000000,0.0001
DOTUSDT,1712332800000,0.0001
DOTUSDT,1712361600000,0.00010613
DOTUSDT,1712390400000,0.00011126
DOTUSDT,1712419200000,0.0001586
DOTUSDT,1712448000000,0.00010255
DOTUSDT,1712476800000,0.0001
DOTUSDT,1712505600000,0.0001
DOTUSDT,1712534400001,0.00013176
DOTUSDT,1712563200000,0.00017701
DOTUSDT,1712592000006,0.00022707
DOTUSDT,1712620800000,0.00018236
DOTUSDT,1712649600001,0.00017438
DOTUSDT,1712678400001,0.0002208
DOTUSDT,1712707200000,0.00023418
DOTUSDT,1712736000001,0.00021687
DOTUSDT,1712764800000,0.00015386
DOTUSDT,1712793600000,0.0001
DOTUSDT,1712822400000,0.00016632
DOTUSDT,1712851200000,0.00012996
DOTUSDT,1712880000000,0.0001
DOTUSDT,1712908800001,0.0001763
DOTUSDT,1712937600000,0.00013768
DOTUSDT,1712966400000,-0.0000272
DOTUSDT,1712995200000,0.0001
DOTUSDT,1713024000001,0.0001
DOTUSDT,1713052800000,-0.00112964
DOTUSDT,1713081600000,-0.00004462
DOTUSDT,1713110400000,0.00004523
DOTUSDT,1713139200000,-0.00016368
DOTUSDT,1713168000001,-0.00013198
DOTUSDT,1713196800000,-0.00003222
DOTUSDT,1713225600001,0.00004186
DOTUSDT,1713254400000,0.00007119
DOTUSDT,1713283200000,-0.00001035
DOTUSDT,1713312000000,0.00003348
DOTUSDT,1713340800000,-0.00005499
DOTUSDT,1713369600000,-0.0000035
DOTUSDT,1713398400000,-0.00000512
DOTUSDT,1713427200000,0.00008107
DOTUSDT,1713456000000,0.00002881
DOTUSDT,1713484800001,-0.00003039
DOTUSDT,1713513600000,0.00009723
DOTUSDT,1713542400000,0.00007709
DOTUSDT,1713571200000,0.0001
DOTUSDT,1713600000000,-0.0000651
DOTUSDT,1713628800000,0.00005741
DOTUSDT,1713657600000,0.00008091
DOTUSDT,1713686400000,-0.0000461
DOTUSDT,1713715200000,-0.00008102
DOTUSDT,1713744000000,-0.0000335
DOTUSDT,1713772800000,-0.00001276
DOTUSDT,1713801600000,0.00007695
DOTUSDT,1713830400000,-0.00009839
DOTUSDT,1713859200000,0.00003236
DOTUSDT,1713888000001,0.00002508
DOTUSDT,1713916800000,0.0001
DOTUSDT,1713945600000,-0.00002138
DOTUSDT,1713974400000,0.00000105
DOTUSDT,1714003200000,0.00003813
DOTUSDT,1714032000000,-0.00005699
DOTUSDT,1714060800010,-0.00000595
DOTUSDT,1714089600001,-0.00006518
DOTUSDT,1714118400000,-0.00009809
DOTUSDT,1714147200000,-0.00002383
DOTUSDT,1714176000000,0.0000249
DOTUSDT,1714204800001,0.00002937
DOTUSDT,1714233600000,0.0000232
DOTUSDT,1714262400000,-0.00003025
DOTUSDT,1714291200000,-0.00006072
DOTUSDT,1714320000000,0.00007027
DOTUSDT,1714348800000,0.00009524
DOTUSDT,1714377600000,0.00003441
DOTUSDT,1714406400000,0.00003411
DOTUSDT,1714435200000,0.00008603
DOTUSDT,1714464000000,-0.00007527
DOTUSDT,1714492800000,-0.00017802
DOTUSDT,1714521600000,-0.00029859
DOTUSDT,1714550400000,-0.00013344
DOTUSDT,1714579200000,-0.00010849
DOTUSDT,1714608000000,-0.00009868
DOTUSDT,1714636800000,-0.00001281
DOTUSDT,1714665600002,0.00001707
DOTUSDT,1714694400000,0.00003729
DOTUSDT,1714723200000,0.00009615
DOTUSDT,1714752000000,0.00001211
DOTUSDT,1714780800000,0.00000827
DOTUSDT,1714809600000,0.00009797
DOTUSDT,1714838400000,0.00004477
DOTUSDT,1714867200000,0.00002525
DOTUSDT,1714896000000,0.0001
DOTUSDT,1714924800000,-0.00000368
DOTUSDT,1714953600000,0.00000178
DOTUSDT,1714982400000,0.0001
DOTUSDT,1715011200000,0.0001
DOTUSDT,1715040000000,0.0000491
DOTUSDT,1715068800000,0.00002786
DOTUSDT,1715097600000,0.0001
DOTUSDT,1715126400000,0.0001
DOTUSDT,1715155200000,0.00002367
DOTUSDT,1715184000000,0.0001
DOTUSDT,1715212800000,0.0001
DOTUSDT,1715241600000,0.0001
DOTUSDT,1715270400000,0.00005682
DOTUSDT,1715299200000,0.0000323
DOTUSDT,1715328000000,0.0001
DOTUSDT,1715356800000,0.0001
DOTUSDT,1715385600000,0.00002899
DOTUSDT,1715414400000,0.00005163
DOTUSDT,1715443200000,0.00008893
DOTUSDT,1715472000000,0.00002264
DOTUSDT,1715500800000,-0.00007546
DOTUSDT,1715529600000,0.0001
DOTUSDT,1715558400001,0.00007952
DOTUSDT,1715587200001,0.0001
DOTUSDT,1715616000000,0.00002717
DOTUSDT,1715644800000,0.00003483
DOTUSDT,1715673600000,0.0000152
DOTUSDT,1715702400000,0.0001
DOTUSDT,1715731200000,0.00003093
DOTUSDT,1715760000000,-0.00009232
DOTUSDT,1715788800000,0.0001
DOTUSDT,1715817600004,0.00004395
DOTUSDT,1715846400000,0.0001
DOTUSDT,1715875200000,0.0001
DOTUSDT,1715904000000,0.0001
DOTUSDT,1715932800000,0.0001
DOTUSDT,1715961600000,0.0001
DOTUSDT,1715990400000,0.0001
DOTUSDT,1716019200000,0.0001
DOTUSDT,1716048000000,0.0001
DOTUSDT,1716076800000,0.0001
DOTUSDT,1716105600000,0.00009681
DOTUSDT,1716134400000,0.00007548
DOTUSDT,1716163200000,0.0001
DOTUSDT,1716192000000,0.00006438
DOTUSDT,1716220800003,0.00005341
DOTUSDT,1716249600000,0.0001
DOTUSDT,1716278400001,0.0001
DOTUSDT,1716307200000,0.0001
DOTUSDT,1716336000000,0.0001
DOTUSDT,1716364800000,0.0001
DOTUSDT,1716393600000,0.0001
DOTUSDT,1716422400000,0.0001
DOTUSDT,1716451200000,0.0001
DOTUSDT,1716480000000,0.0001
DOTUSDT,1716508800000,0.0001
DOTUSDT,1716537600000,0.0001
DOTUSDT,1716566400000,0.0001
DOTUSDT,1716595200000,0.0001
DOTUSDT,1716624000000,0.0001
DOTUSDT,1716652800000,0.0001
DOTUSDT,1716681600000,0.0001
DOTUSDT,1716710400000,0.0001
DOTUSDT,1716739200000,0.0001
DOTUSDT,1716768000000,0.0001
DOTUSDT,1716796800000,0.0001
DOTUSDT,1716825600000,0.00012588
DOTUSDT,1716854400000,0.00014969
DOTUSDT,1716883200000,0.0001
DOTUSDT,1716912000000,0.0001
DOTUSDT,1716940800001,0.0001
DOTUSDT,1716969600000,0.0001
DOTUSDT,1716998400000,0.0001
DOTUSDT,1717027200000,0.0001
DOTUSDT,1717056000000,0.0001
DOTUSDT,1717084800000,0.0001
DOTUSDT,1717113600000,0.0001
DOTUSDT,1717142400000,0.0001
DOTUSDT,1717171200000,0.0001
DOTUSDT,1717200000000,0.0001
DOTUSDT,1717228800000,0.0001
DOTUSDT,1717257600001,0.0001
DOTUSDT,1717286400000,0.0001
DOTUSDT,1717315200000,0.00016538
DOTUSDT,1717344000000,0.0001
DOTUSDT,1717372800000,0.0001
DOTUSDT,1717401600000,0.00018867
DOTUSDT,1717430400000,0.0001
DOTUSDT,1717459200000,0.0001
DOTUSDT,1717488000000,0.0001
DOTUSDT,1717516800000,0.0001
DOTUSDT,1717545600000,0.00025404
DOTUSDT,1717574400000,0.00020158
DOTUSDT,1717603200000,0.00016896
DOTUSDT,1717632000000,0.00019823
DOTUSDT,1717660800008,0.00028666
DOTUSDT,1717689600000,0.00020726
DOTUSDT,1717718400000,0.00015095
DOTUSDT,1717747200000,0.00022432
DOTUSDT,1717776000000,0.00025084
DOTUSDT,1717804800000,-0.00003937
DOTUSDT,1717833600000,0.00009812
DOTUSDT,1717862400000,-0.00024136
DOTUSDT,1717891200000,0.0000253
DOTUSDT,1717920000000,-0.00002314
DOTUSDT,1717948800001,-0.00005015
DOTUSDT,1717977600000,0.0000663
DOTUSDT,1718006400000,0.0001
DOTUSDT,1718035200001,0.0001
DOTUSDT,1718064000001,0.0001
DOTUSDT,1718092800000,0.0001
DOTUSDT,1718121600000,0.0001
DOTUSDT,1718150400000,0.00005927
DOTUSDT,1718179200000,0.0001
DOTUSDT,1718208000000,0.00001409
DOTUSDT,1718236800000,0.0001
DOTUSDT,1718265600001,0.0001
DOTUSDT,1718294400000,0.00003064
DOTUSDT,1718323200000,0.0001
DOTUSDT,1718352000000,0.0001
DOTUSDT,1718380800000,0.0001
DOTUSDT,1718409600000,-0.00009107
DOTUSDT,1718438400000,0.00006438
DOTUSDT,1718467200000,0.00004914
DOTUSDT,1718496000001,0.0001
DOTUSDT,1718524800000,0.000083
DOTUSDT,1718553600000,-0.00018576
DOTUSDT,1718582400000,-0.00004324
DOTUSDT,1718611200000,0.0001
DOTUSDT,1718640000000,0.0000957
DOTUSDT,1718668800000,0.00009011
DOTUSDT,1718697600000,-0.00028735
DOTUSDT,1718726400000,-0.00010337
DOTUSDT,1718755200001,0.00009362
DOTUSDT,1718784000001,-0.00018746
DOTUSDT,1718812800000,0.000083
DOTUSDT,1718841600000,0.00006761
DOTUSDT,1718870400000,-0.00004859
DOTUSDT,1718899200000,-0.00009272
DOTUSDT,1718928000000,-0.00005983
DOTUSDT,1718956800000,0.00005618
DOTUSDT,1718985600000,0.0000445
DOTUSDT,1719014400000,0.00004906
DOTUSDT,1719043200000,0.00002951
DOTUSDT,1719072000000,-0.0001568
DOTUSDT,1719100800000,0.0001
DOTUSDT,1719129600000,0.0001
DOTUSDT,1719158400000,0.000081
DOTUSDT,1719187200002,0.0001
DOTUSDT,1719216000000,0.00003228
DOTUSDT,1719244800000,0.0000552
DOTUSDT,1719273600000,0.0001
DOTUSDT,1719302400000,0.0001
DOTUSDT,1719331200000,-0.00005849
DOTUSDT,1719360000002,0.0001
DOTUSDT,1719388800000,-0.00003852
DOTUSDT,1719417600000,0.00001018
DOTUSDT,1719446400000,0.0001
DOTUSDT,1719475200001,-0.00007161
DOTUSDT,1719504000000,-0.00010065
DOTUSDT,1719532800000,0.0001
DOTUSDT,1719561600000,0.00006008
DOTUSDT,1719590400000,0.0000202
DOTUSDT,1719619200001,0.0001
DOTUSDT,1719648000000,0.0001
DOTUSDT,1719676800000,0.0001
DOTUSDT,1719705600000,0.0001
DOTUSDT,1719734400000,0.0001
DOTUSDT,1719763200000,0.0001
DOTUSDT,1719792000000,0.0001
DOTUSDT,1719820800000,0.00002897
DOTUSDT,1719849600001,0.00007017
DOTUSDT,1719878400000,0.00007301
DOTUSDT,1719907200000,0.0001
DOTUSDT,1719936000000,0.00006277
DOTUSDT,1719964800000,0.00001044
DOTUSDT,1719993600001,0.00005868
DOTUSDT,1720022400000,0.0001
DOTUSDT,1720051200000,0.0001
DOTUSDT,1720080000000,0.0001
DOTUSDT,1720108800000,0.00004774
DOTUSDT,1720137600000,0.0001
DOTUSDT,1720166400000,-0.00045998
DOTUSDT,1720195200000,-0.00008428
DOTUSDT,1720224000000,0.00008563
DOTUSDT,1720252800000,-0.00019211
DOTUSDT,1720281600000,-0.00013383
DOTUSDT,1720310400001,0.00006487
DOTUSDT,1720339200000,0.00008338
DOTUSDT,1720368000000,0.0001
DOTUSDT,1720396800000,0.0001
DOTUSDT,1720425600000,0.00000692
DOTUSDT,1720454400000,0.00003735
DOTUSDT,1720483200000,0.0001
DOTUSDT,1720512000001,-0.00014372
DOTUSDT,1720540800000,0.0001
DOTUSDT,1720569600000,0.0001
DOTUSDT,1720598400000,0.0001
DOTUSDT,1720627200000,0.0001
DOTUSDT,1720656000002,0.0001
DOTUSDT,1720684800002,0.0001
DOTUSDT,1720713600004,0.0001
DOTUSDT,1720742400000,0.00006658
DOTUSDT,1720771200000,0.00001431
DOTUSDT,1720800000000,-0.00005977
DOTUSDT,1720828800000,0.0001
DOTUSDT,1720857600000,0.0001
DOTUSDT,1720886400000,0.0001
DOTUSDT,1720915200000,0.0001
DOTUSDT,1720944000000,0.0001
DOTUSDT,1720972800000,0.0001
DOTUSDT,1721001600000,0.0001
DOTUSDT,1721030400000,0.0000863
DOTUSDT,1721059200000,-0.000001
DOTUSDT,1721088000000,0.0001
DOTUSDT,1721116800000,0.0001
DOTUSDT,1721145600000,0.0001
DOTUSDT,1721174400000,0.0001
DOTUSDT,1721203200001,0.0001
DOTUSDT,1721232000000,0.0001
DOTUSDT,1721260800000,0.0001
DOTUSDT,1721289600000,0.0001
DOTUSDT,1721318400000,-0.00001815
DOTUSDT,1721347200000,0.00002204
DOTUSDT,1721376000000,-0.00005044
DOTUSDT,1721404800000,0.00003829
DOTUSDT,1721433600001,0.0001
DOTUSDT,1721462400000,0.0001
DOTUSDT,1721491200000,0.00009968
DOTUSDT,1721520000000,0.0001
DOTUSDT,1721548800000,0.0001
DOTUSDT,1721577600000,0.00003858
DOTUSDT,1721606400000,0.0001
DOTUSDT,1721635200000,0.00005275
DOTUSDT,1721664000000,0.00009414
DOTUSDT,1721692800000,-0.00006877
DOTUSDT,1721721600000,-0.00011758
DOTUSDT,1721750400000,0.00004105
DOTUSDT,1721779200000,-0.00005699
DOTUSDT,1721808000000,-0.00000501
DOTUSDT,1721836800000,0.00001443
DOTUSDT,1721865600000,0.00002115
DOTUSDT,1721894400000,-0.00008129
DOTUSDT,1721923200000,0.00000907
DOTUSDT,1721952000000,-0.0000175
DOTUSDT,1721980800000,-0.0000465
DOTUSDT,1722009600000,0.00006939
DOTUSDT,1722038400000,0.00008056
DOTUSDT,1722067200000,0.0001
DOTUSDT,1722096000000,0.00009558
DOTUSDT,1722124800000,0.0001
DOTUSDT,1722153600000,0.0001
DOTUSDT,1722182400001,0.00001708
DOTUSDT,1722211200001,-0.00003172
DOTUSDT,1722240000000,0.00009918
DOTUSDT,1722268800001,0.00005526
DOTUSDT,1722297600000,-0.000022
DOTUSDT,1722326400001,0.00008835
DOTUSDT,1722355200000,0.00009159
DOTUSDT,1722384000000,0.0000538
DOTUSDT,1722412800000,0.0001
DOTUSDT,1722441600000,0.00000314
DOTUSDT,1722470400000,-0.0000488
DOTUSDT,1722499200000,0.0000422
DOTUSDT,1722528000000,0.0001
DOTUSDT,1722556800000,0.00001893
DOTUSDT,1722585600001,0.00006369
DOTUSDT,1722614400000,0.00000667
DOTUSDT,1722643200000,0.0001
DOTUSDT,1722672000000,0.00005492
DOTUSDT,1722700800001,0.00007121
DOTUSDT,1722729600000,-0.00008003
DOTUSDT,1722758400000,0.00007885
DOTUSDT,1722787200000,-0.00005117
DOTUSDT,1722816000000,-0.00007682
DOTUSDT,1722844800000,-0.00024326
DOTUSDT,1722873600000,-0.00022631
DOTUSDT,1722902400000,-0.00023803
DOTUSDT,1722931200000,-0.00025814
DOTUSDT,1722960000000,-0.00023448
DOTUSDT,1722988800000,-0.00039795
DOTUSDT,1723017600001,-0.00029206
DOTUSDT,1723046400000,-0.00026468
DOTUSDT,1723075200001,-0.00035607
DOTUSDT,1723104000000,-0.00034219
DOTUSDT,1723132800000,-0.00012212
DOTUSDT,1723161600000,-0.00006928
DOTUSDT,1723190400000,-0.00029258
DOTUSDT,1723219200000,-0.0000981
DOTUSDT,1723248000000,0.00005161
DOTUSDT,1723276800000,0.00002997
DOTUSDT,1723305600000,-0.00020963
DOTUSDT,1723334400000,-0.00025328
DOTUSDT,1723363200000,-0.00013775
DOTUSDT,1723392000001,-0.00012471
DOTUSDT,1723420800000,-0.0000361
DOTUSDT,1723449600000,0.00001927
DOTUSDT,1723478400000,-0.00016198
DOTUSDT,1723507200000,-0.00014477
DOTUSDT,1723536000000,-0.00015698
DOTUSDT,1723564800000,-0.00017725
DOTUSDT,1723593600000,0.00004719
DOTUSDT,1723622400000,-0.00007112
DOTUSDT,1723651200000,-0.0000413
DOTUSDT,1723680000000,0.00004984
DOTUSDT,1723708800000,0.0001
DOTUSDT,1723737600000,0.00002248
DOTUSDT,1723766400000,-0.00014509
DOTUSDT,1723795200000,0.00001641
DOTUSDT,1723824000000,-0.00008699
DOTUSDT,1723852800000,0.00000709
DOTUSDT,1723881600000,0.00004882
DOTUSDT,1723910400000,-0.00006587
DOTUSDT,1723939200000,-0.00010571
DOTUSDT,1723968000000,-0.00022512
DOTUSDT,1723996800000,-0.00002519
DOTUSDT,1724025600000,-0.00026692
DOTUSDT,1724054400000,-0.0001271
DOTUSDT,1724083200002,0.0001
DOTUSDT,1724112000000,-0.00000264
DOTUSDT,1724140800000,-0.00000858
DOTUSDT,1724169600001,0.00008675
DOTUSDT,1724198400001,0.0001
DOTUSDT,1724227200000,0.0001
DOTUSDT,1724256000001,0.00004676
DOTUSDT,1724284800000,0.00008071
DOTUSDT,1724313600000,0.0001
DOTUSDT,1724342400008,0.00005635
DOTUSDT,1724371200000,-0.00000018
DOTUSDT,1724400000000,0.00004221
DOTUSDT,1724428800000,0.0001
DOTUSDT,1724457600000,0.00009908
DOTUSDT,1724486400005,-0.00005218
DOTUSDT,1724515200000,0.00004157
DOTUSDT,1724544000000,0.0001
DOTUSDT,1724572800000,0.00002582
DOTUSDT,1724601600000,0.00001172
DOTUSDT,1724630400000,0.00003954
DOTUSDT,1724659200001,0.00004514
DOTUSDT,1724688000000,0.00000448
DOTUSDT,1724716800001,-0.00018745
DOTUSDT,1724745600000,-0.00008044
DOTUSDT,1724774400000,0.0000511
DOTUSDT,1724803200000,-0.0000767
DOTUSDT,1724832000000,-0.00009097
DOTUSDT,1724860800001,-0.00006011
DOTUSDT,1724889600000,-0.0001153
DOTUSDT,1724918400001,-0.00007168
DOTUSDT,1724947200000,-0.00010828
DOTUSDT,1724976000000,-0.00002063
DOTUSDT,1725004800000,-0.00000745
DOTUSDT,1725033600000,-0.00004915
DOTUSDT,1725062400000,0.0001
DOTUSDT,1725091200000,0.00009468
DOTUSDT,1725120000000,0.00007742
DOTUSDT,1725148800000,0.00005302
DOTUSDT,1725177600001,0.00001839
DOTUSDT,1725206400000,-0.00003885
DOTUSDT,1725235200001,-0.0001184
DOTUSDT,1725264000001,-0.00001654
DOTUSDT,1725292800000,0.0000268
DOTUSDT,1725321600000,0.00001227
DOTUSDT,1725350400001,0.00000661
DOTUSDT,1725379200000,0.00007892
DOTUSDT,1725408000000,0.00005311
DOTUSDT,1725436800000,-0.0000299
DOTUSDT,1725465600000,-0.00001005
DOTUSDT,1725494400000,0.00006278
DOTUSDT,1725523200000,-0.00001952
DOTUSDT,1725552000005,0.00002815
DOTUSDT,1725580800000,0.00008768
DOTUSDT,1725609600001,0.00005706
DOTUSDT,1725638400000,-0.00000891
DOTUSDT,1725667200000,-0.00019906
DOTUSDT,1725696000000,0.00002267
DOTUSDT,1725724800000,0.00000823
DOTUSDT,1725753600000,0.0001
DOTUSDT,1725782400000,0.0000974
DOTUSDT,1725811200000,0.0001
DOTUSDT,1725840000000,0.0001
DOTUSDT,1725868800000,0.00008714
DOTUSDT,1725897600001,0.00005631
DOTUSDT,1725926400000,0.0001
DOTUSDT,1725955200000,0.0001
DOTUSDT,1725984000000,0.00004297
DOTUSDT,1726012800000,0.0000227
DOTUSDT,1726041600000,-0.00003022
DOTUSDT,1726070400000,0.000003
DOTUSDT,1726099200000,0.00005683
DOTUSDT,1726128000000,0.0001
DOTUSDT,1726156800000,0.00008101
DOTUSDT,1726185600000,0.000072
DOTUSDT,1726214400001,0.0001
DOTUSDT,1726243200001,0.0001
DOTUSDT,1726272000000,0.00005994
DOTUSDT,1726300800000,0.0001
DOTUSDT,1726329600001,0.00008276
DOTUSDT,1726358400000,0.0001
DOTUSDT,1726387200000,0.0001
DOTUSDT,1726416000000,0.0001
DOTUSDT,1726444800000,0.0001
DOTUSDT,1726473600001,0.00001957
DOTUSDT,1726502400000,0.00001978
DOTUSDT,1726531200001,-0.00006854
DOTUSDT,1726560000000,-0.00004675
DOTUSDT,1726588800000,-0.00005741
DOTUSDT,1726617600000,-0.00011519
DOTUSDT,1726646400000,-0.00017654
DOTUSDT,1726675200004,-0.00011937
DOTUSDT,1726704000000,-0.00009581
DOTUSDT,1726732800000,-0.00003823
DOTUSDT,1726761600001,-0.00002545
DOTUSDT,1726790400000,0.0001
DOTUSDT,1726819200001,0.0001
DOTUSDT,1726848000000,0.0001
DOTUSDT,1726876800001,0.00006511
DOTUSDT,1726905600000,0.0001
DOTUSDT,1726934400000,0.0001
DOTUSDT,1726963200000,0.0001
DOTUSDT,1726992000000,0.0001
DOTUSDT,1727020800000,0.0001
DOTUSDT,1727049600000,0.00002055
DOTUSDT,1727078400000,0.0000688
DOTUSDT,1727107200000,0.0001
DOTUSDT,1727136000000,0.0001
DOTUSDT,1727164800000,0.0001
DOTUSDT,1727193600001,0.0001
DOTUSDT,1727222400000,0.0001
DOTUSDT,1727251200003,0.0001
DOTUSDT,1727280000000,0.0001
DOTUSDT,1727308800005,0.0001
DOTUSDT,1727337600000,0.0001
DOTUSDT,1727366400000,0.0001
DOTUSDT,1727395200000,0.0001
DOTUSDT,1727424000000,0.0001
DOTUSDT,1727452800000,0.0001
DOTUSDT,1727481600000,0.0001
DOTUSDT,1727510400001,0.0001
DOTUSDT,1727539200000,0.0001
DOTUSDT,1727568000001,0.0001
DOTUSDT,1727596800000,0.0001
DOTUSDT,1727625600000,0.0001
DOTUSDT,1727654400000,0.0001
DOTUSDT,1727683200001,0.0001
DOTUSDT,1727712000000,0.0001
DOTUSDT,1727740800000,0.00005189
DOTUSDT,1727769600000,0.0000528
DOTUSDT,1727798400001,-0.00000638
DOTUSDT,1727827200000,-0.00011122
DOTUSDT,1727856000000,0.00006481
DOTUSDT,1727884800000,0.0001
DOTUSDT,1727913600000,0.00002635
DOTUSDT,1727942400000,0.00000451
DOTUSDT,1727971200000,0.00006289
DOTUSDT,1728000000000,0.00007004
DOTUSDT,1728028800000,0.00000319
DOTUSDT,1728057600001,0.0001
DOTUSDT,1728086400000,0.00004805
DOTUSDT,1728115200000,0.00005053
DOTUSDT,1728144000000,0.00003965
DOTUSDT,1728172800000,0.0001
DOTUSDT,1728201600001,0.0000385
DOTUSDT,1728230400000,0.00004439
DOTUSDT,1728259200000,0.0001
DOTUSDT,1728288000000,0.00002404
DOTUSDT,1728316800001,0.00007628
DOTUSDT,1728345600000,0.0001
DOTUSDT,1728374400000,0.0000543
DOTUSDT,1728403200000,0.0001
DOTUSDT,1728432000000,0.0001
DOTUSDT,1728460800000,0.0001
DOTUSDT,1728489600000,0.0001
DOTUSDT,1728518400000,-0.00000519
DOTUSDT,1728547200000,-0.0000001
DOTUSDT,1728576000000,0.0000679
DOTUSDT,1728604800000,0.0001
DOTUSDT,1728633600000,0.0001
DOTUSDT,1728662400001,0.0001
DOTUSDT,1728691200000,0.0001
DOTUSDT,1728720000001,0.0001
DOTUSDT,1728748800000,0.0001
DOTUSDT,1728777600000,0.0001
DOTUSDT,1728806400000,0.0001
DOTUSDT,1728835200000,0.0001
DOTUSDT,1728864000000,0.0001
DOTUSDT,1728892800000,0.0001
DOTUSDT,1728921600000,0.0001
DOTUSDT,1728950400000,0.0001
DOTUSDT,1728979200000,0.0001
DOTUSDT,1729008000000,0.0001
DOTUSDT,1729036800000,0.0001
DOTUSDT,1729065600001,0.0001
DOTUSDT,1729094400000,0.0001
DOTUSDT,1729123200000,0.0001
DOTUSDT,1729152000000,0.0001
DOTUSDT,1729180800001,0.0001
DOTUSDT,1729209600010,0.0001
DOTUSDT,1729238400001,0.00008465
DOTUSDT,1729267200000,0.0001
DOTUSDT,1729296000000,0.0001
DOTUSDT,1729324800000,0.0001
DOTUSDT,1729353600000,0.0001
DOTUSDT,1729382400000,0.0001
DOTUSDT,1729411200000,0.0001
DOTUSDT,1729440000000,0.0001
DOTUSDT,1729468800000,0.0001
DOTUSDT,1729497600000,0.0001
DOTUSDT,1729526400000,0.0001
DOTUSDT,1729555200000,0.0001
DOTUSDT,1729584000000,0.0001
DOTUSDT,1729612800000,0.0001
DOTUSDT,1729641600000,0.0001
DOTUSDT,1729670400000,0.0001
DOTUSDT,1729699200000,0.0001
DOTUSDT,1729728000000,0.0001
DOTUSDT,1729756800000,0.0001
DOTUSDT,1729785600000,0.0001
DOTUSDT,1729814400000,0.0001
DOTUSDT,1729843200000,0.0001
DOTUSDT,1729872000000,0.0001
DOTUSDT,1729900800000,0.00007796
DOTUSDT,1729929600001,0.00004709
DOTUSDT,1729958400000,0.00003786
DOTUSDT,1729987200000,0.0001
DOTUSDT,1730016000000,0.0001
DOTUSDT,1730044800000,0.0001
DOTUSDT,1730073600000,0.00007889
DOTUSDT,1730102400001,0.0001
DOTUSDT,1730131200000,0.0001
DOTUSDT,1730160000000,0.0001
DOTUSDT,1730188800000,0.0001
DOTUSDT,1730217600004,0.0001
DOTUSDT,1730246400000,0.0001
DOTUSDT,1730275200000,0.0001
DOTUSDT,1730304000013,0.0001
DOTUSDT,1730332800000,0.0001
DOTUSDT,1730361600000,0.0001
DOTUSDT,1730390400000,0.0001
DOTUSDT,1730419200000,0.0001
DOTUSDT,1730448000000,0.0001
DOTUSDT,1730476800000,0.0001
DOTUSDT,1730505600000,0.0001
DOTUSDT,1730534400000,0.0001
DOTUSDT,1730563200000,0.00009535
DOTUSDT,1730592000000,0.0001
DOTUSDT,1730620800000,-0.00000085
DOTUSDT,1730649600000,0.00003649
DOTUSDT,1730678400000,0.00007336
DOTUSDT,1730707200000,-0.00001228
DOTUSDT,1730736000000,0.0000573
DOTUSDT,1730764800000,0.00006752
DOTUSDT,1730793600003,0.0001
DOTUSDT,1730822400001,0.0001
DOTUSDT,1730851200000,0.0001
DOTUSDT,1730880000000,0.0001
DOTUSDT,1730908800000,0.0001
DOTUSDT,1730937600000,0.0001
DOTUSDT,1730966400000,0.0001
DOTUSDT,1730995200000,0.0001
DOTUSDT,1731024000000,0.0001
DOTUSDT,1731052800000,0.0001
DOTUSDT,1731081600000,0.0001
DOTUSDT,1731110400000,0.0001
DOTUSDT,1731139200000,0.0001
DOTUSDT,1731168000000,0.0001
DOTUSDT,1731196800000,0.0001
DOTUSDT,1731225600000,0.0001
DOTUSDT,1731254400000,0.00011799
DOTUSDT,1731283200001,0.00013058
DOTUSDT,1731312000000,0.00011971
DOTUSDT,1731340800000,0.0001
DOTUSDT,1731369600002,0.0001589
DOTUSDT,1731398400000,0.00042653
DOTUSDT,1731427200000,0.00037945
DOTUSDT,1731456000000,0.0001
DOTUSDT,1731484800010,0.00017632
DOTUSDT,1731513600000,0.0001
DOTUSDT,1731542400001,0.00019996
DOTUSDT,1731571200000,0.0001
DOTUSDT,1731600000000,0.0001
DOTUSDT,1731628800000,0.0001
DOTUSDT,1731657600000,0.0001
DOTUSDT,1731686400000,0.0001
DOTUSDT,1731715200001,0.0001
DOTUSDT,1731744000001,0.0001
DOTUSDT,1731772800000,0.0001
DOTUSDT,1731801600000,0.0001
DOTUSDT,1731830400000,0.0001
DOTUSDT,1731859200001,0.0001
DOTUSDT,1731888000000,0.0001
DOTUSDT,1731916800000,0.0001
DOTUSDT,1731945600000,0.0001
DOTUSDT,1731974400000,0.0001
DOTUSDT,1732003200000,0.0001
DOTUSDT,1732032000000,0.0001
DOTUSDT,1732060800003,0.0001
DOTUSDT,1732089600000,0.0001
DOTUSDT,1732118400000,0.0001
DOTUSDT,1732147200001,0.0001
DOTUSDT,1732176000000,0.0001
DOTUSDT,1732204800001,0.0001
DOTUSDT,1732233600000,0.0001008
DOTUSDT,1732262400000,0.0002332
DOTUSDT,1732291200001,0.00021227
DOTUSDT,1732320000000,0.0001
DOTUSDT,1732348800000,0.00023183
DOTUSDT,1732377600000,0.00022532
DOTUSDT,1732406400001,0.00029352
DOTUSDT,1732435200000,0.0001
DOTUSDT,1732464000000,0.00015419
DOTUSDT,1732492800000,0.0001
DOTUSDT,1732521600000,0.00011569
DOTUSDT,1732550400000,0.00015812
DOTUSDT,1732579200000,0.00017839
DOTUSDT,1732608000000,0.00018678
DOTUSDT,1732636800000,0.0001
DOTUSDT,1732665600000,0.0001
DOTUSDT,1732694400000,0.00011872
DOTUSDT,1732723200001,0.0001
DOTUSDT,1732752000000,0.0001
DOTUSDT,1732780800000,0.0001
DOTUSDT,1732809600000,0.0001
DOTUSDT,1732838400000,0.0001244
DOTUSDT,1732867200000,0.0001974
DOTUSDT,1732896000000,0.0001
DOTUSDT,1732924800000,0.0001
DOTUSDT,1732953600000,0.0001
DOTUSDT,1732982400000,0.00018458
DOTUSDT,1733011200000,0.0002388
DOTUSDT,1733040000000,0.0001
DOTUSDT,1733068800000,0.00034245
DOTUSDT,1733097600001,0.00033207
DOTUSDT,1733126400001,0.00010445
DOTUSDT,1733155200000,0.00014907
DOTUSDT,1733184000000,0.00031352
DOTUSDT,1733212800000,0.00043146
DOTUSDT,1733241600000,0.00020019
DOTUSDT,1733270400000,0.0001
DOTUSDT,1733299200000,0.00031763
DOTUSDT,1733328000000,0.00047492
DOTUSDT,1733356800001,0.00027969
DOTUSDT,1733385600000,0.00034316
DOTUSDT,1733414400000,0.00037713
DOTUSDT,1733443200000,0.00041191
DOTUSDT,1733472000000,0.00039989
DOTUSDT,1733500800000,0.00018253
DOTUSDT,1733529600000,0.00037654
DOTUSDT,1733558400000,0.00029654
DOTUSDT,1733587200000,0.00033696
DOTUSDT,1733616000000,0.00045797
DOTUSDT,1733644800000,0.00014297
DOTUSDT,1733673600000,0.00023946
DOTUSDT,1733702400000,0.00037232
DOTUSDT,1733731200000,0.00031998
DOTUSDT,1733760000001,0.0001
DOTUSDT,1733788800007,0.0001
DOTUSDT,1733817600000,0.0001
DOTUSDT,1733846400000,0.0001
DOTUSDT,1733875200000,0.00009222
DOTUSDT,1733904000000,0.0001
DOTUSDT,1733932800001,0.00000744
DOTUSDT,1733961600001,0.0001
DOTUSDT,1733990400000,0.0001
DOTUSDT,1734019200001,0.0001
DOTUSDT,1734048000000,0.0001
DOTUSDT,1734076800000,0.0001
DOTUSDT,1734105600001,0.0001
DOTUSDT,1734134400000,0.0001
DOTUSDT,1734163200000,0.0001
DOTUSDT,1734192000000,0.0001
DOTUSDT,1734220800000,0.0001
DOTUSDT,1734249600000,0.0001
DOTUSDT,1734278400000,0.0001
DOTUSDT,1734307200000,0.0001
DOTUSDT,1734336000001,0.0001
DOTUSDT,1734364800000,0.0001
DOTUSDT,1734393600000,0.0001
DOTUSDT,1734422400000,0.0001
DOTUSDT,1734451200000,0.0001
DOTUSDT,1734480000000,0.0001
DOTUSDT,1734508800000,0.0001
DOTUSDT,1734537600000,0.0001
DOTUSDT,1734566400000,0.0001
DOTUSDT,1734595200000,0.00009686
DOTUSDT,1734624000000,0.0001
DOTUSDT,1734652800000,0.0000533
DOTUSDT,1734681600001,0.0001
DOTUSDT,1734710400014,-0.00000655
DOTUSDT,1734739200000,0.0001
DOTUSDT,1734768000000,0.0001
DOTUSDT,1734796800001,0.0001
DOTUSDT,1734825600000,0.0001
DOTUSDT,1734854400000,0.0001
DOTUSDT,1734883200000,0.0001
DOTUSDT,1734912000000,0.0001
DOTUSDT,1734940800000,0.0001
DOTUSDT,1734969600001,0.00008341
DOTUSDT,1734998400000,0.0001
DOTUSDT,1735027200000,0.0001
DOTUSDT,1735056000001,0.0001
DOTUSDT,1735084800001,0.0001
DOTUSDT,1735113600000,0.0001
DOTUSDT,1735142400000,0.0001
DOTUSDT,1735171200000,0.0001
DOTUSDT,1735200000000,0.0001
DOTUSDT,1735228800000,0.00002121
DOTUSDT,1735257600000,0.0001
DOTUSDT,1735286400000,0.00008416
DOTUSDT,1735315200000,0.0001
DOTUSDT,1735344000001,0.00009109
DOTUSDT,1735372800000,0.00004735
DOTUSDT,1735401600000,-0.00001873
DOTUSDT,1735430400000,0.0001
DOTUSDT,1735459200000,0.0001
DOTUSDT,1735488000000,0.00009098
DOTUSDT,1735516800000,0.00003786
DOTUSDT,1735545600001,0.0001
DOTUSDT,1735574400000,-0.00009935
DOTUSDT,1735603200000,0.00004042
DOTUSDT,1735632000000,0.0000704
DOTUSDT,1735660800000,0.0001
DOTUSDT,1735689600015,0.00004902
DOTUSDT,1735718400000,0.00003877
DOTUSDT,1735747200001,0.0001
DOTUSDT,1735776000000,0.0001
DOTUSDT,1735804800006,0.0001
DOTUSDT,1735833600000,0.0001
DOTUSDT,1735862400000,0.0001
DOTUSDT,1735891200000,0.0001
DOTUSDT,1735920000000,0.0001
DOTUSDT,1735948800000,0.0001
DOTUSDT,1735977600000,0.0001
DOTUSDT,1736006400000,0.0001
DOTUSDT,1736035200000,0.0001
DOTUSDT,1736064000000,0.0001
DOTUSDT,1736092800000,0.0001
DOTUSDT,1736121600000,0.0001
DOTUSDT,1736150400001,0.0001
DOTUSDT,1736179200000,0.0001
DOTUSDT,1736208000000,0.0001
DOTUSDT,1736236800000,0.0001
DOTUSDT,1736265600008,0.0001
DOTUSDT,1736294400001,0.00002534
DOTUSDT,1736323200000,0.00005228
DOTUSDT,1736352000000,-0.00003343
DOTUSDT,1736380800000,-0.0002099
DOTUSDT,1736409600000,-0.00000777
DOTUSDT,1736438400000,0.00002823
DOTUSDT,1736467200000,0.00006609
DOTUSDT,1736496000000,0.00004988
DOTUSDT,1736524800000,0.00004678
DOTUSDT,1736553600000,0.0001
DOTUSDT,1736582400000,0.0001
DOTUSDT,1736611200000,0.0001
DOTUSDT,1736640000000,0.0001
DOTUSDT,1736668800000,0.0001
DOTUSDT,1736697600000,0.0001
DOTUSDT,1736726400000,0.0001
DOTUSDT,1736755200000,-0.00006785
DOTUSDT,1736784000000,0.0000508
DOTUSDT,1736812800000,-0.00004038
DOTUSDT,1736841600000,0.00009886
DOTUSDT,1736870400000,0.00001071
DOTUSDT,1736899200000,0.0001
DOTUSDT,1736928000000,0.0001
DOTUSDT,1736956800000,0.0001
DOTUSDT,1736985600000,0.0001
DOTUSDT,1737014400000,0.0001
DOTUSDT,1737043200000,0.0001
DOTUSDT,1737072000004,0.0001
DOTUSDT,1737100800000,0.0001
DOTUSDT,1737129600008,0.0001
DOTUSDT,1737158400000,0.0001
DOTUSDT,1737187200007,0.0001
DOTUSDT,1737216000000,0.0001
DOTUSDT,1737244800000,0.00009786
DOTUSDT,1737273600000,0.0001
DOTUSDT,1737302400000,0.0001
DOTUSDT,1737331200000,0.0001
DOTUSDT,1737360000009,0.00009909
DOTUSDT,1737388800000,0.0001
DOTUSDT,1737417600000,0.0001
DOTUSDT,1737446400000,0.00006052
DOTUSDT,1737475200000,0.0001
DOTUSDT,1737504000000,0.0001
DOTUSDT,1737532800000,0.0001
DOTUSDT,1737561600000,0.0001
DOTUSDT,1737590400001,0.0001
DOTUSDT,1737619200000,0.0001
DOTUSDT,1737648000000,0.0001
DOTUSDT,1737676800000,0.0001
DOTUSDT,1737705600000,0.0001
DOTUSDT,1737734400000,0.0001
DOTUSDT,1737763200000,0.0001
DOTUSDT,1737792000000,0.0001
DOTUSDT,1737820800001,0.0001
DOTUSDT,1737849600000,0.0001
DOTUSDT,1737878400000,0.0001
DOTUSDT,1737907200000,0.0001
DOTUSDT,1737936000000,0.00005045
DOTUSDT,1737964800000,-0.000014
DOTUSDT,1737993600000,0.00005119
DOTUSDT,1738022400000,0.00009152
DOTUSDT,1738051200000,0.0001
DOTUSDT,1738080000000,0.0001
DOTUSDT,1738108800000,0.00004298
DOTUSDT,1738137600000,0.0001
DOTUSDT,1738166400000,0.0001
DOTUSDT,1738195200000,-0.00001495
DOTUSDT,1738224000000,0.0001
DOTUSDT,1738252800000,0.0001
DOTUSDT,1738281600000,0.0001
DOTUSDT,1738310400000,0.0001
DOTUSDT,1738339200000,0.0001
DOTUSDT,1738368000000,0.0001
DOTUSDT,1738396800000,0.0001
DOTUSDT,1738425600000,0.0001
DOTUSDT,1738454400001,0.0001
DOTUSDT,1738483200000,-0.00000359
DOTUSDT,1738512000000,-0.00002261
DOTUSDT,1738540800000,-0.00009528
DOTUSDT,1738569600000,-0.00040427
DOTUSDT,1738598400000,-0.00009438
DOTUSDT,1738627200000,-0.00002343
DOTUSDT,1738656000001,0.00000777
DOTUSDT,1738684800000,-0.00005938
DOTUSDT,1738713600001,-0.00000614
DOTUSDT,1738742400001,0.0001
DOTUSDT,1738771200000,-0.00006373
DOTUSDT,1738800000001,-0.00001513
DOTUSDT,1738828800001,-0.00000145
DOTUSDT,1738857600000,-0.00008309
DOTUSDT,1738886400000,-0.00000746
DOTUSDT,1738915200000,-0.00010707
DOTUSDT,1738944000000,0.00004323
DOTUSDT,1738972800000,0.00004743
DOTUSDT,1739001600000,-0.00005636
DOTUSDT,1739030400000,0.00005447
DOTUSDT,1739059200000,0.00002811
DOTUSDT,1739088000000,0.00008927
DOTUSDT,1739116800000,0.0001
DOTUSDT,1739145600000,0.00005118
DOTUSDT,1739174400000,0.00008213
DOTUSDT,1739203200000,0.0001
DOTUSDT,1739232000000,0.00007101
DOTUSDT,1739260800000,0.00006925
DOTUSDT,1739289600000,0.00007514
DOTUSDT,1739318400000,-0.00000397
DOTUSDT,1739347200000,0.00003422
DOTUSDT,1739376000001,-0.00006408
DOTUSDT,1739404800001,0.0001
DOTUSDT,1739433600000,0.0001
DOTUSDT,1739462400001,-0.00001619
DOTUSDT,1739491200000,0.00001077
DOTUSDT,1739520000001,0.00004961
DOTUSDT,1739548800000,-0.00001234
DOTUSDT,1739577600000,0.00004156
DOTUSDT,1739606400000,-0.00000266
DOTUSDT,1739635200000,-0.00010334
DOTUSDT,1739664000000,0.00005908
DOTUSDT,1739692800000,0.00007158
DOTUSDT,1739721600000,0.00002962
DOTUSDT,1739750400000,-0.00004715
DOTUSDT,1739779200000,0.00005436
DOTUSDT,1739808000000,0.00006434
DOTUSDT,1739836800000,0.00008693
DOTUSDT,1739865600000,0.00001465
DOTUSDT,1739894400000,0.00002449
DOTUSDT,1739923200000,-0.00002464
DOTUSDT,1739952000000,0.0001
DOTUSDT,1739980800000,0.00003397
DOTUSDT,1740009600000,0.0001
DOTUSDT,1740038400000,0.0001
DOTUSDT,1740067200000,0.0001
DOTUSDT,1740096000001,0.0001
DOTUSDT,1740124800000,0.0001
DOTUSDT,1740153600000,0.0001
DOTUSDT,1740182400000,0.0001
DOTUSDT,1740211200000,0.00007464
DOTUSDT,1740240000000,-0.00000778
DOTUSDT,1740268800000,0.00000698
DOTUSDT,1740297600000,0.00005941
DOTUSDT,1740326400000,-0.00006517
DOTUSDT,1740355200000,-0.00003791
DOTUSDT,1740384000000,-0.00017774
DOTUSDT,1740412800000,-0.00010587
DOTUSDT,1740441600000,0.00002124
DOTUSDT,1740470400000,-0.00005875
DOTUSDT,1740499200000,-0.00010288
DOTUSDT,1740528000000,0.00002659
DOTUSDT,1740556800000,0.0001
DOTUSDT,1740585600000,0.0001
DOTUSDT,1740614400001,0.0001
DOTUSDT,1740643200000,0.0001
DOTUSDT,1740672000000,0.0001
DOTUSDT,1740700800001,0.0001
DOTUSDT,1740729600000,-0.00004239
DOTUSDT,1740758400000,-0.00011075
DOTUSDT,1740787200000,-0.00001333
DOTUSDT,1740816000000,0.00001523
DOTUSDT,1740844800001,-0.00014291
DOTUSDT,1740873600000,-0.00001239
DOTUSDT,1740902400000,0.00007434
DOTUSDT,1740931200000,-0.00012704
DOTUSDT,1740960000001,0.0001
DOTUSDT,1740988800000,0.0001
DOTUSDT,1741017600000,0.0001
DOTUSDT,1741046400001,-0.00014682
DOTUSDT,1741075200005,-0.00012376
DOTUSDT,1741104000000,-0.00021918
DOTUSDT,1741132800000,-0.00012611
DOTUSDT,1741161600000,-0.00015125
DOTUSDT,1741190400000,-0.00000566
DOTUSDT,1741219200000,0.00003619
DOTUSDT,1741248000001,0.00005893
DOTUSDT,1741276800000,0.0001
DOTUSDT,1741305600000,-0.00014741
DOTUSDT,1741334400001,0.00001362
DOTUSDT,1741363200000,0.0001
DOTUSDT,1741392000000,0.0001
DOTUSDT,1741420800001,-0.00016735
DOTUSDT,1741449600001,-0.00007145
DOTUSDT,1741478400001,-0.00015454
DOTUSDT,1741507200000,-0.00014735
DOTUSDT,1741536000000,-0.0001045
DOTUSDT,1741564800000,-0.00026976
DOTUSDT,1741593600000,-0.00018696
DOTUSDT,1741622400000,-0.00000354
DOTUSDT,1741651200000,-0.00034954
DOTUSDT,1741680000000,-0.00029326
DOTUSDT,1741708800001,0.00002048
DOTUSDT,1741737600000,-0.00001116
DOTUSDT,1741766400000,-0.00005603
DOTUSDT,1741795200001,0.0000171
DOTUSDT,1741824000000,0.00007936
DOTUSDT,1741852800000,-0.00022123
DOTUSDT,1741881600000,0.0001
DOTUSDT,1741910400000,-0.00006691
DOTUSDT,1741939200000,0.00009855
DOTUSDT,1741968000000,0.0001
DOTUSDT,1741996800000,0.00005235
DOTUSDT,1742025600000,0.00008241
DOTUSDT,1742054400000,0.00007856
DOTUSDT,1742083200000,0.00001849
DOTUSDT,1742112000000,0.00006994
DOTUSDT,1742140800000,0.00009094
DOTUSDT,1742169600000,0.00007115
DOTUSDT,1742198400000,0.0001
DOTUSDT,1742227200000,0.00007768
DOTUSDT,1742256000000,0.0001
DOTUSDT,1742284800000,-0.00003109
DOTUSDT,1742313600000,0.0001
DOTUSDT,1742342400000,0.00008735
DOTUSDT,1742371200000,0.00004924
DOTUSDT,1742400000000,0.00005282
DOTUSDT,1742428800000,0.00003196
DOTUSDT,1742457600000,-0.00003568
DOTUSDT,1742486400000,0.00001143
DOTUSDT,1742515200000,-0.00011193
DOTUSDT,1742544000000,0.0001
DOTUSDT,1742572800000,0.0001
DOTUSDT,1742601600000,0.0001
DOTUSDT,1742630400004,-0.00001873
DOTUSDT,1742659200000,-0.00013665
DOTUSDT,1742688000000,0.00001602
DOTUSDT,1742716800000,-0.0000127
DOTUSDT,1742745600000,0.0001
DOTUSDT,1742774400000,0.00008034
DOTUSDT,1742803200000,0.0001
DOTUSDT,1742832000000,0.0001
DOTUSDT,1742860800001,0.0001
DOTUSDT,1742889600000,0.0001
DOTUSDT,1742918400000,0.0001
DOTUSDT,1742947200000,0.0001
DOTUSDT,1742976000000,0.0001
DOTUSDT,1743004800001,0.0001
DOTUSDT,1743033600001,0.0001
DOTUSDT,1743062400001,0.0001
DOTUSDT,1743091200002,-0.00005626
DOTUSDT,1743120000001,0.00005976
DOTUSDT,1743148800001,-0.00005588
DOTUSDT,1743177600000,-0.00011721
DOTUSDT,1743206400000,-0.00007465
DOTUSDT,1743235200000,-0.00008103
DOTUSDT,1743264000000,0.00002536
DOTUSDT,1743292800000,-0.00018557
DOTUSDT,1743321600000,-0.00021642
DOTUSDT,1743350400000,-0.00001555
DOTUSDT,1743379200000,-0.00011776
DOTUSDT,1743408000000,-0.0000695
DOTUSDT,1743436800000,0.00004565
DOTUSDT,1743465600000,-0.00005098
DOTUSDT,1743494400001,-0.00016071
DOTUSDT,1743523200000,0.0001
DOTUSDT,1743552000001,-0.00006318
DOTUSDT,1743580800000,0.00000965
DOTUSDT,1743609600000,-0.00001136
DOTUSDT,1743638400000,-0.00003095
DOTUSDT,1743667200000,0.00002949
DOTUSDT,1743696000000,-0.0000137
DOTUSDT,1743724800000,-0.00003094
DOTUSDT,1743753600000,-0.00010508
DOTUSDT,1743782400000,0.00008979
DOTUSDT,1743811200000,0.00007583
DOTUSDT,1743840000000,-0.00000202
DOTUSDT,1743868800000,-0.00010565
DOTUSDT,1743897600000,0.00003419
DOTUSDT,1743926400000,0.0001
DOTUSDT,1743955200002,0.0000401
DOTUSDT,1743984000000,-0.00012781
DOTUSDT,1744012800000,-0.00014414
DOTUSDT,1744041600000,-0.00017569
DOTUSDT,1744070400000,-0.00014389
DOTUSDT,1744099200000,-0.00019322
DOTUSDT,1744128000000,0.00006006
DOTUSDT,1744156800000,0.00004599
DOTUSDT,1744185600001,-0.00007954
DOTUSDT,1744214400000,0.0000975
DOTUSDT,1744243200000,0.0001
DOTUSDT,1744272000000,-0.00009573
DOTUSDT,1744300800000,-0.0000976
DOTUSDT,1744329600001,-0.00001558
DOTUSDT,1744358400000,0.00005525
DOTUSDT,1744387200000,0.00000266
DOTUSDT,1744416000000,0.0001
DOTUSDT,1744444800001,0.00005724
DOTUSDT,1744473600000,0.00000354
DOTUSDT,1744502400000,0.0001
DOTUSDT,1744531200000,-0.00002543
DOTUSDT,1744560000000,0.00005296
DOTUSDT,1744588800000,0.0001
DOTUSDT,1744617600000,-0.00013408
DOTUSDT,1744646400000,0.0000368
DOTUSDT,1744675200000,0.00006428
DOTUSDT,1744704000000,-0.00014739
DOTUSDT,1744732800001,-0.00006409
DOTUSDT,1744761600000,-0.00004495
DOTUSDT,1744790400000,-0.00014704
DOTUSDT,1744819200000,-0.00017334
DOTUSDT,1744848000001,0.00003193
DOTUSDT,1744876800000,0.0001
DOTUSDT,1744905600001,0.0001
DOTUSDT,1744934400000,0.0001
DOTUSDT,1744963200000,0.0001
DOTUSDT,1744992000000,0.0001
DOTUSDT,1745020800000,0.00001694
DOTUSDT,1745049600000,0.00003007
DOTUSDT,1745078400000,0.0001
DOTUSDT,1745107200000,0.0001
DOTUSDT,1745136000000,0.0001
DOTUSDT,1745164800000,0.00007153
DOTUSDT,1745193600000,0.00005925
DOTUSDT,1745222400005,0.00002404
DOTUSDT,1745251200003,0.0001
DOTUSDT,1745280000008,-0.00004556
DOTUSDT,1745308800000,-0.00025562
DOTUSDT,1745337600000,-0.0000877
DOTUSDT,1745366400000,0.0001
DOTUSDT,1745395200002,0.0001
DOTUSDT,1745424000000,0.0001
DOTUSDT,1745452800000,0.0001
DOTUSDT,1745481600001,0.0001
DOTUSDT,1745510400001,0.0001
DOTUSDT,1745539200007,0.0001
DOTUSDT,1745568000002,0.0001
DOTUSDT,1745596800003,0.0001
DOTUSDT,1745625600002,0.0001
DOTUSDT,1745654400000,0.00008169
DOTUSDT,1745683200002,0.0001
DOTUSDT,1745712000001,0.0001
DOTUSDT,1745740800000,0.00005767
DOTUSDT,1745769600000,0.00003622
DOTUSDT,1745798400001,0.00002872
DOTUSDT,1745827200003,0.0001
DOTUSDT,1745856000005,0.00001422
DOTUSDT,1745884800000,0.0001
DOTUSDT,1745913600000,0.0001
DOTUSDT,1745942400010,0.0001
DOTUSDT,1745971200001,-0.00003594
DOTUSDT,1746000000000,0.00001416
DOTUSDT,1746028800003,-0.00007161
DOTUSDT,1746057600000,-0.00000608
DOTUSDT,1746086400000,0.00002415
DOTUSDT,1746115200001,0.0001
DOTUSDT,1746144000000,0.0001
DOTUSDT,1746172800000,0.0001
DOTUSDT,1746201600003,0.00007179
DOTUSDT,1746230400000,0.00003057
DOTUSDT,1746259200000,0.00000014
DOTUSDT,1746288000000,-0.00008452
DOTUSDT,1746316800001,-0.00004195
DOTUSDT,1746345600001,-0.00007899
DOTUSDT,1746374400002,-0.00012124
DOTUSDT,1746403200000,0.00001836
DOTUSDT,1746432000000,0.00007091
DOTUSDT,1746460800006,-0.00005245
DOTUSDT,1746489600002,-0.00002247
DOTUSDT,1746518400005,-0.00002177
DOTUSDT,1746547200000,0.00002958
DOTUSDT,1746576000002,0.00007093
DOTUSDT,1746604800000,0.00007783
DOTUSDT,1746633600006,-0.00001672
DOTUSDT,1746662400000,0.0001
DOTUSDT,1746691200001,0.0001
DOTUSDT,1746720000002,0.0001
DOTUSDT,1746748800001,0.0001
DOTUSDT,1746777600006,0.0001
DOTUSDT,1746806400000,0.0001
DOTUSDT,1746835200001,0.0001
DOTUSDT,1746864000000,0.0001
DOTUSDT,1746892800001,0.0001
DOTUSDT,1746921600000,0.0001
DOTUSDT,1746950400001,0.0001
DOTUSDT,1746979200001,0.0001
DOTUSDT,1747008000004,0.0001
DOTUSDT,1747036800000,0.0001
DOTUSDT,1747065600000,0.0001
DOTUSDT,1747094400000,0.0001
DOTUSDT,1747123200008,0.0001
DOTUSDT,1747152000001,0.0001
DOTUSDT,1747180800007,0.0001
DOTUSDT,1747209600000,0.0001
DOTUSDT,1747238400002,0.00004092
DOTUSDT,1747267200000,-0.00000501
DOTUSDT,1747296000003,0.00001444
DOTUSDT,1747324800000,0.0001
DOTUSDT,1747353600001,0.0001
DOTUSDT,1747382400000,0.0000094
DOTUSDT,1747411200000,0.0001
DOTUSDT,1747440000000,0.00003271
DOTUSDT,1747468800001,0.00005317
DOTUSDT,1747497600004,0.00006798
DOTUSDT,1747526400000,0.00004033
DOTUSDT,1747555200000,-0.00005138
DOTUSDT,1747584000000,0.0001
DOTUSDT,1747612800000,0.00006924
DOTUSDT,1747641600006,0.0000067
DOTUSDT,1747670400010,0.00005095
DOTUSDT,1747699200000,0.0001
DOTUSDT,1747728000002,0.00005277
DOTUSDT,1747756800000,0.00001945
DOTUSDT,1747785600000,0.0001
DOTUSDT,1747814400001,0.0001
DOTUSDT,1747843200004,0.0001
DOTUSDT,1747872000001,0.0001
DOTUSDT,1747900800000,0.0001
DOTUSDT,1747929600002,0.0001
DOTUSDT,1747958400006,0.0001
DOTUSDT,1747987200000,0.0001
DOTUSDT,1748016000007,0.00009765
DOTUSDT,1748044800010,-0.00003038
DOTUSDT,1748073600000,-0.00012438
DOTUSDT,1748102400003,-0.00007634
DOTUSDT,1748131200004,0.00000993
DOTUSDT,1748160000000,-0.00000647
DOTUSDT,1748188800000,-0.00000805
DOTUSDT,1748217600000,0.0000159
DOTUSDT,1748246400000,-0.0000153
DOTUSDT,1748275200002,0.0001
DOTUSDT,1748304000003,-0.00000892
DOTUSDT,1748332800001,0.00002786
DOTUSDT,1748361600005,0.00006701
DOTUSDT,1748390400002,0.0001
DOTUSDT,1748419200003,0.00001809
DOTUSDT,1748448000002,0.0001
DOTUSDT,1748476800000,-0.00006462
DOTUSDT,1748505600006,0.0001
DOTUSDT,1748534400000,-0.00002162
DOTUSDT,1748563200003,-0.00013445
DOTUSDT,1748592000003,-0.00025769
DOTUSDT,1748620800000,0.00001112
DOTUSDT,1748649600000,0.00002069
DOTUSDT,1748678400000,-0.00023528
DOTUSDT,1748707200000,-0.0000274
DOTUSDT,1748736000001,0.00004672
DOTUSDT,1748764800002,0.0001
DOTUSDT,1748793600000,0.00006043
DOTUSDT,1748822400001,0.00007157
DOTUSDT,1748851200000,0.0001
DOTUSDT,1748880000000,0.00003721
DOTUSDT,1748908800000,0.0001
DOTUSDT,1748937600000,0.0001
DOTUSDT,1748966400001,0.00009283
DOTUSDT,1748995200000,0.0001
DOTUSDT,1749024000000,0.00008052
DOTUSDT,1749052800000,0.00007433
DOTUSDT,1749081600016,-0.00004749
DOTUSDT,1749110400000,0.0000671
DOTUSDT,1749139200000,0.00002131
DOTUSDT,1749168000002,-0.00016553
DOTUSDT,1749196800000,-0.00006558
DOTUSDT,1749225600006,0.0000056
DOTUSDT,1749254400000,0.00003432
DOTUSDT,1749283200000,0.00006655
DOTUSDT,1749312000002,0.0001
DOTUSDT,1749340800000,0.0001
DOTUSDT,1749369600000,0.00004772
DOTUSDT,1749398400000,-0.00001433
DOTUSDT,1749427200000,0.00004589
DOTUSDT,1749456000001,0.0001
DOTUSDT,1749484800001,-0.00000318
DOTUSDT,1749513600000,0.0001
DOTUSDT,1749542400001,0.0001
DOTUSDT,1749571200003,0.0001
DOTUSDT,1749600000000,0.0001
DOTUSDT,1749628800000,0.0001
DOTUSDT,1749657600010,0.0001
DOTUSDT,1749686400002,0.0001
DOTUSDT,1749715200003,0.0001
DOTUSDT,1749744000001,0.00001042
DOTUSDT,1749772800000,-0.00010338
DOTUSDT,1749801600001,-0.00020128
DOTUSDT,1749830400004,0.00003712
DOTUSDT,1749859200000,0.00009519
DOTUSDT,1749888000000,0.00005375
DOTUSDT,1749916800000,0.00006176
DOTUSDT,1749945600005,0.00007226
DOTUSDT,1749974400009,-0.00001682
DOTUSDT,1750003200000,-0.00001907
DOTUSDT,1750032000000,0.00001044
DOTUSDT,1750060800000,0.00003115
DOTUSDT,1750089600003,0.0001
DOTUSDT,1750118400000,0.0001
DOTUSDT,1750147200006,0.0001
DOTUSDT,1750176000001,0.00008801
DOTUSDT,1750204800001,0.00002606
DOTUSDT,1750233600001,-0.00004729
DOTUSDT,1750262400001,0.00003313
DOTUSDT,1750291200005,0.0001
DOTUSDT,1750320000003,-0.00005027
DOTUSDT,1750348800000,-0.00008731
DOTUSDT,1750377600000,0.00007619
DOTUSDT,1750406400002,0.00003631
DOTUSDT,1750435200001,0.00001884
DOTUSDT,1750464000002,0.00003649
DOTUSDT,1750492800005,0.0000146
DOTUSDT,1750521600000,0.00001924
DOTUSDT,1750550400005,-0.00003581
DOTUSDT,1750579200000,-0.00005172
DOTUSDT,1750608000003,0.00003646
DOTUSDT,1750636800000,0.0001
DOTUSDT,1750665600004,-0.00010537
DOTUSDT,1750694400013,-0.00010689
DOTUSDT,1750723200003,-0.00000717
DOTUSDT,1750752000000,-0.00000814
DOTUSDT,1750780800000,-0.00000865
DOTUSDT,1750809600005,0.00007215
DOTUSDT,1750838400000,0.00001104
DOTUSDT,1750867200005,0.00004342
DOTUSDT,1750896000000,0.0001
DOTUSDT,1750924800006,-0.00004546
DOTUSDT,1750953600007,0.00008328
DOTUSDT,1750982400000,-0.00001315
DOTUSDT,1751011200000,0.00002523
DOTUSDT,1751040000009,0.00000272
DOTUSDT,1751068800001,0.00003195
DOTUSDT,1751097600002,-0.00003963
DOTUSDT,1751126400000,0.00005621
DOTUSDT,1751155200004,-0.00000723
DOTUSDT,1751184000001,0.0001
DOTUSDT,1751212800001,-0.00000498
DOTUSDT,1751241600000,0.0001
DOTUSDT,1751270400005,0.00006819
DOTUSDT,1751299200002,0.00001391
DOTUSDT,1751328000007,0.00008072
DOTUSDT,1751356800002,-0.00006304
DOTUSDT,1751385600000,-0.00011002
DOTUSDT,1751414400001,0.00006345
DOTUSDT,1751443200000,0.00000015
DOTUSDT,1751472000003,0.00008414
DOTUSDT,1751500800006,0.0001
DOTUSDT,1751529600003,0.0001
DOTUSDT,1751558400003,0.0001
DOTUSDT,1751587200005,0.0001
DOTUSDT,1751616000003,0.0001
DOTUSDT,1751644800001,-0.00000811
DOTUSDT,1751673600004,-0.00011769
DOTUSDT,1751702400009,-0.0000938
DOTUSDT,1751731200006,-0.00005552
DOTUSDT,1751760000001,0.00002286
DOTUSDT,1751788800002,0.0001
DOTUSDT,1751817600004,0.00008734
DOTUSDT,1751846400000,0.00009064
DOTUSDT,1751875200007,0.0001
DOTUSDT,1751904000000,0.0001
DOTUSDT,1751932800010,0.0001
DOTUSDT,1751961600003,0.00003817
DOTUSDT,1751990400000,0.0000635
DOTUSDT,1752019200002,0.0001
DOTUSDT,1752048000006,0.0001
DOTUSDT,1752076800001,0.0001
DOTUSDT,1752105600003,0.0001
DOTUSDT,1752134400000,0.0001
DOTUSDT,1752163200004,0.0001
DOTUSDT,1752192000004,0.0001
DOTUSDT,1752220800007,0.0001
DOTUSDT,1752249600001,0.0001
DOTUSDT,1752278400000,0.0001
DOTUSDT,1752307200001,0.0001
DOTUSDT,1752336000002,0.0001
DOTUSDT,1752364800006,0.0001
DOTUSDT,1752393600001,0.0001
DOTUSDT,1752422400003,0.0001
DOTUSDT,1752451200000,0.0000863
DOTUSDT,1752480000000,0.0001
DOTUSDT,1752508800000,0.0001
DOTUSDT,1752537600002,0.0001
DOTUSDT,1752566400000,0.0001
DOTUSDT,1752595200000,0.0001
DOTUSDT,1752624000000,0.0001
DOTUSDT,1752652800000,0.0001
DOTUSDT,1752681600008,0.0001
DOTUSDT,1752710400003,0.0001
DOTUSDT,1752739200000,0.0001
DOTUSDT,1752768000000,0.0001
DOTUSDT,1752796800004,0.0001
DOTUSDT,1752825600000,0.0001
DOTUSDT,1752854400000,0.0001
DOTUSDT,1752883200009,0.0001
DOTUSDT,1752912000000,0.0001
DOTUSDT,1752940800002,0.0001
DOTUSDT,1752969600000,0.0001
DOTUSDT,1752998400000,0.0001
DOTUSDT,1753027200000,0.0001
DOTUSDT,1753056000001,0.0001
DOTUSDT,1753084800000,0.0001
DOTUSDT,1753113600001,0.0001
DOTUSDT,1753142400000,0.0001
DOTUSDT,1753171200010,0.0001
DOTUSDT,1753200000007,0.0001
DOTUSDT,1753228800000,0.0001
DOTUSDT,1753257600004,0.0001
DOTUSDT,1753286400002,0.0001
DOTUSDT,1753315200000,0.0001
DOTUSDT,1753344000001,0.0001
DOTUSDT,1753372800000,0.0001
DOTUSDT,1753401600000,0.00008617
DOTUSDT,1753430400000,0.0001
DOTUSDT,1753459200000,0.0001
DOTUSDT,1753488000001,0.0001
DOTUSDT,1753516800005,0.0001
DOTUSDT,1753545600001,0.0001
DOTUSDT,1753574400001,0.0001
DOTUSDT,1753603200000,0.0001
DOTUSDT,1753632000008,0.0001
DOTUSDT,1753660800005,0.0001
DOTUSDT,1753689600000,0.0001
DOTUSDT,1753718400000,0.0001
DOTUSDT,1753747200001,0.0001
DOTUSDT,1753776000000,-0.00003581
DOTUSDT,1753804800000,0.0001
DOTUSDT,1753833600011,0.00006468
DOTUSDT,1753862400000,0.0000462
DOTUSDT,1753891200008,-0.00007849
DOTUSDT,1753920000000,-0.00000875
DOTUSDT,1753948800009,-0.00002953
DOTUSDT,1753977600000,-0.00003302
DOTUSDT,1754006400001,0.00005015
DOTUSDT,1754035200003,0.00004436
DOTUSDT,1754064000000,0.0001
DOTUSDT,1754092800004,0.0001
DOTUSDT,1754121600000,0.00001392
DOTUSDT,1754150400000,0.0001
DOTUSDT,1754179200000,0.00004172
DOTUSDT,1754208000000,-0.00000194
DOTUSDT,1754236800003,0.00005537
DOTUSDT,1754265600004,0.00000578
DOTUSDT,1754294400000,-0.00003645
DOTUSDT,1754323200002,0.00005384
DOTUSDT,1754352000000,0.0001
DOTUSDT,1754380800000,0.0001
DOTUSDT,1754409600000,-0.00001273
DOTUSDT,1754438400005,0.00004522
DOTUSDT,1754467200000,0.00000402
DOTUSDT,1754496000000,0.0000391
DOTUSDT,1754524800003,0.0001
DOTUSDT,1754553600002,0.0001
DOTUSDT,1754582400002,0.0001
DOTUSDT,1754611200002,0.0001
DOTUSDT,1754640000004,0.00006726
DOTUSDT,1754668800000,0.0001
DOTUSDT,1754697600005,0.0001
DOTUSDT,1754726400000,0.00001135
DOTUSDT,1754755200007,0.0001
DOTUSDT,1754784000003,0.00001518
DOTUSDT,1754812800005,0.0001
DOTUSDT,1754841600002,0.0001
DOTUSDT,1754870400000,0.0001
DOTUSDT,1754899200000,0.0001
DOTUSDT,1754928000000,0.0000533
DOTUSDT,1754956800000,0.0001
DOTUSDT,1754985600001,0.00005362
DOTUSDT,1755014400005,0.00005035
DOTUSDT,1755043200000,0.0001
DOTUSDT,1755072000002,0.0001
DOTUSDT,1755100800006,0.0001
DOTUSDT,1755129600002,0.0001
DOTUSDT,1755158400003,0.0001
DOTUSDT,1755187200000,0.0001
DOTUSDT,1755216000000,0.0001
DOTUSDT,1755244800000,0.00004281
DOTUSDT,1755273600000,0.00004443
DOTUSDT,1755302400004,0.00004691
DOTUSDT,1755331200000,-0.00001371
DOTUSDT,1755360000002,0.00001158
DOTUSDT,1755388800000,0.0000273
DOTUSDT,1755417600001,-0.00004477
DOTUSDT,1755446400007,0.0001
DOTUSDT,1755475200000,0.0001
DOTUSDT,1755504000001,-0.0000447
DOTUSDT,1755532800002,-0.00001441
DOTUSDT,1755561600000,0.00004917
DOTUSDT,1755590400001,-0.00013398
DOTUSDT,1755619200000,0.00006209
DOTUSDT,1755648000000,-0.00004776
DOTUSDT,1755676800000,-0.00004528
DOTUSDT,1755705600000,0.00006666
DOTUSDT,1755734400006,0.0001
DOTUSDT,1755763200000,0.0001
DOTUSDT,1755792000003,0.0001
DOTUSDT,1755820800010,0.0001
DOTUSDT,1755849600007,0.00007509
DOTUSDT,1755878400001,0.0001
DOTUSDT,1755907200004,0.0001
DOTUSDT,1755936000006,0.0001
DOTUSDT,1755964800000,0.0001
DOTUSDT,1755993600001,0.0001
DOTUSDT,1756022400002,0.0001
DOTUSDT,1756051200001,0.0001
DOTUSDT,1756080000000,0.0001
DOTUSDT,1756108800002,0.0001
DOTUSDT,1756137600002,-0.00005066
DOTUSDT,1756166400000,-0.0001587
DOTUSDT,1756195200000,-0.00010445
DOTUSDT,1756224000000,0.00004571
DOTUSDT,1756252800003,0.0001
DOTUSDT,1756281600000,0.0001
DOTUSDT,1756310400009,0.0001
DOTUSDT,1756339200000,0.0001
DOTUSDT,1756368000005,0.0001
DOTUSDT,1756396800004,0.0001
DOTUSDT,1756425600000,0.0001
DOTUSDT,1756454400000,0.00001701
DOTUSDT,1756483200005,0.0000914
DOTUSDT,1756512000000,0.00000105
DOTUSDT,1756540800002,0.00006434
DOTUSDT,1756569600003,0.0001
DOTUSDT,1756598400016,0.00003323
DOTUSDT,1756627200000,0.0001
DOTUSDT,1756656000001,0.0001
DOTUSDT,1756684800000,0.0001
DOTUSDT,1756713600000,-0.00003769
DOTUSDT,1756742400001,0.0001
DOTUSDT,1756771200000,-0.00010955
DOTUSDT,1756800000005,0.0001
DOTUSDT,1756828800007,0.0001
DOTUSDT,1756857600006,0.0001
DOTUSDT,1756886400002,0.0001
DOTUSDT,1756915200002,0.0001
DOTUSDT,1756944000002,0.0001
DOTUSDT,1756972800000,0.0001
DOTUSDT,1757001600000,0.00008291
DOTUSDT,1757030400001,0.00001929
DOTUSDT,1757059200006,0.0001
DOTUSDT,1757088000000,0.0001
DOTUSDT,1757116800000,0.0001
DOTUSDT,1757145600005,0.0001
DOTUSDT,1757174400000,0.0001
DOTUSDT,1757203200000,0.0001
DOTUSDT,1757232000000,0.0001
DOTUSDT,1757260800000,0.0001
DOTUSDT,1757289600007,0.00000948
DOTUSDT,1757318400000,0.00008478
DOTUSDT,1757347200000,0.0001
DOTUSDT,1757376000000,0.0001
DOTUSDT,1757404800000,0.0001
DOTUSDT,1757433600000,0.0001
DOTUSDT,1757462400000,0.0001
DOTUSDT,1757491200002,0.0001
DOTUSDT,1757520000000,0.0001
DOTUSDT,1757548800000,0.0001
DOTUSDT,1757577600000,0.0001
DOTUSDT,1757606400001,0.0001
DOTUSDT,1757635200002,0.0001
DOTUSDT,1757664000001,0.0001
DOTUSDT,1757692800005,0.0001
DOTUSDT,1757721600005,0.0001
DOTUSDT,1757750400002,0.0001
DOTUSDT,1757779200000,0.0001
DOTUSDT,1757808000006,0.0001
DOTUSDT,1757836800000,0.0001
DOTUSDT,1757865600001,0.0001
DOTUSDT,1757894400006,0.0001
DOTUSDT,1757923200002,0.00004978
DOTUSDT,1757952000001,0.00005469
DOTUSDT,1757980800001,0.00000617
DOTUSDT,1758009600000,0.0000453
DOTUSDT,1758038400000,0.00005301
DOTUSDT,1758067200001,0.00000819
DOTUSDT,1758096000000,0.0001
DOTUSDT,1758124800003,0.00001654
DOTUSDT,1758153600006,0.0001
DOTUSDT,1758182400002,0.0001
DOTUSDT,1758211200000,0.0001
DOTUSDT,1758240000000,0.0001
DOTUSDT,1758268800005,0.0001
DOTUSDT,1758297600000,0.0001
DOTUSDT,1758326400000,-0.00000246
DOTUSDT,1758355200000,0.00007535
DOTUSDT,1758384000002,0.00004609
DOTUSDT,1758412800000,0.00006066
DOTUSDT,1758441600000,0.00007365
DOTUSDT,1758470400000,0.00004122
DOTUSDT,1758499200005,0.00003259
DOTUSDT,1758528000003,-0.00002981
DOTUSDT,1758556800000,0.00001778
DOTUSDT,1758585600000,-0.0000362
DOTUSDT,1758614400001,0.0001
DOTUSDT,1758643200000,-0.00003652
DOTUSDT,1758672000003,0.0001
DOTUSDT,1758700800001,0.0001
DOTUSDT,1758729600002,0.0001
DOTUSDT,1758758400000,0.00007697
DOTUSDT,1758787200001,0.00006341
DOTUSDT,1758816000000,0.0001
DOTUSDT,1758844800000,0.00005988
DOTUSDT,1758873600000,0.00004592
DOTUSDT,1758902400008,0.00009845
DOTUSDT,1758931200000,0.0001
DOTUSDT,1758960000010,0.0001
DOTUSDT,1758988800003,0.0001
DOTUSDT,1759017600000,0.0001
DOTUSDT,1759046400000,0.00002863
DOTUSDT,1759075200000,0.000034
DOTUSDT,1759104000000,0.0001
DOTUSDT,1759132800002,0.0001
DOTUSDT,1759161600001,0.0001
DOTUSDT,1759190400002,0.0001
DOTUSDT,1759219200005,0.00003604
DOTUSDT,1759248000000,-0.00003732
DOTUSDT,1759276800000,0.0001
DOTUSDT,1759305600000,0.0001
DOTUSDT,1759334400000,0.0001
DOTUSDT,1759363200000,0.00009101
DOTUSDT,1759392000013,0.00001033
DOTUSDT,1759420800000,0.0001
DOTUSDT,1759449600006,0.0001
DOTUSDT,1759478400006,0.0001
DOTUSDT,1759507200000,0.0001
DOTUSDT,1759536000001,0.0001
DOTUSDT,1759564800000,0.0001
DOTUSDT,1759593600000,0.0001
DOTUSDT,1759622400000,0.0001
DOTUSDT,1759651200003,0.0001
DOTUSDT,1759680000009,0.0001
DOTUSDT,1759708800004,0.00000842
DOTUSDT,1759737600002,0.00005438
DOTUSDT,1759766400004,0.0001
DOTUSDT,1759795200000,0.0001
DOTUSDT,1759824000003,0.0001
DOTUSDT,1759852800000,0.00008822
DOTUSDT,1759881600000,0.00001329
DOTUSDT,1759910400006,0.00001638
DOTUSDT,1759939200002,0.0001
DOTUSDT,1759968000001,0.0001
DOTUSDT,1759996800000,-0.00001418
DOTUSDT,1760025600000,0.00002607
DOTUSDT,1760054400005,0.00003517
DOTUSDT,1760083200002,0.0001
DOTUSDT,1760112000014,0.0001
DOTUSDT,1760140800000,-0.00331019
DOTUSDT,1760169600003,-0.00019734
DOTUSDT,1760198400000,-0.00029533
DOTUSDT,1760227200004,-0.00033645
DOTUSDT,1760256000002,-0.00011321
DOTUSDT,1760284800000,-0.00035899
DOTUSDT,1760313600003,-0.00020889
DOTUSDT,1760342400002,-0.0003039
DOTUSDT,1760371200003,-0.00008765
DOTUSDT,1760400000000,-0.00009853
DOTUSDT,1760428800000,-0.00004857
DOTUSDT,1760457600000,-0.00014221
DOTUSDT,1760486400006,-0.00005417
DOTUSDT,1760515200002,-0.00011629
DOTUSDT,1760544000000,-0.00007671
DOTUSDT,1760572800000,-0.00036697
DOTUSDT,1760601600003,-0.00030148
DOTUSDT,1760630400002,-0.00033994
DOTUSDT,1760659200001,-0.00031823
DOTUSDT,1760688000005,-0.00026549
DOTUSDT,1760716800003,-0.00023655
DOTUSDT,1760745600000,-0.00025093
DOTUSDT,1760774400002,-0.00036725
DOTUSDT,1760803200001,-0.00019803
DOTUSDT,1760832000001,-0.00024186
DOTUSDT,1760860800001,-0.00015975
DOTUSDT,1760889600001,-0.00017141
DOTUSDT,1760918400004,-0.00011471
DOTUSDT,1760947200001,-0.0001127
DOTUSDT,1760976000000,0.0000398
DOTUSDT,1761004800009,-0.00008449
DOTUSDT,1761033600000,-0.00020452
DOTUSDT,1761062400000,-0.00000667
DOTUSDT,1761091200004,-0.00005901
DOTUSDT,1761120000000,-0.00025207
DOTUSDT,1761148800000,-0.00016015
DOTUSDT,1761177600000,-0.00010175
DOTUSDT,1761206400001,-0.0002261
DOTUSDT,1761235200004,-0.0000344
DOTUSDT,1761264000000,-0.00004509
DOTUSDT,1761292800000,0.00006146
DOTUSDT,1761321600009,-0.00007059
DOTUSDT,1761350400000,-0.00001885
DOTUSDT,1761379200001,-0.00016691
DOTUSDT,1761408000001,0.00005229
DOTUSDT,1761436800001,-0.00003106
DOTUSDT,1761465600001,-0.0000444
DOTUSDT,1761494400000,0.00004983
DOTUSDT,1761523200000,0.00003874
DOTUSDT,1761552000005,-0.00002998
DOTUSDT,1761580800000,0.00005973
DOTUSDT,1761609600000,-0.00002586
DOTUSDT,1761638400000,0.00002869
DOTUSDT,1761667200004,-0.0000441
DOTUSDT,1761696000004,-0.00028144
DOTUSDT,1761724800005,-0.00031511
DOTUSDT,1761753600000,0.00005571
DOTUSDT,1761782400004,0.00005053
DOTUSDT,1761811200008,-0.0001077
DOTUSDT,1761840000001,-0.00020012
DOTUSDT,1761868800000,-0.00039367
DOTUSDT,1761897600008,-0.00004718
DOTUSDT,1761926400007,0.00004918
DOTUSDT,1761955200001,-0.00006052
DOTUSDT,1761984000000,0.00008394
DOTUSDT,1762012800000,0.00007274
DOTUSDT,1762041600007,-0.00003965
DOTUSDT,1762070400000,0.00000526
DOTUSDT,1762099200001,-0.00007713
DOTUSDT,1762128000000,-0.00009151
DOTUSDT,1762156800010,-0.00037762
DOTUSDT,1762185600000,-0.00029289
DOTUSDT,1762214400002,-0.00051846
DOTUSDT,1762243200004,-0.00009992
DOTUSDT,1762272000000,-0.00025865
DOTUSDT,1762300800000,-0.00003609
DOTUSDT,1762329600000,0.00003865
DOTUSDT,1762358400004,-0.00011749
DOTUSDT,1762387200001,-0.00025395
DOTUSDT,1762416000000,-0.00025698
DOTUSDT,1762444800001,-0.00063401
DOTUSDT,1762473600005,-0.00011242
DOTUSDT,1762502400003,-0.00035293
DOTUSDT,1762531200005,-0.00040716
DOTUSDT,1762560000011,-0.00000979
DOTUSDT,1762588800015,-0.00008827
DOTUSDT,1762617600001,0.00008645
DOTUSDT,1762646400004,-0.00010912
DOTUSDT,1762675200000,0.0000095
DOTUSDT,1762704000005,-0.00001256
DOTUSDT,1762732800000,-0.00007576
DOTUSDT,1762761600000,-0.00034032
DOTUSDT,1762790400003,-0.0000754
DOTUSDT,1762819200007,0.0001
DOTUSDT,1762848000000,-0.00000795
DOTUSDT,1762876800009,0.0001
DOTUSDT,1762905600000,0.00000788
DOTUSDT,1762934400002,-0.00006317
DOTUSDT,1762963200000,0.00005412
DOTUSDT,1762992000002,-0.00007177
DOTUSDT,1763020800000,-0.00003321
DOTUSDT,1763049600001,0.00007935
DOTUSDT,1763078400000,-0.00008672
DOTUSDT,1763107200000,0.00007272
DOTUSDT,1763136000001,0.00008862
DOTUSDT,1763164800005,-0.00007437
DOTUSDT,1763193600000,0.00004842
DOTUSDT,1763222400001,-0.00000547
DOTUSDT,1763251200001,0.00002066
DOTUSDT,1763280000000,0.00006556
DOTUSDT,1763308800000,-0.00003102
DOTUSDT,1763337600003,0.00007175
DOTUSDT,1763366400003,0.00001076
DOTUSDT,1763395200000,0.00005637
DOTUSDT,1763424000002,-0.00009127
DOTUSDT,1763452800004,0.0001
DOTUSDT,1763481600000,0.0001
DOTUSDT,1763510400000,0.0001
DOTUSDT,1763539200000,-0.000007
DOTUSDT,1763568000008,-0.00010415
DOTUSDT,1763596800000,0.00000707
DOTUSDT,1763625600000,0.00003563
DOTUSDT,1763654400000,0.0001
DOTUSDT,1763683200001,-0.00028806
DOTUSDT,1763712000000,-0.00007936
DOTUSDT,1763740800001,-0.00022887
DOTUSDT,1763769600004,-0.00027398
DOTUSDT,1763798400000,0.00000276
DOTUSDT,1763827200000,-0.00018181
DOTUSDT,1763856000000,-0.00014564
DOTUSDT,1763884800008,-0.00021778
DOTUSDT,1763913600003,-0.00009006
DOTUSDT,1763942400004,-0.0000996
DOTUSDT,1763971200000,-0.00005302
DOTUSDT,1764000000006,-0.00004981
DOTUSDT,1764028800000,-0.00010039
DOTUSDT,1764057600009,-0.00019361
DOTUSDT,1764086400007,-0.00031751
DOTUSDT,1764115200001,-0.00000063
DOTUSDT,1764144000001,-0.00016948
DOTUSDT,1764172800000,-0.0001065
DOTUSDT,1764201600013,0.00004746
DOTUSDT,1764230400000,-0.00001017
DOTUSDT,1764259200004,-0.00011463
DOTUSDT,1764288000008,-0.00021334
DOTUSDT,1764316800000,-0.00013676
DOTUSDT,1764345600008,-0.00005184
DOTUSDT,1764374400000,-0.00006095
DOTUSDT,1764403200005,-0.00014751
DOTUSDT,1764432000001,-0.00015251
DOTUSDT,1764460800003,-0.00006008
DOTUSDT,1764489600000,-0.00009388
DOTUSDT,1764518400004,-0.00020729
DOTUSDT,1764547200000,-0.00021946
DOTUSDT,1764576000004,-0.0003727
DOTUSDT,1764604800000,-0.00017911
DOTUSDT,1764633600004,-0.00042715
DOTUSDT,1764662400000,-0.00026908
DOTUSDT,1764691200000,-0.00009944
DOTUSDT,1764720000000,-0.00009025
DOTUSDT,1764748800000,0.00002677
DOTUSDT,1764777600005,-0.00001299
DOTUSDT,1764806400012,0.00005588
DOTUSDT,1764835200000,-0.00003788
DOTUSDT,1764864000011,0.00000476
DOTUSDT,1764892800000,-0.00005744
DOTUSDT,1764921600000,-0.00009625
DOTUSDT,1764950400010,-0.00015308
DOTUSDT,1764979200001,-0.00034219
DOTUSDT,1765008000001,-0.00052964
DOTUSDT,1765036800008,-0.00034438
DOTUSDT,1765065600000,-0.00008752
DOTUSDT,1765094400004,-0.00007612
DOTUSDT,1765123200000,-0.00021863
DOTUSDT,1765152000000,-0.00021834
DOTUSDT,1765180800000,0.0001
DOTUSDT,1765209600001,0.00004487
DOTUSDT,1765238400001,0.0001
DOTUSDT,1765267200001,-0.00004478
DOTUSDT,1765296000007,0.0001
DOTUSDT,1765324800007,0.0001
DOTUSDT,1765353600002,-0.0000642
DOTUSDT,1765382400012,0.00002679
DOTUSDT,1765411200001,0.00006806
DOTUSDT,1765440000000,-0.00029383
DOTUSDT,1765468800000,-0.00027456
DOTUSDT,1765497600005,-0.00014128
DOTUSDT,1765526400007,-0.00015825
DOTUSDT,1765555200002,-0.00016324
DOTUSDT,1765584000001,-0.00026986
DOTUSDT,1765612800006,0.00007343
DOTUSDT,1765641600000,-0.00002855
DOTUSDT,1765670400000,-0.00004714
DOTUSDT,1765699200003,-0.00020464
DOTUSDT,1765728000005,-0.00023362
DOTUSDT,1765756800000,-0.00018587
DOTUSDT,1765785600000,-0.00010357
DOTUSDT,1765814400000,-0.00015574
DOTUSDT,1765843200002,-0.00050233
DOTUSDT,1765872000000,-0.00010395
DOTUSDT,1765900800002,0.0001
DOTUSDT,1765929600004,-0.00012892
DOTUSDT,1765958400000,0.00004396
DOTUSDT,1765987200000,-0.00000854
DOTUSDT,1766016000005,-0.00007271
DOTUSDT,1766044800007,-0.00022881
DOTUSDT,1766073600001,-0.00013404
DOTUSDT,1766102400000,-0.00020938
DOTUSDT,1766131200001,-0.00014719
DOTUSDT,1766160000000,0.00001167
DOTUSDT,1766188800005,0.0001
DOTUSDT,1766217600000,-0.00007536
DOTUSDT,1766246400002,0.00005142
DOTUSDT,1766275200000,-0.00007172
DOTUSDT,1766304000009,-0.00023985
DOTUSDT,1766332800000,-0.0002839
DOTUSDT,1766361600000,-0.00000251
DOTUSDT,1766390400005,-0.00009192
DOTUSDT,1766419200009,0.00005512
DOTUSDT,1766448000000,0.00002707
DOTUSDT,1766476800000,-0.00019379
DOTUSDT,1766505600001,-0.0001976
DOTUSDT,1766534400001,0.00001662
DOTUSDT,1766563200001,-0.00031368
DOTUSDT,1766592000000,-0.00016643
DOTUSDT,1766620800000,0.00001281
DOTUSDT,1766649600001,0.00002981
DOTUSDT,1766678400005,-0.00002563
DOTUSDT,1766707200004,-0.00023002
DOTUSDT,1766736000001,0.00009503
DOTUSDT,1766764800007,-0.00013672
DOTUSDT,1766793600000,0.0001
DOTUSDT,1766822400000,0.0001
DOTUSDT,1766851200011,0.0001
DOTUSDT,1766880000008,0.0001
DOTUSDT,1766908800000,0.0001
DOTUSDT,1766937600000,0.0001
DOTUSDT,1766966400016,-0.00005836
DOTUSDT,1766995200001,0.0001
DOTUSDT,1767024000000,-0.00014524
DOTUSDT,1767052800005,0.00004012
DOTUSDT,1767081600001,0.00001266
DOTUSDT,1767110400003,0.0001
DOTUSDT,1767139200004,-0.00003339
DOTUSDT,1767168000001,0.0001
DOTUSDT,1767196800001,0.0001
DOTUSDT,1767225600008,0.0001
DOTUSDT,1767254400002,0.0001
DOTUSDT,1767283200001,0.0001
DOTUSDT,1767312000006,0.0001
DOTUSDT,1767340800007,0.0001
DOTUSDT,1767369600000,0.00009837
DOTUSDT,1767398400001,0.00000086
DOTUSDT,1767427200000,0.0001
DOTUSDT,1767456000000,-0.00006949
DOTUSDT,1767484800000,0.0001
DOTUSDT,1767513600000,0.0001
DOTUSDT,1767542400001,0.00003114
DOTUSDT,1767571200000,0.0001
DOTUSDT,1767600000000,0.0000454
DOTUSDT,1767628800000,0.0001
DOTUSDT,1767657600010,0.0001
DOTUSDT,1767686400000,0.00007409
DOTUSDT,1767715200000,-0.00001313
DOTUSDT,1767744000001,0.0001
DOTUSDT,1767772800001,0.0001
DOTUSDT,1767801600001,-0.0000077
DOTUSDT,1767830400001,0.0001
DOTUSDT,1767859200000,0.0001
DOTUSDT,1767888000000,0.00009251
DOTUSDT,1767916800003,0.0000304
DOTUSDT,1767945600000,0.00002637
DOTUSDT,1767974400001,-0.00000994
DOTUSDT,1768003200000,-0.00001678
DOTUSDT,1768032000002,-0.00000424
DOTUSDT,1768060800001,0.0001
DOTUSDT,1768089600003,-0.00007959
DOTUSDT,1768118400006,0.00008577
DOTUSDT,1768147200000,0.00000846
DOTUSDT,1768176000005,-0.00006112
DOTUSDT,1768204800000,-0.00000906
DOTUSDT,1768233600000,-0.00002539
DOTUSDT,1768262400007,-0.00005536
DOTUSDT,1768291200009,0.0001
DOTUSDT,1768320000002,0.0001
DOTUSDT,1768348800000,0.0001
DOTUSDT,1768377600001,0.0001
DOTUSDT,1768406400004,0.0001
DOTUSDT,1768435200000,0.0001
DOTUSDT,1768464000004,0.00005347
DOTUSDT,1768492800002,-0.00001591
DOTUSDT,1768521600000,-0.00001386
DOTUSDT,1768550400000,-0.00005251
DOTUSDT,1768579200001,0.00003645
DOTUSDT,1768608000000,0.0001
DOTUSDT,1768636800000,0.00008955
DOTUSDT,1768665600002,0.0001
DOTUSDT,1768694400001,0.0001
DOTUSDT,1768723200000,0.00004391
DOTUSDT,1768752000000,-0.0000302
DOTUSDT,1768780800007,-0.00013464
DOTUSDT,1768809600007,-0.00009534
DOTUSDT,1768838400007,-0.00017732
DOTUSDT,1768867200005,0.00006115
DOTUSDT,1768896000001,0.0001
DOTUSDT,1768924800009,-0.00005517
DOTUSDT,1768953600001,0.00007826
DOTUSDT,1768982400011,0.0001
DOTUSDT,1769011200011,0.00001061
DOTUSDT,1769040000010,-0.00001928
DOTUSDT,1769068800003,-0.00003723
DOTUSDT,1769097600005,-0.00012922
DOTUSDT,1769126400005,-0.00008435
DOTUSDT,1769155200000,0.0001
DOTUSDT,1769184000011,-0.0001066
DOTUSDT,1769212800011,-0.00013654
DOTUSDT,1769241600002,0.00001042
DOTUSDT,1769270400001,-0.0000162
DOTUSDT,1769299200002,0.0000951
DOTUSDT,1769328000011,0.00004704
DOTUSDT,1769356800005,-0.00019327
DOTUSDT,1769385600000,-0.00008421
DOTUSDT,1769414400003,0.0000149
DOTUSDT,1769443200000,0.0001
DOTUSDT,1769472000002,0.00000845
DOTUSDT,1769500800000,0.0000259
DOTUSDT,1769529600000,0.00005528
DOTUSDT,1769558400000,0.00006409
DOTUSDT,1769587200000,-0.00004326
DOTUSDT,1769616000000,-0.0000396
DOTUSDT,1769644800000,0.00002937
DOTUSDT,1769673600009,-0.00018416
DOTUSDT,1769702400000,-0.00031951
DOTUSDT,1769731200008,-0.00016376
DOTUSDT,1769760000000,0.00000597
DOTUSDT,1769788800001,-0.00006643
DOTUSDT,1769817600000,-0.00007726
DOTUSDT,1769846400001,-0.00009261
DOTUSDT,1769875200009,-0.00000132
DOTUSDT,1769904000001,-0.00014286
DOTUSDT,1769932800004,-0.00020352
DOTUSDT,1769961600000,0.00008099
DOTUSDT,1769990400000,-0.00008394
DOTUSDT,1770019200014,-0.00009844
DOTUSDT,1770048000000,-0.00012397
DOTUSDT,1770076800000,0.00001171
DOTUSDT,1770105600007,-0.0000967
DOTUSDT,1770134400000,-0.00001361
DOTUSDT,1770163200002,0.0001
DOTUSDT,1770192000007,0.0001
DOTUSDT,1770220800000,0.0001
DOTUSDT,1770249600011,0.0001
DOTUSDT,1770278400000,-0.00001583
DOTUSDT,1770307200007,0.0001
DOTUSDT,1770336000000,0.00003593
DOTUSDT,1770364800001,-0.00019513
DOTUSDT,1770393600000,-0.00035692
DOTUSDT,1770422400003,0.00002073
DOTUSDT,1770451200000,0.00006168
DOTUSDT,1770480000010,0.0001
DOTUSDT,1770508800003,0.00004198
DOTUSDT,1770537600000,-0.00006512
DOTUSDT,1770566400000,-0.00030813
DOTUSDT,1770595200002,-0.00010183
DOTUSDT,1770624000001,-0.00000576
DOTUSDT,1770652800007,-0.00019156
DOTUSDT,1770681600000,0.0001
DOTUSDT,1770710400007,-0.00021458
DOTUSDT,1770739200000,0.00005159
DOTUSDT,1770768000000,-0.00007707
DOTUSDT,1770796800006,-0.00003394
DOTUSDT,1770825600000,-0.00014087
DOTUSDT,1770854400000,0.00002587
DOTUSDT,1770883200001,-0.00014691
DOTUSDT,1770912000001,-0.00018222
DOTUSDT,1770940800007,0.00003868
DOTUSDT,1770969600003,-0.00014595
DOTUSDT,1770998400005,-0.00012179
DOTUSDT,1771027200002,-0.0000982
DOTUSDT,1771056000004,0.00005836
DOTUSDT,1771084800002,0.0001
DOTUSDT,1771113600000,0.0001
DOTUSDT,1771142400002,0.00001386
DOTUSDT,1771171200000,0.00006469
DOTUSDT,1771200000001,-0.0000642
DOTUSDT,1771228800003,-0.00017417
DOTUSDT,1771257600000,-0.00015579
DOTUSDT,1771286400008,-0.00004204
DOTUSDT,1771315200001,-0.00000737
DOTUSDT,1771344000002,0.0000052
DOTUSDT,1771372800000,0.00001379
DOTUSDT,1771401600000,-0.00007246
DOTUSDT,1771430400011,-0.00014177
DOTUSDT,1771459200013,-0.00022557
DOTUSDT,1771488000000,-0.00014434
DOTUSDT,1771516800003,-0.00030462
DOTUSDT,1771545600000,-0.00011603
DOTUSDT,1771574400000,-0.00037122
DOTUSDT,1771603200000,-0.00018279
DOTUSDT,1771632000004,0.0001
DOTUSDT,1771660800000,0.0001
DOTUSDT,1771689600005,0.0001
DOTUSDT,1771718400001,-0.0000865
DOTUSDT,1771747200004,-0.00028775
DOTUSDT,1771776000000,-0.00044019
DOTUSDT,1771804800001,-0.00056731
DOTUSDT,1771833600000,-0.00074933
DOTUSDT,1771862400000,-0.00020076
DOTUSDT,1771891200007,-0.0000469
DOTUSDT,1771920000000,-0.00033465
DOTUSDT,1771948800001,0.0001
DOTUSDT,1771977600001,-0.00028296
DOTUSDT,1772006400007,-0.00006046
DOTUSDT,1772035200000,0.0001
DOTUSDT,1772064000000,0.0001
DOTUSDT,1772092800006,0.0001
DOTUSDT,1772121600002,-0.00001123
DOTUSDT,1772150400007,0.0001
DOTUSDT,1772179200000,0.00006399
DOTUSDT,1772208000001,-0.00002951
DOTUSDT,1772236800000,-0.00011637
DOTUSDT,1772265600000,-0.00002223
DOTUSDT,1772294400004,0.00001501
DOTUSDT,1772323200005,0.00008553
DOTUSDT,1772352000000,-0.00005563
DOTUSDT,1772380800002,-0.00021655
DOTUSDT,1772409600001,-0.0000171
DOTUSDT,1772438400007,-0.00000742
DOTUSDT,1772467200000,0.00004035
DOTUSDT,1772496000000,-0.00020495
DOTUSDT,1772524800000,-0.00002559
DOTUSDT,1772553600007,-0.00010594
DOTUSDT,1772582400001,0.0001
DOTUSDT,1772611200005,0.00003679
DOTUSDT,1772640000000,-0.00024707
DOTUSDT,1772668800000,-0.00029225
DOTUSDT,1772697600000,-0.00006635
DOTUSDT,1772726400004,-0.00005755
DOTUSDT,1772755200001,0.0001
DOTUSDT,1772784000001,-0.00008751
DOTUSDT,1772812800004,-0.00036605
DOTUSDT,1772841600001,-0.00010565
DOTUSDT,1772870400012,-0.0001176
DOTUSDT,1772899200001,-0.00047153
DOTUSDT,1772928000001,-0.00039227
DOTUSDT,1772956800000,-0.00038265
DOTUSDT,1772985600002,-0.00000728
DOTUSDT,1773014400000,-0.00026833
DOTUSDT,1773043200004,-0.0000684
DOTUSDT,1773072000003,-0.00018992
DOTUSDT,1773100800012,-0.00004435
DOTUSDT,1773129600002,-0.00014871
DOTUSDT,1773158400001,0.00006894
DOTUSDT,1773187200000,-0.00036763
DOTUSDT,1773216000007,-0.00033509
DOTUSDT,1773244800010,0.0001
DOTUSDT,1773273600000,-0.00001806
DOTUSDT,1773302400000,-0.00024488
DOTUSDT,1773331200000,-0.00030174
DOTUSDT,1773360000006,0.00006738
DOTUSDT,1773388800001,0.00001444
DOTUSDT,1773417600000,-0.00017458
DOTUSDT,1773446400001,-0.00106651
DOTUSDT,1773475200000,-0.00147032
DOTUSDT,1773504000007,-0.00206324
DOTUSDT,1773532800000,-0.0003723
DOTUSDT,1773561600000,-0.00118195
DOTUSDT,1773590400000,-0.00093756
DOTUSDT,1773619200000,-0.00057942
DOTUSDT,1773648000010,0.0001
DOTUSDT,1773676800000,0.0001
DOTUSDT,1773705600000,0.0001
DOTUSDT,1773734400002,0.0001
DOTUSDT,1773763200011,0.0001
DOTUSDT,1773792000002,0.0001
DOTUSDT,1773820800002,0.0001
DOTUSDT,1773849600005,0.0001
DOTUSDT,1773878400000,-0.00006143
DOTUSDT,1773907200003,0.00003713
DOTUSDT,1773936000003,0.0001
DOTUSDT,1773964800002,-0.00000821
DOTUSDT,1773993600000,0.0001
DOTUSDT,1774022400000,0.00007844
DOTUSDT,1774051200000,-0.00011261
DOTUSDT,1774080000000,-0.00000187
DOTUSDT,1774108800014,-0.00008484
DOTUSDT,1774137600012,-0.00003575
DOTUSDT,1774166400007,-0.00007055
DOTUSDT,1774195200002,-0.00007922
DOTUSDT,1774224000000,-0.00017157
DOTUSDT,1774252800003,-0.00009318
DOTUSDT,1774281600002,-0.00018635
DOTUSDT,1774310400000,-0.00045617
DOTUSDT,1774339200000,-0.00038402
DOTUSDT,1774368000003,-0.0006427
DOTUSDT,1774396800000,-0.00025592
DOTUSDT,1774425600000,-0.00002275
DOTUSDT,1774454400013,-0.00072977
DOTUSDT,1774483200001,-0.00126572
DOTUSDT,1774512000001,-0.0002452
DOTUSDT,1774540800000,0.00009809
DOTUSDT,1774569600006,0.0001
DOTUSDT,1774598400000,0.0001
DOTUSDT,1774627200000,0.00000792
DOTUSDT,1774656000005,0.00003007
DOTUSDT,1774684800005,-0.00020344
DOTUSDT,1774713600000,-0.00030876
DOTUSDT,1774742400003,-0.00031461
DOTUSDT,1774771200001,-0.00037506
DOTUSDT,1774800000000,-0.00023898
DOTUSDT,1774828800000,-0.00039332
DOTUSDT,1774857600005,-0.00028132
DOTUSDT,1774886400000,-0.00030511
DOTUSDT,1774915200000,-0.00051826
DOTUSDT,1774944000000,-0.00031983
DOTUSDT,1774972800000,-0.00009852
DOTUSDT,1775001600000,-0.000164
DOTUSDT,1775030400000,-0.0002788
DOTUSDT,1775059200000,-0.00003806
DOTUSDT,1775088000003,-0.00044501
DOTUSDT,1775116800001,-0.00070874
DOTUSDT,1775145600001,-0.00019177
DOTUSDT,1775174400000,0.00000247
DOTUSDT,1775203200008,-0.00003293
DOTUSDT,1775232000008,0.00005731
DOTUSDT,1775260800000,-0.00010297
DOTUSDT,1775289600003,-0.00009088
DOTUSDT,1775318400000,0.00000019
DOTUSDT,1775347200008,0.0001
DOTUSDT,1775376000000,-0.00018786
DOTUSDT,1775404800001,-0.00018755
DOTUSDT,1775433600004,-0.00049697
DOTUSDT,1775462400001,0.00009762
DOTUSDT,1775491200003,0.0001
DOTUSDT,1775520000000,-0.00008549
DOTUSDT,1775548800000,-0.00026258
DOTUSDT,1775577600000,-0.00021802
DOTUSDT,1775606400000,0.00003689
DOTUSDT,1775635200000,0.0001
DOTUSDT,1775664000006,0.0001
DOTUSDT,1775692800000,0.0001
DOTUSDT,1775721600010,-0.00028921
DOTUSDT,1775750400001,-0.00040545
DOTUSDT,1775779200000,0.00005094
DOTUSDT,1775808000005,0.00003898
DOTUSDT,1775836800000,0.0001
DOTUSDT,1775865600000,0.00004851
DOTUSDT,1775894400000,-0.00033544
DOTUSDT,1775923200003,-0.00019307
DOTUSDT,1775952000000,0.00006432
DOTUSDT,1775980800000,-0.00093517
DOTUSDT,1776009600000,-0.00174908
DOTUSDT,1776038400011,-0.00038565
DOTUSDT,1776067200006,-0.00164273
DOTUSDT,1776096000000,-0.00152744
DOTUSDT,1776124800005,-0.00218464
DOTUSDT,1776153600003,-0.00073577
DOTUSDT,1776182400001,-0.00149929
DOTUSDT,1776211200000,-0.00323047
DOTUSDT,1776240000000,-0.00085
DOTUSDT,1776268800000,-0.00086622
DOTUSDT,1776297600013,-0.00072039
DOTUSDT,1776326400000,0.0001
DOTUSDT,1776355200000,0.0001
DOTUSDT,1776384000001,0.0001
DOTUSDT,1776412800011,0.0001
DOTUSDT,1776441600001,0.00003259
DOTUSDT,1776470400001,0.00004775
DOTUSDT,1776499200006,0.00002753
DOTUSDT,1776528000000,0.00006749
DOTUSDT,1776556800002,-0.00000044
DOTUSDT,1776585600010,-0.00000109
DOTUSDT,1776614400001,-0.00001502
DOTUSDT,1776643200000,-0.0000868
DOTUSDT,1776672000000,0.0000373
DOTUSDT,1776700800001,0.00000272
DOTUSDT,1776729600000,0.00005463
DOTUSDT,1776758400004,0.0000463
DOTUSDT,1776787200004,0.0000297
DOTUSDT,1776816000004,0.0001
DOTUSDT,1776844800000,0.0001
DOTUSDT,1776873600000,0.00000877
DOTUSDT,1776902400000,-0.00017242
DOTUSDT,1776931200000,-0.00027121
DOTUSDT,1776960000004,-0.00019846
DOTUSDT,1776988800006,-0.00028528
DOTUSDT,1777017600000,-0.00024211
DOTUSDT,1777046400000,-0.00004
DOTUSDT,1777075200000,0.00002637
DOTUSDT,1777104000002,0.0001
DOTUSDT,1777132800002,0.00002411
DOTUSDT,1777161600003,-0.00016875
DOTUSDT,1777190400007,-0.00001594
DOTUSDT,1777219200004,0.0001
DOTUSDT,1777248000004,-0.00009773
DOTUSDT,1777276800000,-0.00021724
DOTUSDT,1777305600002,-0.0001458
DOTUSDT,1777334400001,-0.00012328
DOTUSDT,1777363200000,-0.00002398
DOTUSDT,1777392000004,-0.00002137
DOTUSDT,1777420800006,0.00009649
DOTUSDT,1777449600011,0.00005851
DOTUSDT,1777478400003,-0.00005139
DOTUSDT,1777507200002,-0.00012099
DOTUSDT,1777536000000,-0.00014335
DOTUSDT,1777564800000,-0.00014166
DOTUSDT,1777593600000,-0.00000217
DOTUSDT,1777622400005,0.0000651
DOTUSDT,1777651200000,-0.00006617
DOTUSDT,1777680000006,-0.00014709
DOTUSDT,1777708800000,-0.00009074
DOTUSDT,1777737600010,-0.00003994
DOTUSDT,1777766400005,0.0001
DOTUSDT,1777795200003,-0.00005354
DOTUSDT,1777824000000,-0.00004883
DOTUSDT,1777852800000,0.00005817
DOTUSDT,1777881600000,0.0001
DOTUSDT,1777910400003,0.00007319
DOTUSDT,1777939200000,0.0001
DOTUSDT,1777968000011,0.0001
DOTUSDT,1777996800000,0.0001
DOTUSDT,1778025600010,0.0001
DOTUSDT,1778054400000,0.0001
DOTUSDT,1778083200002,0.0001
DOTUSDT,1778112000000,0.0001
DOTUSDT,1778140800000,-0.00000692
DOTUSDT,1778169600004,0.0001
DOTUSDT,1778198400003,0.00004781
DOTUSDT,1778227200002,0.0001
DOTUSDT,1778256000003,0.00009345
DOTUSDT,1778284800000,0.0001
DOTUSDT,1778313600001,0.0001
DOTUSDT,1778342400002,0.00002613
DOTUSDT,1778371200003,0.00000185
DOTUSDT,1778400000000,0.00001106
DOTUSDT,1778428800000,0.00000046
DOTUSDT,1778457600000,0.0001
DOTUSDT,1778486400000,-0.00001126
DOTUSDT,1778515200000,0.00009211
DOTUSDT,1778544000002,0.00000504
DOTUSDT,1778572800008,-0.0000159
DOTUSDT,1778601600000,0.00000194
DOTUSDT,1778630400010,-0.0000465
DOTUSDT,1778659200003,0.0001
DOTUSDT,1778688000001,-0.00009372
DOTUSDT,1778716800005,-0.00007346
DOTUSDT,1778745600000,0.00002364
DOTUSDT,1778774400000,0.00007902
DOTUSDT,1778803200000,0.0001
DOTUSDT,1778832000016,0.00003853
DOTUSDT,1778860800012,-0.00006261
DOTUSDT,1778889600005,0.00004046
DOTUSDT,1778918400000,-0.00008041
DOTUSDT,1778947200005,-0.00007421
DOTUSDT,1778976000000,0.0001
DOTUSDT,1779004800010,0.00005035
DOTUSDT,1779033600009,-0.00009839
DOTUSDT,1779062400007,0.0000159
DOTUSDT,1779091200002,-0.00003668
DOTUSDT,1779120000007,-0.00004177
DOTUSDT,1779148800001,0.0001
DOTUSDT,1779177600001,0.0001
DOTUSDT,1779206400009,0.00003384
DOTUSDT,1779235200001,0.0000043
DOTUSDT,1779264000006,0.0001
DOTUSDT,1779292800000,0.00003949
DOTUSDT,1779321600001,0.00002839
DOTUSDT,1779350400000,0.0001
DOTUSDT,1779379200000,0.00002112
DOTUSDT,1779408000000,0.0001
DOTUSDT,1779436800004,0.0001
DOTUSDT,1779465600001,0.0001
DOTUSDT,1779494400009,0.00004077
DOTUSDT,1779523200001,-0.00008467
DOTUSDT,1779552000003,-0.00003738
DOTUSDT,1779580800011,0.0001
DOTUSDT,1779609600008,-0.00000082
DOTUSDT,1779638400000,-0.00000583
DOTUSDT,1779667200001,-0.00004634
DOTUSDT,1779696000001,0.00002718
DOTUSDT,1779724800001,0.0001
DOTUSDT,1779753600000,0.0001
DOTUSDT,1779782400003,-0.00004607
DOTUSDT,1779811200000,0.0001
DOTUSDT,1779840000000,-0.00020136
DOTUSDT,1779868800004,-0.00011621
DOTUSDT,1779897600009,0.0001
DOTUSDT,1779926400001,-0.00011879
DOTUSDT,1779955200000,-0.00022652
DOTUSDT,1779984000001,0.00002175
DOTUSDT,1780012800000,0.00004641
DOTUSDT,1780041600001,0.00005044
DOTUSDT,1780070400008,-0.00009363
DOTUSDT,1780099200000,0.00003274
DOTUSDT,1780128000001,0.00000516
DOTUSDT,1780156800000,-0.00004356
DOTUSDT,1780185600000,-0.00002964
DOTUSDT,1780214400000,-0.00000508
DOTUSDT,1780243200004,-0.00010829
DOTUSDT,1780272000001,-0.00004084
DOTUSDT,1780300800001,0.0001
DOTUSDT,1780329600000,0.00002744
DOTUSDT,1780358400000,0.00004588
DOTUSDT,1780387200000,-0.0000673
DOTUSDT,1780416000000,-0.00017483
DOTUSDT,1780444800013,-0.00019568
DOTUSDT,1780473600000,0.00005252
DOTUSDT,1780502400001,0.0000908
DOTUSDT,1780531200009,0.00000785
DOTUSDT,1780560000000,-0.0001578
DOTUSDT,1780588800003,-0.00012625
DOTUSDT,1780617600000,-0.000035
DOTUSDT,1780646400004,-0.00018179
DOTUSDT,1780675200009,-0.0001114
DOTUSDT,1780704000000,-0.00016166
DOTUSDT,1780732800000,-0.00024703
DOTUSDT,1780761600000,-0.00004658
DOTUSDT,1780790400001,-0.00011553
DOTUSDT,1780819200000,0.00002
DOTUSDT,1780848000000,0.00006455
DOTUSDT,1780876800000,0.00003419
DOTUSDT,1780905600005,0.00008851
DOTUSDT,1780934400004,0.00000342
DOTUSDT,1780963200000,-0.00010442
DOTUSDT,1780992000000,-0.00001707
DOTUSDT,1781020800001,-0.00009927
DOTUSDT,1781049600001,0.00007328
DOTUSDT,1781078400011,0.00000051
DOTUSDT,1781107200009,-0.00001466
DOTUSDT,1781136000000,-0.00006047
DOTUSDT,1781164800004,0.00005691
DOTUSDT,1781193600000,0.00008795
DOTUSDT,1781222400000,0.00004534
DOTUSDT,1781251200000,-0.00008267
DOTUSDT,1781280000000,-0.00004886
DOTUSDT,1781308800000,-0.00004571
DOTUSDT,1781337600007,-0.00005921
DOTUSDT,1781366400002,0.00004229
DOTUSDT,1781395200005,-0.00008059
DOTUSDT,1781424000009,-0.00015758
DOTUSDT,1781452800000,-0.0001761
DOTUSDT,1781481600013,0.00008725
DOTUSDT,1781510400013,0.00006318
DOTUSDT,1781539200004,0.00009674
DOTUSDT,1781568000000,0.0001
DOTUSDT,1781596800000,0.00006715
DOTUSDT,1781625600001,-0.00000365
DOTUSDT,1781654400012,0.00002161
DOTUSDT,1781683200000,0.00004364
DOTUSDT,1781712000000,0.00006354
DOTUSDT,1781740800002,-0.00006515
DOTUSDT,1781769600000,-0.00001353
DOTUSDT,1781798400001,-0.00004239
DOTUSDT,1781827200005,0.0001
DOTUSDT,1781856000001,-0.00001141
DOTUSDT,1781884800001,-0.00001329
DOTUSDT,1781913600001,-0.0001747
DOTUSDT,1781942400000,-0.00011528
DOTUSDT,1781971200001,-0.00005609
DOTUSDT,1782000000000,0.00008215
DOTUSDT,1782028800000,0.0001
DOTUSDT,1782057600000,0.0001
DOTUSDT,1782086400000,-0.00006619
DOTUSDT,1782115200000,0.00006575
DOTUSDT,1782144000002,0.00001252
DOTUSDT,1782172800003,-0.00008822
DOTUSDT,1782201600005,-0.00015095
DOTUSDT,1782230400002,-0.00012792
DOTUSDT,1782259200005,0.00004247
DOTUSDT,1782288000005,0.00007317
DOTUSDT,1782316800003,-0.00003738
DOTUSDT,1782345600000,0.0001
DOTUSDT,1782374400000,0.00007061
DOTUSDT,1782403200000,-0.00003547
DOTUSDT,1782432000010,0.00001487
DOTUSDT,1782460800002,-0.00009691
DOTUSDT,1782489600000,0.00007377
DOTUSDT,1782518400000,0.0001
DOTUSDT,1782547200000,-0.00007871
DOTUSDT,1782576000009,-0.00010638
DOTUSDT,1782604800000,-0.00015328
DOTUSDT,1782633600013,0.0000068
DOTUSDT,1782662400000,-0.00005576
DOTUSDT,1782691200006,0.0001
DOTUSDT,1782720000013,0.0001
DOTUSDT,1782748800004,0.00009793
DOTUSDT,1782777600000,0.00008768
DOTUSDT,1782806400000,0.0001
DOTUSDT,1782835200005,-0.00004931
DOTUSDT,1782864000000,0.0001
DOTUSDT,1782892800000,0.0001
DOTUSDT,1782921600000,0.00002406
DOTUSDT,1782950400000,-0.00009899
DOTUSDT,1782979200000,-0.00003409
DOTUSDT,1783008000000,0.00000116
DOTUSDT,1783036800000,-0.00006029
DOTUSDT,1783065600007,-0.00000961
DOTUSDT,1783094400000,0.00009781
DOTUSDT,1783123200000,0.0001
DOTUSDT,1783152000000,0.0001
DOTUSDT,1783180800007,0.00003863
DOTUSDT,1783209600003,0.0001
DOTUSDT,1783238400001,0.0000386
DOTUSDT,1783267200000,0.0001
DOTUSDT,1783296000000,0.0001
DOTUSDT,1783324800000,0.00003422
DOTUSDT,1783353600000,0.00001335
DOTUSDT,1783382400000,0.0001
DOTUSDT,1783411200000,-0.00009033
DOTUSDT,1783440000000,0.00003509
DOTUSDT,1783468800000,0.00002085
DOTUSDT,1783497600000,-0.00005437
DOTUSDT,1783526400000,-0.00004979
DOTUSDT,1783555200000,0.00008585
DOTUSDT,1783584000001,0.00004147
DOTUSDT,1783612800001,0.0001
DOTUSDT,1783641600000,0.00007187
DOTUSDT,1783670400005,0.0001
DOTUSDT,1783699200005,0.0001
DOTUSDT,1783728000000,0.0001
DOTUSDT,1783756800000,0.0001
DOTUSDT,1783785600000,0.0001
DOTUSDT,1783814400000,0.00003215
DOTUSDT,1783843200003,-0.00005332
DOTUSDT,1783872000000,-0.00008216
DOTUSDT,1783900800000,-0.00019522
DOTUSDT,1783929600001,-0.00007955
DOTUSDT,1783958400004,-0.00007342
DOTUSDT,1783987200000,0.00000767
DOTUSDT,1784016000002,0.0001
DOTUSDT,1784044800001,0.0001
DOTUSDT,1784073600005,-0.00005611
DOTUSDT,1784102400002,0.0001
DOTUSDT,1784131200000,0.0001
DOTUSDT,1784160000000,0.0001
DOTUSDT,1784188800003,-0.00007642
DOTUSDT,1784217600002,0.00000785
DOTUSDT,1784246400000,0.0001
DOTUSDT,1784275200010,0.0001
DOTUSDT,1784304000004,-0.00005733
DOTUSDT,1784332800000,-0.00006265
DOTUSDT,1784361600000,-0.00006999
DOTUSDT,1784390400001,-0.00006282
DOTUSDT,1784419200003,-0.00020701
DOTUSDT,1784448000000,0.00004787
DOTUSDT,1784476800001,-0.00019405
DOTUSDT,1784505600000,-0.00013073
DOTUSDT,1784534400001,-0.00007177
DOTUSDT,1784563200004,0.00008545
DOTUSDT,1784592000001,0.0001
DOTUSDT,1784620800000,0.0000975
DOTUSDT,1784649600002,0.00008505
DOTUSDT,1784678400000,-0.00004645
DOTUSDT,1784707200000,0.0000579
DOTUSDT,1784736000001,-0.00006804
DOTUSDT,1784764800000,-0.00001481
DOTUSDT,1784793600000,-0.00021311
DOTUSDT,1784822400000,-0.00015189
DOTUSDT,1784851200000,-0.00000461
DOTUSDT,1784880000000,0.0001
DOTUSDT,1784908800008,-0.00013602
DOTUSDT,1784937600002,0.00006298
DOTUSDT,1784966400000,0.00000682
DOTUSDT,1784995200000,0.0001
DOTUSDT,1785024000000,-0.00008555
DOTUSDT,1785052800002,0.0001
DOTUSDT,1785081600000,0.00006612
DOTUSDT,1785110400010,0.00003828
DOTUSDT,1785139200000,0.00006957
DOTUSDT,1785168000001,-0.00011118
DOTUSDT,1785196800000,-0.00011034
DOTUSDT,1785225600000,-0.00020328
DOTUSDT,1785254400000,0.00003552
DOTUSDT,1785283200000,0.00005035
DOTUSDT,1785312000002,-0.00009061
DOTUSDT,1785340800000,0.0000832
DOTUSDT,1785369600000,0.00007282
DOTUSDT,1785398400000,0.00006651
DOTUSDT,1785427200000,-0.00000222
DOTUSDT,1785456000003,0.00001279
DOTUSDT,1785484800000,0.00009056
DOTUSDT,1785513600000,-0.00004046
