symbol,timestamp_ms,funding_rate
DOGEUSDT,1609459200002,0.00042149
DOGEUSDT,1609488000006,0.00063967
DOGEUSDT,1609516800003,0.00077721
DOGEUSDT,1609545600000,0.0001
DOGEUSDT,1609574400000,0.00028153
DOGEUSDT,1609603200006,-0.00096746
DOGEUSDT,1609632000018,0.0001
DOGEUSDT,1609660800000,0.00006928
DOGEUSDT,1609689600002,0.0001
DOGEUSDT,1609718400000,0.00166402
DOGEUSDT,1609747200000,0.00195267
DOGEUSDT,1609776000000,0.0001
DOGEUSDT,1609804800020,0.0001
DOGEUSDT,1609833600003,0.0001
DOGEUSDT,1609862400003,0.0001
DOGEUSDT,1609891200010,0.00071733
DOGEUSDT,1609920000003,0.00129833
DOGEUSDT,1609948800000,0.00152435
DOGEUSDT,1609977600007,0.00077177
DOGEUSDT,1610006400000,0.00084281
DOGEUSDT,1610035200004,0.00110237
DOGEUSDT,1610064000000,0.00015035
DOGEUSDT,1610092800000,0.0001
DOGEUSDT,1610121600000,0.00057023
DOGEUSDT,1610150400009,0.00013684
DOGEUSDT,1610179200004,0.0001
DOGEUSDT,1610208000000,0.00106793
DOGEUSDT,1610236800000,0.00199637
DOGEUSDT,1610265600005,0.00239721
DOGEUSDT,1610294400000,0.00014739
DOGEUSDT,1610323200000,0.00086554
DOGEUSDT,1610352000012,0.0001
DOGEUSDT,1610380800000,0.0001
DOGEUSDT,1610409600000,0.0001
DOGEUSDT,1610438400000,0.0001
DOGEUSDT,1610467200008,0.0001
DOGEUSDT,1610496000001,0.0001
DOGEUSDT,1610524800000,0.0001
DOGEUSDT,1610553600003,0.0001
DOGEUSDT,1610582400000,0.0001
DOGEUSDT,1610611200012,0.0001
DOGEUSDT,1610640000000,0.00050428
DOGEUSDT,1610668800002,0.00052815
DOGEUSDT,1610697600000,0.00067149
DOGEUSDT,1610726400004,0.00041737
DOGEUSDT,1610755200000,0.0001
DOGEUSDT,1610784000008,0.0001
DOGEUSDT,1610812800000,0.00027981
DOGEUSDT,1610841600009,0.00032909
DOGEUSDT,1610870400000,0.0001
DOGEUSDT,1610899200001,0.0002313
DOGEUSDT,1610928000000,0.00030879
DOGEUSDT,1610956800004,0.00068317
DOGEUSDT,1610985600000,0.0010587
DOGEUSDT,1611014400000,0.00107375
DOGEUSDT,1611043200005,0.00180843
DOGEUSDT,1611072000012,0.00115799
DOGEUSDT,1611100800012,0.00112194
DOGEUSDT,1611129600001,0.00078135
DOGEUSDT,1611158400001,0.0001
DOGEUSDT,1611187200000,0.00017504
DOGEUSDT,1611216000000,0.0001
DOGEUSDT,1611244800004,0.0001
DOGEUSDT,1611273600012,0.0001
DOGEUSDT,1611302400003,0.0001
DOGEUSDT,1611331200001,0.0001
DOGEUSDT,1611360000000,0.0001
DOGEUSDT,1611388800002,0.0001
DOGEUSDT,1611417600000,0.0001
DOGEUSDT,1611446400001,0.0001
DOGEUSDT,1611475200011,0.0001
DOGEUSDT,1611504000005,0.00010147
DOGEUSDT,1611532800007,0.0001
DOGEUSDT,1611561600012,0.00013764
DOGEUSDT,1611590400000,0.0001
DOGEUSDT,1611619200007,0.0001
DOGEUSDT,1611648000000,0.0001
DOGEUSDT,1611676800000,0.0001
DOGEUSDT,1611705600000,0.0001
DOGEUSDT,1611734400011,0.0001
DOGEUSDT,1611763200003,0.0000667
DOGEUSDT,1611792000000,0.00009337
DOGEUSDT,1611820800000,0.00113171
DOGEUSDT,1611849600000,0.0001
DOGEUSDT,1611878400009,-0.00199753
DOGEUSDT,1611907200000,-0.0075
DOGEUSDT,1611936000000,-0.00176806
DOGEUSDT,1611964800000,-0.00393366
DOGEUSDT,1611993600000,0.0001
DOGEUSDT,1612022400000,-0.00000472
DOGEUSDT,1612051200009,0.0001
DOGEUSDT,1612080000000,-0.00106541
DOGEUSDT,1612108800000,-0.00221647
DOGEUSDT,1612137600001,-0.00608022
DOGEUSDT,1612166400014,-0.0009359
DOGEUSDT,1612195200000,0.00011273
DOGEUSDT,1612224000000,-0.00010254
DOGEUSDT,1612252800006,-0.00016765
DOGEUSDT,1612281600000,0.00085744
DOGEUSDT,1612310400009,0.00021534
DOGEUSDT,1612339200006,0.00135217
DOGEUSDT,1612368000006,0.00157955
DOGEUSDT,1612396800005,0.00140809
DOGEUSDT,1612425600000,0.00340471
DOGEUSDT,1612454400011,-0.00081817
DOGEUSDT,1612483200009,-0.000089
DOGEUSDT,1612512000004,0.0001
DOGEUSDT,1612540800000,0.00155272
DOGEUSDT,1612569600008,0.0006878
DOGEUSDT,1612598400009,0.00086119
DOGEUSDT,1612627200000,0.00165646
DOGEUSDT,1612656000000,0.00191065
DOGEUSDT,1612684800005,0.00102627
DOGEUSDT,1612713600001,0.00089046
DOGEUSDT,1612742400000,0.00060604
DOGEUSDT,1612771200001,0.00098621
DOGEUSDT,1612800000000,0.00377995
DOGEUSDT,1612828800010,0.00240616
DOGEUSDT,1612857600006,0.00300141
DOGEUSDT,1612886400007,0.0011976
DOGEUSDT,1612915200009,0.00049753
DOGEUSDT,1612944000014,0.00173763
DOGEUSDT,1612972800005,0.00095984
DOGEUSDT,1613001600000,0.0001
DOGEUSDT,1613030400000,0.00189626
DOGEUSDT,1613059200000,0.00369164
DOGEUSDT,1613088000000,0.0023597
DOGEUSDT,1613116800000,0.00184068
DOGEUSDT,1613145600000,0.00289695
DOGEUSDT,1613174400001,0.00375658
DOGEUSDT,1613203200003,0.00334924
DOGEUSDT,1613232000000,0.00235333
DOGEUSDT,1613260800013,0.00242977
DOGEUSDT,1613289600000,0.00221745
DOGEUSDT,1613318400008,0.00261472
DOGEUSDT,1613347200000,0.00156758
DOGEUSDT,1613376000006,0.0001
DOGEUSDT,1613404800000,0.00098416
DOGEUSDT,1613433600001,0.00067896
DOGEUSDT,1613462400000,0.00081944
DOGEUSDT,1613491200010,0.00150823
DOGEUSDT,1613520000005,0.00026822
DOGEUSDT,1613548800010,0.00066497
DOGEUSDT,1613577600008,0.0024415
DOGEUSDT,1613606400012,0.00234505
DOGEUSDT,1613635200000,0.00265228
DOGEUSDT,1613664000009,0.002949
DOGEUSDT,1613692800010,0.00154944
DOGEUSDT,1613721600002,0.00178932
DOGEUSDT,1613750400008,0.00304962
DOGEUSDT,1613779200000,0.00345946
DOGEUSDT,1613808000009,0.00368451
DOGEUSDT,1613836800000,0.00327571
DOGEUSDT,1613865600007,0.00016899
DOGEUSDT,1613894400012,0.00125339
DOGEUSDT,1613923200001,0.00159681
DOGEUSDT,1613952000006,0.0015307
DOGEUSDT,1613980800002,0.00142387
DOGEUSDT,1614009600000,-0.00058211
DOGEUSDT,1614038400000,0.0001
DOGEUSDT,1614067200006,0.0001
DOGEUSDT,1614096000000,0.0001
DOGEUSDT,1614124800012,0.0001
DOGEUSDT,1614153600016,0.0001
DOGEUSDT,1614182400011,-0.0019953
DOGEUSDT,1614211200007,-0.0003121
DOGEUSDT,1614240000000,-0.00006502
DOGEUSDT,1614268800010,-0.00062685
DOGEUSDT,1614297600000,-0.00077662
DOGEUSDT,1614326400025,-0.00010737
DOGEUSDT,1614355200010,-0.00010143
DOGEUSDT,1614384000001,-0.00024813
DOGEUSDT,1614412800000,0.0001
DOGEUSDT,1614441600000,0.0001
DOGEUSDT,1614470400021,0.0001
DOGEUSDT,1614499200009,0.0001
DOGEUSDT,1614528000000,0.0001
DOGEUSDT,1614556800000,0.0001
DOGEUSDT,1614585600003,0.0001
DOGEUSDT,1614614400001,0.0001
DOGEUSDT,1614643200000,0.0001
DOGEUSDT,1614672000000,0.0001
DOGEUSDT,1614700800004,0.0001
DOGEUSDT,1614729600000,-0.00095339
DOGEUSDT,1614758400016,0.0001
DOGEUSDT,1614787200000,0.0001
DOGEUSDT,1614816000000,0.0001
DOGEUSDT,1614844800015,0.0001586
DOGEUSDT,1614873600001,0.00032393
DOGEUSDT,1614902400000,0.0001
DOGEUSDT,1614931200002,0.0001
DOGEUSDT,1614960000008,0.00029211
DOGEUSDT,1614988800000,0.0001
DOGEUSDT,1615017600000,0.0001
DOGEUSDT,1615046400000,0.0001
DOGEUSDT,1615075200006,0.0001
DOGEUSDT,1615104000005,0.0001
DOGEUSDT,1615132800008,0.0001
DOGEUSDT,1615161600000,0.0001
DOGEUSDT,1615190400000,0.00056652
DOGEUSDT,1615219200006,0.0004354
DOGEUSDT,1615248000000,0.00034968
DOGEUSDT,1615276800000,0.00099999
DOGEUSDT,1615305600000,0.00136502
DOGEUSDT,1615334400009,0.00139099
DOGEUSDT,1615363200006,0.00044447
DOGEUSDT,1615392000008,0.00090197
DOGEUSDT,1615420800000,0.00049405
DOGEUSDT,1615449600000,0.00044499
DOGEUSDT,1615478400014,0.00096212
DOGEUSDT,1615507200002,0.00121196
DOGEUSDT,1615536000005,0.00110075
DOGEUSDT,1615564800011,0.00070009
DOGEUSDT,1615593600000,0.00084765
DOGEUSDT,1615622400002,0.00103124
DOGEUSDT,1615651200000,0.0016168
DOGEUSDT,1615680000011,0.00199427
DOGEUSDT,1615708800000,0.00114776
DOGEUSDT,1615737600000,0.00105658
DOGEUSDT,1615766400012,0.00131686
DOGEUSDT,1615795200016,0.00113691
DOGEUSDT,1615824000030,0.00081538
DOGEUSDT,1615852800005,0.00076365
DOGEUSDT,1615881600008,0.00073215
DOGEUSDT,1615910400012,0.00038339
DOGEUSDT,1615939200010,0.0007064
DOGEUSDT,1615968000000,0.00075048
DOGEUSDT,1615996800009,0.00097071
DOGEUSDT,1616025600001,0.00115057
DOGEUSDT,1616054400000,0.00148187
DOGEUSDT,1616083200000,0.00156735
DOGEUSDT,1616112000011,0.0011603
DOGEUSDT,1616140800001,0.00096309
DOGEUSDT,1616169600000,0.00114514
DOGEUSDT,1616198400000,0.0011101
DOGEUSDT,1616227200000,0.00104398
DOGEUSDT,1616256000007,0.00161355
DOGEUSDT,1616284800000,0.00134516
DOGEUSDT,1616313600000,0.00110068
DOGEUSDT,1616342400000,0.00080434
DOGEUSDT,1616371200007,0.001049
DOGEUSDT,1616400000001,0.00114549
DOGEUSDT,1616428800000,0.00127647
DOGEUSDT,1616457600000,0.00036965
DOGEUSDT,1616486400010,0.00010848
DOGEUSDT,1616515200023,0.00037765
DOGEUSDT,1616544000002,0.00031908
DOGEUSDT,1616572800000,0.00036938
DOGEUSDT,1616601600000,0.0001
DOGEUSDT,1616630400000,0.0001
DOGEUSDT,1616659200000,0.0001
DOGEUSDT,1616688000000,0.0001
DOGEUSDT,1616716800008,0.0001
DOGEUSDT,1616745600000,0.00029598
DOGEUSDT,1616774400012,0.00027391
DOGEUSDT,1616803200018,0.0001
DOGEUSDT,1616832000000,0.00054267
DOGEUSDT,1616860800001,0.00057407
DOGEUSDT,1616889600000,0.0003517
DOGEUSDT,1616918400000,0.00050466
DOGEUSDT,1616947200005,0.00063084
DOGEUSDT,1616976000003,0.00066968
DOGEUSDT,1617004800000,0.000823
DOGEUSDT,1617033600000,0.00059348
DOGEUSDT,1617062400018,0.00057729
DOGEUSDT,1617091200012,0.00103681
DOGEUSDT,1617120000001,0.00106374
DOGEUSDT,1617148800000,0.00093633
DOGEUSDT,1617177600000,0.00091863
DOGEUSDT,1617206400000,0.00077373
DOGEUSDT,1617235200025,0.00114884
DOGEUSDT,1617264000011,0.00129137
DOGEUSDT,1617292800004,0.00119917
DOGEUSDT,1617321600000,0.00043469
DOGEUSDT,1617350400000,0.00167545
DOGEUSDT,1617379200000,0.00191026
DOGEUSDT,1617408000003,0.00208465
DOGEUSDT,1617436800000,0.00230775
DOGEUSDT,1617465600000,0.00246215
DOGEUSDT,1617494400000,0.00056254
DOGEUSDT,1617523200000,0.00097354
DOGEUSDT,1617552000016,0.00092836
DOGEUSDT,1617580800000,0.00110517
DOGEUSDT,1617609600001,0.00120745
DOGEUSDT,1617638400001,0.00151325
DOGEUSDT,1617667200010,0.00148598
DOGEUSDT,1617696000000,0.0015813
DOGEUSDT,1617724800003,0.00126194
DOGEUSDT,1617753600000,0.0009088
DOGEUSDT,1617782400006,0.00060886
DOGEUSDT,1617811200004,0.00022425
DOGEUSDT,1617840000013,0.00067419
DOGEUSDT,1617868800003,0.0005803
DOGEUSDT,1617897600005,0.00076098
DOGEUSDT,1617926400000,0.00079052
DOGEUSDT,1617955200004,0.00131395
DOGEUSDT,1617984000004,0.00147688
DOGEUSDT,1618012800011,0.00109049
DOGEUSDT,1618041600005,0.00201315
DOGEUSDT,1618070400000,0.00196801
DOGEUSDT,1618099200004,0.00152727
DOGEUSDT,1618128000000,0.00189816
DOGEUSDT,1618156800000,0.00223948
DOGEUSDT,1618185600001,0.0016943
DOGEUSDT,1618214400001,0.00264711
DOGEUSDT,1618243200008,0.00139728
DOGEUSDT,1618272000003,0.00177284
DOGEUSDT,1618300800008,0.00192977
DOGEUSDT,1618329600008,0.00283003
DOGEUSDT,1618358400008,0.00285736
DOGEUSDT,1618387200000,0.00259466
DOGEUSDT,1618416000012,0.0001
DOGEUSDT,1618444800006,0.00051257
DOGEUSDT,1618473600000,0.0006977
DOGEUSDT,1618502400008,0.00071848
DOGEUSDT,1618531200008,0.00007184
DOGEUSDT,1618560000000,0.0001
DOGEUSDT,1618588800002,-0.00337017
DOGEUSDT,1618617600008,0.00065882
DOGEUSDT,1618646400000,0.00165331
DOGEUSDT,1618675200001,0.00228722
DOGEUSDT,1618704000006,0.0013192
DOGEUSDT,1618732800004,0.0001
DOGEUSDT,1618761600000,0.0001
DOGEUSDT,1618790400000,0.00064044
DOGEUSDT,1618819200000,0.0007718
DOGEUSDT,1618848000009,0.0005462
DOGEUSDT,1618876800004,0.00053824
DOGEUSDT,1618905600000,0.00021431
DOGEUSDT,1618934400001,-0.00002087
DOGEUSDT,1618963200013,0.0001
DOGEUSDT,1618992000001,0.0001
DOGEUSDT,1619020800002,0.0001
DOGEUSDT,1619049600000,0.00024833
DOGEUSDT,1619078400000,0.00015262
DOGEUSDT,1619107200001,0.0001
DOGEUSDT,1619136000002,0.0001
DOGEUSDT,1619164800009,0.0001
DOGEUSDT,1619193600001,0.00002864
DOGEUSDT,1619222400019,0.0001
DOGEUSDT,1619251200001,-0.00016953
DOGEUSDT,1619280000011,0.0001
DOGEUSDT,1619308800000,-0.0003309
DOGEUSDT,1619337600010,-0.00008465
DOGEUSDT,1619366400000,0.0001
DOGEUSDT,1619395200003,-0.00081562
DOGEUSDT,1619424000002,0.0001
DOGEUSDT,1619452800004,0.0001
DOGEUSDT,1619481600000,0.00024112
DOGEUSDT,1619510400000,0.00052766
DOGEUSDT,1619539200009,0.00036456
DOGEUSDT,1619568000000,0.00029614
DOGEUSDT,1619596800000,0.00014123
DOGEUSDT,1619625600001,0.00075197
DOGEUSDT,1619654400004,0.0001
DOGEUSDT,1619683200013,0.00027906
DOGEUSDT,1619712000003,0.00044525
DOGEUSDT,1619740800004,0.00015236
DOGEUSDT,1619769600019,0.00063122
DOGEUSDT,1619798400003,0.00079326
DOGEUSDT,1619827200002,0.00050617
DOGEUSDT,1619856000006,0.00091168
DOGEUSDT,1619884800000,0.00056507
DOGEUSDT,1619913600010,0.00105805
DOGEUSDT,1619942400011,0.00064962
DOGEUSDT,1619971200007,0.00051725
DOGEUSDT,1620000000003,0.00074971
DOGEUSDT,1620028800000,0.00109798
DOGEUSDT,1620057600043,0.00151518
DOGEUSDT,1620086400004,0.00115129
DOGEUSDT,1620115200003,0.00057391
DOGEUSDT,1620144000011,0.00108328
DOGEUSDT,1620172800001,0.00052608
DOGEUSDT,1620201600007,0.00036197
DOGEUSDT,1620230400001,0.00031246
DOGEUSDT,1620259200003,0.00069363
DOGEUSDT,1620288000001,0.00022015
DOGEUSDT,1620316800000,0.0019234
DOGEUSDT,1620345600000,0.00079498
DOGEUSDT,1620374400000,0.00044333
DOGEUSDT,1620403200001,0.0009308
DOGEUSDT,1620432000006,0.00130481
DOGEUSDT,1620460800000,0.00092286
DOGEUSDT,1620489600000,0.00061559
DOGEUSDT,1620518400005,0.0001
DOGEUSDT,1620547200016,-0.00033803
DOGEUSDT,1620576000000,0.0003957
DOGEUSDT,1620604800004,-0.0007434
DOGEUSDT,1620633600000,0.0001
DOGEUSDT,1620662400013,0.0001
DOGEUSDT,1620691200000,0.0001
DOGEUSDT,1620720000000,0.00014469
DOGEUSDT,1620748800002,0.0001
DOGEUSDT,1620777600004,0.0001
DOGEUSDT,1620806400007,0.0001
DOGEUSDT,1620835200012,0.0001
DOGEUSDT,1620864000016,0.0001
DOGEUSDT,1620892800000,-0.00004634
DOGEUSDT,1620921600008,0.00004777
DOGEUSDT,1620950400007,0.0001
DOGEUSDT,1620979200001,0.0001
DOGEUSDT,1621008000004,0.0001
DOGEUSDT,1621036800022,0.0001
DOGEUSDT,1621065600014,0.0001
DOGEUSDT,1621094400002,0.0001
DOGEUSDT,1621123200000,0.0001
DOGEUSDT,1621152000003,0.0001
DOGEUSDT,1621180800002,0.0001
DOGEUSDT,1621209600005,0.0001
DOGEUSDT,1621238400001,0.0001
DOGEUSDT,1621267200000,0.0001
DOGEUSDT,1621296000019,0.0001
DOGEUSDT,1621324800001,0.0001313
DOGEUSDT,1621353600006,0.0001
DOGEUSDT,1621382400000,0.0001
DOGEUSDT,1621411200003,0.0001
DOGEUSDT,1621440000018,-0.00125657
DOGEUSDT,1621468800005,-0.00025581
DOGEUSDT,1621497600000,-0.00023976
DOGEUSDT,1621526400005,-0.00001646
DOGEUSDT,1621555200000,0.0001
DOGEUSDT,1621584000000,-0.00009093
DOGEUSDT,1621612800001,-0.00022982
DOGEUSDT,1621641600001,-0.00037009
DOGEUSDT,1621670400002,-0.00032359
DOGEUSDT,1621699200005,0.00007248
DOGEUSDT,1621728000006,0.0001
DOGEUSDT,1621756800004,0.0001
DOGEUSDT,1621785600002,-0.00054423
DOGEUSDT,1621814400007,0.00007206
DOGEUSDT,1621843200005,0.0001
DOGEUSDT,1621872000005,0.0001
DOGEUSDT,1621900800000,0.00000374
DOGEUSDT,1621929600014,-0.00009724
DOGEUSDT,1621958400000,-0.00003801
DOGEUSDT,1621987200022,0.00005565
DOGEUSDT,1622016000018,0.0001
DOGEUSDT,1622044800004,-0.00021252
DOGEUSDT,1622073600000,0.00000978
DOGEUSDT,1622102400017,-0.00015068
DOGEUSDT,1622131200000,0.0001
DOGEUSDT,1622160000005,0.0001
DOGEUSDT,1622188800009,0.0001
DOGEUSDT,1622217600000,0.0001
DOGEUSDT,1622246400006,0.0001
DOGEUSDT,1622275200000,0.0001
DOGEUSDT,1622304000000,0.0001
DOGEUSDT,1622332800003,0.0001
DOGEUSDT,1622361600004,0.0001
DOGEUSDT,1622390400018,0.0001
DOGEUSDT,1622419200002,0.0001
DOGEUSDT,1622448000000,0.0001
DOGEUSDT,1622476800000,0.0001
DOGEUSDT,1622505600001,0.0001
DOGEUSDT,1622534400010,0.0001
DOGEUSDT,1622563200010,0.0001
DOGEUSDT,1622592000008,0.0001
DOGEUSDT,1622620800000,0.0001
DOGEUSDT,1622649600007,0.0001
DOGEUSDT,1622678400019,0.0001
DOGEUSDT,1622707200002,0.0001
DOGEUSDT,1622736000003,0.0001
DOGEUSDT,1622764800003,0.0001
DOGEUSDT,1622793600006,0.0001
DOGEUSDT,1622822400002,0.0001
DOGEUSDT,1622851200000,0.0001
DOGEUSDT,1622880000004,0.0001
DOGEUSDT,1622908800020,0.0001
DOGEUSDT,1622937600000,0.0001
DOGEUSDT,1622966400004,0.0001
DOGEUSDT,1622995200000,0.0001
DOGEUSDT,1623024000007,0.0001
DOGEUSDT,1623052800007,0.0001
DOGEUSDT,1623081600003,0.0001
DOGEUSDT,1623110400000,0.00004624
DOGEUSDT,1623139200000,0.00007966
DOGEUSDT,1623168000002,-0.00007779
DOGEUSDT,1623196800009,-0.00000698
DOGEUSDT,1623225600002,0.00004528
DOGEUSDT,1623254400000,0.0001
DOGEUSDT,1623283200007,0.0001
DOGEUSDT,1623312000003,0.0001
DOGEUSDT,1623340800000,0.0001
DOGEUSDT,1623369600010,0.0001
DOGEUSDT,1623398400007,0.0001
DOGEUSDT,1623427200006,0.0001
DOGEUSDT,1623456000005,0.0001
DOGEUSDT,1623484800000,-0.00001032
DOGEUSDT,1623513600018,-0.00001804
DOGEUSDT,1623542400002,0.0001
DOGEUSDT,1623571200000,0.0001
DOGEUSDT,1623600000003,0.0001
DOGEUSDT,1623628800000,0.0001
DOGEUSDT,1623657600015,0.0001
DOGEUSDT,1623686400000,0.0001
DOGEUSDT,1623715200000,0.0001
DOGEUSDT,1623744000000,0.0001
DOGEUSDT,1623772800004,0.0001
DOGEUSDT,1623801600004,0.0001
DOGEUSDT,1623830400001,0.0001
DOGEUSDT,1623859200000,0.0001
DOGEUSDT,1623888000004,0.0001
DOGEUSDT,1623916800000,0.0001
DOGEUSDT,1623945600002,0.0001
DOGEUSDT,1623974400009,0.0001
DOGEUSDT,1624003200014,0.0001
DOGEUSDT,1624032000007,0.0001
DOGEUSDT,1624060800003,0.00009486
DOGEUSDT,1624089600001,0.0001
DOGEUSDT,1624118400000,0.0001
DOGEUSDT,1624147200005,0.0001
DOGEUSDT,1624176000000,0.0001
DOGEUSDT,1624204800002,-0.00047182
DOGEUSDT,1624233600019,-0.00020335
DOGEUSDT,1624262400000,-0.00026779
DOGEUSDT,1624291200024,-0.00024228
DOGEUSDT,1624320000008,-0.00091314
DOGEUSDT,1624348800009,-0.00064204
DOGEUSDT,1624377600001,-0.00070951
DOGEUSDT,1624406400003,-0.00059853
DOGEUSDT,1624435200000,-0.00052957
DOGEUSDT,1624464000000,-0.00006101
DOGEUSDT,1624492800009,0.000049
DOGEUSDT,1624521600018,-0.00009072
DOGEUSDT,1624550400001,-0.00013877
DOGEUSDT,1624579200009,-0.0001725
DOGEUSDT,1624608000004,0.00000825
DOGEUSDT,1624636800000,0.0001
DOGEUSDT,1624665600007,0.00003349
DOGEUSDT,1624694400000,0.0001
DOGEUSDT,1624723200002,-0.00026623
DOGEUSDT,1624752000005,-0.00005844
DOGEUSDT,1624780800010,0.00004843
DOGEUSDT,1624809600001,-0.00000104
DOGEUSDT,1624838400025,0.00003611
DOGEUSDT,1624867200017,0.00007592
DOGEUSDT,1624896000007,-0.00004071
DOGEUSDT,1624924800008,-0.00014685
DOGEUSDT,1624953600000,-0.00006082
DOGEUSDT,1624982400000,0.0001
DOGEUSDT,1625011200011,0.0001
DOGEUSDT,1625040000044,0.00005643
DOGEUSDT,1625068800005,0.0001
DOGEUSDT,1625097600000,-0.00002631
DOGEUSDT,1625126400004,0.00001412
DOGEUSDT,1625155200028,0.0001
DOGEUSDT,1625184000002,0.0001
DOGEUSDT,1625212800016,0.00008837
DOGEUSDT,1625241600007,0.0001
DOGEUSDT,1625270400008,0.0001
DOGEUSDT,1625299200000,0.0001
DOGEUSDT,1625328000004,0.0001
DOGEUSDT,1625356800012,0.0001
DOGEUSDT,1625385600002,0.0001
DOGEUSDT,1625414400003,0.0001
DOGEUSDT,1625443200004,0.0001
DOGEUSDT,1625472000000,0.0001
DOGEUSDT,1625500800009,-0.00032559
DOGEUSDT,1625529600008,-0.00008271
DOGEUSDT,1625558400019,0.0001
DOGEUSDT,1625587200000,0.0001
DOGEUSDT,1625616000007,0.0001
DOGEUSDT,1625644800001,0.0001
DOGEUSDT,1625673600008,0.0001
DOGEUSDT,1625702400002,0.0001
DOGEUSDT,1625731200010,0.0001
DOGEUSDT,1625760000003,0.0001
DOGEUSDT,1625788800000,0.0001
DOGEUSDT,1625817600006,-0.00002937
DOGEUSDT,1625846400000,0.0001
DOGEUSDT,1625875200002,0.0001
DOGEUSDT,1625904000000,0.0001
DOGEUSDT,1625932800001,0.0001
DOGEUSDT,1625961600001,0.0001
DOGEUSDT,1625990400025,0.0001
DOGEUSDT,1626019200006,0.0001
DOGEUSDT,1626048000000,0.0001
DOGEUSDT,1626076800021,0.0001
DOGEUSDT,1626105600000,0.0001
DOGEUSDT,1626134400000,0.0001
DOGEUSDT,1626163200013,0.0001
DOGEUSDT,1626192000005,0.0001
DOGEUSDT,1626220800000,0.0001
DOGEUSDT,1626249600000,0.00005711
DOGEUSDT,1626278400005,0.0001
DOGEUSDT,1626307200005,0.0001
DOGEUSDT,1626336000001,0.0001
DOGEUSDT,1626364800000,0.0001
DOGEUSDT,1626393600000,0.0001
DOGEUSDT,1626422400000,0.0001
DOGEUSDT,1626451200001,0.0001
DOGEUSDT,1626480000004,0.00009936
DOGEUSDT,1626508800009,0.00004998
DOGEUSDT,1626537600006,0.00005788
DOGEUSDT,1626566400000,0.0001
DOGEUSDT,1626595200001,0.0001
DOGEUSDT,1626624000003,0.00003454
DOGEUSDT,1626652800002,0.0001
DOGEUSDT,1626681600006,0.00003297
DOGEUSDT,1626710400006,-0.00001736
DOGEUSDT,1626739200002,0.0001
DOGEUSDT,1626768000011,-0.00025901
DOGEUSDT,1626796800001,-0.00002431
DOGEUSDT,1626825600022,-0.00004249
DOGEUSDT,1626854400000,0.00006987
DOGEUSDT,1626883200018,0.00004144
DOGEUSDT,1626912000002,0.0001
DOGEUSDT,1626940800006,0.0001
DOGEUSDT,1626969600010,0.0001
DOGEUSDT,1626998400013,0.0001
DOGEUSDT,1627027200000,0.0001
DOGEUSDT,1627056000005,0.0001
DOGEUSDT,1627084800000,0.0001
DOGEUSDT,1627113600002,0.0001
DOGEUSDT,1627142400001,0.0001
DOGEUSDT,1627171200003,0.0001
DOGEUSDT,1627200000015,0.0001
DOGEUSDT,1627228800000,0.0001
DOGEUSDT,1627257600000,0.0001
DOGEUSDT,1627286400000,0.0001
DOGEUSDT,1627315200000,0.0001
DOGEUSDT,1627344000046,0.0001
DOGEUSDT,1627372800014,0.0001
DOGEUSDT,1627401600007,0.0001
DOGEUSDT,1627430400000,0.0001
DOGEUSDT,1627459200002,0.0001
DOGEUSDT,1627488000005,0.0001
DOGEUSDT,1627516800004,0.0001
DOGEUSDT,1627545600000,0.0001
DOGEUSDT,1627574400007,0.0001
DOGEUSDT,1627603200004,0.0001
DOGEUSDT,1627632000000,0.0001
DOGEUSDT,1627660800000,0.0001
DOGEUSDT,1627689600000,0.0001
DOGEUSDT,1627718400014,0.0001
DOGEUSDT,1627747200003,0.0001
DOGEUSDT,1627776000005,0.0001
DOGEUSDT,1627804800016,0.00020359
DOGEUSDT,1627833600001,0.00019681
DOGEUSDT,1627862400000,0.0001
DOGEUSDT,1627891200014,0.0001
DOGEUSDT,1627920000021,0.0001
DOGEUSDT,1627948800000,0.0001
DOGEUSDT,1627977600000,0.0001
DOGEUSDT,1628006400009,0.0001
DOGEUSDT,1628035200000,0.0001
DOGEUSDT,1628064000000,0.0001
DOGEUSDT,1628092800003,0.0001
DOGEUSDT,1628121600000,0.0001
DOGEUSDT,1628150400000,0.0001
DOGEUSDT,1628179200001,0.0001
DOGEUSDT,1628208000000,0.0001
DOGEUSDT,1628236800004,0.0001
DOGEUSDT,1628265600003,0.00024257
DOGEUSDT,1628294400015,0.00051042
DOGEUSDT,1628323200001,0.00058676
DOGEUSDT,1628352000002,0.00060928
DOGEUSDT,1628380800000,0.00065496
DOGEUSDT,1628409600002,0.00044762
DOGEUSDT,1628438400018,0.00055772
DOGEUSDT,1628467200000,0.00021706
DOGEUSDT,1628496000000,0.0004415
DOGEUSDT,1628524800002,0.00036113
DOGEUSDT,1628553600000,0.0001
DOGEUSDT,1628582400003,0.00025552
DOGEUSDT,1628611200000,0.00036504
DOGEUSDT,1628640000006,0.00071508
DOGEUSDT,1628668800003,0.00081207
DOGEUSDT,1628697600000,0.00079533
DOGEUSDT,1628726400013,0.0002991
DOGEUSDT,1628755200001,0.00063279
DOGEUSDT,1628784000000,0.00015117
DOGEUSDT,1628812800000,0.0001
DOGEUSDT,1628841600000,0.00036501
DOGEUSDT,1628870400002,0.00028221
DOGEUSDT,1628899200006,0.0003723
DOGEUSDT,1628928000000,0.0006482
DOGEUSDT,1628956800000,0.00057546
DOGEUSDT,1628985600003,0.00059794
DOGEUSDT,1629014400000,0.00053723
DOGEUSDT,1629043200007,0.00048905
DOGEUSDT,1629072000012,0.00077534
DOGEUSDT,1629100800003,0.00075376
DOGEUSDT,1629129600010,0.00030419
DOGEUSDT,1629158400018,0.00022657
DOGEUSDT,1629187200015,0.00021479
DOGEUSDT,1629216000006,0.00022165
DOGEUSDT,1629244800000,0.0001
DOGEUSDT,1629273600000,0.0001
DOGEUSDT,1629302400011,0.0001
DOGEUSDT,1629331200000,0.0001
DOGEUSDT,1629360000014,0.00017454
DOGEUSDT,1629388800000,0.0001
DOGEUSDT,1629417600000,0.00040915
DOGEUSDT,1629446400001,0.00044864
DOGEUSDT,1629475200001,0.0005544
DOGEUSDT,1629504000005,0.00020372
DOGEUSDT,1629532800001,0.00053922
DOGEUSDT,1629561600000,0.00047552
DOGEUSDT,1629590400005,0.00038199
DOGEUSDT,1629619200007,0.00031329
DOGEUSDT,1629648000002,0.00052123
DOGEUSDT,1629676800003,0.00029152
DOGEUSDT,1629705600005,0.00075426
DOGEUSDT,1629734400002,0.00081515
DOGEUSDT,1629763200006,0.00078965
DOGEUSDT,1629792000004,0.00093203
DOGEUSDT,1629820800000,0.00070134
DOGEUSDT,1629849600015,0.0001
DOGEUSDT,1629878400000,0.00012255
DOGEUSDT,1629907200000,0.0001
DOGEUSDT,1629936000001,0.00014589
DOGEUSDT,1629964800016,0.00020591
DOGEUSDT,1629993600004,0.00020401
DOGEUSDT,1630022400013,0.00018623
DOGEUSDT,1630051200001,0.00026187
DOGEUSDT,1630080000004,0.00015768
DOGEUSDT,1630108800000,0.00019032
DOGEUSDT,1630137600000,0.00052214
DOGEUSDT,1630166400000,0.00035501
DOGEUSDT,1630195200000,0.00034873
DOGEUSDT,1630224000002,0.00020095
DOGEUSDT,1630252800005,0.00034429
DOGEUSDT,1630281600013,0.00050168
DOGEUSDT,1630310400008,0.00081384
DOGEUSDT,1630339200000,0.00056891
DOGEUSDT,1630368000000,0.00033931
DOGEUSDT,1630396800007,0.00029868
DOGEUSDT,1630425600003,0.00031072
DOGEUSDT,1630454400000,0.00037717
DOGEUSDT,1630483200006,0.00035309
DOGEUSDT,1630512000000,0.00064436
DOGEUSDT,1630540800009,0.00068579
DOGEUSDT,1630569600006,0.00119691
DOGEUSDT,1630598400007,0.00071133
DOGEUSDT,1630627200011,0.00050917
DOGEUSDT,1630656000000,0.00081683
DOGEUSDT,1630684800002,0.0006845
DOGEUSDT,1630713600003,0.00069924
DOGEUSDT,1630742400008,0.00112999
DOGEUSDT,1630771200009,0.00137079
DOGEUSDT,1630800000002,0.00119733
DOGEUSDT,1630828800002,0.00086393
DOGEUSDT,1630857600000,0.00104803
DOGEUSDT,1630886400003,0.00118524
DOGEUSDT,1630915200008,0.00147555
DOGEUSDT,1630944000009,0.00049934
DOGEUSDT,1630972800004,0.00047626
DOGEUSDT,1631001600002,0.0007534
DOGEUSDT,1631030400001,-0.00325212
DOGEUSDT,1631059200005,0.00046722
DOGEUSDT,1631088000000,0.0001
DOGEUSDT,1631116800000,0.0001
DOGEUSDT,1631145600006,0.0001
DOGEUSDT,1631174400014,0.0001
DOGEUSDT,1631203200002,0.0001
DOGEUSDT,1631232000001,0.0001
DOGEUSDT,1631260800018,0.0001
DOGEUSDT,1631289600006,0.0001
DOGEUSDT,1631318400000,0.0001
DOGEUSDT,1631347200001,0.0001
DOGEUSDT,1631376000000,0.0001
DOGEUSDT,1631404800000,0.0001
DOGEUSDT,1631433600002,0.0001
DOGEUSDT,1631462400000,0.0001
DOGEUSDT,1631491200000,0.0001
DOGEUSDT,1631520000007,0.0001
DOGEUSDT,1631548800005,0.0001
DOGEUSDT,1631577600002,0.0001
DOGEUSDT,1631606400000,0.0001
DOGEUSDT,1631635200007,0.0001
DOGEUSDT,1631664000012,0.0001
DOGEUSDT,1631692800003,0.0001
DOGEUSDT,1631721600006,0.0001
DOGEUSDT,1631750400008,0.00011218
DOGEUSDT,1631779200005,0.00013009
DOGEUSDT,1631808000002,0.0001
DOGEUSDT,1631836800000,0.0001
DOGEUSDT,1631865600047,0.00036756
DOGEUSDT,1631894400013,0.0001
DOGEUSDT,1631923200000,0.0001
DOGEUSDT,1631952000010,0.0001
DOGEUSDT,1631980800005,0.0001
DOGEUSDT,1632009600006,0.0001
DOGEUSDT,1632038400015,0.0001
DOGEUSDT,1632067200007,0.0001
DOGEUSDT,1632096000018,0.0001
DOGEUSDT,1632124800000,0.0001
DOGEUSDT,1632153600005,0.0001
DOGEUSDT,1632182400005,0.0001
DOGEUSDT,1632211200007,0.0001
DOGEUSDT,1632240000000,0.0001
DOGEUSDT,1632268800005,0.0001
DOGEUSDT,1632297600006,0.0001
DOGEUSDT,1632326400000,0.0001
DOGEUSDT,1632355200003,0.0001
DOGEUSDT,1632384000000,0.0001
DOGEUSDT,1632412800007,0.00007657
DOGEUSDT,1632441600000,0.00009876
DOGEUSDT,1632470400017,0.0001
DOGEUSDT,1632499200000,0.0000151
DOGEUSDT,1632528000007,-0.00005196
DOGEUSDT,1632556800002,0.00005668
DOGEUSDT,1632585600004,0.0001
DOGEUSDT,1632614400013,0.0001
DOGEUSDT,1632643200000,-0.00007196
DOGEUSDT,1632672000005,0.00003771
DOGEUSDT,1632700800000,0.0000472
DOGEUSDT,1632729600001,-0.00001671
DOGEUSDT,1632758400000,0.0001
DOGEUSDT,1632787200000,0.00008335
DOGEUSDT,1632816000014,0.00008297
DOGEUSDT,1632844800000,0.0001
DOGEUSDT,1632873600000,0.00009593
DOGEUSDT,1632902400002,0.0001
DOGEUSDT,1632931200000,0.0001
DOGEUSDT,1632960000000,0.0001
DOGEUSDT,1632988800004,0.0001
DOGEUSDT,1633017600005,0.0001
DOGEUSDT,1633046400012,0.0001
DOGEUSDT,1633075200008,0.0001
DOGEUSDT,1633104000000,0.0001
DOGEUSDT,1633132800000,0.0001
DOGEUSDT,1633161600002,0.0001
DOGEUSDT,1633190400011,0.0001
DOGEUSDT,1633219200019,0.0001
DOGEUSDT,1633248000011,0.0001
DOGEUSDT,1633276800004,0.0001
DOGEUSDT,1633305600004,0.0001
DOGEUSDT,1633334400000,0.0001
DOGEUSDT,1633363200000,0.0001
DOGEUSDT,1633392000007,0.00019454
DOGEUSDT,1633420800007,0.00026474
DOGEUSDT,1633449600004,0.0001
DOGEUSDT,1633478400002,0.00040113
DOGEUSDT,1633507200000,0.00024348
DOGEUSDT,1633536000003,0.00014181
DOGEUSDT,1633564800007,0.00032087
DOGEUSDT,1633593600002,0.00044421
DOGEUSDT,1633622400000,0.00048696
DOGEUSDT,1633651200011,0.00035957
DOGEUSDT,1633680000003,0.00048669
DOGEUSDT,1633708800002,0.00054268
DOGEUSDT,1633737600006,0.00033883
DOGEUSDT,1633766400003,0.00041332
DOGEUSDT,1633795200000,0.00029848
DOGEUSDT,1633824000000,0.00043259
DOGEUSDT,1633852800008,0.00042349
DOGEUSDT,1633881600000,0.00057094
DOGEUSDT,1633910400002,0.0001
DOGEUSDT,1633939200001,0.0001
DOGEUSDT,1633968000006,0.00020129
DOGEUSDT,1633996800008,0.0001
DOGEUSDT,1634025600013,0.0001
DOGEUSDT,1634054400003,0.0001
DOGEUSDT,1634083200003,0.0001
DOGEUSDT,1634112000015,0.0001
DOGEUSDT,1634140800000,0.0001
DOGEUSDT,1634169600011,0.0001
DOGEUSDT,1634198400017,0.0003169
DOGEUSDT,1634227200000,0.00037456
DOGEUSDT,1634256000005,0.00032938
DOGEUSDT,1634284800002,0.00050262
DOGEUSDT,1634313600005,0.00041643
DOGEUSDT,1634342400009,0.0007005
DOGEUSDT,1634371200000,0.00078422
DOGEUSDT,1634400000003,0.00034511
DOGEUSDT,1634428800001,0.00038681
DOGEUSDT,1634457600002,0.00050892
DOGEUSDT,1634486400002,0.00046612
DOGEUSDT,1634515200006,0.00016462
DOGEUSDT,1634544000004,0.00053689
DOGEUSDT,1634572800001,0.00078026
DOGEUSDT,1634601600002,0.0004474
DOGEUSDT,1634630400000,0.0003892
DOGEUSDT,1634659200000,0.00046842
DOGEUSDT,1634688000017,0.00027303
DOGEUSDT,1634716800004,0.00047774
DOGEUSDT,1634745600020,0.00042717
DOGEUSDT,1634774400000,0.00052495
DOGEUSDT,1634803200000,0.0008598
DOGEUSDT,1634832000008,0.00061231
DOGEUSDT,1634860800005,0.0003174
DOGEUSDT,1634889600005,0.00056797
DOGEUSDT,1634918400018,0.00043017
DOGEUSDT,1634947200005,0.00058354
DOGEUSDT,1634976000001,0.0005097
DOGEUSDT,1635004800004,0.00051
DOGEUSDT,1635033600006,0.00085184
DOGEUSDT,1635062400012,0.00086462
DOGEUSDT,1635091200001,0.00083881
DOGEUSDT,1635120000012,0.0006699
DOGEUSDT,1635148800002,0.00060553
DOGEUSDT,1635177600022,0.00066
DOGEUSDT,1635206400005,0.00066885
DOGEUSDT,1635235200016,0.00084469
DOGEUSDT,1635264000000,0.0007461
DOGEUSDT,1635292800004,0.00043225
DOGEUSDT,1635321600000,0.00073485
DOGEUSDT,1635350400002,0.0001
DOGEUSDT,1635379200002,0.00011048
DOGEUSDT,1635408000000,0.0001
DOGEUSDT,1635436800005,0.00029341
DOGEUSDT,1635465600000,0.00028884
DOGEUSDT,1635494400007,0.00046321
DOGEUSDT,1635523200001,0.00041302
DOGEUSDT,1635552000000,0.00031314
DOGEUSDT,1635580800001,0.00059177
DOGEUSDT,1635609600013,0.00044672
DOGEUSDT,1635638400008,0.00035589
DOGEUSDT,1635667200010,0.00062143
DOGEUSDT,1635696000001,0.0004012
DOGEUSDT,1635724800009,0.00022332
DOGEUSDT,1635753600014,0.00056948
DOGEUSDT,1635782400001,0.00054972
DOGEUSDT,1635811200000,0.00042834
DOGEUSDT,1635840000007,0.00058205
DOGEUSDT,1635868800010,0.00063368
DOGEUSDT,1635897600019,0.00060236
DOGEUSDT,1635926400000,0.00069661
DOGEUSDT,1635955200005,0.00027232
DOGEUSDT,1635984000006,0.00081679
DOGEUSDT,1636012800004,0.0007524
DOGEUSDT,1636041600004,0.00056931
DOGEUSDT,1636070400000,0.00050417
DOGEUSDT,1636099200013,0.00052246
DOGEUSDT,1636128000016,0.00058701
DOGEUSDT,1636156800010,0.00058508
DOGEUSDT,1636185600000,0.00048989
DOGEUSDT,1636214400007,0.0002534
DOGEUSDT,1636243200013,0.00036554
DOGEUSDT,1636272000005,0.00058958
DOGEUSDT,1636300800004,0.00063263
DOGEUSDT,1636329600001,0.0006751
DOGEUSDT,1636358400000,0.00067028
DOGEUSDT,1636387200000,0.00073579
DOGEUSDT,1636416000000,0.00051446
DOGEUSDT,1636444800014,0.0004603
DOGEUSDT,1636473600001,0.00059972
DOGEUSDT,1636502400000,0.00062783
DOGEUSDT,1636531200003,0.00046577
DOGEUSDT,1636560000001,0.00088314
DOGEUSDT,1636588800008,0.0001
DOGEUSDT,1636617600012,0.00021812
DOGEUSDT,1636646400007,0.00021939
DOGEUSDT,1636675200000,0.00042035
DOGEUSDT,1636704000000,0.00034392
DOGEUSDT,1636732800004,0.00014559
DOGEUSDT,1636761600000,0.00012313
DOGEUSDT,1636790400004,0.00024047
DOGEUSDT,1636819200006,0.00019753
DOGEUSDT,1636848000010,0.00011616
DOGEUSDT,1636876800001,0.00014711
DOGEUSDT,1636905600000,0.00026823
DOGEUSDT,1636934400008,0.00028792
DOGEUSDT,1636963200000,0.00034448
DOGEUSDT,1636992000000,0.00018981
DOGEUSDT,1637020800000,0.00029746
DOGEUSDT,1637049600001,0.0001
DOGEUSDT,1637078400018,0.0001
DOGEUSDT,1637107200005,0.0001
DOGEUSDT,1637136000007,0.0001
DOGEUSDT,1637164800003,0.0001
DOGEUSDT,1637193600017,0.0001
DOGEUSDT,1637222400007,0.0001
DOGEUSDT,1637251200011,0.0001
DOGEUSDT,1637280000000,0.0001
DOGEUSDT,1637308800000,0.0001
DOGEUSDT,1637337600005,0.0001
DOGEUSDT,1637366400012,0.0001
DOGEUSDT,1637395200000,0.0001
DOGEUSDT,1637424000007,0.0001
DOGEUSDT,1637452800000,0.0001
DOGEUSDT,1637481600006,0.0001
DOGEUSDT,1637510400000,0.0001
DOGEUSDT,1637539200004,0.0001
DOGEUSDT,1637568000000,0.0001
DOGEUSDT,1637596800000,0.0001
DOGEUSDT,1637625600004,0.0001
DOGEUSDT,1637654400010,0.0001
DOGEUSDT,1637683200005,0.0001
DOGEUSDT,1637712000001,0.00018602
DOGEUSDT,1637740800003,0.0001435
DOGEUSDT,1637769600010,0.0001
DOGEUSDT,1637798400000,0.0001
DOGEUSDT,1637827200010,0.00017334
DOGEUSDT,1637856000000,0.00010681
DOGEUSDT,1637884800000,0.00034842
DOGEUSDT,1637913600000,0.0001
DOGEUSDT,1637942400016,0.0001
DOGEUSDT,1637971200005,0.0001
DOGEUSDT,1638000000008,0.0001
DOGEUSDT,1638028800007,0.0001
DOGEUSDT,1638057600018,0.0001
DOGEUSDT,1638086400000,0.0001
DOGEUSDT,1638115200004,0.0001
DOGEUSDT,1638144000002,0.0001
DOGEUSDT,1638172800004,0.0001
DOGEUSDT,1638201600000,0.0001
DOGEUSDT,1638230400000,0.0001
DOGEUSDT,1638259200006,0.0001
DOGEUSDT,1638288000000,0.0001
DOGEUSDT,1638316800000,0.0001
DOGEUSDT,1638345600000,0.0001
DOGEUSDT,1638374400001,0.0001
DOGEUSDT,1638403200000,0.0001
DOGEUSDT,1638432000007,0.0001
DOGEUSDT,1638460800008,0.0001
DOGEUSDT,1638489600004,0.0001
DOGEUSDT,1638518400002,0.0001
DOGEUSDT,1638547200006,0.0001
DOGEUSDT,1638576000006,0.0001
DOGEUSDT,1638604800004,-0.00121599
DOGEUSDT,1638633600000,-0.00003885
DOGEUSDT,1638662400003,0.00001938
DOGEUSDT,1638691200008,0.0001
DOGEUSDT,1638720000007,0.00009827
DOGEUSDT,1638748800009,-0.00006379
DOGEUSDT,1638777600001,-0.00003727
DOGEUSDT,1638806400000,0.000092
DOGEUSDT,1638835200018,0.00005857
DOGEUSDT,1638864000000,0.00007909
DOGEUSDT,1638892800000,-0.00006572
DOGEUSDT,1638921600000,-0.00003678
DOGEUSDT,1638950400018,0.00003584
DOGEUSDT,1638979200010,0.00006803
DOGEUSDT,1639008000010,0.0001
DOGEUSDT,1639036800000,-0.00006299
DOGEUSDT,1639065600000,-0.00006876
DOGEUSDT,1639094400000,0.00009775
DOGEUSDT,1639123200008,0.0001
DOGEUSDT,1639152000012,-0.00004101
DOGEUSDT,1639180800009,0.0001
DOGEUSDT,1639209600008,0.00008706
DOGEUSDT,1639238400000,0.0000411
DOGEUSDT,1639267200001,0.00006733
DOGEUSDT,1639296000015,0.00005208
DOGEUSDT,1639324800011,0.00005962
DOGEUSDT,1639353600006,0.00006573
DOGEUSDT,1639382400019,0.00004002
DOGEUSDT,1639411200000,-0.00004542
DOGEUSDT,1639440000004,-0.00019515
DOGEUSDT,1639468800000,0.00007746
DOGEUSDT,1639497600015,0.00009385
DOGEUSDT,1639526400000,-0.00007596
DOGEUSDT,1639555200008,0.0001
DOGEUSDT,1639584000005,0.0001
DOGEUSDT,1639612800006,0.0001
DOGEUSDT,1639641600009,0.0001
DOGEUSDT,1639670400000,0.0001
DOGEUSDT,1639699200000,0.0001
DOGEUSDT,1639728000005,0.0001
DOGEUSDT,1639756800006,0.0001
DOGEUSDT,1639785600014,0.0001
DOGEUSDT,1639814400012,0.0001
DOGEUSDT,1639843200000,0.0001
DOGEUSDT,1639872000031,0.0001
DOGEUSDT,1639900800000,0.0001
DOGEUSDT,1639929600003,0.0001
DOGEUSDT,1639958400015,0.0001
DOGEUSDT,1639987200007,0.0001
DOGEUSDT,1640016000005,0.0000199
DOGEUSDT,1640044800003,0.00001142
DOGEUSDT,1640073600012,0.00000844
DOGEUSDT,1640102400005,0.0001
DOGEUSDT,1640131200000,0.0001
DOGEUSDT,1640160000001,0.0001
DOGEUSDT,1640188800006,0.0001
DOGEUSDT,1640217600011,0.0001
DOGEUSDT,1640246400000,0.0001
DOGEUSDT,1640275200000,0.0001
DOGEUSDT,1640304000005,0.0001
DOGEUSDT,1640332800000,0.0001
DOGEUSDT,1640361600011,0.0001
DOGEUSDT,1640390400000,0.0001
DOGEUSDT,1640419200001,0.0001
DOGEUSDT,1640448000005,0.0001
DOGEUSDT,1640476800004,0.0001
DOGEUSDT,1640505600002,0.0001
DOGEUSDT,1640534400000,0.0001
DOGEUSDT,1640563200002,0.0001
DOGEUSDT,1640592000005,0.0001
DOGEUSDT,1640620800000,0.0001
DOGEUSDT,1640649600000,0.0001
DOGEUSDT,1640678400012,0.0001
DOGEUSDT,1640707200000,0.0001
DOGEUSDT,1640736000006,0.00006869
DOGEUSDT,1640764800003,0.0001
DOGEUSDT,1640793600004,0.0001
DOGEUSDT,1640822400003,0.0001
DOGEUSDT,1640851200001,0.0001
DOGEUSDT,1640880000017,0.0001
DOGEUSDT,1640908800006,0.0001
DOGEUSDT,1640937600009,0.0001
DOGEUSDT,1640966400000,0.0001
DOGEUSDT,1640995200006,0.0001
DOGEUSDT,1641024000009,0.0001
DOGEUSDT,1641052800000,0.0001
DOGEUSDT,1641081600028,0.0001
DOGEUSDT,1641110400000,0.0001
DOGEUSDT,1641139200000,0.0001
DOGEUSDT,1641168000010,0.0001
DOGEUSDT,1641196800013,0.0001
DOGEUSDT,1641225600018,0.0001
DOGEUSDT,1641254400000,0.0001
DOGEUSDT,1641283200010,0.0001
DOGEUSDT,1641312000002,0.0001
DOGEUSDT,1641340800001,0.0001
DOGEUSDT,1641369600017,0.0001
DOGEUSDT,1641398400000,0.0001
DOGEUSDT,1641427200002,-0.000283
DOGEUSDT,1641456000021,-0.00006991
DOGEUSDT,1641484800006,0.00008787
DOGEUSDT,1641513600005,-0.00002463
DOGEUSDT,1641542400000,-0.00014537
DOGEUSDT,1641571200001,-0.00009159
DOGEUSDT,1641600000014,0.0001
DOGEUSDT,1641628800013,0.0001
DOGEUSDT,1641657600000,-0.0000239
DOGEUSDT,1641686400003,-0.00013985
DOGEUSDT,1641715200000,-0.00004159
DOGEUSDT,1641744000000,-0.0001026
DOGEUSDT,1641772800000,-0.0002303
DOGEUSDT,1641801600010,-0.0001475
DOGEUSDT,1641830400007,-0.00037477
DOGEUSDT,1641859200013,-0.000264
DOGEUSDT,1641888000004,0.00009216
DOGEUSDT,1641916800000,0.00001895
DOGEUSDT,1641945600012,-0.0000157
DOGEUSDT,1641974400015,0.00001363
DOGEUSDT,1642003200000,-0.00014556
DOGEUSDT,1642032000007,0.0001
DOGEUSDT,1642060800000,0.0001
DOGEUSDT,1642089600014,0.0001
DOGEUSDT,1642118400000,0.0001
DOGEUSDT,1642147200006,0.0001
DOGEUSDT,1642176000014,-0.00017804
DOGEUSDT,1642204800000,0.0001
DOGEUSDT,1642233600002,0.0001
DOGEUSDT,1642262400000,0.0001
DOGEUSDT,1642291200000,0.0001
DOGEUSDT,1642320000017,0.0001
DOGEUSDT,1642348800011,0.0001
DOGEUSDT,1642377600005,0.0001
DOGEUSDT,1642406400006,0.0001
DOGEUSDT,1642435200012,0.0001
DOGEUSDT,1642464000020,0.0001
DOGEUSDT,1642492800000,0.0001
DOGEUSDT,1642521600013,0.0001
DOGEUSDT,1642550400001,0.00005127
DOGEUSDT,1642579200000,0.00009778
DOGEUSDT,1642608000000,0.0001
DOGEUSDT,1642636800015,0.0001
DOGEUSDT,1642665600000,0.0001
DOGEUSDT,1642694400000,0.0001
DOGEUSDT,1642723200007,-0.00020174
DOGEUSDT,1642752000015,-0.00019908
DOGEUSDT,1642780800000,0.00006641
DOGEUSDT,1642809600017,-0.00000229
DOGEUSDT,1642838400003,-0.00029717
DOGEUSDT,1642867200021,-0.00039253
DOGEUSDT,1642896000026,-0.00022543
DOGEUSDT,1642924800010,-0.0002059
DOGEUSDT,1642953600009,-0.00018487
DOGEUSDT,1642982400010,-0.00001439
DOGEUSDT,1643011200000,-0.00007567
DOGEUSDT,1643040000021,-0.00004654
DOGEUSDT,1643068800000,-0.00016899
DOGEUSDT,1643097600000,0.00009235
DOGEUSDT,1643126400012,-0.00008075
DOGEUSDT,1643155200000,-0.00011949
DOGEUSDT,1643184000001,-0.00015684
DOGEUSDT,1643212800005,-0.0000473
DOGEUSDT,1643241600004,-0.00012216
DOGEUSDT,1643270400004,-0.00002955
DOGEUSDT,1643299200019,-0.00003391
DOGEUSDT,1643328000000,-0.00017111
DOGEUSDT,1643356800000,-0.00011091
DOGEUSDT,1643385600025,0.00009832
DOGEUSDT,1643414400017,-0.00002935
DOGEUSDT,1643443200000,0.00007566
DOGEUSDT,1643472000013,0.0001
DOGEUSDT,1643500800025,0.00007964
DOGEUSDT,1643529600009,0.0001
DOGEUSDT,1643558400000,0.00003498
DOGEUSDT,1643587200000,-0.00004692
DOGEUSDT,1643616000000,-0.00015712
DOGEUSDT,1643644800000,-0.00013889
DOGEUSDT,1643673600010,0.00008181
DOGEUSDT,1643702400000,0.0001
DOGEUSDT,1643731200004,0.0000627
DOGEUSDT,1643760000004,0.00007433
DOGEUSDT,1643788800000,0.00008686
DOGEUSDT,1643817600002,0.0001
DOGEUSDT,1643846400002,-0.00013057
DOGEUSDT,1643875200000,-0.00021828
DOGEUSDT,1643904000000,0.00003476
DOGEUSDT,1643932800018,-0.00017933
DOGEUSDT,1643961600005,-0.00022377
DOGEUSDT,1643990400010,0.00007199
DOGEUSDT,1644019200014,0.0001
DOGEUSDT,1644048000000,0.0001
DOGEUSDT,1644076800000,0.0001
DOGEUSDT,1644105600000,0.0001
DOGEUSDT,1644134400000,0.0001
DOGEUSDT,1644163200000,0.00006821
DOGEUSDT,1644192000003,0.00004035
DOGEUSDT,1644220800014,0.0001
DOGEUSDT,1644249600003,0.0001
DOGEUSDT,1644278400001,0.00007065
DOGEUSDT,1644307200003,0.0001
DOGEUSDT,1644336000002,0.0001
DOGEUSDT,1644364800000,-0.00003519
DOGEUSDT,1644393600005,0.0001
DOGEUSDT,1644422400001,0.0001
DOGEUSDT,1644451200012,0.0001
DOGEUSDT,1644480000000,0.0001
DOGEUSDT,1644508800006,0.00003379
DOGEUSDT,1644537600000,0.00003677
DOGEUSDT,1644566400009,-0.00004601
DOGEUSDT,1644595200015,0.0001
DOGEUSDT,1644624000020,-0.00019164
DOGEUSDT,1644652800001,-0.00014116
DOGEUSDT,1644681600007,0.0001
DOGEUSDT,1644710400022,-0.00003961
DOGEUSDT,1644739200001,-0.00000877
DOGEUSDT,1644768000007,-0.00010107
DOGEUSDT,1644796800005,-0.00007045
DOGEUSDT,1644825600013,-0.00002337
DOGEUSDT,1644854400019,-0.00006001
DOGEUSDT,1644883200012,-0.0000276
DOGEUSDT,1644912000005,-0.00016633
DOGEUSDT,1644940800011,0.0001
DOGEUSDT,1644969600009,0.0001
DOGEUSDT,1644998400001,0.0001
DOGEUSDT,1645027200014,0.0001
DOGEUSDT,1645056000018,0.0001
DOGEUSDT,1645084800000,0.0001
DOGEUSDT,1645113600010,0.0001
DOGEUSDT,1645142400000,-0.00016091
DOGEUSDT,1645171200002,-0.00010892
DOGEUSDT,1645200000000,0.00009731
DOGEUSDT,1645228800007,-0.00006144
DOGEUSDT,1645257600000,0.00008403
DOGEUSDT,1645286400023,0.0001
DOGEUSDT,1645315200001,0.00003259
DOGEUSDT,1645344000003,0.00002128
DOGEUSDT,1645372800001,0.00001924
DOGEUSDT,1645401600000,0.0001
DOGEUSDT,1645430400001,0.00009542
DOGEUSDT,1645459200005,0.00007638
DOGEUSDT,1645488000005,-0.00008085
DOGEUSDT,1645516800000,-0.00017697
DOGEUSDT,1645545600000,-0.00014823
DOGEUSDT,1645574400002,-0.00006429
DOGEUSDT,1645603200005,-0.00015581
DOGEUSDT,1645632000010,-0.00000474
DOGEUSDT,1645660800008,-0.0000537
DOGEUSDT,1645689600003,-0.00057284
DOGEUSDT,1645718400001,-0.00046992
DOGEUSDT,1645747200000,-0.00028492
DOGEUSDT,1645776000006,-0.00020103
DOGEUSDT,1645804800001,-0.00024102
DOGEUSDT,1645833600004,-0.00020415
DOGEUSDT,1645862400004,-0.00000351
DOGEUSDT,1645891200007,0.00000492
DOGEUSDT,1645920000012,-0.00007742
DOGEUSDT,1645948800000,-0.00003639
DOGEUSDT,1645977600000,-0.00012409
DOGEUSDT,1646006400000,-0.00000095
DOGEUSDT,1646035200001,-0.00010782
DOGEUSDT,1646064000002,-0.00006489
DOGEUSDT,1646092800002,0.0001
DOGEUSDT,1646121600001,0.0001
DOGEUSDT,1646150400000,0.0001
DOGEUSDT,1646179200000,0.0001
DOGEUSDT,1646208000000,0.0001
DOGEUSDT,1646236800002,0.0001
DOGEUSDT,1646265600000,0.0001
DOGEUSDT,1646294400000,0.0001
DOGEUSDT,1646323200005,0.0001
DOGEUSDT,1646352000018,0.00009433
DOGEUSDT,1646380800000,0.00004847
DOGEUSDT,1646409600000,0.0001
DOGEUSDT,1646438400006,0.00006715
DOGEUSDT,1646467200004,-0.0000746
DOGEUSDT,1646496000000,0.00006696
DOGEUSDT,1646524800004,-0.00000682
DOGEUSDT,1646553600000,-0.00005251
DOGEUSDT,1646582400013,0.00002448
DOGEUSDT,1646611200008,0.00007852
DOGEUSDT,1646640000006,-0.00004066
DOGEUSDT,1646668800000,-0.00001082
DOGEUSDT,1646697600008,-0.00016034
DOGEUSDT,1646726400002,-0.00002383
DOGEUSDT,1646755200000,0.0001
DOGEUSDT,1646784000008,0.00004662
DOGEUSDT,1646812800000,0.00009241
DOGEUSDT,1646841600004,0.0001
DOGEUSDT,1646870400000,0.0001
DOGEUSDT,1646899200017,-0.00006672
DOGEUSDT,1646928000000,-0.00010433
DOGEUSDT,1646956800008,0.0001
DOGEUSDT,1646985600000,-0.00001342
DOGEUSDT,1647014400001,0.0000711
DOGEUSDT,1647043200010,0.0001
DOGEUSDT,1647072000001,0.0001
DOGEUSDT,1647100800002,0.0001
DOGEUSDT,1647129600008,0.0001
DOGEUSDT,1647158400000,-0.00001017
DOGEUSDT,1647187200002,-0.00004261
DOGEUSDT,1647216000014,-0.00006285
DOGEUSDT,1647244800005,0.0000431
DOGEUSDT,1647273600002,0.0001
DOGEUSDT,1647302400008,-0.00006494
DOGEUSDT,1647331200000,0.00005012
DOGEUSDT,1647360000006,0.00009183
DOGEUSDT,1647388800013,0.0001
DOGEUSDT,1647417600000,0.0001
DOGEUSDT,1647446400008,0.00002198
DOGEUSDT,1647475200004,0.0001
DOGEUSDT,1647504000000,0.0001
DOGEUSDT,1647532800004,0.0001
DOGEUSDT,1647561600000,0.0001
DOGEUSDT,1647590400000,0.0001
DOGEUSDT,1647619200017,0.0001
DOGEUSDT,1647648000008,0.0001
DOGEUSDT,1647676800015,0.0001
DOGEUSDT,1647705600000,0.0001
DOGEUSDT,1647734400000,0.0001
DOGEUSDT,1647763200001,0.00007235
DOGEUSDT,1647792000002,0.0001
DOGEUSDT,1647820800013,0.00001979
DOGEUSDT,1647849600004,0.0001
DOGEUSDT,1647878400010,0.0001
DOGEUSDT,1647907200012,0.00006083
DOGEUSDT,1647936000001,0.0001
DOGEUSDT,1647964800022,0.0001
DOGEUSDT,1647993600007,0.0001
DOGEUSDT,1648022400000,0.0001
DOGEUSDT,1648051200006,0.0001
DOGEUSDT,1648080000013,0.0001
DOGEUSDT,1648108800006,0.0001
DOGEUSDT,1648137600020,0.0001
DOGEUSDT,1648166400010,0.0001
DOGEUSDT,1648195200001,0.0001
DOGEUSDT,1648224000014,0.0001
DOGEUSDT,1648252800020,0.0001
DOGEUSDT,1648281600006,0.0001
DOGEUSDT,1648310400000,0.0001
DOGEUSDT,1648339200004,0.0001
DOGEUSDT,1648368000001,0.0001
DOGEUSDT,1648396800006,0.0001
DOGEUSDT,1648425600012,0.0001
DOGEUSDT,1648454400007,0.0001
DOGEUSDT,1648483200000,0.0001
DOGEUSDT,1648512000000,0.0001
DOGEUSDT,1648540800015,0.0001
DOGEUSDT,1648569600000,0.0001
DOGEUSDT,1648598400000,0.0001
DOGEUSDT,1648627200002,0.0001
DOGEUSDT,1648656000028,0.0001
DOGEUSDT,1648684800017,0.0001
DOGEUSDT,1648713600000,0.0001
DOGEUSDT,1648742400015,0.0001
DOGEUSDT,1648771200000,0.0001
DOGEUSDT,1648800000000,0.0001
DOGEUSDT,1648828800018,0.0001
DOGEUSDT,1648857600000,0.0001
DOGEUSDT,1648886400002,0.0001
DOGEUSDT,1648915200006,0.0001
DOGEUSDT,1648944000018,0.0001
DOGEUSDT,1648972800018,0.0001
DOGEUSDT,1649001600015,0.0001
DOGEUSDT,1649030400006,0.0001
DOGEUSDT,1649059200000,0.0001
DOGEUSDT,1649088000016,0.0001
DOGEUSDT,1649116800000,0.0001
DOGEUSDT,1649145600010,0.0001
DOGEUSDT,1649174400008,0.0001
DOGEUSDT,1649203200001,0.0001
DOGEUSDT,1649232000021,0.0001
DOGEUSDT,1649260800000,0.0001
DOGEUSDT,1649289600009,0.0001
DOGEUSDT,1649318400000,0.0001
DOGEUSDT,1649347200000,0.0001
DOGEUSDT,1649376000000,0.0001
DOGEUSDT,1649404800004,0.0001
DOGEUSDT,1649433600008,0.0001
DOGEUSDT,1649462400008,0.00008165
DOGEUSDT,1649491200000,0.00006515
DOGEUSDT,1649520000001,0.0001
DOGEUSDT,1649548800004,0.0001
DOGEUSDT,1649577600007,0.0001
DOGEUSDT,1649606400016,0.0001
DOGEUSDT,1649635200000,0.0001
DOGEUSDT,1649664000000,0.0001
DOGEUSDT,1649692800009,0.0000401
DOGEUSDT,1649721600000,-0.0001182
DOGEUSDT,1649750400006,-0.00008936
DOGEUSDT,1649779200013,0.00003081
DOGEUSDT,1649808000005,0.0001
DOGEUSDT,1649836800008,0.0001
DOGEUSDT,1649865600013,0.0001
DOGEUSDT,1649894400007,0.00006468
DOGEUSDT,1649923200000,0.0001
DOGEUSDT,1649952000006,0.0001
DOGEUSDT,1649980800008,0.0001
DOGEUSDT,1650009600002,0.0001
DOGEUSDT,1650038400000,0.0001
DOGEUSDT,1650067200011,0.00008938
DOGEUSDT,1650096000007,0.0001
DOGEUSDT,1650124800007,0.0001
DOGEUSDT,1650153600000,-0.00004789
DOGEUSDT,1650182400004,0.0001
DOGEUSDT,1650211200000,0.0001
DOGEUSDT,1650240000008,-0.00004129
DOGEUSDT,1650268800012,-0.00000822
DOGEUSDT,1650297600000,-0.00001941
DOGEUSDT,1650326400021,-0.00002114
DOGEUSDT,1650355200031,0.0001
DOGEUSDT,1650384000000,0.0001
DOGEUSDT,1650412800025,0.0001
DOGEUSDT,1650441600003,0.0001
DOGEUSDT,1650470400000,0.0001
DOGEUSDT,1650499200000,0.0001
DOGEUSDT,1650528000000,0.0001
DOGEUSDT,1650556800024,0.0001
DOGEUSDT,1650585600008,0.00005865
DOGEUSDT,1650614400008,0.0000229
DOGEUSDT,1650643200008,0.0001
DOGEUSDT,1650672000000,0.0001
DOGEUSDT,1650700800000,0.00008261
DOGEUSDT,1650729600012,0.00009926
DOGEUSDT,1650758400004,0.0001
DOGEUSDT,1650787200003,0.0001
DOGEUSDT,1650816000000,-0.00002401
DOGEUSDT,1650844800008,0.00007173
DOGEUSDT,1650873600018,-0.00011601
DOGEUSDT,1650902400000,0.0001
DOGEUSDT,1650931200014,0.0001
DOGEUSDT,1650960000000,0.0001
DOGEUSDT,1650988800017,0.0001
DOGEUSDT,1651017600012,-0.00002025
DOGEUSDT,1651046400000,-0.00007386
DOGEUSDT,1651075200002,0.00000475
DOGEUSDT,1651104000000,0.00003076
DOGEUSDT,1651132800004,0.0001
DOGEUSDT,1651161600030,0.00003485
DOGEUSDT,1651190400000,0.0001
DOGEUSDT,1651219200016,0.0001
DOGEUSDT,1651248000010,0.0001
DOGEUSDT,1651276800000,0.0001
DOGEUSDT,1651305600005,0.0001
DOGEUSDT,1651334400015,0.00004246
DOGEUSDT,1651363200000,-0.0001
DOGEUSDT,1651392000000,0.0001
DOGEUSDT,1651420800010,0.00000893
DOGEUSDT,1651449600018,-0.00001954
DOGEUSDT,1651478400007,0.00001273
DOGEUSDT,1651507200000,0.00003649
DOGEUSDT,1651536000006,0.0000556
DOGEUSDT,1651564800000,0.0001
DOGEUSDT,1651593600021,0.00005878
DOGEUSDT,1651622400007,0.00000684
DOGEUSDT,1651651200011,0.0001
DOGEUSDT,1651680000000,0.00001632
DOGEUSDT,1651708800005,0.00002015
DOGEUSDT,1651737600019,0.0001
DOGEUSDT,1651766400005,0.00001064
DOGEUSDT,1651795200005,0.0001
DOGEUSDT,1651824000001,-0.00004093
DOGEUSDT,1651852800010,0.00002253
DOGEUSDT,1651881600004,0.00005987
DOGEUSDT,1651910400016,0.0001
DOGEUSDT,1651939200011,0.0001
DOGEUSDT,1651968000000,0.00005075
DOGEUSDT,1651996800007,0.0000798
DOGEUSDT,1652025600015,0.0001
DOGEUSDT,1652054400000,0.00009185
DOGEUSDT,1652083200001,-0.00004426
DOGEUSDT,1652112000000,-0.00009179
DOGEUSDT,1652140800000,-0.00017956
DOGEUSDT,1652169600007,0.00000153
DOGEUSDT,1652198400008,0.0001
DOGEUSDT,1652227200004,-0.00002141
DOGEUSDT,1652256000007,-0.00012325
DOGEUSDT,1652284800008,-0.00046338
DOGEUSDT,1652313600014,-0.00044807
DOGEUSDT,1652342400000,-0.00136242
DOGEUSDT,1652371200007,-0.00068558
DOGEUSDT,1652400000014,-0.00011829
DOGEUSDT,1652428800001,-0.00010796
DOGEUSDT,1652457600000,-0.00013367
DOGEUSDT,1652486400000,-0.00013094
DOGEUSDT,1652515200000,-0.0000168
DOGEUSDT,1652544000001,-0.00033416
DOGEUSDT,1652572800000,-0.00013319
DOGEUSDT,1652601600000,0.00005519
DOGEUSDT,1652630400000,-0.00011574
DOGEUSDT,1652659200021,-0.00004432
DOGEUSDT,1652688000013,-0.00023712
DOGEUSDT,1652716800006,-0.00005785
DOGEUSDT,1652745600000,-0.0001984
DOGEUSDT,1652774400010,-0.0002405
DOGEUSDT,1652803200023,0.00001915
DOGEUSDT,1652832000003,-0.0001447
DOGEUSDT,1652860800024,-0.00018587
DOGEUSDT,1652889600014,-0.00022576
DOGEUSDT,1652918400000,-0.00010948
DOGEUSDT,1652947200008,-0.00016578
DOGEUSDT,1652976000015,-0.00004441
DOGEUSDT,1653004800001,0.00003906
DOGEUSDT,1653033600003,0.0001
DOGEUSDT,1653062400012,-0.00003434
DOGEUSDT,1653091200008,-0.00002248
DOGEUSDT,1653120000001,-0.00009683
DOGEUSDT,1653148800007,-0.00000859
DOGEUSDT,1653177600003,0.00003953
DOGEUSDT,1653206400016,-0.00006388
DOGEUSDT,1653235200000,0.00006959
DOGEUSDT,1653264000011,0.00006009
DOGEUSDT,1653292800000,0.0001
DOGEUSDT,1653321600023,0.0001
DOGEUSDT,1653350400011,-0.00022276
DOGEUSDT,1653379200000,-0.00016641
DOGEUSDT,1653408000009,-0.00013507
DOGEUSDT,1653436800001,0.00007789
DOGEUSDT,1653465600000,-0.00002669
DOGEUSDT,1653494400015,0.000068
DOGEUSDT,1653523200005,0.00002853
DOGEUSDT,1653552000001,-0.00007145
DOGEUSDT,1653580800000,-0.00021537
DOGEUSDT,1653609600007,-0.00010466
DOGEUSDT,1653638400008,-0.00011979
DOGEUSDT,1653667200000,-0.00001539
DOGEUSDT,1653696000018,-0.00015325
DOGEUSDT,1653724800016,-0.00008928
DOGEUSDT,1653753600013,0.0000194
DOGEUSDT,1653782400000,-0.00001487
DOGEUSDT,1653811200025,-0.00011118
DOGEUSDT,1653840000002,-0.00000675
DOGEUSDT,1653868800000,0.0001
DOGEUSDT,1653897600013,0.0001
DOGEUSDT,1653926400005,0.0001
DOGEUSDT,1653955200016,0.0001
DOGEUSDT,1653984000000,0.0001
DOGEUSDT,1654012800000,0.0001
DOGEUSDT,1654041600000,0.0001
DOGEUSDT,1654070400011,0.0001
DOGEUSDT,1654099200000,0.0001
DOGEUSDT,1654128000000,-0.00014913
DOGEUSDT,1654156800006,-0.0000342
DOGEUSDT,1654185600021,0.00004639
DOGEUSDT,1654214400016,0.00008227
DOGEUSDT,1654243200016,-0.00000459
DOGEUSDT,1654272000012,0.00000337
DOGEUSDT,1654300800005,0.00002796
DOGEUSDT,1654329600000,-0.00002185
DOGEUSDT,1654358400007,0.0001
DOGEUSDT,1654387200005,0.0001
DOGEUSDT,1654416000015,-0.00003619
DOGEUSDT,1654444800000,0.00008438
DOGEUSDT,1654473600000,0.00009267
DOGEUSDT,1654502400017,0.0001
DOGEUSDT,1654531200000,0.0001
DOGEUSDT,1654560000000,0.00002637
DOGEUSDT,1654588800011,-0.0001366
DOGEUSDT,1654617600000,0.00007488
DOGEUSDT,1654646400008,0.0001
DOGEUSDT,1654675200020,0.00006586
DOGEUSDT,1654704000012,0.00002827
DOGEUSDT,1654732800000,0.0001
DOGEUSDT,1654761600000,0.0001
DOGEUSDT,1654790400000,0.0001
DOGEUSDT,1654819200009,0.00002665
DOGEUSDT,1654848000000,0.00008373
DOGEUSDT,1654876800006,-0.00015948
DOGEUSDT,1654905600018,-0.00018006
DOGEUSDT,1654934400014,-0.00001212
DOGEUSDT,1654963200000,-0.00031777
DOGEUSDT,1654992000015,-0.00025651
DOGEUSDT,1655020800019,-0.0003303
DOGEUSDT,1655049600010,-0.00020096
DOGEUSDT,1655078400009,-0.00022768
DOGEUSDT,1655107200000,-0.00027291
DOGEUSDT,1655136000007,-0.00001325
DOGEUSDT,1655164800013,-0.00013049
DOGEUSDT,1655193600008,0.0001
DOGEUSDT,1655222400006,0.00009782
DOGEUSDT,1655251200000,0.00009123
DOGEUSDT,1655280000016,-0.00020349
DOGEUSDT,1655308800008,0.00001121
DOGEUSDT,1655337600009,0.0001
DOGEUSDT,1655366400016,0.0001
DOGEUSDT,1655395200000,0.00006051
DOGEUSDT,1655424000008,0.0000599
DOGEUSDT,1655452800003,0.0001
DOGEUSDT,1655481600000,0.00008351
DOGEUSDT,1655510400020,0.0001
DOGEUSDT,1655539200025,0.00002529
DOGEUSDT,1655568000014,0.00005439
DOGEUSDT,1655596800012,-0.00021773
DOGEUSDT,1655625600012,-0.00018403
DOGEUSDT,1655654400008,0.00003056
DOGEUSDT,1655683200016,0.0001
DOGEUSDT,1655712000000,0.00009532
DOGEUSDT,1655740800013,0.0001
DOGEUSDT,1655769600012,0.00008484
DOGEUSDT,1655798400018,0.0001
DOGEUSDT,1655827200010,0.0001
DOGEUSDT,1655856000000,0.0001
DOGEUSDT,1655884800001,0.00005166
DOGEUSDT,1655913600012,0.00000081
DOGEUSDT,1655942400000,0.0000746
DOGEUSDT,1655971200000,0.0001
DOGEUSDT,1656000000016,0.00001279
DOGEUSDT,1656028800005,0.00000646
DOGEUSDT,1656057600004,0.0001
DOGEUSDT,1656086400018,0.0001
DOGEUSDT,1656115200001,0.00008031
DOGEUSDT,1656144000010,0.0001
DOGEUSDT,1656172800000,0.00007232
DOGEUSDT,1656201600002,0.0001
DOGEUSDT,1656230400016,0.0001
DOGEUSDT,1656259200006,0.0001
DOGEUSDT,1656288000008,0.0001
DOGEUSDT,1656316800000,-0.0001323
DOGEUSDT,1656345600016,0.0001
DOGEUSDT,1656374400016,0.00002055
DOGEUSDT,1656403200001,-0.00002856
DOGEUSDT,1656432000005,0.00006462
DOGEUSDT,1656460800000,-0.00005048
DOGEUSDT,1656489600013,0.00007559
DOGEUSDT,1656518400000,0.00003346
DOGEUSDT,1656547200000,0.00004006
DOGEUSDT,1656576000000,0.0001
DOGEUSDT,1656604800000,-0.00008516
DOGEUSDT,1656633600001,0.00001222
DOGEUSDT,1656662400017,-0.00003516
DOGEUSDT,1656691200005,0.0001
DOGEUSDT,1656720000000,0.0001
DOGEUSDT,1656748800000,0.0001
DOGEUSDT,1656777600008,0.00009468
DOGEUSDT,1656806400015,0.00003853
DOGEUSDT,1656835200004,0.00001446
DOGEUSDT,1656864000005,0.0000344
DOGEUSDT,1656892800021,0.0001
DOGEUSDT,1656921600001,0.00007184
DOGEUSDT,1656950400000,0.00009533
DOGEUSDT,1656979200000,0.0001
DOGEUSDT,1657008000000,0.0001
DOGEUSDT,1657036800015,0.0001
DOGEUSDT,1657065600006,0.0001
DOGEUSDT,1657094400000,0.0001
DOGEUSDT,1657123200000,0.0001
DOGEUSDT,1657152000010,0.0001
DOGEUSDT,1657180800010,0.0001
DOGEUSDT,1657209600011,0.0001
DOGEUSDT,1657238400008,0.0001
DOGEUSDT,1657267200009,0.0001
DOGEUSDT,1657296000000,0.00000939
DOGEUSDT,1657324800000,0.0000398
DOGEUSDT,1657353600000,0.0001
DOGEUSDT,1657382400009,0.00008832
DOGEUSDT,1657411200001,0.0001
DOGEUSDT,1657440000002,0.00007518
DOGEUSDT,1657468800001,0.0001
DOGEUSDT,1657497600000,-0.00000807
DOGEUSDT,1657526400003,0.00001253
DOGEUSDT,1657555200001,0.00001763
DOGEUSDT,1657584000000,-0.00014255
DOGEUSDT,1657612800021,0.00000895
DOGEUSDT,1657641600000,-0.00005267
DOGEUSDT,1657670400012,-0.00023751
DOGEUSDT,1657699200022,-0.00006307
DOGEUSDT,1657728000005,-0.00026618
DOGEUSDT,1657756800017,-0.00024563
DOGEUSDT,1657785600001,-0.00011171
DOGEUSDT,1657814400000,-0.00016534
DOGEUSDT,1657843200004,-0.00000395
DOGEUSDT,1657872000019,0.00004991
DOGEUSDT,1657900800017,0.0001
DOGEUSDT,1657929600021,0.0001
DOGEUSDT,1657958400014,0.0001
DOGEUSDT,1657987200005,0.0001
DOGEUSDT,1658016000000,0.0001
DOGEUSDT,1658044800003,0.0001
DOGEUSDT,1658073600007,0.00008166
DOGEUSDT,1658102400001,0.0001
DOGEUSDT,1658131200004,0.0001
DOGEUSDT,1658160000019,0.0001
DOGEUSDT,1658188800000,0.0001
DOGEUSDT,1658217600000,0.0001
DOGEUSDT,1658246400001,0.0001
DOGEUSDT,1658275200004,0.0001
DOGEUSDT,1658304000000,0.0001
DOGEUSDT,1658332800003,0.0001
DOGEUSDT,1658361600000,0.0001
DOGEUSDT,1658390400018,0.0001
DOGEUSDT,1658419200011,0.0001
DOGEUSDT,1658448000014,0.0001
DOGEUSDT,1658476800000,0.0001
DOGEUSDT,1658505600000,0.0001
DOGEUSDT,1658534400004,0.00005293
DOGEUSDT,1658563200002,0.0001
DOGEUSDT,1658592000001,0.0001
DOGEUSDT,1658620800000,0.00007022
DOGEUSDT,1658649600011,0.0001
DOGEUSDT,1658678400000,0.00005287
DOGEUSDT,1658707200000,0.0001
DOGEUSDT,1658736000014,-0.0001053
DOGEUSDT,1658764800006,0.00006983
DOGEUSDT,1658793600010,-0.00002608
DOGEUSDT,1658822400000,-0.00006995
DOGEUSDT,1658851200000,-0.00008017
DOGEUSDT,1658880000008,-0.00002886
DOGEUSDT,1658908800000,0.00006715
DOGEUSDT,1658937600003,0.00005673
DOGEUSDT,1658966400009,0.0001
DOGEUSDT,1658995200008,0.0001
DOGEUSDT,1659024000013,0.0001
DOGEUSDT,1659052800000,0.0001
DOGEUSDT,1659081600000,0.0001
DOGEUSDT,1659110400000,0.0001
DOGEUSDT,1659139200005,0.0001
DOGEUSDT,1659168000009,0.0001
DOGEUSDT,1659196800000,0.0001
DOGEUSDT,1659225600022,0.0001
DOGEUSDT,1659254400011,0.0001
DOGEUSDT,1659283200019,0.0001
DOGEUSDT,1659312000010,0.0001
DOGEUSDT,1659340800019,0.0001
DOGEUSDT,1659369600017,0.0001
DOGEUSDT,1659398400000,0.0001
DOGEUSDT,1659427200007,0.00005456
DOGEUSDT,1659456000014,0.0001
DOGEUSDT,1659484800001,0.0001
DOGEUSDT,1659513600020,0.0000618
DOGEUSDT,1659542400008,0.0001
DOGEUSDT,1659571200001,0.00008423
DOGEUSDT,1659600000009,0.00009027
DOGEUSDT,1659628800015,0.0001
DOGEUSDT,1659657600005,0.0001
DOGEUSDT,1659686400000,0.0001
DOGEUSDT,1659715200000,0.0001
DOGEUSDT,1659744000021,0.0001
DOGEUSDT,1659772800000,0.0001
DOGEUSDT,1659801600015,0.0001
DOGEUSDT,1659830400013,0.0001
DOGEUSDT,1659859200000,0.0001
DOGEUSDT,1659888000014,0.0001
DOGEUSDT,1659916800009,0.0001
DOGEUSDT,1659945600006,0.0001
DOGEUSDT,1659974400000,0.0001
DOGEUSDT,1660003200020,0.0001
DOGEUSDT,1660032000000,0.0001
DOGEUSDT,1660060800000,0.0001
DOGEUSDT,1660089600000,0.0000895
DOGEUSDT,1660118400016,0.000036
DOGEUSDT,1660147200018,0.0001
DOGEUSDT,1660176000012,0.0001
DOGEUSDT,1660204800000,0.0001
DOGEUSDT,1660233600000,0.0001
DOGEUSDT,1660262400006,0.0001
DOGEUSDT,1660291200000,0.0001
DOGEUSDT,1660320000005,0.0001
DOGEUSDT,1660348800012,0.0001
DOGEUSDT,1660377600006,0.0001
DOGEUSDT,1660406400018,0.0001
DOGEUSDT,1660435200000,0.0001
DOGEUSDT,1660464000000,0.0001
DOGEUSDT,1660492800000,0.0001
DOGEUSDT,1660521600010,0.0001
DOGEUSDT,1660550400002,0.0001
DOGEUSDT,1660579200010,0.00005489
DOGEUSDT,1660608000010,0.0001
DOGEUSDT,1660636800002,0.0001
DOGEUSDT,1660665600000,0.0001
DOGEUSDT,1660694400020,0.0001
DOGEUSDT,1660723200016,0.00006043
DOGEUSDT,1660752000001,0.0001
DOGEUSDT,1660780800005,0.0001
DOGEUSDT,1660809600012,0.00008645
DOGEUSDT,1660838400013,0.0001
DOGEUSDT,1660867200000,0.00001907
DOGEUSDT,1660896000000,-0.00000401
DOGEUSDT,1660924800009,-0.00004219
DOGEUSDT,1660953600000,0.00002839
DOGEUSDT,1660982400005,0.00000927
DOGEUSDT,1661011200000,0.00002136
DOGEUSDT,1661040000010,0.00004687
DOGEUSDT,1661068800013,-0.00007347
DOGEUSDT,1661097600000,-0.00007307
DOGEUSDT,1661126400011,-0.00000193
DOGEUSDT,1661155200005,-0.00012903
DOGEUSDT,1661184000005,0.00004549
DOGEUSDT,1661212800000,0.00008619
DOGEUSDT,1661241600021,0.0001
DOGEUSDT,1661270400005,0.0001
DOGEUSDT,1661299200017,0.00009744
DOGEUSDT,1661328000021,0.00008204
DOGEUSDT,1661356800000,0.0001
DOGEUSDT,1661385600003,0.00005554
DOGEUSDT,1661414400000,0.0001
DOGEUSDT,1661443200004,-0.00006425
DOGEUSDT,1661472000001,0.00005585
DOGEUSDT,1661500800004,0.00004026
DOGEUSDT,1661529600000,-0.00003673
DOGEUSDT,1661558400010,-0.00010245
DOGEUSDT,1661587200007,-0.0001028
DOGEUSDT,1661616000008,0.00006454
DOGEUSDT,1661644800019,-0.00015685
DOGEUSDT,1661673600000,-0.00006437
DOGEUSDT,1661702400000,-0.00006853
DOGEUSDT,1661731200000,-0.00010384
DOGEUSDT,1661760000000,0.00001209
DOGEUSDT,1661788800001,-0.000084
DOGEUSDT,1661817600001,0.0000213
DOGEUSDT,1661846400005,0.0001
DOGEUSDT,1661875200010,0.00000003
DOGEUSDT,1661904000000,-0.00020424
DOGEUSDT,1661932800005,0.00006565
DOGEUSDT,1661961600013,0.00007308
DOGEUSDT,1661990400012,-0.00003735
DOGEUSDT,1662019200000,-0.00022417
DOGEUSDT,1662048000013,0.0001
DOGEUSDT,1662076800002,0.00009171
DOGEUSDT,1662105600013,0.0001
DOGEUSDT,1662134400000,0.00004088
DOGEUSDT,1662163200000,-0.00006894
DOGEUSDT,1662192000002,0.0000591
DOGEUSDT,1662220800007,0.0001
DOGEUSDT,1662249600008,0.0001
DOGEUSDT,1662278400009,0.00006186
DOGEUSDT,1662307200000,0.0001
DOGEUSDT,1662336000015,0.0001
DOGEUSDT,1662364800013,0.00009474
DOGEUSDT,1662393600007,0.00008716
DOGEUSDT,1662422400018,0.0001
DOGEUSDT,1662451200020,0.0001
DOGEUSDT,1662480000028,0.0001
DOGEUSDT,1662508800013,-0.00028664
DOGEUSDT,1662537600022,0.00001765
DOGEUSDT,1662566400021,0.0001
DOGEUSDT,1662595200010,0.00002622
DOGEUSDT,1662624000000,0.0001
DOGEUSDT,1662652800003,0.0001
DOGEUSDT,1662681600011,0.0001
DOGEUSDT,1662710400000,0.0001
DOGEUSDT,1662739200000,0.0001
DOGEUSDT,1662768000003,0.0001
DOGEUSDT,1662796800000,0.0001
DOGEUSDT,1662825600012,0.0001
DOGEUSDT,1662854400009,0.0001
DOGEUSDT,1662883200012,0.0001
DOGEUSDT,1662912000005,0.0001
DOGEUSDT,1662940800007,0.0001
DOGEUSDT,1662969600013,0.00004763
DOGEUSDT,1662998400000,0.0001
DOGEUSDT,1663027200004,0.0001
DOGEUSDT,1663056000000,0.0001
DOGEUSDT,1663084800000,0.00001757
DOGEUSDT,1663113600000,-0.00004792
DOGEUSDT,1663142400000,0.00000982
DOGEUSDT,1663171200000,0.0001
DOGEUSDT,1663200000019,0.00009911
DOGEUSDT,1663228800012,0.00007927
DOGEUSDT,1663257600007,0.00003726
DOGEUSDT,1663286400000,-0.00003506
DOGEUSDT,1663315200000,0.00005805
DOGEUSDT,1663344000000,0.0001
DOGEUSDT,1663372800000,0.00003348
DOGEUSDT,1663401600012,0.00001255
DOGEUSDT,1663430400017,0.00004695
DOGEUSDT,1663459200000,0.00003881
DOGEUSDT,1663488000004,0.0001
DOGEUSDT,1663516800000,0.00009206
DOGEUSDT,1663545600018,-0.00013075
DOGEUSDT,1663574400006,-0.0000326
DOGEUSDT,1663603200010,0.00001865
DOGEUSDT,1663632000007,-0.00010868
DOGEUSDT,1663660800001,0.00007718
DOGEUSDT,1663689600000,0.00006233
DOGEUSDT,1663718400001,-0.00000745
DOGEUSDT,1663747200005,0.00000787
DOGEUSDT,1663776000000,-0.00001634
DOGEUSDT,1663804800000,-0.00008822
DOGEUSDT,1663833600000,-0.00016628
DOGEUSDT,1663862400011,0.0001
DOGEUSDT,1663891200023,0.00006074
DOGEUSDT,1663920000004,0.0001
DOGEUSDT,1663948800005,0.0001
DOGEUSDT,1663977600000,0.0001
DOGEUSDT,1664006400005,0.0001
DOGEUSDT,1664035200000,0.0001
DOGEUSDT,1664064000010,0.00008661
DOGEUSDT,1664092800000,0.00000707
DOGEUSDT,1664121600003,-0.00001211
DOGEUSDT,1664150400001,0.00001793
DOGEUSDT,1664179200006,0.0001
DOGEUSDT,1664208000000,0.00009286
DOGEUSDT,1664236800026,-0.00003276
DOGEUSDT,1664265600004,0.00009093
DOGEUSDT,1664294400006,0.00006875
DOGEUSDT,1664323200011,-0.00003591
DOGEUSDT,1664352000000,0.00007363
DOGEUSDT,1664380800000,0.0000659
DOGEUSDT,1664409600010,0.0001
DOGEUSDT,1664438400000,0.0001
DOGEUSDT,1664467200000,0.0000544
DOGEUSDT,1664496000006,0.00008766
DOGEUSDT,1664524800002,0.0001
DOGEUSDT,1664553600007,0.0001
DOGEUSDT,1664582400008,0.00009886
DOGEUSDT,1664611200011,0.0001
DOGEUSDT,1664640000000,0.0001
DOGEUSDT,1664668800000,-0.00000449
DOGEUSDT,1664697600000,0.0001
DOGEUSDT,1664726400006,-0.00003257
DOGEUSDT,1664755200000,0.0000041
DOGEUSDT,1664784000014,0.0001
DOGEUSDT,1664812800010,0.0001
DOGEUSDT,1664841600006,0.0001
DOGEUSDT,1664870400004,0.0001
DOGEUSDT,1664899200013,0.0001
DOGEUSDT,1664928000000,0.0001
DOGEUSDT,1664956800000,0.0001
DOGEUSDT,1664985600012,0.0001
DOGEUSDT,1665014400008,0.00006618
DOGEUSDT,1665043200002,0.0001
DOGEUSDT,1665072000006,0.0001
DOGEUSDT,1665100800000,0.0001
DOGEUSDT,1665129600000,0.0001
DOGEUSDT,1665158400007,0.0001
DOGEUSDT,1665187200010,0.00002276
DOGEUSDT,1665216000004,0.0001
DOGEUSDT,1665244800018,0.0001
DOGEUSDT,1665273600000,0.00001879
DOGEUSDT,1665302400007,0.0001
DOGEUSDT,1665331200011,0.0001
DOGEUSDT,1665360000018,0.0001
DOGEUSDT,1665388800000,0.00006529
DOGEUSDT,1665417600026,0.0001
DOGEUSDT,1665446400020,0.0001
DOGEUSDT,1665475200027,0.00008319
DOGEUSDT,1665504000000,0.00002781
DOGEUSDT,1665532800014,0.0001
DOGEUSDT,1665561600000,0.00004238
DOGEUSDT,1665590400000,0.0001
DOGEUSDT,1665619200013,0.0001
DOGEUSDT,1665648000016,0.00004274
DOGEUSDT,1665676800009,-0.00008445
DOGEUSDT,1665705600020,0.00008771
DOGEUSDT,1665734400000,0.0001
DOGEUSDT,1665763200009,0.00008674
DOGEUSDT,1665792000001,0.00007544
DOGEUSDT,1665820800005,0.00002187
DOGEUSDT,1665849600004,0.00008977
DOGEUSDT,1665878400012,0.0001
DOGEUSDT,1665907200000,0.0001
DOGEUSDT,1665936000010,0.00009185
DOGEUSDT,1665964800012,0.00005496
DOGEUSDT,1665993600010,0.00007582
DOGEUSDT,1666022400017,0.00009575
DOGEUSDT,1666051200010,0.00009065
DOGEUSDT,1666080000008,0.0001
DOGEUSDT,1666108800000,0.00006128
DOGEUSDT,1666137600007,0.00006825
DOGEUSDT,1666166400022,0.0001
DOGEUSDT,1666195200016,0.0001
DOGEUSDT,1666224000000,0.00003072
DOGEUSDT,1666252800013,0.0001
DOGEUSDT,1666281600000,0.00003343
DOGEUSDT,1666310400005,0.0001
DOGEUSDT,1666339200018,0.00002123
DOGEUSDT,1666368000000,0.00003731
DOGEUSDT,1666396800000,0.00002028
DOGEUSDT,1666425600015,0.0001
DOGEUSDT,1666454400000,0.0001
DOGEUSDT,1666483200025,0.0001
DOGEUSDT,1666512000000,0.0001
DOGEUSDT,1666540800004,0.0001
DOGEUSDT,1666569600009,0.0001
DOGEUSDT,1666598400012,0.0001
DOGEUSDT,1666627200002,0.0001
DOGEUSDT,1666656000013,0.00003613
DOGEUSDT,1666684800013,0.0001
DOGEUSDT,1666713600000,0.0001
DOGEUSDT,1666742400006,0.0001
DOGEUSDT,1666771200013,0.0001
DOGEUSDT,1666800000000,0.0001
DOGEUSDT,1666828800009,0.0001
DOGEUSDT,1666857600006,0.0001
DOGEUSDT,1666886400009,0.0001
DOGEUSDT,1666915200000,0.00002671
DOGEUSDT,1666944000000,0.00007286
DOGEUSDT,1666972800007,-0.00005875
DOGEUSDT,1667001600000,-0.00001308
DOGEUSDT,1667030400003,-0.00009971
DOGEUSDT,1667059200010,-0.00008916
DOGEUSDT,1667088000000,0.0001
DOGEUSDT,1667116800013,0.00003045
DOGEUSDT,1667145600009,0.0001
DOGEUSDT,1667174400012,0.00009298
DOGEUSDT,1667203200000,0.0000397
DOGEUSDT,1667232000010,0.0001
DOGEUSDT,1667260800000,0.0000658
DOGEUSDT,1667289600000,0.00005579
DOGEUSDT,1667318400000,0.000056
DOGEUSDT,1667347200000,0.00000222
DOGEUSDT,1667376000000,0.00002898
DOGEUSDT,1667404800019,-0.00002083
DOGEUSDT,1667433600011,-0.00004251
DOGEUSDT,1667462400016,0.00007348
DOGEUSDT,1667491200005,0.00004717
DOGEUSDT,1667520000000,-0.0000224
DOGEUSDT,1667548800004,0.00005436
DOGEUSDT,1667577600020,0.00007286
DOGEUSDT,1667606400009,0.00008258
DOGEUSDT,1667635200007,0.0001
DOGEUSDT,1667664000018,0.0001
DOGEUSDT,1667692800009,0.00007383
DOGEUSDT,1667721600000,0.0001
DOGEUSDT,1667750400010,0.0001
DOGEUSDT,1667779200012,-0.00007561
DOGEUSDT,1667808000014,0.0001
DOGEUSDT,1667836800006,0.0001
DOGEUSDT,1667865600000,0.0001
DOGEUSDT,1667894400001,-0.00005846
DOGEUSDT,1667923200005,-0.00000319
DOGEUSDT,1667952000000,-0.00050955
DOGEUSDT,1667980800013,-0.00001886
DOGEUSDT,1668009600004,0.0000874
DOGEUSDT,1668038400006,-0.00007545
DOGEUSDT,1668067200000,0.00008537
DOGEUSDT,1668096000015,0.0001
DOGEUSDT,1668124800000,0.0000224
DOGEUSDT,1668153600015,0.00008625
DOGEUSDT,1668182400027,0.00006891
DOGEUSDT,1668211200007,0.00005398
DOGEUSDT,1668240000016,-0.0000022
DOGEUSDT,1668268800000,0.00005228
DOGEUSDT,1668297600004,-0.00007711
DOGEUSDT,1668326400000,-0.00005068
DOGEUSDT,1668355200017,0.0001
DOGEUSDT,1668384000000,0.0001
DOGEUSDT,1668412800000,0.00000751
DOGEUSDT,1668441600000,0.00009715
DOGEUSDT,1668470400014,0.0001
DOGEUSDT,1668499200009,0.0001
DOGEUSDT,1668528000010,0.0001
DOGEUSDT,1668556800011,0.00008109
DOGEUSDT,1668585600004,0.0001
DOGEUSDT,1668614400008,-0.0000317
DOGEUSDT,1668643200000,-0.00005898
DOGEUSDT,1668672000000,0.0001
DOGEUSDT,1668700800006,-0.00003439
DOGEUSDT,1668729600004,-0.00010331
DOGEUSDT,1668758400016,0.0001
DOGEUSDT,1668787200000,0.00005523
DOGEUSDT,1668816000000,0.00009829
DOGEUSDT,1668844800004,0.0001
DOGEUSDT,1668873600024,0.00002755
DOGEUSDT,1668902400015,0.00003878
DOGEUSDT,1668931200004,0.0001
DOGEUSDT,1668960000000,0.00006379
DOGEUSDT,1668988800006,-0.00012811
DOGEUSDT,1669017600015,-0.00007367
DOGEUSDT,1669046400000,-0.00002739
DOGEUSDT,1669075200000,-0.00006418
DOGEUSDT,1669104000000,0.0001
DOGEUSDT,1669132800000,0.00007556
DOGEUSDT,1669161600000,0.0001
DOGEUSDT,1669190400011,0.0001
DOGEUSDT,1669219200014,0.00005063
DOGEUSDT,1669248000007,0.0001
DOGEUSDT,1669276800014,0.00002316
DOGEUSDT,1669305600013,0.00006684
DOGEUSDT,1669334400004,0.0001
DOGEUSDT,1669363200015,0.00007456
DOGEUSDT,1669392000000,0.000063
DOGEUSDT,1669420800011,0.00007781
DOGEUSDT,1669449600000,0.00007728
DOGEUSDT,1669478400000,0.0001
DOGEUSDT,1669507200012,0.0001
DOGEUSDT,1669536000000,0.00003258
DOGEUSDT,1669564800003,0.0001
DOGEUSDT,1669593600015,0.0001
DOGEUSDT,1669622400004,-0.00010612
DOGEUSDT,1669651200011,0.00001741
DOGEUSDT,1669680000000,0.0001
DOGEUSDT,1669708800015,0.0001
DOGEUSDT,1669737600000,0.0001
DOGEUSDT,1669766400007,0.00002614
DOGEUSDT,1669795200000,0.00004193
DOGEUSDT,1669824000015,0.00004777
DOGEUSDT,1669852800001,-0.00001019
DOGEUSDT,1669881600006,0.00004589
DOGEUSDT,1669910400000,0.00000428
DOGEUSDT,1669939200001,0.00000075
DOGEUSDT,1669968000016,-0.0000268
DOGEUSDT,1669996800017,-0.00003821
DOGEUSDT,1670025600006,-0.00007544
DOGEUSDT,1670054400000,0.00002542
DOGEUSDT,1670083200011,0.00002729
DOGEUSDT,1670112000006,0.00007694
DOGEUSDT,1670140800000,0.00004658
DOGEUSDT,1670169600006,0.00007611
DOGEUSDT,1670198400002,0.00000375
DOGEUSDT,1670227200011,0.00007264
DOGEUSDT,1670256000008,0.00007643
DOGEUSDT,1670284800014,0.00000234
DOGEUSDT,1670313600027,0.00003078
DOGEUSDT,1670342400009,0.00006644
DOGEUSDT,1670371200000,-0.00000322
DOGEUSDT,1670400000000,0.00003986
DOGEUSDT,1670428800000,-0.00006034
DOGEUSDT,1670457600006,0.00004298
DOGEUSDT,1670486400000,0.00003105
DOGEUSDT,1670515200014,0.00003676
DOGEUSDT,1670544000017,-0.000022
DOGEUSDT,1670572800005,0.00007291
DOGEUSDT,1670601600000,0.0001
DOGEUSDT,1670630400009,-0.00000923
DOGEUSDT,1670659200010,0.0001
DOGEUSDT,1670688000001,0.0001
DOGEUSDT,1670716800011,0.00007729
DOGEUSDT,1670745600007,0.0001
DOGEUSDT,1670774400011,0.00004295
DOGEUSDT,1670803200000,0.00005732
DOGEUSDT,1670832000004,-0.0001668
DOGEUSDT,1670860800000,0.00000289
DOGEUSDT,1670889600000,-0.00001513
DOGEUSDT,1670918400018,0.0001
DOGEUSDT,1670947200011,0.0001
DOGEUSDT,1670976000010,0.0001
DOGEUSDT,1671004800015,0.0001
DOGEUSDT,1671033600004,0.0001
DOGEUSDT,1671062400000,-0.00000403
DOGEUSDT,1671091200023,0.0001
DOGEUSDT,1671120000010,0.0001
DOGEUSDT,1671148800016,0.00008904
DOGEUSDT,1671177600011,0.0001
DOGEUSDT,1671206400001,0.0000345
DOGEUSDT,1671235200001,-0.000242
DOGEUSDT,1671264000011,0.00000033
DOGEUSDT,1671292800011,0.00008889
DOGEUSDT,1671321600008,0.00000407
DOGEUSDT,1671350400001,-0.00000175
DOGEUSDT,1671379200012,0.0001
DOGEUSDT,1671408000000,0.0000289
DOGEUSDT,1671436800000,0.0000981
DOGEUSDT,1671465600000,0.00004904
DOGEUSDT,1671494400005,-0.00019097
DOGEUSDT,1671523200016,0.00003467
DOGEUSDT,1671552000000,0.00001596
DOGEUSDT,1671580800007,0.00002137
DOGEUSDT,1671609600012,-0.00001481
DOGEUSDT,1671638400017,0.00006246
DOGEUSDT,1671667200004,0.00004271
DOGEUSDT,1671696000000,-0.00004866
DOGEUSDT,1671724800001,-0.00005058
DOGEUSDT,1671753600018,-0.00001697
DOGEUSDT,1671782400000,-0.00002918
DOGEUSDT,1671811200000,0.00003129
DOGEUSDT,1671840000001,0.00004978
DOGEUSDT,1671868800007,0.00002195
DOGEUSDT,1671897600008,0.00009455
DOGEUSDT,1671926400000,-0.00011049
DOGEUSDT,1671955200013,0.00003978
DOGEUSDT,1671984000000,0.00003998
DOGEUSDT,1672012800001,-0.00012735
DOGEUSDT,1672041600000,0.00002977
DOGEUSDT,1672070400005,0.00001167
DOGEUSDT,1672099200005,0.00003214
DOGEUSDT,1672128000010,-0.00003445
DOGEUSDT,1672156800006,0.0000551
DOGEUSDT,1672185600010,0.0001
DOGEUSDT,1672214400010,-0.0000766
DOGEUSDT,1672243200010,0.00001844
DOGEUSDT,1672272000011,0.00006848
DOGEUSDT,1672300800000,0.0001
DOGEUSDT,1672329600008,0.00008526
DOGEUSDT,1672358400000,-0.00000337
DOGEUSDT,1672387200000,0.00004708
DOGEUSDT,1672416000000,-0.00004272
DOGEUSDT,1672444800014,-0.00016427
DOGEUSDT,1672473600000,0.00000819
DOGEUSDT,1672502400000,-0.00000053
DOGEUSDT,1672531200000,0.0001
DOGEUSDT,1672560000008,0.00008475
DOGEUSDT,1672588800000,0.0001
DOGEUSDT,1672617600000,0.00001969
DOGEUSDT,1672646400008,0.0001
DOGEUSDT,1672675200015,0.0001
DOGEUSDT,1672704000003,0.0001
DOGEUSDT,1672732800018,0.0001
DOGEUSDT,1672761600000,0.0001
DOGEUSDT,1672790400000,0.00001074
DOGEUSDT,1672819200016,0.0001
DOGEUSDT,1672848000011,0.0001
DOGEUSDT,1672876800009,0.0001
DOGEUSDT,1672905600011,0.0001
DOGEUSDT,1672934400000,0.0001
DOGEUSDT,1672963200005,0.0001
DOGEUSDT,1672992000001,0.0001
DOGEUSDT,1673020800000,0.0001
DOGEUSDT,1673049600006,0.0001
DOGEUSDT,1673078400017,0.0001
DOGEUSDT,1673107200000,0.0001
DOGEUSDT,1673136000015,0.0001
DOGEUSDT,1673164800000,0.0001
DOGEUSDT,1673193600010,0.0001
DOGEUSDT,1673222400003,0.0001
DOGEUSDT,1673251200000,0.0001
DOGEUSDT,1673280000006,0.0001
DOGEUSDT,1673308800003,0.0001
DOGEUSDT,1673337600021,0.0001
DOGEUSDT,1673366400000,0.0001
DOGEUSDT,1673395200011,0.0001
DOGEUSDT,1673424000006,0.0001
DOGEUSDT,1673452800004,0.0001
DOGEUSDT,1673481600000,0.0001
DOGEUSDT,1673510400000,0.0001
DOGEUSDT,1673539200000,0.0001
DOGEUSDT,1673568000004,0.0001
DOGEUSDT,1673596800000,0.0001
DOGEUSDT,1673625600018,0.0001
DOGEUSDT,1673654400000,0.0001
DOGEUSDT,1673683200001,0.0008242
DOGEUSDT,1673712000000,0.00022263
DOGEUSDT,1673740800010,0.00015737
DOGEUSDT,1673769600002,0.00048349
DOGEUSDT,1673798400000,0.00029155
DOGEUSDT,1673827200010,0.00036816
DOGEUSDT,1673856000007,0.00019146
DOGEUSDT,1673884800000,0.0001
DOGEUSDT,1673913600004,0.0001
DOGEUSDT,1673942400005,0.00017842
DOGEUSDT,1673971200001,0.0001
DOGEUSDT,1674000000008,0.0001
DOGEUSDT,1674028800009,0.0001
DOGEUSDT,1674057600017,0.0001
DOGEUSDT,1674086400000,0.0001
DOGEUSDT,1674115200015,0.0001
DOGEUSDT,1674144000012,0.0001
DOGEUSDT,1674172800000,0.0001
DOGEUSDT,1674201600000,0.0001
DOGEUSDT,1674230400000,0.0001
DOGEUSDT,1674259200013,0.0001
DOGEUSDT,1674288000001,0.00032257
DOGEUSDT,1674316800016,0.00025945
DOGEUSDT,1674345600000,0.0001385
DOGEUSDT,1674374400000,0.00031023
DOGEUSDT,1674403200023,0.0001
DOGEUSDT,1674432000014,0.0001
DOGEUSDT,1674460800014,0.00029134
DOGEUSDT,1674489600016,0.00024277
DOGEUSDT,1674518400008,0.0001
DOGEUSDT,1674547200008,0.00025128
DOGEUSDT,1674576000000,0.0001
DOGEUSDT,1674604800012,0.0001
DOGEUSDT,1674633600000,0.0001
DOGEUSDT,1674662400010,0.0001
DOGEUSDT,1674691200010,0.0001
DOGEUSDT,1674720000003,0.0001
DOGEUSDT,1674748800020,0.0001
DOGEUSDT,1674777600008,0.0001
DOGEUSDT,1674806400000,0.0001
DOGEUSDT,1674835200000,0.0001
DOGEUSDT,1674864000009,0.0001
DOGEUSDT,1674892800018,0.0001978
DOGEUSDT,1674921600005,0.0001
DOGEUSDT,1674950400011,0.0001
DOGEUSDT,1674979200000,0.0001
DOGEUSDT,1675008000008,0.0001
DOGEUSDT,1675036800001,0.0001
DOGEUSDT,1675065600000,0.00016215
DOGEUSDT,1675094400000,0.0001
DOGEUSDT,1675123200005,0.0001
DOGEUSDT,1675152000000,0.0001
DOGEUSDT,1675180800007,0.0001
DOGEUSDT,1675209600013,0.0001
DOGEUSDT,1675238400000,0.00018747
DOGEUSDT,1675267200012,0.0001
DOGEUSDT,1675296000004,0.0001
DOGEUSDT,1675324800023,0.00049987
DOGEUSDT,1675353600003,0.0002187
DOGEUSDT,1675382400010,0.0001
DOGEUSDT,1675411200000,0.0001
DOGEUSDT,1675440000000,0.00026226
DOGEUSDT,1675468800010,0.0001
DOGEUSDT,1675497600000,0.0001
DOGEUSDT,1675526400000,0.00013731
DOGEUSDT,1675555200016,0.0001
DOGEUSDT,1675584000009,0.0001
DOGEUSDT,1675612800018,0.0001
DOGEUSDT,1675641600001,0.0001
DOGEUSDT,1675670400000,0.0001
DOGEUSDT,1675699200012,0.0001
DOGEUSDT,1675728000004,0.0001
DOGEUSDT,1675756800011,0.0001
DOGEUSDT,1675785600018,0.0001
DOGEUSDT,1675814400009,0.0001
DOGEUSDT,1675843200010,0.0001
DOGEUSDT,1675872000000,0.0001
DOGEUSDT,1675900800014,0.0001
DOGEUSDT,1675929600006,0.0001
DOGEUSDT,1675958400001,0.0001
DOGEUSDT,1675987200012,-0.00004123
DOGEUSDT,1676016000005,0.0001
DOGEUSDT,1676044800020,0.0001
DOGEUSDT,1676073600007,-0.000035
DOGEUSDT,1676102400002,0.0000981
DOGEUSDT,1676131200021,-0.00002382
DOGEUSDT,1676160000004,-0.00003855
DOGEUSDT,1676188800000,0.00008505
DOGEUSDT,1676217600002,0.00006517
DOGEUSDT,1676246400006,0.00002205
DOGEUSDT,1676275200008,0.00004971
DOGEUSDT,1676304000002,0.00008376
DOGEUSDT,1676332800013,0.0001
DOGEUSDT,1676361600014,0.0001
DOGEUSDT,1676390400016,0.0001
DOGEUSDT,1676419200011,0.0001
DOGEUSDT,1676448000000,0.00001485
DOGEUSDT,1676476800005,0.0001
DOGEUSDT,1676505600019,0.0001
DOGEUSDT,1676534400000,0.0001
DOGEUSDT,1676563200001,0.00015425
DOGEUSDT,1676592000003,0.0001
DOGEUSDT,1676620800016,0.0001
DOGEUSDT,1676649600000,0.0001
DOGEUSDT,1676678400011,0.0001
DOGEUSDT,1676707200000,0.0001
DOGEUSDT,1676736000007,0.0001
DOGEUSDT,1676764800019,0.0001
DOGEUSDT,1676793600005,0.0001
DOGEUSDT,1676822400003,0.00011716
DOGEUSDT,1676851200006,0.0001
DOGEUSDT,1676880000008,0.0001
DOGEUSDT,1676908800006,0.0001
DOGEUSDT,1676937600001,0.00016064
DOGEUSDT,1676966400004,0.00019514
DOGEUSDT,1676995200011,0.0001
DOGEUSDT,1677024000009,0.0001
DOGEUSDT,1677052800010,0.0001
DOGEUSDT,1677081600000,0.0001
DOGEUSDT,1677110400006,0.0001
DOGEUSDT,1677139200005,0.0001
DOGEUSDT,1677168000002,0.0001
DOGEUSDT,1677196800015,0.0001
DOGEUSDT,1677225600011,0.0001
DOGEUSDT,1677254400014,0.0001
DOGEUSDT,1677283200015,-0.00004172
DOGEUSDT,1677312000015,0.0001
DOGEUSDT,1677340800015,0.00006129
DOGEUSDT,1677369600007,-0.00001032
DOGEUSDT,1677398400012,0.00002108
DOGEUSDT,1677427200000,0.0000446
DOGEUSDT,1677456000011,-0.00006187
DOGEUSDT,1677484800003,0.00009118
DOGEUSDT,1677513600000,0.0001
DOGEUSDT,1677542400011,0.00007662
DOGEUSDT,1677571200018,0.0001
DOGEUSDT,1677600000005,0.0001
DOGEUSDT,1677628800016,0.0001
DOGEUSDT,1677657600000,0.0001
DOGEUSDT,1677686400008,0.0001
DOGEUSDT,1677715200009,0.0001
DOGEUSDT,1677744000013,0.0001
DOGEUSDT,1677772800000,-0.0000802
DOGEUSDT,1677801600000,-0.0000693
DOGEUSDT,1677830400013,0.00004197
DOGEUSDT,1677859200000,0.0000299
DOGEUSDT,1677888000001,0.0001
DOGEUSDT,1677916800008,0.00006263
DOGEUSDT,1677945600012,0.0001
DOGEUSDT,1677974400000,0.00000432
DOGEUSDT,1678003200000,0.00008686
DOGEUSDT,1678032000015,0.0001
DOGEUSDT,1678060800007,0.00006723
DOGEUSDT,1678089600017,0.00007146
DOGEUSDT,1678118400000,0.00003175
DOGEUSDT,1678147200009,0.00009388
DOGEUSDT,1678176000016,0.0001
DOGEUSDT,1678204800017,0.00006357
DOGEUSDT,1678233600000,0.0001
DOGEUSDT,1678262400014,0.00007591
DOGEUSDT,1678291200021,0.00008588
DOGEUSDT,1678320000010,0.00005941
DOGEUSDT,1678348800013,0.0001
DOGEUSDT,1678377600002,0.0001
DOGEUSDT,1678406400000,-0.00023731
DOGEUSDT,1678435200000,-0.00005149
DOGEUSDT,1678464000005,0.00000729
DOGEUSDT,1678492800011,0.00002461
DOGEUSDT,1678521600003,0.00006242
DOGEUSDT,1678550400011,0.00005462
DOGEUSDT,1678579200001,0.0001
DOGEUSDT,1678608000000,0.0001
DOGEUSDT,1678636800005,0.0001
DOGEUSDT,1678665600010,0.0001
DOGEUSDT,1678694400018,0.0001
DOGEUSDT,1678723200003,0.0001
DOGEUSDT,1678752000010,0.00005422
DOGEUSDT,1678780800009,0.0001
DOGEUSDT,1678809600010,0.0001
DOGEUSDT,1678838400011,0.00035006
DOGEUSDT,1678867200000,0.0001582
DOGEUSDT,1678896000012,0.0001
DOGEUSDT,1678924800004,0.0001
DOGEUSDT,1678953600018,0.0001
DOGEUSDT,1678982400005,0.0001
DOGEUSDT,1679011200017,0.0001
DOGEUSDT,1679040000010,0.0001
DOGEUSDT,1679068800003,0.0001
DOGEUSDT,1679097600012,0.0001
DOGEUSDT,1679126400000,0.0001
DOGEUSDT,1679155200016,0.0001
DOGEUSDT,1679184000013,0.0001
DOGEUSDT,1679212800024,0.0001
DOGEUSDT,1679241600000,0.0001
DOGEUSDT,1679270400005,0.0001
DOGEUSDT,1679299200012,0.0001
DOGEUSDT,1679328000015,0.0001
DOGEUSDT,1679356800006,0.00003105
DOGEUSDT,1679385600004,0.0001
DOGEUSDT,1679414400003,0.0001
DOGEUSDT,1679443200000,0.0001
DOGEUSDT,1679472000003,0.0001
DOGEUSDT,1679500800000,0.0001
DOGEUSDT,1679529600016,0.0001
DOGEUSDT,1679558400001,0.0001
DOGEUSDT,1679587200013,0.0001
DOGEUSDT,1679616000013,0.0001
DOGEUSDT,1679644800012,0.0001
DOGEUSDT,1679673600027,0.0001
DOGEUSDT,1679702400015,0.00008523
DOGEUSDT,1679731200011,0.0001
DOGEUSDT,1679760000011,0.0001
DOGEUSDT,1679788800000,-0.00004361
DOGEUSDT,1679817600015,0.0001
DOGEUSDT,1679846400000,0.0001
DOGEUSDT,1679875200019,0.00004188
DOGEUSDT,1679904000009,-0.00000188
DOGEUSDT,1679932800000,0.00007038
DOGEUSDT,1679961600007,-0.00002343
DOGEUSDT,1679990400000,0.00004603
DOGEUSDT,1680019200013,0.00003001
DOGEUSDT,1680048000010,0.00008974
DOGEUSDT,1680076800006,0.0001
DOGEUSDT,1680105600014,0.0001
DOGEUSDT,1680134400000,0.0001
DOGEUSDT,1680163200000,0.0001
DOGEUSDT,1680192000006,0.0001
DOGEUSDT,1680220800003,0.0000179
DOGEUSDT,1680249600006,0.00003494
DOGEUSDT,1680278400011,0.0001
DOGEUSDT,1680307200000,0.0001
DOGEUSDT,1680336000000,0.0001
DOGEUSDT,1680364800018,0.0001
DOGEUSDT,1680393600013,0.0001
DOGEUSDT,1680422400014,0.0001
DOGEUSDT,1680451200001,0.0001
DOGEUSDT,1680480000000,0.00002988
DOGEUSDT,1680508800013,0.000048
DOGEUSDT,1680537600011,0.00006517
DOGEUSDT,1680566400002,0.0001
DOGEUSDT,1680595200017,0.0001
DOGEUSDT,1680624000008,0.0001
DOGEUSDT,1680652800000,0.0001
DOGEUSDT,1680681600016,0.0001
DOGEUSDT,1680710400004,0.0001
DOGEUSDT,1680739200000,0.0001
DOGEUSDT,1680768000011,0.0001
DOGEUSDT,1680796800000,0.0001
DOGEUSDT,1680825600006,0.00001732
DOGEUSDT,1680854400005,0.0001
DOGEUSDT,1680883200000,0.00000462
DOGEUSDT,1680912000000,0.00002238
DOGEUSDT,1680940800014,0.0000723
DOGEUSDT,1680969600018,0.0001
DOGEUSDT,1680998400013,0.00005193
DOGEUSDT,1681027200024,0.0001
DOGEUSDT,1681056000010,0.0000098
DOGEUSDT,1681084800000,0.0001
DOGEUSDT,1681113600010,0.0001
DOGEUSDT,1681142400006,0.0001
DOGEUSDT,1681171200008,0.0001
DOGEUSDT,1681200000007,0.0001
DOGEUSDT,1681228800016,0.0001
DOGEUSDT,1681257600006,0.0001
DOGEUSDT,1681286400008,0.00006102
DOGEUSDT,1681315200014,0.00009883
DOGEUSDT,1681344000027,0.0001
DOGEUSDT,1681372800010,0.0001
DOGEUSDT,1681401600000,0.0001
DOGEUSDT,1681430400001,0.0001
DOGEUSDT,1681459200008,0.00020602
DOGEUSDT,1681488000007,0.0001
DOGEUSDT,1681516800007,0.0001
DOGEUSDT,1681545600007,0.0001
DOGEUSDT,1681574400011,0.00015162
DOGEUSDT,1681603200014,0.0001
DOGEUSDT,1681632000007,0.00016432
DOGEUSDT,1681660800002,0.00011126
DOGEUSDT,1681689600017,0.00025175
DOGEUSDT,1681718400006,0.0001
DOGEUSDT,1681747200000,0.00029736
DOGEUSDT,1681776000013,0.0001
DOGEUSDT,1681804800017,0.0001
DOGEUSDT,1681833600000,0.00016293
DOGEUSDT,1681862400022,0.0001
DOGEUSDT,1681891200014,0.0001
DOGEUSDT,1681920000000,0.0001
DOGEUSDT,1681948800010,0.00008958
DOGEUSDT,1681977600012,0.0001
DOGEUSDT,1682006400012,0.00003655
DOGEUSDT,1682035200009,-0.00001631
DOGEUSDT,1682064000009,0.00004013
DOGEUSDT,1682092800003,0.0001
DOGEUSDT,1682121600000,-0.00008628
DOGEUSDT,1682150400000,-0.00005621
DOGEUSDT,1682179200016,0.00003929
DOGEUSDT,1682208000009,0.00009298
DOGEUSDT,1682236800020,0.00007148
DOGEUSDT,1682265600007,0.0001
DOGEUSDT,1682294400000,0.00001919
DOGEUSDT,1682323200008,0.0001
DOGEUSDT,1682352000006,0.00009437
DOGEUSDT,1682380800014,-0.0000184
DOGEUSDT,1682409600009,0.0000718
DOGEUSDT,1682438400015,0.0001
DOGEUSDT,1682467200015,0.0001
DOGEUSDT,1682496000013,0.0001
DOGEUSDT,1682524800001,0.0001
DOGEUSDT,1682553600014,-0.00007997
DOGEUSDT,1682582400008,0.0001
DOGEUSDT,1682611200005,0.0000908
DOGEUSDT,1682640000011,0.0000696
DOGEUSDT,1682668800007,0.00009852
DOGEUSDT,1682697600006,0.0000822
DOGEUSDT,1682726400004,0.0001
DOGEUSDT,1682755200016,0.00005258
DOGEUSDT,1682784000001,0.0001
DOGEUSDT,1682812800008,0.00006131
DOGEUSDT,1682841600000,0.00007806
DOGEUSDT,1682870400010,0.0001
DOGEUSDT,1682899200004,0.00006737
DOGEUSDT,1682928000008,0.00007382
DOGEUSDT,1682956800014,0.00009191
DOGEUSDT,1682985600015,0.00008964
DOGEUSDT,1683014400018,0.0001
DOGEUSDT,1683043200000,0.0000672
DOGEUSDT,1683072000009,0.00005928
DOGEUSDT,1683100800003,0.0001
DOGEUSDT,1683129600011,0.00004495
DOGEUSDT,1683158400000,0.0001
DOGEUSDT,1683187200000,0.0001
DOGEUSDT,1683216000011,0.00005805
DOGEUSDT,1683244800002,0.0001
DOGEUSDT,1683273600000,0.0001
DOGEUSDT,1683302400000,0.0001
DOGEUSDT,1683331200009,0.0001
DOGEUSDT,1683360000000,0.0001
DOGEUSDT,1683388800000,-0.00008183
DOGEUSDT,1683417600000,-0.00002201
DOGEUSDT,1683446400000,0.0000557
DOGEUSDT,1683475200006,0.00001601
DOGEUSDT,1683504000000,0.00004618
DOGEUSDT,1683532800007,-0.00000842
DOGEUSDT,1683561600015,0.00003081
DOGEUSDT,1683590400015,-0.00019397
DOGEUSDT,1683619200000,-0.00001597
DOGEUSDT,1683648000000,0.00004188
DOGEUSDT,1683676800007,-0.00004638
DOGEUSDT,1683705600003,0.00004871
DOGEUSDT,1683734400000,0.00002818
DOGEUSDT,1683763200011,0.0001
DOGEUSDT,1683792000000,0.0001
DOGEUSDT,1683820800005,-0.00004134
DOGEUSDT,1683849600020,0.00009621
DOGEUSDT,1683878400001,0.0001
DOGEUSDT,1683907200010,0.00008895
DOGEUSDT,1683936000000,0.00004385
DOGEUSDT,1683964800000,0.0001
DOGEUSDT,1683993600026,0.00007738
DOGEUSDT,1684022400029,0.00000559
DOGEUSDT,1684051200010,0.0001
DOGEUSDT,1684080000008,0.0001
DOGEUSDT,1684108800006,0.00003703
DOGEUSDT,1684137600005,0.00009795
DOGEUSDT,1684166400008,0.0001
DOGEUSDT,1684195200021,0.00004876
DOGEUSDT,1684224000000,0.0000723
DOGEUSDT,1684252800000,0.00008033
DOGEUSDT,1684281600010,0.0001
DOGEUSDT,1684310400000,0.0001
DOGEUSDT,1684339200001,0.0001
DOGEUSDT,1684368000000,0.0001
DOGEUSDT,1684396800026,0.0001
DOGEUSDT,1684425600019,0.0001
DOGEUSDT,1684454400000,0.0001
DOGEUSDT,1684483200002,0.0001
DOGEUSDT,1684512000000,0.0001
DOGEUSDT,1684540800005,0.0001
DOGEUSDT,1684569600014,0.0001
DOGEUSDT,1684598400020,0.00007178
DOGEUSDT,1684627200014,0.0001
DOGEUSDT,1684656000001,0.0001
DOGEUSDT,1684684800015,0.00002962
DOGEUSDT,1684713600028,-0.00005303
DOGEUSDT,1684742400000,0.00000047
DOGEUSDT,1684771200012,0.0001
DOGEUSDT,1684800000006,0.0001
DOGEUSDT,1684828800014,0.0001
DOGEUSDT,1684857600008,0.0001
DOGEUSDT,1684886400000,0.0001
DOGEUSDT,1684915200025,0.00000366
DOGEUSDT,1684944000008,0.00008082
DOGEUSDT,1684972800000,0.00004655
DOGEUSDT,1685001600025,0.0001
DOGEUSDT,1685030400016,0.00008085
DOGEUSDT,1685059200000,0.0001
DOGEUSDT,1685088000024,0.0001
DOGEUSDT,1685116800012,0.0001
DOGEUSDT,1685145600012,0.0001
DOGEUSDT,1685174400018,0.0001
DOGEUSDT,1685203200008,0.0001
DOGEUSDT,1685232000017,0.0001
DOGEUSDT,1685260800015,0.0001
DOGEUSDT,1685289600000,0.0001
DOGEUSDT,1685318400000,0.0001
DOGEUSDT,1685347200020,0.0001
DOGEUSDT,1685376000011,0.0001
DOGEUSDT,1685404800003,0.0001
DOGEUSDT,1685433600000,0.0001
DOGEUSDT,1685462400003,0.0001
DOGEUSDT,1685491200013,0.0001
DOGEUSDT,1685520000000,0.0001
DOGEUSDT,1685548800000,0.00007972
DOGEUSDT,1685577600008,0.0001
DOGEUSDT,1685606400012,0.0001
DOGEUSDT,1685635200000,0.0001
DOGEUSDT,1685664000000,0.0001
DOGEUSDT,1685692800006,0.0001
DOGEUSDT,1685721600012,0.0001
DOGEUSDT,1685750400000,0.0001
DOGEUSDT,1685779200011,0.0001
DOGEUSDT,1685808000003,0.0001
DOGEUSDT,1685836800000,0.0001
DOGEUSDT,1685865600000,0.0001
DOGEUSDT,1685894400000,0.0001
DOGEUSDT,1685923200005,0.0001
DOGEUSDT,1685952000000,0.0001
DOGEUSDT,1685980800000,0.0001
DOGEUSDT,1686009600000,-0.00020041
DOGEUSDT,1686038400009,-0.00016663
DOGEUSDT,1686067200013,0.00005181
DOGEUSDT,1686096000000,0.0001
DOGEUSDT,1686124800016,0.0001
DOGEUSDT,1686153600000,-0.00006802
DOGEUSDT,1686182400006,0.00009358
DOGEUSDT,1686211200000,0.00005533
DOGEUSDT,1686240000000,0.0001
DOGEUSDT,1686268800000,0.0001
DOGEUSDT,1686297600000,0.0001
DOGEUSDT,1686326400000,0.0001
DOGEUSDT,1686355200000,0.0001
DOGEUSDT,1686384000000,0.0001
DOGEUSDT,1686412800000,-0.00030659
DOGEUSDT,1686441600001,-0.00017314
DOGEUSDT,1686470400000,-0.00014816
DOGEUSDT,1686499200000,-0.00009488
DOGEUSDT,1686528000000,0.00000398
DOGEUSDT,1686556800000,0.00003196
DOGEUSDT,1686585600001,-0.00003949
DOGEUSDT,1686614400000,0.00008939
DOGEUSDT,1686643200000,0.00007573
DOGEUSDT,1686672000000,0.00004004
DOGEUSDT,1686700800000,-0.00000713
DOGEUSDT,1686729600000,0.00009012
DOGEUSDT,1686758400000,0.0001
DOGEUSDT,1686787200000,-0.00018482
DOGEUSDT,1686816000000,-0.00003998
DOGEUSDT,1686844800000,0.00009496
DOGEUSDT,1686873600000,0.0001
DOGEUSDT,1686902400000,0.0001
DOGEUSDT,1686931200000,0.0001
DOGEUSDT,1686960000000,0.0001
DOGEUSDT,1686988800000,0.00006627
DOGEUSDT,1687017600000,0.00003629
DOGEUSDT,1687046400000,-0.00000198
DOGEUSDT,1687075200000,0.00008697
DOGEUSDT,1687104000000,0.0001
DOGEUSDT,1687132800000,0.00000264
DOGEUSDT,1687161600000,0.0001
DOGEUSDT,1687190400000,0.00000479
DOGEUSDT,1687219200001,0.0001
DOGEUSDT,1687248000000,0.0001
DOGEUSDT,1687276800000,0.00001649
DOGEUSDT,1687305600000,0.00003861
DOGEUSDT,1687334400000,0.00004355
DOGEUSDT,1687363200000,0.00009583
DOGEUSDT,1687392000000,0.0001
DOGEUSDT,1687420800001,0.0001
DOGEUSDT,1687449600000,0.0001
DOGEUSDT,1687478400000,0.0001
DOGEUSDT,1687507200000,0.0001
DOGEUSDT,1687536000000,0.0001
DOGEUSDT,1687564800000,0.0001
DOGEUSDT,1687593600000,0.0001
DOGEUSDT,1687622400000,0.00006193
DOGEUSDT,1687651200000,0.0000844
DOGEUSDT,1687680000000,0.0001
DOGEUSDT,1687708800000,0.0001
DOGEUSDT,1687737600000,0.0001
DOGEUSDT,1687766400000,0.0001
DOGEUSDT,1687795200000,0.0001
DOGEUSDT,1687824000000,-0.00013867
DOGEUSDT,1687852800000,0.00009978
DOGEUSDT,1687881600000,0.00006877
DOGEUSDT,1687910400000,0.0001
DOGEUSDT,1687939200000,0.00008757
DOGEUSDT,1687968000000,0.00003061
DOGEUSDT,1687996800000,-0.00032377
DOGEUSDT,1688025600000,-0.00010754
DOGEUSDT,1688054400000,0.00004153
DOGEUSDT,1688083200000,0.00002841
DOGEUSDT,1688112000000,0.0001
DOGEUSDT,1688140800001,0.0001
DOGEUSDT,1688169600000,0.0000919
DOGEUSDT,1688198400000,0.0001
DOGEUSDT,1688227200000,0.0001
DOGEUSDT,1688256000000,0.0001
DOGEUSDT,1688284800000,0.0001
DOGEUSDT,1688313600001,0.0001
DOGEUSDT,1688342400000,0.0001
DOGEUSDT,1688371200000,0.0001
DOGEUSDT,1688400000000,0.0001
DOGEUSDT,1688428800001,0.0001
DOGEUSDT,1688457600000,0.0001
DOGEUSDT,1688486400000,0.0001
DOGEUSDT,1688515200000,0.0001
DOGEUSDT,1688544000000,0.0001
DOGEUSDT,1688572800000,-0.00006686
DOGEUSDT,1688601600000,-0.00010215
DOGEUSDT,1688630400000,0.00002289
DOGEUSDT,1688659200000,-0.00005135
DOGEUSDT,1688688000000,-0.00003705
DOGEUSDT,1688716800000,0.00005839
DOGEUSDT,1688745600000,-0.00004697
DOGEUSDT,1688774400000,-0.00008078
DOGEUSDT,1688803200000,-0.00002672
DOGEUSDT,1688832000000,0.00002148
DOGEUSDT,1688860800000,-0.00005484
DOGEUSDT,1688889600000,0.00001768
DOGEUSDT,1688918400000,0.00000983
DOGEUSDT,1688947200000,0.00000872
DOGEUSDT,1688976000000,-0.00004751
DOGEUSDT,1689004800000,0.0001
DOGEUSDT,1689033600000,0.0001
DOGEUSDT,1689062400000,0.0001
DOGEUSDT,1689091200000,0.00006298
DOGEUSDT,1689120000000,0.00001013
DOGEUSDT,1689148800000,0.0001
DOGEUSDT,1689177600000,0.0001
DOGEUSDT,1689206400000,-0.00013033
DOGEUSDT,1689235200000,0.0001
DOGEUSDT,1689264000000,0.0001
DOGEUSDT,1689292800000,0.0001
DOGEUSDT,1689321600000,0.0001
DOGEUSDT,1689350400000,0.0001
DOGEUSDT,1689379200000,0.0001
DOGEUSDT,1689408000000,0.0001
DOGEUSDT,1689436800000,0.0001
DOGEUSDT,1689465600001,0.0001
DOGEUSDT,1689494400000,0.0001
DOGEUSDT,1689523200000,0.0001
DOGEUSDT,1689552000000,0.000015
DOGEUSDT,1689580800000,0.0001
DOGEUSDT,1689609600000,0.0001
DOGEUSDT,1689638400000,0.0001
DOGEUSDT,1689667200000,0.0001
DOGEUSDT,1689696000000,0.0001
DOGEUSDT,1689724800000,0.0001
DOGEUSDT,1689753600000,0.0001
DOGEUSDT,1689782400001,0.0001
DOGEUSDT,1689811200000,0.0001
DOGEUSDT,1689840000000,0.0001
DOGEUSDT,1689868800000,0.0001
DOGEUSDT,1689897600001,0.00003175
DOGEUSDT,1689926400000,0.0001
DOGEUSDT,1689955200000,0.0001
DOGEUSDT,1689984000000,0.00005417
DOGEUSDT,1690012800000,0.0000769
DOGEUSDT,1690041600000,0.0001
DOGEUSDT,1690070400000,0.0001
DOGEUSDT,1690099200000,0.0001
DOGEUSDT,1690128000000,0.0001
DOGEUSDT,1690156800000,0.0001
DOGEUSDT,1690185600000,0.0001
DOGEUSDT,1690214400000,0.00007991
DOGEUSDT,1690243200000,0.00002033
DOGEUSDT,1690272000000,0.00000532
DOGEUSDT,1690300800000,0.00005709
DOGEUSDT,1690329600000,0.00005723
DOGEUSDT,1690358400001,0.00009264
DOGEUSDT,1690387200000,0.00004067
DOGEUSDT,1690416000000,0.00009257
DOGEUSDT,1690444800000,0.00009476
DOGEUSDT,1690473600001,0.0001
DOGEUSDT,1690502400000,0.00004231
DOGEUSDT,1690531200000,0.0001
DOGEUSDT,1690560000000,0.00006354
DOGEUSDT,1690588800000,0.0001
DOGEUSDT,1690617600000,0.00003675
DOGEUSDT,1690646400001,0.0001
DOGEUSDT,1690675200000,0.0001
DOGEUSDT,1690704000000,0.0001
DOGEUSDT,1690732800000,0.0001
DOGEUSDT,1690761600000,-0.00003474
DOGEUSDT,1690790400000,0.0001
DOGEUSDT,1690819200001,0.00002927
DOGEUSDT,1690848000000,-0.00000236
DOGEUSDT,1690876800000,0.0001
DOGEUSDT,1690905600000,0.0001
DOGEUSDT,1690934400000,0.0001
DOGEUSDT,1690963200000,0.0001
DOGEUSDT,1690992000000,0.00009463
DOGEUSDT,1691020800000,0.00005775
DOGEUSDT,1691049600000,0.0001
DOGEUSDT,1691078400001,0.0001
DOGEUSDT,1691107200000,0.00006343
DOGEUSDT,1691136000000,0.0001
DOGEUSDT,1691164800000,0.00009556
DOGEUSDT,1691193600000,0.00003118
DOGEUSDT,1691222400000,0.00009808
DOGEUSDT,1691251200001,0.0001
DOGEUSDT,1691280000000,0.00006287
DOGEUSDT,1691308800001,0.0001
DOGEUSDT,1691337600005,0.0001
DOGEUSDT,1691366400000,0.0001
DOGEUSDT,1691395200000,0.0001
DOGEUSDT,1691424000000,0.00005665
DOGEUSDT,1691452800000,0.0001
DOGEUSDT,1691481600000,0.00007843
DOGEUSDT,1691510400000,0.0001
DOGEUSDT,1691539200000,0.0001
DOGEUSDT,1691568000000,0.0001
DOGEUSDT,1691596800000,0.0001
DOGEUSDT,1691625600001,0.0001
DOGEUSDT,1691654400000,0.0001
DOGEUSDT,1691683200000,0.0001
DOGEUSDT,1691712000000,0.0001
DOGEUSDT,1691740800000,0.0001
DOGEUSDT,1691769600000,0.0001
DOGEUSDT,1691798400000,0.00009396
DOGEUSDT,1691827200000,0.0001
DOGEUSDT,1691856000000,0.0001
DOGEUSDT,1691884800000,0.0001
DOGEUSDT,1691913600000,0.0001
DOGEUSDT,1691942400000,0.0001
DOGEUSDT,1691971200001,0.0001
DOGEUSDT,1692000000000,0.0001
DOGEUSDT,1692028800000,0.0001
DOGEUSDT,1692057600001,0.00005154
DOGEUSDT,1692086400000,0.0001
DOGEUSDT,1692115200000,0.0001
DOGEUSDT,1692144000000,-0.00025536
DOGEUSDT,1692172800001,-0.0000205
DOGEUSDT,1692201600000,-0.00002142
DOGEUSDT,1692230400000,0.0000357
DOGEUSDT,1692259200000,0.00009719
DOGEUSDT,1692288000000,0.0000718
DOGEUSDT,1692316800000,-0.0002732
DOGEUSDT,1692345600000,-0.00010591
DOGEUSDT,1692374400000,0.00001605
DOGEUSDT,1692403200000,-0.00009425
DOGEUSDT,1692432000000,0.00001948
DOGEUSDT,1692460800000,0.00009675
DOGEUSDT,1692489600000,-0.00011762
DOGEUSDT,1692518400000,0.00000898
DOGEUSDT,1692547200000,0.00000864
DOGEUSDT,1692576000000,-0.00004293
DOGEUSDT,1692604800000,0.0001
DOGEUSDT,1692633600000,0.0000791
DOGEUSDT,1692662400000,-0.00000972
DOGEUSDT,1692691200000,0.00003894
DOGEUSDT,1692720000000,0.0000498
DOGEUSDT,1692748800000,-0.00005133
DOGEUSDT,1692777600000,0.00007635
DOGEUSDT,1692806400000,0.00005608
DOGEUSDT,1692835200000,-0.00008905
DOGEUSDT,1692864000000,-0.0000517
DOGEUSDT,1692892800000,0.00008189
DOGEUSDT,1692921600000,0.00006138
DOGEUSDT,1692950400000,0.0001
DOGEUSDT,1692979200000,-0.00000014
DOGEUSDT,1693008000000,-0.00000921
DOGEUSDT,1693036800000,0.00007784
DOGEUSDT,1693065600000,0.00002534
DOGEUSDT,1693094400000,0.00004439
DOGEUSDT,1693123200000,-0.00006631
DOGEUSDT,1693152000000,-0.00008204
DOGEUSDT,1693180800000,0.00006886
DOGEUSDT,1693209600001,0.0000278
DOGEUSDT,1693238400001,0.0001
DOGEUSDT,1693267200000,0.0001
DOGEUSDT,1693296000000,0.0001
DOGEUSDT,1693324800000,-0.00010604
DOGEUSDT,1693353600000,0.0001
DOGEUSDT,1693382400000,0.00009083
DOGEUSDT,1693411200000,0.00003367
DOGEUSDT,1693440000000,-0.00003333
DOGEUSDT,1693468800000,0.0001
DOGEUSDT,1693497600000,0.0001
DOGEUSDT,1693526400000,0.00009791
DOGEUSDT,1693555200000,0.0001
DOGEUSDT,1693584000001,0.0001
DOGEUSDT,1693612800000,0.00007145
DOGEUSDT,1693641600000,0.00009922
DOGEUSDT,1693670400000,0.00003731
DOGEUSDT,1693699200000,-0.000094
DOGEUSDT,1693728000000,0.00007805
DOGEUSDT,1693756800000,-0.00007417
DOGEUSDT,1693785600000,-0.00001887
DOGEUSDT,1693814400000,-0.00001091
DOGEUSDT,1693843200000,-0.00001097
DOGEUSDT,1693872000000,0.00004123
DOGEUSDT,1693900800000,0.0001
DOGEUSDT,1693929600000,0.00002476
DOGEUSDT,1693958400000,0.00005304
DOGEUSDT,1693987200000,0.00002842
DOGEUSDT,1694016000001,0.00001713
DOGEUSDT,1694044800000,0.0000556
DOGEUSDT,1694073600000,0.0001
DOGEUSDT,1694102400000,-0.00000039
DOGEUSDT,1694131200000,0.0001
DOGEUSDT,1694160000000,0.0001
DOGEUSDT,1694188800000,-0.00010399
DOGEUSDT,1694217600000,0.0001
DOGEUSDT,1694246400000,0.0001
DOGEUSDT,1694275200000,0.00007131
DOGEUSDT,1694304000000,-0.00013621
DOGEUSDT,1694332800000,-0.0000956
DOGEUSDT,1694361600000,-0.00011195
DOGEUSDT,1694390400000,-0.00000144
DOGEUSDT,1694419200000,0.00001068
DOGEUSDT,1694448000001,0.00000528
DOGEUSDT,1694476800000,-0.00007355
DOGEUSDT,1694505600000,0.00004667
DOGEUSDT,1694534400000,0.0001
DOGEUSDT,1694563200000,0.00007741
DOGEUSDT,1694592000000,0.0000642
DOGEUSDT,1694620800000,0.0001
DOGEUSDT,1694649600000,-0.00001105
DOGEUSDT,1694678400001,-0.00002536
DOGEUSDT,1694707200000,0.0001
DOGEUSDT,1694736000000,0.00001734
DOGEUSDT,1694764800000,0.00007941
DOGEUSDT,1694793600000,0.0001
DOGEUSDT,1694822400000,0.0001
DOGEUSDT,1694851200000,0.00006625
DOGEUSDT,1694880000000,-0.00006121
DOGEUSDT,1694908800000,0.00003184
DOGEUSDT,1694937600000,0.0001
DOGEUSDT,1694966400000,0.0001
DOGEUSDT,1694995200000,-0.00005001
DOGEUSDT,1695024000000,0.0001
DOGEUSDT,1695052800000,0.0001
DOGEUSDT,1695081600000,-0.00000557
DOGEUSDT,1695110400001,0.0001
DOGEUSDT,1695139200000,0.0001
DOGEUSDT,1695168000000,-0.00002394
DOGEUSDT,1695196800000,-0.00002933
DOGEUSDT,1695225600000,-0.00000132
DOGEUSDT,1695254400001,0.0001
DOGEUSDT,1695283200000,0.0001
DOGEUSDT,1695312000000,0.00003696
DOGEUSDT,1695340800000,-0.00000948
DOGEUSDT,1695369600000,0.00008525
DOGEUSDT,1695398400000,0.00009833
DOGEUSDT,1695427200000,0.0000397
DOGEUSDT,1695456000000,0.0001
DOGEUSDT,1695484800000,0.00009251
DOGEUSDT,1695513600000,0.00004133
DOGEUSDT,1695542400000,0.0001
DOGEUSDT,1695571200000,0.0001
DOGEUSDT,1695600000000,-0.00002606
DOGEUSDT,1695628800000,0.0001
DOGEUSDT,1695657600000,-0.00003973
DOGEUSDT,1695686400000,0.00009089
DOGEUSDT,1695715200000,0.0001
DOGEUSDT,1695744000000,0.00004802
DOGEUSDT,1695772800000,0.00007165
DOGEUSDT,1695801600001,0.0001
DOGEUSDT,1695830400000,0.0001
DOGEUSDT,1695859200000,0.0001
DOGEUSDT,1695888000000,0.0001
DOGEUSDT,1695916800000,0.0001
DOGEUSDT,1695945600000,0.00008649
DOGEUSDT,1695974400000,0.0001
DOGEUSDT,1696003200000,0.00006761
DOGEUSDT,1696032000000,0.00009057
DOGEUSDT,1696060800000,0.00008258
DOGEUSDT,1696089600000,0.00006857
DOGEUSDT,1696118400000,-0.00003393
DOGEUSDT,1696147200000,0.00002158
DOGEUSDT,1696176000000,0.0001
DOGEUSDT,1696204800000,0.00004937
DOGEUSDT,1696233600000,0.00008938
DOGEUSDT,1696262400000,0.0001
DOGEUSDT,1696291200000,0.00007232
DOGEUSDT,1696320000000,0.0001
DOGEUSDT,1696348800000,0.00003566
DOGEUSDT,1696377600000,-0.00004853
DOGEUSDT,1696406400000,0.00004938
DOGEUSDT,1696435200000,-0.00009377
DOGEUSDT,1696464000000,-0.00004638
DOGEUSDT,1696492800000,0.00004143
DOGEUSDT,1696521600001,0.00001794
DOGEUSDT,1696550400000,0.00006433
DOGEUSDT,1696579200000,0.0001
DOGEUSDT,1696608000000,0.00005956
DOGEUSDT,1696636800000,0.00009118
DOGEUSDT,1696665600000,0.00005878
DOGEUSDT,1696694400000,0.0001
DOGEUSDT,1696723200000,0.0001
DOGEUSDT,1696752000001,0.0001
DOGEUSDT,1696780800000,0.00003555
DOGEUSDT,1696809600000,-0.00003469
DOGEUSDT,1696838400000,0.00001187
DOGEUSDT,1696867200000,-0.00032408
DOGEUSDT,1696896000000,-0.0000727
DOGEUSDT,1696924800000,-0.00006692
DOGEUSDT,1696953600000,-0.00011165
DOGEUSDT,1696982400000,-0.00010004
DOGEUSDT,1697011200000,0.00009489
DOGEUSDT,1697040000000,-0.00001449
DOGEUSDT,1697068800000,-0.00007531
DOGEUSDT,1697097600000,-0.00015501
DOGEUSDT,1697126400000,0.0001
DOGEUSDT,1697155200000,0.00007746
DOGEUSDT,1697184000000,0.00008316
DOGEUSDT,1697212800000,0.00000799
DOGEUSDT,1697241600000,0.0001
DOGEUSDT,1697270400000,-0.00001875
DOGEUSDT,1697299200000,0.0001
DOGEUSDT,1697328000000,0.0001
DOGEUSDT,1697356800000,0.0001
DOGEUSDT,1697385600000,0.00006255
DOGEUSDT,1697414400000,0.00007668
DOGEUSDT,1697443200000,0.0001
DOGEUSDT,1697472000000,0.00009301
DOGEUSDT,1697500800000,0.00002544
DOGEUSDT,1697529600000,0.0001
DOGEUSDT,1697558400000,0.0001
DOGEUSDT,1697587200000,0.0001
DOGEUSDT,1697616000000,0.00009347
DOGEUSDT,1697644800000,0.00008565
DOGEUSDT,1697673600000,-0.00002621
DOGEUSDT,1697702400001,0.00007594
DOGEUSDT,1697731200000,0.00002191
DOGEUSDT,1697760000000,0.0001
DOGEUSDT,1697788800005,0.00006732
DOGEUSDT,1697817600000,0.0001
DOGEUSDT,1697846400000,0.0001
DOGEUSDT,1697875200000,0.0001
DOGEUSDT,1697904000000,0.0000759
DOGEUSDT,1697932800000,0.00002365
DOGEUSDT,1697961600000,0.00007856
DOGEUSDT,1697990400000,0.00006
DOGEUSDT,1698019200000,0.0001
DOGEUSDT,1698048000001,0.0001
DOGEUSDT,1698076800001,0.0001
DOGEUSDT,1698105600000,0.0001
DOGEUSDT,1698134400000,0.0001
DOGEUSDT,1698163200000,0.0001
DOGEUSDT,1698192000000,0.0001
DOGEUSDT,1698220800000,0.0001
DOGEUSDT,1698249600001,0.0001
DOGEUSDT,1698278400001,0.0001
DOGEUSDT,1698307200000,0.0001
DOGEUSDT,1698336000000,0.0001
DOGEUSDT,1698364800000,0.0001
DOGEUSDT,1698393600000,0.0001
DOGEUSDT,1698422400000,0.0001
DOGEUSDT,1698451200000,0.0001
DOGEUSDT,1698480000001,0.0001
DOGEUSDT,1698508800000,0.0001
DOGEUSDT,1698537600000,0.0001
DOGEUSDT,1698566400000,0.00018542
DOGEUSDT,1698595200000,0.00012121
DOGEUSDT,1698624000000,0.00010494
DOGEUSDT,1698652800000,0.0001
DOGEUSDT,1698681600000,0.0001
DOGEUSDT,1698710400001,0.00036905
DOGEUSDT,1698739200000,0.00015566
DOGEUSDT,1698768000000,0.0001
DOGEUSDT,1698796800000,0.0001
DOGEUSDT,1698825600000,0.0001
DOGEUSDT,1698854400000,0.0001
DOGEUSDT,1698883200001,0.00031721
DOGEUSDT,1698912000000,0.00025385
DOGEUSDT,1698940800000,0.00019966
DOGEUSDT,1698969600000,0.0001
DOGEUSDT,1698998400000,0.0001
DOGEUSDT,1699027200000,0.0001219
DOGEUSDT,1699056000000,0.0001
DOGEUSDT,1699084800000,0.00021181
DOGEUSDT,1699113600000,0.000188
DOGEUSDT,1699142400000,0.00012991
DOGEUSDT,1699171200000,0.00022472
DOGEUSDT,1699200000000,0.0001587
DOGEUSDT,1699228800000,0.00020959
DOGEUSDT,1699257600001,0.00011717
DOGEUSDT,1699286400000,0.00019251
DOGEUSDT,1699315200001,0.0001
DOGEUSDT,1699344000000,0.0001
DOGEUSDT,1699372800000,0.0001
DOGEUSDT,1699401600000,0.0001
DOGEUSDT,1699430400000,0.0001
DOGEUSDT,1699459200000,0.0001
DOGEUSDT,1699488000000,0.0001
DOGEUSDT,1699516800000,0.00022535
DOGEUSDT,1699545600000,0.00027145
DOGEUSDT,1699574400000,0.0001
DOGEUSDT,1699603200000,0.0001
DOGEUSDT,1699632000000,0.0001
DOGEUSDT,1699660800000,0.00020749
DOGEUSDT,1699689600000,0.00017927
DOGEUSDT,1699718400000,0.00037359
DOGEUSDT,1699747200000,0.00026008
DOGEUSDT,1699776000000,0.00011835
DOGEUSDT,1699804800001,0.00011742
DOGEUSDT,1699833600000,0.00010041
DOGEUSDT,1699862400000,0.00035859
DOGEUSDT,1699891200000,0.00024215
DOGEUSDT,1699920000000,0.0001
DOGEUSDT,1699948800000,0.00026734
DOGEUSDT,1699977600001,0.00013011
DOGEUSDT,1700006400000,0.0001
DOGEUSDT,1700035200000,0.00010057
DOGEUSDT,1700064000000,0.00027155
DOGEUSDT,1700092800000,0.00018365
DOGEUSDT,1700121600000,0.0003502
DOGEUSDT,1700150400001,0.00035663
DOGEUSDT,1700179200000,0.00014759
DOGEUSDT,1700208000001,0.00014753
DOGEUSDT,1700236800001,0.0001306
DOGEUSDT,1700265600000,0.0001
DOGEUSDT,1700294400000,0.0001
DOGEUSDT,1700323200000,0.0001
DOGEUSDT,1700352000000,0.0001
DOGEUSDT,1700380800000,0.0001
DOGEUSDT,1700409600000,0.0001
DOGEUSDT,1700438400000,0.0001
DOGEUSDT,1700467200000,0.0001947
DOGEUSDT,1700496000000,0.00010326
DOGEUSDT,1700524800000,0.00012412
DOGEUSDT,1700553600000,0.0001
DOGEUSDT,1700582400000,0.0001
DOGEUSDT,1700611200000,0.0001
DOGEUSDT,1700640000000,0.0001
DOGEUSDT,1700668800000,0.0001
DOGEUSDT,1700697600000,0.0001
DOGEUSDT,1700726400000,0.0001
DOGEUSDT,1700755200001,0.0001
DOGEUSDT,1700784000000,0.0001
DOGEUSDT,1700812800000,0.0001
DOGEUSDT,1700841600000,0.0001
DOGEUSDT,1700870400000,0.0001
DOGEUSDT,1700899200000,0.0001
DOGEUSDT,1700928000000,0.00012286
DOGEUSDT,1700956800000,0.0001
DOGEUSDT,1700985600000,0.0001
DOGEUSDT,1701014400000,0.0001
DOGEUSDT,1701043200000,0.0001
DOGEUSDT,1701072000001,0.0001
DOGEUSDT,1701100800000,0.0001
DOGEUSDT,1701129600000,0.0001
DOGEUSDT,1701158400000,0.0001
DOGEUSDT,1701187200000,0.0001
DOGEUSDT,1701216000001,0.0001
DOGEUSDT,1701244800000,0.0001
DOGEUSDT,1701273600000,0.0001
DOGEUSDT,1701302400000,0.0001
DOGEUSDT,1701331200000,0.0001
DOGEUSDT,1701360000000,0.0001
DOGEUSDT,1701388800000,0.0001
DOGEUSDT,1701417600000,0.0001
DOGEUSDT,1701446400000,0.0001
DOGEUSDT,1701475200000,0.0001
DOGEUSDT,1701504000000,0.0001
DOGEUSDT,1701532800000,0.0001
DOGEUSDT,1701561600000,0.0001
DOGEUSDT,1701590400000,0.00020393
DOGEUSDT,1701619200000,0.0001
DOGEUSDT,1701648000000,0.0001
DOGEUSDT,1701676800000,0.00032177
DOGEUSDT,1701705600000,0.0001
DOGEUSDT,1701734400000,0.0001
DOGEUSDT,1701763200000,0.0001
DOGEUSDT,1701792000000,0.0001
DOGEUSDT,1701820800000,0.0001254
DOGEUSDT,1701849600000,0.0001
DOGEUSDT,1701878400000,0.00014636
DOGEUSDT,1701907200000,0.00023156
DOGEUSDT,1701936000000,0.00014133
DOGEUSDT,1701964800000,0.00024177
DOGEUSDT,1701993600000,0.00040236
DOGEUSDT,1702022400000,0.00024385
DOGEUSDT,1702051200000,0.00020194
DOGEUSDT,1702080000000,0.00032603
DOGEUSDT,1702108800000,0.0004397
DOGEUSDT,1702137600000,0.00047806
DOGEUSDT,1702166400000,0.0002142
DOGEUSDT,1702195200000,0.00037766
DOGEUSDT,1702224000000,0.00031964
DOGEUSDT,1702252800000,0.0003439
DOGEUSDT,1702281600000,0.0001
DOGEUSDT,1702310400000,0.0001
DOGEUSDT,1702339200000,0.0001
DOGEUSDT,1702368000000,0.0001
DOGEUSDT,1702396800000,0.00017383
DOGEUSDT,1702425600000,0.0001
DOGEUSDT,1702454400000,0.0001
DOGEUSDT,1702483200001,0.0001
DOGEUSDT,1702512000000,0.0001
DOGEUSDT,1702540800000,0.0001
DOGEUSDT,1702569600000,0.0001
DOGEUSDT,1702598400000,0.0001
DOGEUSDT,1702627200000,0.00018556
DOGEUSDT,1702656000000,0.0001
DOGEUSDT,1702684800000,0.0001
DOGEUSDT,1702713600000,0.0001
DOGEUSDT,1702742400001,0.0001
DOGEUSDT,1702771200000,0.0001
DOGEUSDT,1702800000000,0.0001
DOGEUSDT,1702828800000,0.00010706
DOGEUSDT,1702857600000,0.0001
DOGEUSDT,1702886400001,0.0001
DOGEUSDT,1702915200000,0.0001
DOGEUSDT,1702944000000,0.0001
DOGEUSDT,1702972800000,0.0001
DOGEUSDT,1703001600000,0.0001
DOGEUSDT,1703030400000,0.0001
DOGEUSDT,1703059200000,0.00011469
DOGEUSDT,1703088000000,0.0001
DOGEUSDT,1703116800000,0.00024142
DOGEUSDT,1703145600000,0.00035556
DOGEUSDT,1703174400000,0.00024984
DOGEUSDT,1703203200000,0.00033748
DOGEUSDT,1703232000000,0.00031602
DOGEUSDT,1703260800000,0.00033018
DOGEUSDT,1703289600000,0.00034928
DOGEUSDT,1703318400001,0.00021318
DOGEUSDT,1703347200000,0.00032786
DOGEUSDT,1703376000000,0.00033859
DOGEUSDT,1703404800000,0.00036768
DOGEUSDT,1703433600000,0.00045794
DOGEUSDT,1703462400000,0.00022718
DOGEUSDT,1703491200000,0.00025381
DOGEUSDT,1703520000000,0.00041768
DOGEUSDT,1703548800000,0.00053714
DOGEUSDT,1703577600000,0.0002611
DOGEUSDT,1703606400000,0.00044854
DOGEUSDT,1703635200000,0.0001
DOGEUSDT,1703664000000,0.00014526
DOGEUSDT,1703692800000,0.0004619
DOGEUSDT,1703721600000,0.00047802
DOGEUSDT,1703750400000,0.00056982
DOGEUSDT,1703779200000,0.00046646
DOGEUSDT,1703808000001,0.00039439
DOGEUSDT,1703836800000,0.00043116
DOGEUSDT,1703865600000,0.00051294
DOGEUSDT,1703894400001,0.0001
DOGEUSDT,1703923200000,0.00040406
DOGEUSDT,1703952000000,0.0002636
DOGEUSDT,1703980800000,0.00028895
DOGEUSDT,1704009600001,0.00023869
DOGEUSDT,1704038400000,0.00032113
DOGEUSDT,1704067200000,0.00022291
DOGEUSDT,1704096000000,0.00018953
DOGEUSDT,1704124800000,0.00041893
DOGEUSDT,1704153600000,0.0005603
DOGEUSDT,1704182400000,0.00052026
DOGEUSDT,1704211200000,0.00069049
DOGEUSDT,1704240000000,0.00037951
DOGEUSDT,1704268800000,0.00037008
DOGEUSDT,1704297600000,0.0001
DOGEUSDT,1704326400000,0.0001
DOGEUSDT,1704355200000,0.0001
DOGEUSDT,1704384000000,0.0001
DOGEUSDT,1704412800001,0.0001
DOGEUSDT,1704441600000,0.0001
DOGEUSDT,1704470400000,0.0001
DOGEUSDT,1704499200000,0.0001
DOGEUSDT,1704528000000,0.0001
DOGEUSDT,1704556800000,0.0001
DOGEUSDT,1704585600000,0.0001
DOGEUSDT,1704614400001,0.0001
DOGEUSDT,1704643200001,0.0001
DOGEUSDT,1704672000000,0.0001
DOGEUSDT,1704700800000,0.0001
DOGEUSDT,1704729600000,0.0001
DOGEUSDT,1704758400001,0.0001
DOGEUSDT,1704787200000,0.0001
DOGEUSDT,1704816000000,0.0001
DOGEUSDT,1704844800000,0.0001
DOGEUSDT,1704873600000,0.0001
DOGEUSDT,1704902400000,0.0001
DOGEUSDT,1704931200000,0.0001
DOGEUSDT,1704960000000,0.0001
DOGEUSDT,1704988800000,0.0001
DOGEUSDT,1705017600001,0.0001
DOGEUSDT,1705046400000,0.0001
DOGEUSDT,1705075200000,0.0001
DOGEUSDT,1705104000000,0.0001
DOGEUSDT,1705132800000,0.0001
DOGEUSDT,1705161600001,0.0001
DOGEUSDT,1705190400000,0.0001
DOGEUSDT,1705219200000,0.0001
DOGEUSDT,1705248000001,0.0001
DOGEUSDT,1705276800000,0.0001
DOGEUSDT,1705305600000,0.0001
DOGEUSDT,1705334400000,0.0001
DOGEUSDT,1705363200000,0.0001
DOGEUSDT,1705392000000,0.0001
DOGEUSDT,1705420800001,0.0001
DOGEUSDT,1705449600000,0.0001
DOGEUSDT,1705478400000,0.0001
DOGEUSDT,1705507200000,0.0001
DOGEUSDT,1705536000001,0.0001
DOGEUSDT,1705564800000,0.0001
DOGEUSDT,1705593600000,0.0001
DOGEUSDT,1705622400000,0.0001
DOGEUSDT,1705651200000,0.0001
DOGEUSDT,1705680000002,0.0001
DOGEUSDT,1705708800000,0.0001
DOGEUSDT,1705737600003,0.0001
DOGEUSDT,1705766400000,0.0001
DOGEUSDT,1705795200000,0.0001
DOGEUSDT,1705824000000,0.0001
DOGEUSDT,1705852800000,0.0001
DOGEUSDT,1705881600000,0.0001
DOGEUSDT,1705910400000,0.0001
DOGEUSDT,1705939200000,0.0001
DOGEUSDT,1705968000000,0.0001
DOGEUSDT,1705996800000,0.0001
DOGEUSDT,1706025600000,0.0001
DOGEUSDT,1706054400000,0.0001
DOGEUSDT,1706083200000,0.0001
DOGEUSDT,1706112000000,0.0001
DOGEUSDT,1706140800000,0.0001
DOGEUSDT,1706169600001,0.0001
DOGEUSDT,1706198400000,0.0001
DOGEUSDT,1706227200001,0.0001
DOGEUSDT,1706256000000,0.0001
DOGEUSDT,1706284800000,0.0001
DOGEUSDT,1706313600000,0.0001
DOGEUSDT,1706342400000,0.0001
DOGEUSDT,1706371200000,0.0001
DOGEUSDT,1706400000000,0.0001
DOGEUSDT,1706428800000,0.0001
DOGEUSDT,1706457600000,0.0001
DOGEUSDT,1706486400000,0.0001
DOGEUSDT,1706515200001,0.0001
DOGEUSDT,1706544000000,0.0001
DOGEUSDT,1706572800000,0.0001
DOGEUSDT,1706601600000,0.0001
DOGEUSDT,1706630400001,0.0001
DOGEUSDT,1706659200000,0.0001
DOGEUSDT,1706688000000,0.0001
DOGEUSDT,1706716800000,0.0001
DOGEUSDT,1706745600000,0.0001
DOGEUSDT,1706774400000,0.0001
DOGEUSDT,1706803200002,0.0001
DOGEUSDT,1706832000000,0.0001
DOGEUSDT,1706860800000,0.0001
DOGEUSDT,1706889600000,0.0001
DOGEUSDT,1706918400000,0.0001
DOGEUSDT,1706947200000,0.0001
DOGEUSDT,1706976000001,0.0001
DOGEUSDT,1707004800000,0.0001
DOGEUSDT,1707033600004,0.0001
DOGEUSDT,1707062400000,0.0001
DOGEUSDT,1707091200000,0.0001
DOGEUSDT,1707120000000,0.0001
DOGEUSDT,1707148800000,0.0001
DOGEUSDT,1707177600000,0.0001
DOGEUSDT,1707206400001,0.0001
DOGEUSDT,1707235200000,0.0001
DOGEUSDT,1707264000000,0.0001
DOGEUSDT,1707292800000,0.0001
DOGEUSDT,1707321600000,0.0001
DOGEUSDT,1707350400000,0.0001
DOGEUSDT,1707379200000,0.0001
DOGEUSDT,1707408000000,0.0001
DOGEUSDT,1707436800000,0.0001
DOGEUSDT,1707465600000,0.0001
DOGEUSDT,1707494400001,0.0001
DOGEUSDT,1707523200001,0.0001
DOGEUSDT,1707552000000,0.0001
DOGEUSDT,1707580800000,0.0001
DOGEUSDT,1707609600000,0.0001
DOGEUSDT,1707638400001,0.0001
DOGEUSDT,1707667200000,0.0001
DOGEUSDT,1707696000000,0.0001
DOGEUSDT,1707724800000,0.0001
DOGEUSDT,1707753600000,0.0001
DOGEUSDT,1707782400000,0.0001
DOGEUSDT,1707811200000,0.00018857
DOGEUSDT,1707840000000,0.00013418
DOGEUSDT,1707868800000,0.00018664
DOGEUSDT,1707897600000,0.0001
DOGEUSDT,1707926400000,0.00038729
DOGEUSDT,1707955200000,0.00037785
DOGEUSDT,1707984000000,0.00025577
DOGEUSDT,1708012800000,0.0001237
DOGEUSDT,1708041600000,0.00022411
DOGEUSDT,1708070400000,0.00028397
DOGEUSDT,1708099200000,0.00017699
DOGEUSDT,1708128000000,0.00023524
DOGEUSDT,1708156800000,0.0001312
DOGEUSDT,1708185600000,0.0001
DOGEUSDT,1708214400000,0.00011747
DOGEUSDT,1708243200000,0.00021794
DOGEUSDT,1708272000000,0.00015904
DOGEUSDT,1708300800000,0.00023872
DOGEUSDT,1708329600000,0.00028442
DOGEUSDT,1708358400000,0.00043884
DOGEUSDT,1708387200000,0.0002904
DOGEUSDT,1708416000000,0.00025025
DOGEUSDT,1708444800000,0.00012405
DOGEUSDT,1708473600000,0.0001
DOGEUSDT,1708502400000,0.0001
DOGEUSDT,1708531200000,0.0001
DOGEUSDT,1708560000001,0.0001
DOGEUSDT,1708588800001,0.00010925
DOGEUSDT,1708617600000,0.00026221
DOGEUSDT,1708646400000,0.00029037
DOGEUSDT,1708675200000,0.00025336
DOGEUSDT,1708704000000,0.00018578
DOGEUSDT,1708732800000,0.00027477
DOGEUSDT,1708761600001,0.00029308
DOGEUSDT,1708790400000,0.00027881
DOGEUSDT,1708819200001,0.00036182
DOGEUSDT,1708848000000,0.0004009
DOGEUSDT,1708876800000,0.00020772
DOGEUSDT,1708905600000,0.00054579
DOGEUSDT,1708934400000,0.00034405
DOGEUSDT,1708963200000,0.00017343
DOGEUSDT,1708992000000,0.00039982
DOGEUSDT,1709020800000,0.00065997
DOGEUSDT,1709049600000,0.00044313
DOGEUSDT,1709078400000,0.00040132
DOGEUSDT,1709107200000,0.00022673
DOGEUSDT,1709136000000,0.00060162
DOGEUSDT,1709164800000,0.00040614
DOGEUSDT,1709193600000,0.00078836
DOGEUSDT,1709222400000,0.0007485
DOGEUSDT,1709251200000,0.00069545
DOGEUSDT,1709280000000,0.00060754
DOGEUSDT,1709308800000,0.00053525
DOGEUSDT,1709337600000,0.00068518
DOGEUSDT,1709366400001,0.00087727
DOGEUSDT,1709395200000,0.00070534
DOGEUSDT,1709424000000,0.00061388
DOGEUSDT,1709452800000,0.00069223
DOGEUSDT,1709481600000,0.00062328
DOGEUSDT,1709510400000,0.00072633
DOGEUSDT,1709539200000,0.00064212
DOGEUSDT,1709568000000,0.00061052
DOGEUSDT,1709596800000,0.00051204
DOGEUSDT,1709625600000,0.00102757
DOGEUSDT,1709654400000,0.00078334
DOGEUSDT,1709683200000,0.0001
DOGEUSDT,1709712000001,0.00025286
DOGEUSDT,1709740800000,0.00036982
DOGEUSDT,1709769600000,0.00018274
DOGEUSDT,1709798400000,0.00028267
DOGEUSDT,1709827200000,0.0005384
DOGEUSDT,1709856000000,0.00055773
DOGEUSDT,1709884800000,0.00058396
DOGEUSDT,1709913600000,0.0005871
DOGEUSDT,1709942400000,0.00036961
DOGEUSDT,1709971200001,0.00052347
DOGEUSDT,1710000000000,0.00060312
DOGEUSDT,1710028800000,0.00092314
DOGEUSDT,1710057600000,0.0007414
DOGEUSDT,1710086400000,0.00051308
DOGEUSDT,1710115200000,0.00047646
DOGEUSDT,1710144000000,0.00056768
DOGEUSDT,1710172800000,0.00082056
DOGEUSDT,1710201600000,0.00086897
DOGEUSDT,1710230400000,0.0005499
DOGEUSDT,1710259200000,0.00047181
DOGEUSDT,1710288000000,0.00044828
DOGEUSDT,1710316800001,0.0007323
DOGEUSDT,1710345600000,0.00068219
DOGEUSDT,1710374400001,0.00046713
DOGEUSDT,1710403200000,0.00081938
DOGEUSDT,1710432000000,0.00044838
DOGEUSDT,1710460800000,0.00038264
DOGEUSDT,1710489600000,0.00012373
DOGEUSDT,1710518400000,0.00017954
DOGEUSDT,1710547200000,0.00013401
DOGEUSDT,1710576000000,0.00028457
DOGEUSDT,1710604800000,0.00018354
DOGEUSDT,1710633600000,0.00015904
DOGEUSDT,1710662400000,0.00025619
DOGEUSDT,1710691200000,0.00021395
DOGEUSDT,1710720000000,0.0001
DOGEUSDT,1710748800000,0.00025102
DOGEUSDT,1710777600001,0.00034633
DOGEUSDT,1710806400000,0.00024317
DOGEUSDT,1710835200000,0.00024204
DOGEUSDT,1710864000001,0.00010485
DOGEUSDT,1710892800000,0.00025641
DOGEUSDT,1710921600004,0.00023434
DOGEUSDT,1710950400000,0.00015808
DOGEUSDT,1710979200000,0.00022588
DOGEUSDT,1711008000000,0.00014776
DOGEUSDT,1711036800000,0.0001
DOGEUSDT,1711065600000,0.00022561
DOGEUSDT,1711094400000,0.00016087
DOGEUSDT,1711123200000,0.0001
DOGEUSDT,1711152000000,0.00014841
DOGEUSDT,1711180800000,0.00014683
DOGEUSDT,1711209600000,0.00013248
DOGEUSDT,1711238400000,0.00016201
DOGEUSDT,1711267200000,0.0001
DOGEUSDT,1711296000000,0.00017401
DOGEUSDT,1711324800000,0.00017399
DOGEUSDT,1711353600001,0.0001
DOGEUSDT,1711382400000,0.00024876
DOGEUSDT,1711411200000,0.00034626
DOGEUSDT,1711440000000,0.00024098
DOGEUSDT,1711468800000,0.00034912
DOGEUSDT,1711497600000,0.00038869
DOGEUSDT,1711526400001,0.00048614
DOGEUSDT,1711555200000,0.0004896
DOGEUSDT,1711584000000,0.00055772
DOGEUSDT,1711612800000,0.00039111
DOGEUSDT,1711641600000,0.00064918
DOGEUSDT,1711670400000,0.00049765
DOGEUSDT,1711699200000,0.00053486
DOGEUSDT,1711728000000,0.00044307
DOGEUSDT,1711756800000,0.00047129
DOGEUSDT,1711785600000,0.00042609
DOGEUSDT,1711814400000,0.00062265
DOGEUSDT,1711843200000,0.0003155
DOGEUSDT,1711872000000,0.00030309
DOGEUSDT,1711900800001,0.00033863
DOGEUSDT,1711929600000,0.00079016
DOGEUSDT,1711958400000,0.0004616
DOGEUSDT,1711987200000,0.00025674
DOGEUSDT,1712016000007,0.00022216
DOGEUSDT,1712044800015,0.0001
DOGEUSDT,1712073600000,0.00010331
DOGEUSDT,1712102400000,0.0001
DOGEUSDT,1712131200000,0.00014006
DOGEUSDT,1712160000000,0.00013286
DOGEUSDT,1712188800000,0.00014612
DOGEUSDT,1712217600000,0.00023691
DOGEUSDT,1712246400000,0.0001
DOGEUSDT,1712275200000,0.0001
DOGEUSDT,1712304000000,0.00018256
DOGEUSDT,1712332800000,0.0001
DOGEUSDT,1712361600000,0.0001
DOGEUSDT,1712390400000,0.00011397
DOGEUSDT,1712419200000,0.00015982
DOGEUSDT,1712448000000,0.0001
DOGEUSDT,1712476800000,0.0001269
DOGEUSDT,1712505600000,0.0001
DOGEUSDT,1712534400001,0.00013139
DOGEUSDT,1712563200000,0.00014529
DOGEUSDT,1712592000006,0.00023751
DOGEUSDT,1712620800000,0.00023143
DOGEUSDT,1712649600001,0.00022699
DOGEUSDT,1712678400001,0.00021067
DOGEUSDT,1712707200000,0.00011149
DOGEUSDT,1712736000001,0.00017658
DOGEUSDT,1712764800000,0.00013627
DOGEUSDT,1712793600000,0.00022855
DOGEUSDT,1712822400000,0.00015919
DOGEUSDT,1712851200000,0.00024163
DOGEUSDT,1712880000000,0.00012554
DOGEUSDT,1712908800001,0.00016948
DOGEUSDT,1712937600000,0.00012902
DOGEUSDT,1712966400000,0.0001
DOGEUSDT,1712995200000,0.0001
DOGEUSDT,1713024000001,0.0001
DOGEUSDT,1713052800000,0.0001
DOGEUSDT,1713081600000,0.0001
DOGEUSDT,1713110400000,0.0001
DOGEUSDT,1713139200000,0.00004863
DOGEUSDT,1713168000001,0.00003119
DOGEUSDT,1713196800000,0.00009853
DOGEUSDT,1713225600001,0.00007492
DOGEUSDT,1713254400000,-0.00002532
DOGEUSDT,1713283200000,-0.00002218
DOGEUSDT,1713312000000,0.00000084
DOGEUSDT,1713340800000,0.0000581
DOGEUSDT,1713369600000,0.00002635
DOGEUSDT,1713398400000,-0.00005707
DOGEUSDT,1713427200000,0.00007532
DOGEUSDT,1713456000000,0.00005429
DOGEUSDT,1713484800001,0.0000112
DOGEUSDT,1713513600000,0.00008267
DOGEUSDT,1713542400000,0.00008774
DOGEUSDT,1713571200000,0.00008464
DOGEUSDT,1713600000000,-0.00004614
DOGEUSDT,1713628800000,0.0000097
DOGEUSDT,1713657600000,0.0001
DOGEUSDT,1713686400000,0.00002543
DOGEUSDT,1713715200000,0.00005625
DOGEUSDT,1713744000000,0.0000041
DOGEUSDT,1713772800000,0.00003338
DOGEUSDT,1713801600000,0.00002466
DOGEUSDT,1713830400000,0.00002669
DOGEUSDT,1713859200000,0.00004373
DOGEUSDT,1713888000001,0.00008879
DOGEUSDT,1713916800000,0.0001
DOGEUSDT,1713945600000,0.00008543
DOGEUSDT,1713974400000,0.00005191
DOGEUSDT,1714003200000,0.00003174
DOGEUSDT,1714032000000,0.00006134
DOGEUSDT,1714060800010,0.0001
DOGEUSDT,1714089600001,-0.00005713
DOGEUSDT,1714118400000,0.000031
DOGEUSDT,1714147200000,0.00004962
DOGEUSDT,1714176000000,0.0000504
DOGEUSDT,1714204800001,0.00005729
DOGEUSDT,1714233600000,0.00009119
DOGEUSDT,1714262400000,0.00005674
DOGEUSDT,1714291200000,0.00008208
DOGEUSDT,1714320000000,0.0001
DOGEUSDT,1714348800000,0.0001
DOGEUSDT,1714377600000,-0.000003
DOGEUSDT,1714406400000,0.00009017
DOGEUSDT,1714435200000,0.00003634
DOGEUSDT,1714464000000,0.00003781
DOGEUSDT,1714492800000,0.00002266
DOGEUSDT,1714521600000,-0.0000732
DOGEUSDT,1714550400000,0.0000752
DOGEUSDT,1714579200000,0.00000925
DOGEUSDT,1714608000000,-0.0000776
DOGEUSDT,1714636800000,0.00003286
DOGEUSDT,1714665600002,0.00001542
DOGEUSDT,1714694400000,-0.00003101
DOGEUSDT,1714723200000,-0.00006276
DOGEUSDT,1714752000000,0.00009181
DOGEUSDT,1714780800000,0.00002169
DOGEUSDT,1714809600000,0.00008923
DOGEUSDT,1714838400000,0.00000566
DOGEUSDT,1714867200000,0.00005163
DOGEUSDT,1714896000000,-0.00005312
DOGEUSDT,1714924800000,0.00004639
DOGEUSDT,1714953600000,0.00002341
DOGEUSDT,1714982400000,0.0001
DOGEUSDT,1715011200000,0.0001
DOGEUSDT,1715040000000,0.00005921
DOGEUSDT,1715068800000,0.0001
DOGEUSDT,1715097600000,0.00007881
DOGEUSDT,1715126400000,0.0001
DOGEUSDT,1715155200000,0.0001
DOGEUSDT,1715184000000,0.0001
DOGEUSDT,1715212800000,0.00009765
DOGEUSDT,1715241600000,0.00002876
DOGEUSDT,1715270400000,0.00007828
DOGEUSDT,1715299200000,-0.00003938
DOGEUSDT,1715328000000,0.0001
DOGEUSDT,1715356800000,0.0001
DOGEUSDT,1715385600000,0.0000138
DOGEUSDT,1715414400000,0.00003462
DOGEUSDT,1715443200000,0.00009389
DOGEUSDT,1715472000000,-0.00000966
DOGEUSDT,1715500800000,0.00006825
DOGEUSDT,1715529600000,0.0001
DOGEUSDT,1715558400001,0.00000632
DOGEUSDT,1715587200001,0.0001
DOGEUSDT,1715616000000,0.0001
DOGEUSDT,1715644800000,0.0001
DOGEUSDT,1715673600000,0.0001
DOGEUSDT,1715702400000,0.0001
DOGEUSDT,1715731200000,-0.0000239
DOGEUSDT,1715760000000,0.00005432
DOGEUSDT,1715788800000,0.0001
DOGEUSDT,1715817600004,0.0001
DOGEUSDT,1715846400000,0.0001
DOGEUSDT,1715875200000,0.0001
DOGEUSDT,1715904000000,0.00005102
DOGEUSDT,1715932800000,0.00003501
DOGEUSDT,1715961600000,0.0001
DOGEUSDT,1715990400000,0.0001
DOGEUSDT,1716019200000,0.0001
DOGEUSDT,1716048000000,0.0001
DOGEUSDT,1716076800000,0.0001
DOGEUSDT,1716105600000,0.0001
DOGEUSDT,1716134400000,0.0000149
DOGEUSDT,1716163200000,-0.00002545
DOGEUSDT,1716192000000,0.0001
DOGEUSDT,1716220800003,0.0001
DOGEUSDT,1716249600000,0.0001
DOGEUSDT,1716278400001,0.0001
DOGEUSDT,1716307200000,0.0001
DOGEUSDT,1716336000000,0.0001
DOGEUSDT,1716364800000,0.0001
DOGEUSDT,1716393600000,0.0001
DOGEUSDT,1716422400000,0.0001336
DOGEUSDT,1716451200000,0.00016781
DOGEUSDT,1716480000000,0.0001
DOGEUSDT,1716508800000,0.0001
DOGEUSDT,1716537600000,0.0001
DOGEUSDT,1716566400000,0.0001
DOGEUSDT,1716595200000,0.0001
DOGEUSDT,1716624000000,0.0001
DOGEUSDT,1716652800000,0.0001
DOGEUSDT,1716681600000,0.00010874
DOGEUSDT,1716710400000,0.0001
DOGEUSDT,1716739200000,0.0001
DOGEUSDT,1716768000000,0.0001
DOGEUSDT,1716796800000,0.0001
DOGEUSDT,1716825600000,0.00014857
DOGEUSDT,1716854400000,0.0001
DOGEUSDT,1716883200000,0.0001
DOGEUSDT,1716912000000,0.0001
DOGEUSDT,1716940800001,0.00010934
DOGEUSDT,1716969600000,0.00023355
DOGEUSDT,1716998400000,0.00018983
DOGEUSDT,1717027200000,0.00010661
DOGEUSDT,1717056000000,0.0001
DOGEUSDT,1717084800000,0.0001
DOGEUSDT,1717113600000,0.0001
DOGEUSDT,1717142400000,0.0001095
DOGEUSDT,1717171200000,0.0001
DOGEUSDT,1717200000000,0.0001
DOGEUSDT,1717228800000,0.000165
DOGEUSDT,1717257600001,0.00012866
DOGEUSDT,1717286400000,0.00014582
DOGEUSDT,1717315200000,0.00018313
DOGEUSDT,1717344000000,0.0001
DOGEUSDT,1717372800000,0.0001
DOGEUSDT,1717401600000,0.00024883
DOGEUSDT,1717430400000,0.0001
DOGEUSDT,1717459200000,0.00013674
DOGEUSDT,1717488000000,0.0001
DOGEUSDT,1717516800000,0.0001
DOGEUSDT,1717545600000,0.00019917
DOGEUSDT,1717574400000,0.00028729
DOGEUSDT,1717603200000,0.00018711
DOGEUSDT,1717632000000,0.00025164
DOGEUSDT,1717660800008,0.00022174
DOGEUSDT,1717689600000,0.00019389
DOGEUSDT,1717718400000,0.0001
DOGEUSDT,1717747200000,0.00014243
DOGEUSDT,1717776000000,0.0001
DOGEUSDT,1717804800000,0.0001
DOGEUSDT,1717833600000,0.0001
DOGEUSDT,1717862400000,0.0001
DOGEUSDT,1717891200000,0.0001
DOGEUSDT,1717920000000,0.0001
DOGEUSDT,1717948800001,0.0001
DOGEUSDT,1717977600000,0.0001
DOGEUSDT,1718006400000,0.0001
DOGEUSDT,1718035200001,0.0001
DOGEUSDT,1718064000001,0.0001
DOGEUSDT,1718092800000,0.0001
DOGEUSDT,1718121600000,0.0001
DOGEUSDT,1718150400000,0.0001
DOGEUSDT,1718179200000,0.0001
DOGEUSDT,1718208000000,0.0001
DOGEUSDT,1718236800000,0.0001
DOGEUSDT,1718265600001,0.0001
DOGEUSDT,1718294400000,0.0001
DOGEUSDT,1718323200000,0.0001
DOGEUSDT,1718352000000,0.0001
DOGEUSDT,1718380800000,0.0001
DOGEUSDT,1718409600000,0.0000269
DOGEUSDT,1718438400000,0.0001
DOGEUSDT,1718467200000,0.0000358
DOGEUSDT,1718496000001,0.0001
DOGEUSDT,1718524800000,0.0001
DOGEUSDT,1718553600000,-0.00002872
DOGEUSDT,1718582400000,0.00000128
DOGEUSDT,1718611200000,0.0001
DOGEUSDT,1718640000000,0.0001
DOGEUSDT,1718668800000,0.00001334
DOGEUSDT,1718697600000,0.00002068
DOGEUSDT,1718726400000,0.00001756
DOGEUSDT,1718755200001,-0.00004158
DOGEUSDT,1718784000001,-0.00003724
DOGEUSDT,1718812800000,0.0001
DOGEUSDT,1718841600000,-0.000033
DOGEUSDT,1718870400000,-0.00009345
DOGEUSDT,1718899200000,-0.00000435
DOGEUSDT,1718928000000,0.00005548
DOGEUSDT,1718956800000,0.00002593
DOGEUSDT,1718985600000,0.00008541
DOGEUSDT,1719014400000,0.00007799
DOGEUSDT,1719043200000,0.00006154
DOGEUSDT,1719072000000,0.00008417
DOGEUSDT,1719100800000,-0.00000209
DOGEUSDT,1719129600000,-0.00000626
DOGEUSDT,1719158400000,-0.00001829
DOGEUSDT,1719187200002,0.0001
DOGEUSDT,1719216000000,-0.00001085
DOGEUSDT,1719244800000,0.00006928
DOGEUSDT,1719273600000,0.00008361
DOGEUSDT,1719302400000,0.0001
DOGEUSDT,1719331200000,0.0001
DOGEUSDT,1719360000002,0.0001
DOGEUSDT,1719388800000,0.0001
DOGEUSDT,1719417600000,0.0001
DOGEUSDT,1719446400000,0.0001
DOGEUSDT,1719475200001,0.0001
DOGEUSDT,1719504000000,0.0001
DOGEUSDT,1719532800000,0.0001
DOGEUSDT,1719561600000,0.0001
DOGEUSDT,1719590400000,0.0001
DOGEUSDT,1719619200001,0.0001
DOGEUSDT,1719648000000,-0.00003123
DOGEUSDT,1719676800000,-0.00008573
DOGEUSDT,1719705600000,0.0001
DOGEUSDT,1719734400000,0.0000913
DOGEUSDT,1719763200000,0.0001
DOGEUSDT,1719792000000,0.0001
DOGEUSDT,1719820800000,0.0001
DOGEUSDT,1719849600001,0.0001
DOGEUSDT,1719878400000,0.0001
DOGEUSDT,1719907200000,0.0001
DOGEUSDT,1719936000000,0.0001
DOGEUSDT,1719964800000,0.0001
DOGEUSDT,1719993600001,0.00003991
DOGEUSDT,1720022400000,0.00000145
DOGEUSDT,1720051200000,0.0001
DOGEUSDT,1720080000000,0.00002148
DOGEUSDT,1720108800000,-0.00005403
DOGEUSDT,1720137600000,-0.00006291
DOGEUSDT,1720166400000,-0.00006251
DOGEUSDT,1720195200000,-0.00019883
DOGEUSDT,1720224000000,-0.00012917
DOGEUSDT,1720252800000,0.00000406
DOGEUSDT,1720281600000,0.00008033
DOGEUSDT,1720310400001,0.00002524
DOGEUSDT,1720339200000,0.00008213
DOGEUSDT,1720368000000,0.00004634
DOGEUSDT,1720396800000,0.0000564
DOGEUSDT,1720425600000,0.00001035
DOGEUSDT,1720454400000,-0.00002617
DOGEUSDT,1720483200000,0.00007855
DOGEUSDT,1720512000001,-0.00007548
DOGEUSDT,1720540800000,0.0001
DOGEUSDT,1720569600000,0.0000245
DOGEUSDT,1720598400000,0.0001
DOGEUSDT,1720627200000,0.0001
DOGEUSDT,1720656000002,-0.00004176
DOGEUSDT,1720684800002,0.0001
DOGEUSDT,1720713600004,0.0001
DOGEUSDT,1720742400000,0.00005
DOGEUSDT,1720771200000,0.00004273
DOGEUSDT,1720800000000,0.0001
DOGEUSDT,1720828800000,0.00005075
DOGEUSDT,1720857600000,0.0001
DOGEUSDT,1720886400000,0.0001
DOGEUSDT,1720915200000,0.0001
DOGEUSDT,1720944000000,0.00006053
DOGEUSDT,1720972800000,0.0001
DOGEUSDT,1721001600000,0.00009128
DOGEUSDT,1721030400000,0.00003408
DOGEUSDT,1721059200000,0.00007369
DOGEUSDT,1721088000000,0.0001
DOGEUSDT,1721116800000,0.0001
DOGEUSDT,1721145600000,0.00002105
DOGEUSDT,1721174400000,0.00009906
DOGEUSDT,1721203200001,0.0001
DOGEUSDT,1721232000000,0.0000493
DOGEUSDT,1721260800000,0.00006359
DOGEUSDT,1721289600000,0.0001
DOGEUSDT,1721318400000,0.00008978
DOGEUSDT,1721347200000,0.00002753
DOGEUSDT,1721376000000,0.0001
DOGEUSDT,1721404800000,0.0001
DOGEUSDT,1721433600001,0.0001
DOGEUSDT,1721462400000,0.0001
DOGEUSDT,1721491200000,0.0001
DOGEUSDT,1721520000000,0.0001
DOGEUSDT,1721548800000,0.0001
DOGEUSDT,1721577600000,0.00006853
DOGEUSDT,1721606400000,0.0001
DOGEUSDT,1721635200000,0.0001
DOGEUSDT,1721664000000,0.00006058
DOGEUSDT,1721692800000,0.0001
DOGEUSDT,1721721600000,0.0001
DOGEUSDT,1721750400000,0.0001
DOGEUSDT,1721779200000,0.0001
DOGEUSDT,1721808000000,0.0001
DOGEUSDT,1721836800000,0.0001
DOGEUSDT,1721865600000,0.00007262
DOGEUSDT,1721894400000,0.0000318
DOGEUSDT,1721923200000,0.0001
DOGEUSDT,1721952000000,0.0001
DOGEUSDT,1721980800000,0.0001
DOGEUSDT,1722009600000,0.0001
DOGEUSDT,1722038400000,0.00009252
DOGEUSDT,1722067200000,0.0001
DOGEUSDT,1722096000000,0.0001
DOGEUSDT,1722124800000,0.00004735
DOGEUSDT,1722153600000,0.0001
DOGEUSDT,1722182400001,0.0000324
DOGEUSDT,1722211200001,0.00003597
DOGEUSDT,1722240000000,0.00009689
DOGEUSDT,1722268800001,0.0001
DOGEUSDT,1722297600000,0.00005351
DOGEUSDT,1722326400001,0.0000643
DOGEUSDT,1722355200000,0.00007608
DOGEUSDT,1722384000000,-0.00005528
DOGEUSDT,1722412800000,0.0001
DOGEUSDT,1722441600000,0.00002253
DOGEUSDT,1722470400000,0.00003949
DOGEUSDT,1722499200000,-0.00002265
DOGEUSDT,1722528000000,0.0000331
DOGEUSDT,1722556800000,-0.00004257
DOGEUSDT,1722585600001,0.00002243
DOGEUSDT,1722614400000,0.00004881
DOGEUSDT,1722643200000,0.0001
DOGEUSDT,1722672000000,0.00009609
DOGEUSDT,1722700800001,0.00003947
DOGEUSDT,1722729600000,-0.00000314
DOGEUSDT,1722758400000,0.00008468
DOGEUSDT,1722787200000,0.00002499
DOGEUSDT,1722816000000,-0.00007356
DOGEUSDT,1722844800000,0.00001121
DOGEUSDT,1722873600000,0.00000918
DOGEUSDT,1722902400000,-0.00004654
DOGEUSDT,1722931200000,-0.00009648
DOGEUSDT,1722960000000,-0.00002877
DOGEUSDT,1722988800000,0.00005228
DOGEUSDT,1723017600001,0.00003135
DOGEUSDT,1723046400000,0.00000308
DOGEUSDT,1723075200001,0.00007317
DOGEUSDT,1723104000000,0.00008437
DOGEUSDT,1723132800000,0.00001358
DOGEUSDT,1723161600000,0.00004095
DOGEUSDT,1723190400000,0.00006341
DOGEUSDT,1723219200000,0.00008299
DOGEUSDT,1723248000000,-0.00002502
DOGEUSDT,1723276800000,0.0000372
DOGEUSDT,1723305600000,-0.00008405
DOGEUSDT,1723334400000,-0.00003824
DOGEUSDT,1723363200000,0.00003562
DOGEUSDT,1723392000001,-0.00006009
DOGEUSDT,1723420800000,-0.00002926
DOGEUSDT,1723449600000,0.00005832
DOGEUSDT,1723478400000,0.00007055
DOGEUSDT,1723507200000,0.0001
DOGEUSDT,1723536000000,-0.00000444
DOGEUSDT,1723564800000,0.00001746
DOGEUSDT,1723593600000,-0.00003662
DOGEUSDT,1723622400000,0.00002726
DOGEUSDT,1723651200000,-0.00005229
DOGEUSDT,1723680000000,0.00002515
DOGEUSDT,1723708800000,0.0001
DOGEUSDT,1723737600000,0.00005706
DOGEUSDT,1723766400000,-0.00015554
DOGEUSDT,1723795200000,0.00003605
DOGEUSDT,1723824000000,-0.00000856
DOGEUSDT,1723852800000,0.00004938
DOGEUSDT,1723881600000,0.00002113
DOGEUSDT,1723910400000,0.00006515
DOGEUSDT,1723939200000,0.0001
DOGEUSDT,1723968000000,0.00005589
DOGEUSDT,1723996800000,0.00001033
DOGEUSDT,1724025600000,-0.00001375
DOGEUSDT,1724054400000,-0.00006467
DOGEUSDT,1724083200002,0.0001
DOGEUSDT,1724112000000,-0.00005525
DOGEUSDT,1724140800000,0.0001
DOGEUSDT,1724169600001,0.00001503
DOGEUSDT,1724198400001,0.00000137
DOGEUSDT,1724227200000,0.0000227
DOGEUSDT,1724256000001,0.0001
DOGEUSDT,1724284800000,-0.00001068
DOGEUSDT,1724313600000,0.00008903
DOGEUSDT,1724342400008,0.00004446
DOGEUSDT,1724371200000,-0.00003371
DOGEUSDT,1724400000000,0.00009991
DOGEUSDT,1724428800000,0.00005888
DOGEUSDT,1724457600000,0.00003479
DOGEUSDT,1724486400005,-0.00002178
DOGEUSDT,1724515200000,0.00002894
DOGEUSDT,1724544000000,0.00003401
DOGEUSDT,1724572800000,-0.00000361
DOGEUSDT,1724601600000,-0.00000623
DOGEUSDT,1724630400000,-0.0000515
DOGEUSDT,1724659200001,0.00003413
DOGEUSDT,1724688000000,0.0001
DOGEUSDT,1724716800001,0.00005088
DOGEUSDT,1724745600000,0.0000181
DOGEUSDT,1724774400000,0.0001
DOGEUSDT,1724803200000,-0.00012923
DOGEUSDT,1724832000000,-0.00001959
DOGEUSDT,1724860800001,0.0001
DOGEUSDT,1724889600000,0.0000021
DOGEUSDT,1724918400001,-0.00013335
DOGEUSDT,1724947200000,-0.00002586
DOGEUSDT,1724976000000,-0.00000818
DOGEUSDT,1725004800000,0.0001
DOGEUSDT,1725033600000,0.00008463
DOGEUSDT,1725062400000,-0.00001298
DOGEUSDT,1725091200000,0.0001
DOGEUSDT,1725120000000,0.00003542
DOGEUSDT,1725148800000,0.0000918
DOGEUSDT,1725177600001,0.00000762
DOGEUSDT,1725206400000,-0.00003053
DOGEUSDT,1725235200001,-0.00017853
DOGEUSDT,1725264000001,-0.00001024
DOGEUSDT,1725292800000,-0.0000786
DOGEUSDT,1725321600000,0.0001
DOGEUSDT,1725350400001,0.0001
DOGEUSDT,1725379200000,0.0001
DOGEUSDT,1725408000000,-0.0000207
DOGEUSDT,1725436800000,0.00005373
DOGEUSDT,1725465600000,-0.00004307
DOGEUSDT,1725494400000,0.00004946
DOGEUSDT,1725523200000,0.00008481
DOGEUSDT,1725552000005,0.0001
DOGEUSDT,1725580800000,0.00006639
DOGEUSDT,1725609600001,-0.00001219
DOGEUSDT,1725638400000,-0.00001359
DOGEUSDT,1725667200000,-0.00008494
DOGEUSDT,1725696000000,-0.00002712
DOGEUSDT,1725724800000,-0.00005017
DOGEUSDT,1725753600000,0.0001
DOGEUSDT,1725782400000,0.0001
DOGEUSDT,1725811200000,0.0001
DOGEUSDT,1725840000000,-0.00000745
DOGEUSDT,1725868800000,0.00005155
DOGEUSDT,1725897600001,-0.00001582
DOGEUSDT,1725926400000,0.00006011
DOGEUSDT,1725955200000,-0.00000483
DOGEUSDT,1725984000000,0.0001
DOGEUSDT,1726012800000,0.00003867
DOGEUSDT,1726041600000,0.00000565
DOGEUSDT,1726070400000,-0.00002221
DOGEUSDT,1726099200000,-0.00000044
DOGEUSDT,1726128000000,0.0000005
DOGEUSDT,1726156800000,0.00004751
DOGEUSDT,1726185600000,-0.00000463
DOGEUSDT,1726214400001,0.00005295
DOGEUSDT,1726243200001,0.0001
DOGEUSDT,1726272000000,-0.00002406
DOGEUSDT,1726300800000,0.00004011
DOGEUSDT,1726329600001,0.00002315
DOGEUSDT,1726358400000,0.0001
DOGEUSDT,1726387200000,0.0000635
DOGEUSDT,1726416000000,0.00009169
DOGEUSDT,1726444800000,0.0001
DOGEUSDT,1726473600001,-0.00006784
DOGEUSDT,1726502400000,-0.00004338
DOGEUSDT,1726531200001,-0.00008579
DOGEUSDT,1726560000000,0.00004706
DOGEUSDT,1726588800000,0.00000378
DOGEUSDT,1726617600000,0.00008068
DOGEUSDT,1726646400000,0.00000045
DOGEUSDT,1726675200004,0.0001
DOGEUSDT,1726704000000,0.0001
DOGEUSDT,1726732800000,0.00007813
DOGEUSDT,1726761600001,0.00003497
DOGEUSDT,1726790400000,0.0001
DOGEUSDT,1726819200001,0.0001
DOGEUSDT,1726848000000,0.00006128
DOGEUSDT,1726876800001,0.00006299
DOGEUSDT,1726905600000,0.00008643
DOGEUSDT,1726934400000,0.0001
DOGEUSDT,1726963200000,0.00009964
DOGEUSDT,1726992000000,0.0001
DOGEUSDT,1727020800000,0.00005728
DOGEUSDT,1727049600000,0.0000169
DOGEUSDT,1727078400000,0.0001
DOGEUSDT,1727107200000,0.0001
DOGEUSDT,1727136000000,0.00004371
DOGEUSDT,1727164800000,0.0001
DOGEUSDT,1727193600001,0.0001
DOGEUSDT,1727222400000,0.0001
DOGEUSDT,1727251200003,0.00005251
DOGEUSDT,1727280000000,0.00008675
DOGEUSDT,1727308800005,0.0001
DOGEUSDT,1727337600000,0.0001
DOGEUSDT,1727366400000,0.0001
DOGEUSDT,1727395200000,0.0001
DOGEUSDT,1727424000000,0.0000886
DOGEUSDT,1727452800000,0.00008404
DOGEUSDT,1727481600000,0.00007194
DOGEUSDT,1727510400001,0.00006243
DOGEUSDT,1727539200000,0.0001
DOGEUSDT,1727568000001,0.0001
DOGEUSDT,1727596800000,0.0001
DOGEUSDT,1727625600000,0.0001
DOGEUSDT,1727654400000,0.00007794
DOGEUSDT,1727683200001,0.0001
DOGEUSDT,1727712000000,0.00007457
DOGEUSDT,1727740800000,0.000096
DOGEUSDT,1727769600000,-0.0000342
DOGEUSDT,1727798400001,0.00005517
DOGEUSDT,1727827200000,-0.00000223
DOGEUSDT,1727856000000,0.00002231
DOGEUSDT,1727884800000,0.0001
DOGEUSDT,1727913600000,0.00007026
DOGEUSDT,1727942400000,0.00002731
DOGEUSDT,1727971200000,0.00006138
DOGEUSDT,1728000000000,0.00002892
DOGEUSDT,1728028800000,0.00008559
DOGEUSDT,1728057600001,-0.00003692
DOGEUSDT,1728086400000,0.00006765
DOGEUSDT,1728115200000,0.00004454
DOGEUSDT,1728144000000,0.00002918
DOGEUSDT,1728172800000,0.0001
DOGEUSDT,1728201600001,0.0001
DOGEUSDT,1728230400000,0.0001
DOGEUSDT,1728259200000,0.0001
DOGEUSDT,1728288000000,0.00008458
DOGEUSDT,1728316800001,0.0001
DOGEUSDT,1728345600000,0.00000326
DOGEUSDT,1728374400000,0.0001
DOGEUSDT,1728403200000,0.00004281
DOGEUSDT,1728432000000,-0.0000559
DOGEUSDT,1728460800000,0.0000858
DOGEUSDT,1728489600000,0.00007108
DOGEUSDT,1728518400000,0.00006612
DOGEUSDT,1728547200000,0.0000325
DOGEUSDT,1728576000000,-0.00002826
DOGEUSDT,1728604800000,-0.00000986
DOGEUSDT,1728633600000,0.0001
DOGEUSDT,1728662400001,-0.00001872
DOGEUSDT,1728691200000,0.0001
DOGEUSDT,1728720000001,0.0001
DOGEUSDT,1728748800000,0.0001
DOGEUSDT,1728777600000,0.00009362
DOGEUSDT,1728806400000,0.0001
DOGEUSDT,1728835200000,0.0000121
DOGEUSDT,1728864000000,0.0001
DOGEUSDT,1728892800000,0.0001
DOGEUSDT,1728921600000,0.0001
DOGEUSDT,1728950400000,0.0001
DOGEUSDT,1728979200000,0.0001
DOGEUSDT,1729008000000,0.0001
DOGEUSDT,1729036800000,0.0001
DOGEUSDT,1729065600001,0.0001
DOGEUSDT,1729094400000,0.0001
DOGEUSDT,1729123200000,0.0001
DOGEUSDT,1729152000000,0.0001
DOGEUSDT,1729180800001,0.0001
DOGEUSDT,1729209600010,0.0001
DOGEUSDT,1729238400001,0.0001
DOGEUSDT,1729267200000,0.0001
DOGEUSDT,1729296000000,0.0001
DOGEUSDT,1729324800000,0.0001
DOGEUSDT,1729353600000,0.0001
DOGEUSDT,1729382400000,0.0001
DOGEUSDT,1729411200000,0.0001
DOGEUSDT,1729440000000,0.0001
DOGEUSDT,1729468800000,0.0001
DOGEUSDT,1729497600000,0.0001
DOGEUSDT,1729526400000,0.0001
DOGEUSDT,1729555200000,0.0001
DOGEUSDT,1729584000000,0.0001
DOGEUSDT,1729612800000,0.0001
DOGEUSDT,1729641600000,0.00006961
DOGEUSDT,1729670400000,0.0001
DOGEUSDT,1729699200000,0.0001
DOGEUSDT,1729728000000,0.0001
DOGEUSDT,1729756800000,0.0001
DOGEUSDT,1729785600000,0.0001
DOGEUSDT,1729814400000,0.0001
DOGEUSDT,1729843200000,0.0001
DOGEUSDT,1729872000000,0.00002071
DOGEUSDT,1729900800000,0.00005609
DOGEUSDT,1729929600001,0.0001
DOGEUSDT,1729958400000,0.0001
DOGEUSDT,1729987200000,0.0001
DOGEUSDT,1730016000000,0.0001
DOGEUSDT,1730044800000,0.0001
DOGEUSDT,1730073600000,0.0001
DOGEUSDT,1730102400001,0.0001
DOGEUSDT,1730131200000,0.0001
DOGEUSDT,1730160000000,0.0001
DOGEUSDT,1730188800000,0.0001
DOGEUSDT,1730217600004,0.0001
DOGEUSDT,1730246400000,0.0001
DOGEUSDT,1730275200000,0.0001
DOGEUSDT,1730304000013,0.0001
DOGEUSDT,1730332800000,0.0001
DOGEUSDT,1730361600000,0.0001
DOGEUSDT,1730390400000,0.0001
DOGEUSDT,1730419200000,0.0001
DOGEUSDT,1730448000000,0.0001
DOGEUSDT,1730476800000,0.0001
DOGEUSDT,1730505600000,0.0001
DOGEUSDT,1730534400000,0.0001
DOGEUSDT,1730563200000,0.00008249
DOGEUSDT,1730592000000,0.0001
DOGEUSDT,1730620800000,0.0001
DOGEUSDT,1730649600000,0.0001
DOGEUSDT,1730678400000,0.0001
DOGEUSDT,1730707200000,0.0001
DOGEUSDT,1730736000000,0.00001267
DOGEUSDT,1730764800000,0.00006048
DOGEUSDT,1730793600003,0.00005296
DOGEUSDT,1730822400001,0.0001
DOGEUSDT,1730851200000,0.0001
DOGEUSDT,1730880000000,0.0001
DOGEUSDT,1730908800000,0.0001
DOGEUSDT,1730937600000,0.0001
DOGEUSDT,1730966400000,0.00011847
DOGEUSDT,1730995200000,0.0001
DOGEUSDT,1731024000000,0.0001
DOGEUSDT,1731052800000,0.0001
DOGEUSDT,1731081600000,0.0001
DOGEUSDT,1731110400000,0.0001
DOGEUSDT,1731139200000,0.0001
DOGEUSDT,1731168000000,0.0001
DOGEUSDT,1731196800000,0.0001
DOGEUSDT,1731225600000,0.00016856
DOGEUSDT,1731254400000,0.0003804
DOGEUSDT,1731283200001,0.00029942
DOGEUSDT,1731312000000,0.00011479
DOGEUSDT,1731340800000,0.0001
DOGEUSDT,1731369600002,0.00026371
DOGEUSDT,1731398400000,0.00037443
DOGEUSDT,1731427200000,0.00033691
DOGEUSDT,1731456000000,0.00025607
DOGEUSDT,1731484800010,0.0001
DOGEUSDT,1731513600000,0.00015169
DOGEUSDT,1731542400001,0.0001
DOGEUSDT,1731571200000,0.0001
DOGEUSDT,1731600000000,0.0001
DOGEUSDT,1731628800000,0.0001
DOGEUSDT,1731657600000,0.0001
DOGEUSDT,1731686400000,0.0001
DOGEUSDT,1731715200001,0.0001
DOGEUSDT,1731744000001,0.00021024
DOGEUSDT,1731772800000,0.00034555
DOGEUSDT,1731801600000,0.00023724
DOGEUSDT,1731830400000,0.0001
DOGEUSDT,1731859200001,0.00034675
DOGEUSDT,1731888000000,0.00033668
DOGEUSDT,1731916800000,0.00040828
DOGEUSDT,1731945600000,0.0001
DOGEUSDT,1731974400000,0.00024425
DOGEUSDT,1732003200000,0.0004184
DOGEUSDT,1732032000000,0.0001
DOGEUSDT,1732060800003,0.0001025
DOGEUSDT,1732089600000,0.0001
DOGEUSDT,1732118400000,0.00014273
DOGEUSDT,1732147200001,0.0001
DOGEUSDT,1732176000000,0.0001
DOGEUSDT,1732204800001,0.0001
DOGEUSDT,1732233600000,0.00026783
DOGEUSDT,1732262400000,0.00036559
DOGEUSDT,1732291200001,0.00037518
DOGEUSDT,1732320000000,0.00035086
DOGEUSDT,1732348800000,0.00063331
DOGEUSDT,1732377600000,0.00056339
DOGEUSDT,1732406400001,0.0001
DOGEUSDT,1732435200000,0.00027602
DOGEUSDT,1732464000000,0.00024673
DOGEUSDT,1732492800000,0.0001
DOGEUSDT,1732521600000,0.0002913
DOGEUSDT,1732550400000,0.00017976
DOGEUSDT,1732579200000,0.0001
DOGEUSDT,1732608000000,0.00019826
DOGEUSDT,1732636800000,0.0001
DOGEUSDT,1732665600000,0.0001
DOGEUSDT,1732694400000,0.00013379
DOGEUSDT,1732723200001,0.0001656
DOGEUSDT,1732752000000,0.00016316
DOGEUSDT,1732780800000,0.00010132
DOGEUSDT,1732809600000,0.00010378
DOGEUSDT,1732838400000,0.00020196
DOGEUSDT,1732867200000,0.00027359
DOGEUSDT,1732896000000,0.00029969
DOGEUSDT,1732924800000,0.00030277
DOGEUSDT,1732953600000,0.00025546
DOGEUSDT,1732982400000,0.00022188
DOGEUSDT,1733011200000,0.00025873
DOGEUSDT,1733040000000,0.00022679
DOGEUSDT,1733068800000,0.00011173
DOGEUSDT,1733097600001,0.00055902
DOGEUSDT,1733126400001,0.00018994
DOGEUSDT,1733155200000,0.00011197
DOGEUSDT,1733184000000,0.00036142
DOGEUSDT,1733212800000,0.00051503
DOGEUSDT,1733241600000,0.00012244
DOGEUSDT,1733270400000,0.0004215
DOGEUSDT,1733299200000,0.00044774
DOGEUSDT,1733328000000,0.00032802
DOGEUSDT,1733356800001,0.00033226
DOGEUSDT,1733385600000,0.00070264
DOGEUSDT,1733414400000,0.00048066
DOGEUSDT,1733443200000,0.00038139
DOGEUSDT,1733472000000,0.0004284
DOGEUSDT,1733500800000,0.00011806
DOGEUSDT,1733529600000,0.00044794
DOGEUSDT,1733558400000,0.00039236
DOGEUSDT,1733587200000,0.00038653
DOGEUSDT,1733616000000,0.00066812
DOGEUSDT,1733644800000,0.00040738
DOGEUSDT,1733673600000,0.00014485
DOGEUSDT,1733702400000,0.00029186
DOGEUSDT,1733731200000,0.0001414
DOGEUSDT,1733760000001,0.0001
DOGEUSDT,1733788800007,0.0001
DOGEUSDT,1733817600000,0.0001
DOGEUSDT,1733846400000,0.0001
DOGEUSDT,1733875200000,0.00003841
DOGEUSDT,1733904000000,0.0001
DOGEUSDT,1733932800001,0.0001
DOGEUSDT,1733961600001,0.0001
DOGEUSDT,1733990400000,0.0001
DOGEUSDT,1734019200001,0.0001
DOGEUSDT,1734048000000,0.0001
DOGEUSDT,1734076800000,0.0001
DOGEUSDT,1734105600001,0.0001
DOGEUSDT,1734134400000,0.0001
DOGEUSDT,1734163200000,0.0001
DOGEUSDT,1734192000000,0.0001
DOGEUSDT,1734220800000,0.0001
DOGEUSDT,1734249600000,0.00001095
DOGEUSDT,1734278400000,0.0001
DOGEUSDT,1734307200000,0.0001
DOGEUSDT,1734336000001,0.0001
DOGEUSDT,1734364800000,0.0001
DOGEUSDT,1734393600000,0.0001
DOGEUSDT,1734422400000,0.0001
DOGEUSDT,1734451200000,0.0001
DOGEUSDT,1734480000000,0.0001
DOGEUSDT,1734508800000,0.0000274
DOGEUSDT,1734537600000,0.00006334
DOGEUSDT,1734566400000,-0.00010401
DOGEUSDT,1734595200000,0.00008173
DOGEUSDT,1734624000000,0.00003638
DOGEUSDT,1734652800000,-0.0001805
DOGEUSDT,1734681600001,0.00008079
DOGEUSDT,1734710400014,-0.0000654
DOGEUSDT,1734739200000,0.00006944
DOGEUSDT,1734768000000,-0.00011222
DOGEUSDT,1734796800001,0.00007087
DOGEUSDT,1734825600000,0.00005272
DOGEUSDT,1734854400000,0.00006972
DOGEUSDT,1734883200000,-0.00003343
DOGEUSDT,1734912000000,-0.0000171
DOGEUSDT,1734940800000,0.00002979
DOGEUSDT,1734969600001,-0.00003872
DOGEUSDT,1734998400000,0.0001
DOGEUSDT,1735027200000,0.00004579
DOGEUSDT,1735056000001,-0.00001995
DOGEUSDT,1735084800001,-0.00001967
DOGEUSDT,1735113600000,-0.00003176
DOGEUSDT,1735142400000,-0.00010236
DOGEUSDT,1735171200000,0.00007149
DOGEUSDT,1735200000000,-0.00002965
DOGEUSDT,1735228800000,0.00001776
DOGEUSDT,1735257600000,0.00002621
DOGEUSDT,1735286400000,-0.00004522
DOGEUSDT,1735315200000,-0.0000224
DOGEUSDT,1735344000001,0.00004726
DOGEUSDT,1735372800000,0.00003847
DOGEUSDT,1735401600000,0.00006029
DOGEUSDT,1735430400000,0.0001
DOGEUSDT,1735459200000,0.0001
DOGEUSDT,1735488000000,0.00009536
DOGEUSDT,1735516800000,0.00002163
DOGEUSDT,1735545600001,0.00005743
DOGEUSDT,1735574400000,0.00007798
DOGEUSDT,1735603200000,0.00009594
DOGEUSDT,1735632000000,0.00006013
DOGEUSDT,1735660800000,0.0001
DOGEUSDT,1735689600015,0.00006602
DOGEUSDT,1735718400000,0.00002596
DOGEUSDT,1735747200001,0.00005957
DOGEUSDT,1735776000000,0.0001
DOGEUSDT,1735804800006,0.0001
DOGEUSDT,1735833600000,0.0001
DOGEUSDT,1735862400000,0.00004207
DOGEUSDT,1735891200000,0.00003031
DOGEUSDT,1735920000000,0.0001
DOGEUSDT,1735948800000,0.0001
DOGEUSDT,1735977600000,0.0001
DOGEUSDT,1736006400000,0.0001
DOGEUSDT,1736035200000,0.0001
DOGEUSDT,1736064000000,0.00006344
DOGEUSDT,1736092800000,0.0001
DOGEUSDT,1736121600000,0.0001
DOGEUSDT,1736150400001,-0.0000132
DOGEUSDT,1736179200000,0.0001
DOGEUSDT,1736208000000,0.0001
DOGEUSDT,1736236800000,0.0001
DOGEUSDT,1736265600008,0.00007968
DOGEUSDT,1736294400001,-0.00017755
DOGEUSDT,1736323200000,0.0001
DOGEUSDT,1736352000000,0.0000332
DOGEUSDT,1736380800000,0.00000526
DOGEUSDT,1736409600000,0.00009592
DOGEUSDT,1736438400000,-0.00002099
DOGEUSDT,1736467200000,-0.00018591
DOGEUSDT,1736496000000,-0.00019486
DOGEUSDT,1736524800000,0.00001506
DOGEUSDT,1736553600000,-0.00016415
DOGEUSDT,1736582400000,-0.00002886
DOGEUSDT,1736611200000,-0.0000116
DOGEUSDT,1736640000000,-0.00009273
DOGEUSDT,1736668800000,-0.00008906
DOGEUSDT,1736697600000,0.00003022
DOGEUSDT,1736726400000,0.00006182
DOGEUSDT,1736755200000,-0.00001727
DOGEUSDT,1736784000000,-0.00001182
DOGEUSDT,1736812800000,0.00001734
DOGEUSDT,1736841600000,0.0001
DOGEUSDT,1736870400000,0.0000683
DOGEUSDT,1736899200000,0.00007467
DOGEUSDT,1736928000000,-0.00002833
DOGEUSDT,1736956800000,0.00001192
DOGEUSDT,1736985600000,0.00005499
DOGEUSDT,1737014400000,0.0001
DOGEUSDT,1737043200000,0.0001
DOGEUSDT,1737072000004,0.0001
DOGEUSDT,1737100800000,0.00009595
DOGEUSDT,1737129600008,0.0001
DOGEUSDT,1737158400000,0.0001
DOGEUSDT,1737187200007,0.0001
DOGEUSDT,1737216000000,0.0001
DOGEUSDT,1737244800000,0.0001
DOGEUSDT,1737273600000,0.0001
DOGEUSDT,1737302400000,0.0001
DOGEUSDT,1737331200000,0.0001
DOGEUSDT,1737360000009,0.00002597
DOGEUSDT,1737388800000,0.0001
DOGEUSDT,1737417600000,0.00005955
DOGEUSDT,1737446400000,0.00005116
DOGEUSDT,1737475200000,0.00007525
DOGEUSDT,1737504000000,0.0001
DOGEUSDT,1737532800000,0.00006478
DOGEUSDT,1737561600000,0.00001414
DOGEUSDT,1737590400001,0.00006071
DOGEUSDT,1737619200000,0.0001
DOGEUSDT,1737648000000,0.00004991
DOGEUSDT,1737676800000,0.00003191
DOGEUSDT,1737705600000,0.00002448
DOGEUSDT,1737734400000,0.00003671
DOGEUSDT,1737763200000,-0.0000058
DOGEUSDT,1737792000000,-0.00005578
DOGEUSDT,1737820800001,0.00005332
DOGEUSDT,1737849600000,0.0000674
DOGEUSDT,1737878400000,0.00000905
DOGEUSDT,1737907200000,-0.00008469
DOGEUSDT,1737936000000,-0.00009788
DOGEUSDT,1737964800000,-0.00000232
DOGEUSDT,1737993600000,-0.00015045
DOGEUSDT,1738022400000,0.00003307
DOGEUSDT,1738051200000,-0.00002335
DOGEUSDT,1738080000000,-0.00001256
DOGEUSDT,1738108800000,0.00006265
DOGEUSDT,1738137600000,0.0001
DOGEUSDT,1738166400000,0.00007889
DOGEUSDT,1738195200000,0.00000016
DOGEUSDT,1738224000000,0.0001
DOGEUSDT,1738252800000,0.00005076
DOGEUSDT,1738281600000,0.00003961
DOGEUSDT,1738310400000,-0.00000564
DOGEUSDT,1738339200000,0.0001
DOGEUSDT,1738368000000,-0.0000071
DOGEUSDT,1738396800000,0.0001
DOGEUSDT,1738425600000,0.00007055
DOGEUSDT,1738454400001,0.00003134
DOGEUSDT,1738483200000,0.00001549
DOGEUSDT,1738512000000,0.00003098
DOGEUSDT,1738540800000,0.00002403
DOGEUSDT,1738569600000,-0.00010187
DOGEUSDT,1738598400000,-0.00005983
DOGEUSDT,1738627200000,-0.00005581
DOGEUSDT,1738656000001,0.00002422
DOGEUSDT,1738684800000,-0.0000399
DOGEUSDT,1738713600001,0.00003745
DOGEUSDT,1738742400001,0.00006536
DOGEUSDT,1738771200000,-0.00000196
DOGEUSDT,1738800000001,0.00005572
DOGEUSDT,1738828800001,-0.00001787
DOGEUSDT,1738857600000,0.00007498
DOGEUSDT,1738886400000,-0.00011729
DOGEUSDT,1738915200000,0.00004669
DOGEUSDT,1738944000000,0.00000445
DOGEUSDT,1738972800000,-0.00004178
DOGEUSDT,1739001600000,0.0001
DOGEUSDT,1739030400000,0.00009105
DOGEUSDT,1739059200000,0.00000003
DOGEUSDT,1739088000000,-0.00002886
DOGEUSDT,1739116800000,0.00006574
DOGEUSDT,1739145600000,0.00001084
DOGEUSDT,1739174400000,0.00009046
DOGEUSDT,1739203200000,0.0000931
DOGEUSDT,1739232000000,0.00009598
DOGEUSDT,1739260800000,0.00004309
DOGEUSDT,1739289600000,0.0000425
DOGEUSDT,1739318400000,-0.000112
DOGEUSDT,1739347200000,-0.00005029
DOGEUSDT,1739376000001,0.0001
DOGEUSDT,1739404800001,0.00009687
DOGEUSDT,1739433600000,0.00007034
DOGEUSDT,1739462400001,-0.00003787
DOGEUSDT,1739491200000,-0.00000066
DOGEUSDT,1739520000001,0.0001
DOGEUSDT,1739548800000,0.0000849
DOGEUSDT,1739577600000,0.00001818
DOGEUSDT,1739606400000,0.00003354
DOGEUSDT,1739635200000,-0.00005366
DOGEUSDT,1739664000000,-0.00000424
DOGEUSDT,1739692800000,-0.00006827
DOGEUSDT,1739721600000,-0.00004749
DOGEUSDT,1739750400000,0.00002204
DOGEUSDT,1739779200000,0.00001968
DOGEUSDT,1739808000000,-0.00002994
DOGEUSDT,1739836800000,0.00002887
DOGEUSDT,1739865600000,-0.00002204
DOGEUSDT,1739894400000,-0.00003458
DOGEUSDT,1739923200000,0.00001151
DOGEUSDT,1739952000000,-0.00002711
DOGEUSDT,1739980800000,0.00003284
DOGEUSDT,1740009600000,0.00000846
DOGEUSDT,1740038400000,-0.00001337
DOGEUSDT,1740067200000,0.0000685
DOGEUSDT,1740096000001,-0.00005792
DOGEUSDT,1740124800000,0.00005321
DOGEUSDT,1740153600000,-0.00002118
DOGEUSDT,1740182400000,0.0001
DOGEUSDT,1740211200000,-0.00004646
DOGEUSDT,1740240000000,-0.00001782
DOGEUSDT,1740268800000,0.00004317
DOGEUSDT,1740297600000,0.00001862
DOGEUSDT,1740326400000,0.00002548
DOGEUSDT,1740355200000,-0.00001409
DOGEUSDT,1740384000000,-0.00008327
DOGEUSDT,1740412800000,0.00003687
DOGEUSDT,1740441600000,0.00006126
DOGEUSDT,1740470400000,-0.00002265
DOGEUSDT,1740499200000,0.00000879
DOGEUSDT,1740528000000,-0.0000535
DOGEUSDT,1740556800000,-0.00003895
DOGEUSDT,1740585600000,0.00005034
DOGEUSDT,1740614400001,0.00009162
DOGEUSDT,1740643200000,0.00009222
DOGEUSDT,1740672000000,0.0001
DOGEUSDT,1740700800001,-0.00001482
DOGEUSDT,1740729600000,0.00001605
DOGEUSDT,1740758400000,-0.00007845
DOGEUSDT,1740787200000,0.0001
DOGEUSDT,1740816000000,0.00004566
DOGEUSDT,1740844800001,0.00008653
DOGEUSDT,1740873600000,0.00001686
DOGEUSDT,1740902400000,0.00009159
DOGEUSDT,1740931200000,-0.000008
DOGEUSDT,1740960000001,-0.00003283
DOGEUSDT,1740988800000,-0.00000255
DOGEUSDT,1741017600000,-0.00011526
DOGEUSDT,1741046400001,-0.00008714
DOGEUSDT,1741075200005,-0.00004883
DOGEUSDT,1741104000000,-0.00003808
DOGEUSDT,1741132800000,0.00000444
DOGEUSDT,1741161600000,0.00000662
DOGEUSDT,1741190400000,0.00001343
DOGEUSDT,1741219200000,0.00003394
DOGEUSDT,1741248000001,0.0000154
DOGEUSDT,1741276800000,0.00001039
DOGEUSDT,1741305600000,-0.00010773
DOGEUSDT,1741334400001,0.00000571
DOGEUSDT,1741363200000,0.00009391
DOGEUSDT,1741392000000,0.00004618
DOGEUSDT,1741420800001,-0.00001988
DOGEUSDT,1741449600001,0.0000532
DOGEUSDT,1741478400001,-0.00003055
DOGEUSDT,1741507200000,0.00006688
DOGEUSDT,1741536000000,-0.00000576
DOGEUSDT,1741564800000,-0.00002664
DOGEUSDT,1741593600000,-0.00004717
DOGEUSDT,1741622400000,-0.00002274
DOGEUSDT,1741651200000,-0.00002727
DOGEUSDT,1741680000000,-0.00000733
DOGEUSDT,1741708800001,0.00007443
DOGEUSDT,1741737600000,0.00003982
DOGEUSDT,1741766400000,0.00007204
DOGEUSDT,1741795200001,-0.00002744
DOGEUSDT,1741824000000,-0.00000324
DOGEUSDT,1741852800000,0.00000047
DOGEUSDT,1741881600000,0.0001
DOGEUSDT,1741910400000,0.00002479
DOGEUSDT,1741939200000,0.0001
DOGEUSDT,1741968000000,0.00009059
DOGEUSDT,1741996800000,0.00003243
DOGEUSDT,1742025600000,0.00003265
DOGEUSDT,1742054400000,0.00004728
DOGEUSDT,1742083200000,-0.00000188
DOGEUSDT,1742112000000,0.00005701
DOGEUSDT,1742140800000,-0.00003554
DOGEUSDT,1742169600000,0.00000456
DOGEUSDT,1742198400000,0.00005262
DOGEUSDT,1742227200000,-0.00000389
DOGEUSDT,1742256000000,0.00002958
DOGEUSDT,1742284800000,-0.00006937
DOGEUSDT,1742313600000,-0.00008257
DOGEUSDT,1742342400000,-0.00004478
DOGEUSDT,1742371200000,0.00006252
DOGEUSDT,1742400000000,0.00007422
DOGEUSDT,1742428800000,0.0001
DOGEUSDT,1742457600000,0.0000803
DOGEUSDT,1742486400000,-0.00002773
DOGEUSDT,1742515200000,-0.00003535
DOGEUSDT,1742544000000,0.0000285
DOGEUSDT,1742572800000,-0.00009148
DOGEUSDT,1742601600000,-0.00003412
DOGEUSDT,1742630400004,0.0000094
DOGEUSDT,1742659200000,0.00003231
DOGEUSDT,1742688000000,-0.000011
DOGEUSDT,1742716800000,0.00007409
DOGEUSDT,1742745600000,0.0001
DOGEUSDT,1742774400000,0.00008735
DOGEUSDT,1742803200000,0.0001
DOGEUSDT,1742832000000,0.00009763
DOGEUSDT,1742860800001,0.0001
DOGEUSDT,1742889600000,0.00007345
DOGEUSDT,1742918400000,-0.00002949
DOGEUSDT,1742947200000,0.00009861
DOGEUSDT,1742976000000,0.00003331
DOGEUSDT,1743004800001,0.00006148
DOGEUSDT,1743033600001,-0.00000666
DOGEUSDT,1743062400001,-0.00000686
DOGEUSDT,1743091200002,-0.00001026
DOGEUSDT,1743120000001,0.00000415
DOGEUSDT,1743148800001,0.00006002
DOGEUSDT,1743177600000,-0.0000191
DOGEUSDT,1743206400000,0.00003609
DOGEUSDT,1743235200000,0.00006656
DOGEUSDT,1743264000000,-0.00003712
DOGEUSDT,1743292800000,-0.00005591
DOGEUSDT,1743321600000,-0.00006651
DOGEUSDT,1743350400000,0.0000072
DOGEUSDT,1743379200000,-0.0000463
DOGEUSDT,1743408000000,0.00001743
DOGEUSDT,1743436800000,0.00000983
DOGEUSDT,1743465600000,0.00004656
DOGEUSDT,1743494400001,-0.00005361
DOGEUSDT,1743523200000,0.0000416
DOGEUSDT,1743552000001,0.00004565
DOGEUSDT,1743580800000,0.00006944
DOGEUSDT,1743609600000,0.00002182
DOGEUSDT,1743638400000,0.0000215
DOGEUSDT,1743667200000,0.00004423
DOGEUSDT,1743696000000,-0.00005321
DOGEUSDT,1743724800000,-0.0000649
DOGEUSDT,1743753600000,0.00002396
DOGEUSDT,1743782400000,0.00008733
DOGEUSDT,1743811200000,0.0001
DOGEUSDT,1743840000000,0.0001
DOGEUSDT,1743868800000,0.0000817
DOGEUSDT,1743897600000,0.00008467
DOGEUSDT,1743926400000,0.0000413
DOGEUSDT,1743955200002,-0.00006233
DOGEUSDT,1743984000000,-0.00000859
DOGEUSDT,1744012800000,0.00001767
DOGEUSDT,1744041600000,-0.00002563
DOGEUSDT,1744070400000,0.00002442
DOGEUSDT,1744099200000,-0.00000717
DOGEUSDT,1744128000000,0.0000395
DOGEUSDT,1744156800000,0.00003469
DOGEUSDT,1744185600001,-0.00005687
DOGEUSDT,1744214400000,0.00007463
DOGEUSDT,1744243200000,0.0001
DOGEUSDT,1744272000000,0.00001686
DOGEUSDT,1744300800000,0.00000518
DOGEUSDT,1744329600001,0.00003796
DOGEUSDT,1744358400000,0.00005386
DOGEUSDT,1744387200000,0.0001
DOGEUSDT,1744416000000,0.00009133
DOGEUSDT,1744444800001,0.00004817
DOGEUSDT,1744473600000,0.00004416
DOGEUSDT,1744502400000,0.00002638
DOGEUSDT,1744531200000,0.0001
DOGEUSDT,1744560000000,0.00006797
DOGEUSDT,1744588800000,0.0001
DOGEUSDT,1744617600000,0.0000222
DOGEUSDT,1744646400000,-0.00001435
DOGEUSDT,1744675200000,-0.0001205
DOGEUSDT,1744704000000,-0.00007629
DOGEUSDT,1744732800001,-0.00004331
DOGEUSDT,1744761600000,-0.0000127
DOGEUSDT,1744790400000,-0.00001894
DOGEUSDT,1744819200000,-0.00001668
DOGEUSDT,1744848000001,0.00004938
DOGEUSDT,1744876800000,0.00004145
DOGEUSDT,1744905600001,-0.00001745
DOGEUSDT,1744934400000,0.00000413
DOGEUSDT,1744963200000,-0.00000792
DOGEUSDT,1744992000000,0.00005041
DOGEUSDT,1745020800000,0.0001
DOGEUSDT,1745049600000,0.0001
DOGEUSDT,1745078400000,0.00007601
DOGEUSDT,1745107200000,0.00007828
DOGEUSDT,1745136000000,0.0001
DOGEUSDT,1745164800000,-0.0000754
DOGEUSDT,1745193600000,0.00000889
DOGEUSDT,1745222400005,0.0001
DOGEUSDT,1745251200003,0.0001
DOGEUSDT,1745280000008,0.00008131
DOGEUSDT,1745308800000,0.0001
DOGEUSDT,1745337600000,0.0001
DOGEUSDT,1745366400000,0.0001
DOGEUSDT,1745395200002,0.0001
DOGEUSDT,1745424000000,0.0001
DOGEUSDT,1745452800000,0.0001
DOGEUSDT,1745481600001,0.0001
DOGEUSDT,1745510400001,0.00006561
DOGEUSDT,1745539200007,0.0001
DOGEUSDT,1745568000002,0.0001
DOGEUSDT,1745596800003,0.0000668
DOGEUSDT,1745625600002,0.00009774
DOGEUSDT,1745654400000,0.00000882
DOGEUSDT,1745683200002,0.00002243
DOGEUSDT,1745712000001,-0.00007611
DOGEUSDT,1745740800000,0.00007464
DOGEUSDT,1745769600000,0.00006479
DOGEUSDT,1745798400001,0.00003706
DOGEUSDT,1745827200003,0.00008078
DOGEUSDT,1745856000005,-0.00005958
DOGEUSDT,1745884800000,0.00003774
DOGEUSDT,1745913600000,0.0001
DOGEUSDT,1745942400010,0.00001163
DOGEUSDT,1745971200001,-0.00008768
DOGEUSDT,1746000000000,-0.00006965
DOGEUSDT,1746028800003,-0.00008174
DOGEUSDT,1746057600000,0.0000167
DOGEUSDT,1746086400000,0.00007872
DOGEUSDT,1746115200001,0.0001
DOGEUSDT,1746144000000,0.0001
DOGEUSDT,1746172800000,0.00006873
DOGEUSDT,1746201600003,0.00006792
DOGEUSDT,1746230400000,0.00004762
DOGEUSDT,1746259200000,0.00001327
DOGEUSDT,1746288000000,0.00004606
DOGEUSDT,1746316800001,0.00000944
DOGEUSDT,1746345600001,-0.00000994
DOGEUSDT,1746374400002,-0.00001556
DOGEUSDT,1746403200000,-0.00007879
DOGEUSDT,1746432000000,-0.00003963
DOGEUSDT,1746460800006,-0.00008009
DOGEUSDT,1746489600002,-0.00001072
DOGEUSDT,1746518400005,0.00001705
DOGEUSDT,1746547200000,0.00001691
DOGEUSDT,1746576000002,0.00007112
DOGEUSDT,1746604800000,0.00005421
DOGEUSDT,1746633600006,0.00005902
DOGEUSDT,1746662400000,0.00004074
DOGEUSDT,1746691200001,0.0001
DOGEUSDT,1746720000002,0.0001
DOGEUSDT,1746748800001,0.0001
DOGEUSDT,1746777600006,0.0001
DOGEUSDT,1746806400000,0.0001
DOGEUSDT,1746835200001,0.0001
DOGEUSDT,1746864000000,0.0001
DOGEUSDT,1746892800001,0.0001
DOGEUSDT,1746921600000,0.0001
DOGEUSDT,1746950400001,0.0001
DOGEUSDT,1746979200001,0.00005785
DOGEUSDT,1747008000004,0.00003834
DOGEUSDT,1747036800000,0.00008624
DOGEUSDT,1747065600000,0.0001
DOGEUSDT,1747094400000,0.00000217
DOGEUSDT,1747123200008,0.00009248
DOGEUSDT,1747152000001,0.00009394
DOGEUSDT,1747180800007,0.0001
DOGEUSDT,1747209600000,0.0001
DOGEUSDT,1747238400002,0.00005801
DOGEUSDT,1747267200000,0.00008215
DOGEUSDT,1747296000003,0.00008267
DOGEUSDT,1747324800000,-0.00001668
DOGEUSDT,1747353600001,-0.00004912
DOGEUSDT,1747382400000,0.00001871
DOGEUSDT,1747411200000,0.00009839
DOGEUSDT,1747440000000,0.0000192
DOGEUSDT,1747468800001,-0.00004771
DOGEUSDT,1747497600004,0.00002338
DOGEUSDT,1747526400000,0.00002615
DOGEUSDT,1747555200000,-0.00001153
DOGEUSDT,1747584000000,0.0001
DOGEUSDT,1747612800000,0.00008583
DOGEUSDT,1747641600006,-0.00006235
DOGEUSDT,1747670400010,-0.00006722
DOGEUSDT,1747699200000,0.0001
DOGEUSDT,1747728000002,0.00008232
DOGEUSDT,1747756800000,-0.00006344
DOGEUSDT,1747785600000,0.0001
DOGEUSDT,1747814400001,0.0001
DOGEUSDT,1747843200004,0.00005136
DOGEUSDT,1747872000001,0.0001
DOGEUSDT,1747900800000,0.0001
DOGEUSDT,1747929600002,0.0001
DOGEUSDT,1747958400006,0.0001
DOGEUSDT,1747987200000,0.0001
DOGEUSDT,1748016000007,0.00002259
DOGEUSDT,1748044800010,0.00008052
DOGEUSDT,1748073600000,-0.0000439
DOGEUSDT,1748102400003,-0.00009352
DOGEUSDT,1748131200004,-0.00005088
DOGEUSDT,1748160000000,-0.0000104
DOGEUSDT,1748188800000,0.00001095
DOGEUSDT,1748217600000,0.00001289
DOGEUSDT,1748246400000,0.00002939
DOGEUSDT,1748275200002,0.00009827
DOGEUSDT,1748304000003,0.00006561
DOGEUSDT,1748332800001,0.0001
DOGEUSDT,1748361600005,0.0001
DOGEUSDT,1748390400002,0.0000318
DOGEUSDT,1748419200003,0.00000857
DOGEUSDT,1748448000002,0.00000104
DOGEUSDT,1748476800000,0.00003144
DOGEUSDT,1748505600006,0.0001
DOGEUSDT,1748534400000,0.0001
DOGEUSDT,1748563200003,-0.00004292
DOGEUSDT,1748592000003,0.00004087
DOGEUSDT,1748620800000,0.00003287
DOGEUSDT,1748649600000,0.00005564
DOGEUSDT,1748678400000,0.00003884
DOGEUSDT,1748707200000,0.00002822
DOGEUSDT,1748736000001,-0.00001869
DOGEUSDT,1748764800002,-0.00003376
DOGEUSDT,1748793600000,0.00007042
DOGEUSDT,1748822400001,0.00007157
DOGEUSDT,1748851200000,0.00005424
DOGEUSDT,1748880000000,0.00007448
DOGEUSDT,1748908800000,0.0001
DOGEUSDT,1748937600000,0.00001244
DOGEUSDT,1748966400001,0.00002866
DOGEUSDT,1748995200000,0.00006535
DOGEUSDT,1749024000000,0.0001
DOGEUSDT,1749052800000,0.000014
DOGEUSDT,1749081600016,0.00003909
DOGEUSDT,1749110400000,0.00006495
DOGEUSDT,1749139200000,0.00008145
DOGEUSDT,1749168000002,-0.00006883
DOGEUSDT,1749196800000,-0.00002465
DOGEUSDT,1749225600006,0.00006223
DOGEUSDT,1749254400000,0.00007779
DOGEUSDT,1749283200000,0.00000517
DOGEUSDT,1749312000002,0.00008656
DOGEUSDT,1749340800000,-0.00000223
DOGEUSDT,1749369600000,0.00004005
DOGEUSDT,1749398400000,0.00001457
DOGEUSDT,1749427200000,0.00006928
DOGEUSDT,1749456000001,0.00001615
DOGEUSDT,1749484800001,0.00006878
DOGEUSDT,1749513600000,0.0001
DOGEUSDT,1749542400001,0.0001
DOGEUSDT,1749571200003,0.00004141
DOGEUSDT,1749600000000,0.0001
DOGEUSDT,1749628800000,0.0001
DOGEUSDT,1749657600010,0.00008119
DOGEUSDT,1749686400002,0.00002046
DOGEUSDT,1749715200003,0.00001603
DOGEUSDT,1749744000001,0.0000028
DOGEUSDT,1749772800000,0.00001933
DOGEUSDT,1749801600001,-0.00003676
DOGEUSDT,1749830400004,0.00002656
DOGEUSDT,1749859200000,0.00009142
DOGEUSDT,1749888000000,0.00002512
DOGEUSDT,1749916800000,0.00008163
DOGEUSDT,1749945600005,0.00005489
DOGEUSDT,1749974400009,0.00006502
DOGEUSDT,1750003200000,0.00001474
DOGEUSDT,1750032000000,0.00003646
DOGEUSDT,1750060800000,0.00004797
DOGEUSDT,1750089600003,0.00005295
DOGEUSDT,1750118400000,0.00002398
DOGEUSDT,1750147200006,0.00005482
DOGEUSDT,1750176000001,0.0000274
DOGEUSDT,1750204800001,0.00006803
DOGEUSDT,1750233600001,0.0001
DOGEUSDT,1750262400001,0.0000746
DOGEUSDT,1750291200005,0.00005951
DOGEUSDT,1750320000003,0.00007045
DOGEUSDT,1750348800000,0.00003004
DOGEUSDT,1750377600000,0.00006766
DOGEUSDT,1750406400002,0.00003808
DOGEUSDT,1750435200001,-0.00000501
DOGEUSDT,1750464000002,-0.00003937
DOGEUSDT,1750492800005,0.00006688
DOGEUSDT,1750521600000,-0.00000545
DOGEUSDT,1750550400005,0.0000062
DOGEUSDT,1750579200000,0.0001
DOGEUSDT,1750608000003,0.00001954
DOGEUSDT,1750636800000,0.00004515
DOGEUSDT,1750665600004,0.00000748
DOGEUSDT,1750694400013,-0.00000451
DOGEUSDT,1750723200003,0.00006537
DOGEUSDT,1750752000000,0.00001241
DOGEUSDT,1750780800000,0.00002437
DOGEUSDT,1750809600005,0.00003345
DOGEUSDT,1750838400000,0.00006808
DOGEUSDT,1750867200005,0.00004294
DOGEUSDT,1750896000000,0.00006114
DOGEUSDT,1750924800006,-0.00005207
DOGEUSDT,1750953600007,0.00000242
DOGEUSDT,1750982400000,0.0000786
DOGEUSDT,1751011200000,0.00007156
DOGEUSDT,1751040000009,-0.0000455
DOGEUSDT,1751068800001,0.00008521
DOGEUSDT,1751097600002,0.00009424
DOGEUSDT,1751126400000,0.00002765
DOGEUSDT,1751155200004,0.0000126
DOGEUSDT,1751184000001,0.0000653
DOGEUSDT,1751212800001,-0.00003892
DOGEUSDT,1751241600000,0.00009942
DOGEUSDT,1751270400005,0.00006437
DOGEUSDT,1751299200002,0.00001407
DOGEUSDT,1751328000007,0.00006636
DOGEUSDT,1751356800002,0.0000771
DOGEUSDT,1751385600000,0.00000845
DOGEUSDT,1751414400001,-0.00006097
DOGEUSDT,1751443200000,-0.00000559
DOGEUSDT,1751472000003,0.0001
DOGEUSDT,1751500800006,0.0001
DOGEUSDT,1751529600003,0.0001
DOGEUSDT,1751558400003,0.0001
DOGEUSDT,1751587200005,0.00007379
DOGEUSDT,1751616000003,0.00009048
DOGEUSDT,1751644800001,-0.00002565
DOGEUSDT,1751673600004,-0.00007207
DOGEUSDT,1751702400009,-0.00003317
DOGEUSDT,1751731200006,0.0000602
DOGEUSDT,1751760000001,-0.00002326
DOGEUSDT,1751788800002,0.00001653
DOGEUSDT,1751817600004,0.0001
DOGEUSDT,1751846400000,0.0001
DOGEUSDT,1751875200007,0.0001
DOGEUSDT,1751904000000,0.0000103
DOGEUSDT,1751932800010,-0.00000032
DOGEUSDT,1751961600003,0.00004338
DOGEUSDT,1751990400000,0.00008556
DOGEUSDT,1752019200002,0.0001
DOGEUSDT,1752048000006,0.00007082
DOGEUSDT,1752076800001,0.0001
DOGEUSDT,1752105600003,0.0001
DOGEUSDT,1752134400000,0.0001
DOGEUSDT,1752163200004,0.0001
DOGEUSDT,1752192000004,0.0001
DOGEUSDT,1752220800007,0.0001
DOGEUSDT,1752249600001,0.0001
DOGEUSDT,1752278400000,0.0001
DOGEUSDT,1752307200001,0.0001
DOGEUSDT,1752336000002,0.0001
DOGEUSDT,1752364800006,0.0001
DOGEUSDT,1752393600001,0.0001
DOGEUSDT,1752422400003,0.00006117
DOGEUSDT,1752451200000,0.0000944
DOGEUSDT,1752480000000,0.0001
DOGEUSDT,1752508800000,0.0001
DOGEUSDT,1752537600002,0.0001
DOGEUSDT,1752566400000,0.0001
DOGEUSDT,1752595200000,0.00006227
DOGEUSDT,1752624000000,0.0001
DOGEUSDT,1752652800000,0.0001
DOGEUSDT,1752681600008,0.0001
DOGEUSDT,1752710400003,0.0001
DOGEUSDT,1752739200000,0.0001
DOGEUSDT,1752768000000,0.0001
DOGEUSDT,1752796800004,0.0001
DOGEUSDT,1752825600000,0.0001
DOGEUSDT,1752854400000,0.0001
DOGEUSDT,1752883200009,0.0001
DOGEUSDT,1752912000000,0.0001
DOGEUSDT,1752940800002,0.0001
DOGEUSDT,1752969600000,0.0001
DOGEUSDT,1752998400000,0.0001
DOGEUSDT,1753027200000,0.0001
DOGEUSDT,1753056000001,0.0001
DOGEUSDT,1753084800000,0.0001
DOGEUSDT,1753113600001,0.0001
DOGEUSDT,1753142400000,0.0001
DOGEUSDT,1753171200010,0.0001
DOGEUSDT,1753200000007,0.0001
DOGEUSDT,1753228800000,0.0001
DOGEUSDT,1753257600004,0.0001
DOGEUSDT,1753286400002,0.0001
DOGEUSDT,1753315200000,0.0001
DOGEUSDT,1753344000001,0.0001
DOGEUSDT,1753372800000,0.0001
DOGEUSDT,1753401600000,0.0001
DOGEUSDT,1753430400000,0.0001
DOGEUSDT,1753459200000,0.0001
DOGEUSDT,1753488000001,0.0001
DOGEUSDT,1753516800005,0.0001
DOGEUSDT,1753545600001,0.0001
DOGEUSDT,1753574400001,0.0001
DOGEUSDT,1753603200000,0.0001
DOGEUSDT,1753632000008,0.00008689
DOGEUSDT,1753660800005,0.0001
DOGEUSDT,1753689600000,0.0001
DOGEUSDT,1753718400000,0.0001
DOGEUSDT,1753747200001,0.00006002
DOGEUSDT,1753776000000,0.00000026
DOGEUSDT,1753804800000,0.00005355
DOGEUSDT,1753833600011,0.00008098
DOGEUSDT,1753862400000,0.00005904
DOGEUSDT,1753891200008,0.00004271
DOGEUSDT,1753920000000,0.0000953
DOGEUSDT,1753948800009,0.0001
DOGEUSDT,1753977600000,0.00003944
DOGEUSDT,1754006400001,0.00007237
DOGEUSDT,1754035200003,0.00006515
DOGEUSDT,1754064000000,0.00007968
DOGEUSDT,1754092800004,0.00002347
DOGEUSDT,1754121600000,0.00007798
DOGEUSDT,1754150400000,0.00007945
DOGEUSDT,1754179200000,0.00006425
DOGEUSDT,1754208000000,0.00001531
DOGEUSDT,1754236800003,0.00008074
DOGEUSDT,1754265600004,0.0000936
DOGEUSDT,1754294400000,0.00002434
DOGEUSDT,1754323200002,0.0000407
DOGEUSDT,1754352000000,0.0000165
DOGEUSDT,1754380800000,0.00008275
DOGEUSDT,1754409600000,0.00001607
DOGEUSDT,1754438400005,-0.00001167
DOGEUSDT,1754467200000,0.00002198
DOGEUSDT,1754496000000,0.00006671
DOGEUSDT,1754524800003,0.0001
DOGEUSDT,1754553600002,0.0001
DOGEUSDT,1754582400002,0.0001
DOGEUSDT,1754611200002,0.0000461
DOGEUSDT,1754640000004,0.0001
DOGEUSDT,1754668800000,0.0000965
DOGEUSDT,1754697600005,0.00005213
DOGEUSDT,1754726400000,0.00002556
DOGEUSDT,1754755200007,0.0000999
DOGEUSDT,1754784000003,0.00009793
DOGEUSDT,1754812800005,0.0001
DOGEUSDT,1754841600002,0.0001
DOGEUSDT,1754870400000,0.0001
DOGEUSDT,1754899200000,0.00007432
DOGEUSDT,1754928000000,0.0001
DOGEUSDT,1754956800000,0.0001
DOGEUSDT,1754985600001,0.0001
DOGEUSDT,1755014400005,0.00004695
DOGEUSDT,1755043200000,0.0001
DOGEUSDT,1755072000002,0.0001
DOGEUSDT,1755100800006,0.0001
DOGEUSDT,1755129600002,0.0001
DOGEUSDT,1755158400003,0.0001
DOGEUSDT,1755187200000,0.0001
DOGEUSDT,1755216000000,-0.00006509
DOGEUSDT,1755244800000,-0.00002987
DOGEUSDT,1755273600000,0.0001
DOGEUSDT,1755302400004,0.00002897
DOGEUSDT,1755331200000,0.0001
DOGEUSDT,1755360000002,0.00008389
DOGEUSDT,1755388800000,-0.00000512
DOGEUSDT,1755417600001,0.0001
DOGEUSDT,1755446400007,0.00006571
DOGEUSDT,1755475200000,0.00003039
DOGEUSDT,1755504000001,0.0000071
DOGEUSDT,1755532800002,-0.0000396
DOGEUSDT,1755561600000,-0.00001654
DOGEUSDT,1755590400001,0.00008678
DOGEUSDT,1755619200000,0.00006159
DOGEUSDT,1755648000000,0.0001
DOGEUSDT,1755676800000,0.00002249
DOGEUSDT,1755705600000,0.0000349
DOGEUSDT,1755734400006,0.000051
DOGEUSDT,1755763200000,0.0001
DOGEUSDT,1755792000003,0.00008069
DOGEUSDT,1755820800010,0.0001
DOGEUSDT,1755849600007,0.00007351
DOGEUSDT,1755878400001,0.00008114
DOGEUSDT,1755907200004,0.0001
DOGEUSDT,1755936000006,0.0001
DOGEUSDT,1755964800000,0.0001
DOGEUSDT,1755993600001,0.0001
DOGEUSDT,1756022400002,0.0001
DOGEUSDT,1756051200001,0.00007277
DOGEUSDT,1756080000000,0.00009743
DOGEUSDT,1756108800002,0.00004991
DOGEUSDT,1756137600002,-0.00002219
DOGEUSDT,1756166400000,-0.00009169
DOGEUSDT,1756195200000,-0.00003787
DOGEUSDT,1756224000000,-0.00004269
DOGEUSDT,1756252800003,0.00007187
DOGEUSDT,1756281600000,0.0001
DOGEUSDT,1756310400009,0.0001
DOGEUSDT,1756339200000,0.0001
DOGEUSDT,1756368000005,0.0001
DOGEUSDT,1756396800004,0.0001
DOGEUSDT,1756425600000,0.0001
DOGEUSDT,1756454400000,0.00009185
DOGEUSDT,1756483200005,0.00007561
DOGEUSDT,1756512000000,0.00001584
DOGEUSDT,1756540800002,0.0001
DOGEUSDT,1756569600003,0.0001
DOGEUSDT,1756598400016,0.0001
DOGEUSDT,1756627200000,0.0001
DOGEUSDT,1756656000001,0.0001
DOGEUSDT,1756684800000,0.0000989
DOGEUSDT,1756713600000,0.00005901
DOGEUSDT,1756742400001,0.0001
DOGEUSDT,1756771200000,0.00000992
DOGEUSDT,1756800000005,0.0001
DOGEUSDT,1756828800007,0.00009922
DOGEUSDT,1756857600006,0.0001
DOGEUSDT,1756886400002,0.0001
DOGEUSDT,1756915200002,0.0001
DOGEUSDT,1756944000002,0.0001
DOGEUSDT,1756972800000,0.0000584
DOGEUSDT,1757001600000,0.00002616
DOGEUSDT,1757030400001,0.00001315
DOGEUSDT,1757059200006,0.0001
DOGEUSDT,1757088000000,0.0000907
DOGEUSDT,1757116800000,0.0001
DOGEUSDT,1757145600005,0.00008947
DOGEUSDT,1757174400000,-0.00002299
DOGEUSDT,1757203200000,-0.00000056
DOGEUSDT,1757232000000,0.0001
DOGEUSDT,1757260800000,0.0001
DOGEUSDT,1757289600007,0.00009278
DOGEUSDT,1757318400000,0.00008476
DOGEUSDT,1757347200000,0.0001
DOGEUSDT,1757376000000,0.0001
DOGEUSDT,1757404800000,0.0001
DOGEUSDT,1757433600000,0.0001
DOGEUSDT,1757462400000,0.00004374
DOGEUSDT,1757491200002,0.00005444
DOGEUSDT,1757520000000,0.0001
DOGEUSDT,1757548800000,0.00006962
DOGEUSDT,1757577600000,0.0001
DOGEUSDT,1757606400001,0.0000114
DOGEUSDT,1757635200002,0.0000604
DOGEUSDT,1757664000001,0.0001
DOGEUSDT,1757692800005,0.0001
DOGEUSDT,1757721600005,0.0001
DOGEUSDT,1757750400002,0.0001
DOGEUSDT,1757779200000,0.0001
DOGEUSDT,1757808000006,0.0001
DOGEUSDT,1757836800000,0.0001
DOGEUSDT,1757865600001,0.0001
DOGEUSDT,1757894400006,0.0001
DOGEUSDT,1757923200002,0.0001
DOGEUSDT,1757952000001,0.00005651
DOGEUSDT,1757980800001,0.00000187
DOGEUSDT,1758009600000,0.0001
DOGEUSDT,1758038400000,0.0000246
DOGEUSDT,1758067200001,-0.00002969
DOGEUSDT,1758096000000,0.00005728
DOGEUSDT,1758124800003,0.00003869
DOGEUSDT,1758153600006,0.00002687
DOGEUSDT,1758182400002,0.00009133
DOGEUSDT,1758211200000,0.00004652
DOGEUSDT,1758240000000,0.00008947
DOGEUSDT,1758268800005,0.0001
DOGEUSDT,1758297600000,0.00009696
DOGEUSDT,1758326400000,-0.00000487
DOGEUSDT,1758355200000,0.00004131
DOGEUSDT,1758384000002,0.00002204
DOGEUSDT,1758412800000,0.00000941
DOGEUSDT,1758441600000,0.00004324
DOGEUSDT,1758470400000,0.00008203
DOGEUSDT,1758499200005,0.00002913
DOGEUSDT,1758528000003,-0.00000948
DOGEUSDT,1758556800000,-0.00002725
DOGEUSDT,1758585600000,0.00002411
DOGEUSDT,1758614400001,0.00006534
DOGEUSDT,1758643200000,0.00002219
DOGEUSDT,1758672000003,0.00008144
DOGEUSDT,1758700800001,0.00008018
DOGEUSDT,1758729600002,0.00000873
DOGEUSDT,1758758400000,0.00004
DOGEUSDT,1758787200001,-0.00001303
DOGEUSDT,1758816000000,0.00002999
DOGEUSDT,1758844800000,0.00003908
DOGEUSDT,1758873600000,0.00005649
DOGEUSDT,1758902400008,0.0001
DOGEUSDT,1758931200000,0.00006492
DOGEUSDT,1758960000010,0.0001
DOGEUSDT,1758988800003,0.0001
DOGEUSDT,1759017600000,0.0000758
DOGEUSDT,1759046400000,0.0000148
DOGEUSDT,1759075200000,0.00002725
DOGEUSDT,1759104000000,0.0001
DOGEUSDT,1759132800002,0.0000893
DOGEUSDT,1759161600001,-0.00002594
DOGEUSDT,1759190400002,0.00005367
DOGEUSDT,1759219200005,-0.0000292
DOGEUSDT,1759248000000,-0.0000672
DOGEUSDT,1759276800000,0.0001
DOGEUSDT,1759305600000,0.0001
DOGEUSDT,1759334400000,0.0000343
DOGEUSDT,1759363200000,0.00006658
DOGEUSDT,1759392000013,0.00003522
DOGEUSDT,1759420800000,0.0001
DOGEUSDT,1759449600006,0.00009988
DOGEUSDT,1759478400006,0.0001
DOGEUSDT,1759507200000,0.00002871
DOGEUSDT,1759536000001,0.0001
DOGEUSDT,1759564800000,0.00003773
DOGEUSDT,1759593600000,-0.00002221
DOGEUSDT,1759622400000,0.00001203
DOGEUSDT,1759651200003,0.0001
DOGEUSDT,1759680000009,0.0001
DOGEUSDT,1759708800004,-0.00002685
DOGEUSDT,1759737600002,0.00005952
DOGEUSDT,1759766400004,0.0001
DOGEUSDT,1759795200000,0.0001
DOGEUSDT,1759824000003,0.0001
DOGEUSDT,1759852800000,0.00004808
DOGEUSDT,1759881600000,-0.00003221
DOGEUSDT,1759910400006,0.00006845
DOGEUSDT,1759939200002,0.00006681
DOGEUSDT,1759968000001,0.0001
DOGEUSDT,1759996800000,0.00001365
DOGEUSDT,1760025600000,0.0000215
DOGEUSDT,1760054400005,0.00009706
DOGEUSDT,1760083200002,0.0001
DOGEUSDT,1760112000014,0.0001
DOGEUSDT,1760140800000,0.00045253
DOGEUSDT,1760169600003,-0.0002366
DOGEUSDT,1760198400000,-0.00014742
DOGEUSDT,1760227200004,-0.00011681
DOGEUSDT,1760256000002,-0.00010444
DOGEUSDT,1760284800000,-0.0000399
DOGEUSDT,1760313600003,-0.00002835
DOGEUSDT,1760342400002,-0.00004833
DOGEUSDT,1760371200003,-0.00000742
DOGEUSDT,1760400000000,0.00006155
DOGEUSDT,1760428800000,0.00008728
DOGEUSDT,1760457600000,-0.00003401
DOGEUSDT,1760486400006,0.00002415
DOGEUSDT,1760515200002,0.0000394
DOGEUSDT,1760544000000,-0.00004106
DOGEUSDT,1760572800000,-0.00001239
DOGEUSDT,1760601600003,-0.00006104
DOGEUSDT,1760630400002,-0.00000136
DOGEUSDT,1760659200001,-0.00001077
DOGEUSDT,1760688000005,-0.00000357
DOGEUSDT,1760716800003,-0.00001688
DOGEUSDT,1760745600000,-0.00006348
DOGEUSDT,1760774400002,-0.0000213
DOGEUSDT,1760803200001,-0.00008194
DOGEUSDT,1760832000001,-0.00003031
DOGEUSDT,1760860800001,-0.00001482
DOGEUSDT,1760889600001,0.00004724
DOGEUSDT,1760918400004,0.0000942
DOGEUSDT,1760947200001,0.00008284
DOGEUSDT,1760976000000,0.00003349
DOGEUSDT,1761004800009,0.0001
DOGEUSDT,1761033600000,0.00002951
DOGEUSDT,1761062400000,0.00009551
DOGEUSDT,1761091200004,0.00005871
DOGEUSDT,1761120000000,-0.00008814
DOGEUSDT,1761148800000,-0.00004032
DOGEUSDT,1761177600000,0.00008654
DOGEUSDT,1761206400001,0.00002239
DOGEUSDT,1761235200004,0.00008653
DOGEUSDT,1761264000000,0.0001
DOGEUSDT,1761292800000,0.0001
DOGEUSDT,1761321600009,0.00005659
DOGEUSDT,1761350400000,0.0001
DOGEUSDT,1761379200001,0.0001
DOGEUSDT,1761408000001,0.0000787
DOGEUSDT,1761436800001,0.00003381
DOGEUSDT,1761465600001,0.00000024
DOGEUSDT,1761494400000,0.0001
DOGEUSDT,1761523200000,0.0001
DOGEUSDT,1761552000005,0.0001
DOGEUSDT,1761580800000,0.00004055
DOGEUSDT,1761609600000,0.00009691
DOGEUSDT,1761638400000,0.00000689
DOGEUSDT,1761667200004,-0.0000038
DOGEUSDT,1761696000004,-0.00007161
DOGEUSDT,1761724800005,-0.00011307
DOGEUSDT,1761753600000,-0.00003614
DOGEUSDT,1761782400004,0.00007491
DOGEUSDT,1761811200008,-0.00002011
DOGEUSDT,1761840000001,-0.00011438
DOGEUSDT,1761868800000,-0.00014643
DOGEUSDT,1761897600008,0.00007208
DOGEUSDT,1761926400007,0.00000253
DOGEUSDT,1761955200001,0.00006001
DOGEUSDT,1761984000000,0.0000647
DOGEUSDT,1762012800000,0.00009233
DOGEUSDT,1762041600007,0.00005004
DOGEUSDT,1762070400000,0.00005038
DOGEUSDT,1762099200001,0.00002611
DOGEUSDT,1762128000000,0.0000818
DOGEUSDT,1762156800010,-0.0001308
DOGEUSDT,1762185600000,-0.00010886
DOGEUSDT,1762214400002,0.00003099
DOGEUSDT,1762243200004,0.0000314
DOGEUSDT,1762272000000,0.0000812
DOGEUSDT,1762300800000,0.00009842
DOGEUSDT,1762329600000,0.0000922
DOGEUSDT,1762358400004,-0.00000463
DOGEUSDT,1762387200001,-0.00003123
DOGEUSDT,1762416000000,0.00004926
DOGEUSDT,1762444800001,-0.00002664
DOGEUSDT,1762473600005,0.00002685
DOGEUSDT,1762502400003,0.0001
DOGEUSDT,1762531200005,0.0001
DOGEUSDT,1762560000011,0.0001
DOGEUSDT,1762588800015,0.0001
DOGEUSDT,1762617600001,0.00008754
DOGEUSDT,1762646400004,-0.0000078
DOGEUSDT,1762675200000,0.0000661
DOGEUSDT,1762704000005,-0.00000537
DOGEUSDT,1762732800000,0.00007881
DOGEUSDT,1762761600000,0.00005265
DOGEUSDT,1762790400003,-0.00001329
DOGEUSDT,1762819200007,0.00001817
DOGEUSDT,1762848000000,-0.00004993
DOGEUSDT,1762876800009,0.00006972
DOGEUSDT,1762905600000,0.00001502
DOGEUSDT,1762934400002,0.00000008
DOGEUSDT,1762963200000,0.00005875
DOGEUSDT,1762992000002,-0.00003942
DOGEUSDT,1763020800000,0.00006768
DOGEUSDT,1763049600001,0.0001
DOGEUSDT,1763078400000,-0.00012823
DOGEUSDT,1763107200000,0.00005129
DOGEUSDT,1763136000001,0.00006219
DOGEUSDT,1763164800005,-0.00002683
DOGEUSDT,1763193600000,0.0001
DOGEUSDT,1763222400001,0.00009089
DOGEUSDT,1763251200001,0.0001
DOGEUSDT,1763280000000,0.00006791
DOGEUSDT,1763308800000,-0.00001359
DOGEUSDT,1763337600003,-0.00001494
DOGEUSDT,1763366400003,0.00009451
DOGEUSDT,1763395200000,0.00009084
DOGEUSDT,1763424000002,-0.00010361
DOGEUSDT,1763452800004,0.0001
DOGEUSDT,1763481600000,0.0001
DOGEUSDT,1763510400000,0.0001
DOGEUSDT,1763539200000,0.00007834
DOGEUSDT,1763568000008,0.00006143
DOGEUSDT,1763596800000,-0.0000422
DOGEUSDT,1763625600000,0.0001
DOGEUSDT,1763654400000,0.0001
DOGEUSDT,1763683200001,-0.00007973
DOGEUSDT,1763712000000,-0.00008081
DOGEUSDT,1763740800001,0.00002428
DOGEUSDT,1763769600004,0.00002808
DOGEUSDT,1763798400000,0.0000163
DOGEUSDT,1763827200000,-0.00000502
DOGEUSDT,1763856000000,0.000046
DOGEUSDT,1763884800008,-0.00007686
DOGEUSDT,1763913600003,0.00001193
DOGEUSDT,1763942400004,-0.00002885
DOGEUSDT,1763971200000,0.0000075
DOGEUSDT,1764000000006,0.00008181
DOGEUSDT,1764028800000,0.00009329
DOGEUSDT,1764057600009,0.00002867
DOGEUSDT,1764086400007,-0.00003973
DOGEUSDT,1764115200001,0.00009307
DOGEUSDT,1764144000001,0.00001977
DOGEUSDT,1764172800000,-0.00002489
DOGEUSDT,1764201600013,0.0001
DOGEUSDT,1764230400000,-0.0000057
DOGEUSDT,1764259200004,-0.00003123
DOGEUSDT,1764288000008,-0.00000881
DOGEUSDT,1764316800000,-0.00004313
DOGEUSDT,1764345600008,0.00000333
DOGEUSDT,1764374400000,-0.00001539
DOGEUSDT,1764403200005,0.00003616
DOGEUSDT,1764432000001,0.00000185
DOGEUSDT,1764460800003,0.00006812
DOGEUSDT,1764489600000,0.00006599
DOGEUSDT,1764518400004,-0.00000074
DOGEUSDT,1764547200000,-0.00004318
DOGEUSDT,1764576000004,-0.00009221
DOGEUSDT,1764604800000,-0.00006697
DOGEUSDT,1764633600004,-0.00011936
DOGEUSDT,1764662400000,-0.00003572
DOGEUSDT,1764691200000,-0.00000662
DOGEUSDT,1764720000000,0.0000997
DOGEUSDT,1764748800000,0.00005609
DOGEUSDT,1764777600005,0.00007413
DOGEUSDT,1764806400012,0.00007079
DOGEUSDT,1764835200000,0.00008828
DOGEUSDT,1764864000011,0.0000958
DOGEUSDT,1764892800000,0.00009105
DOGEUSDT,1764921600000,0.00004694
DOGEUSDT,1764950400010,0.00001716
DOGEUSDT,1764979200001,-0.00010042
DOGEUSDT,1765008000001,-0.00003412
DOGEUSDT,1765036800008,-0.00003965
DOGEUSDT,1765065600000,0.00005305
DOGEUSDT,1765094400004,-0.00003949
DOGEUSDT,1765123200000,-0.00001193
DOGEUSDT,1765152000000,-0.0000148
DOGEUSDT,1765180800000,0.00008003
DOGEUSDT,1765209600001,0.00009172
DOGEUSDT,1765238400001,0.0001
DOGEUSDT,1765267200001,0.00005875
DOGEUSDT,1765296000007,0.00005382
DOGEUSDT,1765324800007,0.0001
DOGEUSDT,1765353600002,-0.00001941
DOGEUSDT,1765382400012,-0.00000134
DOGEUSDT,1765411200001,0.00004415
DOGEUSDT,1765440000000,-0.00008866
DOGEUSDT,1765468800000,-0.00007076
DOGEUSDT,1765497600005,0.00005894
DOGEUSDT,1765526400007,0.00002417
DOGEUSDT,1765555200002,0.00003936
DOGEUSDT,1765584000001,-0.00008071
DOGEUSDT,1765612800006,0.00004469
DOGEUSDT,1765641600000,0.00008276
DOGEUSDT,1765670400000,0.0001
DOGEUSDT,1765699200003,0.00004352
DOGEUSDT,1765728000005,-0.00001158
DOGEUSDT,1765756800000,-0.00008026
DOGEUSDT,1765785600000,0.0000518
DOGEUSDT,1765814400000,-0.00000443
DOGEUSDT,1765843200002,-0.00012442
DOGEUSDT,1765872000000,0.00000114
DOGEUSDT,1765900800002,0.00004903
DOGEUSDT,1765929600004,0.00003811
DOGEUSDT,1765958400000,0.00007406
DOGEUSDT,1765987200000,0.00005487
DOGEUSDT,1766016000005,-0.00002463
DOGEUSDT,1766044800007,-0.00005158
DOGEUSDT,1766073600001,0.00008293
DOGEUSDT,1766102400000,-0.0000322
DOGEUSDT,1766131200001,0.00005932
DOGEUSDT,1766160000000,0.0001
DOGEUSDT,1766188800005,0.00008939
DOGEUSDT,1766217600000,0.00002889
DOGEUSDT,1766246400002,0.00006068
DOGEUSDT,1766275200000,0.00007082
DOGEUSDT,1766304000009,0.0000293
DOGEUSDT,1766332800000,0.00001089
DOGEUSDT,1766361600000,-0.00001261
DOGEUSDT,1766390400005,0.00001239
DOGEUSDT,1766419200009,0.00005548
DOGEUSDT,1766448000000,-0.0000165
DOGEUSDT,1766476800000,0.00006691
DOGEUSDT,1766505600001,0.00001593
DOGEUSDT,1766534400001,0.00004177
DOGEUSDT,1766563200001,0.00004037
DOGEUSDT,1766592000000,0.00001289
DOGEUSDT,1766620800000,0.0001
DOGEUSDT,1766649600001,0.00006815
DOGEUSDT,1766678400005,-0.00002609
DOGEUSDT,1766707200004,0.00004282
DOGEUSDT,1766736000001,0.00006091
DOGEUSDT,1766764800007,-0.00003004
DOGEUSDT,1766793600000,-0.00008976
DOGEUSDT,1766822400000,0.0000254
DOGEUSDT,1766851200011,0.00005477
DOGEUSDT,1766880000008,0.00000366
DOGEUSDT,1766908800000,0.00008404
DOGEUSDT,1766937600000,0.00005826
DOGEUSDT,1766966400016,0.0000042
DOGEUSDT,1766995200001,0.0001
DOGEUSDT,1767024000000,-0.00001906
DOGEUSDT,1767052800005,-0.00007613
DOGEUSDT,1767081600001,-0.00005154
DOGEUSDT,1767110400003,0.00008116
DOGEUSDT,1767139200004,-0.00001727
DOGEUSDT,1767168000001,-0.00005672
DOGEUSDT,1767196800001,-0.00000487
DOGEUSDT,1767225600008,-0.00009368
DOGEUSDT,1767254400002,-0.00002743
DOGEUSDT,1767283200001,0.0001
DOGEUSDT,1767312000006,0.0001
DOGEUSDT,1767340800007,0.0001
DOGEUSDT,1767369600000,0.0001
DOGEUSDT,1767398400001,0.0001
DOGEUSDT,1767427200000,0.0001
DOGEUSDT,1767456000000,0.0001
DOGEUSDT,1767484800000,0.0001
DOGEUSDT,1767513600000,0.0001
DOGEUSDT,1767542400001,0.0001
DOGEUSDT,1767571200000,0.0001
DOGEUSDT,1767600000000,0.00005494
DOGEUSDT,1767628800000,0.00003678
DOGEUSDT,1767657600010,0.00008963
DOGEUSDT,1767686400000,0.00003508
DOGEUSDT,1767715200000,0.00005316
DOGEUSDT,1767744000001,0.00007807
DOGEUSDT,1767772800001,0.00005284
DOGEUSDT,1767801600001,0.00004783
DOGEUSDT,1767830400001,0.00006238
DOGEUSDT,1767859200000,0.00008702
DOGEUSDT,1767888000000,0.0000035
DOGEUSDT,1767916800003,0.00004733
DOGEUSDT,1767945600000,0.00000477
DOGEUSDT,1767974400001,0.00002259
DOGEUSDT,1768003200000,0.00002896
DOGEUSDT,1768032000002,0.00003999
DOGEUSDT,1768060800001,-0.00000639
DOGEUSDT,1768089600003,0.00000536
DOGEUSDT,1768118400006,0.00009517
DOGEUSDT,1768147200000,0.00000093
DOGEUSDT,1768176000005,-0.00000423
DOGEUSDT,1768204800000,0.00001844
DOGEUSDT,1768233600000,0.00001627
DOGEUSDT,1768262400007,-0.00000202
DOGEUSDT,1768291200009,0.00007289
DOGEUSDT,1768320000002,0.0001
DOGEUSDT,1768348800000,0.0001
DOGEUSDT,1768377600001,0.0001
DOGEUSDT,1768406400004,0.00008885
DOGEUSDT,1768435200000,0.00007726
DOGEUSDT,1768464000004,-0.0000198
DOGEUSDT,1768492800002,0.0000012
DOGEUSDT,1768521600000,-0.00003042
DOGEUSDT,1768550400000,0.00002522
DOGEUSDT,1768579200001,-0.00000383
DOGEUSDT,1768608000000,-0.0000347
DOGEUSDT,1768636800000,-0.00001522
DOGEUSDT,1768665600002,-0.00001609
DOGEUSDT,1768694400001,0.00003375
DOGEUSDT,1768723200000,-0.00001312
DOGEUSDT,1768752000000,-0.00000069
DOGEUSDT,1768780800007,0.00002438
DOGEUSDT,1768809600007,-0.00001481
DOGEUSDT,1768838400007,-0.00002592
DOGEUSDT,1768867200005,0.00007602
DOGEUSDT,1768896000001,0.00004471
DOGEUSDT,1768924800009,0.00001121
DOGEUSDT,1768953600001,-0.00000923
DOGEUSDT,1768982400011,0.00002726
DOGEUSDT,1769011200011,-0.00002782
DOGEUSDT,1769040000010,0.00006287
DOGEUSDT,1769068800003,0.00005905
DOGEUSDT,1769097600005,0.00000777
DOGEUSDT,1769126400005,-0.00002751
DOGEUSDT,1769155200000,0.00002076
DOGEUSDT,1769184000011,-0.00003507
DOGEUSDT,1769212800011,0.00002791
DOGEUSDT,1769241600002,0.00000592
DOGEUSDT,1769270400001,0.00004335
DOGEUSDT,1769299200002,0.00005142
DOGEUSDT,1769328000011,-0.00000583
DOGEUSDT,1769356800005,-0.0000402
DOGEUSDT,1769385600000,-0.00010208
DOGEUSDT,1769414400003,0.00005045
DOGEUSDT,1769443200000,0.00000282
DOGEUSDT,1769472000002,0.00002538
DOGEUSDT,1769500800000,-0.00003757
DOGEUSDT,1769529600000,0.00001586
DOGEUSDT,1769558400000,0.00008395
DOGEUSDT,1769587200000,0.00007658
DOGEUSDT,1769616000000,0.00006919
DOGEUSDT,1769644800000,0.0001
DOGEUSDT,1769673600009,-0.00001937
DOGEUSDT,1769702400000,-0.0000892
DOGEUSDT,1769731200008,-0.00016899
DOGEUSDT,1769760000000,-0.00011255
DOGEUSDT,1769788800001,-0.00003928
DOGEUSDT,1769817600000,0.00002929
DOGEUSDT,1769846400001,-0.00000874
DOGEUSDT,1769875200009,-0.00019169
DOGEUSDT,1769904000001,-0.00026033
DOGEUSDT,1769932800004,-0.00010038
DOGEUSDT,1769961600000,0.00003141
DOGEUSDT,1769990400000,-0.00004013
DOGEUSDT,1770019200014,-0.00000436
DOGEUSDT,1770048000000,-0.00003823
DOGEUSDT,1770076800000,-0.00011637
DOGEUSDT,1770105600007,-0.00003432
DOGEUSDT,1770134400000,-0.00006983
DOGEUSDT,1770163200002,0.00002147
DOGEUSDT,1770192000007,0.00001271
DOGEUSDT,1770220800000,-0.0000729
DOGEUSDT,1770249600011,0.00001451
DOGEUSDT,1770278400000,0.00000832
DOGEUSDT,1770307200007,-0.00004738
DOGEUSDT,1770336000000,-0.00009981
DOGEUSDT,1770364800001,-0.00006742
DOGEUSDT,1770393600000,-0.00012569
DOGEUSDT,1770422400003,0.00000524
DOGEUSDT,1770451200000,0.00000326
DOGEUSDT,1770480000010,0.0000601
DOGEUSDT,1770508800003,0.00003901
DOGEUSDT,1770537600000,-0.00001745
DOGEUSDT,1770566400000,-0.00008154
DOGEUSDT,1770595200002,-0.00005827
DOGEUSDT,1770624000001,-0.00006378
DOGEUSDT,1770652800007,0.00001055
DOGEUSDT,1770681600000,0.00004066
DOGEUSDT,1770710400007,-0.00004048
DOGEUSDT,1770739200000,-0.0001043
DOGEUSDT,1770768000000,-0.00001465
DOGEUSDT,1770796800006,-0.00006827
DOGEUSDT,1770825600000,-0.00007003
DOGEUSDT,1770854400000,-0.0000119
DOGEUSDT,1770883200001,-0.00000585
DOGEUSDT,1770912000001,0.00000984
DOGEUSDT,1770940800007,0.00002145
DOGEUSDT,1770969600003,0.00007096
DOGEUSDT,1770998400005,0.00001059
DOGEUSDT,1771027200002,0.00003844
DOGEUSDT,1771056000004,0.00002143
DOGEUSDT,1771084800002,0.00006395
DOGEUSDT,1771113600000,0.0000785
DOGEUSDT,1771142400002,0.00001861
DOGEUSDT,1771171200000,0.00008451
DOGEUSDT,1771200000001,-0.00007155
DOGEUSDT,1771228800003,-0.00006847
DOGEUSDT,1771257600000,-0.00008315
DOGEUSDT,1771286400008,-0.00007616
DOGEUSDT,1771315200001,-0.00003879
DOGEUSDT,1771344000002,0.00000771
DOGEUSDT,1771372800000,-0.00007484
DOGEUSDT,1771401600000,-0.00008343
DOGEUSDT,1771430400011,-0.00001407
DOGEUSDT,1771459200013,-0.00004235
DOGEUSDT,1771488000000,-0.00000652
DOGEUSDT,1771516800003,0.00001999
DOGEUSDT,1771545600000,0.0000558
DOGEUSDT,1771574400000,-0.00004929
DOGEUSDT,1771603200000,-0.00002488
DOGEUSDT,1771632000004,-0.00000022
DOGEUSDT,1771660800000,0.00002851
DOGEUSDT,1771689600005,-0.00011933
DOGEUSDT,1771718400001,-0.00006956
DOGEUSDT,1771747200004,-0.0000987
DOGEUSDT,1771776000000,-0.00008514
DOGEUSDT,1771804800001,-0.00008585
DOGEUSDT,1771833600000,-0.00003756
DOGEUSDT,1771862400000,0.00005811
DOGEUSDT,1771891200007,-0.0000214
DOGEUSDT,1771920000000,-0.00006498
DOGEUSDT,1771948800001,-0.00002699
DOGEUSDT,1771977600001,0.00003966
DOGEUSDT,1772006400007,-0.00009097
DOGEUSDT,1772035200000,0.00008098
DOGEUSDT,1772064000000,0.0001
DOGEUSDT,1772092800006,-0.00002959
DOGEUSDT,1772121600002,-0.00000364
DOGEUSDT,1772150400007,-0.00001476
DOGEUSDT,1772179200000,-0.00000279
DOGEUSDT,1772208000001,-0.00004753
DOGEUSDT,1772236800000,-0.00010157
DOGEUSDT,1772265600000,-0.00010511
DOGEUSDT,1772294400004,-0.00010575
DOGEUSDT,1772323200005,-0.00003797
DOGEUSDT,1772352000000,0.00005895
DOGEUSDT,1772380800002,0.00002982
DOGEUSDT,1772409600001,0.0000046
DOGEUSDT,1772438400007,0.00003702
DOGEUSDT,1772467200000,-0.00000413
DOGEUSDT,1772496000000,0.00008053
DOGEUSDT,1772524800000,-0.00011761
DOGEUSDT,1772553600007,-0.00017465
DOGEUSDT,1772582400001,-0.00018443
DOGEUSDT,1772611200005,-0.00008762
DOGEUSDT,1772640000000,0.00008455
DOGEUSDT,1772668800000,0.0001
DOGEUSDT,1772697600000,0.00001045
DOGEUSDT,1772726400004,-0.0000687
DOGEUSDT,1772755200001,0.00004964
DOGEUSDT,1772784000001,-0.00009969
DOGEUSDT,1772812800004,-0.00012658
DOGEUSDT,1772841600001,-0.00012826
DOGEUSDT,1772870400012,-0.00001661
DOGEUSDT,1772899200001,-0.00014095
DOGEUSDT,1772928000001,-0.00011339
DOGEUSDT,1772956800000,-0.00013641
DOGEUSDT,1772985600002,-0.00016514
DOGEUSDT,1773014400000,-0.00013484
DOGEUSDT,1773043200004,-0.00001365
DOGEUSDT,1773072000003,-0.00000871
DOGEUSDT,1773100800012,-0.00008843
DOGEUSDT,1773129600002,-0.00008741
DOGEUSDT,1773158400001,0.0001
DOGEUSDT,1773187200000,0.00009159
DOGEUSDT,1773216000007,-0.00010238
DOGEUSDT,1773244800010,-0.00011309
DOGEUSDT,1773273600000,-0.00000738
DOGEUSDT,1773302400000,-0.00016651
DOGEUSDT,1773331200000,0.00007767
DOGEUSDT,1773360000006,0.00006599
DOGEUSDT,1773388800001,0.00004334
DOGEUSDT,1773417600000,0.0001
DOGEUSDT,1773446400001,0.0001
DOGEUSDT,1773475200000,0.00009015
DOGEUSDT,1773504000007,-0.0000075
DOGEUSDT,1773532800000,0.0000088
DOGEUSDT,1773561600000,-0.00005212
DOGEUSDT,1773590400000,-0.00004953
DOGEUSDT,1773619200000,0.00000017
DOGEUSDT,1773648000010,0.0001
DOGEUSDT,1773676800000,0.0001
DOGEUSDT,1773705600000,0.0001
DOGEUSDT,1773734400002,0.00003476
DOGEUSDT,1773763200011,-0.00001451
DOGEUSDT,1773792000002,0.00006063
DOGEUSDT,1773820800002,0.00007262
DOGEUSDT,1773849600005,-0.0000887
DOGEUSDT,1773878400000,-0.00005717
DOGEUSDT,1773907200003,0.00003931
DOGEUSDT,1773936000003,-0.00004674
DOGEUSDT,1773964800002,-0.00005902
DOGEUSDT,1773993600000,-0.00001404
DOGEUSDT,1774022400000,-0.00002568
DOGEUSDT,1774051200000,0.00000806
DOGEUSDT,1774080000000,-0.00006038
DOGEUSDT,1774108800014,-0.00007184
DOGEUSDT,1774137600012,-0.0000741
DOGEUSDT,1774166400007,-0.00003507
DOGEUSDT,1774195200002,-0.00004447
DOGEUSDT,1774224000000,-0.00011686
DOGEUSDT,1774252800003,-0.00004453
DOGEUSDT,1774281600002,-0.00000597
DOGEUSDT,1774310400000,0.0001
DOGEUSDT,1774339200000,0.00001168
DOGEUSDT,1774368000003,-0.00003422
DOGEUSDT,1774396800000,0.00006472
DOGEUSDT,1774425600000,0.0001
DOGEUSDT,1774454400013,0.0001
DOGEUSDT,1774483200001,0.00008915
DOGEUSDT,1774512000001,-0.00005046
DOGEUSDT,1774540800000,-0.00011762
DOGEUSDT,1774569600006,-0.00006496
DOGEUSDT,1774598400000,0.00000857
DOGEUSDT,1774627200000,-0.00011541
DOGEUSDT,1774656000005,-0.00010329
DOGEUSDT,1774684800005,-0.00003903
DOGEUSDT,1774713600000,0.0001
DOGEUSDT,1774742400003,0.0000774
DOGEUSDT,1774771200001,-0.00004965
DOGEUSDT,1774800000000,-0.00006654
DOGEUSDT,1774828800000,-0.00002588
DOGEUSDT,1774857600005,0.0001
DOGEUSDT,1774886400000,0.0001
DOGEUSDT,1774915200000,-0.0000758
DOGEUSDT,1774944000000,0.00005413
DOGEUSDT,1774972800000,-0.00003312
DOGEUSDT,1775001600000,0.0001
DOGEUSDT,1775030400000,0.0001
DOGEUSDT,1775059200000,-0.00000223
DOGEUSDT,1775088000003,0.00009762
DOGEUSDT,1775116800001,-0.00013452
DOGEUSDT,1775145600001,-0.00002289
DOGEUSDT,1775174400000,0.00001761
DOGEUSDT,1775203200008,0.0001
DOGEUSDT,1775232000008,0.0001
DOGEUSDT,1775260800000,0.0001
DOGEUSDT,1775289600003,-0.0000309
DOGEUSDT,1775318400000,-0.00005133
DOGEUSDT,1775347200008,0.0001
DOGEUSDT,1775376000000,-0.00005838
DOGEUSDT,1775404800001,-0.00008998
DOGEUSDT,1775433600004,0.0000806
DOGEUSDT,1775462400001,0.0001
DOGEUSDT,1775491200003,0.0001
DOGEUSDT,1775520000000,-0.00004248
DOGEUSDT,1775548800000,-0.00008483
DOGEUSDT,1775577600000,-0.00004725
DOGEUSDT,1775606400000,0.0001
DOGEUSDT,1775635200000,0.0001
DOGEUSDT,1775664000006,0.0001
DOGEUSDT,1775692800000,0.00005606
DOGEUSDT,1775721600010,-0.00005032
DOGEUSDT,1775750400001,-0.00005276
DOGEUSDT,1775779200000,0.0001
DOGEUSDT,1775808000005,-0.00002501
DOGEUSDT,1775836800000,0.00003933
DOGEUSDT,1775865600000,0.0001
DOGEUSDT,1775894400000,-0.00004554
DOGEUSDT,1775923200003,-0.00006403
DOGEUSDT,1775952000000,0.0001
DOGEUSDT,1775980800000,-0.00008132
DOGEUSDT,1776009600000,-0.0000999
DOGEUSDT,1776038400011,-0.0000595
DOGEUSDT,1776067200006,-0.00004679
DOGEUSDT,1776096000000,0.00007985
DOGEUSDT,1776124800005,0.0001
DOGEUSDT,1776153600003,0.00004455
DOGEUSDT,1776182400001,0.0001
DOGEUSDT,1776211200000,-0.00002485
DOGEUSDT,1776240000000,-0.00002616
DOGEUSDT,1776268800000,0.00000984
DOGEUSDT,1776297600013,0.0001
DOGEUSDT,1776326400000,0.0001
DOGEUSDT,1776355200000,0.0001
DOGEUSDT,1776384000001,0.0001
DOGEUSDT,1776412800011,0.00005043
DOGEUSDT,1776441600001,0.00003821
DOGEUSDT,1776470400001,0.0001
DOGEUSDT,1776499200006,0.00002917
DOGEUSDT,1776528000000,-0.00007036
DOGEUSDT,1776556800002,-0.00008729
DOGEUSDT,1776585600010,-0.00000364
DOGEUSDT,1776614400001,-0.00003509
DOGEUSDT,1776643200000,-0.00002116
DOGEUSDT,1776672000000,0.0000108
DOGEUSDT,1776700800001,0.00002277
DOGEUSDT,1776729600000,0.0000443
DOGEUSDT,1776758400004,-0.00004799
DOGEUSDT,1776787200004,0.00000031
DOGEUSDT,1776816000004,0.00000214
DOGEUSDT,1776844800000,0.0001
DOGEUSDT,1776873600000,0.0001
DOGEUSDT,1776902400000,0.00006031
DOGEUSDT,1776931200000,0.0001
DOGEUSDT,1776960000004,0.0001
DOGEUSDT,1776988800006,0.0001
DOGEUSDT,1777017600000,0.0001
DOGEUSDT,1777046400000,0.0001
DOGEUSDT,1777075200000,0.0001
DOGEUSDT,1777104000002,0.00008444
DOGEUSDT,1777132800002,0.00007376
DOGEUSDT,1777161600003,0.00002003
DOGEUSDT,1777190400007,0.0000531
DOGEUSDT,1777219200004,0.0000731
DOGEUSDT,1777248000004,0.00001391
DOGEUSDT,1777276800000,-0.00002544
DOGEUSDT,1777305600002,0.00006463
DOGEUSDT,1777334400001,0.0001
DOGEUSDT,1777363200000,0.0001
DOGEUSDT,1777392000004,0.0001
DOGEUSDT,1777420800006,0.00004318
DOGEUSDT,1777449600011,0.0001
DOGEUSDT,1777478400003,0.0001
DOGEUSDT,1777507200002,-0.00003357
DOGEUSDT,1777536000000,0.00008341
DOGEUSDT,1777564800000,0.00001917
DOGEUSDT,1777593600000,-0.00001716
DOGEUSDT,1777622400005,0.00003054
DOGEUSDT,1777651200000,0.00003104
DOGEUSDT,1777680000006,-0.00001081
DOGEUSDT,1777708800000,0.00001943
DOGEUSDT,1777737600010,0.00002318
DOGEUSDT,1777766400005,0.00004413
DOGEUSDT,1777795200003,-0.00001114
DOGEUSDT,1777824000000,0.00006039
DOGEUSDT,1777852800000,0.00000519
DOGEUSDT,1777881600000,0.0000805
DOGEUSDT,1777910400003,0.00002113
DOGEUSDT,1777939200000,0.00001832
DOGEUSDT,1777968000011,0.00006311
DOGEUSDT,1777996800000,0.00004317
DOGEUSDT,1778025600010,0.00009555
DOGEUSDT,1778054400000,0.00004503
DOGEUSDT,1778083200002,-0.00008869
DOGEUSDT,1778112000000,-0.00000449
DOGEUSDT,1778140800000,-0.00006956
DOGEUSDT,1778169600004,0.00001665
DOGEUSDT,1778198400003,-0.00004021
DOGEUSDT,1778227200002,-0.00001252
DOGEUSDT,1778256000003,0.00002561
DOGEUSDT,1778284800000,0.00001241
DOGEUSDT,1778313600001,0.00005533
DOGEUSDT,1778342400002,0.00006837
DOGEUSDT,1778371200003,-0.00002009
DOGEUSDT,1778400000000,-0.00004175
DOGEUSDT,1778428800000,0.00002033
DOGEUSDT,1778457600000,0.00009789
DOGEUSDT,1778486400000,0.0001
DOGEUSDT,1778515200000,0.0001
DOGEUSDT,1778544000002,0.0001
DOGEUSDT,1778572800008,0.0001
DOGEUSDT,1778601600000,0.00006359
DOGEUSDT,1778630400010,0.0001
DOGEUSDT,1778659200003,0.0001
DOGEUSDT,1778688000001,0.0001
DOGEUSDT,1778716800005,0.00005937
DOGEUSDT,1778745600000,0.00009732
DOGEUSDT,1778774400000,-0.00007676
DOGEUSDT,1778803200000,-0.00003496
DOGEUSDT,1778832000016,-0.000067
DOGEUSDT,1778860800012,-0.00007203
DOGEUSDT,1778889600005,0.00007471
DOGEUSDT,1778918400000,-0.00002081
DOGEUSDT,1778947200005,-0.00000245
DOGEUSDT,1778976000000,0.00007144
DOGEUSDT,1779004800010,0.00001699
DOGEUSDT,1779033600009,0.00006188
DOGEUSDT,1779062400007,-0.0000478
DOGEUSDT,1779091200002,0.00000685
DOGEUSDT,1779120000007,-0.00002652
DOGEUSDT,1779148800001,-0.00001694
DOGEUSDT,1779177600001,-0.00001324
DOGEUSDT,1779206400009,0.00000608
DOGEUSDT,1779235200001,0.00003083
DOGEUSDT,1779264000006,0.0000122
DOGEUSDT,1779292800000,-0.0000057
DOGEUSDT,1779321600001,0.00000818
DOGEUSDT,1779350400000,0.00003599
DOGEUSDT,1779379200000,0.00002583
DOGEUSDT,1779408000000,0.0001
DOGEUSDT,1779436800004,0.00004056
DOGEUSDT,1779465600001,0.00004339
DOGEUSDT,1779494400009,0.00002457
DOGEUSDT,1779523200001,-0.00000286
DOGEUSDT,1779552000003,0.00000492
DOGEUSDT,1779580800011,0.0000865
DOGEUSDT,1779609600008,0.00002937
DOGEUSDT,1779638400000,0.00003077
DOGEUSDT,1779667200001,0.00000976
DOGEUSDT,1779696000001,0.00008499
DOGEUSDT,1779724800001,0.00005759
DOGEUSDT,1779753600000,0.00005913
DOGEUSDT,1779782400003,0.0000081
DOGEUSDT,1779811200000,0.00007485
DOGEUSDT,1779840000000,-0.00003495
DOGEUSDT,1779868800004,0.00007714
DOGEUSDT,1779897600009,0.00007953
DOGEUSDT,1779926400001,-0.00001301
DOGEUSDT,1779955200000,-0.00007454
DOGEUSDT,1779984000001,0.00004507
DOGEUSDT,1780012800000,0.0001
DOGEUSDT,1780041600001,0.0001
DOGEUSDT,1780070400008,0.00002898
DOGEUSDT,1780099200000,0.0000749
DOGEUSDT,1780128000001,0.00005439
DOGEUSDT,1780156800000,-0.00000803
DOGEUSDT,1780185600000,0.00007738
DOGEUSDT,1780214400000,0.00007582
DOGEUSDT,1780243200004,0.00003376
DOGEUSDT,1780272000001,0.00003009
DOGEUSDT,1780300800001,0.00005635
DOGEUSDT,1780329600000,0.0001
DOGEUSDT,1780358400000,0.0001
DOGEUSDT,1780387200000,0.00001177
DOGEUSDT,1780416000000,-0.00001355
DOGEUSDT,1780444800013,-0.00003611
DOGEUSDT,1780473600000,0.00008397
DOGEUSDT,1780502400001,0.00008395
DOGEUSDT,1780531200009,0.00001319
DOGEUSDT,1780560000000,0.00005434
DOGEUSDT,1780588800003,-0.00001174
DOGEUSDT,1780617600000,-0.00001933
DOGEUSDT,1780646400004,-0.00004271
DOGEUSDT,1780675200009,0.00002475
DOGEUSDT,1780704000000,0.00003375
DOGEUSDT,1780732800000,0.00003534
DOGEUSDT,1780761600000,0.00004718
DOGEUSDT,1780790400001,-0.00005421
DOGEUSDT,1780819200000,-0.00007719
DOGEUSDT,1780848000000,0.00007999
DOGEUSDT,1780876800000,0.00002347
DOGEUSDT,1780905600005,0.00001083
DOGEUSDT,1780934400004,0.00003034
DOGEUSDT,1780963200000,-0.00007598
DOGEUSDT,1780992000000,0.00008798
DOGEUSDT,1781020800001,0.00000552
DOGEUSDT,1781049600001,0.00008528
DOGEUSDT,1781078400011,-0.00002574
DOGEUSDT,1781107200009,0.00000308
DOGEUSDT,1781136000000,0.00001304
DOGEUSDT,1781164800004,0.00007047
DOGEUSDT,1781193600000,0.0000726
DOGEUSDT,1781222400000,0.00004564
DOGEUSDT,1781251200000,0.00001291
DOGEUSDT,1781280000000,-0.00001718
DOGEUSDT,1781308800000,0.00005952
DOGEUSDT,1781337600007,-0.000027
DOGEUSDT,1781366400002,0.0001
DOGEUSDT,1781395200005,0.00000303
DOGEUSDT,1781424000009,0.00001088
DOGEUSDT,1781452800000,0.00002381
DOGEUSDT,1781481600013,0.0000795
DOGEUSDT,1781510400013,0.00007326
DOGEUSDT,1781539200004,0.00009537
DOGEUSDT,1781568000000,-0.00001369
DOGEUSDT,1781596800000,-0.00005967
DOGEUSDT,1781625600001,0.00003421
DOGEUSDT,1781654400012,0.0001
DOGEUSDT,1781683200000,0.00003924
DOGEUSDT,1781712000000,-0.00005572
DOGEUSDT,1781740800002,0.00000251
DOGEUSDT,1781769600000,-0.00003073
DOGEUSDT,1781798400001,0.00003024
DOGEUSDT,1781827200005,0.00004183
DOGEUSDT,1781856000001,-0.00004223
DOGEUSDT,1781884800001,-0.00003099
DOGEUSDT,1781913600001,0.00000075
DOGEUSDT,1781942400000,0.00000049
DOGEUSDT,1781971200001,-0.00004583
DOGEUSDT,1782000000000,0.0000461
DOGEUSDT,1782028800000,-0.00006632
DOGEUSDT,1782057600000,0.00004411
DOGEUSDT,1782086400000,0.00001597
DOGEUSDT,1782115200000,0.00002027
DOGEUSDT,1782144000002,0.0000251
DOGEUSDT,1782172800003,-0.00002023
DOGEUSDT,1782201600005,-0.00007829
DOGEUSDT,1782230400002,-0.00003316
DOGEUSDT,1782259200005,-0.00001024
DOGEUSDT,1782288000005,-0.00005068
DOGEUSDT,1782316800003,-0.00008076
DOGEUSDT,1782345600000,0.00005894
DOGEUSDT,1782374400000,0.00003071
DOGEUSDT,1782403200000,0.00000145
DOGEUSDT,1782432000010,0.0000395
DOGEUSDT,1782460800002,0.00006373
DOGEUSDT,1782489600000,0.00004136
DOGEUSDT,1782518400000,0.00004581
DOGEUSDT,1782547200000,0.00004296
DOGEUSDT,1782576000009,-0.00000569
DOGEUSDT,1782604800000,-0.00000075
DOGEUSDT,1782633600013,-0.00003176
DOGEUSDT,1782662400000,-0.00002157
DOGEUSDT,1782691200006,-0.00002792
DOGEUSDT,1782720000013,0.00002851
DOGEUSDT,1782748800004,-0.00000947
DOGEUSDT,1782777600000,0.0000159
DOGEUSDT,1782806400000,-0.00000288
DOGEUSDT,1782835200005,-0.00000634
DOGEUSDT,1782864000000,0.00008955
DOGEUSDT,1782892800000,0.00004431
DOGEUSDT,1782921600000,0.00006791
DOGEUSDT,1782950400000,0.00000027
DOGEUSDT,1782979200000,0.00002435
DOGEUSDT,1783008000000,0.0001
DOGEUSDT,1783036800000,0.00004714
DOGEUSDT,1783065600007,0.0001
DOGEUSDT,1783094400000,0.0001
DOGEUSDT,1783123200000,0.0001
DOGEUSDT,1783152000000,0.0001
DOGEUSDT,1783180800007,0.0001
DOGEUSDT,1783209600003,0.0001
DOGEUSDT,1783238400001,0.00003894
DOGEUSDT,1783267200000,0.0001
DOGEUSDT,1783296000000,0.0001
DOGEUSDT,1783324800000,0.00008336
DOGEUSDT,1783353600000,0.00002713
DOGEUSDT,1783382400000,0.0001
DOGEUSDT,1783411200000,-0.00001677
DOGEUSDT,1783440000000,0.00005002
DOGEUSDT,1783468800000,0.00004686
DOGEUSDT,1783497600000,-0.00000052
DOGEUSDT,1783526400000,0.00000597
DOGEUSDT,1783555200000,0.00006866
DOGEUSDT,1783584000001,0.00005952
DOGEUSDT,1783612800001,0.00005165
DOGEUSDT,1783641600000,0.00003147
DOGEUSDT,1783670400005,0.00009544
DOGEUSDT,1783699200005,0.00009551
DOGEUSDT,1783728000000,0.00009327
DOGEUSDT,1783756800000,0.0001
DOGEUSDT,1783785600000,0.0001
DOGEUSDT,1783814400000,0.00005205
DOGEUSDT,1783843200003,-0.0000125
DOGEUSDT,1783872000000,0.00004567
DOGEUSDT,1783900800000,-0.00000363
DOGEUSDT,1783929600001,-0.00004602
DOGEUSDT,1783958400004,-0.00000182
DOGEUSDT,1783987200000,-0.00000111
DOGEUSDT,1784016000002,0.00008814
DOGEUSDT,1784044800001,0.0001
DOGEUSDT,1784073600005,0.00007995
DOGEUSDT,1784102400002,0.00009404
DOGEUSDT,1784131200000,0.00009641
DOGEUSDT,1784160000000,0.0001
DOGEUSDT,1784188800003,0.00006511
DOGEUSDT,1784217600002,0.00006116
DOGEUSDT,1784246400000,0.00005036
DOGEUSDT,1784275200010,-0.0000544
DOGEUSDT,1784304000004,0.00001845
DOGEUSDT,1784332800000,0.00005576
DOGEUSDT,1784361600000,0.00000748
DOGEUSDT,1784390400001,0.00004382
DOGEUSDT,1784419200003,0.0000869
DOGEUSDT,1784448000000,0.00005359
DOGEUSDT,1784476800001,0.00005285
DOGEUSDT,1784505600000,-0.00001342
DOGEUSDT,1784534400001,-0.0000345
DOGEUSDT,1784563200004,0.00008786
DOGEUSDT,1784592000001,0.0001
DOGEUSDT,1784620800000,0.0001
DOGEUSDT,1784649600002,0.0001
DOGEUSDT,1784678400000,0.0001
DOGEUSDT,1784707200000,0.00004835
DOGEUSDT,1784736000001,0.00008337
DOGEUSDT,1784764800000,-0.00000262
DOGEUSDT,1784793600000,-0.00003174
DOGEUSDT,1784822400000,-0.00008144
DOGEUSDT,1784851200000,-0.00013699
DOGEUSDT,1784880000000,-0.0000338
DOGEUSDT,1784908800008,-0.00002812
DOGEUSDT,1784937600002,-0.00001336
DOGEUSDT,1784966400000,0.00000059
DOGEUSDT,1784995200000,0.00004723
DOGEUSDT,1785024000000,0.0001
DOGEUSDT,1785052800002,0.0001
DOGEUSDT,1785081600000,0.00009495
DOGEUSDT,1785110400010,0.00004026
DOGEUSDT,1785139200000,0.00008132
DOGEUSDT,1785168000001,0.00003523
DOGEUSDT,1785196800000,0.00001924
DOGEUSDT,1785225600000,-0.00000297
DOGEUSDT,1785254400000,0.00005786
DOGEUSDT,1785283200000,0.00009292
DOGEUSDT,1785312000002,0.00008902
DOGEUSDT,1785340800000,-0.00001396
DOGEUSDT,1785369600000,-0.00001126
DOGEUSDT,1785398400000,-0.00000093
DOGEUSDT,1785427200000,0.00008894
DOGEUSDT,1785456000003,0.0000761
DOGEUSDT,1785484800000,-0.00004701
DOGEUSDT,1785513600000,0.00002029
