symbol,timestamp_ms,funding_rate
SUIUSDT,1683129600011,0.0001
SUIUSDT,1683158400000,-0.00192157
SUIUSDT,1683187200000,-0.00003131
SUIUSDT,1683216000011,-0.00111865
SUIUSDT,1683244800002,-0.0003282
SUIUSDT,1683273600000,0.0001
SUIUSDT,1683302400000,0.0001
SUIUSDT,1683331200009,0.0001
SUIUSDT,1683360000000,0.0001
SUIUSDT,1683388800000,0.0001
SUIUSDT,1683417600000,0.0001
SUIUSDT,1683446400000,0.0001
SUIUSDT,1683475200006,0.0001
SUIUSDT,1683504000000,0.0001
SUIUSDT,1683532800007,-0.00001972
SUIUSDT,1683561600015,-0.00012136
SUIUSDT,1683590400015,-0.00099759
SUIUSDT,1683619200000,-0.00001113
SUIUSDT,1683648000000,-0.00132376
SUIUSDT,1683676800007,-0.00254
SUIUSDT,1683705600003,-0.00286299
SUIUSDT,1683734400000,0.0001
SUIUSDT,1683763200011,0.00005483
SUIUSDT,1683792000000,-0.00017154
SUIUSDT,1683820800005,0.0001
SUIUSDT,1683849600020,-0.00007031
SUIUSDT,1683878400001,-0.00005917
SUIUSDT,1683907200010,-0.00005787
SUIUSDT,1683936000000,0.00001178
SUIUSDT,1683964800000,0.00008279
SUIUSDT,1683993600026,0.0001
SUIUSDT,1684022400029,0.0001
SUIUSDT,1684051200010,0.0001
SUIUSDT,1684080000008,0.0001
SUIUSDT,1684108800006,0.0000478
SUIUSDT,1684137600005,-0.00006129
SUIUSDT,1684166400008,-0.00006221
SUIUSDT,1684195200021,-0.00021438
SUIUSDT,1684224000000,-0.00046704
SUIUSDT,1684252800000,0.00000143
SUIUSDT,1684281600010,-0.00001752
SUIUSDT,1684310400000,0.00004174
SUIUSDT,1684339200001,0.0001
SUIUSDT,1684368000000,0.0000498
SUIUSDT,1684396800026,0.0001
SUIUSDT,1684425600019,0.00002045
SUIUSDT,1684454400000,0.00000034
SUIUSDT,1684483200002,0.0001
SUIUSDT,1684512000000,0.0001
SUIUSDT,1684540800005,0.0001
SUIUSDT,1684569600014,0.0001
SUIUSDT,1684598400020,0.0001
SUIUSDT,1684627200014,0.0001
SUIUSDT,1684656000001,0.0001
SUIUSDT,1684684800015,0.0001
SUIUSDT,1684713600028,0.00004126
SUIUSDT,1684742400000,0.00004541
SUIUSDT,1684771200012,0.0001
SUIUSDT,1684800000006,0.00009707
SUIUSDT,1684828800014,0.0001
SUIUSDT,1684857600008,0.0001
SUIUSDT,1684886400000,0.0001
SUIUSDT,1684915200025,-0.00001585
SUIUSDT,1684944000008,0.0000423
SUIUSDT,1684972800000,-0.00005261
SUIUSDT,1685001600025,0.0001
SUIUSDT,1685030400016,0.0001
SUIUSDT,1685059200000,0.0001
SUIUSDT,1685088000024,0.0001
SUIUSDT,1685116800012,0.0001
SUIUSDT,1685145600012,0.0001
SUIUSDT,1685174400018,0.0001
SUIUSDT,1685203200008,0.0001
SUIUSDT,1685232000017,0.0001
SUIUSDT,1685260800015,0.0001
SUIUSDT,1685289600000,0.0001
SUIUSDT,1685318400000,0.0001
SUIUSDT,1685347200020,0.0001
SUIUSDT,1685376000011,0.0001
SUIUSDT,1685404800003,0.0001
SUIUSDT,1685433600000,0.0001
SUIUSDT,1685462400003,0.0001
SUIUSDT,1685491200013,0.0001
SUIUSDT,1685520000000,0.0001
SUIUSDT,1685548800000,0.0001
SUIUSDT,1685577600008,0.0001
SUIUSDT,1685606400012,0.0001
SUIUSDT,1685635200000,0.0001
SUIUSDT,1685664000000,0.0001
SUIUSDT,1685692800006,0.0001
SUIUSDT,1685721600012,0.0001
SUIUSDT,1685750400000,0.0001
SUIUSDT,1685779200011,0.0001
SUIUSDT,1685808000003,0.0001
SUIUSDT,1685836800000,0.0001
SUIUSDT,1685865600000,0.0001
SUIUSDT,1685894400000,0.0001
SUIUSDT,1685923200005,0.0001
SUIUSDT,1685952000000,0.0001
SUIUSDT,1685980800000,0.0001
SUIUSDT,1686009600000,0.00004142
SUIUSDT,1686038400009,-0.00005884
SUIUSDT,1686067200013,0.00000162
SUIUSDT,1686096000000,0.0001
SUIUSDT,1686124800016,0.00009117
SUIUSDT,1686153600000,0.0001
SUIUSDT,1686182400006,0.0001
SUIUSDT,1686211200000,0.0001
SUIUSDT,1686240000000,0.0001
SUIUSDT,1686268800000,0.0001
SUIUSDT,1686297600000,0.0001
SUIUSDT,1686326400000,0.0001
SUIUSDT,1686355200000,0.0001
SUIUSDT,1686384000000,-0.00018428
SUIUSDT,1686412800000,-0.00045174
SUIUSDT,1686441600001,-0.00034579
SUIUSDT,1686470400000,-0.00018322
SUIUSDT,1686499200000,-0.00013871
SUIUSDT,1686528000000,-0.00004764
SUIUSDT,1686556800000,-0.00014716
SUIUSDT,1686585600001,0.00008656
SUIUSDT,1686614400000,-0.00008878
SUIUSDT,1686643200000,-0.00044107
SUIUSDT,1686672000000,-0.00008064
SUIUSDT,1686700800000,-0.00023774
SUIUSDT,1686729600000,-0.00013975
SUIUSDT,1686758400000,-0.00009708
SUIUSDT,1686787200000,-0.0000994
SUIUSDT,1686816000000,-0.00002721
SUIUSDT,1686844800000,0.00004251
SUIUSDT,1686873600000,-0.00004081
SUIUSDT,1686902400000,-0.00024871
SUIUSDT,1686931200000,-0.000184
SUIUSDT,1686960000000,-0.00010881
SUIUSDT,1686988800000,-0.00029115
SUIUSDT,1687017600000,-0.00009877
SUIUSDT,1687046400000,-0.00004036
SUIUSDT,1687075200000,-0.00028728
SUIUSDT,1687104000000,-0.00022026
SUIUSDT,1687132800000,-0.0001707
SUIUSDT,1687161600000,-0.00045979
SUIUSDT,1687190400000,-0.00009542
SUIUSDT,1687219200001,-0.00030822
SUIUSDT,1687248000000,0.00000761
SUIUSDT,1687276800000,0.00003981
SUIUSDT,1687305600000,-0.00000139
SUIUSDT,1687334400000,0.00006908
SUIUSDT,1687363200000,-0.00020578
SUIUSDT,1687392000000,-0.00006746
SUIUSDT,1687420800001,0.00001947
SUIUSDT,1687449600000,-0.00002266
SUIUSDT,1687478400000,-0.00001731
SUIUSDT,1687507200000,0.0001
SUIUSDT,1687536000000,0.00001344
SUIUSDT,1687564800000,0.00004567
SUIUSDT,1687593600000,-0.00000848
SUIUSDT,1687622400000,-0.0002431
SUIUSDT,1687651200000,-0.00023617
SUIUSDT,1687680000000,-0.00004063
SUIUSDT,1687708800000,-0.00004482
SUIUSDT,1687737600000,-0.0000732
SUIUSDT,1687766400000,-0.00009581
SUIUSDT,1687795200000,-0.00000516
SUIUSDT,1687824000000,-0.00007448
SUIUSDT,1687852800000,-0.00012209
SUIUSDT,1687881600000,-0.00044013
SUIUSDT,1687910400000,-0.00023556
SUIUSDT,1687939200000,0.00000239
SUIUSDT,1687968000000,-0.00019797
SUIUSDT,1687996800000,-0.00015526
SUIUSDT,1688025600000,-0.00013726
SUIUSDT,1688054400000,-0.00037707
SUIUSDT,1688083200000,-0.00035261
SUIUSDT,1688112000000,0.00002292
SUIUSDT,1688140800001,0.0001
SUIUSDT,1688169600000,0.0001
SUIUSDT,1688198400000,0.0001
SUIUSDT,1688227200000,0.00000479
SUIUSDT,1688256000000,-0.00003848
SUIUSDT,1688284800000,0.00000329
SUIUSDT,1688313600001,0.00008162
SUIUSDT,1688342400000,0.0001
SUIUSDT,1688371200000,0.0001
SUIUSDT,1688400000000,0.0001
SUIUSDT,1688428800001,0.0001
SUIUSDT,1688457600000,0.0001
SUIUSDT,1688486400000,0.00004351
SUIUSDT,1688515200000,-0.00014474
SUIUSDT,1688544000000,-0.00009664
SUIUSDT,1688572800000,-0.00004834
SUIUSDT,1688601600000,-0.00039038
SUIUSDT,1688630400000,-0.00012866
SUIUSDT,1688659200000,-0.0004059
SUIUSDT,1688688000000,0.00007368
SUIUSDT,1688716800000,-0.00029288
SUIUSDT,1688745600000,-0.00018456
SUIUSDT,1688774400000,-0.00026281
SUIUSDT,1688803200000,0.00000162
SUIUSDT,1688832000000,-0.00012131
SUIUSDT,1688860800000,-0.0000584
SUIUSDT,1688889600000,-0.00012947
SUIUSDT,1688918400000,0.00002876
SUIUSDT,1688947200000,-0.00001354
SUIUSDT,1688976000000,-0.00023515
SUIUSDT,1689004800000,-0.00009678
SUIUSDT,1689033600000,0.00007221
SUIUSDT,1689062400000,0.0001
SUIUSDT,1689091200000,-0.00018713
SUIUSDT,1689120000000,-0.00010697
SUIUSDT,1689148800000,0.0001
SUIUSDT,1689177600000,0.00009689
SUIUSDT,1689206400000,-0.00003779
SUIUSDT,1689235200000,-0.00023009
SUIUSDT,1689264000000,-0.00001712
SUIUSDT,1689292800000,0.0001
SUIUSDT,1689321600000,0.0001
SUIUSDT,1689350400000,0.0001
SUIUSDT,1689379200000,0.0001
SUIUSDT,1689408000000,0.0001
SUIUSDT,1689436800000,0.0001
SUIUSDT,1689465600001,0.0001
SUIUSDT,1689494400000,0.0001
SUIUSDT,1689523200000,0.0001
SUIUSDT,1689552000000,0.00009545
SUIUSDT,1689580800000,0.0001
SUIUSDT,1689609600000,0.0001
SUIUSDT,1689638400000,0.0001
SUIUSDT,1689667200000,0.0001
SUIUSDT,1689696000000,0.0001
SUIUSDT,1689724800000,0.0001
SUIUSDT,1689753600000,0.0001
SUIUSDT,1689782400001,0.00001476
SUIUSDT,1689811200000,0.00000883
SUIUSDT,1689840000000,0.0001
SUIUSDT,1689868800000,0.0000675
SUIUSDT,1689897600001,0.00007623
SUIUSDT,1689926400000,0.00007947
SUIUSDT,1689955200000,0.00007668
SUIUSDT,1689984000000,0.00007153
SUIUSDT,1690012800000,0.0001
SUIUSDT,1690041600000,0.0001
SUIUSDT,1690070400000,0.0001
SUIUSDT,1690099200000,0.0001
SUIUSDT,1690128000000,0.0001
SUIUSDT,1690156800000,0.0001
SUIUSDT,1690185600000,0.0001
SUIUSDT,1690214400000,-0.00028431
SUIUSDT,1690243200000,-0.00019413
SUIUSDT,1690272000000,0.00004885
SUIUSDT,1690300800000,0.00001631
SUIUSDT,1690329600000,0.000052
SUIUSDT,1690358400001,0.0001
SUIUSDT,1690387200000,0.00009438
SUIUSDT,1690416000000,-0.00020097
SUIUSDT,1690444800000,-0.00012993
SUIUSDT,1690473600001,0.0001
SUIUSDT,1690502400000,-0.00009958
SUIUSDT,1690531200000,-0.00004012
SUIUSDT,1690560000000,0.0001
SUIUSDT,1690588800000,-0.00001945
SUIUSDT,1690617600000,-0.00000859
SUIUSDT,1690646400001,-0.00014508
SUIUSDT,1690675200000,0.00007772
SUIUSDT,1690704000000,0.0001
SUIUSDT,1690732800000,0.0001
SUIUSDT,1690761600000,-0.00029937
SUIUSDT,1690790400000,-0.00014952
SUIUSDT,1690819200001,0.0000948
SUIUSDT,1690848000000,0.00009309
SUIUSDT,1690876800000,-0.00000851
SUIUSDT,1690905600000,0.00006629
SUIUSDT,1690934400000,0.00009474
SUIUSDT,1690963200000,0.0001
SUIUSDT,1690992000000,0.0001
SUIUSDT,1691020800000,-0.00001945
SUIUSDT,1691049600000,0.0001
SUIUSDT,1691078400001,-0.00004763
SUIUSDT,1691107200000,-0.00034611
SUIUSDT,1691136000000,0.00001445
SUIUSDT,1691164800000,0.00004764
SUIUSDT,1691193600000,-0.00001957
SUIUSDT,1691222400000,-0.00013959
SUIUSDT,1691251200001,0.00006714
SUIUSDT,1691280000000,0.00003535
SUIUSDT,1691308800001,0.0001
SUIUSDT,1691337600005,0.0001
SUIUSDT,1691366400000,0.0001
SUIUSDT,1691395200000,0.0001
SUIUSDT,1691424000000,0.0001
SUIUSDT,1691452800000,0.00007113
SUIUSDT,1691481600000,0.00005342
SUIUSDT,1691510400000,0.0001
SUIUSDT,1691539200000,0.00008378
SUIUSDT,1691568000000,0.0001
SUIUSDT,1691596800000,0.0001
SUIUSDT,1691625600001,0.0001
SUIUSDT,1691654400000,0.00003946
SUIUSDT,1691683200000,0.00009553
SUIUSDT,1691712000000,0.0001
SUIUSDT,1691740800000,0.0001
SUIUSDT,1691769600000,0.0001
SUIUSDT,1691798400000,0.0001
SUIUSDT,1691827200000,0.0001
SUIUSDT,1691856000000,0.0001
SUIUSDT,1691884800000,0.0001
SUIUSDT,1691913600000,0.0001
SUIUSDT,1691942400000,0.0001
SUIUSDT,1691971200001,0.0001
SUIUSDT,1692000000000,0.0001
SUIUSDT,1692028800000,0.0001
SUIUSDT,1692057600001,0.0001
SUIUSDT,1692086400000,0.0001
SUIUSDT,1692115200000,0.0001
SUIUSDT,1692144000000,-0.00004582
SUIUSDT,1692172800001,-0.00008986
SUIUSDT,1692201600000,0.0001
SUIUSDT,1692230400000,-0.00005111
SUIUSDT,1692259200000,-0.00035301
SUIUSDT,1692288000000,-0.00006908
SUIUSDT,1692316800000,-0.00051008
SUIUSDT,1692345600000,0.00003533
SUIUSDT,1692374400000,-0.00030296
SUIUSDT,1692403200000,-0.00010738
SUIUSDT,1692432000000,-0.00008862
SUIUSDT,1692460800000,0.00002862
SUIUSDT,1692489600000,-0.00004966
SUIUSDT,1692518400000,0.00007225
SUIUSDT,1692547200000,-0.00005694
SUIUSDT,1692576000000,0.00000561
SUIUSDT,1692604800000,0.00004263
SUIUSDT,1692633600000,0.00001276
SUIUSDT,1692662400000,-0.00014579
SUIUSDT,1692691200000,-0.00022104
SUIUSDT,1692720000000,0.00004328
SUIUSDT,1692748800000,-0.00011519
SUIUSDT,1692777600000,-0.0001301
SUIUSDT,1692806400000,-0.00002426
SUIUSDT,1692835200000,0.00005175
SUIUSDT,1692864000000,0.00002552
SUIUSDT,1692892800000,0.0001
SUIUSDT,1692921600000,-0.00008167
SUIUSDT,1692950400000,-0.00001004
SUIUSDT,1692979200000,0.00001776
SUIUSDT,1693008000000,-0.00019703
SUIUSDT,1693036800000,-0.00037286
SUIUSDT,1693065600000,-0.00021533
SUIUSDT,1693094400000,-0.00013005
SUIUSDT,1693123200000,-0.00010591
SUIUSDT,1693152000000,-0.00018878
SUIUSDT,1693180800000,-0.00033673
SUIUSDT,1693209600001,-0.00005161
SUIUSDT,1693238400001,-0.00035348
SUIUSDT,1693267200000,-0.00048828
SUIUSDT,1693296000000,-0.00015186
SUIUSDT,1693324800000,-0.0003757
SUIUSDT,1693353600000,-0.00056747
SUIUSDT,1693382400000,-0.00028641
SUIUSDT,1693411200000,-0.00027295
SUIUSDT,1693440000000,-0.00022641
SUIUSDT,1693468800000,0.00001359
SUIUSDT,1693497600000,-0.00025305
SUIUSDT,1693526400000,-0.00025223
SUIUSDT,1693555200000,-0.00015953
SUIUSDT,1693584000001,0.0000171
SUIUSDT,1693612800000,-0.00005337
SUIUSDT,1693641600000,-0.00008561
SUIUSDT,1693670400000,-0.00011658
SUIUSDT,1693699200000,-0.00016083
SUIUSDT,1693728000000,0.00006171
SUIUSDT,1693756800000,-0.00016326
SUIUSDT,1693785600000,-0.00011564
SUIUSDT,1693814400000,-0.00003507
SUIUSDT,1693843200000,-0.00000867
SUIUSDT,1693872000000,0.00002668
SUIUSDT,1693900800000,0.00007852
SUIUSDT,1693929600000,0.00003779
SUIUSDT,1693958400000,0.00006792
SUIUSDT,1693987200000,0.0001
SUIUSDT,1694016000001,0.0001
SUIUSDT,1694044800000,0.0001
SUIUSDT,1694073600000,0.00003603
SUIUSDT,1694102400000,0.00004947
SUIUSDT,1694131200000,-0.00003137
SUIUSDT,1694160000000,0.00002356
SUIUSDT,1694188800000,0.00004737
SUIUSDT,1694217600000,0.0001
SUIUSDT,1694246400000,0.0001
SUIUSDT,1694275200000,0.00007018
SUIUSDT,1694304000000,-0.00002041
SUIUSDT,1694332800000,-0.00010943
SUIUSDT,1694361600000,0.00003011
SUIUSDT,1694390400000,-0.00013369
SUIUSDT,1694419200000,-0.0000796
SUIUSDT,1694448000001,-0.00008804
SUIUSDT,1694476800000,-0.00012927
SUIUSDT,1694505600000,-0.00019401
SUIUSDT,1694534400000,-0.00001713
SUIUSDT,1694563200000,-0.00008903
SUIUSDT,1694592000000,-0.00011637
SUIUSDT,1694620800000,0.00003022
SUIUSDT,1694649600000,-0.00017821
SUIUSDT,1694678400001,-0.00012678
SUIUSDT,1694707200000,-0.00005999
SUIUSDT,1694736000000,-0.00026486
SUIUSDT,1694764800000,0.00002317
SUIUSDT,1694793600000,0.0001
SUIUSDT,1694822400000,0.00008062
SUIUSDT,1694851200000,0.0001
SUIUSDT,1694880000000,0.00004054
SUIUSDT,1694908800000,0.0001
SUIUSDT,1694937600000,0.00007843
SUIUSDT,1694966400000,0.00009121
SUIUSDT,1694995200000,0.0001
SUIUSDT,1695024000000,0.00005783
SUIUSDT,1695052800000,0.0001
SUIUSDT,1695081600000,-0.00000172
SUIUSDT,1695110400001,0.0001
SUIUSDT,1695139200000,0.00009868
SUIUSDT,1695168000000,0.0001
SUIUSDT,1695196800000,0.0001
SUIUSDT,1695225600000,0.00000722
SUIUSDT,1695254400001,0.0001
SUIUSDT,1695283200000,0.00004857
SUIUSDT,1695312000000,0.00004092
SUIUSDT,1695340800000,0.00007327
SUIUSDT,1695369600000,0.00004702
SUIUSDT,1695398400000,0.0001
SUIUSDT,1695427200000,0.0001
SUIUSDT,1695456000000,0.0001
SUIUSDT,1695484800000,0.00002479
SUIUSDT,1695513600000,0.0001
SUIUSDT,1695542400000,0.0001
SUIUSDT,1695571200000,-0.00019441
SUIUSDT,1695600000000,-0.00003714
SUIUSDT,1695628800000,-0.00011073
SUIUSDT,1695657600000,0.00004519
SUIUSDT,1695686400000,0.00008008
SUIUSDT,1695715200000,0.0001
SUIUSDT,1695744000000,-0.00003603
SUIUSDT,1695772800000,0.00009943
SUIUSDT,1695801600001,0.00003622
SUIUSDT,1695830400000,0.00003811
SUIUSDT,1695859200000,0.00004568
SUIUSDT,1695888000000,0.0001
SUIUSDT,1695916800000,0.0001
SUIUSDT,1695945600000,0.0001
SUIUSDT,1695974400000,0.00008175
SUIUSDT,1696003200000,0.00007722
SUIUSDT,1696032000000,-0.0000928
SUIUSDT,1696060800000,0.00008129
SUIUSDT,1696089600000,-0.00001649
SUIUSDT,1696118400000,0.00005926
SUIUSDT,1696147200000,0.00009672
SUIUSDT,1696176000000,0.0001
SUIUSDT,1696204800000,0.0001
SUIUSDT,1696233600000,0.0001
SUIUSDT,1696262400000,0.00009003
SUIUSDT,1696291200000,-0.00008678
SUIUSDT,1696320000000,0.0001
SUIUSDT,1696348800000,-0.00001482
SUIUSDT,1696377600000,-0.00002936
SUIUSDT,1696406400000,0.00004752
SUIUSDT,1696435200000,0.00006562
SUIUSDT,1696464000000,-0.00005385
SUIUSDT,1696492800000,-0.00006192
SUIUSDT,1696521600001,-0.00006643
SUIUSDT,1696550400000,-0.00012156
SUIUSDT,1696579200000,0.00007483
SUIUSDT,1696608000000,-0.00002852
SUIUSDT,1696636800000,0.00004475
SUIUSDT,1696665600000,0.00003364
SUIUSDT,1696694400000,0.0001
SUIUSDT,1696723200000,0.00000006
SUIUSDT,1696752000001,0.00000962
SUIUSDT,1696780800000,0.00004961
SUIUSDT,1696809600000,0.00006988
SUIUSDT,1696838400000,0.00008476
SUIUSDT,1696867200000,-0.00020595
SUIUSDT,1696896000000,-0.00009572
SUIUSDT,1696924800000,-0.00012959
SUIUSDT,1696953600000,-0.00004142
SUIUSDT,1696982400000,-0.00003464
SUIUSDT,1697011200000,-0.00011097
SUIUSDT,1697040000000,-0.00014215
SUIUSDT,1697068800000,-0.00006555
SUIUSDT,1697097600000,-0.0000308
SUIUSDT,1697126400000,0.00005863
SUIUSDT,1697155200000,0.00009905
SUIUSDT,1697184000000,0.00009772
SUIUSDT,1697212800000,-0.00001636
SUIUSDT,1697241600000,-0.00014129
SUIUSDT,1697270400000,-0.00009578
SUIUSDT,1697299200000,0.00006727
SUIUSDT,1697328000000,0.00003634
SUIUSDT,1697356800000,0.00005952
SUIUSDT,1697385600000,0.00004719
SUIUSDT,1697414400000,0.00002842
SUIUSDT,1697443200000,0.0001
SUIUSDT,1697472000000,0.0001
SUIUSDT,1697500800000,-0.0000121
SUIUSDT,1697529600000,-0.00008942
SUIUSDT,1697558400000,-0.00020424
SUIUSDT,1697587200000,-0.00044978
SUIUSDT,1697616000000,-0.00014952
SUIUSDT,1697644800000,0.0000333
SUIUSDT,1697673600000,0.0000259
SUIUSDT,1697702400001,-0.00006598
SUIUSDT,1697731200000,-0.00007302
SUIUSDT,1697760000000,-0.00008717
SUIUSDT,1697788800005,-0.00007166
SUIUSDT,1697817600000,0.00006682
SUIUSDT,1697846400000,0.000074
SUIUSDT,1697875200000,0.00007669
SUIUSDT,1697904000000,0.00004761
SUIUSDT,1697932800000,0.00006427
SUIUSDT,1697961600000,0.00008993
SUIUSDT,1697990400000,0.0000813
SUIUSDT,1698019200000,0.0001
SUIUSDT,1698048000001,0.0001
SUIUSDT,1698076800001,0.0001
SUIUSDT,1698105600000,0.0001
SUIUSDT,1698134400000,0.0001
SUIUSDT,1698163200000,0.0001
SUIUSDT,1698192000000,0.0001
SUIUSDT,1698220800000,0.0001
SUIUSDT,1698249600001,0.0001
SUIUSDT,1698278400001,0.0001
SUIUSDT,1698307200000,0.00015363
SUIUSDT,1698336000000,0.0001
SUIUSDT,1698364800000,0.0001
SUIUSDT,1698393600000,0.0001
SUIUSDT,1698422400000,0.00017624
SUIUSDT,1698451200000,0.0001
SUIUSDT,1698480000001,0.0003028
SUIUSDT,1698508800000,0.00016468
SUIUSDT,1698537600000,0.0001
SUIUSDT,1698566400000,0.0001
SUIUSDT,1698595200000,0.00010302
SUIUSDT,1698624000000,0.0001
SUIUSDT,1698652800000,0.0001
SUIUSDT,1698681600000,0.00026266
SUIUSDT,1698710400001,0.0001
SUIUSDT,1698739200000,0.00015302
SUIUSDT,1698768000000,0.00010297
SUIUSDT,1698796800000,0.0001
SUIUSDT,1698825600000,0.0001
SUIUSDT,1698854400000,0.0001
SUIUSDT,1698883200001,0.00039499
SUIUSDT,1698912000000,0.00048614
SUIUSDT,1698940800000,0.0001
SUIUSDT,1698969600000,0.00022222
SUIUSDT,1698998400000,0.0001803
SUIUSDT,1699027200000,0.0001
SUIUSDT,1699056000000,0.0001
SUIUSDT,1699084800000,0.00030384
SUIUSDT,1699113600000,0.00018944
SUIUSDT,1699142400000,0.00033207
SUIUSDT,1699171200000,0.00041981
SUIUSDT,1699200000000,0.00020439
SUIUSDT,1699228800000,0.00014897
SUIUSDT,1699257600001,0.00020751
SUIUSDT,1699286400000,0.00016929
SUIUSDT,1699315200001,0.00013849
SUIUSDT,1699344000000,0.00016136
SUIUSDT,1699372800000,0.0001
SUIUSDT,1699401600000,0.0001
SUIUSDT,1699430400000,0.0001
SUIUSDT,1699459200000,0.00023248
SUIUSDT,1699488000000,0.00034822
SUIUSDT,1699516800000,0.00014133
SUIUSDT,1699545600000,0.0005808
SUIUSDT,1699574400000,0.0001
SUIUSDT,1699603200000,0.0001566
SUIUSDT,1699632000000,0.0001
SUIUSDT,1699660800000,0.00046462
SUIUSDT,1699689600000,0.00029373
SUIUSDT,1699718400000,0.00037899
SUIUSDT,1699747200000,0.00039172
SUIUSDT,1699776000000,0.00054401
SUIUSDT,1699804800001,0.00019659
SUIUSDT,1699833600000,0.00037006
SUIUSDT,1699862400000,0.0001
SUIUSDT,1699891200000,0.00010254
SUIUSDT,1699920000000,0.00020319
SUIUSDT,1699948800000,0.0001
SUIUSDT,1699977600001,0.0001
SUIUSDT,1700006400000,0.0001
SUIUSDT,1700035200000,0.0001
SUIUSDT,1700064000000,0.00015632
SUIUSDT,1700092800000,0.0002054
SUIUSDT,1700121600000,0.00027123
SUIUSDT,1700150400001,0.0001
SUIUSDT,1700179200000,0.0001
SUIUSDT,1700208000001,0.0001
SUIUSDT,1700236800001,0.0001
SUIUSDT,1700265600000,0.0001
SUIUSDT,1700294400000,0.0001
SUIUSDT,1700323200000,0.0001
SUIUSDT,1700352000000,0.0001
SUIUSDT,1700380800000,0.0001
SUIUSDT,1700409600000,0.0001
SUIUSDT,1700438400000,0.0001
SUIUSDT,1700467200000,0.00022633
SUIUSDT,1700496000000,0.0001
SUIUSDT,1700524800000,0.0001
SUIUSDT,1700553600000,0.0001
SUIUSDT,1700582400000,0.0001
SUIUSDT,1700611200000,0.0001
SUIUSDT,1700640000000,0.0001
SUIUSDT,1700668800000,0.0001
SUIUSDT,1700697600000,0.0001
SUIUSDT,1700726400000,0.0001
SUIUSDT,1700755200001,0.0001
SUIUSDT,1700784000000,0.0001
SUIUSDT,1700812800000,0.0001
SUIUSDT,1700841600000,0.0001
SUIUSDT,1700870400000,0.0001
SUIUSDT,1700899200000,0.0001
SUIUSDT,1700928000000,0.0001
SUIUSDT,1700956800000,0.0001
SUIUSDT,1700985600000,0.0001
SUIUSDT,1701014400000,0.0001
SUIUSDT,1701043200000,0.0001
SUIUSDT,1701072000001,0.0001
SUIUSDT,1701100800000,0.0001
SUIUSDT,1701129600000,0.0001
SUIUSDT,1701158400000,0.0001
SUIUSDT,1701187200000,0.0001
SUIUSDT,1701216000001,0.0001
SUIUSDT,1701244800000,0.0001
SUIUSDT,1701273600000,0.0001
SUIUSDT,1701302400000,0.0001
SUIUSDT,1701331200000,0.0001
SUIUSDT,1701360000000,0.0001
SUIUSDT,1701388800000,0.0001
SUIUSDT,1701417600000,0.0001
SUIUSDT,1701446400000,0.0001
SUIUSDT,1701475200000,0.0001
SUIUSDT,1701504000000,0.0001
SUIUSDT,1701532800000,0.0001
SUIUSDT,1701561600000,0.0001
SUIUSDT,1701590400000,0.00022991
SUIUSDT,1701619200000,0.00021559
SUIUSDT,1701648000000,0.00027371
SUIUSDT,1701676800000,0.00043441
SUIUSDT,1701705600000,0.0001
SUIUSDT,1701734400000,0.00035946
SUIUSDT,1701763200000,0.00037327
SUIUSDT,1701792000000,0.00015252
SUIUSDT,1701820800000,0.00024886
SUIUSDT,1701849600000,0.00028442
SUIUSDT,1701878400000,0.00023557
SUIUSDT,1701907200000,0.00013357
SUIUSDT,1701936000000,0.00026956
SUIUSDT,1701964800000,0.00023985
SUIUSDT,1701993600000,0.00048498
SUIUSDT,1702022400000,0.00044965
SUIUSDT,1702051200000,0.00030839
SUIUSDT,1702080000000,0.000344
SUIUSDT,1702108800000,0.00067039
SUIUSDT,1702137600000,0.00039657
SUIUSDT,1702166400000,0.00022714
SUIUSDT,1702195200000,0.0002289
SUIUSDT,1702224000000,0.00023191
SUIUSDT,1702252800000,0.00031231
SUIUSDT,1702281600000,0.00012028
SUIUSDT,1702310400000,0.0001
SUIUSDT,1702339200000,0.0001
SUIUSDT,1702368000000,0.00015831
SUIUSDT,1702396800000,0.00023051
SUIUSDT,1702425600000,0.00039097
SUIUSDT,1702454400000,0.00018088
SUIUSDT,1702483200001,0.00017839
SUIUSDT,1702512000000,0.00020972
SUIUSDT,1702540800000,0.00021757
SUIUSDT,1702569600000,0.00024357
SUIUSDT,1702598400000,0.00024114
SUIUSDT,1702627200000,0.00024018
SUIUSDT,1702656000000,0.00032532
SUIUSDT,1702684800000,0.00021019
SUIUSDT,1702713600000,0.00026248
SUIUSDT,1702742400001,0.00026361
SUIUSDT,1702771200000,0.00019242
SUIUSDT,1702800000000,0.0001208
SUIUSDT,1702828800000,0.00018263
SUIUSDT,1702857600000,0.00019181
SUIUSDT,1702886400001,0.0001
SUIUSDT,1702915200000,0.0001
SUIUSDT,1702944000000,0.00014877
SUIUSDT,1702972800000,0.00013837
SUIUSDT,1703001600000,0.00011174
SUIUSDT,1703030400000,0.0002589
SUIUSDT,1703059200000,0.0001291
SUIUSDT,1703088000000,0.00016861
SUIUSDT,1703116800000,0.00015181
SUIUSDT,1703145600000,0.00017725
SUIUSDT,1703174400000,0.00035247
SUIUSDT,1703203200000,0.00042774
SUIUSDT,1703232000000,0.00041181
SUIUSDT,1703260800000,0.00051508
SUIUSDT,1703289600000,0.00052508
SUIUSDT,1703318400001,0.0002127
SUIUSDT,1703347200000,0.00010561
SUIUSDT,1703376000000,0.00018342
SUIUSDT,1703404800000,0.00032213
SUIUSDT,1703433600000,0.00013044
SUIUSDT,1703462400000,0.00013525
SUIUSDT,1703491200000,0.00038696
SUIUSDT,1703520000000,0.00041813
SUIUSDT,1703548800000,0.00044096
SUIUSDT,1703577600000,0.0004951
SUIUSDT,1703606400000,0.00025233
SUIUSDT,1703635200000,0.00029175
SUIUSDT,1703664000000,0.00029842
SUIUSDT,1703692800000,0.00055939
SUIUSDT,1703721600000,0.00047729
SUIUSDT,1703750400000,0.00081525
SUIUSDT,1703779200000,0.0005505
SUIUSDT,1703808000001,0.00042431
SUIUSDT,1703836800000,0.00063545
SUIUSDT,1703865600000,0.00044179
SUIUSDT,1703894400001,0.00053425
SUIUSDT,1703923200000,0.00027397
SUIUSDT,1703952000000,0.00028146
SUIUSDT,1703980800000,0.00036116
SUIUSDT,1704009600001,0.00046424
SUIUSDT,1704038400000,0.0004147
SUIUSDT,1704067200000,0.0002841
SUIUSDT,1704096000000,0.00024704
SUIUSDT,1704124800000,0.00038114
SUIUSDT,1704153600000,0.00054856
SUIUSDT,1704182400000,0.00055683
SUIUSDT,1704211200000,0.0006796
SUIUSDT,1704240000000,0.00020636
SUIUSDT,1704268800000,0.00045829
SUIUSDT,1704297600000,0.0001
SUIUSDT,1704326400000,0.0001
SUIUSDT,1704355200000,0.0001
SUIUSDT,1704384000000,0.0001
SUIUSDT,1704412800001,0.0001
SUIUSDT,1704441600000,0.0001
SUIUSDT,1704470400000,0.0001
SUIUSDT,1704499200000,0.0001
SUIUSDT,1704528000000,0.0001
SUIUSDT,1704556800000,0.0001
SUIUSDT,1704585600000,0.0001
SUIUSDT,1704614400001,0.0001
SUIUSDT,1704643200001,0.0001
SUIUSDT,1704672000000,0.0001
SUIUSDT,1704700800000,0.0001
SUIUSDT,1704729600000,0.0001
SUIUSDT,1704758400001,0.0001
SUIUSDT,1704787200000,0.0001
SUIUSDT,1704816000000,0.0001
SUIUSDT,1704844800000,0.0001
SUIUSDT,1704873600000,0.0001
SUIUSDT,1704902400000,0.0001
SUIUSDT,1704931200000,0.0001
SUIUSDT,1704960000000,0.0001
SUIUSDT,1704988800000,0.0001
SUIUSDT,1705017600001,0.0001
SUIUSDT,1705046400000,0.0001
SUIUSDT,1705075200000,0.0001
SUIUSDT,1705104000000,0.0001
SUIUSDT,1705132800000,0.0001
SUIUSDT,1705161600001,0.0001
SUIUSDT,1705190400000,0.0001
SUIUSDT,1705219200000,0.0001
SUIUSDT,1705248000001,0.0001
SUIUSDT,1705276800000,0.0001
SUIUSDT,1705305600000,0.0001
SUIUSDT,1705334400000,0.0001
SUIUSDT,1705363200000,0.0001
SUIUSDT,1705392000000,0.0001
SUIUSDT,1705420800001,0.0001
SUIUSDT,1705449600000,0.0001
SUIUSDT,1705478400000,0.0001
SUIUSDT,1705507200000,0.0001
SUIUSDT,1705536000001,0.0001
SUIUSDT,1705564800000,0.0001
SUIUSDT,1705593600000,0.0001
SUIUSDT,1705622400000,0.0001
SUIUSDT,1705651200000,0.0001
SUIUSDT,1705680000002,0.0001
SUIUSDT,1705708800000,0.0001
SUIUSDT,1705737600003,0.0001
SUIUSDT,1705766400000,0.0001
SUIUSDT,1705795200000,0.0001
SUIUSDT,1705824000000,0.0001
SUIUSDT,1705852800000,0.0001
SUIUSDT,1705881600000,0.0001
SUIUSDT,1705910400000,0.0001
SUIUSDT,1705939200000,0.0001
SUIUSDT,1705968000000,0.0001
SUIUSDT,1705996800000,0.0001
SUIUSDT,1706025600000,0.0001
SUIUSDT,1706054400000,0.0001
SUIUSDT,1706083200000,0.0001
SUIUSDT,1706112000000,0.0001
SUIUSDT,1706140800000,0.0001
SUIUSDT,1706169600001,0.0001
SUIUSDT,1706198400000,0.0001
SUIUSDT,1706227200001,0.0001
SUIUSDT,1706256000000,0.0001
SUIUSDT,1706284800000,0.0001
SUIUSDT,1706313600000,0.0001
SUIUSDT,1706342400000,0.0001
SUIUSDT,1706371200000,0.0001
SUIUSDT,1706400000000,0.0001
SUIUSDT,1706428800000,0.0001
SUIUSDT,1706457600000,0.0001
SUIUSDT,1706486400000,0.0001
SUIUSDT,1706515200001,0.0001
SUIUSDT,1706544000000,0.0001
SUIUSDT,1706572800000,0.0001
SUIUSDT,1706601600000,0.0001
SUIUSDT,1706630400001,0.0001
SUIUSDT,1706659200000,0.0001
SUIUSDT,1706688000000,0.0001
SUIUSDT,1706716800000,0.0001
SUIUSDT,1706745600000,0.00002348
SUIUSDT,1706774400000,0.00005946
SUIUSDT,1706803200002,0.00009296
SUIUSDT,1706832000000,0.00008659
SUIUSDT,1706860800000,0.0001
SUIUSDT,1706889600000,0.0001
SUIUSDT,1706918400000,-0.00000188
SUIUSDT,1706947200000,0.0001
SUIUSDT,1706976000001,0.0001
SUIUSDT,1707004800000,0.0001
SUIUSDT,1707033600004,0.0001
SUIUSDT,1707062400000,0.0001
SUIUSDT,1707091200000,0.0001
SUIUSDT,1707120000000,0.0001
SUIUSDT,1707148800000,0.0001
SUIUSDT,1707177600000,0.0001
SUIUSDT,1707206400001,0.0001
SUIUSDT,1707235200000,0.0001
SUIUSDT,1707264000000,0.00003244
SUIUSDT,1707292800000,-0.00000536
SUIUSDT,1707321600000,0.0001
SUIUSDT,1707350400000,-0.00019905
SUIUSDT,1707379200000,0.0001
SUIUSDT,1707408000000,0.00006643
SUIUSDT,1707436800000,0.00001111
SUIUSDT,1707465600000,0.0001
SUIUSDT,1707494400001,0.0001
SUIUSDT,1707523200001,0.0001
SUIUSDT,1707552000000,0.0001
SUIUSDT,1707580800000,0.0001
SUIUSDT,1707609600000,0.0001
SUIUSDT,1707638400001,0.0001
SUIUSDT,1707667200000,0.0001
SUIUSDT,1707696000000,0.0001
SUIUSDT,1707724800000,0.0001
SUIUSDT,1707753600000,0.0001
SUIUSDT,1707782400000,0.0001
SUIUSDT,1707811200000,0.0001
SUIUSDT,1707840000000,0.0001
SUIUSDT,1707868800000,0.0001
SUIUSDT,1707897600000,0.0001
SUIUSDT,1707926400000,0.0001
SUIUSDT,1707955200000,0.0001
SUIUSDT,1707984000000,0.0001
SUIUSDT,1708012800000,0.00025844
SUIUSDT,1708041600000,0.00016346
SUIUSDT,1708070400000,0.00021117
SUIUSDT,1708099200000,0.0001
SUIUSDT,1708128000000,0.0001
SUIUSDT,1708156800000,0.00028122
SUIUSDT,1708185600000,0.00023757
SUIUSDT,1708214400000,0.00013054
SUIUSDT,1708243200000,0.00024262
SUIUSDT,1708272000000,0.00026405
SUIUSDT,1708300800000,0.00027138
SUIUSDT,1708329600000,0.00028738
SUIUSDT,1708358400000,0.00028165
SUIUSDT,1708387200000,0.00050041
SUIUSDT,1708416000000,0.00040148
SUIUSDT,1708444800000,0.00024735
SUIUSDT,1708473600000,0.00013813
SUIUSDT,1708502400000,0.00024739
SUIUSDT,1708531200000,0.00027342
SUIUSDT,1708560000001,0.00019453
SUIUSDT,1708588800001,0.00021487
SUIUSDT,1708617600000,0.00023698
SUIUSDT,1708646400000,0.00017206
SUIUSDT,1708675200000,0.00029198
SUIUSDT,1708704000000,0.00027929
SUIUSDT,1708732800000,0.0001
SUIUSDT,1708761600001,0.00028243
SUIUSDT,1708790400000,0.0002778
SUIUSDT,1708819200001,0.00027079
SUIUSDT,1708848000000,0.00037686
SUIUSDT,1708876800000,0.00044102
SUIUSDT,1708905600000,0.00052488
SUIUSDT,1708934400000,0.0005442
SUIUSDT,1708963200000,0.00054786
SUIUSDT,1708992000000,0.00052564
SUIUSDT,1709020800000,0.00077718
SUIUSDT,1709049600000,0.00054074
SUIUSDT,1709078400000,0.00064651
SUIUSDT,1709107200000,0.00060941
SUIUSDT,1709136000000,0.00078798
SUIUSDT,1709164800000,0.00028639
SUIUSDT,1709193600000,0.00088843
SUIUSDT,1709222400000,0.00083401
SUIUSDT,1709251200000,0.00071061
SUIUSDT,1709280000000,0.00064098
SUIUSDT,1709308800000,0.00060571
SUIUSDT,1709337600000,0.00079917
SUIUSDT,1709366400001,0.00121857
SUIUSDT,1709395200000,0.0011338
SUIUSDT,1709424000000,0.00131562
SUIUSDT,1709452800000,0.00112636
SUIUSDT,1709481600000,0.00074303
SUIUSDT,1709510400000,0.00088269
SUIUSDT,1709539200000,0.00107743
SUIUSDT,1709568000000,0.00090455
SUIUSDT,1709596800000,0.00083876
SUIUSDT,1709625600000,0.00136507
SUIUSDT,1709654400000,0.00112548
SUIUSDT,1709683200000,0.0001
SUIUSDT,1709712000001,0.00020137
SUIUSDT,1709740800000,0.00044418
SUIUSDT,1709769600000,0.00050043
SUIUSDT,1709798400000,0.00056023
SUIUSDT,1709827200000,0.00067115
SUIUSDT,1709856000000,0.00073378
SUIUSDT,1709884800000,0.00076147
SUIUSDT,1709913600000,0.00075317
SUIUSDT,1709942400000,0.00070031
SUIUSDT,1709971200001,0.00099892
SUIUSDT,1710000000000,0.00085377
SUIUSDT,1710028800000,0.00108919
SUIUSDT,1710057600000,0.00086447
SUIUSDT,1710086400000,0.00054926
SUIUSDT,1710115200000,0.00062545
SUIUSDT,1710144000000,0.00074763
SUIUSDT,1710172800000,0.00080864
SUIUSDT,1710201600000,0.00084184
SUIUSDT,1710230400000,0.00071365
SUIUSDT,1710259200000,0.00058504
SUIUSDT,1710288000000,0.00070865
SUIUSDT,1710316800001,0.00073339
SUIUSDT,1710345600000,0.00066071
SUIUSDT,1710374400001,0.0005442
SUIUSDT,1710403200000,0.00078317
SUIUSDT,1710432000000,0.00065145
SUIUSDT,1710460800000,0.00056994
SUIUSDT,1710489600000,0.00034215
SUIUSDT,1710518400000,0.00018456
SUIUSDT,1710547200000,0.00011437
SUIUSDT,1710576000000,0.00039169
SUIUSDT,1710604800000,0.00028127
SUIUSDT,1710633600000,0.00019211
SUIUSDT,1710662400000,0.00020404
SUIUSDT,1710691200000,0.00012983
SUIUSDT,1710720000000,0.00012354
SUIUSDT,1710748800000,0.0003258
SUIUSDT,1710777600001,0.00031591
SUIUSDT,1710806400000,0.00010895
SUIUSDT,1710835200000,0.0001
SUIUSDT,1710864000001,0.00019245
SUIUSDT,1710892800000,0.00019412
SUIUSDT,1710921600004,0.0001
SUIUSDT,1710950400000,0.0001
SUIUSDT,1710979200000,0.00032465
SUIUSDT,1711008000000,0.00025345
SUIUSDT,1711036800000,0.00017672
SUIUSDT,1711065600000,0.00029901
SUIUSDT,1711094400000,0.00025884
SUIUSDT,1711123200000,0.00026987
SUIUSDT,1711152000000,0.00017504
SUIUSDT,1711180800000,0.0001
SUIUSDT,1711209600000,0.00011568
SUIUSDT,1711238400000,0.0001
SUIUSDT,1711267200000,0.00015402
SUIUSDT,1711296000000,0.0001104
SUIUSDT,1711324800000,0.00014499
SUIUSDT,1711353600001,0.00010455
SUIUSDT,1711382400000,0.00012307
SUIUSDT,1711411200000,0.00021987
SUIUSDT,1711440000000,0.00029761
SUIUSDT,1711468800000,0.00042586
SUIUSDT,1711497600000,0.00036247
SUIUSDT,1711526400001,0.00063761
SUIUSDT,1711555200000,0.00043216
SUIUSDT,1711584000000,0.00051076
SUIUSDT,1711612800000,0.00031394
SUIUSDT,1711641600000,0.00044474
SUIUSDT,1711670400000,0.0003996
SUIUSDT,1711699200000,0.00045446
SUIUSDT,1711728000000,0.00038001
SUIUSDT,1711756800000,0.00045509
SUIUSDT,1711785600000,0.00031587
SUIUSDT,1711814400000,0.00035775
SUIUSDT,1711843200000,0.00029525
SUIUSDT,1711872000000,0.00044681
SUIUSDT,1711900800001,0.00042606
SUIUSDT,1711929600000,0.00040806
SUIUSDT,1711958400000,0.00034352
SUIUSDT,1711987200000,0.00026303
SUIUSDT,1712016000007,0.00018774
SUIUSDT,1712044800015,0.0001
SUIUSDT,1712073600000,0.0001
SUIUSDT,1712102400000,0.0001
SUIUSDT,1712131200000,0.0001
SUIUSDT,1712160000000,0.00012778
SUIUSDT,1712188800000,0.00013179
SUIUSDT,1712217600000,0.00010731
SUIUSDT,1712246400000,0.00014358
SUIUSDT,1712275200000,0.0001
SUIUSDT,1712304000000,0.00010522
SUIUSDT,1712332800000,0.0001
SUIUSDT,1712361600000,0.0001
SUIUSDT,1712390400000,0.00013813
SUIUSDT,1712419200000,0.0001728
SUIUSDT,1712448000000,0.00017775
SUIUSDT,1712476800000,0.00019512
SUIUSDT,1712505600000,0.00025437
SUIUSDT,1712534400001,0.00021163
SUIUSDT,1712563200000,0.00015647
SUIUSDT,1712592000006,0.00024802
SUIUSDT,1712620800000,0.00020226
SUIUSDT,1712649600001,0.00020657
SUIUSDT,1712678400001,0.00023595
SUIUSDT,1712707200000,0.00024538
SUIUSDT,1712736000001,0.00019403
SUIUSDT,1712764800000,0.00012992
SUIUSDT,1712793600000,0.00017604
SUIUSDT,1712822400000,0.00018065
SUIUSDT,1712851200000,0.00015516
SUIUSDT,1712880000000,0.00021091
SUIUSDT,1712908800001,0.00021592
SUIUSDT,1712937600000,0.00018507
SUIUSDT,1712966400000,0.0001
SUIUSDT,1712995200000,0.0001
SUIUSDT,1713024000001,0.0001
SUIUSDT,1713052800000,-0.00021984
SUIUSDT,1713081600000,-0.00004249
SUIUSDT,1713110400000,0.00004574
SUIUSDT,1713139200000,-0.00015598
SUIUSDT,1713168000001,-0.00021582
SUIUSDT,1713196800000,-0.00014523
SUIUSDT,1713225600001,-0.00012675
SUIUSDT,1713254400000,-0.00010784
SUIUSDT,1713283200000,0.0000935
SUIUSDT,1713312000000,-0.00008588
SUIUSDT,1713340800000,-0.00021133
SUIUSDT,1713369600000,-0.00020595
SUIUSDT,1713398400000,0.00007005
SUIUSDT,1713427200000,-0.00020977
SUIUSDT,1713456000000,-0.00031034
SUIUSDT,1713484800001,-0.00045277
SUIUSDT,1713513600000,-0.00016115
SUIUSDT,1713542400000,-0.00004991
SUIUSDT,1713571200000,-0.00000325
SUIUSDT,1713600000000,-0.00006047
SUIUSDT,1713628800000,-0.00001939
SUIUSDT,1713657600000,-0.00010746
SUIUSDT,1713686400000,-0.00006669
SUIUSDT,1713715200000,-0.00011218
SUIUSDT,1713744000000,-0.00014909
SUIUSDT,1713772800000,-0.00009048
SUIUSDT,1713801600000,-0.000153
SUIUSDT,1713830400000,-0.00017455
SUIUSDT,1713859200000,-0.00031473
SUIUSDT,1713888000001,0.00003396
SUIUSDT,1713916800000,-0.00020526
SUIUSDT,1713945600000,0.00005688
SUIUSDT,1713974400000,-0.00006242
SUIUSDT,1714003200000,-0.00000168
SUIUSDT,1714032000000,0.00000883
SUIUSDT,1714060800010,0.00006888
SUIUSDT,1714089600001,-0.0001573
SUIUSDT,1714118400000,-0.00009884
SUIUSDT,1714147200000,-0.00004413
SUIUSDT,1714176000000,-0.00006904
SUIUSDT,1714204800001,-0.00008661
SUIUSDT,1714233600000,-0.00026825
SUIUSDT,1714262400000,-0.00029154
SUIUSDT,1714291200000,-0.00022268
SUIUSDT,1714320000000,-0.00019709
SUIUSDT,1714348800000,-0.0001909
SUIUSDT,1714377600000,-0.00001904
SUIUSDT,1714406400000,-0.00007185
SUIUSDT,1714435200000,-0.00009851
SUIUSDT,1714464000000,-0.00010337
SUIUSDT,1714492800000,-0.00011918
SUIUSDT,1714521600000,-0.00030523
SUIUSDT,1714550400000,-0.00025354
SUIUSDT,1714579200000,-0.00013294
SUIUSDT,1714608000000,-0.00021122
SUIUSDT,1714636800000,-0.00003331
SUIUSDT,1714665600002,-0.00011611
SUIUSDT,1714694400000,-0.00019651
SUIUSDT,1714723200000,-0.00030306
SUIUSDT,1714752000000,-0.00043356
SUIUSDT,1714780800000,-0.00035275
SUIUSDT,1714809600000,-0.00011344
SUIUSDT,1714838400000,-0.00020626
SUIUSDT,1714867200000,-0.00000186
SUIUSDT,1714896000000,0.00008455
SUIUSDT,1714924800000,0.0001
SUIUSDT,1714953600000,0.0001
SUIUSDT,1714982400000,0.0000684
SUIUSDT,1715011200000,0.00004122
SUIUSDT,1715040000000,-0.00002493
SUIUSDT,1715068800000,0.0001
SUIUSDT,1715097600000,0.00002583
SUIUSDT,1715126400000,0.0001
SUIUSDT,1715155200000,-0.00002904
SUIUSDT,1715184000000,0.00001199
SUIUSDT,1715212800000,-0.00008943
SUIUSDT,1715241600000,0.00001997
SUIUSDT,1715270400000,-0.0000653
SUIUSDT,1715299200000,-0.00018068
SUIUSDT,1715328000000,0.0001
SUIUSDT,1715356800000,0.0001
SUIUSDT,1715385600000,0.00002905
SUIUSDT,1715414400000,0.0001
SUIUSDT,1715443200000,0.00005162
SUIUSDT,1715472000000,0.00000888
SUIUSDT,1715500800000,0.00000185
SUIUSDT,1715529600000,0.00000525
SUIUSDT,1715558400001,-0.00001895
SUIUSDT,1715587200001,0.00002305
SUIUSDT,1715616000000,-0.00001764
SUIUSDT,1715644800000,0.00008011
SUIUSDT,1715673600000,0.00002319
SUIUSDT,1715702400000,-0.00005892
SUIUSDT,1715731200000,-0.00035377
SUIUSDT,1715760000000,-0.00026722
SUIUSDT,1715788800000,-0.00028519
SUIUSDT,1715817600004,-0.00006451
SUIUSDT,1715846400000,-0.00014003
SUIUSDT,1715875200000,-0.00022917
SUIUSDT,1715904000000,-0.00005435
SUIUSDT,1715932800000,-0.00018501
SUIUSDT,1715961600000,-0.00021628
SUIUSDT,1715990400000,-0.00007742
SUIUSDT,1716019200000,0.00001981
SUIUSDT,1716048000000,0.00007122
SUIUSDT,1716076800000,0.00003225
SUIUSDT,1716105600000,0.00003902
SUIUSDT,1716134400000,-0.00000235
SUIUSDT,1716163200000,-0.0000355
SUIUSDT,1716192000000,-0.00004162
SUIUSDT,1716220800003,-0.00004531
SUIUSDT,1716249600000,0.0001
SUIUSDT,1716278400001,0.0001
SUIUSDT,1716307200000,0.0001
SUIUSDT,1716336000000,0.0001
SUIUSDT,1716364800000,0.0001
SUIUSDT,1716393600000,0.0001
SUIUSDT,1716422400000,0.0001
SUIUSDT,1716451200000,0.0001
SUIUSDT,1716480000000,0.0001
SUIUSDT,1716508800000,0.0001
SUIUSDT,1716537600000,0.0001
SUIUSDT,1716566400000,0.0001
SUIUSDT,1716595200000,0.0001
SUIUSDT,1716624000000,0.0001
SUIUSDT,1716652800000,0.0001
SUIUSDT,1716681600000,0.0001
SUIUSDT,1716710400000,0.0001
SUIUSDT,1716739200000,0.0001
SUIUSDT,1716768000000,0.0001
SUIUSDT,1716796800000,0.0001
SUIUSDT,1716825600000,0.0001
SUIUSDT,1716854400000,0.0001
SUIUSDT,1716883200000,0.0001
SUIUSDT,1716912000000,0.0001
SUIUSDT,1716940800001,0.00022815
SUIUSDT,1716969600000,0.00013474
SUIUSDT,1716998400000,0.0001
SUIUSDT,1717027200000,0.0001
SUIUSDT,1717056000000,0.0001
SUIUSDT,1717084800000,0.0001
SUIUSDT,1717113600000,0.0001
SUIUSDT,1717142400000,0.0001
SUIUSDT,1717171200000,0.0001
SUIUSDT,1717200000000,0.0001
SUIUSDT,1717228800000,0.0001
SUIUSDT,1717257600001,0.0001
SUIUSDT,1717286400000,0.0001
SUIUSDT,1717315200000,0.0001
SUIUSDT,1717344000000,0.0001
SUIUSDT,1717372800000,0.0001
SUIUSDT,1717401600000,0.0001
SUIUSDT,1717430400000,0.0001
SUIUSDT,1717459200000,0.0001
SUIUSDT,1717488000000,0.0001
SUIUSDT,1717516800000,0.0001
SUIUSDT,1717545600000,0.0001
SUIUSDT,1717574400000,0.00019877
SUIUSDT,1717603200000,0.00013819
SUIUSDT,1717632000000,0.00018802
SUIUSDT,1717660800008,0.00012105
SUIUSDT,1717689600000,0.00018454
SUIUSDT,1717718400000,0.0001
SUIUSDT,1717747200000,0.0001
SUIUSDT,1717776000000,0.0001
SUIUSDT,1717804800000,0.0001
SUIUSDT,1717833600000,0.0001
SUIUSDT,1717862400000,0.0001
SUIUSDT,1717891200000,0.0001
SUIUSDT,1717920000000,0.0001
SUIUSDT,1717948800001,0.0001
SUIUSDT,1717977600000,0.0001
SUIUSDT,1718006400000,0.0001
SUIUSDT,1718035200001,0.0001
SUIUSDT,1718064000001,0.0001
SUIUSDT,1718092800000,0.0001
SUIUSDT,1718121600000,0.0001
SUIUSDT,1718150400000,0.0001
SUIUSDT,1718179200000,0.0001
SUIUSDT,1718208000000,0.0001
SUIUSDT,1718236800000,0.0001
SUIUSDT,1718265600001,0.0001
SUIUSDT,1718294400000,0.0001
SUIUSDT,1718323200000,0.0001
SUIUSDT,1718352000000,0.0001
SUIUSDT,1718380800000,0.0001
SUIUSDT,1718409600000,0.0001
SUIUSDT,1718438400000,0.0001
SUIUSDT,1718467200000,0.0001
SUIUSDT,1718496000001,0.0001
SUIUSDT,1718524800000,0.0001
SUIUSDT,1718553600000,0.0001
SUIUSDT,1718582400000,0.0001
SUIUSDT,1718611200000,0.0001
SUIUSDT,1718640000000,0.00003955
SUIUSDT,1718668800000,0.00004609
SUIUSDT,1718697600000,-0.00009429
SUIUSDT,1718726400000,-0.00010206
SUIUSDT,1718755200001,0.00000138
SUIUSDT,1718784000001,-0.00008157
SUIUSDT,1718812800000,-0.00010128
SUIUSDT,1718841600000,0.00004689
SUIUSDT,1718870400000,-0.00007022
SUIUSDT,1718899200000,-0.00004111
SUIUSDT,1718928000000,0.00007916
SUIUSDT,1718956800000,0.00006541
SUIUSDT,1718985600000,0.00006573
SUIUSDT,1719014400000,0.00007505
SUIUSDT,1719043200000,0.00006702
SUIUSDT,1719072000000,0.0000535
SUIUSDT,1719100800000,-0.00002825
SUIUSDT,1719129600000,0.0000623
SUIUSDT,1719158400000,0.00001204
SUIUSDT,1719187200002,-0.00023992
SUIUSDT,1719216000000,0.00006616
SUIUSDT,1719244800000,-0.00005422
SUIUSDT,1719273600000,0.00007464
SUIUSDT,1719302400000,0.00008898
SUIUSDT,1719331200000,0.0001
SUIUSDT,1719360000002,0.000006
SUIUSDT,1719388800000,0.00009165
SUIUSDT,1719417600000,0.00007757
SUIUSDT,1719446400000,0.00004203
SUIUSDT,1719475200001,0.00009477
SUIUSDT,1719504000000,0.00009604
SUIUSDT,1719532800000,0.00006641
SUIUSDT,1719561600000,-0.00001617
SUIUSDT,1719590400000,0.00008326
SUIUSDT,1719619200001,-0.00002685
SUIUSDT,1719648000000,0.0001
SUIUSDT,1719676800000,0.0000982
SUIUSDT,1719705600000,0.00009023
SUIUSDT,1719734400000,0.0001
SUIUSDT,1719763200000,-0.00008597
SUIUSDT,1719792000000,-0.0000261
SUIUSDT,1719820800000,0.0001
SUIUSDT,1719849600001,0.0001
SUIUSDT,1719878400000,0.0001
SUIUSDT,1719907200000,0.0001
SUIUSDT,1719936000000,0.0001
SUIUSDT,1719964800000,0.0001
SUIUSDT,1719993600001,0.0001
SUIUSDT,1720022400000,0.0001
SUIUSDT,1720051200000,0.0001
SUIUSDT,1720080000000,0.0001
SUIUSDT,1720108800000,-0.00002093
SUIUSDT,1720137600000,-0.00006966
SUIUSDT,1720166400000,-0.00021312
SUIUSDT,1720195200000,-0.00012741
SUIUSDT,1720224000000,-0.00012044
SUIUSDT,1720252800000,-0.00015387
SUIUSDT,1720281600000,-0.00010939
SUIUSDT,1720310400001,0.00005196
SUIUSDT,1720339200000,-0.00000092
SUIUSDT,1720368000000,0.00008766
SUIUSDT,1720396800000,0.00008508
SUIUSDT,1720425600000,0.00008013
SUIUSDT,1720454400000,0.00005356
SUIUSDT,1720483200000,0.0001
SUIUSDT,1720512000001,0.00002759
SUIUSDT,1720540800000,0.00006957
SUIUSDT,1720569600000,0.00006133
SUIUSDT,1720598400000,0.0001
SUIUSDT,1720627200000,0.00008805
SUIUSDT,1720656000002,0.0001
SUIUSDT,1720684800002,0.00007619
SUIUSDT,1720713600004,0.00004199
SUIUSDT,1720742400000,0.0000375
SUIUSDT,1720771200000,0.00003104
SUIUSDT,1720800000000,0.00006799
SUIUSDT,1720828800000,-0.0000047
SUIUSDT,1720857600000,0.000028
SUIUSDT,1720886400000,-0.00007906
SUIUSDT,1720915200000,-0.00002545
SUIUSDT,1720944000000,0.00000945
SUIUSDT,1720972800000,-0.00001336
SUIUSDT,1721001600000,0.00005437
SUIUSDT,1721030400000,-0.00005587
SUIUSDT,1721059200000,-0.00014298
SUIUSDT,1721088000000,-0.00008892
SUIUSDT,1721116800000,0.00007074
SUIUSDT,1721145600000,0.00008786
SUIUSDT,1721174400000,0.0001
SUIUSDT,1721203200001,0.00007446
SUIUSDT,1721232000000,0.0001
SUIUSDT,1721260800000,0.0001
SUIUSDT,1721289600000,0.00006352
SUIUSDT,1721318400000,0.0001
SUIUSDT,1721347200000,0.0001
SUIUSDT,1721376000000,0.00001787
SUIUSDT,1721404800000,0.00007484
SUIUSDT,1721433600001,0.0001
SUIUSDT,1721462400000,0.0001
SUIUSDT,1721491200000,0.0001
SUIUSDT,1721520000000,0.00008763
SUIUSDT,1721548800000,0.0001
SUIUSDT,1721577600000,0.00005929
SUIUSDT,1721606400000,0.0001
SUIUSDT,1721635200000,0.0000777
SUIUSDT,1721664000000,0.00007337
SUIUSDT,1721692800000,0.00003297
SUIUSDT,1721721600000,-0.00003673
SUIUSDT,1721750400000,0.0001
SUIUSDT,1721779200000,0.0001
SUIUSDT,1721808000000,0.00003718
SUIUSDT,1721836800000,0.00003009
SUIUSDT,1721865600000,-0.00003691
SUIUSDT,1721894400000,0.00003968
SUIUSDT,1721923200000,0.00008605
SUIUSDT,1721952000000,0.00008808
SUIUSDT,1721980800000,0.00006315
SUIUSDT,1722009600000,0.0001
SUIUSDT,1722038400000,0.0001
SUIUSDT,1722067200000,0.0001
SUIUSDT,1722096000000,0.0001
SUIUSDT,1722124800000,0.00001118
SUIUSDT,1722153600000,0.00008433
SUIUSDT,1722182400001,0.00003236
SUIUSDT,1722211200001,0.00001621
SUIUSDT,1722240000000,0.0001
SUIUSDT,1722268800001,0.00006527
SUIUSDT,1722297600000,0.00000844
SUIUSDT,1722326400001,0.00000475
SUIUSDT,1722355200000,-0.00000129
SUIUSDT,1722384000000,-0.00008898
SUIUSDT,1722412800000,0.00005427
SUIUSDT,1722441600000,0.00004874
SUIUSDT,1722470400000,-0.00006624
SUIUSDT,1722499200000,0.0000229
SUIUSDT,1722528000000,0.00001675
SUIUSDT,1722556800000,0.0000936
SUIUSDT,1722585600001,0.0000272
SUIUSDT,1722614400000,-0.00002805
SUIUSDT,1722643200000,0.00003531
SUIUSDT,1722672000000,0.00006624
SUIUSDT,1722700800001,0.00005955
SUIUSDT,1722729600000,-0.0000487
SUIUSDT,1722758400000,0.00001649
SUIUSDT,1722787200000,0.000045
SUIUSDT,1722816000000,0.00004946
SUIUSDT,1722844800000,0.00005887
SUIUSDT,1722873600000,-0.00004168
SUIUSDT,1722902400000,0.00003879
SUIUSDT,1722931200000,-0.0000385
SUIUSDT,1722960000000,-0.00025227
SUIUSDT,1722988800000,-0.00020323
SUIUSDT,1723017600001,-0.00011189
SUIUSDT,1723046400000,-0.00045846
SUIUSDT,1723075200001,-0.00028962
SUIUSDT,1723104000000,-0.00038116
SUIUSDT,1723132800000,-0.00018048
SUIUSDT,1723161600000,-0.00019221
SUIUSDT,1723190400000,0.00003606
SUIUSDT,1723219200000,-0.00006059
SUIUSDT,1723248000000,-0.00006701
SUIUSDT,1723276800000,-0.0003168
SUIUSDT,1723305600000,-0.00052216
SUIUSDT,1723334400000,-0.00004283
SUIUSDT,1723363200000,-0.00007601
SUIUSDT,1723392000001,-0.0003539
SUIUSDT,1723420800000,-0.00007746
SUIUSDT,1723449600000,-0.00017005
SUIUSDT,1723478400000,-0.00047069
SUIUSDT,1723507200000,-0.00008375
SUIUSDT,1723536000000,-0.00011089
SUIUSDT,1723564800000,-0.00004658
SUIUSDT,1723593600000,0.00002957
SUIUSDT,1723622400000,0.0000751
SUIUSDT,1723651200000,0.00009755
SUIUSDT,1723680000000,0.00006293
SUIUSDT,1723708800000,0.0001
SUIUSDT,1723737600000,0.00000572
SUIUSDT,1723766400000,0.00003878
SUIUSDT,1723795200000,-0.00000766
SUIUSDT,1723824000000,0.00000508
SUIUSDT,1723852800000,0.00004189
SUIUSDT,1723881600000,-0.00004591
SUIUSDT,1723910400000,-0.00007709
SUIUSDT,1723939200000,0.00002511
SUIUSDT,1723968000000,-0.00004033
SUIUSDT,1723996800000,-0.00004228
SUIUSDT,1724025600000,-0.00003055
SUIUSDT,1724054400000,-0.00003825
SUIUSDT,1724083200002,0.00001381
SUIUSDT,1724112000000,-0.00001027
SUIUSDT,1724140800000,0.00000932
SUIUSDT,1724169600001,0.00001263
SUIUSDT,1724198400001,0.0001
SUIUSDT,1724227200000,0.00009582
SUIUSDT,1724256000001,-0.00002709
SUIUSDT,1724284800000,-0.00005286
SUIUSDT,1724313600000,0.00002259
SUIUSDT,1724342400008,-0.00000931
SUIUSDT,1724371200000,0.0001
SUIUSDT,1724400000000,0.0001
SUIUSDT,1724428800000,0.0001
SUIUSDT,1724457600000,0.0001
SUIUSDT,1724486400005,0.0001
SUIUSDT,1724515200000,0.0001
SUIUSDT,1724544000000,0.0001
SUIUSDT,1724572800000,0.0001
SUIUSDT,1724601600000,0.0001
SUIUSDT,1724630400000,0.0001
SUIUSDT,1724659200001,0.0001
SUIUSDT,1724688000000,0.0001
SUIUSDT,1724716800001,0.0001
SUIUSDT,1724745600000,0.0001
SUIUSDT,1724774400000,0.00007418
SUIUSDT,1724803200000,-0.00006229
SUIUSDT,1724832000000,-0.00001063
SUIUSDT,1724860800001,-0.0000295
SUIUSDT,1724889600000,0.0000236
SUIUSDT,1724918400001,-0.00001755
SUIUSDT,1724947200000,-0.00003953
SUIUSDT,1724976000000,0.00004316
SUIUSDT,1725004800000,0.00004447
SUIUSDT,1725033600000,-0.00000452
SUIUSDT,1725062400000,-0.00000725
SUIUSDT,1725091200000,0.00007776
SUIUSDT,1725120000000,0.00003613
SUIUSDT,1725148800000,0.00002392
SUIUSDT,1725177600001,0.0001
SUIUSDT,1725206400000,0.00001503
SUIUSDT,1725235200001,-0.00006276
SUIUSDT,1725264000001,0.00003049
SUIUSDT,1725292800000,-0.0000133
SUIUSDT,1725321600000,-0.00004502
SUIUSDT,1725350400001,-0.00005817
SUIUSDT,1725379200000,-0.00004007
SUIUSDT,1725408000000,0.00001222
SUIUSDT,1725436800000,0.00004285
SUIUSDT,1725465600000,0.00002359
SUIUSDT,1725494400000,0.0001
SUIUSDT,1725523200000,0.00000323
SUIUSDT,1725552000005,-0.00004706
SUIUSDT,1725580800000,-0.0000488
SUIUSDT,1725609600001,0.00009802
SUIUSDT,1725638400000,0.00006452
SUIUSDT,1725667200000,-0.00013324
SUIUSDT,1725696000000,-0.00007703
SUIUSDT,1725724800000,-0.00000711
SUIUSDT,1725753600000,-0.00013116
SUIUSDT,1725782400000,-0.00039108
SUIUSDT,1725811200000,0.00007958
SUIUSDT,1725840000000,-0.00027877
SUIUSDT,1725868800000,0.00007828
SUIUSDT,1725897600001,0.00001719
SUIUSDT,1725926400000,0.00000845
SUIUSDT,1725955200000,0.0000674
SUIUSDT,1725984000000,0.00002962
SUIUSDT,1726012800000,0.00004664
SUIUSDT,1726041600000,0.00000821
SUIUSDT,1726070400000,-0.00011203
SUIUSDT,1726099200000,0.00007507
SUIUSDT,1726128000000,0.0001
SUIUSDT,1726156800000,0.00008194
SUIUSDT,1726185600000,-0.00015595
SUIUSDT,1726214400001,0.00009479
SUIUSDT,1726243200001,-0.00009627
SUIUSDT,1726272000000,0.00008026
SUIUSDT,1726300800000,0.00006524
SUIUSDT,1726329600001,-0.00003732
SUIUSDT,1726358400000,0.00006371
SUIUSDT,1726387200000,0.0001
SUIUSDT,1726416000000,-0.00011865
SUIUSDT,1726444800000,0.00003072
SUIUSDT,1726473600001,-0.00007697
SUIUSDT,1726502400000,0.00004697
SUIUSDT,1726531200001,0.00006995
SUIUSDT,1726560000000,-0.00005026
SUIUSDT,1726588800000,0.00005406
SUIUSDT,1726617600000,-0.00003324
SUIUSDT,1726646400000,-0.00002307
SUIUSDT,1726675200004,0.00001527
SUIUSDT,1726704000000,-0.00007656
SUIUSDT,1726732800000,0.0001
SUIUSDT,1726761600001,0.0001
SUIUSDT,1726790400000,-0.00008401
SUIUSDT,1726819200001,0.0001
SUIUSDT,1726848000000,0.0001
SUIUSDT,1726876800001,0.00006349
SUIUSDT,1726905600000,0.0001
SUIUSDT,1726934400000,0.0001
SUIUSDT,1726963200000,0.0001
SUIUSDT,1726992000000,0.0001
SUIUSDT,1727020800000,-0.00004972
SUIUSDT,1727049600000,-0.00005877
SUIUSDT,1727078400000,-0.0000129
SUIUSDT,1727107200000,0.00000834
SUIUSDT,1727136000000,0.0001
SUIUSDT,1727164800000,0.0001
SUIUSDT,1727193600001,0.0001
SUIUSDT,1727222400000,0.00002711
SUIUSDT,1727251200003,0.0001
SUIUSDT,1727280000000,0.00008955
SUIUSDT,1727308800005,0.0001
SUIUSDT,1727337600000,0.0001
SUIUSDT,1727366400000,0.0001
SUIUSDT,1727395200000,0.00006684
SUIUSDT,1727424000000,0.0001
SUIUSDT,1727452800000,0.0001
SUIUSDT,1727481600000,0.00008334
SUIUSDT,1727510400001,0.0001
SUIUSDT,1727539200000,0.0001
SUIUSDT,1727568000001,0.0001
SUIUSDT,1727596800000,0.00007214
SUIUSDT,1727625600000,0.00005797
SUIUSDT,1727654400000,0.0001
SUIUSDT,1727683200001,0.00000705
SUIUSDT,1727712000000,0.00001942
SUIUSDT,1727740800000,-0.00012273
SUIUSDT,1727769600000,-0.00007361
SUIUSDT,1727798400001,0.0000697
SUIUSDT,1727827200000,-0.00015288
SUIUSDT,1727856000000,-0.00018564
SUIUSDT,1727884800000,-0.00021855
SUIUSDT,1727913600000,-0.00041381
SUIUSDT,1727942400000,0.00006633
SUIUSDT,1727971200000,-0.00020609
SUIUSDT,1728000000000,-0.00085525
SUIUSDT,1728028800000,-0.00081274
SUIUSDT,1728057600001,-0.0005045
SUIUSDT,1728086400000,-0.00041868
SUIUSDT,1728115200000,-0.00040992
SUIUSDT,1728144000000,-0.00015182
SUIUSDT,1728172800000,-0.0000585
SUIUSDT,1728201600001,-0.00014263
SUIUSDT,1728230400000,-0.00017215
SUIUSDT,1728259200000,-0.00019932
SUIUSDT,1728288000000,-0.0000722
SUIUSDT,1728316800001,0.000034
SUIUSDT,1728345600000,0.0001
SUIUSDT,1728374400000,0.0001
SUIUSDT,1728403200000,-0.00002301
SUIUSDT,1728432000000,-0.00005857
SUIUSDT,1728460800000,-0.00001304
SUIUSDT,1728489600000,-0.00001138
SUIUSDT,1728518400000,0.00006565
SUIUSDT,1728547200000,0.00005701
SUIUSDT,1728576000000,0.0001
SUIUSDT,1728604800000,-0.00012445
SUIUSDT,1728633600000,0.00006289
SUIUSDT,1728662400001,-0.0002944
SUIUSDT,1728691200000,0.00009101
SUIUSDT,1728720000001,0.0001
SUIUSDT,1728748800000,0.0001
SUIUSDT,1728777600000,0.0001
SUIUSDT,1728806400000,0.00009501
SUIUSDT,1728835200000,0.0001
SUIUSDT,1728864000000,0.00001773
SUIUSDT,1728892800000,0.00006468
SUIUSDT,1728921600000,0.000082
SUIUSDT,1728950400000,0.00005334
SUIUSDT,1728979200000,0.0001
SUIUSDT,1729008000000,0.0001
SUIUSDT,1729036800000,0.0001
SUIUSDT,1729065600001,0.0001
SUIUSDT,1729094400000,-0.00006722
SUIUSDT,1729123200000,0.00002755
SUIUSDT,1729152000000,-0.00005792
SUIUSDT,1729180800001,0.0001
SUIUSDT,1729209600010,0.0000672
SUIUSDT,1729238400001,0.0001
SUIUSDT,1729267200000,-0.00002348
SUIUSDT,1729296000000,0.00006681
SUIUSDT,1729324800000,0.00000914
SUIUSDT,1729353600000,0.0001
SUIUSDT,1729382400000,0.0001
SUIUSDT,1729411200000,0.0001
SUIUSDT,1729440000000,0.0001
SUIUSDT,1729468800000,0.0001
SUIUSDT,1729497600000,0.0001
SUIUSDT,1729526400000,0.0001
SUIUSDT,1729555200000,0.0001
SUIUSDT,1729584000000,0.0001
SUIUSDT,1729612800000,0.0001
SUIUSDT,1729641600000,0.00008375
SUIUSDT,1729670400000,0.0001
SUIUSDT,1729699200000,0.0001
SUIUSDT,1729728000000,0.0001
SUIUSDT,1729756800000,0.0001
SUIUSDT,1729785600000,0.0001
SUIUSDT,1729814400000,0.0001
SUIUSDT,1729843200000,0.0001
SUIUSDT,1729872000000,0.0001
SUIUSDT,1729900800000,-0.00000148
SUIUSDT,1729929600001,-0.00007002
SUIUSDT,1729958400000,0.0001
SUIUSDT,1729987200000,0.00000811
SUIUSDT,1730016000000,-0.00003628
SUIUSDT,1730044800000,-0.00004521
SUIUSDT,1730073600000,0.0001
SUIUSDT,1730102400001,0.0000556
SUIUSDT,1730131200000,0.0001
SUIUSDT,1730160000000,-0.00003381
SUIUSDT,1730188800000,0.0001
SUIUSDT,1730217600004,-0.00003187
SUIUSDT,1730246400000,0.00001242
SUIUSDT,1730275200000,0.0001
SUIUSDT,1730304000013,0.0001
SUIUSDT,1730332800000,-0.00009442
SUIUSDT,1730361600000,0.0001
SUIUSDT,1730390400000,0.0001
SUIUSDT,1730419200000,0.0001
SUIUSDT,1730448000000,0.00005219
SUIUSDT,1730476800000,0.00007915
SUIUSDT,1730505600000,0.00005958
SUIUSDT,1730534400000,-0.00015635
SUIUSDT,1730563200000,-0.00003323
SUIUSDT,1730592000000,-0.00011412
SUIUSDT,1730620800000,-0.00001527
SUIUSDT,1730649600000,0.0001
SUIUSDT,1730678400000,-0.00005278
SUIUSDT,1730707200000,0.00003994
SUIUSDT,1730736000000,-0.00006146
SUIUSDT,1730764800000,-0.00011556
SUIUSDT,1730793600003,0.00004876
SUIUSDT,1730822400001,0.0000961
SUIUSDT,1730851200000,-0.00017365
SUIUSDT,1730880000000,0.0001
SUIUSDT,1730908800000,0.0001
SUIUSDT,1730937600000,0.0001
SUIUSDT,1730966400000,0.0001
SUIUSDT,1730995200000,0.0001
SUIUSDT,1731024000000,0.0001
SUIUSDT,1731052800000,0.0001
SUIUSDT,1731081600000,0.0001
SUIUSDT,1731110400000,0.0001
SUIUSDT,1731139200000,0.0001
SUIUSDT,1731168000000,0.0001
SUIUSDT,1731196800000,0.0001
SUIUSDT,1731225600000,0.00029152
SUIUSDT,1731254400000,0.00045215
SUIUSDT,1731283200001,0.00024824
SUIUSDT,1731312000000,0.00011438
SUIUSDT,1731340800000,0.0001
SUIUSDT,1731369600002,0.00030583
SUIUSDT,1731398400000,0.00062599
SUIUSDT,1731427200000,0.00033481
SUIUSDT,1731456000000,0.00022336
SUIUSDT,1731484800010,0.0001
SUIUSDT,1731513600000,0.00020205
SUIUSDT,1731542400001,0.00031361
SUIUSDT,1731571200000,0.0001
SUIUSDT,1731600000000,0.0001
SUIUSDT,1731628800000,0.00012768
SUIUSDT,1731657600000,0.0001
SUIUSDT,1731686400000,0.0001
SUIUSDT,1731715200001,0.0001
SUIUSDT,1731744000001,0.0001
SUIUSDT,1731772800000,0.0001
SUIUSDT,1731801600000,0.0001
SUIUSDT,1731830400000,0.00013233
SUIUSDT,1731859200001,0.00022751
SUIUSDT,1731888000000,0.00016487
SUIUSDT,1731916800000,0.00016708
SUIUSDT,1731945600000,0.0001
SUIUSDT,1731974400000,0.00023288
SUIUSDT,1732003200000,0.00042458
SUIUSDT,1732032000000,0.00015949
SUIUSDT,1732060800003,0.00020062
SUIUSDT,1732089600000,0.00022202
SUIUSDT,1732118400000,0.0001
SUIUSDT,1732147200001,0.00009931
SUIUSDT,1732176000000,0.0001
SUIUSDT,1732204800001,0.0001
SUIUSDT,1732233600000,0.00018524
SUIUSDT,1732262400000,0.00025128
SUIUSDT,1732291200001,0.00020255
SUIUSDT,1732320000000,0.00011817
SUIUSDT,1732348800000,0.0005532
SUIUSDT,1732377600000,0.00044113
SUIUSDT,1732406400001,0.00015682
SUIUSDT,1732435200000,0.00036972
SUIUSDT,1732464000000,0.0001
SUIUSDT,1732492800000,0.00026519
SUIUSDT,1732521600000,0.0001871
SUIUSDT,1732550400000,0.0001
SUIUSDT,1732579200000,0.0001
SUIUSDT,1732608000000,0.0001
SUIUSDT,1732636800000,0.0001
SUIUSDT,1732665600000,0.0001
SUIUSDT,1732694400000,0.0001
SUIUSDT,1732723200001,0.0001
SUIUSDT,1732752000000,0.0001
SUIUSDT,1732780800000,0.0001
SUIUSDT,1732809600000,0.0001
SUIUSDT,1732838400000,0.0001
SUIUSDT,1732867200000,0.0001
SUIUSDT,1732896000000,0.0001
SUIUSDT,1732924800000,0.00021851
SUIUSDT,1732953600000,0.0002076
SUIUSDT,1732982400000,0.0001
SUIUSDT,1733011200000,0.00038608
SUIUSDT,1733040000000,0.0001
SUIUSDT,1733068800000,0.00036802
SUIUSDT,1733097600001,0.00051878
SUIUSDT,1733126400001,0.0001
SUIUSDT,1733155200000,0.0001
SUIUSDT,1733184000000,0.0002941
SUIUSDT,1733212800000,0.0005569
SUIUSDT,1733241600000,0.00024498
SUIUSDT,1733270400000,0.0003838
SUIUSDT,1733299200000,0.00024336
SUIUSDT,1733328000000,0.00041268
SUIUSDT,1733356800001,0.00012399
SUIUSDT,1733385600000,0.00027465
SUIUSDT,1733414400000,0.0001
SUIUSDT,1733443200000,0.00047038
SUIUSDT,1733472000000,0.00030621
SUIUSDT,1733500800000,0.00024885
SUIUSDT,1733529600000,0.00042474
SUIUSDT,1733558400000,0.00033373
SUIUSDT,1733587200000,0.00032807
SUIUSDT,1733616000000,0.00055033
SUIUSDT,1733644800000,0.00018242
SUIUSDT,1733673600000,0.0001
SUIUSDT,1733702400000,0.00032005
SUIUSDT,1733731200000,0.00022178
SUIUSDT,1733760000001,0.0001
SUIUSDT,1733788800007,0.0001
SUIUSDT,1733817600000,0.0001
SUIUSDT,1733846400000,0.00006806
SUIUSDT,1733875200000,-0.00017787
SUIUSDT,1733904000000,-0.00001475
SUIUSDT,1733932800001,-0.00015119
SUIUSDT,1733961600001,0.0001
SUIUSDT,1733990400000,0.0001
SUIUSDT,1734019200001,0.0001
SUIUSDT,1734048000000,0.0001
SUIUSDT,1734076800000,0.0001
SUIUSDT,1734105600001,0.00003187
SUIUSDT,1734134400000,0.0001
SUIUSDT,1734163200000,0.00009074
SUIUSDT,1734192000000,0.00007937
SUIUSDT,1734220800000,0.00003559
SUIUSDT,1734249600000,0.00008857
SUIUSDT,1734278400000,-0.00002751
SUIUSDT,1734307200000,0.0000982
SUIUSDT,1734336000001,0.00002179
SUIUSDT,1734364800000,-0.00002065
SUIUSDT,1734393600000,0.0001
SUIUSDT,1734422400000,0.0001
SUIUSDT,1734451200000,0.0001
SUIUSDT,1734480000000,0.0001
SUIUSDT,1734508800000,0.00005356
SUIUSDT,1734537600000,0.00001322
SUIUSDT,1734566400000,-0.00007373
SUIUSDT,1734595200000,-0.00013661
SUIUSDT,1734624000000,0.00006782
SUIUSDT,1734652800000,-0.00057416
SUIUSDT,1734681600001,-0.00009592
SUIUSDT,1734710400014,-0.00038131
SUIUSDT,1734739200000,0.0001
SUIUSDT,1734768000000,0.0001
SUIUSDT,1734796800001,0.0001
SUIUSDT,1734825600000,-0.00025366
SUIUSDT,1734854400000,-0.0003224
SUIUSDT,1734883200000,-0.00051458
SUIUSDT,1734912000000,-0.00027811
SUIUSDT,1734940800000,-0.0003992
SUIUSDT,1734969600001,-0.00033984
SUIUSDT,1734998400000,-0.00002688
SUIUSDT,1735027200000,0.00002819
SUIUSDT,1735056000001,-0.00007497
SUIUSDT,1735084800001,-0.00020625
SUIUSDT,1735113600000,-0.00017672
SUIUSDT,1735142400000,-0.00034972
SUIUSDT,1735171200000,-0.00013122
SUIUSDT,1735200000000,-0.00003736
SUIUSDT,1735228800000,0.00001346
SUIUSDT,1735257600000,-0.00016133
SUIUSDT,1735286400000,-0.00025695
SUIUSDT,1735315200000,-0.00042029
SUIUSDT,1735344000001,-0.00004045
SUIUSDT,1735372800000,-0.00008273
SUIUSDT,1735401600000,-0.00011548
SUIUSDT,1735430400000,-0.00004247
SUIUSDT,1735459200000,0.00009206
SUIUSDT,1735488000000,0.0001
SUIUSDT,1735516800000,0.0001
SUIUSDT,1735545600001,0.00005503
SUIUSDT,1735574400000,0.00004305
SUIUSDT,1735603200000,-0.0000378
SUIUSDT,1735632000000,-0.00021269
SUIUSDT,1735660800000,-0.00024266
SUIUSDT,1735689600015,-0.00013119
SUIUSDT,1735718400000,-0.00009844
SUIUSDT,1735747200001,0.00007837
SUIUSDT,1735776000000,0.0001
SUIUSDT,1735804800006,0.0000644
SUIUSDT,1735833600000,0.00004517
SUIUSDT,1735862400000,-0.00003174
SUIUSDT,1735891200000,-0.00004986
SUIUSDT,1735920000000,0.0001
SUIUSDT,1735948800000,0.0001
SUIUSDT,1735977600000,0.0001
SUIUSDT,1736006400000,0.0001
SUIUSDT,1736035200000,0.0001
SUIUSDT,1736064000000,0.0001
SUIUSDT,1736092800000,0.0001
SUIUSDT,1736121600000,0.0001
SUIUSDT,1736150400001,0.0001
SUIUSDT,1736179200000,0.0001
SUIUSDT,1736208000000,0.0001
SUIUSDT,1736236800000,0.0001
SUIUSDT,1736265600008,0.0001
SUIUSDT,1736294400001,-0.00004196
SUIUSDT,1736323200000,0.0001
SUIUSDT,1736352000000,-0.00008751
SUIUSDT,1736380800000,-0.00007104
SUIUSDT,1736409600000,0.0001
SUIUSDT,1736438400000,0.00009152
SUIUSDT,1736467200000,0.00004166
SUIUSDT,1736496000000,-0.00001644
SUIUSDT,1736524800000,0.00005262
SUIUSDT,1736553600000,-0.00000726
SUIUSDT,1736582400000,-0.00011655
SUIUSDT,1736611200000,-0.00014312
SUIUSDT,1736640000000,-0.00000509
SUIUSDT,1736668800000,0.0001
SUIUSDT,1736697600000,0.00000846
SUIUSDT,1736726400000,0.0001
SUIUSDT,1736755200000,0.0001
SUIUSDT,1736784000000,0.0001
SUIUSDT,1736812800000,-0.00000299
SUIUSDT,1736841600000,0.00007021
SUIUSDT,1736870400000,-0.00006727
SUIUSDT,1736899200000,0.00002565
SUIUSDT,1736928000000,0.0001
SUIUSDT,1736956800000,0.0001
SUIUSDT,1736985600000,0.0001
SUIUSDT,1737014400000,0.0001
SUIUSDT,1737043200000,0.00007236
SUIUSDT,1737072000004,0.0001
SUIUSDT,1737100800000,0.0001
SUIUSDT,1737129600008,0.0001
SUIUSDT,1737158400000,0.0001
SUIUSDT,1737187200007,0.0001
SUIUSDT,1737216000000,0.00007295
SUIUSDT,1737244800000,0.0001
SUIUSDT,1737273600000,0.0001
SUIUSDT,1737302400000,0.0001
SUIUSDT,1737331200000,0.0001
SUIUSDT,1737360000009,0.0001
SUIUSDT,1737388800000,0.0001
SUIUSDT,1737417600000,0.00002158
SUIUSDT,1737446400000,0.00002381
SUIUSDT,1737475200000,0.0001
SUIUSDT,1737504000000,0.0001
SUIUSDT,1737532800000,0.0001
SUIUSDT,1737561600000,0.0001
SUIUSDT,1737590400001,0.0001
SUIUSDT,1737619200000,0.0001
SUIUSDT,1737648000000,0.0001
SUIUSDT,1737676800000,0.0001
SUIUSDT,1737705600000,0.0001
SUIUSDT,1737734400000,0.0001
SUIUSDT,1737763200000,0.0001
SUIUSDT,1737792000000,0.0001
SUIUSDT,1737820800001,0.0001
SUIUSDT,1737849600000,0.0001
SUIUSDT,1737878400000,0.0001
SUIUSDT,1737907200000,0.0001
SUIUSDT,1737936000000,0.00007303
SUIUSDT,1737964800000,0.0001
SUIUSDT,1737993600000,-0.00011707
SUIUSDT,1738022400000,-0.00001973
SUIUSDT,1738051200000,0.00001209
SUIUSDT,1738080000000,0.00003306
SUIUSDT,1738108800000,0.0001
SUIUSDT,1738137600000,0.00001966
SUIUSDT,1738166400000,0.0001
SUIUSDT,1738195200000,-0.00005819
SUIUSDT,1738224000000,-0.00001198
SUIUSDT,1738252800000,0.00002118
SUIUSDT,1738281600000,0.0001
SUIUSDT,1738310400000,-0.00002391
SUIUSDT,1738339200000,0.00008629
SUIUSDT,1738368000000,0.000026
SUIUSDT,1738396800000,0.0001
SUIUSDT,1738425600000,0.0001
SUIUSDT,1738454400001,0.0001
SUIUSDT,1738483200000,0.00004929
SUIUSDT,1738512000000,0.00005781
SUIUSDT,1738540800000,0.00002796
SUIUSDT,1738569600000,-0.00035271
SUIUSDT,1738598400000,-0.00044154
SUIUSDT,1738627200000,-0.00027834
SUIUSDT,1738656000001,-0.00009727
SUIUSDT,1738684800000,-0.00026689
SUIUSDT,1738713600001,-0.0000604
SUIUSDT,1738742400001,-0.00006149
SUIUSDT,1738771200000,-0.00021171
SUIUSDT,1738800000001,-0.00000477
SUIUSDT,1738828800001,-0.00025769
SUIUSDT,1738857600000,-0.00011709
SUIUSDT,1738886400000,-0.00012233
SUIUSDT,1738915200000,-0.00006901
SUIUSDT,1738944000000,-0.00017662
SUIUSDT,1738972800000,-0.00008133
SUIUSDT,1739001600000,0.00006463
SUIUSDT,1739030400000,-0.00002951
SUIUSDT,1739059200000,-0.00013581
SUIUSDT,1739088000000,-0.000184
SUIUSDT,1739116800000,0.00003799
SUIUSDT,1739145600000,0.00000116
SUIUSDT,1739174400000,0.00006247
SUIUSDT,1739203200000,-0.00006032
SUIUSDT,1739232000000,-0.00006429
SUIUSDT,1739260800000,-0.00022185
SUIUSDT,1739289600000,-0.00001869
SUIUSDT,1739318400000,-0.00012726
SUIUSDT,1739347200000,-0.00004533
SUIUSDT,1739376000001,-0.00016233
SUIUSDT,1739404800001,-0.0000354
SUIUSDT,1739433600000,0.0001
SUIUSDT,1739462400001,0.0000428
SUIUSDT,1739491200000,-0.00006772
SUIUSDT,1739520000001,0.0000276
SUIUSDT,1739548800000,-0.00005493
SUIUSDT,1739577600000,-0.00020168
SUIUSDT,1739606400000,-0.00028555
SUIUSDT,1739635200000,-0.00022099
SUIUSDT,1739664000000,-0.00021628
SUIUSDT,1739692800000,-0.00005887
SUIUSDT,1739721600000,-0.00009623
SUIUSDT,1739750400000,-0.00000433
SUIUSDT,1739779200000,-0.00006137
SUIUSDT,1739808000000,-0.00013819
SUIUSDT,1739836800000,-0.00000235
SUIUSDT,1739865600000,0.00005317
SUIUSDT,1739894400000,-0.00002158
SUIUSDT,1739923200000,-0.00007874
SUIUSDT,1739952000000,-0.00012791
SUIUSDT,1739980800000,0.00001946
SUIUSDT,1740009600000,-0.0001376
SUIUSDT,1740038400000,-0.00011732
SUIUSDT,1740067200000,-0.0000469
SUIUSDT,1740096000001,-0.00001407
SUIUSDT,1740124800000,-0.00001617
SUIUSDT,1740153600000,-0.00004838
SUIUSDT,1740182400000,0.0001
SUIUSDT,1740211200000,-0.00007878
SUIUSDT,1740240000000,0.00003281
SUIUSDT,1740268800000,0.0001
SUIUSDT,1740297600000,0.0001
SUIUSDT,1740326400000,0.00007128
SUIUSDT,1740355200000,-0.00002004
SUIUSDT,1740384000000,0.00009871
SUIUSDT,1740412800000,-0.00002781
SUIUSDT,1740441600000,-0.00020761
SUIUSDT,1740470400000,-0.00008808
SUIUSDT,1740499200000,-0.00000845
SUIUSDT,1740528000000,-0.0000789
SUIUSDT,1740556800000,-0.00024725
SUIUSDT,1740585600000,-0.00000493
SUIUSDT,1740614400001,0.00006462
SUIUSDT,1740643200000,0.00005012
SUIUSDT,1740672000000,0.00005188
SUIUSDT,1740700800001,-0.00011325
SUIUSDT,1740729600000,0.00000302
SUIUSDT,1740758400000,-0.00010124
SUIUSDT,1740787200000,0.00007644
SUIUSDT,1740816000000,-0.00004939
SUIUSDT,1740844800001,0.00004213
SUIUSDT,1740873600000,0.00001923
SUIUSDT,1740902400000,0.0000391
SUIUSDT,1740931200000,-0.00000915
SUIUSDT,1740960000001,0.0001
SUIUSDT,1740988800000,0.0001
SUIUSDT,1741017600000,-0.0000906
SUIUSDT,1741046400001,-0.00005097
SUIUSDT,1741075200005,-0.00003767
SUIUSDT,1741104000000,-0.00005405
SUIUSDT,1741132800000,-0.00011239
SUIUSDT,1741161600000,0.00002358
SUIUSDT,1741190400000,-0.00014426
SUIUSDT,1741219200000,-0.00008497
SUIUSDT,1741248000001,-0.00012491
SUIUSDT,1741276800000,-0.00025493
SUIUSDT,1741305600000,-0.00028353
SUIUSDT,1741334400001,-0.00037101
SUIUSDT,1741363200000,-0.00006992
SUIUSDT,1741392000000,0.00000272
SUIUSDT,1741420800001,-0.00017307
SUIUSDT,1741449600001,-0.00002295
SUIUSDT,1741478400001,-0.00000389
SUIUSDT,1741507200000,0.00003322
SUIUSDT,1741536000000,0.0001
SUIUSDT,1741564800000,-0.00001607
SUIUSDT,1741593600000,-0.00005586
SUIUSDT,1741622400000,0.00001518
SUIUSDT,1741651200000,0.00001897
SUIUSDT,1741680000000,-0.00001558
SUIUSDT,1741708800001,0.00009112
SUIUSDT,1741737600000,-0.00006523
SUIUSDT,1741766400000,-0.0000377
SUIUSDT,1741795200001,-0.00006601
SUIUSDT,1741824000000,0.00001946
SUIUSDT,1741852800000,-0.0001279
SUIUSDT,1741881600000,0.00001701
SUIUSDT,1741910400000,-0.00000202
SUIUSDT,1741939200000,-0.00005684
SUIUSDT,1741968000000,0.00003549
SUIUSDT,1741996800000,0.00009739
SUIUSDT,1742025600000,0.0000078
SUIUSDT,1742054400000,-0.0000568
SUIUSDT,1742083200000,0.00003218
SUIUSDT,1742112000000,0.00003423
SUIUSDT,1742140800000,-0.00007707
SUIUSDT,1742169600000,-0.00001042
SUIUSDT,1742198400000,0.00007448
SUIUSDT,1742227200000,0.00003074
SUIUSDT,1742256000000,0.00005065
SUIUSDT,1742284800000,-0.00007539
SUIUSDT,1742313600000,-0.00017652
SUIUSDT,1742342400000,-0.00012325
SUIUSDT,1742371200000,0.00003889
SUIUSDT,1742400000000,0.0001
SUIUSDT,1742428800000,-0.00000149
SUIUSDT,1742457600000,0.00000514
SUIUSDT,1742486400000,-0.00002347
SUIUSDT,1742515200000,0.00002316
SUIUSDT,1742544000000,-0.00001762
SUIUSDT,1742572800000,-0.00012244
SUIUSDT,1742601600000,-0.00017231
SUIUSDT,1742630400004,-0.00016982
SUIUSDT,1742659200000,0.00001429
SUIUSDT,1742688000000,0.00000232
SUIUSDT,1742716800000,-0.00004242
SUIUSDT,1742745600000,0.0000012
SUIUSDT,1742774400000,-0.00006091
SUIUSDT,1742803200000,0.0001
SUIUSDT,1742832000000,0.0001
SUIUSDT,1742860800001,0.0001
SUIUSDT,1742889600000,0.00006348
SUIUSDT,1742918400000,0.00002082
SUIUSDT,1742947200000,0.0001
SUIUSDT,1742976000000,-0.00001841
SUIUSDT,1743004800001,-0.00003218
SUIUSDT,1743033600001,-0.00005041
SUIUSDT,1743062400001,-0.00021798
SUIUSDT,1743091200002,0.0001
SUIUSDT,1743120000001,-0.00007948
SUIUSDT,1743148800001,0.0001
SUIUSDT,1743177600000,-0.00001133
SUIUSDT,1743206400000,0.0000457
SUIUSDT,1743235200000,-0.00002942
SUIUSDT,1743264000000,-0.00010267
SUIUSDT,1743292800000,-0.00019958
SUIUSDT,1743321600000,-0.00008561
SUIUSDT,1743350400000,-0.00001461
SUIUSDT,1743379200000,-0.00009035
SUIUSDT,1743408000000,-0.00006289
SUIUSDT,1743436800000,-0.00015198
SUIUSDT,1743465600000,-0.00011562
SUIUSDT,1743494400001,-0.00018302
SUIUSDT,1743523200000,-0.00000566
SUIUSDT,1743552000001,-0.00005719
SUIUSDT,1743580800000,-0.00006988
SUIUSDT,1743609600000,-0.00000739
SUIUSDT,1743638400000,0.00003018
SUIUSDT,1743667200000,-0.00002734
SUIUSDT,1743696000000,-0.00007774
SUIUSDT,1743724800000,0.0001
SUIUSDT,1743753600000,0.00002544
SUIUSDT,1743782400000,-0.00002723
SUIUSDT,1743811200000,0.0001
SUIUSDT,1743840000000,0.0000646
SUIUSDT,1743868800000,0.00002675
SUIUSDT,1743897600000,0.00007979
SUIUSDT,1743926400000,-0.00001618
SUIUSDT,1743955200002,-0.00009317
SUIUSDT,1743984000000,0.00006069
SUIUSDT,1744012800000,0.0001
SUIUSDT,1744041600000,-0.00005018
SUIUSDT,1744070400000,0.00000462
SUIUSDT,1744099200000,0.00001388
SUIUSDT,1744128000000,0.00001264
SUIUSDT,1744156800000,0.00007853
SUIUSDT,1744185600001,-0.0000677
SUIUSDT,1744214400000,0.00008213
SUIUSDT,1744243200000,0.0001
SUIUSDT,1744272000000,0.00006553
SUIUSDT,1744300800000,0.00000254
SUIUSDT,1744329600001,-0.00002003
SUIUSDT,1744358400000,0.00003043
SUIUSDT,1744387200000,0.00008788
SUIUSDT,1744416000000,0.0001
SUIUSDT,1744444800001,-0.00003309
SUIUSDT,1744473600000,-0.00002415
SUIUSDT,1744502400000,0.00004365
SUIUSDT,1744531200000,-0.00015259
SUIUSDT,1744560000000,0.00004718
SUIUSDT,1744588800000,0.00008442
SUIUSDT,1744617600000,0.00003606
SUIUSDT,1744646400000,-0.00003483
SUIUSDT,1744675200000,-0.00002917
SUIUSDT,1744704000000,-0.0001156
SUIUSDT,1744732800001,-0.00008827
SUIUSDT,1744761600000,0.00009173
SUIUSDT,1744790400000,-0.00004737
SUIUSDT,1744819200000,-0.00008024
SUIUSDT,1744848000001,0.00005143
SUIUSDT,1744876800000,-0.00000984
SUIUSDT,1744905600001,-0.00002803
SUIUSDT,1744934400000,-0.00000205
SUIUSDT,1744963200000,0.00004005
SUIUSDT,1744992000000,0.00003578
SUIUSDT,1745020800000,0.0001
SUIUSDT,1745049600000,0.00006587
SUIUSDT,1745078400000,-0.00005974
SUIUSDT,1745107200000,0.0001
SUIUSDT,1745136000000,-0.00001167
SUIUSDT,1745164800000,-0.00004486
SUIUSDT,1745193600000,0.00005713
SUIUSDT,1745222400005,0.00005543
SUIUSDT,1745251200003,0.0001
SUIUSDT,1745280000008,0.00004599
SUIUSDT,1745308800000,0.00005264
SUIUSDT,1745337600000,0.00005996
SUIUSDT,1745366400000,0.0001
SUIUSDT,1745395200002,-0.00005629
SUIUSDT,1745424000000,0.0001
SUIUSDT,1745452800000,0.00003321
SUIUSDT,1745481600001,-0.00008551
SUIUSDT,1745510400001,-0.00010441
SUIUSDT,1745539200007,0.0001
SUIUSDT,1745568000002,-0.00020397
SUIUSDT,1745596800003,-0.00028457
SUIUSDT,1745625600002,0.0000791
SUIUSDT,1745654400000,-0.00000748
SUIUSDT,1745683200002,0.0001
SUIUSDT,1745712000001,0.00003143
SUIUSDT,1745740800000,0.00004794
SUIUSDT,1745769600000,-0.00002243
SUIUSDT,1745798400001,0.00000562
SUIUSDT,1745827200003,0.00006965
SUIUSDT,1745856000005,-0.00005569
SUIUSDT,1745884800000,-0.00030146
SUIUSDT,1745913600000,-0.0003983
SUIUSDT,1745942400010,-0.00041651
SUIUSDT,1745971200001,-0.0001155
SUIUSDT,1746000000000,0.00004457
SUIUSDT,1746028800003,-0.00000226
SUIUSDT,1746057600000,0.0001
SUIUSDT,1746086400000,0.0001
SUIUSDT,1746115200001,0.00004245
SUIUSDT,1746144000000,0.0001
SUIUSDT,1746172800000,0.0001
SUIUSDT,1746201600003,-0.00012576
SUIUSDT,1746230400000,0.00003522
SUIUSDT,1746259200000,0.0001
SUIUSDT,1746288000000,0.0001
SUIUSDT,1746316800001,0.0001
SUIUSDT,1746345600001,0.0001
SUIUSDT,1746374400002,-0.00006852
SUIUSDT,1746403200000,-0.00000896
SUIUSDT,1746432000000,-0.0001455
SUIUSDT,1746460800006,0.0001
SUIUSDT,1746489600002,0.0001
SUIUSDT,1746518400005,0.00007009
SUIUSDT,1746547200000,0.00008678
SUIUSDT,1746576000002,0.00009081
SUIUSDT,1746604800000,0.0001
SUIUSDT,1746633600006,0.00006373
SUIUSDT,1746662400000,-0.00006845
SUIUSDT,1746691200001,0.0001
SUIUSDT,1746720000002,0.0001
SUIUSDT,1746748800001,0.0001
SUIUSDT,1746777600006,0.0001
SUIUSDT,1746806400000,0.0001
SUIUSDT,1746835200001,0.0001
SUIUSDT,1746864000000,0.0001
SUIUSDT,1746892800001,0.0001
SUIUSDT,1746921600000,0.0001
SUIUSDT,1746950400001,0.0001
SUIUSDT,1746979200001,-0.00006265
SUIUSDT,1747008000004,0.0001
SUIUSDT,1747036800000,0.0001
SUIUSDT,1747065600000,0.0001
SUIUSDT,1747094400000,0.0000719
SUIUSDT,1747123200008,0.0001
SUIUSDT,1747152000001,0.0001
SUIUSDT,1747180800007,0.00006192
SUIUSDT,1747209600000,0.0000454
SUIUSDT,1747238400002,-0.00006978
SUIUSDT,1747267200000,0.0001
SUIUSDT,1747296000003,0.0001
SUIUSDT,1747324800000,0.00002374
SUIUSDT,1747353600001,0.0001
SUIUSDT,1747382400000,0.00007399
SUIUSDT,1747411200000,0.00007399
SUIUSDT,1747440000000,-0.00002137
SUIUSDT,1747468800001,0.0001
SUIUSDT,1747497600004,0.0001
SUIUSDT,1747526400000,0.00002445
SUIUSDT,1747555200000,0.00003644
SUIUSDT,1747584000000,0.00007496
SUIUSDT,1747612800000,-0.00005922
SUIUSDT,1747641600006,-0.00003367
SUIUSDT,1747670400010,-0.00007306
SUIUSDT,1747699200000,0.0001
SUIUSDT,1747728000002,0.0001
SUIUSDT,1747756800000,0.0001
SUIUSDT,1747785600000,0.0001
SUIUSDT,1747814400001,0.0001
SUIUSDT,1747843200004,0.0001
SUIUSDT,1747872000001,0.00009512
SUIUSDT,1747900800000,0.0001
SUIUSDT,1747929600002,0.0001
SUIUSDT,1747958400006,0.0001
SUIUSDT,1747987200000,0.0001
SUIUSDT,1748016000007,0.00003066
SUIUSDT,1748044800010,-0.00000213
SUIUSDT,1748073600000,0.00006181
SUIUSDT,1748102400003,-0.0000365
SUIUSDT,1748131200004,0.00003423
SUIUSDT,1748160000000,-0.00000021
SUIUSDT,1748188800000,0.00007137
SUIUSDT,1748217600000,0.00000706
SUIUSDT,1748246400000,0.0000459
SUIUSDT,1748275200002,-0.00001363
SUIUSDT,1748304000003,-0.00001698
SUIUSDT,1748332800001,0.00000597
SUIUSDT,1748361600005,0.00002753
SUIUSDT,1748390400002,0.0001
SUIUSDT,1748419200003,0.0001
SUIUSDT,1748448000002,0.0001
SUIUSDT,1748476800000,0.00005814
SUIUSDT,1748505600006,0.0001
SUIUSDT,1748534400000,0.0001
SUIUSDT,1748563200003,0.00008512
SUIUSDT,1748592000003,-0.00003906
SUIUSDT,1748620800000,0.0000208
SUIUSDT,1748649600000,0.0000016
SUIUSDT,1748678400000,-0.00008632
SUIUSDT,1748707200000,-0.00010239
SUIUSDT,1748736000001,0.00004798
SUIUSDT,1748764800002,0.00002293
SUIUSDT,1748793600000,0.00001054
SUIUSDT,1748822400001,0.00001727
SUIUSDT,1748851200000,0.0000225
SUIUSDT,1748880000000,0.0001
SUIUSDT,1748908800000,0.0001
SUIUSDT,1748937600000,-0.00001019
SUIUSDT,1748966400001,-0.00002536
SUIUSDT,1748995200000,0.00000264
SUIUSDT,1749024000000,0.00001486
SUIUSDT,1749052800000,0.0000045
SUIUSDT,1749081600016,0.0000527
SUIUSDT,1749110400000,0.00003685
SUIUSDT,1749139200000,0.0001
SUIUSDT,1749168000002,0.00001347
SUIUSDT,1749196800000,-0.00006855
SUIUSDT,1749225600006,0.00001455
SUIUSDT,1749254400000,0.00000803
SUIUSDT,1749283200000,0.00001389
SUIUSDT,1749312000002,0.00002888
SUIUSDT,1749340800000,-0.00001426
SUIUSDT,1749369600000,0.00007907
SUIUSDT,1749398400000,0.00004544
SUIUSDT,1749427200000,0.00005751
SUIUSDT,1749456000001,0.0000159
SUIUSDT,1749484800001,0.00009817
SUIUSDT,1749513600000,0.00007062
SUIUSDT,1749542400001,0.0001
SUIUSDT,1749571200003,0.00004063
SUIUSDT,1749600000000,0.0001
SUIUSDT,1749628800000,0.0001
SUIUSDT,1749657600010,0.0001
SUIUSDT,1749686400002,0.00009782
SUIUSDT,1749715200003,0.0001
SUIUSDT,1749744000001,0.00002212
SUIUSDT,1749772800000,-0.00001258
SUIUSDT,1749801600001,0.00001369
SUIUSDT,1749830400004,-0.00001294
SUIUSDT,1749859200000,-0.00002075
SUIUSDT,1749888000000,-0.00003409
SUIUSDT,1749916800000,0.00005065
SUIUSDT,1749945600005,-0.00000249
SUIUSDT,1749974400009,0.0000849
SUIUSDT,1750003200000,0.00001386
SUIUSDT,1750032000000,0.00002042
SUIUSDT,1750060800000,0.00004171
SUIUSDT,1750089600003,0.00009208
SUIUSDT,1750118400000,0.0001
SUIUSDT,1750147200006,0.0001
SUIUSDT,1750176000001,0.0001
SUIUSDT,1750204800001,0.00004602
SUIUSDT,1750233600001,0.00004214
SUIUSDT,1750262400001,0.00004237
SUIUSDT,1750291200005,0.00008426
SUIUSDT,1750320000003,0.0001
SUIUSDT,1750348800000,0.00009324
SUIUSDT,1750377600000,0.00002645
SUIUSDT,1750406400002,0.00002785
SUIUSDT,1750435200001,-0.00001579
SUIUSDT,1750464000002,0.00008535
SUIUSDT,1750492800005,0.00009935
SUIUSDT,1750521600000,0.00003879
SUIUSDT,1750550400005,0.0001
SUIUSDT,1750579200000,0.00003834
SUIUSDT,1750608000003,0.0001
SUIUSDT,1750636800000,0.00007125
SUIUSDT,1750665600004,-0.00001
SUIUSDT,1750694400013,0.00000132
SUIUSDT,1750723200003,-0.00003679
SUIUSDT,1750752000000,0.00002531
SUIUSDT,1750780800000,0.00002509
SUIUSDT,1750809600005,0.00001053
SUIUSDT,1750838400000,0.00001704
SUIUSDT,1750867200005,0.00003778
SUIUSDT,1750896000000,0.00002597
SUIUSDT,1750924800006,-0.0000571
SUIUSDT,1750953600007,0.0001
SUIUSDT,1750982400000,0.00007467
SUIUSDT,1751011200000,-0.00005992
SUIUSDT,1751040000009,0.00001043
SUIUSDT,1751068800001,-0.00001185
SUIUSDT,1751097600002,0.0000682
SUIUSDT,1751126400000,-0.00003032
SUIUSDT,1751155200004,0.0001
SUIUSDT,1751184000001,-0.00001416
SUIUSDT,1751212800001,-0.00000999
SUIUSDT,1751241600000,0.0001
SUIUSDT,1751270400005,-0.00000759
SUIUSDT,1751299200002,0.00003322
SUIUSDT,1751328000007,0.00004412
SUIUSDT,1751356800002,0.0000509
SUIUSDT,1751385600000,0.00003782
SUIUSDT,1751414400001,-0.00002804
SUIUSDT,1751443200000,-0.00009729
SUIUSDT,1751472000003,0.00009091
SUIUSDT,1751500800006,0.0001
SUIUSDT,1751529600003,0.0001
SUIUSDT,1751558400003,0.0001
SUIUSDT,1751587200005,0.0001
SUIUSDT,1751616000003,0.0001
SUIUSDT,1751644800001,0.00006607
SUIUSDT,1751673600004,-0.00007374
SUIUSDT,1751702400009,-0.00001571
SUIUSDT,1751731200006,-0.00004605
SUIUSDT,1751760000001,0.00001437
SUIUSDT,1751788800002,-0.00001608
SUIUSDT,1751817600004,-0.00000815
SUIUSDT,1751846400000,-0.0000115
SUIUSDT,1751875200007,0.00003655
SUIUSDT,1751904000000,0.00002122
SUIUSDT,1751932800010,0.00005038
SUIUSDT,1751961600003,-0.00001357
SUIUSDT,1751990400000,0.00002511
SUIUSDT,1752019200002,0.0001
SUIUSDT,1752048000006,0.00008313
SUIUSDT,1752076800001,0.00006751
SUIUSDT,1752105600003,0.0001
SUIUSDT,1752134400000,0.0001
SUIUSDT,1752163200004,0.0001
SUIUSDT,1752192000004,0.0001
SUIUSDT,1752220800007,0.0001
SUIUSDT,1752249600001,0.0001
SUIUSDT,1752278400000,0.0001
SUIUSDT,1752307200001,0.0001
SUIUSDT,1752336000002,0.0001
SUIUSDT,1752364800006,0.0001
SUIUSDT,1752393600001,0.00006774
SUIUSDT,1752422400003,0.0001
SUIUSDT,1752451200000,0.00008651
SUIUSDT,1752480000000,0.00009249
SUIUSDT,1752508800000,0.0001
SUIUSDT,1752537600002,0.0001
SUIUSDT,1752566400000,0.0001
SUIUSDT,1752595200000,0.00006325
SUIUSDT,1752624000000,0.0001
SUIUSDT,1752652800000,0.0001
SUIUSDT,1752681600008,0.0001
SUIUSDT,1752710400003,0.0001
SUIUSDT,1752739200000,0.0001
SUIUSDT,1752768000000,0.0001
SUIUSDT,1752796800004,0.0001
SUIUSDT,1752825600000,0.00011164
SUIUSDT,1752854400000,0.0001
SUIUSDT,1752883200009,0.0001
SUIUSDT,1752912000000,0.0001
SUIUSDT,1752940800002,0.0001
SUIUSDT,1752969600000,0.0001
SUIUSDT,1752998400000,0.0001
SUIUSDT,1753027200000,0.0001
SUIUSDT,1753056000001,0.0001
SUIUSDT,1753084800000,0.0001
SUIUSDT,1753113600001,0.00013642
SUIUSDT,1753142400000,0.0001
SUIUSDT,1753171200010,0.0001
SUIUSDT,1753200000007,0.0001
SUIUSDT,1753228800000,0.00026489
SUIUSDT,1753257600004,0.0001
SUIUSDT,1753286400002,0.0001
SUIUSDT,1753315200000,0.0001
SUIUSDT,1753344000001,0.0001
SUIUSDT,1753372800000,0.0001
SUIUSDT,1753401600000,0.0001
SUIUSDT,1753430400000,0.00008172
SUIUSDT,1753459200000,0.0001
SUIUSDT,1753488000001,0.0001
SUIUSDT,1753516800005,0.0001
SUIUSDT,1753545600001,0.0001
SUIUSDT,1753574400001,0.00012542
SUIUSDT,1753603200000,0.0001
SUIUSDT,1753632000008,0.0001
SUIUSDT,1753660800005,0.0001
SUIUSDT,1753689600000,0.0001592
SUIUSDT,1753718400000,0.0001
SUIUSDT,1753747200001,0.0001
SUIUSDT,1753776000000,0.0001
SUIUSDT,1753804800000,0.00007567
SUIUSDT,1753833600011,0.00000104
SUIUSDT,1753862400000,0.0001
SUIUSDT,1753891200008,0.00003438
SUIUSDT,1753920000000,0.00004184
SUIUSDT,1753948800009,-0.00004648
SUIUSDT,1753977600000,0.00001116
SUIUSDT,1754006400001,0.00001395
SUIUSDT,1754035200003,0.00000761
SUIUSDT,1754064000000,-0.00000907
SUIUSDT,1754092800004,0.0000362
SUIUSDT,1754121600000,0.00004198
SUIUSDT,1754150400000,0.00007838
SUIUSDT,1754179200000,0.00007326
SUIUSDT,1754208000000,0.0000357
SUIUSDT,1754236800003,0.00004531
SUIUSDT,1754265600004,-0.0000097
SUIUSDT,1754294400000,0.0000083
SUIUSDT,1754323200002,0.00004599
SUIUSDT,1754352000000,0.00004886
SUIUSDT,1754380800000,0.00000236
SUIUSDT,1754409600000,-0.00000488
SUIUSDT,1754438400005,0.00000904
SUIUSDT,1754467200000,0.00005769
SUIUSDT,1754496000000,0.0001
SUIUSDT,1754524800003,0.0001
SUIUSDT,1754553600002,0.0001
SUIUSDT,1754582400002,0.0001
SUIUSDT,1754611200002,0.0001
SUIUSDT,1754640000004,0.0001
SUIUSDT,1754668800000,0.0001
SUIUSDT,1754697600005,0.0001
SUIUSDT,1754726400000,0.0001
SUIUSDT,1754755200007,0.0001
SUIUSDT,1754784000003,0.0001
SUIUSDT,1754812800005,0.0001
SUIUSDT,1754841600002,0.0001
SUIUSDT,1754870400000,0.0001
SUIUSDT,1754899200000,0.0001
SUIUSDT,1754928000000,0.00001856
SUIUSDT,1754956800000,-0.00005347
SUIUSDT,1754985600001,0.00004763
SUIUSDT,1755014400005,0.00003571
SUIUSDT,1755043200000,0.0001
SUIUSDT,1755072000002,0.0001
SUIUSDT,1755100800006,0.0001
SUIUSDT,1755129600002,0.0001
SUIUSDT,1755158400003,0.0001
SUIUSDT,1755187200000,0.0001
SUIUSDT,1755216000000,0.00006052
SUIUSDT,1755244800000,0.0000576
SUIUSDT,1755273600000,0.00009659
SUIUSDT,1755302400004,-0.00005181
SUIUSDT,1755331200000,0.0001
SUIUSDT,1755360000002,0.00001085
SUIUSDT,1755388800000,0.00003682
SUIUSDT,1755417600001,0.00004396
SUIUSDT,1755446400007,0.0001
SUIUSDT,1755475200000,0.0001
SUIUSDT,1755504000001,-0.00008205
SUIUSDT,1755532800002,-0.00006024
SUIUSDT,1755561600000,-0.00001055
SUIUSDT,1755590400001,0.00008771
SUIUSDT,1755619200000,0.00005874
SUIUSDT,1755648000000,0.00000023
SUIUSDT,1755676800000,-0.00007381
SUIUSDT,1755705600000,0.00005717
SUIUSDT,1755734400006,0.0001
SUIUSDT,1755763200000,0.0001
SUIUSDT,1755792000003,-0.00002006
SUIUSDT,1755820800010,-0.00000529
SUIUSDT,1755849600007,0.00004053
SUIUSDT,1755878400001,0.00003713
SUIUSDT,1755907200004,0.0001
SUIUSDT,1755936000006,0.0001
SUIUSDT,1755964800000,0.0001
SUIUSDT,1755993600001,0.0001
SUIUSDT,1756022400002,0.0001
SUIUSDT,1756051200001,0.0001
SUIUSDT,1756080000000,0.0001
SUIUSDT,1756108800002,0.00008278
SUIUSDT,1756137600002,-0.00002646
SUIUSDT,1756166400000,-0.0000919
SUIUSDT,1756195200000,-0.00005413
SUIUSDT,1756224000000,0.0001
SUIUSDT,1756252800003,0.0001
SUIUSDT,1756281600000,0.0001
SUIUSDT,1756310400009,0.0000553
SUIUSDT,1756339200000,0.0001
SUIUSDT,1756368000005,0.0001
SUIUSDT,1756396800004,0.0001
SUIUSDT,1756425600000,0.0001
SUIUSDT,1756454400000,0.0001
SUIUSDT,1756483200005,0.00001073
SUIUSDT,1756512000000,0.0000759
SUIUSDT,1756540800002,0.0001
SUIUSDT,1756569600003,0.0000959
SUIUSDT,1756598400016,0.00007256
SUIUSDT,1756627200000,0.0001
SUIUSDT,1756656000001,0.00007799
SUIUSDT,1756684800000,-0.00000177
SUIUSDT,1756713600000,0.00004027
SUIUSDT,1756742400001,0.0001
SUIUSDT,1756771200000,0.00004317
SUIUSDT,1756800000005,0.0001
SUIUSDT,1756828800007,0.0001
SUIUSDT,1756857600006,0.0001
SUIUSDT,1756886400002,0.0001
SUIUSDT,1756915200002,0.00005793
SUIUSDT,1756944000002,0.00009347
SUIUSDT,1756972800000,0.00005694
SUIUSDT,1757001600000,0.0000352
SUIUSDT,1757030400001,0.00004446
SUIUSDT,1757059200006,0.0001
SUIUSDT,1757088000000,0.0001
SUIUSDT,1757116800000,0.0001
SUIUSDT,1757145600005,0.00004285
SUIUSDT,1757174400000,0.00004684
SUIUSDT,1757203200000,0.00006231
SUIUSDT,1757232000000,0.0001
SUIUSDT,1757260800000,0.0001
SUIUSDT,1757289600007,0.0001
SUIUSDT,1757318400000,0.0001
SUIUSDT,1757347200000,0.0001
SUIUSDT,1757376000000,0.0001
SUIUSDT,1757404800000,0.0001
SUIUSDT,1757433600000,0.0001
SUIUSDT,1757462400000,-0.00001324
SUIUSDT,1757491200002,0.0001
SUIUSDT,1757520000000,0.0001
SUIUSDT,1757548800000,0.0001
SUIUSDT,1757577600000,0.0001
SUIUSDT,1757606400001,0.00007761
SUIUSDT,1757635200002,0.0001
SUIUSDT,1757664000001,0.0001
SUIUSDT,1757692800005,0.0000153
SUIUSDT,1757721600005,0.0001
SUIUSDT,1757750400002,0.0001
SUIUSDT,1757779200000,0.0001
SUIUSDT,1757808000006,0.0001
SUIUSDT,1757836800000,0.0001
SUIUSDT,1757865600001,0.00009928
SUIUSDT,1757894400006,0.00008761
SUIUSDT,1757923200002,0.00001744
SUIUSDT,1757952000001,0.00001268
SUIUSDT,1757980800001,-0.00001168
SUIUSDT,1758009600000,0.00004239
SUIUSDT,1758038400000,0.00002488
SUIUSDT,1758067200001,0.00008452
SUIUSDT,1758096000000,0.00003177
SUIUSDT,1758124800003,0.00003005
SUIUSDT,1758153600006,0.0001
SUIUSDT,1758182400002,0.0001
SUIUSDT,1758211200000,0.0001
SUIUSDT,1758240000000,0.0001
SUIUSDT,1758268800005,0.0001
SUIUSDT,1758297600000,0.00008571
SUIUSDT,1758326400000,0.00001457
SUIUSDT,1758355200000,-0.00003746
SUIUSDT,1758384000002,-0.00001364
SUIUSDT,1758412800000,0.00001976
SUIUSDT,1758441600000,0.0001
SUIUSDT,1758470400000,0.00001983
SUIUSDT,1758499200005,0.00000095
SUIUSDT,1758528000003,-0.0000121
SUIUSDT,1758556800000,0.0000008
SUIUSDT,1758585600000,0.00005031
SUIUSDT,1758614400001,0.00000942
SUIUSDT,1758643200000,0.00000831
SUIUSDT,1758672000003,0.00005367
SUIUSDT,1758700800001,0.00006415
SUIUSDT,1758729600002,0.00003385
SUIUSDT,1758758400000,0.00006538
SUIUSDT,1758787200001,-0.0000292
SUIUSDT,1758816000000,0.00004244
SUIUSDT,1758844800000,0.00003993
SUIUSDT,1758873600000,0.00007627
SUIUSDT,1758902400008,0.00003356
SUIUSDT,1758931200000,0.00005951
SUIUSDT,1758960000010,0.00006566
SUIUSDT,1758988800003,0.00004299
SUIUSDT,1759017600000,0.0001
SUIUSDT,1759046400000,0.00007074
SUIUSDT,1759075200000,-0.00001969
SUIUSDT,1759104000000,0.00009743
SUIUSDT,1759132800002,0.0001
SUIUSDT,1759161600001,0.00001194
SUIUSDT,1759190400002,0.00008814
SUIUSDT,1759219200005,0.0000982
SUIUSDT,1759248000000,0.00004602
SUIUSDT,1759276800000,0.0001
SUIUSDT,1759305600000,0.0001
SUIUSDT,1759334400000,0.0001
SUIUSDT,1759363200000,0.0001
SUIUSDT,1759392000013,0.00008499
SUIUSDT,1759420800000,0.00006063
SUIUSDT,1759449600006,0.0001
SUIUSDT,1759478400006,0.0001
SUIUSDT,1759507200000,0.00004765
SUIUSDT,1759536000001,0.0001
SUIUSDT,1759564800000,0.00005993
SUIUSDT,1759593600000,0.00008096
SUIUSDT,1759622400000,0.0001
SUIUSDT,1759651200003,0.00008591
SUIUSDT,1759680000009,0.00002646
SUIUSDT,1759708800004,-0.00002354
SUIUSDT,1759737600002,0.00007948
SUIUSDT,1759766400004,0.00006816
SUIUSDT,1759795200000,0.0001
SUIUSDT,1759824000003,0.0001
SUIUSDT,1759852800000,0.0001
SUIUSDT,1759881600000,0.00004374
SUIUSDT,1759910400006,0.0001
SUIUSDT,1759939200002,0.0001
SUIUSDT,1759968000001,0.0001
SUIUSDT,1759996800000,0.0001
SUIUSDT,1760025600000,0.00003929
SUIUSDT,1760054400005,0.0001
SUIUSDT,1760083200002,0.0001
SUIUSDT,1760112000014,0.0001
SUIUSDT,1760140800000,0.00071101
SUIUSDT,1760169600003,-0.00011515
SUIUSDT,1760198400000,-0.00007681
SUIUSDT,1760227200004,-0.00013274
SUIUSDT,1760256000002,-0.00017943
SUIUSDT,1760284800000,-0.00014842
SUIUSDT,1760313600003,-0.00023225
SUIUSDT,1760342400002,-0.00008844
SUIUSDT,1760371200003,0.00004529
SUIUSDT,1760400000000,-0.00001833
SUIUSDT,1760428800000,0.00007198
SUIUSDT,1760457600000,0.00000892
SUIUSDT,1760486400006,0.00007795
SUIUSDT,1760515200002,0.00005535
SUIUSDT,1760544000000,0.00001293
SUIUSDT,1760572800000,0.00003857
SUIUSDT,1760601600003,0.00002417
SUIUSDT,1760630400002,0.00004654
SUIUSDT,1760659200001,0.0000788
SUIUSDT,1760688000005,0.00004376
SUIUSDT,1760716800003,0.00003523
SUIUSDT,1760745600000,-0.00001212
SUIUSDT,1760774400002,0.00001949
SUIUSDT,1760803200001,-0.00001354
SUIUSDT,1760832000001,0.00000449
SUIUSDT,1760860800001,0.00000272
SUIUSDT,1760889600001,0.00001679
SUIUSDT,1760918400004,0.00004118
SUIUSDT,1760947200001,-0.00002908
SUIUSDT,1760976000000,-0.00001264
SUIUSDT,1761004800009,0.00000816
SUIUSDT,1761033600000,0.00005805
SUIUSDT,1761062400000,0.00006664
SUIUSDT,1761091200004,0.0001
SUIUSDT,1761120000000,-0.00001693
SUIUSDT,1761148800000,0.00002665
SUIUSDT,1761177600000,0.0001
SUIUSDT,1761206400001,0.00006794
SUIUSDT,1761235200004,0.0000494
SUIUSDT,1761264000000,0.00006842
SUIUSDT,1761292800000,0.00007969
SUIUSDT,1761321600009,0.00004989
SUIUSDT,1761350400000,0.0001
SUIUSDT,1761379200001,0.00007364
SUIUSDT,1761408000001,0.00008513
SUIUSDT,1761436800001,0.0001
SUIUSDT,1761465600001,0.00001437
SUIUSDT,1761494400000,0.0000239
SUIUSDT,1761523200000,0.0001
SUIUSDT,1761552000005,0.00003409
SUIUSDT,1761580800000,0.00009513
SUIUSDT,1761609600000,0.0000935
SUIUSDT,1761638400000,0.00003241
SUIUSDT,1761667200004,0.00001663
SUIUSDT,1761696000004,-0.00004234
SUIUSDT,1761724800005,-0.00008016
SUIUSDT,1761753600000,0.00006414
SUIUSDT,1761782400004,0.00008205
SUIUSDT,1761811200008,0.00000294
SUIUSDT,1761840000001,-0.00009458
SUIUSDT,1761868800000,-0.00017406
SUIUSDT,1761897600008,0.00004157
SUIUSDT,1761926400007,-0.00000581
SUIUSDT,1761955200001,0.00008614
SUIUSDT,1761984000000,0.00005206
SUIUSDT,1762012800000,0.00009503
SUIUSDT,1762041600007,0.00003613
SUIUSDT,1762070400000,0.00002522
SUIUSDT,1762099200001,0.00000941
SUIUSDT,1762128000000,0.00005979
SUIUSDT,1762156800010,0.00002977
SUIUSDT,1762185600000,0.00001471
SUIUSDT,1762214400002,0.00008835
SUIUSDT,1762243200004,0.00008854
SUIUSDT,1762272000000,0.0001
SUIUSDT,1762300800000,0.0001
SUIUSDT,1762329600000,0.0000906
SUIUSDT,1762358400004,-0.00001394
SUIUSDT,1762387200001,0.00003511
SUIUSDT,1762416000000,0.00009152
SUIUSDT,1762444800001,0.00006535
SUIUSDT,1762473600005,0.00005936
SUIUSDT,1762502400003,0.00009432
SUIUSDT,1762531200005,0.00006881
SUIUSDT,1762560000011,0.00004462
SUIUSDT,1762588800015,0.0001
SUIUSDT,1762617600001,0.00005205
SUIUSDT,1762646400004,0.00004195
SUIUSDT,1762675200000,0.00005867
SUIUSDT,1762704000005,-0.00002252
SUIUSDT,1762732800000,-0.00003062
SUIUSDT,1762761600000,-0.00000898
SUIUSDT,1762790400003,-0.00001567
SUIUSDT,1762819200007,0.00001611
SUIUSDT,1762848000000,0.00001964
SUIUSDT,1762876800009,-0.00000061
SUIUSDT,1762905600000,-0.0000028
SUIUSDT,1762934400002,-0.00008166
SUIUSDT,1762963200000,0.00005083
SUIUSDT,1762992000002,-0.00002337
SUIUSDT,1763020800000,-0.0000224
SUIUSDT,1763049600001,0.00008007
SUIUSDT,1763078400000,-0.00006748
SUIUSDT,1763107200000,-0.00000629
SUIUSDT,1763136000001,0.00002916
SUIUSDT,1763164800005,0.00003095
SUIUSDT,1763193600000,0.00003587
SUIUSDT,1763222400001,0.00001683
SUIUSDT,1763251200001,0.00001331
SUIUSDT,1763280000000,0.00002394
SUIUSDT,1763308800000,-0.00004544
SUIUSDT,1763337600003,0.0001
SUIUSDT,1763366400003,0.0001
SUIUSDT,1763395200000,0.0001
SUIUSDT,1763424000002,0.0001
SUIUSDT,1763452800004,0.0001
SUIUSDT,1763481600000,0.0001
SUIUSDT,1763510400000,0.0001
SUIUSDT,1763539200000,0.0001
SUIUSDT,1763568000008,0.0000775
SUIUSDT,1763596800000,0.0001
SUIUSDT,1763625600000,0.0001
SUIUSDT,1763654400000,0.0001
SUIUSDT,1763683200001,0.0000689
SUIUSDT,1763712000000,0.0001
SUIUSDT,1763740800001,0.00007377
SUIUSDT,1763769600004,0.00003532
SUIUSDT,1763798400000,0.00000778
SUIUSDT,1763827200000,0.00000228
SUIUSDT,1763856000000,-0.00000571
SUIUSDT,1763884800008,0.00003495
SUIUSDT,1763913600003,-0.0000288
SUIUSDT,1763942400004,0.0000231
SUIUSDT,1763971200000,0.00005228
SUIUSDT,1764000000006,0.00001455
SUIUSDT,1764028800000,-0.00010603
SUIUSDT,1764057600009,-0.00003274
SUIUSDT,1764086400007,-0.0000085
SUIUSDT,1764115200001,0.00009658
SUIUSDT,1764144000001,0.00000199
SUIUSDT,1764172800000,-0.00004409
SUIUSDT,1764201600013,-0.00004058
SUIUSDT,1764230400000,0.00000528
SUIUSDT,1764259200004,0.0000218
SUIUSDT,1764288000008,-0.00003707
SUIUSDT,1764316800000,0.00002223
SUIUSDT,1764345600008,-0.00003382
SUIUSDT,1764374400000,-0.00005102
SUIUSDT,1764403200005,-0.00000475
SUIUSDT,1764432000001,-0.00002295
SUIUSDT,1764460800003,0.00002536
SUIUSDT,1764489600000,0.00004418
SUIUSDT,1764518400004,0.00002374
SUIUSDT,1764547200000,-0.00002629
SUIUSDT,1764576000004,-0.00002614
SUIUSDT,1764604800000,-0.00003692
SUIUSDT,1764633600004,-0.00014849
SUIUSDT,1764662400000,0.00000121
SUIUSDT,1764691200000,0.00006082
SUIUSDT,1764720000000,0.0001
SUIUSDT,1764748800000,0.00005029
SUIUSDT,1764777600005,0.00003764
SUIUSDT,1764806400012,0.00002744
SUIUSDT,1764835200000,0.00005747
SUIUSDT,1764864000011,0.00006617
SUIUSDT,1764892800000,0.00003942
SUIUSDT,1764921600000,0.0000067
SUIUSDT,1764950400010,0.00000847
SUIUSDT,1764979200001,0.00005526
SUIUSDT,1765008000001,0.00001182
SUIUSDT,1765036800008,-0.00002161
SUIUSDT,1765065600000,0.00005805
SUIUSDT,1765094400004,-0.00001418
SUIUSDT,1765123200000,0.00001654
SUIUSDT,1765152000000,-0.00006719
SUIUSDT,1765180800000,-0.00002617
SUIUSDT,1765209600001,-0.00000934
SUIUSDT,1765238400001,0.00007576
SUIUSDT,1765267200001,0.00008033
SUIUSDT,1765296000007,0.00001691
SUIUSDT,1765324800007,0.0001
SUIUSDT,1765353600002,0.00002259
SUIUSDT,1765382400012,-0.00002735
SUIUSDT,1765411200001,0.00008644
SUIUSDT,1765440000000,-0.00002843
SUIUSDT,1765468800000,-0.00003889
SUIUSDT,1765497600005,0.0001
SUIUSDT,1765526400007,0.0001
SUIUSDT,1765555200002,0.00005865
SUIUSDT,1765584000001,-0.00005913
SUIUSDT,1765612800006,0.00005227
SUIUSDT,1765641600000,0.0001
SUIUSDT,1765670400000,0.0001
SUIUSDT,1765699200003,0.00005743
SUIUSDT,1765728000005,0.00007184
SUIUSDT,1765756800000,-0.00002233
SUIUSDT,1765785600000,-0.00006852
SUIUSDT,1765814400000,-0.00002901
SUIUSDT,1765843200002,-0.00009554
SUIUSDT,1765872000000,0.00004157
SUIUSDT,1765900800002,0.00008436
SUIUSDT,1765929600004,0.0001
SUIUSDT,1765958400000,0.00006162
SUIUSDT,1765987200000,0.00004613
SUIUSDT,1766016000005,0.0000093
SUIUSDT,1766044800007,-0.00004446
SUIUSDT,1766073600001,-0.00000555
SUIUSDT,1766102400000,-0.0000268
SUIUSDT,1766131200001,0.00004178
SUIUSDT,1766160000000,0.0001
SUIUSDT,1766188800005,0.0001
SUIUSDT,1766217600000,0.00009556
SUIUSDT,1766246400002,0.00005881
SUIUSDT,1766275200000,0.00007604
SUIUSDT,1766304000009,0.00009366
SUIUSDT,1766332800000,-0.00000613
SUIUSDT,1766361600000,-0.00001537
SUIUSDT,1766390400005,-0.00001384
SUIUSDT,1766419200009,0.00007938
SUIUSDT,1766448000000,0.00003345
SUIUSDT,1766476800000,-0.00003576
SUIUSDT,1766505600001,0.00003219
SUIUSDT,1766534400001,0.00005333
SUIUSDT,1766563200001,-0.00002644
SUIUSDT,1766592000000,0.00001111
SUIUSDT,1766620800000,0.0001
SUIUSDT,1766649600001,0.0001
SUIUSDT,1766678400005,0.00005941
SUIUSDT,1766707200004,0.0000419
SUIUSDT,1766736000001,0.0001
SUIUSDT,1766764800007,0.0000638
SUIUSDT,1766793600000,0.00005957
SUIUSDT,1766822400000,0.0001
SUIUSDT,1766851200011,0.0001
SUIUSDT,1766880000008,0.0001
SUIUSDT,1766908800000,0.0001
SUIUSDT,1766937600000,0.0001
SUIUSDT,1766966400016,0.0001
SUIUSDT,1766995200001,0.0001
SUIUSDT,1767024000000,0.00000074
SUIUSDT,1767052800005,0.00002235
SUIUSDT,1767081600001,0.00001404
SUIUSDT,1767110400003,0.00002567
SUIUSDT,1767139200004,0.00008023
SUIUSDT,1767168000001,0.0001
SUIUSDT,1767196800001,0.0001
SUIUSDT,1767225600008,0.0001
SUIUSDT,1767254400002,0.0001
SUIUSDT,1767283200001,0.0000831
SUIUSDT,1767312000006,0.0001
SUIUSDT,1767340800007,0.0001
SUIUSDT,1767369600000,0.0001
SUIUSDT,1767398400001,0.0001
SUIUSDT,1767427200000,0.00006157
SUIUSDT,1767456000000,0.0000025
SUIUSDT,1767484800000,0.00005565
SUIUSDT,1767513600000,0.00001094
SUIUSDT,1767542400001,0.00001219
SUIUSDT,1767571200000,0.0000089
SUIUSDT,1767600000000,-0.00000942
SUIUSDT,1767628800000,0.0000194
SUIUSDT,1767657600010,0.0001
SUIUSDT,1767686400000,0.00002199
SUIUSDT,1767715200000,-0.00002047
SUIUSDT,1767744000001,-0.0000247
SUIUSDT,1767772800001,0.00000684
SUIUSDT,1767801600001,0.0001
SUIUSDT,1767830400001,0.0000175
SUIUSDT,1767859200000,0.00001407
SUIUSDT,1767888000000,0.00001445
SUIUSDT,1767916800003,-0.00009533
SUIUSDT,1767945600000,-0.00008101
SUIUSDT,1767974400001,0.00001428
SUIUSDT,1768003200000,0.00000011
SUIUSDT,1768032000002,-0.00001938
SUIUSDT,1768060800001,0.00004855
SUIUSDT,1768089600003,-0.00012351
SUIUSDT,1768118400006,0.00003247
SUIUSDT,1768147200000,0.00003748
SUIUSDT,1768176000005,-0.000137
SUIUSDT,1768204800000,0.00000419
SUIUSDT,1768233600000,-0.00004358
SUIUSDT,1768262400007,0.00002978
SUIUSDT,1768291200009,0.0001
SUIUSDT,1768320000002,0.0000876
SUIUSDT,1768348800000,0.0001
SUIUSDT,1768377600001,-0.0000067
SUIUSDT,1768406400004,-0.00005556
SUIUSDT,1768435200000,-0.00002011
SUIUSDT,1768464000004,-0.00003682
SUIUSDT,1768492800002,-0.00005887
SUIUSDT,1768521600000,0.00006162
SUIUSDT,1768550400000,0.00001124
SUIUSDT,1768579200001,-0.00002944
SUIUSDT,1768608000000,0.00009686
SUIUSDT,1768636800000,0.00009662
SUIUSDT,1768665600002,0.0001
SUIUSDT,1768694400001,-0.00001433
SUIUSDT,1768723200000,-0.00002233
SUIUSDT,1768752000000,-0.00002684
SUIUSDT,1768780800007,-0.00000979
SUIUSDT,1768809600007,0.00004253
SUIUSDT,1768838400007,-0.00010411
SUIUSDT,1768867200005,0.00001459
SUIUSDT,1768896000001,0.00005881
SUIUSDT,1768924800009,0.0001
SUIUSDT,1768953600001,0.0001
SUIUSDT,1768982400011,0.00004223
SUIUSDT,1769011200011,0.00004744
SUIUSDT,1769040000010,0.00004732
SUIUSDT,1769068800003,0.00005509
SUIUSDT,1769097600005,-0.00000745
SUIUSDT,1769126400005,0.00007243
SUIUSDT,1769155200000,0.00003822
SUIUSDT,1769184000011,0.00004268
SUIUSDT,1769212800011,0.00001995
SUIUSDT,1769241600002,-0.00004181
SUIUSDT,1769270400001,-0.00001529
SUIUSDT,1769299200002,0.00001865
SUIUSDT,1769328000011,0.00006605
SUIUSDT,1769356800005,0.00004989
SUIUSDT,1769385600000,0.00001496
SUIUSDT,1769414400003,0.00005952
SUIUSDT,1769443200000,0.00007386
SUIUSDT,1769472000002,0.00008299
SUIUSDT,1769500800000,0.00003912
SUIUSDT,1769529600000,0.00009617
SUIUSDT,1769558400000,0.00009163
SUIUSDT,1769587200000,0.00000368
SUIUSDT,1769616000000,-0.00007725
SUIUSDT,1769644800000,-0.00003438
SUIUSDT,1769673600009,-0.00000379
SUIUSDT,1769702400000,-0.00001596
SUIUSDT,1769731200008,0.0001
SUIUSDT,1769760000000,0.0001
SUIUSDT,1769788800001,0.00004959
SUIUSDT,1769817600000,0.00005862
SUIUSDT,1769846400001,-0.0000104
SUIUSDT,1769875200009,0.00008708
SUIUSDT,1769904000001,0.00000917
SUIUSDT,1769932800004,0.0001
SUIUSDT,1769961600000,0.00007897
SUIUSDT,1769990400000,0.00003284
SUIUSDT,1770019200014,0.00002574
SUIUSDT,1770048000000,-0.00000796
SUIUSDT,1770076800000,0.00001473
SUIUSDT,1770105600007,-0.00004879
SUIUSDT,1770134400000,0.00002711
SUIUSDT,1770163200002,0.00007749
SUIUSDT,1770192000007,0.00007892
SUIUSDT,1770220800000,0.000005
SUIUSDT,1770249600011,0.0001
SUIUSDT,1770278400000,0.00006556
SUIUSDT,1770307200007,0.00000849
SUIUSDT,1770336000000,-0.00000405
SUIUSDT,1770364800001,-0.00002757
SUIUSDT,1770393600000,-0.0000944
SUIUSDT,1770422400003,-0.00003711
SUIUSDT,1770451200000,0.00002611
SUIUSDT,1770480000010,0.00002882
SUIUSDT,1770508800003,0.0000091
SUIUSDT,1770537600000,-0.00003491
SUIUSDT,1770566400000,-0.00009558
SUIUSDT,1770595200002,0.00003022
SUIUSDT,1770624000001,-0.00005286
SUIUSDT,1770652800007,0.00009186
SUIUSDT,1770681600000,-0.00000798
SUIUSDT,1770710400007,0.00003338
SUIUSDT,1770739200000,-0.00001126
SUIUSDT,1770768000000,0.00006109
SUIUSDT,1770796800006,0.00002496
SUIUSDT,1770825600000,-0.00002448
SUIUSDT,1770854400000,0.0000315
SUIUSDT,1770883200001,0.00000216
SUIUSDT,1770912000001,-0.000014
SUIUSDT,1770940800007,0.00007822
SUIUSDT,1770969600003,0.00006865
SUIUSDT,1770998400005,0.00001747
SUIUSDT,1771027200002,0.00007624
SUIUSDT,1771056000004,-0.00009145
SUIUSDT,1771084800002,-0.00007056
SUIUSDT,1771113600000,0.0000505
SUIUSDT,1771142400002,0.000003
SUIUSDT,1771171200000,-0.00000258
SUIUSDT,1771200000001,-0.00002129
SUIUSDT,1771228800003,0.00001842
SUIUSDT,1771257600000,-0.00005978
SUIUSDT,1771286400008,0.00005169
SUIUSDT,1771315200001,0.00006632
SUIUSDT,1771344000002,0.00001027
SUIUSDT,1771372800000,-0.00000865
SUIUSDT,1771401600000,0.0000306
SUIUSDT,1771430400011,-0.00004341
SUIUSDT,1771459200013,-0.00000135
SUIUSDT,1771488000000,-0.00009272
SUIUSDT,1771516800003,0.00000698
SUIUSDT,1771545600000,0.00001674
SUIUSDT,1771574400000,0.00000694
SUIUSDT,1771603200000,0.0001
SUIUSDT,1771632000004,0.00000995
SUIUSDT,1771660800000,0.00006126
SUIUSDT,1771689600005,0.00001857
SUIUSDT,1771718400001,0.00004558
SUIUSDT,1771747200004,-0.00003503
SUIUSDT,1771776000000,-0.00006351
SUIUSDT,1771804800001,-0.00001649
SUIUSDT,1771833600000,-0.00015651
SUIUSDT,1771862400000,0.00003387
SUIUSDT,1771891200007,-0.00013466
SUIUSDT,1771920000000,0.00000803
SUIUSDT,1771948800001,0.00001666
SUIUSDT,1771977600001,-0.0000013
SUIUSDT,1772006400007,-0.00010316
SUIUSDT,1772035200000,0.00009926
SUIUSDT,1772064000000,0.0001
SUIUSDT,1772092800006,0.00005713
SUIUSDT,1772121600002,-0.00001388
SUIUSDT,1772150400007,-0.00002747
SUIUSDT,1772179200000,0.00000067
SUIUSDT,1772208000001,-0.00009027
SUIUSDT,1772236800000,-0.00008898
SUIUSDT,1772265600000,-0.00014644
SUIUSDT,1772294400004,-0.00008092
SUIUSDT,1772323200005,-0.00011219
SUIUSDT,1772352000000,0.00009468
SUIUSDT,1772380800002,0.00004986
SUIUSDT,1772409600001,0.00002953
SUIUSDT,1772438400007,0.00003003
SUIUSDT,1772467200000,0.00005124
SUIUSDT,1772496000000,0.00007948
SUIUSDT,1772524800000,-0.00000617
SUIUSDT,1772553600007,-0.00008933
SUIUSDT,1772582400001,0.00005749
SUIUSDT,1772611200005,-0.00007604
SUIUSDT,1772640000000,0.00004955
SUIUSDT,1772668800000,0.0001
SUIUSDT,1772697600000,0.0000683
SUIUSDT,1772726400004,-0.00003509
SUIUSDT,1772755200001,0.00005234
SUIUSDT,1772784000001,-0.00002527
SUIUSDT,1772812800004,-0.00014979
SUIUSDT,1772841600001,-0.00007783
SUIUSDT,1772870400012,0.00001275
SUIUSDT,1772899200001,-0.00007863
SUIUSDT,1772928000001,-0.00001209
SUIUSDT,1772956800000,-0.00006871
SUIUSDT,1772985600002,-0.00000302
SUIUSDT,1773014400000,-0.00002666
SUIUSDT,1773043200004,0.00006142
SUIUSDT,1773072000003,0.00006384
SUIUSDT,1773100800012,0.0001
SUIUSDT,1773129600002,-0.00001806
SUIUSDT,1773158400001,0.0001
SUIUSDT,1773187200000,0.00001902
SUIUSDT,1773216000007,-0.00000446
SUIUSDT,1773244800010,0.00000809
SUIUSDT,1773273600000,0.0001
SUIUSDT,1773302400000,0.00007572
SUIUSDT,1773331200000,0.00000528
SUIUSDT,1773360000006,0.0001
SUIUSDT,1773388800001,0.00008046
SUIUSDT,1773417600000,0.0000247
SUIUSDT,1773446400001,-0.00002881
SUIUSDT,1773475200000,-0.00009176
SUIUSDT,1773504000007,-0.00003174
SUIUSDT,1773532800000,-0.00001063
SUIUSDT,1773561600000,0.00004273
SUIUSDT,1773590400000,-0.00001911
SUIUSDT,1773619200000,-0.00001645
SUIUSDT,1773648000010,0.0001
SUIUSDT,1773676800000,0.0001
SUIUSDT,1773705600000,0.00001799
SUIUSDT,1773734400002,0.00005953
SUIUSDT,1773763200011,-0.00003383
SUIUSDT,1773792000002,-0.00000547
SUIUSDT,1773820800002,0.00004111
SUIUSDT,1773849600005,-0.00005527
SUIUSDT,1773878400000,-0.00008726
SUIUSDT,1773907200003,-0.00000664
SUIUSDT,1773936000003,0.00002034
SUIUSDT,1773964800002,-0.00007173
SUIUSDT,1773993600000,-0.00006158
SUIUSDT,1774022400000,0.00002589
SUIUSDT,1774051200000,-0.00005741
SUIUSDT,1774080000000,-0.00000865
SUIUSDT,1774108800014,-0.00009958
SUIUSDT,1774137600012,-0.0000759
SUIUSDT,1774166400007,-0.00002389
SUIUSDT,1774195200002,-0.00000361
SUIUSDT,1774224000000,0.00001519
SUIUSDT,1774252800003,0.00004597
SUIUSDT,1774281600002,0.00000405
SUIUSDT,1774310400000,0.00007511
SUIUSDT,1774339200000,0.00000414
SUIUSDT,1774368000003,0.00001652
SUIUSDT,1774396800000,0.00008121
SUIUSDT,1774425600000,0.0000832
SUIUSDT,1774454400013,0.00002562
SUIUSDT,1774483200001,-0.00009411
SUIUSDT,1774512000001,-0.00006849
SUIUSDT,1774540800000,-0.00006396
SUIUSDT,1774569600006,-0.00012831
SUIUSDT,1774598400000,-0.00006891
SUIUSDT,1774627200000,-0.00010466
SUIUSDT,1774656000005,-0.00008662
SUIUSDT,1774684800005,-0.00008308
SUIUSDT,1774713600000,0.00002217
SUIUSDT,1774742400003,0.00000488
SUIUSDT,1774771200001,-0.00010008
SUIUSDT,1774800000000,-0.00009681
SUIUSDT,1774828800000,-0.00000819
SUIUSDT,1774857600005,0.00005961
SUIUSDT,1774886400000,0.0001
SUIUSDT,1774915200000,0.0001
SUIUSDT,1774944000000,0.00008211
SUIUSDT,1774972800000,0.0000593
SUIUSDT,1775001600000,0.00004628
SUIUSDT,1775030400000,0.00000194
SUIUSDT,1775059200000,-0.00005711
SUIUSDT,1775088000003,0.00008536
SUIUSDT,1775116800001,-0.00000396
SUIUSDT,1775145600001,-0.00004108
SUIUSDT,1775174400000,0.00006644
SUIUSDT,1775203200008,0.00007502
SUIUSDT,1775232000008,0.00007082
SUIUSDT,1775260800000,0.0000729
SUIUSDT,1775289600003,0.00000332
SUIUSDT,1775318400000,0.00000118
SUIUSDT,1775347200008,0.00006586
SUIUSDT,1775376000000,-0.00009465
SUIUSDT,1775404800001,-0.00012246
SUIUSDT,1775433600004,-0.00002903
SUIUSDT,1775462400001,0.00003027
SUIUSDT,1775491200003,0.0001
SUIUSDT,1775520000000,0.00005665
SUIUSDT,1775548800000,-0.00010664
SUIUSDT,1775577600000,0.0000346
SUIUSDT,1775606400000,0.0001
SUIUSDT,1775635200000,0.0001
SUIUSDT,1775664000006,0.00005694
SUIUSDT,1775692800000,0.00008069
SUIUSDT,1775721600010,-0.00004986
SUIUSDT,1775750400001,0.00000216
SUIUSDT,1775779200000,0.00009094
SUIUSDT,1775808000005,-0.00002215
SUIUSDT,1775836800000,0.00005696
SUIUSDT,1775865600000,0.00007529
SUIUSDT,1775894400000,-0.00005552
SUIUSDT,1775923200003,0.00000783
SUIUSDT,1775952000000,0.00007693
SUIUSDT,1775980800000,-0.00007932
SUIUSDT,1776009600000,0.00002499
SUIUSDT,1776038400011,0.0000055
SUIUSDT,1776067200006,0.00002324
SUIUSDT,1776096000000,0.00002626
SUIUSDT,1776124800005,0.0001
SUIUSDT,1776153600003,0.00008315
SUIUSDT,1776182400001,-0.00000971
SUIUSDT,1776211200000,0.00001296
SUIUSDT,1776240000000,0.0000017
SUIUSDT,1776268800000,0.00004619
SUIUSDT,1776297600013,0.00008625
SUIUSDT,1776326400000,0.00002915
SUIUSDT,1776355200000,0.00002243
SUIUSDT,1776384000001,0.0001
SUIUSDT,1776412800011,0.00009555
SUIUSDT,1776441600001,-0.00002417
SUIUSDT,1776470400001,0.0000182
SUIUSDT,1776499200006,-0.00002825
SUIUSDT,1776528000000,0.00003811
SUIUSDT,1776556800002,-0.00001745
SUIUSDT,1776585600010,0.00006058
SUIUSDT,1776614400001,-0.00005718
SUIUSDT,1776643200000,0.00005774
SUIUSDT,1776672000000,0.00004448
SUIUSDT,1776700800001,0.00006479
SUIUSDT,1776729600000,-0.00000781
SUIUSDT,1776758400004,0.00006265
SUIUSDT,1776787200004,-0.00004188
SUIUSDT,1776816000004,0.00003429
SUIUSDT,1776844800000,0.00009084
SUIUSDT,1776873600000,0.0000746
SUIUSDT,1776902400000,-0.00009107
SUIUSDT,1776931200000,-0.00009174
SUIUSDT,1776960000004,-0.00002651
SUIUSDT,1776988800006,0.00008708
SUIUSDT,1777017600000,-0.00000229
SUIUSDT,1777046400000,0.00006274
SUIUSDT,1777075200000,-0.0000665
SUIUSDT,1777104000002,0.00005929
SUIUSDT,1777132800002,-0.00006198
SUIUSDT,1777161600003,0.00005778
SUIUSDT,1777190400007,0.00009791
SUIUSDT,1777219200004,0.00000332
SUIUSDT,1777248000004,0.0000041
SUIUSDT,1777276800000,-0.00009982
SUIUSDT,1777305600002,-0.00016188
SUIUSDT,1777334400001,-0.00000352
SUIUSDT,1777363200000,0.00001237
SUIUSDT,1777392000004,0.00005404
SUIUSDT,1777420800006,-0.00009455
SUIUSDT,1777449600011,0.0001
SUIUSDT,1777478400003,-0.00008659
SUIUSDT,1777507200002,-0.00004219
SUIUSDT,1777536000000,0.00008542
SUIUSDT,1777564800000,-0.00003066
SUIUSDT,1777593600000,0.00006019
SUIUSDT,1777622400005,0.00008501
SUIUSDT,1777651200000,0.00004174
SUIUSDT,1777680000006,-0.00000782
SUIUSDT,1777708800000,0.00001985
SUIUSDT,1777737600010,0.00002655
SUIUSDT,1777766400005,0.00007933
SUIUSDT,1777795200003,-0.00009383
SUIUSDT,1777824000000,0.00008097
SUIUSDT,1777852800000,0.00005534
SUIUSDT,1777881600000,0.0001
SUIUSDT,1777910400003,0.00005337
SUIUSDT,1777939200000,0.00003009
SUIUSDT,1777968000011,0.00004944
SUIUSDT,1777996800000,0.0000877
SUIUSDT,1778025600010,0.00008439
SUIUSDT,1778054400000,0.00001323
SUIUSDT,1778083200002,0.0001
SUIUSDT,1778112000000,0.00004248
SUIUSDT,1778140800000,-0.00000124
SUIUSDT,1778169600004,0.0001
SUIUSDT,1778198400003,0.00008607
SUIUSDT,1778227200002,0.00002419
SUIUSDT,1778256000003,0.00006978
SUIUSDT,1778284800000,0.00000775
SUIUSDT,1778313600001,-0.00003665
SUIUSDT,1778342400002,-0.00004379
SUIUSDT,1778371200003,-0.00008104
SUIUSDT,1778400000000,-0.00005456
SUIUSDT,1778428800000,0.0000485
SUIUSDT,1778457600000,0.0001
SUIUSDT,1778486400000,0.0001
SUIUSDT,1778515200000,-0.00000783
SUIUSDT,1778544000002,0.00002214
SUIUSDT,1778572800008,0.00009002
SUIUSDT,1778601600000,0.00007232
SUIUSDT,1778630400010,-0.00001556
SUIUSDT,1778659200003,0.0000283
SUIUSDT,1778688000001,0.00002819
SUIUSDT,1778716800005,0.00000948
SUIUSDT,1778745600000,-0.00000373
SUIUSDT,1778774400000,-0.00003279
SUIUSDT,1778803200000,-0.00006297
SUIUSDT,1778832000016,0.00007942
SUIUSDT,1778860800012,0.00006154
SUIUSDT,1778889600005,-0.00000228
SUIUSDT,1778918400000,0.00006439
SUIUSDT,1778947200005,-0.00001654
SUIUSDT,1778976000000,0.00004512
SUIUSDT,1779004800010,-0.00003663
SUIUSDT,1779033600009,0.00002882
SUIUSDT,1779062400007,-0.0000351
SUIUSDT,1779091200002,0.00007814
SUIUSDT,1779120000007,0.00003601
SUIUSDT,1779148800001,-0.00003043
SUIUSDT,1779177600001,-0.00005538
SUIUSDT,1779206400009,0.00000726
SUIUSDT,1779235200001,-0.00001512
SUIUSDT,1779264000006,0.0001
SUIUSDT,1779292800000,0.00005549
SUIUSDT,1779321600001,0.00001551
SUIUSDT,1779350400000,-0.00001369
SUIUSDT,1779379200000,0.00000332
SUIUSDT,1779408000000,0.00008661
SUIUSDT,1779436800004,0.00002125
SUIUSDT,1779465600001,0.00002734
SUIUSDT,1779494400009,0.00009576
SUIUSDT,1779523200001,0.0000658
SUIUSDT,1779552000003,-0.00004671
SUIUSDT,1779580800011,0.00004904
SUIUSDT,1779609600008,0.00004328
SUIUSDT,1779638400000,0.00008465
SUIUSDT,1779667200001,0.00005647
SUIUSDT,1779696000001,0.0000393
SUIUSDT,1779724800001,0.00002834
SUIUSDT,1779753600000,0.00006765
SUIUSDT,1779782400003,0.00004302
SUIUSDT,1779811200000,0.000093
SUIUSDT,1779840000000,-0.00005509
SUIUSDT,1779868800004,-0.00000505
SUIUSDT,1779897600009,0.00005829
SUIUSDT,1779926400001,0.00006723
SUIUSDT,1779955200000,-0.00001667
SUIUSDT,1779984000001,-0.00000684
SUIUSDT,1780012800000,-0.00001918
SUIUSDT,1780041600001,0.00001513
SUIUSDT,1780070400008,0.00004452
SUIUSDT,1780099200000,0.00006588
SUIUSDT,1780128000001,0.00005404
SUIUSDT,1780156800000,-0.00005048
SUIUSDT,1780185600000,0.00005276
SUIUSDT,1780214400000,0.00001183
SUIUSDT,1780243200004,-0.00000412
SUIUSDT,1780272000001,-0.00002256
SUIUSDT,1780300800001,0.00008134
SUIUSDT,1780329600000,0.0001
SUIUSDT,1780358400000,0.00006192
SUIUSDT,1780387200000,0.00005672
SUIUSDT,1780416000000,-0.00001592
SUIUSDT,1780444800013,-0.00003872
SUIUSDT,1780473600000,-0.00000739
SUIUSDT,1780502400001,0.00006252
SUIUSDT,1780531200009,-0.00008606
SUIUSDT,1780560000000,0.00003712
SUIUSDT,1780588800003,0.0000128
SUIUSDT,1780617600000,0.0001
SUIUSDT,1780646400004,0.00004234
SUIUSDT,1780675200009,-0.0000114
SUIUSDT,1780704000000,-0.00001755
SUIUSDT,1780732800000,0.000003
SUIUSDT,1780761600000,0.00001491
SUIUSDT,1780790400001,-0.00003835
SUIUSDT,1780819200000,0.00005879
SUIUSDT,1780848000000,0.00005209
SUIUSDT,1780876800000,0.00004003
SUIUSDT,1780905600005,-0.00000217
SUIUSDT,1780934400004,0.000033
SUIUSDT,1780963200000,0.00005857
SUIUSDT,1780992000000,0.000078
SUIUSDT,1781020800001,0.00002352
SUIUSDT,1781049600001,0.00006256
SUIUSDT,1781078400011,0.00002106
SUIUSDT,1781107200009,0.00006538
SUIUSDT,1781136000000,-0.0000245
SUIUSDT,1781164800004,0.00004644
SUIUSDT,1781193600000,0.00003461
SUIUSDT,1781222400000,0.00006106
SUIUSDT,1781251200000,0.00001249
SUIUSDT,1781280000000,0.00007008
SUIUSDT,1781308800000,0.00005415
SUIUSDT,1781337600007,0.0000414
SUIUSDT,1781366400002,0.00008263
SUIUSDT,1781395200005,-0.00002125
SUIUSDT,1781424000009,-0.00001304
SUIUSDT,1781452800000,0.00002545
SUIUSDT,1781481600013,0.00003305
SUIUSDT,1781510400013,0.00000662
SUIUSDT,1781539200004,0.00005826
SUIUSDT,1781568000000,0.00005336
SUIUSDT,1781596800000,0.00000786
SUIUSDT,1781625600001,0.00001946
SUIUSDT,1781654400012,0.0001
SUIUSDT,1781683200000,0.0001
SUIUSDT,1781712000000,0.0001
SUIUSDT,1781740800002,-0.00002215
SUIUSDT,1781769600000,-0.0000466
SUIUSDT,1781798400001,-0.00005298
SUIUSDT,1781827200005,-0.00001232
SUIUSDT,1781856000001,-0.00005227
SUIUSDT,1781884800001,0.0000544
SUIUSDT,1781913600001,-0.00004697
SUIUSDT,1781942400000,-0.00003987
SUIUSDT,1781971200001,-0.00007355
SUIUSDT,1782000000000,-0.00003333
SUIUSDT,1782028800000,0.00001087
SUIUSDT,1782057600000,0.0000281
SUIUSDT,1782086400000,-0.00001041
SUIUSDT,1782115200000,0.00000948
SUIUSDT,1782144000002,0.00006279
SUIUSDT,1782172800003,-0.00000907
SUIUSDT,1782201600005,-0.00011184
SUIUSDT,1782230400002,0.00005875
SUIUSDT,1782259200005,0.00006085
SUIUSDT,1782288000005,0.0000642
SUIUSDT,1782316800003,-0.00004363
SUIUSDT,1782345600000,-0.0000602
SUIUSDT,1782374400000,0.00002582
SUIUSDT,1782403200000,-0.00005568
SUIUSDT,1782432000010,0.00004502
SUIUSDT,1782460800002,0.00008908
SUIUSDT,1782489600000,0.00001415
SUIUSDT,1782518400000,0.00009568
SUIUSDT,1782547200000,0.00004814
SUIUSDT,1782576000009,0.00001569
SUIUSDT,1782604800000,-0.00009586
SUIUSDT,1782633600013,-0.00006151
SUIUSDT,1782662400000,0.00001651
SUIUSDT,1782691200006,-0.0000369
SUIUSDT,1782720000013,0.00006033
SUIUSDT,1782748800004,0.00006641
SUIUSDT,1782777600000,0.0001
SUIUSDT,1782806400000,0.00002013
SUIUSDT,1782835200005,-0.00002235
SUIUSDT,1782864000000,0.0001
SUIUSDT,1782892800000,0.0000663
SUIUSDT,1782921600000,0.00007438
SUIUSDT,1782950400000,-0.00000612
SUIUSDT,1782979200000,0.00009147
SUIUSDT,1783008000000,0.00003647
SUIUSDT,1783036800000,0.0001
SUIUSDT,1783065600007,0.0001
SUIUSDT,1783094400000,0.0001
SUIUSDT,1783123200000,0.0001
SUIUSDT,1783152000000,0.0001
SUIUSDT,1783180800007,0.0001
SUIUSDT,1783209600003,0.0001
SUIUSDT,1783238400001,0.00005611
SUIUSDT,1783267200000,0.0001
SUIUSDT,1783296000000,0.0001
SUIUSDT,1783324800000,0.00009088
SUIUSDT,1783353600000,0.00004177
SUIUSDT,1783382400000,0.0001
SUIUSDT,1783411200000,-0.00005016
SUIUSDT,1783440000000,0.00003041
SUIUSDT,1783468800000,0.00000795
SUIUSDT,1783497600000,0.00002118
SUIUSDT,1783526400000,-0.0000455
SUIUSDT,1783555200000,0.0000475
SUIUSDT,1783584000001,0.00003302
SUIUSDT,1783612800001,0.00004329
SUIUSDT,1783641600000,0.00009028
SUIUSDT,1783670400005,0.00008596
SUIUSDT,1783699200005,0.00004325
SUIUSDT,1783728000000,0.0001
SUIUSDT,1783756800000,0.00009164
SUIUSDT,1783785600000,0.0001
SUIUSDT,1783814400000,0.0000067
SUIUSDT,1783843200003,-0.00000637
SUIUSDT,1783872000000,0.0000903
SUIUSDT,1783900800000,0.00003031
SUIUSDT,1783929600001,0.00002056
SUIUSDT,1783958400004,0.00000711
SUIUSDT,1783987200000,-0.00003963
SUIUSDT,1784016000002,0.00004134
SUIUSDT,1784044800001,0.0001
SUIUSDT,1784073600005,0.0001
SUIUSDT,1784102400002,0.0001
SUIUSDT,1784131200000,0.00006894
SUIUSDT,1784160000000,0.00003562
SUIUSDT,1784188800003,-0.00002021
SUIUSDT,1784217600002,0.00009768
SUIUSDT,1784246400000,0.00008351
SUIUSDT,1784275200010,0.00003325
SUIUSDT,1784304000004,0.00004443
SUIUSDT,1784332800000,0.00005187
SUIUSDT,1784361600000,-0.00000731
SUIUSDT,1784390400001,-0.00003902
SUIUSDT,1784419200003,-0.00000136
SUIUSDT,1784448000000,0.00004034
SUIUSDT,1784476800001,0.00004815
SUIUSDT,1784505600000,0.00000794
SUIUSDT,1784534400001,0.00002134
SUIUSDT,1784563200004,0.00006482
SUIUSDT,1784592000001,0.00007358
SUIUSDT,1784620800000,0.00004398
SUIUSDT,1784649600002,-0.00001019
SUIUSDT,1784678400000,0.00002348
SUIUSDT,1784707200000,-0.0000243
SUIUSDT,1784736000001,0.00005653
SUIUSDT,1784764800000,0.00003308
SUIUSDT,1784793600000,0.00004039
SUIUSDT,1784822400000,-0.00007737
SUIUSDT,1784851200000,-0.00014283
SUIUSDT,1784880000000,0.00001832
SUIUSDT,1784908800008,-0.00007082
SUIUSDT,1784937600002,-0.00003771
SUIUSDT,1784966400000,-0.00001536
SUIUSDT,1784995200000,-0.00005278
SUIUSDT,1785024000000,-0.00007216
SUIUSDT,1785052800002,0.0000434
SUIUSDT,1785081600000,-0.000005
SUIUSDT,1785110400010,-0.0000031
SUIUSDT,1785139200000,0.00002839
SUIUSDT,1785168000001,-0.00004275
SUIUSDT,1785196800000,-0.00006678
SUIUSDT,1785225600000,-0.00000983
SUIUSDT,1785254400000,-0.00005044
SUIUSDT,1785283200000,0.00001289
SUIUSDT,1785312000002,0.00004889
SUIUSDT,1785340800000,0.00000513
SUIUSDT,1785369600000,0.0001
SUIUSDT,1785398400000,-0.00000096
SUIUSDT,1785427200000,0.00001936
SUIUSDT,1785456000003,0.00003328
SUIUSDT,1785484800000,0.00003413
SUIUSDT,1785513600000,0.00003065
