symbol,timestamp_ms,funding_rate
LINKUSDT,1609459200002,0.0001
LINKUSDT,1609488000006,0.0001
LINKUSDT,1609516800003,0.00056533
LINKUSDT,1609545600000,0.00057999
LINKUSDT,1609574400000,0.00038785
LINKUSDT,1609603200006,0.00053694
LINKUSDT,1609632000018,0.00080335
LINKUSDT,1609660800000,0.00083793
LINKUSDT,1609689600002,0.00210259
LINKUSDT,1609718400000,0.0019962
LINKUSDT,1609747200000,0.00420873
LINKUSDT,1609776000000,0.00050711
LINKUSDT,1609804800020,0.00057684
LINKUSDT,1609833600003,0.00036715
LINKUSDT,1609862400003,0.00080438
LINKUSDT,1609891200010,0.0009286
LINKUSDT,1609920000003,0.00148486
LINKUSDT,1609948800000,0.00242585
LINKUSDT,1609977600007,0.00165164
LINKUSDT,1610006400000,0.0018702
LINKUSDT,1610035200004,0.00173308
LINKUSDT,1610064000000,0.00119764
LINKUSDT,1610092800000,0.00024837
LINKUSDT,1610121600000,0.00146677
LINKUSDT,1610150400009,0.00063873
LINKUSDT,1610179200004,0.00062787
LINKUSDT,1610208000000,0.00131511
LINKUSDT,1610236800000,0.00191523
LINKUSDT,1610265600005,0.00174667
LINKUSDT,1610294400000,0.00079522
LINKUSDT,1610323200000,0.00049433
LINKUSDT,1610352000012,0.00018416
LINKUSDT,1610380800000,0.0002285
LINKUSDT,1610409600000,0.0001
LINKUSDT,1610438400000,0.00063181
LINKUSDT,1610467200008,0.00033756
LINKUSDT,1610496000001,0.0001
LINKUSDT,1610524800000,0.0001754
LINKUSDT,1610553600003,0.00034215
LINKUSDT,1610582400000,0.00083228
LINKUSDT,1610611200012,0.00080986
LINKUSDT,1610640000000,0.00076773
LINKUSDT,1610668800002,0.00057102
LINKUSDT,1610697600000,0.00100913
LINKUSDT,1610726400004,0.00205618
LINKUSDT,1610755200000,0.00085138
LINKUSDT,1610784000008,0.00086901
LINKUSDT,1610812800000,0.00090897
LINKUSDT,1610841600009,0.00056513
LINKUSDT,1610870400000,0.00036802
LINKUSDT,1610899200001,0.00095392
LINKUSDT,1610928000000,0.00050743
LINKUSDT,1610956800004,0.00060451
LINKUSDT,1610985600000,0.00113121
LINKUSDT,1611014400000,0.0006275
LINKUSDT,1611043200005,0.00221632
LINKUSDT,1611072000012,0.00215472
LINKUSDT,1611100800012,0.00085896
LINKUSDT,1611129600001,0.00039222
LINKUSDT,1611158400001,0.00064128
LINKUSDT,1611187200000,0.00083559
LINKUSDT,1611216000000,0.00074479
LINKUSDT,1611244800004,0.0004834
LINKUSDT,1611273600012,0.00029305
LINKUSDT,1611302400003,0.0001
LINKUSDT,1611331200001,0.00022279
LINKUSDT,1611360000000,0.0007201
LINKUSDT,1611388800002,0.00057619
LINKUSDT,1611417600000,0.00054759
LINKUSDT,1611446400001,0.00024051
LINKUSDT,1611475200011,0.0006085
LINKUSDT,1611504000005,0.00025968
LINKUSDT,1611532800007,0.00047892
LINKUSDT,1611561600012,0.00041382
LINKUSDT,1611590400000,0.00029971
LINKUSDT,1611619200007,0.0001
LINKUSDT,1611648000000,0.00020099
LINKUSDT,1611676800000,0.0002031
LINKUSDT,1611705600000,0.00036558
LINKUSDT,1611734400011,0.00014404
LINKUSDT,1611763200003,0.0001
LINKUSDT,1611792000000,0.00020914
LINKUSDT,1611820800000,0.00036375
LINKUSDT,1611849600000,0.00075079
LINKUSDT,1611878400009,0.0007547
LINKUSDT,1611907200000,0.00066338
LINKUSDT,1611936000000,0.00191389
LINKUSDT,1611964800000,0.00072424
LINKUSDT,1611993600000,0.00037493
LINKUSDT,1612022400000,0.00099012
LINKUSDT,1612051200009,0.0011416
LINKUSDT,1612080000000,0.00177822
LINKUSDT,1612108800000,0.000944
LINKUSDT,1612137600001,0.00074191
LINKUSDT,1612166400014,0.00095535
LINKUSDT,1612195200000,0.00063178
LINKUSDT,1612224000000,0.00083838
LINKUSDT,1612252800006,0.00107104
LINKUSDT,1612281600000,0.0016016
LINKUSDT,1612310400009,0.00181671
LINKUSDT,1612339200006,0.00218332
LINKUSDT,1612368000006,0.0023725
LINKUSDT,1612396800005,0.0020236
LINKUSDT,1612425600000,0.00138131
LINKUSDT,1612454400011,0.00103149
LINKUSDT,1612483200009,0.00139023
LINKUSDT,1612512000004,0.00205838
LINKUSDT,1612540800000,0.00217283
LINKUSDT,1612569600008,0.00129225
LINKUSDT,1612598400009,0.00085613
LINKUSDT,1612627200000,0.00142849
LINKUSDT,1612656000000,0.00172058
LINKUSDT,1612684800005,0.00093262
LINKUSDT,1612713600001,0.00101916
LINKUSDT,1612742400000,0.00069277
LINKUSDT,1612771200001,0.00096696
LINKUSDT,1612800000000,0.00255394
LINKUSDT,1612828800010,0.00169061
LINKUSDT,1612857600006,0.00236211
LINKUSDT,1612886400007,0.00215105
LINKUSDT,1612915200009,0.00324512
LINKUSDT,1612944000014,0.0024846
LINKUSDT,1612972800005,0.00090149
LINKUSDT,1613001600000,0.00097705
LINKUSDT,1613030400000,0.00071172
LINKUSDT,1613059200000,0.00191789
LINKUSDT,1613088000000,0.00134117
LINKUSDT,1613116800000,0.00114708
LINKUSDT,1613145600000,0.00191589
LINKUSDT,1613174400001,0.0024265
LINKUSDT,1613203200003,0.00237118
LINKUSDT,1613232000000,0.00101222
LINKUSDT,1613260800013,0.00240982
LINKUSDT,1613289600000,0.00232892
LINKUSDT,1613318400008,0.00195043
LINKUSDT,1613347200000,0.00112151
LINKUSDT,1613376000006,0.0001
LINKUSDT,1613404800000,0.00114419
LINKUSDT,1613433600001,0.00118157
LINKUSDT,1613462400000,0.00091012
LINKUSDT,1613491200010,0.00075948
LINKUSDT,1613520000005,0.00060503
LINKUSDT,1613548800010,0.00110303
LINKUSDT,1613577600008,0.00227131
LINKUSDT,1613606400012,0.00234842
LINKUSDT,1613635200000,0.0023744
LINKUSDT,1613664000009,0.0022064
LINKUSDT,1613692800010,0.00195131
LINKUSDT,1613721600002,0.00187596
LINKUSDT,1613750400008,0.00341469
LINKUSDT,1613779200000,0.00197668
LINKUSDT,1613808000009,0.00201812
LINKUSDT,1613836800000,0.00211486
LINKUSDT,1613865600007,0.00030177
LINKUSDT,1613894400012,0.00013612
LINKUSDT,1613923200001,0.00078467
LINKUSDT,1613952000006,0.00071719
LINKUSDT,1613980800002,0.00046339
LINKUSDT,1614009600000,0.0001319
LINKUSDT,1614038400000,0.0001
LINKUSDT,1614067200006,0.0001
LINKUSDT,1614096000000,0.0001
LINKUSDT,1614124800012,0.00022488
LINKUSDT,1614153600016,0.00041313
LINKUSDT,1614182400011,0.00027207
LINKUSDT,1614211200007,0.000181
LINKUSDT,1614240000000,0.0001
LINKUSDT,1614268800010,0.00018682
LINKUSDT,1614297600000,0.00014377
LINKUSDT,1614326400025,0.0001
LINKUSDT,1614355200010,0.0001
LINKUSDT,1614384000001,0.0003529
LINKUSDT,1614412800000,0.00037263
LINKUSDT,1614441600000,0.0001
LINKUSDT,1614470400021,0.0001
LINKUSDT,1614499200009,0.0001406
LINKUSDT,1614528000000,0.0001
LINKUSDT,1614556800000,0.00015163
LINKUSDT,1614585600003,0.00016369
LINKUSDT,1614614400001,0.00045657
LINKUSDT,1614643200000,0.0001
LINKUSDT,1614672000000,0.00017077
LINKUSDT,1614700800004,0.0005398
LINKUSDT,1614729600000,0.00035528
LINKUSDT,1614758400016,0.0001
LINKUSDT,1614787200000,0.00072171
LINKUSDT,1614816000000,0.00076412
LINKUSDT,1614844800015,0.00012261
LINKUSDT,1614873600001,0.00034014
LINKUSDT,1614902400000,0.00048219
LINKUSDT,1614931200002,0.00010386
LINKUSDT,1614960000008,0.00010117
LINKUSDT,1614988800000,0.0001
LINKUSDT,1615017600000,0.00026771
LINKUSDT,1615046400000,0.00015609
LINKUSDT,1615075200006,0.0001
LINKUSDT,1615104000005,0.0001
LINKUSDT,1615132800008,0.00043745
LINKUSDT,1615161600000,0.0001
LINKUSDT,1615190400000,0.0001578
LINKUSDT,1615219200006,0.00043646
LINKUSDT,1615248000000,0.00071972
LINKUSDT,1615276800000,0.00080302
LINKUSDT,1615305600000,0.0008508
LINKUSDT,1615334400009,0.00078028
LINKUSDT,1615363200006,0.00024179
LINKUSDT,1615392000008,0.00070192
LINKUSDT,1615420800000,0.00093537
LINKUSDT,1615449600000,0.00030102
LINKUSDT,1615478400014,0.00082129
LINKUSDT,1615507200002,0.00125821
LINKUSDT,1615536000005,0.00087776
LINKUSDT,1615564800011,0.0001
LINKUSDT,1615593600000,0.00028257
LINKUSDT,1615622400002,0.0001
LINKUSDT,1615651200000,0.00074467
LINKUSDT,1615680000011,0.00106645
LINKUSDT,1615708800000,0.00054106
LINKUSDT,1615737600000,0.00065998
LINKUSDT,1615766400012,0.00066406
LINKUSDT,1615795200016,0.00068411
LINKUSDT,1615824000030,0.0001
LINKUSDT,1615852800005,0.0001
LINKUSDT,1615881600008,0.0001
LINKUSDT,1615910400012,0.00048629
LINKUSDT,1615939200010,0.00042848
LINKUSDT,1615968000000,0.00042221
LINKUSDT,1615996800009,0.0006498
LINKUSDT,1616025600001,0.00097095
LINKUSDT,1616054400000,0.00084955
LINKUSDT,1616083200000,0.00101418
LINKUSDT,1616112000011,0.000561
LINKUSDT,1616140800001,0.00045429
LINKUSDT,1616169600000,0.00069191
LINKUSDT,1616198400000,0.00061163
LINKUSDT,1616227200000,0.00075759
LINKUSDT,1616256000007,0.00124578
LINKUSDT,1616284800000,0.00078338
LINKUSDT,1616313600000,0.00052643
LINKUSDT,1616342400000,0.00046857
LINKUSDT,1616371200007,0.00078867
LINKUSDT,1616400000001,0.00075909
LINKUSDT,1616428800000,0.00085041
LINKUSDT,1616457600000,0.00042079
LINKUSDT,1616486400010,0.00031486
LINKUSDT,1616515200023,0.00043485
LINKUSDT,1616544000002,0.0007191
LINKUSDT,1616572800000,0.00058668
LINKUSDT,1616601600000,0.00081898
LINKUSDT,1616630400000,0.0002477
LINKUSDT,1616659200000,0.0001
LINKUSDT,1616688000000,0.00020835
LINKUSDT,1616716800008,0.00036872
LINKUSDT,1616745600000,0.00036959
LINKUSDT,1616774400012,0.00047019
LINKUSDT,1616803200018,0.00023578
LINKUSDT,1616832000000,0.00037589
LINKUSDT,1616860800001,0.00036102
LINKUSDT,1616889600000,0.00040802
LINKUSDT,1616918400000,0.00065228
LINKUSDT,1616947200005,0.00060484
LINKUSDT,1616976000003,0.00029009
LINKUSDT,1617004800000,0.00049072
LINKUSDT,1617033600000,0.00101215
LINKUSDT,1617062400018,0.00068963
LINKUSDT,1617091200012,0.00077612
LINKUSDT,1617120000001,0.00089892
LINKUSDT,1617148800000,0.00079249
LINKUSDT,1617177600000,0.00091102
LINKUSDT,1617206400000,0.00050269
LINKUSDT,1617235200025,0.00101467
LINKUSDT,1617264000011,0.00135008
LINKUSDT,1617292800004,0.0013214
LINKUSDT,1617321600000,0.00074009
LINKUSDT,1617350400000,0.00146565
LINKUSDT,1617379200000,0.00148835
LINKUSDT,1617408000003,0.00136804
LINKUSDT,1617436800000,0.00183202
LINKUSDT,1617465600000,0.00204425
LINKUSDT,1617494400000,0.00071189
LINKUSDT,1617523200000,0.00073992
LINKUSDT,1617552000016,0.00062389
LINKUSDT,1617580800000,0.00098876
LINKUSDT,1617609600001,0.0008279
LINKUSDT,1617638400001,0.0018133
LINKUSDT,1617667200010,0.00199528
LINKUSDT,1617696000000,0.00217085
LINKUSDT,1617724800003,0.00161895
LINKUSDT,1617753600000,0.00105782
LINKUSDT,1617782400006,0.00103144
LINKUSDT,1617811200004,0.00051045
LINKUSDT,1617840000013,0.0004087
LINKUSDT,1617868800003,0.00089204
LINKUSDT,1617897600005,0.00101438
LINKUSDT,1617926400000,0.00086761
LINKUSDT,1617955200004,0.001007
LINKUSDT,1617984000004,0.00114126
LINKUSDT,1618012800011,0.00118794
LINKUSDT,1618041600005,0.00189762
LINKUSDT,1618070400000,0.00206498
LINKUSDT,1618099200004,0.00129647
LINKUSDT,1618128000000,0.00159328
LINKUSDT,1618156800000,0.00186482
LINKUSDT,1618185600001,0.00165718
LINKUSDT,1618214400001,0.00191024
LINKUSDT,1618243200008,0.00105798
LINKUSDT,1618272000003,0.00105976
LINKUSDT,1618300800008,0.00169632
LINKUSDT,1618329600008,0.00285163
LINKUSDT,1618358400008,0.00241849
LINKUSDT,1618387200000,0.00302271
LINKUSDT,1618416000012,0.00120804
LINKUSDT,1618444800006,0.00111687
LINKUSDT,1618473600000,0.00156119
LINKUSDT,1618502400008,0.00228309
LINKUSDT,1618531200008,0.00195967
LINKUSDT,1618560000000,0.00154883
LINKUSDT,1618588800002,0.0015767
LINKUSDT,1618617600008,0.00144018
LINKUSDT,1618646400000,0.00111419
LINKUSDT,1618675200001,0.00068094
LINKUSDT,1618704000006,0.00095563
LINKUSDT,1618732800004,0.0001
LINKUSDT,1618761600000,0.0001
LINKUSDT,1618790400000,0.00010229
LINKUSDT,1618819200000,0.00037749
LINKUSDT,1618848000009,0.00027871
LINKUSDT,1618876800004,0.0001
LINKUSDT,1618905600000,0.0001
LINKUSDT,1618934400001,0.00036469
LINKUSDT,1618963200013,0.0001
LINKUSDT,1618992000001,0.0001
LINKUSDT,1619020800002,0.0001586
LINKUSDT,1619049600000,0.00023391
LINKUSDT,1619078400000,0.0001
LINKUSDT,1619107200001,0.00039245
LINKUSDT,1619136000002,0.0001
LINKUSDT,1619164800009,0.0001
LINKUSDT,1619193600001,0.0001
LINKUSDT,1619222400019,0.0001
LINKUSDT,1619251200001,0.0001
LINKUSDT,1619280000011,0.0001
LINKUSDT,1619308800000,0.0001
LINKUSDT,1619337600010,0.0001
LINKUSDT,1619366400000,0.0001
LINKUSDT,1619395200003,0.0001
LINKUSDT,1619424000002,0.00015223
LINKUSDT,1619452800004,0.00028187
LINKUSDT,1619481600000,0.00016154
LINKUSDT,1619510400000,0.00016747
LINKUSDT,1619539200009,0.00037556
LINKUSDT,1619568000000,0.0001901
LINKUSDT,1619596800000,0.0002733
LINKUSDT,1619625600001,0.00026752
LINKUSDT,1619654400004,0.00039339
LINKUSDT,1619683200013,0.00033462
LINKUSDT,1619712000003,0.00080883
LINKUSDT,1619740800004,0.00031856
LINKUSDT,1619769600019,0.00027093
LINKUSDT,1619798400003,0.00050361
LINKUSDT,1619827200002,0.00025828
LINKUSDT,1619856000006,0.00038464
LINKUSDT,1619884800000,0.00037848
LINKUSDT,1619913600010,0.00060826
LINKUSDT,1619942400011,0.00069878
LINKUSDT,1619971200007,0.00073528
LINKUSDT,1620000000003,0.00050687
LINKUSDT,1620028800000,0.00046187
LINKUSDT,1620057600043,0.00058827
LINKUSDT,1620086400004,0.00068807
LINKUSDT,1620115200003,0.00016606
LINKUSDT,1620144000011,0.00072387
LINKUSDT,1620172800001,0.00060327
LINKUSDT,1620201600007,0.00093064
LINKUSDT,1620230400001,0.0009882
LINKUSDT,1620259200003,0.00092292
LINKUSDT,1620288000001,0.00071061
LINKUSDT,1620316800000,0.0013902
LINKUSDT,1620345600000,0.00011519
LINKUSDT,1620374400000,0.00036717
LINKUSDT,1620403200001,0.00081459
LINKUSDT,1620432000006,0.0006528
LINKUSDT,1620460800000,0.00086603
LINKUSDT,1620489600000,0.00085855
LINKUSDT,1620518400005,0.0008722
LINKUSDT,1620547200016,0.00049105
LINKUSDT,1620576000000,0.00058206
LINKUSDT,1620604800004,0.00045261
LINKUSDT,1620633600000,0.00041598
LINKUSDT,1620662400013,0.00046309
LINKUSDT,1620691200000,0.0001
LINKUSDT,1620720000000,0.0001
LINKUSDT,1620748800002,0.00040163
LINKUSDT,1620777600004,0.00029456
LINKUSDT,1620806400007,0.00035436
LINKUSDT,1620835200012,0.00028694
LINKUSDT,1620864000016,0.000159
LINKUSDT,1620892800000,0.00017008
LINKUSDT,1620921600008,0.0001
LINKUSDT,1620950400007,0.0001
LINKUSDT,1620979200001,0.0001
LINKUSDT,1621008000004,0.00018412
LINKUSDT,1621036800022,0.00021451
LINKUSDT,1621065600014,0.00021522
LINKUSDT,1621094400002,0.00041099
LINKUSDT,1621123200000,0.00019605
LINKUSDT,1621152000003,0.00028339
LINKUSDT,1621180800002,0.00060631
LINKUSDT,1621209600005,0.00028565
LINKUSDT,1621238400001,0.00020823
LINKUSDT,1621267200000,0.00043067
LINKUSDT,1621296000019,0.00024812
LINKUSDT,1621324800001,0.0001
LINKUSDT,1621353600006,0.00025785
LINKUSDT,1621382400000,0.00012415
LINKUSDT,1621411200003,0.00017781
LINKUSDT,1621440000018,-0.004875
LINKUSDT,1621468800005,0.0001
LINKUSDT,1621497600000,0.0001
LINKUSDT,1621526400005,0.0001
LINKUSDT,1621555200000,0.0001
LINKUSDT,1621584000000,0.0001
LINKUSDT,1621612800001,0.0001
LINKUSDT,1621641600001,0.0001
LINKUSDT,1621670400002,0.0001
LINKUSDT,1621699200005,0.0001
LINKUSDT,1621728000006,0.0001
LINKUSDT,1621756800004,0.0001
LINKUSDT,1621785600002,0.0001
LINKUSDT,1621814400007,0.0001
LINKUSDT,1621843200005,0.0001
LINKUSDT,1621872000005,0.0001
LINKUSDT,1621900800000,0.0001
LINKUSDT,1621929600014,0.0001
LINKUSDT,1621958400000,0.0001
LINKUSDT,1621987200022,0.0001
LINKUSDT,1622016000018,0.0001
LINKUSDT,1622044800004,0.0001
LINKUSDT,1622073600000,0.0001
LINKUSDT,1622102400017,0.0001
LINKUSDT,1622131200000,0.0001
LINKUSDT,1622160000005,0.0001
LINKUSDT,1622188800009,0.0001
LINKUSDT,1622217600000,0.0001
LINKUSDT,1622246400006,0.0001
LINKUSDT,1622275200000,0.0001
LINKUSDT,1622304000000,0.0001
LINKUSDT,1622332800003,0.0001
LINKUSDT,1622361600004,0.00008266
LINKUSDT,1622390400018,0.0001
LINKUSDT,1622419200002,0.0001
LINKUSDT,1622448000000,0.0001
LINKUSDT,1622476800000,0.0001
LINKUSDT,1622505600001,0.0001
LINKUSDT,1622534400010,0.0001
LINKUSDT,1622563200010,0.0001
LINKUSDT,1622592000008,0.0001
LINKUSDT,1622620800000,0.0001
LINKUSDT,1622649600007,0.0001
LINKUSDT,1622678400019,0.0001
LINKUSDT,1622707200002,0.0001
LINKUSDT,1622736000003,0.0001
LINKUSDT,1622764800003,0.0001
LINKUSDT,1622793600006,0.0001
LINKUSDT,1622822400002,0.0001
LINKUSDT,1622851200000,0.0001
LINKUSDT,1622880000004,0.0001
LINKUSDT,1622908800020,0.0001
LINKUSDT,1622937600000,0.0001
LINKUSDT,1622966400004,0.0001
LINKUSDT,1622995200000,0.0001
LINKUSDT,1623024000007,0.0001
LINKUSDT,1623052800007,0.0001
LINKUSDT,1623081600003,0.0001
LINKUSDT,1623110400000,0.0001
LINKUSDT,1623139200000,0.0001
LINKUSDT,1623168000002,0.0001
LINKUSDT,1623196800009,0.0001
LINKUSDT,1623225600002,0.0001
LINKUSDT,1623254400000,0.0001
LINKUSDT,1623283200007,0.0001
LINKUSDT,1623312000003,0.0001
LINKUSDT,1623340800000,0.0001
LINKUSDT,1623369600010,0.0001
LINKUSDT,1623398400007,0.0001
LINKUSDT,1623427200006,0.0001
LINKUSDT,1623456000005,0.0001
LINKUSDT,1623484800000,0.0001
LINKUSDT,1623513600018,0.0001
LINKUSDT,1623542400002,0.0001
LINKUSDT,1623571200000,0.0001
LINKUSDT,1623600000003,0.0001
LINKUSDT,1623628800000,0.0001
LINKUSDT,1623657600015,0.0001
LINKUSDT,1623686400000,0.0001
LINKUSDT,1623715200000,0.0001
LINKUSDT,1623744000000,0.0001
LINKUSDT,1623772800004,0.0001
LINKUSDT,1623801600004,0.0001
LINKUSDT,1623830400001,0.0001
LINKUSDT,1623859200000,0.0001
LINKUSDT,1623888000004,0.0001
LINKUSDT,1623916800000,0.0001
LINKUSDT,1623945600002,0.0001
LINKUSDT,1623974400009,0.0001
LINKUSDT,1624003200014,0.0001
LINKUSDT,1624032000007,0.0001
LINKUSDT,1624060800003,0.0001
LINKUSDT,1624089600001,0.0001
LINKUSDT,1624118400000,0.0001
LINKUSDT,1624147200005,0.0001
LINKUSDT,1624176000000,0.0001
LINKUSDT,1624204800002,0.0001
LINKUSDT,1624233600019,0.0001
LINKUSDT,1624262400000,0.0001
LINKUSDT,1624291200024,0.0000968
LINKUSDT,1624320000008,0.00005966
LINKUSDT,1624348800009,0.0001
LINKUSDT,1624377600001,0.0000778
LINKUSDT,1624406400003,0.00008701
LINKUSDT,1624435200000,0.000051
LINKUSDT,1624464000000,0.0001
LINKUSDT,1624492800009,0.0001
LINKUSDT,1624521600018,0.0001
LINKUSDT,1624550400001,0.0001
LINKUSDT,1624579200009,0.0001
LINKUSDT,1624608000004,0.00005896
LINKUSDT,1624636800000,0.0001
LINKUSDT,1624665600007,0.0001
LINKUSDT,1624694400000,0.00007843
LINKUSDT,1624723200002,0.00008948
LINKUSDT,1624752000005,0.00009105
LINKUSDT,1624780800010,-0.00003734
LINKUSDT,1624809600001,0.0001
LINKUSDT,1624838400025,0.00009941
LINKUSDT,1624867200017,0.0001
LINKUSDT,1624896000007,0.0001
LINKUSDT,1624924800008,0.0001
LINKUSDT,1624953600000,0.0001
LINKUSDT,1624982400000,0.0001
LINKUSDT,1625011200011,0.0001
LINKUSDT,1625040000044,0.0001
LINKUSDT,1625068800005,0.0001
LINKUSDT,1625097600000,0.0001
LINKUSDT,1625126400004,0.0001
LINKUSDT,1625155200028,0.0001
LINKUSDT,1625184000002,0.0001
LINKUSDT,1625212800016,0.0001
LINKUSDT,1625241600007,0.0001
LINKUSDT,1625270400008,0.0001
LINKUSDT,1625299200000,0.0001
LINKUSDT,1625328000004,0.0001
LINKUSDT,1625356800012,0.0001
LINKUSDT,1625385600002,0.0001
LINKUSDT,1625414400003,0.0001
LINKUSDT,1625443200004,0.0001
LINKUSDT,1625472000000,0.0001
LINKUSDT,1625500800009,-0.0000207
LINKUSDT,1625529600008,0.00005138
LINKUSDT,1625558400019,0.0001
LINKUSDT,1625587200000,0.0001
LINKUSDT,1625616000007,0.0001
LINKUSDT,1625644800001,0.0001
LINKUSDT,1625673600008,0.0001
LINKUSDT,1625702400002,0.0001
LINKUSDT,1625731200010,0.0001
LINKUSDT,1625760000003,0.0001
LINKUSDT,1625788800000,0.0001
LINKUSDT,1625817600006,0.0001
LINKUSDT,1625846400000,0.00005634
LINKUSDT,1625875200002,0.0001
LINKUSDT,1625904000000,0.0001
LINKUSDT,1625932800001,0.0001
LINKUSDT,1625961600001,0.0001
LINKUSDT,1625990400025,0.0001
LINKUSDT,1626019200006,0.0001
LINKUSDT,1626048000000,0.0001
LINKUSDT,1626076800021,0.0001
LINKUSDT,1626105600000,0.0001
LINKUSDT,1626134400000,0.0001
LINKUSDT,1626163200013,0.0001
LINKUSDT,1626192000005,0.0001
LINKUSDT,1626220800000,0.0001
LINKUSDT,1626249600000,0.0001
LINKUSDT,1626278400005,0.0001
LINKUSDT,1626307200005,0.0001
LINKUSDT,1626336000001,-0.00102351
LINKUSDT,1626364800000,-0.00064889
LINKUSDT,1626393600000,0.0001
LINKUSDT,1626422400000,0.0001
LINKUSDT,1626451200001,0.0001
LINKUSDT,1626480000004,0.0001
LINKUSDT,1626508800009,0.0001
LINKUSDT,1626537600006,0.0001
LINKUSDT,1626566400000,0.0001
LINKUSDT,1626595200001,0.0001
LINKUSDT,1626624000003,0.0001
LINKUSDT,1626652800002,0.0001
LINKUSDT,1626681600006,0.0001
LINKUSDT,1626710400006,0.00009469
LINKUSDT,1626739200002,0.00007792
LINKUSDT,1626768000011,0.00001831
LINKUSDT,1626796800001,0.0001
LINKUSDT,1626825600022,0.0000397
LINKUSDT,1626854400000,-0.00000536
LINKUSDT,1626883200018,-0.00004707
LINKUSDT,1626912000002,0.0001
LINKUSDT,1626940800006,0.0001
LINKUSDT,1626969600010,0.0001
LINKUSDT,1626998400013,0.0001
LINKUSDT,1627027200000,0.0001
LINKUSDT,1627056000005,0.0001
LINKUSDT,1627084800000,0.0001
LINKUSDT,1627113600002,0.0001
LINKUSDT,1627142400001,0.0001
LINKUSDT,1627171200003,0.0001
LINKUSDT,1627200000015,0.0001
LINKUSDT,1627228800000,0.0001
LINKUSDT,1627257600000,0.0001
LINKUSDT,1627286400000,0.0001
LINKUSDT,1627315200000,0.0001
LINKUSDT,1627344000046,0.0001
LINKUSDT,1627372800014,0.0001
LINKUSDT,1627401600007,0.0001
LINKUSDT,1627430400000,0.0001
LINKUSDT,1627459200002,0.0001
LINKUSDT,1627488000005,0.0001
LINKUSDT,1627516800004,0.0001
LINKUSDT,1627545600000,0.0001
LINKUSDT,1627574400007,0.0001
LINKUSDT,1627603200004,0.0001
LINKUSDT,1627632000000,0.0001
LINKUSDT,1627660800000,0.0001
LINKUSDT,1627689600000,0.0001
LINKUSDT,1627718400014,0.0001
LINKUSDT,1627747200003,0.0001
LINKUSDT,1627776000005,0.0001
LINKUSDT,1627804800016,0.0001
LINKUSDT,1627833600001,0.0001
LINKUSDT,1627862400000,0.0001
LINKUSDT,1627891200014,0.0001
LINKUSDT,1627920000021,0.0001
LINKUSDT,1627948800000,0.0001
LINKUSDT,1627977600000,0.0001
LINKUSDT,1628006400009,0.0001
LINKUSDT,1628035200000,0.0001
LINKUSDT,1628064000000,0.0001
LINKUSDT,1628092800003,0.0001
LINKUSDT,1628121600000,0.0001
LINKUSDT,1628150400000,0.0001
LINKUSDT,1628179200001,0.0001
LINKUSDT,1628208000000,0.0001
LINKUSDT,1628236800004,0.0001
LINKUSDT,1628265600003,0.0001
LINKUSDT,1628294400015,0.0001
LINKUSDT,1628323200001,0.00011784
LINKUSDT,1628352000002,0.0001
LINKUSDT,1628380800000,0.0001
LINKUSDT,1628409600002,0.0001
LINKUSDT,1628438400018,0.0001
LINKUSDT,1628467200000,0.0001
LINKUSDT,1628496000000,0.0001
LINKUSDT,1628524800002,0.0001
LINKUSDT,1628553600000,0.0001
LINKUSDT,1628582400003,0.0001
LINKUSDT,1628611200000,0.00013334
LINKUSDT,1628640000006,0.00024123
LINKUSDT,1628668800003,0.00029772
LINKUSDT,1628697600000,0.0002539
LINKUSDT,1628726400013,0.00018514
LINKUSDT,1628755200001,0.00029561
LINKUSDT,1628784000000,0.0001978
LINKUSDT,1628812800000,0.0001
LINKUSDT,1628841600000,0.00011109
LINKUSDT,1628870400002,0.00021499
LINKUSDT,1628899200006,0.0001
LINKUSDT,1628928000000,0.00044494
LINKUSDT,1628956800000,0.000357
LINKUSDT,1628985600003,0.00037699
LINKUSDT,1629014400000,0.00024588
LINKUSDT,1629043200007,0.00022664
LINKUSDT,1629072000012,0.00031488
LINKUSDT,1629100800003,0.00069116
LINKUSDT,1629129600010,0.00070278
LINKUSDT,1629158400018,0.0001254
LINKUSDT,1629187200015,0.0001
LINKUSDT,1629216000006,0.0001
LINKUSDT,1629244800000,0.0001
LINKUSDT,1629273600000,0.0001
LINKUSDT,1629302400011,0.0001
LINKUSDT,1629331200000,0.0001
LINKUSDT,1629360000014,0.0001
LINKUSDT,1629388800000,0.0001
LINKUSDT,1629417600000,0.0001088
LINKUSDT,1629446400001,0.00025941
LINKUSDT,1629475200001,0.00034101
LINKUSDT,1629504000005,0.00034312
LINKUSDT,1629532800001,0.00061549
LINKUSDT,1629561600000,0.00025269
LINKUSDT,1629590400005,0.0001
LINKUSDT,1629619200007,0.00042733
LINKUSDT,1629648000002,0.00030949
LINKUSDT,1629676800003,0.00016024
LINKUSDT,1629705600005,0.00076798
LINKUSDT,1629734400002,0.00069939
LINKUSDT,1629763200006,0.0007117
LINKUSDT,1629792000004,0.00050239
LINKUSDT,1629820800000,0.0003157
LINKUSDT,1629849600015,0.0001
LINKUSDT,1629878400000,0.0001
LINKUSDT,1629907200000,0.0001
LINKUSDT,1629936000001,0.00015776
LINKUSDT,1629964800016,0.0001
LINKUSDT,1629993600004,0.00010237
LINKUSDT,1630022400013,0.0001
LINKUSDT,1630051200001,0.0001
LINKUSDT,1630080000004,0.0001
LINKUSDT,1630108800000,0.0001
LINKUSDT,1630137600000,0.00031373
LINKUSDT,1630166400000,0.00026867
LINKUSDT,1630195200000,0.00034138
LINKUSDT,1630224000002,0.00010399
LINKUSDT,1630252800005,0.0001
LINKUSDT,1630281600013,0.00013016
LINKUSDT,1630310400008,0.0001
LINKUSDT,1630339200000,0.00018641
LINKUSDT,1630368000000,0.00035302
LINKUSDT,1630396800007,0.0002179
LINKUSDT,1630425600003,0.00036175
LINKUSDT,1630454400000,0.00025338
LINKUSDT,1630483200006,0.00028093
LINKUSDT,1630512000000,0.00041073
LINKUSDT,1630540800009,0.00060051
LINKUSDT,1630569600006,0.00060906
LINKUSDT,1630598400007,0.00057722
LINKUSDT,1630627200011,0.00046632
LINKUSDT,1630656000000,0.00067072
LINKUSDT,1630684800002,0.00061932
LINKUSDT,1630713600003,0.00037459
LINKUSDT,1630742400008,0.00075591
LINKUSDT,1630771200009,0.00066511
LINKUSDT,1630800000002,0.00052174
LINKUSDT,1630828800002,0.00050213
LINKUSDT,1630857600000,0.0005731
LINKUSDT,1630886400003,0.00049637
LINKUSDT,1630915200008,0.0005674
LINKUSDT,1630944000009,0.00063789
LINKUSDT,1630972800004,0.00055304
LINKUSDT,1631001600002,0.00060612
LINKUSDT,1631030400001,-0.00003831
LINKUSDT,1631059200005,0.0001
LINKUSDT,1631088000000,0.0001
LINKUSDT,1631116800000,0.0001
LINKUSDT,1631145600006,0.0001
LINKUSDT,1631174400014,0.0001
LINKUSDT,1631203200002,0.0001
LINKUSDT,1631232000001,0.0001
LINKUSDT,1631260800018,0.0001
LINKUSDT,1631289600006,0.0001
LINKUSDT,1631318400000,0.0001
LINKUSDT,1631347200001,0.0001
LINKUSDT,1631376000000,0.0001
LINKUSDT,1631404800000,0.0001
LINKUSDT,1631433600002,0.0001
LINKUSDT,1631462400000,0.0001
LINKUSDT,1631491200000,0.0001
LINKUSDT,1631520000007,0.0001
LINKUSDT,1631548800005,0.0001
LINKUSDT,1631577600002,0.0001
LINKUSDT,1631606400000,0.0001
LINKUSDT,1631635200007,0.0001
LINKUSDT,1631664000012,0.0001
LINKUSDT,1631692800003,0.0001
LINKUSDT,1631721600006,0.0001
LINKUSDT,1631750400008,0.0001
LINKUSDT,1631779200005,0.0001
LINKUSDT,1631808000002,0.0001
LINKUSDT,1631836800000,0.0001
LINKUSDT,1631865600047,0.00015229
LINKUSDT,1631894400013,0.0001
LINKUSDT,1631923200000,0.00012982
LINKUSDT,1631952000010,0.0001
LINKUSDT,1631980800005,0.0001
LINKUSDT,1632009600006,0.0001
LINKUSDT,1632038400015,0.0001
LINKUSDT,1632067200007,0.0001
LINKUSDT,1632096000018,0.0001
LINKUSDT,1632124800000,0.0001
LINKUSDT,1632153600005,0.0001
LINKUSDT,1632182400005,0.0001
LINKUSDT,1632211200007,0.0001
LINKUSDT,1632240000000,0.0001
LINKUSDT,1632268800005,0.0001
LINKUSDT,1632297600006,0.0001
LINKUSDT,1632326400000,0.0001
LINKUSDT,1632355200003,0.0001
LINKUSDT,1632384000000,0.0001
LINKUSDT,1632412800007,0.0001
LINKUSDT,1632441600000,0.0001
LINKUSDT,1632470400017,0.0001
LINKUSDT,1632499200000,0.0001
LINKUSDT,1632528000007,0.0001
LINKUSDT,1632556800002,0.0001
LINKUSDT,1632585600004,0.0001
LINKUSDT,1632614400013,0.0001
LINKUSDT,1632643200000,0.0001
LINKUSDT,1632672000005,0.0001
LINKUSDT,1632700800000,0.0001
LINKUSDT,1632729600001,0.0001
LINKUSDT,1632758400000,0.0001
LINKUSDT,1632787200000,0.0001
LINKUSDT,1632816000014,0.0001
LINKUSDT,1632844800000,0.0001
LINKUSDT,1632873600000,0.0001
LINKUSDT,1632902400002,0.0001
LINKUSDT,1632931200000,0.0001
LINKUSDT,1632960000000,0.0001
LINKUSDT,1632988800004,0.0001
LINKUSDT,1633017600005,0.0001
LINKUSDT,1633046400012,0.0001
LINKUSDT,1633075200008,0.0001
LINKUSDT,1633104000000,0.0001
LINKUSDT,1633132800000,0.0001
LINKUSDT,1633161600002,0.0001
LINKUSDT,1633190400011,0.0001
LINKUSDT,1633219200019,0.0001
LINKUSDT,1633248000011,0.0001
LINKUSDT,1633276800004,0.0001
LINKUSDT,1633305600004,0.0001
LINKUSDT,1633334400000,0.0001
LINKUSDT,1633363200000,0.0001
LINKUSDT,1633392000007,0.0001
LINKUSDT,1633420800007,0.0001
LINKUSDT,1633449600004,0.0001
LINKUSDT,1633478400002,0.0001
LINKUSDT,1633507200000,0.0001
LINKUSDT,1633536000003,0.0001
LINKUSDT,1633564800007,0.00014695
LINKUSDT,1633593600002,0.00012155
LINKUSDT,1633622400000,0.00038611
LINKUSDT,1633651200011,0.00041884
LINKUSDT,1633680000003,0.00035766
LINKUSDT,1633708800002,0.0005223
LINKUSDT,1633737600006,0.00013393
LINKUSDT,1633766400003,0.000139
LINKUSDT,1633795200000,0.00024257
LINKUSDT,1633824000000,0.00022539
LINKUSDT,1633852800008,0.00024948
LINKUSDT,1633881600000,0.0001102
LINKUSDT,1633910400002,0.0001
LINKUSDT,1633939200001,0.0001
LINKUSDT,1633968000006,0.0001
LINKUSDT,1633996800008,0.0001
LINKUSDT,1634025600013,0.0001
LINKUSDT,1634054400003,0.0001
LINKUSDT,1634083200003,0.0001
LINKUSDT,1634112000015,0.0001
LINKUSDT,1634140800000,0.0001
LINKUSDT,1634169600011,0.0001
LINKUSDT,1634198400017,0.0001
LINKUSDT,1634227200000,0.00029922
LINKUSDT,1634256000005,0.00042271
LINKUSDT,1634284800002,0.00030406
LINKUSDT,1634313600005,0.00020452
LINKUSDT,1634342400009,0.00036993
LINKUSDT,1634371200000,0.00057494
LINKUSDT,1634400000003,0.00041803
LINKUSDT,1634428800001,0.00028743
LINKUSDT,1634457600002,0.0003158
LINKUSDT,1634486400002,0.00033995
LINKUSDT,1634515200006,0.0001
LINKUSDT,1634544000004,0.00032112
LINKUSDT,1634572800001,0.00024306
LINKUSDT,1634601600002,0.00034967
LINKUSDT,1634630400000,0.00023257
LINKUSDT,1634659200000,0.00025893
LINKUSDT,1634688000017,0.00030257
LINKUSDT,1634716800004,0.00028166
LINKUSDT,1634745600020,0.00032602
LINKUSDT,1634774400000,0.0003264
LINKUSDT,1634803200000,0.00051038
LINKUSDT,1634832000008,0.00056819
LINKUSDT,1634860800005,0.00037678
LINKUSDT,1634889600005,0.00014181
LINKUSDT,1634918400018,0.00010874
LINKUSDT,1634947200005,0.00020743
LINKUSDT,1634976000001,0.00010688
LINKUSDT,1635004800004,0.00018769
LINKUSDT,1635033600006,0.0001
LINKUSDT,1635062400012,0.00042351
LINKUSDT,1635091200001,0.00048272
LINKUSDT,1635120000012,0.00025348
LINKUSDT,1635148800002,0.0001685
LINKUSDT,1635177600022,0.00049727
LINKUSDT,1635206400005,0.00044497
LINKUSDT,1635235200016,0.00068403
LINKUSDT,1635264000000,0.00064583
LINKUSDT,1635292800004,0.0004252
LINKUSDT,1635321600000,0.00033044
LINKUSDT,1635350400002,0.0001
LINKUSDT,1635379200002,0.0001
LINKUSDT,1635408000000,0.0001
LINKUSDT,1635436800005,0.0001
LINKUSDT,1635465600000,0.0001
LINKUSDT,1635494400007,0.0001
LINKUSDT,1635523200001,0.00016732
LINKUSDT,1635552000000,0.00013669
LINKUSDT,1635580800001,0.00031007
LINKUSDT,1635609600013,0.0001
LINKUSDT,1635638400008,0.0002252
LINKUSDT,1635667200010,0.00019366
LINKUSDT,1635696000001,0.00011072
LINKUSDT,1635724800009,0.0001
LINKUSDT,1635753600014,0.0002801
LINKUSDT,1635782400001,0.00025619
LINKUSDT,1635811200000,0.0003153
LINKUSDT,1635840000007,0.00040423
LINKUSDT,1635868800010,0.00055293
LINKUSDT,1635897600019,0.00055064
LINKUSDT,1635926400000,0.00046523
LINKUSDT,1635955200005,0.00028619
LINKUSDT,1635984000006,0.00038002
LINKUSDT,1636012800004,0.00063312
LINKUSDT,1636041600004,0.00027813
LINKUSDT,1636070400000,0.00027472
LINKUSDT,1636099200013,0.00010795
LINKUSDT,1636128000016,0.0003763
LINKUSDT,1636156800010,0.00022843
LINKUSDT,1636185600000,0.00038913
LINKUSDT,1636214400007,0.0001
LINKUSDT,1636243200013,0.0001
LINKUSDT,1636272000005,0.0001
LINKUSDT,1636300800004,0.00024658
LINKUSDT,1636329600001,0.00052549
LINKUSDT,1636358400000,0.00071026
LINKUSDT,1636387200000,0.00056058
LINKUSDT,1636416000000,0.00045257
LINKUSDT,1636444800014,0.00058857
LINKUSDT,1636473600001,0.00034952
LINKUSDT,1636502400000,0.00034851
LINKUSDT,1636531200003,0.00033893
LINKUSDT,1636560000001,0.00043174
LINKUSDT,1636588800008,0.0001
LINKUSDT,1636617600012,0.0001
LINKUSDT,1636646400007,0.0001
LINKUSDT,1636675200000,0.0001
LINKUSDT,1636704000000,0.0001
LINKUSDT,1636732800004,0.0001
LINKUSDT,1636761600000,0.0001
LINKUSDT,1636790400004,0.0001
LINKUSDT,1636819200006,0.0001
LINKUSDT,1636848000010,0.0001
LINKUSDT,1636876800001,0.0001
LINKUSDT,1636905600000,0.0001
LINKUSDT,1636934400008,0.0001
LINKUSDT,1636963200000,0.00021608
LINKUSDT,1636992000000,0.00044234
LINKUSDT,1637020800000,0.00029356
LINKUSDT,1637049600001,0.0001
LINKUSDT,1637078400018,0.0001
LINKUSDT,1637107200005,0.0001
LINKUSDT,1637136000007,0.0001
LINKUSDT,1637164800003,0.0001
LINKUSDT,1637193600017,0.0001
LINKUSDT,1637222400007,0.0001
LINKUSDT,1637251200011,0.0001
LINKUSDT,1637280000000,0.0001
LINKUSDT,1637308800000,0.0001
LINKUSDT,1637337600005,0.0001
LINKUSDT,1637366400012,0.0001
LINKUSDT,1637395200000,0.0001
LINKUSDT,1637424000007,0.0001
LINKUSDT,1637452800000,0.0001
LINKUSDT,1637481600006,0.0001
LINKUSDT,1637510400000,0.0001
LINKUSDT,1637539200004,0.0001
LINKUSDT,1637568000000,0.0001
LINKUSDT,1637596800000,0.0001
LINKUSDT,1637625600004,0.0001
LINKUSDT,1637654400010,0.0001
LINKUSDT,1637683200005,0.0001
LINKUSDT,1637712000001,0.00025847
LINKUSDT,1637740800003,0.00015629
LINKUSDT,1637769600010,0.00014192
LINKUSDT,1637798400000,0.00031325
LINKUSDT,1637827200010,0.00026748
LINKUSDT,1637856000000,0.00017481
LINKUSDT,1637884800000,0.0005359
LINKUSDT,1637913600000,0.00032895
LINKUSDT,1637942400016,0.0001
LINKUSDT,1637971200005,0.0001
LINKUSDT,1638000000008,0.0001
LINKUSDT,1638028800007,0.0001
LINKUSDT,1638057600018,0.0001
LINKUSDT,1638086400000,0.0001
LINKUSDT,1638115200004,0.0001
LINKUSDT,1638144000002,0.0001
LINKUSDT,1638172800004,0.0001
LINKUSDT,1638201600000,0.0001
LINKUSDT,1638230400000,0.0001
LINKUSDT,1638259200006,0.0001
LINKUSDT,1638288000000,0.0001
LINKUSDT,1638316800000,0.00011195
LINKUSDT,1638345600000,0.0001
LINKUSDT,1638374400001,0.0001
LINKUSDT,1638403200000,0.0001
LINKUSDT,1638432000007,0.0001
LINKUSDT,1638460800008,0.0001
LINKUSDT,1638489600004,0.0001
LINKUSDT,1638518400002,0.0001
LINKUSDT,1638547200006,0.0001
LINKUSDT,1638576000006,0.0001
LINKUSDT,1638604800004,0.0001
LINKUSDT,1638633600000,0.0001
LINKUSDT,1638662400003,0.00000724
LINKUSDT,1638691200008,0.0001
LINKUSDT,1638720000007,0.0001
LINKUSDT,1638748800009,0.0001
LINKUSDT,1638777600001,0.0001
LINKUSDT,1638806400000,0.0001
LINKUSDT,1638835200018,0.0001
LINKUSDT,1638864000000,0.0001
LINKUSDT,1638892800000,0.0001
LINKUSDT,1638921600000,0.0001
LINKUSDT,1638950400018,0.0001
LINKUSDT,1638979200010,0.0001
LINKUSDT,1639008000010,0.0001
LINKUSDT,1639036800000,0.0001
LINKUSDT,1639065600000,0.0001
LINKUSDT,1639094400000,0.0001
LINKUSDT,1639123200008,0.0001
LINKUSDT,1639152000012,0.0000729
LINKUSDT,1639180800009,0.0001
LINKUSDT,1639209600008,0.0001
LINKUSDT,1639238400000,0.00008913
LINKUSDT,1639267200001,0.0001
LINKUSDT,1639296000015,0.0001
LINKUSDT,1639324800011,0.0001
LINKUSDT,1639353600006,0.0001
LINKUSDT,1639382400019,0.0001
LINKUSDT,1639411200000,0.0001
LINKUSDT,1639440000004,0.00009373
LINKUSDT,1639468800000,0.0001
LINKUSDT,1639497600015,0.0001
LINKUSDT,1639526400000,0.0001
LINKUSDT,1639555200008,0.0001
LINKUSDT,1639584000005,0.0001
LINKUSDT,1639612800006,0.0001
LINKUSDT,1639641600009,0.0001
LINKUSDT,1639670400000,0.0001
LINKUSDT,1639699200000,0.0001
LINKUSDT,1639728000005,0.0001
LINKUSDT,1639756800006,0.0001
LINKUSDT,1639785600014,0.0001
LINKUSDT,1639814400012,0.00009845
LINKUSDT,1639843200000,0.0001
LINKUSDT,1639872000031,0.0001
LINKUSDT,1639900800000,0.0001
LINKUSDT,1639929600003,0.0001
LINKUSDT,1639958400015,0.0001
LINKUSDT,1639987200007,0.0001
LINKUSDT,1640016000005,0.0001
LINKUSDT,1640044800003,0.0001
LINKUSDT,1640073600012,0.0001
LINKUSDT,1640102400005,0.0001
LINKUSDT,1640131200000,0.0001
LINKUSDT,1640160000001,0.0001
LINKUSDT,1640188800006,0.0001
LINKUSDT,1640217600011,0.0001
LINKUSDT,1640246400000,0.0001
LINKUSDT,1640275200000,0.0001
LINKUSDT,1640304000005,0.0001
LINKUSDT,1640332800000,0.0001
LINKUSDT,1640361600011,0.0001
LINKUSDT,1640390400000,0.0001
LINKUSDT,1640419200001,0.0001
LINKUSDT,1640448000005,0.0001
LINKUSDT,1640476800004,0.0001
LINKUSDT,1640505600002,0.0001
LINKUSDT,1640534400000,0.0001
LINKUSDT,1640563200002,0.0001
LINKUSDT,1640592000005,0.0001
LINKUSDT,1640620800000,0.0001
LINKUSDT,1640649600000,0.0001
LINKUSDT,1640678400012,0.0001
LINKUSDT,1640707200000,0.0001
LINKUSDT,1640736000006,0.0001
LINKUSDT,1640764800003,0.0001
LINKUSDT,1640793600004,0.0001
LINKUSDT,1640822400003,0.0001
LINKUSDT,1640851200001,0.0001
LINKUSDT,1640880000017,0.0001
LINKUSDT,1640908800006,0.0001
LINKUSDT,1640937600009,0.0001
LINKUSDT,1640966400000,0.0001
LINKUSDT,1640995200006,0.0001
LINKUSDT,1641024000009,0.0001
LINKUSDT,1641052800000,0.0001
LINKUSDT,1641081600028,0.0001
LINKUSDT,1641110400000,0.0001
LINKUSDT,1641139200000,0.0001
LINKUSDT,1641168000010,0.0001
LINKUSDT,1641196800013,0.0001
LINKUSDT,1641225600018,0.0001
LINKUSDT,1641254400000,0.0001
LINKUSDT,1641283200010,0.0001
LINKUSDT,1641312000002,0.0001
LINKUSDT,1641340800001,0.0001
LINKUSDT,1641369600017,0.0001
LINKUSDT,1641398400000,0.0001
LINKUSDT,1641427200002,0.0001
LINKUSDT,1641456000021,0.0001
LINKUSDT,1641484800006,0.0001
LINKUSDT,1641513600005,0.0001
LINKUSDT,1641542400000,0.0001
LINKUSDT,1641571200001,0.0001
LINKUSDT,1641600000014,0.0001
LINKUSDT,1641628800013,0.0001
LINKUSDT,1641657600000,0.0001
LINKUSDT,1641686400003,0.0001
LINKUSDT,1641715200000,0.0001
LINKUSDT,1641744000000,0.0001
LINKUSDT,1641772800000,-0.00003312
LINKUSDT,1641801600010,0.00005943
LINKUSDT,1641830400007,0.0001
LINKUSDT,1641859200013,0.0001
LINKUSDT,1641888000004,0.0001
LINKUSDT,1641916800000,0.0001
LINKUSDT,1641945600012,0.0001
LINKUSDT,1641974400015,0.0001
LINKUSDT,1642003200000,0.0001
LINKUSDT,1642032000007,0.0001
LINKUSDT,1642060800000,0.0001
LINKUSDT,1642089600014,0.0001
LINKUSDT,1642118400000,0.0001
LINKUSDT,1642147200006,0.0001
LINKUSDT,1642176000014,0.0001
LINKUSDT,1642204800000,0.0001
LINKUSDT,1642233600002,0.0001
LINKUSDT,1642262400000,0.0001
LINKUSDT,1642291200000,0.0001
LINKUSDT,1642320000017,0.0001
LINKUSDT,1642348800011,0.0001
LINKUSDT,1642377600005,0.0001
LINKUSDT,1642406400006,0.0001
LINKUSDT,1642435200012,0.0001
LINKUSDT,1642464000020,0.0001
LINKUSDT,1642492800000,0.0001
LINKUSDT,1642521600013,0.0001
LINKUSDT,1642550400001,0.0001
LINKUSDT,1642579200000,0.0001
LINKUSDT,1642608000000,0.0001
LINKUSDT,1642636800015,0.0001
LINKUSDT,1642665600000,0.0001
LINKUSDT,1642694400000,0.0001
LINKUSDT,1642723200007,0.00006201
LINKUSDT,1642752000015,0.0001
LINKUSDT,1642780800000,0.0001
LINKUSDT,1642809600017,0.0001
LINKUSDT,1642838400003,0.00005695
LINKUSDT,1642867200021,-0.00005728
LINKUSDT,1642896000026,0.0001
LINKUSDT,1642924800010,0.00008932
LINKUSDT,1642953600009,-0.00004397
LINKUSDT,1642982400010,0.0001
LINKUSDT,1643011200000,0.00002053
LINKUSDT,1643040000021,0.0001
LINKUSDT,1643068800000,0.0001
LINKUSDT,1643097600000,0.0001
LINKUSDT,1643126400012,0.0001
LINKUSDT,1643155200000,0.00001144
LINKUSDT,1643184000001,0.00001772
LINKUSDT,1643212800005,0.00004317
LINKUSDT,1643241600004,0.00002086
LINKUSDT,1643270400004,0.00001788
LINKUSDT,1643299200019,0.00001762
LINKUSDT,1643328000000,0.00007415
LINKUSDT,1643356800000,0.0001
LINKUSDT,1643385600025,0.0001
LINKUSDT,1643414400017,0.00005843
LINKUSDT,1643443200000,0.0001
LINKUSDT,1643472000013,0.0001
LINKUSDT,1643500800025,0.0001
LINKUSDT,1643529600009,0.0001
LINKUSDT,1643558400000,0.0001
LINKUSDT,1643587200000,0.00001264
LINKUSDT,1643616000000,0.0001
LINKUSDT,1643644800000,0.00007164
LINKUSDT,1643673600010,0.00008417
LINKUSDT,1643702400000,0.00006716
LINKUSDT,1643731200004,0.000016
LINKUSDT,1643760000004,0.00004652
LINKUSDT,1643788800000,0.0001
LINKUSDT,1643817600002,0.0001
LINKUSDT,1643846400002,-0.0000772
LINKUSDT,1643875200000,0.00006771
LINKUSDT,1643904000000,0.00004929
LINKUSDT,1643932800018,-0.00006083
LINKUSDT,1643961600005,0.00003349
LINKUSDT,1643990400010,0.0001
LINKUSDT,1644019200014,0.00002818
LINKUSDT,1644048000000,0.0001
LINKUSDT,1644076800000,0.0001
LINKUSDT,1644105600000,0.0001
LINKUSDT,1644134400000,0.0001
LINKUSDT,1644163200000,0.0001
LINKUSDT,1644192000003,0.0001
LINKUSDT,1644220800014,0.0001
LINKUSDT,1644249600003,0.0001
LINKUSDT,1644278400001,0.0001
LINKUSDT,1644307200003,0.0001
LINKUSDT,1644336000002,0.0001
LINKUSDT,1644364800000,0.0001
LINKUSDT,1644393600005,0.0001
LINKUSDT,1644422400001,0.0001
LINKUSDT,1644451200012,0.0000475
LINKUSDT,1644480000000,0.0000994
LINKUSDT,1644508800006,0.00009358
LINKUSDT,1644537600000,-0.00000796
LINKUSDT,1644566400009,0.00007324
LINKUSDT,1644595200015,0.00001573
LINKUSDT,1644624000020,0.0001
LINKUSDT,1644652800001,0.0001
LINKUSDT,1644681600007,0.0001
LINKUSDT,1644710400022,0.00005313
LINKUSDT,1644739200001,0.00002652
LINKUSDT,1644768000007,0.00000662
LINKUSDT,1644796800005,0.00004573
LINKUSDT,1644825600013,0.00009889
LINKUSDT,1644854400019,0.00008712
LINKUSDT,1644883200012,0.0001
LINKUSDT,1644912000005,-0.00005376
LINKUSDT,1644940800011,-0.00001105
LINKUSDT,1644969600009,0.0001
LINKUSDT,1644998400001,0.0001
LINKUSDT,1645027200014,0.0001
LINKUSDT,1645056000018,0.0000862
LINKUSDT,1645084800000,0.0001
LINKUSDT,1645113600010,0.0001
LINKUSDT,1645142400000,0.00004188
LINKUSDT,1645171200002,-0.00001595
LINKUSDT,1645200000000,0.0001
LINKUSDT,1645228800007,0.0001
LINKUSDT,1645257600000,0.0001
LINKUSDT,1645286400023,0.0001
LINKUSDT,1645315200001,0.00009519
LINKUSDT,1645344000003,0.00007487
LINKUSDT,1645372800001,0.00006314
LINKUSDT,1645401600000,0.0001
LINKUSDT,1645430400001,0.00007423
LINKUSDT,1645459200005,-0.00002658
LINKUSDT,1645488000005,-0.00003787
LINKUSDT,1645516800000,-0.00000025
LINKUSDT,1645545600000,-0.0000554
LINKUSDT,1645574400002,0.00002671
LINKUSDT,1645603200005,0.00002689
LINKUSDT,1645632000010,0.00003204
LINKUSDT,1645660800008,0.00003616
LINKUSDT,1645689600003,-0.0000365
LINKUSDT,1645718400001,-0.00014252
LINKUSDT,1645747200000,0.0001
LINKUSDT,1645776000006,0.00008918
LINKUSDT,1645804800001,-0.00008518
LINKUSDT,1645833600004,0.00001622
LINKUSDT,1645862400004,0.0001
LINKUSDT,1645891200007,0.0001
LINKUSDT,1645920000012,0.00007678
LINKUSDT,1645948800000,0.0001
LINKUSDT,1645977600000,0.0001
LINKUSDT,1646006400000,0.0001
LINKUSDT,1646035200001,0.0001
LINKUSDT,1646064000002,0.0001
LINKUSDT,1646092800002,0.0001
LINKUSDT,1646121600001,0.0001
LINKUSDT,1646150400000,0.0001
LINKUSDT,1646179200000,0.0001
LINKUSDT,1646208000000,0.0001
LINKUSDT,1646236800002,0.0001
LINKUSDT,1646265600000,0.0001
LINKUSDT,1646294400000,0.0001
LINKUSDT,1646323200005,0.0001
LINKUSDT,1646352000018,0.0001
LINKUSDT,1646380800000,0.0001
LINKUSDT,1646409600000,0.0001
LINKUSDT,1646438400006,0.00008058
LINKUSDT,1646467200004,0.00005409
LINKUSDT,1646496000000,0.0001
LINKUSDT,1646524800004,0.0001
LINKUSDT,1646553600000,0.0001
LINKUSDT,1646582400013,0.00003999
LINKUSDT,1646611200008,0.0001
LINKUSDT,1646640000006,0.0001
LINKUSDT,1646668800000,0.00008056
LINKUSDT,1646697600008,0.00009931
LINKUSDT,1646726400002,-0.00003394
LINKUSDT,1646755200000,0.0001
LINKUSDT,1646784000008,0.0001
LINKUSDT,1646812800000,0.00004607
LINKUSDT,1646841600004,0.0001
LINKUSDT,1646870400000,0.0001
LINKUSDT,1646899200017,0.0001
LINKUSDT,1646928000000,0.0001
LINKUSDT,1646956800008,0.0001
LINKUSDT,1646985600000,0.0001
LINKUSDT,1647014400001,0.0001
LINKUSDT,1647043200010,0.0001
LINKUSDT,1647072000001,0.0001
LINKUSDT,1647100800002,0.0001
LINKUSDT,1647129600008,0.0001
LINKUSDT,1647158400000,0.0001
LINKUSDT,1647187200002,0.00008062
LINKUSDT,1647216000014,0.00004688
LINKUSDT,1647244800005,0.00005801
LINKUSDT,1647273600002,0.0001
LINKUSDT,1647302400008,0.0001
LINKUSDT,1647331200000,0.0001
LINKUSDT,1647360000006,0.0001
LINKUSDT,1647388800013,0.0001
LINKUSDT,1647417600000,0.0001
LINKUSDT,1647446400008,0.0001
LINKUSDT,1647475200004,0.0001
LINKUSDT,1647504000000,0.0001
LINKUSDT,1647532800004,0.0001
LINKUSDT,1647561600000,0.0001
LINKUSDT,1647590400000,0.0001
LINKUSDT,1647619200017,0.0001
LINKUSDT,1647648000008,0.0001
LINKUSDT,1647676800015,0.0001
LINKUSDT,1647705600000,0.0001
LINKUSDT,1647734400000,0.0001
LINKUSDT,1647763200001,0.0001
LINKUSDT,1647792000002,0.0001
LINKUSDT,1647820800013,0.0001
LINKUSDT,1647849600004,0.0001
LINKUSDT,1647878400010,0.0001
LINKUSDT,1647907200012,0.0001
LINKUSDT,1647936000001,0.0001
LINKUSDT,1647964800022,0.0001
LINKUSDT,1647993600007,0.0001
LINKUSDT,1648022400000,0.0001
LINKUSDT,1648051200006,0.0001
LINKUSDT,1648080000013,0.0001
LINKUSDT,1648108800006,0.0001
LINKUSDT,1648137600020,0.0001
LINKUSDT,1648166400010,0.0001
LINKUSDT,1648195200001,0.0001
LINKUSDT,1648224000014,0.0001
LINKUSDT,1648252800020,0.0001
LINKUSDT,1648281600006,0.0001
LINKUSDT,1648310400000,0.0001
LINKUSDT,1648339200004,0.0001
LINKUSDT,1648368000001,0.0001
LINKUSDT,1648396800006,0.0001
LINKUSDT,1648425600012,0.0001
LINKUSDT,1648454400007,0.0001
LINKUSDT,1648483200000,0.0001
LINKUSDT,1648512000000,0.0001
LINKUSDT,1648540800015,0.0001
LINKUSDT,1648569600000,0.0001
LINKUSDT,1648598400000,0.0001
LINKUSDT,1648627200002,0.0001
LINKUSDT,1648656000028,0.0001
LINKUSDT,1648684800017,0.0001
LINKUSDT,1648713600000,0.0001
LINKUSDT,1648742400015,0.0001
LINKUSDT,1648771200000,0.0001
LINKUSDT,1648800000000,0.0001
LINKUSDT,1648828800018,0.0001
LINKUSDT,1648857600000,0.0001
LINKUSDT,1648886400002,0.0001
LINKUSDT,1648915200006,0.0001
LINKUSDT,1648944000018,0.0001
LINKUSDT,1648972800018,0.0001
LINKUSDT,1649001600015,0.0001
LINKUSDT,1649030400006,0.0001
LINKUSDT,1649059200000,0.0001
LINKUSDT,1649088000016,0.0001
LINKUSDT,1649116800000,0.0001
LINKUSDT,1649145600010,0.0001
LINKUSDT,1649174400008,0.0001
LINKUSDT,1649203200001,0.0001
LINKUSDT,1649232000021,0.0001
LINKUSDT,1649260800000,0.00009289
LINKUSDT,1649289600009,0.00006001
LINKUSDT,1649318400000,0.00009977
LINKUSDT,1649347200000,0.0001
LINKUSDT,1649376000000,0.0001
LINKUSDT,1649404800004,0.0001
LINKUSDT,1649433600008,0.0001
LINKUSDT,1649462400008,0.0001
LINKUSDT,1649491200000,0.0001
LINKUSDT,1649520000001,0.0001
LINKUSDT,1649548800004,0.0001
LINKUSDT,1649577600007,0.0001
LINKUSDT,1649606400016,0.0001
LINKUSDT,1649635200000,0.0001
LINKUSDT,1649664000000,0.0001
LINKUSDT,1649692800009,0.0001
LINKUSDT,1649721600000,0.0001
LINKUSDT,1649750400006,0.00009057
LINKUSDT,1649779200013,0.00007094
LINKUSDT,1649808000005,0.0001
LINKUSDT,1649836800008,0.00005663
LINKUSDT,1649865600013,0.0001
LINKUSDT,1649894400007,0.0001
LINKUSDT,1649923200000,0.0001
LINKUSDT,1649952000006,0.00007841
LINKUSDT,1649980800008,-0.0000597
LINKUSDT,1650009600002,0.0001
LINKUSDT,1650038400000,0.0001
LINKUSDT,1650067200011,0.0001
LINKUSDT,1650096000007,0.0001
LINKUSDT,1650124800007,0.0001
LINKUSDT,1650153600000,0.0001
LINKUSDT,1650182400004,0.0001
LINKUSDT,1650211200000,0.0001
LINKUSDT,1650240000008,0.0001
LINKUSDT,1650268800012,0.00009486
LINKUSDT,1650297600000,0.0001
LINKUSDT,1650326400021,0.0001
LINKUSDT,1650355200031,0.0001
LINKUSDT,1650384000000,0.0001
LINKUSDT,1650412800025,0.0001
LINKUSDT,1650441600003,0.0001
LINKUSDT,1650470400000,0.0001
LINKUSDT,1650499200000,0.0001
LINKUSDT,1650528000000,0.0001
LINKUSDT,1650556800024,0.0001
LINKUSDT,1650585600008,0.00007212
LINKUSDT,1650614400008,0.0001
LINKUSDT,1650643200008,0.0001
LINKUSDT,1650672000000,0.0001
LINKUSDT,1650700800000,0.0001
LINKUSDT,1650729600012,0.0001
LINKUSDT,1650758400004,0.0001
LINKUSDT,1650787200003,0.0001
LINKUSDT,1650816000000,0.0001
LINKUSDT,1650844800008,0.0001
LINKUSDT,1650873600018,0.00004404
LINKUSDT,1650902400000,-0.00000324
LINKUSDT,1650931200014,0.0001
LINKUSDT,1650960000000,0.0001
LINKUSDT,1650988800017,0.0000619
LINKUSDT,1651017600012,-0.00004028
LINKUSDT,1651046400000,0.0000885
LINKUSDT,1651075200002,0.00007166
LINKUSDT,1651104000000,0.0001
LINKUSDT,1651132800004,0.0001
LINKUSDT,1651161600030,0.0001
LINKUSDT,1651190400000,0.0001
LINKUSDT,1651219200016,0.0001
LINKUSDT,1651248000010,0.0001
LINKUSDT,1651276800000,0.00006993
LINKUSDT,1651305600005,0.00008957
LINKUSDT,1651334400015,0.00008427
LINKUSDT,1651363200000,0.0001
LINKUSDT,1651392000000,-0.00001635
LINKUSDT,1651420800010,0.0000266
LINKUSDT,1651449600018,0.00007298
LINKUSDT,1651478400007,0.000094
LINKUSDT,1651507200000,0.00000701
LINKUSDT,1651536000006,0.00007543
LINKUSDT,1651564800000,0.00008448
LINKUSDT,1651593600021,0.00004274
LINKUSDT,1651622400007,-0.00001486
LINKUSDT,1651651200011,0.00008343
LINKUSDT,1651680000000,0.00002146
LINKUSDT,1651708800005,0.0001
LINKUSDT,1651737600019,0.0001
LINKUSDT,1651766400005,0.0001
LINKUSDT,1651795200005,-0.00001573
LINKUSDT,1651824000001,-0.00011204
LINKUSDT,1651852800010,0.00009546
LINKUSDT,1651881600004,0.00009931
LINKUSDT,1651910400016,0.00008266
LINKUSDT,1651939200011,0.00008008
LINKUSDT,1651968000000,0.00008625
LINKUSDT,1651996800007,0.000078
LINKUSDT,1652025600015,0.0001
LINKUSDT,1652054400000,0.0001
LINKUSDT,1652083200001,-0.00000507
LINKUSDT,1652112000000,0.00003202
LINKUSDT,1652140800000,-0.00007675
LINKUSDT,1652169600007,0.00004156
LINKUSDT,1652198400008,-0.00008416
LINKUSDT,1652227200004,0.00004476
LINKUSDT,1652256000007,-0.00007227
LINKUSDT,1652284800008,-0.00039891
LINKUSDT,1652313600014,-0.00021635
LINKUSDT,1652342400000,-0.0009275
LINKUSDT,1652371200007,-0.00021351
LINKUSDT,1652400000014,-0.00022603
LINKUSDT,1652428800001,-0.00034229
LINKUSDT,1652457600000,-0.00016435
LINKUSDT,1652486400000,-0.00014281
LINKUSDT,1652515200000,0.00000837
LINKUSDT,1652544000001,-0.00022604
LINKUSDT,1652572800000,-0.00004445
LINKUSDT,1652601600000,-0.00007886
LINKUSDT,1652630400000,-0.00002436
LINKUSDT,1652659200021,0.00006929
LINKUSDT,1652688000013,0.00001315
LINKUSDT,1652716800006,0.00002532
LINKUSDT,1652745600000,0.00003558
LINKUSDT,1652774400010,0.00004485
LINKUSDT,1652803200023,0.00007395
LINKUSDT,1652832000003,0.00005872
LINKUSDT,1652860800024,0.0001
LINKUSDT,1652889600014,0.0000153
LINKUSDT,1652918400000,0.00004081
LINKUSDT,1652947200008,0.00007132
LINKUSDT,1652976000015,-0.00000697
LINKUSDT,1653004800001,0.0001
LINKUSDT,1653033600003,0.0001
LINKUSDT,1653062400012,0.00001135
LINKUSDT,1653091200008,-0.0000028
LINKUSDT,1653120000001,-0.00008265
LINKUSDT,1653148800007,0.0001
LINKUSDT,1653177600003,0.00006081
LINKUSDT,1653206400016,0.00007613
LINKUSDT,1653235200000,0.0001
LINKUSDT,1653264000011,0.0001
LINKUSDT,1653292800000,0.0001
LINKUSDT,1653321600023,0.0001
LINKUSDT,1653350400011,-0.00003596
LINKUSDT,1653379200000,0.0000005
LINKUSDT,1653408000009,-0.00006136
LINKUSDT,1653436800001,-0.00002562
LINKUSDT,1653465600000,0.00002571
LINKUSDT,1653494400015,0.0000432
LINKUSDT,1653523200005,0.0001
LINKUSDT,1653552000001,-0.00003255
LINKUSDT,1653580800000,-0.00024844
LINKUSDT,1653609600007,-0.00011896
LINKUSDT,1653638400008,0.0000053
LINKUSDT,1653667200000,0.00000325
LINKUSDT,1653696000018,0.00004129
LINKUSDT,1653724800016,-0.00002343
LINKUSDT,1653753600013,0.00001348
LINKUSDT,1653782400000,0.00006339
LINKUSDT,1653811200025,0.00002126
LINKUSDT,1653840000002,-0.00000178
LINKUSDT,1653868800000,0.00004453
LINKUSDT,1653897600013,0.0001
LINKUSDT,1653926400005,0.0001
LINKUSDT,1653955200016,0.0001
LINKUSDT,1653984000000,0.0001
LINKUSDT,1654012800000,0.0001
LINKUSDT,1654041600000,0.0001
LINKUSDT,1654070400011,0.0001
LINKUSDT,1654099200000,0.0001
LINKUSDT,1654128000000,-0.00005373
LINKUSDT,1654156800006,0.00002004
LINKUSDT,1654185600021,0.00008502
LINKUSDT,1654214400016,-0.00002749
LINKUSDT,1654243200016,0.0001
LINKUSDT,1654272000012,0.00002558
LINKUSDT,1654300800005,0.0001
LINKUSDT,1654329600000,0.00007276
LINKUSDT,1654358400007,0.00002777
LINKUSDT,1654387200005,0.00007908
LINKUSDT,1654416000015,0.0001
LINKUSDT,1654444800000,0.00003093
LINKUSDT,1654473600000,0.0001
LINKUSDT,1654502400017,0.00006475
LINKUSDT,1654531200000,0.00007477
LINKUSDT,1654560000000,0.00008532
LINKUSDT,1654588800011,0.0001
LINKUSDT,1654617600000,0.00007839
LINKUSDT,1654646400008,0.0001
LINKUSDT,1654675200020,0.0001
LINKUSDT,1654704000012,0.00007517
LINKUSDT,1654732800000,-0.00001709
LINKUSDT,1654761600000,0.0001
LINKUSDT,1654790400000,-0.00026051
LINKUSDT,1654819200009,-0.00008657
LINKUSDT,1654848000000,0.0001
LINKUSDT,1654876800006,0.0001
LINKUSDT,1654905600018,0.0000739
LINKUSDT,1654934400014,0.000032
LINKUSDT,1654963200000,-0.00017222
LINKUSDT,1654992000015,-0.00024178
LINKUSDT,1655020800019,-0.00035251
LINKUSDT,1655049600010,-0.00033983
LINKUSDT,1655078400009,-0.00026192
LINKUSDT,1655107200000,-0.00033484
LINKUSDT,1655136000007,-0.00036214
LINKUSDT,1655164800013,-0.00028214
LINKUSDT,1655193600008,-0.00018773
LINKUSDT,1655222400006,-0.00025451
LINKUSDT,1655251200000,-0.00004509
LINKUSDT,1655280000016,-0.00000118
LINKUSDT,1655308800008,-0.00003731
LINKUSDT,1655337600009,-0.00003238
LINKUSDT,1655366400016,0.0001
LINKUSDT,1655395200000,-0.0000447
LINKUSDT,1655424000008,-0.000022
LINKUSDT,1655452800003,0.00000715
LINKUSDT,1655481600000,-0.00013623
LINKUSDT,1655510400020,0.00001896
LINKUSDT,1655539200025,-0.00002322
LINKUSDT,1655568000014,0.0001
LINKUSDT,1655596800012,-0.00013293
LINKUSDT,1655625600012,-0.00000738
LINKUSDT,1655654400008,0.0001
LINKUSDT,1655683200016,0.00009322
LINKUSDT,1655712000000,0.0001
LINKUSDT,1655740800013,0.0001
LINKUSDT,1655769600012,0.0001
LINKUSDT,1655798400018,0.0001
LINKUSDT,1655827200010,0.0001
LINKUSDT,1655856000000,0.00006877
LINKUSDT,1655884800001,0.00005754
LINKUSDT,1655913600012,0.0001
LINKUSDT,1655942400000,0.00006229
LINKUSDT,1655971200000,0.00008187
LINKUSDT,1656000000016,0.00003834
LINKUSDT,1656028800005,0.00004858
LINKUSDT,1656057600004,0.00007472
LINKUSDT,1656086400018,0.00002128
LINKUSDT,1656115200001,0.0001
LINKUSDT,1656144000010,0.0001
LINKUSDT,1656172800000,0.00007003
LINKUSDT,1656201600002,-0.00001066
LINKUSDT,1656230400016,0.00009778
LINKUSDT,1656259200006,0.0001
LINKUSDT,1656288000008,-0.0001285
LINKUSDT,1656316800000,-0.00006248
LINKUSDT,1656345600016,-0.00004184
LINKUSDT,1656374400016,-0.00001879
LINKUSDT,1656403200001,-0.00018867
LINKUSDT,1656432000005,0.00001567
LINKUSDT,1656460800000,-0.00019965
LINKUSDT,1656489600013,-0.00009219
LINKUSDT,1656518400000,0.00000408
LINKUSDT,1656547200000,0.0000577
LINKUSDT,1656576000000,-0.00000475
LINKUSDT,1656604800000,-0.00007899
LINKUSDT,1656633600001,-0.00008603
LINKUSDT,1656662400017,-0.00004029
LINKUSDT,1656691200005,-0.00001981
LINKUSDT,1656720000000,0.000048
LINKUSDT,1656748800000,-0.0000084
LINKUSDT,1656777600008,0.00001986
LINKUSDT,1656806400015,0.0001
LINKUSDT,1656835200004,0.00005751
LINKUSDT,1656864000005,-0.00002126
LINKUSDT,1656892800021,0.0001
LINKUSDT,1656921600001,0.0000022
LINKUSDT,1656950400000,0.0001
LINKUSDT,1656979200000,0.0001
LINKUSDT,1657008000000,0.0001
LINKUSDT,1657036800015,0.0001
LINKUSDT,1657065600006,0.0001
LINKUSDT,1657094400000,0.0001
LINKUSDT,1657123200000,0.0001
LINKUSDT,1657152000010,0.0001
LINKUSDT,1657180800010,0.0001
LINKUSDT,1657209600011,0.0001
LINKUSDT,1657238400008,0.0001
LINKUSDT,1657267200009,0.0001
LINKUSDT,1657296000000,0.0001
LINKUSDT,1657324800000,0.0001
LINKUSDT,1657353600000,0.0001
LINKUSDT,1657382400009,0.0001
LINKUSDT,1657411200001,0.0001
LINKUSDT,1657440000002,0.0001
LINKUSDT,1657468800001,0.0001
LINKUSDT,1657497600000,0.00004937
LINKUSDT,1657526400003,0.00000324
LINKUSDT,1657555200001,0.0001
LINKUSDT,1657584000000,-0.00001589
LINKUSDT,1657612800021,0.0001
LINKUSDT,1657641600000,0.00006634
LINKUSDT,1657670400012,0.0001
LINKUSDT,1657699200022,-0.00000282
LINKUSDT,1657728000005,0.00001008
LINKUSDT,1657756800017,0.00004066
LINKUSDT,1657785600001,0.0001
LINKUSDT,1657814400000,0.0001
LINKUSDT,1657843200004,0.0001
LINKUSDT,1657872000019,0.0001
LINKUSDT,1657900800017,0.0001
LINKUSDT,1657929600021,0.0001
LINKUSDT,1657958400014,0.0001
LINKUSDT,1657987200005,0.0001
LINKUSDT,1658016000000,0.0001
LINKUSDT,1658044800003,0.0001
LINKUSDT,1658073600007,0.0001
LINKUSDT,1658102400001,0.0001
LINKUSDT,1658131200004,0.0001
LINKUSDT,1658160000019,0.0001
LINKUSDT,1658188800000,0.0001
LINKUSDT,1658217600000,0.0001
LINKUSDT,1658246400001,0.0001
LINKUSDT,1658275200004,0.0001
LINKUSDT,1658304000000,0.0001
LINKUSDT,1658332800003,0.0001
LINKUSDT,1658361600000,0.0001
LINKUSDT,1658390400018,0.0001
LINKUSDT,1658419200011,0.0001
LINKUSDT,1658448000014,0.0001
LINKUSDT,1658476800000,0.0001
LINKUSDT,1658505600000,0.0001
LINKUSDT,1658534400004,0.0001
LINKUSDT,1658563200002,-0.00002097
LINKUSDT,1658592000001,0.0001
LINKUSDT,1658620800000,0.00006631
LINKUSDT,1658649600011,0.0001
LINKUSDT,1658678400000,0.0001
LINKUSDT,1658707200000,0.0001
LINKUSDT,1658736000014,0.00006888
LINKUSDT,1658764800006,0.0001
LINKUSDT,1658793600010,0.00008151
LINKUSDT,1658822400000,0.0001
LINKUSDT,1658851200000,0.00006356
LINKUSDT,1658880000008,0.00009183
LINKUSDT,1658908800000,0.0000392
LINKUSDT,1658937600003,-0.00002502
LINKUSDT,1658966400009,0.0001
LINKUSDT,1658995200008,0.0001
LINKUSDT,1659024000013,0.0001
LINKUSDT,1659052800000,0.0001
LINKUSDT,1659081600000,0.0001
LINKUSDT,1659110400000,0.0001
LINKUSDT,1659139200005,0.0001
LINKUSDT,1659168000009,0.0001
LINKUSDT,1659196800000,0.0001
LINKUSDT,1659225600022,0.0001
LINKUSDT,1659254400011,0.0001
LINKUSDT,1659283200019,0.0001
LINKUSDT,1659312000010,0.0001
LINKUSDT,1659340800019,0.0001
LINKUSDT,1659369600017,0.0001
LINKUSDT,1659398400000,0.0001
LINKUSDT,1659427200007,0.0001
LINKUSDT,1659456000014,0.0001
LINKUSDT,1659484800001,0.0001
LINKUSDT,1659513600020,0.0001
LINKUSDT,1659542400008,0.00009891
LINKUSDT,1659571200001,0.0001
LINKUSDT,1659600000009,0.00006667
LINKUSDT,1659628800015,0.0001
LINKUSDT,1659657600005,0.0001
LINKUSDT,1659686400000,0.0001
LINKUSDT,1659715200000,0.0001
LINKUSDT,1659744000021,0.0001
LINKUSDT,1659772800000,0.0001
LINKUSDT,1659801600015,0.0001
LINKUSDT,1659830400013,0.0001
LINKUSDT,1659859200000,0.0001
LINKUSDT,1659888000014,0.0001
LINKUSDT,1659916800009,0.0001
LINKUSDT,1659945600006,0.0001
LINKUSDT,1659974400000,0.0001
LINKUSDT,1660003200020,0.0001
LINKUSDT,1660032000000,0.0001
LINKUSDT,1660060800000,0.0001
LINKUSDT,1660089600000,0.0001
LINKUSDT,1660118400016,0.0001
LINKUSDT,1660147200018,0.0001
LINKUSDT,1660176000012,0.0001
LINKUSDT,1660204800000,0.00004787
LINKUSDT,1660233600000,0.0001
LINKUSDT,1660262400006,0.0001
LINKUSDT,1660291200000,0.0001
LINKUSDT,1660320000005,0.0001
LINKUSDT,1660348800012,0.0001
LINKUSDT,1660377600006,0.0000558
LINKUSDT,1660406400018,0.0000416
LINKUSDT,1660435200000,0.0001
LINKUSDT,1660464000000,0.0001
LINKUSDT,1660492800000,-0.0000544
LINKUSDT,1660521600010,-0.00000754
LINKUSDT,1660550400002,-0.00000782
LINKUSDT,1660579200010,0.00007074
LINKUSDT,1660608000010,0.0001
LINKUSDT,1660636800002,0.0001
LINKUSDT,1660665600000,0.00008012
LINKUSDT,1660694400020,0.0001
LINKUSDT,1660723200016,-0.00011202
LINKUSDT,1660752000001,0.0001
LINKUSDT,1660780800005,0.0001
LINKUSDT,1660809600012,0.0001
LINKUSDT,1660838400013,0.0001
LINKUSDT,1660867200000,0.0001
LINKUSDT,1660896000000,0.0000085
LINKUSDT,1660924800009,-0.00011715
LINKUSDT,1660953600000,-0.00010419
LINKUSDT,1660982400005,-0.0000573
LINKUSDT,1661011200000,-0.0000013
LINKUSDT,1661040000010,-0.00016005
LINKUSDT,1661068800013,-0.00021975
LINKUSDT,1661097600000,-0.00011022
LINKUSDT,1661126400011,-0.00013084
LINKUSDT,1661155200005,-0.00012716
LINKUSDT,1661184000005,0.0001
LINKUSDT,1661212800000,0.00002493
LINKUSDT,1661241600021,0.00000478
LINKUSDT,1661270400005,0.00004542
LINKUSDT,1661299200017,-0.000094
LINKUSDT,1661328000021,0.00002672
LINKUSDT,1661356800000,0.0001
LINKUSDT,1661385600003,-0.00000099
LINKUSDT,1661414400000,0.00005934
LINKUSDT,1661443200004,0.00006283
LINKUSDT,1661472000001,0.00003361
LINKUSDT,1661500800004,0.0001
LINKUSDT,1661529600000,-0.00000384
LINKUSDT,1661558400010,-0.00015941
LINKUSDT,1661587200007,-0.00019575
LINKUSDT,1661616000008,-0.0000602
LINKUSDT,1661644800019,-0.00006267
LINKUSDT,1661673600000,-0.00006226
LINKUSDT,1661702400000,-0.00007852
LINKUSDT,1661731200000,-0.00028254
LINKUSDT,1661760000000,-0.00008006
LINKUSDT,1661788800001,-0.00002173
LINKUSDT,1661817600001,-0.00021008
LINKUSDT,1661846400005,-0.00006628
LINKUSDT,1661875200010,0.00003498
LINKUSDT,1661904000000,-0.00001934
LINKUSDT,1661932800005,-0.00001065
LINKUSDT,1661961600013,0.00003725
LINKUSDT,1661990400012,-0.00005019
LINKUSDT,1662019200000,-0.00002154
LINKUSDT,1662048000013,-0.00002178
LINKUSDT,1662076800002,0.00004318
LINKUSDT,1662105600013,0.0000059
LINKUSDT,1662134400000,0.0000668
LINKUSDT,1662163200000,0.00008441
LINKUSDT,1662192000002,0.00007914
LINKUSDT,1662220800007,0.00009533
LINKUSDT,1662249600008,0.00000786
LINKUSDT,1662278400009,0.0001
LINKUSDT,1662307200000,0.0001
LINKUSDT,1662336000015,0.0001
LINKUSDT,1662364800013,0.0000457
LINKUSDT,1662393600007,0.00008545
LINKUSDT,1662422400018,0.00009592
LINKUSDT,1662451200020,0.0001
LINKUSDT,1662480000028,0.00004408
LINKUSDT,1662508800013,-0.00005213
LINKUSDT,1662537600022,-0.00000586
LINKUSDT,1662566400021,-0.00011823
LINKUSDT,1662595200010,-0.00003139
LINKUSDT,1662624000000,0.00004293
LINKUSDT,1662652800003,0.0001
LINKUSDT,1662681600011,0.0001
LINKUSDT,1662710400000,0.0001
LINKUSDT,1662739200000,0.0001
LINKUSDT,1662768000003,0.0001
LINKUSDT,1662796800000,0.00004949
LINKUSDT,1662825600012,0.00007475
LINKUSDT,1662854400009,0.00002901
LINKUSDT,1662883200012,0.0000311
LINKUSDT,1662912000005,0.0001
LINKUSDT,1662940800007,0.0000211
LINKUSDT,1662969600013,0.00003235
LINKUSDT,1662998400000,0.00009577
LINKUSDT,1663027200004,0.00001396
LINKUSDT,1663056000000,-0.00002087
LINKUSDT,1663084800000,0.00006085
LINKUSDT,1663113600000,-0.00016282
LINKUSDT,1663142400000,-0.00011634
LINKUSDT,1663171200000,0.00003265
LINKUSDT,1663200000019,0.00000844
LINKUSDT,1663228800012,-0.00003501
LINKUSDT,1663257600007,-0.00004271
LINKUSDT,1663286400000,0.000054
LINKUSDT,1663315200000,0.0001
LINKUSDT,1663344000000,0.0001
LINKUSDT,1663372800000,0.0001
LINKUSDT,1663401600012,0.0001
LINKUSDT,1663430400017,0.0001
LINKUSDT,1663459200000,0.00005658
LINKUSDT,1663488000004,0.0001
LINKUSDT,1663516800000,0.0001
LINKUSDT,1663545600018,0.0001
LINKUSDT,1663574400006,0.0001
LINKUSDT,1663603200010,0.00003294
LINKUSDT,1663632000007,-0.00007301
LINKUSDT,1663660800001,0.0000132
LINKUSDT,1663689600000,0.00009479
LINKUSDT,1663718400001,0.0000248
LINKUSDT,1663747200005,0.00005924
LINKUSDT,1663776000000,-0.00002328
LINKUSDT,1663804800000,-0.00005033
LINKUSDT,1663833600000,-0.0000646
LINKUSDT,1663862400011,-0.00000525
LINKUSDT,1663891200023,0.0000687
LINKUSDT,1663920000004,0.00006628
LINKUSDT,1663948800005,0.00009546
LINKUSDT,1663977600000,0.0001
LINKUSDT,1664006400005,0.0001
LINKUSDT,1664035200000,0.0001
LINKUSDT,1664064000010,0.0001
LINKUSDT,1664092800000,0.0001
LINKUSDT,1664121600003,0.0001
LINKUSDT,1664150400001,0.0001
LINKUSDT,1664179200006,0.0001
LINKUSDT,1664208000000,0.0001
LINKUSDT,1664236800026,0.0000675
LINKUSDT,1664265600004,0.0001
LINKUSDT,1664294400006,0.0001
LINKUSDT,1664323200011,0.00003636
LINKUSDT,1664352000000,0.00008115
LINKUSDT,1664380800000,0.00006849
LINKUSDT,1664409600010,0.00003004
LINKUSDT,1664438400000,0.00000949
LINKUSDT,1664467200000,0.00000864
LINKUSDT,1664496000006,0.00005997
LINKUSDT,1664524800002,0.0001
LINKUSDT,1664553600007,0.00006621
LINKUSDT,1664582400008,0.0001
LINKUSDT,1664611200011,0.0001
LINKUSDT,1664640000000,0.0001
LINKUSDT,1664668800000,0.0001
LINKUSDT,1664697600000,0.0001
LINKUSDT,1664726400006,0.00008432
LINKUSDT,1664755200000,0.00008784
LINKUSDT,1664784000014,0.00001692
LINKUSDT,1664812800010,-0.00010317
LINKUSDT,1664841600006,0.00000211
LINKUSDT,1664870400004,-0.00007338
LINKUSDT,1664899200013,0.00000798
LINKUSDT,1664928000000,0.0001
LINKUSDT,1664956800000,-0.00003245
LINKUSDT,1664985600012,0.0000918
LINKUSDT,1665014400008,-0.00003976
LINKUSDT,1665043200002,0.00005395
LINKUSDT,1665072000006,0.00003094
LINKUSDT,1665100800000,0.00003409
LINKUSDT,1665129600000,0.00006034
LINKUSDT,1665158400007,0.0000367
LINKUSDT,1665187200010,0.0001
LINKUSDT,1665216000004,0.0001
LINKUSDT,1665244800018,0.0001
LINKUSDT,1665273600000,0.00005649
LINKUSDT,1665302400007,0.00005077
LINKUSDT,1665331200011,-0.00004391
LINKUSDT,1665360000018,0.0001
LINKUSDT,1665388800000,0.0001
LINKUSDT,1665417600026,0.00009036
LINKUSDT,1665446400020,0.0001
LINKUSDT,1665475200027,0.0001
LINKUSDT,1665504000000,-0.00002813
LINKUSDT,1665532800014,-0.00000348
LINKUSDT,1665561600000,0.00006307
LINKUSDT,1665590400000,0.0001
LINKUSDT,1665619200013,0.00008345
LINKUSDT,1665648000016,-0.00004702
LINKUSDT,1665676800009,-0.00010558
LINKUSDT,1665705600020,-0.00007495
LINKUSDT,1665734400000,0.0000324
LINKUSDT,1665763200009,0.00002847
LINKUSDT,1665792000001,0.00009364
LINKUSDT,1665820800005,0.00002513
LINKUSDT,1665849600004,-0.00003992
LINKUSDT,1665878400012,0.00001509
LINKUSDT,1665907200000,0.00001255
LINKUSDT,1665936000010,0.00009607
LINKUSDT,1665964800012,0.00000833
LINKUSDT,1665993600010,0.00004031
LINKUSDT,1666022400017,0.00002183
LINKUSDT,1666051200010,0.00005924
LINKUSDT,1666080000008,0.0000571
LINKUSDT,1666108800000,0.0001
LINKUSDT,1666137600007,0.00007528
LINKUSDT,1666166400022,0.00009893
LINKUSDT,1666195200016,0.0001
LINKUSDT,1666224000000,0.00009355
LINKUSDT,1666252800013,0.00002673
LINKUSDT,1666281600000,-0.00000872
LINKUSDT,1666310400005,0.0001
LINKUSDT,1666339200018,0.00005578
LINKUSDT,1666368000000,0.0000208
LINKUSDT,1666396800000,-0.00004484
LINKUSDT,1666425600015,-0.00000202
LINKUSDT,1666454400000,-0.00008015
LINKUSDT,1666483200025,-0.00000231
LINKUSDT,1666512000000,-0.0000081
LINKUSDT,1666540800004,0.0001
LINKUSDT,1666569600009,0.00002013
LINKUSDT,1666598400012,0.0001
LINKUSDT,1666627200002,0.0001
LINKUSDT,1666656000013,0.00008889
LINKUSDT,1666684800013,0.00008346
LINKUSDT,1666713600000,0.00003758
LINKUSDT,1666742400006,0.0001
LINKUSDT,1666771200013,0.00008594
LINKUSDT,1666800000000,0.00009667
LINKUSDT,1666828800009,0.00008353
LINKUSDT,1666857600006,0.0001
LINKUSDT,1666886400009,0.0001
LINKUSDT,1666915200000,0.0001
LINKUSDT,1666944000000,-0.00002504
LINKUSDT,1666972800007,-0.00004124
LINKUSDT,1667001600000,0.0001
LINKUSDT,1667030400003,0.0001
LINKUSDT,1667059200010,0.0001
LINKUSDT,1667088000000,0.0001
LINKUSDT,1667116800013,0.0001
LINKUSDT,1667145600009,0.0001
LINKUSDT,1667174400012,0.0001
LINKUSDT,1667203200000,0.0001
LINKUSDT,1667232000010,0.0001
LINKUSDT,1667260800000,0.0001
LINKUSDT,1667289600000,0.0001
LINKUSDT,1667318400000,0.0000974
LINKUSDT,1667347200000,0.0001
LINKUSDT,1667376000000,0.00009297
LINKUSDT,1667404800019,0.0001
LINKUSDT,1667433600011,0.00002442
LINKUSDT,1667462400016,0.0001
LINKUSDT,1667491200005,0.0001
LINKUSDT,1667520000000,0.0001
LINKUSDT,1667548800004,0.0001
LINKUSDT,1667577600020,0.00004821
LINKUSDT,1667606400009,0.0001
LINKUSDT,1667635200007,0.0001
LINKUSDT,1667664000018,0.0001
LINKUSDT,1667692800009,0.0001
LINKUSDT,1667721600000,0.0001
LINKUSDT,1667750400010,0.0001
LINKUSDT,1667779200012,0.0001
LINKUSDT,1667808000014,0.0001
LINKUSDT,1667836800006,0.00005167
LINKUSDT,1667865600000,0.0001
LINKUSDT,1667894400001,0.0000346
LINKUSDT,1667923200005,0.0001
LINKUSDT,1667952000000,-0.00019809
LINKUSDT,1667980800013,0.00006955
LINKUSDT,1668009600004,-0.00035979
LINKUSDT,1668038400006,-0.00023755
LINKUSDT,1668067200000,0.0000144
LINKUSDT,1668096000015,0.00003316
LINKUSDT,1668124800000,0.0001
LINKUSDT,1668153600015,0.0001
LINKUSDT,1668182400027,0.0001
LINKUSDT,1668211200007,0.0001
LINKUSDT,1668240000016,0.0001
LINKUSDT,1668268800000,0.0001
LINKUSDT,1668297600004,0.00002799
LINKUSDT,1668326400000,0.0001
LINKUSDT,1668355200017,0.0001
LINKUSDT,1668384000000,0.0001
LINKUSDT,1668412800000,-0.00000377
LINKUSDT,1668441600000,0.0001
LINKUSDT,1668470400014,0.0001
LINKUSDT,1668499200009,0.0001
LINKUSDT,1668528000010,0.00008633
LINKUSDT,1668556800011,0.0001
LINKUSDT,1668585600004,0.0000746
LINKUSDT,1668614400008,0.00004846
LINKUSDT,1668643200000,0.00006266
LINKUSDT,1668672000000,0.00004869
LINKUSDT,1668700800006,0.00007459
LINKUSDT,1668729600004,0.00009308
LINKUSDT,1668758400016,0.0001
LINKUSDT,1668787200000,0.00004193
LINKUSDT,1668816000000,0.00001905
LINKUSDT,1668844800004,0.00004269
LINKUSDT,1668873600024,0.00000773
LINKUSDT,1668902400015,0.0001
LINKUSDT,1668931200004,0.00003618
LINKUSDT,1668960000000,-0.00000696
LINKUSDT,1668988800006,-0.00012073
LINKUSDT,1669017600015,0.00004864
LINKUSDT,1669046400000,0.0001
LINKUSDT,1669075200000,0.0001
LINKUSDT,1669104000000,0.0001
LINKUSDT,1669132800000,0.0001
LINKUSDT,1669161600000,0.0001
LINKUSDT,1669190400011,0.00006985
LINKUSDT,1669219200014,0.0001
LINKUSDT,1669248000007,0.0001
LINKUSDT,1669276800014,0.00002561
LINKUSDT,1669305600013,0.0001
LINKUSDT,1669334400004,0.0001
LINKUSDT,1669363200015,0.0001
LINKUSDT,1669392000000,0.00007077
LINKUSDT,1669420800011,0.0001
LINKUSDT,1669449600000,0.00000474
LINKUSDT,1669478400000,0.00008937
LINKUSDT,1669507200012,0.00007993
LINKUSDT,1669536000000,0.0001
LINKUSDT,1669564800003,0.00005567
LINKUSDT,1669593600015,0.00001782
LINKUSDT,1669622400004,-0.00001241
LINKUSDT,1669651200011,0.00008373
LINKUSDT,1669680000000,0.0001
LINKUSDT,1669708800015,0.00008191
LINKUSDT,1669737600000,0.0001
LINKUSDT,1669766400007,0.00000571
LINKUSDT,1669795200000,0.00000164
LINKUSDT,1669824000015,0.00007388
LINKUSDT,1669852800001,-0.00001216
LINKUSDT,1669881600006,0.00002477
LINKUSDT,1669910400000,0.00009597
LINKUSDT,1669939200001,0.0001
LINKUSDT,1669968000016,0.00004986
LINKUSDT,1669996800017,0.00005004
LINKUSDT,1670025600006,0.00003454
LINKUSDT,1670054400000,0.00004937
LINKUSDT,1670083200011,0.0001
LINKUSDT,1670112000006,0.00008324
LINKUSDT,1670140800000,-0.00005624
LINKUSDT,1670169600006,0.00006551
LINKUSDT,1670198400002,-0.00007886
LINKUSDT,1670227200011,-0.0000079
LINKUSDT,1670256000008,0.0001
LINKUSDT,1670284800014,0.00008491
LINKUSDT,1670313600027,0.0001
LINKUSDT,1670342400009,0.00004139
LINKUSDT,1670371200000,-0.00007182
LINKUSDT,1670400000000,-0.00005502
LINKUSDT,1670428800000,-0.00008627
LINKUSDT,1670457600006,-0.00010789
LINKUSDT,1670486400000,0.0000297
LINKUSDT,1670515200014,0.00007424
LINKUSDT,1670544000017,-0.0000087
LINKUSDT,1670572800005,-0.00014823
LINKUSDT,1670601600000,0.00002289
LINKUSDT,1670630400009,0.00002154
LINKUSDT,1670659200010,0.0001
LINKUSDT,1670688000001,0.00002179
LINKUSDT,1670716800011,0.00009457
LINKUSDT,1670745600007,0.00003653
LINKUSDT,1670774400011,0.00008065
LINKUSDT,1670803200000,-0.00004574
LINKUSDT,1670832000004,-0.00004722
LINKUSDT,1670860800000,-0.00000902
LINKUSDT,1670889600000,-0.00001961
LINKUSDT,1670918400018,0.00009369
LINKUSDT,1670947200011,0.0001
LINKUSDT,1670976000010,0.0001
LINKUSDT,1671004800015,0.0001
LINKUSDT,1671033600004,0.0001
LINKUSDT,1671062400000,0.0001
LINKUSDT,1671091200023,0.0001
LINKUSDT,1671120000010,0.0001
LINKUSDT,1671148800016,0.00006641
LINKUSDT,1671177600011,0.0001
LINKUSDT,1671206400001,0.0001
LINKUSDT,1671235200001,0.00008516
LINKUSDT,1671264000011,0.00002757
LINKUSDT,1671292800011,0.0001
LINKUSDT,1671321600008,0.00003887
LINKUSDT,1671350400001,0.00001612
LINKUSDT,1671379200012,0.0001
LINKUSDT,1671408000000,0.0001
LINKUSDT,1671436800000,0.00004379
LINKUSDT,1671465600000,0.0001
LINKUSDT,1671494400005,0.0001
LINKUSDT,1671523200016,0.00005357
LINKUSDT,1671552000000,0.00007644
LINKUSDT,1671580800007,0.0001
LINKUSDT,1671609600012,0.00008867
LINKUSDT,1671638400017,0.0000754
LINKUSDT,1671667200004,0.0001
LINKUSDT,1671696000000,0.0001
LINKUSDT,1671724800001,0.0001
LINKUSDT,1671753600018,0.0001
LINKUSDT,1671782400000,0.00005169
LINKUSDT,1671811200000,0.0001
LINKUSDT,1671840000001,0.0001
LINKUSDT,1671868800007,0.00003678
LINKUSDT,1671897600008,-0.00005112
LINKUSDT,1671926400000,0.00006602
LINKUSDT,1671955200013,-0.00001298
LINKUSDT,1671984000000,0.00009801
LINKUSDT,1672012800001,0.0001
LINKUSDT,1672041600000,0.00008489
LINKUSDT,1672070400005,0.00005063
LINKUSDT,1672099200005,-0.00001419
LINKUSDT,1672128000010,0.0001
LINKUSDT,1672156800006,0.0001
LINKUSDT,1672185600010,0.00006809
LINKUSDT,1672214400010,0.00007389
LINKUSDT,1672243200010,0.00003348
LINKUSDT,1672272000011,0.0001
LINKUSDT,1672300800000,0.0001
LINKUSDT,1672329600008,0.00008538
LINKUSDT,1672358400000,-0.00003503
LINKUSDT,1672387200000,-0.00000469
LINKUSDT,1672416000000,0.0001
LINKUSDT,1672444800014,0.0001
LINKUSDT,1672473600000,0.00008236
LINKUSDT,1672502400000,0.0000248
LINKUSDT,1672531200000,0.0001
LINKUSDT,1672560000008,0.0001
LINKUSDT,1672588800000,0.0001
LINKUSDT,1672617600000,0.00000973
LINKUSDT,1672646400008,0.0001
LINKUSDT,1672675200015,0.00005553
LINKUSDT,1672704000003,0.0001
LINKUSDT,1672732800018,0.0001
LINKUSDT,1672761600000,0.00008211
LINKUSDT,1672790400000,0.00009992
LINKUSDT,1672819200016,0.0000149
LINKUSDT,1672848000011,0.00004744
LINKUSDT,1672876800009,0.0001
LINKUSDT,1672905600011,0.0001
LINKUSDT,1672934400000,0.0001
LINKUSDT,1672963200005,0.0001
LINKUSDT,1672992000001,0.00004438
LINKUSDT,1673020800000,0.00004221
LINKUSDT,1673049600006,-0.00004486
LINKUSDT,1673078400017,0.0001
LINKUSDT,1673107200000,0.0001
LINKUSDT,1673136000015,0.0001
LINKUSDT,1673164800000,0.0001
LINKUSDT,1673193600010,0.0001
LINKUSDT,1673222400003,0.0001
LINKUSDT,1673251200000,0.0001
LINKUSDT,1673280000006,0.0001
LINKUSDT,1673308800003,0.0001
LINKUSDT,1673337600021,0.0001
LINKUSDT,1673366400000,0.0001
LINKUSDT,1673395200011,0.0001
LINKUSDT,1673424000006,0.0001
LINKUSDT,1673452800004,0.0001
LINKUSDT,1673481600000,0.0001
LINKUSDT,1673510400000,0.0001
LINKUSDT,1673539200000,0.0001
LINKUSDT,1673568000004,0.0001
LINKUSDT,1673596800000,0.0001
LINKUSDT,1673625600018,0.0001
LINKUSDT,1673654400000,0.0001
LINKUSDT,1673683200001,0.00033745
LINKUSDT,1673712000000,0.0001
LINKUSDT,1673740800010,0.0001
LINKUSDT,1673769600002,0.00015785
LINKUSDT,1673798400000,0.00010334
LINKUSDT,1673827200010,0.00024627
LINKUSDT,1673856000007,0.0001135
LINKUSDT,1673884800000,0.0001
LINKUSDT,1673913600004,0.0001
LINKUSDT,1673942400005,0.0001
LINKUSDT,1673971200001,0.0001
LINKUSDT,1674000000008,0.0001
LINKUSDT,1674028800009,0.0001
LINKUSDT,1674057600017,0.0001
LINKUSDT,1674086400000,0.0001
LINKUSDT,1674115200015,0.0001
LINKUSDT,1674144000012,0.0001
LINKUSDT,1674172800000,0.0001
LINKUSDT,1674201600000,0.0001
LINKUSDT,1674230400000,0.0001
LINKUSDT,1674259200013,0.0001
LINKUSDT,1674288000001,0.00019732
LINKUSDT,1674316800016,0.0001
LINKUSDT,1674345600000,0.0001
LINKUSDT,1674374400000,0.00015214
LINKUSDT,1674403200023,0.00014982
LINKUSDT,1674432000014,0.0001
LINKUSDT,1674460800014,0.0001
LINKUSDT,1674489600016,0.0001
LINKUSDT,1674518400008,0.0001
LINKUSDT,1674547200008,0.0001
LINKUSDT,1674576000000,0.0001
LINKUSDT,1674604800012,0.0001
LINKUSDT,1674633600000,0.0001
LINKUSDT,1674662400010,0.0001
LINKUSDT,1674691200010,0.0001
LINKUSDT,1674720000003,0.0001
LINKUSDT,1674748800020,0.0001
LINKUSDT,1674777600008,0.0001
LINKUSDT,1674806400000,0.0001
LINKUSDT,1674835200000,0.0001
LINKUSDT,1674864000009,0.0001
LINKUSDT,1674892800018,0.0001
LINKUSDT,1674921600005,0.0001
LINKUSDT,1674950400011,0.0001
LINKUSDT,1674979200000,0.0001
LINKUSDT,1675008000008,0.0001
LINKUSDT,1675036800001,0.0001
LINKUSDT,1675065600000,0.0001
LINKUSDT,1675094400000,0.0001
LINKUSDT,1675123200005,0.0001
LINKUSDT,1675152000000,0.0001
LINKUSDT,1675180800007,0.0001
LINKUSDT,1675209600013,0.0001
LINKUSDT,1675238400000,0.0001
LINKUSDT,1675267200012,0.0001
LINKUSDT,1675296000004,0.0001
LINKUSDT,1675324800023,0.00048855
LINKUSDT,1675353600003,0.00029604
LINKUSDT,1675382400010,0.00017034
LINKUSDT,1675411200000,0.0001
LINKUSDT,1675440000000,0.0001
LINKUSDT,1675468800010,0.00013497
LINKUSDT,1675497600000,0.0001
LINKUSDT,1675526400000,0.0001
LINKUSDT,1675555200016,0.0001
LINKUSDT,1675584000009,0.0001
LINKUSDT,1675612800018,0.0001
LINKUSDT,1675641600001,0.0001
LINKUSDT,1675670400000,0.0001
LINKUSDT,1675699200012,0.0001
LINKUSDT,1675728000004,0.0001
LINKUSDT,1675756800011,0.0001
LINKUSDT,1675785600018,0.0001
LINKUSDT,1675814400009,0.0001
LINKUSDT,1675843200010,0.0001
LINKUSDT,1675872000000,0.0001
LINKUSDT,1675900800014,0.0001
LINKUSDT,1675929600006,0.0001
LINKUSDT,1675958400001,0.0001
LINKUSDT,1675987200012,0.0001
LINKUSDT,1676016000005,0.0001
LINKUSDT,1676044800020,0.0001
LINKUSDT,1676073600007,0.0001
LINKUSDT,1676102400002,0.0001
LINKUSDT,1676131200021,0.0001
LINKUSDT,1676160000004,0.0001
LINKUSDT,1676188800000,0.0001
LINKUSDT,1676217600002,0.0001
LINKUSDT,1676246400006,-0.00005015
LINKUSDT,1676275200008,0.0001
LINKUSDT,1676304000002,0.0001
LINKUSDT,1676332800013,0.0001
LINKUSDT,1676361600014,0.0001
LINKUSDT,1676390400016,0.0001
LINKUSDT,1676419200011,0.0001
LINKUSDT,1676448000000,0.0001
LINKUSDT,1676476800005,0.0001
LINKUSDT,1676505600019,0.0001
LINKUSDT,1676534400000,0.0001
LINKUSDT,1676563200001,0.0001
LINKUSDT,1676592000003,0.0001
LINKUSDT,1676620800016,0.0001
LINKUSDT,1676649600000,0.0001
LINKUSDT,1676678400011,0.0001
LINKUSDT,1676707200000,0.0001
LINKUSDT,1676736000007,0.0001
LINKUSDT,1676764800019,0.00013227
LINKUSDT,1676793600005,0.0001
LINKUSDT,1676822400003,0.0001
LINKUSDT,1676851200006,0.00011246
LINKUSDT,1676880000008,0.0001
LINKUSDT,1676908800006,0.0001
LINKUSDT,1676937600001,0.0001
LINKUSDT,1676966400004,0.0001
LINKUSDT,1676995200011,0.0001
LINKUSDT,1677024000009,0.0001
LINKUSDT,1677052800010,0.0001
LINKUSDT,1677081600000,0.0001
LINKUSDT,1677110400006,0.0001
LINKUSDT,1677139200005,0.0001
LINKUSDT,1677168000002,0.0001
LINKUSDT,1677196800015,0.0001
LINKUSDT,1677225600011,0.0001
LINKUSDT,1677254400014,0.0001
LINKUSDT,1677283200015,0.0001
LINKUSDT,1677312000015,0.0001
LINKUSDT,1677340800015,0.0001
LINKUSDT,1677369600007,0.0001
LINKUSDT,1677398400012,0.0001
LINKUSDT,1677427200000,0.0001
LINKUSDT,1677456000011,0.00005988
LINKUSDT,1677484800003,0.0001
LINKUSDT,1677513600000,0.0001
LINKUSDT,1677542400011,0.00005051
LINKUSDT,1677571200018,0.0001
LINKUSDT,1677600000005,0.0001
LINKUSDT,1677628800016,0.0001
LINKUSDT,1677657600000,0.0001
LINKUSDT,1677686400008,0.0001
LINKUSDT,1677715200009,0.0001
LINKUSDT,1677744000013,0.0001
LINKUSDT,1677772800000,0.0001
LINKUSDT,1677801600000,0.0001
LINKUSDT,1677830400013,-0.00000153
LINKUSDT,1677859200000,0.00005894
LINKUSDT,1677888000001,0.0001
LINKUSDT,1677916800008,0.00001926
LINKUSDT,1677945600012,0.00001755
LINKUSDT,1677974400000,0.000082
LINKUSDT,1678003200000,0.0001
LINKUSDT,1678032000015,0.00004157
LINKUSDT,1678060800007,-0.00000816
LINKUSDT,1678089600017,0.0001
LINKUSDT,1678118400000,0.0000474
LINKUSDT,1678147200009,0.0000197
LINKUSDT,1678176000016,0.00007694
LINKUSDT,1678204800017,0.00002644
LINKUSDT,1678233600000,0.00008618
LINKUSDT,1678262400014,0.0001
LINKUSDT,1678291200021,0.0000649
LINKUSDT,1678320000010,0.00000064
LINKUSDT,1678348800013,0.0001
LINKUSDT,1678377600002,0.0001
LINKUSDT,1678406400000,-0.00012765
LINKUSDT,1678435200000,0.0001
LINKUSDT,1678464000005,0.0001
LINKUSDT,1678492800011,0.0001
LINKUSDT,1678521600003,0.0001
LINKUSDT,1678550400011,0.00007474
LINKUSDT,1678579200001,0.0001
LINKUSDT,1678608000000,0.0001
LINKUSDT,1678636800005,-0.00022898
LINKUSDT,1678665600010,-0.00008869
LINKUSDT,1678694400018,0.0001
LINKUSDT,1678723200003,0.00007515
LINKUSDT,1678752000010,0.0001
LINKUSDT,1678780800009,0.0001
LINKUSDT,1678809600010,0.0001
LINKUSDT,1678838400011,0.0001
LINKUSDT,1678867200000,0.0001
LINKUSDT,1678896000012,0.0001
LINKUSDT,1678924800004,0.0001
LINKUSDT,1678953600018,0.0001
LINKUSDT,1678982400005,0.0001
LINKUSDT,1679011200017,0.00003264
LINKUSDT,1679040000010,0.0001
LINKUSDT,1679068800003,0.0001
LINKUSDT,1679097600012,0.0001
LINKUSDT,1679126400000,0.0001
LINKUSDT,1679155200016,0.0001
LINKUSDT,1679184000013,0.0001
LINKUSDT,1679212800024,0.0001
LINKUSDT,1679241600000,0.0001
LINKUSDT,1679270400005,0.0001
LINKUSDT,1679299200012,0.0001
LINKUSDT,1679328000015,0.0001
LINKUSDT,1679356800006,0.00004759
LINKUSDT,1679385600004,-0.00001743
LINKUSDT,1679414400003,0.0001
LINKUSDT,1679443200000,0.0001
LINKUSDT,1679472000003,0.0001
LINKUSDT,1679500800000,0.0001
LINKUSDT,1679529600016,0.00007942
LINKUSDT,1679558400001,0.0001
LINKUSDT,1679587200013,0.0001
LINKUSDT,1679616000013,0.0001
LINKUSDT,1679644800012,0.0001
LINKUSDT,1679673600027,0.0001
LINKUSDT,1679702400015,0.0001
LINKUSDT,1679731200011,0.0001
LINKUSDT,1679760000011,0.0000437
LINKUSDT,1679788800000,0.00007005
LINKUSDT,1679817600015,0.00006402
LINKUSDT,1679846400000,0.00004028
LINKUSDT,1679875200019,0.0001
LINKUSDT,1679904000009,0.0001
LINKUSDT,1679932800000,0.00004454
LINKUSDT,1679961600007,0.00002289
LINKUSDT,1679990400000,0.00002894
LINKUSDT,1680019200013,0.00008052
LINKUSDT,1680048000010,0.0000059
LINKUSDT,1680076800006,0.00007953
LINKUSDT,1680105600014,0.0001
LINKUSDT,1680134400000,0.0001
LINKUSDT,1680163200000,0.0001
LINKUSDT,1680192000006,0.0001
LINKUSDT,1680220800003,0.00001417
LINKUSDT,1680249600006,0.0001
LINKUSDT,1680278400011,0.0001
LINKUSDT,1680307200000,0.0001
LINKUSDT,1680336000000,0.0001
LINKUSDT,1680364800018,0.0001
LINKUSDT,1680393600013,0.0001
LINKUSDT,1680422400014,0.0001
LINKUSDT,1680451200001,0.00009032
LINKUSDT,1680480000000,0.00002633
LINKUSDT,1680508800013,0.00003522
LINKUSDT,1680537600011,0.0001
LINKUSDT,1680566400002,0.0001
LINKUSDT,1680595200017,0.0001
LINKUSDT,1680624000008,0.0001
LINKUSDT,1680652800000,0.0001
LINKUSDT,1680681600016,0.0001
LINKUSDT,1680710400004,0.0001
LINKUSDT,1680739200000,0.000098
LINKUSDT,1680768000011,0.0001
LINKUSDT,1680796800000,0.0001
LINKUSDT,1680825600006,0.00000707
LINKUSDT,1680854400005,0.00005035
LINKUSDT,1680883200000,0.00004648
LINKUSDT,1680912000000,0.00008211
LINKUSDT,1680940800014,0.0001
LINKUSDT,1680969600018,0.00009004
LINKUSDT,1680998400013,0.00002365
LINKUSDT,1681027200024,0.00007751
LINKUSDT,1681056000010,0.00004735
LINKUSDT,1681084800000,0.0001
LINKUSDT,1681113600010,0.00009575
LINKUSDT,1681142400006,0.0001
LINKUSDT,1681171200008,0.0001
LINKUSDT,1681200000007,0.0001
LINKUSDT,1681228800016,0.0001
LINKUSDT,1681257600006,0.0001
LINKUSDT,1681286400008,0.00006667
LINKUSDT,1681315200014,0.0001
LINKUSDT,1681344000027,0.0001
LINKUSDT,1681372800010,0.0001
LINKUSDT,1681401600000,0.0001
LINKUSDT,1681430400001,0.0001
LINKUSDT,1681459200008,0.0001
LINKUSDT,1681488000007,0.0001
LINKUSDT,1681516800007,0.0001
LINKUSDT,1681545600007,0.0001
LINKUSDT,1681574400011,0.0001
LINKUSDT,1681603200014,0.0001
LINKUSDT,1681632000007,0.0001
LINKUSDT,1681660800002,0.0001
LINKUSDT,1681689600017,0.0001
LINKUSDT,1681718400006,0.00019308
LINKUSDT,1681747200000,0.0001
LINKUSDT,1681776000013,0.0001
LINKUSDT,1681804800017,0.0001
LINKUSDT,1681833600000,0.00022175
LINKUSDT,1681862400022,0.0001169
LINKUSDT,1681891200014,0.0001
LINKUSDT,1681920000000,0.0001
LINKUSDT,1681948800010,0.0001
LINKUSDT,1681977600012,0.0001
LINKUSDT,1682006400012,0.0001
LINKUSDT,1682035200009,0.0001
LINKUSDT,1682064000009,0.0001
LINKUSDT,1682092800003,0.0001
LINKUSDT,1682121600000,0.0001
LINKUSDT,1682150400000,0.0000092
LINKUSDT,1682179200016,0.00001321
LINKUSDT,1682208000009,-0.00001664
LINKUSDT,1682236800020,0.00008457
LINKUSDT,1682265600007,0.00008708
LINKUSDT,1682294400000,0.0001
LINKUSDT,1682323200008,0.0001
LINKUSDT,1682352000006,0.0001
LINKUSDT,1682380800014,0.0001
LINKUSDT,1682409600009,0.00003218
LINKUSDT,1682438400015,0.00008466
LINKUSDT,1682467200015,0.0001
LINKUSDT,1682496000013,0.00006064
LINKUSDT,1682524800001,0.0001
LINKUSDT,1682553600014,-0.00000214
LINKUSDT,1682582400008,0.00007834
LINKUSDT,1682611200005,0.0000317
LINKUSDT,1682640000011,0.0001
LINKUSDT,1682668800007,0.0001
LINKUSDT,1682697600006,0.00008835
LINKUSDT,1682726400004,0.0001
LINKUSDT,1682755200016,0.0001
LINKUSDT,1682784000001,0.0001
LINKUSDT,1682812800008,0.0001
LINKUSDT,1682841600000,0.00009839
LINKUSDT,1682870400010,0.00008103
LINKUSDT,1682899200004,0.00000178
LINKUSDT,1682928000008,0.00008647
LINKUSDT,1682956800014,0.00008992
LINKUSDT,1682985600015,0.00007364
LINKUSDT,1683014400018,0.00009735
LINKUSDT,1683043200000,0.0001
LINKUSDT,1683072000009,0.0001
LINKUSDT,1683100800003,0.0001
LINKUSDT,1683129600011,0.00005264
LINKUSDT,1683158400000,0.0001
LINKUSDT,1683187200000,0.0001
LINKUSDT,1683216000011,0.0001
LINKUSDT,1683244800002,0.0001
LINKUSDT,1683273600000,0.0001
LINKUSDT,1683302400000,0.0001
LINKUSDT,1683331200009,0.0001
LINKUSDT,1683360000000,0.0001
LINKUSDT,1683388800000,0.0001
LINKUSDT,1683417600000,0.00006551
LINKUSDT,1683446400000,0.00007642
LINKUSDT,1683475200006,0.00005849
LINKUSDT,1683504000000,0.0001
LINKUSDT,1683532800007,0.00005522
LINKUSDT,1683561600015,0.00008607
LINKUSDT,1683590400015,0.00001385
LINKUSDT,1683619200000,0.0000906
LINKUSDT,1683648000000,0.00003067
LINKUSDT,1683676800007,0.00004162
LINKUSDT,1683705600003,0.0001
LINKUSDT,1683734400000,0.00007041
LINKUSDT,1683763200011,0.0001
LINKUSDT,1683792000000,0.0001
LINKUSDT,1683820800005,0.00005291
LINKUSDT,1683849600020,0.00005952
LINKUSDT,1683878400001,0.00006635
LINKUSDT,1683907200010,0.00009637
LINKUSDT,1683936000000,0.00005983
LINKUSDT,1683964800000,0.00004126
LINKUSDT,1683993600026,0.00008601
LINKUSDT,1684022400029,0.00009971
LINKUSDT,1684051200010,0.00008023
LINKUSDT,1684080000008,0.00008505
LINKUSDT,1684108800006,0.00009258
LINKUSDT,1684137600005,0.00008751
LINKUSDT,1684166400008,0.00009172
LINKUSDT,1684195200021,0.00008627
LINKUSDT,1684224000000,0.0001
LINKUSDT,1684252800000,0.00006384
LINKUSDT,1684281600010,0.0001
LINKUSDT,1684310400000,0.00007929
LINKUSDT,1684339200001,0.0001
LINKUSDT,1684368000000,0.00007018
LINKUSDT,1684396800026,0.0001
LINKUSDT,1684425600019,0.00005255
LINKUSDT,1684454400000,0.00001524
LINKUSDT,1684483200002,0.00005671
LINKUSDT,1684512000000,0.00003412
LINKUSDT,1684540800005,0.0000555
LINKUSDT,1684569600014,0.00003724
LINKUSDT,1684598400020,0.0000299
LINKUSDT,1684627200014,-0.0000251
LINKUSDT,1684656000001,0.00004273
LINKUSDT,1684684800015,0.00008277
LINKUSDT,1684713600028,0.00005235
LINKUSDT,1684742400000,0.0001
LINKUSDT,1684771200012,0.0001
LINKUSDT,1684800000006,0.0001
LINKUSDT,1684828800014,0.0001
LINKUSDT,1684857600008,0.0001
LINKUSDT,1684886400000,0.0001
LINKUSDT,1684915200025,0.00007357
LINKUSDT,1684944000008,0.0001
LINKUSDT,1684972800000,0.00008093
LINKUSDT,1685001600025,0.0001
LINKUSDT,1685030400016,0.0001
LINKUSDT,1685059200000,0.0001
LINKUSDT,1685088000024,0.0001
LINKUSDT,1685116800012,0.0001
LINKUSDT,1685145600012,0.0001
LINKUSDT,1685174400018,0.0001
LINKUSDT,1685203200008,0.0001
LINKUSDT,1685232000017,0.0001
LINKUSDT,1685260800015,0.0001
LINKUSDT,1685289600000,0.0001
LINKUSDT,1685318400000,0.0001
LINKUSDT,1685347200020,0.0001
LINKUSDT,1685376000011,0.0001
LINKUSDT,1685404800003,0.0001
LINKUSDT,1685433600000,0.0001
LINKUSDT,1685462400003,0.0001
LINKUSDT,1685491200013,0.0001
LINKUSDT,1685520000000,0.0001
LINKUSDT,1685548800000,0.0001
LINKUSDT,1685577600008,0.00009138
LINKUSDT,1685606400012,0.0001
LINKUSDT,1685635200000,0.0001
LINKUSDT,1685664000000,0.0001
LINKUSDT,1685692800006,0.0001
LINKUSDT,1685721600012,0.0001
LINKUSDT,1685750400000,0.0001
LINKUSDT,1685779200011,0.0001
LINKUSDT,1685808000003,0.0001
LINKUSDT,1685836800000,0.0001
LINKUSDT,1685865600000,0.0001
LINKUSDT,1685894400000,0.0001
LINKUSDT,1685923200005,0.0001
LINKUSDT,1685952000000,0.0001
LINKUSDT,1685980800000,0.0001
LINKUSDT,1686009600000,-0.00000916
LINKUSDT,1686038400009,0.00003376
LINKUSDT,1686067200013,0.00008104
LINKUSDT,1686096000000,0.0001
LINKUSDT,1686124800016,0.0001
LINKUSDT,1686153600000,0.0001
LINKUSDT,1686182400006,0.00005633
LINKUSDT,1686211200000,0.00003093
LINKUSDT,1686240000000,0.0001
LINKUSDT,1686268800000,0.0001
LINKUSDT,1686297600000,0.0001
LINKUSDT,1686326400000,0.0001
LINKUSDT,1686355200000,0.0001
LINKUSDT,1686384000000,0.0001
LINKUSDT,1686412800000,-0.00012224
LINKUSDT,1686441600001,-0.00016804
LINKUSDT,1686470400000,-0.00007019
LINKUSDT,1686499200000,-0.00000054
LINKUSDT,1686528000000,0.00008313
LINKUSDT,1686556800000,0.00009565
LINKUSDT,1686585600001,0.00007455
LINKUSDT,1686614400000,0.0001
LINKUSDT,1686643200000,0.00004445
LINKUSDT,1686672000000,0.00003306
LINKUSDT,1686700800000,0.00004791
LINKUSDT,1686729600000,-0.00000373
LINKUSDT,1686758400000,0.0000277
LINKUSDT,1686787200000,0.00004364
LINKUSDT,1686816000000,0.00009629
LINKUSDT,1686844800000,0.00007413
LINKUSDT,1686873600000,0.00004685
LINKUSDT,1686902400000,0.00002478
LINKUSDT,1686931200000,-0.00002351
LINKUSDT,1686960000000,0.00009043
LINKUSDT,1686988800000,0.00005636
LINKUSDT,1687017600000,-0.00001964
LINKUSDT,1687046400000,-0.00004475
LINKUSDT,1687075200000,-0.0000273
LINKUSDT,1687104000000,-0.00003711
LINKUSDT,1687132800000,-0.00011781
LINKUSDT,1687161600000,-0.00007374
LINKUSDT,1687190400000,-0.00003492
LINKUSDT,1687219200001,-0.00011236
LINKUSDT,1687248000000,-0.00007104
LINKUSDT,1687276800000,-0.00006213
LINKUSDT,1687305600000,0.0001
LINKUSDT,1687334400000,0.0001
LINKUSDT,1687363200000,0.00007317
LINKUSDT,1687392000000,0.0001
LINKUSDT,1687420800001,0.0001
LINKUSDT,1687449600000,0.0001
LINKUSDT,1687478400000,0.0001
LINKUSDT,1687507200000,0.0001
LINKUSDT,1687536000000,0.0001
LINKUSDT,1687564800000,0.0001
LINKUSDT,1687593600000,0.0001
LINKUSDT,1687622400000,0.00009363
LINKUSDT,1687651200000,0.0001
LINKUSDT,1687680000000,0.00009628
LINKUSDT,1687708800000,0.0001
LINKUSDT,1687737600000,0.0001
LINKUSDT,1687766400000,0.0001
LINKUSDT,1687795200000,0.0001
LINKUSDT,1687824000000,0.0001
LINKUSDT,1687852800000,0.0001
LINKUSDT,1687881600000,0.00009227
LINKUSDT,1687910400000,0.0001
LINKUSDT,1687939200000,0.00009239
LINKUSDT,1687968000000,0.0001
LINKUSDT,1687996800000,0.0001
LINKUSDT,1688025600000,0.0001
LINKUSDT,1688054400000,0.0001
LINKUSDT,1688083200000,0.0001
LINKUSDT,1688112000000,0.0001
LINKUSDT,1688140800001,0.0001
LINKUSDT,1688169600000,0.0001
LINKUSDT,1688198400000,0.0001
LINKUSDT,1688227200000,0.0001
LINKUSDT,1688256000000,0.0001
LINKUSDT,1688284800000,0.0001
LINKUSDT,1688313600001,0.0001
LINKUSDT,1688342400000,0.0001
LINKUSDT,1688371200000,0.0001
LINKUSDT,1688400000000,0.0001
LINKUSDT,1688428800001,0.0001
LINKUSDT,1688457600000,0.0001
LINKUSDT,1688486400000,0.0001
LINKUSDT,1688515200000,0.0001
LINKUSDT,1688544000000,0.0001
LINKUSDT,1688572800000,0.0001
LINKUSDT,1688601600000,0.0001
LINKUSDT,1688630400000,0.0001
LINKUSDT,1688659200000,-0.00004787
LINKUSDT,1688688000000,0.00008488
LINKUSDT,1688716800000,0.00009509
LINKUSDT,1688745600000,0.00001884
LINKUSDT,1688774400000,0.00007667
LINKUSDT,1688803200000,0.00007076
LINKUSDT,1688832000000,-0.00000992
LINKUSDT,1688860800000,0.00006558
LINKUSDT,1688889600000,0.0001
LINKUSDT,1688918400000,0.0001
LINKUSDT,1688947200000,0.0001
LINKUSDT,1688976000000,0.00008328
LINKUSDT,1689004800000,0.00006845
LINKUSDT,1689033600000,0.0001
LINKUSDT,1689062400000,0.0001
LINKUSDT,1689091200000,0.00009896
LINKUSDT,1689120000000,0.0000304
LINKUSDT,1689148800000,0.0001
LINKUSDT,1689177600000,0.0001
LINKUSDT,1689206400000,-0.0000026
LINKUSDT,1689235200000,0.00009113
LINKUSDT,1689264000000,0.00003968
LINKUSDT,1689292800000,0.0001
LINKUSDT,1689321600000,0.0001
LINKUSDT,1689350400000,0.0001
LINKUSDT,1689379200000,0.0001
LINKUSDT,1689408000000,0.0001
LINKUSDT,1689436800000,0.0001
LINKUSDT,1689465600001,0.0001
LINKUSDT,1689494400000,0.00004259
LINKUSDT,1689523200000,-0.00000079
LINKUSDT,1689552000000,-0.0000982
LINKUSDT,1689580800000,0.00001666
LINKUSDT,1689609600000,0.0001
LINKUSDT,1689638400000,0.0001
LINKUSDT,1689667200000,0.0001
LINKUSDT,1689696000000,0.0001
LINKUSDT,1689724800000,0.0001
LINKUSDT,1689753600000,0.0001
LINKUSDT,1689782400001,0.0001
LINKUSDT,1689811200000,0.0001
LINKUSDT,1689840000000,0.0001
LINKUSDT,1689868800000,0.0001
LINKUSDT,1689897600001,0.0001
LINKUSDT,1689926400000,0.0001
LINKUSDT,1689955200000,0.0001
LINKUSDT,1689984000000,0.0001
LINKUSDT,1690012800000,0.0001
LINKUSDT,1690041600000,0.0001
LINKUSDT,1690070400000,0.0001
LINKUSDT,1690099200000,0.0001
LINKUSDT,1690128000000,0.0001
LINKUSDT,1690156800000,0.0001
LINKUSDT,1690185600000,0.0001
LINKUSDT,1690214400000,0.0001
LINKUSDT,1690243200000,0.00006815
LINKUSDT,1690272000000,0.00008495
LINKUSDT,1690300800000,0.0000337
LINKUSDT,1690329600000,0.00002285
LINKUSDT,1690358400001,0.00009567
LINKUSDT,1690387200000,0.00004129
LINKUSDT,1690416000000,0.00001807
LINKUSDT,1690444800000,0.00006429
LINKUSDT,1690473600001,0.00007758
LINKUSDT,1690502400000,0.00009668
LINKUSDT,1690531200000,0.00009535
LINKUSDT,1690560000000,0.00001765
LINKUSDT,1690588800000,0.00006909
LINKUSDT,1690617600000,0.00007339
LINKUSDT,1690646400001,0.00005349
LINKUSDT,1690675200000,0.00006076
LINKUSDT,1690704000000,0.0001
LINKUSDT,1690732800000,0.0001
LINKUSDT,1690761600000,0.0000496
LINKUSDT,1690790400000,0.00003803
LINKUSDT,1690819200001,0.00009368
LINKUSDT,1690848000000,0.00006223
LINKUSDT,1690876800000,0.0001
LINKUSDT,1690905600000,0.0001
LINKUSDT,1690934400000,0.0001
LINKUSDT,1690963200000,0.0001
LINKUSDT,1690992000000,0.0001
LINKUSDT,1691020800000,0.00008164
LINKUSDT,1691049600000,0.0001
LINKUSDT,1691078400001,0.0001
LINKUSDT,1691107200000,0.00008234
LINKUSDT,1691136000000,0.0001
LINKUSDT,1691164800000,0.0000632
LINKUSDT,1691193600000,0.00004297
LINKUSDT,1691222400000,0.00008565
LINKUSDT,1691251200001,0.0001
LINKUSDT,1691280000000,0.0000371
LINKUSDT,1691308800001,0.0001
LINKUSDT,1691337600005,0.0001
LINKUSDT,1691366400000,0.0001
LINKUSDT,1691395200000,0.0001
LINKUSDT,1691424000000,0.0001
LINKUSDT,1691452800000,0.0001
LINKUSDT,1691481600000,0.0001
LINKUSDT,1691510400000,0.0001
LINKUSDT,1691539200000,0.00005002
LINKUSDT,1691568000000,0.0001
LINKUSDT,1691596800000,0.0001
LINKUSDT,1691625600001,0.0001
LINKUSDT,1691654400000,0.0001
LINKUSDT,1691683200000,0.0001
LINKUSDT,1691712000000,0.0001
LINKUSDT,1691740800000,0.0001
LINKUSDT,1691769600000,0.0001
LINKUSDT,1691798400000,0.0001
LINKUSDT,1691827200000,0.0001
LINKUSDT,1691856000000,0.0001
LINKUSDT,1691884800000,0.0001
LINKUSDT,1691913600000,0.0001
LINKUSDT,1691942400000,0.0001
LINKUSDT,1691971200001,0.0001
LINKUSDT,1692000000000,0.0001
LINKUSDT,1692028800000,0.0001
LINKUSDT,1692057600001,0.0001
LINKUSDT,1692086400000,0.0001
LINKUSDT,1692115200000,0.0001
LINKUSDT,1692144000000,-0.00004156
LINKUSDT,1692172800001,0.0001
LINKUSDT,1692201600000,0.00007885
LINKUSDT,1692230400000,0.00005298
LINKUSDT,1692259200000,0.0001
LINKUSDT,1692288000000,0.0001
LINKUSDT,1692316800000,-0.00020626
LINKUSDT,1692345600000,0.00004052
LINKUSDT,1692374400000,0.0001
LINKUSDT,1692403200000,0.00008255
LINKUSDT,1692432000000,0.0001
LINKUSDT,1692460800000,0.0001
LINKUSDT,1692489600000,0.00005645
LINKUSDT,1692518400000,0.00005316
LINKUSDT,1692547200000,0.00000725
LINKUSDT,1692576000000,0.00001505
LINKUSDT,1692604800000,0.00008169
LINKUSDT,1692633600000,0.00005001
LINKUSDT,1692662400000,0.0001
LINKUSDT,1692691200000,0.00008069
LINKUSDT,1692720000000,0.0001
LINKUSDT,1692748800000,0.0000728
LINKUSDT,1692777600000,0.00003891
LINKUSDT,1692806400000,0.00005765
LINKUSDT,1692835200000,0.0001
LINKUSDT,1692864000000,0.00001921
LINKUSDT,1692892800000,0.00005877
LINKUSDT,1692921600000,-0.0000064
LINKUSDT,1692950400000,0.00001058
LINKUSDT,1692979200000,0.00001931
LINKUSDT,1693008000000,0.00003479
LINKUSDT,1693036800000,0.00003341
LINKUSDT,1693065600000,0.00003078
LINKUSDT,1693094400000,0.00003763
LINKUSDT,1693123200000,0.00006919
LINKUSDT,1693152000000,-0.00000457
LINKUSDT,1693180800000,0.00008749
LINKUSDT,1693209600001,-0.00000689
LINKUSDT,1693238400001,0.00009706
LINKUSDT,1693267200000,0.00009334
LINKUSDT,1693296000000,0.00000523
LINKUSDT,1693324800000,-0.00029605
LINKUSDT,1693353600000,0.0001
LINKUSDT,1693382400000,0.0001
LINKUSDT,1693411200000,-0.00005278
LINKUSDT,1693440000000,-0.00006874
LINKUSDT,1693468800000,-0.00009728
LINKUSDT,1693497600000,0.00002363
LINKUSDT,1693526400000,0.00000924
LINKUSDT,1693555200000,-0.00004084
LINKUSDT,1693584000001,-0.00002305
LINKUSDT,1693612800000,0.00002001
LINKUSDT,1693641600000,-0.00003814
LINKUSDT,1693670400000,0.00000014
LINKUSDT,1693699200000,-0.00006363
LINKUSDT,1693728000000,-0.00002763
LINKUSDT,1693756800000,-0.00000313
LINKUSDT,1693785600000,-0.00001993
LINKUSDT,1693814400000,0.00003479
LINKUSDT,1693843200000,0.00002195
LINKUSDT,1693872000000,0.00001823
LINKUSDT,1693900800000,-0.00000912
LINKUSDT,1693929600000,0.0001
LINKUSDT,1693958400000,0.0000391
LINKUSDT,1693987200000,-0.00000617
LINKUSDT,1694016000001,0.00005722
LINKUSDT,1694044800000,0.00005107
LINKUSDT,1694073600000,0.00001255
LINKUSDT,1694102400000,0.00006522
LINKUSDT,1694131200000,0.00002141
LINKUSDT,1694160000000,0.00005552
LINKUSDT,1694188800000,-0.0000314
LINKUSDT,1694217600000,0.00002319
LINKUSDT,1694246400000,0.00005083
LINKUSDT,1694275200000,0.0000238
LINKUSDT,1694304000000,0.00002407
LINKUSDT,1694332800000,0.00006148
LINKUSDT,1694361600000,0.0001
LINKUSDT,1694390400000,0.0000278
LINKUSDT,1694419200000,0.00002958
LINKUSDT,1694448000001,-0.00009063
LINKUSDT,1694476800000,-0.00009025
LINKUSDT,1694505600000,0.00001019
LINKUSDT,1694534400000,0.00000993
LINKUSDT,1694563200000,-0.00001954
LINKUSDT,1694592000000,0.00009007
LINKUSDT,1694620800000,0.00006777
LINKUSDT,1694649600000,-0.00006385
LINKUSDT,1694678400001,0.0000181
LINKUSDT,1694707200000,-0.00000713
LINKUSDT,1694736000000,0.00000823
LINKUSDT,1694764800000,0.0001
LINKUSDT,1694793600000,0.0001
LINKUSDT,1694822400000,0.00007417
LINKUSDT,1694851200000,0.0001
LINKUSDT,1694880000000,0.0000926
LINKUSDT,1694908800000,0.00002626
LINKUSDT,1694937600000,0.00008305
LINKUSDT,1694966400000,0.00009057
LINKUSDT,1694995200000,0.00006982
LINKUSDT,1695024000000,0.00008285
LINKUSDT,1695052800000,0.00009865
LINKUSDT,1695081600000,0.00005592
LINKUSDT,1695110400001,0.00001228
LINKUSDT,1695139200000,-0.00002476
LINKUSDT,1695168000000,0.00003319
LINKUSDT,1695196800000,0.0001
LINKUSDT,1695225600000,0.0001
LINKUSDT,1695254400001,0.00004106
LINKUSDT,1695283200000,0.00006569
LINKUSDT,1695312000000,0.0001
LINKUSDT,1695340800000,0.0001
LINKUSDT,1695369600000,0.0001
LINKUSDT,1695398400000,0.00005901
LINKUSDT,1695427200000,0.00004724
LINKUSDT,1695456000000,0.00002521
LINKUSDT,1695484800000,0.00004245
LINKUSDT,1695513600000,0.00000157
LINKUSDT,1695542400000,0.00005559
LINKUSDT,1695571200000,0.00003883
LINKUSDT,1695600000000,0.0000824
LINKUSDT,1695628800000,0.00007953
LINKUSDT,1695657600000,0.00003671
LINKUSDT,1695686400000,0.00005305
LINKUSDT,1695715200000,0.00004007
LINKUSDT,1695744000000,0.0001
LINKUSDT,1695772800000,0.00007966
LINKUSDT,1695801600001,0.0001
LINKUSDT,1695830400000,0.00005646
LINKUSDT,1695859200000,0.00000089
LINKUSDT,1695888000000,0.00005538
LINKUSDT,1695916800000,0.00006846
LINKUSDT,1695945600000,0.00002251
LINKUSDT,1695974400000,0.00004227
LINKUSDT,1696003200000,-0.00001563
LINKUSDT,1696032000000,0.00004827
LINKUSDT,1696060800000,0.00002192
LINKUSDT,1696089600000,0.00005045
LINKUSDT,1696118400000,-0.00001655
LINKUSDT,1696147200000,-0.00002344
LINKUSDT,1696176000000,0.00006287
LINKUSDT,1696204800000,0.0001
LINKUSDT,1696233600000,0.00000483
LINKUSDT,1696262400000,-0.00007058
LINKUSDT,1696291200000,0.0000392
LINKUSDT,1696320000000,-0.00007536
LINKUSDT,1696348800000,-0.00001191
LINKUSDT,1696377600000,-0.00002011
LINKUSDT,1696406400000,0.00002196
LINKUSDT,1696435200000,0.00002845
LINKUSDT,1696464000000,-0.00005274
LINKUSDT,1696492800000,0.00004567
LINKUSDT,1696521600001,0.00000898
LINKUSDT,1696550400000,0.00003791
LINKUSDT,1696579200000,-0.00004389
LINKUSDT,1696608000000,0.00003937
LINKUSDT,1696636800000,0.0001
LINKUSDT,1696665600000,0.0001
LINKUSDT,1696694400000,0.00009177
LINKUSDT,1696723200000,0.0000872
LINKUSDT,1696752000001,0.00004972
LINKUSDT,1696780800000,0.0001
LINKUSDT,1696809600000,0.0001
LINKUSDT,1696838400000,0.00003748
LINKUSDT,1696867200000,0.00006835
LINKUSDT,1696896000000,0.00005274
LINKUSDT,1696924800000,0.00007096
LINKUSDT,1696953600000,0.00005728
LINKUSDT,1696982400000,0.0001
LINKUSDT,1697011200000,0.0001
LINKUSDT,1697040000000,0.0001
LINKUSDT,1697068800000,0.0000934
LINKUSDT,1697097600000,0.0000914
LINKUSDT,1697126400000,0.00009893
LINKUSDT,1697155200000,0.00005663
LINKUSDT,1697184000000,-0.00000904
LINKUSDT,1697212800000,0.00008928
LINKUSDT,1697241600000,0.00008379
LINKUSDT,1697270400000,0.00004796
LINKUSDT,1697299200000,-0.00000044
LINKUSDT,1697328000000,-0.00000486
LINKUSDT,1697356800000,0.00003851
LINKUSDT,1697385600000,0.00005688
LINKUSDT,1697414400000,-0.00001897
LINKUSDT,1697443200000,0.00004342
LINKUSDT,1697472000000,-0.00000418
LINKUSDT,1697500800000,0.0001
LINKUSDT,1697529600000,0.00007213
LINKUSDT,1697558400000,0.00005611
LINKUSDT,1697587200000,0.0001
LINKUSDT,1697616000000,0.00000604
LINKUSDT,1697644800000,0.00006178
LINKUSDT,1697673600000,0.0001
LINKUSDT,1697702400001,0.0001
LINKUSDT,1697731200000,0.00005553
LINKUSDT,1697760000000,0.00004012
LINKUSDT,1697788800005,0.0001
LINKUSDT,1697817600000,0.0001
LINKUSDT,1697846400000,0.0001
LINKUSDT,1697875200000,0.0001
LINKUSDT,1697904000000,0.0001
LINKUSDT,1697932800000,0.0001
LINKUSDT,1697961600000,0.00007354
LINKUSDT,1697990400000,0.00009242
LINKUSDT,1698019200000,0.00003223
LINKUSDT,1698048000001,0.0001
LINKUSDT,1698076800001,0.0001
LINKUSDT,1698105600000,0.0001
LINKUSDT,1698134400000,0.0001
LINKUSDT,1698163200000,0.0001
LINKUSDT,1698192000000,0.0001
LINKUSDT,1698220800000,0.0001
LINKUSDT,1698249600001,0.0001
LINKUSDT,1698278400001,0.0001
LINKUSDT,1698307200000,0.0001
LINKUSDT,1698336000000,0.0001
LINKUSDT,1698364800000,0.0001
LINKUSDT,1698393600000,0.0001
LINKUSDT,1698422400000,0.0001
LINKUSDT,1698451200000,0.0001
LINKUSDT,1698480000001,0.0001
LINKUSDT,1698508800000,0.0001
LINKUSDT,1698537600000,0.0001
LINKUSDT,1698566400000,0.0001
LINKUSDT,1698595200000,0.0001
LINKUSDT,1698624000000,0.0001
LINKUSDT,1698652800000,0.0001
LINKUSDT,1698681600000,0.0001
LINKUSDT,1698710400001,0.0001
LINKUSDT,1698739200000,0.0001
LINKUSDT,1698768000000,0.0001
LINKUSDT,1698796800000,0.0001
LINKUSDT,1698825600000,0.0001
LINKUSDT,1698854400000,0.0001
LINKUSDT,1698883200001,0.00021821
LINKUSDT,1698912000000,0.00029049
LINKUSDT,1698940800000,0.0001
LINKUSDT,1698969600000,0.0001
LINKUSDT,1698998400000,0.0001
LINKUSDT,1699027200000,0.00019644
LINKUSDT,1699056000000,0.00033283
LINKUSDT,1699084800000,0.00013235
LINKUSDT,1699113600000,0.0001
LINKUSDT,1699142400000,0.0002278
LINKUSDT,1699171200000,0.00040894
LINKUSDT,1699200000000,0.0001409
LINKUSDT,1699228800000,0.0001
LINKUSDT,1699257600001,0.0001
LINKUSDT,1699286400000,0.00010935
LINKUSDT,1699315200001,0.00013504
LINKUSDT,1699344000000,0.0001
LINKUSDT,1699372800000,0.00012642
LINKUSDT,1699401600000,0.0001
LINKUSDT,1699430400000,0.0001
LINKUSDT,1699459200000,0.0001
LINKUSDT,1699488000000,0.0001
LINKUSDT,1699516800000,0.00024246
LINKUSDT,1699545600000,0.00057792
LINKUSDT,1699574400000,0.0001
LINKUSDT,1699603200000,0.00030563
LINKUSDT,1699632000000,0.0001
LINKUSDT,1699660800000,0.0001
LINKUSDT,1699689600000,0.0001
LINKUSDT,1699718400000,0.0004444
LINKUSDT,1699747200000,0.00032417
LINKUSDT,1699776000000,0.0001
LINKUSDT,1699804800001,0.0001
LINKUSDT,1699833600000,0.00023487
LINKUSDT,1699862400000,0.0001
LINKUSDT,1699891200000,0.00016252
LINKUSDT,1699920000000,0.0001
LINKUSDT,1699948800000,0.00014851
LINKUSDT,1699977600001,0.0001
LINKUSDT,1700006400000,0.0001
LINKUSDT,1700035200000,0.0001
LINKUSDT,1700064000000,0.0001
LINKUSDT,1700092800000,0.0001
LINKUSDT,1700121600000,0.0001
LINKUSDT,1700150400001,0.0001
LINKUSDT,1700179200000,0.0001
LINKUSDT,1700208000001,0.0001
LINKUSDT,1700236800001,0.0001
LINKUSDT,1700265600000,0.0001
LINKUSDT,1700294400000,0.0001
LINKUSDT,1700323200000,0.0001
LINKUSDT,1700352000000,0.0001
LINKUSDT,1700380800000,0.0001
LINKUSDT,1700409600000,0.0001
LINKUSDT,1700438400000,0.0001
LINKUSDT,1700467200000,0.0001
LINKUSDT,1700496000000,0.0001
LINKUSDT,1700524800000,0.0001
LINKUSDT,1700553600000,0.0001
LINKUSDT,1700582400000,0.0001
LINKUSDT,1700611200000,0.0001
LINKUSDT,1700640000000,0.0001
LINKUSDT,1700668800000,0.0001
LINKUSDT,1700697600000,0.0001
LINKUSDT,1700726400000,0.0001
LINKUSDT,1700755200001,0.0001
LINKUSDT,1700784000000,0.0001
LINKUSDT,1700812800000,0.0001
LINKUSDT,1700841600000,0.0001
LINKUSDT,1700870400000,0.0001
LINKUSDT,1700899200000,0.0001
LINKUSDT,1700928000000,0.0001
LINKUSDT,1700956800000,0.0001
LINKUSDT,1700985600000,0.0001
LINKUSDT,1701014400000,0.0001
LINKUSDT,1701043200000,0.0001
LINKUSDT,1701072000001,0.0001
LINKUSDT,1701100800000,0.0001
LINKUSDT,1701129600000,0.0001
LINKUSDT,1701158400000,0.0001
LINKUSDT,1701187200000,0.0001
LINKUSDT,1701216000001,0.0001
LINKUSDT,1701244800000,0.0001
LINKUSDT,1701273600000,0.0001
LINKUSDT,1701302400000,0.0001
LINKUSDT,1701331200000,0.0001
LINKUSDT,1701360000000,0.0001
LINKUSDT,1701388800000,0.0001
LINKUSDT,1701417600000,0.0001
LINKUSDT,1701446400000,0.0001
LINKUSDT,1701475200000,0.0001
LINKUSDT,1701504000000,0.0001
LINKUSDT,1701532800000,0.0001
LINKUSDT,1701561600000,0.0001
LINKUSDT,1701590400000,0.0001
LINKUSDT,1701619200000,0.00013766
LINKUSDT,1701648000000,0.00010808
LINKUSDT,1701676800000,0.00029262
LINKUSDT,1701705600000,0.0001
LINKUSDT,1701734400000,0.00011712
LINKUSDT,1701763200000,0.0001
LINKUSDT,1701792000000,0.0001
LINKUSDT,1701820800000,0.0001
LINKUSDT,1701849600000,0.000137
LINKUSDT,1701878400000,0.0001
LINKUSDT,1701907200000,0.0001
LINKUSDT,1701936000000,0.0001
LINKUSDT,1701964800000,0.00018521
LINKUSDT,1701993600000,0.00038281
LINKUSDT,1702022400000,0.00054322
LINKUSDT,1702051200000,0.00043833
LINKUSDT,1702080000000,0.00040806
LINKUSDT,1702108800000,0.00047657
LINKUSDT,1702137600000,0.00042807
LINKUSDT,1702166400000,0.00024941
LINKUSDT,1702195200000,0.00024711
LINKUSDT,1702224000000,0.00019701
LINKUSDT,1702252800000,0.00024333
LINKUSDT,1702281600000,0.0001
LINKUSDT,1702310400000,0.0001
LINKUSDT,1702339200000,0.0001
LINKUSDT,1702368000000,0.0001
LINKUSDT,1702396800000,0.0001
LINKUSDT,1702425600000,0.0001
LINKUSDT,1702454400000,0.0001
LINKUSDT,1702483200001,0.0001
LINKUSDT,1702512000000,0.0001
LINKUSDT,1702540800000,0.0001
LINKUSDT,1702569600000,0.0001
LINKUSDT,1702598400000,0.0001
LINKUSDT,1702627200000,0.0001
LINKUSDT,1702656000000,0.00012234
LINKUSDT,1702684800000,0.0001
LINKUSDT,1702713600000,0.0001
LINKUSDT,1702742400001,0.0001
LINKUSDT,1702771200000,0.0001
LINKUSDT,1702800000000,0.0001
LINKUSDT,1702828800000,0.0001
LINKUSDT,1702857600000,0.0001
LINKUSDT,1702886400001,0.0001
LINKUSDT,1702915200000,0.0001
LINKUSDT,1702944000000,0.0001
LINKUSDT,1702972800000,0.0001
LINKUSDT,1703001600000,0.0001
LINKUSDT,1703030400000,0.0001
LINKUSDT,1703059200000,0.0001
LINKUSDT,1703088000000,0.0001
LINKUSDT,1703116800000,0.00016182
LINKUSDT,1703145600000,0.00020519
LINKUSDT,1703174400000,0.00039847
LINKUSDT,1703203200000,0.00045853
LINKUSDT,1703232000000,0.00047872
LINKUSDT,1703260800000,0.00044026
LINKUSDT,1703289600000,0.00040965
LINKUSDT,1703318400001,0.00023011
LINKUSDT,1703347200000,0.00038547
LINKUSDT,1703376000000,0.0003243
LINKUSDT,1703404800000,0.00035209
LINKUSDT,1703433600000,0.00046108
LINKUSDT,1703462400000,0.00034247
LINKUSDT,1703491200000,0.00042373
LINKUSDT,1703520000000,0.00045188
LINKUSDT,1703548800000,0.00049933
LINKUSDT,1703577600000,0.0004184
LINKUSDT,1703606400000,0.00045465
LINKUSDT,1703635200000,0.00024362
LINKUSDT,1703664000000,0.00029307
LINKUSDT,1703692800000,0.00052871
LINKUSDT,1703721600000,0.0006168
LINKUSDT,1703750400000,0.00083724
LINKUSDT,1703779200000,0.00064058
LINKUSDT,1703808000001,0.00058537
LINKUSDT,1703836800000,0.00048344
LINKUSDT,1703865600000,0.00035203
LINKUSDT,1703894400001,0.0001576
LINKUSDT,1703923200000,0.00012981
LINKUSDT,1703952000000,0.0001
LINKUSDT,1703980800000,0.0001
LINKUSDT,1704009600001,0.00013326
LINKUSDT,1704038400000,0.0001
LINKUSDT,1704067200000,0.0001
LINKUSDT,1704096000000,0.0001
LINKUSDT,1704124800000,0.00013179
LINKUSDT,1704153600000,0.00024136
LINKUSDT,1704182400000,0.00021628
LINKUSDT,1704211200000,0.00047081
LINKUSDT,1704240000000,0.00014299
LINKUSDT,1704268800000,0.0001975
LINKUSDT,1704297600000,0.0001
LINKUSDT,1704326400000,0.0001
LINKUSDT,1704355200000,0.0001
LINKUSDT,1704384000000,0.0001
LINKUSDT,1704412800001,0.0001
LINKUSDT,1704441600000,0.0001
LINKUSDT,1704470400000,0.0001
LINKUSDT,1704499200000,0.0001
LINKUSDT,1704528000000,0.0001
LINKUSDT,1704556800000,0.0001
LINKUSDT,1704585600000,0.0001
LINKUSDT,1704614400001,0.0001
LINKUSDT,1704643200001,0.0001
LINKUSDT,1704672000000,0.0001
LINKUSDT,1704700800000,0.0001
LINKUSDT,1704729600000,0.00009796
LINKUSDT,1704758400001,0.0001
LINKUSDT,1704787200000,0.0001
LINKUSDT,1704816000000,0.0001
LINKUSDT,1704844800000,0.0001
LINKUSDT,1704873600000,0.0001
LINKUSDT,1704902400000,0.0001
LINKUSDT,1704931200000,0.0001
LINKUSDT,1704960000000,0.0001
LINKUSDT,1704988800000,0.0001
LINKUSDT,1705017600001,0.0001
LINKUSDT,1705046400000,0.0001
LINKUSDT,1705075200000,0.0001
LINKUSDT,1705104000000,0.0001
LINKUSDT,1705132800000,0.0001
LINKUSDT,1705161600001,0.0001
LINKUSDT,1705190400000,0.0001
LINKUSDT,1705219200000,0.0001
LINKUSDT,1705248000001,0.0001
LINKUSDT,1705276800000,0.0001
LINKUSDT,1705305600000,0.0001
LINKUSDT,1705334400000,0.0001
LINKUSDT,1705363200000,0.0001
LINKUSDT,1705392000000,0.0001
LINKUSDT,1705420800001,0.0001
LINKUSDT,1705449600000,0.0001
LINKUSDT,1705478400000,0.0001
LINKUSDT,1705507200000,0.0001
LINKUSDT,1705536000001,0.0001
LINKUSDT,1705564800000,0.0001
LINKUSDT,1705593600000,0.0001
LINKUSDT,1705622400000,0.0001
LINKUSDT,1705651200000,0.0001
LINKUSDT,1705680000002,0.0001
LINKUSDT,1705708800000,0.0001
LINKUSDT,1705737600003,0.0001
LINKUSDT,1705766400000,0.0001
LINKUSDT,1705795200000,0.0001
LINKUSDT,1705824000000,0.0001
LINKUSDT,1705852800000,0.0001
LINKUSDT,1705881600000,0.0001
LINKUSDT,1705910400000,0.0001
LINKUSDT,1705939200000,0.0001
LINKUSDT,1705968000000,0.0001
LINKUSDT,1705996800000,0.0001
LINKUSDT,1706025600000,0.0001
LINKUSDT,1706054400000,0.0001
LINKUSDT,1706083200000,0.0001
LINKUSDT,1706112000000,0.0001
LINKUSDT,1706140800000,0.0001
LINKUSDT,1706169600001,0.0001
LINKUSDT,1706198400000,0.0001
LINKUSDT,1706227200001,0.0001
LINKUSDT,1706256000000,0.0001
LINKUSDT,1706284800000,0.00006805
LINKUSDT,1706313600000,0.00008132
LINKUSDT,1706342400000,0.0001
LINKUSDT,1706371200000,0.0001
LINKUSDT,1706400000000,0.0001
LINKUSDT,1706428800000,0.0001
LINKUSDT,1706457600000,0.0001
LINKUSDT,1706486400000,0.0001
LINKUSDT,1706515200001,0.0001
LINKUSDT,1706544000000,0.0001
LINKUSDT,1706572800000,0.0001
LINKUSDT,1706601600000,0.0001
LINKUSDT,1706630400001,0.0001
LINKUSDT,1706659200000,0.0001
LINKUSDT,1706688000000,0.0001
LINKUSDT,1706716800000,0.0001
LINKUSDT,1706745600000,0.0001
LINKUSDT,1706774400000,0.0001
LINKUSDT,1706803200002,0.0001
LINKUSDT,1706832000000,0.0001
LINKUSDT,1706860800000,0.0001
LINKUSDT,1706889600000,0.0001
LINKUSDT,1706918400000,0.0001
LINKUSDT,1706947200000,0.0001
LINKUSDT,1706976000001,0.0001
LINKUSDT,1707004800000,0.0001
LINKUSDT,1707033600004,0.0001
LINKUSDT,1707062400000,0.0001
LINKUSDT,1707091200000,0.0001
LINKUSDT,1707120000000,0.0001
LINKUSDT,1707148800000,0.0001
LINKUSDT,1707177600000,0.0001
LINKUSDT,1707206400001,0.0001
LINKUSDT,1707235200000,0.0001
LINKUSDT,1707264000000,0.0001
LINKUSDT,1707292800000,0.0001
LINKUSDT,1707321600000,0.0001
LINKUSDT,1707350400000,0.0001
LINKUSDT,1707379200000,0.0001
LINKUSDT,1707408000000,0.0001
LINKUSDT,1707436800000,0.00005744
LINKUSDT,1707465600000,0.0001
LINKUSDT,1707494400001,0.00004817
LINKUSDT,1707523200001,0.0001
LINKUSDT,1707552000000,0.0001
LINKUSDT,1707580800000,0.0001
LINKUSDT,1707609600000,0.0001
LINKUSDT,1707638400001,0.0001
LINKUSDT,1707667200000,0.0001
LINKUSDT,1707696000000,0.0001
LINKUSDT,1707724800000,0.0001
LINKUSDT,1707753600000,0.0001
LINKUSDT,1707782400000,0.0001
LINKUSDT,1707811200000,0.0001
LINKUSDT,1707840000000,0.0001
LINKUSDT,1707868800000,0.0001
LINKUSDT,1707897600000,0.0001
LINKUSDT,1707926400000,0.0001
LINKUSDT,1707955200000,0.0002227
LINKUSDT,1707984000000,0.0001275
LINKUSDT,1708012800000,0.00010732
LINKUSDT,1708041600000,0.00021343
LINKUSDT,1708070400000,0.00028567
LINKUSDT,1708099200000,0.0001
LINKUSDT,1708128000000,0.0001
LINKUSDT,1708156800000,0.00014321
LINKUSDT,1708185600000,0.00026741
LINKUSDT,1708214400000,0.0003548
LINKUSDT,1708243200000,0.0002743
LINKUSDT,1708272000000,0.00020366
LINKUSDT,1708300800000,0.00027295
LINKUSDT,1708329600000,0.00017152
LINKUSDT,1708358400000,0.00010649
LINKUSDT,1708387200000,0.0003952
LINKUSDT,1708416000000,0.00020102
LINKUSDT,1708444800000,0.00018125
LINKUSDT,1708473600000,0.0001
LINKUSDT,1708502400000,0.00013704
LINKUSDT,1708531200000,0.0001
LINKUSDT,1708560000001,0.0001
LINKUSDT,1708588800001,0.0001
LINKUSDT,1708617600000,0.00018452
LINKUSDT,1708646400000,0.00020525
LINKUSDT,1708675200000,0.00014688
LINKUSDT,1708704000000,0.00019892
LINKUSDT,1708732800000,0.00017336
LINKUSDT,1708761600001,0.00016278
LINKUSDT,1708790400000,0.00019616
LINKUSDT,1708819200001,0.0001
LINKUSDT,1708848000000,0.00013077
LINKUSDT,1708876800000,0.00016188
LINKUSDT,1708905600000,0.00029822
LINKUSDT,1708934400000,0.000347
LINKUSDT,1708963200000,0.00030342
LINKUSDT,1708992000000,0.00033174
LINKUSDT,1709020800000,0.00040864
LINKUSDT,1709049600000,0.00030504
LINKUSDT,1709078400000,0.00045682
LINKUSDT,1709107200000,0.00030207
LINKUSDT,1709136000000,0.00059708
LINKUSDT,1709164800000,0.0004166
LINKUSDT,1709193600000,0.00072343
LINKUSDT,1709222400000,0.00090209
LINKUSDT,1709251200000,0.00056071
LINKUSDT,1709280000000,0.00067071
LINKUSDT,1709308800000,0.00064191
LINKUSDT,1709337600000,0.00078524
LINKUSDT,1709366400001,0.00115808
LINKUSDT,1709395200000,0.00080749
LINKUSDT,1709424000000,0.00075577
LINKUSDT,1709452800000,0.0007536
LINKUSDT,1709481600000,0.00043557
LINKUSDT,1709510400000,0.00045789
LINKUSDT,1709539200000,0.00066742
LINKUSDT,1709568000000,0.00058698
LINKUSDT,1709596800000,0.00062363
LINKUSDT,1709625600000,0.00113774
LINKUSDT,1709654400000,0.00094055
LINKUSDT,1709683200000,0.0001
LINKUSDT,1709712000001,0.00018481
LINKUSDT,1709740800000,0.00029771
LINKUSDT,1709769600000,0.00041028
LINKUSDT,1709798400000,0.00039622
LINKUSDT,1709827200000,0.00049775
LINKUSDT,1709856000000,0.00060329
LINKUSDT,1709884800000,0.00045078
LINKUSDT,1709913600000,0.00050496
LINKUSDT,1709942400000,0.00048574
LINKUSDT,1709971200001,0.0005657
LINKUSDT,1710000000000,0.00070776
LINKUSDT,1710028800000,0.0006546
LINKUSDT,1710057600000,0.00071003
LINKUSDT,1710086400000,0.00051191
LINKUSDT,1710115200000,0.00054045
LINKUSDT,1710144000000,0.0005895
LINKUSDT,1710172800000,0.00061057
LINKUSDT,1710201600000,0.00073398
LINKUSDT,1710230400000,0.00053656
LINKUSDT,1710259200000,0.00050268
LINKUSDT,1710288000000,0.00055627
LINKUSDT,1710316800001,0.00063661
LINKUSDT,1710345600000,0.00066723
LINKUSDT,1710374400001,0.00054089
LINKUSDT,1710403200000,0.00071315
LINKUSDT,1710432000000,0.00059186
LINKUSDT,1710460800000,0.00060662
LINKUSDT,1710489600000,0.00013865
LINKUSDT,1710518400000,0.00013121
LINKUSDT,1710547200000,0.00011057
LINKUSDT,1710576000000,0.0002314
LINKUSDT,1710604800000,0.0001
LINKUSDT,1710633600000,0.0001
LINKUSDT,1710662400000,0.0001
LINKUSDT,1710691200000,0.0001
LINKUSDT,1710720000000,0.0001
LINKUSDT,1710748800000,0.0001
LINKUSDT,1710777600001,0.00015777
LINKUSDT,1710806400000,0.00025832
LINKUSDT,1710835200000,0.0001
LINKUSDT,1710864000001,0.0001
LINKUSDT,1710892800000,0.00014295
LINKUSDT,1710921600004,0.00013153
LINKUSDT,1710950400000,0.0001
LINKUSDT,1710979200000,0.00012233
LINKUSDT,1711008000000,0.00017268
LINKUSDT,1711036800000,0.00011851
LINKUSDT,1711065600000,0.00028912
LINKUSDT,1711094400000,0.00019689
LINKUSDT,1711123200000,0.0001
LINKUSDT,1711152000000,0.00014459
LINKUSDT,1711180800000,0.00014142
LINKUSDT,1711209600000,0.00015628
LINKUSDT,1711238400000,0.0001704
LINKUSDT,1711267200000,0.0001634
LINKUSDT,1711296000000,0.00016951
LINKUSDT,1711324800000,0.00013279
LINKUSDT,1711353600001,0.00018385
LINKUSDT,1711382400000,0.0001233
LINKUSDT,1711411200000,0.00034975
LINKUSDT,1711440000000,0.00027683
LINKUSDT,1711468800000,0.00040943
LINKUSDT,1711497600000,0.00045082
LINKUSDT,1711526400001,0.00039963
LINKUSDT,1711555200000,0.00031307
LINKUSDT,1711584000000,0.00035645
LINKUSDT,1711612800000,0.00039733
LINKUSDT,1711641600000,0.00033479
LINKUSDT,1711670400000,0.00041597
LINKUSDT,1711699200000,0.00030227
LINKUSDT,1711728000000,0.00033343
LINKUSDT,1711756800000,0.0003728
LINKUSDT,1711785600000,0.00042803
LINKUSDT,1711814400000,0.0004075
LINKUSDT,1711843200000,0.00039285
LINKUSDT,1711872000000,0.00046671
LINKUSDT,1711900800001,0.00046206
LINKUSDT,1711929600000,0.00052227
LINKUSDT,1711958400000,0.00035634
LINKUSDT,1711987200000,0.00013827
LINKUSDT,1712016000007,0.00014822
LINKUSDT,1712044800015,0.0001
LINKUSDT,1712073600000,0.0001
LINKUSDT,1712102400000,0.0001
LINKUSDT,1712131200000,0.0001
LINKUSDT,1712160000000,0.0001
LINKUSDT,1712188800000,0.0001
LINKUSDT,1712217600000,0.0001
LINKUSDT,1712246400000,0.0001
LINKUSDT,1712275200000,0.0001
LINKUSDT,1712304000000,0.0001
LINKUSDT,1712332800000,0.0001
LINKUSDT,1712361600000,0.0001
LINKUSDT,1712390400000,0.0001
LINKUSDT,1712419200000,0.0001
LINKUSDT,1712448000000,0.0001
LINKUSDT,1712476800000,0.0001
LINKUSDT,1712505600000,0.0001
LINKUSDT,1712534400001,0.0001
LINKUSDT,1712563200000,0.0001
LINKUSDT,1712592000006,0.00025202
LINKUSDT,1712620800000,0.00022846
LINKUSDT,1712649600001,0.0001368
LINKUSDT,1712678400001,0.00010575
LINKUSDT,1712707200000,0.00016484
LINKUSDT,1712736000001,0.00011462
LINKUSDT,1712764800000,0.00011311
LINKUSDT,1712793600000,0.0001
LINKUSDT,1712822400000,0.00010348
LINKUSDT,1712851200000,0.00015068
LINKUSDT,1712880000000,0.00017145
LINKUSDT,1712908800001,0.00019974
LINKUSDT,1712937600000,0.00014135
LINKUSDT,1712966400000,0.0001
LINKUSDT,1712995200000,0.0001
LINKUSDT,1713024000001,0.0001
LINKUSDT,1713052800000,-0.00004755
LINKUSDT,1713081600000,0.00004699
LINKUSDT,1713110400000,0.0001
LINKUSDT,1713139200000,-0.00004633
LINKUSDT,1713168000001,0.00009823
LINKUSDT,1713196800000,0.0001
LINKUSDT,1713225600001,0.0001
LINKUSDT,1713254400000,0.00007569
LINKUSDT,1713283200000,0.00003544
LINKUSDT,1713312000000,-0.00005777
LINKUSDT,1713340800000,-0.00003363
LINKUSDT,1713369600000,0.000062
LINKUSDT,1713398400000,0.0001
LINKUSDT,1713427200000,0.0001
LINKUSDT,1713456000000,-0.00002628
LINKUSDT,1713484800001,-0.00006728
LINKUSDT,1713513600000,0.0001
LINKUSDT,1713542400000,0.0000978
LINKUSDT,1713571200000,0.00005201
LINKUSDT,1713600000000,0.00007136
LINKUSDT,1713628800000,-0.00005471
LINKUSDT,1713657600000,0.0001
LINKUSDT,1713686400000,-0.00001564
LINKUSDT,1713715200000,-0.00001698
LINKUSDT,1713744000000,-0.00001686
LINKUSDT,1713772800000,0.0001
LINKUSDT,1713801600000,0.00004475
LINKUSDT,1713830400000,-0.00012941
LINKUSDT,1713859200000,0.00009733
LINKUSDT,1713888000001,0.0001
LINKUSDT,1713916800000,0.00002285
LINKUSDT,1713945600000,0.00002244
LINKUSDT,1713974400000,0.0001
LINKUSDT,1714003200000,0.0001
LINKUSDT,1714032000000,-0.00003806
LINKUSDT,1714060800010,0.0001
LINKUSDT,1714089600001,0.0000677
LINKUSDT,1714118400000,0.00003428
LINKUSDT,1714147200000,0.00005441
LINKUSDT,1714176000000,0.0001
LINKUSDT,1714204800001,0.00006115
LINKUSDT,1714233600000,-0.00000298
LINKUSDT,1714262400000,-0.00006018
LINKUSDT,1714291200000,-0.00005291
LINKUSDT,1714320000000,-0.0000961
LINKUSDT,1714348800000,-0.00003474
LINKUSDT,1714377600000,-0.00005768
LINKUSDT,1714406400000,0.00008101
LINKUSDT,1714435200000,0.00002214
LINKUSDT,1714464000000,0.0000555
LINKUSDT,1714492800000,0.00000327
LINKUSDT,1714521600000,-0.00000127
LINKUSDT,1714550400000,0.00007303
LINKUSDT,1714579200000,0.0001
LINKUSDT,1714608000000,0.00008563
LINKUSDT,1714636800000,0.0001
LINKUSDT,1714665600002,0.0001
LINKUSDT,1714694400000,0.0001
LINKUSDT,1714723200000,0.00008216
LINKUSDT,1714752000000,0.00008708
LINKUSDT,1714780800000,0.00004226
LINKUSDT,1714809600000,-0.00000368
LINKUSDT,1714838400000,0.00003341
LINKUSDT,1714867200000,0.00004601
LINKUSDT,1714896000000,0.0001
LINKUSDT,1714924800000,0.00006235
LINKUSDT,1714953600000,0.0001
LINKUSDT,1714982400000,0.0001
LINKUSDT,1715011200000,0.0001
LINKUSDT,1715040000000,0.0001
LINKUSDT,1715068800000,0.0001
LINKUSDT,1715097600000,0.0001
LINKUSDT,1715126400000,0.0001
LINKUSDT,1715155200000,0.0001
LINKUSDT,1715184000000,0.0001
LINKUSDT,1715212800000,0.0001
LINKUSDT,1715241600000,0.0001
LINKUSDT,1715270400000,0.0001
LINKUSDT,1715299200000,0.00006912
LINKUSDT,1715328000000,0.00006335
LINKUSDT,1715356800000,0.0001
LINKUSDT,1715385600000,-0.00008389
LINKUSDT,1715414400000,-0.00001935
LINKUSDT,1715443200000,0.00005454
LINKUSDT,1715472000000,0.00007071
LINKUSDT,1715500800000,-0.00000263
LINKUSDT,1715529600000,0.0000258
LINKUSDT,1715558400001,0.00005427
LINKUSDT,1715587200001,0.00008993
LINKUSDT,1715616000000,0.00002244
LINKUSDT,1715644800000,0.00008867
LINKUSDT,1715673600000,-0.00001533
LINKUSDT,1715702400000,0.0001
LINKUSDT,1715731200000,-0.00011551
LINKUSDT,1715760000000,-0.00006929
LINKUSDT,1715788800000,0.00007888
LINKUSDT,1715817600004,0.0001
LINKUSDT,1715846400000,0.0001
LINKUSDT,1715875200000,0.0001
LINKUSDT,1715904000000,0.0001
LINKUSDT,1715932800000,0.0001
LINKUSDT,1715961600000,0.0001
LINKUSDT,1715990400000,0.0001
LINKUSDT,1716019200000,0.0001
LINKUSDT,1716048000000,0.0001
LINKUSDT,1716076800000,0.0001
LINKUSDT,1716105600000,0.0001
LINKUSDT,1716134400000,0.0001
LINKUSDT,1716163200000,0.0001
LINKUSDT,1716192000000,0.0001
LINKUSDT,1716220800003,0.00005386
LINKUSDT,1716249600000,0.0001
LINKUSDT,1716278400001,0.0001
LINKUSDT,1716307200000,0.0001
LINKUSDT,1716336000000,0.0001
LINKUSDT,1716364800000,0.0001
LINKUSDT,1716393600000,0.0001
LINKUSDT,1716422400000,0.0001
LINKUSDT,1716451200000,0.0001
LINKUSDT,1716480000000,0.0001
LINKUSDT,1716508800000,0.0001
LINKUSDT,1716537600000,0.0001
LINKUSDT,1716566400000,0.0001
LINKUSDT,1716595200000,0.0001
LINKUSDT,1716624000000,0.0001
LINKUSDT,1716652800000,0.0001
LINKUSDT,1716681600000,0.0001
LINKUSDT,1716710400000,0.0001
LINKUSDT,1716739200000,0.0001
LINKUSDT,1716768000000,0.0001
LINKUSDT,1716796800000,0.0001
LINKUSDT,1716825600000,0.0001
LINKUSDT,1716854400000,0.00034976
LINKUSDT,1716883200000,0.0001
LINKUSDT,1716912000000,0.0001
LINKUSDT,1716940800001,0.0001476
LINKUSDT,1716969600000,0.00011588
LINKUSDT,1716998400000,0.00011289
LINKUSDT,1717027200000,0.0001
LINKUSDT,1717056000000,0.0001
LINKUSDT,1717084800000,0.0001
LINKUSDT,1717113600000,0.0001
LINKUSDT,1717142400000,0.0001
LINKUSDT,1717171200000,0.0001
LINKUSDT,1717200000000,0.00017168
LINKUSDT,1717228800000,0.0001
LINKUSDT,1717257600001,0.0001
LINKUSDT,1717286400000,0.00017751
LINKUSDT,1717315200000,0.00017453
LINKUSDT,1717344000000,0.00011936
LINKUSDT,1717372800000,0.00010202
LINKUSDT,1717401600000,0.0001
LINKUSDT,1717430400000,0.0001
LINKUSDT,1717459200000,0.0001
LINKUSDT,1717488000000,0.0001
LINKUSDT,1717516800000,0.0001
LINKUSDT,1717545600000,0.0001
LINKUSDT,1717574400000,0.0001
LINKUSDT,1717603200000,0.0001
LINKUSDT,1717632000000,0.0001
LINKUSDT,1717660800008,0.0001
LINKUSDT,1717689600000,0.00010312
LINKUSDT,1717718400000,0.00010801
LINKUSDT,1717747200000,0.00014187
LINKUSDT,1717776000000,0.0001999
LINKUSDT,1717804800000,0.0001
LINKUSDT,1717833600000,0.0001
LINKUSDT,1717862400000,0.0001
LINKUSDT,1717891200000,0.0001
LINKUSDT,1717920000000,0.0001
LINKUSDT,1717948800001,0.0001
LINKUSDT,1717977600000,0.0001
LINKUSDT,1718006400000,0.0001
LINKUSDT,1718035200001,0.0001
LINKUSDT,1718064000001,0.0001
LINKUSDT,1718092800000,0.0001
LINKUSDT,1718121600000,0.0001
LINKUSDT,1718150400000,0.0001
LINKUSDT,1718179200000,0.0001
LINKUSDT,1718208000000,0.0001
LINKUSDT,1718236800000,0.0001
LINKUSDT,1718265600001,0.0001
LINKUSDT,1718294400000,0.0001
LINKUSDT,1718323200000,0.0001
LINKUSDT,1718352000000,0.0001
LINKUSDT,1718380800000,0.0001
LINKUSDT,1718409600000,0.0001
LINKUSDT,1718438400000,0.0001
LINKUSDT,1718467200000,0.0001
LINKUSDT,1718496000001,0.0001
LINKUSDT,1718524800000,0.00004067
LINKUSDT,1718553600000,-0.00005715
LINKUSDT,1718582400000,0.00007239
LINKUSDT,1718611200000,0.00005616
LINKUSDT,1718640000000,0.00008543
LINKUSDT,1718668800000,-0.00003633
LINKUSDT,1718697600000,-0.00005506
LINKUSDT,1718726400000,0.00000876
LINKUSDT,1718755200001,-0.00006092
LINKUSDT,1718784000001,-0.00001729
LINKUSDT,1718812800000,0.0001
LINKUSDT,1718841600000,0.0001
LINKUSDT,1718870400000,0.00007189
LINKUSDT,1718899200000,0.0001
LINKUSDT,1718928000000,0.0001
LINKUSDT,1718956800000,0.00008657
LINKUSDT,1718985600000,0.0001
LINKUSDT,1719014400000,0.00009081
LINKUSDT,1719043200000,0.00005283
LINKUSDT,1719072000000,-0.00004808
LINKUSDT,1719100800000,0.00002496
LINKUSDT,1719129600000,-0.00007364
LINKUSDT,1719158400000,-0.00004437
LINKUSDT,1719187200002,0.0001
LINKUSDT,1719216000000,0.00009804
LINKUSDT,1719244800000,0.00006465
LINKUSDT,1719273600000,0.0001
LINKUSDT,1719302400000,0.0001
LINKUSDT,1719331200000,0.0001
LINKUSDT,1719360000002,0.00005788
LINKUSDT,1719388800000,0.0001
LINKUSDT,1719417600000,0.0001
LINKUSDT,1719446400000,0.0001
LINKUSDT,1719475200001,0.0001
LINKUSDT,1719504000000,0.0001
LINKUSDT,1719532800000,0.0001
LINKUSDT,1719561600000,0.0001
LINKUSDT,1719590400000,0.0001
LINKUSDT,1719619200001,0.0001
LINKUSDT,1719648000000,0.0001
LINKUSDT,1719676800000,0.0001
LINKUSDT,1719705600000,0.00009145
LINKUSDT,1719734400000,0.00006588
LINKUSDT,1719763200000,0.00004761
LINKUSDT,1719792000000,0.0001
LINKUSDT,1719820800000,0.0001
LINKUSDT,1719849600001,0.0001
LINKUSDT,1719878400000,0.0001
LINKUSDT,1719907200000,0.0001
LINKUSDT,1719936000000,0.0001
LINKUSDT,1719964800000,0.0001
LINKUSDT,1719993600001,0.0001
LINKUSDT,1720022400000,0.0001
LINKUSDT,1720051200000,0.0001
LINKUSDT,1720080000000,0.00009493
LINKUSDT,1720108800000,0.00003575
LINKUSDT,1720137600000,0.00005365
LINKUSDT,1720166400000,-0.00016167
LINKUSDT,1720195200000,-0.00001445
LINKUSDT,1720224000000,0.0000601
LINKUSDT,1720252800000,0.00005442
LINKUSDT,1720281600000,0.00003164
LINKUSDT,1720310400001,0.0001
LINKUSDT,1720339200000,0.0001
LINKUSDT,1720368000000,0.00004965
LINKUSDT,1720396800000,0.00008701
LINKUSDT,1720425600000,0.00004641
LINKUSDT,1720454400000,0.0001
LINKUSDT,1720483200000,0.0001
LINKUSDT,1720512000001,0.00001826
LINKUSDT,1720540800000,0.00009205
LINKUSDT,1720569600000,0.0000319
LINKUSDT,1720598400000,-0.00002711
LINKUSDT,1720627200000,0.0000214
LINKUSDT,1720656000002,0.0001
LINKUSDT,1720684800002,0.0001
LINKUSDT,1720713600004,0.0001
LINKUSDT,1720742400000,0.00006927
LINKUSDT,1720771200000,0.0001
LINKUSDT,1720800000000,0.00009291
LINKUSDT,1720828800000,0.0001
LINKUSDT,1720857600000,0.0001
LINKUSDT,1720886400000,0.0001
LINKUSDT,1720915200000,0.0001
LINKUSDT,1720944000000,0.00003879
LINKUSDT,1720972800000,0.00008757
LINKUSDT,1721001600000,0.00007954
LINKUSDT,1721030400000,0.00008571
LINKUSDT,1721059200000,0.0001
LINKUSDT,1721088000000,0.0001
LINKUSDT,1721116800000,0.0001
LINKUSDT,1721145600000,0.0001
LINKUSDT,1721174400000,0.0001
LINKUSDT,1721203200001,0.00007526
LINKUSDT,1721232000000,0.00009929
LINKUSDT,1721260800000,0.0001
LINKUSDT,1721289600000,0.00005358
LINKUSDT,1721318400000,0.00008931
LINKUSDT,1721347200000,0.00009054
LINKUSDT,1721376000000,0.00008811
LINKUSDT,1721404800000,0.00002996
LINKUSDT,1721433600001,0.0001
LINKUSDT,1721462400000,0.0001
LINKUSDT,1721491200000,0.00007701
LINKUSDT,1721520000000,0.00008328
LINKUSDT,1721548800000,0.00007001
LINKUSDT,1721577600000,0.00006468
LINKUSDT,1721606400000,0.00008392
LINKUSDT,1721635200000,-0.00000039
LINKUSDT,1721664000000,0.0000337
LINKUSDT,1721692800000,-0.00001748
LINKUSDT,1721721600000,0.00002072
LINKUSDT,1721750400000,-0.00000051
LINKUSDT,1721779200000,0.00006488
LINKUSDT,1721808000000,0.0001
LINKUSDT,1721836800000,0.00006097
LINKUSDT,1721865600000,0.00003092
LINKUSDT,1721894400000,0.00003026
LINKUSDT,1721923200000,0.00000363
LINKUSDT,1721952000000,-0.00007745
LINKUSDT,1721980800000,0.00006796
LINKUSDT,1722009600000,0.00002126
LINKUSDT,1722038400000,0.00004333
LINKUSDT,1722067200000,0.00008482
LINKUSDT,1722096000000,0.00006753
LINKUSDT,1722124800000,0.00006125
LINKUSDT,1722153600000,0.00008408
LINKUSDT,1722182400001,-0.00001534
LINKUSDT,1722211200001,0.00008932
LINKUSDT,1722240000000,0.00007443
LINKUSDT,1722268800001,0.00006401
LINKUSDT,1722297600000,0.00005742
LINKUSDT,1722326400001,0.0001
LINKUSDT,1722355200000,0.00009832
LINKUSDT,1722384000000,-0.0000484
LINKUSDT,1722412800000,0.00004445
LINKUSDT,1722441600000,0.00000433
LINKUSDT,1722470400000,-0.00000539
LINKUSDT,1722499200000,-0.00005403
LINKUSDT,1722528000000,0.00001646
LINKUSDT,1722556800000,0.00004463
LINKUSDT,1722585600001,0.00003108
LINKUSDT,1722614400000,-0.0000172
LINKUSDT,1722643200000,0.00006277
LINKUSDT,1722672000000,0.0000079
LINKUSDT,1722700800001,-0.0000481
LINKUSDT,1722729600000,0.00003038
LINKUSDT,1722758400000,0.00003751
LINKUSDT,1722787200000,-0.00005069
LINKUSDT,1722816000000,0.00001549
LINKUSDT,1722844800000,-0.0000406
LINKUSDT,1722873600000,-0.00010624
LINKUSDT,1722902400000,-0.00016918
LINKUSDT,1722931200000,-0.00016338
LINKUSDT,1722960000000,-0.00016308
LINKUSDT,1722988800000,0.00000223
LINKUSDT,1723017600001,-0.0000239
LINKUSDT,1723046400000,0.0000433
LINKUSDT,1723075200001,0.00003118
LINKUSDT,1723104000000,-0.00004963
LINKUSDT,1723132800000,-0.00001695
LINKUSDT,1723161600000,-0.00003834
LINKUSDT,1723190400000,-0.00009314
LINKUSDT,1723219200000,-0.0000603
LINKUSDT,1723248000000,-0.00017992
LINKUSDT,1723276800000,-0.00008206
LINKUSDT,1723305600000,-0.00008014
LINKUSDT,1723334400000,-0.0001875
LINKUSDT,1723363200000,-0.00027333
LINKUSDT,1723392000001,-0.00024857
LINKUSDT,1723420800000,-0.00013024
LINKUSDT,1723449600000,-0.00009457
LINKUSDT,1723478400000,0.00004522
LINKUSDT,1723507200000,0.00005683
LINKUSDT,1723536000000,0.00000446
LINKUSDT,1723564800000,-0.00016638
LINKUSDT,1723593600000,0.00006578
LINKUSDT,1723622400000,0.00002531
LINKUSDT,1723651200000,-0.00004925
LINKUSDT,1723680000000,0.00006981
LINKUSDT,1723708800000,0.0001
LINKUSDT,1723737600000,0.00005201
LINKUSDT,1723766400000,-0.00015777
LINKUSDT,1723795200000,0.00003816
LINKUSDT,1723824000000,-0.00006732
LINKUSDT,1723852800000,0.00005341
LINKUSDT,1723881600000,0.00006171
LINKUSDT,1723910400000,-0.00004331
LINKUSDT,1723939200000,-0.00005079
LINKUSDT,1723968000000,-0.00010327
LINKUSDT,1723996800000,-0.00000807
LINKUSDT,1724025600000,0.00000856
LINKUSDT,1724054400000,-0.00012275
LINKUSDT,1724083200002,-0.00001501
LINKUSDT,1724112000000,0.00002083
LINKUSDT,1724140800000,0.0001
LINKUSDT,1724169600001,0.00003935
LINKUSDT,1724198400001,0.0000554
LINKUSDT,1724227200000,0.00007491
LINKUSDT,1724256000001,0.0000916
LINKUSDT,1724284800000,0.0001
LINKUSDT,1724313600000,0.00001454
LINKUSDT,1724342400008,0.00001124
LINKUSDT,1724371200000,0.0001
LINKUSDT,1724400000000,0.00003082
LINKUSDT,1724428800000,0.00009585
LINKUSDT,1724457600000,0.00005219
LINKUSDT,1724486400005,0.00004646
LINKUSDT,1724515200000,0.0001
LINKUSDT,1724544000000,0.0001
LINKUSDT,1724572800000,0.0000649
LINKUSDT,1724601600000,0.0001
LINKUSDT,1724630400000,0.0001
LINKUSDT,1724659200001,0.0001
LINKUSDT,1724688000000,0.00004792
LINKUSDT,1724716800001,0.00007086
LINKUSDT,1724745600000,0.00002879
LINKUSDT,1724774400000,0.0001
LINKUSDT,1724803200000,-0.00009169
LINKUSDT,1724832000000,0.00000048
LINKUSDT,1724860800001,0.00003668
LINKUSDT,1724889600000,-0.00002345
LINKUSDT,1724918400001,-0.00002635
LINKUSDT,1724947200000,0.00003426
LINKUSDT,1724976000000,0.00005621
LINKUSDT,1725004800000,0.0001
LINKUSDT,1725033600000,-0.00011681
LINKUSDT,1725062400000,0.00008921
LINKUSDT,1725091200000,0.00009551
LINKUSDT,1725120000000,0.00007725
LINKUSDT,1725148800000,0.00007907
LINKUSDT,1725177600001,0.00005667
LINKUSDT,1725206400000,0.00000399
LINKUSDT,1725235200001,-0.0000362
LINKUSDT,1725264000001,-0.00007255
LINKUSDT,1725292800000,0.00000627
LINKUSDT,1725321600000,0.00002356
LINKUSDT,1725350400001,0.00001738
LINKUSDT,1725379200000,-0.00004389
LINKUSDT,1725408000000,-0.00006017
LINKUSDT,1725436800000,0.0000276
LINKUSDT,1725465600000,0.00000823
LINKUSDT,1725494400000,-0.00001735
LINKUSDT,1725523200000,-0.00000201
LINKUSDT,1725552000005,0.00000627
LINKUSDT,1725580800000,-0.00001204
LINKUSDT,1725609600001,0.00000063
LINKUSDT,1725638400000,-0.00001308
LINKUSDT,1725667200000,-0.00011819
LINKUSDT,1725696000000,-0.00002749
LINKUSDT,1725724800000,0.00005932
LINKUSDT,1725753600000,0.00009464
LINKUSDT,1725782400000,0.0001
LINKUSDT,1725811200000,0.00004392
LINKUSDT,1725840000000,0.00001271
LINKUSDT,1725868800000,0.00004537
LINKUSDT,1725897600001,0.00003555
LINKUSDT,1725926400000,0.0001
LINKUSDT,1725955200000,-0.00006511
LINKUSDT,1725984000000,-0.00001625
LINKUSDT,1726012800000,0.0001
LINKUSDT,1726041600000,0.00004076
LINKUSDT,1726070400000,0.00003121
LINKUSDT,1726099200000,0.00008523
LINKUSDT,1726128000000,0.00004588
LINKUSDT,1726156800000,0.0000676
LINKUSDT,1726185600000,0.0001
LINKUSDT,1726214400001,0.00009186
LINKUSDT,1726243200001,0.0001
LINKUSDT,1726272000000,0.0001
LINKUSDT,1726300800000,0.0001
LINKUSDT,1726329600001,0.0001
LINKUSDT,1726358400000,0.0001
LINKUSDT,1726387200000,0.0001
LINKUSDT,1726416000000,0.00008209
LINKUSDT,1726444800000,0.00007984
LINKUSDT,1726473600001,0.00004604
LINKUSDT,1726502400000,0.00004051
LINKUSDT,1726531200001,0.000003
LINKUSDT,1726560000000,0.00004778
LINKUSDT,1726588800000,0.00004628
LINKUSDT,1726617600000,0.00005122
LINKUSDT,1726646400000,-0.00002215
LINKUSDT,1726675200004,0.00002018
LINKUSDT,1726704000000,0.00005581
LINKUSDT,1726732800000,0.0001
LINKUSDT,1726761600001,0.0001
LINKUSDT,1726790400000,0.0001
LINKUSDT,1726819200001,0.00008931
LINKUSDT,1726848000000,0.0001
LINKUSDT,1726876800001,0.0001
LINKUSDT,1726905600000,0.0001
LINKUSDT,1726934400000,0.0001
LINKUSDT,1726963200000,0.0001
LINKUSDT,1726992000000,0.00007921
LINKUSDT,1727020800000,-0.00003362
LINKUSDT,1727049600000,0.00005047
LINKUSDT,1727078400000,0.00003718
LINKUSDT,1727107200000,0.0001
LINKUSDT,1727136000000,0.00007021
LINKUSDT,1727164800000,0.00002217
LINKUSDT,1727193600001,0.00006069
LINKUSDT,1727222400000,0.0001
LINKUSDT,1727251200003,0.0001
LINKUSDT,1727280000000,0.0001
LINKUSDT,1727308800005,0.0001
LINKUSDT,1727337600000,0.0001
LINKUSDT,1727366400000,0.0001
LINKUSDT,1727395200000,0.0001
LINKUSDT,1727424000000,0.0001
LINKUSDT,1727452800000,0.0001
LINKUSDT,1727481600000,0.0001
LINKUSDT,1727510400001,0.0001
LINKUSDT,1727539200000,0.0001
LINKUSDT,1727568000001,0.0001
LINKUSDT,1727596800000,0.0001
LINKUSDT,1727625600000,0.0001
LINKUSDT,1727654400000,0.0001
LINKUSDT,1727683200001,0.0001
LINKUSDT,1727712000000,0.0001
LINKUSDT,1727740800000,0.00009344
LINKUSDT,1727769600000,-0.00001188
LINKUSDT,1727798400001,0.00004622
LINKUSDT,1727827200000,-0.00000629
LINKUSDT,1727856000000,0.00002786
LINKUSDT,1727884800000,0.00001452
LINKUSDT,1727913600000,0.00001899
LINKUSDT,1727942400000,-0.00003491
LINKUSDT,1727971200000,-0.00001607
LINKUSDT,1728000000000,-0.0000244
LINKUSDT,1728028800000,0.00000824
LINKUSDT,1728057600001,0.0000599
LINKUSDT,1728086400000,0.0001
LINKUSDT,1728115200000,0.0000578
LINKUSDT,1728144000000,0.0001
LINKUSDT,1728172800000,0.0001
LINKUSDT,1728201600001,0.00000762
LINKUSDT,1728230400000,0.00003145
LINKUSDT,1728259200000,0.00009748
LINKUSDT,1728288000000,0.0001
LINKUSDT,1728316800001,0.00005677
LINKUSDT,1728345600000,0.0001
LINKUSDT,1728374400000,0.0001
LINKUSDT,1728403200000,0.0001
LINKUSDT,1728432000000,0.0001
LINKUSDT,1728460800000,0.0001
LINKUSDT,1728489600000,0.0001
LINKUSDT,1728518400000,0.0001
LINKUSDT,1728547200000,0.00006668
LINKUSDT,1728576000000,0.00008361
LINKUSDT,1728604800000,0.00003511
LINKUSDT,1728633600000,0.00000715
LINKUSDT,1728662400001,0.00006218
LINKUSDT,1728691200000,0.0001
LINKUSDT,1728720000001,0.0001
LINKUSDT,1728748800000,0.0001
LINKUSDT,1728777600000,0.0001
LINKUSDT,1728806400000,0.0001
LINKUSDT,1728835200000,0.0001
LINKUSDT,1728864000000,0.0001
LINKUSDT,1728892800000,0.0001
LINKUSDT,1728921600000,0.0001
LINKUSDT,1728950400000,0.0001
LINKUSDT,1728979200000,0.0001
LINKUSDT,1729008000000,0.0001
LINKUSDT,1729036800000,0.0001
LINKUSDT,1729065600001,0.0001
LINKUSDT,1729094400000,0.0001
LINKUSDT,1729123200000,0.0001
LINKUSDT,1729152000000,0.0001
LINKUSDT,1729180800001,0.0001
LINKUSDT,1729209600010,0.0001
LINKUSDT,1729238400001,0.0001
LINKUSDT,1729267200000,0.0001
LINKUSDT,1729296000000,0.0001
LINKUSDT,1729324800000,0.0001
LINKUSDT,1729353600000,0.0001
LINKUSDT,1729382400000,0.0001
LINKUSDT,1729411200000,0.0001
LINKUSDT,1729440000000,0.0001
LINKUSDT,1729468800000,0.0001
LINKUSDT,1729497600000,0.0001
LINKUSDT,1729526400000,0.0001
LINKUSDT,1729555200000,0.0001
LINKUSDT,1729584000000,0.0001
LINKUSDT,1729612800000,0.0001
LINKUSDT,1729641600000,0.0001
LINKUSDT,1729670400000,0.0001
LINKUSDT,1729699200000,0.0001
LINKUSDT,1729728000000,0.0001
LINKUSDT,1729756800000,0.0001
LINKUSDT,1729785600000,0.0001
LINKUSDT,1729814400000,0.0001
LINKUSDT,1729843200000,0.0001
LINKUSDT,1729872000000,0.0001
LINKUSDT,1729900800000,0.0001
LINKUSDT,1729929600001,0.0001
LINKUSDT,1729958400000,0.00008427
LINKUSDT,1729987200000,0.0001
LINKUSDT,1730016000000,0.00008564
LINKUSDT,1730044800000,0.0001
LINKUSDT,1730073600000,0.0001
LINKUSDT,1730102400001,0.0001
LINKUSDT,1730131200000,0.0001
LINKUSDT,1730160000000,0.0001
LINKUSDT,1730188800000,0.0001
LINKUSDT,1730217600004,0.0001
LINKUSDT,1730246400000,0.0001
LINKUSDT,1730275200000,0.0001
LINKUSDT,1730304000013,0.0001
LINKUSDT,1730332800000,0.0001
LINKUSDT,1730361600000,0.0001
LINKUSDT,1730390400000,0.0001
LINKUSDT,1730419200000,0.0001
LINKUSDT,1730448000000,0.0001
LINKUSDT,1730476800000,0.0001
LINKUSDT,1730505600000,0.0001
LINKUSDT,1730534400000,0.0001
LINKUSDT,1730563200000,0.0001
LINKUSDT,1730592000000,0.0001
LINKUSDT,1730620800000,0.0001
LINKUSDT,1730649600000,-0.00000436
LINKUSDT,1730678400000,-0.00002484
LINKUSDT,1730707200000,-0.00005579
LINKUSDT,1730736000000,0.00008229
LINKUSDT,1730764800000,0.0001
LINKUSDT,1730793600003,0.00003426
LINKUSDT,1730822400001,0.00005441
LINKUSDT,1730851200000,0.0001
LINKUSDT,1730880000000,0.0001
LINKUSDT,1730908800000,0.0001
LINKUSDT,1730937600000,0.0001
LINKUSDT,1730966400000,0.0001095
LINKUSDT,1730995200000,0.0001
LINKUSDT,1731024000000,0.0001
LINKUSDT,1731052800000,0.0001
LINKUSDT,1731081600000,0.0001
LINKUSDT,1731110400000,0.0001
LINKUSDT,1731139200000,0.0001
LINKUSDT,1731168000000,0.0001
LINKUSDT,1731196800000,0.00010352
LINKUSDT,1731225600000,0.00029568
LINKUSDT,1731254400000,0.00029686
LINKUSDT,1731283200001,0.00022899
LINKUSDT,1731312000000,0.00028376
LINKUSDT,1731340800000,0.0001
LINKUSDT,1731369600002,0.00026529
LINKUSDT,1731398400000,0.00045762
LINKUSDT,1731427200000,0.00049062
LINKUSDT,1731456000000,0.00032619
LINKUSDT,1731484800010,0.0001
LINKUSDT,1731513600000,0.00021917
LINKUSDT,1731542400001,0.00015103
LINKUSDT,1731571200000,0.00015786
LINKUSDT,1731600000000,0.0001
LINKUSDT,1731628800000,0.0001
LINKUSDT,1731657600000,0.0001
LINKUSDT,1731686400000,0.0001
LINKUSDT,1731715200001,0.0001
LINKUSDT,1731744000001,0.0001
LINKUSDT,1731772800000,0.0002333
LINKUSDT,1731801600000,0.00012286
LINKUSDT,1731830400000,0.0001
LINKUSDT,1731859200001,0.0001
LINKUSDT,1731888000000,0.0001
LINKUSDT,1731916800000,0.00034783
LINKUSDT,1731945600000,0.00018817
LINKUSDT,1731974400000,0.0001
LINKUSDT,1732003200000,0.0001
LINKUSDT,1732032000000,0.0001
LINKUSDT,1732060800003,0.0001
LINKUSDT,1732089600000,0.0001
LINKUSDT,1732118400000,0.0001
LINKUSDT,1732147200001,0.0001
LINKUSDT,1732176000000,0.0001
LINKUSDT,1732204800001,0.0001
LINKUSDT,1732233600000,0.00014523
LINKUSDT,1732262400000,0.00023609
LINKUSDT,1732291200001,0.00024191
LINKUSDT,1732320000000,0.0001
LINKUSDT,1732348800000,0.0003369
LINKUSDT,1732377600000,0.00026805
LINKUSDT,1732406400001,0.00036364
LINKUSDT,1732435200000,0.00038276
LINKUSDT,1732464000000,0.00033635
LINKUSDT,1732492800000,0.00028407
LINKUSDT,1732521600000,0.00030576
LINKUSDT,1732550400000,0.00019422
LINKUSDT,1732579200000,0.00026291
LINKUSDT,1732608000000,0.00022036
LINKUSDT,1732636800000,0.00010024
LINKUSDT,1732665600000,0.00014914
LINKUSDT,1732694400000,0.00019811
LINKUSDT,1732723200001,0.0001
LINKUSDT,1732752000000,0.00022651
LINKUSDT,1732780800000,0.00017652
LINKUSDT,1732809600000,0.00014173
LINKUSDT,1732838400000,0.00020893
LINKUSDT,1732867200000,0.00016721
LINKUSDT,1732896000000,0.00035023
LINKUSDT,1732924800000,0.00028521
LINKUSDT,1732953600000,0.00025135
LINKUSDT,1732982400000,0.00021711
LINKUSDT,1733011200000,0.00019369
LINKUSDT,1733040000000,0.00016773
LINKUSDT,1733068800000,0.00010836
LINKUSDT,1733097600001,0.00041175
LINKUSDT,1733126400001,0.00034002
LINKUSDT,1733155200000,0.00032114
LINKUSDT,1733184000000,0.00053972
LINKUSDT,1733212800000,0.00051247
LINKUSDT,1733241600000,0.00028863
LINKUSDT,1733270400000,0.00034089
LINKUSDT,1733299200000,0.00056003
LINKUSDT,1733328000000,0.00044316
LINKUSDT,1733356800001,0.00035004
LINKUSDT,1733385600000,0.00058517
LINKUSDT,1733414400000,0.00050843
LINKUSDT,1733443200000,0.00049935
LINKUSDT,1733472000000,0.00047927
LINKUSDT,1733500800000,0.00023034
LINKUSDT,1733529600000,0.0005654
LINKUSDT,1733558400000,0.00056397
LINKUSDT,1733587200000,0.00028165
LINKUSDT,1733616000000,0.00024015
LINKUSDT,1733644800000,0.00028891
LINKUSDT,1733673600000,0.00041431
LINKUSDT,1733702400000,0.00019292
LINKUSDT,1733731200000,0.00027584
LINKUSDT,1733760000001,0.0001
LINKUSDT,1733788800007,0.0001
LINKUSDT,1733817600000,0.0001
LINKUSDT,1733846400000,0.0001
LINKUSDT,1733875200000,0.0001
LINKUSDT,1733904000000,0.0001
LINKUSDT,1733932800001,0.0001
LINKUSDT,1733961600001,0.0001
LINKUSDT,1733990400000,0.0001
LINKUSDT,1734019200001,0.0001
LINKUSDT,1734048000000,0.0001
LINKUSDT,1734076800000,0.0001
LINKUSDT,1734105600001,0.0001
LINKUSDT,1734134400000,0.0001
LINKUSDT,1734163200000,0.0001
LINKUSDT,1734192000000,0.0001
LINKUSDT,1734220800000,0.0001
LINKUSDT,1734249600000,0.0001
LINKUSDT,1734278400000,0.0001
LINKUSDT,1734307200000,0.0001
LINKUSDT,1734336000001,0.0001
LINKUSDT,1734364800000,0.0001
LINKUSDT,1734393600000,0.0001
LINKUSDT,1734422400000,0.0001
LINKUSDT,1734451200000,0.0001
LINKUSDT,1734480000000,0.0001
LINKUSDT,1734508800000,0.0001
LINKUSDT,1734537600000,0.0001
LINKUSDT,1734566400000,0.0001
LINKUSDT,1734595200000,-0.00001128
LINKUSDT,1734624000000,0.00009868
LINKUSDT,1734652800000,0.00005674
LINKUSDT,1734681600001,0.0001
LINKUSDT,1734710400014,-0.00001079
LINKUSDT,1734739200000,0.0001
LINKUSDT,1734768000000,-0.00001661
LINKUSDT,1734796800001,0.0001
LINKUSDT,1734825600000,0.0001
LINKUSDT,1734854400000,0.0001
LINKUSDT,1734883200000,0.00007496
LINKUSDT,1734912000000,0.0001
LINKUSDT,1734940800000,0.00006764
LINKUSDT,1734969600001,0.00007115
LINKUSDT,1734998400000,0.0001
LINKUSDT,1735027200000,0.0001
LINKUSDT,1735056000001,0.0001
LINKUSDT,1735084800001,0.0001
LINKUSDT,1735113600000,0.0001
LINKUSDT,1735142400000,0.00009687
LINKUSDT,1735171200000,0.0001
LINKUSDT,1735200000000,0.0001
LINKUSDT,1735228800000,0.0001
LINKUSDT,1735257600000,0.0001
LINKUSDT,1735286400000,0.00006726
LINKUSDT,1735315200000,0.0000476
LINKUSDT,1735344000001,0.00006657
LINKUSDT,1735372800000,0.0001
LINKUSDT,1735401600000,-0.00002338
LINKUSDT,1735430400000,0.00005628
LINKUSDT,1735459200000,0.0001
LINKUSDT,1735488000000,0.0001
LINKUSDT,1735516800000,0.0001
LINKUSDT,1735545600001,0.00009425
LINKUSDT,1735574400000,0.0001
LINKUSDT,1735603200000,0.00009108
LINKUSDT,1735632000000,0.0001
LINKUSDT,1735660800000,0.00009772
LINKUSDT,1735689600015,0.0001
LINKUSDT,1735718400000,0.00004612
LINKUSDT,1735747200001,0.0001
LINKUSDT,1735776000000,0.0001
LINKUSDT,1735804800006,0.0001
LINKUSDT,1735833600000,0.0001
LINKUSDT,1735862400000,0.0001
LINKUSDT,1735891200000,0.0001
LINKUSDT,1735920000000,0.0001
LINKUSDT,1735948800000,0.0001
LINKUSDT,1735977600000,0.0001
LINKUSDT,1736006400000,0.0001
LINKUSDT,1736035200000,0.0001
LINKUSDT,1736064000000,0.0001
LINKUSDT,1736092800000,0.0001
LINKUSDT,1736121600000,0.0001
LINKUSDT,1736150400001,0.0001
LINKUSDT,1736179200000,0.0001
LINKUSDT,1736208000000,0.0001
LINKUSDT,1736236800000,0.0001
LINKUSDT,1736265600008,0.0001
LINKUSDT,1736294400001,0.00006319
LINKUSDT,1736323200000,0.0001
LINKUSDT,1736352000000,0.00003857
LINKUSDT,1736380800000,-0.00003481
LINKUSDT,1736409600000,0.00004432
LINKUSDT,1736438400000,0.00007029
LINKUSDT,1736467200000,0.00004785
LINKUSDT,1736496000000,-0.00004445
LINKUSDT,1736524800000,0.0001
LINKUSDT,1736553600000,0.00007744
LINKUSDT,1736582400000,0.0001
LINKUSDT,1736611200000,0.0001
LINKUSDT,1736640000000,0.0001
LINKUSDT,1736668800000,0.0001
LINKUSDT,1736697600000,0.0001
LINKUSDT,1736726400000,-0.0000406
LINKUSDT,1736755200000,0.00007178
LINKUSDT,1736784000000,0.0001
LINKUSDT,1736812800000,-0.00001939
LINKUSDT,1736841600000,0.00003859
LINKUSDT,1736870400000,0.00004794
LINKUSDT,1736899200000,0.0001
LINKUSDT,1736928000000,0.0001
LINKUSDT,1736956800000,0.00009528
LINKUSDT,1736985600000,0.00008279
LINKUSDT,1737014400000,0.0001
LINKUSDT,1737043200000,0.0001
LINKUSDT,1737072000004,0.0001
LINKUSDT,1737100800000,0.0001
LINKUSDT,1737129600008,0.0001
LINKUSDT,1737158400000,0.0001
LINKUSDT,1737187200007,0.0001
LINKUSDT,1737216000000,0.0001
LINKUSDT,1737244800000,0.0001
LINKUSDT,1737273600000,0.0001
LINKUSDT,1737302400000,0.0001
LINKUSDT,1737331200000,0.0001
LINKUSDT,1737360000009,0.0001
LINKUSDT,1737388800000,0.0001
LINKUSDT,1737417600000,0.0001
LINKUSDT,1737446400000,0.0001
LINKUSDT,1737475200000,0.0001
LINKUSDT,1737504000000,0.0001
LINKUSDT,1737532800000,0.0001
LINKUSDT,1737561600000,0.0001
LINKUSDT,1737590400001,0.00008858
LINKUSDT,1737619200000,0.0001
LINKUSDT,1737648000000,0.0001
LINKUSDT,1737676800000,0.0001
LINKUSDT,1737705600000,0.0001
LINKUSDT,1737734400000,0.00005911
LINKUSDT,1737763200000,0.0001
LINKUSDT,1737792000000,0.00005475
LINKUSDT,1737820800001,-0.00005287
LINKUSDT,1737849600000,0.00003808
LINKUSDT,1737878400000,0.0001
LINKUSDT,1737907200000,0.00004893
LINKUSDT,1737936000000,0.0001
LINKUSDT,1737964800000,0.0000799
LINKUSDT,1737993600000,-0.00001839
LINKUSDT,1738022400000,0.0000634
LINKUSDT,1738051200000,0.00008331
LINKUSDT,1738080000000,0.0001
LINKUSDT,1738108800000,0.00008084
LINKUSDT,1738137600000,0.0000191
LINKUSDT,1738166400000,0.00008861
LINKUSDT,1738195200000,0.00005591
LINKUSDT,1738224000000,0.0001
LINKUSDT,1738252800000,0.0001
LINKUSDT,1738281600000,0.0001
LINKUSDT,1738310400000,0.0001
LINKUSDT,1738339200000,0.0001
LINKUSDT,1738368000000,0.0001
LINKUSDT,1738396800000,0.0001
LINKUSDT,1738425600000,0.00008212
LINKUSDT,1738454400001,-0.00008138
LINKUSDT,1738483200000,-0.00019293
LINKUSDT,1738512000000,0.0001
LINKUSDT,1738540800000,0.00008844
LINKUSDT,1738569600000,-0.00018904
LINKUSDT,1738598400000,-0.00009538
LINKUSDT,1738627200000,-0.0000471
LINKUSDT,1738656000001,0.0000212
LINKUSDT,1738684800000,-0.00011443
LINKUSDT,1738713600001,0.00005747
LINKUSDT,1738742400001,0.0001
LINKUSDT,1738771200000,-0.00002058
LINKUSDT,1738800000001,0.00005754
LINKUSDT,1738828800001,-0.00001739
LINKUSDT,1738857600000,0.00001437
LINKUSDT,1738886400000,-0.0000401
LINKUSDT,1738915200000,-0.00000798
LINKUSDT,1738944000000,-0.00003943
LINKUSDT,1738972800000,0.00006444
LINKUSDT,1739001600000,0.00004755
LINKUSDT,1739030400000,-0.00001403
LINKUSDT,1739059200000,-0.00008075
LINKUSDT,1739088000000,-0.00005172
LINKUSDT,1739116800000,0.0001
LINKUSDT,1739145600000,0.00002314
LINKUSDT,1739174400000,0.0001
LINKUSDT,1739203200000,0.00000989
LINKUSDT,1739232000000,-0.00005942
LINKUSDT,1739260800000,0.0001
LINKUSDT,1739289600000,0.00004106
LINKUSDT,1739318400000,-0.000188
LINKUSDT,1739347200000,0.00002095
LINKUSDT,1739376000001,0.00000778
LINKUSDT,1739404800001,0.00004425
LINKUSDT,1739433600000,0.0001
LINKUSDT,1739462400001,0.00000756
LINKUSDT,1739491200000,-0.00004773
LINKUSDT,1739520000001,0.0001
LINKUSDT,1739548800000,0.00008315
LINKUSDT,1739577600000,0.0001
LINKUSDT,1739606400000,-0.00001559
LINKUSDT,1739635200000,-0.00000897
LINKUSDT,1739664000000,-0.00007206
LINKUSDT,1739692800000,-0.00006869
LINKUSDT,1739721600000,0.00006369
LINKUSDT,1739750400000,0.00003647
LINKUSDT,1739779200000,0.00001013
LINKUSDT,1739808000000,0.0001
LINKUSDT,1739836800000,0.00008384
LINKUSDT,1739865600000,-0.00015914
LINKUSDT,1739894400000,-0.00020519
LINKUSDT,1739923200000,-0.0000736
LINKUSDT,1739952000000,0.00002228
LINKUSDT,1739980800000,0.00007973
LINKUSDT,1740009600000,-0.00001432
LINKUSDT,1740038400000,0.00005163
LINKUSDT,1740067200000,0.0001
LINKUSDT,1740096000001,0.0001
LINKUSDT,1740124800000,0.0001
LINKUSDT,1740153600000,0.0001
LINKUSDT,1740182400000,-0.00007924
LINKUSDT,1740211200000,-0.00007899
LINKUSDT,1740240000000,-0.00019068
LINKUSDT,1740268800000,-0.00001342
LINKUSDT,1740297600000,0.00007449
LINKUSDT,1740326400000,0.00000089
LINKUSDT,1740355200000,0.00002774
LINKUSDT,1740384000000,-0.00015553
LINKUSDT,1740412800000,-0.00006398
LINKUSDT,1740441600000,0.00003151
LINKUSDT,1740470400000,0.00006984
LINKUSDT,1740499200000,0.00002048
LINKUSDT,1740528000000,-0.00003591
LINKUSDT,1740556800000,0.00002802
LINKUSDT,1740585600000,-0.00000549
LINKUSDT,1740614400001,0.00009352
LINKUSDT,1740643200000,0.00005312
LINKUSDT,1740672000000,0.00004233
LINKUSDT,1740700800001,0.00000716
LINKUSDT,1740729600000,0.00000254
LINKUSDT,1740758400000,-0.00002378
LINKUSDT,1740787200000,0.0001
LINKUSDT,1740816000000,0.00007491
LINKUSDT,1740844800001,0.0001
LINKUSDT,1740873600000,0.0001
LINKUSDT,1740902400000,0.00002125
LINKUSDT,1740931200000,0.00000053
LINKUSDT,1740960000001,0.0001
LINKUSDT,1740988800000,0.0001
LINKUSDT,1741017600000,0.00000987
LINKUSDT,1741046400001,-0.00010288
LINKUSDT,1741075200005,-0.00008925
LINKUSDT,1741104000000,0.00003883
LINKUSDT,1741132800000,0.00003606
LINKUSDT,1741161600000,-0.00005198
LINKUSDT,1741190400000,0.0001
LINKUSDT,1741219200000,0.00004998
LINKUSDT,1741248000001,0.00006109
LINKUSDT,1741276800000,0.0001
LINKUSDT,1741305600000,0.00005714
LINKUSDT,1741334400001,0.00007147
LINKUSDT,1741363200000,0.0001
LINKUSDT,1741392000000,0.0001
LINKUSDT,1741420800001,0.0001
LINKUSDT,1741449600001,0.00006088
LINKUSDT,1741478400001,-0.00000626
LINKUSDT,1741507200000,0.00008958
LINKUSDT,1741536000000,0.0001
LINKUSDT,1741564800000,-0.00012359
LINKUSDT,1741593600000,-0.00018809
LINKUSDT,1741622400000,-0.00023279
LINKUSDT,1741651200000,-0.00024545
LINKUSDT,1741680000000,-0.0002247
LINKUSDT,1741708800001,0.00002339
LINKUSDT,1741737600000,0.00004551
LINKUSDT,1741766400000,-0.00003784
LINKUSDT,1741795200001,0.00001155
LINKUSDT,1741824000000,0.0001
LINKUSDT,1741852800000,0.00001127
LINKUSDT,1741881600000,0.00002914
LINKUSDT,1741910400000,0.00003386
LINKUSDT,1741939200000,0.00001077
LINKUSDT,1741968000000,0.00000303
LINKUSDT,1741996800000,-0.00009417
LINKUSDT,1742025600000,-0.00008178
LINKUSDT,1742054400000,-0.00010843
LINKUSDT,1742083200000,-0.00008825
LINKUSDT,1742112000000,0.0001
LINKUSDT,1742140800000,-0.00005134
LINKUSDT,1742169600000,0.00000756
LINKUSDT,1742198400000,0.00005315
LINKUSDT,1742227200000,0.00000404
LINKUSDT,1742256000000,0.00009444
LINKUSDT,1742284800000,0.0001
LINKUSDT,1742313600000,0.00009545
LINKUSDT,1742342400000,0.00000404
LINKUSDT,1742371200000,0.0001
LINKUSDT,1742400000000,0.0001
LINKUSDT,1742428800000,0.0000756
LINKUSDT,1742457600000,0.0000763
LINKUSDT,1742486400000,0.00002293
LINKUSDT,1742515200000,0.00006255
LINKUSDT,1742544000000,0.0001
LINKUSDT,1742572800000,-0.00006554
LINKUSDT,1742601600000,-0.00015694
LINKUSDT,1742630400004,-0.00000133
LINKUSDT,1742659200000,0.00005132
LINKUSDT,1742688000000,0.00002091
LINKUSDT,1742716800000,0.00008228
LINKUSDT,1742745600000,0.00003693
LINKUSDT,1742774400000,0.00006448
LINKUSDT,1742803200000,0.0001
LINKUSDT,1742832000000,0.0001
LINKUSDT,1742860800001,0.0001
LINKUSDT,1742889600000,0.0001
LINKUSDT,1742918400000,0.0001
LINKUSDT,1742947200000,0.0001
LINKUSDT,1742976000000,0.0001
LINKUSDT,1743004800001,0.0001
LINKUSDT,1743033600001,0.00007956
LINKUSDT,1743062400001,0.0001
LINKUSDT,1743091200002,0.00007748
LINKUSDT,1743120000001,0.0000215
LINKUSDT,1743148800001,-0.00003381
LINKUSDT,1743177600000,-0.00004924
LINKUSDT,1743206400000,-0.00006319
LINKUSDT,1743235200000,0.00001093
LINKUSDT,1743264000000,0.0001
LINKUSDT,1743292800000,0.00002226
LINKUSDT,1743321600000,-0.00014902
LINKUSDT,1743350400000,-0.00001741
LINKUSDT,1743379200000,0.00003051
LINKUSDT,1743408000000,0.00001212
LINKUSDT,1743436800000,-0.00001819
LINKUSDT,1743465600000,0.00004023
LINKUSDT,1743494400001,0.00006726
LINKUSDT,1743523200000,0.0001
LINKUSDT,1743552000001,0.0001
LINKUSDT,1743580800000,0.00004301
LINKUSDT,1743609600000,0.00006268
LINKUSDT,1743638400000,-0.00002381
LINKUSDT,1743667200000,0.00006308
LINKUSDT,1743696000000,-0.00003202
LINKUSDT,1743724800000,-0.00004929
LINKUSDT,1743753600000,0.0001
LINKUSDT,1743782400000,0.00007209
LINKUSDT,1743811200000,0.0001
LINKUSDT,1743840000000,0.0001
LINKUSDT,1743868800000,0.00004579
LINKUSDT,1743897600000,-0.00000972
LINKUSDT,1743926400000,0.00008216
LINKUSDT,1743955200002,-0.0001242
LINKUSDT,1743984000000,-0.00010555
LINKUSDT,1744012800000,0.0001
LINKUSDT,1744041600000,0.0001
LINKUSDT,1744070400000,0.00001782
LINKUSDT,1744099200000,0.00004504
LINKUSDT,1744128000000,0.0000372
LINKUSDT,1744156800000,0.0001
LINKUSDT,1744185600001,0.0001
LINKUSDT,1744214400000,0.0001
LINKUSDT,1744243200000,0.0001
LINKUSDT,1744272000000,0.0001
LINKUSDT,1744300800000,0.0001
LINKUSDT,1744329600001,0.00003723
LINKUSDT,1744358400000,0.00008263
LINKUSDT,1744387200000,0.00006646
LINKUSDT,1744416000000,0.00007215
LINKUSDT,1744444800001,0.0001
LINKUSDT,1744473600000,0.00001684
LINKUSDT,1744502400000,0.00005184
LINKUSDT,1744531200000,0.0001
LINKUSDT,1744560000000,0.00003677
LINKUSDT,1744588800000,0.00006486
LINKUSDT,1744617600000,0.00003184
LINKUSDT,1744646400000,-0.00004455
LINKUSDT,1744675200000,-0.00000998
LINKUSDT,1744704000000,-0.00007591
LINKUSDT,1744732800001,-0.0000735
LINKUSDT,1744761600000,0.0000391
LINKUSDT,1744790400000,0.0001
LINKUSDT,1744819200000,0.00003867
LINKUSDT,1744848000001,0.0001
LINKUSDT,1744876800000,0.0001
LINKUSDT,1744905600001,0.00000278
LINKUSDT,1744934400000,0.00006556
LINKUSDT,1744963200000,0.0001
LINKUSDT,1744992000000,-0.00000875
LINKUSDT,1745020800000,0.00009595
LINKUSDT,1745049600000,0.0001
LINKUSDT,1745078400000,0.0001
LINKUSDT,1745107200000,0.00007769
LINKUSDT,1745136000000,0.0001
LINKUSDT,1745164800000,0.0001
LINKUSDT,1745193600000,0.0001
LINKUSDT,1745222400005,0.00006683
LINKUSDT,1745251200003,0.00002191
LINKUSDT,1745280000008,0.0001
LINKUSDT,1745308800000,0.00006845
LINKUSDT,1745337600000,0.00006149
LINKUSDT,1745366400000,0.0001
LINKUSDT,1745395200002,0.00005366
LINKUSDT,1745424000000,0.0001
LINKUSDT,1745452800000,0.0001
LINKUSDT,1745481600001,0.0001
LINKUSDT,1745510400001,0.0001
LINKUSDT,1745539200007,0.0001
LINKUSDT,1745568000002,0.0001
LINKUSDT,1745596800003,0.0001
LINKUSDT,1745625600002,0.0001
LINKUSDT,1745654400000,0.0001
LINKUSDT,1745683200002,0.0001
LINKUSDT,1745712000001,0.0001
LINKUSDT,1745740800000,0.0001
LINKUSDT,1745769600000,0.0000974
LINKUSDT,1745798400001,0.0001
LINKUSDT,1745827200003,0.0000863
LINKUSDT,1745856000005,-0.00001627
LINKUSDT,1745884800000,0.0001
LINKUSDT,1745913600000,0.0001
LINKUSDT,1745942400010,-0.000031
LINKUSDT,1745971200001,-0.00008126
LINKUSDT,1746000000000,-0.00007234
LINKUSDT,1746028800003,-0.00012949
LINKUSDT,1746057600000,-0.00002267
LINKUSDT,1746086400000,0.0001
LINKUSDT,1746115200001,0.0001
LINKUSDT,1746144000000,0.0001
LINKUSDT,1746172800000,0.0001
LINKUSDT,1746201600003,0.0001
LINKUSDT,1746230400000,0.0001
LINKUSDT,1746259200000,0.00006502
LINKUSDT,1746288000000,-0.00008776
LINKUSDT,1746316800001,0.00000822
LINKUSDT,1746345600001,-0.00000496
LINKUSDT,1746374400002,-0.00004877
LINKUSDT,1746403200000,0.00006009
LINKUSDT,1746432000000,0.0001
LINKUSDT,1746460800006,-0.0000719
LINKUSDT,1746489600002,-0.00008474
LINKUSDT,1746518400005,0.00008923
LINKUSDT,1746547200000,0.000032
LINKUSDT,1746576000002,0.0001
LINKUSDT,1746604800000,0.00002532
LINKUSDT,1746633600006,-0.00011682
LINKUSDT,1746662400000,0.00006495
LINKUSDT,1746691200001,0.0001
LINKUSDT,1746720000002,0.0001
LINKUSDT,1746748800001,0.0001
LINKUSDT,1746777600006,0.0001
LINKUSDT,1746806400000,0.0001
LINKUSDT,1746835200001,0.0001
LINKUSDT,1746864000000,0.0001
LINKUSDT,1746892800001,0.0001
LINKUSDT,1746921600000,0.0001
LINKUSDT,1746950400001,0.0001
LINKUSDT,1746979200001,0.00007356
LINKUSDT,1747008000004,0.0001
LINKUSDT,1747036800000,0.0001
LINKUSDT,1747065600000,0.0001
LINKUSDT,1747094400000,0.0001
LINKUSDT,1747123200008,0.0001
LINKUSDT,1747152000001,0.00003297
LINKUSDT,1747180800007,0.0001
LINKUSDT,1747209600000,0.0001
LINKUSDT,1747238400002,0.0001
LINKUSDT,1747267200000,0.0001
LINKUSDT,1747296000003,0.00006273
LINKUSDT,1747324800000,-0.00006935
LINKUSDT,1747353600001,-0.00001079
LINKUSDT,1747382400000,0.000062
LINKUSDT,1747411200000,0.00006638
LINKUSDT,1747440000000,0.00002221
LINKUSDT,1747468800001,0.00005895
LINKUSDT,1747497600004,-0.00001839
LINKUSDT,1747526400000,0.00000248
LINKUSDT,1747555200000,-0.00001093
LINKUSDT,1747584000000,0.00001733
LINKUSDT,1747612800000,-0.00002417
LINKUSDT,1747641600006,-0.00001486
LINKUSDT,1747670400010,0.00000722
LINKUSDT,1747699200000,0.0001
LINKUSDT,1747728000002,0.00007501
LINKUSDT,1747756800000,-0.00002466
LINKUSDT,1747785600000,0.00000459
LINKUSDT,1747814400001,0.00004591
LINKUSDT,1747843200004,0.00005001
LINKUSDT,1747872000001,0.0000793
LINKUSDT,1747900800000,0.0001
LINKUSDT,1747929600002,0.0001
LINKUSDT,1747958400006,0.0001
LINKUSDT,1747987200000,0.0001
LINKUSDT,1748016000007,0.0001
LINKUSDT,1748044800010,0.0001
LINKUSDT,1748073600000,-0.00002033
LINKUSDT,1748102400003,0.00009506
LINKUSDT,1748131200004,0.0000174
LINKUSDT,1748160000000,0.0001
LINKUSDT,1748188800000,-0.00014648
LINKUSDT,1748217600000,-0.00006319
LINKUSDT,1748246400000,0.00006676
LINKUSDT,1748275200002,0.00005715
LINKUSDT,1748304000003,0.00004343
LINKUSDT,1748332800001,0.00006219
LINKUSDT,1748361600005,0.0001
LINKUSDT,1748390400002,0.00006415
LINKUSDT,1748419200003,0.00004128
LINKUSDT,1748448000002,0.00007801
LINKUSDT,1748476800000,0.00005939
LINKUSDT,1748505600006,0.0001
LINKUSDT,1748534400000,-0.0000393
LINKUSDT,1748563200003,-0.0001422
LINKUSDT,1748592000003,-0.00004588
LINKUSDT,1748620800000,0.00005225
LINKUSDT,1748649600000,-0.00017475
LINKUSDT,1748678400000,-0.00011851
LINKUSDT,1748707200000,-0.00002966
LINKUSDT,1748736000001,-0.00007833
LINKUSDT,1748764800002,-0.00004452
LINKUSDT,1748793600000,0.0001
LINKUSDT,1748822400001,0.00006172
LINKUSDT,1748851200000,0.00007747
LINKUSDT,1748880000000,0.00002518
LINKUSDT,1748908800000,0.0001
LINKUSDT,1748937600000,0.0001
LINKUSDT,1748966400001,0.00006056
LINKUSDT,1748995200000,0.00008996
LINKUSDT,1749024000000,0.00009229
LINKUSDT,1749052800000,-0.0000317
LINKUSDT,1749081600016,-0.00002455
LINKUSDT,1749110400000,0.00002085
LINKUSDT,1749139200000,-0.00001324
LINKUSDT,1749168000002,-0.00017716
LINKUSDT,1749196800000,-0.00010808
LINKUSDT,1749225600006,0.00000194
LINKUSDT,1749254400000,0.00001989
LINKUSDT,1749283200000,0.0001
LINKUSDT,1749312000002,0.00000952
LINKUSDT,1749340800000,-0.00013338
LINKUSDT,1749369600000,0.00005083
LINKUSDT,1749398400000,0.00003436
LINKUSDT,1749427200000,0.00003021
LINKUSDT,1749456000001,-0.00006314
LINKUSDT,1749484800001,0.00007941
LINKUSDT,1749513600000,0.0001
LINKUSDT,1749542400001,0.00003223
LINKUSDT,1749571200003,0.0001
LINKUSDT,1749600000000,0.0001
LINKUSDT,1749628800000,0.0001
LINKUSDT,1749657600010,0.0001
LINKUSDT,1749686400002,0.00008548
LINKUSDT,1749715200003,0.00000243
LINKUSDT,1749744000001,-0.00002943
LINKUSDT,1749772800000,0.0000221
LINKUSDT,1749801600001,-0.00017111
LINKUSDT,1749830400004,-0.00005406
LINKUSDT,1749859200000,0.00000609
LINKUSDT,1749888000000,-0.00004161
LINKUSDT,1749916800000,-0.00011261
LINKUSDT,1749945600005,-0.00007485
LINKUSDT,1749974400009,-0.00011512
LINKUSDT,1750003200000,0.00001176
LINKUSDT,1750032000000,-0.00002578
LINKUSDT,1750060800000,0.00002516
LINKUSDT,1750089600003,0.00009935
LINKUSDT,1750118400000,0.00008883
LINKUSDT,1750147200006,0.00000919
LINKUSDT,1750176000001,0.00007019
LINKUSDT,1750204800001,0.00000006
LINKUSDT,1750233600001,-0.0000661
LINKUSDT,1750262400001,-0.00012747
LINKUSDT,1750291200005,0.00006836
LINKUSDT,1750320000003,0.00002745
LINKUSDT,1750348800000,0.00001082
LINKUSDT,1750377600000,0.00007042
LINKUSDT,1750406400002,0.00008285
LINKUSDT,1750435200001,-0.00007504
LINKUSDT,1750464000002,-0.00009279
LINKUSDT,1750492800005,0.0000413
LINKUSDT,1750521600000,-0.00002087
LINKUSDT,1750550400005,0.00009349
LINKUSDT,1750579200000,0.00002955
LINKUSDT,1750608000003,-0.00001753
LINKUSDT,1750636800000,-0.00000983
LINKUSDT,1750665600004,0.00001832
LINKUSDT,1750694400013,0.00000823
LINKUSDT,1750723200003,0.00005242
LINKUSDT,1750752000000,0.00007989
LINKUSDT,1750780800000,0.0001
LINKUSDT,1750809600005,0.00003606
LINKUSDT,1750838400000,0.0001
LINKUSDT,1750867200005,0.00009061
LINKUSDT,1750896000000,0.00002686
LINKUSDT,1750924800006,-0.00003615
LINKUSDT,1750953600007,-0.00001057
LINKUSDT,1750982400000,0.00005057
LINKUSDT,1751011200000,0.00004917
LINKUSDT,1751040000009,0.00004682
LINKUSDT,1751068800001,0.00006689
LINKUSDT,1751097600002,0.00000957
LINKUSDT,1751126400000,0.00007499
LINKUSDT,1751155200004,0.0001
LINKUSDT,1751184000001,0.00007334
LINKUSDT,1751212800001,-0.00001412
LINKUSDT,1751241600000,0.0001
LINKUSDT,1751270400005,-0.00009367
LINKUSDT,1751299200002,0.00003543
LINKUSDT,1751328000007,0.0001
LINKUSDT,1751356800002,0.00000591
LINKUSDT,1751385600000,-0.00003789
LINKUSDT,1751414400001,-0.00005407
LINKUSDT,1751443200000,0.00003044
LINKUSDT,1751472000003,0.0001
LINKUSDT,1751500800006,0.0001
LINKUSDT,1751529600003,0.0001
LINKUSDT,1751558400003,0.0001
LINKUSDT,1751587200005,0.0001
LINKUSDT,1751616000003,0.0001
LINKUSDT,1751644800001,-0.00000435
LINKUSDT,1751673600004,-0.00002035
LINKUSDT,1751702400009,0.0000875
LINKUSDT,1751731200006,0.00002575
LINKUSDT,1751760000001,0.00000294
LINKUSDT,1751788800002,0.0000471
LINKUSDT,1751817600004,0.00009077
LINKUSDT,1751846400000,0.0001
LINKUSDT,1751875200007,0.0001
LINKUSDT,1751904000000,0.00009844
LINKUSDT,1751932800010,0.00005456
LINKUSDT,1751961600003,0.00000516
LINKUSDT,1751990400000,0.00003391
LINKUSDT,1752019200002,0.0001
LINKUSDT,1752048000006,0.0001
LINKUSDT,1752076800001,0.0001
LINKUSDT,1752105600003,0.0001
LINKUSDT,1752134400000,0.0001
LINKUSDT,1752163200004,0.00008418
LINKUSDT,1752192000004,0.0001
LINKUSDT,1752220800007,0.0001
LINKUSDT,1752249600001,0.0001
LINKUSDT,1752278400000,0.0001
LINKUSDT,1752307200001,0.0001
LINKUSDT,1752336000002,0.0001
LINKUSDT,1752364800006,0.0001
LINKUSDT,1752393600001,0.0001
LINKUSDT,1752422400003,0.0001
LINKUSDT,1752451200000,0.0001
LINKUSDT,1752480000000,0.0001
LINKUSDT,1752508800000,0.0001
LINKUSDT,1752537600002,0.0001
LINKUSDT,1752566400000,0.0001
LINKUSDT,1752595200000,0.0001
LINKUSDT,1752624000000,0.0001
LINKUSDT,1752652800000,0.0001
LINKUSDT,1752681600008,0.0001
LINKUSDT,1752710400003,0.0001
LINKUSDT,1752739200000,0.0001
LINKUSDT,1752768000000,0.0001
LINKUSDT,1752796800004,0.0001
LINKUSDT,1752825600000,0.0001
LINKUSDT,1752854400000,0.0001
LINKUSDT,1752883200009,0.0001
LINKUSDT,1752912000000,0.0001
LINKUSDT,1752940800002,0.0001
LINKUSDT,1752969600000,0.0001
LINKUSDT,1752998400000,0.0001
LINKUSDT,1753027200000,0.0001
LINKUSDT,1753056000001,0.0001
LINKUSDT,1753084800000,0.0001
LINKUSDT,1753113600001,0.0001
LINKUSDT,1753142400000,0.0001
LINKUSDT,1753171200010,0.0001
LINKUSDT,1753200000007,0.0001
LINKUSDT,1753228800000,0.0001
LINKUSDT,1753257600004,0.0001
LINKUSDT,1753286400002,0.0001
LINKUSDT,1753315200000,0.0001
LINKUSDT,1753344000001,0.0001
LINKUSDT,1753372800000,0.0001
LINKUSDT,1753401600000,0.0001
LINKUSDT,1753430400000,0.0001
LINKUSDT,1753459200000,0.0001
LINKUSDT,1753488000001,0.0001
LINKUSDT,1753516800005,0.0001
LINKUSDT,1753545600001,0.0001
LINKUSDT,1753574400001,0.0001
LINKUSDT,1753603200000,0.0001
LINKUSDT,1753632000008,0.0001
LINKUSDT,1753660800005,0.0001
LINKUSDT,1753689600000,0.0001
LINKUSDT,1753718400000,0.0001
LINKUSDT,1753747200001,-0.00016131
LINKUSDT,1753776000000,0.0001
LINKUSDT,1753804800000,0.0001
LINKUSDT,1753833600011,0.0001
LINKUSDT,1753862400000,0.0001
LINKUSDT,1753891200008,0.00000279
LINKUSDT,1753920000000,-0.00000912
LINKUSDT,1753948800009,0.00008963
LINKUSDT,1753977600000,-0.00001879
LINKUSDT,1754006400001,0.00004219
LINKUSDT,1754035200003,0.00005136
LINKUSDT,1754064000000,0.00009399
LINKUSDT,1754092800004,0.0001
LINKUSDT,1754121600000,0.00005192
LINKUSDT,1754150400000,0.00008882
LINKUSDT,1754179200000,0.00003288
LINKUSDT,1754208000000,0.00001864
LINKUSDT,1754236800003,0.00001271
LINKUSDT,1754265600004,-0.00000115
LINKUSDT,1754294400000,0.00009158
LINKUSDT,1754323200002,0.00002772
LINKUSDT,1754352000000,0.0001
LINKUSDT,1754380800000,0.0001
LINKUSDT,1754409600000,0.0001
LINKUSDT,1754438400005,0.00005777
LINKUSDT,1754467200000,0.0000502
LINKUSDT,1754496000000,-0.00000087
LINKUSDT,1754524800003,0.0001
LINKUSDT,1754553600002,0.0001
LINKUSDT,1754582400002,0.00009466
LINKUSDT,1754611200002,0.0001
LINKUSDT,1754640000004,0.0001
LINKUSDT,1754668800000,0.0001
LINKUSDT,1754697600005,0.0001
LINKUSDT,1754726400000,0.0001
LINKUSDT,1754755200007,0.0001
LINKUSDT,1754784000003,0.0001
LINKUSDT,1754812800005,0.0001
LINKUSDT,1754841600002,0.0001
LINKUSDT,1754870400000,0.0001
LINKUSDT,1754899200000,0.0001
LINKUSDT,1754928000000,0.0001
LINKUSDT,1754956800000,0.0001
LINKUSDT,1754985600001,0.0001
LINKUSDT,1755014400005,0.0001
LINKUSDT,1755043200000,0.0001
LINKUSDT,1755072000002,0.00002102
LINKUSDT,1755100800006,0.0001
LINKUSDT,1755129600002,0.0001
LINKUSDT,1755158400003,0.0001
LINKUSDT,1755187200000,0.0001
LINKUSDT,1755216000000,0.0001
LINKUSDT,1755244800000,0.00005026
LINKUSDT,1755273600000,0.0001
LINKUSDT,1755302400004,0.0001
LINKUSDT,1755331200000,0.0001
LINKUSDT,1755360000002,0.0001
LINKUSDT,1755388800000,-0.00005426
LINKUSDT,1755417600001,0.0001
LINKUSDT,1755446400007,0.0001
LINKUSDT,1755475200000,0.0001
LINKUSDT,1755504000001,0.0001
LINKUSDT,1755532800002,0.00001035
LINKUSDT,1755561600000,0.00007148
LINKUSDT,1755590400001,-0.00006356
LINKUSDT,1755619200000,0.0001
LINKUSDT,1755648000000,0.0001
LINKUSDT,1755676800000,0.0001
LINKUSDT,1755705600000,0.0001
LINKUSDT,1755734400006,0.0001
LINKUSDT,1755763200000,0.00005074
LINKUSDT,1755792000003,-0.00004682
LINKUSDT,1755820800010,0.00004051
LINKUSDT,1755849600007,-0.00001117
LINKUSDT,1755878400001,0.0001
LINKUSDT,1755907200004,0.0001
LINKUSDT,1755936000006,0.0001
LINKUSDT,1755964800000,-0.00000972
LINKUSDT,1755993600001,0.0001
LINKUSDT,1756022400002,0.0001
LINKUSDT,1756051200001,0.0001
LINKUSDT,1756080000000,0.0001
LINKUSDT,1756108800002,0.0001
LINKUSDT,1756137600002,0.00003819
LINKUSDT,1756166400000,0.00001733
LINKUSDT,1756195200000,-0.00000539
LINKUSDT,1756224000000,-0.00004838
LINKUSDT,1756252800003,0.00008165
LINKUSDT,1756281600000,0.0001
LINKUSDT,1756310400009,0.00002885
LINKUSDT,1756339200000,0.0001
LINKUSDT,1756368000005,0.0001
LINKUSDT,1756396800004,0.0001
LINKUSDT,1756425600000,0.00003302
LINKUSDT,1756454400000,-0.00013615
LINKUSDT,1756483200005,-0.00004944
LINKUSDT,1756512000000,0.00000543
LINKUSDT,1756540800002,0.00008254
LINKUSDT,1756569600003,0.00004252
LINKUSDT,1756598400016,0.000071
LINKUSDT,1756627200000,0.00006412
LINKUSDT,1756656000001,0.0001
LINKUSDT,1756684800000,0.00008258
LINKUSDT,1756713600000,0.0001
LINKUSDT,1756742400001,0.0001
LINKUSDT,1756771200000,0.00006534
LINKUSDT,1756800000005,0.0001
LINKUSDT,1756828800007,0.0001
LINKUSDT,1756857600006,0.0001
LINKUSDT,1756886400002,0.0001
LINKUSDT,1756915200002,0.0001
LINKUSDT,1756944000002,0.0001
LINKUSDT,1756972800000,0.00007904
LINKUSDT,1757001600000,-0.00004095
LINKUSDT,1757030400001,-0.0000835
LINKUSDT,1757059200006,0.0000772
LINKUSDT,1757088000000,0.0001
LINKUSDT,1757116800000,0.0001
LINKUSDT,1757145600005,0.0001
LINKUSDT,1757174400000,0.0001
LINKUSDT,1757203200000,0.0001
LINKUSDT,1757232000000,0.0001
LINKUSDT,1757260800000,0.0001
LINKUSDT,1757289600007,0.0001
LINKUSDT,1757318400000,0.0001
LINKUSDT,1757347200000,0.0001
LINKUSDT,1757376000000,0.0001
LINKUSDT,1757404800000,0.0001
LINKUSDT,1757433600000,0.0001
LINKUSDT,1757462400000,-0.00000127
LINKUSDT,1757491200002,0.0001
LINKUSDT,1757520000000,0.0001
LINKUSDT,1757548800000,0.00007537
LINKUSDT,1757577600000,0.0001
LINKUSDT,1757606400001,-0.00000981
LINKUSDT,1757635200002,0.0001
LINKUSDT,1757664000001,0.0001
LINKUSDT,1757692800005,0.00006451
LINKUSDT,1757721600005,0.0001
LINKUSDT,1757750400002,0.0001
LINKUSDT,1757779200000,0.0001
LINKUSDT,1757808000006,0.0001
LINKUSDT,1757836800000,0.0001
LINKUSDT,1757865600001,0.00002996
LINKUSDT,1757894400006,0.0000255
LINKUSDT,1757923200002,-0.00001011
LINKUSDT,1757952000001,-0.00003566
LINKUSDT,1757980800001,-0.00005941
LINKUSDT,1758009600000,0.00005437
LINKUSDT,1758038400000,0.00003106
LINKUSDT,1758067200001,0.0000774
LINKUSDT,1758096000000,0.00001845
LINKUSDT,1758124800003,0.0001
LINKUSDT,1758153600006,0.0001
LINKUSDT,1758182400002,0.0001
LINKUSDT,1758211200000,0.0001
LINKUSDT,1758240000000,0.0001
LINKUSDT,1758268800005,0.0001
LINKUSDT,1758297600000,0.00001607
LINKUSDT,1758326400000,-0.00003684
LINKUSDT,1758355200000,-0.00004753
LINKUSDT,1758384000002,-0.0000604
LINKUSDT,1758412800000,-0.0000078
LINKUSDT,1758441600000,0.00007195
LINKUSDT,1758470400000,-0.00001963
LINKUSDT,1758499200005,-0.00002611
LINKUSDT,1758528000003,-0.00015206
LINKUSDT,1758556800000,-0.00005322
LINKUSDT,1758585600000,0.00001649
LINKUSDT,1758614400001,0.00003745
LINKUSDT,1758643200000,0.00000328
LINKUSDT,1758672000003,0.0001
LINKUSDT,1758700800001,0.0001
LINKUSDT,1758729600002,0.0001
LINKUSDT,1758758400000,0.00007296
LINKUSDT,1758787200001,0.00009239
LINKUSDT,1758816000000,0.0001
LINKUSDT,1758844800000,0.0001
LINKUSDT,1758873600000,0.0001
LINKUSDT,1758902400008,0.0001
LINKUSDT,1758931200000,0.00005057
LINKUSDT,1758960000010,0.0001
LINKUSDT,1758988800003,0.0001
LINKUSDT,1759017600000,0.0001
LINKUSDT,1759046400000,0.00005004
LINKUSDT,1759075200000,0.0001
LINKUSDT,1759104000000,0.0001
LINKUSDT,1759132800002,-0.00005983
LINKUSDT,1759161600001,-0.00004871
LINKUSDT,1759190400002,0.0001
LINKUSDT,1759219200005,0.0001
LINKUSDT,1759248000000,-0.00002939
LINKUSDT,1759276800000,0.0001
LINKUSDT,1759305600000,0.0001
LINKUSDT,1759334400000,0.0001
LINKUSDT,1759363200000,0.0001
LINKUSDT,1759392000013,0.0001
LINKUSDT,1759420800000,-0.00007358
LINKUSDT,1759449600006,0.00007867
LINKUSDT,1759478400006,0.0001
LINKUSDT,1759507200000,0.0000044
LINKUSDT,1759536000001,0.0001
LINKUSDT,1759564800000,0.0001
LINKUSDT,1759593600000,0.00007081
LINKUSDT,1759622400000,0.0001
LINKUSDT,1759651200003,0.0001
LINKUSDT,1759680000009,0.0001
LINKUSDT,1759708800004,-0.00005209
LINKUSDT,1759737600002,0.00003921
LINKUSDT,1759766400004,0.0001
LINKUSDT,1759795200000,0.0001
LINKUSDT,1759824000003,0.0001
LINKUSDT,1759852800000,-0.00002203
LINKUSDT,1759881600000,-0.00017606
LINKUSDT,1759910400006,-0.0000205
LINKUSDT,1759939200002,0.00007797
LINKUSDT,1759968000001,0.0001
LINKUSDT,1759996800000,0.0001
LINKUSDT,1760025600000,-0.00003053
LINKUSDT,1760054400005,0.0001
LINKUSDT,1760083200002,0.0001
LINKUSDT,1760112000014,0.0001
LINKUSDT,1760140800000,-0.00030062
LINKUSDT,1760169600003,-0.0000109
LINKUSDT,1760198400000,0.00001182
LINKUSDT,1760227200004,-0.00004877
LINKUSDT,1760256000002,-0.00001264
LINKUSDT,1760284800000,0.00001477
LINKUSDT,1760313600003,0.00007118
LINKUSDT,1760342400002,0.00003213
LINKUSDT,1760371200003,0.00009358
LINKUSDT,1760400000000,0.0001
LINKUSDT,1760428800000,0.0001
LINKUSDT,1760457600000,0.00005009
LINKUSDT,1760486400006,0.00006747
LINKUSDT,1760515200002,0.00007401
LINKUSDT,1760544000000,0.00003077
LINKUSDT,1760572800000,0.0000774
LINKUSDT,1760601600003,-0.00003798
LINKUSDT,1760630400002,0.00004244
LINKUSDT,1760659200001,0.00009221
LINKUSDT,1760688000005,0.00005003
LINKUSDT,1760716800003,0.0001
LINKUSDT,1760745600000,0.00005223
LINKUSDT,1760774400002,0.00000588
LINKUSDT,1760803200001,0.00005481
LINKUSDT,1760832000001,0.00007659
LINKUSDT,1760860800001,0.00006133
LINKUSDT,1760889600001,0.00002355
LINKUSDT,1760918400004,0.00001261
LINKUSDT,1760947200001,0.0000304
LINKUSDT,1760976000000,0.0001
LINKUSDT,1761004800009,0.0000471
LINKUSDT,1761033600000,-0.00001311
LINKUSDT,1761062400000,-0.00011381
LINKUSDT,1761091200004,0.00002313
LINKUSDT,1761120000000,-0.00004325
LINKUSDT,1761148800000,-0.000073
LINKUSDT,1761177600000,0.0001
LINKUSDT,1761206400001,-0.00004485
LINKUSDT,1761235200004,0.0001
LINKUSDT,1761264000000,0.0001
LINKUSDT,1761292800000,-0.00000684
LINKUSDT,1761321600009,0.00002035
LINKUSDT,1761350400000,0.0001
LINKUSDT,1761379200001,0.00007485
LINKUSDT,1761408000001,0.00006743
LINKUSDT,1761436800001,0.00006186
LINKUSDT,1761465600001,0.00005252
LINKUSDT,1761494400000,0.00006822
LINKUSDT,1761523200000,0.0001
LINKUSDT,1761552000005,0.0001
LINKUSDT,1761580800000,0.000041
LINKUSDT,1761609600000,0.0001
LINKUSDT,1761638400000,0.0000543
LINKUSDT,1761667200004,0.00006193
LINKUSDT,1761696000004,-0.00008606
LINKUSDT,1761724800005,-0.00005819
LINKUSDT,1761753600000,0.0001
LINKUSDT,1761782400004,0.0001
LINKUSDT,1761811200008,0.00002867
LINKUSDT,1761840000001,-0.00010997
LINKUSDT,1761868800000,-0.00018715
LINKUSDT,1761897600008,0.0000311
LINKUSDT,1761926400007,0.00004474
LINKUSDT,1761955200001,0.0001
LINKUSDT,1761984000000,0.0001
LINKUSDT,1762012800000,0.0001
LINKUSDT,1762041600007,0.0001
LINKUSDT,1762070400000,0.00004903
LINKUSDT,1762099200001,0.00005639
LINKUSDT,1762128000000,0.00009373
LINKUSDT,1762156800010,-0.00017586
LINKUSDT,1762185600000,0.00001459
LINKUSDT,1762214400002,0.00004401
LINKUSDT,1762243200004,0.00006154
LINKUSDT,1762272000000,0.0001
LINKUSDT,1762300800000,0.0001
LINKUSDT,1762329600000,0.0001
LINKUSDT,1762358400004,0.00004122
LINKUSDT,1762387200001,0.0001
LINKUSDT,1762416000000,0.00004074
LINKUSDT,1762444800001,0.00003004
LINKUSDT,1762473600005,0.0001
LINKUSDT,1762502400003,0.0001
LINKUSDT,1762531200005,0.0001
LINKUSDT,1762560000011,0.0001
LINKUSDT,1762588800015,0.0001
LINKUSDT,1762617600001,0.00005397
LINKUSDT,1762646400004,0.00002923
LINKUSDT,1762675200000,0.00005784
LINKUSDT,1762704000005,0.00001229
LINKUSDT,1762732800000,0.00006779
LINKUSDT,1762761600000,0.00003362
LINKUSDT,1762790400003,0.0001
LINKUSDT,1762819200007,0.0000597
LINKUSDT,1762848000000,0.00000154
LINKUSDT,1762876800009,0.00009444
LINKUSDT,1762905600000,0.00007824
LINKUSDT,1762934400002,-0.00009319
LINKUSDT,1762963200000,0.0001
LINKUSDT,1762992000002,-0.00018861
LINKUSDT,1763020800000,0.0001
LINKUSDT,1763049600001,0.00009332
LINKUSDT,1763078400000,-0.00020034
LINKUSDT,1763107200000,0.00005706
LINKUSDT,1763136000001,0.00007405
LINKUSDT,1763164800005,0.00004317
LINKUSDT,1763193600000,0.00008787
LINKUSDT,1763222400001,0.00005782
LINKUSDT,1763251200001,0.0001
LINKUSDT,1763280000000,0.0000959
LINKUSDT,1763308800000,-0.00005063
LINKUSDT,1763337600003,0.0001
LINKUSDT,1763366400003,0.00005259
LINKUSDT,1763395200000,0.0001
LINKUSDT,1763424000002,-0.00004119
LINKUSDT,1763452800004,0.0001
LINKUSDT,1763481600000,0.0001
LINKUSDT,1763510400000,0.0001
LINKUSDT,1763539200000,0.00008447
LINKUSDT,1763568000008,-0.0000286
LINKUSDT,1763596800000,0.00004059
LINKUSDT,1763625600000,0.0001
LINKUSDT,1763654400000,0.0001
LINKUSDT,1763683200001,-0.00002357
LINKUSDT,1763712000000,0.0001
LINKUSDT,1763740800001,-0.00000124
LINKUSDT,1763769600004,-0.00000471
LINKUSDT,1763798400000,0.00005348
LINKUSDT,1763827200000,-0.00000232
LINKUSDT,1763856000000,0.00004052
LINKUSDT,1763884800008,-0.00001492
LINKUSDT,1763913600003,-0.00001519
LINKUSDT,1763942400004,0.00001197
LINKUSDT,1763971200000,0.00003031
LINKUSDT,1764000000006,0.00002403
LINKUSDT,1764028800000,0.00007426
LINKUSDT,1764057600009,-0.00003293
LINKUSDT,1764086400007,-0.00003623
LINKUSDT,1764115200001,0.0001
LINKUSDT,1764144000001,0.0001
LINKUSDT,1764172800000,0.00006942
LINKUSDT,1764201600013,0.0001
LINKUSDT,1764230400000,0.0001
LINKUSDT,1764259200004,0.00006609
LINKUSDT,1764288000008,0.00005742
LINKUSDT,1764316800000,0.00006206
LINKUSDT,1764345600008,0.00000503
LINKUSDT,1764374400000,0.00002589
LINKUSDT,1764403200005,0.0001
LINKUSDT,1764432000001,0.0001
LINKUSDT,1764460800003,0.00005235
LINKUSDT,1764489600000,0.00007818
LINKUSDT,1764518400004,0.0001
LINKUSDT,1764547200000,-0.00000543
LINKUSDT,1764576000004,-0.0001469
LINKUSDT,1764604800000,-0.00001941
LINKUSDT,1764633600004,0.00005273
LINKUSDT,1764662400000,0.00005838
LINKUSDT,1764691200000,0.00006145
LINKUSDT,1764720000000,0.0001
LINKUSDT,1764748800000,0.00000194
LINKUSDT,1764777600005,0.0001
LINKUSDT,1764806400012,0.0001
LINKUSDT,1764835200000,0.00000812
LINKUSDT,1764864000011,0.00006572
LINKUSDT,1764892800000,0.0001
LINKUSDT,1764921600000,-0.00004912
LINKUSDT,1764950400010,0.00002426
LINKUSDT,1764979200001,-0.00001297
LINKUSDT,1765008000001,-0.00017941
LINKUSDT,1765036800008,-0.00002052
LINKUSDT,1765065600000,0.00004716
LINKUSDT,1765094400004,0.00007272
LINKUSDT,1765123200000,0.00000943
LINKUSDT,1765152000000,-0.00000808
LINKUSDT,1765180800000,0.00001165
LINKUSDT,1765209600001,-0.0000325
LINKUSDT,1765238400001,0.00000576
LINKUSDT,1765267200001,-0.00004127
LINKUSDT,1765296000007,0.00003824
LINKUSDT,1765324800007,0.0001
LINKUSDT,1765353600002,-0.00019623
LINKUSDT,1765382400012,-0.00009596
LINKUSDT,1765411200001,0.0001
LINKUSDT,1765440000000,0.00004347
LINKUSDT,1765468800000,0.00002295
LINKUSDT,1765497600005,0.0001
LINKUSDT,1765526400007,0.00006045
LINKUSDT,1765555200002,0.00000867
LINKUSDT,1765584000001,-0.00002557
LINKUSDT,1765612800006,0.0001
LINKUSDT,1765641600000,0.0001
LINKUSDT,1765670400000,0.0001
LINKUSDT,1765699200003,0.00003317
LINKUSDT,1765728000005,0.00003444
LINKUSDT,1765756800000,0.00003444
LINKUSDT,1765785600000,0.00006868
LINKUSDT,1765814400000,0.00004491
LINKUSDT,1765843200002,-0.0000171
LINKUSDT,1765872000000,0.00001232
LINKUSDT,1765900800002,0.0001
LINKUSDT,1765929600004,0.00009606
LINKUSDT,1765958400000,0.00005774
LINKUSDT,1765987200000,0.00004241
LINKUSDT,1766016000005,-0.00000809
LINKUSDT,1766044800007,-0.00010683
LINKUSDT,1766073600001,0.00008102
LINKUSDT,1766102400000,-0.00000416
LINKUSDT,1766131200001,0.0000357
LINKUSDT,1766160000000,0.0001
LINKUSDT,1766188800005,0.0001
LINKUSDT,1766217600000,0.00005742
LINKUSDT,1766246400002,0.0001
LINKUSDT,1766275200000,0.0001
LINKUSDT,1766304000009,0.00004896
LINKUSDT,1766332800000,-0.00006917
LINKUSDT,1766361600000,-0.00004219
LINKUSDT,1766390400005,-0.00002718
LINKUSDT,1766419200009,0.00007771
LINKUSDT,1766448000000,-0.00000718
LINKUSDT,1766476800000,-0.00006273
LINKUSDT,1766505600001,0.00007043
LINKUSDT,1766534400001,0.00005846
LINKUSDT,1766563200001,-0.00003302
LINKUSDT,1766592000000,0.00000465
LINKUSDT,1766620800000,0.0001
LINKUSDT,1766649600001,0.0001
LINKUSDT,1766678400005,0.00003265
LINKUSDT,1766707200004,0.00001896
LINKUSDT,1766736000001,0.0001
LINKUSDT,1766764800007,0.0001
LINKUSDT,1766793600000,0.00004326
LINKUSDT,1766822400000,0.0001
LINKUSDT,1766851200011,0.0001
LINKUSDT,1766880000008,0.0001
LINKUSDT,1766908800000,0.0001
LINKUSDT,1766937600000,0.0001
LINKUSDT,1766966400016,0.0001
LINKUSDT,1766995200001,0.0001
LINKUSDT,1767024000000,-0.00001865
LINKUSDT,1767052800005,-0.00001135
LINKUSDT,1767081600001,0.00006423
LINKUSDT,1767110400003,0.0001
LINKUSDT,1767139200004,0.0000483
LINKUSDT,1767168000001,-0.00001392
LINKUSDT,1767196800001,0.00008961
LINKUSDT,1767225600008,0.00003104
LINKUSDT,1767254400002,-0.0000415
LINKUSDT,1767283200001,-0.00003478
LINKUSDT,1767312000006,0.0001
LINKUSDT,1767340800007,0.0001
LINKUSDT,1767369600000,0.0001
LINKUSDT,1767398400001,0.0001
LINKUSDT,1767427200000,0.0001
LINKUSDT,1767456000000,0.0001
LINKUSDT,1767484800000,0.0001
LINKUSDT,1767513600000,0.00009093
LINKUSDT,1767542400001,0.0001
LINKUSDT,1767571200000,0.0001
LINKUSDT,1767600000000,-0.00000705
LINKUSDT,1767628800000,0.0001
LINKUSDT,1767657600010,0.0001
LINKUSDT,1767686400000,0.00001247
LINKUSDT,1767715200000,0.00006252
LINKUSDT,1767744000001,0.0001
LINKUSDT,1767772800001,0.00009052
LINKUSDT,1767801600001,-0.00003939
LINKUSDT,1767830400001,0.00007522
LINKUSDT,1767859200000,0.0001
LINKUSDT,1767888000000,0.0001
LINKUSDT,1767916800003,0.0001
LINKUSDT,1767945600000,0.0001
LINKUSDT,1767974400001,0.00005496
LINKUSDT,1768003200000,0.00005182
LINKUSDT,1768032000002,0.00004133
LINKUSDT,1768060800001,0.0001
LINKUSDT,1768089600003,0.0001
LINKUSDT,1768118400006,0.00009274
LINKUSDT,1768147200000,0.0001
LINKUSDT,1768176000005,0.00000556
LINKUSDT,1768204800000,0.0001
LINKUSDT,1768233600000,-0.00000424
LINKUSDT,1768262400007,-0.00000406
LINKUSDT,1768291200009,0.0001
LINKUSDT,1768320000002,0.0001
LINKUSDT,1768348800000,0.0001
LINKUSDT,1768377600001,0.0001
LINKUSDT,1768406400004,0.0001
LINKUSDT,1768435200000,0.0001
LINKUSDT,1768464000004,0.0001
LINKUSDT,1768492800002,0.0000676
LINKUSDT,1768521600000,-0.00008334
LINKUSDT,1768550400000,0.00002678
LINKUSDT,1768579200001,0.00002659
LINKUSDT,1768608000000,0.0001
LINKUSDT,1768636800000,0.0000741
LINKUSDT,1768665600002,0.0000906
LINKUSDT,1768694400001,0.0000916
LINKUSDT,1768723200000,-0.00001998
LINKUSDT,1768752000000,-0.00004631
LINKUSDT,1768780800007,-0.00000742
LINKUSDT,1768809600007,-0.00003559
LINKUSDT,1768838400007,-0.00000992
LINKUSDT,1768867200005,0.00004747
LINKUSDT,1768896000001,0.00008139
LINKUSDT,1768924800009,0.00004766
LINKUSDT,1768953600001,0.00003063
LINKUSDT,1768982400011,-0.00010599
LINKUSDT,1769011200011,0.00004
LINKUSDT,1769040000010,0.0000655
LINKUSDT,1769068800003,0.0001
LINKUSDT,1769097600005,0.00000183
LINKUSDT,1769126400005,-0.00001228
LINKUSDT,1769155200000,0.00004336
LINKUSDT,1769184000011,-0.00005501
LINKUSDT,1769212800011,-0.00003588
LINKUSDT,1769241600002,-0.00001318
LINKUSDT,1769270400001,-0.00004066
LINKUSDT,1769299200002,0.00008664
LINKUSDT,1769328000011,0.0000068
LINKUSDT,1769356800005,-0.00001716
LINKUSDT,1769385600000,0.00002004
LINKUSDT,1769414400003,0.0001
LINKUSDT,1769443200000,0.00008566
LINKUSDT,1769472000002,0.00005522
LINKUSDT,1769500800000,0.00008885
LINKUSDT,1769529600000,0.00002392
LINKUSDT,1769558400000,0.0001
LINKUSDT,1769587200000,0.0001
LINKUSDT,1769616000000,-0.0000791
LINKUSDT,1769644800000,0.00005849
LINKUSDT,1769673600009,-0.00007963
LINKUSDT,1769702400000,-0.0000941
LINKUSDT,1769731200008,0.00007601
LINKUSDT,1769760000000,0.0001
LINKUSDT,1769788800001,0.00005613
LINKUSDT,1769817600000,0.0000862
LINKUSDT,1769846400001,-0.00005718
LINKUSDT,1769875200009,0.00000854
LINKUSDT,1769904000001,0.00002467
LINKUSDT,1769932800004,0.0000739
LINKUSDT,1769961600000,0.0001
LINKUSDT,1769990400000,0.0001
LINKUSDT,1770019200014,0.00006557
LINKUSDT,1770048000000,-0.00010104
LINKUSDT,1770076800000,0.00008201
LINKUSDT,1770105600007,0.00003154
LINKUSDT,1770134400000,0.00005005
LINKUSDT,1770163200002,0.0001
LINKUSDT,1770192000007,0.00009555
LINKUSDT,1770220800000,0.00007157
LINKUSDT,1770249600011,0.00009638
LINKUSDT,1770278400000,0.00007868
LINKUSDT,1770307200007,-0.0000076
LINKUSDT,1770336000000,-0.00003347
LINKUSDT,1770364800001,-0.00001097
LINKUSDT,1770393600000,-0.00001753
LINKUSDT,1770422400003,-0.00002494
LINKUSDT,1770451200000,0.00005405
LINKUSDT,1770480000010,0.00007691
LINKUSDT,1770508800003,0.00003001
LINKUSDT,1770537600000,-0.00001902
LINKUSDT,1770566400000,-0.00005034
LINKUSDT,1770595200002,0.00000072
LINKUSDT,1770624000001,0.00002431
LINKUSDT,1770652800007,0.00007845
LINKUSDT,1770681600000,0.00002527
LINKUSDT,1770710400007,0.00001476
LINKUSDT,1770739200000,0.00004894
LINKUSDT,1770768000000,0.00005965
LINKUSDT,1770796800006,0.00002307
LINKUSDT,1770825600000,-0.00007155
LINKUSDT,1770854400000,0.0000304
LINKUSDT,1770883200001,0.00007919
LINKUSDT,1770912000001,0.00001278
LINKUSDT,1770940800007,0.0000848
LINKUSDT,1770969600003,0.00003644
LINKUSDT,1770998400005,0.00005298
LINKUSDT,1771027200002,0.00004844
LINKUSDT,1771056000004,0.00002594
LINKUSDT,1771084800002,0.00004944
LINKUSDT,1771113600000,-0.00002876
LINKUSDT,1771142400002,-0.00002449
LINKUSDT,1771171200000,0.00007101
LINKUSDT,1771200000001,0.00003183
LINKUSDT,1771228800003,-0.0000115
LINKUSDT,1771257600000,0.00002939
LINKUSDT,1771286400008,0.000043
LINKUSDT,1771315200001,0.0001
LINKUSDT,1771344000002,0.00005641
LINKUSDT,1771372800000,0.00004079
LINKUSDT,1771401600000,0.00000403
LINKUSDT,1771430400011,-0.00006541
LINKUSDT,1771459200013,-0.00009407
LINKUSDT,1771488000000,-0.00002359
LINKUSDT,1771516800003,-0.00006934
LINKUSDT,1771545600000,-0.00002871
LINKUSDT,1771574400000,0.00007938
LINKUSDT,1771603200000,0.00009551
LINKUSDT,1771632000004,0.0001
LINKUSDT,1771660800000,0.00006491
LINKUSDT,1771689600005,0.00002607
LINKUSDT,1771718400001,0.00001508
LINKUSDT,1771747200004,-0.00009951
LINKUSDT,1771776000000,-0.00004577
LINKUSDT,1771804800001,-0.00003489
LINKUSDT,1771833600000,-0.0000425
LINKUSDT,1771862400000,0.0001
LINKUSDT,1771891200007,0.0000519
LINKUSDT,1771920000000,0.00004123
LINKUSDT,1771948800001,0.00000087
LINKUSDT,1771977600001,-0.00005234
LINKUSDT,1772006400007,0.0001
LINKUSDT,1772035200000,0.0001
LINKUSDT,1772064000000,0.0001
LINKUSDT,1772092800006,0.00007884
LINKUSDT,1772121600002,0.000001
LINKUSDT,1772150400007,0.00003414
LINKUSDT,1772179200000,0.00008334
LINKUSDT,1772208000001,-0.00000963
LINKUSDT,1772236800000,-0.00001838
LINKUSDT,1772265600000,-0.00001679
LINKUSDT,1772294400004,-0.00008139
LINKUSDT,1772323200005,0.0000949
LINKUSDT,1772352000000,0.0001
LINKUSDT,1772380800002,0.0000118
LINKUSDT,1772409600001,0.00007303
LINKUSDT,1772438400007,0.00006778
LINKUSDT,1772467200000,0.00003281
LINKUSDT,1772496000000,0.00001809
LINKUSDT,1772524800000,0.0000443
LINKUSDT,1772553600007,-0.00005246
LINKUSDT,1772582400001,0.00000891
LINKUSDT,1772611200005,0.00003808
LINKUSDT,1772640000000,0.00004713
LINKUSDT,1772668800000,0.0001
LINKUSDT,1772697600000,0.00001778
LINKUSDT,1772726400004,-0.00010568
LINKUSDT,1772755200001,0.00006581
LINKUSDT,1772784000001,0.0000109
LINKUSDT,1772812800004,-0.00013472
LINKUSDT,1772841600001,-0.00010882
LINKUSDT,1772870400012,0.00001528
LINKUSDT,1772899200001,-0.000029
LINKUSDT,1772928000001,-0.00009369
LINKUSDT,1772956800000,-0.00003489
LINKUSDT,1772985600002,0.00000321
LINKUSDT,1773014400000,-0.00002838
LINKUSDT,1773043200004,0.00003674
LINKUSDT,1773072000003,0.00008078
LINKUSDT,1773100800012,0.0001
LINKUSDT,1773129600002,0.00007243
LINKUSDT,1773158400001,0.00006181
LINKUSDT,1773187200000,-0.00000912
LINKUSDT,1773216000007,0.00006948
LINKUSDT,1773244800010,0.00004602
LINKUSDT,1773273600000,0.00008122
LINKUSDT,1773302400000,-0.00008986
LINKUSDT,1773331200000,0.0000298
LINKUSDT,1773360000006,0.0001
LINKUSDT,1773388800001,0.0001
LINKUSDT,1773417600000,0.0001
LINKUSDT,1773446400001,0.00006263
LINKUSDT,1773475200000,0.0001
LINKUSDT,1773504000007,-0.00013564
LINKUSDT,1773532800000,0.00004363
LINKUSDT,1773561600000,0.0001
LINKUSDT,1773590400000,0.0001
LINKUSDT,1773619200000,0.00007534
LINKUSDT,1773648000010,0.0001
LINKUSDT,1773676800000,-0.00000666
LINKUSDT,1773705600000,-0.00004602
LINKUSDT,1773734400002,0.00007088
LINKUSDT,1773763200011,0.00001092
LINKUSDT,1773792000002,0.0001
LINKUSDT,1773820800002,-0.00002468
LINKUSDT,1773849600005,-0.00014149
LINKUSDT,1773878400000,-0.00014346
LINKUSDT,1773907200003,0.00002792
LINKUSDT,1773936000003,0.00000487
LINKUSDT,1773964800002,-0.00005076
LINKUSDT,1773993600000,-0.00000639
LINKUSDT,1774022400000,0.00002986
LINKUSDT,1774051200000,-0.00009382
LINKUSDT,1774080000000,0.00008882
LINKUSDT,1774108800014,0.00007019
LINKUSDT,1774137600012,-0.00004838
LINKUSDT,1774166400007,-0.00000921
LINKUSDT,1774195200002,0.00005911
LINKUSDT,1774224000000,0.0001
LINKUSDT,1774252800003,0.00009535
LINKUSDT,1774281600002,0.00004966
LINKUSDT,1774310400000,0.00009937
LINKUSDT,1774339200000,0.00003613
LINKUSDT,1774368000003,-0.00008584
LINKUSDT,1774396800000,0.0001
LINKUSDT,1774425600000,0.0001
LINKUSDT,1774454400013,0.00002234
LINKUSDT,1774483200001,0.0001
LINKUSDT,1774512000001,0.0000364
LINKUSDT,1774540800000,-0.00005766
LINKUSDT,1774569600006,-0.0000157
LINKUSDT,1774598400000,0.00005304
LINKUSDT,1774627200000,-0.00014801
LINKUSDT,1774656000005,0.00003029
LINKUSDT,1774684800005,-0.00003861
LINKUSDT,1774713600000,0.00001966
LINKUSDT,1774742400003,-0.00003746
LINKUSDT,1774771200001,0.0000451
LINKUSDT,1774800000000,-0.00004709
LINKUSDT,1774828800000,0.00003047
LINKUSDT,1774857600005,0.0001
LINKUSDT,1774886400000,0.0001
LINKUSDT,1774915200000,0.0001
LINKUSDT,1774944000000,0.00006879
LINKUSDT,1774972800000,0.00002116
LINKUSDT,1775001600000,0.0001
LINKUSDT,1775030400000,0.0001
LINKUSDT,1775059200000,0.0001
LINKUSDT,1775088000003,0.0001
LINKUSDT,1775116800001,-0.00011712
LINKUSDT,1775145600001,-0.00007324
LINKUSDT,1775174400000,-0.00002889
LINKUSDT,1775203200008,0.0000933
LINKUSDT,1775232000008,0.0001
LINKUSDT,1775260800000,0.00008233
LINKUSDT,1775289600003,-0.00002821
LINKUSDT,1775318400000,0.00004905
LINKUSDT,1775347200008,0.0001
LINKUSDT,1775376000000,-0.00003154
LINKUSDT,1775404800001,-0.00008873
LINKUSDT,1775433600004,0.00007633
LINKUSDT,1775462400001,0.0001
LINKUSDT,1775491200003,0.0001
LINKUSDT,1775520000000,0.0001
LINKUSDT,1775548800000,0.00006159
LINKUSDT,1775577600000,0.00002687
LINKUSDT,1775606400000,0.0001
LINKUSDT,1775635200000,0.0001
LINKUSDT,1775664000006,0.00002295
LINKUSDT,1775692800000,-0.00005409
LINKUSDT,1775721600010,-0.00014832
LINKUSDT,1775750400001,-0.00002649
LINKUSDT,1775779200000,0.00003718
LINKUSDT,1775808000005,0.00003425
LINKUSDT,1775836800000,0.00003647
LINKUSDT,1775865600000,0.00009479
LINKUSDT,1775894400000,-0.00005366
LINKUSDT,1775923200003,-0.0000235
LINKUSDT,1775952000000,0.0001
LINKUSDT,1775980800000,-0.00023185
LINKUSDT,1776009600000,0.00000846
LINKUSDT,1776038400011,-0.00000633
LINKUSDT,1776067200006,0.00008293
LINKUSDT,1776096000000,-0.00006314
LINKUSDT,1776124800005,0.0001
LINKUSDT,1776153600003,0.00006769
LINKUSDT,1776182400001,0.00005278
LINKUSDT,1776211200000,-0.00006269
LINKUSDT,1776240000000,0.00000534
LINKUSDT,1776268800000,0.0000448
LINKUSDT,1776297600013,0.0001
LINKUSDT,1776326400000,0.0001
LINKUSDT,1776355200000,0.0001
LINKUSDT,1776384000001,0.0001
LINKUSDT,1776412800011,0.00004848
LINKUSDT,1776441600001,0.00008976
LINKUSDT,1776470400001,0.0001
LINKUSDT,1776499200006,0.00002419
LINKUSDT,1776528000000,-0.00000361
LINKUSDT,1776556800002,0.00001532
LINKUSDT,1776585600010,0.00000216
LINKUSDT,1776614400001,-0.0000099
LINKUSDT,1776643200000,-0.00000398
LINKUSDT,1776672000000,0.00003426
LINKUSDT,1776700800001,0.00002396
LINKUSDT,1776729600000,0.00002534
LINKUSDT,1776758400004,0.00007318
LINKUSDT,1776787200004,0.00007057
LINKUSDT,1776816000004,0.00007547
LINKUSDT,1776844800000,0.0001
LINKUSDT,1776873600000,0.00007763
LINKUSDT,1776902400000,0.00003715
LINKUSDT,1776931200000,-0.00014477
LINKUSDT,1776960000004,0.0001
LINKUSDT,1776988800006,0.00005572
LINKUSDT,1777017600000,0.0001
LINKUSDT,1777046400000,0.00008613
LINKUSDT,1777075200000,0.0001
LINKUSDT,1777104000002,0.0001
LINKUSDT,1777132800002,0.00006749
LINKUSDT,1777161600003,0.00003243
LINKUSDT,1777190400007,0.00000963
LINKUSDT,1777219200004,0.0001
LINKUSDT,1777248000004,0.00007521
LINKUSDT,1777276800000,-0.0000322
LINKUSDT,1777305600002,0.00004137
LINKUSDT,1777334400001,0.00001161
LINKUSDT,1777363200000,0.0001
LINKUSDT,1777392000004,0.0000726
LINKUSDT,1777420800006,0.00009219
LINKUSDT,1777449600011,0.00008179
LINKUSDT,1777478400003,-0.00005278
LINKUSDT,1777507200002,-0.00003026
LINKUSDT,1777536000000,-0.00004512
LINKUSDT,1777564800000,-0.00006622
LINKUSDT,1777593600000,0.0000684
LINKUSDT,1777622400005,0.00004773
LINKUSDT,1777651200000,0.00004909
LINKUSDT,1777680000006,-0.00005854
LINKUSDT,1777708800000,0.00001345
LINKUSDT,1777737600010,0.00002084
LINKUSDT,1777766400005,0.0001
LINKUSDT,1777795200003,-0.00019549
LINKUSDT,1777824000000,0.0001
LINKUSDT,1777852800000,-0.00003485
LINKUSDT,1777881600000,0.0001
LINKUSDT,1777910400003,0.00007727
LINKUSDT,1777939200000,0.00008353
LINKUSDT,1777968000011,0.00000341
LINKUSDT,1777996800000,0.0001
LINKUSDT,1778025600010,0.0001
LINKUSDT,1778054400000,0.0001
LINKUSDT,1778083200002,0.0001
LINKUSDT,1778112000000,0.0001
LINKUSDT,1778140800000,0.0001
LINKUSDT,1778169600004,0.0001
LINKUSDT,1778198400003,0.0001
LINKUSDT,1778227200002,0.0001
LINKUSDT,1778256000003,0.0001
LINKUSDT,1778284800000,0.0001
LINKUSDT,1778313600001,0.0001
LINKUSDT,1778342400002,0.00004412
LINKUSDT,1778371200003,0.00003086
LINKUSDT,1778400000000,0.00004317
LINKUSDT,1778428800000,0.0001
LINKUSDT,1778457600000,0.0001
LINKUSDT,1778486400000,0.0001
LINKUSDT,1778515200000,0.0001
LINKUSDT,1778544000002,0.00000772
LINKUSDT,1778572800008,0.00007086
LINKUSDT,1778601600000,0.00007053
LINKUSDT,1778630400010,0.0001
LINKUSDT,1778659200003,0.0001
LINKUSDT,1778688000001,-0.00006032
LINKUSDT,1778716800005,-0.00005196
LINKUSDT,1778745600000,0.00006874
LINKUSDT,1778774400000,0.0001
LINKUSDT,1778803200000,0.0001
LINKUSDT,1778832000016,-0.00000876
LINKUSDT,1778860800012,-0.0000701
LINKUSDT,1778889600005,-0.00006783
LINKUSDT,1778918400000,-0.00001607
LINKUSDT,1778947200005,0.00000735
LINKUSDT,1778976000000,0.00008638
LINKUSDT,1779004800010,0.00003772
LINKUSDT,1779033600009,-0.0000219
LINKUSDT,1779062400007,-0.00001736
LINKUSDT,1779091200002,0.0001
LINKUSDT,1779120000007,0.00002268
LINKUSDT,1779148800001,0.00001891
LINKUSDT,1779177600001,0.0001
LINKUSDT,1779206400009,-0.00004284
LINKUSDT,1779235200001,-0.00000437
LINKUSDT,1779264000006,0.00001428
LINKUSDT,1779292800000,0.0001
LINKUSDT,1779321600001,0.00004463
LINKUSDT,1779350400000,0.00008525
LINKUSDT,1779379200000,0.0000567
LINKUSDT,1779408000000,0.00004826
LINKUSDT,1779436800004,0.00000593
LINKUSDT,1779465600001,0.00007734
LINKUSDT,1779494400009,0.00003012
LINKUSDT,1779523200001,-0.00007171
LINKUSDT,1779552000003,-0.00000773
LINKUSDT,1779580800011,0.0000635
LINKUSDT,1779609600008,0.00001082
LINKUSDT,1779638400000,0.00003992
LINKUSDT,1779667200001,0.00001477
LINKUSDT,1779696000001,0.00004557
LINKUSDT,1779724800001,0.00005471
LINKUSDT,1779753600000,0.00007466
LINKUSDT,1779782400003,0.00004012
LINKUSDT,1779811200000,0.00007186
LINKUSDT,1779840000000,0.00003892
LINKUSDT,1779868800004,-0.00005618
LINKUSDT,1779897600009,0.00009542
LINKUSDT,1779926400001,0.0001
LINKUSDT,1779955200000,-0.00008043
LINKUSDT,1779984000001,0.000011
LINKUSDT,1780012800000,-0.00001328
LINKUSDT,1780041600001,0.0000558
LINKUSDT,1780070400008,-0.0000064
LINKUSDT,1780099200000,0.00006075
LINKUSDT,1780128000001,0.00002369
LINKUSDT,1780156800000,-0.0000313
LINKUSDT,1780185600000,0.00004017
LINKUSDT,1780214400000,0.00007283
LINKUSDT,1780243200004,0.00003765
LINKUSDT,1780272000001,-0.00002602
LINKUSDT,1780300800001,0.00009294
LINKUSDT,1780329600000,0.00006991
LINKUSDT,1780358400000,0.00004933
LINKUSDT,1780387200000,0.00008614
LINKUSDT,1780416000000,-0.00003742
LINKUSDT,1780444800013,-0.00006963
LINKUSDT,1780473600000,0.00008193
LINKUSDT,1780502400001,0.00005878
LINKUSDT,1780531200009,-0.00004588
LINKUSDT,1780560000000,0.00002345
LINKUSDT,1780588800003,0.0000726
LINKUSDT,1780617600000,-0.0000477
LINKUSDT,1780646400004,0.00001291
LINKUSDT,1780675200009,0.00007351
LINKUSDT,1780704000000,0.00000984
LINKUSDT,1780732800000,0.00000941
LINKUSDT,1780761600000,0.00000615
LINKUSDT,1780790400001,0.0000172
LINKUSDT,1780819200000,0.00004603
LINKUSDT,1780848000000,0.00008722
LINKUSDT,1780876800000,0.00007492
LINKUSDT,1780905600005,0.00002735
LINKUSDT,1780934400004,0.00006045
LINKUSDT,1780963200000,0.00000061
LINKUSDT,1780992000000,0.00004647
LINKUSDT,1781020800001,-0.00004454
LINKUSDT,1781049600001,0.00009277
LINKUSDT,1781078400011,0.00001548
LINKUSDT,1781107200009,0.00004424
LINKUSDT,1781136000000,0.00000577
LINKUSDT,1781164800004,0.00004004
LINKUSDT,1781193600000,0.00004029
LINKUSDT,1781222400000,0.00004909
LINKUSDT,1781251200000,0.00008988
LINKUSDT,1781280000000,0.00004102
LINKUSDT,1781308800000,0.00000178
LINKUSDT,1781337600007,0.00001168
LINKUSDT,1781366400002,0.00003888
LINKUSDT,1781395200005,0.00001435
LINKUSDT,1781424000009,-0.00002797
LINKUSDT,1781452800000,-0.00000889
LINKUSDT,1781481600013,0.00007372
LINKUSDT,1781510400013,0.00005063
LINKUSDT,1781539200004,0.0001
LINKUSDT,1781568000000,0.00007386
LINKUSDT,1781596800000,0.00003692
LINKUSDT,1781625600001,0.00001324
LINKUSDT,1781654400012,0.00008109
LINKUSDT,1781683200000,0.00006045
LINKUSDT,1781712000000,0.00004113
LINKUSDT,1781740800002,0.00005377
LINKUSDT,1781769600000,-0.00005376
LINKUSDT,1781798400001,-0.0000351
LINKUSDT,1781827200005,0.00008439
LINKUSDT,1781856000001,0.00002495
LINKUSDT,1781884800001,0.00002335
LINKUSDT,1781913600001,-0.00003576
LINKUSDT,1781942400000,0.00007229
LINKUSDT,1781971200001,-0.00001405
LINKUSDT,1782000000000,0.00002158
LINKUSDT,1782028800000,-0.0000148
LINKUSDT,1782057600000,0.0001
LINKUSDT,1782086400000,0.0000614
LINKUSDT,1782115200000,0.00004938
LINKUSDT,1782144000002,0.00002557
LINKUSDT,1782172800003,-0.00000953
LINKUSDT,1782201600005,-0.00004412
LINKUSDT,1782230400002,-0.00003889
LINKUSDT,1782259200005,0.00005287
LINKUSDT,1782288000005,-0.00000321
LINKUSDT,1782316800003,0.00001041
LINKUSDT,1782345600000,0.00007737
LINKUSDT,1782374400000,0.00004787
LINKUSDT,1782403200000,-0.00005451
LINKUSDT,1782432000010,0.00002166
LINKUSDT,1782460800002,0.0000646
LINKUSDT,1782489600000,0.00009581
LINKUSDT,1782518400000,0.00005964
LINKUSDT,1782547200000,0.00004256
LINKUSDT,1782576000009,0.00001773
LINKUSDT,1782604800000,0.00003966
LINKUSDT,1782633600013,0.00001257
LINKUSDT,1782662400000,-0.00000812
LINKUSDT,1782691200006,0.00003671
LINKUSDT,1782720000013,0.0000182
LINKUSDT,1782748800004,0.00007319
LINKUSDT,1782777600000,0.00007297
LINKUSDT,1782806400000,0.00005974
LINKUSDT,1782835200005,0.00004327
LINKUSDT,1782864000000,0.00006458
LINKUSDT,1782892800000,0.00002337
LINKUSDT,1782921600000,0.00008808
LINKUSDT,1782950400000,0.0000368
LINKUSDT,1782979200000,0.00001327
LINKUSDT,1783008000000,0.0001
LINKUSDT,1783036800000,0.00003732
LINKUSDT,1783065600007,0.0001
LINKUSDT,1783094400000,0.0001
LINKUSDT,1783123200000,0.0001
LINKUSDT,1783152000000,0.00007457
LINKUSDT,1783180800007,0.0001
LINKUSDT,1783209600003,0.0001
LINKUSDT,1783238400001,0.00002249
LINKUSDT,1783267200000,0.00009991
LINKUSDT,1783296000000,0.0001
LINKUSDT,1783324800000,0.00005852
LINKUSDT,1783353600000,0.00007817
LINKUSDT,1783382400000,0.0001
LINKUSDT,1783411200000,0.00004601
LINKUSDT,1783440000000,0.0001
LINKUSDT,1783468800000,0.00007484
LINKUSDT,1783497600000,-0.0000135
LINKUSDT,1783526400000,-0.00002286
LINKUSDT,1783555200000,0.00003462
LINKUSDT,1783584000001,0.00007146
LINKUSDT,1783612800001,0.00005429
LINKUSDT,1783641600000,0.00002397
LINKUSDT,1783670400005,0.0001
LINKUSDT,1783699200005,0.00004839
LINKUSDT,1783728000000,0.00005528
LINKUSDT,1783756800000,0.00002826
LINKUSDT,1783785600000,0.0001
LINKUSDT,1783814400000,0.00003153
LINKUSDT,1783843200003,-0.00002459
LINKUSDT,1783872000000,0.00004678
LINKUSDT,1783900800000,0.00003651
LINKUSDT,1783929600001,0.00007822
LINKUSDT,1783958400004,0.00005298
LINKUSDT,1783987200000,0.00002379
LINKUSDT,1784016000002,0.00009369
LINKUSDT,1784044800001,0.0001
LINKUSDT,1784073600005,0.0001
LINKUSDT,1784102400002,0.0001
LINKUSDT,1784131200000,0.0001
LINKUSDT,1784160000000,0.00007162
LINKUSDT,1784188800003,0.00005812
LINKUSDT,1784217600002,0.0001
LINKUSDT,1784246400000,0.00009522
LINKUSDT,1784275200010,-0.00001496
LINKUSDT,1784304000004,0.00006622
LINKUSDT,1784332800000,0.00002636
LINKUSDT,1784361600000,0.00002586
LINKUSDT,1784390400001,0.00001519
LINKUSDT,1784419200003,-0.00000275
LINKUSDT,1784448000000,0.00007011
LINKUSDT,1784476800001,0.00001291
LINKUSDT,1784505600000,0.00002101
LINKUSDT,1784534400001,0.00005288
LINKUSDT,1784563200004,0.00006164
LINKUSDT,1784592000001,0.00006257
LINKUSDT,1784620800000,0.0001
LINKUSDT,1784649600002,0.0001
LINKUSDT,1784678400000,0.0001
LINKUSDT,1784707200000,0.0001
LINKUSDT,1784736000001,0.00007464
LINKUSDT,1784764800000,0.00000393
LINKUSDT,1784793600000,0.00002941
LINKUSDT,1784822400000,0.00007316
LINKUSDT,1784851200000,0.00002803
LINKUSDT,1784880000000,0.00001172
LINKUSDT,1784908800008,0.00001958
LINKUSDT,1784937600002,0.00002009
LINKUSDT,1784966400000,0.00003316
LINKUSDT,1784995200000,-0.00001914
LINKUSDT,1785024000000,0.00006004
LINKUSDT,1785052800002,-0.00000026
LINKUSDT,1785081600000,-0.00001147
LINKUSDT,1785110400010,0.0001
LINKUSDT,1785139200000,0.0001
LINKUSDT,1785168000001,0.0001
LINKUSDT,1785196800000,-0.00002174
LINKUSDT,1785225600000,-0.0000013
LINKUSDT,1785254400000,0.00003834
LINKUSDT,1785283200000,0.0001
LINKUSDT,1785312000002,0.00006199
LINKUSDT,1785340800000,0.00005525
LINKUSDT,1785369600000,0.00003891
LINKUSDT,1785398400000,0.00000982
LINKUSDT,1785427200000,0.0001
LINKUSDT,1785456000003,0.0001
LINKUSDT,1785484800000,-0.00000507
LINKUSDT,1785513600000,0.00004712
