symbol,timestamp_ms,funding_rate
ARBUSDT,1679558400001,0.0001
ARBUSDT,1679587200013,0.00068996
ARBUSDT,1679616000013,0.00044592
ARBUSDT,1679644800012,0.0001
ARBUSDT,1679673600027,0.0001
ARBUSDT,1679702400015,0.0001
ARBUSDT,1679731200011,0.0001
ARBUSDT,1679760000011,0.0001
ARBUSDT,1679788800000,0.0001
ARBUSDT,1679817600015,0.0001
ARBUSDT,1679846400000,0.0001
ARBUSDT,1679875200019,0.0001
ARBUSDT,1679904000009,0.0001
ARBUSDT,1679932800000,0.0001
ARBUSDT,1679961600007,0.0001
ARBUSDT,1679990400000,0.00005311
ARBUSDT,1680019200013,0.00001288
ARBUSDT,1680048000010,0.0001
ARBUSDT,1680076800006,0.0001
ARBUSDT,1680105600014,0.0001
ARBUSDT,1680134400000,0.0001
ARBUSDT,1680163200000,0.00000204
ARBUSDT,1680192000006,0.0001
ARBUSDT,1680220800003,0.0001
ARBUSDT,1680249600006,0.0001
ARBUSDT,1680278400011,0.0001
ARBUSDT,1680307200000,0.0001
ARBUSDT,1680336000000,0.0001
ARBUSDT,1680364800018,0.0001
ARBUSDT,1680393600013,0.00008529
ARBUSDT,1680422400014,0.0001
ARBUSDT,1680451200001,0.00006834
ARBUSDT,1680480000000,0.0000638
ARBUSDT,1680508800013,0.00000023
ARBUSDT,1680537600011,0.0001
ARBUSDT,1680566400002,-0.00000333
ARBUSDT,1680595200017,0.00001005
ARBUSDT,1680624000008,-0.000095
ARBUSDT,1680652800000,0.0001
ARBUSDT,1680681600016,0.0001
ARBUSDT,1680710400004,0.00001841
ARBUSDT,1680739200000,0.0001
ARBUSDT,1680768000011,0.0001
ARBUSDT,1680796800000,0.0001
ARBUSDT,1680825600006,0.0001
ARBUSDT,1680854400005,0.0001
ARBUSDT,1680883200000,0.00007806
ARBUSDT,1680912000000,0.00009458
ARBUSDT,1680940800014,0.00008062
ARBUSDT,1680969600018,0.0001
ARBUSDT,1680998400013,0.0001
ARBUSDT,1681027200024,0.0001
ARBUSDT,1681056000010,0.0001
ARBUSDT,1681084800000,0.00009565
ARBUSDT,1681113600010,0.0001
ARBUSDT,1681142400006,0.0001
ARBUSDT,1681171200008,0.0001
ARBUSDT,1681200000007,0.0001
ARBUSDT,1681228800016,0.0001
ARBUSDT,1681257600006,0.0001
ARBUSDT,1681286400008,0.0001
ARBUSDT,1681315200014,0.0001
ARBUSDT,1681344000027,0.0001
ARBUSDT,1681372800010,0.0001
ARBUSDT,1681401600000,0.0001
ARBUSDT,1681430400001,0.0001
ARBUSDT,1681459200008,0.00055791
ARBUSDT,1681488000007,0.00020046
ARBUSDT,1681516800007,0.00013486
ARBUSDT,1681545600007,0.00044505
ARBUSDT,1681574400011,0.00038224
ARBUSDT,1681603200014,0.00055995
ARBUSDT,1681632000007,0.0002086
ARBUSDT,1681660800002,0.00034083
ARBUSDT,1681689600017,0.0001
ARBUSDT,1681718400006,0.00045239
ARBUSDT,1681747200000,0.0003621
ARBUSDT,1681776000013,0.00023783
ARBUSDT,1681804800017,0.00033795
ARBUSDT,1681833600000,0.00023562
ARBUSDT,1681862400022,0.0001
ARBUSDT,1681891200014,0.00018602
ARBUSDT,1681920000000,0.0001
ARBUSDT,1681948800010,0.0001
ARBUSDT,1681977600012,0.0001
ARBUSDT,1682006400012,0.0001
ARBUSDT,1682035200009,0.0001
ARBUSDT,1682064000009,0.0001
ARBUSDT,1682092800003,0.00008082
ARBUSDT,1682121600000,0.0001
ARBUSDT,1682150400000,0.0001
ARBUSDT,1682179200016,0.00003719
ARBUSDT,1682208000009,-0.00003924
ARBUSDT,1682236800020,0.00004092
ARBUSDT,1682265600007,0.00004308
ARBUSDT,1682294400000,-0.00004329
ARBUSDT,1682323200008,0.00001852
ARBUSDT,1682352000006,-0.00001437
ARBUSDT,1682380800014,0.00004275
ARBUSDT,1682409600009,0.00001176
ARBUSDT,1682438400015,0.00007804
ARBUSDT,1682467200015,0.00005298
ARBUSDT,1682496000013,0.00007555
ARBUSDT,1682524800001,0.00003906
ARBUSDT,1682553600014,-0.00006443
ARBUSDT,1682582400008,0.00007612
ARBUSDT,1682611200005,0.00001594
ARBUSDT,1682640000011,-0.00001619
ARBUSDT,1682668800007,0.00004218
ARBUSDT,1682697600006,0.0001
ARBUSDT,1682726400004,0.00005242
ARBUSDT,1682755200016,0.00001848
ARBUSDT,1682784000001,0.00001185
ARBUSDT,1682812800008,-0.00001624
ARBUSDT,1682841600000,0.00004107
ARBUSDT,1682870400010,0.00004418
ARBUSDT,1682899200004,0.00006565
ARBUSDT,1682928000008,0.00004709
ARBUSDT,1682956800014,0.0001
ARBUSDT,1682985600015,0.00003242
ARBUSDT,1683014400018,0.00006435
ARBUSDT,1683043200000,0.00006614
ARBUSDT,1683072000009,0.00004923
ARBUSDT,1683100800003,0.00005327
ARBUSDT,1683129600011,0.00008126
ARBUSDT,1683158400000,0.00002788
ARBUSDT,1683187200000,0.0000978
ARBUSDT,1683216000011,0.0001
ARBUSDT,1683244800002,0.0001
ARBUSDT,1683273600000,0.00005613
ARBUSDT,1683302400000,0.0001
ARBUSDT,1683331200009,0.00009698
ARBUSDT,1683360000000,0.0001
ARBUSDT,1683388800000,0.00004726
ARBUSDT,1683417600000,0.00001471
ARBUSDT,1683446400000,0.00002622
ARBUSDT,1683475200006,0.00008874
ARBUSDT,1683504000000,0.00008562
ARBUSDT,1683532800007,0.00002193
ARBUSDT,1683561600015,0.00005561
ARBUSDT,1683590400015,-0.00027013
ARBUSDT,1683619200000,-0.00007133
ARBUSDT,1683648000000,-0.0000093
ARBUSDT,1683676800007,0.00001834
ARBUSDT,1683705600003,-0.00007242
ARBUSDT,1683734400000,0.00002949
ARBUSDT,1683763200011,0.00007886
ARBUSDT,1683792000000,0.00005408
ARBUSDT,1683820800005,0.00002632
ARBUSDT,1683849600020,-0.00002376
ARBUSDT,1683878400001,0.00004748
ARBUSDT,1683907200010,0.00001418
ARBUSDT,1683936000000,0.00001748
ARBUSDT,1683964800000,0.0001
ARBUSDT,1683993600026,0.0001
ARBUSDT,1684022400029,0.00008128
ARBUSDT,1684051200010,0.00003981
ARBUSDT,1684080000008,0.00005805
ARBUSDT,1684108800006,0.00002754
ARBUSDT,1684137600005,0.00006016
ARBUSDT,1684166400008,0.00004817
ARBUSDT,1684195200021,0.00005065
ARBUSDT,1684224000000,0.00008832
ARBUSDT,1684252800000,0.0001
ARBUSDT,1684281600010,0.00007992
ARBUSDT,1684310400000,0.00005905
ARBUSDT,1684339200001,0.00005906
ARBUSDT,1684368000000,0.0001
ARBUSDT,1684396800026,0.0001
ARBUSDT,1684425600019,0.00005823
ARBUSDT,1684454400000,0.00006546
ARBUSDT,1684483200002,0.00003299
ARBUSDT,1684512000000,0.00007406
ARBUSDT,1684540800005,0.0001
ARBUSDT,1684569600014,0.0000925
ARBUSDT,1684598400020,0.0001
ARBUSDT,1684627200014,0.0001
ARBUSDT,1684656000001,0.0001
ARBUSDT,1684684800015,0.0001
ARBUSDT,1684713600028,0.00009213
ARBUSDT,1684742400000,0.00005298
ARBUSDT,1684771200012,0.0001
ARBUSDT,1684800000006,0.0001
ARBUSDT,1684828800014,0.00008484
ARBUSDT,1684857600008,0.00008884
ARBUSDT,1684886400000,0.0001
ARBUSDT,1684915200025,0.0001
ARBUSDT,1684944000008,0.00007479
ARBUSDT,1684972800000,0.00001995
ARBUSDT,1685001600025,0.00007497
ARBUSDT,1685030400016,0.00001816
ARBUSDT,1685059200000,0.00003343
ARBUSDT,1685088000024,0.0000834
ARBUSDT,1685116800012,0.0001
ARBUSDT,1685145600012,0.0001
ARBUSDT,1685174400018,0.0001
ARBUSDT,1685203200008,0.0001
ARBUSDT,1685232000017,0.0001
ARBUSDT,1685260800015,0.00009173
ARBUSDT,1685289600000,0.0001
ARBUSDT,1685318400000,0.0001
ARBUSDT,1685347200020,0.0001
ARBUSDT,1685376000011,0.0001
ARBUSDT,1685404800003,0.0001
ARBUSDT,1685433600000,0.0001
ARBUSDT,1685462400003,0.00005668
ARBUSDT,1685491200013,0.00001312
ARBUSDT,1685520000000,0.00008367
ARBUSDT,1685548800000,0.00003161
ARBUSDT,1685577600008,-0.00004029
ARBUSDT,1685606400012,0.00007198
ARBUSDT,1685635200000,0.00007606
ARBUSDT,1685664000000,0.00003023
ARBUSDT,1685692800006,0.0001
ARBUSDT,1685721600012,0.0001
ARBUSDT,1685750400000,0.0001
ARBUSDT,1685779200011,0.0001
ARBUSDT,1685808000003,0.0001
ARBUSDT,1685836800000,0.0001
ARBUSDT,1685865600000,0.0001
ARBUSDT,1685894400000,0.0001
ARBUSDT,1685923200005,0.0001
ARBUSDT,1685952000000,0.0001
ARBUSDT,1685980800000,0.00000282
ARBUSDT,1686009600000,-0.00003063
ARBUSDT,1686038400009,0.00004482
ARBUSDT,1686067200013,0.00003463
ARBUSDT,1686096000000,0.00000287
ARBUSDT,1686124800016,0.0001
ARBUSDT,1686153600000,0.00009865
ARBUSDT,1686182400006,0.0000223
ARBUSDT,1686211200000,0.0000126
ARBUSDT,1686240000000,0.00005102
ARBUSDT,1686268800000,0.00004382
ARBUSDT,1686297600000,0.00007201
ARBUSDT,1686326400000,-0.00000416
ARBUSDT,1686355200000,0.00003471
ARBUSDT,1686384000000,-0.00018063
ARBUSDT,1686412800000,-0.00007364
ARBUSDT,1686441600001,-0.00023914
ARBUSDT,1686470400000,-0.00013049
ARBUSDT,1686499200000,-0.00011333
ARBUSDT,1686528000000,-0.00011641
ARBUSDT,1686556800000,0.0000301
ARBUSDT,1686585600001,-0.00001852
ARBUSDT,1686614400000,-0.00003472
ARBUSDT,1686643200000,0.0000055
ARBUSDT,1686672000000,-0.00003181
ARBUSDT,1686700800000,0.00006526
ARBUSDT,1686729600000,-0.00000817
ARBUSDT,1686758400000,-0.000046
ARBUSDT,1686787200000,-0.0000777
ARBUSDT,1686816000000,-0.0000238
ARBUSDT,1686844800000,0.00004416
ARBUSDT,1686873600000,0.00000755
ARBUSDT,1686902400000,-0.00004381
ARBUSDT,1686931200000,0.00003075
ARBUSDT,1686960000000,-0.0000225
ARBUSDT,1686988800000,0.00000111
ARBUSDT,1687017600000,0.00003392
ARBUSDT,1687046400000,0.00004637
ARBUSDT,1687075200000,0.00003345
ARBUSDT,1687104000000,0.0001
ARBUSDT,1687132800000,0.00007341
ARBUSDT,1687161600000,0.0000472
ARBUSDT,1687190400000,0.00004844
ARBUSDT,1687219200001,0.00004666
ARBUSDT,1687248000000,-0.00002896
ARBUSDT,1687276800000,0.00001367
ARBUSDT,1687305600000,0.00007641
ARBUSDT,1687334400000,0.00006922
ARBUSDT,1687363200000,0.00004823
ARBUSDT,1687392000000,0.00005119
ARBUSDT,1687420800001,0.00007981
ARBUSDT,1687449600000,0.00008393
ARBUSDT,1687478400000,0.00008479
ARBUSDT,1687507200000,0.00007542
ARBUSDT,1687536000000,0.00008659
ARBUSDT,1687564800000,0.00009724
ARBUSDT,1687593600000,0.00007477
ARBUSDT,1687622400000,0.00001725
ARBUSDT,1687651200000,0.00005032
ARBUSDT,1687680000000,0.00007672
ARBUSDT,1687708800000,0.00006199
ARBUSDT,1687737600000,0.00004371
ARBUSDT,1687766400000,0.00007575
ARBUSDT,1687795200000,0.0001
ARBUSDT,1687824000000,0.0001
ARBUSDT,1687852800000,0.0001
ARBUSDT,1687881600000,0.0001
ARBUSDT,1687910400000,0.0001
ARBUSDT,1687939200000,0.0001
ARBUSDT,1687968000000,0.00005196
ARBUSDT,1687996800000,0.00001664
ARBUSDT,1688025600000,0.00008343
ARBUSDT,1688054400000,0.00002016
ARBUSDT,1688083200000,0.00002496
ARBUSDT,1688112000000,0.0001
ARBUSDT,1688140800001,0.0001
ARBUSDT,1688169600000,0.00000087
ARBUSDT,1688198400000,0.00003558
ARBUSDT,1688227200000,0.0001
ARBUSDT,1688256000000,0.0001
ARBUSDT,1688284800000,0.0001
ARBUSDT,1688313600001,0.0001
ARBUSDT,1688342400000,0.0001
ARBUSDT,1688371200000,0.0001
ARBUSDT,1688400000000,0.0001
ARBUSDT,1688428800001,0.0001
ARBUSDT,1688457600000,0.0001
ARBUSDT,1688486400000,0.0001
ARBUSDT,1688515200000,0.0001
ARBUSDT,1688544000000,0.0001
ARBUSDT,1688572800000,-0.00002767
ARBUSDT,1688601600000,-0.00006667
ARBUSDT,1688630400000,0.00002232
ARBUSDT,1688659200000,-0.00001005
ARBUSDT,1688688000000,0.00001646
ARBUSDT,1688716800000,0.0001
ARBUSDT,1688745600000,0.00009175
ARBUSDT,1688774400000,0.0001
ARBUSDT,1688803200000,0.0001
ARBUSDT,1688832000000,0.0001
ARBUSDT,1688860800000,0.0001
ARBUSDT,1688889600000,0.00002395
ARBUSDT,1688918400000,0.00006767
ARBUSDT,1688947200000,0.00006107
ARBUSDT,1688976000000,0.00006147
ARBUSDT,1689004800000,0.00001382
ARBUSDT,1689033600000,0.00001646
ARBUSDT,1689062400000,0.00003268
ARBUSDT,1689091200000,0.00007253
ARBUSDT,1689120000000,0.00008738
ARBUSDT,1689148800000,0.00009432
ARBUSDT,1689177600000,0.00005361
ARBUSDT,1689206400000,0.00008358
ARBUSDT,1689235200000,0.0001
ARBUSDT,1689264000000,0.00005798
ARBUSDT,1689292800000,0.0001
ARBUSDT,1689321600000,0.0001
ARBUSDT,1689350400000,0.0001
ARBUSDT,1689379200000,0.0001
ARBUSDT,1689408000000,0.0001
ARBUSDT,1689436800000,0.0001
ARBUSDT,1689465600001,0.0001
ARBUSDT,1689494400000,0.0001
ARBUSDT,1689523200000,0.0001
ARBUSDT,1689552000000,0.0001
ARBUSDT,1689580800000,0.0001
ARBUSDT,1689609600000,0.0001
ARBUSDT,1689638400000,0.0001
ARBUSDT,1689667200000,0.0001
ARBUSDT,1689696000000,0.00002156
ARBUSDT,1689724800000,0.00005836
ARBUSDT,1689753600000,0.00005538
ARBUSDT,1689782400001,0.00007936
ARBUSDT,1689811200000,0.00006346
ARBUSDT,1689840000000,0.00007591
ARBUSDT,1689868800000,0.0001
ARBUSDT,1689897600001,0.00001399
ARBUSDT,1689926400000,0.0001
ARBUSDT,1689955200000,0.00001646
ARBUSDT,1689984000000,0.00004432
ARBUSDT,1690012800000,0.00001182
ARBUSDT,1690041600000,0.0001
ARBUSDT,1690070400000,0.00004682
ARBUSDT,1690099200000,0.0001
ARBUSDT,1690128000000,0.0001
ARBUSDT,1690156800000,0.0001
ARBUSDT,1690185600000,0.0001
ARBUSDT,1690214400000,0.00006081
ARBUSDT,1690243200000,0.00002616
ARBUSDT,1690272000000,0.0001
ARBUSDT,1690300800000,-0.00002461
ARBUSDT,1690329600000,0.00005019
ARBUSDT,1690358400001,0.00007292
ARBUSDT,1690387200000,0.00004682
ARBUSDT,1690416000000,0.00004913
ARBUSDT,1690444800000,0.00006692
ARBUSDT,1690473600001,0.00003359
ARBUSDT,1690502400000,0.0000628
ARBUSDT,1690531200000,0.00005272
ARBUSDT,1690560000000,0.00001763
ARBUSDT,1690588800000,0.0001
ARBUSDT,1690617600000,0.00008576
ARBUSDT,1690646400001,0.0001
ARBUSDT,1690675200000,0.00009244
ARBUSDT,1690704000000,0.0001
ARBUSDT,1690732800000,0.00008797
ARBUSDT,1690761600000,-0.00000307
ARBUSDT,1690790400000,0.00002697
ARBUSDT,1690819200001,0.00005117
ARBUSDT,1690848000000,0.00008399
ARBUSDT,1690876800000,0.00000786
ARBUSDT,1690905600000,0.00004863
ARBUSDT,1690934400000,0.00004873
ARBUSDT,1690963200000,0.0001
ARBUSDT,1690992000000,0.0001
ARBUSDT,1691020800000,0.0000828
ARBUSDT,1691049600000,0.0001
ARBUSDT,1691078400001,0.0001
ARBUSDT,1691107200000,0.00000983
ARBUSDT,1691136000000,0.00001789
ARBUSDT,1691164800000,0.00004167
ARBUSDT,1691193600000,0.0001
ARBUSDT,1691222400000,0.0001
ARBUSDT,1691251200001,0.00007167
ARBUSDT,1691280000000,0.00007203
ARBUSDT,1691308800001,0.0000735
ARBUSDT,1691337600005,0.00008818
ARBUSDT,1691366400000,0.0001
ARBUSDT,1691395200000,0.0001
ARBUSDT,1691424000000,0.0001
ARBUSDT,1691452800000,0.00008082
ARBUSDT,1691481600000,0.0001
ARBUSDT,1691510400000,0.0001
ARBUSDT,1691539200000,0.0001
ARBUSDT,1691568000000,0.00003876
ARBUSDT,1691596800000,0.00009754
ARBUSDT,1691625600001,0.0001
ARBUSDT,1691654400000,0.0001
ARBUSDT,1691683200000,0.0001
ARBUSDT,1691712000000,0.0001
ARBUSDT,1691740800000,0.0001
ARBUSDT,1691769600000,0.0001
ARBUSDT,1691798400000,0.0001
ARBUSDT,1691827200000,0.0001
ARBUSDT,1691856000000,0.0001
ARBUSDT,1691884800000,0.0001
ARBUSDT,1691913600000,0.0001
ARBUSDT,1691942400000,0.0001
ARBUSDT,1691971200001,0.0001
ARBUSDT,1692000000000,0.00001401
ARBUSDT,1692028800000,0.00007821
ARBUSDT,1692057600001,0.0001
ARBUSDT,1692086400000,0.0001
ARBUSDT,1692115200000,0.0001
ARBUSDT,1692144000000,0.00000326
ARBUSDT,1692172800001,0.0000454
ARBUSDT,1692201600000,-0.00001145
ARBUSDT,1692230400000,-0.00007008
ARBUSDT,1692259200000,0.00004419
ARBUSDT,1692288000000,0.00000974
ARBUSDT,1692316800000,-0.00025652
ARBUSDT,1692345600000,0.00004269
ARBUSDT,1692374400000,0.00003907
ARBUSDT,1692403200000,-0.00000042
ARBUSDT,1692432000000,0.00007295
ARBUSDT,1692460800000,0.00009785
ARBUSDT,1692489600000,0.00001036
ARBUSDT,1692518400000,-0.0000513
ARBUSDT,1692547200000,-0.00002015
ARBUSDT,1692576000000,0.00000178
ARBUSDT,1692604800000,0.00006557
ARBUSDT,1692633600000,-0.00000011
ARBUSDT,1692662400000,-0.00000599
ARBUSDT,1692691200000,0.00002953
ARBUSDT,1692720000000,0.00000547
ARBUSDT,1692748800000,-0.00011574
ARBUSDT,1692777600000,-0.00003156
ARBUSDT,1692806400000,-0.00002493
ARBUSDT,1692835200000,-0.00010594
ARBUSDT,1692864000000,-0.00001529
ARBUSDT,1692892800000,0.00003099
ARBUSDT,1692921600000,-0.00001581
ARBUSDT,1692950400000,-0.00000518
ARBUSDT,1692979200000,-0.00006142
ARBUSDT,1693008000000,0.00007874
ARBUSDT,1693036800000,0.00009286
ARBUSDT,1693065600000,0.00003034
ARBUSDT,1693094400000,0.00008747
ARBUSDT,1693123200000,0.00007807
ARBUSDT,1693152000000,0.0000221
ARBUSDT,1693180800000,0.00009348
ARBUSDT,1693209600001,0.00004706
ARBUSDT,1693238400001,0.00007396
ARBUSDT,1693267200000,-0.00000056
ARBUSDT,1693296000000,0.00002311
ARBUSDT,1693324800000,-0.00019528
ARBUSDT,1693353600000,0.00000383
ARBUSDT,1693382400000,0.00001605
ARBUSDT,1693411200000,0.00007559
ARBUSDT,1693440000000,0.0001
ARBUSDT,1693468800000,0.0001
ARBUSDT,1693497600000,0.00002568
ARBUSDT,1693526400000,0.00003027
ARBUSDT,1693555200000,-0.00001563
ARBUSDT,1693584000001,-0.00000434
ARBUSDT,1693612800000,0.0000164
ARBUSDT,1693641600000,0.00005043
ARBUSDT,1693670400000,0.00002247
ARBUSDT,1693699200000,0.00007109
ARBUSDT,1693728000000,-0.00001727
ARBUSDT,1693756800000,0.00003297
ARBUSDT,1693785600000,0.0001
ARBUSDT,1693814400000,0.00004361
ARBUSDT,1693843200000,0.00005319
ARBUSDT,1693872000000,0.00005774
ARBUSDT,1693900800000,0.00006467
ARBUSDT,1693929600000,0.00004659
ARBUSDT,1693958400000,0.00001564
ARBUSDT,1693987200000,0.0000184
ARBUSDT,1694016000001,0.00003602
ARBUSDT,1694044800000,0.00006949
ARBUSDT,1694073600000,0.00001844
ARBUSDT,1694102400000,0.00007112
ARBUSDT,1694131200000,0.00006591
ARBUSDT,1694160000000,0.00005461
ARBUSDT,1694188800000,0.00004307
ARBUSDT,1694217600000,0.00004806
ARBUSDT,1694246400000,0.00006579
ARBUSDT,1694275200000,-0.00003546
ARBUSDT,1694304000000,0.00002127
ARBUSDT,1694332800000,0.00000008
ARBUSDT,1694361600000,0.00001799
ARBUSDT,1694390400000,0.00003118
ARBUSDT,1694419200000,0.00000321
ARBUSDT,1694448000001,-0.00000237
ARBUSDT,1694476800000,-0.00000441
ARBUSDT,1694505600000,0.00004711
ARBUSDT,1694534400000,-0.00001675
ARBUSDT,1694563200000,0.00000943
ARBUSDT,1694592000000,0.00007599
ARBUSDT,1694620800000,0.0001
ARBUSDT,1694649600000,0.00003867
ARBUSDT,1694678400001,0.00005036
ARBUSDT,1694707200000,0.0001
ARBUSDT,1694736000000,0.00008123
ARBUSDT,1694764800000,0.00005992
ARBUSDT,1694793600000,0.00006944
ARBUSDT,1694822400000,0.0001
ARBUSDT,1694851200000,0.0001
ARBUSDT,1694880000000,0.0001
ARBUSDT,1694908800000,0.0001
ARBUSDT,1694937600000,0.0001
ARBUSDT,1694966400000,0.0001
ARBUSDT,1694995200000,0.00000338
ARBUSDT,1695024000000,0.0001
ARBUSDT,1695052800000,0.0000838
ARBUSDT,1695081600000,0.0001
ARBUSDT,1695110400001,0.0001
ARBUSDT,1695139200000,0.0001
ARBUSDT,1695168000000,0.00002211
ARBUSDT,1695196800000,0.00009288
ARBUSDT,1695225600000,0.00007455
ARBUSDT,1695254400001,0.00009383
ARBUSDT,1695283200000,0.0001
ARBUSDT,1695312000000,0.00007092
ARBUSDT,1695340800000,0.00002133
ARBUSDT,1695369600000,0.0001
ARBUSDT,1695398400000,0.0000503
ARBUSDT,1695427200000,0.0001
ARBUSDT,1695456000000,0.00006773
ARBUSDT,1695484800000,0.0001
ARBUSDT,1695513600000,0.00007779
ARBUSDT,1695542400000,0.0001
ARBUSDT,1695571200000,0.00002069
ARBUSDT,1695600000000,0.00005535
ARBUSDT,1695628800000,0.0000941
ARBUSDT,1695657600000,0.0001
ARBUSDT,1695686400000,0.000056
ARBUSDT,1695715200000,0.00005431
ARBUSDT,1695744000000,0.00007541
ARBUSDT,1695772800000,0.00008322
ARBUSDT,1695801600001,0.00005947
ARBUSDT,1695830400000,0.00009054
ARBUSDT,1695859200000,0.00000289
ARBUSDT,1695888000000,0.00008378
ARBUSDT,1695916800000,0.0001
ARBUSDT,1695945600000,0.0001
ARBUSDT,1695974400000,0.00009604
ARBUSDT,1696003200000,0.00006066
ARBUSDT,1696032000000,0.00007389
ARBUSDT,1696060800000,0.00007176
ARBUSDT,1696089600000,0.00009063
ARBUSDT,1696118400000,0.00003217
ARBUSDT,1696147200000,0.00002135
ARBUSDT,1696176000000,0.00005555
ARBUSDT,1696204800000,0.0001
ARBUSDT,1696233600000,0.00004887
ARBUSDT,1696262400000,0.0001
ARBUSDT,1696291200000,0.0001
ARBUSDT,1696320000000,0.00009739
ARBUSDT,1696348800000,0.0001
ARBUSDT,1696377600000,0.00009275
ARBUSDT,1696406400000,0.00006492
ARBUSDT,1696435200000,0.0000103
ARBUSDT,1696464000000,0.00004405
ARBUSDT,1696492800000,0.00004903
ARBUSDT,1696521600001,0.00006229
ARBUSDT,1696550400000,0.00006203
ARBUSDT,1696579200000,0.0001
ARBUSDT,1696608000000,0.00003691
ARBUSDT,1696636800000,-0.00000141
ARBUSDT,1696665600000,0.00007085
ARBUSDT,1696694400000,0.00001171
ARBUSDT,1696723200000,0.00009916
ARBUSDT,1696752000001,0.00001712
ARBUSDT,1696780800000,-0.00000835
ARBUSDT,1696809600000,-0.00000402
ARBUSDT,1696838400000,0.00007239
ARBUSDT,1696867200000,-0.00006508
ARBUSDT,1696896000000,0.00000909
ARBUSDT,1696924800000,-0.00004107
ARBUSDT,1696953600000,0.00009153
ARBUSDT,1696982400000,0.00007686
ARBUSDT,1697011200000,0.00009828
ARBUSDT,1697040000000,0.000004
ARBUSDT,1697068800000,0.00007274
ARBUSDT,1697097600000,0.00004107
ARBUSDT,1697126400000,0.00003318
ARBUSDT,1697155200000,0.00007942
ARBUSDT,1697184000000,0.00005277
ARBUSDT,1697212800000,-0.00001569
ARBUSDT,1697241600000,-0.00003384
ARBUSDT,1697270400000,-0.00012838
ARBUSDT,1697299200000,-0.00003642
ARBUSDT,1697328000000,-0.00009024
ARBUSDT,1697356800000,0.00001463
ARBUSDT,1697385600000,-0.00006729
ARBUSDT,1697414400000,-0.00010107
ARBUSDT,1697443200000,-0.00006067
ARBUSDT,1697472000000,-0.00003524
ARBUSDT,1697500800000,0.0000093
ARBUSDT,1697529600000,0.00003864
ARBUSDT,1697558400000,-0.00005375
ARBUSDT,1697587200000,0.00002877
ARBUSDT,1697616000000,0.00004608
ARBUSDT,1697644800000,-0.00001535
ARBUSDT,1697673600000,0.00006118
ARBUSDT,1697702400001,0.00003145
ARBUSDT,1697731200000,0.00004722
ARBUSDT,1697760000000,0.00001848
ARBUSDT,1697788800005,0.00005883
ARBUSDT,1697817600000,0.0001
ARBUSDT,1697846400000,0.0001
ARBUSDT,1697875200000,0.0001
ARBUSDT,1697904000000,0.0001
ARBUSDT,1697932800000,0.0000728
ARBUSDT,1697961600000,0.00007545
ARBUSDT,1697990400000,0.0001
ARBUSDT,1698019200000,0.0001
ARBUSDT,1698048000001,0.00008341
ARBUSDT,1698076800001,0.0001
ARBUSDT,1698105600000,0.0001
ARBUSDT,1698134400000,0.0001
ARBUSDT,1698163200000,0.0001
ARBUSDT,1698192000000,0.0001
ARBUSDT,1698220800000,0.0001
ARBUSDT,1698249600001,0.0001
ARBUSDT,1698278400001,0.0001
ARBUSDT,1698307200000,0.0001
ARBUSDT,1698336000000,0.0001
ARBUSDT,1698364800000,0.0001
ARBUSDT,1698393600000,0.0001
ARBUSDT,1698422400000,0.0001
ARBUSDT,1698451200000,0.0001
ARBUSDT,1698480000001,0.0001
ARBUSDT,1698508800000,0.0001
ARBUSDT,1698537600000,0.00015763
ARBUSDT,1698566400000,0.0001
ARBUSDT,1698595200000,0.00014245
ARBUSDT,1698624000000,0.0001
ARBUSDT,1698652800000,0.0001
ARBUSDT,1698681600000,0.00017593
ARBUSDT,1698710400001,0.00024988
ARBUSDT,1698739200000,0.0001424
ARBUSDT,1698768000000,0.0001
ARBUSDT,1698796800000,0.0001
ARBUSDT,1698825600000,0.0001
ARBUSDT,1698854400000,0.0001
ARBUSDT,1698883200001,0.00051851
ARBUSDT,1698912000000,0.00030021
ARBUSDT,1698940800000,0.00014978
ARBUSDT,1698969600000,0.0001296
ARBUSDT,1698998400000,0.0001
ARBUSDT,1699027200000,0.0001
ARBUSDT,1699056000000,0.0001
ARBUSDT,1699084800000,0.00010955
ARBUSDT,1699113600000,0.0001
ARBUSDT,1699142400000,0.0001
ARBUSDT,1699171200000,0.0001
ARBUSDT,1699200000000,0.0001
ARBUSDT,1699228800000,0.0001
ARBUSDT,1699257600001,0.0001
ARBUSDT,1699286400000,0.0001
ARBUSDT,1699315200001,0.0001
ARBUSDT,1699344000000,0.0001
ARBUSDT,1699372800000,0.0001
ARBUSDT,1699401600000,0.0001
ARBUSDT,1699430400000,0.00011353
ARBUSDT,1699459200000,0.0001
ARBUSDT,1699488000000,0.00017947
ARBUSDT,1699516800000,0.00017924
ARBUSDT,1699545600000,0.00030136
ARBUSDT,1699574400000,0.0001
ARBUSDT,1699603200000,0.00031703
ARBUSDT,1699632000000,0.00015545
ARBUSDT,1699660800000,0.0002654
ARBUSDT,1699689600000,0.0001
ARBUSDT,1699718400000,0.00035653
ARBUSDT,1699747200000,0.00039489
ARBUSDT,1699776000000,0.00022193
ARBUSDT,1699804800001,0.00035452
ARBUSDT,1699833600000,0.00050808
ARBUSDT,1699862400000,0.00031652
ARBUSDT,1699891200000,0.00038956
ARBUSDT,1699920000000,0.0001
ARBUSDT,1699948800000,0.0001
ARBUSDT,1699977600001,0.0001
ARBUSDT,1700006400000,0.0001
ARBUSDT,1700035200000,0.0001
ARBUSDT,1700064000000,0.0001
ARBUSDT,1700092800000,0.0001
ARBUSDT,1700121600000,0.00038983
ARBUSDT,1700150400001,0.00033392
ARBUSDT,1700179200000,0.0001
ARBUSDT,1700208000001,0.00015057
ARBUSDT,1700236800001,0.0001
ARBUSDT,1700265600000,0.0001
ARBUSDT,1700294400000,0.0001
ARBUSDT,1700323200000,0.0001
ARBUSDT,1700352000000,0.0001
ARBUSDT,1700380800000,0.0001
ARBUSDT,1700409600000,0.0001
ARBUSDT,1700438400000,0.00016497
ARBUSDT,1700467200000,0.00015109
ARBUSDT,1700496000000,0.00016393
ARBUSDT,1700524800000,0.0001
ARBUSDT,1700553600000,0.0001
ARBUSDT,1700582400000,0.0001
ARBUSDT,1700611200000,0.0001
ARBUSDT,1700640000000,0.0001
ARBUSDT,1700668800000,0.0001
ARBUSDT,1700697600000,0.0001
ARBUSDT,1700726400000,0.0001
ARBUSDT,1700755200001,0.0001
ARBUSDT,1700784000000,0.0001
ARBUSDT,1700812800000,0.0001
ARBUSDT,1700841600000,0.0001
ARBUSDT,1700870400000,0.0001
ARBUSDT,1700899200000,0.0001
ARBUSDT,1700928000000,0.0001
ARBUSDT,1700956800000,0.0001
ARBUSDT,1700985600000,0.0001
ARBUSDT,1701014400000,0.0001
ARBUSDT,1701043200000,0.0001
ARBUSDT,1701072000001,0.0001
ARBUSDT,1701100800000,0.0001
ARBUSDT,1701129600000,0.0001
ARBUSDT,1701158400000,0.0001
ARBUSDT,1701187200000,0.0001
ARBUSDT,1701216000001,0.0001
ARBUSDT,1701244800000,0.0001
ARBUSDT,1701273600000,0.0001
ARBUSDT,1701302400000,0.0001
ARBUSDT,1701331200000,0.0001
ARBUSDT,1701360000000,0.0001
ARBUSDT,1701388800000,0.0001
ARBUSDT,1701417600000,0.0001
ARBUSDT,1701446400000,0.0001
ARBUSDT,1701475200000,0.0001
ARBUSDT,1701504000000,0.0001
ARBUSDT,1701532800000,0.0001
ARBUSDT,1701561600000,0.00022635
ARBUSDT,1701590400000,0.00014176
ARBUSDT,1701619200000,0.00018203
ARBUSDT,1701648000000,0.00022777
ARBUSDT,1701676800000,0.00033318
ARBUSDT,1701705600000,0.0001
ARBUSDT,1701734400000,0.00026177
ARBUSDT,1701763200000,0.00023296
ARBUSDT,1701792000000,0.0002625
ARBUSDT,1701820800000,0.00037676
ARBUSDT,1701849600000,0.00028957
ARBUSDT,1701878400000,0.00027005
ARBUSDT,1701907200000,0.00027042
ARBUSDT,1701936000000,0.00042547
ARBUSDT,1701964800000,0.00025401
ARBUSDT,1701993600000,0.00064206
ARBUSDT,1702022400000,0.00039485
ARBUSDT,1702051200000,0.00039438
ARBUSDT,1702080000000,0.00044609
ARBUSDT,1702108800000,0.00066944
ARBUSDT,1702137600000,0.00027423
ARBUSDT,1702166400000,0.00020788
ARBUSDT,1702195200000,0.00015589
ARBUSDT,1702224000000,0.00019202
ARBUSDT,1702252800000,0.00033675
ARBUSDT,1702281600000,0.0001
ARBUSDT,1702310400000,0.0001
ARBUSDT,1702339200000,0.00018809
ARBUSDT,1702368000000,0.00015585
ARBUSDT,1702396800000,0.00029713
ARBUSDT,1702425600000,0.0005377
ARBUSDT,1702454400000,0.0001
ARBUSDT,1702483200001,0.00011433
ARBUSDT,1702512000000,0.00027157
ARBUSDT,1702540800000,0.00016928
ARBUSDT,1702569600000,0.00025364
ARBUSDT,1702598400000,0.00030332
ARBUSDT,1702627200000,0.00031432
ARBUSDT,1702656000000,0.00037232
ARBUSDT,1702684800000,0.00025895
ARBUSDT,1702713600000,0.00020439
ARBUSDT,1702742400001,0.00015553
ARBUSDT,1702771200000,0.00024659
ARBUSDT,1702800000000,0.00028986
ARBUSDT,1702828800000,0.00031606
ARBUSDT,1702857600000,0.00018177
ARBUSDT,1702886400001,0.00012368
ARBUSDT,1702915200000,0.00010502
ARBUSDT,1702944000000,0.00010477
ARBUSDT,1702972800000,0.0001
ARBUSDT,1703001600000,0.0001
ARBUSDT,1703030400000,0.00012761
ARBUSDT,1703059200000,0.00021681
ARBUSDT,1703088000000,0.00029686
ARBUSDT,1703116800000,0.00033925
ARBUSDT,1703145600000,0.00036444
ARBUSDT,1703174400000,0.000387
ARBUSDT,1703203200000,0.00046099
ARBUSDT,1703232000000,0.00036313
ARBUSDT,1703260800000,0.00053368
ARBUSDT,1703289600000,0.00053026
ARBUSDT,1703318400001,0.00029939
ARBUSDT,1703347200000,0.00046781
ARBUSDT,1703376000000,0.00039715
ARBUSDT,1703404800000,0.00041032
ARBUSDT,1703433600000,0.00027207
ARBUSDT,1703462400000,0.00036772
ARBUSDT,1703491200000,0.00043684
ARBUSDT,1703520000000,0.00076944
ARBUSDT,1703548800000,0.000684
ARBUSDT,1703577600000,0.00045162
ARBUSDT,1703606400000,0.00051744
ARBUSDT,1703635200000,0.00029979
ARBUSDT,1703664000000,0.00026982
ARBUSDT,1703692800000,0.0004785
ARBUSDT,1703721600000,0.00035793
ARBUSDT,1703750400000,0.00065883
ARBUSDT,1703779200000,0.00055065
ARBUSDT,1703808000001,0.00048716
ARBUSDT,1703836800000,0.00039867
ARBUSDT,1703865600000,0.00046938
ARBUSDT,1703894400001,0.00033509
ARBUSDT,1703923200000,0.0003103
ARBUSDT,1703952000000,0.00026118
ARBUSDT,1703980800000,0.00030356
ARBUSDT,1704009600001,0.00046746
ARBUSDT,1704038400000,0.00055823
ARBUSDT,1704067200000,0.00037714
ARBUSDT,1704096000000,0.00035479
ARBUSDT,1704124800000,0.00058953
ARBUSDT,1704153600000,0.00089543
ARBUSDT,1704182400000,0.00068149
ARBUSDT,1704211200000,0.00086739
ARBUSDT,1704240000000,0.00055539
ARBUSDT,1704268800000,0.00058386
ARBUSDT,1704297600000,0.0001
ARBUSDT,1704326400000,0.0001
ARBUSDT,1704355200000,0.0001
ARBUSDT,1704384000000,0.0001
ARBUSDT,1704412800001,0.0001
ARBUSDT,1704441600000,0.0001
ARBUSDT,1704470400000,0.0001
ARBUSDT,1704499200000,0.0001
ARBUSDT,1704528000000,0.0001
ARBUSDT,1704556800000,0.0001
ARBUSDT,1704585600000,0.0001
ARBUSDT,1704614400001,0.0001
ARBUSDT,1704643200001,0.0001
ARBUSDT,1704672000000,0.0001
ARBUSDT,1704700800000,0.0001
ARBUSDT,1704729600000,0.0001
ARBUSDT,1704758400001,0.0001
ARBUSDT,1704787200000,0.0001
ARBUSDT,1704816000000,0.0001
ARBUSDT,1704844800000,0.0001
ARBUSDT,1704873600000,0.0001
ARBUSDT,1704902400000,0.0001
ARBUSDT,1704931200000,0.0001
ARBUSDT,1704960000000,0.0001
ARBUSDT,1704988800000,0.0001
ARBUSDT,1705017600001,0.0001
ARBUSDT,1705046400000,0.0001
ARBUSDT,1705075200000,0.0001
ARBUSDT,1705104000000,0.0001
ARBUSDT,1705132800000,0.0001
ARBUSDT,1705161600001,0.0001
ARBUSDT,1705190400000,0.0001
ARBUSDT,1705219200000,0.0001
ARBUSDT,1705248000001,0.0001
ARBUSDT,1705276800000,0.0001
ARBUSDT,1705305600000,0.0001
ARBUSDT,1705334400000,0.0001
ARBUSDT,1705363200000,0.0001
ARBUSDT,1705392000000,0.0001
ARBUSDT,1705420800001,0.0001
ARBUSDT,1705449600000,0.0001
ARBUSDT,1705478400000,0.0001
ARBUSDT,1705507200000,0.0001
ARBUSDT,1705536000001,0.0001
ARBUSDT,1705564800000,0.0001
ARBUSDT,1705593600000,0.0001
ARBUSDT,1705622400000,0.0001
ARBUSDT,1705651200000,0.0001
ARBUSDT,1705680000002,0.0001
ARBUSDT,1705708800000,0.0001
ARBUSDT,1705737600003,0.0001
ARBUSDT,1705766400000,0.0001
ARBUSDT,1705795200000,0.0001
ARBUSDT,1705824000000,0.0001
ARBUSDT,1705852800000,0.0001
ARBUSDT,1705881600000,0.0001
ARBUSDT,1705910400000,0.0001
ARBUSDT,1705939200000,0.0001
ARBUSDT,1705968000000,0.0001
ARBUSDT,1705996800000,0.0001
ARBUSDT,1706025600000,0.0001
ARBUSDT,1706054400000,0.0001
ARBUSDT,1706083200000,0.0001
ARBUSDT,1706112000000,0.0001
ARBUSDT,1706140800000,0.0001
ARBUSDT,1706169600001,0.0001
ARBUSDT,1706198400000,0.0001
ARBUSDT,1706227200001,0.0001
ARBUSDT,1706256000000,0.0001
ARBUSDT,1706284800000,0.0001
ARBUSDT,1706313600000,0.0001
ARBUSDT,1706342400000,0.0001
ARBUSDT,1706371200000,0.0001
ARBUSDT,1706400000000,0.0001
ARBUSDT,1706428800000,0.0001
ARBUSDT,1706457600000,0.0001
ARBUSDT,1706486400000,0.0001
ARBUSDT,1706515200001,0.0001
ARBUSDT,1706544000000,0.0001
ARBUSDT,1706572800000,0.0001
ARBUSDT,1706601600000,0.0001
ARBUSDT,1706630400001,0.0001
ARBUSDT,1706659200000,0.0001
ARBUSDT,1706688000000,0.0001
ARBUSDT,1706716800000,0.0001
ARBUSDT,1706745600000,0.0001
ARBUSDT,1706774400000,0.0001
ARBUSDT,1706803200002,0.0001
ARBUSDT,1706832000000,0.0001
ARBUSDT,1706860800000,0.0001
ARBUSDT,1706889600000,0.0001
ARBUSDT,1706918400000,0.00008569
ARBUSDT,1706947200000,0.0001
ARBUSDT,1706976000001,0.0001
ARBUSDT,1707004800000,0.0001
ARBUSDT,1707033600004,0.0001
ARBUSDT,1707062400000,0.0001
ARBUSDT,1707091200000,0.0001
ARBUSDT,1707120000000,0.0001
ARBUSDT,1707148800000,0.0001
ARBUSDT,1707177600000,0.0001
ARBUSDT,1707206400001,0.0001
ARBUSDT,1707235200000,0.0001
ARBUSDT,1707264000000,0.0001
ARBUSDT,1707292800000,0.0001
ARBUSDT,1707321600000,0.0001
ARBUSDT,1707350400000,0.0001
ARBUSDT,1707379200000,0.0001
ARBUSDT,1707408000000,0.0001
ARBUSDT,1707436800000,0.00006151
ARBUSDT,1707465600000,0.0001
ARBUSDT,1707494400001,0.0001
ARBUSDT,1707523200001,0.0001
ARBUSDT,1707552000000,0.0001
ARBUSDT,1707580800000,0.0001
ARBUSDT,1707609600000,0.0001
ARBUSDT,1707638400001,0.0001
ARBUSDT,1707667200000,0.0001
ARBUSDT,1707696000000,0.0001
ARBUSDT,1707724800000,0.0001
ARBUSDT,1707753600000,0.0001
ARBUSDT,1707782400000,0.0001
ARBUSDT,1707811200000,0.0001
ARBUSDT,1707840000000,0.0001
ARBUSDT,1707868800000,0.0001
ARBUSDT,1707897600000,0.0001
ARBUSDT,1707926400000,0.00020935
ARBUSDT,1707955200000,0.0001
ARBUSDT,1707984000000,0.00020946
ARBUSDT,1708012800000,0.00031541
ARBUSDT,1708041600000,0.00030872
ARBUSDT,1708070400000,0.0002871
ARBUSDT,1708099200000,0.00016626
ARBUSDT,1708128000000,0.00020644
ARBUSDT,1708156800000,0.00034372
ARBUSDT,1708185600000,0.00029385
ARBUSDT,1708214400000,0.00031648
ARBUSDT,1708243200000,0.00031837
ARBUSDT,1708272000000,0.0004078
ARBUSDT,1708300800000,0.00028617
ARBUSDT,1708329600000,0.00034837
ARBUSDT,1708358400000,0.00033484
ARBUSDT,1708387200000,0.00040345
ARBUSDT,1708416000000,0.00023727
ARBUSDT,1708444800000,0.00033945
ARBUSDT,1708473600000,0.00022036
ARBUSDT,1708502400000,0.0001
ARBUSDT,1708531200000,0.0001
ARBUSDT,1708560000001,0.0001
ARBUSDT,1708588800001,0.00016879
ARBUSDT,1708617600000,0.00021751
ARBUSDT,1708646400000,0.0002364
ARBUSDT,1708675200000,0.0002109
ARBUSDT,1708704000000,0.00027629
ARBUSDT,1708732800000,0.00033725
ARBUSDT,1708761600001,0.00032289
ARBUSDT,1708790400000,0.00029473
ARBUSDT,1708819200001,0.00021944
ARBUSDT,1708848000000,0.00034914
ARBUSDT,1708876800000,0.00030959
ARBUSDT,1708905600000,0.00038561
ARBUSDT,1708934400000,0.00045564
ARBUSDT,1708963200000,0.00046641
ARBUSDT,1708992000000,0.00069041
ARBUSDT,1709020800000,0.0006917
ARBUSDT,1709049600000,0.00042283
ARBUSDT,1709078400000,0.00056484
ARBUSDT,1709107200000,0.00060027
ARBUSDT,1709136000000,0.00076286
ARBUSDT,1709164800000,0.00060812
ARBUSDT,1709193600000,0.00097114
ARBUSDT,1709222400000,0.00090574
ARBUSDT,1709251200000,0.000576
ARBUSDT,1709280000000,0.00077711
ARBUSDT,1709308800000,0.0006782
ARBUSDT,1709337600000,0.00087604
ARBUSDT,1709366400001,0.00117016
ARBUSDT,1709395200000,0.00112665
ARBUSDT,1709424000000,0.00110007
ARBUSDT,1709452800000,0.00086466
ARBUSDT,1709481600000,0.00069769
ARBUSDT,1709510400000,0.00060009
ARBUSDT,1709539200000,0.00086653
ARBUSDT,1709568000000,0.00062608
ARBUSDT,1709596800000,0.00064219
ARBUSDT,1709625600000,0.00128625
ARBUSDT,1709654400000,0.00096023
ARBUSDT,1709683200000,0.0001
ARBUSDT,1709712000001,0.00040936
ARBUSDT,1709740800000,0.00046966
ARBUSDT,1709769600000,0.00052407
ARBUSDT,1709798400000,0.00053262
ARBUSDT,1709827200000,0.00064361
ARBUSDT,1709856000000,0.00070745
ARBUSDT,1709884800000,0.00060757
ARBUSDT,1709913600000,0.00063765
ARBUSDT,1709942400000,0.00049284
ARBUSDT,1709971200001,0.0006225
ARBUSDT,1710000000000,0.00071649
ARBUSDT,1710028800000,0.00075244
ARBUSDT,1710057600000,0.00079933
ARBUSDT,1710086400000,0.00048692
ARBUSDT,1710115200000,0.0005211
ARBUSDT,1710144000000,0.00058265
ARBUSDT,1710172800000,0.00067878
ARBUSDT,1710201600000,0.00089567
ARBUSDT,1710230400000,0.0006565
ARBUSDT,1710259200000,0.00053523
ARBUSDT,1710288000000,0.00054411
ARBUSDT,1710316800001,0.00070095
ARBUSDT,1710345600000,0.00062648
ARBUSDT,1710374400001,0.00050025
ARBUSDT,1710403200000,0.00071322
ARBUSDT,1710432000000,0.00067348
ARBUSDT,1710460800000,0.00060847
ARBUSDT,1710489600000,0.00035488
ARBUSDT,1710518400000,0.00022842
ARBUSDT,1710547200000,0.00025565
ARBUSDT,1710576000000,0.00032737
ARBUSDT,1710604800000,0.00016008
ARBUSDT,1710633600000,0.00014201
ARBUSDT,1710662400000,0.00010069
ARBUSDT,1710691200000,0.00020946
ARBUSDT,1710720000000,0.00013265
ARBUSDT,1710748800000,0.00030019
ARBUSDT,1710777600001,0.00025695
ARBUSDT,1710806400000,0.00039802
ARBUSDT,1710835200000,0.00022312
ARBUSDT,1710864000001,0.00017199
ARBUSDT,1710892800000,0.00018561
ARBUSDT,1710921600004,0.00021296
ARBUSDT,1710950400000,0.00012656
ARBUSDT,1710979200000,0.00028778
ARBUSDT,1711008000000,0.00018098
ARBUSDT,1711036800000,0.00022695
ARBUSDT,1711065600000,0.0003167
ARBUSDT,1711094400000,0.00022559
ARBUSDT,1711123200000,0.00013712
ARBUSDT,1711152000000,0.00021438
ARBUSDT,1711180800000,0.00017356
ARBUSDT,1711209600000,0.00020478
ARBUSDT,1711238400000,0.00021359
ARBUSDT,1711267200000,0.00017863
ARBUSDT,1711296000000,0.00020537
ARBUSDT,1711324800000,0.00015784
ARBUSDT,1711353600001,0.00021451
ARBUSDT,1711382400000,0.00024505
ARBUSDT,1711411200000,0.00040866
ARBUSDT,1711440000000,0.00034985
ARBUSDT,1711468800000,0.00039727
ARBUSDT,1711497600000,0.00046158
ARBUSDT,1711526400001,0.00039829
ARBUSDT,1711555200000,0.00040907
ARBUSDT,1711584000000,0.00047077
ARBUSDT,1711612800000,0.00062666
ARBUSDT,1711641600000,0.00056952
ARBUSDT,1711670400000,0.00058463
ARBUSDT,1711699200000,0.00052428
ARBUSDT,1711728000000,0.00055621
ARBUSDT,1711756800000,0.0006073
ARBUSDT,1711785600000,0.00065444
ARBUSDT,1711814400000,0.00072065
ARBUSDT,1711843200000,0.00053621
ARBUSDT,1711872000000,0.00066145
ARBUSDT,1711900800001,0.00055474
ARBUSDT,1711929600000,0.0007346
ARBUSDT,1711958400000,0.0004549
ARBUSDT,1711987200000,0.00036377
ARBUSDT,1712016000007,0.00033082
ARBUSDT,1712044800015,0.00013093
ARBUSDT,1712073600000,0.00015022
ARBUSDT,1712102400000,0.00018569
ARBUSDT,1712131200000,0.00016979
ARBUSDT,1712160000000,0.00018169
ARBUSDT,1712188800000,0.00020508
ARBUSDT,1712217600000,0.00030684
ARBUSDT,1712246400000,0.00021606
ARBUSDT,1712275200000,0.00019526
ARBUSDT,1712304000000,0.00018897
ARBUSDT,1712332800000,0.0001966
ARBUSDT,1712361600000,0.00030638
ARBUSDT,1712390400000,0.00019576
ARBUSDT,1712419200000,0.00014657
ARBUSDT,1712448000000,0.00014988
ARBUSDT,1712476800000,0.00011609
ARBUSDT,1712505600000,0.00015135
ARBUSDT,1712534400001,0.00023276
ARBUSDT,1712563200000,0.00015861
ARBUSDT,1712592000006,0.00024094
ARBUSDT,1712620800000,0.00021393
ARBUSDT,1712649600001,0.00020568
ARBUSDT,1712678400001,0.00019075
ARBUSDT,1712707200000,0.00024371
ARBUSDT,1712736000001,0.00019677
ARBUSDT,1712764800000,0.00015233
ARBUSDT,1712793600000,0.00017799
ARBUSDT,1712822400000,0.00020541
ARBUSDT,1712851200000,0.00016277
ARBUSDT,1712880000000,0.00014493
ARBUSDT,1712908800001,0.00020176
ARBUSDT,1712937600000,0.00018351
ARBUSDT,1712966400000,-0.0001438
ARBUSDT,1712995200000,0.0001
ARBUSDT,1713024000001,0.0001
ARBUSDT,1713052800000,0.0001
ARBUSDT,1713081600000,0.0001
ARBUSDT,1713110400000,0.0001
ARBUSDT,1713139200000,0.0000177
ARBUSDT,1713168000001,0.00005597
ARBUSDT,1713196800000,0.0001
ARBUSDT,1713225600001,0.0001
ARBUSDT,1713254400000,0.0001
ARBUSDT,1713283200000,0.00006078
ARBUSDT,1713312000000,-0.00001536
ARBUSDT,1713340800000,0.00005314
ARBUSDT,1713369600000,0.00005025
ARBUSDT,1713398400000,0.00005653
ARBUSDT,1713427200000,0.0000312
ARBUSDT,1713456000000,0.00000543
ARBUSDT,1713484800001,0.00008146
ARBUSDT,1713513600000,0.0001
ARBUSDT,1713542400000,0.0001
ARBUSDT,1713571200000,0.00007236
ARBUSDT,1713600000000,0.00006938
ARBUSDT,1713628800000,0.00007572
ARBUSDT,1713657600000,0.0001
ARBUSDT,1713686400000,0.0000653
ARBUSDT,1713715200000,0.00008015
ARBUSDT,1713744000000,0.0001
ARBUSDT,1713772800000,0.0001
ARBUSDT,1713801600000,0.0000437
ARBUSDT,1713830400000,0.00002493
ARBUSDT,1713859200000,0.00004762
ARBUSDT,1713888000001,0.0001
ARBUSDT,1713916800000,0.0000622
ARBUSDT,1713945600000,0.0001
ARBUSDT,1713974400000,0.00005597
ARBUSDT,1714003200000,-0.00000323
ARBUSDT,1714032000000,0.00006305
ARBUSDT,1714060800010,-0.00001384
ARBUSDT,1714089600001,-0.00005092
ARBUSDT,1714118400000,0.00001289
ARBUSDT,1714147200000,0.00002944
ARBUSDT,1714176000000,0.00005473
ARBUSDT,1714204800001,0.0000893
ARBUSDT,1714233600000,0.0001
ARBUSDT,1714262400000,-0.00003796
ARBUSDT,1714291200000,0.000004
ARBUSDT,1714320000000,0.00000988
ARBUSDT,1714348800000,0.0001
ARBUSDT,1714377600000,0.0001
ARBUSDT,1714406400000,0.00002952
ARBUSDT,1714435200000,-0.00000796
ARBUSDT,1714464000000,0.0001
ARBUSDT,1714492800000,0.00003031
ARBUSDT,1714521600000,-0.00012355
ARBUSDT,1714550400000,-0.00000631
ARBUSDT,1714579200000,0.0001
ARBUSDT,1714608000000,0.0001
ARBUSDT,1714636800000,0.00006194
ARBUSDT,1714665600002,-0.00002462
ARBUSDT,1714694400000,0.0000846
ARBUSDT,1714723200000,0.00008958
ARBUSDT,1714752000000,0.0001
ARBUSDT,1714780800000,0.0001
ARBUSDT,1714809600000,0.0001
ARBUSDT,1714838400000,0.0001
ARBUSDT,1714867200000,0.00006534
ARBUSDT,1714896000000,0.00006751
ARBUSDT,1714924800000,0.00006072
ARBUSDT,1714953600000,0.00009364
ARBUSDT,1714982400000,0.00008322
ARBUSDT,1715011200000,0.00008966
ARBUSDT,1715040000000,0.00002432
ARBUSDT,1715068800000,0.00009611
ARBUSDT,1715097600000,0.0001
ARBUSDT,1715126400000,0.0001
ARBUSDT,1715155200000,-0.00002996
ARBUSDT,1715184000000,0.0000617
ARBUSDT,1715212800000,0.0001
ARBUSDT,1715241600000,0.0001
ARBUSDT,1715270400000,0.0001
ARBUSDT,1715299200000,0.0001
ARBUSDT,1715328000000,0.0001
ARBUSDT,1715356800000,0.0001
ARBUSDT,1715385600000,0.00004693
ARBUSDT,1715414400000,0.0001
ARBUSDT,1715443200000,0.0001
ARBUSDT,1715472000000,0.0001
ARBUSDT,1715500800000,0.00009772
ARBUSDT,1715529600000,0.0001
ARBUSDT,1715558400001,0.00005136
ARBUSDT,1715587200001,0.00007952
ARBUSDT,1715616000000,0.00009825
ARBUSDT,1715644800000,0.00007099
ARBUSDT,1715673600000,0.0001
ARBUSDT,1715702400000,0.0000282
ARBUSDT,1715731200000,0.00009624
ARBUSDT,1715760000000,0.00001792
ARBUSDT,1715788800000,0.0000811
ARBUSDT,1715817600004,0.00008692
ARBUSDT,1715846400000,0.0001
ARBUSDT,1715875200000,0.0001
ARBUSDT,1715904000000,0.0001
ARBUSDT,1715932800000,0.0001
ARBUSDT,1715961600000,0.0001
ARBUSDT,1715990400000,0.0001
ARBUSDT,1716019200000,0.0001
ARBUSDT,1716048000000,0.00007996
ARBUSDT,1716076800000,0.0001
ARBUSDT,1716105600000,0.0001
ARBUSDT,1716134400000,0.0001
ARBUSDT,1716163200000,0.00000701
ARBUSDT,1716192000000,0.00003733
ARBUSDT,1716220800003,0.00003757
ARBUSDT,1716249600000,0.0001
ARBUSDT,1716278400001,0.0001
ARBUSDT,1716307200000,0.0001
ARBUSDT,1716336000000,0.0001
ARBUSDT,1716364800000,0.00013138
ARBUSDT,1716393600000,0.0001
ARBUSDT,1716422400000,0.0001
ARBUSDT,1716451200000,0.0001
ARBUSDT,1716480000000,0.0001
ARBUSDT,1716508800000,0.0001
ARBUSDT,1716537600000,0.0001
ARBUSDT,1716566400000,0.0001
ARBUSDT,1716595200000,0.0001
ARBUSDT,1716624000000,0.00010268
ARBUSDT,1716652800000,0.0001
ARBUSDT,1716681600000,0.0001
ARBUSDT,1716710400000,0.0001
ARBUSDT,1716739200000,0.0001
ARBUSDT,1716768000000,0.0001
ARBUSDT,1716796800000,0.00010445
ARBUSDT,1716825600000,0.0001
ARBUSDT,1716854400000,0.0001
ARBUSDT,1716883200000,0.0001
ARBUSDT,1716912000000,0.00020031
ARBUSDT,1716940800001,0.00023388
ARBUSDT,1716969600000,0.00010827
ARBUSDT,1716998400000,0.00014308
ARBUSDT,1717027200000,0.00018152
ARBUSDT,1717056000000,0.00013182
ARBUSDT,1717084800000,0.00019406
ARBUSDT,1717113600000,0.00016092
ARBUSDT,1717142400000,0.0001479
ARBUSDT,1717171200000,0.00011295
ARBUSDT,1717200000000,0.00019172
ARBUSDT,1717228800000,0.00010682
ARBUSDT,1717257600001,0.0001
ARBUSDT,1717286400000,0.00017516
ARBUSDT,1717315200000,0.00020835
ARBUSDT,1717344000000,0.00017762
ARBUSDT,1717372800000,0.00014646
ARBUSDT,1717401600000,0.00018644
ARBUSDT,1717430400000,0.00013294
ARBUSDT,1717459200000,0.0001
ARBUSDT,1717488000000,0.0001401
ARBUSDT,1717516800000,0.00018692
ARBUSDT,1717545600000,0.00019479
ARBUSDT,1717574400000,0.0002173
ARBUSDT,1717603200000,0.00023247
ARBUSDT,1717632000000,0.00019442
ARBUSDT,1717660800008,0.00011069
ARBUSDT,1717689600000,0.00023599
ARBUSDT,1717718400000,0.00014691
ARBUSDT,1717747200000,0.00020726
ARBUSDT,1717776000000,0.00025857
ARBUSDT,1717804800000,0.0001
ARBUSDT,1717833600000,0.0001
ARBUSDT,1717862400000,0.0001
ARBUSDT,1717891200000,0.0001
ARBUSDT,1717920000000,0.0001
ARBUSDT,1717948800001,0.0001
ARBUSDT,1717977600000,0.0001
ARBUSDT,1718006400000,0.0001
ARBUSDT,1718035200001,0.0001
ARBUSDT,1718064000001,0.0001
ARBUSDT,1718092800000,0.0001
ARBUSDT,1718121600000,0.0001
ARBUSDT,1718150400000,0.0001
ARBUSDT,1718179200000,0.0001
ARBUSDT,1718208000000,0.0001
ARBUSDT,1718236800000,0.0001
ARBUSDT,1718265600001,0.0001
ARBUSDT,1718294400000,0.0001
ARBUSDT,1718323200000,0.0001
ARBUSDT,1718352000000,0.0001
ARBUSDT,1718380800000,0.0001
ARBUSDT,1718409600000,0.0001
ARBUSDT,1718438400000,0.0001
ARBUSDT,1718467200000,0.0001
ARBUSDT,1718496000001,0.0001
ARBUSDT,1718524800000,0.0001
ARBUSDT,1718553600000,0.0001
ARBUSDT,1718582400000,0.0001
ARBUSDT,1718611200000,0.0001
ARBUSDT,1718640000000,0.00004692
ARBUSDT,1718668800000,0.00006981
ARBUSDT,1718697600000,-0.0000352
ARBUSDT,1718726400000,0.00008975
ARBUSDT,1718755200001,0.00009615
ARBUSDT,1718784000001,0.00003825
ARBUSDT,1718812800000,0.0001
ARBUSDT,1718841600000,0.00003339
ARBUSDT,1718870400000,0.00006907
ARBUSDT,1718899200000,0.0001
ARBUSDT,1718928000000,0.00007121
ARBUSDT,1718956800000,0.00005838
ARBUSDT,1718985600000,0.00009647
ARBUSDT,1719014400000,0.0001
ARBUSDT,1719043200000,0.0001
ARBUSDT,1719072000000,0.0001
ARBUSDT,1719100800000,0.0001
ARBUSDT,1719129600000,0.00004841
ARBUSDT,1719158400000,0.0001
ARBUSDT,1719187200002,0.00009857
ARBUSDT,1719216000000,0.0001
ARBUSDT,1719244800000,0.0001
ARBUSDT,1719273600000,0.0001
ARBUSDT,1719302400000,0.0001
ARBUSDT,1719331200000,0.0001
ARBUSDT,1719360000002,0.0001
ARBUSDT,1719388800000,0.00009764
ARBUSDT,1719417600000,0.0001
ARBUSDT,1719446400000,0.0001
ARBUSDT,1719475200001,0.0001
ARBUSDT,1719504000000,0.0001
ARBUSDT,1719532800000,0.0001
ARBUSDT,1719561600000,0.0001
ARBUSDT,1719590400000,0.0001
ARBUSDT,1719619200001,0.0001
ARBUSDT,1719648000000,0.0001
ARBUSDT,1719676800000,0.0001
ARBUSDT,1719705600000,0.00003282
ARBUSDT,1719734400000,0.00008159
ARBUSDT,1719763200000,0.0000077
ARBUSDT,1719792000000,0.0000746
ARBUSDT,1719820800000,0.00004952
ARBUSDT,1719849600001,0.0001
ARBUSDT,1719878400000,0.00007294
ARBUSDT,1719907200000,0.0001
ARBUSDT,1719936000000,0.0001
ARBUSDT,1719964800000,0.0001
ARBUSDT,1719993600001,0.0001
ARBUSDT,1720022400000,0.0001
ARBUSDT,1720051200000,0.0001
ARBUSDT,1720080000000,0.0001
ARBUSDT,1720108800000,0.00009846
ARBUSDT,1720137600000,0.00005977
ARBUSDT,1720166400000,-0.00014073
ARBUSDT,1720195200000,-0.00007403
ARBUSDT,1720224000000,0.0000651
ARBUSDT,1720252800000,0.00009083
ARBUSDT,1720281600000,0.00005565
ARBUSDT,1720310400001,0.0001
ARBUSDT,1720339200000,0.0001
ARBUSDT,1720368000000,0.0001
ARBUSDT,1720396800000,0.00008747
ARBUSDT,1720425600000,-0.00005412
ARBUSDT,1720454400000,0.0000636
ARBUSDT,1720483200000,0.00005399
ARBUSDT,1720512000001,-0.00003376
ARBUSDT,1720540800000,0.0001
ARBUSDT,1720569600000,-0.00017671
ARBUSDT,1720598400000,0.0001
ARBUSDT,1720627200000,0.0001
ARBUSDT,1720656000002,0.0001
ARBUSDT,1720684800002,0.0001
ARBUSDT,1720713600004,0.00006837
ARBUSDT,1720742400000,0.0001
ARBUSDT,1720771200000,0.0001
ARBUSDT,1720800000000,0.0001
ARBUSDT,1720828800000,0.0001
ARBUSDT,1720857600000,0.0001
ARBUSDT,1720886400000,-0.00009627
ARBUSDT,1720915200000,0.00009299
ARBUSDT,1720944000000,0.0001
ARBUSDT,1720972800000,0.0001
ARBUSDT,1721001600000,0.0001
ARBUSDT,1721030400000,0.00000759
ARBUSDT,1721059200000,0.00005435
ARBUSDT,1721088000000,0.00009978
ARBUSDT,1721116800000,0.0001
ARBUSDT,1721145600000,0.0000812
ARBUSDT,1721174400000,0.0001
ARBUSDT,1721203200001,0.0001
ARBUSDT,1721232000000,0.0001
ARBUSDT,1721260800000,0.0001
ARBUSDT,1721289600000,0.0001
ARBUSDT,1721318400000,0.00008347
ARBUSDT,1721347200000,0.0001
ARBUSDT,1721376000000,0.00005789
ARBUSDT,1721404800000,0.00009945
ARBUSDT,1721433600001,0.0001
ARBUSDT,1721462400000,0.0001
ARBUSDT,1721491200000,0.00008463
ARBUSDT,1721520000000,0.00001532
ARBUSDT,1721548800000,0.00001398
ARBUSDT,1721577600000,0.00007546
ARBUSDT,1721606400000,0.0001
ARBUSDT,1721635200000,0.00003199
ARBUSDT,1721664000000,0.00006839
ARBUSDT,1721692800000,0.00006313
ARBUSDT,1721721600000,0.00005374
ARBUSDT,1721750400000,0.00007409
ARBUSDT,1721779200000,0.00008486
ARBUSDT,1721808000000,0.00005839
ARBUSDT,1721836800000,-0.00003767
ARBUSDT,1721865600000,-0.00011566
ARBUSDT,1721894400000,-0.00001163
ARBUSDT,1721923200000,-0.00004827
ARBUSDT,1721952000000,-0.00010848
ARBUSDT,1721980800000,0.0001
ARBUSDT,1722009600000,0.0001
ARBUSDT,1722038400000,0.0001
ARBUSDT,1722067200000,0.0001
ARBUSDT,1722096000000,0.0001
ARBUSDT,1722124800000,0.0001
ARBUSDT,1722153600000,0.0001
ARBUSDT,1722182400001,0.0001
ARBUSDT,1722211200001,0.00003737
ARBUSDT,1722240000000,0.0001
ARBUSDT,1722268800001,0.0001
ARBUSDT,1722297600000,0.00009104
ARBUSDT,1722326400001,0.0001
ARBUSDT,1722355200000,0.0001
ARBUSDT,1722384000000,0.00002931
ARBUSDT,1722412800000,0.0001
ARBUSDT,1722441600000,0.0001
ARBUSDT,1722470400000,0.0001
ARBUSDT,1722499200000,0.00007467
ARBUSDT,1722528000000,0.00000654
ARBUSDT,1722556800000,0.0001
ARBUSDT,1722585600001,0.00003796
ARBUSDT,1722614400000,-0.00001672
ARBUSDT,1722643200000,0.00000745
ARBUSDT,1722672000000,0.00002546
ARBUSDT,1722700800001,-0.00012276
ARBUSDT,1722729600000,0.00005176
ARBUSDT,1722758400000,0.00000899
ARBUSDT,1722787200000,-0.00001677
ARBUSDT,1722816000000,0.00001246
ARBUSDT,1722844800000,-0.00000633
ARBUSDT,1722873600000,-0.00023108
ARBUSDT,1722902400000,-0.00018734
ARBUSDT,1722931200000,0.00004702
ARBUSDT,1722960000000,0.00004204
ARBUSDT,1722988800000,0.0001
ARBUSDT,1723017600001,0.00004257
ARBUSDT,1723046400000,-0.00006422
ARBUSDT,1723075200001,-0.00008668
ARBUSDT,1723104000000,0.00007099
ARBUSDT,1723132800000,0.00002995
ARBUSDT,1723161600000,0.0001
ARBUSDT,1723190400000,0.00006243
ARBUSDT,1723219200000,0.00003149
ARBUSDT,1723248000000,-0.00009331
ARBUSDT,1723276800000,0.00001909
ARBUSDT,1723305600000,-0.00013048
ARBUSDT,1723334400000,-0.0001876
ARBUSDT,1723363200000,0.00001377
ARBUSDT,1723392000001,0.000068
ARBUSDT,1723420800000,0.00002139
ARBUSDT,1723449600000,0.00002286
ARBUSDT,1723478400000,0.00007977
ARBUSDT,1723507200000,0.0001
ARBUSDT,1723536000000,0.00002491
ARBUSDT,1723564800000,0.00001233
ARBUSDT,1723593600000,0.00009307
ARBUSDT,1723622400000,0.0000661
ARBUSDT,1723651200000,-0.00001168
ARBUSDT,1723680000000,0.0001
ARBUSDT,1723708800000,0.0001
ARBUSDT,1723737600000,0.00005724
ARBUSDT,1723766400000,-0.00001253
ARBUSDT,1723795200000,0.00008683
ARBUSDT,1723824000000,0.00005367
ARBUSDT,1723852800000,0.0001
ARBUSDT,1723881600000,0.00005757
ARBUSDT,1723910400000,0.00003911
ARBUSDT,1723939200000,0.0001
ARBUSDT,1723968000000,0.00005935
ARBUSDT,1723996800000,0.0000585
ARBUSDT,1724025600000,0.0000537
ARBUSDT,1724054400000,0.00004609
ARBUSDT,1724083200002,0.00001671
ARBUSDT,1724112000000,0.00006708
ARBUSDT,1724140800000,0.00009758
ARBUSDT,1724169600001,0.00005882
ARBUSDT,1724198400001,0.00003152
ARBUSDT,1724227200000,0.0001
ARBUSDT,1724256000001,0.00003341
ARBUSDT,1724284800000,0.0001
ARBUSDT,1724313600000,-0.00001212
ARBUSDT,1724342400008,0.0001
ARBUSDT,1724371200000,0.0001
ARBUSDT,1724400000000,0.0000772
ARBUSDT,1724428800000,0.0001
ARBUSDT,1724457600000,0.0001
ARBUSDT,1724486400005,-0.00009437
ARBUSDT,1724515200000,0.0001
ARBUSDT,1724544000000,0.0001
ARBUSDT,1724572800000,0.00003475
ARBUSDT,1724601600000,0.00009751
ARBUSDT,1724630400000,0.00006519
ARBUSDT,1724659200001,0.0001
ARBUSDT,1724688000000,0.0001
ARBUSDT,1724716800001,0.00005149
ARBUSDT,1724745600000,0.00003585
ARBUSDT,1724774400000,0.00009125
ARBUSDT,1724803200000,-0.00018076
ARBUSDT,1724832000000,-0.00013281
ARBUSDT,1724860800001,0.00005498
ARBUSDT,1724889600000,-0.00006718
ARBUSDT,1724918400001,0.00004518
ARBUSDT,1724947200000,0.0000955
ARBUSDT,1724976000000,-0.00005225
ARBUSDT,1725004800000,0.0001
ARBUSDT,1725033600000,-0.00001503
ARBUSDT,1725062400000,0.00008244
ARBUSDT,1725091200000,0.00009232
ARBUSDT,1725120000000,0.0001
ARBUSDT,1725148800000,-0.00003515
ARBUSDT,1725177600001,0.0001
ARBUSDT,1725206400000,0.00008319
ARBUSDT,1725235200001,-0.00006153
ARBUSDT,1725264000001,-0.00003602
ARBUSDT,1725292800000,-0.00000194
ARBUSDT,1725321600000,0.0001
ARBUSDT,1725350400001,0.0001
ARBUSDT,1725379200000,0.00005937
ARBUSDT,1725408000000,-0.00001623
ARBUSDT,1725436800000,-0.00001073
ARBUSDT,1725465600000,0.00006555
ARBUSDT,1725494400000,0.0001
ARBUSDT,1725523200000,0.00008043
ARBUSDT,1725552000005,0.00008164
ARBUSDT,1725580800000,0.0001
ARBUSDT,1725609600001,0.00003772
ARBUSDT,1725638400000,-0.00005731
ARBUSDT,1725667200000,0.00008247
ARBUSDT,1725696000000,0.00008816
ARBUSDT,1725724800000,0.00000293
ARBUSDT,1725753600000,0.0001
ARBUSDT,1725782400000,0.0001
ARBUSDT,1725811200000,0.00006869
ARBUSDT,1725840000000,0.00004219
ARBUSDT,1725868800000,0.0001
ARBUSDT,1725897600001,0.000076
ARBUSDT,1725926400000,0.00007111
ARBUSDT,1725955200000,0.00005613
ARBUSDT,1725984000000,0.00007019
ARBUSDT,1726012800000,0.00004912
ARBUSDT,1726041600000,0.0000992
ARBUSDT,1726070400000,-0.00002803
ARBUSDT,1726099200000,0.00006591
ARBUSDT,1726128000000,0.0000999
ARBUSDT,1726156800000,0.0000571
ARBUSDT,1726185600000,0.0001
ARBUSDT,1726214400001,0.0001
ARBUSDT,1726243200001,0.000051
ARBUSDT,1726272000000,-0.00006827
ARBUSDT,1726300800000,0.0001
ARBUSDT,1726329600001,0.0001
ARBUSDT,1726358400000,0.00007115
ARBUSDT,1726387200000,0.0000459
ARBUSDT,1726416000000,0.00007616
ARBUSDT,1726444800000,-0.00002595
ARBUSDT,1726473600001,-0.00002226
ARBUSDT,1726502400000,-0.00001857
ARBUSDT,1726531200001,-0.00015369
ARBUSDT,1726560000000,0.00007169
ARBUSDT,1726588800000,0.0000025
ARBUSDT,1726617600000,0.00000856
ARBUSDT,1726646400000,0.0001
ARBUSDT,1726675200004,0.00005034
ARBUSDT,1726704000000,0.0001
ARBUSDT,1726732800000,0.0001
ARBUSDT,1726761600001,0.00001114
ARBUSDT,1726790400000,0.0001
ARBUSDT,1726819200001,0.00006895
ARBUSDT,1726848000000,0.00006809
ARBUSDT,1726876800001,0.0001
ARBUSDT,1726905600000,0.0001
ARBUSDT,1726934400000,0.0001
ARBUSDT,1726963200000,0.00005153
ARBUSDT,1726992000000,0.00007889
ARBUSDT,1727020800000,0.0001
ARBUSDT,1727049600000,0.00005823
ARBUSDT,1727078400000,0.0001
ARBUSDT,1727107200000,0.00006465
ARBUSDT,1727136000000,0.0001
ARBUSDT,1727164800000,0.0001
ARBUSDT,1727193600001,0.0001
ARBUSDT,1727222400000,0.0001
ARBUSDT,1727251200003,0.0001
ARBUSDT,1727280000000,0.0001
ARBUSDT,1727308800005,0.0001
ARBUSDT,1727337600000,0.0001
ARBUSDT,1727366400000,0.0001
ARBUSDT,1727395200000,0.0001
ARBUSDT,1727424000000,0.00003526
ARBUSDT,1727452800000,0.00007404
ARBUSDT,1727481600000,0.0001
ARBUSDT,1727510400001,0.0001
ARBUSDT,1727539200000,0.0001
ARBUSDT,1727568000001,0.00009701
ARBUSDT,1727596800000,0.00004372
ARBUSDT,1727625600000,0.0001
ARBUSDT,1727654400000,0.00008768
ARBUSDT,1727683200001,0.0001
ARBUSDT,1727712000000,0.0001
ARBUSDT,1727740800000,0.0001
ARBUSDT,1727769600000,0.0001
ARBUSDT,1727798400001,0.00003333
ARBUSDT,1727827200000,0.00002368
ARBUSDT,1727856000000,0.00005333
ARBUSDT,1727884800000,0.00002469
ARBUSDT,1727913600000,0.0001
ARBUSDT,1727942400000,-0.00002858
ARBUSDT,1727971200000,-0.00000721
ARBUSDT,1728000000000,0.00006261
ARBUSDT,1728028800000,0.00001658
ARBUSDT,1728057600001,0.00003935
ARBUSDT,1728086400000,-0.00002072
ARBUSDT,1728115200000,0.0001
ARBUSDT,1728144000000,0.0001
ARBUSDT,1728172800000,0.0001
ARBUSDT,1728201600001,0.0001
ARBUSDT,1728230400000,0.0001
ARBUSDT,1728259200000,0.0001
ARBUSDT,1728288000000,0.0001
ARBUSDT,1728316800001,0.00009638
ARBUSDT,1728345600000,0.00002409
ARBUSDT,1728374400000,0.00004405
ARBUSDT,1728403200000,0.0001
ARBUSDT,1728432000000,0.0001
ARBUSDT,1728460800000,0.0001
ARBUSDT,1728489600000,0.00001947
ARBUSDT,1728518400000,0.00008942
ARBUSDT,1728547200000,-0.00001989
ARBUSDT,1728576000000,0.0001
ARBUSDT,1728604800000,0.0001
ARBUSDT,1728633600000,0.0001
ARBUSDT,1728662400001,0.0001
ARBUSDT,1728691200000,0.0001
ARBUSDT,1728720000001,0.0001
ARBUSDT,1728748800000,0.0001
ARBUSDT,1728777600000,0.0001
ARBUSDT,1728806400000,0.0001
ARBUSDT,1728835200000,0.00004001
ARBUSDT,1728864000000,0.0001
ARBUSDT,1728892800000,0.0001
ARBUSDT,1728921600000,0.00009669
ARBUSDT,1728950400000,0.0001
ARBUSDT,1728979200000,0.0001
ARBUSDT,1729008000000,0.0001
ARBUSDT,1729036800000,0.0001
ARBUSDT,1729065600001,0.0001
ARBUSDT,1729094400000,0.0001
ARBUSDT,1729123200000,0.0001
ARBUSDT,1729152000000,0.00000857
ARBUSDT,1729180800001,0.0001
ARBUSDT,1729209600010,0.0001
ARBUSDT,1729238400001,0.0001
ARBUSDT,1729267200000,0.00008805
ARBUSDT,1729296000000,0.0001
ARBUSDT,1729324800000,0.0001
ARBUSDT,1729353600000,0.0001
ARBUSDT,1729382400000,0.00005971
ARBUSDT,1729411200000,0.0001
ARBUSDT,1729440000000,0.0001
ARBUSDT,1729468800000,0.0001
ARBUSDT,1729497600000,0.0001
ARBUSDT,1729526400000,0.0001
ARBUSDT,1729555200000,0.0001
ARBUSDT,1729584000000,0.0001
ARBUSDT,1729612800000,0.0001
ARBUSDT,1729641600000,0.0001
ARBUSDT,1729670400000,0.0001
ARBUSDT,1729699200000,0.0001
ARBUSDT,1729728000000,0.0001
ARBUSDT,1729756800000,0.0001
ARBUSDT,1729785600000,0.0001
ARBUSDT,1729814400000,0.0001
ARBUSDT,1729843200000,0.0001
ARBUSDT,1729872000000,0.0001
ARBUSDT,1729900800000,0.0001
ARBUSDT,1729929600001,-0.00000056
ARBUSDT,1729958400000,-0.00000512
ARBUSDT,1729987200000,0.0001
ARBUSDT,1730016000000,-0.00002429
ARBUSDT,1730044800000,0.00008926
ARBUSDT,1730073600000,0.0000153
ARBUSDT,1730102400001,0.00007997
ARBUSDT,1730131200000,0.0001
ARBUSDT,1730160000000,0.0001
ARBUSDT,1730188800000,0.0001
ARBUSDT,1730217600004,0.0001
ARBUSDT,1730246400000,0.0001
ARBUSDT,1730275200000,0.0001
ARBUSDT,1730304000013,0.0001
ARBUSDT,1730332800000,0.0001
ARBUSDT,1730361600000,0.0001
ARBUSDT,1730390400000,0.0001
ARBUSDT,1730419200000,0.0001
ARBUSDT,1730448000000,0.0001
ARBUSDT,1730476800000,0.0001
ARBUSDT,1730505600000,0.0001
ARBUSDT,1730534400000,0.0001
ARBUSDT,1730563200000,0.00007024
ARBUSDT,1730592000000,0.0001
ARBUSDT,1730620800000,-0.00004398
ARBUSDT,1730649600000,-0.00001682
ARBUSDT,1730678400000,0.00002168
ARBUSDT,1730707200000,-0.00002407
ARBUSDT,1730736000000,0.0001
ARBUSDT,1730764800000,0.0001
ARBUSDT,1730793600003,0.0001
ARBUSDT,1730822400001,0.0001
ARBUSDT,1730851200000,0.0001
ARBUSDT,1730880000000,0.0001
ARBUSDT,1730908800000,0.0001
ARBUSDT,1730937600000,0.0001
ARBUSDT,1730966400000,0.0001
ARBUSDT,1730995200000,0.0001
ARBUSDT,1731024000000,0.0001
ARBUSDT,1731052800000,0.0001
ARBUSDT,1731081600000,0.0001
ARBUSDT,1731110400000,0.0001
ARBUSDT,1731139200000,0.0001
ARBUSDT,1731168000000,0.0001
ARBUSDT,1731196800000,0.0001
ARBUSDT,1731225600000,0.0001
ARBUSDT,1731254400000,0.00026729
ARBUSDT,1731283200001,0.00021469
ARBUSDT,1731312000000,0.00018238
ARBUSDT,1731340800000,0.0001
ARBUSDT,1731369600002,0.00031911
ARBUSDT,1731398400000,0.00043289
ARBUSDT,1731427200000,0.00024209
ARBUSDT,1731456000000,0.00011591
ARBUSDT,1731484800010,0.00010546
ARBUSDT,1731513600000,0.00013771
ARBUSDT,1731542400001,0.00019607
ARBUSDT,1731571200000,0.00013837
ARBUSDT,1731600000000,0.0001
ARBUSDT,1731628800000,0.0001
ARBUSDT,1731657600000,0.0001
ARBUSDT,1731686400000,0.0001
ARBUSDT,1731715200001,0.0001
ARBUSDT,1731744000001,0.0001
ARBUSDT,1731772800000,0.00017766
ARBUSDT,1731801600000,0.00020668
ARBUSDT,1731830400000,0.0001
ARBUSDT,1731859200001,0.00010269
ARBUSDT,1731888000000,0.0001
ARBUSDT,1731916800000,0.00016435
ARBUSDT,1731945600000,0.00013207
ARBUSDT,1731974400000,0.0002257
ARBUSDT,1732003200000,0.00017812
ARBUSDT,1732032000000,0.00021592
ARBUSDT,1732060800003,0.0001
ARBUSDT,1732089600000,0.0001514
ARBUSDT,1732118400000,0.0001
ARBUSDT,1732147200001,0.0001
ARBUSDT,1732176000000,0.0001
ARBUSDT,1732204800001,0.00014351
ARBUSDT,1732233600000,0.00028682
ARBUSDT,1732262400000,0.00016547
ARBUSDT,1732291200001,0.00017847
ARBUSDT,1732320000000,0.0001
ARBUSDT,1732348800000,0.00033561
ARBUSDT,1732377600000,0.00027517
ARBUSDT,1732406400001,0.00017631
ARBUSDT,1732435200000,0.00014602
ARBUSDT,1732464000000,0.00016168
ARBUSDT,1732492800000,0.00011779
ARBUSDT,1732521600000,0.00034964
ARBUSDT,1732550400000,0.00016318
ARBUSDT,1732579200000,0.00018778
ARBUSDT,1732608000000,0.0001
ARBUSDT,1732636800000,0.0001
ARBUSDT,1732665600000,0.0001
ARBUSDT,1732694400000,0.00017408
ARBUSDT,1732723200001,0.00022556
ARBUSDT,1732752000000,0.00022887
ARBUSDT,1732780800000,0.00016476
ARBUSDT,1732809600000,0.00010067
ARBUSDT,1732838400000,0.0001
ARBUSDT,1732867200000,0.00019889
ARBUSDT,1732896000000,0.00037936
ARBUSDT,1732924800000,0.00038018
ARBUSDT,1732953600000,0.00033421
ARBUSDT,1732982400000,0.00026562
ARBUSDT,1733011200000,0.00025277
ARBUSDT,1733040000000,0.00018915
ARBUSDT,1733068800000,0.00035558
ARBUSDT,1733097600001,0.00018683
ARBUSDT,1733126400001,0.00025043
ARBUSDT,1733155200000,0.00025825
ARBUSDT,1733184000000,0.00037731
ARBUSDT,1733212800000,0.00042672
ARBUSDT,1733241600000,0.00032307
ARBUSDT,1733270400000,0.00032302
ARBUSDT,1733299200000,0.00038444
ARBUSDT,1733328000000,0.00043678
ARBUSDT,1733356800001,0.00024708
ARBUSDT,1733385600000,0.00056284
ARBUSDT,1733414400000,0.00055493
ARBUSDT,1733443200000,0.00048215
ARBUSDT,1733472000000,0.00052751
ARBUSDT,1733500800000,0.00034702
ARBUSDT,1733529600000,0.00034112
ARBUSDT,1733558400000,0.00040498
ARBUSDT,1733587200000,0.00030747
ARBUSDT,1733616000000,0.00041733
ARBUSDT,1733644800000,0.00020215
ARBUSDT,1733673600000,0.0002297
ARBUSDT,1733702400000,0.00031074
ARBUSDT,1733731200000,0.00033945
ARBUSDT,1733760000001,0.00011608
ARBUSDT,1733788800007,0.0001
ARBUSDT,1733817600000,0.0001
ARBUSDT,1733846400000,0.0001
ARBUSDT,1733875200000,0.0001
ARBUSDT,1733904000000,0.0001
ARBUSDT,1733932800001,0.0001
ARBUSDT,1733961600001,0.0001
ARBUSDT,1733990400000,0.0001
ARBUSDT,1734019200001,0.0001
ARBUSDT,1734048000000,0.0001
ARBUSDT,1734076800000,0.0001
ARBUSDT,1734105600001,0.0001
ARBUSDT,1734134400000,0.0001
ARBUSDT,1734163200000,0.0001
ARBUSDT,1734192000000,0.0001
ARBUSDT,1734220800000,0.0001
ARBUSDT,1734249600000,0.0001
ARBUSDT,1734278400000,0.0001
ARBUSDT,1734307200000,0.0001
ARBUSDT,1734336000001,0.0001
ARBUSDT,1734364800000,0.0001
ARBUSDT,1734393600000,0.0001
ARBUSDT,1734422400000,0.0001
ARBUSDT,1734451200000,0.0001
ARBUSDT,1734480000000,0.0001
ARBUSDT,1734508800000,0.0001
ARBUSDT,1734537600000,0.0001
ARBUSDT,1734566400000,0.0001
ARBUSDT,1734595200000,0.00007304
ARBUSDT,1734624000000,0.00009715
ARBUSDT,1734652800000,0.00009654
ARBUSDT,1734681600001,0.0001
ARBUSDT,1734710400014,0.00001356
ARBUSDT,1734739200000,0.0001
ARBUSDT,1734768000000,0.0001
ARBUSDT,1734796800001,0.0001
ARBUSDT,1734825600000,0.00006316
ARBUSDT,1734854400000,0.0001
ARBUSDT,1734883200000,0.0000565
ARBUSDT,1734912000000,0.0001
ARBUSDT,1734940800000,0.0001
ARBUSDT,1734969600001,0.0001
ARBUSDT,1734998400000,0.0001
ARBUSDT,1735027200000,0.0001
ARBUSDT,1735056000001,0.0001
ARBUSDT,1735084800001,0.00009241
ARBUSDT,1735113600000,-0.00000028
ARBUSDT,1735142400000,0.0001
ARBUSDT,1735171200000,0.0001
ARBUSDT,1735200000000,0.0001
ARBUSDT,1735228800000,0.0001
ARBUSDT,1735257600000,0.0001
ARBUSDT,1735286400000,0.0001
ARBUSDT,1735315200000,0.0001
ARBUSDT,1735344000001,0.00008987
ARBUSDT,1735372800000,0.00000059
ARBUSDT,1735401600000,0.00007141
ARBUSDT,1735430400000,0.0001
ARBUSDT,1735459200000,0.0001
ARBUSDT,1735488000000,0.0001
ARBUSDT,1735516800000,0.0001
ARBUSDT,1735545600001,0.00009652
ARBUSDT,1735574400000,0.0001
ARBUSDT,1735603200000,0.0001
ARBUSDT,1735632000000,0.00006415
ARBUSDT,1735660800000,0.0001
ARBUSDT,1735689600015,0.0001
ARBUSDT,1735718400000,0.0001
ARBUSDT,1735747200001,0.0001
ARBUSDT,1735776000000,0.0001
ARBUSDT,1735804800006,0.0001
ARBUSDT,1735833600000,0.0001
ARBUSDT,1735862400000,0.0001
ARBUSDT,1735891200000,0.0001
ARBUSDT,1735920000000,0.0001
ARBUSDT,1735948800000,0.0001
ARBUSDT,1735977600000,0.0001
ARBUSDT,1736006400000,0.0001
ARBUSDT,1736035200000,0.0001
ARBUSDT,1736064000000,0.0001
ARBUSDT,1736092800000,0.0001
ARBUSDT,1736121600000,0.0001
ARBUSDT,1736150400001,0.0001
ARBUSDT,1736179200000,0.0001
ARBUSDT,1736208000000,0.0001
ARBUSDT,1736236800000,0.0001
ARBUSDT,1736265600008,0.0001
ARBUSDT,1736294400001,0.0001
ARBUSDT,1736323200000,0.0001
ARBUSDT,1736352000000,0.00007882
ARBUSDT,1736380800000,-0.00000575
ARBUSDT,1736409600000,0.0001
ARBUSDT,1736438400000,0.0001
ARBUSDT,1736467200000,0.0001
ARBUSDT,1736496000000,0.0001
ARBUSDT,1736524800000,0.0001
ARBUSDT,1736553600000,0.0001
ARBUSDT,1736582400000,0.00002954
ARBUSDT,1736611200000,0.0001
ARBUSDT,1736640000000,0.0001
ARBUSDT,1736668800000,0.0001
ARBUSDT,1736697600000,0.0001
ARBUSDT,1736726400000,0.0001
ARBUSDT,1736755200000,0.00004913
ARBUSDT,1736784000000,0.00001904
ARBUSDT,1736812800000,0.0001
ARBUSDT,1736841600000,0.0001
ARBUSDT,1736870400000,0.00005669
ARBUSDT,1736899200000,0.00009823
ARBUSDT,1736928000000,0.0000895
ARBUSDT,1736956800000,0.0001
ARBUSDT,1736985600000,0.0001
ARBUSDT,1737014400000,0.0001
ARBUSDT,1737043200000,0.0001
ARBUSDT,1737072000004,0.0001
ARBUSDT,1737100800000,0.0001
ARBUSDT,1737129600008,0.0001
ARBUSDT,1737158400000,0.0001
ARBUSDT,1737187200007,0.0001
ARBUSDT,1737216000000,0.0001
ARBUSDT,1737244800000,0.0001
ARBUSDT,1737273600000,0.0001
ARBUSDT,1737302400000,0.0001
ARBUSDT,1737331200000,0.0001
ARBUSDT,1737360000009,0.0001
ARBUSDT,1737388800000,0.0001
ARBUSDT,1737417600000,0.0001
ARBUSDT,1737446400000,0.0001
ARBUSDT,1737475200000,0.0001
ARBUSDT,1737504000000,0.0001
ARBUSDT,1737532800000,0.0001
ARBUSDT,1737561600000,0.0001
ARBUSDT,1737590400001,0.0001
ARBUSDT,1737619200000,0.0001
ARBUSDT,1737648000000,0.0001
ARBUSDT,1737676800000,0.0001
ARBUSDT,1737705600000,0.0001
ARBUSDT,1737734400000,0.0001
ARBUSDT,1737763200000,0.0001
ARBUSDT,1737792000000,0.00007716
ARBUSDT,1737820800001,0.00003181
ARBUSDT,1737849600000,0.0000509
ARBUSDT,1737878400000,0.0001
ARBUSDT,1737907200000,0.0001
ARBUSDT,1737936000000,0.00005818
ARBUSDT,1737964800000,-0.00000014
ARBUSDT,1737993600000,0.00007294
ARBUSDT,1738022400000,0.0001
ARBUSDT,1738051200000,0.0001
ARBUSDT,1738080000000,0.0001
ARBUSDT,1738108800000,0.00006143
ARBUSDT,1738137600000,0.0001
ARBUSDT,1738166400000,0.0001
ARBUSDT,1738195200000,0.0001
ARBUSDT,1738224000000,0.0001
ARBUSDT,1738252800000,0.0001
ARBUSDT,1738281600000,0.0001
ARBUSDT,1738310400000,0.0001
ARBUSDT,1738339200000,0.0001
ARBUSDT,1738368000000,0.0001
ARBUSDT,1738396800000,0.0001
ARBUSDT,1738425600000,0.00006059
ARBUSDT,1738454400001,-0.00006889
ARBUSDT,1738483200000,0.00000229
ARBUSDT,1738512000000,-0.00002006
ARBUSDT,1738540800000,-0.00009286
ARBUSDT,1738569600000,-0.00012711
ARBUSDT,1738598400000,-0.00006471
ARBUSDT,1738627200000,-0.00002874
ARBUSDT,1738656000001,0.00000082
ARBUSDT,1738684800000,-0.00005866
ARBUSDT,1738713600001,0.00005203
ARBUSDT,1738742400001,0.00002041
ARBUSDT,1738771200000,-0.00001431
ARBUSDT,1738800000001,-0.00001234
ARBUSDT,1738828800001,-0.0001148
ARBUSDT,1738857600000,-0.00005432
ARBUSDT,1738886400000,-0.00008517
ARBUSDT,1738915200000,0.0001
ARBUSDT,1738944000000,-0.00007742
ARBUSDT,1738972800000,-0.00008995
ARBUSDT,1739001600000,-0.00004119
ARBUSDT,1739030400000,0.00001542
ARBUSDT,1739059200000,0.0001
ARBUSDT,1739088000000,0.0001
ARBUSDT,1739116800000,0.00009365
ARBUSDT,1739145600000,0.00008709
ARBUSDT,1739174400000,0.00008709
ARBUSDT,1739203200000,0.0001
ARBUSDT,1739232000000,0.00003578
ARBUSDT,1739260800000,0.00009674
ARBUSDT,1739289600000,0.00004647
ARBUSDT,1739318400000,-0.00004079
ARBUSDT,1739347200000,-0.00016229
ARBUSDT,1739376000001,-0.00001782
ARBUSDT,1739404800001,0.000072
ARBUSDT,1739433600000,0.0001
ARBUSDT,1739462400001,0.0001
ARBUSDT,1739491200000,0.00008212
ARBUSDT,1739520000001,0.00007317
ARBUSDT,1739548800000,0.0001
ARBUSDT,1739577600000,0.0001
ARBUSDT,1739606400000,0.00006985
ARBUSDT,1739635200000,-0.0000287
ARBUSDT,1739664000000,-0.0000403
ARBUSDT,1739692800000,-0.00001712
ARBUSDT,1739721600000,-0.00007116
ARBUSDT,1739750400000,-0.00005277
ARBUSDT,1739779200000,-0.00004575
ARBUSDT,1739808000000,0.0001
ARBUSDT,1739836800000,0.00004469
ARBUSDT,1739865600000,-0.00020931
ARBUSDT,1739894400000,-0.00017535
ARBUSDT,1739923200000,-0.00008962
ARBUSDT,1739952000000,-0.00001488
ARBUSDT,1739980800000,0.00009849
ARBUSDT,1740009600000,0.00007777
ARBUSDT,1740038400000,0.0001
ARBUSDT,1740067200000,0.0001
ARBUSDT,1740096000001,0.0001
ARBUSDT,1740124800000,0.0001
ARBUSDT,1740153600000,0.0001
ARBUSDT,1740182400000,0.0001
ARBUSDT,1740211200000,0.0001
ARBUSDT,1740240000000,0.0001
ARBUSDT,1740268800000,0.0000504
ARBUSDT,1740297600000,0.0001
ARBUSDT,1740326400000,0.00007634
ARBUSDT,1740355200000,0.00001343
ARBUSDT,1740384000000,0.00002778
ARBUSDT,1740412800000,-0.00007206
ARBUSDT,1740441600000,0.00004305
ARBUSDT,1740470400000,-0.00010232
ARBUSDT,1740499200000,0.00005628
ARBUSDT,1740528000000,-0.00001811
ARBUSDT,1740556800000,0.00002128
ARBUSDT,1740585600000,0.0001
ARBUSDT,1740614400001,0.0001
ARBUSDT,1740643200000,0.0001
ARBUSDT,1740672000000,0.0001
ARBUSDT,1740700800001,0.0000916
ARBUSDT,1740729600000,0.00002932
ARBUSDT,1740758400000,0.00005799
ARBUSDT,1740787200000,0.0001
ARBUSDT,1740816000000,0.0001
ARBUSDT,1740844800001,0.00003895
ARBUSDT,1740873600000,0.0001
ARBUSDT,1740902400000,0.00004158
ARBUSDT,1740931200000,0.00005558
ARBUSDT,1740960000001,0.0001
ARBUSDT,1740988800000,-0.00001877
ARBUSDT,1741017600000,0.00001234
ARBUSDT,1741046400001,-0.00019828
ARBUSDT,1741075200005,-0.00009924
ARBUSDT,1741104000000,-0.00005202
ARBUSDT,1741132800000,-0.00000186
ARBUSDT,1741161600000,-0.00006961
ARBUSDT,1741190400000,0.00004354
ARBUSDT,1741219200000,-0.00005265
ARBUSDT,1741248000001,0.00009214
ARBUSDT,1741276800000,0.00008165
ARBUSDT,1741305600000,-0.00002865
ARBUSDT,1741334400001,0.00005951
ARBUSDT,1741363200000,0.00009998
ARBUSDT,1741392000000,0.0001
ARBUSDT,1741420800001,-0.00003059
ARBUSDT,1741449600001,-0.00002684
ARBUSDT,1741478400001,0.00004421
ARBUSDT,1741507200000,-0.00004615
ARBUSDT,1741536000000,-0.00013144
ARBUSDT,1741564800000,-0.00020894
ARBUSDT,1741593600000,-0.00009906
ARBUSDT,1741622400000,-0.00002965
ARBUSDT,1741651200000,-0.00010294
ARBUSDT,1741680000000,0.00002465
ARBUSDT,1741708800001,0.00009934
ARBUSDT,1741737600000,0.00009561
ARBUSDT,1741766400000,0.00005867
ARBUSDT,1741795200001,0.0001
ARBUSDT,1741824000000,0.0001
ARBUSDT,1741852800000,0.0001
ARBUSDT,1741881600000,0.00005867
ARBUSDT,1741910400000,0.0001
ARBUSDT,1741939200000,0.00005737
ARBUSDT,1741968000000,0.00007917
ARBUSDT,1741996800000,0.0001
ARBUSDT,1742025600000,0.00005623
ARBUSDT,1742054400000,0.00000847
ARBUSDT,1742083200000,-0.00002857
ARBUSDT,1742112000000,0.0001
ARBUSDT,1742140800000,-0.00001662
ARBUSDT,1742169600000,-0.000041
ARBUSDT,1742198400000,0.0001
ARBUSDT,1742227200000,0.00006578
ARBUSDT,1742256000000,0.00007716
ARBUSDT,1742284800000,0.00003758
ARBUSDT,1742313600000,-0.00000036
ARBUSDT,1742342400000,0.0001
ARBUSDT,1742371200000,0.0001
ARBUSDT,1742400000000,0.00007365
ARBUSDT,1742428800000,0.0001
ARBUSDT,1742457600000,0.0000763
ARBUSDT,1742486400000,0.00008195
ARBUSDT,1742515200000,0.0000679
ARBUSDT,1742544000000,0.0000753
ARBUSDT,1742572800000,0.00003336
ARBUSDT,1742601600000,-0.00000914
ARBUSDT,1742630400004,0.00006674
ARBUSDT,1742659200000,0.00002199
ARBUSDT,1742688000000,0.00000797
ARBUSDT,1742716800000,0.00008884
ARBUSDT,1742745600000,-0.00000527
ARBUSDT,1742774400000,0.0001
ARBUSDT,1742803200000,0.0001
ARBUSDT,1742832000000,0.0001
ARBUSDT,1742860800001,0.0001
ARBUSDT,1742889600000,0.0001
ARBUSDT,1742918400000,0.00005428
ARBUSDT,1742947200000,0.0001
ARBUSDT,1742976000000,0.0001
ARBUSDT,1743004800001,-0.00001802
ARBUSDT,1743033600001,0.0001
ARBUSDT,1743062400001,0.00004765
ARBUSDT,1743091200002,0.00005756
ARBUSDT,1743120000001,0.00007085
ARBUSDT,1743148800001,0.00002275
ARBUSDT,1743177600000,-0.00016795
ARBUSDT,1743206400000,-0.00018688
ARBUSDT,1743235200000,0.00003279
ARBUSDT,1743264000000,-0.00016179
ARBUSDT,1743292800000,-0.00002801
ARBUSDT,1743321600000,-0.00007456
ARBUSDT,1743350400000,-0.00005058
ARBUSDT,1743379200000,-0.00016461
ARBUSDT,1743408000000,-0.00006347
ARBUSDT,1743436800000,0.00002653
ARBUSDT,1743465600000,-0.00001882
ARBUSDT,1743494400001,-0.00001663
ARBUSDT,1743523200000,0.00008941
ARBUSDT,1743552000001,0.0001
ARBUSDT,1743580800000,0.00000877
ARBUSDT,1743609600000,-0.00001629
ARBUSDT,1743638400000,0.00008533
ARBUSDT,1743667200000,-0.00002451
ARBUSDT,1743696000000,-0.00003483
ARBUSDT,1743724800000,-0.00014367
ARBUSDT,1743753600000,0.00002177
ARBUSDT,1743782400000,0.00006189
ARBUSDT,1743811200000,0.0001
ARBUSDT,1743840000000,0.0001
ARBUSDT,1743868800000,0.00009027
ARBUSDT,1743897600000,0.00003537
ARBUSDT,1743926400000,0.00004258
ARBUSDT,1743955200002,-0.00003251
ARBUSDT,1743984000000,-0.00006983
ARBUSDT,1744012800000,0.00003978
ARBUSDT,1744041600000,0.0000372
ARBUSDT,1744070400000,0.00006279
ARBUSDT,1744099200000,0.00009337
ARBUSDT,1744128000000,0.0000449
ARBUSDT,1744156800000,0.00009757
ARBUSDT,1744185600001,0.0001
ARBUSDT,1744214400000,0.0000789
ARBUSDT,1744243200000,0.0001
ARBUSDT,1744272000000,0.0001
ARBUSDT,1744300800000,0.00003963
ARBUSDT,1744329600001,0.00005836
ARBUSDT,1744358400000,0.00003761
ARBUSDT,1744387200000,0.0000939
ARBUSDT,1744416000000,0.00007712
ARBUSDT,1744444800001,0.00006484
ARBUSDT,1744473600000,0.00004853
ARBUSDT,1744502400000,0.00009575
ARBUSDT,1744531200000,0.00007764
ARBUSDT,1744560000000,0.0000879
ARBUSDT,1744588800000,0.0001
ARBUSDT,1744617600000,0.0000181
ARBUSDT,1744646400000,-0.00001617
ARBUSDT,1744675200000,0.00002913
ARBUSDT,1744704000000,-0.00005745
ARBUSDT,1744732800001,0.00004971
ARBUSDT,1744761600000,0.00001767
ARBUSDT,1744790400000,-0.00007907
ARBUSDT,1744819200000,-0.00004331
ARBUSDT,1744848000001,0.00003326
ARBUSDT,1744876800000,0.0001
ARBUSDT,1744905600001,-0.00007971
ARBUSDT,1744934400000,0.0000225
ARBUSDT,1744963200000,0.0001
ARBUSDT,1744992000000,0.0001
ARBUSDT,1745020800000,0.0001
ARBUSDT,1745049600000,0.0001
ARBUSDT,1745078400000,0.0001
ARBUSDT,1745107200000,0.0001
ARBUSDT,1745136000000,0.0001
ARBUSDT,1745164800000,0.0001
ARBUSDT,1745193600000,0.0001
ARBUSDT,1745222400005,0.0001
ARBUSDT,1745251200003,0.00009173
ARBUSDT,1745280000008,-0.00004491
ARBUSDT,1745308800000,-0.00005759
ARBUSDT,1745337600000,0.00002897
ARBUSDT,1745366400000,0.00008966
ARBUSDT,1745395200002,0.0001
ARBUSDT,1745424000000,0.0001
ARBUSDT,1745452800000,0.00008289
ARBUSDT,1745481600001,0.0001
ARBUSDT,1745510400001,0.00009816
ARBUSDT,1745539200007,0.0001
ARBUSDT,1745568000002,0.0001
ARBUSDT,1745596800003,0.00001359
ARBUSDT,1745625600002,0.0001
ARBUSDT,1745654400000,0.00006002
ARBUSDT,1745683200002,0.0001
ARBUSDT,1745712000001,0.00005222
ARBUSDT,1745740800000,0.00009366
ARBUSDT,1745769600000,0.00004599
ARBUSDT,1745798400001,-0.00010647
ARBUSDT,1745827200003,0.00002689
ARBUSDT,1745856000005,0.00001045
ARBUSDT,1745884800000,0.0001
ARBUSDT,1745913600000,0.00005645
ARBUSDT,1745942400010,-0.00000742
ARBUSDT,1745971200001,-0.00004811
ARBUSDT,1746000000000,-0.00002598
ARBUSDT,1746028800003,-0.00004785
ARBUSDT,1746057600000,0.00003722
ARBUSDT,1746086400000,0.00006703
ARBUSDT,1746115200001,0.00007942
ARBUSDT,1746144000000,0.0001
ARBUSDT,1746172800000,0.0001
ARBUSDT,1746201600003,0.0001
ARBUSDT,1746230400000,0.00001559
ARBUSDT,1746259200000,0.00003995
ARBUSDT,1746288000000,-0.00011859
ARBUSDT,1746316800001,-0.00006334
ARBUSDT,1746345600001,-0.00014927
ARBUSDT,1746374400002,-0.0000205
ARBUSDT,1746403200000,0.0000301
ARBUSDT,1746432000000,-0.00009523
ARBUSDT,1746460800006,0.00001504
ARBUSDT,1746489600002,-0.00004197
ARBUSDT,1746518400005,0.00003412
ARBUSDT,1746547200000,-0.00000476
ARBUSDT,1746576000002,0.00004159
ARBUSDT,1746604800000,-0.00001312
ARBUSDT,1746633600006,-0.00003077
ARBUSDT,1746662400000,0.0001
ARBUSDT,1746691200001,0.00007667
ARBUSDT,1746720000002,0.00004752
ARBUSDT,1746748800001,0.0001
ARBUSDT,1746777600006,0.0001
ARBUSDT,1746806400000,0.0001
ARBUSDT,1746835200001,0.0001
ARBUSDT,1746864000000,0.00005097
ARBUSDT,1746892800001,0.00003171
ARBUSDT,1746921600000,0.00000688
ARBUSDT,1746950400001,0.0001
ARBUSDT,1746979200001,0.0001
ARBUSDT,1747008000004,0.0001
ARBUSDT,1747036800000,0.0001
ARBUSDT,1747065600000,0.0001
ARBUSDT,1747094400000,0.00005573
ARBUSDT,1747123200008,0.00006109
ARBUSDT,1747152000001,0.0000317
ARBUSDT,1747180800007,0.0001
ARBUSDT,1747209600000,0.0001
ARBUSDT,1747238400002,0.0001
ARBUSDT,1747267200000,0.0001
ARBUSDT,1747296000003,0.0001
ARBUSDT,1747324800000,0.0001
ARBUSDT,1747353600001,0.0000298
ARBUSDT,1747382400000,-0.00003257
ARBUSDT,1747411200000,0.00004133
ARBUSDT,1747440000000,0.0001
ARBUSDT,1747468800001,-0.00010229
ARBUSDT,1747497600004,-0.00000619
ARBUSDT,1747526400000,-0.00006068
ARBUSDT,1747555200000,-0.00009241
ARBUSDT,1747584000000,0.00005928
ARBUSDT,1747612800000,0.00003794
ARBUSDT,1747641600006,0.00003901
ARBUSDT,1747670400010,0.00007969
ARBUSDT,1747699200000,0.00006342
ARBUSDT,1747728000002,0.00006691
ARBUSDT,1747756800000,0.00000705
ARBUSDT,1747785600000,0.00007828
ARBUSDT,1747814400001,0.00006014
ARBUSDT,1747843200004,0.0001
ARBUSDT,1747872000001,0.00007454
ARBUSDT,1747900800000,0.00002834
ARBUSDT,1747929600002,0.0001
ARBUSDT,1747958400006,0.0001
ARBUSDT,1747987200000,0.0001
ARBUSDT,1748016000007,0.0001
ARBUSDT,1748044800010,0.0001
ARBUSDT,1748073600000,-0.00003733
ARBUSDT,1748102400003,-0.00006715
ARBUSDT,1748131200004,0.0000348
ARBUSDT,1748160000000,0.00001584
ARBUSDT,1748188800000,-0.00008109
ARBUSDT,1748217600000,0.00001621
ARBUSDT,1748246400000,0.00002718
ARBUSDT,1748275200002,0.0001
ARBUSDT,1748304000003,-0.00001676
ARBUSDT,1748332800001,0.00008437
ARBUSDT,1748361600005,0.00009199
ARBUSDT,1748390400002,0.0001
ARBUSDT,1748419200003,0.0001
ARBUSDT,1748448000002,0.00006019
ARBUSDT,1748476800000,0.00006412
ARBUSDT,1748505600006,0.0001
ARBUSDT,1748534400000,0.00001476
ARBUSDT,1748563200003,-0.00010733
ARBUSDT,1748592000003,-0.00031978
ARBUSDT,1748620800000,-0.00018302
ARBUSDT,1748649600000,-0.00026718
ARBUSDT,1748678400000,-0.00011297
ARBUSDT,1748707200000,-0.00012563
ARBUSDT,1748736000001,0.0000024
ARBUSDT,1748764800002,0.00004478
ARBUSDT,1748793600000,0.0001
ARBUSDT,1748822400001,-0.0000223
ARBUSDT,1748851200000,0.00006845
ARBUSDT,1748880000000,0.00002716
ARBUSDT,1748908800000,0.00005768
ARBUSDT,1748937600000,0.00006871
ARBUSDT,1748966400001,0.00005755
ARBUSDT,1748995200000,0.0001
ARBUSDT,1749024000000,-0.00005363
ARBUSDT,1749052800000,0.0001
ARBUSDT,1749081600016,0.00002748
ARBUSDT,1749110400000,-0.00000691
ARBUSDT,1749139200000,0.0000711
ARBUSDT,1749168000002,-0.00011251
ARBUSDT,1749196800000,-0.00006475
ARBUSDT,1749225600006,-0.00002971
ARBUSDT,1749254400000,0.0001
ARBUSDT,1749283200000,0.0001
ARBUSDT,1749312000002,0.0000745
ARBUSDT,1749340800000,0.00009453
ARBUSDT,1749369600000,0.00009821
ARBUSDT,1749398400000,0.00001428
ARBUSDT,1749427200000,0.00008093
ARBUSDT,1749456000001,0.0000556
ARBUSDT,1749484800001,0.00005838
ARBUSDT,1749513600000,0.0001
ARBUSDT,1749542400001,0.0001
ARBUSDT,1749571200003,0.0001
ARBUSDT,1749600000000,0.0001
ARBUSDT,1749628800000,0.0001
ARBUSDT,1749657600010,0.0001
ARBUSDT,1749686400002,0.0001
ARBUSDT,1749715200003,0.00006291
ARBUSDT,1749744000001,-0.00003079
ARBUSDT,1749772800000,0.00002594
ARBUSDT,1749801600001,-0.00024588
ARBUSDT,1749830400004,-0.00001645
ARBUSDT,1749859200000,0.00005795
ARBUSDT,1749888000000,0.00005686
ARBUSDT,1749916800000,0.00003269
ARBUSDT,1749945600005,-0.0000071
ARBUSDT,1749974400009,0.00000645
ARBUSDT,1750003200000,-0.00003815
ARBUSDT,1750032000000,0.00002518
ARBUSDT,1750060800000,-0.00005737
ARBUSDT,1750089600003,0.00003827
ARBUSDT,1750118400000,0.00008026
ARBUSDT,1750147200006,0.00007137
ARBUSDT,1750176000001,0.00007279
ARBUSDT,1750204800001,0.000098
ARBUSDT,1750233600001,0.0001
ARBUSDT,1750262400001,0.00007269
ARBUSDT,1750291200005,0.00007932
ARBUSDT,1750320000003,0.00005381
ARBUSDT,1750348800000,0.00008099
ARBUSDT,1750377600000,0.00007025
ARBUSDT,1750406400002,0.00008794
ARBUSDT,1750435200001,-0.00005139
ARBUSDT,1750464000002,0.00007671
ARBUSDT,1750492800005,0.0001
ARBUSDT,1750521600000,-0.00005528
ARBUSDT,1750550400005,0.00006551
ARBUSDT,1750579200000,0.00007367
ARBUSDT,1750608000003,0.00004618
ARBUSDT,1750636800000,0.00004185
ARBUSDT,1750665600004,-0.00000076
ARBUSDT,1750694400013,-0.00002233
ARBUSDT,1750723200003,0.00005473
ARBUSDT,1750752000000,0.0000814
ARBUSDT,1750780800000,0.0001
ARBUSDT,1750809600005,0.0001
ARBUSDT,1750838400000,0.0001
ARBUSDT,1750867200005,-0.00001331
ARBUSDT,1750896000000,-0.00005119
ARBUSDT,1750924800006,-0.00006118
ARBUSDT,1750953600007,-0.00014871
ARBUSDT,1750982400000,0.00004432
ARBUSDT,1751011200000,0.0000084
ARBUSDT,1751040000009,0.00001749
ARBUSDT,1751068800001,0.00002274
ARBUSDT,1751097600002,-0.00003877
ARBUSDT,1751126400000,0.0001
ARBUSDT,1751155200004,0.0001
ARBUSDT,1751184000001,0.0001
ARBUSDT,1751212800001,0.00005239
ARBUSDT,1751241600000,0.0001
ARBUSDT,1751270400005,0.0001
ARBUSDT,1751299200002,0.00002727
ARBUSDT,1751328000007,-0.00010262
ARBUSDT,1751356800002,-0.00000528
ARBUSDT,1751385600000,-0.00011906
ARBUSDT,1751414400001,-0.00019968
ARBUSDT,1751443200000,-0.000142
ARBUSDT,1751472000003,-0.00002821
ARBUSDT,1751500800006,0.0001
ARBUSDT,1751529600003,-0.00009858
ARBUSDT,1751558400003,-0.00000688
ARBUSDT,1751587200005,-0.00011982
ARBUSDT,1751616000003,0.0001
ARBUSDT,1751644800001,-0.00004524
ARBUSDT,1751673600004,-0.00021317
ARBUSDT,1751702400009,-0.00001811
ARBUSDT,1751731200006,-0.00016547
ARBUSDT,1751760000001,-0.00021639
ARBUSDT,1751788800002,-0.0000719
ARBUSDT,1751817600004,0.00000633
ARBUSDT,1751846400000,0.00004439
ARBUSDT,1751875200007,0.0001
ARBUSDT,1751904000000,0.0001
ARBUSDT,1751932800010,0.0001
ARBUSDT,1751961600003,0.00006776
ARBUSDT,1751990400000,0.00006667
ARBUSDT,1752019200002,0.0001
ARBUSDT,1752048000006,0.00004247
ARBUSDT,1752076800001,0.0001
ARBUSDT,1752105600003,0.0001
ARBUSDT,1752134400000,0.0001
ARBUSDT,1752163200004,0.0001
ARBUSDT,1752192000004,0.0001
ARBUSDT,1752220800007,0.0001
ARBUSDT,1752249600001,0.0001
ARBUSDT,1752278400000,0.0001
ARBUSDT,1752307200001,0.0001
ARBUSDT,1752336000002,0.0001
ARBUSDT,1752364800006,0.0001
ARBUSDT,1752393600001,0.00008644
ARBUSDT,1752422400003,0.0001
ARBUSDT,1752451200000,0.0001
ARBUSDT,1752480000000,0.0001
ARBUSDT,1752508800000,0.0001
ARBUSDT,1752537600002,0.0001
ARBUSDT,1752566400000,0.0001
ARBUSDT,1752595200000,0.0001
ARBUSDT,1752624000000,0.0001
ARBUSDT,1752652800000,0.0001
ARBUSDT,1752681600008,0.0001
ARBUSDT,1752710400003,0.0001
ARBUSDT,1752739200000,0.0001
ARBUSDT,1752768000000,0.0001
ARBUSDT,1752796800004,0.0001
ARBUSDT,1752825600000,0.0001
ARBUSDT,1752854400000,0.0001
ARBUSDT,1752883200009,0.0001
ARBUSDT,1752912000000,0.0001
ARBUSDT,1752940800002,0.0001
ARBUSDT,1752969600000,0.0001
ARBUSDT,1752998400000,0.0001
ARBUSDT,1753027200000,0.0001
ARBUSDT,1753056000001,0.0001
ARBUSDT,1753084800000,0.0001
ARBUSDT,1753113600001,0.0001
ARBUSDT,1753142400000,0.0001
ARBUSDT,1753171200010,0.0001
ARBUSDT,1753200000007,0.0001
ARBUSDT,1753228800000,0.0001
ARBUSDT,1753257600004,0.0001
ARBUSDT,1753286400002,0.0001
ARBUSDT,1753315200000,0.0001
ARBUSDT,1753344000001,0.0001
ARBUSDT,1753372800000,0.0001
ARBUSDT,1753401600000,0.0001
ARBUSDT,1753430400000,0.0001
ARBUSDT,1753459200000,0.0001
ARBUSDT,1753488000001,0.0001
ARBUSDT,1753516800005,0.0001
ARBUSDT,1753545600001,0.0001
ARBUSDT,1753574400001,0.0001
ARBUSDT,1753603200000,0.0001
ARBUSDT,1753632000008,0.00000997
ARBUSDT,1753660800005,0.0001
ARBUSDT,1753689600000,0.0001
ARBUSDT,1753718400000,0.00004329
ARBUSDT,1753747200001,0.00007267
ARBUSDT,1753776000000,0.00006858
ARBUSDT,1753804800000,0.0001
ARBUSDT,1753833600011,0.00000773
ARBUSDT,1753862400000,0.00002476
ARBUSDT,1753891200008,0.00000133
ARBUSDT,1753920000000,0.00006373
ARBUSDT,1753948800009,0.00004256
ARBUSDT,1753977600000,-0.00006702
ARBUSDT,1754006400001,-0.00006073
ARBUSDT,1754035200003,0.0000139
ARBUSDT,1754064000000,0.0001
ARBUSDT,1754092800004,0.0001
ARBUSDT,1754121600000,0.00005742
ARBUSDT,1754150400000,-0.00001013
ARBUSDT,1754179200000,0.0000726
ARBUSDT,1754208000000,-0.00002317
ARBUSDT,1754236800003,0.00001045
ARBUSDT,1754265600004,0.0001
ARBUSDT,1754294400000,0.00007396
ARBUSDT,1754323200002,0.00001892
ARBUSDT,1754352000000,0.0001
ARBUSDT,1754380800000,0.0001
ARBUSDT,1754409600000,0.00003469
ARBUSDT,1754438400005,0.00007375
ARBUSDT,1754467200000,0.00006773
ARBUSDT,1754496000000,0.0001
ARBUSDT,1754524800003,0.00005005
ARBUSDT,1754553600002,0.00004964
ARBUSDT,1754582400002,0.0001
ARBUSDT,1754611200002,0.00009757
ARBUSDT,1754640000004,0.00007207
ARBUSDT,1754668800000,0.00009165
ARBUSDT,1754697600005,0.0001
ARBUSDT,1754726400000,0.0001
ARBUSDT,1754755200007,0.0001
ARBUSDT,1754784000003,0.0001
ARBUSDT,1754812800005,0.0001
ARBUSDT,1754841600002,0.0001
ARBUSDT,1754870400000,0.0001
ARBUSDT,1754899200000,0.0001
ARBUSDT,1754928000000,0.00007622
ARBUSDT,1754956800000,0.00003006
ARBUSDT,1754985600001,0.00004794
ARBUSDT,1755014400005,-0.00004504
ARBUSDT,1755043200000,0.0001
ARBUSDT,1755072000002,0.0001
ARBUSDT,1755100800006,0.0001
ARBUSDT,1755129600002,0.0001
ARBUSDT,1755158400003,0.0001
ARBUSDT,1755187200000,0.0001
ARBUSDT,1755216000000,0.00008906
ARBUSDT,1755244800000,0.00002303
ARBUSDT,1755273600000,0.00006925
ARBUSDT,1755302400004,-0.00010573
ARBUSDT,1755331200000,-0.00004347
ARBUSDT,1755360000002,0.00005089
ARBUSDT,1755388800000,-0.00011645
ARBUSDT,1755417600001,-0.00003359
ARBUSDT,1755446400007,0.0001
ARBUSDT,1755475200000,0.0001
ARBUSDT,1755504000001,0.00004928
ARBUSDT,1755532800002,-0.00005018
ARBUSDT,1755561600000,0.0000097
ARBUSDT,1755590400001,0.0000514
ARBUSDT,1755619200000,0.00006759
ARBUSDT,1755648000000,0.00002225
ARBUSDT,1755676800000,-0.00003184
ARBUSDT,1755705600000,0.00006466
ARBUSDT,1755734400006,0.00009894
ARBUSDT,1755763200000,0.0001
ARBUSDT,1755792000003,-0.00005437
ARBUSDT,1755820800010,0.0001
ARBUSDT,1755849600007,0.0001
ARBUSDT,1755878400001,-0.00001076
ARBUSDT,1755907200004,0.0001
ARBUSDT,1755936000006,0.0001
ARBUSDT,1755964800000,0.0001
ARBUSDT,1755993600001,0.0001
ARBUSDT,1756022400002,0.0001
ARBUSDT,1756051200001,0.0001
ARBUSDT,1756080000000,0.0001
ARBUSDT,1756108800002,0.0001
ARBUSDT,1756137600002,-0.00001075
ARBUSDT,1756166400000,0.00002688
ARBUSDT,1756195200000,0.00001963
ARBUSDT,1756224000000,-0.00002918
ARBUSDT,1756252800003,-0.0000234
ARBUSDT,1756281600000,0.00008027
ARBUSDT,1756310400009,0.00003075
ARBUSDT,1756339200000,0.00008463
ARBUSDT,1756368000005,0.00004844
ARBUSDT,1756396800004,0.00006302
ARBUSDT,1756425600000,0.0001
ARBUSDT,1756454400000,0.0001
ARBUSDT,1756483200005,0.0001
ARBUSDT,1756512000000,0.0001
ARBUSDT,1756540800002,0.0001
ARBUSDT,1756569600003,0.0001
ARBUSDT,1756598400016,0.0001
ARBUSDT,1756627200000,0.00008312
ARBUSDT,1756656000001,0.00007263
ARBUSDT,1756684800000,0.00003829
ARBUSDT,1756713600000,0.0001
ARBUSDT,1756742400001,0.0001
ARBUSDT,1756771200000,-0.00000913
ARBUSDT,1756800000005,0.0001
ARBUSDT,1756828800007,0.0001
ARBUSDT,1756857600006,0.0001
ARBUSDT,1756886400002,0.0001
ARBUSDT,1756915200002,0.00007721
ARBUSDT,1756944000002,0.0001
ARBUSDT,1756972800000,-0.00000374
ARBUSDT,1757001600000,0.00002346
ARBUSDT,1757030400001,-0.00009431
ARBUSDT,1757059200006,0.0001
ARBUSDT,1757088000000,0.0001
ARBUSDT,1757116800000,0.0001
ARBUSDT,1757145600005,0.00009329
ARBUSDT,1757174400000,0.0001
ARBUSDT,1757203200000,0.0001
ARBUSDT,1757232000000,0.0001
ARBUSDT,1757260800000,0.0001
ARBUSDT,1757289600007,0.00009922
ARBUSDT,1757318400000,0.0001
ARBUSDT,1757347200000,0.0001
ARBUSDT,1757376000000,0.0001
ARBUSDT,1757404800000,0.0001
ARBUSDT,1757433600000,0.0001
ARBUSDT,1757462400000,0.00009241
ARBUSDT,1757491200002,0.00005778
ARBUSDT,1757520000000,0.00009852
ARBUSDT,1757548800000,-0.0000397
ARBUSDT,1757577600000,0.0001
ARBUSDT,1757606400001,0.0001
ARBUSDT,1757635200002,0.0001
ARBUSDT,1757664000001,0.0001
ARBUSDT,1757692800005,0.0001
ARBUSDT,1757721600005,0.0001
ARBUSDT,1757750400002,0.0001
ARBUSDT,1757779200000,0.0001
ARBUSDT,1757808000006,0.0001
ARBUSDT,1757836800000,0.0001
ARBUSDT,1757865600001,-0.00001384
ARBUSDT,1757894400006,0.00006793
ARBUSDT,1757923200002,-0.00001693
ARBUSDT,1757952000001,-0.00008863
ARBUSDT,1757980800001,0.00000951
ARBUSDT,1758009600000,0.0000264
ARBUSDT,1758038400000,0.00009715
ARBUSDT,1758067200001,0.00001242
ARBUSDT,1758096000000,-0.00001282
ARBUSDT,1758124800003,-0.0000336
ARBUSDT,1758153600006,0.0001
ARBUSDT,1758182400002,0.0001
ARBUSDT,1758211200000,0.0001
ARBUSDT,1758240000000,0.0001
ARBUSDT,1758268800005,0.0001
ARBUSDT,1758297600000,0.0001
ARBUSDT,1758326400000,-0.00011938
ARBUSDT,1758355200000,0.0000103
ARBUSDT,1758384000002,0.00007666
ARBUSDT,1758412800000,-0.00002453
ARBUSDT,1758441600000,0.0001
ARBUSDT,1758470400000,-0.00003986
ARBUSDT,1758499200005,0.00004436
ARBUSDT,1758528000003,-0.00014936
ARBUSDT,1758556800000,-0.00003359
ARBUSDT,1758585600000,0.00000838
ARBUSDT,1758614400001,0.0001
ARBUSDT,1758643200000,0.00002714
ARBUSDT,1758672000003,0.0001
ARBUSDT,1758700800001,0.00008689
ARBUSDT,1758729600002,0.00002652
ARBUSDT,1758758400000,0.00008193
ARBUSDT,1758787200001,0.00000377
ARBUSDT,1758816000000,0.00005514
ARBUSDT,1758844800000,0.0001
ARBUSDT,1758873600000,0.00003983
ARBUSDT,1758902400008,0.00009067
ARBUSDT,1758931200000,0.0000606
ARBUSDT,1758960000010,0.00008808
ARBUSDT,1758988800003,0.00008671
ARBUSDT,1759017600000,0.0000682
ARBUSDT,1759046400000,0.00002216
ARBUSDT,1759075200000,0.0001
ARBUSDT,1759104000000,0.00005569
ARBUSDT,1759132800002,0.00000618
ARBUSDT,1759161600001,0.00001102
ARBUSDT,1759190400002,0.0001
ARBUSDT,1759219200005,0.00000649
ARBUSDT,1759248000000,0.00009986
ARBUSDT,1759276800000,0.00007552
ARBUSDT,1759305600000,0.0001
ARBUSDT,1759334400000,0.00007132
ARBUSDT,1759363200000,0.0001
ARBUSDT,1759392000013,0.00009186
ARBUSDT,1759420800000,0.00009598
ARBUSDT,1759449600006,0.0001
ARBUSDT,1759478400006,0.0001
ARBUSDT,1759507200000,0.0001
ARBUSDT,1759536000001,0.0001
ARBUSDT,1759564800000,0.0001
ARBUSDT,1759593600000,0.00004953
ARBUSDT,1759622400000,0.00004083
ARBUSDT,1759651200003,0.0001
ARBUSDT,1759680000009,0.0001
ARBUSDT,1759708800004,-0.00005622
ARBUSDT,1759737600002,0.00006649
ARBUSDT,1759766400004,0.0001
ARBUSDT,1759795200000,0.0001
ARBUSDT,1759824000003,0.0001
ARBUSDT,1759852800000,0.00006208
ARBUSDT,1759881600000,0.00001937
ARBUSDT,1759910400006,0.00003242
ARBUSDT,1759939200002,0.0001
ARBUSDT,1759968000001,0.0001
ARBUSDT,1759996800000,0.0001
ARBUSDT,1760025600000,0.00008591
ARBUSDT,1760054400005,0.00006332
ARBUSDT,1760083200002,0.0001
ARBUSDT,1760112000014,0.0001
ARBUSDT,1760140800000,-0.00007
ARBUSDT,1760169600003,-0.00017915
ARBUSDT,1760198400000,-0.00000427
ARBUSDT,1760227200004,-0.0000558
ARBUSDT,1760256000002,0.00000382
ARBUSDT,1760284800000,0.00004873
ARBUSDT,1760313600003,0.00003731
ARBUSDT,1760342400002,0.00007099
ARBUSDT,1760371200003,0.00003009
ARBUSDT,1760400000000,0.0001
ARBUSDT,1760428800000,0.00003849
ARBUSDT,1760457600000,0.00000789
ARBUSDT,1760486400006,0.0001
ARBUSDT,1760515200002,0.00004647
ARBUSDT,1760544000000,0.00005472
ARBUSDT,1760572800000,0.00007937
ARBUSDT,1760601600003,0.00002923
ARBUSDT,1760630400002,0.00004022
ARBUSDT,1760659200001,-0.00006138
ARBUSDT,1760688000005,0.00006702
ARBUSDT,1760716800003,0.00005424
ARBUSDT,1760745600000,-0.00003847
ARBUSDT,1760774400002,0.00002613
ARBUSDT,1760803200001,-0.00004693
ARBUSDT,1760832000001,0.0001
ARBUSDT,1760860800001,0.00005002
ARBUSDT,1760889600001,-0.00000977
ARBUSDT,1760918400004,-0.00007162
ARBUSDT,1760947200001,0.00002285
ARBUSDT,1760976000000,0.0000144
ARBUSDT,1761004800009,0.0001
ARBUSDT,1761033600000,0.00004245
ARBUSDT,1761062400000,0.00007705
ARBUSDT,1761091200004,0.00004185
ARBUSDT,1761120000000,0.00000609
ARBUSDT,1761148800000,0.00006568
ARBUSDT,1761177600000,-0.0000022
ARBUSDT,1761206400001,0.00008563
ARBUSDT,1761235200004,0.00008362
ARBUSDT,1761264000000,0.00004789
ARBUSDT,1761292800000,0.0000433
ARBUSDT,1761321600009,0.00000712
ARBUSDT,1761350400000,0.0001
ARBUSDT,1761379200001,-0.00001393
ARBUSDT,1761408000001,0.00007495
ARBUSDT,1761436800001,0.0001
ARBUSDT,1761465600001,0.00003557
ARBUSDT,1761494400000,0.0001
ARBUSDT,1761523200000,0.0001
ARBUSDT,1761552000005,0.00005606
ARBUSDT,1761580800000,0.00002844
ARBUSDT,1761609600000,0.00006546
ARBUSDT,1761638400000,-0.00003369
ARBUSDT,1761667200004,-0.00001253
ARBUSDT,1761696000004,-0.00003828
ARBUSDT,1761724800005,-0.00015123
ARBUSDT,1761753600000,0.0001
ARBUSDT,1761782400004,0.0001
ARBUSDT,1761811200008,0.00001736
ARBUSDT,1761840000001,-0.00015864
ARBUSDT,1761868800000,-0.00016295
ARBUSDT,1761897600008,0.00000139
ARBUSDT,1761926400007,-0.00008842
ARBUSDT,1761955200001,0.00002037
ARBUSDT,1761984000000,0.0001
ARBUSDT,1762012800000,0.0001
ARBUSDT,1762041600007,0.0001
ARBUSDT,1762070400000,0.00003236
ARBUSDT,1762099200001,0.00000534
ARBUSDT,1762128000000,0.0001
ARBUSDT,1762156800010,-0.00008604
ARBUSDT,1762185600000,-0.00003821
ARBUSDT,1762214400002,-0.00020861
ARBUSDT,1762243200004,0.00003344
ARBUSDT,1762272000000,-0.00004525
ARBUSDT,1762300800000,0.00006283
ARBUSDT,1762329600000,0.00002093
ARBUSDT,1762358400004,0.00001165
ARBUSDT,1762387200001,-0.0001021
ARBUSDT,1762416000000,-0.00013882
ARBUSDT,1762444800001,0.00004698
ARBUSDT,1762473600005,0.0001
ARBUSDT,1762502400003,0.0001
ARBUSDT,1762531200005,0.00004857
ARBUSDT,1762560000011,0.0001
ARBUSDT,1762588800015,0.0001
ARBUSDT,1762617600001,0.0000766
ARBUSDT,1762646400004,0.00004167
ARBUSDT,1762675200000,0.00005861
ARBUSDT,1762704000005,0.00001762
ARBUSDT,1762732800000,0.00009006
ARBUSDT,1762761600000,-0.00001935
ARBUSDT,1762790400003,0.00004968
ARBUSDT,1762819200007,0.0001
ARBUSDT,1762848000000,-0.00001487
ARBUSDT,1762876800009,0.00009864
ARBUSDT,1762905600000,-0.00000823
ARBUSDT,1762934400002,0.00003421
ARBUSDT,1762963200000,-0.00000375
ARBUSDT,1762992000002,-0.00010553
ARBUSDT,1763020800000,-0.00002757
ARBUSDT,1763049600001,0.0001
ARBUSDT,1763078400000,-0.0000965
ARBUSDT,1763107200000,0.00009084
ARBUSDT,1763136000001,0.00002159
ARBUSDT,1763164800005,0.00005315
ARBUSDT,1763193600000,0.00001575
ARBUSDT,1763222400001,-0.0000188
ARBUSDT,1763251200001,0.00004068
ARBUSDT,1763280000000,-0.00011762
ARBUSDT,1763308800000,-0.00004159
ARBUSDT,1763337600003,0.00003076
ARBUSDT,1763366400003,0.0001
ARBUSDT,1763395200000,-0.0000653
ARBUSDT,1763424000002,0.00002699
ARBUSDT,1763452800004,0.0001
ARBUSDT,1763481600000,-0.00006013
ARBUSDT,1763510400000,0.0001
ARBUSDT,1763539200000,-0.00004405
ARBUSDT,1763568000008,-0.0000763
ARBUSDT,1763596800000,0.00008851
ARBUSDT,1763625600000,0.0001
ARBUSDT,1763654400000,0.0001
ARBUSDT,1763683200001,0.00002643
ARBUSDT,1763712000000,-0.00005497
ARBUSDT,1763740800001,0.0001
ARBUSDT,1763769600004,0.00002337
ARBUSDT,1763798400000,0.0001
ARBUSDT,1763827200000,-0.00000458
ARBUSDT,1763856000000,0.0000873
ARBUSDT,1763884800008,-0.00002935
ARBUSDT,1763913600003,0.00007708
ARBUSDT,1763942400004,0.00001796
ARBUSDT,1763971200000,0.0001
ARBUSDT,1764000000006,0.00001404
ARBUSDT,1764028800000,-0.00005004
ARBUSDT,1764057600009,0.00008654
ARBUSDT,1764086400007,0.00002329
ARBUSDT,1764115200001,0.0001
ARBUSDT,1764144000001,0.00008332
ARBUSDT,1764172800000,0.00006581
ARBUSDT,1764201600013,0.0001
ARBUSDT,1764230400000,0.00007006
ARBUSDT,1764259200004,0.0001
ARBUSDT,1764288000008,-0.0000131
ARBUSDT,1764316800000,0.0001
ARBUSDT,1764345600008,0.00004589
ARBUSDT,1764374400000,0.00001564
ARBUSDT,1764403200005,-0.00002961
ARBUSDT,1764432000001,0.0001
ARBUSDT,1764460800003,-0.00002636
ARBUSDT,1764489600000,0.0001
ARBUSDT,1764518400004,0.00000452
ARBUSDT,1764547200000,0.00008152
ARBUSDT,1764576000004,-0.00027673
ARBUSDT,1764604800000,-0.00007026
ARBUSDT,1764633600004,0.00003335
ARBUSDT,1764662400000,0.00005776
ARBUSDT,1764691200000,0.00008046
ARBUSDT,1764720000000,0.00007406
ARBUSDT,1764748800000,0.00006606
ARBUSDT,1764777600005,0.0001
ARBUSDT,1764806400012,0.00007151
ARBUSDT,1764835200000,0.00006652
ARBUSDT,1764864000011,0.00006843
ARBUSDT,1764892800000,0.0001
ARBUSDT,1764921600000,0.0001
ARBUSDT,1764950400010,0.00003781
ARBUSDT,1764979200001,0.00002539
ARBUSDT,1765008000001,-0.00005146
ARBUSDT,1765036800008,0.0001
ARBUSDT,1765065600000,0.0001
ARBUSDT,1765094400004,0.00006106
ARBUSDT,1765123200000,0.00000778
ARBUSDT,1765152000000,0.00001537
ARBUSDT,1765180800000,0.0001
ARBUSDT,1765209600001,0.00004308
ARBUSDT,1765238400001,0.0001
ARBUSDT,1765267200001,0.0001
ARBUSDT,1765296000007,-0.00013511
ARBUSDT,1765324800007,0.0000745
ARBUSDT,1765353600002,0.00001802
ARBUSDT,1765382400012,-0.00001553
ARBUSDT,1765411200001,-0.00000129
ARBUSDT,1765440000000,-0.00010334
ARBUSDT,1765468800000,-0.00012777
ARBUSDT,1765497600005,0.0001
ARBUSDT,1765526400007,0.00008324
ARBUSDT,1765555200002,0.00003058
ARBUSDT,1765584000001,-0.00014284
ARBUSDT,1765612800006,0.00009977
ARBUSDT,1765641600000,0.0001
ARBUSDT,1765670400000,0.0001
ARBUSDT,1765699200003,0.00005804
ARBUSDT,1765728000005,0.00006805
ARBUSDT,1765756800000,-0.00003002
ARBUSDT,1765785600000,0.00008693
ARBUSDT,1765814400000,0.00001634
ARBUSDT,1765843200002,-0.00004168
ARBUSDT,1765872000000,-0.00008558
ARBUSDT,1765900800002,0.0001
ARBUSDT,1765929600004,0.0001
ARBUSDT,1765958400000,0.0001
ARBUSDT,1765987200000,0.00004527
ARBUSDT,1766016000005,-0.00011874
ARBUSDT,1766044800007,-0.00010316
ARBUSDT,1766073600001,0.0001
ARBUSDT,1766102400000,0.00002733
ARBUSDT,1766131200001,0.00007215
ARBUSDT,1766160000000,0.0001
ARBUSDT,1766188800005,0.0001
ARBUSDT,1766217600000,0.0001
ARBUSDT,1766246400002,0.00001758
ARBUSDT,1766275200000,0.0001
ARBUSDT,1766304000009,0.0001
ARBUSDT,1766332800000,-0.00004744
ARBUSDT,1766361600000,-0.00006603
ARBUSDT,1766390400005,0.00007793
ARBUSDT,1766419200009,0.0001
ARBUSDT,1766448000000,0.00002593
ARBUSDT,1766476800000,-0.00010317
ARBUSDT,1766505600001,0.00004629
ARBUSDT,1766534400001,0.00009789
ARBUSDT,1766563200001,-0.00011168
ARBUSDT,1766592000000,-0.0000369
ARBUSDT,1766620800000,0.0001
ARBUSDT,1766649600001,0.0001
ARBUSDT,1766678400005,0.00005363
ARBUSDT,1766707200004,0.0000182
ARBUSDT,1766736000001,0.00007113
ARBUSDT,1766764800007,0.0001
ARBUSDT,1766793600000,0.0001
ARBUSDT,1766822400000,0.0001
ARBUSDT,1766851200011,0.0001
ARBUSDT,1766880000008,0.0001
ARBUSDT,1766908800000,0.0001
ARBUSDT,1766937600000,0.0001
ARBUSDT,1766966400016,0.0001
ARBUSDT,1766995200001,0.0000309
ARBUSDT,1767024000000,0.00001549
ARBUSDT,1767052800005,-0.00000203
ARBUSDT,1767081600001,0.0001
ARBUSDT,1767110400003,0.00009256
ARBUSDT,1767139200004,-0.00001152
ARBUSDT,1767168000001,-0.00003743
ARBUSDT,1767196800001,0.00004949
ARBUSDT,1767225600008,-0.0000178
ARBUSDT,1767254400002,0.00000051
ARBUSDT,1767283200001,0.0001
ARBUSDT,1767312000006,0.0001
ARBUSDT,1767340800007,0.0001
ARBUSDT,1767369600000,0.00007076
ARBUSDT,1767398400001,0.0001
ARBUSDT,1767427200000,0.0001
ARBUSDT,1767456000000,0.0001
ARBUSDT,1767484800000,0.0001
ARBUSDT,1767513600000,0.0001
ARBUSDT,1767542400001,0.0001
ARBUSDT,1767571200000,0.00002978
ARBUSDT,1767600000000,0.0001
ARBUSDT,1767628800000,0.00009417
ARBUSDT,1767657600010,0.00009535
ARBUSDT,1767686400000,0.0000037
ARBUSDT,1767715200000,0.00008986
ARBUSDT,1767744000001,0.0001
ARBUSDT,1767772800001,0.00009731
ARBUSDT,1767801600001,-0.00000136
ARBUSDT,1767830400001,0.0000362
ARBUSDT,1767859200000,0.0000888
ARBUSDT,1767888000000,0.00009053
ARBUSDT,1767916800003,0.0001
ARBUSDT,1767945600000,0.0001
ARBUSDT,1767974400001,0.0001
ARBUSDT,1768003200000,0.00008347
ARBUSDT,1768032000002,0.0001
ARBUSDT,1768060800001,0.00005178
ARBUSDT,1768089600003,-0.00009639
ARBUSDT,1768118400006,0.0000843
ARBUSDT,1768147200000,-0.00009499
ARBUSDT,1768176000005,-0.00000462
ARBUSDT,1768204800000,0.00003073
ARBUSDT,1768233600000,0.00004271
ARBUSDT,1768262400007,0.00003995
ARBUSDT,1768291200009,0.0001
ARBUSDT,1768320000002,0.0001
ARBUSDT,1768348800000,0.0001
ARBUSDT,1768377600001,0.0001
ARBUSDT,1768406400004,0.0001
ARBUSDT,1768435200000,0.00002564
ARBUSDT,1768464000004,0.00002915
ARBUSDT,1768492800002,-0.0000427
ARBUSDT,1768521600000,-0.00000737
ARBUSDT,1768550400000,0.0000715
ARBUSDT,1768579200001,0.00005189
ARBUSDT,1768608000000,0.00004941
ARBUSDT,1768636800000,0.0001
ARBUSDT,1768665600002,0.0001
ARBUSDT,1768694400001,0.0000685
ARBUSDT,1768723200000,-0.00004629
ARBUSDT,1768752000000,0.00003612
ARBUSDT,1768780800007,-0.00015979
ARBUSDT,1768809600007,-0.00006414
ARBUSDT,1768838400007,0.00001613
ARBUSDT,1768867200005,0.0000441
ARBUSDT,1768896000001,0.00006473
ARBUSDT,1768924800009,-0.00002569
ARBUSDT,1768953600001,0.00009102
ARBUSDT,1768982400011,0.00008165
ARBUSDT,1769011200011,0.00000433
ARBUSDT,1769040000010,0.00004012
ARBUSDT,1769068800003,-0.00000999
ARBUSDT,1769097600005,-0.00014715
ARBUSDT,1769126400005,-0.00002071
ARBUSDT,1769155200000,-0.00000704
ARBUSDT,1769184000011,0.00001492
ARBUSDT,1769212800011,0.000067
ARBUSDT,1769241600002,0.00000512
ARBUSDT,1769270400001,-0.0000419
ARBUSDT,1769299200002,0.0001
ARBUSDT,1769328000011,0.00005059
ARBUSDT,1769356800005,-0.00003901
ARBUSDT,1769385600000,0.0001
ARBUSDT,1769414400003,0.00002072
ARBUSDT,1769443200000,0.0000459
ARBUSDT,1769472000002,-0.00000813
ARBUSDT,1769500800000,0.00000443
ARBUSDT,1769529600000,0.00007728
ARBUSDT,1769558400000,0.0000911
ARBUSDT,1769587200000,-0.00000898
ARBUSDT,1769616000000,-0.00000737
ARBUSDT,1769644800000,0.00002711
ARBUSDT,1769673600009,-0.00001646
ARBUSDT,1769702400000,-0.00003109
ARBUSDT,1769731200008,0.00001705
ARBUSDT,1769760000000,0.00004955
ARBUSDT,1769788800001,0.00001907
ARBUSDT,1769817600000,0.00005885
ARBUSDT,1769846400001,0.00003361
ARBUSDT,1769875200009,-0.00003128
ARBUSDT,1769904000001,0.00002147
ARBUSDT,1769932800004,0.00006096
ARBUSDT,1769961600000,0.00001829
ARBUSDT,1769990400000,0.0000142
ARBUSDT,1770019200014,0.0001
ARBUSDT,1770048000000,0.0001
ARBUSDT,1770076800000,0.00008411
ARBUSDT,1770105600007,-0.00000014
ARBUSDT,1770134400000,0.00005779
ARBUSDT,1770163200002,0.00005971
ARBUSDT,1770192000007,0.0001
ARBUSDT,1770220800000,0.00007247
ARBUSDT,1770249600011,0.0001
ARBUSDT,1770278400000,0.0001
ARBUSDT,1770307200007,0.00004201
ARBUSDT,1770336000000,0.00003832
ARBUSDT,1770364800001,0.00001072
ARBUSDT,1770393600000,-0.00001396
ARBUSDT,1770422400003,0.00002785
ARBUSDT,1770451200000,0.00008132
ARBUSDT,1770480000010,0.00001024
ARBUSDT,1770508800003,0.0001
ARBUSDT,1770537600000,-0.00002052
ARBUSDT,1770566400000,-0.00001418
ARBUSDT,1770595200002,0.0000444
ARBUSDT,1770624000001,-0.00020338
ARBUSDT,1770652800007,-0.00006303
ARBUSDT,1770681600000,0.0001
ARBUSDT,1770710400007,0.0001
ARBUSDT,1770739200000,-0.00000555
ARBUSDT,1770768000000,0.0001
ARBUSDT,1770796800006,-0.00006802
ARBUSDT,1770825600000,0.0000227
ARBUSDT,1770854400000,0.00006978
ARBUSDT,1770883200001,0.00005942
ARBUSDT,1770912000001,-0.00003214
ARBUSDT,1770940800007,0.0001
ARBUSDT,1770969600003,0.00006373
ARBUSDT,1770998400005,-0.00001548
ARBUSDT,1771027200002,-0.00000945
ARBUSDT,1771056000004,0.0001
ARBUSDT,1771084800002,0.0001
ARBUSDT,1771113600000,0.00004337
ARBUSDT,1771142400002,0.00003094
ARBUSDT,1771171200000,0.00000113
ARBUSDT,1771200000001,0.0001
ARBUSDT,1771228800003,0.00008025
ARBUSDT,1771257600000,0.00008647
ARBUSDT,1771286400008,-0.0000056
ARBUSDT,1771315200001,0.0001
ARBUSDT,1771344000002,0.0000184
ARBUSDT,1771372800000,0.0001
ARBUSDT,1771401600000,-0.00015635
ARBUSDT,1771430400011,-0.00007471
ARBUSDT,1771459200013,0.00005216
ARBUSDT,1771488000000,-0.00004595
ARBUSDT,1771516800003,-0.00018896
ARBUSDT,1771545600000,-0.00016998
ARBUSDT,1771574400000,-0.00033612
ARBUSDT,1771603200000,0.0000568
ARBUSDT,1771632000004,-0.00005671
ARBUSDT,1771660800000,0.00006084
ARBUSDT,1771689600005,0.0001
ARBUSDT,1771718400001,-0.00013022
ARBUSDT,1771747200004,0.0001
ARBUSDT,1771776000000,-0.00001008
ARBUSDT,1771804800001,-0.00014864
ARBUSDT,1771833600000,-0.00010106
ARBUSDT,1771862400000,0.0001
ARBUSDT,1771891200007,0.0001
ARBUSDT,1771920000000,0.000009
ARBUSDT,1771948800001,-0.00013006
ARBUSDT,1771977600001,-0.00019074
ARBUSDT,1772006400007,-0.00004364
ARBUSDT,1772035200000,0.00005966
ARBUSDT,1772064000000,0.0001
ARBUSDT,1772092800006,0.0001
ARBUSDT,1772121600002,0.0001
ARBUSDT,1772150400007,0.0001
ARBUSDT,1772179200000,0.0001
ARBUSDT,1772208000001,-0.00009372
ARBUSDT,1772236800000,-0.00000439
ARBUSDT,1772265600000,-0.00003619
ARBUSDT,1772294400004,-0.00016932
ARBUSDT,1772323200005,0.00002641
ARBUSDT,1772352000000,0.00007507
ARBUSDT,1772380800002,0.0000759
ARBUSDT,1772409600001,0.00007769
ARBUSDT,1772438400007,-0.00010314
ARBUSDT,1772467200000,-0.0001909
ARBUSDT,1772496000000,-0.00003698
ARBUSDT,1772524800000,-0.00000253
ARBUSDT,1772553600007,-0.00000159
ARBUSDT,1772582400001,0.00001475
ARBUSDT,1772611200005,-0.00012545
ARBUSDT,1772640000000,-0.00031803
ARBUSDT,1772668800000,-0.00006508
ARBUSDT,1772697600000,-0.00008872
ARBUSDT,1772726400004,0.0001
ARBUSDT,1772755200001,0.0001
ARBUSDT,1772784000001,0.0001
ARBUSDT,1772812800004,0.00000661
ARBUSDT,1772841600001,0.0001
ARBUSDT,1772870400012,-0.00003065
ARBUSDT,1772899200001,-0.00006905
ARBUSDT,1772928000001,-0.00008708
ARBUSDT,1772956800000,0.0001
ARBUSDT,1772985600002,0.00009757
ARBUSDT,1773014400000,-0.00009584
ARBUSDT,1773043200004,0.0001
ARBUSDT,1773072000003,0.00004756
ARBUSDT,1773100800012,0.00005846
ARBUSDT,1773129600002,0.0001
ARBUSDT,1773158400001,0.00001827
ARBUSDT,1773187200000,0.00000545
ARBUSDT,1773216000007,0.0001
ARBUSDT,1773244800010,-0.00006503
ARBUSDT,1773273600000,0.00009656
ARBUSDT,1773302400000,-0.00001654
ARBUSDT,1773331200000,-0.00008659
ARBUSDT,1773360000006,0.00007396
ARBUSDT,1773388800001,0.0001
ARBUSDT,1773417600000,0.00009599
ARBUSDT,1773446400001,0.0001
ARBUSDT,1773475200000,-0.00002483
ARBUSDT,1773504000007,-0.00001661
ARBUSDT,1773532800000,-0.00014675
ARBUSDT,1773561600000,0.0001
ARBUSDT,1773590400000,0.0001
ARBUSDT,1773619200000,0.00000613
ARBUSDT,1773648000010,0.0001
ARBUSDT,1773676800000,0.00007448
ARBUSDT,1773705600000,0.00008332
ARBUSDT,1773734400002,0.0001
ARBUSDT,1773763200011,0.00004018
ARBUSDT,1773792000002,0.0001
ARBUSDT,1773820800002,0.00003685
ARBUSDT,1773849600005,-0.00025107
ARBUSDT,1773878400000,-0.00002701
ARBUSDT,1773907200003,0.00001084
ARBUSDT,1773936000003,0.0001
ARBUSDT,1773964800002,0.0000958
ARBUSDT,1773993600000,0.00000624
ARBUSDT,1774022400000,0.00005334
ARBUSDT,1774051200000,0.00004328
ARBUSDT,1774080000000,-0.0001122
ARBUSDT,1774108800014,-0.00005227
ARBUSDT,1774137600012,-0.00001877
ARBUSDT,1774166400007,-0.00018353
ARBUSDT,1774195200002,-0.00026948
ARBUSDT,1774224000000,-0.00006257
ARBUSDT,1774252800003,0.0000789
ARBUSDT,1774281600002,0.00003805
ARBUSDT,1774310400000,-0.00002013
ARBUSDT,1774339200000,0.0000953
ARBUSDT,1774368000003,0.0001
ARBUSDT,1774396800000,0.0001
ARBUSDT,1774425600000,0.0001
ARBUSDT,1774454400013,0.0001
ARBUSDT,1774483200001,0.0001
ARBUSDT,1774512000001,-0.00000455
ARBUSDT,1774540800000,0.00007621
ARBUSDT,1774569600006,-0.00000932
ARBUSDT,1774598400000,0.0001
ARBUSDT,1774627200000,-0.00016335
ARBUSDT,1774656000005,-0.00024989
ARBUSDT,1774684800005,-0.00010211
ARBUSDT,1774713600000,-0.00013711
ARBUSDT,1774742400003,0.00000793
ARBUSDT,1774771200001,0.0001
ARBUSDT,1774800000000,-0.00009564
ARBUSDT,1774828800000,-0.00004645
ARBUSDT,1774857600005,0.00006063
ARBUSDT,1774886400000,0.0001
ARBUSDT,1774915200000,-0.00000935
ARBUSDT,1774944000000,0.0001
ARBUSDT,1774972800000,-0.0000176
ARBUSDT,1775001600000,-0.00002877
ARBUSDT,1775030400000,0.0001
ARBUSDT,1775059200000,0.00004123
ARBUSDT,1775088000003,0.00004119
ARBUSDT,1775116800001,-0.00001361
ARBUSDT,1775145600001,0.00006548
ARBUSDT,1775174400000,0.0001
ARBUSDT,1775203200008,0.0001
ARBUSDT,1775232000008,0.00004761
ARBUSDT,1775260800000,0.0001
ARBUSDT,1775289600003,-0.00026531
ARBUSDT,1775318400000,0.00006355
ARBUSDT,1775347200008,0.0000596
ARBUSDT,1775376000000,-0.00010948
ARBUSDT,1775404800001,-0.00010493
ARBUSDT,1775433600004,-0.00009494
ARBUSDT,1775462400001,0.0001
ARBUSDT,1775491200003,0.0001
ARBUSDT,1775520000000,0.0001
ARBUSDT,1775548800000,0.0001
ARBUSDT,1775577600000,0.00001158
ARBUSDT,1775606400000,0.0001
ARBUSDT,1775635200000,0.0001
ARBUSDT,1775664000006,0.0001
ARBUSDT,1775692800000,0.0001
ARBUSDT,1775721600010,0.0001
ARBUSDT,1775750400001,0.00006384
ARBUSDT,1775779200000,0.0001
ARBUSDT,1775808000005,-0.00002361
ARBUSDT,1775836800000,0.00001694
ARBUSDT,1775865600000,0.0001
ARBUSDT,1775894400000,0.0000028
ARBUSDT,1775923200003,0.0001
ARBUSDT,1775952000000,0.0001
ARBUSDT,1775980800000,-0.00003321
ARBUSDT,1776009600000,0.00003546
ARBUSDT,1776038400011,0.0000432
ARBUSDT,1776067200006,0.00003244
ARBUSDT,1776096000000,-0.00004383
ARBUSDT,1776124800005,-0.00011966
ARBUSDT,1776153600003,0.0001
ARBUSDT,1776182400001,0.00004786
ARBUSDT,1776211200000,0.0001
ARBUSDT,1776240000000,0.0001
ARBUSDT,1776268800000,0.0001
ARBUSDT,1776297600013,-0.00002438
ARBUSDT,1776326400000,0.0001
ARBUSDT,1776355200000,0.00007736
ARBUSDT,1776384000001,0.0001
ARBUSDT,1776412800011,0.0001
ARBUSDT,1776441600001,-0.00011779
ARBUSDT,1776470400001,-0.00001808
ARBUSDT,1776499200006,0.0001
ARBUSDT,1776528000000,0.0001
ARBUSDT,1776556800002,0.00006681
ARBUSDT,1776585600010,-0.00004703
ARBUSDT,1776614400001,0.00004939
ARBUSDT,1776643200000,-0.00002657
ARBUSDT,1776672000000,-0.00006038
ARBUSDT,1776700800001,0.00005185
ARBUSDT,1776729600000,-0.00007983
ARBUSDT,1776758400004,0.00004386
ARBUSDT,1776787200004,0.0001
ARBUSDT,1776816000004,0.0001
ARBUSDT,1776844800000,0.0001
ARBUSDT,1776873600000,-0.00012478
ARBUSDT,1776902400000,0.0001
ARBUSDT,1776931200000,0.00002061
ARBUSDT,1776960000004,0.0001
ARBUSDT,1776988800006,0.0001
ARBUSDT,1777017600000,0.0000094
ARBUSDT,1777046400000,0.0001
ARBUSDT,1777075200000,-0.00000763
ARBUSDT,1777104000002,0.0001
ARBUSDT,1777132800002,-0.00002703
ARBUSDT,1777161600003,0.0001
ARBUSDT,1777190400007,-0.00001714
ARBUSDT,1777219200004,0.0000929
ARBUSDT,1777248000004,-0.00005792
ARBUSDT,1777276800000,-0.00012796
ARBUSDT,1777305600002,-0.00012626
ARBUSDT,1777334400001,0.00008449
ARBUSDT,1777363200000,0.0001
ARBUSDT,1777392000004,0.0001
ARBUSDT,1777420800006,0.00002408
ARBUSDT,1777449600011,0.0001
ARBUSDT,1777478400003,0.00001181
ARBUSDT,1777507200002,-0.00002149
ARBUSDT,1777536000000,-0.00002924
ARBUSDT,1777564800000,-0.00005014
ARBUSDT,1777593600000,-0.00001864
ARBUSDT,1777622400005,0.00000312
ARBUSDT,1777651200000,0.0001
ARBUSDT,1777680000006,-0.00002846
ARBUSDT,1777708800000,-0.00011635
ARBUSDT,1777737600010,0.0001
ARBUSDT,1777766400005,-0.00007086
ARBUSDT,1777795200003,-0.0001073
ARBUSDT,1777824000000,0.00005921
ARBUSDT,1777852800000,0.0001
ARBUSDT,1777881600000,0.00000565
ARBUSDT,1777910400003,-0.00008168
ARBUSDT,1777939200000,0.0001
ARBUSDT,1777968000011,0.00007113
ARBUSDT,1777996800000,-0.00000532
ARBUSDT,1778025600010,0.00008026
ARBUSDT,1778054400000,0.00008067
ARBUSDT,1778083200002,0.0001
ARBUSDT,1778112000000,0.0001
ARBUSDT,1778140800000,0.0001
ARBUSDT,1778169600004,0.0001
ARBUSDT,1778198400003,0.00005046
ARBUSDT,1778227200002,0.0001
ARBUSDT,1778256000003,0.00003844
ARBUSDT,1778284800000,0.00000284
ARBUSDT,1778313600001,0.0001
ARBUSDT,1778342400002,0.00001501
ARBUSDT,1778371200003,0.0001
ARBUSDT,1778400000000,0.00007279
ARBUSDT,1778428800000,0.00007867
ARBUSDT,1778457600000,0.00008998
ARBUSDT,1778486400000,-0.00000141
ARBUSDT,1778515200000,0.00005829
ARBUSDT,1778544000002,-0.00005905
ARBUSDT,1778572800008,0.0001
ARBUSDT,1778601600000,0.00007773
ARBUSDT,1778630400010,0.00005268
ARBUSDT,1778659200003,0.00000664
ARBUSDT,1778688000001,-0.0000423
ARBUSDT,1778716800005,0.00003505
ARBUSDT,1778745600000,-0.00010729
ARBUSDT,1778774400000,0.00001382
ARBUSDT,1778803200000,0.00001209
ARBUSDT,1778832000016,0.00002741
ARBUSDT,1778860800012,-0.00016537
ARBUSDT,1778889600005,0.00001243
ARBUSDT,1778918400000,-0.00005354
ARBUSDT,1778947200005,-0.00007459
ARBUSDT,1778976000000,-0.00006647
ARBUSDT,1779004800010,0.0001
ARBUSDT,1779033600009,-0.00002582
ARBUSDT,1779062400007,0.0000396
ARBUSDT,1779091200002,0.0001
ARBUSDT,1779120000007,0.00006873
ARBUSDT,1779148800001,-0.00009932
ARBUSDT,1779177600001,0.00002119
ARBUSDT,1779206400009,0.0001
ARBUSDT,1779235200001,0.00004609
ARBUSDT,1779264000006,-0.00003278
ARBUSDT,1779292800000,0.00004381
ARBUSDT,1779321600001,-0.00018745
ARBUSDT,1779350400000,0.00004731
ARBUSDT,1779379200000,0.00006659
ARBUSDT,1779408000000,0.00002674
ARBUSDT,1779436800004,0.00003886
ARBUSDT,1779465600001,0.0000499
ARBUSDT,1779494400009,0.00003888
ARBUSDT,1779523200001,-0.00006967
ARBUSDT,1779552000003,0.0001
ARBUSDT,1779580800011,-0.00009427
ARBUSDT,1779609600008,-0.0001243
ARBUSDT,1779638400000,0.0001
ARBUSDT,1779667200001,-0.00006647
ARBUSDT,1779696000001,0.00003012
ARBUSDT,1779724800001,0.00000076
ARBUSDT,1779753600000,0.0001
ARBUSDT,1779782400003,0.00008794
ARBUSDT,1779811200000,0.0001
ARBUSDT,1779840000000,0.00004451
ARBUSDT,1779868800004,-0.00003414
ARBUSDT,1779897600009,0.00007995
ARBUSDT,1779926400001,0.00003938
ARBUSDT,1779955200000,-0.00001815
ARBUSDT,1779984000001,-0.00007037
ARBUSDT,1780012800000,0.0001
ARBUSDT,1780041600001,0.0001
ARBUSDT,1780070400008,0.0001
ARBUSDT,1780099200000,0.0001
ARBUSDT,1780128000001,0.00003739
ARBUSDT,1780156800000,0.0001
ARBUSDT,1780185600000,-0.00009863
ARBUSDT,1780214400000,-0.00008549
ARBUSDT,1780243200004,-0.00005237
ARBUSDT,1780272000001,0.00004552
ARBUSDT,1780300800001,-0.00010928
ARBUSDT,1780329600000,0.0001
ARBUSDT,1780358400000,0.0001
ARBUSDT,1780387200000,-0.00002388
ARBUSDT,1780416000000,-0.00003184
ARBUSDT,1780444800013,-0.00013918
ARBUSDT,1780473600000,-0.00018719
ARBUSDT,1780502400001,-0.00006938
ARBUSDT,1780531200009,-0.00007223
ARBUSDT,1780560000000,-0.00009505
ARBUSDT,1780588800003,-0.00002391
ARBUSDT,1780617600000,-0.00007935
ARBUSDT,1780646400004,-0.00016929
ARBUSDT,1780675200009,-0.00009404
ARBUSDT,1780704000000,-0.00010189
ARBUSDT,1780732800000,-0.00004524
ARBUSDT,1780761600000,-0.00001966
ARBUSDT,1780790400001,-0.00003619
ARBUSDT,1780819200000,-0.00001072
ARBUSDT,1780848000000,0.0001
ARBUSDT,1780876800000,0.0000348
ARBUSDT,1780905600005,0.00007562
ARBUSDT,1780934400004,0.00008077
ARBUSDT,1780963200000,0.00001801
ARBUSDT,1780992000000,-0.00002101
ARBUSDT,1781020800001,0.00002992
ARBUSDT,1781049600001,-0.00006105
ARBUSDT,1781078400011,0.00004801
ARBUSDT,1781107200009,-0.00007026
ARBUSDT,1781136000000,-0.00012955
ARBUSDT,1781164800004,-0.00001386
ARBUSDT,1781193600000,0.00009075
ARBUSDT,1781222400000,-0.00005906
ARBUSDT,1781251200000,-0.00009557
ARBUSDT,1781280000000,0.00005658
ARBUSDT,1781308800000,0.00008089
ARBUSDT,1781337600007,0.00009895
ARBUSDT,1781366400002,-0.00008457
ARBUSDT,1781395200005,-0.00009567
ARBUSDT,1781424000009,-0.00013496
ARBUSDT,1781452800000,-0.00004594
ARBUSDT,1781481600013,-0.0000248
ARBUSDT,1781510400013,-0.00004982
ARBUSDT,1781539200004,-0.00002727
ARBUSDT,1781568000000,0.0001
ARBUSDT,1781596800000,-0.00000704
ARBUSDT,1781625600001,-0.00000864
ARBUSDT,1781654400012,-0.00011556
ARBUSDT,1781683200000,-0.0000322
ARBUSDT,1781712000000,0.0001
ARBUSDT,1781740800002,0.00003427
ARBUSDT,1781769600000,-0.00008337
ARBUSDT,1781798400001,-0.00012101
ARBUSDT,1781827200005,0.0001
ARBUSDT,1781856000001,-0.0000621
ARBUSDT,1781884800001,0.0000837
ARBUSDT,1781913600001,0.00001175
ARBUSDT,1781942400000,0.00001361
ARBUSDT,1781971200001,-0.00018021
ARBUSDT,1782000000000,0.00003067
ARBUSDT,1782028800000,-0.00015935
ARBUSDT,1782057600000,0.00009254
ARBUSDT,1782086400000,-0.00012949
ARBUSDT,1782115200000,0.0001
ARBUSDT,1782144000002,0.00000836
ARBUSDT,1782172800003,0.00002115
ARBUSDT,1782201600005,-0.00014713
ARBUSDT,1782230400002,-0.00016285
ARBUSDT,1782259200005,-0.00011138
ARBUSDT,1782288000005,-0.00004763
ARBUSDT,1782316800003,-0.00010655
ARBUSDT,1782345600000,-0.00008055
ARBUSDT,1782374400000,-0.00001833
ARBUSDT,1782403200000,-0.00010275
ARBUSDT,1782432000010,-0.0001127
ARBUSDT,1782460800002,0.0001
ARBUSDT,1782489600000,-0.00001104
ARBUSDT,1782518400000,0.00007988
ARBUSDT,1782547200000,0.0001
ARBUSDT,1782576000009,0.00003949
ARBUSDT,1782604800000,0.00005936
ARBUSDT,1782633600013,-0.00014195
ARBUSDT,1782662400000,0.0001
ARBUSDT,1782691200006,-0.00008446
ARBUSDT,1782720000013,-0.00004023
ARBUSDT,1782748800004,0.0001
ARBUSDT,1782777600000,0.0001
ARBUSDT,1782806400000,0.0000485
ARBUSDT,1782835200005,0.00000407
ARBUSDT,1782864000000,0.0001
ARBUSDT,1782892800000,0.0001
ARBUSDT,1782921600000,0.00006289
ARBUSDT,1782950400000,0.00002349
ARBUSDT,1782979200000,0.0000633
ARBUSDT,1783008000000,-0.00005647
ARBUSDT,1783036800000,-0.00014392
ARBUSDT,1783065600007,-0.00005321
ARBUSDT,1783094400000,0.0001
ARBUSDT,1783123200000,0.00001163
ARBUSDT,1783152000000,0.00005658
ARBUSDT,1783180800007,-0.00012159
ARBUSDT,1783209600003,0.00002383
ARBUSDT,1783238400001,-0.00011747
ARBUSDT,1783267200000,0.0001
ARBUSDT,1783296000000,-0.00008671
ARBUSDT,1783324800000,0.0001
ARBUSDT,1783353600000,0.00000598
ARBUSDT,1783382400000,0.00005223
ARBUSDT,1783411200000,0.0001
ARBUSDT,1783440000000,-0.00008459
ARBUSDT,1783468800000,-0.0000367
ARBUSDT,1783497600000,-0.00007806
ARBUSDT,1783526400000,0.00001616
ARBUSDT,1783555200000,-0.00003274
ARBUSDT,1783584000001,0.0001
ARBUSDT,1783612800001,0.00006802
ARBUSDT,1783641600000,0.0001
ARBUSDT,1783670400005,-0.00002298
ARBUSDT,1783699200005,0.0001
ARBUSDT,1783728000000,0.0001
ARBUSDT,1783756800000,0.00005107
ARBUSDT,1783785600000,0.0001
ARBUSDT,1783814400000,0.00007352
ARBUSDT,1783843200003,0.0001
ARBUSDT,1783872000000,0.00001958
ARBUSDT,1783900800000,0.00000841
ARBUSDT,1783929600001,0.00009292
ARBUSDT,1783958400004,0.0001
ARBUSDT,1783987200000,0.00006678
ARBUSDT,1784016000002,-0.00010437
ARBUSDT,1784044800001,-0.00010034
ARBUSDT,1784073600005,-0.00007494
ARBUSDT,1784102400002,0.00007567
ARBUSDT,1784131200000,-0.00010324
ARBUSDT,1784160000000,-0.00014477
ARBUSDT,1784188800003,0.00000219
ARBUSDT,1784217600002,-0.00012321
ARBUSDT,1784246400000,0.0001
ARBUSDT,1784275200010,-0.00001416
ARBUSDT,1784304000004,0.00004883
ARBUSDT,1784332800000,0.0001
ARBUSDT,1784361600000,-0.00000015
ARBUSDT,1784390400001,0.00005125
ARBUSDT,1784419200003,0.00000892
ARBUSDT,1784448000000,0.00006264
ARBUSDT,1784476800001,0.00007777
ARBUSDT,1784505600000,-0.00006407
ARBUSDT,1784534400001,0.0000868
ARBUSDT,1784563200004,0.0001
ARBUSDT,1784592000001,0.00004028
ARBUSDT,1784620800000,0.0000141
ARBUSDT,1784649600002,0.00002364
ARBUSDT,1784678400000,-0.00009282
ARBUSDT,1784707200000,0.00009827
ARBUSDT,1784736000001,-0.00003393
ARBUSDT,1784764800000,0.00005797
ARBUSDT,1784793600000,-0.00000019
ARBUSDT,1784822400000,-0.00009496
ARBUSDT,1784851200000,-0.00019487
ARBUSDT,1784880000000,0.00003217
ARBUSDT,1784908800008,0.00003662
ARBUSDT,1784937600002,-0.00009197
ARBUSDT,1784966400000,-0.00000994
ARBUSDT,1784995200000,-0.00016264
ARBUSDT,1785024000000,-0.00031595
ARBUSDT,1785052800002,-0.00011147
ARBUSDT,1785081600000,-0.00011255
ARBUSDT,1785110400010,-0.00021107
ARBUSDT,1785139200000,0.0001
ARBUSDT,1785168000001,-0.00001247
ARBUSDT,1785196800000,0.00007302
ARBUSDT,1785225600000,-0.00005877
ARBUSDT,1785254400000,0.0000273
ARBUSDT,1785283200000,0.00007916
ARBUSDT,1785312000002,0.00002516
ARBUSDT,1785340800000,0.0001
ARBUSDT,1785369600000,-0.00001035
ARBUSDT,1785398400000,0.00008294
ARBUSDT,1785427200000,0.00005368
ARBUSDT,1785456000003,-0.00026291
ARBUSDT,1785484800000,0.00008537
ARBUSDT,1785513600000,-0.00000916
