symbol,timestamp_ms,funding_rate
UNIUSDT,1609459200002,0.0001
UNIUSDT,1609488000006,0.00054407
UNIUSDT,1609516800003,0.00060719
UNIUSDT,1609545600000,0.00047268
UNIUSDT,1609574400000,0.00047236
UNIUSDT,1609603200006,0.00070512
UNIUSDT,1609632000018,0.00042798
UNIUSDT,1609660800000,0.00059535
UNIUSDT,1609689600002,0.00107931
UNIUSDT,1609718400000,0.00124147
UNIUSDT,1609747200000,0.00228428
UNIUSDT,1609776000000,0.00030531
UNIUSDT,1609804800020,0.00044595
UNIUSDT,1609833600003,0.00012868
UNIUSDT,1609862400003,0.00027076
UNIUSDT,1609891200010,0.00040425
UNIUSDT,1609920000003,0.00125815
UNIUSDT,1609948800000,0.00157153
UNIUSDT,1609977600007,0.00034905
UNIUSDT,1610006400000,0.0011463
UNIUSDT,1610035200004,0.00118284
UNIUSDT,1610064000000,0.00091211
UNIUSDT,1610092800000,0.00034198
UNIUSDT,1610121600000,0.00112011
UNIUSDT,1610150400009,0.00050877
UNIUSDT,1610179200004,0.00091005
UNIUSDT,1610208000000,0.00138015
UNIUSDT,1610236800000,0.00238489
UNIUSDT,1610265600005,0.00184535
UNIUSDT,1610294400000,0.00074054
UNIUSDT,1610323200000,0.00064404
UNIUSDT,1610352000012,0.0001
UNIUSDT,1610380800000,0.0001
UNIUSDT,1610409600000,0.0001
UNIUSDT,1610438400000,0.0001
UNIUSDT,1610467200008,0.0001
UNIUSDT,1610496000001,0.0001
UNIUSDT,1610524800000,0.0001
UNIUSDT,1610553600003,0.0001
UNIUSDT,1610582400000,0.00022758
UNIUSDT,1610611200012,0.00036403
UNIUSDT,1610640000000,0.00068536
UNIUSDT,1610668800002,0.00052508
UNIUSDT,1610697600000,0.0004149
UNIUSDT,1610726400004,0.00049504
UNIUSDT,1610755200000,0.0001
UNIUSDT,1610784000008,0.0001762
UNIUSDT,1610812800000,0.0008813
UNIUSDT,1610841600009,0.00076329
UNIUSDT,1610870400000,0.00063415
UNIUSDT,1610899200001,0.00050044
UNIUSDT,1610928000000,0.00044043
UNIUSDT,1610956800004,0.00047629
UNIUSDT,1610985600000,0.00097013
UNIUSDT,1611014400000,0.00079608
UNIUSDT,1611043200005,0.00101476
UNIUSDT,1611072000012,0.00132478
UNIUSDT,1611100800012,0.00031637
UNIUSDT,1611129600001,0.00019336
UNIUSDT,1611158400001,0.0001
UNIUSDT,1611187200000,0.0001
UNIUSDT,1611216000000,0.00034715
UNIUSDT,1611244800004,0.0001
UNIUSDT,1611273600012,0.0001
UNIUSDT,1611302400003,0.0001
UNIUSDT,1611331200001,0.0001
UNIUSDT,1611360000000,0.0001
UNIUSDT,1611388800002,0.0001
UNIUSDT,1611417600000,0.0001371
UNIUSDT,1611446400001,0.0001
UNIUSDT,1611475200011,0.00017516
UNIUSDT,1611504000005,0.00029213
UNIUSDT,1611532800007,0.0001
UNIUSDT,1611561600012,0.0001
UNIUSDT,1611590400000,0.00021537
UNIUSDT,1611619200007,0.0001
UNIUSDT,1611648000000,0.0001
UNIUSDT,1611676800000,0.0001
UNIUSDT,1611705600000,0.0001
UNIUSDT,1611734400011,0.0001
UNIUSDT,1611763200003,0.0001
UNIUSDT,1611792000000,0.0001
UNIUSDT,1611820800000,0.0001
UNIUSDT,1611849600000,0.0001
UNIUSDT,1611878400009,0.0001
UNIUSDT,1611907200000,0.00054342
UNIUSDT,1611936000000,0.00115189
UNIUSDT,1611964800000,0.00044327
UNIUSDT,1611993600000,0.00016633
UNIUSDT,1612022400000,0.00063722
UNIUSDT,1612051200009,0.00081352
UNIUSDT,1612080000000,0.00093969
UNIUSDT,1612108800000,0.00090398
UNIUSDT,1612137600001,0.00056165
UNIUSDT,1612166400014,0.00048609
UNIUSDT,1612195200000,0.00067177
UNIUSDT,1612224000000,0.00120243
UNIUSDT,1612252800006,0.00084073
UNIUSDT,1612281600000,0.00140028
UNIUSDT,1612310400009,0.00139427
UNIUSDT,1612339200006,0.00206075
UNIUSDT,1612368000006,0.00190937
UNIUSDT,1612396800005,0.00182411
UNIUSDT,1612425600000,0.00197234
UNIUSDT,1612454400011,0.00143437
UNIUSDT,1612483200009,0.00162043
UNIUSDT,1612512000004,0.00176068
UNIUSDT,1612540800000,0.00265212
UNIUSDT,1612569600008,0.00112383
UNIUSDT,1612598400009,0.00092795
UNIUSDT,1612627200000,0.0011029
UNIUSDT,1612656000000,0.00173304
UNIUSDT,1612684800005,0.00105107
UNIUSDT,1612713600001,0.00100646
UNIUSDT,1612742400000,0.000951
UNIUSDT,1612771200001,0.00104635
UNIUSDT,1612800000000,0.00271984
UNIUSDT,1612828800010,0.00233865
UNIUSDT,1612857600006,0.003155
UNIUSDT,1612886400007,0.00232566
UNIUSDT,1612915200009,0.00245552
UNIUSDT,1612944000014,0.0033158
UNIUSDT,1612972800005,0.00115972
UNIUSDT,1613001600000,0.00085464
UNIUSDT,1613030400000,0.0010197
UNIUSDT,1613059200000,0.0021273
UNIUSDT,1613088000000,0.00206716
UNIUSDT,1613116800000,0.00281166
UNIUSDT,1613145600000,0.00331999
UNIUSDT,1613174400001,0.00264176
UNIUSDT,1613203200003,0.00281177
UNIUSDT,1613232000000,0.00156175
UNIUSDT,1613260800013,0.00217885
UNIUSDT,1613289600000,0.00243542
UNIUSDT,1613318400008,0.00211823
UNIUSDT,1613347200000,0.00136293
UNIUSDT,1613376000006,0.0001
UNIUSDT,1613404800000,0.0001
UNIUSDT,1613433600001,0.00034521
UNIUSDT,1613462400000,0.00026333
UNIUSDT,1613491200010,0.00019473
UNIUSDT,1613520000005,0.00016387
UNIUSDT,1613548800010,0.0001
UNIUSDT,1613577600008,0.00103364
UNIUSDT,1613606400012,0.00167221
UNIUSDT,1613635200000,0.00164788
UNIUSDT,1613664000009,0.00137706
UNIUSDT,1613692800010,0.00142989
UNIUSDT,1613721600002,0.00114726
UNIUSDT,1613750400008,0.00273405
UNIUSDT,1613779200000,0.00178725
UNIUSDT,1613808000009,0.00268901
UNIUSDT,1613836800000,0.00411945
UNIUSDT,1613865600007,0.00132247
UNIUSDT,1613894400012,0.00060404
UNIUSDT,1613923200001,0.00122455
UNIUSDT,1613952000006,0.00120872
UNIUSDT,1613980800002,0.00074972
UNIUSDT,1614009600000,0.0001
UNIUSDT,1614038400000,0.0001
UNIUSDT,1614067200006,0.0001
UNIUSDT,1614096000000,0.0001
UNIUSDT,1614124800012,0.0001
UNIUSDT,1614153600016,0.0001
UNIUSDT,1614182400011,0.00018058
UNIUSDT,1614211200007,0.0001
UNIUSDT,1614240000000,0.0001
UNIUSDT,1614268800010,0.00026803
UNIUSDT,1614297600000,0.0001
UNIUSDT,1614326400025,0.0001
UNIUSDT,1614355200010,0.0001
UNIUSDT,1614384000001,0.00011626
UNIUSDT,1614412800000,0.00036811
UNIUSDT,1614441600000,0.0004727
UNIUSDT,1614470400021,0.0001
UNIUSDT,1614499200009,0.0001
UNIUSDT,1614528000000,0.0001
UNIUSDT,1614556800000,0.00020074
UNIUSDT,1614585600003,0.0001
UNIUSDT,1614614400001,0.00027785
UNIUSDT,1614643200000,0.00056296
UNIUSDT,1614672000000,0.00074292
UNIUSDT,1614700800004,0.00063999
UNIUSDT,1614729600000,0.00037135
UNIUSDT,1614758400016,0.00072139
UNIUSDT,1614787200000,0.00072834
UNIUSDT,1614816000000,0.00033609
UNIUSDT,1614844800015,0.00066906
UNIUSDT,1614873600001,0.00084985
UNIUSDT,1614902400000,0.00013709
UNIUSDT,1614931200002,0.0001
UNIUSDT,1614960000008,0.00054666
UNIUSDT,1614988800000,0.00048613
UNIUSDT,1615017600000,0.00020092
UNIUSDT,1615046400000,0.00043931
UNIUSDT,1615075200006,0.0001
UNIUSDT,1615104000005,0.00046641
UNIUSDT,1615132800008,0.00033358
UNIUSDT,1615161600000,0.0001
UNIUSDT,1615190400000,0.00024797
UNIUSDT,1615219200006,0.00073912
UNIUSDT,1615248000000,0.00110138
UNIUSDT,1615276800000,0.00112657
UNIUSDT,1615305600000,0.00170191
UNIUSDT,1615334400009,0.001836
UNIUSDT,1615363200006,0.00100896
UNIUSDT,1615392000008,0.00137843
UNIUSDT,1615420800000,0.00105774
UNIUSDT,1615449600000,0.0008027
UNIUSDT,1615478400014,0.00093268
UNIUSDT,1615507200002,0.00116934
UNIUSDT,1615536000005,0.00127503
UNIUSDT,1615564800011,0.00093168
UNIUSDT,1615593600000,0.00130806
UNIUSDT,1615622400002,0.00088128
UNIUSDT,1615651200000,0.00155397
UNIUSDT,1615680000011,0.00150467
UNIUSDT,1615708800000,0.00108281
UNIUSDT,1615737600000,0.00124798
UNIUSDT,1615766400012,0.00064206
UNIUSDT,1615795200016,0.00060731
UNIUSDT,1615824000030,0.0003618
UNIUSDT,1615852800005,0.0001746
UNIUSDT,1615881600008,0.0001
UNIUSDT,1615910400012,0.00041326
UNIUSDT,1615939200010,0.0009333
UNIUSDT,1615968000000,0.00067198
UNIUSDT,1615996800009,0.0009537
UNIUSDT,1616025600001,0.00059268
UNIUSDT,1616054400000,0.00084563
UNIUSDT,1616083200000,0.00124285
UNIUSDT,1616112000011,0.00084578
UNIUSDT,1616140800001,0.00065194
UNIUSDT,1616169600000,0.00110839
UNIUSDT,1616198400000,0.00121073
UNIUSDT,1616227200000,0.00189105
UNIUSDT,1616256000007,0.00201301
UNIUSDT,1616284800000,0.00103473
UNIUSDT,1616313600000,0.00097636
UNIUSDT,1616342400000,0.00094223
UNIUSDT,1616371200007,0.00065561
UNIUSDT,1616400000001,0.0006534
UNIUSDT,1616428800000,0.00016627
UNIUSDT,1616457600000,0.00032282
UNIUSDT,1616486400010,0.00041211
UNIUSDT,1616515200023,0.0001
UNIUSDT,1616544000002,0.0001
UNIUSDT,1616572800000,0.0001
UNIUSDT,1616601600000,0.0001
UNIUSDT,1616630400000,0.0001
UNIUSDT,1616659200000,0.0001
UNIUSDT,1616688000000,0.0001
UNIUSDT,1616716800008,0.00035475
UNIUSDT,1616745600000,0.00021277
UNIUSDT,1616774400012,0.00035905
UNIUSDT,1616803200018,0.00046828
UNIUSDT,1616832000000,0.00063448
UNIUSDT,1616860800001,0.0008194
UNIUSDT,1616889600000,0.00071845
UNIUSDT,1616918400000,0.00084022
UNIUSDT,1616947200005,0.00095202
UNIUSDT,1616976000003,0.0007433
UNIUSDT,1617004800000,0.00112385
UNIUSDT,1617033600000,0.00123463
UNIUSDT,1617062400018,0.00117629
UNIUSDT,1617091200012,0.00126891
UNIUSDT,1617120000001,0.00152468
UNIUSDT,1617148800000,0.0015351
UNIUSDT,1617177600000,0.00156422
UNIUSDT,1617206400000,0.00074704
UNIUSDT,1617235200025,0.00131122
UNIUSDT,1617264000011,0.00158329
UNIUSDT,1617292800004,0.00207726
UNIUSDT,1617321600000,0.00143172
UNIUSDT,1617350400000,0.00255722
UNIUSDT,1617379200000,0.00238459
UNIUSDT,1617408000003,0.00178787
UNIUSDT,1617436800000,0.00185559
UNIUSDT,1617465600000,0.00163108
UNIUSDT,1617494400000,0.00045068
UNIUSDT,1617523200000,0.00064122
UNIUSDT,1617552000016,0.00056321
UNIUSDT,1617580800000,0.00091166
UNIUSDT,1617609600001,0.00106847
UNIUSDT,1617638400001,0.00164695
UNIUSDT,1617667200010,0.00198092
UNIUSDT,1617696000000,0.00194509
UNIUSDT,1617724800003,0.00154223
UNIUSDT,1617753600000,0.000859
UNIUSDT,1617782400006,0.00102459
UNIUSDT,1617811200004,0.00022474
UNIUSDT,1617840000013,0.0001
UNIUSDT,1617868800003,0.00014803
UNIUSDT,1617897600005,0.00046229
UNIUSDT,1617926400000,0.00030856
UNIUSDT,1617955200004,0.00036975
UNIUSDT,1617984000004,0.00064537
UNIUSDT,1618012800011,0.00055625
UNIUSDT,1618041600005,0.0015809
UNIUSDT,1618070400000,0.00127001
UNIUSDT,1618099200004,0.00126357
UNIUSDT,1618128000000,0.0012104
UNIUSDT,1618156800000,0.00142699
UNIUSDT,1618185600001,0.00162047
UNIUSDT,1618214400001,0.00197005
UNIUSDT,1618243200008,0.00197408
UNIUSDT,1618272000003,0.00135748
UNIUSDT,1618300800008,0.002038
UNIUSDT,1618329600008,0.00257447
UNIUSDT,1618358400008,0.00152626
UNIUSDT,1618387200000,0.00279629
UNIUSDT,1618416000012,0.00115108
UNIUSDT,1618444800006,0.00155608
UNIUSDT,1618473600000,0.00226754
UNIUSDT,1618502400008,0.00194841
UNIUSDT,1618531200008,0.00188209
UNIUSDT,1618560000000,0.00162524
UNIUSDT,1618588800002,0.00110591
UNIUSDT,1618617600008,0.00142014
UNIUSDT,1618646400000,0.00137137
UNIUSDT,1618675200001,0.00119117
UNIUSDT,1618704000006,0.00132173
UNIUSDT,1618732800004,0.00008792
UNIUSDT,1618761600000,0.00013034
UNIUSDT,1618790400000,0.0001
UNIUSDT,1618819200000,0.0001
UNIUSDT,1618848000009,0.0001
UNIUSDT,1618876800004,0.0001
UNIUSDT,1618905600000,0.00012269
UNIUSDT,1618934400001,0.0001
UNIUSDT,1618963200013,0.00014611
UNIUSDT,1618992000001,0.00024818
UNIUSDT,1619020800002,0.00023261
UNIUSDT,1619049600000,0.00049429
UNIUSDT,1619078400000,0.0001
UNIUSDT,1619107200001,0.0001
UNIUSDT,1619136000002,0.00017073
UNIUSDT,1619164800009,0.00050349
UNIUSDT,1619193600001,0.0001
UNIUSDT,1619222400019,0.0001
UNIUSDT,1619251200001,0.0001
UNIUSDT,1619280000011,0.0001
UNIUSDT,1619308800000,0.0001
UNIUSDT,1619337600010,0.00028785
UNIUSDT,1619366400000,0.0001
UNIUSDT,1619395200003,0.00011483
UNIUSDT,1619424000002,0.0001
UNIUSDT,1619452800004,0.0001
UNIUSDT,1619481600000,0.0001
UNIUSDT,1619510400000,0.0003387
UNIUSDT,1619539200009,0.00041059
UNIUSDT,1619568000000,0.0001
UNIUSDT,1619596800000,0.0003732
UNIUSDT,1619625600001,0.0004463
UNIUSDT,1619654400004,0.00039718
UNIUSDT,1619683200013,0.00025687
UNIUSDT,1619712000003,0.0002307
UNIUSDT,1619740800004,0.00020789
UNIUSDT,1619769600019,0.00053234
UNIUSDT,1619798400003,0.00047094
UNIUSDT,1619827200002,0.00025149
UNIUSDT,1619856000006,0.00052713
UNIUSDT,1619884800000,0.00071786
UNIUSDT,1619913600010,0.00079551
UNIUSDT,1619942400011,0.00053308
UNIUSDT,1619971200007,0.00087993
UNIUSDT,1620000000003,0.00047969
UNIUSDT,1620028800000,0.00055273
UNIUSDT,1620057600043,0.00084317
UNIUSDT,1620086400004,0.00036722
UNIUSDT,1620115200003,0.00021401
UNIUSDT,1620144000011,0.0005516
UNIUSDT,1620172800001,0.00044418
UNIUSDT,1620201600007,0.00078948
UNIUSDT,1620230400001,0.00080777
UNIUSDT,1620259200003,0.00066238
UNIUSDT,1620288000001,0.00088906
UNIUSDT,1620316800000,0.00161236
UNIUSDT,1620345600000,0.00057536
UNIUSDT,1620374400000,0.0006864
UNIUSDT,1620403200001,0.00110082
UNIUSDT,1620432000006,0.00029559
UNIUSDT,1620460800000,0.00078746
UNIUSDT,1620489600000,0.00069408
UNIUSDT,1620518400005,0.00046466
UNIUSDT,1620547200016,0.00028699
UNIUSDT,1620576000000,0.00052714
UNIUSDT,1620604800004,0.00063324
UNIUSDT,1620633600000,0.0005406
UNIUSDT,1620662400013,0.00042534
UNIUSDT,1620691200000,0.0001
UNIUSDT,1620720000000,0.0001
UNIUSDT,1620748800002,0.00017099
UNIUSDT,1620777600004,0.0001
UNIUSDT,1620806400007,0.0001
UNIUSDT,1620835200012,0.00030704
UNIUSDT,1620864000016,0.0001
UNIUSDT,1620892800000,0.0001
UNIUSDT,1620921600008,0.0001
UNIUSDT,1620950400007,0.0001
UNIUSDT,1620979200001,0.0001
UNIUSDT,1621008000004,0.0001
UNIUSDT,1621036800022,0.0001
UNIUSDT,1621065600014,0.00024018
UNIUSDT,1621094400002,0.00026451
UNIUSDT,1621123200000,0.00024616
UNIUSDT,1621152000003,0.00012982
UNIUSDT,1621180800002,0.00042379
UNIUSDT,1621209600005,0.00023092
UNIUSDT,1621238400001,0.0001
UNIUSDT,1621267200000,0.00025121
UNIUSDT,1621296000019,0.0001
UNIUSDT,1621324800001,0.00015007
UNIUSDT,1621353600006,0.00017044
UNIUSDT,1621382400000,0.00020479
UNIUSDT,1621411200003,0.0001
UNIUSDT,1621440000018,-0.0075
UNIUSDT,1621468800005,0.0001
UNIUSDT,1621497600000,0.0001
UNIUSDT,1621526400005,0.0001
UNIUSDT,1621555200000,0.0001
UNIUSDT,1621584000000,0.0001
UNIUSDT,1621612800001,0.0001
UNIUSDT,1621641600001,0.0001
UNIUSDT,1621670400002,0.0001
UNIUSDT,1621699200005,0.0001
UNIUSDT,1621728000006,0.0001
UNIUSDT,1621756800004,0.0001
UNIUSDT,1621785600002,0.0001
UNIUSDT,1621814400007,0.0001
UNIUSDT,1621843200005,0.0001
UNIUSDT,1621872000005,0.0001
UNIUSDT,1621900800000,0.0001
UNIUSDT,1621929600014,0.0001
UNIUSDT,1621958400000,0.0001
UNIUSDT,1621987200022,0.0001
UNIUSDT,1622016000018,0.0001
UNIUSDT,1622044800004,0.0001
UNIUSDT,1622073600000,0.0001
UNIUSDT,1622102400017,0.0001
UNIUSDT,1622131200000,0.0001
UNIUSDT,1622160000005,0.0001
UNIUSDT,1622188800009,0.0001
UNIUSDT,1622217600000,0.0001
UNIUSDT,1622246400006,0.0001
UNIUSDT,1622275200000,0.0001
UNIUSDT,1622304000000,0.0001
UNIUSDT,1622332800003,0.0001
UNIUSDT,1622361600004,0.00008276
UNIUSDT,1622390400018,0.0001
UNIUSDT,1622419200002,0.0001
UNIUSDT,1622448000000,-0.0001381
UNIUSDT,1622476800000,0.00008155
UNIUSDT,1622505600001,-0.00008682
UNIUSDT,1622534400010,0.0001
UNIUSDT,1622563200010,0.0001
UNIUSDT,1622592000008,0.0001
UNIUSDT,1622620800000,0.0001
UNIUSDT,1622649600007,0.0001
UNIUSDT,1622678400019,0.0001
UNIUSDT,1622707200002,0.0001
UNIUSDT,1622736000003,0.0001
UNIUSDT,1622764800003,0.0001
UNIUSDT,1622793600006,0.0001
UNIUSDT,1622822400002,0.0001
UNIUSDT,1622851200000,0.0001
UNIUSDT,1622880000004,0.0001
UNIUSDT,1622908800020,0.0001
UNIUSDT,1622937600000,0.0001
UNIUSDT,1622966400004,0.0001
UNIUSDT,1622995200000,0.0001
UNIUSDT,1623024000007,0.0001
UNIUSDT,1623052800007,0.0001
UNIUSDT,1623081600003,0.0001
UNIUSDT,1623110400000,0.0001
UNIUSDT,1623139200000,0.0001
UNIUSDT,1623168000002,0.0001
UNIUSDT,1623196800009,0.0001
UNIUSDT,1623225600002,0.0001
UNIUSDT,1623254400000,0.0001
UNIUSDT,1623283200007,0.0001
UNIUSDT,1623312000003,0.0001
UNIUSDT,1623340800000,0.0001
UNIUSDT,1623369600010,0.0001
UNIUSDT,1623398400007,0.0001
UNIUSDT,1623427200006,0.0001
UNIUSDT,1623456000005,0.0001
UNIUSDT,1623484800000,0.0001
UNIUSDT,1623513600018,0.0001
UNIUSDT,1623542400002,0.0001
UNIUSDT,1623571200000,0.0001
UNIUSDT,1623600000003,0.0001
UNIUSDT,1623628800000,0.0001
UNIUSDT,1623657600015,0.0001
UNIUSDT,1623686400000,0.0001
UNIUSDT,1623715200000,0.0001
UNIUSDT,1623744000000,0.0001
UNIUSDT,1623772800004,0.0001
UNIUSDT,1623801600004,0.0001
UNIUSDT,1623830400001,0.0001
UNIUSDT,1623859200000,0.0001
UNIUSDT,1623888000004,0.0001
UNIUSDT,1623916800000,0.0001
UNIUSDT,1623945600002,0.0001
UNIUSDT,1623974400009,0.0001
UNIUSDT,1624003200014,0.0001
UNIUSDT,1624032000007,0.0001
UNIUSDT,1624060800003,0.0001
UNIUSDT,1624089600001,0.0001
UNIUSDT,1624118400000,0.0001
UNIUSDT,1624147200005,0.0001
UNIUSDT,1624176000000,0.0001
UNIUSDT,1624204800002,0.0001
UNIUSDT,1624233600019,0.0001
UNIUSDT,1624262400000,0.0001
UNIUSDT,1624291200024,0.00008947
UNIUSDT,1624320000008,0.00009667
UNIUSDT,1624348800009,0.0001
UNIUSDT,1624377600001,0.0001
UNIUSDT,1624406400003,0.0001
UNIUSDT,1624435200000,0.0001
UNIUSDT,1624464000000,0.0001
UNIUSDT,1624492800009,0.0001
UNIUSDT,1624521600018,0.0001
UNIUSDT,1624550400001,0.0001
UNIUSDT,1624579200009,0.0001
UNIUSDT,1624608000004,0.0001
UNIUSDT,1624636800000,0.0001
UNIUSDT,1624665600007,0.00007143
UNIUSDT,1624694400000,0.00001988
UNIUSDT,1624723200002,0.0001
UNIUSDT,1624752000005,0.00007046
UNIUSDT,1624780800010,0.0001
UNIUSDT,1624809600001,0.00004297
UNIUSDT,1624838400025,0.00005017
UNIUSDT,1624867200017,0.0001
UNIUSDT,1624896000007,0.0001
UNIUSDT,1624924800008,0.0001
UNIUSDT,1624953600000,0.0001
UNIUSDT,1624982400000,0.0001
UNIUSDT,1625011200011,0.0001
UNIUSDT,1625040000044,0.0001
UNIUSDT,1625068800005,0.0001
UNIUSDT,1625097600000,0.00007286
UNIUSDT,1625126400004,0.0001
UNIUSDT,1625155200028,0.0001
UNIUSDT,1625184000002,0.0001
UNIUSDT,1625212800016,0.0001
UNIUSDT,1625241600007,0.00008416
UNIUSDT,1625270400008,0.00004577
UNIUSDT,1625299200000,0.00007696
UNIUSDT,1625328000004,0.0001
UNIUSDT,1625356800012,0.0001
UNIUSDT,1625385600002,0.0001
UNIUSDT,1625414400003,0.0001
UNIUSDT,1625443200004,0.0001
UNIUSDT,1625472000000,0.0001
UNIUSDT,1625500800009,0.00004516
UNIUSDT,1625529600008,0.00008738
UNIUSDT,1625558400019,0.0001
UNIUSDT,1625587200000,0.0001
UNIUSDT,1625616000007,0.0001
UNIUSDT,1625644800001,0.0001
UNIUSDT,1625673600008,0.0001
UNIUSDT,1625702400002,0.0001
UNIUSDT,1625731200010,0.0001
UNIUSDT,1625760000003,0.0001
UNIUSDT,1625788800000,0.00007423
UNIUSDT,1625817600006,0.0001
UNIUSDT,1625846400000,0.00000695
UNIUSDT,1625875200002,0.0001
UNIUSDT,1625904000000,0.00007505
UNIUSDT,1625932800001,0.0001
UNIUSDT,1625961600001,0.00009929
UNIUSDT,1625990400025,0.0001
UNIUSDT,1626019200006,0.0001
UNIUSDT,1626048000000,0.0001
UNIUSDT,1626076800021,0.0001
UNIUSDT,1626105600000,0.0001
UNIUSDT,1626134400000,0.0001
UNIUSDT,1626163200013,0.0001
UNIUSDT,1626192000005,0.0001
UNIUSDT,1626220800000,0.0001
UNIUSDT,1626249600000,-0.00005295
UNIUSDT,1626278400005,0.00004258
UNIUSDT,1626307200005,0.0001
UNIUSDT,1626336000001,0.0001
UNIUSDT,1626364800000,-0.0000915
UNIUSDT,1626393600000,0.0001
UNIUSDT,1626422400000,0.0001
UNIUSDT,1626451200001,0.0001
UNIUSDT,1626480000004,0.0001
UNIUSDT,1626508800009,0.0001
UNIUSDT,1626537600006,0.0001
UNIUSDT,1626566400000,0.0001
UNIUSDT,1626595200001,0.00001522
UNIUSDT,1626624000003,0.0001
UNIUSDT,1626652800002,0.00005463
UNIUSDT,1626681600006,0.00000378
UNIUSDT,1626710400006,0.00008006
UNIUSDT,1626739200002,0.0000163
UNIUSDT,1626768000011,-0.00019187
UNIUSDT,1626796800001,-0.00005813
UNIUSDT,1626825600022,-0.0002167
UNIUSDT,1626854400000,-0.00016313
UNIUSDT,1626883200018,-0.00022192
UNIUSDT,1626912000002,0.0000671
UNIUSDT,1626940800006,0.0001
UNIUSDT,1626969600010,0.00007465
UNIUSDT,1626998400013,0.0001
UNIUSDT,1627027200000,0.00001435
UNIUSDT,1627056000005,0.00000908
UNIUSDT,1627084800000,0.0001
UNIUSDT,1627113600002,0.0001
UNIUSDT,1627142400001,0.0000818
UNIUSDT,1627171200003,-0.00023557
UNIUSDT,1627200000015,0.00007358
UNIUSDT,1627228800000,0.00005374
UNIUSDT,1627257600000,0.0001
UNIUSDT,1627286400000,0.0001
UNIUSDT,1627315200000,0.0001
UNIUSDT,1627344000046,-0.00004895
UNIUSDT,1627372800014,-0.00008489
UNIUSDT,1627401600007,0.00008718
UNIUSDT,1627430400000,0.0001
UNIUSDT,1627459200002,0.00007255
UNIUSDT,1627488000005,0.0001
UNIUSDT,1627516800004,0.0001
UNIUSDT,1627545600000,0.0001
UNIUSDT,1627574400007,0.0001
UNIUSDT,1627603200004,0.0001
UNIUSDT,1627632000000,0.0001
UNIUSDT,1627660800000,0.0001
UNIUSDT,1627689600000,0.0001
UNIUSDT,1627718400014,0.0001
UNIUSDT,1627747200003,0.0001
UNIUSDT,1627776000005,0.0001
UNIUSDT,1627804800016,0.0001
UNIUSDT,1627833600001,0.0001
UNIUSDT,1627862400000,0.0001
UNIUSDT,1627891200014,0.0001
UNIUSDT,1627920000021,0.0001
UNIUSDT,1627948800000,0.0001
UNIUSDT,1627977600000,0.0001
UNIUSDT,1628006400009,0.0001
UNIUSDT,1628035200000,0.0001
UNIUSDT,1628064000000,0.0001
UNIUSDT,1628092800003,0.0001
UNIUSDT,1628121600000,0.0001
UNIUSDT,1628150400000,0.0001
UNIUSDT,1628179200001,0.0001
UNIUSDT,1628208000000,0.0001
UNIUSDT,1628236800004,0.0001
UNIUSDT,1628265600003,0.0001
UNIUSDT,1628294400015,0.0001
UNIUSDT,1628323200001,0.0001
UNIUSDT,1628352000002,0.00024168
UNIUSDT,1628380800000,0.0001
UNIUSDT,1628409600002,0.0001
UNIUSDT,1628438400018,0.0001
UNIUSDT,1628467200000,0.0001
UNIUSDT,1628496000000,0.0001
UNIUSDT,1628524800002,0.00013969
UNIUSDT,1628553600000,0.00027412
UNIUSDT,1628582400003,0.0003572
UNIUSDT,1628611200000,0.00032392
UNIUSDT,1628640000006,0.00033547
UNIUSDT,1628668800003,0.00038561
UNIUSDT,1628697600000,0.00034643
UNIUSDT,1628726400013,0.0003334
UNIUSDT,1628755200001,0.00037954
UNIUSDT,1628784000000,0.0001
UNIUSDT,1628812800000,0.00019877
UNIUSDT,1628841600000,0.0001
UNIUSDT,1628870400002,0.00041578
UNIUSDT,1628899200006,0.0001
UNIUSDT,1628928000000,0.00031834
UNIUSDT,1628956800000,0.0001349
UNIUSDT,1628985600003,0.00059348
UNIUSDT,1629014400000,0.00052835
UNIUSDT,1629043200007,0.00034164
UNIUSDT,1629072000012,0.00065725
UNIUSDT,1629100800003,0.00077963
UNIUSDT,1629129600010,0.00062091
UNIUSDT,1629158400018,0.0001
UNIUSDT,1629187200015,0.0001
UNIUSDT,1629216000006,0.00016614
UNIUSDT,1629244800000,0.0001
UNIUSDT,1629273600000,0.0001
UNIUSDT,1629302400011,0.0001
UNIUSDT,1629331200000,0.0001
UNIUSDT,1629360000014,0.0001
UNIUSDT,1629388800000,0.0001
UNIUSDT,1629417600000,0.00010742
UNIUSDT,1629446400001,0.00014828
UNIUSDT,1629475200001,0.00036857
UNIUSDT,1629504000005,0.0002418
UNIUSDT,1629532800001,0.00063094
UNIUSDT,1629561600000,0.00025306
UNIUSDT,1629590400005,0.00011112
UNIUSDT,1629619200007,0.00017322
UNIUSDT,1629648000002,0.00023439
UNIUSDT,1629676800003,0.00018724
UNIUSDT,1629705600005,0.00081042
UNIUSDT,1629734400002,0.00077223
UNIUSDT,1629763200006,0.00070725
UNIUSDT,1629792000004,0.00067193
UNIUSDT,1629820800000,0.0001616
UNIUSDT,1629849600015,0.0001
UNIUSDT,1629878400000,0.0001
UNIUSDT,1629907200000,0.0001
UNIUSDT,1629936000001,0.0001
UNIUSDT,1629964800016,0.0001
UNIUSDT,1629993600004,0.0001
UNIUSDT,1630022400013,0.0001
UNIUSDT,1630051200001,0.0001
UNIUSDT,1630080000004,0.0001
UNIUSDT,1630108800000,0.0001
UNIUSDT,1630137600000,0.00016569
UNIUSDT,1630166400000,0.00024172
UNIUSDT,1630195200000,0.00024516
UNIUSDT,1630224000002,0.0001
UNIUSDT,1630252800005,0.00010308
UNIUSDT,1630281600013,0.00012394
UNIUSDT,1630310400008,0.0001
UNIUSDT,1630339200000,0.00014018
UNIUSDT,1630368000000,0.00033289
UNIUSDT,1630396800007,0.00018106
UNIUSDT,1630425600003,0.00021445
UNIUSDT,1630454400000,0.00010689
UNIUSDT,1630483200006,0.00047399
UNIUSDT,1630512000000,0.00034281
UNIUSDT,1630540800009,0.00058421
UNIUSDT,1630569600006,0.00102247
UNIUSDT,1630598400007,0.00085776
UNIUSDT,1630627200011,0.00055147
UNIUSDT,1630656000000,0.000825
UNIUSDT,1630684800002,0.00065012
UNIUSDT,1630713600003,0.0007308
UNIUSDT,1630742400008,0.0007882
UNIUSDT,1630771200009,0.00082789
UNIUSDT,1630800000002,0.00067891
UNIUSDT,1630828800002,0.00084864
UNIUSDT,1630857600000,0.00070981
UNIUSDT,1630886400003,0.00091354
UNIUSDT,1630915200008,0.00102953
UNIUSDT,1630944000009,0.00031769
UNIUSDT,1630972800004,0.00040211
UNIUSDT,1631001600002,0.0006859
UNIUSDT,1631030400001,-0.00178638
UNIUSDT,1631059200005,0.0001
UNIUSDT,1631088000000,0.0001
UNIUSDT,1631116800000,0.0001
UNIUSDT,1631145600006,0.0001
UNIUSDT,1631174400014,0.0001
UNIUSDT,1631203200002,0.0001
UNIUSDT,1631232000001,0.0001
UNIUSDT,1631260800018,0.0001
UNIUSDT,1631289600006,0.0001
UNIUSDT,1631318400000,0.0001
UNIUSDT,1631347200001,0.0001
UNIUSDT,1631376000000,0.0001
UNIUSDT,1631404800000,0.0001
UNIUSDT,1631433600002,0.0001
UNIUSDT,1631462400000,0.0001
UNIUSDT,1631491200000,0.0001
UNIUSDT,1631520000007,0.0001
UNIUSDT,1631548800005,0.0001
UNIUSDT,1631577600002,0.0001
UNIUSDT,1631606400000,0.0001
UNIUSDT,1631635200007,0.0001
UNIUSDT,1631664000012,0.0001
UNIUSDT,1631692800003,0.0001
UNIUSDT,1631721600006,0.0001
UNIUSDT,1631750400008,0.0001
UNIUSDT,1631779200005,0.0001
UNIUSDT,1631808000002,0.0001
UNIUSDT,1631836800000,0.0001
UNIUSDT,1631865600047,0.0001
UNIUSDT,1631894400013,0.0001
UNIUSDT,1631923200000,0.0001
UNIUSDT,1631952000010,0.0001
UNIUSDT,1631980800005,0.0001
UNIUSDT,1632009600006,0.0001
UNIUSDT,1632038400015,0.0001
UNIUSDT,1632067200007,0.0001
UNIUSDT,1632096000018,0.0001
UNIUSDT,1632124800000,0.0001
UNIUSDT,1632153600005,0.0001
UNIUSDT,1632182400005,0.0001
UNIUSDT,1632211200007,0.0001
UNIUSDT,1632240000000,0.0001
UNIUSDT,1632268800005,0.0001
UNIUSDT,1632297600006,0.0001
UNIUSDT,1632326400000,0.0001
UNIUSDT,1632355200003,0.0001
UNIUSDT,1632384000000,0.0001
UNIUSDT,1632412800007,0.0001
UNIUSDT,1632441600000,0.0001
UNIUSDT,1632470400017,0.0001
UNIUSDT,1632499200000,0.0001
UNIUSDT,1632528000007,0.0001
UNIUSDT,1632556800002,0.0001
UNIUSDT,1632585600004,0.0001
UNIUSDT,1632614400013,0.0001
UNIUSDT,1632643200000,0.0001
UNIUSDT,1632672000005,0.0001
UNIUSDT,1632700800000,0.0001
UNIUSDT,1632729600001,0.0001
UNIUSDT,1632758400000,0.0001
UNIUSDT,1632787200000,0.0001
UNIUSDT,1632816000014,0.0001
UNIUSDT,1632844800000,0.0001
UNIUSDT,1632873600000,0.0001
UNIUSDT,1632902400002,0.0001
UNIUSDT,1632931200000,0.0001
UNIUSDT,1632960000000,0.0001
UNIUSDT,1632988800004,0.0001
UNIUSDT,1633017600005,0.0001
UNIUSDT,1633046400012,0.00005934
UNIUSDT,1633075200008,0.0001
UNIUSDT,1633104000000,0.0001
UNIUSDT,1633132800000,0.0001
UNIUSDT,1633161600002,0.0001
UNIUSDT,1633190400011,0.0001
UNIUSDT,1633219200019,0.0001
UNIUSDT,1633248000011,0.0001
UNIUSDT,1633276800004,0.0001
UNIUSDT,1633305600004,0.0001
UNIUSDT,1633334400000,0.0001
UNIUSDT,1633363200000,0.0001
UNIUSDT,1633392000007,0.0001
UNIUSDT,1633420800007,0.0001
UNIUSDT,1633449600004,0.0001
UNIUSDT,1633478400002,0.0001
UNIUSDT,1633507200000,0.0001
UNIUSDT,1633536000003,0.0001
UNIUSDT,1633564800007,0.0001
UNIUSDT,1633593600002,0.0001
UNIUSDT,1633622400000,0.00021599
UNIUSDT,1633651200011,0.00019816
UNIUSDT,1633680000003,0.00025198
UNIUSDT,1633708800002,0.00042959
UNIUSDT,1633737600006,0.00014573
UNIUSDT,1633766400003,0.0001
UNIUSDT,1633795200000,0.00019862
UNIUSDT,1633824000000,0.00021661
UNIUSDT,1633852800008,0.00042077
UNIUSDT,1633881600000,0.00031593
UNIUSDT,1633910400002,0.0001
UNIUSDT,1633939200001,0.0001
UNIUSDT,1633968000006,0.0001
UNIUSDT,1633996800008,0.0001
UNIUSDT,1634025600013,0.0001
UNIUSDT,1634054400003,0.0001
UNIUSDT,1634083200003,0.0001
UNIUSDT,1634112000015,0.0001
UNIUSDT,1634140800000,0.0001
UNIUSDT,1634169600011,0.0001
UNIUSDT,1634198400017,0.0001
UNIUSDT,1634227200000,0.00015412
UNIUSDT,1634256000005,0.0002627
UNIUSDT,1634284800002,0.00036201
UNIUSDT,1634313600005,0.00021169
UNIUSDT,1634342400009,0.0001
UNIUSDT,1634371200000,0.00028105
UNIUSDT,1634400000003,0.0002819
UNIUSDT,1634428800001,0.00023213
UNIUSDT,1634457600002,0.00026221
UNIUSDT,1634486400002,0.00036166
UNIUSDT,1634515200006,0.0001
UNIUSDT,1634544000004,0.0001332
UNIUSDT,1634572800001,0.00032471
UNIUSDT,1634601600002,0.00011811
UNIUSDT,1634630400000,0.00032095
UNIUSDT,1634659200000,0.00035844
UNIUSDT,1634688000017,0.00024955
UNIUSDT,1634716800004,0.00023339
UNIUSDT,1634745600020,0.00048587
UNIUSDT,1634774400000,0.00035857
UNIUSDT,1634803200000,0.00052417
UNIUSDT,1634832000008,0.00048626
UNIUSDT,1634860800005,0.0001315
UNIUSDT,1634889600005,0.0002525
UNIUSDT,1634918400018,0.00036578
UNIUSDT,1634947200005,0.00037282
UNIUSDT,1634976000001,0.00034953
UNIUSDT,1635004800004,0.00016303
UNIUSDT,1635033600006,0.00025061
UNIUSDT,1635062400012,0.00054544
UNIUSDT,1635091200001,0.00048424
UNIUSDT,1635120000012,0.00016286
UNIUSDT,1635148800002,0.00038013
UNIUSDT,1635177600022,0.00041535
UNIUSDT,1635206400005,0.00051945
UNIUSDT,1635235200016,0.00085175
UNIUSDT,1635264000000,0.00074351
UNIUSDT,1635292800004,0.00044064
UNIUSDT,1635321600000,0.000528
UNIUSDT,1635350400002,0.0001
UNIUSDT,1635379200002,0.0001
UNIUSDT,1635408000000,0.0001
UNIUSDT,1635436800005,0.0001
UNIUSDT,1635465600000,0.0001
UNIUSDT,1635494400007,0.0001
UNIUSDT,1635523200001,0.0001
UNIUSDT,1635552000000,0.0001
UNIUSDT,1635580800001,0.0002129
UNIUSDT,1635609600013,0.00017048
UNIUSDT,1635638400008,0.0002258
UNIUSDT,1635667200010,0.00026109
UNIUSDT,1635696000001,0.0001
UNIUSDT,1635724800009,0.00024514
UNIUSDT,1635753600014,0.00030678
UNIUSDT,1635782400001,0.00027574
UNIUSDT,1635811200000,0.0001
UNIUSDT,1635840000007,0.00048973
UNIUSDT,1635868800010,0.00044267
UNIUSDT,1635897600019,0.00048078
UNIUSDT,1635926400000,0.00049404
UNIUSDT,1635955200005,0.00016127
UNIUSDT,1635984000006,0.00042965
UNIUSDT,1636012800004,0.00051714
UNIUSDT,1636041600004,0.00050476
UNIUSDT,1636070400000,0.0001
UNIUSDT,1636099200013,0.00046794
UNIUSDT,1636128000016,0.00046572
UNIUSDT,1636156800010,0.00038414
UNIUSDT,1636185600000,0.0003818
UNIUSDT,1636214400007,0.000205
UNIUSDT,1636243200013,0.00021569
UNIUSDT,1636272000005,0.00035984
UNIUSDT,1636300800004,0.00049088
UNIUSDT,1636329600001,0.00045118
UNIUSDT,1636358400000,0.00054537
UNIUSDT,1636387200000,0.00065042
UNIUSDT,1636416000000,0.00048581
UNIUSDT,1636444800014,0.00065062
UNIUSDT,1636473600001,0.00059883
UNIUSDT,1636502400000,0.00040418
UNIUSDT,1636531200003,0.00047581
UNIUSDT,1636560000001,0.00058098
UNIUSDT,1636588800008,0.0001
UNIUSDT,1636617600012,0.0001
UNIUSDT,1636646400007,0.0001
UNIUSDT,1636675200000,0.0001
UNIUSDT,1636704000000,0.0001
UNIUSDT,1636732800004,0.0001
UNIUSDT,1636761600000,0.0001
UNIUSDT,1636790400004,0.0001
UNIUSDT,1636819200006,0.0001
UNIUSDT,1636848000010,0.0001
UNIUSDT,1636876800001,0.0001
UNIUSDT,1636905600000,0.0001
UNIUSDT,1636934400008,0.0001
UNIUSDT,1636963200000,0.0002304
UNIUSDT,1636992000000,0.00020424
UNIUSDT,1637020800000,0.00027089
UNIUSDT,1637049600001,0.0001
UNIUSDT,1637078400018,0.0001
UNIUSDT,1637107200005,0.0001
UNIUSDT,1637136000007,0.0001
UNIUSDT,1637164800003,0.0001
UNIUSDT,1637193600017,0.0001
UNIUSDT,1637222400007,0.0001
UNIUSDT,1637251200011,0.0001
UNIUSDT,1637280000000,0.0001
UNIUSDT,1637308800000,0.0001
UNIUSDT,1637337600005,0.0001
UNIUSDT,1637366400012,0.0001
UNIUSDT,1637395200000,0.0001
UNIUSDT,1637424000007,0.0001
UNIUSDT,1637452800000,0.0001
UNIUSDT,1637481600006,0.0001
UNIUSDT,1637510400000,0.0001
UNIUSDT,1637539200004,0.0001
UNIUSDT,1637568000000,0.0001
UNIUSDT,1637596800000,0.0001
UNIUSDT,1637625600004,0.0001
UNIUSDT,1637654400010,0.0001
UNIUSDT,1637683200005,0.0001
UNIUSDT,1637712000001,0.0001
UNIUSDT,1637740800003,0.0001
UNIUSDT,1637769600010,0.0001
UNIUSDT,1637798400000,0.0001
UNIUSDT,1637827200010,0.0001
UNIUSDT,1637856000000,0.0001
UNIUSDT,1637884800000,0.00017842
UNIUSDT,1637913600000,0.00020977
UNIUSDT,1637942400016,0.0001
UNIUSDT,1637971200005,0.0001
UNIUSDT,1638000000008,0.0001
UNIUSDT,1638028800007,0.0001
UNIUSDT,1638057600018,0.0001
UNIUSDT,1638086400000,0.0001
UNIUSDT,1638115200004,0.0001
UNIUSDT,1638144000002,0.0001
UNIUSDT,1638172800004,0.0001
UNIUSDT,1638201600000,0.0001
UNIUSDT,1638230400000,0.0001
UNIUSDT,1638259200006,0.0001
UNIUSDT,1638288000000,0.0001
UNIUSDT,1638316800000,0.0001
UNIUSDT,1638345600000,0.0001
UNIUSDT,1638374400001,0.0001
UNIUSDT,1638403200000,0.0001
UNIUSDT,1638432000007,0.0001
UNIUSDT,1638460800008,0.0001
UNIUSDT,1638489600004,0.0001
UNIUSDT,1638518400002,0.0001
UNIUSDT,1638547200006,0.0001
UNIUSDT,1638576000006,0.0001
UNIUSDT,1638604800004,0.00001797
UNIUSDT,1638633600000,0.0001
UNIUSDT,1638662400003,0.0001
UNIUSDT,1638691200008,0.0001
UNIUSDT,1638720000007,0.0001
UNIUSDT,1638748800009,0.0001
UNIUSDT,1638777600001,0.0001
UNIUSDT,1638806400000,0.0001
UNIUSDT,1638835200018,-0.00003201
UNIUSDT,1638864000000,0.0001
UNIUSDT,1638892800000,0.00007981
UNIUSDT,1638921600000,0.0001
UNIUSDT,1638950400018,0.0001
UNIUSDT,1638979200010,0.0001
UNIUSDT,1639008000010,0.00002061
UNIUSDT,1639036800000,0.0001
UNIUSDT,1639065600000,0.0001
UNIUSDT,1639094400000,-0.00001892
UNIUSDT,1639123200008,0.0001
UNIUSDT,1639152000012,-0.00001681
UNIUSDT,1639180800009,0.0001
UNIUSDT,1639209600008,0.0001
UNIUSDT,1639238400000,0.00005143
UNIUSDT,1639267200001,0.0000965
UNIUSDT,1639296000015,0.00004428
UNIUSDT,1639324800011,-0.00003717
UNIUSDT,1639353600006,0.00006697
UNIUSDT,1639382400019,0.0001
UNIUSDT,1639411200000,0.0001
UNIUSDT,1639440000004,0.0001
UNIUSDT,1639468800000,0.0001
UNIUSDT,1639497600015,0.0001
UNIUSDT,1639526400000,0.00005854
UNIUSDT,1639555200008,0.0001
UNIUSDT,1639584000005,0.0001
UNIUSDT,1639612800006,0.0001
UNIUSDT,1639641600009,0.0001
UNIUSDT,1639670400000,0.0001
UNIUSDT,1639699200000,0.0001
UNIUSDT,1639728000005,0.0001
UNIUSDT,1639756800006,-0.00000876
UNIUSDT,1639785600014,0.0001
UNIUSDT,1639814400012,0.0001
UNIUSDT,1639843200000,0.0001
UNIUSDT,1639872000031,0.0001
UNIUSDT,1639900800000,0.0001
UNIUSDT,1639929600003,0.0001
UNIUSDT,1639958400015,0.0001
UNIUSDT,1639987200007,0.0001
UNIUSDT,1640016000005,0.0001
UNIUSDT,1640044800003,0.0001
UNIUSDT,1640073600012,0.0001
UNIUSDT,1640102400005,0.0001
UNIUSDT,1640131200000,0.0001
UNIUSDT,1640160000001,0.0001
UNIUSDT,1640188800006,0.0001
UNIUSDT,1640217600011,0.0001
UNIUSDT,1640246400000,0.0001
UNIUSDT,1640275200000,0.0001
UNIUSDT,1640304000005,0.0001
UNIUSDT,1640332800000,0.0001
UNIUSDT,1640361600011,0.0001
UNIUSDT,1640390400000,0.0001
UNIUSDT,1640419200001,0.0001
UNIUSDT,1640448000005,0.0001
UNIUSDT,1640476800004,0.0001
UNIUSDT,1640505600002,0.0001
UNIUSDT,1640534400000,0.0001
UNIUSDT,1640563200002,0.0001
UNIUSDT,1640592000005,0.0001
UNIUSDT,1640620800000,0.0001
UNIUSDT,1640649600000,0.0001
UNIUSDT,1640678400012,0.0001
UNIUSDT,1640707200000,0.0001
UNIUSDT,1640736000006,0.0001
UNIUSDT,1640764800003,0.0001
UNIUSDT,1640793600004,0.0001
UNIUSDT,1640822400003,0.0001
UNIUSDT,1640851200001,0.0001
UNIUSDT,1640880000017,0.0001
UNIUSDT,1640908800006,0.0001
UNIUSDT,1640937600009,0.0001
UNIUSDT,1640966400000,0.0001
UNIUSDT,1640995200006,0.0001
UNIUSDT,1641024000009,0.0001
UNIUSDT,1641052800000,0.0001
UNIUSDT,1641081600028,0.00009009
UNIUSDT,1641110400000,0.0001
UNIUSDT,1641139200000,0.0001
UNIUSDT,1641168000010,0.0001
UNIUSDT,1641196800013,0.0001
UNIUSDT,1641225600018,0.0001
UNIUSDT,1641254400000,0.0001
UNIUSDT,1641283200010,0.0001
UNIUSDT,1641312000002,0.0001
UNIUSDT,1641340800001,0.0001
UNIUSDT,1641369600017,0.0001
UNIUSDT,1641398400000,0.0001
UNIUSDT,1641427200002,0.0001
UNIUSDT,1641456000021,0.0001
UNIUSDT,1641484800006,0.0001
UNIUSDT,1641513600005,0.00008745
UNIUSDT,1641542400000,0.0001
UNIUSDT,1641571200001,0.0001
UNIUSDT,1641600000014,0.0001
UNIUSDT,1641628800013,0.0001
UNIUSDT,1641657600000,0.0001
UNIUSDT,1641686400003,0.0001
UNIUSDT,1641715200000,0.0001
UNIUSDT,1641744000000,0.0001
UNIUSDT,1641772800000,0.00005037
UNIUSDT,1641801600010,0.0001
UNIUSDT,1641830400007,0.0001
UNIUSDT,1641859200013,0.0001
UNIUSDT,1641888000004,0.0001
UNIUSDT,1641916800000,0.0001
UNIUSDT,1641945600012,0.0001
UNIUSDT,1641974400015,0.0001
UNIUSDT,1642003200000,0.0001
UNIUSDT,1642032000007,0.0001
UNIUSDT,1642060800000,0.0001
UNIUSDT,1642089600014,0.0001
UNIUSDT,1642118400000,0.0001
UNIUSDT,1642147200006,0.0001
UNIUSDT,1642176000014,0.0001
UNIUSDT,1642204800000,0.0001
UNIUSDT,1642233600002,0.0001
UNIUSDT,1642262400000,0.0001
UNIUSDT,1642291200000,0.0001
UNIUSDT,1642320000017,0.0001
UNIUSDT,1642348800011,0.0001
UNIUSDT,1642377600005,0.0001
UNIUSDT,1642406400006,0.0001
UNIUSDT,1642435200012,0.0001
UNIUSDT,1642464000020,0.0001
UNIUSDT,1642492800000,0.0001
UNIUSDT,1642521600013,0.0001
UNIUSDT,1642550400001,0.0001
UNIUSDT,1642579200000,0.0001
UNIUSDT,1642608000000,0.00003694
UNIUSDT,1642636800015,0.0001
UNIUSDT,1642665600000,0.0001
UNIUSDT,1642694400000,0.0001
UNIUSDT,1642723200007,0.00006146
UNIUSDT,1642752000015,0.0001
UNIUSDT,1642780800000,0.0001
UNIUSDT,1642809600017,0.0001
UNIUSDT,1642838400003,0.00009607
UNIUSDT,1642867200021,0.00001161
UNIUSDT,1642896000026,0.0001
UNIUSDT,1642924800010,-0.00000009
UNIUSDT,1642953600009,0.0000474
UNIUSDT,1642982400010,0.0001
UNIUSDT,1643011200000,0.00006428
UNIUSDT,1643040000021,0.0001
UNIUSDT,1643068800000,0.0001
UNIUSDT,1643097600000,0.0001
UNIUSDT,1643126400012,0.0001
UNIUSDT,1643155200000,0.0001
UNIUSDT,1643184000001,0.0001
UNIUSDT,1643212800005,0.0001
UNIUSDT,1643241600004,0.0001
UNIUSDT,1643270400004,0.0001
UNIUSDT,1643299200019,0.00004375
UNIUSDT,1643328000000,0.00007491
UNIUSDT,1643356800000,0.0001
UNIUSDT,1643385600025,0.0001
UNIUSDT,1643414400017,0.0000043
UNIUSDT,1643443200000,0.0001
UNIUSDT,1643472000013,0.0001
UNIUSDT,1643500800025,0.0001
UNIUSDT,1643529600009,0.0001
UNIUSDT,1643558400000,0.0001
UNIUSDT,1643587200000,0.0001
UNIUSDT,1643616000000,0.0001
UNIUSDT,1643644800000,0.0001
UNIUSDT,1643673600010,0.0001
UNIUSDT,1643702400000,0.0001
UNIUSDT,1643731200004,0.0001
UNIUSDT,1643760000004,0.0001
UNIUSDT,1643788800000,0.0001
UNIUSDT,1643817600002,0.0001
UNIUSDT,1643846400002,0.0001
UNIUSDT,1643875200000,0.0001
UNIUSDT,1643904000000,0.0001
UNIUSDT,1643932800018,0.0001
UNIUSDT,1643961600005,0.00004442
UNIUSDT,1643990400010,0.0001
UNIUSDT,1644019200014,0.0001
UNIUSDT,1644048000000,0.0001
UNIUSDT,1644076800000,0.0001
UNIUSDT,1644105600000,0.0001
UNIUSDT,1644134400000,0.0001
UNIUSDT,1644163200000,0.0001
UNIUSDT,1644192000003,0.0001
UNIUSDT,1644220800014,0.0001
UNIUSDT,1644249600003,0.0001
UNIUSDT,1644278400001,0.0001
UNIUSDT,1644307200003,0.0001
UNIUSDT,1644336000002,0.0001
UNIUSDT,1644364800000,0.0001
UNIUSDT,1644393600005,0.0001
UNIUSDT,1644422400001,0.0001
UNIUSDT,1644451200012,0.0001
UNIUSDT,1644480000000,0.0001
UNIUSDT,1644508800006,0.00005145
UNIUSDT,1644537600000,0.0001
UNIUSDT,1644566400009,0.0001
UNIUSDT,1644595200015,0.0001
UNIUSDT,1644624000020,0.00007062
UNIUSDT,1644652800001,-0.00002115
UNIUSDT,1644681600007,0.0001
UNIUSDT,1644710400022,0.00005944
UNIUSDT,1644739200001,-0.00007164
UNIUSDT,1644768000007,0.0000341
UNIUSDT,1644796800005,0.0001
UNIUSDT,1644825600013,0.00009829
UNIUSDT,1644854400019,0.0001
UNIUSDT,1644883200012,0.0001
UNIUSDT,1644912000005,0.0001
UNIUSDT,1644940800011,0.0001
UNIUSDT,1644969600009,0.0001
UNIUSDT,1644998400001,0.0001
UNIUSDT,1645027200014,0.0001
UNIUSDT,1645056000018,0.0001
UNIUSDT,1645084800000,0.0001
UNIUSDT,1645113600010,0.0001
UNIUSDT,1645142400000,-0.00004447
UNIUSDT,1645171200002,0.0001
UNIUSDT,1645200000000,0.0001
UNIUSDT,1645228800007,0.0001
UNIUSDT,1645257600000,0.0001
UNIUSDT,1645286400023,0.0001
UNIUSDT,1645315200001,0.0001
UNIUSDT,1645344000003,0.0001
UNIUSDT,1645372800001,0.0001
UNIUSDT,1645401600000,0.0001
UNIUSDT,1645430400001,0.0001
UNIUSDT,1645459200005,0.0001
UNIUSDT,1645488000005,-0.00000802
UNIUSDT,1645516800000,0.0000269
UNIUSDT,1645545600000,0.00005861
UNIUSDT,1645574400002,0.00009197
UNIUSDT,1645603200005,-0.00003145
UNIUSDT,1645632000010,0.0001
UNIUSDT,1645660800008,0.0001
UNIUSDT,1645689600003,0.00008762
UNIUSDT,1645718400001,0.0000797
UNIUSDT,1645747200000,0.0001
UNIUSDT,1645776000006,0.00004179
UNIUSDT,1645804800001,0.0001
UNIUSDT,1645833600004,0.0001
UNIUSDT,1645862400004,0.0001
UNIUSDT,1645891200007,0.0001
UNIUSDT,1645920000012,0.00009671
UNIUSDT,1645948800000,0.0001
UNIUSDT,1645977600000,0.00009591
UNIUSDT,1646006400000,0.0001
UNIUSDT,1646035200001,-0.00006147
UNIUSDT,1646064000002,-0.0000919
UNIUSDT,1646092800002,-0.00003671
UNIUSDT,1646121600001,-0.00006513
UNIUSDT,1646150400000,0.00003754
UNIUSDT,1646179200000,0.0001
UNIUSDT,1646208000000,0.0001
UNIUSDT,1646236800002,0.0001
UNIUSDT,1646265600000,0.0001
UNIUSDT,1646294400000,0.0001
UNIUSDT,1646323200005,0.0001
UNIUSDT,1646352000018,0.00004835
UNIUSDT,1646380800000,0.00000378
UNIUSDT,1646409600000,0.00002087
UNIUSDT,1646438400006,0.00005937
UNIUSDT,1646467200004,-0.00002236
UNIUSDT,1646496000000,0.0001
UNIUSDT,1646524800004,0.0001
UNIUSDT,1646553600000,0.00008516
UNIUSDT,1646582400013,-0.00003593
UNIUSDT,1646611200008,-0.00006369
UNIUSDT,1646640000006,0.0001
UNIUSDT,1646668800000,0.0001
UNIUSDT,1646697600008,0.00002725
UNIUSDT,1646726400002,0.0001
UNIUSDT,1646755200000,0.0001
UNIUSDT,1646784000008,-0.00000839
UNIUSDT,1646812800000,0.0001
UNIUSDT,1646841600004,0.0001
UNIUSDT,1646870400000,0.0001
UNIUSDT,1646899200017,0.0001
UNIUSDT,1646928000000,0.00006571
UNIUSDT,1646956800008,0.0001
UNIUSDT,1646985600000,0.00006004
UNIUSDT,1647014400001,0.0001
UNIUSDT,1647043200010,0.0001
UNIUSDT,1647072000001,0.0001
UNIUSDT,1647100800002,0.0001
UNIUSDT,1647129600008,0.0001
UNIUSDT,1647158400000,0.0001
UNIUSDT,1647187200002,0.0001
UNIUSDT,1647216000014,0.0001
UNIUSDT,1647244800005,0.00006911
UNIUSDT,1647273600002,0.0001
UNIUSDT,1647302400008,0.0001
UNIUSDT,1647331200000,-0.00005523
UNIUSDT,1647360000006,0.0001
UNIUSDT,1647388800013,0.00003373
UNIUSDT,1647417600000,0.0001
UNIUSDT,1647446400008,0.0001
UNIUSDT,1647475200004,0.0001
UNIUSDT,1647504000000,0.0001
UNIUSDT,1647532800004,0.0001
UNIUSDT,1647561600000,0.0001
UNIUSDT,1647590400000,0.0001
UNIUSDT,1647619200017,0.0001
UNIUSDT,1647648000008,0.00001607
UNIUSDT,1647676800015,0.0001
UNIUSDT,1647705600000,0.0001
UNIUSDT,1647734400000,0.0001
UNIUSDT,1647763200001,0.0001
UNIUSDT,1647792000002,0.0001
UNIUSDT,1647820800013,0.0001
UNIUSDT,1647849600004,0.0001
UNIUSDT,1647878400010,0.0001
UNIUSDT,1647907200012,0.0001
UNIUSDT,1647936000001,0.0001
UNIUSDT,1647964800022,0.0001
UNIUSDT,1647993600007,0.0001
UNIUSDT,1648022400000,0.0001
UNIUSDT,1648051200006,0.0001
UNIUSDT,1648080000013,0.0001
UNIUSDT,1648108800006,0.0001
UNIUSDT,1648137600020,0.0001
UNIUSDT,1648166400010,0.0001
UNIUSDT,1648195200001,0.00007546
UNIUSDT,1648224000014,0.00009934
UNIUSDT,1648252800020,0.0001
UNIUSDT,1648281600006,0.0001
UNIUSDT,1648310400000,0.0001
UNIUSDT,1648339200004,0.0001
UNIUSDT,1648368000001,0.0001
UNIUSDT,1648396800006,0.0001
UNIUSDT,1648425600012,0.0001
UNIUSDT,1648454400007,0.0001
UNIUSDT,1648483200000,0.0001
UNIUSDT,1648512000000,0.0001
UNIUSDT,1648540800015,0.0001
UNIUSDT,1648569600000,0.0001
UNIUSDT,1648598400000,0.0001
UNIUSDT,1648627200002,0.0001
UNIUSDT,1648656000028,0.0001
UNIUSDT,1648684800017,0.0001
UNIUSDT,1648713600000,0.0001
UNIUSDT,1648742400015,0.0001
UNIUSDT,1648771200000,0.0001
UNIUSDT,1648800000000,0.0001
UNIUSDT,1648828800018,0.0001
UNIUSDT,1648857600000,0.0001
UNIUSDT,1648886400002,0.0001
UNIUSDT,1648915200006,0.0001
UNIUSDT,1648944000018,0.0001
UNIUSDT,1648972800018,0.0001
UNIUSDT,1649001600015,0.0001
UNIUSDT,1649030400006,0.0001
UNIUSDT,1649059200000,0.0001
UNIUSDT,1649088000016,0.0001
UNIUSDT,1649116800000,0.0001
UNIUSDT,1649145600010,0.0001
UNIUSDT,1649174400008,0.0001
UNIUSDT,1649203200001,0.0001
UNIUSDT,1649232000021,0.00005818
UNIUSDT,1649260800000,0.0001
UNIUSDT,1649289600009,0.00008139
UNIUSDT,1649318400000,0.00009872
UNIUSDT,1649347200000,0.0001
UNIUSDT,1649376000000,0.00001004
UNIUSDT,1649404800004,0.0001
UNIUSDT,1649433600008,0.0001
UNIUSDT,1649462400008,0.0001
UNIUSDT,1649491200000,0.0001
UNIUSDT,1649520000001,0.0001
UNIUSDT,1649548800004,0.0001
UNIUSDT,1649577600007,0.0001
UNIUSDT,1649606400016,0.0001
UNIUSDT,1649635200000,0.00004353
UNIUSDT,1649664000000,0.0001
UNIUSDT,1649692800009,0.0001
UNIUSDT,1649721600000,0.0001
UNIUSDT,1649750400006,0.0001
UNIUSDT,1649779200013,0.0001
UNIUSDT,1649808000005,0.0001
UNIUSDT,1649836800008,-0.00000164
UNIUSDT,1649865600013,0.00008641
UNIUSDT,1649894400007,0.00005595
UNIUSDT,1649923200000,0.0001
UNIUSDT,1649952000006,0.0001
UNIUSDT,1649980800008,0.00008595
UNIUSDT,1650009600002,0.0001
UNIUSDT,1650038400000,0.0000942
UNIUSDT,1650067200011,0.00005392
UNIUSDT,1650096000007,0.0001
UNIUSDT,1650124800007,0.0001
UNIUSDT,1650153600000,0.0001
UNIUSDT,1650182400004,0.0001
UNIUSDT,1650211200000,0.0001
UNIUSDT,1650240000008,0.00001207
UNIUSDT,1650268800012,0.00009435
UNIUSDT,1650297600000,0.0001
UNIUSDT,1650326400021,0.00008943
UNIUSDT,1650355200031,0.0001
UNIUSDT,1650384000000,0.0001
UNIUSDT,1650412800025,0.0001
UNIUSDT,1650441600003,0.0001
UNIUSDT,1650470400000,0.0001
UNIUSDT,1650499200000,0.0001
UNIUSDT,1650528000000,0.0001
UNIUSDT,1650556800024,0.0001
UNIUSDT,1650585600008,0.0001
UNIUSDT,1650614400008,0.0001
UNIUSDT,1650643200008,0.0001
UNIUSDT,1650672000000,0.0001
UNIUSDT,1650700800000,0.0001
UNIUSDT,1650729600012,0.0001
UNIUSDT,1650758400004,0.0001
UNIUSDT,1650787200003,0.0001
UNIUSDT,1650816000000,-0.00004788
UNIUSDT,1650844800008,0.0001
UNIUSDT,1650873600018,0.00001729
UNIUSDT,1650902400000,0.0001
UNIUSDT,1650931200014,0.0001
UNIUSDT,1650960000000,0.0001
UNIUSDT,1650988800017,0.0001
UNIUSDT,1651017600012,0.00004806
UNIUSDT,1651046400000,0.0001
UNIUSDT,1651075200002,0.0001
UNIUSDT,1651104000000,0.0001
UNIUSDT,1651132800004,0.0001
UNIUSDT,1651161600030,0.0001
UNIUSDT,1651190400000,0.0001
UNIUSDT,1651219200016,0.0001
UNIUSDT,1651248000010,0.0001
UNIUSDT,1651276800000,0.00006923
UNIUSDT,1651305600005,0.0001
UNIUSDT,1651334400015,0.0001
UNIUSDT,1651363200000,-0.00002305
UNIUSDT,1651392000000,-0.00007247
UNIUSDT,1651420800010,-0.00001638
UNIUSDT,1651449600018,0.0001
UNIUSDT,1651478400007,0.0001
UNIUSDT,1651507200000,0.0001
UNIUSDT,1651536000006,0.00007407
UNIUSDT,1651564800000,0.00007907
UNIUSDT,1651593600021,0.00006623
UNIUSDT,1651622400007,0.0001
UNIUSDT,1651651200011,0.0001
UNIUSDT,1651680000000,0.00007346
UNIUSDT,1651708800005,0.0001
UNIUSDT,1651737600019,0.0001
UNIUSDT,1651766400005,0.00006723
UNIUSDT,1651795200005,0.00004181
UNIUSDT,1651824000001,-0.00006473
UNIUSDT,1651852800010,0.0001
UNIUSDT,1651881600004,-0.00008646
UNIUSDT,1651910400016,-0.00006458
UNIUSDT,1651939200011,0.00007743
UNIUSDT,1651968000000,-0.00008041
UNIUSDT,1651996800007,0.00002514
UNIUSDT,1652025600015,0.00008297
UNIUSDT,1652054400000,-0.00002907
UNIUSDT,1652083200001,0.0000001
UNIUSDT,1652112000000,0.00001954
UNIUSDT,1652140800000,-0.00004906
UNIUSDT,1652169600007,0.0001
UNIUSDT,1652198400008,0.0001
UNIUSDT,1652227200004,0.0001
UNIUSDT,1652256000007,0.00002598
UNIUSDT,1652284800008,-0.00028924
UNIUSDT,1652313600014,-0.00002246
UNIUSDT,1652342400000,-0.00038566
UNIUSDT,1652371200007,0.0000512
UNIUSDT,1652400000014,0.00007552
UNIUSDT,1652428800001,0.00004781
UNIUSDT,1652457600000,0.0001
UNIUSDT,1652486400000,0.0001
UNIUSDT,1652515200000,0.0001
UNIUSDT,1652544000001,0.00006947
UNIUSDT,1652572800000,0.0001
UNIUSDT,1652601600000,0.00006671
UNIUSDT,1652630400000,0.00004809
UNIUSDT,1652659200021,0.0001
UNIUSDT,1652688000013,0.0001
UNIUSDT,1652716800006,0.00007786
UNIUSDT,1652745600000,0.00005624
UNIUSDT,1652774400010,0.0001
UNIUSDT,1652803200023,0.0001
UNIUSDT,1652832000003,0.0001
UNIUSDT,1652860800024,0.0001
UNIUSDT,1652889600014,0.00006435
UNIUSDT,1652918400000,0.0001
UNIUSDT,1652947200008,0.00000389
UNIUSDT,1652976000015,0.00008138
UNIUSDT,1653004800001,-0.00007829
UNIUSDT,1653033600003,0.0000294
UNIUSDT,1653062400012,0.00007444
UNIUSDT,1653091200008,0.00006124
UNIUSDT,1653120000001,-0.00006602
UNIUSDT,1653148800007,0.00003474
UNIUSDT,1653177600003,0.00008334
UNIUSDT,1653206400016,0.00009183
UNIUSDT,1653235200000,0.0001
UNIUSDT,1653264000011,0.0001
UNIUSDT,1653292800000,0.0001
UNIUSDT,1653321600023,0.0001
UNIUSDT,1653350400011,-0.00001474
UNIUSDT,1653379200000,-0.00004267
UNIUSDT,1653408000009,0.00003955
UNIUSDT,1653436800001,0.0001
UNIUSDT,1653465600000,0.00002856
UNIUSDT,1653494400015,0.00002464
UNIUSDT,1653523200005,0.0001
UNIUSDT,1653552000001,0.00001941
UNIUSDT,1653580800000,-0.00002123
UNIUSDT,1653609600007,0.00003405
UNIUSDT,1653638400008,-0.00009667
UNIUSDT,1653667200000,0.00004271
UNIUSDT,1653696000018,0.00002774
UNIUSDT,1653724800016,-0.00000462
UNIUSDT,1653753600013,0.00001884
UNIUSDT,1653782400000,-0.00006536
UNIUSDT,1653811200025,-0.00011129
UNIUSDT,1653840000002,0.00004154
UNIUSDT,1653868800000,0.00002318
UNIUSDT,1653897600013,0.0001
UNIUSDT,1653926400005,0.0001
UNIUSDT,1653955200016,0.0001
UNIUSDT,1653984000000,0.0001
UNIUSDT,1654012800000,0.0001
UNIUSDT,1654041600000,0.0001
UNIUSDT,1654070400011,0.0000985
UNIUSDT,1654099200000,0.00008467
UNIUSDT,1654128000000,-0.00005105
UNIUSDT,1654156800006,0.00007643
UNIUSDT,1654185600021,0.000089
UNIUSDT,1654214400016,0.00008514
UNIUSDT,1654243200016,0.0000876
UNIUSDT,1654272000012,-0.0000049
UNIUSDT,1654300800005,0.0001
UNIUSDT,1654329600000,0.0001
UNIUSDT,1654358400007,0.0001
UNIUSDT,1654387200005,0.0001
UNIUSDT,1654416000015,0.0001
UNIUSDT,1654444800000,0.0000376
UNIUSDT,1654473600000,0.00000077
UNIUSDT,1654502400017,0.0001
UNIUSDT,1654531200000,0.00001836
UNIUSDT,1654560000000,0.0001
UNIUSDT,1654588800011,0.00000562
UNIUSDT,1654617600000,0.00009597
UNIUSDT,1654646400008,0.0001
UNIUSDT,1654675200020,0.00003723
UNIUSDT,1654704000012,0.0001
UNIUSDT,1654732800000,0.0001
UNIUSDT,1654761600000,-0.00002399
UNIUSDT,1654790400000,0.0001
UNIUSDT,1654819200009,0.0001
UNIUSDT,1654848000000,0.0001
UNIUSDT,1654876800006,-0.0000303
UNIUSDT,1654905600018,-0.00017546
UNIUSDT,1654934400014,-0.00003253
UNIUSDT,1654963200000,-0.00031672
UNIUSDT,1654992000015,-0.00009171
UNIUSDT,1655020800019,-0.00005989
UNIUSDT,1655049600010,-0.0001647
UNIUSDT,1655078400009,-0.00009626
UNIUSDT,1655107200000,-0.00042157
UNIUSDT,1655136000007,-0.00012118
UNIUSDT,1655164800013,-0.00004042
UNIUSDT,1655193600008,-0.00005057
UNIUSDT,1655222400006,0.00000596
UNIUSDT,1655251200000,-0.00021277
UNIUSDT,1655280000016,-0.00029273
UNIUSDT,1655308800008,-0.00015649
UNIUSDT,1655337600009,0.0001
UNIUSDT,1655366400016,0.00009512
UNIUSDT,1655395200000,-0.00003834
UNIUSDT,1655424000008,0.00006926
UNIUSDT,1655452800003,0.00007837
UNIUSDT,1655481600000,0.00007736
UNIUSDT,1655510400020,0.00007803
UNIUSDT,1655539200025,0.00004639
UNIUSDT,1655568000014,0.00002507
UNIUSDT,1655596800012,0.00006756
UNIUSDT,1655625600012,0.0000093
UNIUSDT,1655654400008,0.0001
UNIUSDT,1655683200016,0.0001
UNIUSDT,1655712000000,0.0001
UNIUSDT,1655740800013,0.0001
UNIUSDT,1655769600012,0.0001
UNIUSDT,1655798400018,0.0001
UNIUSDT,1655827200010,0.0001
UNIUSDT,1655856000000,0.0000741
UNIUSDT,1655884800001,0.0001
UNIUSDT,1655913600012,0.00001766
UNIUSDT,1655942400000,0.00008976
UNIUSDT,1655971200000,-0.00002819
UNIUSDT,1656000000016,-0.00011669
UNIUSDT,1656028800005,-0.00002471
UNIUSDT,1656057600004,0.00002949
UNIUSDT,1656086400018,0.00006508
UNIUSDT,1656115200001,-0.00010046
UNIUSDT,1656144000010,0.00009999
UNIUSDT,1656172800000,0.00006669
UNIUSDT,1656201600002,0.0001
UNIUSDT,1656230400016,0.0000874
UNIUSDT,1656259200006,0.0001
UNIUSDT,1656288000008,-0.00001277
UNIUSDT,1656316800000,0.00008813
UNIUSDT,1656345600016,0.00008119
UNIUSDT,1656374400016,-0.00003459
UNIUSDT,1656403200001,-0.00003389
UNIUSDT,1656432000005,-0.00020414
UNIUSDT,1656460800000,-0.00018631
UNIUSDT,1656489600013,0.0001
UNIUSDT,1656518400000,-0.00005695
UNIUSDT,1656547200000,-0.00009251
UNIUSDT,1656576000000,-0.00007693
UNIUSDT,1656604800000,0.0001
UNIUSDT,1656633600001,-0.00013917
UNIUSDT,1656662400017,0.00005254
UNIUSDT,1656691200005,0.00008595
UNIUSDT,1656720000000,0.0001
UNIUSDT,1656748800000,0.0001
UNIUSDT,1656777600008,0.00008446
UNIUSDT,1656806400015,0.0001
UNIUSDT,1656835200004,0.00001918
UNIUSDT,1656864000005,0.00001336
UNIUSDT,1656892800021,0.0001
UNIUSDT,1656921600001,0.0001
UNIUSDT,1656950400000,0.0001
UNIUSDT,1656979200000,0.0001
UNIUSDT,1657008000000,0.0001
UNIUSDT,1657036800015,0.0001
UNIUSDT,1657065600006,0.0001
UNIUSDT,1657094400000,0.0001
UNIUSDT,1657123200000,0.0001
UNIUSDT,1657152000010,0.0001
UNIUSDT,1657180800010,0.0001
UNIUSDT,1657209600011,0.0001
UNIUSDT,1657238400008,0.0001
UNIUSDT,1657267200009,0.0001
UNIUSDT,1657296000000,0.0001
UNIUSDT,1657324800000,0.0001
UNIUSDT,1657353600000,-0.00011683
UNIUSDT,1657382400009,-0.00006361
UNIUSDT,1657411200001,0.00000847
UNIUSDT,1657440000002,0.0001
UNIUSDT,1657468800001,0.0001
UNIUSDT,1657497600000,0.0001
UNIUSDT,1657526400003,0.0001
UNIUSDT,1657555200001,0.0001
UNIUSDT,1657584000000,0.00007945
UNIUSDT,1657612800021,-0.00026016
UNIUSDT,1657641600000,0.0001
UNIUSDT,1657670400012,0.0000466
UNIUSDT,1657699200022,0.00005339
UNIUSDT,1657728000005,-0.00015673
UNIUSDT,1657756800017,0.00001427
UNIUSDT,1657785600001,0.00006014
UNIUSDT,1657814400000,-0.00017988
UNIUSDT,1657843200004,-0.00001904
UNIUSDT,1657872000019,0.00006076
UNIUSDT,1657900800017,0.0001
UNIUSDT,1657929600021,0.0001
UNIUSDT,1657958400014,0.0001
UNIUSDT,1657987200005,-0.00000762
UNIUSDT,1658016000000,0.00007122
UNIUSDT,1658044800003,-0.00004476
UNIUSDT,1658073600007,0.00000255
UNIUSDT,1658102400001,0.0001
UNIUSDT,1658131200004,0.0001
UNIUSDT,1658160000019,0.0001
UNIUSDT,1658188800000,0.00001792
UNIUSDT,1658217600000,0.0001
UNIUSDT,1658246400001,0.0001
UNIUSDT,1658275200004,0.00002704
UNIUSDT,1658304000000,0.0001
UNIUSDT,1658332800003,0.00005553
UNIUSDT,1658361600000,-0.00003037
UNIUSDT,1658390400018,0.0001
UNIUSDT,1658419200011,0.00008927
UNIUSDT,1658448000014,0.0001
UNIUSDT,1658476800000,0.0001
UNIUSDT,1658505600000,0.0001
UNIUSDT,1658534400004,-0.00016266
UNIUSDT,1658563200002,0.0001
UNIUSDT,1658592000001,0.00005178
UNIUSDT,1658620800000,0.00007657
UNIUSDT,1658649600011,0.0001
UNIUSDT,1658678400000,0.00007943
UNIUSDT,1658707200000,0.0000524
UNIUSDT,1658736000014,0.00004546
UNIUSDT,1658764800006,0.00000702
UNIUSDT,1658793600010,0.00005641
UNIUSDT,1658822400000,-0.00010197
UNIUSDT,1658851200000,-0.00006722
UNIUSDT,1658880000008,-0.0002192
UNIUSDT,1658908800000,-0.00006262
UNIUSDT,1658937600003,-0.00011573
UNIUSDT,1658966400009,0.0001
UNIUSDT,1658995200008,0.0001
UNIUSDT,1659024000013,0.0001
UNIUSDT,1659052800000,0.0001
UNIUSDT,1659081600000,0.0001
UNIUSDT,1659110400000,0.0001
UNIUSDT,1659139200005,0.0001
UNIUSDT,1659168000009,0.0001
UNIUSDT,1659196800000,0.0001
UNIUSDT,1659225600022,0.0001
UNIUSDT,1659254400011,0.0001
UNIUSDT,1659283200019,0.0001
UNIUSDT,1659312000010,0.0001
UNIUSDT,1659340800019,0.0001
UNIUSDT,1659369600017,0.0001
UNIUSDT,1659398400000,0.0001
UNIUSDT,1659427200007,0.0001
UNIUSDT,1659456000014,0.0001
UNIUSDT,1659484800001,0.0001
UNIUSDT,1659513600020,0.0001
UNIUSDT,1659542400008,0.0001
UNIUSDT,1659571200001,0.0001
UNIUSDT,1659600000009,0.0001
UNIUSDT,1659628800015,0.0001
UNIUSDT,1659657600005,0.0001
UNIUSDT,1659686400000,0.0001
UNIUSDT,1659715200000,0.0001
UNIUSDT,1659744000021,0.0001
UNIUSDT,1659772800000,0.0001
UNIUSDT,1659801600015,0.0001
UNIUSDT,1659830400013,0.0001
UNIUSDT,1659859200000,0.0001
UNIUSDT,1659888000014,0.0001
UNIUSDT,1659916800009,0.0001
UNIUSDT,1659945600006,0.0001
UNIUSDT,1659974400000,0.0001
UNIUSDT,1660003200020,0.0001
UNIUSDT,1660032000000,0.0001
UNIUSDT,1660060800000,-0.00009919
UNIUSDT,1660089600000,0.00006717
UNIUSDT,1660118400016,0.00006744
UNIUSDT,1660147200018,0.0001
UNIUSDT,1660176000012,0.0001
UNIUSDT,1660204800000,0.0001
UNIUSDT,1660233600000,0.0001
UNIUSDT,1660262400006,0.0001
UNIUSDT,1660291200000,0.0001
UNIUSDT,1660320000005,0.0001
UNIUSDT,1660348800012,0.0001
UNIUSDT,1660377600006,0.0001
UNIUSDT,1660406400018,0.0001
UNIUSDT,1660435200000,0.0001
UNIUSDT,1660464000000,0.0001
UNIUSDT,1660492800000,0.0001
UNIUSDT,1660521600010,-0.00000681
UNIUSDT,1660550400002,-0.00002125
UNIUSDT,1660579200010,0.00006043
UNIUSDT,1660608000010,0.00009943
UNIUSDT,1660636800002,0.0001
UNIUSDT,1660665600000,0.00009439
UNIUSDT,1660694400020,0.0001
UNIUSDT,1660723200016,-0.00000177
UNIUSDT,1660752000001,0.00008586
UNIUSDT,1660780800005,0.0001
UNIUSDT,1660809600012,0.0001
UNIUSDT,1660838400013,0.0001
UNIUSDT,1660867200000,0.00003145
UNIUSDT,1660896000000,-0.00004192
UNIUSDT,1660924800009,-0.00000644
UNIUSDT,1660953600000,-0.00009301
UNIUSDT,1660982400005,-0.0000175
UNIUSDT,1661011200000,0.00003169
UNIUSDT,1661040000010,0.00005967
UNIUSDT,1661068800013,0.00007835
UNIUSDT,1661097600000,0.0000995
UNIUSDT,1661126400011,0.00005505
UNIUSDT,1661155200005,0.00005247
UNIUSDT,1661184000005,0.00008227
UNIUSDT,1661212800000,0.0001
UNIUSDT,1661241600021,0.0001
UNIUSDT,1661270400005,0.0001
UNIUSDT,1661299200017,0.0001
UNIUSDT,1661328000021,0.0001
UNIUSDT,1661356800000,0.0001
UNIUSDT,1661385600003,0.00002636
UNIUSDT,1661414400000,0.0001
UNIUSDT,1661443200004,0.0000168
UNIUSDT,1661472000001,0.0001
UNIUSDT,1661500800004,0.00007447
UNIUSDT,1661529600000,-0.0000413
UNIUSDT,1661558400010,-0.00009704
UNIUSDT,1661587200007,-0.00010114
UNIUSDT,1661616000008,-0.0000417
UNIUSDT,1661644800019,-0.00029492
UNIUSDT,1661673600000,-0.00008079
UNIUSDT,1661702400000,-0.00034573
UNIUSDT,1661731200000,-0.00038287
UNIUSDT,1661760000000,-0.00004641
UNIUSDT,1661788800001,0.00002901
UNIUSDT,1661817600001,0.00006099
UNIUSDT,1661846400005,-0.00001106
UNIUSDT,1661875200010,-0.00004627
UNIUSDT,1661904000000,0.00005272
UNIUSDT,1661932800005,0.0001
UNIUSDT,1661961600013,-0.00004434
UNIUSDT,1661990400012,-0.0000049
UNIUSDT,1662019200000,-0.00009689
UNIUSDT,1662048000013,0.00003873
UNIUSDT,1662076800002,0.00009996
UNIUSDT,1662105600013,0.0001
UNIUSDT,1662134400000,-0.00000729
UNIUSDT,1662163200000,-0.00000008
UNIUSDT,1662192000002,-0.00003147
UNIUSDT,1662220800007,-0.00007975
UNIUSDT,1662249600008,-0.00005967
UNIUSDT,1662278400009,-0.00003533
UNIUSDT,1662307200000,0.00007449
UNIUSDT,1662336000015,-0.00001649
UNIUSDT,1662364800013,-0.00001942
UNIUSDT,1662393600007,0.00004243
UNIUSDT,1662422400018,0.0001
UNIUSDT,1662451200020,0.0001
UNIUSDT,1662480000028,-0.00000327
UNIUSDT,1662508800013,-0.000186
UNIUSDT,1662537600022,0.00007985
UNIUSDT,1662566400021,0.00004254
UNIUSDT,1662595200010,0.00006347
UNIUSDT,1662624000000,0.0001
UNIUSDT,1662652800003,0.00007476
UNIUSDT,1662681600011,0.0001
UNIUSDT,1662710400000,0.0001
UNIUSDT,1662739200000,0.0001
UNIUSDT,1662768000003,0.0001
UNIUSDT,1662796800000,0.0001
UNIUSDT,1662825600012,0.0001
UNIUSDT,1662854400009,0.0001
UNIUSDT,1662883200012,0.00009989
UNIUSDT,1662912000005,0.0001
UNIUSDT,1662940800007,0.00004609
UNIUSDT,1662969600013,0.0001
UNIUSDT,1662998400000,0.0001
UNIUSDT,1663027200004,0.0001
UNIUSDT,1663056000000,0.00008455
UNIUSDT,1663084800000,0.0001
UNIUSDT,1663113600000,-0.00013795
UNIUSDT,1663142400000,-0.00003443
UNIUSDT,1663171200000,0.0001
UNIUSDT,1663200000019,-0.00000167
UNIUSDT,1663228800012,-0.00009598
UNIUSDT,1663257600007,-0.00016359
UNIUSDT,1663286400000,-0.0000172
UNIUSDT,1663315200000,0.00007123
UNIUSDT,1663344000000,-0.00005529
UNIUSDT,1663372800000,0.00008039
UNIUSDT,1663401600012,-0.00002673
UNIUSDT,1663430400017,0.0001
UNIUSDT,1663459200000,0.00003824
UNIUSDT,1663488000004,0.00004878
UNIUSDT,1663516800000,-0.0000982
UNIUSDT,1663545600018,-0.00015088
UNIUSDT,1663574400006,-0.00003094
UNIUSDT,1663603200010,0.00004488
UNIUSDT,1663632000007,-0.00011755
UNIUSDT,1663660800001,0.00004022
UNIUSDT,1663689600000,0.00009821
UNIUSDT,1663718400001,0.00004119
UNIUSDT,1663747200005,-0.00012223
UNIUSDT,1663776000000,0.00003883
UNIUSDT,1663804800000,-0.000223
UNIUSDT,1663833600000,0.00006275
UNIUSDT,1663862400011,0.0001
UNIUSDT,1663891200023,0.00002548
UNIUSDT,1663920000004,0.0001
UNIUSDT,1663948800005,0.0001
UNIUSDT,1663977600000,0.0001
UNIUSDT,1664006400005,0.0001
UNIUSDT,1664035200000,0.0001
UNIUSDT,1664064000010,0.00007008
UNIUSDT,1664092800000,0.0001
UNIUSDT,1664121600003,0.0001
UNIUSDT,1664150400001,0.00007936
UNIUSDT,1664179200006,0.0000969
UNIUSDT,1664208000000,0.0001
UNIUSDT,1664236800026,0.0001
UNIUSDT,1664265600004,-0.00012474
UNIUSDT,1664294400006,0.0001
UNIUSDT,1664323200011,0.00009307
UNIUSDT,1664352000000,0.0001
UNIUSDT,1664380800000,0.0001
UNIUSDT,1664409600010,0.0001
UNIUSDT,1664438400000,0.00006067
UNIUSDT,1664467200000,0.0001
UNIUSDT,1664496000006,0.0001
UNIUSDT,1664524800002,0.00007624
UNIUSDT,1664553600007,0.00002561
UNIUSDT,1664582400008,0.00001852
UNIUSDT,1664611200011,0.0001
UNIUSDT,1664640000000,0.0001
UNIUSDT,1664668800000,0.0001
UNIUSDT,1664697600000,0.0001
UNIUSDT,1664726400006,0.0001
UNIUSDT,1664755200000,0.00001093
UNIUSDT,1664784000014,0.0001
UNIUSDT,1664812800010,0.0001
UNIUSDT,1664841600006,0.0001
UNIUSDT,1664870400004,0.0001
UNIUSDT,1664899200013,0.00003849
UNIUSDT,1664928000000,0.00003503
UNIUSDT,1664956800000,0.00008223
UNIUSDT,1664985600012,0.0001
UNIUSDT,1665014400008,0.0001
UNIUSDT,1665043200002,0.00007723
UNIUSDT,1665072000006,0.00005098
UNIUSDT,1665100800000,0.00007983
UNIUSDT,1665129600000,0.00008743
UNIUSDT,1665158400007,0.0001
UNIUSDT,1665187200010,0.0001
UNIUSDT,1665216000004,0.0001
UNIUSDT,1665244800018,0.0001
UNIUSDT,1665273600000,0.0001
UNIUSDT,1665302400007,0.0001
UNIUSDT,1665331200011,0.0001
UNIUSDT,1665360000018,0.0001
UNIUSDT,1665388800000,0.0001
UNIUSDT,1665417600026,0.0001
UNIUSDT,1665446400020,0.0001
UNIUSDT,1665475200027,0.0001
UNIUSDT,1665504000000,0.0001
UNIUSDT,1665532800014,0.0001
UNIUSDT,1665561600000,0.00002317
UNIUSDT,1665590400000,0.0001
UNIUSDT,1665619200013,0.0001
UNIUSDT,1665648000016,-0.00000561
UNIUSDT,1665676800009,-0.00010577
UNIUSDT,1665705600020,-0.00001986
UNIUSDT,1665734400000,0.0001
UNIUSDT,1665763200009,-0.00008174
UNIUSDT,1665792000001,0.0001
UNIUSDT,1665820800005,0.0000359
UNIUSDT,1665849600004,0.00002251
UNIUSDT,1665878400012,0.00009716
UNIUSDT,1665907200000,-0.00010087
UNIUSDT,1665936000010,-0.0000746
UNIUSDT,1665964800012,-0.00007971
UNIUSDT,1665993600010,0.00005069
UNIUSDT,1666022400017,0.00002345
UNIUSDT,1666051200010,0.00006344
UNIUSDT,1666080000008,-0.00001478
UNIUSDT,1666108800000,0.00002879
UNIUSDT,1666137600007,0.0001
UNIUSDT,1666166400022,0.00003462
UNIUSDT,1666195200016,0.0001
UNIUSDT,1666224000000,0.0000709
UNIUSDT,1666252800013,0.0001
UNIUSDT,1666281600000,-0.0000607
UNIUSDT,1666310400005,-0.00003233
UNIUSDT,1666339200018,0.00005072
UNIUSDT,1666368000000,0.0001
UNIUSDT,1666396800000,0.00002692
UNIUSDT,1666425600015,-0.0000777
UNIUSDT,1666454400000,-0.00006308
UNIUSDT,1666483200025,0.00008129
UNIUSDT,1666512000000,0.00002673
UNIUSDT,1666540800004,-0.00008979
UNIUSDT,1666569600009,0.00004412
UNIUSDT,1666598400012,0.0001
UNIUSDT,1666627200002,0.0001
UNIUSDT,1666656000013,0.00005493
UNIUSDT,1666684800013,0.0000302
UNIUSDT,1666713600000,0.0001
UNIUSDT,1666742400006,0.0001
UNIUSDT,1666771200013,0.00007568
UNIUSDT,1666800000000,0.00004278
UNIUSDT,1666828800009,0.0001
UNIUSDT,1666857600006,0.00006303
UNIUSDT,1666886400009,0.0001
UNIUSDT,1666915200000,0.0001
UNIUSDT,1666944000000,0.0001
UNIUSDT,1666972800007,0.0001
UNIUSDT,1667001600000,0.0001
UNIUSDT,1667030400003,0.00003045
UNIUSDT,1667059200010,0.0001
UNIUSDT,1667088000000,0.0001
UNIUSDT,1667116800013,0.0001
UNIUSDT,1667145600009,0.0001
UNIUSDT,1667174400012,0.0001
UNIUSDT,1667203200000,0.0001
UNIUSDT,1667232000010,0.00005075
UNIUSDT,1667260800000,0.00009495
UNIUSDT,1667289600000,0.0001
UNIUSDT,1667318400000,0.0001
UNIUSDT,1667347200000,0.0001
UNIUSDT,1667376000000,-0.00000309
UNIUSDT,1667404800019,0.00000712
UNIUSDT,1667433600011,0.0001
UNIUSDT,1667462400016,0.0001
UNIUSDT,1667491200005,0.0001
UNIUSDT,1667520000000,0.00003135
UNIUSDT,1667548800004,0.0001
UNIUSDT,1667577600020,0.0001
UNIUSDT,1667606400009,0.0001
UNIUSDT,1667635200007,0.0001
UNIUSDT,1667664000018,0.0001
UNIUSDT,1667692800009,0.0000905
UNIUSDT,1667721600000,0.0001
UNIUSDT,1667750400010,0.0001
UNIUSDT,1667779200012,0.00006995
UNIUSDT,1667808000014,0.0001
UNIUSDT,1667836800006,0.0001
UNIUSDT,1667865600000,0.00004438
UNIUSDT,1667894400001,-0.00011773
UNIUSDT,1667923200005,0.00009347
UNIUSDT,1667952000000,-0.00009284
UNIUSDT,1667980800013,0.0001
UNIUSDT,1668009600004,-0.00013788
UNIUSDT,1668038400006,-0.00021266
UNIUSDT,1668067200000,-0.00032756
UNIUSDT,1668096000015,0.00003686
UNIUSDT,1668124800000,0.00008335
UNIUSDT,1668153600015,0.00005665
UNIUSDT,1668182400027,0.0001
UNIUSDT,1668211200007,0.0001
UNIUSDT,1668240000016,-0.00019706
UNIUSDT,1668268800000,0.0001
UNIUSDT,1668297600004,0.00004609
UNIUSDT,1668326400000,0.0001
UNIUSDT,1668355200017,0.0001
UNIUSDT,1668384000000,0.0001
UNIUSDT,1668412800000,0.0001
UNIUSDT,1668441600000,0.0001
UNIUSDT,1668470400014,0.0001
UNIUSDT,1668499200009,0.0001
UNIUSDT,1668528000010,0.0001
UNIUSDT,1668556800011,0.0001
UNIUSDT,1668585600004,0.0001
UNIUSDT,1668614400008,0.0001
UNIUSDT,1668643200000,0.00004788
UNIUSDT,1668672000000,0.0001
UNIUSDT,1668700800006,0.0001
UNIUSDT,1668729600004,0.0001
UNIUSDT,1668758400016,-0.00003371
UNIUSDT,1668787200000,0.0001
UNIUSDT,1668816000000,0.0001
UNIUSDT,1668844800004,0.00006122
UNIUSDT,1668873600024,0.0001
UNIUSDT,1668902400015,0.0001
UNIUSDT,1668931200004,0.0001
UNIUSDT,1668960000000,0.00002896
UNIUSDT,1668988800006,-0.00000757
UNIUSDT,1669017600015,0.00001102
UNIUSDT,1669046400000,0.00009083
UNIUSDT,1669075200000,0.0001
UNIUSDT,1669104000000,0.0001
UNIUSDT,1669132800000,0.0001
UNIUSDT,1669161600000,0.0001
UNIUSDT,1669190400011,0.0001
UNIUSDT,1669219200014,0.0001
UNIUSDT,1669248000007,0.0001
UNIUSDT,1669276800014,0.0001
UNIUSDT,1669305600013,0.00009044
UNIUSDT,1669334400004,0.00005702
UNIUSDT,1669363200015,0.0001
UNIUSDT,1669392000000,-0.00011779
UNIUSDT,1669420800011,0.0001
UNIUSDT,1669449600000,0.00008773
UNIUSDT,1669478400000,0.00005875
UNIUSDT,1669507200012,0.00004317
UNIUSDT,1669536000000,0.00004549
UNIUSDT,1669564800003,-0.00001836
UNIUSDT,1669593600015,0.0000572
UNIUSDT,1669622400004,-0.00005344
UNIUSDT,1669651200011,-0.00002618
UNIUSDT,1669680000000,0.0001
UNIUSDT,1669708800015,0.0001
UNIUSDT,1669737600000,0.0001
UNIUSDT,1669766400007,0.0001
UNIUSDT,1669795200000,0.0001
UNIUSDT,1669824000015,0.0001
UNIUSDT,1669852800001,0.00004173
UNIUSDT,1669881600006,0.0001
UNIUSDT,1669910400000,0.0001
UNIUSDT,1669939200001,0.00005133
UNIUSDT,1669968000016,0.0001
UNIUSDT,1669996800017,0.0001
UNIUSDT,1670025600006,0.00000836
UNIUSDT,1670054400000,0.0001
UNIUSDT,1670083200011,0.0001
UNIUSDT,1670112000006,0.0001
UNIUSDT,1670140800000,0.0001
UNIUSDT,1670169600006,0.0001
UNIUSDT,1670198400002,0.0001
UNIUSDT,1670227200011,0.0001
UNIUSDT,1670256000008,0.0001
UNIUSDT,1670284800014,0.0001
UNIUSDT,1670313600027,-0.00003415
UNIUSDT,1670342400009,0.0001
UNIUSDT,1670371200000,0.00009631
UNIUSDT,1670400000000,0.0001
UNIUSDT,1670428800000,0.0001
UNIUSDT,1670457600006,0.0001
UNIUSDT,1670486400000,0.0001
UNIUSDT,1670515200014,0.0001
UNIUSDT,1670544000017,0.00007133
UNIUSDT,1670572800005,0.0001
UNIUSDT,1670601600000,-0.00001626
UNIUSDT,1670630400009,0.0000153
UNIUSDT,1670659200010,0.00000073
UNIUSDT,1670688000001,0.00005101
UNIUSDT,1670716800011,0.00005577
UNIUSDT,1670745600007,-0.00013271
UNIUSDT,1670774400011,-0.00008488
UNIUSDT,1670803200000,-0.00013925
UNIUSDT,1670832000004,0.0000105
UNIUSDT,1670860800000,0.00005018
UNIUSDT,1670889600000,0.0000924
UNIUSDT,1670918400018,0.00005277
UNIUSDT,1670947200011,0.0001
UNIUSDT,1670976000010,0.0001
UNIUSDT,1671004800015,0.00005174
UNIUSDT,1671033600004,0.0001
UNIUSDT,1671062400000,0.0000516
UNIUSDT,1671091200023,0.00003284
UNIUSDT,1671120000010,0.0001
UNIUSDT,1671148800016,0.0001
UNIUSDT,1671177600011,0.0001
UNIUSDT,1671206400001,-0.00005535
UNIUSDT,1671235200001,-0.00001567
UNIUSDT,1671264000011,0.00002247
UNIUSDT,1671292800011,0.0001
UNIUSDT,1671321600008,0.0001
UNIUSDT,1671350400001,-0.00002724
UNIUSDT,1671379200012,0.0001
UNIUSDT,1671408000000,0.0001
UNIUSDT,1671436800000,-0.0000458
UNIUSDT,1671465600000,0.0001
UNIUSDT,1671494400005,-0.00009126
UNIUSDT,1671523200016,0.000064
UNIUSDT,1671552000000,0.00004839
UNIUSDT,1671580800007,0.0001
UNIUSDT,1671609600012,-0.00003684
UNIUSDT,1671638400017,0.0001
UNIUSDT,1671667200004,0.0001
UNIUSDT,1671696000000,0.0001
UNIUSDT,1671724800001,0.0001
UNIUSDT,1671753600018,0.0001
UNIUSDT,1671782400000,0.0001
UNIUSDT,1671811200000,0.0001
UNIUSDT,1671840000001,0.00007069
UNIUSDT,1671868800007,0.0001
UNIUSDT,1671897600008,0.00005557
UNIUSDT,1671926400000,-0.00001891
UNIUSDT,1671955200013,-0.00006016
UNIUSDT,1671984000000,-0.00001303
UNIUSDT,1672012800001,0.0001
UNIUSDT,1672041600000,0.00008744
UNIUSDT,1672070400005,0.0001
UNIUSDT,1672099200005,0.0001
UNIUSDT,1672128000010,0.0001
UNIUSDT,1672156800006,0.00001509
UNIUSDT,1672185600010,0.00007862
UNIUSDT,1672214400010,-0.00001011
UNIUSDT,1672243200010,0.00004244
UNIUSDT,1672272000011,-0.00006946
UNIUSDT,1672300800000,0.0001
UNIUSDT,1672329600008,0.00004253
UNIUSDT,1672358400000,0.0001
UNIUSDT,1672387200000,0.00004358
UNIUSDT,1672416000000,0.0001
UNIUSDT,1672444800014,0.0001
UNIUSDT,1672473600000,0.0001
UNIUSDT,1672502400000,0.0001
UNIUSDT,1672531200000,0.0001
UNIUSDT,1672560000008,0.0001
UNIUSDT,1672588800000,0.0001
UNIUSDT,1672617600000,0.0001
UNIUSDT,1672646400008,0.00003704
UNIUSDT,1672675200015,-0.00001492
UNIUSDT,1672704000003,0.0000605
UNIUSDT,1672732800018,0.0001
UNIUSDT,1672761600000,0.0001
UNIUSDT,1672790400000,0.0001
UNIUSDT,1672819200016,0.0001
UNIUSDT,1672848000011,0.0001
UNIUSDT,1672876800009,0.00001897
UNIUSDT,1672905600011,0.0001
UNIUSDT,1672934400000,0.0000482
UNIUSDT,1672963200005,0.00005623
UNIUSDT,1672992000001,0.0001
UNIUSDT,1673020800000,0.0000578
UNIUSDT,1673049600006,0.0001
UNIUSDT,1673078400017,0.0001
UNIUSDT,1673107200000,0.0001
UNIUSDT,1673136000015,0.00005638
UNIUSDT,1673164800000,0.00000334
UNIUSDT,1673193600010,0.0001
UNIUSDT,1673222400003,0.0001
UNIUSDT,1673251200000,0.0001
UNIUSDT,1673280000006,0.0001
UNIUSDT,1673308800003,0.0001
UNIUSDT,1673337600021,0.0001
UNIUSDT,1673366400000,0.0001
UNIUSDT,1673395200011,0.0001
UNIUSDT,1673424000006,0.0001
UNIUSDT,1673452800004,0.00006769
UNIUSDT,1673481600000,0.0001
UNIUSDT,1673510400000,0.0001
UNIUSDT,1673539200000,0.0001
UNIUSDT,1673568000004,0.00009654
UNIUSDT,1673596800000,0.0001
UNIUSDT,1673625600018,0.00003487
UNIUSDT,1673654400000,0.0001
UNIUSDT,1673683200001,0.0001
UNIUSDT,1673712000000,0.0001
UNIUSDT,1673740800010,0.0001
UNIUSDT,1673769600002,0.0001
UNIUSDT,1673798400000,0.0001
UNIUSDT,1673827200010,0.0001
UNIUSDT,1673856000007,0.0001
UNIUSDT,1673884800000,0.0001
UNIUSDT,1673913600004,0.0001
UNIUSDT,1673942400005,0.0001
UNIUSDT,1673971200001,0.0001
UNIUSDT,1674000000008,0.0001
UNIUSDT,1674028800009,0.0001
UNIUSDT,1674057600017,0.0001
UNIUSDT,1674086400000,0.0001
UNIUSDT,1674115200015,0.0001
UNIUSDT,1674144000012,0.0001
UNIUSDT,1674172800000,0.0001
UNIUSDT,1674201600000,0.0001
UNIUSDT,1674230400000,0.0001
UNIUSDT,1674259200013,0.0001
UNIUSDT,1674288000001,0.0001
UNIUSDT,1674316800016,0.0001
UNIUSDT,1674345600000,0.0001
UNIUSDT,1674374400000,0.0001
UNIUSDT,1674403200023,0.0001
UNIUSDT,1674432000014,0.0001
UNIUSDT,1674460800014,0.0001
UNIUSDT,1674489600016,0.0001
UNIUSDT,1674518400008,0.0001
UNIUSDT,1674547200008,0.00018035
UNIUSDT,1674576000000,0.0001
UNIUSDT,1674604800012,0.0001
UNIUSDT,1674633600000,0.0001
UNIUSDT,1674662400010,0.0001
UNIUSDT,1674691200010,0.0001
UNIUSDT,1674720000003,0.0001
UNIUSDT,1674748800020,0.0001
UNIUSDT,1674777600008,0.0001
UNIUSDT,1674806400000,0.0001
UNIUSDT,1674835200000,0.0001
UNIUSDT,1674864000009,0.0001
UNIUSDT,1674892800018,0.0001
UNIUSDT,1674921600005,0.0001
UNIUSDT,1674950400011,0.0001
UNIUSDT,1674979200000,0.0001
UNIUSDT,1675008000008,0.0001
UNIUSDT,1675036800001,0.0001
UNIUSDT,1675065600000,0.0001
UNIUSDT,1675094400000,0.0001
UNIUSDT,1675123200005,0.0001
UNIUSDT,1675152000000,0.0001
UNIUSDT,1675180800007,0.0001
UNIUSDT,1675209600013,0.0001
UNIUSDT,1675238400000,0.0001
UNIUSDT,1675267200012,0.0001
UNIUSDT,1675296000004,0.0001
UNIUSDT,1675324800023,0.0001
UNIUSDT,1675353600003,0.0001
UNIUSDT,1675382400010,0.0001
UNIUSDT,1675411200000,0.0001
UNIUSDT,1675440000000,0.0001
UNIUSDT,1675468800010,0.0001
UNIUSDT,1675497600000,0.0001
UNIUSDT,1675526400000,0.0001
UNIUSDT,1675555200016,0.0001
UNIUSDT,1675584000009,0.0001
UNIUSDT,1675612800018,0.0001
UNIUSDT,1675641600001,0.0001
UNIUSDT,1675670400000,0.0001
UNIUSDT,1675699200012,0.0001
UNIUSDT,1675728000004,0.0001
UNIUSDT,1675756800011,0.0001
UNIUSDT,1675785600018,0.0001
UNIUSDT,1675814400009,0.0001
UNIUSDT,1675843200010,0.0001
UNIUSDT,1675872000000,0.0001
UNIUSDT,1675900800014,0.0001
UNIUSDT,1675929600006,0.0001
UNIUSDT,1675958400001,0.0001
UNIUSDT,1675987200012,0.0001
UNIUSDT,1676016000005,0.0001
UNIUSDT,1676044800020,0.0001
UNIUSDT,1676073600007,0.0001
UNIUSDT,1676102400002,0.0001
UNIUSDT,1676131200021,0.0001
UNIUSDT,1676160000004,0.0001
UNIUSDT,1676188800000,0.00006717
UNIUSDT,1676217600002,0.0001
UNIUSDT,1676246400006,0.00004036
UNIUSDT,1676275200008,0.0001
UNIUSDT,1676304000002,0.0001
UNIUSDT,1676332800013,0.0001
UNIUSDT,1676361600014,0.0001
UNIUSDT,1676390400016,0.0001
UNIUSDT,1676419200011,0.0001
UNIUSDT,1676448000000,0.0001
UNIUSDT,1676476800005,0.0001
UNIUSDT,1676505600019,0.0001
UNIUSDT,1676534400000,0.0001
UNIUSDT,1676563200001,0.0001
UNIUSDT,1676592000003,0.0001
UNIUSDT,1676620800016,0.0001
UNIUSDT,1676649600000,0.0001
UNIUSDT,1676678400011,0.0001
UNIUSDT,1676707200000,0.0001
UNIUSDT,1676736000007,0.0001
UNIUSDT,1676764800019,0.0001
UNIUSDT,1676793600005,0.0001
UNIUSDT,1676822400003,0.0001
UNIUSDT,1676851200006,0.0001
UNIUSDT,1676880000008,0.0001
UNIUSDT,1676908800006,0.0001
UNIUSDT,1676937600001,0.0001
UNIUSDT,1676966400004,0.0001
UNIUSDT,1676995200011,0.0001
UNIUSDT,1677024000009,0.0001
UNIUSDT,1677052800010,0.0001
UNIUSDT,1677081600000,0.0001
UNIUSDT,1677110400006,0.0001
UNIUSDT,1677139200005,0.0001
UNIUSDT,1677168000002,0.0001
UNIUSDT,1677196800015,0.0001
UNIUSDT,1677225600011,0.0001
UNIUSDT,1677254400014,0.0001
UNIUSDT,1677283200015,0.0001
UNIUSDT,1677312000015,0.0001
UNIUSDT,1677340800015,0.0001
UNIUSDT,1677369600007,0.0001
UNIUSDT,1677398400012,0.0001
UNIUSDT,1677427200000,0.0001
UNIUSDT,1677456000011,0.0001
UNIUSDT,1677484800003,0.0001
UNIUSDT,1677513600000,0.0001
UNIUSDT,1677542400011,0.0001
UNIUSDT,1677571200018,0.0001
UNIUSDT,1677600000005,0.0001
UNIUSDT,1677628800016,0.0001
UNIUSDT,1677657600000,0.0001
UNIUSDT,1677686400008,0.0001
UNIUSDT,1677715200009,0.0001
UNIUSDT,1677744000013,0.0001
UNIUSDT,1677772800000,0.0001
UNIUSDT,1677801600000,0.0001
UNIUSDT,1677830400013,0.0001
UNIUSDT,1677859200000,0.0001
UNIUSDT,1677888000001,0.0001
UNIUSDT,1677916800008,0.0001
UNIUSDT,1677945600012,0.00008917
UNIUSDT,1677974400000,0.0001
UNIUSDT,1678003200000,0.0001
UNIUSDT,1678032000015,0.00007458
UNIUSDT,1678060800007,0.00005094
UNIUSDT,1678089600017,0.0001
UNIUSDT,1678118400000,0.0001
UNIUSDT,1678147200009,0.0001
UNIUSDT,1678176000016,0.0001
UNIUSDT,1678204800017,0.0001
UNIUSDT,1678233600000,0.0001
UNIUSDT,1678262400014,0.00004161
UNIUSDT,1678291200021,0.0001
UNIUSDT,1678320000010,0.00006825
UNIUSDT,1678348800013,0.0001
UNIUSDT,1678377600002,0.0001
UNIUSDT,1678406400000,-0.00001134
UNIUSDT,1678435200000,0.00008942
UNIUSDT,1678464000005,0.0001
UNIUSDT,1678492800011,0.0001
UNIUSDT,1678521600003,0.0001
UNIUSDT,1678550400011,0.00004539
UNIUSDT,1678579200001,0.0001
UNIUSDT,1678608000000,0.0001
UNIUSDT,1678636800005,-0.00007492
UNIUSDT,1678665600010,0.00007266
UNIUSDT,1678694400018,0.0001
UNIUSDT,1678723200003,0.0001
UNIUSDT,1678752000010,0.0001
UNIUSDT,1678780800009,0.0001
UNIUSDT,1678809600010,0.0001
UNIUSDT,1678838400011,0.0001
UNIUSDT,1678867200000,0.0001
UNIUSDT,1678896000012,0.0001
UNIUSDT,1678924800004,0.0001
UNIUSDT,1678953600018,0.0001
UNIUSDT,1678982400005,0.0001
UNIUSDT,1679011200017,0.0001
UNIUSDT,1679040000010,0.0001
UNIUSDT,1679068800003,0.0001
UNIUSDT,1679097600012,0.0001
UNIUSDT,1679126400000,0.0001
UNIUSDT,1679155200016,0.0001
UNIUSDT,1679184000013,0.0001
UNIUSDT,1679212800024,0.0001
UNIUSDT,1679241600000,0.0001
UNIUSDT,1679270400005,0.0001
UNIUSDT,1679299200012,0.0001
UNIUSDT,1679328000015,0.0001
UNIUSDT,1679356800006,0.00004788
UNIUSDT,1679385600004,0.0001
UNIUSDT,1679414400003,0.0001
UNIUSDT,1679443200000,0.0001
UNIUSDT,1679472000003,0.0001
UNIUSDT,1679500800000,0.0001
UNIUSDT,1679529600016,0.0001
UNIUSDT,1679558400001,0.0001
UNIUSDT,1679587200013,0.0001
UNIUSDT,1679616000013,0.0001
UNIUSDT,1679644800012,0.0001
UNIUSDT,1679673600027,0.0001
UNIUSDT,1679702400015,0.00006171
UNIUSDT,1679731200011,-0.00011264
UNIUSDT,1679760000011,0.00002205
UNIUSDT,1679788800000,0.00004399
UNIUSDT,1679817600015,0.00009728
UNIUSDT,1679846400000,0.00004152
UNIUSDT,1679875200019,0.00001465
UNIUSDT,1679904000009,0.00007985
UNIUSDT,1679932800000,0.0001
UNIUSDT,1679961600007,0.000057
UNIUSDT,1679990400000,0.00002069
UNIUSDT,1680019200013,0.00005947
UNIUSDT,1680048000010,0.0001
UNIUSDT,1680076800006,0.00004798
UNIUSDT,1680105600014,0.0001
UNIUSDT,1680134400000,0.0001
UNIUSDT,1680163200000,0.0001
UNIUSDT,1680192000006,0.0001
UNIUSDT,1680220800003,0.0001
UNIUSDT,1680249600006,0.0001
UNIUSDT,1680278400011,0.0001
UNIUSDT,1680307200000,0.0001
UNIUSDT,1680336000000,0.0001
UNIUSDT,1680364800018,0.0001
UNIUSDT,1680393600013,0.0001
UNIUSDT,1680422400014,0.00009382
UNIUSDT,1680451200001,0.00008036
UNIUSDT,1680480000000,0.00007603
UNIUSDT,1680508800013,0.0001
UNIUSDT,1680537600011,0.00006725
UNIUSDT,1680566400002,0.00009968
UNIUSDT,1680595200017,-0.00003161
UNIUSDT,1680624000008,0.0001
UNIUSDT,1680652800000,0.0001
UNIUSDT,1680681600016,0.0001
UNIUSDT,1680710400004,0.0001
UNIUSDT,1680739200000,0.0001
UNIUSDT,1680768000011,0.0001
UNIUSDT,1680796800000,0.0001
UNIUSDT,1680825600006,0.00007083
UNIUSDT,1680854400005,0.00005738
UNIUSDT,1680883200000,0.0001
UNIUSDT,1680912000000,0.00004044
UNIUSDT,1680940800014,0.00009168
UNIUSDT,1680969600018,0.00004875
UNIUSDT,1680998400013,0.00003361
UNIUSDT,1681027200024,0.00009756
UNIUSDT,1681056000010,0.00006388
UNIUSDT,1681084800000,0.00008995
UNIUSDT,1681113600010,0.00004241
UNIUSDT,1681142400006,0.00005141
UNIUSDT,1681171200008,0.0001
UNIUSDT,1681200000007,0.0001
UNIUSDT,1681228800016,0.0001
UNIUSDT,1681257600006,0.0001
UNIUSDT,1681286400008,-0.00001799
UNIUSDT,1681315200014,0.0001
UNIUSDT,1681344000027,0.0001
UNIUSDT,1681372800010,0.0001
UNIUSDT,1681401600000,0.0001
UNIUSDT,1681430400001,0.0001
UNIUSDT,1681459200008,0.0001
UNIUSDT,1681488000007,0.0001
UNIUSDT,1681516800007,0.0001
UNIUSDT,1681545600007,0.0001
UNIUSDT,1681574400011,0.0001
UNIUSDT,1681603200014,0.0001
UNIUSDT,1681632000007,0.0001
UNIUSDT,1681660800002,0.0001
UNIUSDT,1681689600017,0.0001
UNIUSDT,1681718400006,0.0001
UNIUSDT,1681747200000,0.0001
UNIUSDT,1681776000013,0.0001
UNIUSDT,1681804800017,0.0001
UNIUSDT,1681833600000,0.0001
UNIUSDT,1681862400022,0.0001
UNIUSDT,1681891200014,0.0001
UNIUSDT,1681920000000,0.0001
UNIUSDT,1681948800010,0.0001
UNIUSDT,1681977600012,0.0001
UNIUSDT,1682006400012,0.0001
UNIUSDT,1682035200009,0.0001
UNIUSDT,1682064000009,0.0001
UNIUSDT,1682092800003,0.0001
UNIUSDT,1682121600000,0.0001
UNIUSDT,1682150400000,0.0000089
UNIUSDT,1682179200016,0.0001
UNIUSDT,1682208000009,-0.00002137
UNIUSDT,1682236800020,0.0001
UNIUSDT,1682265600007,0.0001
UNIUSDT,1682294400000,0.0001
UNIUSDT,1682323200008,0.0001
UNIUSDT,1682352000006,0.0001
UNIUSDT,1682380800014,0.0001
UNIUSDT,1682409600009,0.0001
UNIUSDT,1682438400015,0.0001
UNIUSDT,1682467200015,0.0001
UNIUSDT,1682496000013,0.0001
UNIUSDT,1682524800001,0.0001
UNIUSDT,1682553600014,0.0000451
UNIUSDT,1682582400008,0.0001
UNIUSDT,1682611200005,0.0001
UNIUSDT,1682640000011,0.0001
UNIUSDT,1682668800007,0.0001
UNIUSDT,1682697600006,0.0001
UNIUSDT,1682726400004,0.0001
UNIUSDT,1682755200016,0.0001
UNIUSDT,1682784000001,0.0001
UNIUSDT,1682812800008,0.0001
UNIUSDT,1682841600000,0.0000959
UNIUSDT,1682870400010,0.0000766
UNIUSDT,1682899200004,0.00006816
UNIUSDT,1682928000008,0.00008385
UNIUSDT,1682956800014,0.0001
UNIUSDT,1682985600015,0.00006792
UNIUSDT,1683014400018,0.00009433
UNIUSDT,1683043200000,0.0001
UNIUSDT,1683072000009,0.0000379
UNIUSDT,1683100800003,0.0001
UNIUSDT,1683129600011,0.00006789
UNIUSDT,1683158400000,0.0001
UNIUSDT,1683187200000,0.0001
UNIUSDT,1683216000011,0.0001
UNIUSDT,1683244800002,0.0000184
UNIUSDT,1683273600000,0.00006225
UNIUSDT,1683302400000,0.0001
UNIUSDT,1683331200009,0.0001
UNIUSDT,1683360000000,0.0001
UNIUSDT,1683388800000,0.0001
UNIUSDT,1683417600000,0.00006438
UNIUSDT,1683446400000,0.00009621
UNIUSDT,1683475200006,0.00009174
UNIUSDT,1683504000000,0.0001
UNIUSDT,1683532800007,0.0001
UNIUSDT,1683561600015,0.0001
UNIUSDT,1683590400015,-0.00007745
UNIUSDT,1683619200000,0.00004441
UNIUSDT,1683648000000,0.00007242
UNIUSDT,1683676800007,0.00005462
UNIUSDT,1683705600003,0.00008862
UNIUSDT,1683734400000,0.00005606
UNIUSDT,1683763200011,0.0001
UNIUSDT,1683792000000,0.00007194
UNIUSDT,1683820800005,0.0001
UNIUSDT,1683849600020,0.0001
UNIUSDT,1683878400001,0.00008767
UNIUSDT,1683907200010,0.0001
UNIUSDT,1683936000000,0.0001
UNIUSDT,1683964800000,0.0001
UNIUSDT,1683993600026,0.0001
UNIUSDT,1684022400029,0.0001
UNIUSDT,1684051200010,0.00005989
UNIUSDT,1684080000008,0.0001
UNIUSDT,1684108800006,0.0001
UNIUSDT,1684137600005,0.0001
UNIUSDT,1684166400008,0.0001
UNIUSDT,1684195200021,0.0001
UNIUSDT,1684224000000,0.00009545
UNIUSDT,1684252800000,0.0001
UNIUSDT,1684281600010,0.0001
UNIUSDT,1684310400000,0.00005189
UNIUSDT,1684339200001,0.0001
UNIUSDT,1684368000000,0.0001
UNIUSDT,1684396800026,0.00004827
UNIUSDT,1684425600019,0.0001
UNIUSDT,1684454400000,0.00008872
UNIUSDT,1684483200002,0.0001
UNIUSDT,1684512000000,0.0001
UNIUSDT,1684540800005,0.0001
UNIUSDT,1684569600014,0.0001
UNIUSDT,1684598400020,0.00004589
UNIUSDT,1684627200014,0.00009344
UNIUSDT,1684656000001,0.00004558
UNIUSDT,1684684800015,0.00008922
UNIUSDT,1684713600028,0.00005373
UNIUSDT,1684742400000,0.00000141
UNIUSDT,1684771200012,0.0001
UNIUSDT,1684800000006,0.0000787
UNIUSDT,1684828800014,0.0001
UNIUSDT,1684857600008,0.0001
UNIUSDT,1684886400000,0.0001
UNIUSDT,1684915200025,0.0001
UNIUSDT,1684944000008,0.0001
UNIUSDT,1684972800000,0.0001
UNIUSDT,1685001600025,0.0001
UNIUSDT,1685030400016,0.0001
UNIUSDT,1685059200000,0.00001003
UNIUSDT,1685088000024,0.0001
UNIUSDT,1685116800012,0.0001
UNIUSDT,1685145600012,0.00007692
UNIUSDT,1685174400018,0.00008298
UNIUSDT,1685203200008,0.0001
UNIUSDT,1685232000017,0.0001
UNIUSDT,1685260800015,0.0001
UNIUSDT,1685289600000,0.0001
UNIUSDT,1685318400000,0.0001
UNIUSDT,1685347200020,0.0001
UNIUSDT,1685376000011,0.0001
UNIUSDT,1685404800003,0.0001
UNIUSDT,1685433600000,0.0001
UNIUSDT,1685462400003,0.0001
UNIUSDT,1685491200013,0.0001
UNIUSDT,1685520000000,0.0001
UNIUSDT,1685548800000,0.0001
UNIUSDT,1685577600008,0.00003474
UNIUSDT,1685606400012,0.0001
UNIUSDT,1685635200000,0.0001
UNIUSDT,1685664000000,0.0001
UNIUSDT,1685692800006,0.0001
UNIUSDT,1685721600012,0.0001
UNIUSDT,1685750400000,0.0001
UNIUSDT,1685779200011,0.0001
UNIUSDT,1685808000003,0.0001
UNIUSDT,1685836800000,0.0001
UNIUSDT,1685865600000,0.0001
UNIUSDT,1685894400000,0.0001
UNIUSDT,1685923200005,0.0001
UNIUSDT,1685952000000,0.0001
UNIUSDT,1685980800000,0.0001
UNIUSDT,1686009600000,-0.00003051
UNIUSDT,1686038400009,0.00004041
UNIUSDT,1686067200013,0.0001
UNIUSDT,1686096000000,0.0001
UNIUSDT,1686124800016,0.0001
UNIUSDT,1686153600000,0.0001
UNIUSDT,1686182400006,0.0001
UNIUSDT,1686211200000,0.0001
UNIUSDT,1686240000000,0.0001
UNIUSDT,1686268800000,0.0001
UNIUSDT,1686297600000,0.0001
UNIUSDT,1686326400000,0.0001
UNIUSDT,1686355200000,0.0001
UNIUSDT,1686384000000,-0.00003151
UNIUSDT,1686412800000,-0.00014967
UNIUSDT,1686441600001,-0.00005554
UNIUSDT,1686470400000,-0.00017185
UNIUSDT,1686499200000,-0.00003751
UNIUSDT,1686528000000,0.00006679
UNIUSDT,1686556800000,0.0001
UNIUSDT,1686585600001,0.00000552
UNIUSDT,1686614400000,-0.00000162
UNIUSDT,1686643200000,-0.00015319
UNIUSDT,1686672000000,-0.00014533
UNIUSDT,1686700800000,-0.00005366
UNIUSDT,1686729600000,-0.00005896
UNIUSDT,1686758400000,-0.00016946
UNIUSDT,1686787200000,-0.00005028
UNIUSDT,1686816000000,-0.00000203
UNIUSDT,1686844800000,0.00004775
UNIUSDT,1686873600000,0.00002194
UNIUSDT,1686902400000,-0.00010583
UNIUSDT,1686931200000,0.00009398
UNIUSDT,1686960000000,0.0000504
UNIUSDT,1686988800000,0.00005005
UNIUSDT,1687017600000,0.0001
UNIUSDT,1687046400000,0.00003806
UNIUSDT,1687075200000,0.00009633
UNIUSDT,1687104000000,0.00008324
UNIUSDT,1687132800000,0.00006919
UNIUSDT,1687161600000,0.00009777
UNIUSDT,1687190400000,0.00005327
UNIUSDT,1687219200001,0.0001
UNIUSDT,1687248000000,0.00009206
UNIUSDT,1687276800000,-0.00004349
UNIUSDT,1687305600000,0.0001
UNIUSDT,1687334400000,0.0001
UNIUSDT,1687363200000,0.00003971
UNIUSDT,1687392000000,0.00002314
UNIUSDT,1687420800001,0.00001241
UNIUSDT,1687449600000,0.00006037
UNIUSDT,1687478400000,0.0001
UNIUSDT,1687507200000,0.0001
UNIUSDT,1687536000000,0.0001
UNIUSDT,1687564800000,0.0001
UNIUSDT,1687593600000,0.0001
UNIUSDT,1687622400000,0.00003187
UNIUSDT,1687651200000,0.0001
UNIUSDT,1687680000000,0.0001
UNIUSDT,1687708800000,0.0001
UNIUSDT,1687737600000,-0.00012756
UNIUSDT,1687766400000,0.00005062
UNIUSDT,1687795200000,0.00008637
UNIUSDT,1687824000000,0.00002667
UNIUSDT,1687852800000,0.0001
UNIUSDT,1687881600000,0.00005507
UNIUSDT,1687910400000,0.0001
UNIUSDT,1687939200000,0.00001544
UNIUSDT,1687968000000,0.0001
UNIUSDT,1687996800000,0.00008747
UNIUSDT,1688025600000,0.0001
UNIUSDT,1688054400000,0.00008613
UNIUSDT,1688083200000,0.00000173
UNIUSDT,1688112000000,0.00008584
UNIUSDT,1688140800001,0.0001
UNIUSDT,1688169600000,0.00004994
UNIUSDT,1688198400000,0.0001
UNIUSDT,1688227200000,0.0001
UNIUSDT,1688256000000,0.0001
UNIUSDT,1688284800000,0.0001
UNIUSDT,1688313600001,0.0001
UNIUSDT,1688342400000,0.0001
UNIUSDT,1688371200000,0.0001
UNIUSDT,1688400000000,0.0001
UNIUSDT,1688428800001,0.0001
UNIUSDT,1688457600000,0.0001
UNIUSDT,1688486400000,0.0001
UNIUSDT,1688515200000,0.0001
UNIUSDT,1688544000000,0.0001
UNIUSDT,1688572800000,0.0001
UNIUSDT,1688601600000,0.0001
UNIUSDT,1688630400000,0.0001
UNIUSDT,1688659200000,0.00003812
UNIUSDT,1688688000000,0.00008173
UNIUSDT,1688716800000,0.0001
UNIUSDT,1688745600000,0.0001
UNIUSDT,1688774400000,0.0001
UNIUSDT,1688803200000,0.00000258
UNIUSDT,1688832000000,0.0000018
UNIUSDT,1688860800000,0.00002975
UNIUSDT,1688889600000,-0.00007515
UNIUSDT,1688918400000,-0.000006
UNIUSDT,1688947200000,-0.00003531
UNIUSDT,1688976000000,0.0001
UNIUSDT,1689004800000,0.0001
UNIUSDT,1689033600000,0.0001
UNIUSDT,1689062400000,0.0001
UNIUSDT,1689091200000,0.00006386
UNIUSDT,1689120000000,0.0001
UNIUSDT,1689148800000,0.0001
UNIUSDT,1689177600000,0.0001
UNIUSDT,1689206400000,0.00003431
UNIUSDT,1689235200000,0.0001
UNIUSDT,1689264000000,-0.00004163
UNIUSDT,1689292800000,0.0001
UNIUSDT,1689321600000,0.0001
UNIUSDT,1689350400000,0.0001
UNIUSDT,1689379200000,0.0001
UNIUSDT,1689408000000,0.0001
UNIUSDT,1689436800000,0.0001
UNIUSDT,1689465600001,0.0001
UNIUSDT,1689494400000,0.0001
UNIUSDT,1689523200000,0.0001
UNIUSDT,1689552000000,-0.00003639
UNIUSDT,1689580800000,0.0001
UNIUSDT,1689609600000,0.00007844
UNIUSDT,1689638400000,0.0001
UNIUSDT,1689667200000,0.0001
UNIUSDT,1689696000000,0.0001
UNIUSDT,1689724800000,0.0001
UNIUSDT,1689753600000,0.0001
UNIUSDT,1689782400001,0.0001
UNIUSDT,1689811200000,0.0001
UNIUSDT,1689840000000,0.0001
UNIUSDT,1689868800000,0.0001
UNIUSDT,1689897600001,0.0001
UNIUSDT,1689926400000,0.0001
UNIUSDT,1689955200000,0.0001
UNIUSDT,1689984000000,0.00008707
UNIUSDT,1690012800000,0.00007429
UNIUSDT,1690041600000,0.0001
UNIUSDT,1690070400000,0.0000441
UNIUSDT,1690099200000,0.00005656
UNIUSDT,1690128000000,0.0001
UNIUSDT,1690156800000,0.0001
UNIUSDT,1690185600000,0.00006522
UNIUSDT,1690214400000,0.0001
UNIUSDT,1690243200000,0.0000784
UNIUSDT,1690272000000,0.00007128
UNIUSDT,1690300800000,0.00006971
UNIUSDT,1690329600000,0.00006527
UNIUSDT,1690358400001,0.0001
UNIUSDT,1690387200000,0.0000756
UNIUSDT,1690416000000,0.0001
UNIUSDT,1690444800000,0.00007815
UNIUSDT,1690473600001,0.00004156
UNIUSDT,1690502400000,0.00001666
UNIUSDT,1690531200000,0.0001
UNIUSDT,1690560000000,0.0001
UNIUSDT,1690588800000,0.00008981
UNIUSDT,1690617600000,0.0001
UNIUSDT,1690646400001,0.0001
UNIUSDT,1690675200000,0.0001
UNIUSDT,1690704000000,0.0001
UNIUSDT,1690732800000,0.0001
UNIUSDT,1690761600000,0.0001
UNIUSDT,1690790400000,0.0001
UNIUSDT,1690819200001,0.0001
UNIUSDT,1690848000000,0.0001
UNIUSDT,1690876800000,0.0001
UNIUSDT,1690905600000,0.0001
UNIUSDT,1690934400000,0.0001
UNIUSDT,1690963200000,0.0001
UNIUSDT,1690992000000,0.0001
UNIUSDT,1691020800000,0.00001662
UNIUSDT,1691049600000,0.0001
UNIUSDT,1691078400001,0.0001
UNIUSDT,1691107200000,0.0001
UNIUSDT,1691136000000,0.0001
UNIUSDT,1691164800000,0.0001
UNIUSDT,1691193600000,0.0001
UNIUSDT,1691222400000,0.0001
UNIUSDT,1691251200001,0.0001
UNIUSDT,1691280000000,0.0001
UNIUSDT,1691308800001,0.0001
UNIUSDT,1691337600005,0.0001
UNIUSDT,1691366400000,0.0001
UNIUSDT,1691395200000,0.00003719
UNIUSDT,1691424000000,0.0001
UNIUSDT,1691452800000,0.0001
UNIUSDT,1691481600000,0.0001
UNIUSDT,1691510400000,0.0001
UNIUSDT,1691539200000,0.0001
UNIUSDT,1691568000000,0.0001
UNIUSDT,1691596800000,0.0001
UNIUSDT,1691625600001,0.0001
UNIUSDT,1691654400000,0.0001
UNIUSDT,1691683200000,0.0001
UNIUSDT,1691712000000,0.0001
UNIUSDT,1691740800000,0.0001
UNIUSDT,1691769600000,0.0001
UNIUSDT,1691798400000,0.0001
UNIUSDT,1691827200000,0.0001
UNIUSDT,1691856000000,0.0001
UNIUSDT,1691884800000,0.0001
UNIUSDT,1691913600000,0.0001
UNIUSDT,1691942400000,0.0001
UNIUSDT,1691971200001,0.0001
UNIUSDT,1692000000000,0.0001
UNIUSDT,1692028800000,0.0001
UNIUSDT,1692057600001,0.0001
UNIUSDT,1692086400000,0.0001
UNIUSDT,1692115200000,0.0001
UNIUSDT,1692144000000,0.0001
UNIUSDT,1692172800001,0.0001
UNIUSDT,1692201600000,0.00007199
UNIUSDT,1692230400000,0.00004247
UNIUSDT,1692259200000,0.00001706
UNIUSDT,1692288000000,-0.0000017
UNIUSDT,1692316800000,-0.00011984
UNIUSDT,1692345600000,0.00004379
UNIUSDT,1692374400000,0.0001
UNIUSDT,1692403200000,0.00000756
UNIUSDT,1692432000000,0.00005236
UNIUSDT,1692460800000,0.0000891
UNIUSDT,1692489600000,-0.00001627
UNIUSDT,1692518400000,0.00005381
UNIUSDT,1692547200000,0.0000553
UNIUSDT,1692576000000,0.00000839
UNIUSDT,1692604800000,0.00001698
UNIUSDT,1692633600000,0.00003673
UNIUSDT,1692662400000,0.00006568
UNIUSDT,1692691200000,0.00005731
UNIUSDT,1692720000000,0.00008112
UNIUSDT,1692748800000,0.0000714
UNIUSDT,1692777600000,0.00006799
UNIUSDT,1692806400000,-0.00000402
UNIUSDT,1692835200000,0.00007724
UNIUSDT,1692864000000,-0.00017212
UNIUSDT,1692892800000,0.00001666
UNIUSDT,1692921600000,0.0000285
UNIUSDT,1692950400000,0.00005713
UNIUSDT,1692979200000,0.00007355
UNIUSDT,1693008000000,0.00007371
UNIUSDT,1693036800000,0.00006294
UNIUSDT,1693065600000,-0.00000963
UNIUSDT,1693094400000,0.00002153
UNIUSDT,1693123200000,0.00008729
UNIUSDT,1693152000000,0.00006475
UNIUSDT,1693180800000,0.0001
UNIUSDT,1693209600001,0.00006828
UNIUSDT,1693238400001,0.0001
UNIUSDT,1693267200000,0.00006507
UNIUSDT,1693296000000,0.00004915
UNIUSDT,1693324800000,-0.00009013
UNIUSDT,1693353600000,0.0001
UNIUSDT,1693382400000,0.00009852
UNIUSDT,1693411200000,0.0001
UNIUSDT,1693440000000,0.00006672
UNIUSDT,1693468800000,0.0001
UNIUSDT,1693497600000,0.0000395
UNIUSDT,1693526400000,-0.00018545
UNIUSDT,1693555200000,-0.00002005
UNIUSDT,1693584000001,0.00006857
UNIUSDT,1693612800000,0.00009504
UNIUSDT,1693641600000,0.00008468
UNIUSDT,1693670400000,0.00006428
UNIUSDT,1693699200000,0.0001
UNIUSDT,1693728000000,0.00000081
UNIUSDT,1693756800000,0.0001
UNIUSDT,1693785600000,0.00007711
UNIUSDT,1693814400000,0.00005977
UNIUSDT,1693843200000,0.00007976
UNIUSDT,1693872000000,0.0001
UNIUSDT,1693900800000,0.0001
UNIUSDT,1693929600000,0.0001
UNIUSDT,1693958400000,0.00000017
UNIUSDT,1693987200000,0.00009325
UNIUSDT,1694016000001,-0.00003312
UNIUSDT,1694044800000,0.0001
UNIUSDT,1694073600000,0.0001
UNIUSDT,1694102400000,0.00005806
UNIUSDT,1694131200000,0.00004947
UNIUSDT,1694160000000,0.00003236
UNIUSDT,1694188800000,-0.000112
UNIUSDT,1694217600000,-0.00003464
UNIUSDT,1694246400000,-0.0000008
UNIUSDT,1694275200000,-0.00004263
UNIUSDT,1694304000000,-0.00006452
UNIUSDT,1694332800000,0.00003566
UNIUSDT,1694361600000,-0.00004725
UNIUSDT,1694390400000,-0.00004118
UNIUSDT,1694419200000,0.00006412
UNIUSDT,1694448000001,0.00005227
UNIUSDT,1694476800000,0.00006662
UNIUSDT,1694505600000,-0.00001784
UNIUSDT,1694534400000,0.00009332
UNIUSDT,1694563200000,0.0001
UNIUSDT,1694592000000,0.00008892
UNIUSDT,1694620800000,0.00003256
UNIUSDT,1694649600000,0.00007804
UNIUSDT,1694678400001,0.00007729
UNIUSDT,1694707200000,0.00007743
UNIUSDT,1694736000000,0.00009469
UNIUSDT,1694764800000,-0.0000097
UNIUSDT,1694793600000,0.0001
UNIUSDT,1694822400000,0.0001
UNIUSDT,1694851200000,0.0001
UNIUSDT,1694880000000,-0.00006939
UNIUSDT,1694908800000,-0.00002275
UNIUSDT,1694937600000,-0.0000015
UNIUSDT,1694966400000,0.00003834
UNIUSDT,1694995200000,-0.00005209
UNIUSDT,1695024000000,0.00006971
UNIUSDT,1695052800000,-0.00001881
UNIUSDT,1695081600000,0.00003481
UNIUSDT,1695110400001,-0.00000798
UNIUSDT,1695139200000,0.0001
UNIUSDT,1695168000000,0.00005515
UNIUSDT,1695196800000,-0.00005075
UNIUSDT,1695225600000,0.00002701
UNIUSDT,1695254400001,0.00005878
UNIUSDT,1695283200000,-0.0000183
UNIUSDT,1695312000000,-0.00007307
UNIUSDT,1695340800000,-0.00005601
UNIUSDT,1695369600000,0.00001381
UNIUSDT,1695398400000,-0.0000054
UNIUSDT,1695427200000,0.00004213
UNIUSDT,1695456000000,-0.00007923
UNIUSDT,1695484800000,-0.00000589
UNIUSDT,1695513600000,-0.00000722
UNIUSDT,1695542400000,0.00003511
UNIUSDT,1695571200000,0.0001
UNIUSDT,1695600000000,0.00001799
UNIUSDT,1695628800000,0.00005969
UNIUSDT,1695657600000,0.00009196
UNIUSDT,1695686400000,0.0001
UNIUSDT,1695715200000,0.0001
UNIUSDT,1695744000000,0.0001
UNIUSDT,1695772800000,0.00007023
UNIUSDT,1695801600001,0.000093
UNIUSDT,1695830400000,-0.00003189
UNIUSDT,1695859200000,-0.0000698
UNIUSDT,1695888000000,-0.00002925
UNIUSDT,1695916800000,0.00003609
UNIUSDT,1695945600000,0.0000095
UNIUSDT,1695974400000,0.00004961
UNIUSDT,1696003200000,-0.00005723
UNIUSDT,1696032000000,0.00006482
UNIUSDT,1696060800000,0.00002976
UNIUSDT,1696089600000,0.00002977
UNIUSDT,1696118400000,0.0001
UNIUSDT,1696147200000,0.0001
UNIUSDT,1696176000000,0.0000561
UNIUSDT,1696204800000,0.0001
UNIUSDT,1696233600000,-0.00001096
UNIUSDT,1696262400000,-0.00003384
UNIUSDT,1696291200000,-0.00004014
UNIUSDT,1696320000000,0.00002253
UNIUSDT,1696348800000,0.00003454
UNIUSDT,1696377600000,-0.00000397
UNIUSDT,1696406400000,-0.0000178
UNIUSDT,1696435200000,-0.0001113
UNIUSDT,1696464000000,-0.00001434
UNIUSDT,1696492800000,-0.0000458
UNIUSDT,1696521600001,0.00000464
UNIUSDT,1696550400000,0.00007388
UNIUSDT,1696579200000,0.00006298
UNIUSDT,1696608000000,0.00009479
UNIUSDT,1696636800000,0.00005222
UNIUSDT,1696665600000,0.0001
UNIUSDT,1696694400000,0.00004763
UNIUSDT,1696723200000,0.00006734
UNIUSDT,1696752000001,0.0001
UNIUSDT,1696780800000,-0.00001313
UNIUSDT,1696809600000,0.00003902
UNIUSDT,1696838400000,0.00008273
UNIUSDT,1696867200000,-0.00019251
UNIUSDT,1696896000000,-0.00010774
UNIUSDT,1696924800000,0.00002454
UNIUSDT,1696953600000,0.00000024
UNIUSDT,1696982400000,0.00003449
UNIUSDT,1697011200000,0.00006711
UNIUSDT,1697040000000,0.00006864
UNIUSDT,1697068800000,-0.00004334
UNIUSDT,1697097600000,0.00000771
UNIUSDT,1697126400000,0.00007005
UNIUSDT,1697155200000,-0.00017505
UNIUSDT,1697184000000,-0.00001775
UNIUSDT,1697212800000,-0.00002233
UNIUSDT,1697241600000,0.00003334
UNIUSDT,1697270400000,0.00005966
UNIUSDT,1697299200000,0.0001
UNIUSDT,1697328000000,0.00007425
UNIUSDT,1697356800000,0.00009463
UNIUSDT,1697385600000,0.0001
UNIUSDT,1697414400000,0.00004509
UNIUSDT,1697443200000,0.00000198
UNIUSDT,1697472000000,-0.00008367
UNIUSDT,1697500800000,-0.00012134
UNIUSDT,1697529600000,-0.00006358
UNIUSDT,1697558400000,-0.00017718
UNIUSDT,1697587200000,-0.00022693
UNIUSDT,1697616000000,0.00003557
UNIUSDT,1697644800000,0.0001
UNIUSDT,1697673600000,0.0001
UNIUSDT,1697702400001,0.00007833
UNIUSDT,1697731200000,0.0001
UNIUSDT,1697760000000,0.0001
UNIUSDT,1697788800005,0.0001
UNIUSDT,1697817600000,0.0001
UNIUSDT,1697846400000,0.0001
UNIUSDT,1697875200000,0.0001
UNIUSDT,1697904000000,0.0001
UNIUSDT,1697932800000,0.0001
UNIUSDT,1697961600000,0.0001
UNIUSDT,1697990400000,0.0001
UNIUSDT,1698019200000,0.0001
UNIUSDT,1698048000001,0.0001
UNIUSDT,1698076800001,0.00008463
UNIUSDT,1698105600000,0.0001
UNIUSDT,1698134400000,0.0001
UNIUSDT,1698163200000,0.0001
UNIUSDT,1698192000000,0.0001
UNIUSDT,1698220800000,0.0001
UNIUSDT,1698249600001,0.0001
UNIUSDT,1698278400001,0.00005934
UNIUSDT,1698307200000,0.0001
UNIUSDT,1698336000000,0.0001
UNIUSDT,1698364800000,0.0001
UNIUSDT,1698393600000,0.00005285
UNIUSDT,1698422400000,0.0001
UNIUSDT,1698451200000,0.0001
UNIUSDT,1698480000001,0.0001
UNIUSDT,1698508800000,0.0001
UNIUSDT,1698537600000,0.0001
UNIUSDT,1698566400000,0.0001
UNIUSDT,1698595200000,0.0001
UNIUSDT,1698624000000,0.0001
UNIUSDT,1698652800000,0.0001
UNIUSDT,1698681600000,0.0001
UNIUSDT,1698710400001,0.0001
UNIUSDT,1698739200000,0.0001
UNIUSDT,1698768000000,0.0001
UNIUSDT,1698796800000,0.0001
UNIUSDT,1698825600000,0.0001
UNIUSDT,1698854400000,0.0001
UNIUSDT,1698883200001,0.00021346
UNIUSDT,1698912000000,0.00015995
UNIUSDT,1698940800000,0.00012185
UNIUSDT,1698969600000,0.0001
UNIUSDT,1698998400000,0.0001
UNIUSDT,1699027200000,0.0001
UNIUSDT,1699056000000,0.0001
UNIUSDT,1699084800000,0.0001
UNIUSDT,1699113600000,0.0001
UNIUSDT,1699142400000,0.0001
UNIUSDT,1699171200000,0.0001
UNIUSDT,1699200000000,0.0001
UNIUSDT,1699228800000,0.0001
UNIUSDT,1699257600001,0.0001
UNIUSDT,1699286400000,0.00011888
UNIUSDT,1699315200001,0.00016153
UNIUSDT,1699344000000,0.00024377
UNIUSDT,1699372800000,0.0001
UNIUSDT,1699401600000,0.0001
UNIUSDT,1699430400000,0.0001
UNIUSDT,1699459200000,0.0001
UNIUSDT,1699488000000,0.0001
UNIUSDT,1699516800000,0.0001
UNIUSDT,1699545600000,0.00020897
UNIUSDT,1699574400000,0.0001
UNIUSDT,1699603200000,0.0001
UNIUSDT,1699632000000,0.0001
UNIUSDT,1699660800000,0.00020406
UNIUSDT,1699689600000,0.00022792
UNIUSDT,1699718400000,0.00036775
UNIUSDT,1699747200000,0.00040896
UNIUSDT,1699776000000,0.00036828
UNIUSDT,1699804800001,0.0003094
UNIUSDT,1699833600000,0.00040026
UNIUSDT,1699862400000,0.0001
UNIUSDT,1699891200000,0.00020019
UNIUSDT,1699920000000,0.0001
UNIUSDT,1699948800000,0.00012562
UNIUSDT,1699977600001,0.0001
UNIUSDT,1700006400000,0.0001
UNIUSDT,1700035200000,0.0001
UNIUSDT,1700064000000,0.0001
UNIUSDT,1700092800000,0.0001
UNIUSDT,1700121600000,0.00021492
UNIUSDT,1700150400001,0.00017288
UNIUSDT,1700179200000,0.0001
UNIUSDT,1700208000001,0.0001
UNIUSDT,1700236800001,0.0001
UNIUSDT,1700265600000,0.0001
UNIUSDT,1700294400000,0.0001
UNIUSDT,1700323200000,0.0001
UNIUSDT,1700352000000,0.0001
UNIUSDT,1700380800000,0.0001
UNIUSDT,1700409600000,0.0001
UNIUSDT,1700438400000,0.0001
UNIUSDT,1700467200000,0.0001
UNIUSDT,1700496000000,0.0001
UNIUSDT,1700524800000,0.0001
UNIUSDT,1700553600000,0.0001
UNIUSDT,1700582400000,0.0001
UNIUSDT,1700611200000,0.0001
UNIUSDT,1700640000000,0.0001
UNIUSDT,1700668800000,0.0001
UNIUSDT,1700697600000,0.0001
UNIUSDT,1700726400000,0.0001
UNIUSDT,1700755200001,0.0001
UNIUSDT,1700784000000,0.0001
UNIUSDT,1700812800000,0.0001
UNIUSDT,1700841600000,0.0001
UNIUSDT,1700870400000,0.0001
UNIUSDT,1700899200000,0.0001
UNIUSDT,1700928000000,0.0001
UNIUSDT,1700956800000,0.0001
UNIUSDT,1700985600000,0.0001
UNIUSDT,1701014400000,0.0001
UNIUSDT,1701043200000,0.0001
UNIUSDT,1701072000001,0.0001
UNIUSDT,1701100800000,0.0001
UNIUSDT,1701129600000,0.0001
UNIUSDT,1701158400000,0.0001
UNIUSDT,1701187200000,0.0001
UNIUSDT,1701216000001,0.0001
UNIUSDT,1701244800000,0.0001
UNIUSDT,1701273600000,0.0001
UNIUSDT,1701302400000,0.0001
UNIUSDT,1701331200000,0.0001
UNIUSDT,1701360000000,0.0001
UNIUSDT,1701388800000,0.0001
UNIUSDT,1701417600000,0.0001
UNIUSDT,1701446400000,0.0001
UNIUSDT,1701475200000,0.0001
UNIUSDT,1701504000000,0.0001
UNIUSDT,1701532800000,0.0001
UNIUSDT,1701561600000,0.00018336
UNIUSDT,1701590400000,0.00017135
UNIUSDT,1701619200000,0.00016588
UNIUSDT,1701648000000,0.00013043
UNIUSDT,1701676800000,0.00022611
UNIUSDT,1701705600000,0.0001
UNIUSDT,1701734400000,0.0001
UNIUSDT,1701763200000,0.0001
UNIUSDT,1701792000000,0.0001
UNIUSDT,1701820800000,0.00018658
UNIUSDT,1701849600000,0.00018692
UNIUSDT,1701878400000,0.0001
UNIUSDT,1701907200000,0.0001
UNIUSDT,1701936000000,0.0001178
UNIUSDT,1701964800000,0.0001
UNIUSDT,1701993600000,0.00019514
UNIUSDT,1702022400000,0.00028058
UNIUSDT,1702051200000,0.0002088
UNIUSDT,1702080000000,0.00030329
UNIUSDT,1702108800000,0.00040237
UNIUSDT,1702137600000,0.00040176
UNIUSDT,1702166400000,0.00019015
UNIUSDT,1702195200000,0.00019889
UNIUSDT,1702224000000,0.00025669
UNIUSDT,1702252800000,0.00023407
UNIUSDT,1702281600000,0.0001
UNIUSDT,1702310400000,0.0001
UNIUSDT,1702339200000,0.0001
UNIUSDT,1702368000000,0.0001
UNIUSDT,1702396800000,0.0001
UNIUSDT,1702425600000,0.00014457
UNIUSDT,1702454400000,0.0001
UNIUSDT,1702483200001,0.00012691
UNIUSDT,1702512000000,0.00012516
UNIUSDT,1702540800000,0.0001672
UNIUSDT,1702569600000,0.00019804
UNIUSDT,1702598400000,0.00028571
UNIUSDT,1702627200000,0.00031004
UNIUSDT,1702656000000,0.00023474
UNIUSDT,1702684800000,0.0001
UNIUSDT,1702713600000,0.0001
UNIUSDT,1702742400001,0.0001
UNIUSDT,1702771200000,0.0001
UNIUSDT,1702800000000,0.0001
UNIUSDT,1702828800000,0.00019001
UNIUSDT,1702857600000,0.0001
UNIUSDT,1702886400001,0.0001
UNIUSDT,1702915200000,0.0001
UNIUSDT,1702944000000,0.0001
UNIUSDT,1702972800000,0.0001
UNIUSDT,1703001600000,0.0001
UNIUSDT,1703030400000,0.0001
UNIUSDT,1703059200000,0.00013424
UNIUSDT,1703088000000,0.00014549
UNIUSDT,1703116800000,0.00014123
UNIUSDT,1703145600000,0.00020543
UNIUSDT,1703174400000,0.00016472
UNIUSDT,1703203200000,0.0003172
UNIUSDT,1703232000000,0.0002614
UNIUSDT,1703260800000,0.00025659
UNIUSDT,1703289600000,0.00026439
UNIUSDT,1703318400001,0.00014123
UNIUSDT,1703347200000,0.00028194
UNIUSDT,1703376000000,0.00025297
UNIUSDT,1703404800000,0.00035048
UNIUSDT,1703433600000,0.00020709
UNIUSDT,1703462400000,0.00012913
UNIUSDT,1703491200000,0.00025613
UNIUSDT,1703520000000,0.00039708
UNIUSDT,1703548800000,0.00033332
UNIUSDT,1703577600000,0.00029061
UNIUSDT,1703606400000,0.0004782
UNIUSDT,1703635200000,0.00021104
UNIUSDT,1703664000000,0.00031654
UNIUSDT,1703692800000,0.00049956
UNIUSDT,1703721600000,0.00051648
UNIUSDT,1703750400000,0.00080443
UNIUSDT,1703779200000,0.00072246
UNIUSDT,1703808000001,0.00067526
UNIUSDT,1703836800000,0.00051383
UNIUSDT,1703865600000,0.00054799
UNIUSDT,1703894400001,0.00052076
UNIUSDT,1703923200000,0.00044889
UNIUSDT,1703952000000,0.00035421
UNIUSDT,1703980800000,0.0002926
UNIUSDT,1704009600001,0.0004515
UNIUSDT,1704038400000,0.00051934
UNIUSDT,1704067200000,0.00042047
UNIUSDT,1704096000000,0.00039106
UNIUSDT,1704124800000,0.00039973
UNIUSDT,1704153600000,0.00067295
UNIUSDT,1704182400000,0.00050802
UNIUSDT,1704211200000,0.00056838
UNIUSDT,1704240000000,0.00011651
UNIUSDT,1704268800000,0.000152
UNIUSDT,1704297600000,0.0001
UNIUSDT,1704326400000,0.0001
UNIUSDT,1704355200000,0.0001
UNIUSDT,1704384000000,0.0001
UNIUSDT,1704412800001,0.0001
UNIUSDT,1704441600000,0.0001
UNIUSDT,1704470400000,0.0001
UNIUSDT,1704499200000,0.0001
UNIUSDT,1704528000000,0.0001
UNIUSDT,1704556800000,0.0001
UNIUSDT,1704585600000,0.0001
UNIUSDT,1704614400001,0.0001
UNIUSDT,1704643200001,0.0001
UNIUSDT,1704672000000,0.0001
UNIUSDT,1704700800000,0.0001
UNIUSDT,1704729600000,0.0001
UNIUSDT,1704758400001,0.0001
UNIUSDT,1704787200000,0.0001
UNIUSDT,1704816000000,0.0001
UNIUSDT,1704844800000,0.0001
UNIUSDT,1704873600000,0.0001
UNIUSDT,1704902400000,0.0001
UNIUSDT,1704931200000,0.0001
UNIUSDT,1704960000000,0.0001
UNIUSDT,1704988800000,0.0001
UNIUSDT,1705017600001,0.0001
UNIUSDT,1705046400000,0.0001
UNIUSDT,1705075200000,0.0001
UNIUSDT,1705104000000,0.0001
UNIUSDT,1705132800000,0.0001
UNIUSDT,1705161600001,0.0001
UNIUSDT,1705190400000,0.0001
UNIUSDT,1705219200000,0.0001
UNIUSDT,1705248000001,0.0001
UNIUSDT,1705276800000,0.0001
UNIUSDT,1705305600000,0.0001
UNIUSDT,1705334400000,0.0001
UNIUSDT,1705363200000,0.0001
UNIUSDT,1705392000000,0.0001
UNIUSDT,1705420800001,0.0001
UNIUSDT,1705449600000,0.0001
UNIUSDT,1705478400000,0.0001
UNIUSDT,1705507200000,0.0001
UNIUSDT,1705536000001,0.0001
UNIUSDT,1705564800000,0.0001
UNIUSDT,1705593600000,0.0001
UNIUSDT,1705622400000,0.0001
UNIUSDT,1705651200000,0.0001
UNIUSDT,1705680000002,0.0001
UNIUSDT,1705708800000,0.0001
UNIUSDT,1705737600003,0.0001
UNIUSDT,1705766400000,0.0001
UNIUSDT,1705795200000,0.0001
UNIUSDT,1705824000000,0.0001
UNIUSDT,1705852800000,0.0001
UNIUSDT,1705881600000,0.0001
UNIUSDT,1705910400000,0.0001
UNIUSDT,1705939200000,0.0001
UNIUSDT,1705968000000,0.0001
UNIUSDT,1705996800000,0.0001
UNIUSDT,1706025600000,0.0001
UNIUSDT,1706054400000,0.0001
UNIUSDT,1706083200000,0.0001
UNIUSDT,1706112000000,0.0001
UNIUSDT,1706140800000,0.0001
UNIUSDT,1706169600001,0.0001
UNIUSDT,1706198400000,0.0001
UNIUSDT,1706227200001,0.0001
UNIUSDT,1706256000000,0.0001
UNIUSDT,1706284800000,0.0001
UNIUSDT,1706313600000,0.0001
UNIUSDT,1706342400000,0.0001
UNIUSDT,1706371200000,0.0001
UNIUSDT,1706400000000,0.0001
UNIUSDT,1706428800000,0.0001
UNIUSDT,1706457600000,0.0001
UNIUSDT,1706486400000,0.0001
UNIUSDT,1706515200001,0.0001
UNIUSDT,1706544000000,0.0001
UNIUSDT,1706572800000,0.0001
UNIUSDT,1706601600000,0.0001
UNIUSDT,1706630400001,0.0001
UNIUSDT,1706659200000,0.0001
UNIUSDT,1706688000000,0.0001
UNIUSDT,1706716800000,0.0001
UNIUSDT,1706745600000,0.0001
UNIUSDT,1706774400000,0.0001
UNIUSDT,1706803200002,0.0001
UNIUSDT,1706832000000,0.0001
UNIUSDT,1706860800000,0.0001
UNIUSDT,1706889600000,0.0001
UNIUSDT,1706918400000,0.0001
UNIUSDT,1706947200000,0.0001
UNIUSDT,1706976000001,0.0001
UNIUSDT,1707004800000,0.0001
UNIUSDT,1707033600004,0.0001
UNIUSDT,1707062400000,0.0001
UNIUSDT,1707091200000,0.0001
UNIUSDT,1707120000000,0.0001
UNIUSDT,1707148800000,0.0001
UNIUSDT,1707177600000,0.0001
UNIUSDT,1707206400001,0.0001
UNIUSDT,1707235200000,0.0001
UNIUSDT,1707264000000,0.0001
UNIUSDT,1707292800000,0.000061
UNIUSDT,1707321600000,0.0001
UNIUSDT,1707350400000,0.0001
UNIUSDT,1707379200000,0.0001
UNIUSDT,1707408000000,0.0001
UNIUSDT,1707436800000,0.0001
UNIUSDT,1707465600000,0.0001
UNIUSDT,1707494400001,0.0001
UNIUSDT,1707523200001,0.0001
UNIUSDT,1707552000000,0.0001
UNIUSDT,1707580800000,0.0001
UNIUSDT,1707609600000,0.0001
UNIUSDT,1707638400001,0.0001
UNIUSDT,1707667200000,0.0001
UNIUSDT,1707696000000,0.0001
UNIUSDT,1707724800000,0.0001
UNIUSDT,1707753600000,0.0001
UNIUSDT,1707782400000,0.0001
UNIUSDT,1707811200000,0.0001
UNIUSDT,1707840000000,0.0001
UNIUSDT,1707868800000,0.0001
UNIUSDT,1707897600000,0.0001
UNIUSDT,1707926400000,0.0001
UNIUSDT,1707955200000,0.0001
UNIUSDT,1707984000000,0.00019699
UNIUSDT,1708012800000,0.0001
UNIUSDT,1708041600000,0.00011116
UNIUSDT,1708070400000,0.00023432
UNIUSDT,1708099200000,0.00018857
UNIUSDT,1708128000000,0.0001
UNIUSDT,1708156800000,0.00025284
UNIUSDT,1708185600000,0.00022385
UNIUSDT,1708214400000,0.00021028
UNIUSDT,1708243200000,0.0001226
UNIUSDT,1708272000000,0.00020652
UNIUSDT,1708300800000,0.00013319
UNIUSDT,1708329600000,0.00024621
UNIUSDT,1708358400000,0.00020913
UNIUSDT,1708387200000,0.00034029
UNIUSDT,1708416000000,0.00032007
UNIUSDT,1708444800000,0.00027755
UNIUSDT,1708473600000,0.00017625
UNIUSDT,1708502400000,0.00020538
UNIUSDT,1708531200000,0.00014211
UNIUSDT,1708560000001,0.00014587
UNIUSDT,1708588800001,0.0002563
UNIUSDT,1708617600000,0.00026086
UNIUSDT,1708646400000,0.00025905
UNIUSDT,1708675200000,0.00028724
UNIUSDT,1708704000000,0.0002306
UNIUSDT,1708732800000,0.00038889
UNIUSDT,1708761600001,0.00024246
UNIUSDT,1708790400000,0.00029755
UNIUSDT,1708819200001,0.00031568
UNIUSDT,1708848000000,0.00040906
UNIUSDT,1708876800000,0.0003558
UNIUSDT,1708905600000,0.00051558
UNIUSDT,1708934400000,0.00043205
UNIUSDT,1708963200000,0.00037503
UNIUSDT,1708992000000,0.00033937
UNIUSDT,1709020800000,0.00060713
UNIUSDT,1709049600000,0.00042936
UNIUSDT,1709078400000,0.00041938
UNIUSDT,1709107200000,0.00040882
UNIUSDT,1709136000000,0.00055255
UNIUSDT,1709164800000,0.00052433
UNIUSDT,1709193600000,0.00078669
UNIUSDT,1709222400000,0.00062875
UNIUSDT,1709251200000,0.00059693
UNIUSDT,1709280000000,0.00045891
UNIUSDT,1709308800000,0.0004645
UNIUSDT,1709337600000,0.00062931
UNIUSDT,1709366400001,0.0007815
UNIUSDT,1709395200000,0.00049678
UNIUSDT,1709424000000,0.00068391
UNIUSDT,1709452800000,0.00066494
UNIUSDT,1709481600000,0.00050923
UNIUSDT,1709510400000,0.00044319
UNIUSDT,1709539200000,0.00058008
UNIUSDT,1709568000000,0.00057363
UNIUSDT,1709596800000,0.00044411
UNIUSDT,1709625600000,0.00119001
UNIUSDT,1709654400000,0.00072138
UNIUSDT,1709683200000,0.00013146
UNIUSDT,1709712000001,0.0001723
UNIUSDT,1709740800000,0.00035647
UNIUSDT,1709769600000,0.00020608
UNIUSDT,1709798400000,0.00031016
UNIUSDT,1709827200000,0.00028582
UNIUSDT,1709856000000,0.00036634
UNIUSDT,1709884800000,0.00033971
UNIUSDT,1709913600000,0.00034096
UNIUSDT,1709942400000,0.00024645
UNIUSDT,1709971200001,0.00040596
UNIUSDT,1710000000000,0.00063387
UNIUSDT,1710028800000,0.00056987
UNIUSDT,1710057600000,0.00065248
UNIUSDT,1710086400000,0.00043075
UNIUSDT,1710115200000,0.00047694
UNIUSDT,1710144000000,0.00054971
UNIUSDT,1710172800000,0.00051571
UNIUSDT,1710201600000,0.00068594
UNIUSDT,1710230400000,0.00053315
UNIUSDT,1710259200000,0.0005042
UNIUSDT,1710288000000,0.00048949
UNIUSDT,1710316800001,0.00056984
UNIUSDT,1710345600000,0.0005247
UNIUSDT,1710374400001,0.00044574
UNIUSDT,1710403200000,0.00059281
UNIUSDT,1710432000000,0.00050703
UNIUSDT,1710460800000,0.00053181
UNIUSDT,1710489600000,0.00016868
UNIUSDT,1710518400000,0.00014718
UNIUSDT,1710547200000,0.00020885
UNIUSDT,1710576000000,0.0002492
UNIUSDT,1710604800000,0.00014836
UNIUSDT,1710633600000,0.0001
UNIUSDT,1710662400000,0.00011196
UNIUSDT,1710691200000,0.00011105
UNIUSDT,1710720000000,0.00011518
UNIUSDT,1710748800000,0.00012243
UNIUSDT,1710777600001,0.00017281
UNIUSDT,1710806400000,0.00017555
UNIUSDT,1710835200000,0.00015801
UNIUSDT,1710864000001,0.0001
UNIUSDT,1710892800000,0.0001
UNIUSDT,1710921600004,0.0001
UNIUSDT,1710950400000,0.0001
UNIUSDT,1710979200000,0.0001
UNIUSDT,1711008000000,0.0001
UNIUSDT,1711036800000,0.0001
UNIUSDT,1711065600000,0.00010737
UNIUSDT,1711094400000,0.0001
UNIUSDT,1711123200000,0.0001
UNIUSDT,1711152000000,0.00014821
UNIUSDT,1711180800000,0.00015809
UNIUSDT,1711209600000,0.00014611
UNIUSDT,1711238400000,0.00016318
UNIUSDT,1711267200000,0.00012803
UNIUSDT,1711296000000,0.00012474
UNIUSDT,1711324800000,0.00014032
UNIUSDT,1711353600001,0.0001
UNIUSDT,1711382400000,0.00016195
UNIUSDT,1711411200000,0.00015493
UNIUSDT,1711440000000,0.0001
UNIUSDT,1711468800000,0.00025525
UNIUSDT,1711497600000,0.0003753
UNIUSDT,1711526400001,0.00027039
UNIUSDT,1711555200000,0.00031534
UNIUSDT,1711584000000,0.00043464
UNIUSDT,1711612800000,0.00044618
UNIUSDT,1711641600000,0.00035094
UNIUSDT,1711670400000,0.00034946
UNIUSDT,1711699200000,0.0003021
UNIUSDT,1711728000000,0.00038885
UNIUSDT,1711756800000,0.00039615
UNIUSDT,1711785600000,0.0003111
UNIUSDT,1711814400000,0.00051209
UNIUSDT,1711843200000,0.00037903
UNIUSDT,1711872000000,0.00058893
UNIUSDT,1711900800001,0.00042478
UNIUSDT,1711929600000,0.00053402
UNIUSDT,1711958400000,0.00028726
UNIUSDT,1711987200000,0.00018573
UNIUSDT,1712016000007,0.00019716
UNIUSDT,1712044800015,0.0001
UNIUSDT,1712073600000,0.0001
UNIUSDT,1712102400000,0.00010908
UNIUSDT,1712131200000,0.00012786
UNIUSDT,1712160000000,0.0001
UNIUSDT,1712188800000,0.0001
UNIUSDT,1712217600000,0.0001
UNIUSDT,1712246400000,0.00010256
UNIUSDT,1712275200000,0.00011878
UNIUSDT,1712304000000,0.00010517
UNIUSDT,1712332800000,0.0001
UNIUSDT,1712361600000,0.00010732
UNIUSDT,1712390400000,0.0001
UNIUSDT,1712419200000,0.0001
UNIUSDT,1712448000000,0.0001
UNIUSDT,1712476800000,0.0001
UNIUSDT,1712505600000,0.0001
UNIUSDT,1712534400001,0.0001
UNIUSDT,1712563200000,0.00013999
UNIUSDT,1712592000006,0.00015532
UNIUSDT,1712620800000,0.00020736
UNIUSDT,1712649600001,0.00018942
UNIUSDT,1712678400001,0.00019476
UNIUSDT,1712707200000,0.00026274
UNIUSDT,1712736000001,0.00016337
UNIUSDT,1712764800000,0.00010759
UNIUSDT,1712793600000,0.00010025
UNIUSDT,1712822400000,0.0001
UNIUSDT,1712851200000,0.0001
UNIUSDT,1712880000000,0.0001
UNIUSDT,1712908800001,0.00012767
UNIUSDT,1712937600000,0.00017125
UNIUSDT,1712966400000,0.0001
UNIUSDT,1712995200000,0.0001
UNIUSDT,1713024000001,0.0001
UNIUSDT,1713052800000,0.0001
UNIUSDT,1713081600000,0.0001
UNIUSDT,1713110400000,0.0001
UNIUSDT,1713139200000,0.0001
UNIUSDT,1713168000001,0.0001
UNIUSDT,1713196800000,0.0001
UNIUSDT,1713225600001,0.0001
UNIUSDT,1713254400000,0.0001
UNIUSDT,1713283200000,0.00008467
UNIUSDT,1713312000000,0.00007028
UNIUSDT,1713340800000,0.00008068
UNIUSDT,1713369600000,-0.00000667
UNIUSDT,1713398400000,0.00001694
UNIUSDT,1713427200000,0.00009997
UNIUSDT,1713456000000,0.00009858
UNIUSDT,1713484800001,0.00001555
UNIUSDT,1713513600000,0.0001
UNIUSDT,1713542400000,0.0001
UNIUSDT,1713571200000,0.0001
UNIUSDT,1713600000000,0.00003765
UNIUSDT,1713628800000,0.0001
UNIUSDT,1713657600000,0.00009279
UNIUSDT,1713686400000,0.00002164
UNIUSDT,1713715200000,0.00004529
UNIUSDT,1713744000000,0.0001
UNIUSDT,1713772800000,0.00002704
UNIUSDT,1713801600000,-0.00000291
UNIUSDT,1713830400000,-0.00005165
UNIUSDT,1713859200000,0.00000668
UNIUSDT,1713888000001,0.00008293
UNIUSDT,1713916800000,0.00003342
UNIUSDT,1713945600000,0.00006836
UNIUSDT,1713974400000,0.00003333
UNIUSDT,1714003200000,0.00006816
UNIUSDT,1714032000000,0.00008654
UNIUSDT,1714060800010,0.00008273
UNIUSDT,1714089600001,0.00005044
UNIUSDT,1714118400000,0.00003175
UNIUSDT,1714147200000,-0.00005257
UNIUSDT,1714176000000,0.00002802
UNIUSDT,1714204800001,0.0000016
UNIUSDT,1714233600000,0.0001
UNIUSDT,1714262400000,0.0000397
UNIUSDT,1714291200000,0.00002456
UNIUSDT,1714320000000,0.00009828
UNIUSDT,1714348800000,0.00008805
UNIUSDT,1714377600000,0.0001
UNIUSDT,1714406400000,-0.00003019
UNIUSDT,1714435200000,0.00008967
UNIUSDT,1714464000000,0.0001
UNIUSDT,1714492800000,0.00002448
UNIUSDT,1714521600000,-0.00007095
UNIUSDT,1714550400000,0.0000722
UNIUSDT,1714579200000,-0.00000684
UNIUSDT,1714608000000,0.00007174
UNIUSDT,1714636800000,0.00004939
UNIUSDT,1714665600002,0.0000559
UNIUSDT,1714694400000,0.0000771
UNIUSDT,1714723200000,0.0001
UNIUSDT,1714752000000,0.00002041
UNIUSDT,1714780800000,0.00003631
UNIUSDT,1714809600000,-0.0000171
UNIUSDT,1714838400000,0.0001
UNIUSDT,1714867200000,0.00001323
UNIUSDT,1714896000000,0.0001
UNIUSDT,1714924800000,0.0001
UNIUSDT,1714953600000,0.00006927
UNIUSDT,1714982400000,0.0001
UNIUSDT,1715011200000,0.0001
UNIUSDT,1715040000000,0.0001
UNIUSDT,1715068800000,0.0001
UNIUSDT,1715097600000,0.0001
UNIUSDT,1715126400000,0.0001
UNIUSDT,1715155200000,0.0001
UNIUSDT,1715184000000,0.0001
UNIUSDT,1715212800000,0.0001
UNIUSDT,1715241600000,0.0001
UNIUSDT,1715270400000,0.0001
UNIUSDT,1715299200000,0.0001
UNIUSDT,1715328000000,0.0001
UNIUSDT,1715356800000,0.0001
UNIUSDT,1715385600000,-0.00000793
UNIUSDT,1715414400000,-0.00003824
UNIUSDT,1715443200000,0.00006721
UNIUSDT,1715472000000,-0.00005637
UNIUSDT,1715500800000,-0.00001263
UNIUSDT,1715529600000,0.0001
UNIUSDT,1715558400001,0.00008712
UNIUSDT,1715587200001,0.00005651
UNIUSDT,1715616000000,0.0001
UNIUSDT,1715644800000,0.0001
UNIUSDT,1715673600000,0.0001
UNIUSDT,1715702400000,0.0001
UNIUSDT,1715731200000,-0.00000905
UNIUSDT,1715760000000,-0.00007429
UNIUSDT,1715788800000,0.0001
UNIUSDT,1715817600004,0.0001
UNIUSDT,1715846400000,0.0001
UNIUSDT,1715875200000,0.0001
UNIUSDT,1715904000000,0.0001
UNIUSDT,1715932800000,0.0001
UNIUSDT,1715961600000,0.0001
UNIUSDT,1715990400000,0.0001
UNIUSDT,1716019200000,-0.00001461
UNIUSDT,1716048000000,0.00008614
UNIUSDT,1716076800000,0.0001
UNIUSDT,1716105600000,0.00000745
UNIUSDT,1716134400000,0.00009628
UNIUSDT,1716163200000,0.0001
UNIUSDT,1716192000000,-0.00002865
UNIUSDT,1716220800003,0.0000747
UNIUSDT,1716249600000,0.0001
UNIUSDT,1716278400001,0.0001
UNIUSDT,1716307200000,0.0001
UNIUSDT,1716336000000,0.0001
UNIUSDT,1716364800000,0.0001
UNIUSDT,1716393600000,0.0001
UNIUSDT,1716422400000,0.0001
UNIUSDT,1716451200000,0.0001
UNIUSDT,1716480000000,0.0001
UNIUSDT,1716508800000,0.0001
UNIUSDT,1716537600000,0.0001
UNIUSDT,1716566400000,0.0001
UNIUSDT,1716595200000,0.0001
UNIUSDT,1716624000000,0.0001
UNIUSDT,1716652800000,0.0001
UNIUSDT,1716681600000,0.0001
UNIUSDT,1716710400000,0.0001
UNIUSDT,1716739200000,0.0001
UNIUSDT,1716768000000,0.0001
UNIUSDT,1716796800000,0.0001
UNIUSDT,1716825600000,0.0001
UNIUSDT,1716854400000,0.0001
UNIUSDT,1716883200000,0.00015529
UNIUSDT,1716912000000,0.00015026
UNIUSDT,1716940800001,0.00019465
UNIUSDT,1716969600000,0.0001
UNIUSDT,1716998400000,0.0001
UNIUSDT,1717027200000,0.0001
UNIUSDT,1717056000000,0.00015243
UNIUSDT,1717084800000,0.0001
UNIUSDT,1717113600000,0.0001
UNIUSDT,1717142400000,0.0001
UNIUSDT,1717171200000,0.0001
UNIUSDT,1717200000000,0.0001
UNIUSDT,1717228800000,0.0001
UNIUSDT,1717257600001,0.0001
UNIUSDT,1717286400000,0.00013532
UNIUSDT,1717315200000,0.00015708
UNIUSDT,1717344000000,0.00010016
UNIUSDT,1717372800000,0.0001
UNIUSDT,1717401600000,0.0001
UNIUSDT,1717430400000,0.0001
UNIUSDT,1717459200000,0.0001
UNIUSDT,1717488000000,0.0001
UNIUSDT,1717516800000,0.0001
UNIUSDT,1717545600000,0.0001412
UNIUSDT,1717574400000,0.0001
UNIUSDT,1717603200000,0.0001
UNIUSDT,1717632000000,0.0001
UNIUSDT,1717660800008,0.00014742
UNIUSDT,1717689600000,0.0001
UNIUSDT,1717718400000,0.00010571
UNIUSDT,1717747200000,0.00018639
UNIUSDT,1717776000000,0.0001658
UNIUSDT,1717804800000,0.0001
UNIUSDT,1717833600000,0.0001
UNIUSDT,1717862400000,0.0001
UNIUSDT,1717891200000,0.0001
UNIUSDT,1717920000000,0.0001
UNIUSDT,1717948800001,0.0001
UNIUSDT,1717977600000,0.0001
UNIUSDT,1718006400000,0.0001
UNIUSDT,1718035200001,0.0001
UNIUSDT,1718064000001,0.0001
UNIUSDT,1718092800000,0.0001
UNIUSDT,1718121600000,0.0001
UNIUSDT,1718150400000,0.0001
UNIUSDT,1718179200000,0.0001
UNIUSDT,1718208000000,0.0001
UNIUSDT,1718236800000,0.0001
UNIUSDT,1718265600001,0.0001
UNIUSDT,1718294400000,0.0001
UNIUSDT,1718323200000,0.0001
UNIUSDT,1718352000000,0.0001
UNIUSDT,1718380800000,0.0001
UNIUSDT,1718409600000,0.0001
UNIUSDT,1718438400000,0.0001
UNIUSDT,1718467200000,0.0001
UNIUSDT,1718496000001,0.0001
UNIUSDT,1718524800000,0.0001
UNIUSDT,1718553600000,0.0001
UNIUSDT,1718582400000,0.0001
UNIUSDT,1718611200000,0.0001
UNIUSDT,1718640000000,0.0001
UNIUSDT,1718668800000,0.0001
UNIUSDT,1718697600000,0.00006317
UNIUSDT,1718726400000,0.0001
UNIUSDT,1718755200001,0.00002529
UNIUSDT,1718784000001,0.00009772
UNIUSDT,1718812800000,0.0001
UNIUSDT,1718841600000,0.0001
UNIUSDT,1718870400000,0.0001
UNIUSDT,1718899200000,0.00003971
UNIUSDT,1718928000000,0.0001
UNIUSDT,1718956800000,0.00008524
UNIUSDT,1718985600000,0.0001
UNIUSDT,1719014400000,-0.00006686
UNIUSDT,1719043200000,0.00007975
UNIUSDT,1719072000000,0.0001
UNIUSDT,1719100800000,0.0001
UNIUSDT,1719129600000,0.00002288
UNIUSDT,1719158400000,0.0001
UNIUSDT,1719187200002,0.0001
UNIUSDT,1719216000000,0.0001
UNIUSDT,1719244800000,0.00006262
UNIUSDT,1719273600000,0.00004015
UNIUSDT,1719302400000,0.00009318
UNIUSDT,1719331200000,0.0001
UNIUSDT,1719360000002,0.0001
UNIUSDT,1719388800000,0.0001
UNIUSDT,1719417600000,0.0001
UNIUSDT,1719446400000,0.0001
UNIUSDT,1719475200001,0.0001
UNIUSDT,1719504000000,0.0001
UNIUSDT,1719532800000,0.0001
UNIUSDT,1719561600000,0.0001
UNIUSDT,1719590400000,0.0001
UNIUSDT,1719619200001,0.00006232
UNIUSDT,1719648000000,-0.00006295
UNIUSDT,1719676800000,-0.00002858
UNIUSDT,1719705600000,0.00005851
UNIUSDT,1719734400000,0.0001
UNIUSDT,1719763200000,0.00007921
UNIUSDT,1719792000000,0.0001
UNIUSDT,1719820800000,0.0001
UNIUSDT,1719849600001,0.0001
UNIUSDT,1719878400000,0.0001
UNIUSDT,1719907200000,0.0001
UNIUSDT,1719936000000,0.0001
UNIUSDT,1719964800000,0.0001
UNIUSDT,1719993600001,0.0001
UNIUSDT,1720022400000,0.0001
UNIUSDT,1720051200000,0.0001
UNIUSDT,1720080000000,0.00008486
UNIUSDT,1720108800000,0.0001
UNIUSDT,1720137600000,0.00006933
UNIUSDT,1720166400000,0.00004423
UNIUSDT,1720195200000,0.0000345
UNIUSDT,1720224000000,0.00009315
UNIUSDT,1720252800000,0.0001
UNIUSDT,1720281600000,0.00009284
UNIUSDT,1720310400001,0.00005813
UNIUSDT,1720339200000,0.00007974
UNIUSDT,1720368000000,0.00005139
UNIUSDT,1720396800000,0.0001
UNIUSDT,1720425600000,0.00001959
UNIUSDT,1720454400000,0.0001
UNIUSDT,1720483200000,0.00003514
UNIUSDT,1720512000001,0.00007424
UNIUSDT,1720540800000,0.0001
UNIUSDT,1720569600000,0.00005693
UNIUSDT,1720598400000,0.0001
UNIUSDT,1720627200000,0.0001
UNIUSDT,1720656000002,0.0001
UNIUSDT,1720684800002,0.0001
UNIUSDT,1720713600004,0.00001654
UNIUSDT,1720742400000,0.0001
UNIUSDT,1720771200000,0.0001
UNIUSDT,1720800000000,0.00009818
UNIUSDT,1720828800000,0.0001
UNIUSDT,1720857600000,0.0001
UNIUSDT,1720886400000,0.00004826
UNIUSDT,1720915200000,0.0001
UNIUSDT,1720944000000,0.0001
UNIUSDT,1720972800000,0.0001
UNIUSDT,1721001600000,0.0001
UNIUSDT,1721030400000,0.0001
UNIUSDT,1721059200000,0.00003789
UNIUSDT,1721088000000,0.0001
UNIUSDT,1721116800000,0.00007333
UNIUSDT,1721145600000,-0.00002107
UNIUSDT,1721174400000,0.00005755
UNIUSDT,1721203200001,0.0001
UNIUSDT,1721232000000,0.00008693
UNIUSDT,1721260800000,0.0000815
UNIUSDT,1721289600000,0.0001
UNIUSDT,1721318400000,0.0001
UNIUSDT,1721347200000,0.00009977
UNIUSDT,1721376000000,0.0001
UNIUSDT,1721404800000,0.0001
UNIUSDT,1721433600001,-0.00004271
UNIUSDT,1721462400000,0.0001
UNIUSDT,1721491200000,0.00001021
UNIUSDT,1721520000000,0.00009138
UNIUSDT,1721548800000,0.00005651
UNIUSDT,1721577600000,0.00001482
UNIUSDT,1721606400000,0.0001
UNIUSDT,1721635200000,0.0001
UNIUSDT,1721664000000,0.00008047
UNIUSDT,1721692800000,0.0001
UNIUSDT,1721721600000,0.00000496
UNIUSDT,1721750400000,0.00005549
UNIUSDT,1721779200000,0.0001
UNIUSDT,1721808000000,0.0001
UNIUSDT,1721836800000,0.00007503
UNIUSDT,1721865600000,0.00001016
UNIUSDT,1721894400000,0.00007908
UNIUSDT,1721923200000,0.00005126
UNIUSDT,1721952000000,0.00003927
UNIUSDT,1721980800000,0.00004644
UNIUSDT,1722009600000,0.0001
UNIUSDT,1722038400000,0.0001
UNIUSDT,1722067200000,0.0001
UNIUSDT,1722096000000,0.0001
UNIUSDT,1722124800000,0.00008357
UNIUSDT,1722153600000,-0.00005332
UNIUSDT,1722182400001,-0.00005028
UNIUSDT,1722211200001,-0.000038
UNIUSDT,1722240000000,0.0001
UNIUSDT,1722268800001,0.0001
UNIUSDT,1722297600000,0.0000991
UNIUSDT,1722326400001,0.0001
UNIUSDT,1722355200000,0.00008895
UNIUSDT,1722384000000,-0.00001067
UNIUSDT,1722412800000,0.0001
UNIUSDT,1722441600000,0.00004048
UNIUSDT,1722470400000,-0.00002284
UNIUSDT,1722499200000,-0.00000226
UNIUSDT,1722528000000,0.00000634
UNIUSDT,1722556800000,0.0001
UNIUSDT,1722585600001,0.00006805
UNIUSDT,1722614400000,0.00000467
UNIUSDT,1722643200000,-0.00005953
UNIUSDT,1722672000000,-0.00003537
UNIUSDT,1722700800001,0.00002982
UNIUSDT,1722729600000,-0.00008847
UNIUSDT,1722758400000,-0.00009593
UNIUSDT,1722787200000,0.00004611
UNIUSDT,1722816000000,0.00007232
UNIUSDT,1722844800000,-0.00000058
UNIUSDT,1722873600000,0.00001686
UNIUSDT,1722902400000,-0.00005726
UNIUSDT,1722931200000,-0.00000204
UNIUSDT,1722960000000,0.00009544
UNIUSDT,1722988800000,0.00008656
UNIUSDT,1723017600001,0.00000472
UNIUSDT,1723046400000,0.00009256
UNIUSDT,1723075200001,0.00007505
UNIUSDT,1723104000000,0.00004374
UNIUSDT,1723132800000,0.00007891
UNIUSDT,1723161600000,0.00006973
UNIUSDT,1723190400000,0.00000117
UNIUSDT,1723219200000,0.0001
UNIUSDT,1723248000000,0.00007218
UNIUSDT,1723276800000,0.00001901
UNIUSDT,1723305600000,0.00008731
UNIUSDT,1723334400000,-0.00002835
UNIUSDT,1723363200000,0.00003528
UNIUSDT,1723392000001,0.00002901
UNIUSDT,1723420800000,-0.00000976
UNIUSDT,1723449600000,0.00002414
UNIUSDT,1723478400000,0.00006441
UNIUSDT,1723507200000,-0.00002784
UNIUSDT,1723536000000,-0.00007652
UNIUSDT,1723564800000,-0.00002123
UNIUSDT,1723593600000,0.0001
UNIUSDT,1723622400000,-0.00006488
UNIUSDT,1723651200000,0.00001367
UNIUSDT,1723680000000,0.00007169
UNIUSDT,1723708800000,0.00008576
UNIUSDT,1723737600000,-0.00004054
UNIUSDT,1723766400000,-0.00008906
UNIUSDT,1723795200000,0.0001
UNIUSDT,1723824000000,0.00001138
UNIUSDT,1723852800000,0.00004045
UNIUSDT,1723881600000,-0.00001688
UNIUSDT,1723910400000,-0.000053
UNIUSDT,1723939200000,0.00006374
UNIUSDT,1723968000000,0.00007368
UNIUSDT,1723996800000,-0.00004757
UNIUSDT,1724025600000,-0.00009731
UNIUSDT,1724054400000,0.00006018
UNIUSDT,1724083200002,0.00004948
UNIUSDT,1724112000000,0.00006918
UNIUSDT,1724140800000,0.0001
UNIUSDT,1724169600001,0.00003381
UNIUSDT,1724198400001,-0.00003129
UNIUSDT,1724227200000,0.00008845
UNIUSDT,1724256000001,0.00007827
UNIUSDT,1724284800000,0.0001
UNIUSDT,1724313600000,0.00004753
UNIUSDT,1724342400008,0.0001
UNIUSDT,1724371200000,0.0001
UNIUSDT,1724400000000,0.00003503
UNIUSDT,1724428800000,0.0001
UNIUSDT,1724457600000,0.00004769
UNIUSDT,1724486400005,0.00007292
UNIUSDT,1724515200000,0.0001
UNIUSDT,1724544000000,0.0001
UNIUSDT,1724572800000,0.00000619
UNIUSDT,1724601600000,0.0001
UNIUSDT,1724630400000,-0.00002274
UNIUSDT,1724659200001,0.00007792
UNIUSDT,1724688000000,0.00005572
UNIUSDT,1724716800001,0.00003167
UNIUSDT,1724745600000,0.00003428
UNIUSDT,1724774400000,0.00003411
UNIUSDT,1724803200000,-0.00009736
UNIUSDT,1724832000000,-0.00008273
UNIUSDT,1724860800001,-0.00012096
UNIUSDT,1724889600000,-0.00005893
UNIUSDT,1724918400001,-0.00006453
UNIUSDT,1724947200000,-0.00002676
UNIUSDT,1724976000000,-0.00006321
UNIUSDT,1725004800000,0.00004569
UNIUSDT,1725033600000,0.00004128
UNIUSDT,1725062400000,0.00005977
UNIUSDT,1725091200000,0.0000438
UNIUSDT,1725120000000,0.00002335
UNIUSDT,1725148800000,0.00005035
UNIUSDT,1725177600001,0.00001266
UNIUSDT,1725206400000,-0.00001393
UNIUSDT,1725235200001,-0.00015285
UNIUSDT,1725264000001,-0.0000344
UNIUSDT,1725292800000,0.00005573
UNIUSDT,1725321600000,0.0001
UNIUSDT,1725350400001,0.0001
UNIUSDT,1725379200000,0.00007687
UNIUSDT,1725408000000,0.00004761
UNIUSDT,1725436800000,-0.00002194
UNIUSDT,1725465600000,-0.00001123
UNIUSDT,1725494400000,0.00007322
UNIUSDT,1725523200000,0.00004033
UNIUSDT,1725552000005,0.00007611
UNIUSDT,1725580800000,0.00009543
UNIUSDT,1725609600001,0.0001
UNIUSDT,1725638400000,0.0001
UNIUSDT,1725667200000,0.00005399
UNIUSDT,1725696000000,0.00005943
UNIUSDT,1725724800000,0.00006142
UNIUSDT,1725753600000,0.00005582
UNIUSDT,1725782400000,0.00002315
UNIUSDT,1725811200000,0.00008396
UNIUSDT,1725840000000,-0.00002764
UNIUSDT,1725868800000,0.0000517
UNIUSDT,1725897600001,0.0000443
UNIUSDT,1725926400000,0.0001
UNIUSDT,1725955200000,0.00004887
UNIUSDT,1725984000000,-0.00001623
UNIUSDT,1726012800000,-0.00000563
UNIUSDT,1726041600000,-0.00002144
UNIUSDT,1726070400000,-0.00002348
UNIUSDT,1726099200000,0.00005125
UNIUSDT,1726128000000,-0.00011816
UNIUSDT,1726156800000,-0.00005025
UNIUSDT,1726185600000,-0.00001817
UNIUSDT,1726214400001,-0.00000584
UNIUSDT,1726243200001,0.00006073
UNIUSDT,1726272000000,0.0000022
UNIUSDT,1726300800000,0.0000391
UNIUSDT,1726329600001,-0.00013647
UNIUSDT,1726358400000,0.00003684
UNIUSDT,1726387200000,0.00006443
UNIUSDT,1726416000000,0.00007163
UNIUSDT,1726444800000,0.0001
UNIUSDT,1726473600001,-0.00000764
UNIUSDT,1726502400000,-0.00001662
UNIUSDT,1726531200001,0.00001721
UNIUSDT,1726560000000,-0.00000787
UNIUSDT,1726588800000,0.00007769
UNIUSDT,1726617600000,0.00007527
UNIUSDT,1726646400000,-0.00001856
UNIUSDT,1726675200004,0.00001423
UNIUSDT,1726704000000,0.00003465
UNIUSDT,1726732800000,0.0001
UNIUSDT,1726761600001,0.00006311
UNIUSDT,1726790400000,0.00004127
UNIUSDT,1726819200001,0.00005109
UNIUSDT,1726848000000,0.00005272
UNIUSDT,1726876800001,0.00004501
UNIUSDT,1726905600000,0.0001
UNIUSDT,1726934400000,0.0001
UNIUSDT,1726963200000,0.0001
UNIUSDT,1726992000000,0.00007609
UNIUSDT,1727020800000,-0.00001605
UNIUSDT,1727049600000,0.00003953
UNIUSDT,1727078400000,0.00008821
UNIUSDT,1727107200000,0.00009614
UNIUSDT,1727136000000,0.0001
UNIUSDT,1727164800000,0.0001
UNIUSDT,1727193600001,0.0001
UNIUSDT,1727222400000,0.0001
UNIUSDT,1727251200003,0.0001
UNIUSDT,1727280000000,0.0001
UNIUSDT,1727308800005,0.0001
UNIUSDT,1727337600000,0.0001
UNIUSDT,1727366400000,0.0001
UNIUSDT,1727395200000,0.0001
UNIUSDT,1727424000000,0.0001
UNIUSDT,1727452800000,0.00005307
UNIUSDT,1727481600000,0.0001
UNIUSDT,1727510400001,0.0001
UNIUSDT,1727539200000,0.0001
UNIUSDT,1727568000001,0.0001
UNIUSDT,1727596800000,0.0001
UNIUSDT,1727625600000,0.0001
UNIUSDT,1727654400000,0.0001
UNIUSDT,1727683200001,0.0001
UNIUSDT,1727712000000,0.00009209
UNIUSDT,1727740800000,0.00004886
UNIUSDT,1727769600000,0.0001
UNIUSDT,1727798400001,0.00004618
UNIUSDT,1727827200000,0.00004796
UNIUSDT,1727856000000,-0.00001999
UNIUSDT,1727884800000,0.0001
UNIUSDT,1727913600000,0.00001096
UNIUSDT,1727942400000,-0.00004919
UNIUSDT,1727971200000,-0.00002789
UNIUSDT,1728000000000,0.00004613
UNIUSDT,1728028800000,-0.00001434
UNIUSDT,1728057600001,-0.00006838
UNIUSDT,1728086400000,-0.00008689
UNIUSDT,1728115200000,-0.00000215
UNIUSDT,1728144000000,0.00006753
UNIUSDT,1728172800000,0.00000342
UNIUSDT,1728201600001,0.00006158
UNIUSDT,1728230400000,-0.00002359
UNIUSDT,1728259200000,0.00004523
UNIUSDT,1728288000000,0.00008943
UNIUSDT,1728316800001,0.0001
UNIUSDT,1728345600000,0.0001
UNIUSDT,1728374400000,0.0001
UNIUSDT,1728403200000,0.0001
UNIUSDT,1728432000000,0.0001
UNIUSDT,1728460800000,0.0001
UNIUSDT,1728489600000,0.0001
UNIUSDT,1728518400000,0.0001
UNIUSDT,1728547200000,0.00008626
UNIUSDT,1728576000000,-0.00013185
UNIUSDT,1728604800000,0.0001
UNIUSDT,1728633600000,-0.00003117
UNIUSDT,1728662400001,0.0001
UNIUSDT,1728691200000,0.0001
UNIUSDT,1728720000001,0.0001
UNIUSDT,1728748800000,0.0001
UNIUSDT,1728777600000,0.0001
UNIUSDT,1728806400000,0.0001
UNIUSDT,1728835200000,0.0001
UNIUSDT,1728864000000,0.0001
UNIUSDT,1728892800000,0.00004931
UNIUSDT,1728921600000,0.0001
UNIUSDT,1728950400000,0.0001
UNIUSDT,1728979200000,0.0001
UNIUSDT,1729008000000,0.0001
UNIUSDT,1729036800000,0.0001
UNIUSDT,1729065600001,0.0001
UNIUSDT,1729094400000,0.0001
UNIUSDT,1729123200000,0.0001
UNIUSDT,1729152000000,0.0001
UNIUSDT,1729180800001,0.0001
UNIUSDT,1729209600010,0.0001
UNIUSDT,1729238400001,0.0001
UNIUSDT,1729267200000,0.0001
UNIUSDT,1729296000000,0.0001
UNIUSDT,1729324800000,0.0001
UNIUSDT,1729353600000,0.0001
UNIUSDT,1729382400000,0.0001
UNIUSDT,1729411200000,0.0001
UNIUSDT,1729440000000,0.0001
UNIUSDT,1729468800000,0.0001
UNIUSDT,1729497600000,0.0001
UNIUSDT,1729526400000,0.0001
UNIUSDT,1729555200000,0.0001
UNIUSDT,1729584000000,0.0001
UNIUSDT,1729612800000,0.0001
UNIUSDT,1729641600000,0.0001
UNIUSDT,1729670400000,0.0001
UNIUSDT,1729699200000,0.0001
UNIUSDT,1729728000000,0.0001
UNIUSDT,1729756800000,0.0001
UNIUSDT,1729785600000,0.0001
UNIUSDT,1729814400000,0.0001
UNIUSDT,1729843200000,0.0001
UNIUSDT,1729872000000,0.0001
UNIUSDT,1729900800000,0.0001
UNIUSDT,1729929600001,0.0001
UNIUSDT,1729958400000,0.00004768
UNIUSDT,1729987200000,0.0001
UNIUSDT,1730016000000,0.0001
UNIUSDT,1730044800000,0.0001
UNIUSDT,1730073600000,0.0001
UNIUSDT,1730102400001,0.0001
UNIUSDT,1730131200000,0.0001
UNIUSDT,1730160000000,0.0001
UNIUSDT,1730188800000,0.0001
UNIUSDT,1730217600004,0.0001
UNIUSDT,1730246400000,0.0001
UNIUSDT,1730275200000,0.0001
UNIUSDT,1730304000013,0.0001
UNIUSDT,1730332800000,0.0001
UNIUSDT,1730361600000,0.0001
UNIUSDT,1730390400000,0.0001
UNIUSDT,1730419200000,0.0001
UNIUSDT,1730448000000,0.0001
UNIUSDT,1730476800000,0.0001
UNIUSDT,1730505600000,0.0001
UNIUSDT,1730534400000,0.0001
UNIUSDT,1730563200000,0.0001
UNIUSDT,1730592000000,0.0001
UNIUSDT,1730620800000,0.0001
UNIUSDT,1730649600000,0.0001
UNIUSDT,1730678400000,0.0001
UNIUSDT,1730707200000,0.00005649
UNIUSDT,1730736000000,0.00006627
UNIUSDT,1730764800000,0.0001
UNIUSDT,1730793600003,0.0001
UNIUSDT,1730822400001,0.0001
UNIUSDT,1730851200000,0.0001
UNIUSDT,1730880000000,0.0001
UNIUSDT,1730908800000,0.0001
UNIUSDT,1730937600000,0.0001
UNIUSDT,1730966400000,0.0001
UNIUSDT,1730995200000,0.0001
UNIUSDT,1731024000000,0.0001
UNIUSDT,1731052800000,0.0001
UNIUSDT,1731081600000,0.0001
UNIUSDT,1731110400000,0.0001
UNIUSDT,1731139200000,0.0001
UNIUSDT,1731168000000,0.0001
UNIUSDT,1731196800000,0.0001
UNIUSDT,1731225600000,0.0001
UNIUSDT,1731254400000,0.000301
UNIUSDT,1731283200001,0.00027402
UNIUSDT,1731312000000,0.00015892
UNIUSDT,1731340800000,0.0001
UNIUSDT,1731369600002,0.00031981
UNIUSDT,1731398400000,0.00030741
UNIUSDT,1731427200000,0.00022642
UNIUSDT,1731456000000,0.0001
UNIUSDT,1731484800010,0.0001
UNIUSDT,1731513600000,0.0001
UNIUSDT,1731542400001,0.0001
UNIUSDT,1731571200000,0.0001
UNIUSDT,1731600000000,0.0001
UNIUSDT,1731628800000,0.0001
UNIUSDT,1731657600000,0.0001
UNIUSDT,1731686400000,0.0001
UNIUSDT,1731715200001,0.0001
UNIUSDT,1731744000001,0.0001
UNIUSDT,1731772800000,0.00013577
UNIUSDT,1731801600000,0.0001
UNIUSDT,1731830400000,0.0001
UNIUSDT,1731859200001,0.00016418
UNIUSDT,1731888000000,0.0001
UNIUSDT,1731916800000,0.00020489
UNIUSDT,1731945600000,0.0001901
UNIUSDT,1731974400000,0.00012388
UNIUSDT,1732003200000,0.00029908
UNIUSDT,1732032000000,0.00021138
UNIUSDT,1732060800003,0.00011115
UNIUSDT,1732089600000,0.0001
UNIUSDT,1732118400000,0.0001
UNIUSDT,1732147200001,0.0001
UNIUSDT,1732176000000,0.0001
UNIUSDT,1732204800001,0.0001
UNIUSDT,1732233600000,0.0001
UNIUSDT,1732262400000,0.00015695
UNIUSDT,1732291200001,0.00020375
UNIUSDT,1732320000000,0.00015673
UNIUSDT,1732348800000,0.00034956
UNIUSDT,1732377600000,0.00037251
UNIUSDT,1732406400001,0.00028777
UNIUSDT,1732435200000,0.00029738
UNIUSDT,1732464000000,0.00020256
UNIUSDT,1732492800000,0.00026497
UNIUSDT,1732521600000,0.00018378
UNIUSDT,1732550400000,0.00021439
UNIUSDT,1732579200000,0.00018165
UNIUSDT,1732608000000,0.0001
UNIUSDT,1732636800000,0.0001
UNIUSDT,1732665600000,0.00013925
UNIUSDT,1732694400000,0.00017515
UNIUSDT,1732723200001,0.00028864
UNIUSDT,1732752000000,0.00019005
UNIUSDT,1732780800000,0.0001
UNIUSDT,1732809600000,0.0001
UNIUSDT,1732838400000,0.00023229
UNIUSDT,1732867200000,0.00022307
UNIUSDT,1732896000000,0.00014661
UNIUSDT,1732924800000,0.00016881
UNIUSDT,1732953600000,0.00012541
UNIUSDT,1732982400000,0.00010898
UNIUSDT,1733011200000,0.00025219
UNIUSDT,1733040000000,0.0001889
UNIUSDT,1733068800000,0.00027384
UNIUSDT,1733097600001,0.00037108
UNIUSDT,1733126400001,0.0001706
UNIUSDT,1733155200000,0.00029607
UNIUSDT,1733184000000,0.00032871
UNIUSDT,1733212800000,0.00029555
UNIUSDT,1733241600000,0.00028507
UNIUSDT,1733270400000,0.00045432
UNIUSDT,1733299200000,0.00048495
UNIUSDT,1733328000000,0.00043843
UNIUSDT,1733356800001,0.00033262
UNIUSDT,1733385600000,0.00051631
UNIUSDT,1733414400000,0.00040979
UNIUSDT,1733443200000,0.00036547
UNIUSDT,1733472000000,0.00034272
UNIUSDT,1733500800000,0.00023898
UNIUSDT,1733529600000,0.00055069
UNIUSDT,1733558400000,0.00029504
UNIUSDT,1733587200000,0.00027345
UNIUSDT,1733616000000,0.00038534
UNIUSDT,1733644800000,0.00036933
UNIUSDT,1733673600000,0.00038101
UNIUSDT,1733702400000,0.00019938
UNIUSDT,1733731200000,0.00029092
UNIUSDT,1733760000001,0.0001
UNIUSDT,1733788800007,0.0001
UNIUSDT,1733817600000,0.0001
UNIUSDT,1733846400000,0.0001
UNIUSDT,1733875200000,0.0001
UNIUSDT,1733904000000,0.0001
UNIUSDT,1733932800001,0.0001
UNIUSDT,1733961600001,0.0001
UNIUSDT,1733990400000,0.0001
UNIUSDT,1734019200001,0.0001
UNIUSDT,1734048000000,0.0001
UNIUSDT,1734076800000,0.0001
UNIUSDT,1734105600001,0.0001
UNIUSDT,1734134400000,0.0001
UNIUSDT,1734163200000,0.0001
UNIUSDT,1734192000000,0.0001
UNIUSDT,1734220800000,0.0001
UNIUSDT,1734249600000,0.0001
UNIUSDT,1734278400000,0.0001
UNIUSDT,1734307200000,0.0001
UNIUSDT,1734336000001,0.0001
UNIUSDT,1734364800000,0.0001
UNIUSDT,1734393600000,0.0001
UNIUSDT,1734422400000,0.0001
UNIUSDT,1734451200000,0.0001
UNIUSDT,1734480000000,0.0001
UNIUSDT,1734508800000,0.0001
UNIUSDT,1734537600000,0.0001
UNIUSDT,1734566400000,0.0001
UNIUSDT,1734595200000,0.0001
UNIUSDT,1734624000000,0.0001
UNIUSDT,1734652800000,0.0001
UNIUSDT,1734681600001,0.0001
UNIUSDT,1734710400014,0.00009169
UNIUSDT,1734739200000,0.0001
UNIUSDT,1734768000000,0.0001
UNIUSDT,1734796800001,0.0001
UNIUSDT,1734825600000,0.00001048
UNIUSDT,1734854400000,0.00004283
UNIUSDT,1734883200000,0.00002815
UNIUSDT,1734912000000,0.00009693
UNIUSDT,1734940800000,0.0001
UNIUSDT,1734969600001,0.00006243
UNIUSDT,1734998400000,0.0001
UNIUSDT,1735027200000,0.0001
UNIUSDT,1735056000001,0.0001
UNIUSDT,1735084800001,0.0001
UNIUSDT,1735113600000,0.0001
UNIUSDT,1735142400000,0.00007476
UNIUSDT,1735171200000,0.00005336
UNIUSDT,1735200000000,0.0001
UNIUSDT,1735228800000,0.00007551
UNIUSDT,1735257600000,0.00001041
UNIUSDT,1735286400000,0.00009573
UNIUSDT,1735315200000,0.0001
UNIUSDT,1735344000001,0.0001
UNIUSDT,1735372800000,0.0001
UNIUSDT,1735401600000,0.0001
UNIUSDT,1735430400000,0.0001
UNIUSDT,1735459200000,0.0001
UNIUSDT,1735488000000,0.0001
UNIUSDT,1735516800000,0.0001
UNIUSDT,1735545600001,0.0001
UNIUSDT,1735574400000,0.0001
UNIUSDT,1735603200000,0.0001
UNIUSDT,1735632000000,0.0001
UNIUSDT,1735660800000,0.0001
UNIUSDT,1735689600015,0.0001
UNIUSDT,1735718400000,0.0001
UNIUSDT,1735747200001,0.0001
UNIUSDT,1735776000000,0.0001
UNIUSDT,1735804800006,0.0001
UNIUSDT,1735833600000,0.0001
UNIUSDT,1735862400000,0.0001
UNIUSDT,1735891200000,0.0001
UNIUSDT,1735920000000,0.0001
UNIUSDT,1735948800000,0.0001
UNIUSDT,1735977600000,0.0001
UNIUSDT,1736006400000,0.0001
UNIUSDT,1736035200000,0.0001
UNIUSDT,1736064000000,0.0001
UNIUSDT,1736092800000,0.0001
UNIUSDT,1736121600000,0.0001
UNIUSDT,1736150400001,0.0001
UNIUSDT,1736179200000,0.0001
UNIUSDT,1736208000000,0.0001
UNIUSDT,1736236800000,0.0001
UNIUSDT,1736265600008,0.0001
UNIUSDT,1736294400001,0.00004977
UNIUSDT,1736323200000,0.0001
UNIUSDT,1736352000000,0.00007284
UNIUSDT,1736380800000,0.00002731
UNIUSDT,1736409600000,0.0001
UNIUSDT,1736438400000,0.0001
UNIUSDT,1736467200000,-0.0000656
UNIUSDT,1736496000000,-0.00002292
UNIUSDT,1736524800000,0.0001
UNIUSDT,1736553600000,0.0001
UNIUSDT,1736582400000,0.0001
UNIUSDT,1736611200000,-0.00001654
UNIUSDT,1736640000000,0.00002065
UNIUSDT,1736668800000,0.0000796
UNIUSDT,1736697600000,0.00004783
UNIUSDT,1736726400000,0.00002668
UNIUSDT,1736755200000,-0.00005745
UNIUSDT,1736784000000,0.00009487
UNIUSDT,1736812800000,0.00000299
UNIUSDT,1736841600000,0.00006651
UNIUSDT,1736870400000,0.00004792
UNIUSDT,1736899200000,0.0001
UNIUSDT,1736928000000,0.0001
UNIUSDT,1736956800000,0.0001
UNIUSDT,1736985600000,0.0001
UNIUSDT,1737014400000,0.0001
UNIUSDT,1737043200000,0.0001
UNIUSDT,1737072000004,0.0001
UNIUSDT,1737100800000,0.0001
UNIUSDT,1737129600008,0.0001
UNIUSDT,1737158400000,0.0001
UNIUSDT,1737187200007,0.0001
UNIUSDT,1737216000000,0.00007692
UNIUSDT,1737244800000,0.0001
UNIUSDT,1737273600000,0.0001
UNIUSDT,1737302400000,0.0001
UNIUSDT,1737331200000,0.0001
UNIUSDT,1737360000009,0.0001
UNIUSDT,1737388800000,0.0001
UNIUSDT,1737417600000,0.0001
UNIUSDT,1737446400000,0.0001
UNIUSDT,1737475200000,0.0001
UNIUSDT,1737504000000,0.0001
UNIUSDT,1737532800000,0.0001
UNIUSDT,1737561600000,0.0001
UNIUSDT,1737590400001,0.0001
UNIUSDT,1737619200000,0.0001
UNIUSDT,1737648000000,0.00009859
UNIUSDT,1737676800000,0.0001
UNIUSDT,1737705600000,0.0001
UNIUSDT,1737734400000,0.0001
UNIUSDT,1737763200000,0.00004189
UNIUSDT,1737792000000,0.00009113
UNIUSDT,1737820800001,0.00007817
UNIUSDT,1737849600000,0.00001359
UNIUSDT,1737878400000,0.00003916
UNIUSDT,1737907200000,0.0001
UNIUSDT,1737936000000,0.0001
UNIUSDT,1737964800000,0.00007391
UNIUSDT,1737993600000,0.00008771
UNIUSDT,1738022400000,0.0001
UNIUSDT,1738051200000,0.00000502
UNIUSDT,1738080000000,0.0001
UNIUSDT,1738108800000,-0.00003246
UNIUSDT,1738137600000,0.00001541
UNIUSDT,1738166400000,-0.00002412
UNIUSDT,1738195200000,0.00001087
UNIUSDT,1738224000000,0.00002678
UNIUSDT,1738252800000,0.00008648
UNIUSDT,1738281600000,0.00009274
UNIUSDT,1738310400000,0.0001
UNIUSDT,1738339200000,0.0001
UNIUSDT,1738368000000,0.0001
UNIUSDT,1738396800000,0.00009875
UNIUSDT,1738425600000,0.00005796
UNIUSDT,1738454400001,0.0001
UNIUSDT,1738483200000,0.00008783
UNIUSDT,1738512000000,0.00001327
UNIUSDT,1738540800000,0.00002125
UNIUSDT,1738569600000,-0.00022561
UNIUSDT,1738598400000,-0.0000731
UNIUSDT,1738627200000,-0.00023634
UNIUSDT,1738656000001,-0.00014734
UNIUSDT,1738684800000,0.00007685
UNIUSDT,1738713600001,0.00007641
UNIUSDT,1738742400001,0.00009683
UNIUSDT,1738771200000,0.00004088
UNIUSDT,1738800000001,0.00004216
UNIUSDT,1738828800001,-0.00002937
UNIUSDT,1738857600000,-0.00015515
UNIUSDT,1738886400000,-0.00010494
UNIUSDT,1738915200000,-0.00009676
UNIUSDT,1738944000000,-0.00001562
UNIUSDT,1738972800000,-0.00003775
UNIUSDT,1739001600000,0.00007509
UNIUSDT,1739030400000,0.00004595
UNIUSDT,1739059200000,0.0001
UNIUSDT,1739088000000,0.0001
UNIUSDT,1739116800000,0.00007817
UNIUSDT,1739145600000,0.00005932
UNIUSDT,1739174400000,0.00009542
UNIUSDT,1739203200000,0.00007375
UNIUSDT,1739232000000,0.00001473
UNIUSDT,1739260800000,0.00007125
UNIUSDT,1739289600000,0.00006746
UNIUSDT,1739318400000,-0.00001973
UNIUSDT,1739347200000,0.0000072
UNIUSDT,1739376000001,0.0001
UNIUSDT,1739404800001,0.00008054
UNIUSDT,1739433600000,0.00008808
UNIUSDT,1739462400001,0.00000822
UNIUSDT,1739491200000,-0.00006316
UNIUSDT,1739520000001,0.00005283
UNIUSDT,1739548800000,0.0000653
UNIUSDT,1739577600000,0.00006361
UNIUSDT,1739606400000,-0.00003421
UNIUSDT,1739635200000,0.00001096
UNIUSDT,1739664000000,0.00000294
UNIUSDT,1739692800000,0.00005809
UNIUSDT,1739721600000,0.00006041
UNIUSDT,1739750400000,0.00003286
UNIUSDT,1739779200000,0.00003962
UNIUSDT,1739808000000,0.00006482
UNIUSDT,1739836800000,0.00006026
UNIUSDT,1739865600000,-0.00007894
UNIUSDT,1739894400000,0.0000799
UNIUSDT,1739923200000,-0.00000246
UNIUSDT,1739952000000,0.00009852
UNIUSDT,1739980800000,0.00009139
UNIUSDT,1740009600000,0.00004135
UNIUSDT,1740038400000,0.0000539
UNIUSDT,1740067200000,0.00005959
UNIUSDT,1740096000001,0.00003353
UNIUSDT,1740124800000,0.0001
UNIUSDT,1740153600000,0.00007582
UNIUSDT,1740182400000,0.0001
UNIUSDT,1740211200000,0.00009677
UNIUSDT,1740240000000,-0.00002304
UNIUSDT,1740268800000,-0.00000146
UNIUSDT,1740297600000,0.00004239
UNIUSDT,1740326400000,0.0000283
UNIUSDT,1740355200000,0.00006962
UNIUSDT,1740384000000,0.00006392
UNIUSDT,1740412800000,0.0001
UNIUSDT,1740441600000,0.00001953
UNIUSDT,1740470400000,0.0000817
UNIUSDT,1740499200000,0.0001
UNIUSDT,1740528000000,0.00002477
UNIUSDT,1740556800000,0.0001
UNIUSDT,1740585600000,0.00001669
UNIUSDT,1740614400001,0.00009825
UNIUSDT,1740643200000,0.00007994
UNIUSDT,1740672000000,0.00007214
UNIUSDT,1740700800001,0.00003625
UNIUSDT,1740729600000,0.00005039
UNIUSDT,1740758400000,0.00000579
UNIUSDT,1740787200000,0.00009968
UNIUSDT,1740816000000,-0.0000134
UNIUSDT,1740844800001,0.00004495
UNIUSDT,1740873600000,0.00008158
UNIUSDT,1740902400000,-0.00007718
UNIUSDT,1740931200000,-0.00004975
UNIUSDT,1740960000001,0.0001
UNIUSDT,1740988800000,-0.00004064
UNIUSDT,1741017600000,0.00000105
UNIUSDT,1741046400001,-0.00010645
UNIUSDT,1741075200005,0.00004518
UNIUSDT,1741104000000,0.00008941
UNIUSDT,1741132800000,0.00008996
UNIUSDT,1741161600000,0.00007588
UNIUSDT,1741190400000,0.00006217
UNIUSDT,1741219200000,0.00004181
UNIUSDT,1741248000001,0.00003317
UNIUSDT,1741276800000,0.00004491
UNIUSDT,1741305600000,0.00002563
UNIUSDT,1741334400001,0.00003064
UNIUSDT,1741363200000,0.0001
UNIUSDT,1741392000000,0.00007424
UNIUSDT,1741420800001,0.00007671
UNIUSDT,1741449600001,0.0000635
UNIUSDT,1741478400001,-0.0000014
UNIUSDT,1741507200000,-0.00007675
UNIUSDT,1741536000000,0.00002594
UNIUSDT,1741564800000,-0.00009082
UNIUSDT,1741593600000,-0.00005524
UNIUSDT,1741622400000,0.00003117
UNIUSDT,1741651200000,-0.00012818
UNIUSDT,1741680000000,0.0001
UNIUSDT,1741708800001,0.00005963
UNIUSDT,1741737600000,0.00004277
UNIUSDT,1741766400000,0.00004298
UNIUSDT,1741795200001,0.00007138
UNIUSDT,1741824000000,0.0001
UNIUSDT,1741852800000,0.00008542
UNIUSDT,1741881600000,0.0001
UNIUSDT,1741910400000,0.00009967
UNIUSDT,1741939200000,0.00004832
UNIUSDT,1741968000000,0.0000047
UNIUSDT,1741996800000,0.00001107
UNIUSDT,1742025600000,0.00000961
UNIUSDT,1742054400000,-0.00005514
UNIUSDT,1742083200000,-0.00012752
UNIUSDT,1742112000000,0.00000262
UNIUSDT,1742140800000,-0.000035
UNIUSDT,1742169600000,0.00006371
UNIUSDT,1742198400000,0.000096
UNIUSDT,1742227200000,0.0000146
UNIUSDT,1742256000000,0.00003242
UNIUSDT,1742284800000,0.0000308
UNIUSDT,1742313600000,0.00009438
UNIUSDT,1742342400000,0.00003443
UNIUSDT,1742371200000,0.00007424
UNIUSDT,1742400000000,0.0001
UNIUSDT,1742428800000,0.0001
UNIUSDT,1742457600000,0.0000329
UNIUSDT,1742486400000,0.00007414
UNIUSDT,1742515200000,0.0001
UNIUSDT,1742544000000,0.00006173
UNIUSDT,1742572800000,0.00002948
UNIUSDT,1742601600000,-0.00007617
UNIUSDT,1742630400004,-0.00001769
UNIUSDT,1742659200000,-0.00011602
UNIUSDT,1742688000000,-0.00007554
UNIUSDT,1742716800000,-0.0000806
UNIUSDT,1742745600000,-0.00003449
UNIUSDT,1742774400000,-0.00002783
UNIUSDT,1742803200000,-0.00004159
UNIUSDT,1742832000000,0.00006373
UNIUSDT,1742860800001,0.00008358
UNIUSDT,1742889600000,0.0001
UNIUSDT,1742918400000,0.00004202
UNIUSDT,1742947200000,0.00006759
UNIUSDT,1742976000000,0.00004152
UNIUSDT,1743004800001,0.00000126
UNIUSDT,1743033600001,-0.00002318
UNIUSDT,1743062400001,0.0001
UNIUSDT,1743091200002,0.0001
UNIUSDT,1743120000001,0.0001
UNIUSDT,1743148800001,0.0001
UNIUSDT,1743177600000,0.00000212
UNIUSDT,1743206400000,0.0001
UNIUSDT,1743235200000,0.0001
UNIUSDT,1743264000000,0.00004189
UNIUSDT,1743292800000,0.00009876
UNIUSDT,1743321600000,0.00004047
UNIUSDT,1743350400000,0.00005576
UNIUSDT,1743379200000,0.00004279
UNIUSDT,1743408000000,0.00002374
UNIUSDT,1743436800000,0.00002308
UNIUSDT,1743465600000,-0.00001325
UNIUSDT,1743494400001,0.00000064
UNIUSDT,1743523200000,0.00008142
UNIUSDT,1743552000001,-0.00000276
UNIUSDT,1743580800000,0.0000519
UNIUSDT,1743609600000,0.00002606
UNIUSDT,1743638400000,-0.00002305
UNIUSDT,1743667200000,0.00006822
UNIUSDT,1743696000000,0.0000709
UNIUSDT,1743724800000,-0.00000753
UNIUSDT,1743753600000,0.00008172
UNIUSDT,1743782400000,0.00003797
UNIUSDT,1743811200000,0.00007502
UNIUSDT,1743840000000,0.00007354
UNIUSDT,1743868800000,0.00005291
UNIUSDT,1743897600000,-0.00001698
UNIUSDT,1743926400000,0.00006182
UNIUSDT,1743955200002,-0.00001139
UNIUSDT,1743984000000,-0.00002967
UNIUSDT,1744012800000,0.00003869
UNIUSDT,1744041600000,0.00000308
UNIUSDT,1744070400000,0.00008618
UNIUSDT,1744099200000,-0.00008985
UNIUSDT,1744128000000,0.00008743
UNIUSDT,1744156800000,0.0000128
UNIUSDT,1744185600001,0.00006224
UNIUSDT,1744214400000,0.00008194
UNIUSDT,1744243200000,0.0001
UNIUSDT,1744272000000,0.0001
UNIUSDT,1744300800000,0.00006358
UNIUSDT,1744329600001,0.00002975
UNIUSDT,1744358400000,0.00009218
UNIUSDT,1744387200000,0.00009084
UNIUSDT,1744416000000,0.00006748
UNIUSDT,1744444800001,-0.00001921
UNIUSDT,1744473600000,0.00003693
UNIUSDT,1744502400000,0.00004248
UNIUSDT,1744531200000,0.0000344
UNIUSDT,1744560000000,0.00003452
UNIUSDT,1744588800000,0.00001296
UNIUSDT,1744617600000,-0.00002132
UNIUSDT,1744646400000,-0.0000556
UNIUSDT,1744675200000,-0.00002664
UNIUSDT,1744704000000,-0.00011304
UNIUSDT,1744732800001,-0.00007892
UNIUSDT,1744761600000,0.00000885
UNIUSDT,1744790400000,0.00004892
UNIUSDT,1744819200000,0.00000479
UNIUSDT,1744848000001,0.00008008
UNIUSDT,1744876800000,0.0001
UNIUSDT,1744905600001,0.00003414
UNIUSDT,1744934400000,0.00009291
UNIUSDT,1744963200000,0.0001
UNIUSDT,1744992000000,0.00005032
UNIUSDT,1745020800000,0.00006546
UNIUSDT,1745049600000,0.0001
UNIUSDT,1745078400000,0.00005829
UNIUSDT,1745107200000,0.00009769
UNIUSDT,1745136000000,0.0001
UNIUSDT,1745164800000,0.00002282
UNIUSDT,1745193600000,0.0001
UNIUSDT,1745222400005,0.0001
UNIUSDT,1745251200003,0.0001
UNIUSDT,1745280000008,-0.0000053
UNIUSDT,1745308800000,0.00000991
UNIUSDT,1745337600000,0.0001
UNIUSDT,1745366400000,0.0001
UNIUSDT,1745395200002,0.0001
UNIUSDT,1745424000000,0.0001
UNIUSDT,1745452800000,0.0001
UNIUSDT,1745481600001,0.0001
UNIUSDT,1745510400001,0.0001
UNIUSDT,1745539200007,0.0001
UNIUSDT,1745568000002,0.0001
UNIUSDT,1745596800003,0.0001
UNIUSDT,1745625600002,0.0001
UNIUSDT,1745654400000,0.0001
UNIUSDT,1745683200002,0.0001
UNIUSDT,1745712000001,0.0001
UNIUSDT,1745740800000,0.00000814
UNIUSDT,1745769600000,0.00007385
UNIUSDT,1745798400001,0.00003255
UNIUSDT,1745827200003,-0.00001257
UNIUSDT,1745856000005,-0.00008997
UNIUSDT,1745884800000,0.00003977
UNIUSDT,1745913600000,0.00008465
UNIUSDT,1745942400010,0.00004167
UNIUSDT,1745971200001,-0.00003616
UNIUSDT,1746000000000,0.00001966
UNIUSDT,1746028800003,-0.00005414
UNIUSDT,1746057600000,0.00002276
UNIUSDT,1746086400000,0.00003963
UNIUSDT,1746115200001,-0.00002039
UNIUSDT,1746144000000,0.0001
UNIUSDT,1746172800000,-0.00007972
UNIUSDT,1746201600003,0.00006796
UNIUSDT,1746230400000,0.00007577
UNIUSDT,1746259200000,0.00000793
UNIUSDT,1746288000000,0.00006495
UNIUSDT,1746316800001,0.00007039
UNIUSDT,1746345600001,0.00002202
UNIUSDT,1746374400002,0.00003553
UNIUSDT,1746403200000,0.00000562
UNIUSDT,1746432000000,0.0001
UNIUSDT,1746460800006,-0.00000744
UNIUSDT,1746489600002,0.00004523
UNIUSDT,1746518400005,0.00007087
UNIUSDT,1746547200000,0.00003956
UNIUSDT,1746576000002,0.00006079
UNIUSDT,1746604800000,0.00007735
UNIUSDT,1746633600006,-0.00009437
UNIUSDT,1746662400000,0.0000883
UNIUSDT,1746691200001,0.0001
UNIUSDT,1746720000002,0.0001
UNIUSDT,1746748800001,0.0001
UNIUSDT,1746777600006,0.0001
UNIUSDT,1746806400000,0.0001
UNIUSDT,1746835200001,0.0001
UNIUSDT,1746864000000,0.0001
UNIUSDT,1746892800001,0.0001
UNIUSDT,1746921600000,0.0001
UNIUSDT,1746950400001,0.0001
UNIUSDT,1746979200001,0.0001
UNIUSDT,1747008000004,0.0001
UNIUSDT,1747036800000,0.0001
UNIUSDT,1747065600000,0.0001
UNIUSDT,1747094400000,0.0001
UNIUSDT,1747123200008,0.0001
UNIUSDT,1747152000001,0.0001
UNIUSDT,1747180800007,0.0001
UNIUSDT,1747209600000,0.0001
UNIUSDT,1747238400002,0.00005437
UNIUSDT,1747267200000,0.0001
UNIUSDT,1747296000003,0.0001
UNIUSDT,1747324800000,0.00007092
UNIUSDT,1747353600001,0.0000662
UNIUSDT,1747382400000,0.0001
UNIUSDT,1747411200000,0.0001
UNIUSDT,1747440000000,0.0001
UNIUSDT,1747468800001,0.00001839
UNIUSDT,1747497600004,0.00004377
UNIUSDT,1747526400000,0.00001679
UNIUSDT,1747555200000,0.00002509
UNIUSDT,1747584000000,0.00006449
UNIUSDT,1747612800000,0.00005581
UNIUSDT,1747641600006,0.00002923
UNIUSDT,1747670400010,0.00007268
UNIUSDT,1747699200000,0.0001
UNIUSDT,1747728000002,0.0000439
UNIUSDT,1747756800000,0.00005758
UNIUSDT,1747785600000,0.00006663
UNIUSDT,1747814400001,0.0001
UNIUSDT,1747843200004,0.00003994
UNIUSDT,1747872000001,0.00007846
UNIUSDT,1747900800000,0.0001
UNIUSDT,1747929600002,0.0001
UNIUSDT,1747958400006,0.0001
UNIUSDT,1747987200000,0.0001
UNIUSDT,1748016000007,0.00008216
UNIUSDT,1748044800010,0.00004047
UNIUSDT,1748073600000,0.00006717
UNIUSDT,1748102400003,0.00008685
UNIUSDT,1748131200004,0.00004164
UNIUSDT,1748160000000,0.00006956
UNIUSDT,1748188800000,0.00004232
UNIUSDT,1748217600000,0.0001
UNIUSDT,1748246400000,0.0001
UNIUSDT,1748275200002,0.0001
UNIUSDT,1748304000003,0.00007125
UNIUSDT,1748332800001,0.00006004
UNIUSDT,1748361600005,-0.00005262
UNIUSDT,1748390400002,-0.00000982
UNIUSDT,1748419200003,0.0001
UNIUSDT,1748448000002,0.0001
UNIUSDT,1748476800000,0.0001
UNIUSDT,1748505600006,0.00005279
UNIUSDT,1748534400000,-0.00006303
UNIUSDT,1748563200003,-0.00014572
UNIUSDT,1748592000003,-0.00006148
UNIUSDT,1748620800000,0.00007851
UNIUSDT,1748649600000,0.00001324
UNIUSDT,1748678400000,-0.00004715
UNIUSDT,1748707200000,-0.00004201
UNIUSDT,1748736000001,0.00000971
UNIUSDT,1748764800002,0.0001
UNIUSDT,1748793600000,0.0001
UNIUSDT,1748822400001,0.00007982
UNIUSDT,1748851200000,-0.00005702
UNIUSDT,1748880000000,0.0001
UNIUSDT,1748908800000,0.0001
UNIUSDT,1748937600000,-0.00005376
UNIUSDT,1748966400001,0.0001
UNIUSDT,1748995200000,0.0001
UNIUSDT,1749024000000,0.00008839
UNIUSDT,1749052800000,-0.0001379
UNIUSDT,1749081600016,-0.00003574
UNIUSDT,1749110400000,0.00001816
UNIUSDT,1749139200000,0.0000382
UNIUSDT,1749168000002,-0.00013274
UNIUSDT,1749196800000,-0.00004261
UNIUSDT,1749225600006,0.00004988
UNIUSDT,1749254400000,0.00008857
UNIUSDT,1749283200000,-0.00001474
UNIUSDT,1749312000002,0.0001
UNIUSDT,1749340800000,0.0001
UNIUSDT,1749369600000,0.0001
UNIUSDT,1749398400000,0.0001
UNIUSDT,1749427200000,0.0001
UNIUSDT,1749456000001,0.0001
UNIUSDT,1749484800001,0.0001
UNIUSDT,1749513600000,0.0001
UNIUSDT,1749542400001,0.0001
UNIUSDT,1749571200003,0.0001
UNIUSDT,1749600000000,0.0001
UNIUSDT,1749628800000,0.0001
UNIUSDT,1749657600010,0.0001
UNIUSDT,1749686400002,0.0001
UNIUSDT,1749715200003,0.0001
UNIUSDT,1749744000001,0.0001
UNIUSDT,1749772800000,0.0001
UNIUSDT,1749801600001,0.0000194
UNIUSDT,1749830400004,0.0000794
UNIUSDT,1749859200000,0.0001
UNIUSDT,1749888000000,0.00002787
UNIUSDT,1749916800000,0.00001951
UNIUSDT,1749945600005,-0.00005531
UNIUSDT,1749974400009,0.00006299
UNIUSDT,1750003200000,-0.0000313
UNIUSDT,1750032000000,0.00004717
UNIUSDT,1750060800000,0.00002449
UNIUSDT,1750089600003,0.0001
UNIUSDT,1750118400000,0.0001
UNIUSDT,1750147200006,0.0001
UNIUSDT,1750176000001,0.00003087
UNIUSDT,1750204800001,0.0001
UNIUSDT,1750233600001,-0.00001021
UNIUSDT,1750262400001,0.00005754
UNIUSDT,1750291200005,0.0001
UNIUSDT,1750320000003,0.0000806
UNIUSDT,1750348800000,0.0000578
UNIUSDT,1750377600000,0.00000626
UNIUSDT,1750406400002,-0.00000146
UNIUSDT,1750435200001,0.00006998
UNIUSDT,1750464000002,-0.00028812
UNIUSDT,1750492800005,-0.00008612
UNIUSDT,1750521600000,0.00002838
UNIUSDT,1750550400005,0.0001
UNIUSDT,1750579200000,-0.00006624
UNIUSDT,1750608000003,0.0001
UNIUSDT,1750636800000,-0.00012286
UNIUSDT,1750665600004,-0.00004944
UNIUSDT,1750694400013,-0.00004577
UNIUSDT,1750723200003,0.0001
UNIUSDT,1750752000000,0.0001
UNIUSDT,1750780800000,0.0001
UNIUSDT,1750809600005,0.00008183
UNIUSDT,1750838400000,0.0001
UNIUSDT,1750867200005,0.0001
UNIUSDT,1750896000000,0.0001
UNIUSDT,1750924800006,0.00006871
UNIUSDT,1750953600007,0.00004277
UNIUSDT,1750982400000,0.00005242
UNIUSDT,1751011200000,0.0001
UNIUSDT,1751040000009,0.00005032
UNIUSDT,1751068800001,0.00009226
UNIUSDT,1751097600002,0.00005658
UNIUSDT,1751126400000,0.0001
UNIUSDT,1751155200004,0.0001
UNIUSDT,1751184000001,-0.00006793
UNIUSDT,1751212800001,0.0001
UNIUSDT,1751241600000,0.0001
UNIUSDT,1751270400005,0.0001
UNIUSDT,1751299200002,0.0001
UNIUSDT,1751328000007,0.0001
UNIUSDT,1751356800002,0.00006148
UNIUSDT,1751385600000,0.00007321
UNIUSDT,1751414400001,-0.00007824
UNIUSDT,1751443200000,0.0001
UNIUSDT,1751472000003,0.0001
UNIUSDT,1751500800006,0.0001
UNIUSDT,1751529600003,0.0001
UNIUSDT,1751558400003,0.0001
UNIUSDT,1751587200005,0.0001
UNIUSDT,1751616000003,0.0001
UNIUSDT,1751644800001,-0.00004377
UNIUSDT,1751673600004,-0.00014692
UNIUSDT,1751702400009,0.00001298
UNIUSDT,1751731200006,0.00002758
UNIUSDT,1751760000001,0.0001
UNIUSDT,1751788800002,0.0001
UNIUSDT,1751817600004,0.0001
UNIUSDT,1751846400000,0.0001
UNIUSDT,1751875200007,0.0001
UNIUSDT,1751904000000,0.0001
UNIUSDT,1751932800010,0.0001
UNIUSDT,1751961600003,0.0001
UNIUSDT,1751990400000,0.0001
UNIUSDT,1752019200002,0.0001
UNIUSDT,1752048000006,0.00009764
UNIUSDT,1752076800001,0.0001
UNIUSDT,1752105600003,0.0001
UNIUSDT,1752134400000,0.0001
UNIUSDT,1752163200004,0.0001
UNIUSDT,1752192000004,0.0001
UNIUSDT,1752220800007,0.0001
UNIUSDT,1752249600001,0.0001
UNIUSDT,1752278400000,0.0001
UNIUSDT,1752307200001,0.0001
UNIUSDT,1752336000002,0.0001
UNIUSDT,1752364800006,0.0001
UNIUSDT,1752393600001,0.00002775
UNIUSDT,1752422400003,0.00009924
UNIUSDT,1752451200000,0.00009931
UNIUSDT,1752480000000,0.0001
UNIUSDT,1752508800000,0.0001
UNIUSDT,1752537600002,0.0001
UNIUSDT,1752566400000,0.0001
UNIUSDT,1752595200000,0.0001
UNIUSDT,1752624000000,0.0001
UNIUSDT,1752652800000,0.0001
UNIUSDT,1752681600008,0.0001
UNIUSDT,1752710400003,0.00006843
UNIUSDT,1752739200000,0.00002296
UNIUSDT,1752768000000,0.0001
UNIUSDT,1752796800004,0.0001
UNIUSDT,1752825600000,0.00031086
UNIUSDT,1752854400000,0.00010419
UNIUSDT,1752883200009,0.0001
UNIUSDT,1752912000000,0.0001
UNIUSDT,1752940800002,0.0001
UNIUSDT,1752969600000,0.0001
UNIUSDT,1752998400000,0.0001
UNIUSDT,1753027200000,0.0001
UNIUSDT,1753056000001,0.0001
UNIUSDT,1753084800000,0.0001
UNIUSDT,1753113600001,0.0001
UNIUSDT,1753142400000,0.0001
UNIUSDT,1753171200010,0.0001
UNIUSDT,1753200000007,0.0001
UNIUSDT,1753228800000,0.0001
UNIUSDT,1753257600004,0.0001
UNIUSDT,1753286400002,0.0001
UNIUSDT,1753315200000,0.0001
UNIUSDT,1753344000001,0.0001
UNIUSDT,1753372800000,0.0001
UNIUSDT,1753401600000,0.0001
UNIUSDT,1753430400000,0.0001
UNIUSDT,1753459200000,0.0001
UNIUSDT,1753488000001,0.0001
UNIUSDT,1753516800005,0.0001
UNIUSDT,1753545600001,0.0001
UNIUSDT,1753574400001,0.0001
UNIUSDT,1753603200000,0.0001
UNIUSDT,1753632000008,0.0001
UNIUSDT,1753660800005,0.0001
UNIUSDT,1753689600000,0.0001
UNIUSDT,1753718400000,0.0001
UNIUSDT,1753747200001,0.0001
UNIUSDT,1753776000000,0.0001
UNIUSDT,1753804800000,0.0001
UNIUSDT,1753833600011,0.0001
UNIUSDT,1753862400000,0.0001
UNIUSDT,1753891200008,0.00007896
UNIUSDT,1753920000000,0.0001
UNIUSDT,1753948800009,0.0001
UNIUSDT,1753977600000,0.00004053
UNIUSDT,1754006400001,0.0001
UNIUSDT,1754035200003,0.0001
UNIUSDT,1754064000000,0.0001
UNIUSDT,1754092800004,0.0001
UNIUSDT,1754121600000,0.00005471
UNIUSDT,1754150400000,0.00009163
UNIUSDT,1754179200000,0.0001
UNIUSDT,1754208000000,0.00003983
UNIUSDT,1754236800003,0.0001
UNIUSDT,1754265600004,-0.00001604
UNIUSDT,1754294400000,0.0001
UNIUSDT,1754323200002,0.0001
UNIUSDT,1754352000000,0.0001
UNIUSDT,1754380800000,0.0001
UNIUSDT,1754409600000,0.0001
UNIUSDT,1754438400005,0.00003916
UNIUSDT,1754467200000,0.0001
UNIUSDT,1754496000000,0.0001
UNIUSDT,1754524800003,0.00004288
UNIUSDT,1754553600002,0.0001
UNIUSDT,1754582400002,0.0001
UNIUSDT,1754611200002,0.0001
UNIUSDT,1754640000004,0.0001
UNIUSDT,1754668800000,0.0001
UNIUSDT,1754697600005,0.0001
UNIUSDT,1754726400000,0.0001
UNIUSDT,1754755200007,0.0001
UNIUSDT,1754784000003,0.0001
UNIUSDT,1754812800005,0.0001
UNIUSDT,1754841600002,0.0001
UNIUSDT,1754870400000,0.0001
UNIUSDT,1754899200000,0.0001
UNIUSDT,1754928000000,0.0001
UNIUSDT,1754956800000,0.0001
UNIUSDT,1754985600001,0.00004966
UNIUSDT,1755014400005,0.0001
UNIUSDT,1755043200000,0.0001
UNIUSDT,1755072000002,0.0001
UNIUSDT,1755100800006,0.0001
UNIUSDT,1755129600002,0.0001
UNIUSDT,1755158400003,0.0001
UNIUSDT,1755187200000,0.0001
UNIUSDT,1755216000000,0.0001
UNIUSDT,1755244800000,0.00006792
UNIUSDT,1755273600000,0.0001
UNIUSDT,1755302400004,0.0001
UNIUSDT,1755331200000,0.0001
UNIUSDT,1755360000002,0.0001
UNIUSDT,1755388800000,0.0001
UNIUSDT,1755417600001,0.0001
UNIUSDT,1755446400007,0.0001
UNIUSDT,1755475200000,0.0001
UNIUSDT,1755504000001,0.00007184
UNIUSDT,1755532800002,0.0000464
UNIUSDT,1755561600000,0.00004982
UNIUSDT,1755590400001,0.00008988
UNIUSDT,1755619200000,0.0000447
UNIUSDT,1755648000000,0.0001
UNIUSDT,1755676800000,0.00001017
UNIUSDT,1755705600000,0.0000226
UNIUSDT,1755734400006,0.0000666
UNIUSDT,1755763200000,0.0001
UNIUSDT,1755792000003,0.00008727
UNIUSDT,1755820800010,0.0001
UNIUSDT,1755849600007,0.00006843
UNIUSDT,1755878400001,0.00006875
UNIUSDT,1755907200004,0.0001
UNIUSDT,1755936000006,0.0001
UNIUSDT,1755964800000,0.0001
UNIUSDT,1755993600001,0.0001
UNIUSDT,1756022400002,0.0001
UNIUSDT,1756051200001,0.0001
UNIUSDT,1756080000000,0.0001
UNIUSDT,1756108800002,0.0001
UNIUSDT,1756137600002,0.00009676
UNIUSDT,1756166400000,0.00004551
UNIUSDT,1756195200000,0.00004433
UNIUSDT,1756224000000,0.0000395
UNIUSDT,1756252800003,-0.00001127
UNIUSDT,1756281600000,0.00007809
UNIUSDT,1756310400009,0.0001
UNIUSDT,1756339200000,0.0001
UNIUSDT,1756368000005,0.0001
UNIUSDT,1756396800004,0.0001
UNIUSDT,1756425600000,0.0001
UNIUSDT,1756454400000,0.0001
UNIUSDT,1756483200005,0.0001
UNIUSDT,1756512000000,0.0001
UNIUSDT,1756540800002,0.0001
UNIUSDT,1756569600003,0.0001
UNIUSDT,1756598400016,0.0001
UNIUSDT,1756627200000,0.0001
UNIUSDT,1756656000001,0.0001
UNIUSDT,1756684800000,0.0001
UNIUSDT,1756713600000,0.00005872
UNIUSDT,1756742400001,0.00009948
UNIUSDT,1756771200000,0.0001
UNIUSDT,1756800000005,0.00009048
UNIUSDT,1756828800007,0.0001
UNIUSDT,1756857600006,0.0001
UNIUSDT,1756886400002,0.0001
UNIUSDT,1756915200002,0.0001
UNIUSDT,1756944000002,0.0001
UNIUSDT,1756972800000,0.0001
UNIUSDT,1757001600000,0.00003463
UNIUSDT,1757030400001,0.00002991
UNIUSDT,1757059200006,0.00006557
UNIUSDT,1757088000000,0.0001
UNIUSDT,1757116800000,0.0001
UNIUSDT,1757145600005,0.0001
UNIUSDT,1757174400000,0.0001
UNIUSDT,1757203200000,0.0001
UNIUSDT,1757232000000,0.0001
UNIUSDT,1757260800000,0.0001
UNIUSDT,1757289600007,0.0001
UNIUSDT,1757318400000,0.0001
UNIUSDT,1757347200000,0.0001
UNIUSDT,1757376000000,0.0001
UNIUSDT,1757404800000,0.0001
UNIUSDT,1757433600000,0.0001
UNIUSDT,1757462400000,0.00000447
UNIUSDT,1757491200002,0.0001
UNIUSDT,1757520000000,0.0001
UNIUSDT,1757548800000,0.0001
UNIUSDT,1757577600000,0.0001
UNIUSDT,1757606400001,0.0001
UNIUSDT,1757635200002,0.0001
UNIUSDT,1757664000001,0.0001
UNIUSDT,1757692800005,0.0000394
UNIUSDT,1757721600005,0.0001
UNIUSDT,1757750400002,0.00004208
UNIUSDT,1757779200000,0.0001
UNIUSDT,1757808000006,0.0001
UNIUSDT,1757836800000,-0.00000763
UNIUSDT,1757865600001,-0.00002636
UNIUSDT,1757894400006,0.00002861
UNIUSDT,1757923200002,-0.00003413
UNIUSDT,1757952000001,-0.00000432
UNIUSDT,1757980800001,0.00005513
UNIUSDT,1758009600000,0.00004996
UNIUSDT,1758038400000,0.00008067
UNIUSDT,1758067200001,0.00001538
UNIUSDT,1758096000000,0.00006263
UNIUSDT,1758124800003,0.00004299
UNIUSDT,1758153600006,0.0001
UNIUSDT,1758182400002,0.0001
UNIUSDT,1758211200000,0.0001
UNIUSDT,1758240000000,0.0001
UNIUSDT,1758268800005,0.0001
UNIUSDT,1758297600000,0.00003335
UNIUSDT,1758326400000,-0.00002724
UNIUSDT,1758355200000,0.00007101
UNIUSDT,1758384000002,0.00003711
UNIUSDT,1758412800000,0.00007918
UNIUSDT,1758441600000,0.0001
UNIUSDT,1758470400000,0.00001118
UNIUSDT,1758499200005,0.00000479
UNIUSDT,1758528000003,-0.00001818
UNIUSDT,1758556800000,0.00002734
UNIUSDT,1758585600000,-0.0000311
UNIUSDT,1758614400001,0.0000006
UNIUSDT,1758643200000,-0.00001643
UNIUSDT,1758672000003,0.00004091
UNIUSDT,1758700800001,0.00008723
UNIUSDT,1758729600002,-0.00001561
UNIUSDT,1758758400000,-0.00001597
UNIUSDT,1758787200001,0.00002521
UNIUSDT,1758816000000,0.00008941
UNIUSDT,1758844800000,-0.00002897
UNIUSDT,1758873600000,0.0000404
UNIUSDT,1758902400008,0.00000051
UNIUSDT,1758931200000,0.0001
UNIUSDT,1758960000010,0.0001
UNIUSDT,1758988800003,0.0001
UNIUSDT,1759017600000,0.0001
UNIUSDT,1759046400000,0.00006481
UNIUSDT,1759075200000,0.00007957
UNIUSDT,1759104000000,0.00005967
UNIUSDT,1759132800002,0.00004812
UNIUSDT,1759161600001,0.00004661
UNIUSDT,1759190400002,0.00009572
UNIUSDT,1759219200005,0.00009047
UNIUSDT,1759248000000,0.00000352
UNIUSDT,1759276800000,0.0001
UNIUSDT,1759305600000,0.0001
UNIUSDT,1759334400000,0.00002263
UNIUSDT,1759363200000,0.00009321
UNIUSDT,1759392000013,0.0001
UNIUSDT,1759420800000,0.0001
UNIUSDT,1759449600006,0.0001
UNIUSDT,1759478400006,0.0001
UNIUSDT,1759507200000,0.0001
UNIUSDT,1759536000001,0.0001
UNIUSDT,1759564800000,0.00004938
UNIUSDT,1759593600000,0.00006261
UNIUSDT,1759622400000,0.00002884
UNIUSDT,1759651200003,0.0001
UNIUSDT,1759680000009,0.0001
UNIUSDT,1759708800004,0.00003267
UNIUSDT,1759737600002,0.00006206
UNIUSDT,1759766400004,0.0001
UNIUSDT,1759795200000,0.0001
UNIUSDT,1759824000003,0.0001
UNIUSDT,1759852800000,0.00005109
UNIUSDT,1759881600000,-0.0000402
UNIUSDT,1759910400006,0.00003785
UNIUSDT,1759939200002,0.0001
UNIUSDT,1759968000001,0.0001
UNIUSDT,1759996800000,0.0001
UNIUSDT,1760025600000,0.00005279
UNIUSDT,1760054400005,0.0001
UNIUSDT,1760083200002,0.0001
UNIUSDT,1760112000014,0.0001
UNIUSDT,1760140800000,0.0001
UNIUSDT,1760169600003,0.00002858
UNIUSDT,1760198400000,-0.00002576
UNIUSDT,1760227200004,0.00001863
UNIUSDT,1760256000002,0.00006267
UNIUSDT,1760284800000,0.00006675
UNIUSDT,1760313600003,0.0001
UNIUSDT,1760342400002,0.00008094
UNIUSDT,1760371200003,0.00006085
UNIUSDT,1760400000000,0.00005859
UNIUSDT,1760428800000,0.00004783
UNIUSDT,1760457600000,0.00002888
UNIUSDT,1760486400006,0.00007651
UNIUSDT,1760515200002,-0.0000159
UNIUSDT,1760544000000,0.0001
UNIUSDT,1760572800000,0.00007739
UNIUSDT,1760601600003,-0.00001765
UNIUSDT,1760630400002,0.00006388
UNIUSDT,1760659200001,0.00007847
UNIUSDT,1760688000005,0.00000524
UNIUSDT,1760716800003,0.00006346
UNIUSDT,1760745600000,0.00001703
UNIUSDT,1760774400002,0.00004355
UNIUSDT,1760803200001,0.00005057
UNIUSDT,1760832000001,0.00004678
UNIUSDT,1760860800001,0.00003518
UNIUSDT,1760889600001,0.00002404
UNIUSDT,1760918400004,0.00002042
UNIUSDT,1760947200001,0.00004475
UNIUSDT,1760976000000,0.00002234
UNIUSDT,1761004800009,0.00007096
UNIUSDT,1761033600000,0.0000522
UNIUSDT,1761062400000,0.00008063
UNIUSDT,1761091200004,0.0001
UNIUSDT,1761120000000,-0.00001708
UNIUSDT,1761148800000,0.00005552
UNIUSDT,1761177600000,0.00006907
UNIUSDT,1761206400001,0.00000754
UNIUSDT,1761235200004,0.0001
UNIUSDT,1761264000000,0.00009856
UNIUSDT,1761292800000,0.0001
UNIUSDT,1761321600009,0.0001
UNIUSDT,1761350400000,0.00007924
UNIUSDT,1761379200001,0.00005961
UNIUSDT,1761408000001,0.0000416
UNIUSDT,1761436800001,0.00002192
UNIUSDT,1761465600001,0.00003884
UNIUSDT,1761494400000,0.00008649
UNIUSDT,1761523200000,0.0001
UNIUSDT,1761552000005,0.0001
UNIUSDT,1761580800000,0.00001602
UNIUSDT,1761609600000,0.0001
UNIUSDT,1761638400000,0.00005783
UNIUSDT,1761667200004,0.00002094
UNIUSDT,1761696000004,-0.00001109
UNIUSDT,1761724800005,-0.00000426
UNIUSDT,1761753600000,0.00006303
UNIUSDT,1761782400004,0.00009689
UNIUSDT,1761811200008,-0.0002205
UNIUSDT,1761840000001,-0.00009258
UNIUSDT,1761868800000,-0.00018495
UNIUSDT,1761897600008,-0.00007627
UNIUSDT,1761926400007,0.00002697
UNIUSDT,1761955200001,-0.00003334
UNIUSDT,1761984000000,-0.00000309
UNIUSDT,1762012800000,0.0000824
UNIUSDT,1762041600007,-0.00003285
UNIUSDT,1762070400000,0.00003725
UNIUSDT,1762099200001,0.00006571
UNIUSDT,1762128000000,0.00007324
UNIUSDT,1762156800010,0.00007967
UNIUSDT,1762185600000,-0.00004182
UNIUSDT,1762214400002,0.00001914
UNIUSDT,1762243200004,0.00003306
UNIUSDT,1762272000000,0.00006267
UNIUSDT,1762300800000,0.00007729
UNIUSDT,1762329600000,0.00008754
UNIUSDT,1762358400004,-0.00002528
UNIUSDT,1762387200001,0.00002396
UNIUSDT,1762416000000,0.00007907
UNIUSDT,1762444800001,0.00007715
UNIUSDT,1762473600005,0.00009054
UNIUSDT,1762502400003,0.00002152
UNIUSDT,1762531200005,0.00006557
UNIUSDT,1762560000011,0.0001
UNIUSDT,1762588800015,0.00006489
UNIUSDT,1762617600001,0.00005778
UNIUSDT,1762646400004,0.00002304
UNIUSDT,1762675200000,0.00006706
UNIUSDT,1762704000005,0.0000554
UNIUSDT,1762732800000,0.00006286
UNIUSDT,1762761600000,0.00004723
UNIUSDT,1762790400003,0.00008349
UNIUSDT,1762819200007,0.0001
UNIUSDT,1762848000000,0.00001032
UNIUSDT,1762876800009,0.00003997
UNIUSDT,1762905600000,0.0001
UNIUSDT,1762934400002,0.00004426
UNIUSDT,1762963200000,0.00000261
UNIUSDT,1762992000002,0.0001
UNIUSDT,1763020800000,-0.00004731
UNIUSDT,1763049600001,0.00009101
UNIUSDT,1763078400000,-0.00000219
UNIUSDT,1763107200000,0.0001
UNIUSDT,1763136000001,0.0001
UNIUSDT,1763164800005,0.00008089
UNIUSDT,1763193600000,0.00005772
UNIUSDT,1763222400001,0.00007166
UNIUSDT,1763251200001,0.00002236
UNIUSDT,1763280000000,0.0001
UNIUSDT,1763308800000,0.00001503
UNIUSDT,1763337600003,0.00008976
UNIUSDT,1763366400003,0.0001
UNIUSDT,1763395200000,0.0000203
UNIUSDT,1763424000002,-0.00000972
UNIUSDT,1763452800004,0.00001539
UNIUSDT,1763481600000,0.0001
UNIUSDT,1763510400000,0.0001
UNIUSDT,1763539200000,-0.00001683
UNIUSDT,1763568000008,0.00007854
UNIUSDT,1763596800000,0.0001
UNIUSDT,1763625600000,0.0001
UNIUSDT,1763654400000,0.0001
UNIUSDT,1763683200001,0.00003937
UNIUSDT,1763712000000,0.0001
UNIUSDT,1763740800001,0.0001
UNIUSDT,1763769600004,0.0001
UNIUSDT,1763798400000,0.00006282
UNIUSDT,1763827200000,0.00009931
UNIUSDT,1763856000000,0.00008306
UNIUSDT,1763884800008,0.00006462
UNIUSDT,1763913600003,0.0000413
UNIUSDT,1763942400004,0.0000738
UNIUSDT,1763971200000,0.00006645
UNIUSDT,1764000000006,0.00002454
UNIUSDT,1764028800000,0.00000732
UNIUSDT,1764057600009,-0.00003092
UNIUSDT,1764086400007,-0.00003828
UNIUSDT,1764115200001,0.0001
UNIUSDT,1764144000001,0.0001
UNIUSDT,1764172800000,0.00002974
UNIUSDT,1764201600013,0.0001
UNIUSDT,1764230400000,-0.00002478
UNIUSDT,1764259200004,0.00005668
UNIUSDT,1764288000008,-0.00001122
UNIUSDT,1764316800000,0.0000177
UNIUSDT,1764345600008,0.00002307
UNIUSDT,1764374400000,0.00006246
UNIUSDT,1764403200005,0.00002267
UNIUSDT,1764432000001,0.00002652
UNIUSDT,1764460800003,-0.00001414
UNIUSDT,1764489600000,0.00004617
UNIUSDT,1764518400004,-0.00001296
UNIUSDT,1764547200000,0.00000583
UNIUSDT,1764576000004,0.00000821
UNIUSDT,1764604800000,0.00005395
UNIUSDT,1764633600004,0.00005041
UNIUSDT,1764662400000,0.00004883
UNIUSDT,1764691200000,0.00003969
UNIUSDT,1764720000000,0.00001312
UNIUSDT,1764748800000,0.00005736
UNIUSDT,1764777600005,0.00008699
UNIUSDT,1764806400012,0.0001
UNIUSDT,1764835200000,0.0000708
UNIUSDT,1764864000011,0.0000561
UNIUSDT,1764892800000,0.00008428
UNIUSDT,1764921600000,0.00009999
UNIUSDT,1764950400010,0.00001093
UNIUSDT,1764979200001,-0.00003282
UNIUSDT,1765008000001,-0.00008343
UNIUSDT,1765036800008,-0.00001872
UNIUSDT,1765065600000,0.0000473
UNIUSDT,1765094400004,-0.00000064
UNIUSDT,1765123200000,0.00004069
UNIUSDT,1765152000000,0.00000321
UNIUSDT,1765180800000,0.00003477
UNIUSDT,1765209600001,0.00001612
UNIUSDT,1765238400001,0.00001674
UNIUSDT,1765267200001,0.0000708
UNIUSDT,1765296000007,0.00006548
UNIUSDT,1765324800007,0.0001
UNIUSDT,1765353600002,-0.00008018
UNIUSDT,1765382400012,-0.00005126
UNIUSDT,1765411200001,0.0001
UNIUSDT,1765440000000,-0.00010847
UNIUSDT,1765468800000,-0.00001698
UNIUSDT,1765497600005,0.0001
UNIUSDT,1765526400007,0.00002066
UNIUSDT,1765555200002,0.00003917
UNIUSDT,1765584000001,0.00001417
UNIUSDT,1765612800006,0.0001
UNIUSDT,1765641600000,0.00006739
UNIUSDT,1765670400000,0.0001
UNIUSDT,1765699200003,0.00006137
UNIUSDT,1765728000005,0.00008099
UNIUSDT,1765756800000,0.00001986
UNIUSDT,1765785600000,0.00000081
UNIUSDT,1765814400000,-0.00004203
UNIUSDT,1765843200002,-0.00001836
UNIUSDT,1765872000000,-0.00002795
UNIUSDT,1765900800002,0.0001
UNIUSDT,1765929600004,0.0001
UNIUSDT,1765958400000,0.0001
UNIUSDT,1765987200000,0.00003039
UNIUSDT,1766016000005,-0.00001178
UNIUSDT,1766044800007,-0.00007313
UNIUSDT,1766073600001,0.00008233
UNIUSDT,1766102400000,-0.00013917
UNIUSDT,1766131200001,-0.00006105
UNIUSDT,1766160000000,0.0001
UNIUSDT,1766188800005,0.0001
UNIUSDT,1766217600000,0.00005367
UNIUSDT,1766246400002,0.0001
UNIUSDT,1766275200000,0.0001
UNIUSDT,1766304000009,0.0001
UNIUSDT,1766332800000,0.00003443
UNIUSDT,1766361600000,0.00004759
UNIUSDT,1766390400005,0.00003645
UNIUSDT,1766419200009,0.00007177
UNIUSDT,1766448000000,0.00006463
UNIUSDT,1766476800000,0.00008491
UNIUSDT,1766505600001,0.00004452
UNIUSDT,1766534400001,-0.00001043
UNIUSDT,1766563200001,0.0001
UNIUSDT,1766592000000,0.00004424
UNIUSDT,1766620800000,0.0001
UNIUSDT,1766649600001,0.000054
UNIUSDT,1766678400005,0.00006068
UNIUSDT,1766707200004,0.00001937
UNIUSDT,1766736000001,0.00006648
UNIUSDT,1766764800007,-0.00001248
UNIUSDT,1766793600000,0.00005577
UNIUSDT,1766822400000,0.0001
UNIUSDT,1766851200011,0.0001
UNIUSDT,1766880000008,0.00008999
UNIUSDT,1766908800000,0.0001
UNIUSDT,1766937600000,0.0001
UNIUSDT,1766966400016,0.00001388
UNIUSDT,1766995200001,0.00004683
UNIUSDT,1767024000000,-0.00001132
UNIUSDT,1767052800005,0.00007694
UNIUSDT,1767081600001,0.00009449
UNIUSDT,1767110400003,0.0001
UNIUSDT,1767139200004,0.0001
UNIUSDT,1767168000001,0.0001
UNIUSDT,1767196800001,0.00008682
UNIUSDT,1767225600008,0.0000737
UNIUSDT,1767254400002,0.00009909
UNIUSDT,1767283200001,-0.00006331
UNIUSDT,1767312000006,0.0001
UNIUSDT,1767340800007,0.00002478
UNIUSDT,1767369600000,0.00002061
UNIUSDT,1767398400001,0.0001
UNIUSDT,1767427200000,0.00005842
UNIUSDT,1767456000000,-0.00008948
UNIUSDT,1767484800000,0.0001
UNIUSDT,1767513600000,0.0001
UNIUSDT,1767542400001,0.00006678
UNIUSDT,1767571200000,-0.00017663
UNIUSDT,1767600000000,0.00004246
UNIUSDT,1767628800000,-0.0000264
UNIUSDT,1767657600010,0.0001
UNIUSDT,1767686400000,-0.00008767
UNIUSDT,1767715200000,0.00004341
UNIUSDT,1767744000001,0.00005249
UNIUSDT,1767772800001,0.0000277
UNIUSDT,1767801600001,-0.00010771
UNIUSDT,1767830400001,-0.00004849
UNIUSDT,1767859200000,0.00008305
UNIUSDT,1767888000000,-0.00000096
UNIUSDT,1767916800003,-0.00004131
UNIUSDT,1767945600000,-0.0000138
UNIUSDT,1767974400001,0.00003881
UNIUSDT,1768003200000,0.00005536
UNIUSDT,1768032000002,0.00005372
UNIUSDT,1768060800001,0.0001
UNIUSDT,1768089600003,0.00008544
UNIUSDT,1768118400006,0.00009138
UNIUSDT,1768147200000,0.00007696
UNIUSDT,1768176000005,0.00003532
UNIUSDT,1768204800000,-0.00002042
UNIUSDT,1768233600000,-0.00005437
UNIUSDT,1768262400007,-0.00001851
UNIUSDT,1768291200009,0.00009953
UNIUSDT,1768320000002,0.0001
UNIUSDT,1768348800000,0.0001
UNIUSDT,1768377600001,0.0001
UNIUSDT,1768406400004,0.0001
UNIUSDT,1768435200000,0.00008933
UNIUSDT,1768464000004,-0.00000363
UNIUSDT,1768492800002,-0.00000887
UNIUSDT,1768521600000,-0.00015298
UNIUSDT,1768550400000,-0.00001602
UNIUSDT,1768579200001,-0.00000641
UNIUSDT,1768608000000,0.00007623
UNIUSDT,1768636800000,0.0001
UNIUSDT,1768665600002,0.00000344
UNIUSDT,1768694400001,0.00005808
UNIUSDT,1768723200000,-0.00002155
UNIUSDT,1768752000000,-0.0000012
UNIUSDT,1768780800007,0.00006079
UNIUSDT,1768809600007,-0.00001137
UNIUSDT,1768838400007,-0.00007504
UNIUSDT,1768867200005,0.00009822
UNIUSDT,1768896000001,0.0000464
UNIUSDT,1768924800009,-0.00002319
UNIUSDT,1768953600001,-0.00004536
UNIUSDT,1768982400011,0.00001726
UNIUSDT,1769011200011,0.00001903
UNIUSDT,1769040000010,0.00004906
UNIUSDT,1769068800003,-0.00001745
UNIUSDT,1769097600005,-0.00013069
UNIUSDT,1769126400005,-0.00005472
UNIUSDT,1769155200000,0.00000429
UNIUSDT,1769184000011,-0.00005371
UNIUSDT,1769212800011,0.00001682
UNIUSDT,1769241600002,0.00005684
UNIUSDT,1769270400001,0.00003184
UNIUSDT,1769299200002,0.00009543
UNIUSDT,1769328000011,0.00008291
UNIUSDT,1769356800005,-0.00003581
UNIUSDT,1769385600000,-0.0000696
UNIUSDT,1769414400003,-0.00008838
UNIUSDT,1769443200000,-0.00004339
UNIUSDT,1769472000002,0.00005109
UNIUSDT,1769500800000,0.0000731
UNIUSDT,1769529600000,-0.00007024
UNIUSDT,1769558400000,0.0001
UNIUSDT,1769587200000,0.0001
UNIUSDT,1769616000000,-0.00000118
UNIUSDT,1769644800000,0.00006021
UNIUSDT,1769673600009,-0.00000225
UNIUSDT,1769702400000,-0.00013838
UNIUSDT,1769731200008,0.00004043
UNIUSDT,1769760000000,-0.0001194
UNIUSDT,1769788800001,0.00007194
UNIUSDT,1769817600000,0.00006849
UNIUSDT,1769846400001,0.00000071
UNIUSDT,1769875200009,-0.00003329
UNIUSDT,1769904000001,0.00006405
UNIUSDT,1769932800004,0.00009422
UNIUSDT,1769961600000,0.00002173
UNIUSDT,1769990400000,0.00002603
UNIUSDT,1770019200014,-0.00006206
UNIUSDT,1770048000000,0.00002363
UNIUSDT,1770076800000,-0.00005918
UNIUSDT,1770105600007,0.00002668
UNIUSDT,1770134400000,0.00005561
UNIUSDT,1770163200002,0.0000088
UNIUSDT,1770192000007,0.0001
UNIUSDT,1770220800000,0.00001663
UNIUSDT,1770249600011,0.0001
UNIUSDT,1770278400000,0.00006569
UNIUSDT,1770307200007,-0.00003565
UNIUSDT,1770336000000,0.0001
UNIUSDT,1770364800001,-0.0000557
UNIUSDT,1770393600000,-0.00006893
UNIUSDT,1770422400003,0.0001
UNIUSDT,1770451200000,0.0001
UNIUSDT,1770480000010,0.00004617
UNIUSDT,1770508800003,0.00005028
UNIUSDT,1770537600000,0.00001157
UNIUSDT,1770566400000,-0.0000149
UNIUSDT,1770595200002,0.00003454
UNIUSDT,1770624000001,-0.00001744
UNIUSDT,1770652800007,0.0001
UNIUSDT,1770681600000,0.00000511
UNIUSDT,1770710400007,0.0000144
UNIUSDT,1770739200000,0.00005738
UNIUSDT,1770768000000,0.00009394
UNIUSDT,1770796800006,0.000037
UNIUSDT,1770825600000,0.00003949
UNIUSDT,1770854400000,-0.00017032
UNIUSDT,1770883200001,-0.00022294
UNIUSDT,1770912000001,-0.00011276
UNIUSDT,1770940800007,-0.00019734
UNIUSDT,1770969600003,0.00003543
UNIUSDT,1770998400005,0.00001167
UNIUSDT,1771027200002,0.0001
UNIUSDT,1771056000004,-0.00001468
UNIUSDT,1771084800002,0.00005988
UNIUSDT,1771113600000,0.0001
UNIUSDT,1771142400002,0.00001136
UNIUSDT,1771171200000,0.00003306
UNIUSDT,1771200000001,0.00005815
UNIUSDT,1771228800003,0.00000632
UNIUSDT,1771257600000,0.00003565
UNIUSDT,1771286400008,0.00003869
UNIUSDT,1771315200001,0.00008216
UNIUSDT,1771344000002,0.00000866
UNIUSDT,1771372800000,-0.00004963
UNIUSDT,1771401600000,-0.00003611
UNIUSDT,1771430400011,0.00006116
UNIUSDT,1771459200013,-0.00001144
UNIUSDT,1771488000000,0.00006329
UNIUSDT,1771516800003,0.00002594
UNIUSDT,1771545600000,0.00005023
UNIUSDT,1771574400000,0.00003531
UNIUSDT,1771603200000,0.00004241
UNIUSDT,1771632000004,0.0001
UNIUSDT,1771660800000,0.00002757
UNIUSDT,1771689600005,0.00006874
UNIUSDT,1771718400001,0.00003942
UNIUSDT,1771747200004,0.000001
UNIUSDT,1771776000000,0.00000404
UNIUSDT,1771804800001,0.00005886
UNIUSDT,1771833600000,-0.00000249
UNIUSDT,1771862400000,-0.0000302
UNIUSDT,1771891200007,0.00000123
UNIUSDT,1771920000000,0.00004407
UNIUSDT,1771948800001,0.00003568
UNIUSDT,1771977600001,-0.00000698
UNIUSDT,1772006400007,0.00009364
UNIUSDT,1772035200000,0.0001
UNIUSDT,1772064000000,0.0001
UNIUSDT,1772092800006,0.0000628
UNIUSDT,1772121600002,0.00006172
UNIUSDT,1772150400007,-0.00001095
UNIUSDT,1772179200000,0.00006741
UNIUSDT,1772208000001,0.00006002
UNIUSDT,1772236800000,0.00009822
UNIUSDT,1772265600000,0.00005473
UNIUSDT,1772294400004,0.00000738
UNIUSDT,1772323200005,0.00004631
UNIUSDT,1772352000000,0.00001167
UNIUSDT,1772380800002,-0.00002517
UNIUSDT,1772409600001,0.00006076
UNIUSDT,1772438400007,0.00003963
UNIUSDT,1772467200000,0.00002331
UNIUSDT,1772496000000,-0.0001206
UNIUSDT,1772524800000,0.0001
UNIUSDT,1772553600007,0.00001951
UNIUSDT,1772582400001,0.00005173
UNIUSDT,1772611200005,0.00004565
UNIUSDT,1772640000000,-0.00007724
UNIUSDT,1772668800000,0.00001894
UNIUSDT,1772697600000,0.00000311
UNIUSDT,1772726400004,-0.00001641
UNIUSDT,1772755200001,0.00007875
UNIUSDT,1772784000001,0.00009663
UNIUSDT,1772812800004,0.00003011
UNIUSDT,1772841600001,0.0000298
UNIUSDT,1772870400012,0.0001
UNIUSDT,1772899200001,0.00004027
UNIUSDT,1772928000001,0.00006697
UNIUSDT,1772956800000,-0.00008396
UNIUSDT,1772985600002,0.0000758
UNIUSDT,1773014400000,0.00003298
UNIUSDT,1773043200004,0.00001212
UNIUSDT,1773072000003,0.0001
UNIUSDT,1773100800012,0.00001725
UNIUSDT,1773129600002,0.00002433
UNIUSDT,1773158400001,0.00004142
UNIUSDT,1773187200000,0.00000541
UNIUSDT,1773216000007,-0.00002202
UNIUSDT,1773244800010,0.0000814
UNIUSDT,1773273600000,0.0001
UNIUSDT,1773302400000,-0.00001937
UNIUSDT,1773331200000,0.00007283
UNIUSDT,1773360000006,0.0001
UNIUSDT,1773388800001,0.00008456
UNIUSDT,1773417600000,0.0001
UNIUSDT,1773446400001,0.00003135
UNIUSDT,1773475200000,0.00007693
UNIUSDT,1773504000007,-0.00006253
UNIUSDT,1773532800000,-0.00001576
UNIUSDT,1773561600000,0.00004488
UNIUSDT,1773590400000,0.00004929
UNIUSDT,1773619200000,0.00005457
UNIUSDT,1773648000010,-0.00006157
UNIUSDT,1773676800000,-0.00004659
UNIUSDT,1773705600000,0.0001
UNIUSDT,1773734400002,-0.00005597
UNIUSDT,1773763200011,-0.00001138
UNIUSDT,1773792000002,-0.00003855
UNIUSDT,1773820800002,0.00007109
UNIUSDT,1773849600005,-0.00011918
UNIUSDT,1773878400000,-0.00004844
UNIUSDT,1773907200003,-0.00004616
UNIUSDT,1773936000003,0.00002891
UNIUSDT,1773964800002,-0.0000953
UNIUSDT,1773993600000,0.00002442
UNIUSDT,1774022400000,-0.00001964
UNIUSDT,1774051200000,-0.00007909
UNIUSDT,1774080000000,0.00001293
UNIUSDT,1774108800014,0.00002585
UNIUSDT,1774137600012,0.0000267
UNIUSDT,1774166400007,-0.00002286
UNIUSDT,1774195200002,-0.00009893
UNIUSDT,1774224000000,-0.00002713
UNIUSDT,1774252800003,0.00003605
UNIUSDT,1774281600002,-0.0000538
UNIUSDT,1774310400000,-0.00001479
UNIUSDT,1774339200000,0.0001
UNIUSDT,1774368000003,0.00006621
UNIUSDT,1774396800000,0.0001
UNIUSDT,1774425600000,0.00006359
UNIUSDT,1774454400013,0.0001
UNIUSDT,1774483200001,0.00009823
UNIUSDT,1774512000001,0.00006851
UNIUSDT,1774540800000,0.00000163
UNIUSDT,1774569600006,0.00003012
UNIUSDT,1774598400000,0.00000423
UNIUSDT,1774627200000,-0.00007658
UNIUSDT,1774656000005,0.00006625
UNIUSDT,1774684800005,-0.00010666
UNIUSDT,1774713600000,0.0000014
UNIUSDT,1774742400003,0.00005898
UNIUSDT,1774771200001,-0.00008773
UNIUSDT,1774800000000,-0.0000483
UNIUSDT,1774828800000,0.00002657
UNIUSDT,1774857600005,0.0001
UNIUSDT,1774886400000,0.0001
UNIUSDT,1774915200000,0.0001
UNIUSDT,1774944000000,0.00007088
UNIUSDT,1774972800000,0.00004538
UNIUSDT,1775001600000,0.0000459
UNIUSDT,1775030400000,0.00008755
UNIUSDT,1775059200000,0.00004457
UNIUSDT,1775088000003,0.00008758
UNIUSDT,1775116800001,-0.00009825
UNIUSDT,1775145600001,-0.00030207
UNIUSDT,1775174400000,0.00004101
UNIUSDT,1775203200008,0.00004995
UNIUSDT,1775232000008,-0.0001351
UNIUSDT,1775260800000,-0.00002779
UNIUSDT,1775289600003,0.00004038
UNIUSDT,1775318400000,-0.00009025
UNIUSDT,1775347200008,-0.00005373
UNIUSDT,1775376000000,-0.00012783
UNIUSDT,1775404800001,-0.00004302
UNIUSDT,1775433600004,-0.00001993
UNIUSDT,1775462400001,-0.00000441
UNIUSDT,1775491200003,-0.00009529
UNIUSDT,1775520000000,-0.00006205
UNIUSDT,1775548800000,-0.00010279
UNIUSDT,1775577600000,-0.00008177
UNIUSDT,1775606400000,0.0001
UNIUSDT,1775635200000,0.00003036
UNIUSDT,1775664000006,-0.00003194
UNIUSDT,1775692800000,-0.00001011
UNIUSDT,1775721600010,-0.00009759
UNIUSDT,1775750400001,-0.00015292
UNIUSDT,1775779200000,0.0001
UNIUSDT,1775808000005,0.0000738
UNIUSDT,1775836800000,0.00008996
UNIUSDT,1775865600000,0.00007624
UNIUSDT,1775894400000,-0.00003393
UNIUSDT,1775923200003,-0.00005559
UNIUSDT,1775952000000,0.00003539
UNIUSDT,1775980800000,-0.00022708
UNIUSDT,1776009600000,-0.00001508
UNIUSDT,1776038400011,-0.00008305
UNIUSDT,1776067200006,-0.00010463
UNIUSDT,1776096000000,0.00004981
UNIUSDT,1776124800005,0.0001
UNIUSDT,1776153600003,0.0001
UNIUSDT,1776182400001,0.0001
UNIUSDT,1776211200000,-0.00000356
UNIUSDT,1776240000000,0.0001
UNIUSDT,1776268800000,0.00009543
UNIUSDT,1776297600013,0.0001
UNIUSDT,1776326400000,0.00009724
UNIUSDT,1776355200000,0.00005854
UNIUSDT,1776384000001,0.0001
UNIUSDT,1776412800011,0.00005137
UNIUSDT,1776441600001,0.00007678
UNIUSDT,1776470400001,0.00008293
UNIUSDT,1776499200006,0.00000625
UNIUSDT,1776528000000,0.00006144
UNIUSDT,1776556800002,0.00005021
UNIUSDT,1776585600010,0.0000757
UNIUSDT,1776614400001,0.00005298
UNIUSDT,1776643200000,0.00008097
UNIUSDT,1776672000000,0.00001071
UNIUSDT,1776700800001,0.0000358
UNIUSDT,1776729600000,0.00003754
UNIUSDT,1776758400004,-0.0000019
UNIUSDT,1776787200004,-0.00004202
UNIUSDT,1776816000004,-0.00000257
UNIUSDT,1776844800000,0.0001
UNIUSDT,1776873600000,0.00005429
UNIUSDT,1776902400000,0.00009677
UNIUSDT,1776931200000,-0.00004668
UNIUSDT,1776960000004,-0.00000995
UNIUSDT,1776988800006,0.0001
UNIUSDT,1777017600000,-0.0000496
UNIUSDT,1777046400000,0.00009038
UNIUSDT,1777075200000,0.00002324
UNIUSDT,1777104000002,-0.00000477
UNIUSDT,1777132800002,-0.00005634
UNIUSDT,1777161600003,0.00002915
UNIUSDT,1777190400007,0.0001
UNIUSDT,1777219200004,0.00009025
UNIUSDT,1777248000004,0.00004098
UNIUSDT,1777276800000,-0.00006283
UNIUSDT,1777305600002,-0.00002744
UNIUSDT,1777334400001,-0.00001193
UNIUSDT,1777363200000,0.00004118
UNIUSDT,1777392000004,0.0001
UNIUSDT,1777420800006,0.0001
UNIUSDT,1777449600011,0.0001
UNIUSDT,1777478400003,-0.00008511
UNIUSDT,1777507200002,0.00003867
UNIUSDT,1777536000000,-0.0000905
UNIUSDT,1777564800000,0.00003319
UNIUSDT,1777593600000,-0.00009498
UNIUSDT,1777622400005,0.00002994
UNIUSDT,1777651200000,0.00009754
UNIUSDT,1777680000006,0.00002408
UNIUSDT,1777708800000,-0.00010105
UNIUSDT,1777737600010,0.0001
UNIUSDT,1777766400005,0.0001
UNIUSDT,1777795200003,-0.00003182
UNIUSDT,1777824000000,0.0001
UNIUSDT,1777852800000,0.0001
UNIUSDT,1777881600000,0.0001
UNIUSDT,1777910400003,-0.00003277
UNIUSDT,1777939200000,-0.00009489
UNIUSDT,1777968000011,0.0001
UNIUSDT,1777996800000,0.0001
UNIUSDT,1778025600010,0.0001
UNIUSDT,1778054400000,0.00006526
UNIUSDT,1778083200002,0.00007175
UNIUSDT,1778112000000,0.0001
UNIUSDT,1778140800000,0.00009781
UNIUSDT,1778169600004,-0.0000365
UNIUSDT,1778198400003,0.00008116
UNIUSDT,1778227200002,0.0001
UNIUSDT,1778256000003,0.00002639
UNIUSDT,1778284800000,0.0001
UNIUSDT,1778313600001,0.00001642
UNIUSDT,1778342400002,0.00005166
UNIUSDT,1778371200003,0.00005995
UNIUSDT,1778400000000,0.0001
UNIUSDT,1778428800000,0.00006757
UNIUSDT,1778457600000,0.0001
UNIUSDT,1778486400000,0.0000641
UNIUSDT,1778515200000,0.00005396
UNIUSDT,1778544000002,0.00004044
UNIUSDT,1778572800008,0.00005081
UNIUSDT,1778601600000,0.00007366
UNIUSDT,1778630400010,0.00006385
UNIUSDT,1778659200003,0.00002301
UNIUSDT,1778688000001,0.00002114
UNIUSDT,1778716800005,0.00000198
UNIUSDT,1778745600000,-0.00005637
UNIUSDT,1778774400000,-0.0000172
UNIUSDT,1778803200000,0.00007838
UNIUSDT,1778832000016,-0.00008999
UNIUSDT,1778860800012,-0.0000275
UNIUSDT,1778889600005,0.0001
UNIUSDT,1778918400000,-0.00003056
UNIUSDT,1778947200005,-0.00000184
UNIUSDT,1778976000000,0.00004602
UNIUSDT,1779004800010,0.00006519
UNIUSDT,1779033600009,-0.000008
UNIUSDT,1779062400007,0.00001528
UNIUSDT,1779091200002,0.00003222
UNIUSDT,1779120000007,0.00006041
UNIUSDT,1779148800001,0.00007611
UNIUSDT,1779177600001,0.00005756
UNIUSDT,1779206400009,0.00002912
UNIUSDT,1779235200001,0.00000609
UNIUSDT,1779264000006,0.00006118
UNIUSDT,1779292800000,0.0001
UNIUSDT,1779321600001,0.0001
UNIUSDT,1779350400000,0.00003307
UNIUSDT,1779379200000,0.00006091
UNIUSDT,1779408000000,0.00006627
UNIUSDT,1779436800004,0.00006294
UNIUSDT,1779465600001,0.00009607
UNIUSDT,1779494400009,0.00001613
UNIUSDT,1779523200001,-0.00007125
UNIUSDT,1779552000003,0.00001662
UNIUSDT,1779580800011,0.0001
UNIUSDT,1779609600008,0.0000353
UNIUSDT,1779638400000,0.00004164
UNIUSDT,1779667200001,-0.00007476
UNIUSDT,1779696000001,0.00009848
UNIUSDT,1779724800001,-0.00007849
UNIUSDT,1779753600000,-0.0000293
UNIUSDT,1779782400003,0.00000958
UNIUSDT,1779811200000,0.0001
UNIUSDT,1779840000000,-0.00005612
UNIUSDT,1779868800004,0.00000906
UNIUSDT,1779897600009,0.00005517
UNIUSDT,1779926400001,0.00002498
UNIUSDT,1779955200000,-0.00006533
UNIUSDT,1779984000001,0.00006888
UNIUSDT,1780012800000,0.00008354
UNIUSDT,1780041600001,0.0000095
UNIUSDT,1780070400008,0.00009596
UNIUSDT,1780099200000,-0.00003005
UNIUSDT,1780128000001,0.00007008
UNIUSDT,1780156800000,0.0000178
UNIUSDT,1780185600000,-0.00000782
UNIUSDT,1780214400000,0.00001148
UNIUSDT,1780243200004,-0.00001177
UNIUSDT,1780272000001,0.00002648
UNIUSDT,1780300800001,-0.00001641
UNIUSDT,1780329600000,0.0001
UNIUSDT,1780358400000,0.0001
UNIUSDT,1780387200000,-0.00001754
UNIUSDT,1780416000000,-0.00001518
UNIUSDT,1780444800013,-0.00000512
UNIUSDT,1780473600000,0.0000415
UNIUSDT,1780502400001,0.0001
UNIUSDT,1780531200009,0.0001
UNIUSDT,1780560000000,0.00006272
UNIUSDT,1780588800003,0.00005545
UNIUSDT,1780617600000,-0.00005817
UNIUSDT,1780646400004,-0.00000334
UNIUSDT,1780675200009,0.00002697
UNIUSDT,1780704000000,0.00002838
UNIUSDT,1780732800000,0.00002894
UNIUSDT,1780761600000,-0.00000818
UNIUSDT,1780790400001,0.00001566
UNIUSDT,1780819200000,0.00001861
UNIUSDT,1780848000000,0.0001
UNIUSDT,1780876800000,0.0001
UNIUSDT,1780905600005,0.00005888
UNIUSDT,1780934400004,0.00009597
UNIUSDT,1780963200000,0.0000844
UNIUSDT,1780992000000,0.00006511
UNIUSDT,1781020800001,0.00004402
UNIUSDT,1781049600001,0.0001
UNIUSDT,1781078400011,0.00003208
UNIUSDT,1781107200009,-0.00001254
UNIUSDT,1781136000000,0.00003168
UNIUSDT,1781164800004,0.00000512
UNIUSDT,1781193600000,0.00008876
UNIUSDT,1781222400000,0.0001
UNIUSDT,1781251200000,0.00005567
UNIUSDT,1781280000000,0.00006996
UNIUSDT,1781308800000,0.0001
UNIUSDT,1781337600007,0.0001
UNIUSDT,1781366400002,0.00006242
UNIUSDT,1781395200005,0.00003772
UNIUSDT,1781424000009,0.0000195
UNIUSDT,1781452800000,0.00002931
UNIUSDT,1781481600013,0.00002346
UNIUSDT,1781510400013,0.00002987
UNIUSDT,1781539200004,0.00009984
UNIUSDT,1781568000000,-0.0000103
UNIUSDT,1781596800000,0.00008238
UNIUSDT,1781625600001,0.0001
UNIUSDT,1781654400012,0.0001
UNIUSDT,1781683200000,0.00007715
UNIUSDT,1781712000000,0.00004478
UNIUSDT,1781740800002,0.00004229
UNIUSDT,1781769600000,0.00005395
UNIUSDT,1781798400001,0.00000804
UNIUSDT,1781827200005,-0.00000835
UNIUSDT,1781856000001,0.00000809
UNIUSDT,1781884800001,0.00002823
UNIUSDT,1781913600001,-0.00000232
UNIUSDT,1781942400000,-0.00008177
UNIUSDT,1781971200001,0.00000593
UNIUSDT,1782000000000,0.00000946
UNIUSDT,1782028800000,0.00006716
UNIUSDT,1782057600000,0.00006687
UNIUSDT,1782086400000,0.00002086
UNIUSDT,1782115200000,-0.00004453
UNIUSDT,1782144000002,0.00000759
UNIUSDT,1782172800003,-0.00008279
UNIUSDT,1782201600005,0.00005285
UNIUSDT,1782230400002,0.00008357
UNIUSDT,1782259200005,0.0001
UNIUSDT,1782288000005,0.0001
UNIUSDT,1782316800003,0.00003753
UNIUSDT,1782345600000,0.00003031
UNIUSDT,1782374400000,0.00007987
UNIUSDT,1782403200000,-0.00000742
UNIUSDT,1782432000010,0.00005958
UNIUSDT,1782460800002,0.00005469
UNIUSDT,1782489600000,0.00000969
UNIUSDT,1782518400000,0.00007261
UNIUSDT,1782547200000,0.00000771
UNIUSDT,1782576000009,0.00004809
UNIUSDT,1782604800000,0.00003371
UNIUSDT,1782633600013,-0.00000158
UNIUSDT,1782662400000,0.00001591
UNIUSDT,1782691200006,0.00006762
UNIUSDT,1782720000013,0.0001
UNIUSDT,1782748800004,0.00009119
UNIUSDT,1782777600000,-0.00000375
UNIUSDT,1782806400000,0.0001
UNIUSDT,1782835200005,-0.00004978
UNIUSDT,1782864000000,0.00006837
UNIUSDT,1782892800000,0.0001
UNIUSDT,1782921600000,0.00007961
UNIUSDT,1782950400000,0.00002731
UNIUSDT,1782979200000,0.00002407
UNIUSDT,1783008000000,0.0001
UNIUSDT,1783036800000,0.0001
UNIUSDT,1783065600007,0.0001
UNIUSDT,1783094400000,0.0001
UNIUSDT,1783123200000,0.0001
UNIUSDT,1783152000000,0.0001
UNIUSDT,1783180800007,0.0001
UNIUSDT,1783209600003,0.0001
UNIUSDT,1783238400001,0.0001
UNIUSDT,1783267200000,0.0000904
UNIUSDT,1783296000000,0.0001
UNIUSDT,1783324800000,0.00009592
UNIUSDT,1783353600000,0.00005152
UNIUSDT,1783382400000,0.0001
UNIUSDT,1783411200000,0.00007123
UNIUSDT,1783440000000,0.0001
UNIUSDT,1783468800000,0.0001
UNIUSDT,1783497600000,0.0001
UNIUSDT,1783526400000,0.0001
UNIUSDT,1783555200000,0.00001086
UNIUSDT,1783584000001,0.0001
UNIUSDT,1783612800001,0.0000066
UNIUSDT,1783641600000,0.0001
UNIUSDT,1783670400005,0.0001
UNIUSDT,1783699200005,0.0001
UNIUSDT,1783728000000,0.0001
UNIUSDT,1783756800000,0.0001
UNIUSDT,1783785600000,0.0001
UNIUSDT,1783814400000,0.0000809
UNIUSDT,1783843200003,-0.00002601
UNIUSDT,1783872000000,0.00002093
UNIUSDT,1783900800000,0.000049
UNIUSDT,1783929600001,-0.00001764
UNIUSDT,1783958400004,0.00005774
UNIUSDT,1783987200000,0.00009794
UNIUSDT,1784016000002,-0.00000618
UNIUSDT,1784044800001,-0.00006005
UNIUSDT,1784073600005,-0.00000459
UNIUSDT,1784102400002,0.00002981
UNIUSDT,1784131200000,-0.00000294
UNIUSDT,1784160000000,-0.00000726
UNIUSDT,1784188800003,0.00008497
UNIUSDT,1784217600002,0.00004685
UNIUSDT,1784246400000,0.00000179
UNIUSDT,1784275200010,0.00000017
UNIUSDT,1784304000004,0.00008212
UNIUSDT,1784332800000,0.0000582
UNIUSDT,1784361600000,0.00001478
UNIUSDT,1784390400001,0.00000014
UNIUSDT,1784419200003,0.00004399
UNIUSDT,1784448000000,0.00003104
UNIUSDT,1784476800001,0.00000386
UNIUSDT,1784505600000,0.00004682
UNIUSDT,1784534400001,-0.0000639
UNIUSDT,1784563200004,0.0001
UNIUSDT,1784592000001,0.0001
UNIUSDT,1784620800000,0.0001
UNIUSDT,1784649600002,0.0001
UNIUSDT,1784678400000,0.0001
UNIUSDT,1784707200000,0.0001
UNIUSDT,1784736000001,0.0001
UNIUSDT,1784764800000,0.00004856
UNIUSDT,1784793600000,0.00005431
UNIUSDT,1784822400000,0.00007451
UNIUSDT,1784851200000,0.00002841
UNIUSDT,1784880000000,0.00007218
UNIUSDT,1784908800008,0.00006123
UNIUSDT,1784937600002,0.00005326
UNIUSDT,1784966400000,0.00000894
UNIUSDT,1784995200000,0.00005815
UNIUSDT,1785024000000,0.00008247
UNIUSDT,1785052800002,0.00003532
UNIUSDT,1785081600000,0.0001
UNIUSDT,1785110400010,0.0001
UNIUSDT,1785139200000,0.0001
UNIUSDT,1785168000001,0.00003475
UNIUSDT,1785196800000,-0.00006038
UNIUSDT,1785225600000,0.0000788
UNIUSDT,1785254400000,0.00009459
UNIUSDT,1785283200000,0.00008812
UNIUSDT,1785312000002,-0.00003718
UNIUSDT,1785340800000,0.00004885
UNIUSDT,1785369600000,0.0001
UNIUSDT,1785398400000,0.00007624
UNIUSDT,1785427200000,0.0001
UNIUSDT,1785456000003,0.0001
UNIUSDT,1785484800000,0.00007878
UNIUSDT,1785513600000,0.00007996
